data,hora,natureza_acidente,situacao,bairro,endereco,,numero,detalhe_endereco_acidente,complemento,endereco_cruzamento,numero_cruzamento,referencia_cruzamento,bairro_cruzamento,tipo,descricao,auto,moto,ciclom,ciclista,pedestre,onibus,caminhao,viatura,outros,vitimas,vitimasfatais,num_semaforo,sentido_via,acidente_verificado,tempo_clima,situacao_semaforo,sinalizacao,condicao_via,conservacao_via,ponto_controle,situacao_placa,velocidade_max_via,mao_direcao,divisao_via1,divisao_via2,divisao_via3,_id,Protocolo
2016-02-18,06:36:00,COM VÍTIMA,FINALIZADA,IMBIRIBEIRA,AV MARECHAL MASCARENHAS DE MORAES,0,,,E/F AO AEROPORTO  SENTIDO CIDADE.,AV MARECHAL MASCARENHAS DE MORAES,0,E/F AO AEROPORTO  SENTIDO CIDADE.,IMBIRIBEIRA,COLISÃO,CAMINHÃO ESTACIONADO NO MEIO DA VIA. SOB LOMBADA ELETRONICA.,,,,,,,,,,1,,,,,,,,,,,,,,,,,,
2016-02-18,08:19:00,COM VÍTIMA,FINALIZADA,BOA VIAGEM,AV ANTONIO DE GOES,0,,,EM FRENTE AO DNIT/ SENTIDO CIDADE,AV ANTONIO DE GOES,0,EM FRENTE AO DNIT/ SENTIDO CIDADE,BOA VIAGEM,COLISÃO,COLISÃO SEM VÍTIMA,1,,,,,1,,,,1,,,,,,,,,,,,,,,,,,
2016-02-18,08:21:00,COM VÍTIMA,FINALIZADA,TORRE,RUA MARQUES DE MARICA,2,48,,E/F A CLINICA SOMAR,RUA MARQUES DE MARICA,48,E/F A CLINICA SOMAR,TORRE,COLISÃO,COLISAO ENTRE AUTO E MOTO,1,1,,,,,,,,2,,,,,,,,,,,,,,,,,,
2016-02-18,12:25:00,COM VÍTIMA,FINALIZADA,TEJIPIO,RUA FALCAO DE LACERDA,3,328,,E/F AO CARTORIO DE TEJIPIO  SENTIDO JABOATÃO,RUA FALCAO DE LACERDA,328,E/F AO CARTORIO DE TEJIPIO  SENTIDO JABOATÃO,TEJIPIÓ,COLISÃO,01MOTO 01 AUTO,1,1,,,,,,,,1,,,,,,,,,,,,,,,,,,
2016-02-18,13:41:00,COM VÍTIMA,FINALIZADA,SANTO AMARO,AV JOAO DE BARROS,0,,,EM FRENTE A CELPE,AV JOAO DE BARROS,0,EM FRENTE A CELPE,SANTO AMARO,COLISÃO,COLISÃO ENTRE DOIS ONIBUS E UM CAMINHÃO,3,,,,,,,,,3,,,,,,,,,,,,,,,,,,
2016-02-19,07:56:00,COM VÍTIMA,FINALIZADA,SANTO AMARO,AV CRUZ CABUGA,0,,,EM FRENTE A HONDA,AV CRUZ CABUGA,0,EM FRENTE A HONDA,SANTO AMARO,COLISÃO,COLISÃO COM 1 VITIMA,1,1,,,,,,,,1,,,,,,,,,,,,,,,,,,
2016-02-19,09:06:00,COM VÍTIMA,FINALIZADA,TORREAO,AV GOVERNADOR AGAMENON MAGALHAES,0,,,EM FRENTE AO UNICORDS S/ BOA VIAGEM,AV GOVERNADOR AGAMENON MAGALHAES,0,EM FRENTE AO UNICORDS S/ BOA VIAGEM,TORREÃO,COLISÃO,CCOLISSÃO COM UMA VITIMA,1,1,,,,,,,,1,,,,,,,,,,,,,,,,,,
2016-02-19,10:33:00,COM VÍTIMA,FINALIZADA,CASA FORTE,RUA NESTOR SILVA,3,351,,E/F AO EDF. TERRA BRASILIS  POR TRÁS DO HIPER CASA FORTE. NO LADO DIREITO DA VIA.,RUA NESTOR SILVA,351,E/F AO EDF. TERRA BRASILIS  POR TRÁS DO HIPER CASA FORTE. NO LADO DIREITO DA VIA.,CASA FORTE,COLISÃO,COM DUAS VÍTIMAS,1,1,,,,,,,,2,,,,,,,,,,,,,,,,,,
2016-02-19,10:43:00,COM VÍTIMA,FINALIZADA,IPSEP,RUA ITAJAI,0,,,E/F AO ARMAZEM DIFRO,RUA ITAJAI,0,E/F AO ARMAZEM DIFRO,IPSEP,COLISÃO,COLISAO ENTRA AUTO E MOTO,1,1,,,,,,,,1,,,,,,,,,,,,,,,,,,
2016-02-19,11:05:00,COM VÍTIMA,FINALIZADA,IBURA,AV RECIFE,0,,,PRÓXIMO AO POSTO SHELL,AV RECIFE,0,PRÓXIMO AO POSTO SHELL,IBURA,COLISÃO,COLISÃO ENTRE MOTO E ÔNIBUS,,1,,,,1,,,,1,,,,,,,,,,,,,,,,,,
2016-02-19,12:04:00,COM VÍTIMA,FINALIZADA,PRADO,RUA CARLOS GOMES,0,,,DEPOIS DA MATERNIDADE SANTA LÚCIA  SENTIDO AFOGADOS,RUA CARLOS GOMES,0,DEPOIS DA MATERNIDADE SANTA LÚCIA  SENTIDO AFOGADOS,PRADO,COLISÃO,COLISÃO ENTRE AUTO E MOTO COM VÍTIMA,1,1,,,,,,,,1,,,,,,,,,,,,,,,,,,
2016-02-19,17:34:00,COM VÍTIMA,FINALIZADA,ESTANCIA,AV DR JOSE RUFINO,3,634,,COLÉGIO INDEPENDÊNCIA  SENTIDO AFOGADOS,AV DR JOSE RUFINO,634,COLÉGIO INDEPENDÊNCIA  SENTIDO AFOGADOS,ESTÂNCIA,COLISÃO,01 AUTO 01 MOTO,1,1,,,,,,,,1,,,,,,,,,,,,,,,,,,
2016-02-19,18:36:00,COM VÍTIMA,FINALIZADA,TORRE,RUA CONDE DE IRAJA,0,,,AOLADO DA IGREJA DA TORRE,RUA CONDE DE IRAJA,0,AOLADO DA IGREJA DA TORRE,TORRE,COLISÃO,COLISAO ENTRE AUTO E MOTO,1,1,,,,,,,,1,,,,,,,,,,,,,,,,,,
2016-02-19,19:51:00,COM VÍTIMA,FINALIZADA,IMBIRIBEIRA,RUA ARQUITETO LUIZ NUNES,0,,,POR TRAS DA ITALIANA  SEMAFORO 635,RUA ARQUITETO LUIZ NUNES,0,POR TRAS DA ITALIANA  SEMAFORO 635,IMBIRIBEIRA,ATROPELAMENTO,MOTO E PEDESTRE C/V,,1,,,1,,,,,2,,,,,,,,,,,,,,,,,,
2016-02-19,20:13:00,COM VÍTIMA,FINALIZADA,SAO JOSE,RUA IMPERIAL,0,,,SEMAFARO 207,RUA IMPERIAL,0,SEMAFARO 207,SÃO JOSÉ,COLISÃO,COLISAO ENTRE AUTOS,2,,,,,,,,,1,,,,,,,,,,,,,,,,,,
2016-02-19,20:21:00,COM VÍTIMA,FINALIZADA,HIPODROMO,EST DE BELEM,0,,,CRUZAMENTYO COM A RUA ELVIRA,EST DE BELEM,0,CRUZAMENTYO COM A RUA ELVIRA,HIPÓDROMO,COLISÃO,AUTO E MOTO,1,1,,,,,,,,1,,,,,,,,,,,,,,,,,,
2016-02-20,01:03:00,COM VÍTIMA,FINALIZADA,BOA VIAGEM,AV CONSELHEIRO AGUIAR,0,,,ESQUINA COM A RUA ERNESTO DE PAULA SANTOS // EM FRENTE AO HABIBBI'S,AV CONSELHEIRO AGUIAR,0,ESQUINA COM A RUA ERNESTO DE PAULA SANTOS // EM FRENTE AO HABIBBI'S,BOA VIAGEM,COLISÃO,COLISÃO ENTRE DOIS AUTOS COM VÍTIMAS,2,,,,,,,,,1,,,,,,,,,,,,,,,,,,
2016-02-20,07:10:00,COM VÍTIMA,FINALIZADA,COELHOS,AV GOVERNADOR AGAMENON MAGALHAES,0,,,EM FRENTE AO EMPRESARIAL ISAAC NEWTON,AV GOVERNADOR AGAMENON MAGALHAES,0,EM FRENTE AO EMPRESARIAL ISAAC NEWTON,COELHOS,COLISÃO,COLISÃO DE PERCURSO,,1,,,,,,,,1,,,,,,,,,,,,,,,,,,
2016-02-20,10:22:00,COM VÍTIMA,FINALIZADA,BARRO,AV DR JOSE RUFINO,0,,,E/F A IGREJA DO BARRO ANTES Nº 519 SENTIDO CUIDADE,AV DR JOSE RUFINO,0,E/F A IGREJA DO BARRO ANTES Nº 519 SENTIDO CUIDADE,BARRO,COLISÃO,COM UMA VÍTIMA.,,1,,,,1,,,,1,,,,,,,,,,,,,,,,,,
2016-02-20,10:56:00,COM VÍTIMA,FINALIZADA,CAMPO GRANDE,RUA JERONIMO VILELA,3,477,,PROXÍMO A PADARIA SANTO ANTONIO,RUA JERONIMO VILELA,477,PROXÍMO A PADARIA SANTO ANTONIO,CAMPO GRANDE,COLISÃO,COLISÃO COM VÍTIMA,2,,,,,,,,,1,,,,,,,,,,,,,,,,,,
2016-02-20,18:50:00,COM VÍTIMA,FINALIZADA,BOA VIAGEM,RUA ERNESTO DE PAULA SANTOS,0,,,C/NAVEGANTES,RUA ERNESTO DE PAULA SANTOS,0,C/NAVEGANTES,BOA VIAGEM,COLISÃO,DOIS AUTOS C/ VITIMA,2,,,,,,,,,1,,,,,,,,,,,,,,,,,,
2016-02-20,20:13:00,COM VÍTIMA,FINALIZADA,JARDIM SAO PAULO,RUA LEANDRO BARRETO,0,,,VIADUTO PX AO POSTO SHELL,RUA LEANDRO BARRETO,0,VIADUTO PX AO POSTO SHELL,JARDIM SÃO PAULO,COLISÃO,COLISAO ENTRE AUTOS E MOTOS,4,1,,,,,,,,1,,,,,,,,,,,,,,,,,,
2016-02-21,00:40:00,COM VÍTIMA,FINALIZADA,CASA FORTE,AV DEZESSETE DE AGOSTO,0,,,EM FRENTE O POSTO SHEL  LOGO APOS A FUNDAÇAO JOAQUIN NABUCO,AV DEZESSETE DE AGOSTO,0,EM FRENTE O POSTO SHEL  LOGO APOS A FUNDAÇAO JOAQUIN NABUCO,CASA FORTE,COLISÃO,COLISAO ENTRE DOIS AUTO C/V,2,,,,,,,,,2,,,,,,,,,,,,,,,,,,
2016-02-21,04:25:00,COM VÍTIMA,FINALIZADA,SAO JOSE,AV SUL,0,,,PROX ENTRADA DO COQUE  APOS O HOTEL LUA DE MEL,AV SUL,0,PROX ENTRADA DO COQUE  APOS O HOTEL LUA DE MEL,SÃO JOSÉ,COLISÃO,COLISAO ENTRE CARRO E UMA MOTO C/V,1,1,,,,,,,,1,,,,,,,,,,,,,,,,,,
2016-02-22,07:05:00,COM VÍTIMA,FINALIZADA,DOIS UNIDOS,AV HILDEBRANDO DE VASCONCELOS,0,,,NA ENTRADA DE DOIS UNIDOS  EM FRENTE AO ARMAZÉM DO PRETINHO,AV HILDEBRANDO DE VASCONCELOS,0,NA ENTRADA DE DOIS UNIDOS  EM FRENTE AO ARMAZÉM DO PRETINHO,DOIS UNIDOS,COLISÃO,COLISÃO COM VITIMA JÁ SOCORRIDA,,,,,,2,,,,1,,,,,,,,,,,,,,,,,,
2016-02-22,09:19:00,COM VÍTIMA,FINALIZADA,BOA VIAGEM,RUA BALTAZAR PASSOS,0,,,EM FRENTE A PANIFICADORA PAN JOVEM,RUA BALTAZAR PASSOS,0,EM FRENTE A PANIFICADORA PAN JOVEM,BOA VIAGEM,COLISÃO,COLISÃO COM UMA VITIMA SOCORRIDA PELO SAMU,1,1,,,,,,,,1,,,,,,,,,,,,,,,,,,
2016-02-22,17:17:00,COM VÍTIMA,FINALIZADA,BOA VIAGEM,RUA JOAO CARDOSO AIRES,3,446,,PROXIMOAOTERMINAL DE SETUBAL,RUA JOAO CARDOSO AIRES,446,PROXIMOAOTERMINAL DE SETUBAL,BOA VIAGEM,COLISÃO,ENTRE UMONIBUS E UMA MOTO,1,,,,,1,,,,1,,,,,,,,,,,,,,,,,,
2016-02-22,17:25:00,COM VÍTIMA,FINALIZADA,SANTO AMARO,AV DR JAYME DA FONTE,0,,,PROX 2 RETORNO,AV DR JAYME DA FONTE,0,PROX 2 RETORNO,SANTO AMARO,COLISÃO,AUTO E MOTOICLETA COM VÍTIMA,1,1,,,,,,,,1,,,,,,,,,,,,,,,,,,
2016-02-23,07:53:00,COM VÍTIMA,FINALIZADA,JORDAO,RUA NOVA CANAA,0,,,PROX AO TERMINAL DE ONIBUS DO JORDÃO E/F AO COLEGIO PINTOR LULA CARDOSO AYRES,RUA NOVA CANAA,0,PROX AO TERMINAL DE ONIBUS DO JORDÃO E/F AO COLEGIO PINTOR LULA CARDOSO AYRES,JORDÃO,COLISÃO,COLISÃO EM SEGUIDA DE ATROPELAMENTO VITIMAS A ESPERA DO SAMU,1,1,,,,,,,,3,,,,,,,,,,,,,,,,,,
2016-02-23,20:48:00,COM VÍTIMA,FINALIZADA,BOA VISTA,PTE PRINCESA IZABEL,0,,,PX AO TEATRO SANTA IZABEL,PTE PRINCESA IZABEL,0,PX AO TEATRO SANTA IZABEL,BOA VISTA,COLISÃO,COLISAO ENTRE AUTO E MOTO,1,1,,,,,,,,2,,,,,,,,,,,,,,,,,,
2016-02-24,00:00:00,COM VÍTIMA,FINALIZADA,TORRE,RUA ANA NERY,3,200,,CRZ COM A RUA MARCOS ANDRE,RUA ANA NERY,200,CRZ COM A RUA MARCOS ANDRE,TORRE,COLISÃO,MOTO / CAMINHAO / AUTO,1,1,,,,,1,,,1,,,,,,,,,,,,,,,,,,
2016-02-24,16:53:00,COM VÍTIMA,FINALIZADA,IPSEP,RUA SATURNINO MEIRELES,0,,,POR TRAZ DA DELEGACIA // ESQUINA DA PRAÇA DA SUDENE,RUA SATURNINO MEIRELES,0,POR TRAZ DA DELEGACIA // ESQUINA DA PRAÇA DA SUDENE,IPSEP,COLISÃO,ENTRE UM AUTO E UMA MOTO,1,1,,,,,,,,1,,,,,,,,,,,,,,,,,,
2016-02-24,19:27:00,COM VÍTIMA,FINALIZADA,IBURA,AV DOIS RIOS,0,,,EM FRENTE AO POSTO TOTAL  SENTIDO CIDADE,AV DOIS RIOS,0,EM FRENTE AO POSTO TOTAL  SENTIDO CIDADE,IBURA,ATROPELAMENTO,MOTO E PEDESTRE,,1,,,1,,,,,1,,,,,,,,,,,,,,,,,,
2016-02-25,07:54:00,COM VÍTIMA,FINALIZADA,SANTO AMARO,AV VISCONDE DE SUASSUNA,3,305,,E/F AO ESCRITORIO DE ADVOCACIA LINS E PINTO,AV VISCONDE DE SUASSUNA,305,E/F AO ESCRITORIO DE ADVOCACIA LINS E PINTO,SANTO AMARO,COLISÃO,COLISÃO COM VITIMA SOCORRIDA PELO SAMU,,1,,,,1,,,,1,,,,,,,,,,,,,,,,,,
2016-02-25,09:11:00,COM VÍTIMA,FINALIZADA,BEBERIBE,PRC DA CONVENCAO,0,,,NA PRAÇA DA CONVERÇÃO,PRC DA CONVENCAO,0,NA PRAÇA DA CONVERÇÃO,BEBERIBE,COLISÃO,COL.C/V,1,1,,,,,,,,1,,,,,,,,,,,,,,,,,,
2016-02-25,15:01:00,COM VÍTIMA,FINALIZADA,CORDEIRO,RUA DR JOAO LACERDA,4,1814,,APOS O RESTAURANTE YORK A PRIMEIRA ESQUINA,RUA DR JOAO LACERDA,1814,APOS O RESTAURANTE YORK A PRIMEIRA ESQUINA,CORDEIRO,COLISÃO,MOTO E AUTO,1,1,,,,,,,,1,,,,,,,,,,,,,,,,,,
2016-02-25,14:09:00,COM VÍTIMA,FINALIZADA,CAMPO GRANDE,EST DE BELEM,4,1350,,AO LADO IGREJA DO BOM PARTO / SENT CIDADE /EMFRENTE AO FRUTAO,EST DE BELEM,1350,AO LADO IGREJA DO BOM PARTO / SENT CIDADE /EMFRENTE AO FRUTAO,CAMPO GRANDE,COLISÃO,MOTO E AUTO,1,1,,,,,,,,1,,,,,,,,,,,,,,,,,,
2016-02-25,15:00:00,COM VÍTIMA,FINALIZADA,LINHA DO TIRO,RUA URIEL DE HOLANDA,4,1472,,E/F AO ARMAZEM OLIVEIRA,RUA URIEL DE HOLANDA,1472,E/F AO ARMAZEM OLIVEIRA,LINHA DO TIRO,COLISÃO,01MOTO 01 CINQUENTINHA,,1,1,,,,,,,1,,,,,,,,,,,,,,,,,,
2016-02-25,15:00:00,COM VÍTIMA,FINALIZADA,BOA VIAGEM,AV CONSELHEIRO AGUIAR,0,,,EM FRENTE AO BANCO SANTANDER,AV CONSELHEIRO AGUIAR,0,EM FRENTE AO BANCO SANTANDER,BOA VIAGEM,COLISÃO,ENTRE UM AUTO E UMA MOTO,1,1,,,,,,,,1,,,,,,,,,,,,,,,,,,
2016-02-25,15:32:00,COM VÍTIMA,FINALIZADA,AFOGADOS,RUA FIRMINO DE FIGUEIREDO,0,,,ESQUINA COM A DEFESORIA PULBLICA,RUA FIRMINO DE FIGUEIREDO,0,ESQUINA COM A DEFESORIA PULBLICA,AFOGADOS,COLISÃO,ENTRE UM AUTO E UMA MOTO,1,1,,,,,,,,1,,,,,,,,,,,,,,,,,,
2016-02-26,01:30:00,VÍTIMA FATAL,FINALIZADA,,AV AFONSO OLINDENSE,0,,,PRÓXIMO AO COLISEUM,AV AFONSO OLINDENSE,0,PRÓXIMO AO COLISEUM,0,COLISÃO,MOTO CHOCOU -SE COM UMA ÁRVORE ( SEGUNDO INFORMAÇÃO VÍTIMA FATL,,1,,,,,,,,,1,,,,,,,,,,,,,,,,,
2016-02-26,06:47:00,COM VÍTIMA,FINALIZADA,IBURA,RUA JORNALISTA EDSON REGIS,2,36,,PROXÍMO AO POSTO BR,RUA JORNALISTA EDSON REGIS,36,PROXÍMO AO POSTO BR,IBURA,COLISÃO,COLISÃO COM VÍTIMA,1,1,,,,,,,,1,,,,,,,,,,,,,,,,,,
2016-02-26,08:18:00,COM VÍTIMA,FINALIZADA,AFOGADOS,RUA JOAO IVO DA SILVA,0,,,ENTRE A CONCESSIONARIA FIORI E A TUPAN,RUA JOAO IVO DA SILVA,0,ENTRE A CONCESSIONARIA FIORI E A TUPAN,AFOGADOS,COLISÃO,COLISÃO COM 1 VITIMA A ESPERA DO SAMU,1,1,,,,,,,,1,,,,,,,,,,,,,,,,,,
2016-02-26,09:43:00,COM VÍTIMA,FINALIZADA,PRADO,AV ENGENHEIRO ABDIAS DE CARVALHO,0,,,EM FRENTE A FACULDADE ESTACIO SENT/CIDADE,AV ENGENHEIRO ABDIAS DE CARVALHO,0,EM FRENTE A FACULDADE ESTACIO SENT/CIDADE,PRADO,COLISÃO,COLISÃO SEGUIDO DE ATROPELAMENTO DE PEDESTRE,1,1,,,,,,,,1,,,,,,,,,,,,,,,,,,
2016-02-26,10:29:00,COM VÍTIMA,FINALIZADA,JORDAO,RUA DR ALVARO FERRAZ,2,42,,PROX AO TERMINAL DE JORDÃO BAIXO,RUA DR ALVARO FERRAZ,42,PROX AO TERMINAL DE JORDÃO BAIXO,JORDÃO,COLISÃO,COLISÃO COM VITIMAS SOCORRIDAS PELO SAMU,,1,,,,,1,,,2,,,,,,,,,,,,,,,,,,
2016-02-26,13:48:00,COM VÍTIMA,FINALIZADA,TORRE,RUA JOSE BONIFACIO,4,1141,,AO LADO DO CARREFOUR,RUA JOSE BONIFACIO,1141,AO LADO DO CARREFOUR,TORRE,COLISÃO,COLISAO ENTRE AUTO E MOTO,2,1,,,,,,,,1,,,,,,,,,,,,,,,,,,
2016-02-26,15:08:00,COM VÍTIMA,FINALIZADA,AREIAS,AV RECIFE,0,,,50 METROS APOS O MAKRO,AV RECIFE,0,50 METROS APOS O MAKRO,AREIAS,COLISÃO,COLISAO ENTRE DUAS MOTOS COM VITIMA,,2,,,,,,,,1,,,,,,,,,,,,,,,,,,
2016-02-26,18:49:00,COM VÍTIMA,FINALIZADA,CASA FORTE,AV DEZESSETE DE AGOSTO,0,,,EM FRENTE AO COLEGIO SILVA JARDIM  SEMAFORO 370,AV DEZESSETE DE AGOSTO,0,EM FRENTE AO COLEGIO SILVA JARDIM  SEMAFORO 370,CASA FORTE,COLISÃO,COLISÃO ENTRE AUTO E MOTO  S/V,1,1,,,,,,,,1,,,,,,,,,,,,,,,,,,
2016-02-26,19:50:00,COM VÍTIMA,FINALIZADA,VASCO DA GAMA,RUA VASCO DA GAMA,3,935,,ANTES DA DELEGACIA DO VASCO DA GAMA,RUA VASCO DA GAMA,935,ANTES DA DELEGACIA DO VASCO DA GAMA,VASCO DA GAMA,COLISÃO,ANTES DA DELEGACIA DO VASCO DA GAMA,1,1,,,,,,,,1,,,,,,,,,,,,,,,,,,
2016-02-26,23:59:00,COM VÍTIMA,FINALIZADA,CASA AMARELA,EST DO ARRAIAL,0,,,EM FRENTE SITIO DA TRINDADE,EST DO ARRAIAL,0,EM FRENTE SITIO DA TRINDADE,CASA AMARELA,COLISÃO,COLISAO ENTRE DOIS AUTOS,2,,,,,,,,,2,,,,,,,,,,,,,,,,,,
2016-02-27,00:39:00,COM VÍTIMA,FINALIZADA,IBURA,AV DOIS RIOS,0,,,EM FRENTE AO SESI DO IBURA,AV DOIS RIOS,0,EM FRENTE AO SESI DO IBURA,IBURA,COLISÃO,COLISAO ENTRE UMA CARRETA E UMA MOTO,,1,,,,,1,,,1,,,,,,,,,,,,,,,,,,
2016-02-27,11:36:00,COM VÍTIMA,FINALIZADA,PINA,AV ANTONIO DE GOES,3,XXX,,SAÍDA DO TUNEL.,AV ANTONIO DE GOES,XXX,SAÍDA DO TUNEL.,PINA,COLISÃO,VEÍCULOS NO MEIO DA VIA  DIFICULTANDO A PASSAGEM DOS DEMAIS VEÍCULOS.,1,1,,,,,,,,1,,,,,,,,,,,,,,,,,,
2016-02-27,12:54:00,COM VÍTIMA,FINALIZADA,IMBIRIBEIRA,AV MARECHAL MASCARENHAS DE MORAES,3,820,,EM FRENTE A EQUIPADORA UNIVERSAL / SETIDO AEROPORTO/ VITURA 017 NO LOCAL,AV MARECHAL MASCARENHAS DE MORAES,820,EM FRENTE A EQUIPADORA UNIVERSAL / SETIDO AEROPORTO/ VITURA 017 NO LOCAL,IMBIRIBEIRA,COLISÃO,COLISÃO COM VITIMA,2,,,,,,,,,1,,,,,,,,,,,,,,,,,,
2016-02-28,06:57:00,VÍTIMA FATAL,FINALIZADA,TORROES,RUA GOMES TABORDA,0,,,CRUZAMENTO COM MIGUEL VIEIRA FERREIRA,RUA GOMES TABORDA,0,CRUZAMENTO COM MIGUEL VIEIRA FERREIRA,TORRÕES,COLISÃO COM CICLISTA,,,,,1,,,,,,,1,,,,,,,,,,,,,,,,,
2016-02-28,09:08:00,VÍTIMA FATAL,FINALIZADA,SAN MARTIN,AV JOAO CABRAL DE MELO NETO,0,,,C/ AV. RECIFE - AO LADO DO CERPE,AV JOAO CABRAL DE MELO NETO,0,C/ AV. RECIFE - AO LADO DO CERPE,SAN MARTIN,CHOQUE,MOTOCICLETA 50CC SE ENVOLVEU EM CHOQUE COM ÓBITO,,,1,,,,,,,,1,,,,,,,,,,,,,,,,,
2016-02-29,07:51:00,COM VÍTIMA,FINALIZADA,VARZEA,AV AFONSO OLINDENSE,0,,,SENTIDO CAXANGA PROX A LOMBADA ELETRONICA E/F A IGREJA BATISTA,AV AFONSO OLINDENSE,0,SENTIDO CAXANGA PROX A LOMBADA ELETRONICA E/F A IGREJA BATISTA,VÁRZEA,COLISÃO,COLISÃO COM 2 VITIMAS A ESPERA DO SAMU,2,1,,,,,,,,2,,,,,,,,,,,,,,,,,,
2016-02-29,10:06:00,COM VÍTIMA,FINALIZADA,MACAXEIRA,AV NORTE,0,,,PROXIMO TI DA MACAXEIRA SENT. SUB,AV NORTE,0,PROXIMO TI DA MACAXEIRA SENT. SUB,MACAXEIRA,ATROPELAMENTO ANIMAL,CACHORRO,,,,,,,,,,1,,,,,,,,,,,,,,,,,,
2016-02-29,17:04:00,COM VÍTIMA,FINALIZADA,TOTO,RUA ONZE DE AGOSTO,0,,,E/F CONDOMINIO JARDIM BOTANICO EM FRENTE AO CAUSE CENTRO DA JUVENTUDE,RUA ONZE DE AGOSTO,0,E/F CONDOMINIO JARDIM BOTANICO EM FRENTE AO CAUSE CENTRO DA JUVENTUDE,TOTÓ,COLISÃO,ENTRE UM AUTO E UMA MOTO,,,,,,,,,,1,,,,,,,,,,,,,,,,,,
2016-02-29,22:19:00,COM VÍTIMA,FINALIZADA,CABANGA,AV SUL,4,1450,,NA ENTRADA DO QUARTEL DO EXERCITO,AV SUL,1450,NA ENTRADA DO QUARTEL DO EXERCITO,CABANGA,COLISÃO,AUTO E MOTO,1,1,,,,,,,,1,,,,,,,,,,,,,,,,,,
2016-03-01,07:22:00,COM VÍTIMA,FINALIZADA,BOA VISTA,RUA MIGUEL COUTO,2,81,,EM FRENTE POUSADA DA VILA BOA VISTA,RUA MIGUEL COUTO,81,EM FRENTE POUSADA DA VILA BOA VISTA,BOA VISTA,COLISÃO,COL.C/V,1,1,,,,,,,,1,,,,,,,,,,,,,,,,,,
2016-03-01,19:00:00,COM VÍTIMA,FINALIZADA,RECIFE,C DO APOLO,0,,,EM FRENTE A POLICIA FEDERAL,CAIS DO APOLO,0,EM FRENTE A POLICIA FEDERAL,BAIRRO DO RECIFE,COLISÃO COM CICLISTA,AUTO E CICLISTA,1,,,1,,,,,,1,,,,,,,,,,,,,,,,,,
2016-03-01,19:39:00,COM VÍTIMA,FINALIZADA,BOA VIAGEM,RUA BALTAZAR PASSOS,0,,,E/F AO POSTO BR,RUA BALTAZAR PASSOS,0,E/F AO POSTO BR,BOA VIAGEM,COLISÃO,COLISAO ENTRE MOTOS,,2,,,,,,,,1,,,,,,,,,,,,,,,,,,
2016-03-02,07:11:00,COM VÍTIMA,FINALIZADA,AGUA FRIA,EST VELHA DE AGUA FRIA,0,,,E/F AO POSTO DE GASOLINA NORTE BRAS,EST VELHA DE AGUA FRIA,0,E/F AO POSTO DE GASOLINA NORTE BRAS,ÁGUA FRIA,COLISÃO,COLISÃO COM 2 VITIMAS SOCORRIDOS PELOS BOMBEIROS,,2,,,,,,,,2,,,,,,,,,,,,,,,,,,
2016-03-02,13:15:00,COM VÍTIMA,FINALIZADA,BEBERIBE,AV BEBERIBE,5,32000,,PROX DO FUNDAO E/F DA GALERIA CAJUEIRO,AV BEBERIBE,32000,PROX DO FUNDAO E/F DA GALERIA CAJUEIRO,BEBERIBE,COLISÃO,COLISAO DE DOIS ONIBUS E DOIS AUTOS S/V,2,,,,,2,,,,1,,,,,,,,,,,,,,,,,,
2016-03-02,13:26:00,COM VÍTIMA,FINALIZADA,BEBERIBE,AV PROFESSOR JOSE DOS ANJOS,0,,,SEMAFORO 131,AV PROFESSOR JOSE DOS ANJOS,0,SEMAFORO 131,BEBERIBE,COLISÃO,MOTO E AUTO,1,1,,,,,,,,1,,,,,,,,,,,,,,,,,,
2016-03-02,17:13:00,COM VÍTIMA,FINALIZADA,IPSEP,RUA ITACARI,3,162,,E/F A TRYFOR,RUA ITACARI,162,E/F A TRYFOR,IPSEP,COLISÃO,ENTRE DOIS AUTOS,2,,,,,,,,,1,,,,,,,,,,,,,,,,,,
2016-03-03,09:25:00,COM VÍTIMA,FINALIZADA,SAO JOSE,AV SUL,3,294,,PROXIMO A OFICINA DE ABELARDO / SENTIDO CIDADE,AV SUL,294,PROXIMO A OFICINA DE ABELARDO / SENTIDO CIDADE,SÃO JOSÉ,COLISÃO,COLISÃO COM VÍTIMA,1,1,,,,,,,,1,,,,,,,,,,,,,,,,,,
2016-03-03,10:10:00,COM VÍTIMA,FINALIZADA,SANTO AMARO,RUA TREZE DE MAIO,0,,,EM FRENTE A EVALDO ALBUQUERQUE,RUA TREZE DE MAIO,0,EM FRENTE A EVALDO ALBUQUERQUE,SANTO AMARO,COLISÃO,COLISÃO ENTRE AUTO E MOTO COM VITIMA,1,1,,,,,,,,1,,,,,,,,,,,,,,,,,,
2016-03-03,11:54:00,COM VÍTIMA,FINALIZADA,BOA VISTA,AV GOVERNADOR AGAMENON MAGALHAES,0,,,EM FRENTE AO BANCO DO BRASIL,AV GOVERNADOR AGAMENON MAGALHAES,0,EM FRENTE AO BANCO DO BRASIL,BOA VISTA,COLISÃO,COLISÃO ENTRE AUTO E MOTO,1,1,,,,,,,,1,,,,,,,,,,,,,,,,,,
2016-03-04,16:56:00,COM VÍTIMA,FINALIZADA,PINA,AV HERCULANO BANDEIRA,0,,,PROXIMO AO ATACADÃO,AV HERCULANO BANDEIRA,0,PROXIMO AO ATACADÃO,PINA,COLISÃO,AUTO + MOTO+ ONIBUS,1,1,,,,1,,,,1,,,,,,,,,,,,,,,,,,
2016-03-04,21:33:00,COM VÍTIMA,FINALIZADA,PINA,RUA MANOEL DE BRITO,0,,,APOS A VIA MANGUE NA ENTRADA DO TUNEL  EM FRENTE AO POSTO POLICIAL,RUA MANOEL DE BRITO,0,APOS A VIA MANGUE NA ENTRADA DO TUNEL  EM FRENTE AO POSTO POLICIAL,PINA,ATROPELAMENTO,VEICULO COLIDIU COM OUTRO  E ACABOU ATROPELANDO UMA PESSOA. UM DOS VEICULOS SE EVADIU DO LOCAL,1,,,,1,,,,,1,,,,,,,,,,,,,,,,,,
2016-03-04,21:37:00,COM VÍTIMA,FINALIZADA,CASA FORTE,AV FLOR DE SANTANA,3,139,,NA RUA BURGUERSING,AV FLOR DE SANTANA,139,NA RUA BURGUERSING,CASA FORTE,COLISÃO,AUTO E MOTO,1,1,,,,,,,,1,,,,,,,,,,,,,,,,,,
2016-03-04,22:18:00,COM VÍTIMA,FINALIZADA,MUSTARDINHA,AV MANOEL GONCALVES DA LUZ,3,241,,PROX. AO COLEGIO OTO PARAISO,AV MANOEL GONCALVES DA LUZ,241,PROX. AO COLEGIO OTO PARAISO,MUSTARDINHA,CHOQUE,VEICULO SE CHOCOU COM POSTE,1,,,,,,,,,3,,,,,,,,,,,,,,,,,,
2016-03-05,10:27:00,COM VÍTIMA,FINALIZADA,JORDAO,RUA DR ALVARO FERRAZ,1,1,,EM FRENTE AO CENTRO SOCIAL GUARARAPES,RUA DR ALVARO FERRAZ,1,EM FRENTE AO CENTRO SOCIAL GUARARAPES,JORDÃO,COLISÃO,COLISÃO COM VÍTIMA,1,1,,,,,,,,1,,,,,,,,,,,,,,,,,,