data,hora,natureza_acidente,situacao,bairro,endereco,,numero,detalhe_endereco_acidente,complemento,endereco_cruzamento,numero_cruzamento,referencia_cruzamento,bairro_cruzamento,tipo,descricao,auto,moto,ciclom,ciclista,pedestre,onibus,caminhao,viatura,outros,vitimas,vitimasfatais,num_semaforo,sentido_via,acidente_verificado,tempo_clima,situacao_semaforo,sinalizacao,condicao_via,conservacao_via,ponto_controle,situacao_placa,velocidade_max_via,mao_direcao,divisao_via1,divisao_via2,divisao_via3,_id,Protocolo
2016-04-11,12:07:00,COM VÍTIMA,FINALIZADA,CAMPO GRANDE,RUA DONA ELVIRA,0,,,AO LADO DA QUITANDARIA / SEMAFORO 201,RUA DONA ELVIRA,0,AO LADO DA QUITANDARIA / SEMAFORO 201,CAMPO GRANDE,COLISÃO,AUTO E MOTO,1,1,,,,,,,,1,,,,,,,,,,,,,,,,,,
2016-04-11,14:30:00,COM VÍTIMA,FINALIZADA,CORDEIRO,AV CAXANGA,0,,,EM FRENTE A EXPOSIÇAO DE ANIMAIS / SENT CIDADE,AV CAXANGA,0,EM FRENTE A EXPOSIÇAO DE ANIMAIS / SENT CIDADE,CORDEIRO,ATROPELAMENTO,MOTO,,1,,,1,,,,,1,,,,,,,,,,,,,,,,,,
2016-04-11,17:21:00,COM VÍTIMA,FINALIZADA,PRADO,AV ENGENHEIRO ABDIAS DE CARVALHO,2,XX,,EM FRENTE A FACULDADE ESTACIO,AV ENGENHEIRO ABDIAS DE CARVALHO,XX,EM FRENTE A FACULDADE ESTACIO,PRADO,ATROPELAMENTO,ATROPELAMENTO MOTO/PEDESTRE,,1,,,1,,,,,1,,,,,,,,,,,,,,,,,,
2016-04-11,18:01:00,COM VÍTIMA,FINALIZADA,SANTO AMARO,AV MARIO MELO,0,,,PROX A ENTRADA DO CIMITERIO,AV MARIO MELO,0,PROX A ENTRADA DO CIMITERIO,SANTO AMARO,COLISÃO,AUTO E VT DA POLICIA,1,,,,,,,1,,1,,,,,,,,,,,,,,,,,,
2016-04-12,08:46:00,COM VÍTIMA,FINALIZADA,MANGABEIRA,AV NORTE,0,,,AV NORTE  E/F ARMAZEM CORAL  SENTIDO MACAXEIRA,AV NORTE,0,AV NORTE  E/F ARMAZEM CORAL  SENTIDO MACAXEIRA,MANGABEIRA,COLISÃO,COLISAO DUAS MOTOS  COM DUAS VITIMAS,,2,,,,,,,,2,,,,,,,,,,,,,,,,,,
2016-04-12,11:08:00,VÍTIMA FATAL,FINALIZADA,IBURA,RUA RIO XINGU,0,,,PROXIMO AO ARMAZEM CORAL,RUA RIO XINGU,0,PROXIMO AO ARMAZEM CORAL,IBURA,COLISÃO,COLISÃO COM VITIMA,,1,,,,,1,,,,1,,,,,,,,,,,,,,,,,
2016-04-12,18:30:00,COM VÍTIMA,FINALIZADA,SANTO AMARO,AV GOVERNADOR AGAMENON MAGALHAES,0,,,EM FRENTE A UPE SENTIDO OLINDA,AV GOVERNADOR AGAMENON MAGALHAES,0,EM FRENTE A UPE SENTIDO OLINDA,SANTO AMARO,ATROPELAMENTO,MOTO E PEDESTRE,,1,,,1,,,,,2,,,,,,,,,,,,,,,,,,
2016-04-12,18:53:00,COM VÍTIMA,FINALIZADA,CASA AMARELA,AV NORTE,0,,,EM FRENTE A CAPOTARIA Nº 4913 SENTIDO CIDADE,AV NORTE,0,EM FRENTE A CAPOTARIA Nº 4913 SENTIDO CIDADE,CASA AMARELA,ATROPELAMENTO,AUTO E MOT E PEDESTRE,1,1,,,1,,,,,1,,,,,,,,,,,,,,,,,,
2016-04-12,19:48:00,COM VÍTIMA,FINALIZADA,CASA AMARELA,RUA DA HARMONIA,0,,,AO LADO DA IGREJA DA HARMONIA SENTIDO CASA AMARELA,RUA DA HARMONIA,0,AO LADO DA IGREJA DA HARMONIA SENTIDO CASA AMARELA,CASA AMARELA,COLISÃO,AUTO E MOTO,1,1,,,,,,,,1,,,,,,,,,,,,,,,,,,
2016-04-12,21:15:00,COM VÍTIMA,FINALIZADA,IPUTINGA,AV CAXANGA,0,,,LADO OPOSTO AO BOMPREÇO,AV CAXANGA,0,LADO OPOSTO AO BOMPREÇO,IPUTINGA,COLISÃO,COLISÃO AUTO E MOTO,1,1,,,,,,,,1,,,,,,,,,,,,,,,,,,
2016-04-13,00:45:00,COM VÍTIMA,FINALIZADA,BOA VISTA,RUA DOM BOSCO,0,,,CRUZAMENTO COM A AV CONDE DA BOA VISTA,RUA DOM BOSCO,0,CRUZAMENTO COM A AV CONDE DA BOA VISTA,BOA VISTA,COLISÃO,COLISÃO ENTRE ONIBUS E MOTO,,1,,,,1,,,,1,,,,,,,,,,,,,,,,,,
2016-04-13,08:00:00,COM VÍTIMA,FINALIZADA,PINA,AV ANTONIO DE GOES,0,,,EM FRENTE PRF LADO DIREITO,AV ANTONIO DE GOES,0,EM FRENTE PRF LADO DIREITO,PINA,COLISÃO,COLISÃO COM UMA VITIMA,1,1,,,,,,,,1,,,,,,,,,,,,,,,,,,
2016-04-13,08:08:00,COM VÍTIMA,FINALIZADA,IMBIRIBEIRA,RUA ARQUITETO LUIZ NUNES,0,,,NA DESCIDA DA PONTEGILBERTO FREYRE SENT/AEROPORTO,RUA ARQUITETO LUIZ NUNES,0,NA DESCIDA DA PONTEGILBERTO FREYRE SENT/AEROPORTO,IMBIRIBEIRA,ATROPELAMENTO,COM DUAS VITIMAS,,1,,,1,,,,,2,,,,,,,,,,,,,,,,,,
2016-04-13,14:16:00,COM VÍTIMA,FINALIZADA,SANTO AMARO,AV CRUZ CABUGA,0,,,COM RUA DOS PALMARES,AV CRUZ CABUGA,0,COM RUA DOS PALMARES,SANTO AMARO,COLISÃO,COM VITIMA,1,1,,,,,,,,1,,,,,,,,,,,,,,,,,,
2016-04-13,19:01:00,COM VÍTIMA,FINALIZADA,AFOGADOS,PTE DO MOTOCOLOMBO,0,,,NO SEMAFORO 039,PTE DO MOTOCOLOMBO,0,NO SEMAFORO 039,AFOGADOS,COLISÃO,CARRETA E MOTO,,,1,,,,1,,,1,,,,,,,,,,,,,,,,,,
2016-04-14,20:12:00,COM VÍTIMA,FINALIZADA,PORTO DA MADEIRA,AV BEBERIBE,4,3530,,EM FRENTE AO CONDOMINIO JOÃO PAULO II  PROX. AO ARENA BAR,AV BEBERIBE,3530,EM FRENTE AO CONDOMINIO JOÃO PAULO II  PROX. AO ARENA BAR,PORTO DA MADEIRA,COLISÃO,COLISÃO ENTRE AUTO E MOTO C/V,1,1,,,,,,,,1,,,,,,,,,,,,,,,,,,
2016-04-15,05:51:00,VÍTIMA FATAL,FINALIZADA,BOA VIAGEM,AV ENGENHEIRO DOMINGOS FERREIRA,0,,,NO CRUZAMENTO COM A RUA ERNESTRO DE PAULA SANTOS,AV ENGENHEIRO DOMINGOS FERREIRA,0,NO CRUZAMENTO COM A RUA ERNESTRO DE PAULA SANTOS,BOA VIAGEM,COLISÃO,COLISAO ENTRE ONIBUS E MOTO,,1,,,,1,,,,,1,,,,,,,,,,,,,,,,,
2016-04-15,11:13:00,COM VÍTIMA,FINALIZADA,TORRE,RUA PADRE LANDIM,0,,,CRUZ COM A DOM MANOEL DA COSTA E/F AO COLEGIO CRISTO REI,RUA PADRE LANDIM,0,CRUZ COM A DOM MANOEL DA COSTA E/F AO COLEGIO CRISTO REI,TORRE,COLISÃO,COLISÃO COM 1 VITIMA A ESPERA DO SAMU,1,1,,,,,,,,1,,,,,,,,,,,,,,,,,,
2016-04-15,11:14:00,COM VÍTIMA,FINALIZADA,SAN MARTIN,AV ENGENHEIRO ABDIAS DE CARVALHO,0,,,CRUZAMENTO AV SAN MARTIN  SENTIDO CENTRO,AV ENGENHEIRO ABDIAS DE CARVALHO,0,CRUZAMENTO AV SAN MARTIN  SENTIDO CENTRO,SAN MARTIN,COLISÃO COM CICLISTA,COLISAO COM CICLISTA  1 VITIMA A ESPERA DO SAMU,1,,,1,,,,,,1,,,,,,,,,,,,,,,,,,
2016-04-15,12:13:00,COM VÍTIMA,FINALIZADA,IMBIRIBEIRA,RUA BARAO DE AGUA BRANCA,3,376,,EM FRENTE AO EDIFICIO ÁGUA BRANCA,RUA BARAO DE AGUA BRANCA,376,EM FRENTE AO EDIFICIO ÁGUA BRANCA,IMBIRIBEIRA,COLISÃO,COLISÃO COM VITIMA,1,1,,,,,,,,1,,,,,,,,,,,,,,,,,,
2016-04-15,16:05:00,COM VÍTIMA,FINALIZADA,ESTANCIA,AV RECIFE,0,,,SEMAFORO 461 SENT BOA VIAGEM,AV RECIFE,0,SEMAFORO 461 SENT BOA VIAGEM,ESTÂNCIA,COLISÃO,MOTO E AUTO,1,1,,,,,,,,1,,,,,,,,,,,,,,,,,,
2016-04-15,17:00:00,COM VÍTIMA,FINALIZADA,BOA VIAGEM,AV ARMINDO MOURA,2,XX,,NO SEMAFORO 441,AV ARMINDO MOURA,XX,NO SEMAFORO 441,BOA VIAGEM,COLISÃO,COLISÃO COM VÍTIMA,2,1,,,,,,,,1,,,,,,,,,,,,,,,,,,
2016-04-16,01:55:00,COM VÍTIMA,FINALIZADA,RECIFE,RUA MADRE DEUS,0,,,MARQUES DE OLINDA,RUA MADRE DEUS,0,MARQUES DE OLINDA,BAIRRO DO RECIFE,COLISÃO,DOIS AUTOS,2,,,,,,,,,1,,,,,,,,,,,,,,,,,,
2016-04-16,03:56:00,COM VÍTIMA,FINALIZADA,BOA VIAGEM,RUA VISCONDE DE JEQUITINHONHA,4,1360,,PROX DA LOCALISA,RUA VISCONDE DE JEQUITINHONHA,1360,PROX DA LOCALISA,BOA VIAGEM,COLISÃO,COLISÃO COM 1 VITIMA A ESPERA DO SAMU,5,,,,,,,,,1,,,,,,,,,,,,,,,,,,
2016-04-16,10:06:00,COM VÍTIMA,FINALIZADA,AFOGADOS,RUA SAO MIGUEL,4,1895,,EM FRENTE A DEDE BATERIAS,RUA SAO MIGUEL,1895,EM FRENTE A DEDE BATERIAS,AFOGADOS,COLISÃO,COLISÃO COM VÍTIMA,1,1,,,,,,,,1,,,,,,,,,,,,,,,,,,
2016-04-17,00:46:00,COM VÍTIMA,FINALIZADA,IMBIRIBEIRA,AV MARECHAL MASCARENHAS DE MORAES,0,,,EM FRENTE AO GERALDÃO,AV MARECHAL MASCARENHAS DE MORAES,0,EM FRENTE AO GERALDÃO,IMBIRIBEIRA,COLISÃO,COLISÃO ENTRE UM ONIBUS E UM AUTO,1,,,,,1,,,,2,,,,,,,,,,,,,,,,,,
2016-04-17,14:02:00,COM VÍTIMA,FINALIZADA,ENCRUZILHADA,AV BEBERIBE,0,,,SENTIDO CIDADE SUBURBIO NO TRECHO ENTRE O CAMPO DO ARRUDA E A ENCRUZILHADA,AV BEBERIBE,0,SENTIDO CIDADE SUBURBIO NO TRECHO ENTRE O CAMPO DO ARRUDA E A ENCRUZILHADA,ENCRUZILHADA,COLISÃO,,1,1,,,,,,,,1,,,,,,,,,,,,,,,,,,
2016-04-17,14:39:00,COM VÍTIMA,FINALIZADA,BOA VIAGEM,RUA DR PEDRO DE MELLO CAHU,0,,,C/ JOSÉ BRANDÃO,RUA DR PEDRO DE MELLO CAHU,0,C/ JOSÉ BRANDÃO,BOA VIAGEM,COLISÃO,,1,,1,,,,,,,1,,,,,,,,,,,,,,,,,,
2016-04-17,15:22:00,COM VÍTIMA,FINALIZADA,IBURA,AV DOIS RIOS,2,XX,,PROX. A POLICLINICA,AV DOIS RIOS,XX,PROX. A POLICLINICA,IBURA,COLISÃO,AUTO E MOTO ( LOCAL DESCARACTERIZADO),1,1,,,,,,,,1,,,,,,,,,,,,,,,,,,
2016-04-18,00:08:00,COM VÍTIMA,FINALIZADA,CASA AMARELA,RUA PADRE LEMOS,2,51,,EM FRENTE AO CANELA EM FRENTE A UNIVERSAL,RUA PADRE LEMOS,51,EM FRENTE AO CANELA EM FRENTE A UNIVERSAL,CASA AMARELA,COLISÃO,COLISAO ENTRE CARRO E MOTO C/V,1,1,,,,,,,,1,,,,,,,,,,,,,,,,,,
2016-04-18,06:51:00,COM VÍTIMA,FINALIZADA,TORRE,RUA SOUZA BANDEIRA,2,11,,EM FRENTE AO COMERCIAL AGUIAR,RUA SOUZA BANDEIRA,11,EM FRENTE AO COMERCIAL AGUIAR,TORRE,COLISÃO,COLISÃO COM VÍTIMA,2,1,,,,,,,,1,,,,,,,,,,,,,,,,,,
2016-04-18,07:28:00,COM VÍTIMA,FINALIZADA,IPSEP,AV RECIFE,4,2959,,EM FRENTE A REDE MULTIS/ SENTIDO BOA VIAGEM,AV RECIFE,2959,EM FRENTE A REDE MULTIS/ SENTIDO BOA VIAGEM,IPSEP,COLISÃO,COLISÃO COM VÍTIMA,1,1,,,,,,,,1,,,,,,,,,,,,,,,,,,
2016-04-18,08:39:00,COM VÍTIMA,FINALIZADA,SANTO AMARO,AV CRUZ CABUGA,0,,,E/F AO GINÁSIO PERNAMBUCANO  SENTIDO OLINDA. LADO DIREITO DA VIA,AV CRUZ CABUGA,0,E/F AO GINÁSIO PERNAMBUCANO  SENTIDO OLINDA. LADO DIREITO DA VIA,SANTO AMARO,COLISÃO,COM UMA VÍTIMA.,1,1,,,,,,,,1,,,,,,,,,,,,,,,,,,
2016-04-18,12:09:00,COM VÍTIMA,FINALIZADA,BOA VIAGEM,RUA VISCONDE DE JEQUITINHONHA,0,,,EM FRENTE AO HOSPITAL N.S DAS GRAÇAS,RUA VISCONDE DE JEQUITINHONHA,0,EM FRENTE AO HOSPITAL N.S DAS GRAÇAS,BOA VIAGEM,COLISÃO,COLISÃO ENTRE AUTO E MOTO COM VÍTIMA,1,1,,,,,,,,1,,,,,,,,,,,,,,,,,,
2016-04-18,13:22:00,COM VÍTIMA,FINALIZADA,SANTO AMARO,AV VISCONDE DE SUASSUNA,0,,,AO LADO DA CAIXA ECONOMICA DO TREZE DE MAIO NO SEMAFORO 032,AV VISCONDE DE SUASSUNA,0,AO LADO DA CAIXA ECONOMICA DO TREZE DE MAIO NO SEMAFORO 032,SANTO AMARO,ATROPELAMENTO,ATROPELAMENTO COM UM PEDESTRE,,1,,,1,,,,,1,,,,,,,,,,,,,,,,,,
2016-04-18,14:22:00,COM VÍTIMA,FINALIZADA,CASA AMARELA,AV NORTE,0,,,EM FRENTE A EMLURB AV NORTE,AV NORTE,0,EM FRENTE A EMLURB AV NORTE,CASA AMARELA,COLISÃO,COLISÃO COM VITIMAS,1,,,,,,1,,,2,,,,,,,,,,,,,,,,,,
2016-04-18,17:01:00,COM VÍTIMA,FINALIZADA,IBURA,AV DOIS RIOS,0,,,NO SEMAFORO 594,AV DOIS RIOS,0,NO SEMAFORO 594,IBURA,COLISÃO,AUTO E MOTO,1,1,,,,,,,,1,,,,,,,,,,,,,,,,,,
2016-04-18,18:30:00,COM VÍTIMA,FINALIZADA,BOA VIAGEM,RUA TENENTE JOAO CICERO,0,,,RUA POR TRAS DO COLEGIO SANTA MARIA  SENTIDO VIA MANGUE,RUA TENENTE JOAO CICERO,0,RUA POR TRAS DO COLEGIO SANTA MARIA  SENTIDO VIA MANGUE,BOA VIAGEM,COLISÃO,COLISÃO ENTRE AUTO E MOTO C/V,1,1,,,,,,,,1,,,,,,,,,,,,,,,,,,
2016-04-18,20:18:00,COM VÍTIMA,FINALIZADA,ARRUDA,AV BEBERIBE,3,323,,SENTIDO SUBURBIO CIDADE,AV BEBERIBE,323,SENTIDO SUBURBIO CIDADE,ARRUDA,COLISÃO COM CICLISTA,MOTO E CICLISTA OBS: BATEDORES NO LOCAL MOTO,,1,,1,,,,,,1,,,,,,,,,,,,,,,,,,
2016-04-19,07:40:00,COM VÍTIMA,FINALIZADA,MACAXEIRA,AV NORTE,0,,,SENTIDO SUBURBIO E/F A ACADEMIA DA CIDADE,AV NORTE,0,SENTIDO SUBURBIO E/F A ACADEMIA DA CIDADE,MACAXEIRA,COLISÃO,COLISÃO COM 1 VITIMA A ESPERA DO SAMU,1,1,,,,,,,,1,,,,,,,,,,,,,,,,,,
2016-04-19,11:12:00,COM VÍTIMA,FINALIZADA,VARZEA,RUA GENERAL CANDIDO BORGES CASTELO BRANCO,3,420,,RUA DO CARTORIO DA VARZEA,RUA GENERAL CANDIDO BORGES CASTELO BRANCO,420,RUA DO CARTORIO DA VARZEA,VÁRZEA,COLISÃO,COLISÃO SEGUIDO DE UM CAPOTAMENTO COM VITIMAS,2,,,,,,,,,1,,,,,,,,,,,,,,,,,,
2016-04-19,12:29:00,COM VÍTIMA,FINALIZADA,PINA,AV BOA VIAGEM,3,634,,E/F DO ARCADIA BOA VIAGEM,AV BOA VIAGEM,634,E/F DO ARCADIA BOA VIAGEM,PINA,COLISÃO,COLISAO DE AUTO E MOTO COM UMA VITIMA,1,1,,,,,,,,1,,,,,,,,,,,,,,,,,,
2016-04-19,14:28:00,COM VÍTIMA,FINALIZADA,ENCRUZILHADA,RUA VINTE E QUATRO DE JUNHO,3,223,,PX A MATERNIDADE DA ENCRUZILHADA,RUA VINTE E QUATRO DE JUNHO,223,PX A MATERNIDADE DA ENCRUZILHADA,ENCRUZILHADA,COLISÃO,COLISAO ENTRE AUTO E MOTO,1,1,,,,,,,,1,,,,,,,,,,,,,,,,,,
2016-04-19,17:03:00,VÍTIMA FATAL,FINALIZADA,MADALENA,AV ENGENHEIRO ABDIAS DE CARVALHO,0,,,PROXIMO A ESTACIO,AV ENGENHEIRO ABDIAS DE CARVALHO,0,PROXIMO A ESTACIO,MADALENA,COLISÃO,ONIBUS E VT POLICIA CIVIL,1,,,,,2,,,,,1,,,,,,,,,,,,,,,,,
2016-04-20,02:31:00,COM VÍTIMA,FINALIZADA,MADALENA,RUA REAL DA TORRE,0,,,EM FRENTE A PRAÇA DA MADALENA,RUA REAL DA TORRE,0,EM FRENTE A PRAÇA DA MADALENA,MADALENA,COLISÃO,COLISAO ENTRE DOIS AUTOS,2,,,,,,,,,2,,,,,,,,,,,,,,,,,,
2016-04-20,03:55:00,COM VÍTIMA,FINALIZADA,AFLITOS,AV CONS ROSA E SILVA,0,,,EM FRENTE AO CLUBE NAUTICO,AV CONS ROSA E SILVA,0,EM FRENTE AO CLUBE NAUTICO,AFLITOS,COLISÃO,COLISÃO ENTRE UMTÁXI E UMA MOTO COM VÍTIMA,1,1,,,,,,,,1,,,,,,,,,,,,,,,,,,
2016-04-20,09:50:00,COM VÍTIMA,FINALIZADA,VARZEA,AV CAXANGA,0,,,ENTRADA DA VARZEA  PROXIMO AO TERMINAL DE ONIBUS,AV CAXANGA,0,ENTRADA DA VARZEA  PROXIMO AO TERMINAL DE ONIBUS,VÁRZEA,ATROPELAMENTO,ATROPELAMENTO MOTO E PEDESTRE  COM 2 VITIMAS  AGUARDANDO SAMU,,1,,,1,,,,,2,,,,,,,,,,,,,,,,,,
2016-04-20,11:15:00,COM VÍTIMA,FINALIZADA,ESTANCIA,AV RECIFE,0,,,APÓS O VIADUTO DO MAKRO  SENTIDO BR,AV RECIFE,0,APÓS O VIADUTO DO MAKRO  SENTIDO BR,ESTÂNCIA,CHOQUE,CHOQUE COM VITIMA  AGUARDANDO SAMU,1,,,,,,,,,1,,,,,,,,,,,,,,,,,,
2016-04-20,19:07:00,COM VÍTIMA,FINALIZADA,BOA VIAGEM,RUA CAPITAO ZUZINHA,0,,,SEMAFORO 420 CRUZAMENTO COM A RUA SA E SOUZA,RUA CAPITAO ZUZINHA,0,SEMAFORO 420 CRUZAMENTO COM A RUA SA E SOUZA,BOA VIAGEM,ATROPELAMENTO,PEDESTRE E AUTO,1,,,,1,,,,,1,,,,,,,,,,,,,,,,,,
2016-04-21,04:14:00,COM VÍTIMA,FINALIZADA,BOA VIAGEM,RUA VISCONDE DE JEQUITINHONHA,2,XX,,EM FRENTE DO QUIOSQUE 62 PRATA DO ANTIGO LAÇADOR,RUA VISCONDE DE JEQUITINHONHA,XX,EM FRENTE DO QUIOSQUE 62 PRATA DO ANTIGO LAÇADOR,BOA VIAGEM,COLISÃO,AUTO E MOTO,1,1,,,,,,,,1,,,,,,,,,,,,,,,,,,
2016-04-21,12:25:00,COM VÍTIMA,FINALIZADA,ILHA DO LEITE,AV FREI MATIAS TEVES,0,,,CRUZ COM A RUA SENADOR JOSÉ HENRIQUE  E/F AO HOSPITAL ALBERT SABIN,AV FREI MATIAS TEVES,0,CRUZ COM A RUA SENADOR JOSÉ HENRIQUE  E/F AO HOSPITAL ALBERT SABIN,ILHA DO LEITE,CAPOTAMENTO,02 AUTOS,2,,,,,,,,,1,,,,,,,,,,,,,,,,,,
2016-04-21,16:42:00,COM VÍTIMA,FINALIZADA,CASA AMARELA,RUA DA HARMONIA,0,,,NO SEMAFORO 435,RUA DA HARMONIA,0,NO SEMAFORO 435,CASA AMARELA,ATROPELAMENTO,ATROPELAMENTO DE AUTO COM UM CICLISTA,1,,,,1,,,,,1,,,,,,,,,,,,,,,,,,
2016-04-22,02:49:00,COM VÍTIMA,FINALIZADA,BOA VIAGEM,AV ENGENHEIRO DOMINGOS FERREIRA,0,,,PRÓXIMO A FARNÁCIA DROGASIL  E LANCHONETE LAÇA- BURGUER,AV ENGENHEIRO DOMINGOS FERREIRA,0,PRÓXIMO A FARNÁCIA DROGASIL  E LANCHONETE LAÇA- BURGUER,BOA VIAGEM,COLISÃO,COLISÃO ENTRE UM GOL E UMA CINQUENTINHA,1,,1,,,,,,,1,,,,,,,,,,,,,,,,,,
2016-04-22,15:35:00,COM VÍTIMA,FINALIZADA,JORDAO,RUA CANAA,0,,,NO TERMINAL DO JORDAO BAIXO,RUA CANAA,0,NO TERMINAL DO JORDAO BAIXO,JORDÃO,COLISÃO,VIATURA DA POLICIA E MOTO,,1,,,,,,1,,1,,,,,,,,,,,,,,,,,,
2016-04-22,16:19:00,COM VÍTIMA,FINALIZADA,IPUTINGA,RUA SAO MATEUS,0,,,E/F DOS CORREIOS,RUA SAO MATEUS,0,E/F DOS CORREIOS,IPUTINGA,COLISÃO,COLISAO DE AUTO E MOTO COM UMA VITIMA,1,1,,,,,,,,1,,,,,,,,,,,,,,,,,,
2016-04-23,09:46:00,COM VÍTIMA,FINALIZADA,MADALENA,RUA JOSE OSORIO,3,865,,E/F A AUTO CAR  SENTIDO CAXANGÁ. NO LADO DIREITO DA VIA.,RUA JOSE OSORIO,865,E/F A AUTO CAR  SENTIDO CAXANGÁ. NO LADO DIREITO DA VIA.,MADALENA,COLISÃO,SEM VÍTIMAS,1,1,,,,,,,,1,,,,,,,,,,,,,,,,,,
2016-04-23,12:01:00,COM VÍTIMA,FINALIZADA,IBURA,AV DOM HELDER CAMARA,0,,,POR TRAS DO NUCLEO DA POLICIA MILITAR,AV DOM HELDER CAMARA,0,POR TRAS DO NUCLEO DA POLICIA MILITAR,IBURA,COLISÃO,AUTO E MOTO,1,1,,,,,,,,1,,,,,,,,,,,,,,,,,,
2016-04-23,23:34:00,COM VÍTIMA,FINALIZADA,CABANGA,RUA CAPITAO TEMUDO,0,,,SENTIDO OLINDA ENCIMA DO VIADUTO,VIADUTO CAPITAO TEMUDO,0,SENTIDO OLINDA ENCIMA DO VIADUTO,CABANGA,COLISÃO,TRES AUTO VEICULO CAPOTADO DEVIDO A COLISAO,3,,,,,,,,,6,,,,,,,,,,,,,,,,,,
2016-04-24,08:51:00,COM VÍTIMA,FINALIZADA,TAMARINEIRA,RUA CONEGO BARATA,0,,,EM FRENTE DNOCS,RUA CONEGO BARATA,0,EM FRENTE DNOCS,TAMARINEIRA,COLISÃO,COLISÃO COM VÍTIMA,1,1,,,,,,,,1,,,,,,,,,,,,,,,,,,
2016-04-24,11:35:00,COM VÍTIMA,FINALIZADA,AFOGADOS,AV SUL GOV. CID SAMPAIO,0,,LARGO DA PAZ,E/F A IGREJA,LARGO DA PAZ,0,E/F A IGREJA,AFOGADOS,COLISÃO COM CICLISTA,COLISAO DE AUTO COM CICLISSTA,1,,,1,,,,,,1,,,,,,,,,,,,,,,,,,
2016-04-24,19:42:00,COM VÍTIMA,FINALIZADA,CORDEIRO,RUA MAURICIO DE NASSAU,0,,,PROX A LOMBADA ELETRONICA NO CRUZAMENTO DA NOSSA SENHORA DA SAUDE,RUA MAURICIO DE NASSAU,0,PROX A LOMBADA ELETRONICA NO CRUZAMENTO DA NOSSA SENHORA DA SAUDE,CORDEIRO,COLISÃO,AUTO E MOTO,1,1,,,,,,,,1,,,,,,,,,,,,,,,,,,
2016-04-24,23:09:00,COM VÍTIMA,FINALIZADA,BARRO,AV DR JOSE RUFINO,0,,,EM FRENTE AO CONVENTO DO BARRO  PROX AO POSTO IMPERIO,AV DR JOSE RUFINO,0,EM FRENTE AO CONVENTO DO BARRO  PROX AO POSTO IMPERIO,BARRO,COLISÃO,COLISAO ENTRE MOTO E AUTO,1,1,,,,,,,,1,,,,,,,,,,,,,,,,,,
2016-04-25,09:04:00,COM VÍTIMA,FINALIZADA,AFOGADOS,RUA COSME VIANA,0,,,PROX. AO POSTO SETTA E SEMAFORO 430,RUA COSME VIANA,0,PROX. AO POSTO SETTA E SEMAFORO 430,AFOGADOS,COLISÃO,COLISAO 1 MOTO COM VITIMA,,1,,,,,,,,1,,,,,,,,,,,,,,,,,,
2016-04-25,12:31:00,COM VÍTIMA,FINALIZADA,IMBIRIBEIRA,AV MARECHAL MASCARENHAS DE MORAES,0,,,PROXIMO AO BANCO DO BRASIL   SEMAFORO 386,AV MARECHAL MASCARENHAS DE MORAES,0,PROXIMO AO BANCO DO BRASIL   SEMAFORO 386,IMBIRIBEIRA,COLISÃO,AUTO X MOTO,1,1,,,,,,,,1,,,,,,,,,,,,,,,,,,
2016-04-25,13:18:00,COM VÍTIMA,FINALIZADA,CORDEIRO,AV INACIO MONTEIRO,3,604,,ESQUINA COM NÚMERO 604,AV INACIO MONTEIRO,604,ESQUINA COM NÚMERO 604,CORDEIRO,COLISÃO,01 MOTO 01 AUTO,1,1,,,,,,,,1,,,,,,,,,,,,,,,,,,
2016-04-25,17:15:00,COM VÍTIMA,FINALIZADA,SANTO AMARO,RUA SAO GERALDO,0,,,COM A MARIO MELO,RUA SAO GERALDO,0,COM A MARIO MELO,SANTO AMARO,COLISÃO,MOTO E AUTO,1,1,,,,,,,,2,,,,,,,,,,,,,,,,,,
2016-04-25,18:12:00,COM VÍTIMA,FINALIZADA,IPSEP,RUA JEAN EMILE FAVRE,0,,,EM FRENTE A FBV,RUA JEAN EMILE FAVRE,0,EM FRENTE A FBV,IPSEP,COLISÃO,AUTO E MOTO,1,1,,,,,,,,1,,,,,,,,,,,,,,,,,,
2016-04-25,20:36:00,COM VÍTIMA,FINALIZADA,TOTO,RUA ONZE DE AGOSTO,0,,,PROX AO CENTRO SOCIAL BIDU KRAUSE,RUA ONZE DE AGOSTO,0,PROX AO CENTRO SOCIAL BIDU KRAUSE,TOTÓ,COLISÃO,ONIBUS E MOTO,,1,,,,1,,,,2,,,,,,,,,,,,,,,,,,
2016-04-26,07:50:00,COM VÍTIMA,FINALIZADA,CASA AMARELA,AV NORTE,0,,,SENTIDO CIDADE E/F AO MOTEL VIA NORTE,AV NORTE,0,SENTIDO CIDADE E/F AO MOTEL VIA NORTE,CASA AMARELA,COLISÃO,COLISÃO COM 1 VITIMA A ESPERA DO SAMU,1,1,,,,,,,,1,,,,,,,,,,,,,,,,,,
2016-04-26,13:39:00,COM VÍTIMA,FINALIZADA,BOA VISTA,PTE DUARTE COELHO,2,XX,,NA PONTE DUARTE COELHO PROX. DO CINEMA SÃO LUIZ,PTE DUARTE COELHO,XX,NA PONTE DUARTE COELHO PROX. DO CINEMA SÃO LUIZ,BOA VISTA,COLISÃO,AUTO E MOTO,1,1,,,,,,,,1,,,,,,,,,,,,,,,,,,
2016-04-26,15:18:00,COM VÍTIMA,FINALIZADA,CAJUEIRO,RUA CORONEL URBANO RIBEIRO DE SENA,4,1910,,E/F A RADIO CABIBARIBE,RUA CORONEL URBANO RIBEIRO DE SENA,1910,E/F A RADIO CABIBARIBE,CAJUEIRO,COLISÃO COM CICLISTA,COLISAO COM CICLISTA,1,,,1,,,,,,1,,,,,,,,,,,,,,,,,,
2016-04-27,10:17:00,COM VÍTIMA,FINALIZADA,IBURA,RUA RIO TAPADO,3,S/N,,E/F A ECOPONTO(ESTAÇÃO IBURA) NO LADO DIREITO DA VIA. SENTIDO BR 101,RUA RIO TAPADO,S/N,E/F A ECOPONTO(ESTAÇÃO IBURA) NO LADO DIREITO DA VIA. SENTIDO BR 101,IBURA,COLISÃO,EMLURB,,1,,,,,1,,,1,,,,,,,,,,,,,,,,,,
2016-04-27,14:50:00,COM VÍTIMA,FINALIZADA,CAXANGA,AV CAXANGA,0,,,E/F DO HIPER S/T CID,AV CAXANGA,0,E/F DO HIPER S/T CID,CAXANGÁ,COLISÃO,COLISAO DE MOTO E AUTO COM UMA VITIMA,1,1,,,,,,,,2,,,,,,,,,,,,,,,,,,
2016-04-27,15:07:00,COM VÍTIMA,FINALIZADA,JARDIM SAO PAULO,RUA LORENA,0,,,CRUZAMENTO COM A RUA LEANDRO BARRETO,RUA LORENA,0,CRUZAMENTO COM A RUA LEANDRO BARRETO,JARDIM SÃO PAULO,COLISÃO,COM VITIMA SAMU NO LOCAL,1,1,,,,,,,,1,,,,,,,,,,,,,,,,,,