data,hora,natureza_acidente,situacao,bairro,endereco,,numero,detalhe_endereco_acidente,complemento,endereco_cruzamento,numero_cruzamento,referencia_cruzamento,bairro_cruzamento,tipo,descricao,auto,moto,ciclom,ciclista,pedestre,onibus,caminhao,viatura,outros,vitimas,vitimasfatais,num_semaforo,sentido_via,acidente_verificado,tempo_clima,situacao_semaforo,sinalizacao,condicao_via,conservacao_via,ponto_controle,situacao_placa,velocidade_max_via,mao_direcao,divisao_via1,divisao_via2,divisao_via3,_id,Protocolo
2016-05-12,09:05:00,COM VÍTIMA,FINALIZADA,ENCRUZILHADA,AV JOAO DE BARROS,0,,,SEMAFOR Nº43,AV JOAO DE BARROS,0,SEMAFOR Nº43,ENCRUZILHADA,ATROPELAMENTO,ATROPELAMENTO C/V SET.CD,,1,,,1,,,,,1,,,,,,,,,,,,,,,,,,
2016-05-12,10:27:00,COM VÍTIMA,FINALIZADA,SAO JOSE,RUA IMPERIAL,4,1173,,E/F A LOJA. NO LADO ESQUERDO DA VIA  SENTIDO IMBIRIBEIRA.,RUA IMPERIAL,1173,E/F A LOJA. NO LADO ESQUERDO DA VIA  SENTIDO IMBIRIBEIRA.,SÃO JOSÉ,COLISÃO,COM UMA VÍTIMA.,1,1,,,,,,,,1,,,,,,,,,,,,,,,,,,
2016-05-12,12:17:00,COM VÍTIMA,FINALIZADA,HIPODROMO,RUA MADRE ROSA GATTORNO,3,500,,PX AO NUCLEO DA PM,RUA MADRE ROSA GATTORNO,500,PX AO NUCLEO DA PM,HIPÓDROMO,COLISÃO COM CICLISTA,COLISAO ENTRE AUTO E CICLITAS,1,,,1,,,,,,1,,,,,,,,,,,,,,,,,,
2016-05-12,14:43:00,COM VÍTIMA,FINALIZADA,ESTANCIA,AV DR JOSE RUFINO,0,,,COLÉGIO INDEPENDENCIA  SENTIDO JABOATÃO,AV DR JOSE RUFINO,0,COLÉGIO INDEPENDENCIA  SENTIDO JABOATÃO,ESTÂNCIA,COLISÃO,01 MOTO 01 AUTO,1,1,,,,,,,,1,,,,,,,,,,,,,,,,,,
2016-05-12,15:41:00,COM VÍTIMA,FINALIZADA,BOA VIAGEM,AV ENGENHEIRO DOMINGOS FERREIRA,0,,,NA PRINCIPAL EM FRENTE O POSTO SHELL Nº 1183 SENTIDO PINA,AV ENGENHEIRO DOMINGOS FERREIRA,0,NA PRINCIPAL EM FRENTE O POSTO SHELL Nº 1183 SENTIDO PINA,BOA VIAGEM,COLISÃO,AUTO E MOTO,1,1,,,,,,,,1,,,,,,,,,,,,,,,,,,
2016-05-13,10:24:00,COM VÍTIMA,FINALIZADA,CAMPO GRANDE,RUA ODORICO MENDES,3,396,,PROX AO CLUBE DAS PÁS,RUA ODORICO MENDES,396,PROX AO CLUBE DAS PÁS,CAMPO GRANDE,COLISÃO,COLISÃO COM 1 VITIMA SOCORRIDA PELO SAMU,1,,1,,,,,,,1,,,,,,,,,,,,,,,,,,
2016-05-13,19:07:00,COM VÍTIMA,FINALIZADA,AFOGADOS,RUA NICOLAU PEREIRA,0,,,AO LADO DA ESTAÇAO DE AFOGADOS  NA ENTRADA DOS ONIBUS,RUA NICOLAU PEREIRA,0,AO LADO DA ESTAÇAO DE AFOGADOS  NA ENTRADA DOS ONIBUS,AFOGADOS,ATROPELAMENTO,ATROPELAMENTO DE PEDESTRE,,1,,,1,,,,,1,,,,,,,,,,,,,,,,,,
2016-05-13,19:22:00,COM VÍTIMA,FINALIZADA,IPSEP,AV RECIFE,0,,,NO SEMAFORÓ 055 SAIDA DO IBURA SENTIDO BR,AV RECIFE,0,NO SEMAFORÓ 055 SAIDA DO IBURA SENTIDO BR,IPSEP,ATROPELAMENTO,MOTO E PEDESTRE,,1,,,1,,,,,3,,,,,,,,,,,,,,,,,,
2016-05-13,21:00:00,COM VÍTIMA,FINALIZADA,CASA AMARELA,RUA DA HARMONIA,0,,,ENFR BAR UCANAVIAL PROX A FUNASE,RUA DA HARMONIA,0,ENFR BAR UCANAVIAL PROX A FUNASE,CASA AMARELA,COLISÃO,AUTO E MOTO,1,1,,,,,,,,1,,,,,,,,,,,,,,,,,,
2016-05-14,08:07:00,COM VÍTIMA,FINALIZADA,SAN MARTIN,RUA VINTE E UM DE ABRIL,0,,,E/F A SÃO NEIDE MEGA HAIR E PROX. AO TERMINAL DE ÔNIBUS DA LINHA MUSTARDINHA/MANGUEIRA. SENTIDO CIDADE  NO LADO DIRETO DA VIA.,RUA VINTE E UM DE ABRIL,0,E/F A SÃO NEIDE MEGA HAIR E PROX. AO TERMINAL DE ÔNIBUS DA LINHA MUSTARDINHA/MANGUEIRA. SENTIDO CIDADE  NO LADO DIRETO DA VIA.,SAN MARTIN,COLISÃO,COM UMA VÍTIMA,,,,,,2,,,,1,,,,,,,,,,,,,,,,,,
2016-05-15,19:29:00,COM VÍTIMA,FINALIZADA,SANTANA,RUA JORGE GOMES DE SA,0,,,CRUZAMENTO COM RUA DE SANTANA  EM FRENTE AO CPRH,RUA JORGE GOMES DE SA,0,CRUZAMENTO COM RUA DE SANTANA  EM FRENTE AO CPRH,SANTANA,COLISÃO,COLISÃO ENTRE AUTO E MOTO  CV,1,1,,,,,,,,1,,,,,,,,,,,,,,,,,,
2016-05-15,21:34:00,COM VÍTIMA,FINALIZADA,CASA AMARELA,AV NORTE,0,,,EM FRENTE AO BARROS LIMA  SENTIDO CIDADE,AV NORTE,0,EM FRENTE AO BARROS LIMA  SENTIDO CIDADE,CASA AMARELA,COLISÃO,COLISÃO ENTRE AUTO E CINQUENTINHA  C/V,1,,,,,,,,1,1,,,,,,,,,,,,,,,,,,
2016-05-16,10:41:00,COM VÍTIMA,FINALIZADA,CORDEIRO,AV CAXANGA,2,XX,,PRÓXIMO AO HOSPITAL GETULIO VARGAS SENTIDO CENTRO EM FRENET AO BANCO ITAÚ,AV CAXANGA,XX,PRÓXIMO AO HOSPITAL GETULIO VARGAS SENTIDO CENTRO EM FRENET AO BANCO ITAÚ,CORDEIRO,ATROPELAMENTO,ATROPELAMENTO MOTO PEDESTRE,,1,,,1,,,,,1,,,,,,,,,,,,,,,,,,
2016-05-16,10:51:00,COM VÍTIMA,FINALIZADA,IPSEP,RUA JEAN EMILE FAVRE,3,107,,EM FRENTE A FACULDADE BOA VIAGEM,RUA JEAN EMILE FAVRE,107,EM FRENTE A FACULDADE BOA VIAGEM,IPSEP,COLISÃO,COLISÃO COM VÍTIMA,1,1,,,,,,,,1,,,,,,,,,,,,,,,,,,
2016-05-16,10:59:00,COM VÍTIMA,FINALIZADA,IMBIRIBEIRA,AV MARECHAL MASCARENHAS DE MORAES,0,,,EMBAIXO DO VIADUTO TANCREDO NEVES S/ AEROPORTO,AV MARECHAL MASCARENHAS DE MORAES,0,EMBAIXO DO VIADUTO TANCREDO NEVES S/ AEROPORTO,IMBIRIBEIRA,COLISÃO,COM VITIMAS,1,2,,,,,,,,1,,,,,,,,,,,,,,,,,,
2016-05-16,18:17:00,COM VÍTIMA,FINALIZADA,AFOGADOS,RUA SANTOS ARAUJO,2,XX,,POSTO BR,RUA SANTOS ARAUJO,XX,POSTO BR,AFOGADOS,COLISÃO COM CICLISTA,MOTO/BICICLETA,,1,,1,,,,,,2,,,,,,,,,,,,,,,,,,
2016-05-16,23:56:00,COM VÍTIMA,FINALIZADA,SAO JOSE,AV SUL,0,,,COM A RUA PADRE AZEVEDO,AV SUL,0,COM A RUA PADRE AZEVEDO,SÃO JOSÉ,CHOQUE,VEICULO CHOCOU-SE CONTRA UM POSTE,1,,,,,,,,,1,,,,,,,,,,,,,,,,,,
2016-05-17,09:18:00,COM VÍTIMA,FINALIZADA,BOA VISTA,AV VISCONDE DE SUASSUNA,3,639,,E/F A URBANO VITALINO,AV VISCONDE DE SUASSUNA,639,E/F A URBANO VITALINO,BOA VISTA,COLISÃO,COLISÃO COM VÍTIMA,1,,1,,,,,,,1,,,,,,,,,,,,,,,,,,
2016-05-17,14:27:00,COM VÍTIMA,FINALIZADA,ILHA JOANA BEZERRA,RUA JAGUARI,2,66,,RUA DA INTEGRAÇAO QUE N\ FOI INALGURADA,RUA JAGUARI,66,RUA DA INTEGRAÇAO QUE N\ FOI INALGURADA,ILHA JOANA BEZERRA,COLISÃO,TRATOR E AUTO / COLISAO E ATROPELAMENTO,1,,,,,,,,,1,,,,,,,,,,,,,,,,,,
2016-05-17,20:34:00,COM VÍTIMA,FINALIZADA,BOA VIAGEM,AV CONSELHEIRO AGUIAR,4,4734,,APOS A PRACINHA BOA VIAGEM  E TALISMA LOTERIA,AV CONSELHEIRO AGUIAR,4734,APOS A PRACINHA BOA VIAGEM  E TALISMA LOTERIA,BOA VIAGEM,COLISÃO COM CICLISTA,ONIBUS / CICLISTA,,,,1,,1,,,,1,,,,,,,,,,,,,,,,,,
2016-05-18,14:06:00,COM VÍTIMA,FINALIZADA,DOIS IRMAOS,RUA DOIS IRMAOS,3,447,,PROX A ROSE BELTRAO SENT BR,RUA DOIS IRMAOS,447,PROX A ROSE BELTRAO SENT BR,DOIS IRMÃOS,COLISÃO,DOIS AUTOS,2,,,,,,,,,1,,,,,,,,,,,,,,,,,,
2016-05-18,14:47:00,COM VÍTIMA,FINALIZADA,RECIFE,C DO APOLO,0,,,EM FRENTE AO TRIBUNAL REGIONAL FEDERAL,CAIS DO APOLO,0,EM FRENTE AO TRIBUNAL REGIONAL FEDERAL,BAIRRO DO RECIFE,COLISÃO,AUTO E MOTO,1,1,,,,,,,,1,,,,,,,,,,,,,,,,,,
2016-05-18,15:46:00,COM VÍTIMA,FINALIZADA,GRACAS,RUA DA HORA,0,,,CRUZAMENTO DA RUA DA HORA C/ SÃO SALVADOR,RUA DA HORA,0,CRUZAMENTO DA RUA DA HORA C/ SÃO SALVADOR,GRAÇAS,ATROPELAMENTO,AUTO E PEDESTRE,1,,,,1,,,,,1,,,,,,,,,,,,,,,,,,
2016-05-18,16:33:00,COM VÍTIMA,FINALIZADA,ILHA JOANA BEZERRA,AV CENTRAL,0,,,EM FRENTE AO T.I JOANA BEZERRA,AV CENTRAL,0,EM FRENTE AO T.I JOANA BEZERRA,ILHA JOANA BEZERRA,COLISÃO COM CICLISTA,COLISÃO ENTRE 2 ÔNIBUS E UM CICLISTA,,,,1,,2,,,,1,,,,,,,,,,,,,,,,,,
2016-05-19,06:31:00,COM VÍTIMA,FINALIZADA,ILHA DO LEITE,AV GOVERNADOR AGAMENON MAGALHAES,0,,,SENTIDO CIDADE SUBURBIO E/F AO BANCO ITAU,AV GOVERNADOR AGAMENON MAGALHAES,0,SENTIDO CIDADE SUBURBIO E/F AO BANCO ITAU,ILHA DO LEITE,COLISÃO,COLISÃO COM 2 VITIMAS A ESPERA DO SAMU,1,1,,,,,,,,2,,,,,,,,,,,,,,,,,,
2016-05-19,08:35:00,COM VÍTIMA,FINALIZADA,MADALENA,AV ENGENHEIRO ABDIAS DE CARVALHO,0,,,EM FRENTE A FACULDADE ESTACIO/ SENTIDO CIDADE,AV ENGENHEIRO ABDIAS DE CARVALHO,0,EM FRENTE A FACULDADE ESTACIO/ SENTIDO CIDADE,MADALENA,COLISÃO,COLISÃO COM VÍTIMA,1,1,,,,,,,,1,,,,,,,,,,,,,,,,,,
2016-05-19,09:45:00,COM VÍTIMA,FINALIZADA,IMBIRIBEIRA,RUA ITACARI,3,132,,AO LADO DO BANDO ITAU,RUA ITACARI,132,AO LADO DO BANDO ITAU,IMBIRIBEIRA,COLISÃO,COLISÃO COM VÍTIMA,1,1,,,,,,,,1,,,,,,,,,,,,,,,,,,
2016-05-19,10:23:00,COM VÍTIMA,FINALIZADA,BOA VIAGEM,AV BOA VIAGEM,4,2820,,EM FRENTE A PADARIA BOA VIAGEM,AV BOA VIAGEM,2820,EM FRENTE A PADARIA BOA VIAGEM,BOA VIAGEM,COLISÃO,COLISÃO COM VÍTIMA/ GM NO LOCAL,1,1,,,,,,,,1,,,,,,,,,,,,,,,,,,
2016-05-19,11:03:00,COM VÍTIMA,FINALIZADA,MADALENA,RUA BENFICA,0,,,LADO OPOSTO AO CLUBE INTERNACIONAL,RUA BENFICA,0,LADO OPOSTO AO CLUBE INTERNACIONAL,MADALENA,COLISÃO,AUTO X MOTO,1,1,,,,,,,,1,,,,,,,,,,,,,,,,,,
2016-05-19,11:20:00,COM VÍTIMA,FINALIZADA,CASA AMARELA,RUA OLIMPIO TAVARES,2,46,,APOS SITIO DA TRINDADE,RUA OLIMPIO TAVARES,46,APOS SITIO DA TRINDADE,CASA AMARELA,COLISÃO,AUTO X MOTO,1,1,,,,,,,,1,,,,,,,,,,,,,,,,,,
2016-05-19,20:49:00,COM VÍTIMA,FINALIZADA,IMBIRIBEIRA,RUA PAMPULHA,0,,,CRUZAMENTO COM RUA ITAJAI  PROX. A CASA BRANCA,RUA PAMPULHA,0,CRUZAMENTO COM RUA ITAJAI  PROX. A CASA BRANCA,IMBIRIBEIRA,COLISÃO,COLISAO ENTRE AUTO E MOTO  C/V,1,1,,,,,,,,1,,,,,,,,,,,,,,,,,,
2016-05-19,21:27:00,COM VÍTIMA,FINALIZADA,JARDIM SAO PAULO,EST DO CURADO,4,312A,,PROX. AO MERCADO PAI E FILHOS  PARALELA COM RUA IPITANGA,EST DO CURADO,312A,PROX. AO MERCADO PAI E FILHOS  PARALELA COM RUA IPITANGA,JARDIM SÃO PAULO,ATROPELAMENTO,ONIBUS E PEDESTRE,,,,,1,1,,,,1,,,,,,,,,,,,,,,,,,
2016-05-20,09:12:00,COM VÍTIMA,FINALIZADA,JORDAO,AV MARIA IRENE,4,1754,,EM FRENTE AO POSTO DE GASOLINA IPIRANGA,AV MARIA IRENE,1754,EM FRENTE AO POSTO DE GASOLINA IPIRANGA,JORDÃO,COLISÃO,COLISAO COM 1 VITIMA A ESPERA DO SAMU,1,1,,,,,,,,1,,,,,,,,,,,,,,,,,,
2016-05-20,08:45:00,COM VÍTIMA,FINALIZADA,MANGUEIRA,RUA VINTE E UM DE ABRIL,4,1884,,HA 300 METROS DO GIRADOURO DE SAN MARTIN,RUA VINTE E UM DE ABRIL,1884,HA 300 METROS DO GIRADOURO DE SAN MARTIN,MANGUEIRA,COLISÃO,COM VITIMAS,1,1,,,,,,,,1,,,,,,,,,,,,,,,,,,
2016-05-20,09:37:00,COM VÍTIMA,FINALIZADA,CORDEIRO,RUA 10 DE NOVEMBRO,3,300,,EM FRENTE DO RESTAURANTE REI DA CHAQUE,RUA 10 DE NOVEMBRO,300,EM FRENTE DO RESTAURANTE REI DA CHAQUE,CORDEIRO,COLISÃO,COL.C/V SET.SUB,1,1,,,,,,,,1,,,,,,,,,,,,,,,,,,
2016-05-20,19:01:00,COM VÍTIMA,FINALIZADA,SAO JOSE,RUA DA CONCORDIA,0,,,SEMAFORO 180,RUA DA CONCORDIA,0,SEMAFORO 180,SÃO JOSÉ,COLISÃO,AUTO E MOTO,1,1,,,,,,,,1,,,,,,,,,,,,,,,,,,
2016-05-20,20:04:00,COM VÍTIMA,FINALIZADA,AREIAS,AV RECIFE,0,,,PROX. AO MAKRO  SOB O VIADUTO  SENTIDO BOA VIAGEM,AV RECIFE,0,PROX. AO MAKRO  SOB O VIADUTO  SENTIDO BOA VIAGEM,AREIAS,ATROPELAMENTO,MOTO E PEDESTRE C/V,,1,,,1,,,,,2,,,,,,,,,,,,,,,,,,
2016-05-21,06:34:00,COM VÍTIMA,FINALIZADA,BEBERIBE,RUA ARAPARI,0,,,NO SEMAFORO Nº314,RUA ARAPARI,0,NO SEMAFORO Nº314,BEBERIBE,ATROPELAMENTO,ATOPELAMENTO C/V JA SOCORRIDA,1,,,,1,,,,,1,,,,,,,,,,,,,,,,,,
2016-05-21,07:04:00,COM VÍTIMA,FINALIZADA,BOA VIAGEM,RUA DOS NAVEGANTES,0,,,CRUZ COM A ERNESTO DE PAULA SANTOS E/F AO HOTEL GOLDEN TULIP,RUA DOS NAVEGANTES,0,CRUZ COM A ERNESTO DE PAULA SANTOS E/F AO HOTEL GOLDEN TULIP,BOA VIAGEM,COLISÃO,COLISÃO COM 1 VITIMA A ESPERA DO SAMU,2,,,,,,,,,1,,,,,,,,,,,,,,,,,,
2016-05-21,08:05:00,COM VÍTIMA,FINALIZADA,IMBIRIBEIRA,AV MARECHAL MASCARENHAS DE MORAES,0,,,JUIZADO ESPECIAL -,AV MARECHAL MASCARENHAS DE MORAES,0,JUIZADO ESPECIAL -,IMBIRIBEIRA,COLISÃO,COLISÃO COM VÍTIMA ENTRE DUAS MOTOS,1,1,,,,,,,,1,,,,,,,,,,,,,,,,,,
2016-05-21,09:47:00,COM VÍTIMA,FINALIZADA,BOA VISTA,AV VISCONDE DE SUASSUNA,0,,,,AV VISCONDE DE SUASSUNA,0,0,BOA VISTA,COLISÃO,,,,,,,,,,,1,,,,,,,,,,,,,,,,,,
2016-05-21,10:57:00,COM VÍTIMA,FINALIZADA,MUSTARDINHA,RUA CARLOS GOMES,3,914,,RUA DA MATERNIDADE SANTA LUCIA,RUA CARLOS GOMES,914,RUA DA MATERNIDADE SANTA LUCIA,MUSTARDINHA,COLISÃO,COM VITIMA AGUARDANDO SAMU,1,1,,,,,,,,1,,,,,,,,,,,,,,,,,,
2016-05-22,00:28:00,COM VÍTIMA,FINALIZADA,DERBY,AV GOVERNADOR AGAMENON MAGALHAES,0,,,PROXIMO A PRAÇA DO DERBY,AV GOVERNADOR AGAMENON MAGALHAES,0,PROXIMO A PRAÇA DO DERBY,DERBY,COLISÃO,MOTO E AUTO,1,1,,,,,,,,2,,,,,,,,,,,,,,,,,,
2016-05-22,09:22:00,COM VÍTIMA,FINALIZADA,AGUA FRIA,RUA DA REGENERACAO,4,1179,,E/F A REALFARMA,RUA DA REGENERACAO,1179,E/F A REALFARMA,ÁGUA FRIA,COLISÃO,COLISÃO COM 1 VITIMA SOCORRIDA PELO,1,1,,,,,,,,1,,,,,,,,,,,,,,,,,,
2016-05-22,16:11:00,COM VÍTIMA,FINALIZADA,JORDAO,RUA EMILIO MONTEIRO FONSECA,2,XX,,EM FRENTE A IGREJA ASSEMBLEIA DE DEUS  APOS O TERMINAL DE JORDÃO BAIXO,RUA EMILIO MONTEIRO FONSECA,XX,EM FRENTE A IGREJA ASSEMBLEIA DE DEUS  APOS O TERMINAL DE JORDÃO BAIXO,JORDÃO,COLISÃO,AUTO E MOTO,1,1,,,,,,,,1,,,,,,,,,,,,,,,,,,
2016-05-23,09:53:00,COM VÍTIMA,FINALIZADA,TEJIPIO,AV DR JOSE RUFINO,0,,,EM FRENTE A ESTACAO DE TEJIPIO  SENTIDO CAVALEIRO,AV DR JOSE RUFINO,0,EM FRENTE A ESTACAO DE TEJIPIO  SENTIDO CAVALEIRO,TEJIPIÓ,ENGAVETAMENTO,COLISAO ENTRE 3 AUTOS E MOTO  C/V,3,1,,,,,,,,1,,,,,,,,,,,,,,,,,,
2016-05-23,13:09:00,COM VÍTIMA,FINALIZADA,BOA VIAGEM,AV BOA VIAGEM,4,5152,,PROXIMO AO EDF. TRANSATLANTICO,AV BOA VIAGEM,5152,PROXIMO AO EDF. TRANSATLANTICO,BOA VIAGEM,COLISÃO,ENTRE UM AUTO E UMA MOTO,1,1,,,,,,,,1,,,,,,,,,,,,,,,,,,
2016-05-23,16:24:00,COM VÍTIMA,FINALIZADA,DERBY,AV GOVERNADOR AGAMENON MAGALHAES,0,,,SENTIDO OLINDA  PRINCIPAL EM FRENTE AO CONTATO,AV GOVERNADOR AGAMENON MAGALHAES,0,SENTIDO OLINDA  PRINCIPAL EM FRENTE AO CONTATO,DERBY,ATROPELAMENTO,MOTO X PEDETRES,,1,,,1,,,,,1,,,,,,,,,,,,,,,,,,
2016-05-23,18:06:00,COM VÍTIMA,FINALIZADA,SANTO AMARO,AV GOVERNADOR AGAMENON MAGALHAES,2,XX,,NO SEMAFORO 465 EM FRENTE DO MINISTERIO DO TRABALHO,AV GOVERNADOR AGAMENON MAGALHAES,XX,NO SEMAFORO 465 EM FRENTE DO MINISTERIO DO TRABALHO,SANTO AMARO,COLISÃO,AUTO E MOTO,1,1,,,,,,,,1,,,,,,,,,,,,,,,,,,
2016-05-23,20:44:00,VÍTIMA FATAL,FINALIZADA,CABANGA,RUA CAPITAO TEMUDO,0,,,CABANGA IATE CLUBE,VIADUTO CAPITAO TEMUDO,0,CABANGA IATE CLUBE,CABANGA,COLISÃO,,,,,,,,,,,,1,,,,,,,,,,,,,,,,,
2016-05-23,22:59:00,COM VÍTIMA,FINALIZADA,BEBERIBE,AV BEBERIBE,0,,,LOGO APOIS A ENTRADA DE CAJUEIRO,AV BEBERIBE,0,LOGO APOIS A ENTRADA DE CAJUEIRO,BEBERIBE,COLISÃO,AUTO E MOTO OBS: VT 05 DA CTTU ESTA NO LOCAL,1,1,,,,,,,,2,,,,,,,,,,,,,,,,,,
2016-05-24,12:12:00,COM VÍTIMA,FINALIZADA,BOA VIAGEM,RUA VISCONDE DE JEQUITINHONHA,0,,,AO LADO DO PARQUE DONA LINDU - LADO DIREITO DA FAIXA,RUA VISCONDE DE JEQUITINHONHA,0,AO LADO DO PARQUE DONA LINDU - LADO DIREITO DA FAIXA,BOA VIAGEM,COLISÃO COM CICLISTA,COLISAO DE AUTO COM CICLISTA,1,,,1,,,,,,1,,,,,,,,,,,,,,,,,,
2016-05-24,18:36:00,COM VÍTIMA,FINALIZADA,IMBIRIBEIRA,AV GENERAL MAC ARTHUR,0,,,EM FRENTE A PLANETA KIDS  PROX. A INTEGRAÇAO E O BANCO SANTANDER,AV GENERAL MAC ARTHUR,0,EM FRENTE A PLANETA KIDS  PROX. A INTEGRAÇAO E O BANCO SANTANDER,IMBIRIBEIRA,COLISÃO,COLISÃO ENTRE AUTO E MOTO C/V,1,1,,,,,,,,1,,,,,,,,,,,,,,,,,,
2016-05-24,22:10:00,COM VÍTIMA,FINALIZADA,BOA VIAGEM,AV CONSELHEIRO AGUIAR,3,802,,PROX. A RECEITA FEDERAL  SENTIDO RECIFE  EM FRENTE A CHICO CITY E SATURDAYS,AV CONSELHEIRO AGUIAR,802,PROX. A RECEITA FEDERAL  SENTIDO RECIFE  EM FRENTE A CHICO CITY E SATURDAYS,BOA VIAGEM,COLISÃO,COLISÃO ENTRE AUTO E CIQUENTINHA C/V,1,,1,,,,,,,1,,,,,,,,,,,,,,,,,,
2016-05-25,17:13:00,COM VÍTIMA,FINALIZADA,ARRUDA,AV BEBERIBE,0,,,COM A RUA SAO BENTO SEM 064 / NO CRUZAMENTO,AV BEBERIBE,0,COM A RUA SAO BENTO SEM 064 / NO CRUZAMENTO,ARRUDA,COLISÃO,MOTO E AUTO,1,1,,,,,,,,1,,,,,,,,,,,,,,,,,,
2016-05-25,18:06:00,COM VÍTIMA,FINALIZADA,IMBIRIBEIRA,AV MARECHAL MASCARENHAS DE MORAES,0,,,PROX AO POSTO IPIRANGA E GRILOS FLORES SENTIDO CIDADE,AV MARECHAL MASCARENHAS DE MORAES,0,PROX AO POSTO IPIRANGA E GRILOS FLORES SENTIDO CIDADE,IMBIRIBEIRA,COLISÃO,CAMINHONETE E MOTO,,1,,,,,1,,,1,,,,,,,,,,,,,,,,,,
2016-05-25,18:42:00,COM VÍTIMA,FINALIZADA,BOA VIAGEM,RUA BARAO DE SOUZA LEAO,3,626,,EM FRENTE AO EDFICIL COSTA DOURADA  APOS O HOTEL MERCURE,RUA BARAO DE SOUZA LEAO,626,EM FRENTE AO EDFICIL COSTA DOURADA  APOS O HOTEL MERCURE,BOA VIAGEM,ENGAVETAMENTO,2 AUTOS E UMA MOTO,2,1,,,,,,,,1,,,,,,,,,,,,,,,,,,
2016-05-25,19:43:00,COM VÍTIMA,FINALIZADA,BOA VIAGEM,RUA ANTONIO FALCAO,0,,,NO CRUZAMENTO COM RUA DOM JOAO VI  EM BAIXO DO VIA DUTO DA VIA MANGUE. PROX. AO LE PARC,RUA ANTONIO FALCAO,0,NO CRUZAMENTO COM RUA DOM JOAO VI  EM BAIXO DO VIA DUTO DA VIA MANGUE. PROX. AO LE PARC,BOA VIAGEM,COLISÃO,COLISAO ENTRE AUTO E MOTO C/C,1,1,,,,,,,,1,,,,,,,,,,,,,,,,,,
2016-05-25,20:21:00,COM VÍTIMA,FINALIZADA,SANTO ANTONIO,AV SUL,0,,,EM FRENTE AS TORRES GEMEAS,AV SUL,0,EM FRENTE AS TORRES GEMEAS,SANTO ANTÔNIO,TOMBAMENTO,,,1,,,,,,,,1,,,,,,,,,,,,,,,,,,
2016-05-26,11:04:00,COM VÍTIMA,FINALIZADA,CORDEIRO,AV CAXANGA,0,,,PROXIMO AO CRUZAMENTO COM A GAL. SAN MARTIN,AV CAXANGA,0,PROXIMO AO CRUZAMENTO COM A GAL. SAN MARTIN,CORDEIRO,COLISÃO,COLISÃO COM VÍTIMA,1,1,,,,,,,,1,,,,,,,,,,,,,,,,,,
2016-05-26,16:01:00,COM VÍTIMA,FINALIZADA,ILHA DO RETIRO,AV ENGENHEIRO ABDIAS DE CARVALHO,0,,,NO TUNEL CHICO SCIENCE,AV ENGENHEIRO ABDIAS DE CARVALHO,0,NO TUNEL CHICO SCIENCE,ILHA DO RETIRO,COLISÃO,AUTO E MOTO,1,1,,,,,,,,2,,,,,,,,,,,,,,,,,,
2016-05-26,22:28:00,COM VÍTIMA,FINALIZADA,ENCRUZILHADA,AV NORTE,0,,,EM FRENTE AO POSTO DE GASOLINA,AV NORTE,0,EM FRENTE AO POSTO DE GASOLINA,ENCRUZILHADA,COLISÃO,ONIBUS E AUTO,1,,,,,1,,,,1,,,,,,,,,,,,,,,,,,
2016-05-27,11:04:00,COM VÍTIMA,FINALIZADA,ILHA DO LEITE,AV ENGENHEIRO ABDIAS DE CARVALHO,2,XX,,PROX AO TUNEL CHICO SCIENCE E/F AO SPORT CLUBE DO RECIFE,AV ENGENHEIRO ABDIAS DE CARVALHO,XX,PROX AO TUNEL CHICO SCIENCE E/F AO SPORT CLUBE DO RECIFE,ILHA DO LEITE,COLISÃO,COLISÃO COM VITIMA A ESPERA DO SAMU,1,1,,,,,,,,1,,,,,,,,,,,,,,,,,,
2016-05-27,11:17:00,COM VÍTIMA,FINALIZADA,MADALENA,AV JOSE GONCALVES DE MEDEIROS,0,,,AO LADO DO EXTRA SUPERMERCADOS,AV JOSE GONCALVES DE MEDEIROS,0,AO LADO DO EXTRA SUPERMERCADOS,MADALENA,COLISÃO,SEM VITIMA IDOSA NO VEICULO,2,,,,,,,,,1,,,,,,,,,,,,,,,,,,
2016-05-27,11:30:00,COM VÍTIMA,FINALIZADA,IMBIRIBEIRA,RUA ARQUITETO LUIZ NUNES,3,690,,EM FRENTE A ESCOLA PINHEIROS,RUA ARQUITETO LUIZ NUNES,690,EM FRENTE A ESCOLA PINHEIROS,IMBIRIBEIRA,COLISÃO COM CICLISTA,COLISÃO COM VÍTIMA,1,,,1,,,,,,1,,,,,,,,,,,,,,,,,,
2016-05-27,12:31:00,COM VÍTIMA,FINALIZADA,IMBIRIBEIRA,RUA ARQUITETO LUIZ NUNES,3,690,,EM FRENTE A ESCOLA PINHEIROS,RUA ARQUITETO LUIZ NUNES,690,EM FRENTE A ESCOLA PINHEIROS,IMBIRIBEIRA,COLISÃO COM CICLISTA,COLISÃO COM VÍTIMA,1,,,1,,,,,,1,,,,,,,,,,,,,,,,,,
2016-05-27,13:39:00,COM VÍTIMA,FINALIZADA,MADALENA,RUA PADRE LANDIM,3,302,,RUA ANTES DA RUA IGREJA CATOLICA DA TORRE,RUA PADRE LANDIM,302,RUA ANTES DA RUA IGREJA CATOLICA DA TORRE,MADALENA,COLISÃO,01 AUTO 01 MOBILETE,1,,1,,,,,,,1,,,,,,,,,,,,,,,,,,
2016-05-27,15:17:00,COM VÍTIMA,FINALIZADA,VASCO DA GAMA,RUA VASCO DA GAMA,0,,,PROXIMO A DELEGACIA,RUA VASCO DA GAMA,0,PROXIMO A DELEGACIA,VASCO DA GAMA,COLISÃO,ENTRE UM ONIBUS E UM CAMINHÃO,,,,,,1,1,,,2,,,,,,,,,,,,,,,,,,
2016-05-27,16:07:00,COM VÍTIMA,FINALIZADA,CORDEIRO,AV PROFESSOR ESTEVAO FRANCISCO DA COSTA,0,,,,AV PROFESSOR ESTEVAO FRANCISCO DA COSTA,0,0,CORDEIRO,COLISÃO,,,,,,,,,,,1,,,,,,,,,,,,,,,,,,
2016-05-27,17:32:00,COM VÍTIMA,FINALIZADA,IMBIRIBEIRA,RUA ITACARI,3,162,,EM FRENTE A ANATEL  SENTIDO AEROPORTO,RUA ITACARI,162,EM FRENTE A ANATEL  SENTIDO AEROPORTO,IMBIRIBEIRA,COLISÃO,COLISAO COM VITIMA  AUTO E MOTO,1,1,,,,,,,,1,,,,,,,,,,,,,,,,,,
2016-05-28,07:52:00,COM VÍTIMA,FINALIZADA,CAMPO GRANDE,EST DE BELEM,2,XX,,EM FRENTE A IGREJA DE BELEM  SENTIDO OLINDA,EST DE BELEM,XX,EM FRENTE A IGREJA DE BELEM  SENTIDO OLINDA,CAMPO GRANDE,COLISÃO,ACIDENTE COM VITIMA  AUTO E MOTO,1,1,,,,,,,,1,,,,,,,,,,,,,,,,,,