data,hora,natureza_acidente,situacao,bairro,endereco,,numero,detalhe_endereco_acidente,complemento,endereco_cruzamento,numero_cruzamento,referencia_cruzamento,bairro_cruzamento,tipo,descricao,auto,moto,ciclom,ciclista,pedestre,onibus,caminhao,viatura,outros,vitimas,vitimasfatais,num_semaforo,sentido_via,acidente_verificado,tempo_clima,situacao_semaforo,sinalizacao,condicao_via,conservacao_via,ponto_controle,situacao_placa,velocidade_max_via,mao_direcao,divisao_via1,divisao_via2,divisao_via3,_id,Protocolo
2016-05-28,07:59:00,COM VÍTIMA,FINALIZADA,IPSEP,AV RECIFE,0,,,NO SEMAFARO 337,AV RECIFE,0,NO SEMAFARO 337,IPSEP,COLISÃO,COLISÃO COM VÍTIMA,1,,1,,,,,,,1,,,,,,,,,,,,,,,,,,
2016-05-28,12:17:00,COM VÍTIMA,FINALIZADA,MUSTARDINHA,RUA VINTE E UM DE ABRIL,4,1245,,EM FRENTE A CONSTROAÇO,RUA VINTE E UM DE ABRIL,1245,EM FRENTE A CONSTROAÇO,MUSTARDINHA,ATROPELAMENTO,COLISAO C/ ATROPELAMENTO / MOTO E AUTO,1,1,,,1,,,,,2,,,,,,,,,,,,,,,,,,
2016-05-28,19:11:00,COM VÍTIMA,FINALIZADA,AFOGADOS,RUA VINTE E UM DE ABRIL,0,,,EM FRENTE AO CLUBE FERROVIÁRIO,RUA VINTE E UM DE ABRIL,0,EM FRENTE AO CLUBE FERROVIÁRIO,AFOGADOS,COLISÃO,COLISÃ DOIS AUTO E MOTO,2,1,,,,,,,,1,,,,,,,,,,,,,,,,,,
2016-05-28,22:09:00,COM VÍTIMA,FINALIZADA,JARDIM SAO PAULO,RUA LORENA,0,,,PROX DO GALPAO DA LARANJA,RUA LORENA,0,PROX DO GALPAO DA LARANJA,JARDIM SÃO PAULO,COLISÃO,COLISAO ENTRE MOTO E MICRO ONIBUS C/V,,1,,,,1,,,,1,,,,,,,,,,,,,,,,,,
2016-05-29,07:02:00,COM VÍTIMA,FINALIZADA,CASA AMARELA,AV NORTE,4,5229,,EM FRENTE A FARMACIA BOM JESUS,AV NORTE,5229,EM FRENTE A FARMACIA BOM JESUS,CASA AMARELA,COLISÃO,COLISÃO COM VÍTIMA,,1,,,,1,,,,1,,,,,,,,,,,,,,,,,,
2016-05-29,09:54:00,COM VÍTIMA,FINALIZADA,BOA VIAGEM,RUA VISCONDE DE JEQUITINHONHA,0,,,NO SEMAFORO 433,RUA VISCONDE DE JEQUITINHONHA,0,NO SEMAFORO 433,BOA VIAGEM,COLISÃO,COLISÃO COM VÍTIMA,1,1,,,,,,,,1,,,,,,,,,,,,,,,,,,
2016-05-29,14:44:00,COM VÍTIMA,FINALIZADA,AGUA FRIA,AV BEBERIBE,4,1781,,PROX AO MERCADÃO DE ÓLEO,AV BEBERIBE,1781,PROX AO MERCADÃO DE ÓLEO,ÁGUA FRIA,COLISÃO,01 MOTO 01 AUTO,1,1,,,,,,,,1,,,,,,,,,,,,,,,,,,
2016-05-29,20:24:00,COM VÍTIMA,FINALIZADA,CASA AMARELA,AV NORTE,0,,,PROXIMO AO SEMÁFORO 079,AV NORTE,0,PROXIMO AO SEMÁFORO 079,CASA AMARELA,COLISÃO,COLISÃO DUAS MOTOS,,2,,,,,,,,2,,,,,,,,,,,,,,,,,,
2016-05-30,11:30:00,COM VÍTIMA,FINALIZADA,BOA VIAGEM,RUA ERNESTO DE PAULA SANTOS,0,,,AO LADO DO HOTEL RECIFE PALACE,RUA ERNESTO DE PAULA SANTOS,0,AO LADO DO HOTEL RECIFE PALACE,BOA VIAGEM,COLISÃO,COLISÃO COM VÍTIMA,1,1,,,,,,,,1,,,,,,,,,,,,,,,,,,
2016-05-31,07:00:00,COM VÍTIMA,FINALIZADA,BOA VISTA,RUA JOSE DE ALENCAR,0,,,ESQUINA COM RUA JORNALISTA BITENCOURT,RUA JOSE DE ALENCAR,0,ESQUINA COM RUA JORNALISTA BITENCOURT,BOA VISTA,COLISÃO,COM VITIMA CRIANÇA DE 5 ANOS,2,,,,,,,,,1,,,,,,,,,,,,,,,,,,
2016-05-31,15:05:00,COM VÍTIMA,FINALIZADA,GUABIRABA,AV DA RECUPERACAO,4,1032,,PROXIMO A UPINHA E O BAR DO LAU,AV DA RECUPERACAO,1032,PROXIMO A UPINHA E O BAR DO LAU,GUABIRABA,COLISÃO,ENTRE UM AUTO E UMA MOTO,1,1,,,,,,,,1,,,,,,,,,,,,,,,,,,
2016-05-31,19:35:00,COM VÍTIMA,FINALIZADA,ILHA JOANA BEZERRA,AV SUL,0,,,EMBAIXO DO VIADUTO DE JOANA BEZERRA NA FAIXA DOS ONIBUS SENTIDO CAIS DE SANTA RITA,AV SUL,0,EMBAIXO DO VIADUTO DE JOANA BEZERRA NA FAIXA DOS ONIBUS SENTIDO CAIS DE SANTA RITA,JOANA BEZERRA,COLISÃO,AUTO E CINQUENTINHA,1,,1,,,,,,,1,,,,,,,,,,,,,,,,,,
2016-06-01,07:04:00,COM VÍTIMA,FINALIZADA,MADALENA,AV JOSE GONCALVES DE MEDEIROS,3,121,,PROX AO SURPERMERCADO EXTRA E/F AO EDIFICIO TELE JUNIOR,AV JOSE GONCALVES DE MEDEIROS,121,PROX AO SURPERMERCADO EXTRA E/F AO EDIFICIO TELE JUNIOR,MADALENA,COLISÃO,COLISÃO COM VITIMAS SOCORRIDA PELOS BOMBEIROS,2,1,,,,,,,,2,,,,,,,,,,,,,,,,,,
2016-06-01,08:37:00,COM VÍTIMA,FINALIZADA,BOA VIAGEM,AV ENGENHEIRO DOMINGOS FERREIRA,2,XX,,CRUZAMENTO COM A RUA PROF. JOSE BRANDÃO,AV ENGENHEIRO DOMINGOS FERREIRA,XX,CRUZAMENTO COM A RUA PROF. JOSE BRANDÃO,BOA VIAGEM,COLISÃO,COLISAO DOIS AUTOS  COM VITIMA. AGUARDANDO SOCORRO MEDICO,2,,,,,,,,,1,,,,,,,,,,,,,,,,,,
2016-06-01,16:09:00,COM VÍTIMA,FINALIZADA,AREIAS,RUA CAMBUCA,3,809,,E/F AO DEPÓSITO DE ÁGUA,RUA CAMBUCA,809,E/F AO DEPÓSITO DE ÁGUA,AREIAS,COLISÃO,01 MOTO 01 AUTO,1,1,,,,,,,,1,,,,,,,,,,,,,,,,,,
2016-06-01,17:05:00,COM VÍTIMA,FINALIZADA,PRADO,RUA GOMES TABORDA,2,XX,,POR TRAS DA BIG CAR  PROX. DO CANAL,RUA GOMES TABORDA,XX,POR TRAS DA BIG CAR  PROX. DO CANAL,PRADO,COLISÃO,MOTO E AUTO,1,1,,,,,,,,1,,,,,,,,,,,,,,,,,,
2016-06-01,19:27:00,COM VÍTIMA,FINALIZADA,BOA VISTA,RUA BARAO DE SAO BORJA,0,,,CRUZAMENTO COM JOSE DE ALENCAR  EM FRENTE AO HOTEL BOA VISTA,RUA BARAO DE SAO BORJA,0,CRUZAMENTO COM JOSE DE ALENCAR  EM FRENTE AO HOTEL BOA VISTA,BOA VISTA,COLISÃO,COLISAO ENTRE AUTO E MOTO  C/V,1,1,,,,,,,,1,,,,,,,,,,,,,,,,,,
2016-06-01,21:17:00,COM VÍTIMA,FINALIZADA,SANTO AMARO,AV CRUZ CABUGA,0,,,EM FRENTE AO HOSPITAL NAVAL,AV CRUZ CABUGA,0,EM FRENTE AO HOSPITAL NAVAL,SANTO AMARO,ATROPELAMENTO,2 AUTOS E PEDESTRE  UM DOS CONDUTORES SE EVADIU DO LOCAL,1,,,,1,,,,,1,,,,,,,,,,,,,,,,,,
2016-06-02,10:58:00,COM VÍTIMA,FINALIZADA,APIPUCOS,RUA DE APIPUCOS,0,,,PROX. AO 11º BATALHÃO DA PM E/F AO AÇUDE. SENTIDO DOIS IRMÃOS,RUA DE APIPUCOS,0,PROX. AO 11º BATALHÃO DA PM E/F AO AÇUDE. SENTIDO DOIS IRMÃOS,APIPUCOS,COLISÃO,COM UMA VÍTIMA.,,1,,,,,,,1,1,,,,,,,,,,,,,,,,,,
2016-06-02,15:08:00,COM VÍTIMA,FINALIZADA,RECIFE,PTE GIRATORIA,0,,,SOBRE PONTE,PTE GIRATORIA,0,SOBRE PONTE,BAIRRO DO RECIFE,COLISÃO,TX E IDEA,2,,,,,,,,,4,,,,,,,,,,,,,,,,,,
2016-06-02,18:18:00,COM VÍTIMA,FINALIZADA,MACAXEIRA,AV NORTE,2,XX,,PROX. DO TERMINAL DA MACAXEIRA,AV NORTE,XX,PROX. DO TERMINAL DA MACAXEIRA,MACAXEIRA,ATROPELAMENTO,ONIBUS E PEDESTRE C/V,,,,,1,1,,,,1,,,,,,,,,,,,,,,,,,
2016-06-03,18:16:00,COM VÍTIMA,FINALIZADA,BOA VIAGEM,RUA PADRE CARAPUCEIRO,0,,,DENTRO DO SHOPPING RECIFE  PROX. A MC DONALDS E A SAIDA 8,RUA PADRE CARAPUCEIRO,0,DENTRO DO SHOPPING RECIFE  PROX. A MC DONALDS E A SAIDA 8,BOA VIAGEM,COLISÃO,COLISAO ENTRE AUTO E MOTO C/V,1,1,,,,,,,,1,,,,,,,,,,,,,,,,,,
2016-06-03,18:36:00,COM VÍTIMA,FINALIZADA,BEBERIBE,AV BEBERIBE,4,2584,,EM FRENTE AO COLEGIO ESTADUAL PROFESSOR PEDRO AUGUSTO CARNEIRO,AV BEBERIBE,2584,EM FRENTE AO COLEGIO ESTADUAL PROFESSOR PEDRO AUGUSTO CARNEIRO,BEBERIBE,COLISÃO,COLISAO ENTRE AUTO E MOTO C/V,1,1,,,,,,,,1,,,,,,,,,,,,,,,,,,
2016-06-03,20:24:00,COM VÍTIMA,FINALIZADA,IBURA,RUA RIO XINGU,0,,,IBURA DE BAIXO NA CURVA DO CALDO DE CANA,RUA RIO XINGU,0,IBURA DE BAIXO NA CURVA DO CALDO DE CANA,IBURA,COLISÃO,ONIBUS RCR E MOTO,,1,,,,1,,,,1,,,,,,,,,,,,,,,,,,
2016-06-03,20:43:00,COM VÍTIMA,FINALIZADA,AFOGADOS,RUA COSME VIANA,0,,,EM FRENTE A TUPAM,RUA COSME VIANA,0,EM FRENTE A TUPAM,AFOGADOS,COLISÃO,COLISAO ENTRE AUTO E CINQUETINHA C/V,1,,,,,,,,,1,,,,,,,,,,,,,,,,,,
2016-06-04,02:48:00,COM VÍTIMA,FINALIZADA,BOA VISTA,AV GOVERNADOR AGAMENON MAGALHAES,0,,,EM FRENTE AO COLÉGIO AMERICANO BATISTA,AV GOVERNADOR AGAMENON MAGALHAES,0,EM FRENTE AO COLÉGIO AMERICANO BATISTA,BOA VISTA,COLISÃO,COLISÃO ENTRE AUTO E MOTO COM VÍTIMAS,1,1,,,,,,,,1,,,,,,,,,,,,,,,,,,
2016-06-04,08:27:00,COM VÍTIMA,FINALIZADA,CORDEIRO,EST DO FORTE DO ARRAIAL N. DO B. JESUS,3,963,,PX A FRAÇA DO FORTE,EST DO FORTE DO ARRAIAL N. DO B. JESUS,963,PX A FRAÇA DO FORTE,CORDEIRO,COLISÃO,COLISAO ENTRE AUTO E MOTO,1,1,1,,,,,,,2,,,,,,,,,,,,,,,,,,
2016-06-04,08:45:00,COM VÍTIMA,FINALIZADA,MADALENA,RUA JOAO IVO DA SILVA,2,XX,,APOS O TUNEL DA ABOLIÇAO  FAIXA DA DIREITA,RUA JOAO IVO DA SILVA,XX,APOS O TUNEL DA ABOLIÇAO  FAIXA DA DIREITA,MADALENA,ATROPELAMENTO,ATROPELAMENTO AUTO E PEDESTRE,1,,,,1,,,,,1,,,,,,,,,,,,,,,,,,
2016-06-04,10:21:00,COM VÍTIMA,FINALIZADA,CASA AMARELA,EST DO ARRAIAL,0,,,SEMAFORO 074,EST DO ARRAIAL,0,SEMAFORO 074,CASA AMARELA,COLISÃO,COM VITIMAS,,1,,,,1,,,,1,,,,,,,,,,,,,,,,,,
2016-06-04,10:45:00,COM VÍTIMA,FINALIZADA,IMBIRIBEIRA,RUA SARGENTO SILVINO DE MACEDO,3,273,,EM FRENTE A LACOMEX,RUA SARGENTO SILVINO DE MACEDO,273,EM FRENTE A LACOMEX,IMBIRIBEIRA,COLISÃO,MOTQUEIRO JÁ SOCORRIDO PELO SAMU E OS VEICULOS FORAM RETIRADOS DO MEIO DA VIA PELOS ENVOLVIDOS,1,1,,,,,,,,1,,,,,,,,,,,,,,,,,,
2016-06-04,13:26:00,COM VÍTIMA,FINALIZADA,IPUTINGA,AV CAXANGA,0,,,E/F AO BANCO SANTANDER  SENTIDO CAMARAGIBE. E/F AO VD DO BRT,AV CAXANGA,0,E/F AO BANCO SANTANDER  SENTIDO CAMARAGIBE. E/F AO VD DO BRT,IPUTINGA,ENGAVETAMENTO,03 AUTOS,3,,,,,,,,,1,,,,,,,,,,,,,,,,,,
2016-06-05,04:27:00,COM VÍTIMA,FINALIZADA,MACAXEIRA,AV NORTE,0,,,EM FRENTE A ACADEMIA DA CIDADE  PROX AO RESTAURANTE BOIZÃO,AV NORTE,0,EM FRENTE A ACADEMIA DA CIDADE  PROX AO RESTAURANTE BOIZÃO,MACAXEIRA,COLISÃO,COLISAO ENTRE ONIBUS E MOTO,,1,,,,1,,,,1,,,,,,,,,,,,,,,,,,
2016-06-05,11:43:00,COM VÍTIMA,FINALIZADA,CASA FORTE,AV DEZESSETE DE AGOSTO,0,,,SEMAFORO 251,AV DEZESSETE DE AGOSTO,0,SEMAFORO 251,CASA FORTE,COLISÃO,COLISAO ENTRE AUTO E MOTO,1,1,,,,,,,,1,,,,,,,,,,,,,,,,,,
2016-06-05,15:37:00,COM VÍTIMA,FINALIZADA,BOA VIAGEM,RUA ERNESTO DE PAULA SANTOS,0,,,CRUZ COM A PROF JOÃO DE MEDEIROS,RUA ERNESTO DE PAULA SANTOS,0,CRUZ COM A PROF JOÃO DE MEDEIROS,BOA VIAGEM,COLISÃO,COLISÃO COM VITIMA,1,1,,,,1,,,,1,,,,,,,,,,,,,,,,,,
2016-06-05,20:28:00,COM VÍTIMA,FINALIZADA,BOA VIAGEM,AV DES JOSE NEVES,0,,,AO LADO DA FERREIRA PINTO  SEMAFORO 567,AV DES JOSE NEVES,0,AO LADO DA FERREIRA PINTO  SEMAFORO 567,BOA VIAGEM,COLISÃO,COLISAO ENTRE AUTO E MOTO C/V,1,1,,,,,,,,1,,,,,,,,,,,,,,,,,,
2016-06-06,09:35:00,COM VÍTIMA,FINALIZADA,AGUA FRIA,AV BEBERIBE,0,,,EM FRENTE AO MERCADÃO DO OLEO,AV BEBERIBE,0,EM FRENTE AO MERCADÃO DO OLEO,ÁGUA FRIA,COLISÃO,SEM VITIMAS,1,1,,,,,,,,2,,,,,,,,,,,,,,,,,,
2016-06-06,09:45:00,COM VÍTIMA,FINALIZADA,CAMPO GRANDE,EST DE BELEM,4,1298,,EM FRENTE DA PADARIA PÃO DOÇURA,EST DE BELEM,1298,EM FRENTE DA PADARIA PÃO DOÇURA,CAMPO GRANDE,COLISÃO,COL.C/V  SET OLINDA(NO VEICULO TEM UMA CRIANÇA MENOR DE IDADE,1,1,,,,,,,,1,,,,,,,,,,,,,,,,,,
2016-06-06,13:31:00,COM VÍTIMA,FINALIZADA,ESPINHEIRO,AV GOVERNADOR AGAMENON MAGALHAES,0,,,EM FRENTE AO CREA SENTIDO BOA VIAGEM,AV GOVERNADOR AGAMENON MAGALHAES,0,EM FRENTE AO CREA SENTIDO BOA VIAGEM,ESPINHEIRO,COLISÃO,COLISÃO ENVOLVENDO DOIS AUTOS,2,,,,,,,,,1,,,,,,,,,,,,,,,,,,
2016-06-07,03:28:00,COM VÍTIMA,FINALIZADA,VARZEA,AV AFONSO OLINDENSE,0,,,PROX DA LOMBADA ELETRONICA  SENTIDO VARZEA,AV AFONSO OLINDENSE,0,PROX DA LOMBADA ELETRONICA  SENTIDO VARZEA,VÁRZEA,CHOQUE,VIATURA COM CHOCOU-SE COM MURETA,1,,,,,,,,,3,,,,,,,,,,,,,,,,,,
2016-06-07,07:01:00,COM VÍTIMA,FINALIZADA,SAN MARTIN,AV GENERAL SAN MARTIN,0,,,CRUZAMENTO COM A RUA ISAC MARKMAN,AV GENERAL SAN MARTIN,0,CRUZAMENTO COM A RUA ISAC MARKMAN,SAN MARTIN,COLISÃO,COLISÃO COM VÍTIMA,1,1,,,,,,,,1,,,,,,,,,,,,,,,,,,
2016-06-07,07:54:00,COM VÍTIMA,FINALIZADA,SANTO AMARO,AV GOVERNADOR AGAMENON MAGALHAES,0,,,EM FRENTEA REITORIA,AV GOVERNADOR AGAMENON MAGALHAES,0,EM FRENTEA REITORIA,SANTO AMARO,COLISÃO,COLISÃO COM VITIMA,1,1,,,,,,,,1,,,,,,,,,,,,,,,,,,
2016-06-07,07:57:00,COM VÍTIMA,FINALIZADA,SANTO AMARO,AV GOVERNADOR AGAMENON MAGALHAES,2,XX,,EM FRENTE AO UNICORDIS  SENTIDO BOA VIAGEM,AV GOVERNADOR AGAMENON MAGALHAES,XX,EM FRENTE AO UNICORDIS  SENTIDO BOA VIAGEM,SANTO AMARO,COLISÃO,COISÃO AUTO E MOTO  COM VÍTIMA,1,1,,,,,,,,1,,,,,,,,,,,,,,,,,,
2016-06-07,07:58:00,COM VÍTIMA,FINALIZADA,MUSTARDINHA,AV MANOEL GONCALVES DA LUZ,0,,,E/F A PRAÇA DA ACADEMIA DA CIDADE. NO LADO ESQUERDO DA VIA  SENTIDO AFOGADOS,AV MANOEL GONCALVES DA LUZ,0,E/F A PRAÇA DA ACADEMIA DA CIDADE. NO LADO ESQUERDO DA VIA  SENTIDO AFOGADOS,MUSTARDINHA,COLISÃO,DUAS VÍTIMAS,1,1,,,,,,,,2,,,,,,,,,,,,,,,,,,
2016-06-07,11:02:00,COM VÍTIMA,FINALIZADA,BOA VISTA,AV CONDE DA BOA VISTA,2,XX,,SENTIDO DERBY E/F AO POSTO DE GASOLINA IPIRANGA,AV CONDE DA BOA VISTA,XX,SENTIDO DERBY E/F AO POSTO DE GASOLINA IPIRANGA,BOA VISTA,COLISÃO,COLISÃO SEM VITIMAS,1,1,,,,,,,,1,,,,,,,,,,,,,,,,,,
2016-06-07,11:38:00,COM VÍTIMA,FINALIZADA,CASA AMARELA,AV NORTE,2,XX,,CRUZAMENTO RUA DA HARMONIA  SENTIDO CENTRO,AV NORTE,XX,CRUZAMENTO RUA DA HARMONIA  SENTIDO CENTRO,CASA AMARELA,COLISÃO,COLISÃO COM VÍTIMA: AUTO  MOTO E ÔNIBUS,1,1,,,,1,,,,1,,,,,,,,,,,,,,,,,,
2016-06-07,12:57:00,COM VÍTIMA,FINALIZADA,BOA VIAGEM,AV CONSELHEIRO AGUIAR,0,,,E/F AO NUCLEO DA PM // PRAÇA DO PORTO,AV CONSELHEIRO AGUIAR,0,E/F AO NUCLEO DA PM // PRAÇA DO PORTO,BOA VIAGEM,COLISÃO,ENTRE UM ONIBUS E UM AUTO,1,,,,,1,,,,1,,,,,,,,,,,,,,,,,,
2016-06-07,15:12:00,COM VÍTIMA,FINALIZADA,ESTANCIA,AV RECIFE,0,,,EM FRENTE O BOMPREÇO SENTIDO AEROPORTO,AV RECIFE,0,EM FRENTE O BOMPREÇO SENTIDO AEROPORTO,ESTÂNCIA,COLISÃO,AUTO E MOTO,1,1,,,,,,,,1,,,,,,,,,,,,,,,,,,
2016-06-07,15:22:00,COM VÍTIMA,FINALIZADA,BOA VISTA,RUA DOM BOSCO,0,,,EM FRENTE AO POSTO BR SENTIDO BOA VISTA,RUA DOM BOSCO,0,EM FRENTE AO POSTO BR SENTIDO BOA VISTA,BOA VISTA,COLISÃO,COLISAO COM VITIMA ENTRE AUTO E MOTO,1,1,,,,,,,,1,,,,,,,,,,,,,,,,,,
2016-06-08,02:57:00,COM VÍTIMA,FINALIZADA,CASA AMARELA,AV NORTE,0,,,CRUZAMENTO COM AV PADRE LEMOS // NA ENTRADA DO VASCO DA GAMA,AV NORTE,0,CRUZAMENTO COM AV PADRE LEMOS // NA ENTRADA DO VASCO DA GAMA,CASA AMARELA,COLISÃO,COLISÃO ENTRE CAMINHÃO E MOTO COM VÍTIMA,,1,,,,,1,,,1,,,,,,,,,,,,,,,,,,
2016-06-08,11:46:00,COM VÍTIMA,FINALIZADA,IMBIRIBEIRA,AV MARECHAL MASCARENHAS DE MORAES,4,1482,,AO LASER ELETRO  S/BOA VIAGEM,AV MARECHAL MASCARENHAS DE MORAES,1482,AO LASER ELETRO  S/BOA VIAGEM,IMBIRIBEIRA,COLISÃO,COM VITIMAS SAMU NO LOCAL E OLEO DERRAMADO NA PISTA,1,1,,,,,,,,2,,,,,,,,,,,,,,,,,,
2016-06-08,13:13:00,COM VÍTIMA,FINALIZADA,SAO JOSE,RUA DA CONCORDIA,0,,,NO SEMÁRIO 182,RUA DA CONCORDIA,0,NO SEMÁRIO 182,SÃO JOSÉ,COLISÃO,COLISÃO COM VÍTIMA,1,,,,,1,,,,1,,,,,,,,,,,,,,,,,,
2016-06-08,13:24:00,COM VÍTIMA,FINALIZADA,AREIAS,RUA CAPITAO GREGORIO DE ALBUQUERQUE,3,272,,PROXIMO AO HIPER DA AV RECIFE,RUA CAPITAO GREGORIO DE ALBUQUERQUE,272,PROXIMO AO HIPER DA AV RECIFE,AREIAS,COLISÃO,COLISÃO SEM VÍTIMA,1,1,,,,,,,,1,,,,,,,,,,,,,,,,,,
2016-06-08,14:56:00,COM VÍTIMA,FINALIZADA,BOA VISTA,RUA MAURICIO DE NASSAU,0,,,E/F AO HOSPITAL ALTINO VENTURA,RUA MAURICIO DE NASSAU,0,E/F AO HOSPITAL ALTINO VENTURA,BOA VISTA,COLISÃO,01 MOTO 01 ONIBUS,1,,,,,1,,,,1,,,,,,,,,,,,,,,,,,
2016-06-08,19:06:00,COM VÍTIMA,FINALIZADA,IMBIRIBEIRA,AV MARECHAL MASCARENHAS DE MORAES,0,,,SENTIDO SUBURBIO AEROPORTO EM FRENTE A FACULDADE UNIVERSO,AV MARECHAL MASCARENHAS DE MORAES,0,SENTIDO SUBURBIO AEROPORTO EM FRENTE A FACULDADE UNIVERSO,IMBIRIBEIRA,COLISÃO,AUTO MOTO,1,1,,,,,,,,1,,,,,,,,,,,,,,,,,,
2016-06-08,21:19:00,COM VÍTIMA,FINALIZADA,SANTO AMARO,AV CRUZ CABUGA,0,,,CRUZAMENTO COM 24 DE AGOSTO,AV CRUZ CABUGA,0,CRUZAMENTO COM 24 DE AGOSTO,SANTO AMARO,COLISÃO,COLISAO AUTO E MOTO C/V,1,1,,,,,,,,1,,,,,,,,,,,,,,,,,,
2016-06-09,06:31:00,COM VÍTIMA,FINALIZADA,IMBIRIBEIRA,AV PRESIDENTE DUTRA,0,,,EM FRENTE AO RESTAURANTE SAL E BRASA,AV PRESIDENTE DUTRA,0,EM FRENTE AO RESTAURANTE SAL E BRASA,IMBIRIBEIRA,COLISÃO,COLISÃO COM VÍTIMA,,1,,,,1,,,,1,,,,,,,,,,,,,,,,,,
2016-06-09,07:18:00,COM VÍTIMA,FINALIZADA,CAXANGA,AV CAXANGA,2,XX,,SENTIDO SUBURBIO CIDADE E/F A CONCESSIONARIA FIAT ITALIANA,AV CAXANGA,XX,SENTIDO SUBURBIO CIDADE E/F A CONCESSIONARIA FIAT ITALIANA,CAXANGÁ,COLISÃO,COLISÃO COM 1 VITIMA SOCORRIDA PELO SAMU,,1,,,,1,,,,1,,,,,,,,,,,,,,,,,,
2016-06-09,08:35:00,COM VÍTIMA,FINALIZADA,PINA,AV ANTONIO DE GOES,3,617,,E/F A PORTO SEGURO - FAIXA DIRETA,AV ANTONIO DE GOES,617,E/F A PORTO SEGURO - FAIXA DIRETA,PINA,ATROPELAMENTO,ATROPELAMENTO DE PEDESTRE,1,,,,1,1,,,,2,,,,,,,,,,,,,,,,,,
2016-06-09,08:53:00,COM VÍTIMA,FINALIZADA,BOA VISTA,RUA AURORA,0,,,CRUZ COM A CONDE DA BOA VISTA,RUA AURORA,0,CRUZ COM A CONDE DA BOA VISTA,BOA VISTA,COLISÃO COM CICLISTA,COLISÃO MOTO E CICLISTA,,1,1,1,,,,,,1,,,,,,,,,,,,,,,,,,
2016-06-09,11:25:00,COM VÍTIMA,FINALIZADA,IPSEP,RUA JAMAICA,2,71,,EM FRENTE BLIDE SERVICE,RUA JAMAICA,71,EM FRENTE BLIDE SERVICE,IPSEP,COLISÃO,COLISÃO COM VÍTIMA,2,,,,,,,,,1,,,,,,,,,,,,,,,,,,
2016-06-09,13:12:00,COM VÍTIMA,FINALIZADA,BOA VISTA,AV MONTEVIDEU,3,172,,RUA POR TRAS DO CORPO DE BOMBEIROS,AV MONTEVIDEU,172,RUA POR TRAS DO CORPO DE BOMBEIROS,BOA VISTA,COLISÃO,MOTO E AUTO,1,1,,,,,,,,1,,,,,,,,,,,,,,,,,,
2016-06-09,14:31:00,COM VÍTIMA,FINALIZADA,IBURA,AV DOIS RIOS,2,XX,,EM FRENTE A IGREJA SANTO EXPEDITO E PROX. DA POLICLINICA DO IBURA,AV DOIS RIOS,XX,EM FRENTE A IGREJA SANTO EXPEDITO E PROX. DA POLICLINICA DO IBURA,IBURA,COLISÃO,MOTO E AUTO,1,1,,,,,,,,2,,,,,,,,,,,,,,,,,,
2016-06-09,17:17:00,COM VÍTIMA,FINALIZADA,IPSEP,AV RECIFE,0,,,SEMAFORO 616/ SET BR,AV RECIFE,0,SEMAFORO 616/ SET BR,IPSEP,COLISÃO,MOTO E AUTO,1,1,,,,,,,,1,,,,,,,,,,,,,,,,,,
2016-06-09,18:32:00,COM VÍTIMA,FINALIZADA,ENGENHO DO MEIO,RUA ANTONIO CURADO,0,,,PROX CLUB DA SUDENE ESQUINA COM A RUA MANUEL CORTE REAL,RUA ANTONIO CURADO,0,PROX CLUB DA SUDENE ESQUINA COM A RUA MANUEL CORTE REAL,ENGENHO DO MEIO,COLISÃO,TAXI E MOTO,1,1,,,,,,,,1,,,,,,,,,,,,,,,,,,
2016-06-09,19:55:00,COM VÍTIMA,FINALIZADA,IBURA,AV DOIS RIOS,0,,,PROX A POLICLINICAS E HOTEL MALICE,AV DOIS RIOS,0,PROX A POLICLINICAS E HOTEL MALICE,IBURA,COLISÃO,AUTO E MOTO,1,1,,,,,,,,1,,,,,,,,,,,,,,,,,,
2016-06-09,23:43:00,COM VÍTIMA,FINALIZADA,SANTO AMARO,RUA DA AURORA,0,,,DESCIDA PONTE LIMOEIRO,RUA DA AURORA,0,DESCIDA PONTE LIMOEIRO,SANTO AMARO,COLISÃO,AUTO E MOTO,1,1,,,,,,,,1,,,,,,,,,,,,,,,,,,
2016-06-10,06:50:00,COM VÍTIMA,FINALIZADA,JARDIM SAO PAULO,EST DO CURADO,3,970,,E/F A IGREJA EVANGELICA MISSÕES DE DEUS. SENTIDO CIDADE  NO LADOESQUERDO DA VIA.,EST DO CURADO,970,E/F A IGREJA EVANGELICA MISSÕES DE DEUS. SENTIDO CIDADE  NO LADOESQUERDO DA VIA.,JARDIM SÃO PAULO,COLISÃO COM CICLISTA,COM UMA VÍTIMA. (COLISÃO ENTRE ONIBUS E BICICLETA),,,,1,,1,,,,1,,,,,,,,,,,,,,,,,,
2016-06-10,07:40:00,COM VÍTIMA,FINALIZADA,TORRE,RUA DIOGO ALVARES,0,,,E/F A PRAÇA DA TORRE. NO LADO DIREITO DAVIA  SENTIDO CAXANGÁ. NO FINAL DA PRAÇA.,RUA DIOGO ALVARES,0,E/F A PRAÇA DA TORRE. NO LADO DIREITO DAVIA  SENTIDO CAXANGÁ. NO FINAL DA PRAÇA.,TORRE,COLISÃO,COM UMA VÍTIMA.,1,1,,,,,,,,1,,,,,,,,,,,,,,,,,,
2016-06-10,09:28:00,COM VÍTIMA,FINALIZADA,CASA FORTE,AV DEZESSETE DE AGOSTO,0,,,PROXIMO A PRAÇA DE CASA FORTE,AV DEZESSETE DE AGOSTO,0,PROXIMO A PRAÇA DE CASA FORTE,CASA FORTE,COLISÃO,AUTO X MOTO,1,1,,,,,,,,1,,,,,,,,,,,,,,,,,,
2016-06-10,12:48:00,COM VÍTIMA,FINALIZADA,CAJUEIRO,AV SEBASTIAO SALAZAR,3,125,,EM FRENTE AO BAR DA FAVA,AV SEBASTIAO SALAZAR,125,EM FRENTE AO BAR DA FAVA,CAJUEIRO,COLISÃO,MOTO E VAN ESCOLAR,,1,,,,,,,1,1,,,,,,,,,,,,,,,,,,
2016-06-10,14:05:00,COM VÍTIMA,FINALIZADA,ENCRUZILHADA,AV BEBERIBE,3,247,,E/F A COMERCIAL BECHARA,AV BEBERIBE,247,E/F A COMERCIAL BECHARA,ENCRUZILHADA,COLISÃO,COLISAO ENTRE AUTO E MOTO,1,1,,,,,,,,1,,,,,,,,,,,,,,,,,,
2016-06-10,15:24:00,COM VÍTIMA,FINALIZADA,ILHA DO RETIRO,AV ENGENHEIRO ABDIAS DE CARVALHO,0,,,COLISAO COM VITIMA EM FRENTE AO SPORT CLUB SENTIDO BR,AV ENGENHEIRO ABDIAS DE CARVALHO,0,COLISAO COM VITIMA EM FRENTE AO SPORT CLUB SENTIDO BR,ILHA DO RETIRO,COLISÃO,COLISAO ENTRE DUAS MOTOS,,2,,,,,,,,1,,,,,,,,,,,,,,,,,,