data,hora,natureza_acidente,situacao,bairro,endereco,,numero,detalhe_endereco_acidente,complemento,endereco_cruzamento,numero_cruzamento,referencia_cruzamento,bairro_cruzamento,tipo,descricao,auto,moto,ciclom,ciclista,pedestre,onibus,caminhao,viatura,outros,vitimas,vitimasfatais,num_semaforo,sentido_via,acidente_verificado,tempo_clima,situacao_semaforo,sinalizacao,condicao_via,conservacao_via,ponto_controle,situacao_placa,velocidade_max_via,mao_direcao,divisao_via1,divisao_via2,divisao_via3,_id,Protocolo
2016-06-10,19:26:00,COM VÍTIMA,FINALIZADA,TEJIPIO,AV DR JOSE RUFINO,0,,,ENFR AO QUARTEL,AV DR JOSE RUFINO,0,ENFR AO QUARTEL,TEJIPIÓ,ATROPELAMENTO,ATROPELAMENO DE PEDESTRE,1,,,,1,,,,,1,,,,,,,,,,,,,,,,,,
2016-06-11,05:21:00,VÍTIMA FATAL,FINALIZADA,IPSEP,AV RECIFE,0,,,PROX AO POSTO DE COMBUSTIVEL FEDERAL,AV RECIFE,0,PROX AO POSTO DE COMBUSTIVEL FEDERAL,IPSEP,ACID. DE PERCURSO,MOTOCICLISTA SOBROU NA CURVA,,1,,,,,,,,,1,,,,,,,,,,,,,,,,,
2016-06-11,15:11:00,COM VÍTIMA,FINALIZADA,CASA FORTE,AV DEZESSETE DE AGOSTO,3,784,,PROX DO BATALHÃO PQ REGIONAL DE MANUTENÇÃO,AV DEZESSETE DE AGOSTO,784,PROX DO BATALHÃO PQ REGIONAL DE MANUTENÇÃO,CASA FORTE,COLISÃO,01 AUTO 01 MOTO,1,1,,,,,,,,1,,,,,,,,,,,,,,,,,,
2016-06-11,16:57:00,COM VÍTIMA,FINALIZADA,AREIAS,AV DR JOSE RUFINO,0,,,EM FRENTE A HONDA  SENTIDO JABOATAO,AV DR JOSE RUFINO,0,EM FRENTE A HONDA  SENTIDO JABOATAO,AREIAS,COLISÃO,COLISAO ENTRE AUTO E MOTO C/V,1,1,,,,,,,,1,,,,,,,,,,,,,,,,,,
2016-06-12,12:07:00,COM VÍTIMA,FINALIZADA,BONGI,AV ENGENHEIRO ABDIAS DE CARVALHO,0,,,PROX A ENGEFRIO SEMAFORO 057 S/BR 232,AV ENGENHEIRO ABDIAS DE CARVALHO,0,PROX A ENGEFRIO SEMAFORO 057 S/BR 232,BONGI,COLISÃO,COM VITIMAS LOCAL DESCARACTERIZADO,1,1,,,,,,,,2,,,,,,,,,,,,,,,,,,
2016-06-12,16:22:00,COM VÍTIMA,FINALIZADA,BEBERIBE,AV BEBERIBE,0,,,E/F BIG BEM,AV BEBERIBE,0,E/F BIG BEM,BEBERIBE,COLISÃO,COLISAO ENTRE AUTO E MOTO,1,1,,,,,,,,1,,,,,,,,,,,,,,,,,,
2016-06-13,07:37:00,COM VÍTIMA,FINALIZADA,CABANGA,AV SATURNINO DE BRITO,0,,,AO LADO DA COMPESA,AV SATURNINO DE BRITO,0,AO LADO DA COMPESA,CABANGA,COLISÃO,COLISÃO ENTRE AUTO E MOTO COM VITIMA DELTA IC,1,1,,,,,,,,1,,,,,,,,,,,,,,,,,,
2016-06-13,12:33:00,COM VÍTIMA,FINALIZADA,IBURA,AV DOIS RIOS,0,,,SEMAFORO 325 // POSTO TOTAL,AV DOIS RIOS,0,SEMAFORO 325 // POSTO TOTAL,IBURA,COLISÃO,ENTRE UM AUTO E UMA MOTO,1,1,,,,,,,,1,,,,,,,,,,,,,,,,,,
2016-06-13,19:41:00,COM VÍTIMA,FINALIZADA,CAXANGA,AV CAXANGA,0,,,SENTIDO CAMARAGIBE  SEMAFORO 281,AV CAXANGA,0,SENTIDO CAMARAGIBE  SEMAFORO 281,CAXANGÁ,COLISÃO,COLISAO ENTRE AUTO E MOTO C/V,1,1,,,,,,,,1,,,,,,,,,,,,,,,,,,
2016-06-14,06:54:00,COM VÍTIMA,FINALIZADA,TAMARINEIRA,RUA SILVEIRA LIRA,3,114,,ESQUINA COM A AV NORTE,RUA SILVEIRA LIRA,114,ESQUINA COM A AV NORTE,TAMARINEIRA,COLISÃO,COLISÃO SEGUIDO DE ATROPELAMENTO UMA VITIMA SAMU NO LOCAL,1,,,,,,,,1,1,,,,,,,,,,,,,,,,,,
2016-06-14,11:09:00,COM VÍTIMA,FINALIZADA,PINA,AV HERCULANO BANDEIRA,3,588,,ESQUINA COM A RUA SÃO LUIS,AV HERCULANO BANDEIRA,588,ESQUINA COM A RUA SÃO LUIS,PINA,COLISÃO,COM VITIMA  SAMU ACIONADO,1,1,,,,,,,,1,,,,,,,,,,,,,,,,,,
2016-06-14,12:02:00,COM VÍTIMA,FINALIZADA,ALTO SANTA TEREZINHA,RUA TAMBOARA,3,891,,EM FRENTE A LOJA DA BEKINHA/ SAMU NO LOCAL,RUA TAMBOARA,891,EM FRENTE A LOJA DA BEKINHA/ SAMU NO LOCAL,ALTO SANTA TERESINHA,ATROPELAMENTO,COM VÍTIMA,,1,,,1,,,,,1,,,,,,,,,,,,,,,,,,
2016-06-14,12:34:00,COM VÍTIMA,FINALIZADA,TORRE,RUA JOSE BONIFACIO,0,,,EM FRENTE AO CARREFOUR  SENTIDO TAMARINEIRA,RUA JOSE BONIFACIO,0,EM FRENTE AO CARREFOUR  SENTIDO TAMARINEIRA,TORRE,COLISÃO,COLISÃO AUTO E MOTO  COM VÍTIMA,1,1,,,,,,,,1,,,,,,,,,,,,,,,,,,
2016-06-14,15:33:00,COM VÍTIMA,FINALIZADA,DERBY,RUA AMAURI DE MEDEIROS,3,110,,EM FRENTE AO EDIFICIO DERBY PARK,RUA AMAURI DE MEDEIROS,110,EM FRENTE AO EDIFICIO DERBY PARK,DERBY,COLISÃO,COLISÃO COM VITIMAS,2,,,,,,,,,1,,,,,,,,,,,,,,,,,,
2016-06-14,16:39:00,COM VÍTIMA,FINALIZADA,CAMPINA DO BARRETO,AV CORREIA DE BRITO,4,1205,,EM FRENTE AO POSTO DISLUB / SENTIDO CIDADE,AV. LUÍS CORRÊA DE BRITO,1205,EM FRENTE AO POSTO DISLUB / SENTIDO CIDADE,CAMPINA DO BARRETO,COLISÃO,COLISÃO COM VITIMA,,1,,,,1,,,,1,,,,,,,,,,,,,,,,,,
2016-06-14,17:28:00,COM VÍTIMA,FINALIZADA,PINA,AV ENGENHEIRO DOMINGOS FERREIRA,0,,,EM FRENTE AO CLINICAL CENTER,AV ENGENHEIRO DOMINGOS FERREIRA,0,EM FRENTE AO CLINICAL CENTER,PINA,ATROPELAMENTO,ATROPELAMENTO DE PEDESTRE,,1,,,1,,,,,1,,,,,,,,,,,,,,,,,,
2016-06-14,18:01:00,COM VÍTIMA,FINALIZADA,ENCRUZILHADA,AV BEBERIBE,0,,,EM FRENTE A AUTO ESCOLA NOVA YORK,AV BEBERIBE,0,EM FRENTE A AUTO ESCOLA NOVA YORK,ENCRUZILHADA,COLISÃO,COLISÃO ENTRE AUTO E MOTO,1,1,,,,,,,,1,,,,,,,,,,,,,,,,,,
2016-06-14,22:50:00,COM VÍTIMA,FINALIZADA,SANTO AMARO,AV CRUZ CABUGA,0,,,EM FRENTE AO SHOPPING TACARUNA,AV CRUZ CABUGA,0,EM FRENTE AO SHOPPING TACARUNA,SANTO AMARO,ATROPELAMENTO,ONIBUS E PEDESTRE,,,,,1,1,,,,1,,,,,,,,,,,,,,,,,,
2016-06-15,08:20:00,COM VÍTIMA,FINALIZADA,AFOGADOS,RUA VINTE E UM DE ABRIL,4,1122,,EM FRENTE COMEDORIA DA PIZZA,RUA VINTE E UM DE ABRIL,1122,EM FRENTE COMEDORIA DA PIZZA,AFOGADOS,COLISÃO,COLISÃO SEM VÍTIMA,1,,,,,1,,,,1,,,,,,,,,,,,,,,,,,
2016-06-15,08:46:00,COM VÍTIMA,FINALIZADA,BOA VIAGEM,RUA PROFESSOR AUGUSTO LINS E SILVA,3,668,,EDF. COSTA DO SOL  SENTIDO SUBÚRBIO,RUA PROFESSOR AUGUSTO LINS E SILVA,668,EDF. COSTA DO SOL  SENTIDO SUBÚRBIO,BOA VIAGEM,COLISÃO,COM UM VÍTIMA.,2,,,,,,,,,1,,,,,,,,,,,,,,,,,,
2016-06-15,10:17:00,COM VÍTIMA,FINALIZADA,NOVA DESCOBERTA,AV VEREADOR OTACILIO AZEVEDO,0,,,EM FRENTE A GARAGEM DA PEDROSA,AV VEREADOR OTACILIO AZEVEDO,0,EM FRENTE A GARAGEM DA PEDROSA,NOVA DESCOBERTA,COLISÃO,COLISÃO COM VITIMA,1,1,,,,,,,,1,,,,,,,,,,,,,,,,,,
2016-06-15,10:58:00,COM VÍTIMA,FINALIZADA,BOA VIAGEM,AV CELSO FURTADO,0,,,POSTO DA POLICIA SAIDA DA VIA MANGUE,AVENIDA CELSO FURTADO (VIA MANGUE),0,POSTO DA POLICIA SAIDA DA VIA MANGUE,BOA VIAGEM,COLISÃO,COLISAO ENTRE AUTOS,2,,,,,,,,,1,,,,,,,,,,,,,,,,,,
2016-06-15,13:43:00,COM VÍTIMA,FINALIZADA,IMBIRIBEIRA,AV SUL,0,,,POR TRAZ DA UPA DA IMBIRIBEIRA,AV SUL,0,POR TRAZ DA UPA DA IMBIRIBEIRA,IMBIRIBEIRA,COLISÃO,COLISAO ENTRE ONIBUS,,,,,,,2,,,8,,,,,,,,,,,,,,,,,,
2016-06-15,16:15:00,COM VÍTIMA,FINALIZADA,SANTO AMARO,RUA DO POMBAL,0,,,C/ R. PEDRO AFONSO (IML),RUA DO POMBAL,0,C/ R. PEDRO AFONSO (IML),SANTO AMARO,COLISÃO,COLISÃO ENTRE MOTOCICLETA E TÁXI COM VÍTIMA,1,1,,,,,,,,1,,,,,,,,,,,,,,,,,,
2016-06-15,17:22:00,COM VÍTIMA,FINALIZADA,ENCRUZILHADA,RUA DONA ELVIRA,3,423,,CRUZAMENTO COM JERONIMO GUEIROS E/F DA QUITANDARIA RUA DO CANAL,RUA DONA ELVIRA,423,CRUZAMENTO COM JERONIMO GUEIROS E/F DA QUITANDARIA RUA DO CANAL,ENCRUZILHADA,COLISÃO,COLISAO DE MOTO E AUTO COM UMA VITIMA,1,1,,,,,,,,1,,,,,,,,,,,,,,,,,,
2016-06-16,00:07:00,COM VÍTIMA,FINALIZADA,ILHA DO RETIRO,AV ENGENHEIRO ABDIAS DE CARVALHO,0,,,EM AFRENTE AO ESDADIO DO SPORT,AV ENGENHEIRO ABDIAS DE CARVALHO,0,EM AFRENTE AO ESDADIO DO SPORT,ILHA DO RETIRO,COLISÃO,COLISAO ENTRE MOTO E AUTO,1,1,,,,,,,,1,,,,,,,,,,,,,,,,,,
2016-06-16,09:14:00,COM VÍTIMA,FINALIZADA,BOA VIAGEM,AV ENGENHEIRO DOMINGOS FERREIRA,0,,,EM FRENTE AO BR,AV ENGENHEIRO DOMINGOS FERREIRA,0,EM FRENTE AO BR,BOA VIAGEM,COLISÃO,COL.C/V SET.DIREITA,,2,,,,,,,,1,,,,,,,,,,,,,,,,,,
2016-06-16,12:21:00,COM VÍTIMA,FINALIZADA,CASA AMARELA,RUA PADRE LEMOS,5,63548,,EM FRENTE A FARMACIA BIG BEN,RUA PADRE LEMOS,63548,EM FRENTE A FARMACIA BIG BEN,CASA AMARELA,COLISÃO,AUTO X MOTO,1,1,,,,,,,,1,,,,,,,,,,,,,,,,,,
2016-06-16,17:07:00,COM VÍTIMA,FINALIZADA,SAO JOSE,AV DANTAS BARRETO,0,,,CRUZ COM A AVENIDA GUARARAPES  SENTIDO CORREIOS,AV DANTAS BARRETO,0,CRUZ COM A AVENIDA GUARARAPES  SENTIDO CORREIOS,SÃO JOSÉ,ATROPELAMENTO,01 ONIBUS,,,,,1,1,,,,1,,,,,,,,,,,,,,,,,,
2016-06-16,20:28:00,COM VÍTIMA,FINALIZADA,AREIAS,AV DR JOSE RUFINO,0,,,NA ENTRADA DE JARDIM SÃO PAULO,AV DR JOSE RUFINO,0,NA ENTRADA DE JARDIM SÃO PAULO,AREIAS,COLISÃO,ONIBUS E MOTO,,1,,,,1,,,,1,,,,,,,,,,,,,,,,,,
2016-06-17,06:30:00,COM VÍTIMA,FINALIZADA,ENCRUZILHADA,AV NORTE,0,,,SEMAFORO 043  CRUZ COM A AV JOÃO DE BARROS,AV NORTE,0,SEMAFORO 043  CRUZ COM A AV JOÃO DE BARROS,ENCRUZILHADA,COLISÃO,COM VITIMAS,1,1,,,,,,,,1,,,,,,,,,,,,,,,,,,
2016-06-17,15:12:00,COM VÍTIMA,FINALIZADA,BONGI,EST DO BONGI,3,290,,EM FRENTE A FACULDADE NOVA ROMA,EST DO BONGI,290,EM FRENTE A FACULDADE NOVA ROMA,BONGI,COLISÃO,COLISAO ENVOLVENDO AUTO E MOTO,1,1,,,,,,,,1,,,,,,,,,,,,,,,,,,
2016-06-17,20:53:00,COM VÍTIMA,FINALIZADA,ESTANCIA,AV RECIFE,0,,,ENFR AO MAKRO SENTIDO IBIRIBEIRA,AV RECIFE,0,ENFR AO MAKRO SENTIDO IBIRIBEIRA,ESTÂNCIA,COLISÃO COM CICLISTA,ATROPELAMENTO CICLISTA E AUTO,1,,,1,,,,,,1,,,,,,,,,,,,,,,,,,
2016-06-17,22:18:00,COM VÍTIMA,FINALIZADA,BEBERIBE,AV BEBERIBE,0,,,PROX POSTO DE SAUDE DE BEBERIBE,AV BEBERIBE,0,PROX POSTO DE SAUDE DE BEBERIBE,BEBERIBE,COLISÃO,ONIBUS CAXANGA X AUTO,1,,,,,1,,,,2,,,,,,,,,,,,,,,,,,
2016-06-17,22:20:00,COM VÍTIMA,FINALIZADA,IBURA,RUA SATIRO DIAS,3,176,,PROX. A ASSOCIAÇAO DOS MORADORES  IBURA DE BAIXO,RUA SATIRO DIAS,176,PROX. A ASSOCIAÇAO DOS MORADORES  IBURA DE BAIXO,IBURA,COLISÃO,COLISAO ENTRE DUAS MOTOS C/V,,2,,,,,,,,3,,,,,,,,,,,,,,,,,,
2016-06-18,07:25:00,COM VÍTIMA,FINALIZADA,ESTANCIA,AV RECIFE,0,,,em frente ao makro  sentido BR,AV RECIFE,0,em frente ao makro  sentido BR,ESTÂNCIA,TOMBAMENTO,,,1,,,,,,,,1,,,,,,,,,,,,,,,,,,
2016-06-18,07:58:00,COM VÍTIMA,FINALIZADA,IBURA,RUA EMILIO MONTEIRO FONSECA,2,31,,E/F A IGREJA ASSEMBLEIA DE DEUS. NO LADO DIREITO DA VIA  SENTIDO JORDÃO BAIXO.,RUA EMILIO MONTEIRO FONSECA,31,E/F A IGREJA ASSEMBLEIA DE DEUS. NO LADO DIREITO DA VIA  SENTIDO JORDÃO BAIXO.,IBURA,COLISÃO,COM UMA VÍTIMA,1,1,,,,,,,,1,,,,,,,,,,,,,,,,,,
2016-06-18,08:32:00,COM VÍTIMA,FINALIZADA,ILHA JOANA BEZERRA,AV CENTRAL,0,,,EM FRENTE AO TI JOANA BEZERRA,AV CENTRAL,0,EM FRENTE AO TI JOANA BEZERRA,JOANA BEZERRA,COLISÃO COM CICLISTA,COM VITIMA,,,,1,,1,,,,1,,,,,,,,,,,,,,,,,,
2016-06-18,14:45:00,COM VÍTIMA,FINALIZADA,CACOTE,RUA AURORA CACOTE,2,23,,AO LADO DA CHURRASCARIA GALETUS,RUA AURORA CACOTE,23,AO LADO DA CHURRASCARIA GALETUS,CAÇOTE,COLISÃO,COLISÃO COM VITIMAS SAMU NO LOCAL LOCAL DESCARACTERIZADO,,2,,,,,,,,1,,,,,,,,,,,,,,,,,,
2016-06-18,15:39:00,COM VÍTIMA,FINALIZADA,AGUA FRIA,RUA SAO BENTO,0,,,EM FRENTE O POSTO PRETROCAL,RUA SAO BENTO,0,EM FRENTE O POSTO PRETROCAL,ÁGUA FRIA,ATROPELAMENTO,ÔNIBUS E PEDESTRE,,,,,1,1,,,,1,,,,,,,,,,,,,,,,,,
2016-06-18,16:54:00,COM VÍTIMA,FINALIZADA,BOA VISTA,AV CONDE DA BOA VISTA,0,,,SEMAFORO 162 CRUZ COM RUA DA AURORA,AV CONDE DA BOA VISTA,0,SEMAFORO 162 CRUZ COM RUA DA AURORA,BOA VISTA,COLISÃO,COLISAO COM VITIMAS,,1,1,,,,,,,1,,,,,,,,,,,,,,,,,,
2016-06-18,19:23:00,COM VÍTIMA,FINALIZADA,CAMPO GRANDE,RUA MARQUES DE BAIPENDI,3,375,,PROX. AO CALDINHO DA ZEZE,RUA MARQUES DE BAIPENDI,375,PROX. AO CALDINHO DA ZEZE,CAMPO GRANDE,COLISÃO,COLISAO ENTRE AUTO E MOTO C/V,1,1,,,,,,,,1,,,,,,,,,,,,,,,,,,
2016-06-18,19:33:00,COM VÍTIMA,FINALIZADA,APIPUCOS,RUA DE APIPUCOS,3,487,,EM FRENDE A CASA DE FESTA ARCADIA,RUA DE APIPUCOS,487,EM FRENDE A CASA DE FESTA ARCADIA,APIPUCOS,COLISÃO,COLISAO ENTRE DOIS AUTOS C/V,2,,,,,,,,,1,,,,,,,,,,,,,,,,,,
2016-06-18,19:40:00,COM VÍTIMA,FINALIZADA,CAMPO GRANDE,EST DE BELEM,0,,,CRUZAMENTO COM PRUDENTE DE MORAIS ENFR AO POSTO TOTAL,EST DE BELEM,0,CRUZAMENTO COM PRUDENTE DE MORAIS ENFR AO POSTO TOTAL,CAMPO GRANDE,COLISÃO,AUTO E MOTO,1,1,,,,,,,,1,,,,,,,,,,,,,,,,,,
2016-06-18,20:12:00,COM VÍTIMA,FINALIZADA,TORROES,AV ENGENHEIRO ABDIAS DE CARVALHO,0,,,ENF AO YOKI E ESQUINA COM A GENERAL DO FORTE,AV ENGENHEIRO ABDIAS DE CARVALHO,0,ENF AO YOKI E ESQUINA COM A GENERAL DO FORTE,TORRÕES,COLISÃO,AUTO E MOTO,,1,,,,,,,,1,,,,,,,,,,,,,,,,,,
2016-06-18,21:29:00,COM VÍTIMA,FINALIZADA,IBURA,AV JORNALISTA COSTA PORTO,0,,,PROX A LADEIRA MONTE VERDE E AO MERCADINHO VAREJAO BRASILEIRO,AV JORNALISTA COSTA PORTO,0,PROX A LADEIRA MONTE VERDE E AO MERCADINHO VAREJAO BRASILEIRO,IBURA,COLISÃO,DUAS MOTOS,,2,,,,,,,,1,,,,,,,,,,,,,,,,,,
2016-06-19,08:22:00,COM VÍTIMA,FINALIZADA,SANTO AMARO,RUA PALMARES,0,,,PROXIMO AO COMANDO DA GUARDA MUNICIPAL DO RECIFE,RUA PALMARES,0,PROXIMO AO COMANDO DA GUARDA MUNICIPAL DO RECIFE,SANTO AMARO,COLISÃO,COLISÃO COM VITIMA,,,,,,,,,,1,,,,,,,,,,,,,,,,,,
2016-06-20,07:53:00,COM VÍTIMA,FINALIZADA,BOA VIAGEM,RUA COSMORAMA,2,25,,E/F A INDUSTRIA BECKER (NO SEMÁFORO Nº 556),RUA COSMORAMA,25,E/F A INDUSTRIA BECKER (NO SEMÁFORO Nº 556),BOA VIAGEM,COLISÃO,COM UMA VÍTIMA.,1,1,,,,,,,,1,,,,,,,,,,,,,,,,,,
2016-06-20,12:26:00,COM VÍTIMA,FINALIZADA,MADALENA,RUA GOMES TABORDA,4,1645,,ENTRE VAREJÃO KENNEDY,RUA GOMES TABORDA,1645,ENTRE VAREJÃO KENNEDY,MADALENA,COLISÃO,01 AUTO 01 MOTO,1,1,,,,,,,,1,,,,,,,,,,,,,,,,,,
2016-06-20,12:40:00,COM VÍTIMA,FINALIZADA,CASA AMARELA,RUA PADRE LEMOS,3,785,,E/F DO NORTE SHOW,RUA PADRE LEMOS,785,E/F DO NORTE SHOW,CASA AMARELA,COLISÃO,COLISAO DE MOTO E AUTO COM UMA VITIMA,1,1,,,,,,,,1,,,,,,,,,,,,,,,,,,
2016-06-20,16:21:00,COM VÍTIMA,FINALIZADA,IMBIRIBEIRA,AV RECIFE,0,,,PROXÍMO AO SEMÁFORO 393,AV RECIFE,0,PROXÍMO AO SEMÁFORO 393,IMBIRIBEIRA,COLISÃO,COLISÃO COM VÍTIMA,1,1,,,,,,,,1,,,,,,,,,,,,,,,,,,
2016-06-20,18:38:00,COM VÍTIMA,FINALIZADA,APIPUCOS,AV DEZESSETE DE AGOSTO,0,,,AO LADO DO POSTO DISLUB  PROX. AO AÇUDE,AV DEZESSETE DE AGOSTO,0,AO LADO DO POSTO DISLUB  PROX. AO AÇUDE,APIPUCOS,COLISÃO,COLISAO ENTRE AUTO E MOTO C/V,1,1,,,,,,,,1,,,,,,,,,,,,,,,,,,
2016-06-20,20:30:00,COM VÍTIMA,FINALIZADA,CORDEIRO,AV CAXANGA,0,,,EM FRENTE AO BANCO ITAU  SENTIDO CIDADE,AV CAXANGA,0,EM FRENTE AO BANCO ITAU  SENTIDO CIDADE,CORDEIRO,COLISÃO,COLISAO ENTRE MOTO E ONIBUS C/V,,1,,,,1,,,,2,,,,,,,,,,,,,,,,,,
2016-06-20,22:34:00,COM VÍTIMA,FINALIZADA,BOA VIAGEM,AV BOA VIAGEM,4,5526,,PROX. AO HOTEL MERCURE  ANTES DO SEMAFORO148,AV BOA VIAGEM,5526,PROX. AO HOTEL MERCURE  ANTES DO SEMAFORO148,BOA VIAGEM,COLISÃO,COLISAO ENTRE AUTO E MOTO C/V,1,1,,,,,,,,1,,,,,,,,,,,,,,,,,,
2016-06-21,07:41:00,COM VÍTIMA,FINALIZADA,CAMPO GRANDE,RUA JERONIMO VILELA,3,449,,EM FRENTE A GALERIA CAZÉ,RUA JERONIMO VILELA,449,EM FRENTE A GALERIA CAZÉ,CAMPO GRANDE,COLISÃO,COLISÃO SEM VÍTIMA,1,1,,,,,,,,1,,,,,,,,,,,,,,,,,,
2016-06-21,07:42:00,COM VÍTIMA,FINALIZADA,AREIAS,AV DR JOSE RUFINO,3,832,,EM FRENTE DA MOLAS RECIFE,AV DR JOSE RUFINO,832,EM FRENTE DA MOLAS RECIFE,AREIAS,COLISÃO,COL.C/V SET.JABOATAO,1,1,,,,,,,,1,,,,,,,,,,,,,,,,,,
2016-06-21,10:25:00,COM VÍTIMA,FINALIZADA,VARZEA,RUA ELOI MENDES,0,,,NA RUA DA PIZZARIA PAULINA  NA LADEIRA DO R7,RUA ELOI MENDES,0,NA RUA DA PIZZARIA PAULINA  NA LADEIRA DO R7,VÁRZEA,COLISÃO,COL.C/V SET.R7,1,,1,,,,,,,1,,,,,,,,,,,,,,,,,,
2016-06-21,19:43:00,COM VÍTIMA,FINALIZADA,CASA AMARELA,EST VELHA DE AGUA FRIA,0,,,PROX AO BAR DO CHICO OBS : VT 17 DA CTTU ESTA NO LOCAL,EST VELHA DE AGUA FRIA,0,PROX AO BAR DO CHICO OBS : VT 17 DA CTTU ESTA NO LOCAL,CASA AMARELA,COLISÃO COM CICLISTA,CAMINHAO PIPA E CICLISTA OBS: VT 17 DA CTTU ESTA NO LOCAL,,,,1,,,1,,,1,,,,,,,,,,,,,,,,,,
2016-06-21,19:52:00,COM VÍTIMA,FINALIZADA,ARRUDA,AV BEBERIBE,0,,,EM FRENTE AO POSTO BR/BUDEGA - PROX. AO PONTILHÃO DO ARRUDA,AV BEBERIBE,0,EM FRENTE AO POSTO BR/BUDEGA - PROX. AO PONTILHÃO DO ARRUDA,ARRUDA,COLISÃO,COLISÃO MOTO X MOTO,,2,,,,,,,,2,,,,,,,,,,,,,,,,,,
2016-06-21,23:35:00,COM VÍTIMA,FINALIZADA,PONTO DE PARADA,AV BEBERIBE,0,,,BAR FUGAO,AV BEBERIBE,0,BAR FUGAO,PONTO DE PARADA,COLISÃO,COLISAO ENTRE AUTO E MOTO C/V,1,1,,,,,,,,1,,,,,,,,,,,,,,,,,,
2016-06-22,09:02:00,COM VÍTIMA,FINALIZADA,BONGI,RUA CARLOS GOMES,3,932,,EM FRENTE AO POSTO DE SAÚDE ROMERO MARQUES,RUA CARLOS GOMES,932,EM FRENTE AO POSTO DE SAÚDE ROMERO MARQUES,BONGI,COLISÃO,COLISÃO COM VÍTIMA,1,1,,,,,,,,1,,,,,,,,,,,,,,,,,,
2016-06-22,23:44:00,COM VÍTIMA,FINALIZADA,BOA VIAGEM,RUA COPACABANA,0,,,NO CRUZAMENTO COM A VINTE DE JANEIRO  EM FRENTE AO COLEGIO FERNANDO MOTA,RUA COPACABANA,0,NO CRUZAMENTO COM A VINTE DE JANEIRO  EM FRENTE AO COLEGIO FERNANDO MOTA,BOA VIAGEM,COLISÃO,COLISAO ENTRE ONIBUS E AUTO// COM VITIMA,1,,,,,1,,,,1,,,,,,,,,,,,,,,,,,
2016-06-23,08:17:00,COM VÍTIMA,FINALIZADA,CASA FORTE,EST DAS UBAIAS,3,170,,HA 20 METROS DO MERCADINHO BOM DEMAIS,EST DAS UBAIAS,170,HA 20 METROS DO MERCADINHO BOM DEMAIS,CASA FORTE,ATROPELAMENTO,ATROPELAMENTO COM UMA VITIMA A ESPERA DO SAMU CTTU NO LOCAL GM NO LOCAL,1,,,,1,,,,,1,,,,,,,,,,,,,,,,,,
2016-06-23,08:22:00,COM VÍTIMA,FINALIZADA,CASA AMARELA,RUA PADRE LEMOS,2,94,,E/F AO MERCADO DE CASA AMARELA  NO LADO DIREITO DA VIA.,RUA PADRE LEMOS,94,E/F AO MERCADO DE CASA AMARELA  NO LADO DIREITO DA VIA.,CASA AMARELA,COLISÃO,ART 181,1,1,,,,,,,,1,,,,,,,,,,,,,,,,,,
2016-06-23,10:15:00,COM VÍTIMA,FINALIZADA,TORRE,RUA CONDE DE IRAJA,0,,,PROXIMO A IGREJA DA TORRE,RUA CONDE DE IRAJA,0,PROXIMO A IGREJA DA TORRE,TORRE,COLISÃO,COLISÃO AUTO E MOTO,1,1,,,,,,,,1,,,,,,,,,,,,,,,,,,
2016-06-23,14:34:00,COM VÍTIMA,FINALIZADA,VARZEA,RUA GASTAO VIDIGAL,0,,,PROX DA UPA NO SEMAFORO 281,RUA GASTAO VIDIGAL,0,PROX DA UPA NO SEMAFORO 281,VÁRZEA,COLISÃO,COLISAO DE MOTO E CAMINHAO COM UMA VITIMA,,1,,,,,1,,,1,,,,,,,,,,,,,,,,,,
2016-06-23,20:01:00,COM VÍTIMA,FINALIZADA,SANTO ANTONIO,AV GUARARAPES,0,,,EM FRENTE A FACULDADE JOAQUIM NABUCO - VIA LOCAL/SENTIDO CIDADE,AV GUARARAPES,0,EM FRENTE A FACULDADE JOAQUIM NABUCO - VIA LOCAL/SENTIDO CIDADE,SANTO ANTÔNIO,ATROPELAMENTO,ONIBUS X MULHER,,,,,1,1,,,,1,,,,,,,,,,,,,,,,,,
2016-06-23,21:37:00,COM VÍTIMA,FINALIZADA,ENCRUZILHADA,RUA DONA ELVIRA,3,287,,EM FRENTE AO BAR BOTECO JANUARIO E CONFRARIA DO MAR,RUA DONA ELVIRA,287,EM FRENTE AO BAR BOTECO JANUARIO E CONFRARIA DO MAR,ENCRUZILHADA,COLISÃO,MOTO E AUTO,1,1,,,,,,,,1,,,,,,,,,,,,,,,,,,
2016-06-23,23:41:00,COM VÍTIMA,FINALIZADA,VASCO DA GAMA,RUA ALTO DO EUCALIPTO,2,XX,,PROX. TERMINAL DO VASCO DA GAMA  E EM FRENTE DO ARMAZEM BETO FERRAGEM,RUA ALTO DO EUCALIPTO,XX,PROX. TERMINAL DO VASCO DA GAMA  E EM FRENTE DO ARMAZEM BETO FERRAGEM,VASCO DA GAMA,ATROPELAMENTO,MOTO E PEDESTRE,,1,,,1,,,,,1,,,,,,,,,,,,,,,,,,
2016-06-24,00:10:00,COM VÍTIMA,FINALIZADA,IMBIRIBEIRA,AV MARECHAL MASCARENHAS DE MORAES,2,XX,,EM FRENTE A INFRAERO SENT. PRAZERES,AV MARECHAL MASCARENHAS DE MORAES,XX,EM FRENTE A INFRAERO SENT. PRAZERES,IMBIRIBEIRA,COLISÃO,MOTO E AUTO,1,1,,,,,,,,1,,,,,,,,,,,,,,,,,,
2016-06-24,03:40:00,COM VÍTIMA,FINALIZADA,ARRUDA,AV BEBERIBE,2,XX,,EM FRENTE A DISNOVE  HA 200 METROS DO ESTADIO DO ARRUDA,AV BEBERIBE,XX,EM FRENTE A DISNOVE  HA 200 METROS DO ESTADIO DO ARRUDA,ARRUDA,COLISÃO,DOIS AUTOS,2,,,,,,,,,1,,,,,,,,,,,,,,,,,,
2016-06-24,07:00:00,COM VÍTIMA,FINALIZADA,IMBIRIBEIRA,AV PINHEIROS,0,,,NO SEMAFORO Nº537,AV PINHEIROS,0,NO SEMAFORO Nº537,IMBIRIBEIRA,COLISÃO,COL.C/V,1,1,,,,,,,,1,,,,,,,,,,,,,,,,,,
2016-06-24,23:26:00,COM VÍTIMA,FINALIZADA,ARRUDA,RUA DO MACHADO,0,,,NO CRUZAMENTO COM RUA ZEFERINO AGRA  AO LADO DA IGRJA DE SANTO ANTONIO,RUA DO MACHADO,0,NO CRUZAMENTO COM RUA ZEFERINO AGRA  AO LADO DA IGRJA DE SANTO ANTONIO,ARRUDA,COLISÃO,COLISAO ENTRE AUTO E MOTO,1,1,,,,,,,,1,,,,,,,,,,,,,,,,,,