data,hora,natureza_acidente,situacao,bairro,endereco,,numero,detalhe_endereco_acidente,complemento,endereco_cruzamento,numero_cruzamento,referencia_cruzamento,bairro_cruzamento,tipo,descricao,auto,moto,ciclom,ciclista,pedestre,onibus,caminhao,viatura,outros,vitimas,vitimasfatais,num_semaforo,sentido_via,acidente_verificado,tempo_clima,situacao_semaforo,sinalizacao,condicao_via,conservacao_via,ponto_controle,situacao_placa,velocidade_max_via,mao_direcao,divisao_via1,divisao_via2,divisao_via3,_id,Protocolo
2016-08-15,18:02:00,COM VÍTIMA,FINALIZADA,TORROES,AV ENGENHEIRO ABDIAS DE CARVALHO,2,XX,,NO POSTO IPIRANGA EM FRENTE A IOKI GALETOS,AV ENGENHEIRO ABDIAS DE CARVALHO,XX,NO POSTO IPIRANGA EM FRENTE A IOKI GALETOS,TORRÕES,ATROPELAMENTO,AUTO E PEDESTRE,1,,,,1,,,,,1,,,,,,,,,,,,,,,,,,
2016-08-15,20:33:00,COM VÍTIMA,FINALIZADA,TORROES,AV BICENTENARIO DA REVOLUCAO FRANCESA,0,,,PROX AO TERMINAL DE RODA DE FOGO ENF AO POSTO POLICIAL,AV BICENTENARIO DA REVOLUCAO FRANCESA,0,PROX AO TERMINAL DE RODA DE FOGO ENF AO POSTO POLICIAL,TORRÕES,COLISÃO,AUTO E MOTO,1,1,,,,,,,,1,,,,,,,,,,,,,,,,,,
2016-08-16,08:25:00,COM VÍTIMA,FINALIZADA,SAO JOSE,AV SUL,0,,,EM BAIXO DO PONTILHÃO,AV SUL,0,EM BAIXO DO PONTILHÃO,SÃO JOSÉ,COLISÃO,MOTO ATROPELOU ANIMAL (CÃO),,1,,,,,,,1,1,,,,,,,,,,,,,,,,,,
2016-08-16,19:22:00,COM VÍTIMA,FINALIZADA,SANTO AMARO,AV CRUZ CABUGA,0,,,COM A AV MARIO MELO,AV CRUZ CABUGA,0,COM A AV MARIO MELO,SANTO AMARO,COLISÃO,AUTO E MOTO,1,1,,,,,,,,2,,,,,,,,,,,,,,,,,,
2016-08-17,08:11:00,COM VÍTIMA,FINALIZADA,BOA VIAGEM,RUA DEZ DE JULHO,0,,,ESQUINA COM A RUA ENG LAURO BORBA,RUA DEZ DE JULHO,0,ESQUINA COM A RUA ENG LAURO BORBA,BOA VIAGEM,COLISÃO,COM VITIMA SENDO SOCORRIDO PELO BOMBEIRO,1,1,,,,,,,,1,,,,,,,,,,,,,,,,,,
2016-08-17,12:13:00,COM VÍTIMA,FINALIZADA,SANTO AMARO,AV CRUZ CABUGA,3,585,,E/F AO SANTANDER,AV CRUZ CABUGA,585,E/F AO SANTANDER,SANTO AMARO,COLISÃO,COLISAO ENTRE MOTOS,,2,,,,,,,,1,,,,,,,,,,,,,,,,,,
2016-08-17,14:15:00,COM VÍTIMA,FINALIZADA,BOA VISTA,RUA DO HOSPICIO,0,,,CRUZAMENTO COM A RUA RIACHUELO O SEMAFORO 092,RUA DO HOSPICIO,0,CRUZAMENTO COM A RUA RIACHUELO O SEMAFORO 092,BOA VISTA,ATROPELAMENTO,ATROPELAMENTO COM UMA VITIMA,1,,,,1,,,,,1,,,,,,,,,,,,,,,,,,
2016-08-17,15:48:00,COM VÍTIMA,FINALIZADA,BOA VIAGEM,RUA JOAO CARDOSO AIRES,0,,,TERMINAL DO ONIBUS DE SETUBAL,RUA JOAO CARDOSO AIRES,0,TERMINAL DO ONIBUS DE SETUBAL,BOA VIAGEM,COLISÃO,AUTO X MOTO,,,,,,,,,,1,,,,,,,,,,,,,,,,,,
2016-08-17,16:42:00,COM VÍTIMA,FINALIZADA,BOA VIAGEM,RUA SA E SOUZA,3,225,,EM FRENTE AO LABORATORIO GILSON CIDRIN,RUA SA E SOUZA,225,EM FRENTE AO LABORATORIO GILSON CIDRIN,BOA VIAGEM,COLISÃO,MOTO E AUTO,1,1,,,,,,,,1,,,,,,,,,,,,,,,,,,
2016-08-17,17:57:00,COM VÍTIMA,FINALIZADA,MADALENA,RUA REAL DA TORRE,0,,,MERCADO DA MADALENA,RUA REAL DA TORRE,0,MERCADO DA MADALENA,MADALENA,COLISÃO,SANDERO FORD MOTO ESCORT CORSA FORD RANGER,,,,,,,,,,3,,,,,,,,,,,,,,,,,,
2016-08-17,20:38:00,COM VÍTIMA,FINALIZADA,IMBIRIBEIRA,RUA ANTONIO FALCAO,0,,,APOS A ESTAÇAO  SENTIDO IPSEP,RUA ANTONIO FALCAO,0,APOS A ESTAÇAO  SENTIDO IPSEP,IMBIRIBEIRA,CHOQUE,VEICULO CHOCOU-SE NUMA BARRACA DE ESPETINHO  C/V,1,,,,,,,,,1,,,,,,,,,,,,,,,,,,
2016-08-17,22:33:00,COM VÍTIMA,FINALIZADA,ENCRUZILHADA,PTE JOAO DE BARROS,0,,,EM FRENTE A LOJAS AMERICANAS  SENTIDO SUBURBIO  SEMAFORO 042,PTE JOAO DE BARROS,0,EM FRENTE A LOJAS AMERICANAS  SENTIDO SUBURBIO  SEMAFORO 042,ENCRUZILHADA,COLISÃO,COLISAO ENTRE VAN E MOTO C/V,,1,,,,,,,1,1,,,,,,,,,,,,,,,,,,
2016-08-18,07:33:00,COM VÍTIMA,FINALIZADA,SANTO AMARO,AV CRUZ CABUGA,0,,,ESQUINA COM RUA DOIS DE JULHO,AV CRUZ CABUGA,0,ESQUINA COM RUA DOIS DE JULHO,SANTO AMARO,COLISÃO,COLISÃO ENTRE AUTO E MOTO COM 1 VÍTIMA,1,1,,,,,,,,1,,,,,,,,,,,,,,,,,,
2016-08-18,12:25:00,COM VÍTIMA,FINALIZADA,CAJUEIRO,AV BEBERIBE,4,3195,,NA ENTRADA DE CAJUEIRO PARTE ALTA,AV BEBERIBE,3195,NA ENTRADA DE CAJUEIRO PARTE ALTA,CAJUEIRO,COLISÃO,COLISAO DE MOTO E AUTOS COM UMA VITIMA,1,1,,,,,,,,1,,,,,,,,,,,,,,,,,,
2016-08-18,12:53:00,COM VÍTIMA,FINALIZADA,IBURA,AV DOIS RIOS,0,,,PX A IGREJA MORMOS,AV DOIS RIOS,0,PX A IGREJA MORMOS,IBURA,COLISÃO,COLISAO ENTRE AUTO E MOTO,1,1,,,,,,,,1,,,,,,,,,,,,,,,,,,
2016-08-18,14:32:00,COM VÍTIMA,FINALIZADA,MADALENA,AV BEIRA RIO,0,,,E/F A UNIAO DOS VEREADORES DE PERNANBUCO,AV BEIRA RIO,0,E/F A UNIAO DOS VEREADORES DE PERNANBUCO,MADALENA,COLISÃO,COLISAO ENTRE AUTO E MOTO,1,1,,,,,,,,1,,,,,,,,,,,,,,,,,,
2016-08-18,15:25:00,COM VÍTIMA,FINALIZADA,AFOGADOS,AV SUL,2,XX,,SOB O PONTILHÃO,AV SUL,XX,SOB O PONTILHÃO,AFOGADOS,COLISÃO,AUTO E MOTO,1,1,,,,,,,,1,,,,,,,,,,,,,,,,,,
2016-08-18,16:53:00,COM VÍTIMA,FINALIZADA,IBURA,RUA SOLDADO VIRGILIO LUCIO,0,,,LADEIRA DA UR-04  E/F A PADARIA MONZA,RUA SOLDADO VIRGILIO LUCIO,0,LADEIRA DA UR-04  E/F A PADARIA MONZA,IBURA,COLISÃO,01 ONIBUS 01 CARRO,1,,,,,1,,,,1,,,,,,,,,,,,,,,,,,
2016-08-18,21:18:00,COM VÍTIMA,FINALIZADA,VARZEA,RUA MARECHAL MANOEL LUIS OSORIO,0,,,PROX AO COLEGIO PONTUAL CRUZAMENTO COM PRF ANTONIO COELHO,RUA MARECHAL MANOEL LUIS OSORIO,0,PROX AO COLEGIO PONTUAL CRUZAMENTO COM PRF ANTONIO COELHO,VÁRZEA,COLISÃO,AUTO E MOTO,1,1,,,,,,,,1,,,,,,,,,,,,,,,,,,
2016-08-19,08:11:00,COM VÍTIMA,FINALIZADA,IPSEP,AV RECIFE,0,,,SENTIDO CID/SUBURBIO ANTES DO POSTO SHELL,AV RECIFE,0,SENTIDO CID/SUBURBIO ANTES DO POSTO SHELL,IPSEP,ATROPELAMENTO,HONDA TITAN ATROPELAMENTO,,1,,,1,,,,,1,,,,,,,,,,,,,,,,,,
2016-08-19,08:35:00,COM VÍTIMA,FINALIZADA,MADALENA,RUA BENFICA,2,XX,,AO LADO DO COLEGIO GGE,RUA BENFICA,XX,AO LADO DO COLEGIO GGE,MADALENA,COLISÃO,COLISÃO COM 1 VITIMA A ESPERA DO SAMU,1,1,,,,,,,,1,,,,,,,,,,,,,,,,,,
2016-08-19,08:51:00,COM VÍTIMA,FINALIZADA,CAXANGA,AV CAXANGA,0,,,EM FRENTE A INTEGRAÇÃO DA CAXANGA SENT/SUB/CIDADE,AV CAXANGA,0,EM FRENTE A INTEGRAÇÃO DA CAXANGA SENT/SUB/CIDADE,CAXANGÁ,COLISÃO,COM VITIMA  MOTORISTA DO AUTO GESTANTE.,1,1,,,,,,,,1,,,,,,,,,,,,,,,,,,
2016-08-19,12:15:00,COM VÍTIMA,FINALIZADA,BOA VIAGEM,AV CONSELHEIRO AGUIAR,0,,,SEMAFORO 005  E/F A MC DONALDS  CRUZ AV ARTHUR MUNIZ,AV CONSELHEIRO AGUIAR,0,SEMAFORO 005  E/F A MC DONALDS  CRUZ AV ARTHUR MUNIZ,BOA VIAGEM,ATROPELAMENTO,ATROPELAMENTO/IDOSO,1,,,,1,,,,,1,,,,,,,,,,,,,,,,,,
2016-08-19,13:33:00,COM VÍTIMA,FINALIZADA,CABANGA,AV SUL,0,,,PROXIMO A ENTRADA DO CABANGA,AV SUL,0,PROXIMO A ENTRADA DO CABANGA,CABANGA,ATROPELAMENTO,ATROPELAMENTO NA PISTA EXCLUSIVA,1,,,,1,,,,,1,,,,,,,,,,,,,,,,,,
2016-08-19,16:34:00,COM VÍTIMA,FINALIZADA,SAN MARTIN,RUA VINTE E UM DE ABRIL,0,,,COM A PEDRO MELO PROX DA PANIFICADORA PARIS S/T CEASA,RUA VINTE E UM DE ABRIL,0,COM A PEDRO MELO PROX DA PANIFICADORA PARIS S/T CEASA,SAN MARTIN,COLISÃO,COLISAO DE MOTO E AUTO COM DUAS VITIMAS,1,1,,,,,,,,2,,,,,,,,,,,,,,,,,,
2016-08-19,20:45:00,COM VÍTIMA,FINALIZADA,IPSEP,AV RECIFE,0,,,EM FRENTE AO POSTO SHELL,AV RECIFE,0,EM FRENTE AO POSTO SHELL,IPSEP,COLISÃO,COLISAO ENTRE AUTO E MOTO,1,1,,,,,,,,2,,,,,,,,,,,,,,,,,,
2016-08-20,05:32:00,COM VÍTIMA,FINALIZADA,IPSEP,RUA JEAN EMILE FAVRE,0,,,EM FRENTE A DELEGACIA DO IPSEP,RUA JEAN EMILE FAVRE,0,EM FRENTE A DELEGACIA DO IPSEP,IPSEP,COLISÃO,COLISÃO ENTRE MOTO E ÔNIBUS COM VÍTIMA,,1,,,,1,,,,1,,,,,,,,,,,,,,,,,,
2016-08-20,09:49:00,COM VÍTIMA,FINALIZADA,BONGI,RUA ISAAC MARKMAN,3,421,,EM FRENTE DO ESCRITORIO DA CELPE E TERMINAL DE ONIBUS DO BONGI,RUA ISAAC MARKMAN,421,EM FRENTE DO ESCRITORIO DA CELPE E TERMINAL DE ONIBUS DO BONGI,BONGI,COLISÃO,MOTO E CAMINHÃO,1,,,,,,1,,,1,,,,,,,,,,,,,,,,,,
2016-08-20,11:40:00,COM VÍTIMA,FINALIZADA,BOA VIAGEM,AV BOA VIAGEM,4,3610,,EM FRENTE AO EDIFICIO PORTO CANOA,AV BOA VIAGEM,3610,EM FRENTE AO EDIFICIO PORTO CANOA,BOA VIAGEM,COLISÃO,COLISÃO COM 1 VITIMA A ESPERA DO SAMU,1,1,,,,,,,,1,,,,,,,,,,,,,,,,,,
2016-08-20,13:00:00,COM VÍTIMA,FINALIZADA,DOIS UNIDOS,AV HILDEBRANDO DE VASCONCELOS,3,540,,PROX DA PADARIA DOIS UNIDOS,AV HILDEBRANDO DE VASCONCELOS,540,PROX DA PADARIA DOIS UNIDOS,DOIS UNIDOS,COLISÃO,COLISAO DE ONIBUS E MOTO COM UMA VITIMA,,1,,,,1,,,,1,,,,,,,,,,,,,,,,,,
2016-08-20,13:47:00,COM VÍTIMA,FINALIZADA,AFOGADOS,EST DOS REMEDIOS,0,,,E/F BAR CABOCLINO DENTRO DO POSTO MEGA,EST DOS REMEDIOS,0,E/F BAR CABOCLINO DENTRO DO POSTO MEGA,AFOGADOS,COLISÃO,COLISAO DE MOTO E DOIS AUTOS COM UMA VITIMA,2,1,,,,,,,,1,,,,,,,,,,,,,,,,,,
2016-08-20,16:58:00,COM VÍTIMA,FINALIZADA,AGUA FRIA,AV ANIBAL BENEVOLO,0,,,PROX AOCLUB BELA VISTA,AV ANIBAL BENEVOLO,0,PROX AOCLUB BELA VISTA,ÁGUA FRIA,COLISÃO,DUAS MOTO,,2,,,,,,,,2,,,,,,,,,,,,,,,,,,
2016-08-21,01:49:00,COM VÍTIMA,FINALIZADA,AFOGADOS,RUA SAO MIGUEL,0,,,PROX AOS CORREIOS  EM FRENTE A IGREJA DA FE DO BRASIL,RUA SAO MIGUEL,0,PROX AOS CORREIOS  EM FRENTE A IGREJA DA FE DO BRASIL,AFOGADOS,COLISÃO,COLISÃO ENTRE DOIS ONIBUS,,,,,,2,,,,2,,,,,,,,,,,,,,,,,,
2016-08-21,15:49:00,COM VÍTIMA,FINALIZADA,IBURA,RUA VALE DO ITAJAI,0,,,EM FRENTE A UPA,RUA VALE DO ITAJAI,0,EM FRENTE A UPA,IBURA,COLISÃO,MOTO E ONIBUS,,1,,,,1,,,,1,,,,,,,,,,,,,,,,,,
2016-08-21,19:12:00,COM VÍTIMA,FINALIZADA,AGUA FRIA,RUA DO MACHADO,0,,,CRUZAMENTO COM MANOEL SILVA,RUA DO MACHADO,0,CRUZAMENTO COM MANOEL SILVA,ÁGUA FRIA,COLISÃO,AUTO E MOTO,1,1,,,,,,,,1,,,,,,,,,,,,,,,,,,
2016-08-21,21:29:00,COM VÍTIMA,FINALIZADA,SAN MARTIN,AV GENERAL SAN MARTIN,0,,,CRUZAMENTO COM COMES TABORDA,AV GENERAL SAN MARTIN,0,CRUZAMENTO COM COMES TABORDA,SAN MARTIN,COLISÃO,AUTO E MOTO,1,1,,,,,,,,1,,,,,,,,,,,,,,,,,,
2016-08-21,23:34:00,COM VÍTIMA,FINALIZADA,DOIS UNIDOS,AV HILDEBRANDO DE VASCONCELOS,0,,,PROX DO TERMINAL DE ONIBUS DE DOIS UNIDOS,AV HILDEBRANDO DE VASCONCELOS,0,PROX DO TERMINAL DE ONIBUS DE DOIS UNIDOS,DOIS UNIDOS,COLISÃO,COLISÃO ENTRE MOTO E AUTO,1,1,,,,,,,,2,,,,,,,,,,,,,,,,,,
2016-08-22,03:36:00,COM VÍTIMA,FINALIZADA,ILHA JOANA BEZERRA,AV CENTRAL,0,,,EM FRENTE A ESTAÇÃO DE JOANA BEZERRA,AV CENTRAL,0,EM FRENTE A ESTAÇÃO DE JOANA BEZERRA,JOANA BEZERRA,COLISÃO,AUTO E MOTO,1,1,,,,,,,,1,,,,,,,,,,,,,,,,,,
2016-08-22,07:27:00,COM VÍTIMA,FINALIZADA,SAO JOSE,AV DANTAS BARRETO,0,,,ESQUINA COM A SIQUEIRA CAMPOS EM FRENTE AO EDF JK,AV DANTAS BARRETO,0,ESQUINA COM A SIQUEIRA CAMPOS EM FRENTE AO EDF JK,SÃO JOSÉ,ATROPELAMENTO,ATROPELAMENTOM COM UMA VITIMA,1,,,,1,,,,,1,,,,,,,,,,,,,,,,,,
2016-08-22,10:08:00,COM VÍTIMA,FINALIZADA,BOA VIAGEM,AV CELSO FURTADO,0,,,PROXIMO A ANTONIO FALCÃO,AVENIDA CELSO FURTADO (VIA MANGUE),0,PROXIMO A ANTONIO FALCÃO,BOA VIAGEM,COLISÃO,COLISÃO COM VITIMA E CARRO OFICIAL,1,1,,,,,,,,1,,,,,,,,,,,,,,,,,,
2016-08-22,10:47:00,COM VÍTIMA,FINALIZADA,BOA VISTA,AV CONDE DA BOA VISTA,0,,,EM FRENTE RIACHUELO,AV CONDE DA BOA VISTA,0,EM FRENTE RIACHUELO,BOA VISTA,COLISÃO,COL.C/V CD,1,1,,,,,,,,1,,,,,,,,,,,,,,,,,,
2016-08-22,13:37:00,COM VÍTIMA,FINALIZADA,SANTO AMARO,PTE DO LIMOEIRO,0,,,DESCIDA DA PONTE,PTE DO LIMOEIRO,0,DESCIDA DA PONTE,SANTO AMARO,COLISÃO,COLISÃO TRÊS AUTOS COM VITIMA,3,,,,,,,,,1,,,,,,,,,,,,,,,,,,
2016-08-22,16:19:00,COM VÍTIMA,FINALIZADA,CASA AMARELA,RUA DA HARMONIA,3,606,,COM A RUA DONA ROSA DA FONSECA,RUA DA HARMONIA,606,COM A RUA DONA ROSA DA FONSECA,CASA AMARELA,COLISÃO,MOTO E AUTO,1,1,,,,,,,,1,,,,,,,,,,,,,,,,,,
2016-08-22,16:41:00,COM VÍTIMA,FINALIZADA,SANTO AMARO,RUA MAJOR CODECEIRA,0,,,COM A RUA DOS PALMARES ESQUINA DO PROCAP,RUA MAJOR CODECEIRA,0,COM A RUA DOS PALMARES ESQUINA DO PROCAP,SANTO AMARO,COLISÃO,COLISAO DE AUTO E MOTO COM UMA VITIMA,1,1,,,,,,,,1,,,,,,,,,,,,,,,,,,
2016-08-22,17:06:00,COM VÍTIMA,FINALIZADA,ARRUDA,RUA DAS MOCAS,3,642,,PROX DO CAMPO DO SANTA CRUZ,RUA DAS MOCAS,642,PROX DO CAMPO DO SANTA CRUZ,ARRUDA,COLISÃO,COLISAO DE MOTO E AUTO COM UMA VITIMA,,,,,,,1,,,1,,,,,,,,,,,,,,,,,,
2016-08-22,20:49:00,COM VÍTIMA,FINALIZADA,CASA AMARELA,AV NORTE,0,,,SEMAFORO 312  NA DESCIDA DA LADEIRA DO MORRO DA CONCEIÇAO,AV NORTE,0,SEMAFORO 312  NA DESCIDA DA LADEIRA DO MORRO DA CONCEIÇAO,CASA AMARELA,COLISÃO,COLISAO ENTRE AUTO E MOTO,1,1,,,,,,,,1,,,,,,,,,,,,,,,,,,
2016-08-23,06:13:00,COM VÍTIMA,FINALIZADA,ARRUDA,RUA DO TRIUNFO,3,437,,CRUZ COM A RUA DO MACHADO EM FRENTE AO MERCADINHO ARRUDA,RUA DO TRIUNFO,437,CRUZ COM A RUA DO MACHADO EM FRENTE AO MERCADINHO ARRUDA,ARRUDA,COLISÃO,COLISÃO COM 1 VITIMA SOCORRIDA PELO SAMU,2,,,,,,,,,1,,,,,,,,,,,,,,,,,,
2016-08-23,07:28:00,COM VÍTIMA,FINALIZADA,SAN MARTIN,AV GENERAL SAN MARTIN,2,XX,,PROXÍMO AO SEMÁFORO 371,AV GENERAL SAN MARTIN,XX,PROXÍMO AO SEMÁFORO 371,SAN MARTIN,COLISÃO,COLISÃO COM VÍTIMA,,1,,,,,,,,1,,,,,,,,,,,,,,,,,,
2016-08-23,08:49:00,COM VÍTIMA,FINALIZADA,CAXANGA,AV CAXANGA,0,,,NO SEMAFORO Nº228,AV CAXANGA,0,NO SEMAFORO Nº228,CAXANGÁ,COLISÃO,COL C/V SET.CD,1,1,,,,,,,,1,,,,,,,,,,,,,,,,,,
2016-08-23,15:58:00,COM VÍTIMA,FINALIZADA,AGUA FRIA,AV BEBERIBE,4,2395,,EM FRENTE AO PAGODE DA PRESSAO,AV BEBERIBE,2395,EM FRENTE AO PAGODE DA PRESSAO,ÁGUA FRIA,COLISÃO,MOTO E ONIBUS,,1,,,,1,,,,1,,,,,,,,,,,,,,,,,,
2016-08-23,16:38:00,COM VÍTIMA,FINALIZADA,VARZEA,AV CAXANGA,4,2427,,E/F SUPERCENTER CAXANGÁ  SENTIDO CAMARAGBE,AV CAXANGA,2427,E/F SUPERCENTER CAXANGÁ  SENTIDO CAMARAGBE,VÁRZEA,COLISÃO COM CICLISTA,ONIBUS E CICLISTA,,,,1,,1,,,,1,,,,,,,,,,,,,,,,,,
2016-08-23,19:21:00,COM VÍTIMA,FINALIZADA,TORRE,RUA PADRE LANDIM,0,,,ESQUINA DO COLEGIO MUNICIPAL CRISTO REI,RUA PADRE LANDIM,0,ESQUINA DO COLEGIO MUNICIPAL CRISTO REI,TORRE,COLISÃO,COLISAO ENTRE AUTO E MOTO C/V,1,1,,,,,,,,1,,,,,,,,,,,,,,,,,,
2016-08-24,18:23:00,COM VÍTIMA,FINALIZADA,SANTO AMARO,AV CRUZ CABUGA,0,,,EM FRENTE O HOSPITAL DO CANCER,AV CRUZ CABUGA,0,EM FRENTE O HOSPITAL DO CANCER,SANTO AMARO,COLISÃO,DUAS MOTO E UM PEDESTRE,,2,,,1,,,,,2,,,,,,,,,,,,,,,,,,
2016-08-24,18:37:00,COM VÍTIMA,FINALIZADA,AGUA FRIA,RUA DO MACHADO,0,,,PROX. AO CLUBE DOS IRRESPONSAVEIS  EM FRENTE A PADARIA SANTO ANTONIO,RUA DO MACHADO,0,PROX. AO CLUBE DOS IRRESPONSAVEIS  EM FRENTE A PADARIA SANTO ANTONIO,ÁGUA FRIA,COLISÃO,COLISAO ENTRE CAMINHAO PEQUENO E ONIBUS E UM PEDESTRE,,,,,1,1,1,,,1,,,,,,,,,,,,,,,,,,
2016-08-24,22:00:00,COM VÍTIMA,FINALIZADA,CORDEIRO,AV CAXANGA,0,,,EM FRENTE A EXPOSIÇÃO DE ANIMAIS,AV CAXANGA,0,EM FRENTE A EXPOSIÇÃO DE ANIMAIS,CORDEIRO,COLISÃO COM CICLISTA,MOTO E CICLISTA,,1,,1,,,,,,1,,,,,,,,,,,,,,,,,,
2016-08-25,10:10:00,COM VÍTIMA,FINALIZADA,CASA AMARELA,RUA OLIMPIO TAVARES,2,46,,E/F A PRODUTORA LUMI,RUA OLIMPIO TAVARES,46,E/F A PRODUTORA LUMI,CASA AMARELA,COLISÃO,COM UMA VÍTIMA JÁ SOCORRIDA.,1,1,,,,,,,,1,,,,,,,,,,,,,,,,,,
2016-08-25,13:28:00,COM VÍTIMA,FINALIZADA,VARZEA,RUA RODRIGO DELAMARE,4,40 F,,E/F DA PRAÇA DA PERIQUITA,RUA RODRIGO DELAMARE,40 F,E/F DA PRAÇA DA PERIQUITA,VÁRZEA,COLISÃO,VT DA POLICIA CHOCOU COM MEIO FIO COM UMA VITIMA,1,,,,,,,,,1,,,,,,,,,,,,,,,,,,
2016-08-25,15:22:00,COM VÍTIMA,FINALIZADA,POCO,AV DEZESSETE DE AGOSTO,0,,,E/F DA PADARIA CAPELA PROX DA PAGUE MENOS,AV DEZESSETE DE AGOSTO,0,E/F DA PADARIA CAPELA PROX DA PAGUE MENOS,POÇO DA PANELA,COLISÃO,COLISAO DE DUAS MOTOS E DUAS VITIMAS,,2,,,,,,,,2,,,,,,,,,,,,,,,,,,
2016-08-25,15:29:00,COM VÍTIMA,FINALIZADA,BOA VISTA,RUA GERVASIO PIRES,0,,,E/F AO CONSELHO TUTELAR,RUA GERVASIO PIRES,0,E/F AO CONSELHO TUTELAR,BOA VISTA,COLISÃO,COLISAO ENTRE AUTO E MOTO,1,1,,,,,,,,1,,,,,,,,,,,,,,,,,,
2016-08-25,15:41:00,COM VÍTIMA,FINALIZADA,MADALENA,RUA BENFICA,0,,,EM FRENTE AO SUPERMERCADO EXTRA,RUA BENFICA,0,EM FRENTE AO SUPERMERCADO EXTRA,MADALENA,COLISÃO,COLISAO ENTRE AUTO E MOTO COM VITIMA,1,1,,,,,,,,1,,,,,,,,,,,,,,,,,,
2016-08-25,15:56:00,COM VÍTIMA,FINALIZADA,BOA VIAGEM,AV ENGENHEIRO DOMINGOS FERREIRA,0,,,PX AO EXTRA,AV ENGENHEIRO DOMINGOS FERREIRA,0,PX AO EXTRA,BOA VIAGEM,COLISÃO,COLISAO ENTRE ONIBUS,,,,,,3,,,,3,,,,,,,,,,,,,,,,,,
2016-08-25,17:48:00,COM VÍTIMA,FINALIZADA,RECIFE,AV MILITAR,0,,,EM FRENTE AO POSTO PETROBRAS / SENT RECIFE ANTIGO,AV MILITAR,0,EM FRENTE AO POSTO PETROBRAS / SENT RECIFE ANTIGO,BAIRRO DO RECIFE,COLISÃO,MOTO E AUTO,1,1,,,,,,,,1,,,,,,,,,,,,,,,,,,
2016-08-25,20:01:00,COM VÍTIMA,FINALIZADA,SANTO AMARO,AV MARIO MELO,2,XX,,CRUZAMENTO COM A RUA SÃO GERALDO EM FRENTE DO COLEGIO SILVIO RABELO,AV MARIO MELO,XX,CRUZAMENTO COM A RUA SÃO GERALDO EM FRENTE DO COLEGIO SILVIO RABELO,SANTO AMARO,COLISÃO,AUTO E MOTO,1,1,,,,,,,,1,,,,,,,,,,,,,,,,,,
2016-08-25,20:07:00,COM VÍTIMA,FINALIZADA,ARRUDA,RUA DA REGENERACAO,3,945,,EM FRENTE AO GALETO DO NENA,RUA DA REGENERACAO,945,EM FRENTE AO GALETO DO NENA,ARRUDA,COLISÃO,COLISAO ENTRE AUTO E MOTO C/V,1,1,,,,,,,,1,,,,,,,,,,,,,,,,,,
2016-08-25,21:35:00,VÍTIMA FATAL,FINALIZADA,IMBIRIBEIRA,AV MARECHAL MASCARENHAS DE MORAES,0,,,EM FRENTE A VENEZA DIESEL  E A DISTRIBUIDORA DAS BATERIAS MOURAS,AV MARECHAL MASCARENHAS DE MORAES,0,EM FRENTE A VENEZA DIESEL  E A DISTRIBUIDORA DAS BATERIAS MOURAS,IMBIRIBEIRA,ACID. DE PERCURSO,MOTO PERDEU O CONTRE E TOMBOU,,1,,,,,,,,,1,,,,,,,,,,,,,,,,,
2016-08-26,09:07:00,COM VÍTIMA,FINALIZADA,SANTO AMARO,AV CRUZ CABUGA,2,XX,,SENTIDO OLINDA EM BAIXO DO SEMAFORO 343,AV CRUZ CABUGA,XX,SENTIDO OLINDA EM BAIXO DO SEMAFORO 343,SANTO AMARO,COLISÃO,COLISÃO COM 1 VITIMA A ESPERA DO SAMU,1,1,,,,,,,,1,,,,,,,,,,,,,,,,,,
2016-08-26,14:30:00,COM VÍTIMA,FINALIZADA,CABANGA,AV SUL,0,,,EM FRENTE AO 7º DESUP,AV SUL,0,EM FRENTE AO 7º DESUP,CABANGA,ATROPELAMENTO,ONIBUS E PEDESTRE,,,,,1,,1,,,1,,,,,,,,,,,,,,,,,,
2016-08-26,14:44:00,COM VÍTIMA,FINALIZADA,BOA VIAGEM,RUA VISCONDE DE JEQUITINHONHA,0,,,PROXIMO A DIVISA COM JABOATÃO DOS GUARARAPES,RUA VISCONDE DE JEQUITINHONHA,0,PROXIMO A DIVISA COM JABOATÃO DOS GUARARAPES,BOA VIAGEM,COLISÃO,COLISÃO,1,1,,,,,,,,1,,,,,,,,,,,,,,,,,,
2016-08-26,19:17:00,COM VÍTIMA,FINALIZADA,TAMARINEIRA,AV NORTE,0,,,COM A RUA GOMES COUTINHO,AV NORTE,0,COM A RUA GOMES COUTINHO,TAMARINEIRA,COLISÃO,,1,1,,,,,,,,1,,,,,,,,,,,,,,,,,,
2016-08-26,22:24:00,COM VÍTIMA,FINALIZADA,VARZEA,RUA JOAO SALES MENEZES,3,522,,SEGUNDA RUA A DIREITA DEPOIS DA CHURRASCARIA BRAZZETTUS,RUA JOAO SALES MENEZES,522,SEGUNDA RUA A DIREITA DEPOIS DA CHURRASCARIA BRAZZETTUS,VÁRZEA,COLISÃO,DOIS AUTO E UM CAPOTAMENTO,2,,,,,,,,,1,,,,,,,,,,,,,,,,,,
2016-08-27,00:53:00,COM VÍTIMA,FINALIZADA,TORRE,RUA PADRE ANCHIETA,0,,,CRUZAMENTO COM A AV JOSÉ BONIFÁCIO,RUA PADRE ANCHIETA,0,CRUZAMENTO COM A AV JOSÉ BONIFÁCIO,TORRE,COLISÃO,COLISÃO ENTRE DOIS AUTOS SEM VÍTIMAS,2,,,,,,,,,1,,,,,,,,,,,,,,,,,,
2016-08-27,06:24:00,COM VÍTIMA,FINALIZADA,IPSEP,RUA BLUMENAU,2,XX,,EM BAIXO DO SEMAFORO 111 EM FRENTE A PADARIA BLUMENAU,RUA BLUMENAU,XX,EM BAIXO DO SEMAFORO 111 EM FRENTE A PADARIA BLUMENAU,IPSEP,COLISÃO,COLISÃO COM 1 VITIMA A ESPERA DO SAMU,1,1,,,,,,,,1,,,,,,,,,,,,,,,,,,
2016-08-27,13:51:00,COM VÍTIMA,FINALIZADA,BOA VIAGEM,RUA VISCONDE DE JEQUITINHONHA,4,2946,,AO LADO DO POSTO SHELL QUE ESTA DESATIVADO,RUA VISCONDE DE JEQUITINHONHA,2946,AO LADO DO POSTO SHELL QUE ESTA DESATIVADO,BOA VIAGEM,COLISÃO,COLISÃO COM VITIMAS,1,1,,,,,,,,2,,,,,,,,,,,,,,,,,,
2016-08-27,15:57:00,COM VÍTIMA,FINALIZADA,IBURA,AV DOIS RIOS,3,423,,ESQUINA DA RUA RIO UNA PROX DO ESCRITORIO DE ADVOCACIA,AV DOIS RIOS,423,ESQUINA DA RUA RIO UNA PROX DO ESCRITORIO DE ADVOCACIA,IBURA,COLISÃO,COLISAO DE AUTO E MOTO COM UMA VITIMA,1,1,,,,,,,,1,,,,,,,,,,,,,,,,,,