data,hora,natureza_acidente,situacao,bairro,endereco,,numero,detalhe_endereco_acidente,complemento,endereco_cruzamento,numero_cruzamento,referencia_cruzamento,bairro_cruzamento,tipo,descricao,auto,moto,ciclom,ciclista,pedestre,onibus,caminhao,viatura,outros,vitimas,vitimasfatais,num_semaforo,sentido_via,acidente_verificado,tempo_clima,situacao_semaforo,sinalizacao,condicao_via,conservacao_via,ponto_controle,situacao_placa,velocidade_max_via,mao_direcao,divisao_via1,divisao_via2,divisao_via3,_id,Protocolo
2016-12-02,10:33:00,COM VÍTIMA,FINALIZADA,AFOGADOS,RUA SAO MIGUEL,0,,,AO LADO DA MATERNIDADE BANDEIRA FILHO,RUA SAO MIGUEL,0,AO LADO DA MATERNIDADE BANDEIRA FILHO,AFOGADOS,COLISÃO,COLISÃO COM VITIMA SOCORRIDA P/SAMU,1,1,,,,,,,,1,,,,,,,,,,,,,,,,,,
2016-12-02,11:53:00,COM VÍTIMA,FINALIZADA,PINA,AV HERCULANO BANDEIRA,2,XX,,APÓS O ATACADO DOS PRESENTES,AV HERCULANO BANDEIRA,XX,APÓS O ATACADO DOS PRESENTES,PINA,COLISÃO,COLISÃO ENTRE AUTO E MOTOCICLETA  COM VITIMA,1,1,,,,,,,,1,,,,,,,,,,,,,,,,,,
2016-12-02,14:56:00,COM VÍTIMA,FINALIZADA,AFOGADOS,RUA SAO MIGUEL,0,,,EM FRENTE A CONSTRUTORA SENO SENTIDO SUBURBIO,RUA SAO MIGUEL,0,EM FRENTE A CONSTRUTORA SENO SENTIDO SUBURBIO,AFOGADOS,COLISÃO,COLISAO ENVOLVENDO TRES VEICULOS,1,1,,,,,1,,,1,,,,,,,,,,,,,,,,,,
2016-12-02,15:16:00,COM VÍTIMA,FINALIZADA,AFOGADOS,RUA IMPERIAL,0,,,ENTRE A ASA E ALUMIAÇO,RUA IMPERIAL,0,ENTRE A ASA E ALUMIAÇO,AFOGADOS,COLISÃO,COLISAO DE MOTO E AUTO COM UMA VIMA,1,1,,,,,,,,1,,,,,,,,,,,,,,,,,,
2016-12-02,15:30:00,COM VÍTIMA,FINALIZADA,RECIFE,C DO APOLO,0,,,EM FRENTE AO TRF,CAIS DO APOLO,0,EM FRENTE AO TRF,BAIRRO DO RECIFE,COLISÃO,TRANSITO TRAVADO- VERIFICADO PELAS CAMERAS,1,1,,,,,,,,1,,,,,,,,,,,,,,,,,,
2016-12-02,19:27:00,COM VÍTIMA,FINALIZADA,BOA VIAGEM,RUA DR VICENTE GOMES,0,,,DEPOIS DA LOCALIZA NA RUA VICENTE GOMES COM JEQUITIHONHA,RUA DR VICENTE GOMES,0,DEPOIS DA LOCALIZA NA RUA VICENTE GOMES COM JEQUITIHONHA,BOA VIAGEM,COLISÃO,COLISAO ENTRE AUTO E CAMINHAO,1,,,,,,1,,,1,,,,,,,,,,,,,,,,,,
2016-12-03,03:14:00,COM VÍTIMA,FINALIZADA,SANTO AMARO,AV GOVERNADOR AGAMENON MAGALHAES,0,,,APÓS O VIADUTO DA AV NORTE // SENTIDO OLINDA // SEMÁFORO 378,AV GOVERNADOR AGAMENON MAGALHAES,0,APÓS O VIADUTO DA AV NORTE // SENTIDO OLINDA // SEMÁFORO 378,SANTO AMARO,COLISÃO COM CICLISTA,ATROPELAMENTO DE UM CICLISTA,1,,,1,,,,,,1,,,,,,,,,,,,,,,,,,
2016-12-03,07:30:00,COM VÍTIMA,FINALIZADA,AGUA FRIA,RUA DO MACHADO,2,81,,DE ESQUINA COM O CLUBE DOS IRRESPONSAVEIS,RUA DO MACHADO,81,DE ESQUINA COM O CLUBE DOS IRRESPONSAVEIS,ÁGUA FRIA,COLISÃO,COLISÃO COM VITIMA A ESPERA DO SAMU,1,1,,,,,,,,1,,,,,,,,,,,,,,,,,,
2016-12-03,10:05:00,COM VÍTIMA,FINALIZADA,TORRE,RUA TOMAZ GONZAGA,3,173,,CASA.,RUA TOMAZ GONZAGA,173,CASA.,TORRE,COLISÃO,COM UMA VÍTIMA. VT 03 NO LOCAL,1,1,,,,,,,,1,,,,,,,,,,,,,,,,,,
2016-12-03,15:16:00,COM VÍTIMA,FINALIZADA,BOA VIAGEM,AV BOA VIAGEM,4,3778,,E/F DO HOTEL GOLDEN TULIP,AV BOA VIAGEM,3778,E/F DO HOTEL GOLDEN TULIP,BOA VIAGEM,ATROPELAMENTO,ATROPELAMENTO COM UMA VITIMA,1,,,,1,,,,,1,,,,,,,,,,,,,,,,,,
2016-12-03,15:27:00,COM VÍTIMA,FINALIZADA,TAMARINEIRA,RUA CONEGO BARATA,3,671,,APOS DO DNOCS E/F CLINICA DE ESTETICA,RUA CONEGO BARATA,671,APOS DO DNOCS E/F CLINICA DE ESTETICA,TAMARINEIRA,COLISÃO,COLISAO COM VITIMA,1,1,,,,,,,,1,,,,,,,,,,,,,,,,,,
2016-12-03,15:31:00,COM VÍTIMA,FINALIZADA,IMBIRIBEIRA,AV MARECHAL MASCARENHAS DE MORAES,0,,,E/F AO ARMAZEM CORAL SENTIDO CIDADE,AV MARECHAL MASCARENHAS DE MORAES,0,E/F AO ARMAZEM CORAL SENTIDO CIDADE,IMBIRIBEIRA,COLISÃO,ENTRE DOIS AUTOS,1,,,,,,,,,1,,,,,,,,,,,,,,,,,,
2016-12-03,19:17:00,COM VÍTIMA,FINALIZADA,AREIAS,AV DR JOSE RUFINO,3,955,,ENFR A HONDA,AV DR JOSE RUFINO,955,ENFR A HONDA,AREIAS,COLISÃO,AUTO E MOTO,1,1,,,,,,,,1,,,,,,,,,,,,,,,,,,
2016-12-04,07:22:00,COM VÍTIMA,FINALIZADA,SANTO ANTONIO,AV MARTINS DE BARROS,2,45,,AO LADO DO SANTANDER,AV MARTINS DE BARROS,45,AO LADO DO SANTANDER,SANTO ANTÔNIO,COLISÃO,COLISÃO COM VÍTIMA,1,1,,,,,,,,1,,,,,,,,,,,,,,,,,,
2016-12-04,09:59:00,COM VÍTIMA,FINALIZADA,IMBIRIBEIRA,AV MARECHAL MASCARENHAS DE MORAES,4,2683,,EM FRENTE A TROLLER / SENTIDO CIDADE,AV MARECHAL MASCARENHAS DE MORAES,2683,EM FRENTE A TROLLER / SENTIDO CIDADE,IMBIRIBEIRA,COLISÃO,COLISÃO COM VÍTIMA,1,1,,,,,,,,2,,,,,,,,,,,,,,,,,,
2016-12-04,10:38:00,COM VÍTIMA,FINALIZADA,CASA AMARELA,AV NORTE,0,,,APÓS O DESKONTÃO SENTIDO CIDADE,AV NORTE,0,APÓS O DESKONTÃO SENTIDO CIDADE,CASA AMARELA,COLISÃO,COLISÃO ENTRE AUTO E MOTO COM 1 VITIMA,1,1,,,,,,,,1,,,,,,,,,,,,,,,,,,
2016-12-04,14:55:00,COM VÍTIMA,FINALIZADA,CURADO,RUA DR GEORGE WILLIAM BUTLER,0,,,ENTRADA DO TIP,RUA DR GEORGE WILLIAM BUTLER,0,ENTRADA DO TIP,CURADO,COLISÃO,ONIBUS E AUTO,1,,,,,1,,,,9,,,,,,,,,,,,,,,,,,
2016-12-04,17:41:00,COM VÍTIMA,FINALIZADA,CASA FORTE,AV DEZESSETE DE AGOSTO,4,2133,,APOS O MUSEU DO HOMEM DO NORDESTE E A CASA DE DECORAÇÕES CHÁ CONCHITA,AV DEZESSETE DE AGOSTO,2133,APOS O MUSEU DO HOMEM DO NORDESTE E A CASA DE DECORAÇÕES CHÁ CONCHITA,CASA FORTE,COLISÃO,CINQUENTINHA E AUTO,1,,1,,,,,,,1,,,,,,,,,,,,,,,,,,
2016-12-04,17:55:00,COM VÍTIMA,FINALIZADA,VARZEA,AV AFONSO OLINDENSE,4,1716,,ENFR AO COLEGIO MAZZARELLO,AV AFONSO OLINDENSE,1716,ENFR AO COLEGIO MAZZARELLO,VÁRZEA,COLISÃO,AUTO E MOTO,1,1,,,,,,,,1,,,,,,,,,,,,,,,,,,
2016-12-04,22:00:00,COM VÍTIMA,FINALIZADA,IMBIRIBEIRA,AV MARECHAL MASCARENHAS DE MORAES,0,,,PROX A LOJA GRILO E POSTO IPIRANGA E TEXACO,AV MARECHAL MASCARENHAS DE MORAES,0,PROX A LOJA GRILO E POSTO IPIRANGA E TEXACO,IMBIRIBEIRA,COLISÃO,AMBULANCIA E AUTO,1,,,,,,,1,,1,,,,,,,,,,,,,,,,,,
2016-12-05,06:52:00,COM VÍTIMA,FINALIZADA,ARRUDA,AV BEBERIBE,3,875,,EM FRENTE AO LOJÃO DO PETROLEO,AV BEBERIBE,875,EM FRENTE AO LOJÃO DO PETROLEO,ARRUDA,COLISÃO,COL.C/V,1,1,,,,,,,,1,,,,,,,,,,,,,,,,,,
2016-12-05,09:27:00,COM VÍTIMA,FINALIZADA,BONGI,RUA CARLOS GOMES,0,,,E/F A MATERNIDADE SANTA LÚCIA  SENTIDO MUSTARDINHA,RUA CARLOS GOMES,0,E/F A MATERNIDADE SANTA LÚCIA  SENTIDO MUSTARDINHA,BONGI,COLISÃO,COM UMA VÍTIMA.,1,1,,,,,,,,1,,,,,,,,,,,,,,,,,,
2016-12-05,13:08:00,COM VÍTIMA,FINALIZADA,AREIAS,RUA JOSE NATARIO,3,168,,E/F LAVA JATO AO LADO DO CONSELHO TUTELAR DE AREIAS,RUA JOSE NATARIO,168,E/F LAVA JATO AO LADO DO CONSELHO TUTELAR DE AREIAS,AREIAS,COLISÃO,COM UMA VÍTIMA.,1,1,,,,,,,,1,,,,,,,,,,,,,,,,,,
2016-12-05,15:25:00,COM VÍTIMA,FINALIZADA,IPSEP,AV RECIFE,0,,,E/F DO MARTELINHO DE OURO S/T BR,AV RECIFE,0,E/F DO MARTELINHO DE OURO S/T BR,IPSEP,COLISÃO,COLISAO DE AUTO E MOTO COM UMA VITIMA,1,1,,,,,,,,1,,,,,,,,,,,,,,,,,,
2016-12-05,17:43:00,COM VÍTIMA,FINALIZADA,VARZEA,RUA GASTAO VIDIGAL,0,,,RUA DO MOTEL NINJA,RUA GASTAO VIDIGAL,0,RUA DO MOTEL NINJA,VÁRZEA,COLISÃO,COLISAO AUTO E MOTO COM UMA VITIMA,1,1,,,,,,,,1,,,,,,,,,,,,,,,,,,
2016-12-06,07:34:00,COM VÍTIMA,FINALIZADA,CASA FORTE,AV DEZESSETE DE AGOSTO,0,,,EM BAIXO DO SEMAFORO 251 EM FRENTE AO POSTO DE GASOLINA DISLURB,AV DEZESSETE DE AGOSTO,0,EM BAIXO DO SEMAFORO 251 EM FRENTE AO POSTO DE GASOLINA DISLURB,CASA FORTE,COLISÃO,COLISÃO COM VITIMA A ESPERA DO SAMU,1,1,,,,,,,,1,,,,,,,,,,,,,,,,,,
2016-12-06,15:04:00,COM VÍTIMA,FINALIZADA,VASCO DA GAMA,RUA ALTO DO EUCALIPTO,3,828,,PX AO MERCADINHO RENDE MAIS,RUA ALTO DO EUCALIPTO,828,PX AO MERCADINHO RENDE MAIS,VASCO DA GAMA,CHOQUE,CAMINHAO INVADIU RESIDENCIA,,,,,,,1,,,4,,,,,,,,,,,,,,,,,,
2016-12-06,15:58:00,COM VÍTIMA,FINALIZADA,SANTO AMARO,AV CRUZ CABUGA,0,,,EM FRENTE A ESPOSENDE,AV CRUZ CABUGA,0,EM FRENTE A ESPOSENDE,SANTO AMARO,COLISÃO,COLISÃO COM VÍTIMA,1,1,,,,,,,,1,,,,,,,,,,,,,,,,,,
2016-12-06,20:50:00,COM VÍTIMA,FINALIZADA,SANTO AMARO,AV NORTE,0,,,CRUZAMENTO CO A CRUZ CABUCAR,AV NORTE,0,CRUZAMENTO CO A CRUZ CABUCAR,SANTO AMARO,COLISÃO,AUTO E MOTO,1,1,,,,,,,,1,,,,,,,,,,,,,,,,,,
2016-12-06,21:59:00,COM VÍTIMA,FINALIZADA,BOA VISTA,AV CONDE DA BOA VISTA,0,,,ESQUINA COM RUA GERVASIO PIRES  PROX. AO SHOPPING BOA VISTA  SENTIDO SUBURBIO,AV CONDE DA BOA VISTA,0,ESQUINA COM RUA GERVASIO PIRES  PROX. AO SHOPPING BOA VISTA  SENTIDO SUBURBIO,BOA VISTA,ATROPELAMENTO,ONIBUS E PEDESTRE,,,,,1,1,,,,1,,,,,,,,,,,,,,,,,,
2016-12-07,07:57:00,COM VÍTIMA,FINALIZADA,MACAXEIRA,RUA MARIA AMALIA,3,492,,CASA. NA SUBIDA DO CAMPO DA UNIÃO.,RUA MARIA AMALIA,492,CASA. NA SUBIDA DO CAMPO DA UNIÃO.,MACAXEIRA,COLISÃO,COM UMA VÍTIMA. O CONDUTOR SOLICITA ETILÔMETRO,1,,,,,,1,,,2,,,,,,,,,,,,,,,,,,
2016-12-07,08:13:00,COM VÍTIMA,FINALIZADA,HIPODROMO,RUA RETIRO SAUDOSO,3,135,,CASA. NO CRUZAMENTO DA RUA RETIRO SAUDOSO COM A RUA DONA EUVIRA.,RUA RETIRO SAUDOSO,135,CASA. NO CRUZAMENTO DA RUA RETIRO SAUDOSO COM A RUA DONA EUVIRA.,HIPÓDROMO,COLISÃO,COM UMA VÍTIMA EM ATENDIMENTO PELO SAMU.,2,,,,,,,,,1,,,,,,,,,,,,,,,,,,
2016-12-07,08:15:00,COM VÍTIMA,FINALIZADA,ARRUDA,RUA DONA ELVIRA,3,423,,COM A RUA GERONO GUEIROS,RUA DONA ELVIRA,423,COM A RUA GERONO GUEIROS,ARRUDA,COLISÃO,MOTO E AUTO,1,1,,,,,,,,1,,,,,,,,,,,,,,,,,,
2016-12-08,04:26:00,COM VÍTIMA,FINALIZADA,AFOGADOS,RUA SAO MIGUEL,0,,,NO CRUZAMENTO COM A RUA QUITERIO INACIO DE MELO  EM FRENTE AO BANCO DO BRASIL,RUA SAO MIGUEL,0,NO CRUZAMENTO COM A RUA QUITERIO INACIO DE MELO  EM FRENTE AO BANCO DO BRASIL,AFOGADOS,COLISÃO,COLISÃO ENTRE DOIS AUTOS C/V,2,,,,,,,,,1,,,,,,,,,,,,,,,,,,
2016-12-08,13:43:00,COM VÍTIMA,FINALIZADA,ARRUDA,RUA SAO BENTO,0,,,BATE PAPO,RUA SAO BENTO,0,BATE PAPO,ARRUDA,COLISÃO,ENTRE UM AUTO E UMA MOTO,1,1,,,,,,,,1,,,,,,,,,,,,,,,,,,
2016-12-08,22:22:00,COM VÍTIMA,FINALIZADA,AREIAS,RUA AURORA CACOTE,0,,,PX A LINHA FERREA,RUA AURORA CACOTE,0,PX A LINHA FERREA,AREIAS,COLISÃO,COLISAO ENTRE AUTO E MOTO,1,1,,,,,,,,1,,,,,,,,,,,,,,,,,,
2016-12-09,08:02:00,COM VÍTIMA,FINALIZADA,NOVA DESCOBERTA,RUA 14 DE NOVEMBRO,4,1335,,DESCIDA DO OLHO D AGUA,RUA 14 DE NOVEMBRO,1335,DESCIDA DO OLHO D AGUA,NOVA DESCOBERTA,COLISÃO,UMA VITIMA SOCORRIDA PELO SAMU,,1,,,,1,,,,1,,,,,,,,,,,,,,,,,,
2016-12-09,09:57:00,COM VÍTIMA,FINALIZADA,BOMBA DO HEMETERIO,RUA BOMBA DO HEMETERIO,3,248,,E/F A LOJA GARCIA  SENTIDO SUBÚRBIO,RUA BOMBA DO HEMETERIO,248,E/F A LOJA GARCIA  SENTIDO SUBÚRBIO,BOMBA DO HEMETÉRIO,COLISÃO,COM UMA VÍTIMA. LOCAL DESCARACTERIZADO,1,1,,,,,,,,1,,,,,,,,,,,,,,,,,,
2016-12-09,10:14:00,COM VÍTIMA,FINALIZADA,DERBY,AV GOVERNADOR AGAMENON MAGALHAES,2,75,,AO LADO DA ODNTO CAP NA PISTA LOGAL,AV GOVERNADOR AGAMENON MAGALHAES,75,AO LADO DA ODNTO CAP NA PISTA LOGAL,DERBY,COLISÃO,COL.S/V SET.BOA VIAGEM,3,,,,,,,,,1,,,,,,,,,,,,,,,,,,
2016-12-09,12:36:00,COM VÍTIMA,FINALIZADA,ARRUDA,AV BEBERIBE,4,1806,,E/F DA LOJA CASA ARRUMADA,AV BEBERIBE,1806,E/F DA LOJA CASA ARRUMADA,ARRUDA,COLISÃO,COLISAO DE ONIBUS E CICLISTA COM UMA VITMA,,,,,,1,,,,1,,,,,,,,,,,,,,,,,,
2016-12-09,15:39:00,COM VÍTIMA,FINALIZADA,CAMPO GRANDE,AV GOVERNADOR AGAMENON MAGALHAES,0,,,SEMAFORO 049,AV GOVERNADOR AGAMENON MAGALHAES,0,SEMAFORO 049,CAMPO GRANDE,COLISÃO,COLISAO ENTRE AUTO E MOTO,1,1,,,,,,,,1,,,,,,,,,,,,,,,,,,
2016-12-09,16:53:00,COM VÍTIMA,FINALIZADA,ENCRUZILHADA,AV BEBERIBE,3,484,,PROX DO BANCO DO BRASIL,AV BEBERIBE,484,PROX DO BANCO DO BRASIL,ENCRUZILHADA,COLISÃO,COLISAO DE MOTO E AUTO COM UMA VITIMA,1,1,,,,,,,,1,,,,,,,,,,,,,,,,,,
2016-12-09,20:09:00,COM VÍTIMA,FINALIZADA,SANTO AMARO,AV CRUZ CABUGA,0,,,EM FRENTE A IGREJA UNIVERSAL,AV CRUZ CABUGA,0,EM FRENTE A IGREJA UNIVERSAL,SANTO AMARO,COLISÃO,AUTO E MOTO,1,1,,,,,,,,1,,,,,,,,,,,,,,,,,,
2016-12-09,23:30:00,COM VÍTIMA,FINALIZADA,BOA VIAGEM,AV CONSELHEIRO AGUIAR,0,,,PRÓXIMO AO BRADESCO E FÁRMACIA BIG BEN,AV CONSELHEIRO AGUIAR,0,PRÓXIMO AO BRADESCO E FÁRMACIA BIG BEN,BOA VIAGEM,ATROPELAMENTO,,,,,,1,,,,,1,,,,,,,,,,,,,,,,,,
2016-12-10,05:25:00,COM VÍTIMA,FINALIZADA,PRADO,AV ENGENHEIRO ABDIAS DE CARVALHO,0,,,SEMAFORO 132  EM FRENTE AO HABIBS,AV ENGENHEIRO ABDIAS DE CARVALHO,0,SEMAFORO 132  EM FRENTE AO HABIBS,PRADO,COLISÃO,COLISÃO ENTRE DOIS AUTOS,2,,,,,,,,,1,,,,,,,,,,,,,,,,,,
2016-12-10,11:40:00,COM VÍTIMA,FINALIZADA,BOA VIAGEM,AV BOA VIAGEM,4,6732,,A DOIS QUARTEIROES DO CLUBE DA AERONAUTICA  NO QUIOSQUE 55,AV BOA VIAGEM,6732,A DOIS QUARTEIROES DO CLUBE DA AERONAUTICA  NO QUIOSQUE 55,BOA VIAGEM,COLISÃO,AUTO E MOTO,1,1,,,,,,,,1,,,,,,,,,,,,,,,,,,
2016-12-10,14:39:00,COM VÍTIMA,FINALIZADA,APIPUCOS,RUA DE APIPUCOS,3,372,,HA DUZENTOS METROS DO ARCADIA DE APIPUCOS,RUA DE APIPUCOS,372,HA DUZENTOS METROS DO ARCADIA DE APIPUCOS,APIPUCOS,COLISÃO,COM UMA VITIMA,1,,,,,,1,,,1,,,,,,,,,,,,,,,,,,
2016-12-11,14:23:00,COM VÍTIMA,FINALIZADA,MADALENA,AV JOSE GONCALVES DE MEDEIROS,0,,,EM FRENTE A LANCHONETE PORÇÃO BURGUES,AV JOSE GONCALVES DE MEDEIROS,0,EM FRENTE A LANCHONETE PORÇÃO BURGUES,MADALENA,COLISÃO,COLISÃO COM 2 VITIMAS A ESPERA DO SAMU,1,1,,,,,,,,2,,,,,,,,,,,,,,,,,,
2016-12-12,09:12:00,COM VÍTIMA,FINALIZADA,MADALENA,RUA DR JOAO COIMBRA,0,,,AO LADO DA FEIRA DE PASSARINHO DA MADALENA,RUA DR JOAO COIMBRA,0,AO LADO DA FEIRA DE PASSARINHO DA MADALENA,MADALENA,CAPOTAMENTO,COLISÃO SEGUIDO DE CAPOTAMENTO,1,,,,,,,,,1,,,,,,,,,,,,,,,,,,
2016-12-12,19:06:00,COM VÍTIMA,FINALIZADA,ROSARINHO,AV NORTE,0,,,NO CRUZAMENTO DA AV. SANTOS DUMONT - AO LADO DO POSTO BR,AV NORTE,0,NO CRUZAMENTO DA AV. SANTOS DUMONT - AO LADO DO POSTO BR,ROSARINHO,COLISÃO,COLISAO COM AUTO E MOTO COM VITIMA,1,1,,,,,,,,1,,,,,,,,,,,,,,,,,,
2016-12-12,23:46:00,COM VÍTIMA,FINALIZADA,IPSEP,RUA JEAN EMILE FAVRE,0,,,EM FRENTE A DELEGACIA  EMFRENTE A EQUIPADORA DE CARRO,RUA JEAN EMILE FAVRE,0,EM FRENTE A DELEGACIA  EMFRENTE A EQUIPADORA DE CARRO,IPSEP,COLISÃO,COLISÃO ENTRE AUTO E ONIBUS C/V,2,,,,,,,,,1,,,,,,,,,,,,,,,,,,
2016-12-13,00:00:00,COM VÍTIMA,FINALIZADA,BOA VIAGEM,RUA BARAO DE SOUZA LEAO,0,,,CRUZAMENTO COM A AV. VISCONDE DE JEQUITINHONHA,RUA BARAO DE SOUZA LEAO,0,CRUZAMENTO COM A AV. VISCONDE DE JEQUITINHONHA,BOA VIAGEM,COLISÃO,COLISÃO ENTRE AUTO E MOTO COM VÍTIMA,1,1,,,,,,,,1,,,,,,,,,,,,,,,,,,
2016-12-13,10:15:00,COM VÍTIMA,FINALIZADA,IMBIRIBEIRA,AV MARECHAL MASCARENHAS DE MORAES,0,,,SEMAFORO 396,AV MARECHAL MASCARENHAS DE MORAES,0,SEMAFORO 396,IMBIRIBEIRA,COLISÃO,,1,1,,,,,,,,1,,,,,,,,,,,,,,,,,,
2016-12-13,11:29:00,COM VÍTIMA,FINALIZADA,TAMARINEIRA,RUA PADRE ROMA,2,32,,EM FRENTE A POLICLINICA ALBERT SABIM,RUA PADRE ROMA,32,EM FRENTE A POLICLINICA ALBERT SABIM,TAMARINEIRA,ATROPELAMENTO,MOTO / PEDESTRE,,1,,,1,,,,,1,,,,,,,,,,,,,,,,,,
2016-12-13,13:48:00,COM VÍTIMA,FINALIZADA,AFOGADOS,RUA SAO MIGUEL,3,293,,EM FRENTE A SÃO MIGUEL PEÇAS,RUA SAO MIGUEL,293,EM FRENTE A SÃO MIGUEL PEÇAS,AFOGADOS,COLISÃO,COLISÃO SEM VÍTIMA,1,1,,,,,,,,1,,,,,,,,,,,,,,,,,,
2016-12-13,13:53:00,COM VÍTIMA,FINALIZADA,DERBY,RUA AMAURI DE MEDEIROS,0,,,POR TRAZ DA CASA DO ESTUDANTE DE PERNAMBUCO - CRUZ COM RUA BARAO DE GOIANA,RUA AMAURI DE MEDEIROS,0,POR TRAZ DA CASA DO ESTUDANTE DE PERNAMBUCO - CRUZ COM RUA BARAO DE GOIANA,DERBY,COLISÃO,COLISAO ENTRE AUTOS E MOTO,2,1,,,,,,,,1,,,,,,,,,,,,,,,,,,
2016-12-13,14:50:00,COM VÍTIMA,FINALIZADA,SANTO AMARO,AV GOVERNADOR AGAMENON MAGALHAES,0,,,EM FRENTE A UPE SENTIDO OLINDA,AV GOVERNADOR AGAMENON MAGALHAES,0,EM FRENTE A UPE SENTIDO OLINDA,SANTO AMARO,COLISÃO,COLISAO ENTRE AUTO E MOTO,1,1,,,,,,,,1,,,,,,,,,,,,,,,,,,
2016-12-13,15:44:00,COM VÍTIMA,FINALIZADA,AFOGADOS,EST DOS REMEDIOS,0,,,AO LADO DO CABOCLINHO,EST DOS REMEDIOS,0,AO LADO DO CABOCLINHO,AFOGADOS,COLISÃO,COLISAO ENTRE AUTO E MOTO,1,1,,,,,,,,1,,,,,,,,,,,,,,,,,,
2016-12-13,19:23:00,COM VÍTIMA,FINALIZADA,IPUTINGA,RUA N S DA SAUDE,2,83,,EM FRENTE DA IGREJA BATISTA E PROX. DA DELEGACIA,RUA N S DA SAUDE,83,EM FRENTE DA IGREJA BATISTA E PROX. DA DELEGACIA,IPUTINGA,COLISÃO,MOTO E AUTO,1,1,,,,,,,,1,,,,,,,,,,,,,,,,,,
2016-12-13,21:05:00,COM VÍTIMA,FINALIZADA,CASA AMARELA,RUA BELA VISTA,0,,,EM FRENTE DO SITIO DA TRINDADE E PIZZARIA CANDELABRO,RUA BELA VISTA,0,EM FRENTE DO SITIO DA TRINDADE E PIZZARIA CANDELABRO,CASA AMARELA,COLISÃO COM CICLISTA,ONIBUS E CICLISTA,,,,1,,1,,,,1,,,,,,,,,,,,,,,,,,
2016-12-13,22:14:00,COM VÍTIMA,FINALIZADA,BOA VISTA,AV GOVERNADOR AGAMENON MAGALHAES,0,,,EM FRENTE AO COLÉGIO CONTATO,AV GOVERNADOR AGAMENON MAGALHAES,0,EM FRENTE AO COLÉGIO CONTATO,BOA VISTA,COLISÃO,DOIS AUTOS E UMA MOTOCICLETA,2,1,,,,,,,,1,,,,,,,,,,,,,,,,,,
2016-12-14,07:54:00,COM VÍTIMA,FINALIZADA,ARRUDA,AV PROFESSOR JOSE DOS ANJOS,3,314,,CASA,AV PROFESSOR JOSE DOS ANJOS,314,CASA,ARRUDA,ATROPELAMENTO,AUTO E PEDESTRE,1,,,,1,,,,,2,,,,,,,,,,,,,,,,,,
2016-12-14,08:40:00,COM VÍTIMA,FINALIZADA,CAMPO GRANDE,RUA ODORICO MENDES,0,,,APÓS AO CLUBE DAS PAES,RUA ODORICO MENDES,0,APÓS AO CLUBE DAS PAES,CAMPO GRANDE,COLISÃO,AUTO E MOTO,1,1,,,,,,,,1,,,,,,,,,,,,,,,,,,
2016-12-14,13:35:00,COM VÍTIMA,FINALIZADA,VARZEA,RUA MARECHAL MANOEL LUIS OSORIO,3,398,,AO LADO DA TRANPORTADORA ATLAS,RUA MARECHAL MANOEL LUIS OSORIO,398,AO LADO DA TRANPORTADORA ATLAS,VÁRZEA,COLISÃO,COLISÃO COM VÍTIMA,1,1,,,,,,,,2,,,,,,,,,,,,,,,,,,
2016-12-15,07:22:00,COM VÍTIMA,FINALIZADA,IBURA,AV DOIS RIOS,0,,,PX DA AUTO ESCOLA PILOTO,AV DOIS RIOS,0,PX DA AUTO ESCOLA PILOTO,IBURA,COLISÃO,COL.C/V SET.AV RECIFE,1,1,,,,,,,,1,,,,,,,,,,,,,,,,,,
2016-12-15,14:04:00,COM VÍTIMA,FINALIZADA,CASA AMARELA,COR DO BARTOLOMEU,3,203,,PROX A PADARIA ANDREIA,COR DO BARTOLOMEU,203,PROX A PADARIA ANDREIA,CASA AMARELA,COLISÃO,COLISAO MOTOS E AUTO,1,2,,,,,,,,1,,,,,,,,,,,,,,,,,,
2016-12-15,17:55:00,COM VÍTIMA,FINALIZADA,AFOGADOS,RUA SAO MIGUEL,0,,,E/F DA FACULDADE FAREC,RUA SAO MIGUEL,0,E/F DA FACULDADE FAREC,AFOGADOS,COLISÃO,COLISAO DE MOTO E TAXI COM UMA VITIMA,1,1,,,,,,,,1,,,,,,,,,,,,,,,,,,
2016-12-16,10:54:00,COM VÍTIMA,FINALIZADA,BOA VIAGEM,RUA PADRE BERNADINO PESSOA,0,,,APÓS  NA DESCIDA DO VIADUTO QUE DÁ INÍCIO A VIA MANGE. SENTIDO CIDADE.,RUA PADRE BERNADINO PESSOA,0,APÓS  NA DESCIDA DO VIADUTO QUE DÁ INÍCIO A VIA MANGE. SENTIDO CIDADE.,BOA VIAGEM,COLISÃO,COM UMA VÍTIMA.,2,1,,,,,,,,1,,,,,,,,,,,,,,,,,,
2016-12-16,13:08:00,COM VÍTIMA,FINALIZADA,BOA VIAGEM,RUA PROFESSOR AUGUSTO LINS E SILVA,3,769,,E/F AO EDF PORTO BLANCO,RUA PROFESSOR AUGUSTO LINS E SILVA,769,E/F AO EDF PORTO BLANCO,BOA VIAGEM,COLISÃO,COLISAO ENTRE AUTO E MOTO,1,1,,,,,,,,1,,,,,,,,,,,,,,,,,,
2016-12-16,14:52:00,COM VÍTIMA,FINALIZADA,AFOGADOS,RUA SAO MIGUEL,0,,,E/F DO BANCO DO BRASIL,RUA SAO MIGUEL,0,E/F DO BANCO DO BRASIL,AFOGADOS,COLISÃO,COLISAO DE MOTO E AUTO COM UMA VITIMA,1,1,,,,,,,,1,,,,,,,,,,,,,,,,,,
2016-12-16,15:47:00,COM VÍTIMA,FINALIZADA,MADALENA,AV CAXANGA,4,1214,,E/F A FUNERARIA SANTA PAULA - SENT SUB,AV CAXANGA,1214,E/F A FUNERARIA SANTA PAULA - SENT SUB,MADALENA,COLISÃO,COLISAO ENTRE AUTO E MOTO,1,1,,,,,,,,1,,,,,,,,,,,,,,,,,,
2016-12-17,02:36:00,COM VÍTIMA,FINALIZADA,PORTO DA MADEIRA,AV BEBERIBE,0,,,ARENA SHOW BAR,AV BEBERIBE,0,ARENA SHOW BAR,PORTO DA MADEIRA,COLISÃO,COLISÃO ENTRE AUTO E MOTO,1,1,,,,,,,,1,,,,,,,,,,,,,,,,,,
2016-12-17,08:49:00,COM VÍTIMA,FINALIZADA,SAN MARTIN,AV ENGENHEIRO ABDIAS DE CARVALHO,0,,,EM FRENTE AO POSTO BR,AV ENGENHEIRO ABDIAS DE CARVALHO,0,EM FRENTE AO POSTO BR,SAN MARTIN,COLISÃO,SENT. CIDADE,1,1,,,,,,,,1,,,,,,,,,,,,,,,,,,