data,hora,natureza_acidente,situacao,bairro,endereco,,numero,detalhe_endereco_acidente,complemento,endereco_cruzamento,numero_cruzamento,referencia_cruzamento,bairro_cruzamento,tipo,descricao,auto,moto,ciclom,ciclista,pedestre,onibus,caminhao,viatura,outros,vitimas,vitimasfatais,num_semaforo,sentido_via,acidente_verificado,tempo_clima,situacao_semaforo,sinalizacao,condicao_via,conservacao_via,ponto_controle,situacao_placa,velocidade_max_via,mao_direcao,divisao_via1,divisao_via2,divisao_via3,_id,Protocolo
2016-12-17,19:54:00,COM VÍTIMA,FINALIZADA,VARZEA,AV AFONSO OLINDENSE,3,700,,EM FRENTE AO COLEGIO MILENIO,AV AFONSO OLINDENSE,700,EM FRENTE AO COLEGIO MILENIO,VÁRZEA,COLISÃO,AUTO E CIQUENTINHA,1,1,,,,,,,,1,,,,,,,,,,,,,,,,,,
2016-12-17,23:38:00,COM VÍTIMA,FINALIZADA,BOA VIAGEM,AV DOM JOAO VI,0,,,POR TRÁS DO SHOPPING RECIFE // APÓS O TÚNEL,AV DOM JOAO VI,0,POR TRÁS DO SHOPPING RECIFE // APÓS O TÚNEL,BOA VIAGEM,COLISÃO,COLISÃO ENTRE DOIS AUTOS COM VÍTIMA,2,,,,,,,,,1,,,,,,,,,,,,,,,,,,
2016-12-18,02:48:00,COM VÍTIMA,FINALIZADA,JARDIM SAO PAULO,AV RECIFE,0,,,EM FRENTE AO POSTO TOTAL  SENTIDO BR // PRÓXIMO A ENTRADA DE JARDIM SÃO PAULO,AV RECIFE,0,EM FRENTE AO POSTO TOTAL  SENTIDO BR // PRÓXIMO A ENTRADA DE JARDIM SÃO PAULO,JARDIM SÃO PAULO,COLISÃO,COLISÃO ENTRE AUTO E MOTO COM VÍTIMAS,1,1,,,,,,,,2,,,,,,,,,,,,,,,,,,
2016-12-18,06:42:00,COM VÍTIMA,FINALIZADA,SANTO AMARO,AV NORTE,0,,,CRUZ COM A CRUZ CABUGA,AV NORTE,0,CRUZ COM A CRUZ CABUGA,SANTO AMARO,COLISÃO,COLISAO ENTRE ONIBUS E MOTO,,1,,,,1,,,,1,,,,,,,,,,,,,,,,,,
2016-12-18,12:45:00,COM VÍTIMA,FINALIZADA,BARRO,AV DR JOSE RUFINO,4,2375,,AO LADO DA PADARIA JOANA DARC E A IGREJA N.S DA CONCEIÇAO  SENTIDO CIDADE,AV DR JOSE RUFINO,2375,AO LADO DA PADARIA JOANA DARC E A IGREJA N.S DA CONCEIÇAO  SENTIDO CIDADE,BARRO,COLISÃO,AUTO E MOTO C/V,1,1,,,,,,,,1,,,,,,,,,,,,,,,,,,
2016-12-18,16:14:00,COM VÍTIMA,FINALIZADA,BOA VIAGEM,AV BOA VIAGEM,4,4470,,,AV BOA VIAGEM,4470,0,BOA VIAGEM,COLISÃO,AUTO E MOTO C/V,1,1,,,,,,,,2,,,,,,,,,,,,,,,,,,
2016-12-18,20:27:00,COM VÍTIMA,FINALIZADA,ILHA JOANA BEZERRA,RUA CAPITAO TEMUDO,0,,,SOBRE VIADUTO - SENT BOA VIAGEM,VIADUTO CAPITAO TEMUDO,0,SOBRE VIADUTO - SENT BOA VIAGEM,ILHA JOANA BEZERRA,COLISÃO,COLISAO ENTRE AUTO E MOTO (CONDUTORA DO AUTO ENBRIAGADA),2,1,,,,,,,,1,,,,,,,,,,,,,,,,,,
2016-12-19,06:33:00,COM VÍTIMA,FINALIZADA,TORROES,AV ENGENHEIRO ABDIAS DE CARVALHO,0,,,EM FRENTE A UPA / SENT CIDADE,AV ENGENHEIRO ABDIAS DE CARVALHO,0,EM FRENTE A UPA / SENT CIDADE,TORRÕES,COLISÃO,DUAS MOTOS,,2,,,,,,,,1,,,,,,,,,,,,,,,,,,
2016-12-19,08:28:00,COM VÍTIMA,FINALIZADA,SANTO ANTONIO,AV SUL,0,,,EM FRENTE A SEDE GALO PRAÇA SERGIO LOURETO,AV SUL,0,EM FRENTE A SEDE GALO PRAÇA SERGIO LOURETO,SANTO ANTÔNIO,COLISÃO,MOTO E AUTO,1,1,,,,,,,,1,,,,,,,,,,,,,,,,,,
2016-12-19,11:26:00,COM VÍTIMA,FINALIZADA,BOA VIAGEM,AV CONSELHEIRO AGUIAR,0,,,COM FELIX DE BRITO E MELO,AV CONSELHEIRO AGUIAR,0,COM FELIX DE BRITO E MELO,BOA VIAGEM,COLISÃO,,1,1,,,,,,,,1,,,,,,,,,,,,,,,,,,
2016-12-19,19:08:00,COM VÍTIMA,FINALIZADA,VASCO DA GAMA,RUA DOIS DE FEVEREIRO,3,336,,PX AO BAR DE LULA,RUA DOIS DE FEVEREIRO,336,PX AO BAR DE LULA,VASCO DA GAMA,COLISÃO,COLISAO ENTRE AUTO E MOTO,1,1,,,,,,,,2,,,,,,,,,,,,,,,,,,
2016-12-20,00:44:00,COM VÍTIMA,FINALIZADA,BOA VIAGEM,RUA RIBEIRO DE BRITO,0,,,POSTO BR,RUA RIBEIRO DE BRITO,0,POSTO BR,BOA VIAGEM,COLISÃO,COLISAO ENTRE AUTO E MOTO,1,1,,,,,,,,1,,,,,,,,,,,,,,,,,,
2016-12-20,00:52:00,COM VÍTIMA,FINALIZADA,ESPINHEIRO,RUA DO ESPINHEIRO,0,,,E/F A PADARIA DA PADARIA DO ESPINHEIRO,RUA DO ESPINHEIRO,0,E/F A PADARIA DA PADARIA DO ESPINHEIRO,ESPINHEIRO,COLISÃO,COLISAO ENTRE AUTOS,2,,,,,,,,,1,,,,,,,,,,,,,,,,,,
2016-12-20,07:26:00,COM VÍTIMA,FINALIZADA,IMBIRIBEIRA,AV MARECHAL MASCARENHAS DE MORAES,0,,,EM FRENTE AO GERALDÃO SENT/AEROPORTO,AV MARECHAL MASCARENHAS DE MORAES,0,EM FRENTE AO GERALDÃO SENT/AEROPORTO,IMBIRIBEIRA,COLISÃO,COM VITIMAS,1,1,,,,,,,,1,,,,,,,,,,,,,,,,,,
2016-12-20,08:27:00,COM VÍTIMA,FINALIZADA,AREIAS,AV CAPITAO GREGORIO DE CALDAS,3,141,,EM FRENTE A FRUTARIA CEASA,AV CAPITAO GREGORIO DE CALDAS,141,EM FRENTE A FRUTARIA CEASA,AREIAS,COLISÃO,COLISÃO COM VITIMA SOCORRIDO PELO SAMU,1,1,,,,,,,,1,,,,,,,,,,,,,,,,,,
2016-12-20,10:48:00,COM VÍTIMA,FINALIZADA,IPSEP,AV RECIFE,0,,,NA SUBIDA DO VIADULTO TANCREDO NEVES,AV RECIFE,0,NA SUBIDA DO VIADULTO TANCREDO NEVES,IPSEP,COLISÃO,COL.C/V.SETBOA VIAGEM,1,1,,,,,,,,1,,,,,,,,,,,,,,,,,,
2016-12-20,12:00:00,COM VÍTIMA,FINALIZADA,BOA VIAGEM,RUA PADRE CARAPUCEIRO,0,,,AO LADO DA FRISABOR,RUA PADRE CARAPUCEIRO,0,AO LADO DA FRISABOR,BOA VIAGEM,COLISÃO,COLISAO ENTRE AUTO E MOTO,1,1,,,,,,,,1,,,,,,,,,,,,,,,,,,
2016-12-20,14:50:00,COM VÍTIMA,FINALIZADA,PRADO,RUA PADRE TEOFILO TWORZ,0,,,CRUZ COM A RUA SANTA EDWIGES,RUA PADRE TEOFILO TWORZ,0,CRUZ COM A RUA SANTA EDWIGES,PRADO,COLISÃO,COLISAO ENTRE AUTO E MOTO,1,1,,,,,,,,1,,,,,,,,,,,,,,,,,,
2016-12-20,16:56:00,COM VÍTIMA,FINALIZADA,CAMPO GRANDE,RUA MARECHAL DEODORO,0,,,E/F AO COLEGIO DOM CARLOS COELHO,RUA MARECHAL DEODORO,0,E/F AO COLEGIO DOM CARLOS COELHO,CAMPO GRANDE,COLISÃO,ENTRE UM AUTO E UMA MOTO,1,1,,,,,,,,1,,,,,,,,,,,,,,,,,,
2016-12-21,06:56:00,COM VÍTIMA,FINALIZADA,SANTO AMARO,AV CRUZ CABUGA,0,,,EM FRENTE A CASA DA INDUSTRIA,AV CRUZ CABUGA,0,EM FRENTE A CASA DA INDUSTRIA,SANTO AMARO,COLISÃO,AUTO E MOTO / SUB EDIO NO QTH,1,1,,,,,,,,1,,,,,,,,,,,,,,,,,,
2016-12-21,08:30:00,COM VÍTIMA,FINALIZADA,BOA VIAGEM,RUA WALDEMAR NERY CARNEIRO MONTEIRO,3,364,,EM FRENTE DA PADARIA SETUBAL,RUA WALDEMAR NERY CARNEIRO MONTEIRO,364,EM FRENTE DA PADARIA SETUBAL,BOA VIAGEM,COLISÃO,COL.C/V.,1,1,,,,,,,,2,,,,,,,,,,,,,,,,,,
2016-12-21,08:31:00,COM VÍTIMA,FINALIZADA,IPUTINGA,AV CAXANGA,0,,,EM FRENTE A CAXANGA VEICULOS SENT/CID/SUB,AV CAXANGA,0,EM FRENTE A CAXANGA VEICULOS SENT/CID/SUB,IPUTINGA,COLISÃO,CTTU NO LOCAL BATEDOR VAI FAZER O B.O COM VITIMA,1,1,,,,,,,,1,,,,,,,,,,,,,,,,,,
2016-12-21,09:58:00,COM VÍTIMA,FINALIZADA,CAMPO GRANDE,RUA ODORICO MENDES,0,,,HA 50 METROS DO SUPERMERCADO ESTYLOS SENT AGAMENON MAGALHÃES,RUA ODORICO MENDES,0,HA 50 METROS DO SUPERMERCADO ESTYLOS SENT AGAMENON MAGALHÃES,CAMPO GRANDE,COLISÃO,COLISÃO COM UMA VITIMA SAMU NO LOCAL,2,1,,,,,,,,1,,,,,,,,,,,,,,,,,,
2016-12-21,12:58:00,COM VÍTIMA,FINALIZADA,SANTO AMARO,RUA BARROS BARRETO,3,689,,EM FRENTE A ESCOLA ESTACIO COIMBRA,RUA BARROS BARRETO,689,EM FRENTE A ESCOLA ESTACIO COIMBRA,SANTO AMARO,COLISÃO,COLISÃO COM VÍTIMA,1,1,,,,,,,,1,,,,,,,,,,,,,,,,,,
2016-12-21,13:15:00,COM VÍTIMA,FINALIZADA,IMBIRIBEIRA,AV MARECHAL MASCARENHAS DE MORAES,0,,,SENT AEROPORTO - E/F NISSAN,AV MARECHAL MASCARENHAS DE MORAES,0,SENT AEROPORTO - E/F NISSAN,IMBIRIBEIRA,COLISÃO COM CICLISTA,ATROPELAMENTO DE CICLISTA,1,,,1,,,,,,1,,,,,,,,,,,,,,,,,,
2016-12-21,16:56:00,COM VÍTIMA,FINALIZADA,MACAXEIRA,AV NORTE,4,7200,,EM FRENTE DSEI,AV NORTE,7200,EM FRENTE DSEI,MACAXEIRA,ATROPELAMENTO,,,,,,1,,,,,1,,,,,,,,,,,,,,,,,,
2016-12-21,20:13:00,COM VÍTIMA,FINALIZADA,ENCRUZILHADA,RUA PROFESSOR MIRANDA CURIO,0,,,ESQUINA COM RUA DONA ELVIRA  APOS A IGREJA DE BELEM SENTIDO CAMPO GRANDE  PRIMEIRO SINALL A ESQUERDA,RUA PROFESSOR MIRANDA CURIO,0,ESQUINA COM RUA DONA ELVIRA  APOS A IGREJA DE BELEM SENTIDO CAMPO GRANDE  PRIMEIRO SINALL A ESQUERDA,ENCRUZILHADA,COLISÃO,AUTO E MOTO,1,1,,,,,,,,1,,,,,,,,,,,,,,,,,,
2016-12-21,20:20:00,COM VÍTIMA,FINALIZADA,BOA VISTA,RUA VELHA,3,339,,PROX. AO MERCADO DA BOA VISTA,RUA VELHA,339,PROX. AO MERCADO DA BOA VISTA,BOA VISTA,COLISÃO,AUTO E MOTO,1,1,,,,,,,,2,,,,,,,,,,,,,,,,,,
2016-12-22,00:48:00,COM VÍTIMA,FINALIZADA,RECIFE,AV ALFREDO LISBOA,0,,,AO LADO FÁBRICA PILLAR,AV ALFREDO LISBOA,0,AO LADO FÁBRICA PILLAR,BAIRRO DO RECIFE,COLISÃO,COLISÃO ENTRE AUTO E DUAS MOTOS COM VÍTIMAS,1,2,,,,,,,,2,,,,,,,,,,,,,,,,,,
2016-12-22,11:01:00,COM VÍTIMA,FINALIZADA,BOA VIAGEM,AV CONSELHEIRO AGUIAR,4,3384,,ESQ DO EDF PRINCIPE ALBERTO / EM FRENTE A CAIXA ECONOMICA,AV CONSELHEIRO AGUIAR,3384,ESQ DO EDF PRINCIPE ALBERTO / EM FRENTE A CAIXA ECONOMICA,BOA VIAGEM,COLISÃO,MOTO E CAMINHONETE,1,1,,,,,,,,1,,,,,,,,,,,,,,,,,,
2016-12-22,18:55:00,COM VÍTIMA,FINALIZADA,BOA VISTA,AV GOVERNADOR AGAMENON MAGALHAES,0,,,EM FRENTE AO COLEGIO AMERICANO BATISTA,AV GOVERNADOR AGAMENON MAGALHAES,0,EM FRENTE AO COLEGIO AMERICANO BATISTA,BOA VISTA,COLISÃO,COLISAO ENTRE DUAS MOTOS COM VITIMA,,2,,,,,,,,1,,,,,,,,,,,,,,,,,,
2016-12-22,22:12:00,COM VÍTIMA,FINALIZADA,BONGI,RUA SANTA EDWIRGES,0,,,PROX A IGREJA PRESBITERIANA DO PRADO,RUA SANTA EDWIRGES,0,PROX A IGREJA PRESBITERIANA DO PRADO,BONGI,COLISÃO,COLISAO ENTRE MICROONIBUS E AUTO,1,,,,,1,,,,2,,,,,,,,,,,,,,,,,,
2016-12-23,10:10:00,COM VÍTIMA,FINALIZADA,AREIAS,AV RECIFE,2,XX,,ANTES AO ACESSO DO IBURA  SENTIDO BOA VIAGEM,AV RECIFE,XX,ANTES AO ACESSO DO IBURA  SENTIDO BOA VIAGEM,AREIAS,COLISÃO COM CICLISTA,ATROPELAMENTO ENTRE CARRETA E CICLISTA. VÍTIMA NÃO QUER ATENDIMENTO MÉDICO,,,,1,,,1,,,1,,,,,,,,,,,,,,,,,,
2016-12-23,15:04:00,COM VÍTIMA,FINALIZADA,BOA VIAGEM,RUA PADRE CARAPUCEIRO,4,1957,,EM FRENTE A FRISABOR NA DOMINGOS FERREIRA COM PADRE CARAPUCEIRO,RUA PADRE CARAPUCEIRO,1957,EM FRENTE A FRISABOR NA DOMINGOS FERREIRA COM PADRE CARAPUCEIRO,BOA VIAGEM,COLISÃO,COLISAO ENTRE TRES VEICULOS,3,,,,,,,,,1,,,,,,,,,,,,,,,,,,
2016-12-23,16:14:00,COM VÍTIMA,FINALIZADA,BOA VIAGEM,AV GENERAL MAC ARTHUR,0,,,AO LADO DA FARMACIA DO TRABALHADOR EM FRENTE AO POSTO DE GASOLINA BR,AV GENERAL MAC ARTHUR,0,AO LADO DA FARMACIA DO TRABALHADOR EM FRENTE AO POSTO DE GASOLINA BR,BOA VIAGEM,COLISÃO,COLISÃO COM VITIMA,1,,1,,,,,,,1,,,,,,,,,,,,,,,,,,
2016-12-23,17:10:00,COM VÍTIMA,FINALIZADA,IMBIRIBEIRA,RUA SARGENTO SILVINO DE MACEDO,3,283,,E/F DA NATAGEL DISTRIBUIDORA,RUA SARGENTO SILVINO DE MACEDO,283,E/F DA NATAGEL DISTRIBUIDORA,IMBIRIBEIRA,COLISÃO,COLISAO DE ONIBUS E AUTO COM UMA VITIMA,2,,,,,,,,,1,,,,,,,,,,,,,,,,,,
2016-12-24,08:52:00,COM VÍTIMA,FINALIZADA,ENCRUZILHADA,RUA FERNANDO CESAR,2,XX,,PRAÇA DOM MIGUEL VALVERDE,RUA FERNANDO CESAR,XX,PRAÇA DOM MIGUEL VALVERDE,ENCRUZILHADA,COLISÃO,COLISÃO ENTRE AUTO E MOTO  COM VÍTIMA,1,1,,,,,,,,1,,,,,,,,,,,,,,,,,,
2016-12-24,12:08:00,COM VÍTIMA,FINALIZADA,IPSEP,RUA JEAN EMILE FAVRE,0,,,EM FRENTE A FACULDADE BOA VIAGEM,RUA JEAN EMILE FAVRE,0,EM FRENTE A FACULDADE BOA VIAGEM,IPSEP,COLISÃO,COLISAO ENTRE AUTO E MOTO,1,1,,,,,,,,1,,,,,,,,,,,,,,,,,,
2016-12-24,13:33:00,COM VÍTIMA,FINALIZADA,SAN MARTIN,AV GENERAL SAN MARTIN,4,1612,,PROX DA CAVALARIA S/T CORDEIRO,AV GENERAL SAN MARTIN,1612,PROX DA CAVALARIA S/T CORDEIRO,SAN MARTIN,COLISÃO,COLISAO DE AUTO E MOTO COM UMA VITIMA JA SOCORRIDA,1,1,,,,,,,,1,,,,,,,,,,,,,,,,,,
2016-12-24,16:28:00,COM VÍTIMA,FINALIZADA,SAN MARTIN,AV GENERAL SAN MARTIN,0,,,PROX A CAVALARIA,AV GENERAL SAN MARTIN,0,PROX A CAVALARIA,SAN MARTIN,COLISÃO,COLISÃO AUTO E MOTO COM VITIMA,,1,1,,,,,,,1,,,,,,,,,,,,,,,,,,
2016-12-25,01:10:00,COM VÍTIMA,FINALIZADA,SANTO ANTONIO,AV GUARARAPES,0,,,EM FRENTE AO CORREIOS,AV GUARARAPES,0,EM FRENTE AO CORREIOS,SANTO ANTÔNIO,CAPOTAMENTO,CAPOTAMENTO ENVOLVENDO DOIS VEICULOS,2,,,,,,,,,3,,,,,,,,,,,,,,,,,,
2016-12-25,15:00:00,COM VÍTIMA,FINALIZADA,AFOGADOS,RUA SANTOS ARAUJO,0,,,EM FRENTE A FACUDADE FAREC,RUA SANTOS ARAUJO,0,EM FRENTE A FACUDADE FAREC,AFOGADOS,ATROPELAMENTO,ATROPELAMENTO  VITIA SOCORRIDA PELO SAMU,,1,,,1,,,,,1,,,,,,,,,,,,,,,,,,
2016-12-25,18:35:00,COM VÍTIMA,FINALIZADA,MADALENA,AV BEIRA RIO,0,,,CRUZAMENTO COM A JOSE OSORIO ENCIMA DA PONTE DA CABUNGA,AV BEIRA RIO,0,CRUZAMENTO COM A JOSE OSORIO ENCIMA DA PONTE DA CABUNGA,MADALENA,COLISÃO,AUTO E MOTO,1,1,,,,,,,,1,,,,,,,,,,,,,,,,,,
2016-12-25,20:57:00,COM VÍTIMA,FINALIZADA,IPSEP,AV RECIFE,0,,,ENFR AO ANTIGO BOMPREÇO,AV RECIFE,0,ENFR AO ANTIGO BOMPREÇO,IPSEP,ATROPELAMENTO,AUTO E CICLISTA,1,,,,1,,,,,1,,,,,,,,,,,,,,,,,,
2016-12-25,21:15:00,COM VÍTIMA,FINALIZADA,JARDIM SAO PAULO,RUA MANOEL INACIO,3,199,,PROX. DO TERMINAL DE ONIBUS DO BARRO,RUA MANOEL INACIO,199,PROX. DO TERMINAL DE ONIBUS DO BARRO,JARDIM SÃO PAULO,ATROPELAMENTO,ONIBUS E PEDESTRE,,,,,1,1,,,,1,,,,,,,,,,,,,,,,,,
2016-12-25,23:31:00,COM VÍTIMA,FINALIZADA,AGUA FRIA,2TR SAO SEBASTIAO,2,99,,PROX A FEIRA DE ÁGUA FRIA,2TR SAO SEBASTIAO,99,PROX A FEIRA DE ÁGUA FRIA,ÁGUA FRIA,COLISÃO,DUAS MOTOS,2,,,,,,,,,2,,,,,,,,,,,,,,,,,,
2016-12-26,07:17:00,COM VÍTIMA,FINALIZADA,BOA VIAGEM,RUA ERNESTO DE PAULA SANTOS,0,,,NO SEMAFORO Nº330,RUA ERNESTO DE PAULA SANTOS,0,NO SEMAFORO Nº330,BOA VIAGEM,COLISÃO,COL.C/V,1,1,,,,,,,,1,,,,,,,,,,,,,,,,,,
2016-12-26,09:28:00,COM VÍTIMA,FINALIZADA,BOA VIAGEM,AV DOM JOAO VI,2,XX,,AV. ANTÔNIO TORRES GALVÃO  SENTIDO PINA,AV DOM JOAO VI,XX,AV. ANTÔNIO TORRES GALVÃO  SENTIDO PINA,BOA VIAGEM,COLISÃO,ENTRE AUTO MOTO,1,1,,,,,,,,1,,,,,,,,,,,,,,,,,,
2016-12-26,10:58:00,COM VÍTIMA,FINALIZADA,SANTO AMARO,AV PREFEITO ARTUR LIMA CAVALCANTI,0,,,POR TRAS DO HOSPITAL NAVAL,AV PREFEITO ARTUR LIMA CAVALCANTI,0,POR TRAS DO HOSPITAL NAVAL,SANTO AMARO,COLISÃO,COL.C/V SET.OLINDA,1,1,,,,,,,,1,,,,,,,,,,,,,,,,,,
2016-12-26,11:10:00,COM VÍTIMA,FINALIZADA,PONTO DE PARADA,RUA DEPUTADO PEDRO VELHO,2,46,,RESIDENCIA  AO LADO DO SOCIETY,RUA DEPUTADO PEDRO VELHO,46,RESIDENCIA  AO LADO DO SOCIETY,PONTO DE PARADA,CHOQUE,COM UMA VITIMA SOCORRIDA PELA PM,,,,,,,,1,,1,,,,,,,,,,,,,,,,,,
2016-12-26,19:27:00,COM VÍTIMA,FINALIZADA,BOA VIAGEM,RUA JOAQUIM PINHEIRO,3,121,,PROX. A FERREIRA PINTO,RUA JOAQUIM PINHEIRO,121,PROX. A FERREIRA PINTO,BOA VIAGEM,COLISÃO,AUTO E MOTO,1,1,,,,,,,,2,,,,,,,,,,,,,,,,,,
2016-12-27,10:55:00,COM VÍTIMA,FINALIZADA,ENCRUZILHADA,AV NORTE,0,,,EM FRENTE AO SUPERMERCADO EXTRA,AV NORTE,0,EM FRENTE AO SUPERMERCADO EXTRA,ENCRUZILHADA,COLISÃO,,,1,,,,1,,,,1,,,,,,,,,,,,,,,,,,
2016-12-27,11:26:00,VÍTIMA FATAL,FINALIZADA,CORDEIRO,AV CAXANGA,2,XX,,ANTES DA IGREJA DO CORDEIRO  SENTIDO CENTRO,AV CAXANGA,XX,ANTES DA IGREJA DO CORDEIRO  SENTIDO CENTRO,CORDEIRO,ATROPELAMENTO,ENTRE AMBULÂNCIA E PEDESTRE,1,,,,1,,,,1,,1,,,,,,,,,,,,,,,,,
2016-12-27,13:57:00,COM VÍTIMA,FINALIZADA,IPSEP,VDO PRESIDENTE TANCREDO NEVES,0,,,NA DESCIDA DO VIADUTO TANCREDO NEVES/ SENTIDO SUBURBIO,VIADUTO TANCREDO NEVES,0,NA DESCIDA DO VIADUTO TANCREDO NEVES/ SENTIDO SUBURBIO,IPSEP,COLISÃO,COLISÃO COM VÍTIMA,1,1,,,,,,,,1,,,,,,,,,,,,,,,,,,
2016-12-27,20:14:00,COM VÍTIMA,FINALIZADA,CORREGO DO JENIPAPO,AV DA RECUPERACAO,0,,,PROX AO RESTAURANTE RECANTO DO LAU E A UPINHA DO CORREGO DO JENIPAPO,AV DA RECUPERACAO,0,PROX AO RESTAURANTE RECANTO DO LAU E A UPINHA DO CORREGO DO JENIPAPO,CÓRREGO DO JENIPAPO,COLISÃO,AUTO E MOTO,1,1,,,,,,,,1,,,,,,,,,,,,,,,,,,
2016-12-28,07:41:00,COM VÍTIMA,FINALIZADA,SAO JOSE,AV SUL,0,,,SOBRE O VIADUTO DO FORTE DAS CINCO PONTAS / SET BOA VIAGEM,AV SUL,0,SOBRE O VIADUTO DO FORTE DAS CINCO PONTAS / SET BOA VIAGEM,SÃO JOSÉ,CHOQUE,CHOCOU-SE COM A MURETA,1,,,,,,,,,1,,,,,,,,,,,,,,,,,,
2016-12-28,08:52:00,COM VÍTIMA,FINALIZADA,IPSEP,RUA JEAN EMILE FAVRE,3,521,,EM FRENTE DA FACULDADE BOA VIAGEM,RUA JEAN EMILE FAVRE,521,EM FRENTE DA FACULDADE BOA VIAGEM,IPSEP,COLISÃO COM CICLISTA,AUTO E CICLISTA,1,,,1,,,,,,1,,,,,,,,,,,,,,,,,,
2016-12-28,11:32:00,COM VÍTIMA,FINALIZADA,VASCO DA GAMA,AV NORTE,4,5972,,E/F AO JATO NORTE  SENTIDO SUBÚRBIO.,AV NORTE,5972,E/F AO JATO NORTE  SENTIDO SUBÚRBIO.,VASCO DA GAMA,COLISÃO,COM UMA VÍTIMA,1,1,,,,,,,,1,,,,,,,,,,,,,,,,,,
2016-12-28,13:33:00,COM VÍTIMA,FINALIZADA,AGUA FRIA,AV BEBERIBE,4,1781,,ANTES DO MERCADAO DO OLEO,AV BEBERIBE,1781,ANTES DO MERCADAO DO OLEO,ÁGUA FRIA,COLISÃO,COLISAO DE AUTO E MOTO COM UMA VITIMA,1,1,,,,,,,,1,,,,,,,,,,,,,,,,,,
2016-12-28,15:10:00,COM VÍTIMA,FINALIZADA,ROSARINHO,AV NORTE,0,,,E/F DA AUTO ESCOLA TATICA S/T CID,AV NORTE,0,E/F DA AUTO ESCOLA TATICA S/T CID,ROSARINHO,COLISÃO,COLISAO DE MOTO E AUTO CCOM UMA VITIMA,1,1,,,,,,,,1,,,,,,,,,,,,,,,,,,
2016-12-28,18:02:00,COM VÍTIMA,FINALIZADA,MADALENA,RUA BENFICA,0,,,EM FRENTE AO COLEGIO GGE  PROXIMO AO BATALHAO DE CHOQUE,RUA BENFICA,0,EM FRENTE AO COLEGIO GGE  PROXIMO AO BATALHAO DE CHOQUE,MADALENA,COLISÃO,COLISAO ENTRE AUTO E MOTO COM VITIMA,1,1,,,,,,,,1,,,,,,,,,,,,,,,,,,
2016-12-28,19:21:00,COM VÍTIMA,FINALIZADA,PINA,RUA PEREIRA DA COSTA,0,,,EM FRENTE AO CLINICAL CENTER,RUA PEREIRA DA COSTA,0,EM FRENTE AO CLINICAL CENTER,PINA,COLISÃO,COLISAO ENVOLVENDO UM AUTO E DUAS MOTOS,1,2,,,,,,,,1,,,,,,,,,,,,,,,,,,
2016-12-28,19:22:00,COM VÍTIMA,FINALIZADA,APIPUCOS,RUA DOIS IRMAOS,0,,,EMBAIXO DO VIADUTO DA BR 101 ENF AO MOTEL CENZALA,RUA DOIS IRMAOS,0,EMBAIXO DO VIADUTO DA BR 101 ENF AO MOTEL CENZALA,APIPUCOS,COLISÃO,ONIBUS E MOTO,,1,,,,,,,,1,,,,,,,,,,,,,,,,,,
2016-12-28,20:58:00,COM VÍTIMA,FINALIZADA,VARZEA,AV CAXANGA,0,,,POSTO SHELL PROX A ENTEGRAÇÃO DA CAXANGA ANTES DA UPA SENTIDO CIDADE SUBURBIO,AV CAXANGA,0,POSTO SHELL PROX A ENTEGRAÇÃO DA CAXANGA ANTES DA UPA SENTIDO CIDADE SUBURBIO,VÁRZEA,COLISÃO,AUTO E MOTO OBS: MOTO E VEICULO ESTA DENTRO DO ESTACIONAMENTO DO POSTO SHELL,1,1,,,,,,,,1,,,,,,,,,,,,,,,,,,
2016-12-29,02:28:00,COM VÍTIMA,FINALIZADA,TORRE,RUA JOSE BONIFACIO,0,,,EM FRENTE AO CARREFUR DA TORRE,RUA JOSE BONIFACIO,0,EM FRENTE AO CARREFUR DA TORRE,TORRE,COLISÃO,COLISAO ENTRE AUTO E MOTO,1,1,,,,,,,,1,,,,,,,,,,,,,,,,,,
2016-12-29,07:11:00,COM VÍTIMA,FINALIZADA,TORREAO,RUA DJALMA FARIAS,3,213,,E/F A ESCOLA DE TEOLOGIA DAS ASSEMBLEIAS DE DEUS NO BRASIL.,RUA DJALMA FARIAS,213,E/F A ESCOLA DE TEOLOGIA DAS ASSEMBLEIAS DE DEUS NO BRASIL.,TORREÃO,COLISÃO,SEM VÍTIMAS,,2,,,,,,,,1,,,,,,,,,,,,,,,,,,
2016-12-29,17:33:00,COM VÍTIMA,FINALIZADA,AFOGADOS,AV SUL,0,,,EM FRENTE A ESTAÇÃO LARGO DA PAZ,AV SUL,0,EM FRENTE A ESTAÇÃO LARGO DA PAZ,AFOGADOS,COLISÃO,COLISÃO COM VITIMA,,1,,,,,,1,,1,,,,,,,,,,,,,,,,,,
2016-12-30,10:08:00,COM VÍTIMA,FINALIZADA,TEJIPIO,AV DR JOSE RUFINO,4,3467,,EM FRENTE AO ARMAZEM CORAL / SEN CIDADE,AV DR JOSE RUFINO,3467,EM FRENTE AO ARMAZEM CORAL / SEN CIDADE,TEJIPIÓ,COLISÃO,MOTO E AUTO PASSEIO,1,1,,,,,,,,1,,,,,,,,,,,,,,,,,,
2016-12-30,14:30:00,VÍTIMA FATAL,FINALIZADA,VARZEA,AV CAXANGA,0,,,APOIS O GOLF CLUB,AV CAXANGA,0,APOIS O GOLF CLUB,VÁRZEA,COLISÃO,TRES VEICULOS ÔNIBUS AUTO PASSEIO E MOTO,1,1,,,,1,,,,,1,,,,,,,,,,,,,,,,,
2016-12-30,15:38:00,COM VÍTIMA,FINALIZADA,PINA,AV BOA VIAGEM,3,118,,PX A QUADRA DE TENIS,AV BOA VIAGEM,118,PX A QUADRA DE TENIS,PINA,COLISÃO,COLISAO ENTRE AUTO E MOTO COM VITIMA,1,1,,,,,,,,1,,,,,,,,,,,,,,,,,,
2016-12-31,00:47:00,COM VÍTIMA,FINALIZADA,BRASILIA TEIMOSA,RUA ESTRELA DO MAR,0,,,PRÓXIMO A ESCOLA PENA AZUL // PRÓXIMO A ORLA DA PRAIA,RUA ESTRELA DO MAR,0,PRÓXIMO A ESCOLA PENA AZUL // PRÓXIMO A ORLA DA PRAIA,BRASÍLIA TEIMOSA,COLISÃO,COLISÃO ENTRE DUAS MOTOS COM VÍTIMAS,,2,,,,,,,,2,,,,,,,,,,,,,,,,,,
2016-12-31,07:27:00,COM VÍTIMA,FINALIZADA,CAMPO GRANDE,RUA ODORICO MENDES,0,,,EM FRENTE AO POSTO DE GASOLINA IPIRANGA SEMAFORO 026,RUA ODORICO MENDES,0,EM FRENTE AO POSTO DE GASOLINA IPIRANGA SEMAFORO 026,CAMPO GRANDE,COLISÃO,COLISÃO COM VITIMA A ESPERA DO SAMU,1,,,,,,1,,,1,,,,,,,,,,,,,,,,,,