data,hora,natureza_acidente,situacao,bairro,endereco,,numero,detalhe_endereco_acidente,complemento,endereco_cruzamento,numero_cruzamento,referencia_cruzamento,bairro_cruzamento,tipo,descricao,auto,moto,ciclom,ciclista,pedestre,onibus,caminhao,viatura,outros,vitimas,vitimasfatais,num_semaforo,sentido_via,acidente_verificado,tempo_clima,situacao_semaforo,sinalizacao,condicao_via,conservacao_via,ponto_controle,situacao_placa,velocidade_max_via,mao_direcao,divisao_via1,divisao_via2,divisao_via3,_id,Protocolo
2017-01-12,12:04:00,COM VÍTIMA,FINALIZADA,MADALENA,RUA JOAO IVO DA SILVA,0,,,SAIDA DO TUNEL DA ABOLIÇÃO,RUA JOAO IVO DA SILVA,0,SAIDA DO TUNEL DA ABOLIÇÃO,MADALENA,COLISÃO,,1,1,,,,,,,,1,,,,,,,,,,,,,,,,,,
2017-01-12,13:12:00,COM VÍTIMA,FINALIZADA,ROSARINHO,AV NORTE,4,3000,,PX A PRAÇA DO ROSARINHO - SENT CID/SUB,AV NORTE,3000,PX A PRAÇA DO ROSARINHO - SENT CID/SUB,ROSARINHO,COLISÃO,,1,1,,,,,,,,1,,,,,,,,,,,,,,,,,,
2017-01-12,14:42:00,COM VÍTIMA,FINALIZADA,CASA AMARELA,COR DO BARTOLOMEU,0,,,PROX. AO CENTRO SOCIAL DO SERVIDORES MUNICIPAIS DO RECIFE,COR DO BARTOLOMEU,0,PROX. AO CENTRO SOCIAL DO SERVIDORES MUNICIPAIS DO RECIFE,CASA AMARELA,COLISÃO,,1,2,,,,,,,,2,,,,,,,,,,,,,,,,,,
2017-01-12,15:47:00,COM VÍTIMA,FINALIZADA,IPSEP,RUA JAMAICA,0,,,NO CRUZAMENTO DA RUA ITAJAI COM JAMAICA,RUA JAMAICA,0,NO CRUZAMENTO DA RUA ITAJAI COM JAMAICA,IPSEP,COLISÃO,,1,1,,,,,,,,1,,,,,,,,,,,,,,,,,,
2017-01-12,16:40:00,VÍTIMA FATAL,FINALIZADA,IBURA,AV DOM HELDER CAMARA,3,521,,EM FRENTE AO CRAS,AV DOM HELDER CAMARA,521,EM FRENTE AO CRAS,IBURA,ACID. DE PERCURSO,,,,,,,,,,,,1,,,,,,,,,,,,,,,,,
2017-01-12,21:06:00,COM VÍTIMA,FINALIZADA,AGUA FRIA,AV ANIBAL BENEVOLO,0,,,EM FRENTE A COMPAZ DO ALTO SANTA TEREZINHA  APOS A DELEGACIA DO ALTO DO PASCOAL,AV ANIBAL BENEVOLO,0,EM FRENTE A COMPAZ DO ALTO SANTA TEREZINHA  APOS A DELEGACIA DO ALTO DO PASCOAL,ÁGUA FRIA,ATROPELAMENTO,,,1,,,1,,,,,1,,,,,,,,,,,,,,,,,,
2017-01-12,21:50:00,COM VÍTIMA,FINALIZADA,CASA FORTE,PRC DE CASA FORTE,0,,,EM FRENTE DA IGREJA CATOLICA DE CASA FORTE,PRC DE CASA FORTE,0,EM FRENTE DA IGREJA CATOLICA DE CASA FORTE,CASA FORTE,ATROPELAMENTO,,1,,,,2,,,,,2,,,,,,,,,,,,,,,,,,
2017-01-13,06:29:00,COM VÍTIMA,FINALIZADA,ROSARINHO,AV NORTE,0,,,SEMAFORO 081 SENT/CENTRO,AV NORTE,0,SEMAFORO 081 SENT/CENTRO,ROSARINHO,COLISÃO,,,1,,,,1,,,,1,,,,,,,,,,,,,,,,,,
2017-01-13,10:19:00,COM VÍTIMA,FINALIZADA,ESTANCIA,AV DR JOSE RUFINO,3,548,,CRUZ COM A MORAES E SILVA EM FRENTE A GALERIA MARGARINA,AV DR JOSE RUFINO,548,CRUZ COM A MORAES E SILVA EM FRENTE A GALERIA MARGARINA,ESTÂNCIA,COLISÃO,,1,1,,,,,,,,1,,,,,,,,,,,,,,,,,,
2017-01-13,11:27:00,COM VÍTIMA,FINALIZADA,AFOGADOS,RUA QUITERIO INACIO DE MELLO,0,,,PROX AO BANCO DO BRASIL SENTIDO LAGOA DO ARAÇA,RUA QUITERIO INACIO DE MELLO,0,PROX AO BANCO DO BRASIL SENTIDO LAGOA DO ARAÇA,AFOGADOS,COLISÃO,,1,1,,,,,,,,1,,,,,,,,,,,,,,,,,,
2017-01-13,11:50:00,COM VÍTIMA,FINALIZADA,MADALENA,RUA JOSE OSORIO,3,919,,EM FRENTE CONCESSIONARIA SENA MULTIMARCAS,RUA JOSE OSORIO,919,EM FRENTE CONCESSIONARIA SENA MULTIMARCAS,MADALENA,COLISÃO,,1,1,,,,,,,,2,,,,,,,,,,,,,,,,,,
2017-01-13,11:52:00,COM VÍTIMA,FINALIZADA,CASA FORTE,RUA AFONSO DE ALBUQUERQUE MELO,2,60,,EM FRENTE AO EDIFICIO CRISTIANO,RUA AFONSO DE ALBUQUERQUE MELO,60,EM FRENTE AO EDIFICIO CRISTIANO,CASA FORTE,COLISÃO,,1,1,,,,,,,,1,,,,,,,,,,,,,,,,,,
2017-01-13,13:47:00,COM VÍTIMA,FINALIZADA,PRADO,AV ENGENHEIRO ABDIAS DE CARVALHO,3,781,,EM FRENTE A CAPOTARIA BONGI/ SENTIDO CIDADE,AV ENGENHEIRO ABDIAS DE CARVALHO,781,EM FRENTE A CAPOTARIA BONGI/ SENTIDO CIDADE,PRADO,COLISÃO,,1,1,,,,,,,,1,,,,,,,,,,,,,,,,,,
2017-01-13,16:59:00,COM VÍTIMA,FINALIZADA,CAXANGA,AV CAXANGA,0,,,EM FRENTE A INTEGRAÇAO  SENTIDO CAMARAGIBE,AV CAXANGA,0,EM FRENTE A INTEGRAÇAO  SENTIDO CAMARAGIBE,CAXANGÁ,COLISÃO,,,2,,,,,,,,1,,,,,,,,,,,,,,,,,,
2017-01-13,17:11:00,COM VÍTIMA,FINALIZADA,BOA VIAGEM,AV ENGENHEIRO DOMINGOS FERREIRA,0,,,CRUZ COM ANTONIO FALCÃO,AV ENGENHEIRO DOMINGOS FERREIRA,0,CRUZ COM ANTONIO FALCÃO,BOA VIAGEM,COLISÃO COM CICLISTA,,1,,,1,,,,,,1,,,,,,,,,,,,,,,,,,
2017-01-13,18:51:00,COM VÍTIMA,FINALIZADA,AFOGADOS,AV SUL GOV. CID SAMPAIO,0,,LARGO DA PAZ,PROX A POLICLINICA E ENFR A ESTAÇAO LARGO DA PAZ,LARGO DA PAZ,0,PROX A POLICLINICA E ENFR A ESTAÇAO LARGO DA PAZ,AFOGADOS,ATROPELAMENTO,,,1,,,1,,,,,1,,,,,,,,,,,,,,,,,,
2017-01-13,19:42:00,COM VÍTIMA,FINALIZADA,MADALENA,RUA REAL DA TORRE,0,,,E/F AO ARMAZEM DE CONSTRUÇÃO O GUIA. ANTES DO MERCADO DA MADALENA,RUA REAL DA TORRE,0,E/F AO ARMAZEM DE CONSTRUÇÃO O GUIA. ANTES DO MERCADO DA MADALENA,MADALENA,COLISÃO,,1,1,,,,,,,,1,,,,,,,,,,,,,,,,,,
2017-01-13,20:37:00,COM VÍTIMA,FINALIZADA,ARRUDA,EST VELHA DE AGUA FRIA,0,,,CRUZAMENTO DA FERREIRA COSTA E CRUZAMENTO COM A PROFESSOR JOSE DOS ANJOS,EST VELHA DE AGUA FRIA,0,CRUZAMENTO DA FERREIRA COSTA E CRUZAMENTO COM A PROFESSOR JOSE DOS ANJOS,ARRUDA,COLISÃO,,1,1,,,,,,,,1,,,,,,,,,,,,,,,,,,
2017-01-14,00:44:00,COM VÍTIMA,FINALIZADA,ALTO SANTA TEREZINHA,AV ANIBAL BENEVOLO,4,1609,,E/F AO COMPLAZ,AV ANIBAL BENEVOLO,1609,E/F AO COMPLAZ,ALTO SANTA TERESINHA,ATROPELAMENTO,,,1,,,1,,,,,1,,,,,,,,,,,,,,,,,,
2017-01-14,08:32:00,COM VÍTIMA,FINALIZADA,BOA VISTA,RUA DO RIACHUELO,0,,,AO LADO COLEGIO PINTO JUNIOR,RUA DO RIACHUELO,0,AO LADO COLEGIO PINTO JUNIOR,BOA VISTA,COLISÃO,,1,1,,,,,,,,2,,,,,,,,,,,,,,,,,,
2017-01-14,16:31:00,COM VÍTIMA,FINALIZADA,IMBIRIBEIRA,AV MARECHAL MASCARENHAS DE MORAES,0,,,SEMAFORO 631 PROXIMO A MARAVILHA MOTOS,AV MARECHAL MASCARENHAS DE MORAES,0,SEMAFORO 631 PROXIMO A MARAVILHA MOTOS,IMBIRIBEIRA,COLISÃO,,,2,,,,,,,,2,,,,,,,,,,,,,,,,,,
2017-01-14,16:42:00,COM VÍTIMA,FINALIZADA,ROSARINHO,AV NORTE,4,3435,,SEMAFORO 456 - SENT CID,AV NORTE,3435,SEMAFORO 456 - SENT CID,ROSARINHO,COLISÃO,,2,1,,,,,,,,1,,,,,,,,,,,,,,,,,,
2017-01-14,20:05:00,COM VÍTIMA,FINALIZADA,SAN MARTIN,AV GENERAL SAN MARTIN,4,2201,,APOS A PRAÇA DO GIRADOURO SENTIDO AV RECIFE,AV GENERAL SAN MARTIN,2201,APOS A PRAÇA DO GIRADOURO SENTIDO AV RECIFE,SAN MARTIN,COLISÃO,,1,1,,,,,,,,1,,,,,,,,,,,,,,,,,,
2017-01-15,04:11:00,COM VÍTIMA,FINALIZADA,VASCO DA GAMA,RUA ALTO DO EUCALIPTO,0,,,PRÓXIMO AO TERMINAL DE ÔNIBUS VASCO DA GAMA/ CABUGÁ,RUA ALTO DO EUCALIPTO,0,PRÓXIMO AO TERMINAL DE ÔNIBUS VASCO DA GAMA/ CABUGÁ,VASCO DA GAMA,CAPOTAMENTO,,1,,,,,,,,,1,,,,,,,,,,,,,,,,,,
2017-01-15,12:01:00,COM VÍTIMA,FINALIZADA,IPSEP,AV RECIFE,4,2967,,E/F AO POSTO DE GASOLINA FEDERAL - SENT SUB,AV RECIFE,2967,E/F AO POSTO DE GASOLINA FEDERAL - SENT SUB,IPSEP,COLISÃO,,,1,,,,1,,,,1,,,,,,,,,,,,,,,,,,
2017-01-15,17:34:00,COM VÍTIMA,FINALIZADA,IPSEP,AV RECIFE,0,,,POSTO DE GASOLINA FEDERAL PROX A ENTRADA DA JEAN EMILE FAVRE,AV RECIFE,0,POSTO DE GASOLINA FEDERAL PROX A ENTRADA DA JEAN EMILE FAVRE,IPSEP,ATROPELAMENTO,,1,,,,1,,,,,1,,,,,,,,,,,,,,,,,,
2017-01-15,19:20:00,COM VÍTIMA,FINALIZADA,SAN MARTIN,AV ENGENHEIRO ABDIAS DE CARVALHO,0,,,NO CRUZAMENTO DA ABDIAS DE CARVALHO COM SAN MARTIN,AV ENGENHEIRO ABDIAS DE CARVALHO,0,NO CRUZAMENTO DA ABDIAS DE CARVALHO COM SAN MARTIN,SAN MARTIN,COLISÃO,,1,1,,,,,,,,1,,,,,,,,,,,,,,,,,,
2017-01-16,06:07:00,COM VÍTIMA,FINALIZADA,AREIAS,AV DR JOSE RUFINO,3,642,,PRÓXIMO AO COLÉGIO INDEPENDENCIA,AV DR JOSE RUFINO,642,PRÓXIMO AO COLÉGIO INDEPENDENCIA,AREIAS,COLISÃO,,,1,,,,1,,,,1,,,,,,,,,,,,,,,,,,
2017-01-16,08:01:00,COM VÍTIMA,FINALIZADA,MONTEIRO,AV DEZESSETE DE AGOSTO,4,2666,,EM FRENTE A ESCOLA SILVA JARDIM,AV DEZESSETE DE AGOSTO,2666,EM FRENTE A ESCOLA SILVA JARDIM,MONTEIRO,COLISÃO,,1,1,,,,,,,,1,,,,,,,,,,,,,,,,,,
2017-01-16,08:29:00,COM VÍTIMA,FINALIZADA,IMBIRIBEIRA,AV MARECHAL MASCARENHAS DE MORAES,0,,,EM FRENTE A FERREIRA COSTA SEN/CIDADE SEMAFORO 386,AV MARECHAL MASCARENHAS DE MORAES,0,EM FRENTE A FERREIRA COSTA SEN/CIDADE SEMAFORO 386,IMBIRIBEIRA,COLISÃO,,1,1,,,,,,,,1,,,,,,,,,,,,,,,,,,
2017-01-16,11:26:00,COM VÍTIMA,FINALIZADA,DERBY,RUA JENER DE SOUZA,0,,,EM FRENTE DA PRAÇA DO DERBY,RUA JENER DE SOUZA,0,EM FRENTE DA PRAÇA DO DERBY,DERBY,COLISÃO,,2,,,,,,,,,1,,,,,,,,,,,,,,,,,,
2017-01-16,11:34:00,COM VÍTIMA,FINALIZADA,DOIS IRMAOS,EST DOS PINTOS,3,112,,EM FRENTE DA QUALY FRIOS,EST DOS PINTOS,112,EM FRENTE DA QUALY FRIOS,DOIS IRMÃOS,COLISÃO,,1,1,,,,1,,,,1,,,,,,,,,,,,,,,,,,
2017-01-16,15:19:00,COM VÍTIMA,FINALIZADA,AFOGADOS,RUA SAO MIGUEL,0,,,EM FRENTE AO BANCO DO BRASIL,RUA SAO MIGUEL,0,EM FRENTE AO BANCO DO BRASIL,AFOGADOS,COLISÃO,,1,,1,,,,,,,1,,,,,,,,,,,,,,,,,,
2017-01-16,15:27:00,COM VÍTIMA,FINALIZADA,ESPINHEIRO,RUA DA HORA,0,,,EM FRENTE COM RIPE CAFE,RUA DA HORA,0,EM FRENTE COM RIPE CAFE,ESPINHEIRO,COLISÃO,,1,1,,,,,,,,1,,,,,,,,,,,,,,,,,,
2017-01-16,16:19:00,COM VÍTIMA,FINALIZADA,CABANGA,RUA CAPITAO TEMUDO,0,,,SUBIDA DO VIADULTO,RUA CAPITAO TEMUDO,0,SUBIDA DO VIADULTO,CABANGA,CHOQUE,,1,,,,,,,,,5,,,,,,,,,,,,,,,,,,
2017-01-16,17:15:00,COM VÍTIMA,FINALIZADA,ENCRUZILHADA,AV BEBERIBE,3,205,,EM FRENTE A AUTO ESCOLA NOVA YORK,AV BEBERIBE,205,EM FRENTE A AUTO ESCOLA NOVA YORK,ENCRUZILHADA,COLISÃO,,1,1,,,,,,,,1,,,,,,,,,,,,,,,,,,
2017-01-16,18:39:00,COM VÍTIMA,FINALIZADA,PINA,AV ANTONIO DE GOES,0,,,EM FRENTE A PRF,AV ANTONIO DE GOES,0,EM FRENTE A PRF,PINA,ATROPELAMENTO,,,1,,,1,,,,,1,,,,,,,,,,,,,,,,,,
2017-01-16,22:37:00,COM VÍTIMA,FINALIZADA,ILHA JOANA BEZERRA,AV GOVERNADOR AGAMENON MAGALHAES,0,,,DE ESQUINA COM O FORUM DE JOANA BEZERRA APOS O VIADULTO SENT. DERBY,AV GOVERNADOR AGAMENON MAGALHAES,0,DE ESQUINA COM O FORUM DE JOANA BEZERRA APOS O VIADULTO SENT. DERBY,JOANA BEZERRA,COLISÃO,,1,1,,,,,,,,1,,,,,,,,,,,,,,,,,,
2017-01-17,09:34:00,COM VÍTIMA,FINALIZADA,AGUA FRIA,AV BEBERIBE,0,,,EM FRENTE AO MERCADO MELODIA,AV BEBERIBE,0,EM FRENTE AO MERCADO MELODIA,ÁGUA FRIA,COLISÃO,,1,1,,,,,,,,1,,,,,,,,,,,,,,,,,,
2017-01-17,10:41:00,COM VÍTIMA,FINALIZADA,ESPINHEIRO,AV GOVERNADOR AGAMENON MAGALHAES,2,XX,,RUA BUENOS AIRES  SENTIDO BOA VIAGEM,AV GOVERNADOR AGAMENON MAGALHAES,XX,RUA BUENOS AIRES  SENTIDO BOA VIAGEM,ESPINHEIRO,COLISÃO,,1,,,1,,,,,,1,,,,,,,,,,,,,,,,,,
2017-01-17,13:55:00,COM VÍTIMA,FINALIZADA,BOA VIAGEM,AV ARMINDO MOURA,0,,,EM FRENTE A COMAR,AV ARMINDO MOURA,0,EM FRENTE A COMAR,BOA VIAGEM,COLISÃO,,1,1,,,,,,,,1,,,,,,,,,,,,,,,,,,
2017-01-17,14:42:00,COM VÍTIMA,FINALIZADA,BEBERIBE,AV BEBERIBE,3,743,,PROXIMO A DISNOV,AV BEBERIBE,743,PROXIMO A DISNOV,BEBERIBE,COLISÃO,,1,1,,,,,,,,1,,,,,,,,,,,,,,,,,,
2017-01-17,15:18:00,COM VÍTIMA,FINALIZADA,AFOGADOS,RUA SAO MIGUEL,3,800,,E/F AO RM,RUA SAO MIGUEL,800,E/F AO RM,AFOGADOS,COLISÃO,,1,1,,,,,,,,1,,,,,,,,,,,,,,,,,,
2017-01-17,18:38:00,COM VÍTIMA,FINALIZADA,TEJIPIO,RUA FALCAO DE LACERDA,3,328,,E/F AO CARTORIO CIVIL DE TEJIPIO,RUA FALCAO DE LACERDA,328,E/F AO CARTORIO CIVIL DE TEJIPIO,TEJIPIÓ,COLISÃO,,1,1,,,,,,,,2,,,,,,,,,,,,,,,,,,
2017-01-17,18:42:00,COM VÍTIMA,FINALIZADA,CASA FORTE,AV DEZESSETE DE AGOSTO,4,1465,,PROXIMO A PRAÇA DE CASA FORTE,AV DEZESSETE DE AGOSTO,1465,PROXIMO A PRAÇA DE CASA FORTE,CASA FORTE,COLISÃO,,1,1,,,,,,,,1,,,,,,,,,,,,,,,,,,
2017-01-18,07:35:00,COM VÍTIMA,FINALIZADA,CAXANGA,AV CAXANGA,4,4555,,SENTIDO CIDADE EM FRENTE A CAXANGA GOLF CLUBE,AV CAXANGA,4555,SENTIDO CIDADE EM FRENTE A CAXANGA GOLF CLUBE,CAXANGÁ,ATROPELAMENTO,,,1,,,1,,,,,1,,,,,,,,,,,,,,,,,,
2017-01-18,12:27:00,COM VÍTIMA,FINALIZADA,BOA VISTA,RUA JOAO FERNANDES VIEIRA,0,,,EM FRENTE O HOSPITAL DE FRATURAS,RUA JOAO FERNANDES VIEIRA,0,EM FRENTE O HOSPITAL DE FRATURAS,BOA VISTA,COLISÃO,,1,1,,,,,,,,1,,,,,,,,,,,,,,,,,,
2017-01-18,17:39:00,COM VÍTIMA,FINALIZADA,VARZEA,AV CAXANGA,0,,,PROXIMO A UPA SENTIDO CENTRO,AV CAXANGA,0,PROXIMO A UPA SENTIDO CENTRO,VÁRZEA,COLISÃO,,1,1,,,,,,,,1,,,,,,,,,,,,,,,,,,
2017-01-19,00:51:00,COM VÍTIMA,FINALIZADA,IPSEP,AV MARECHAL MASCARENHAS DE MORAES,0,,,EM FRENTE A UNIVERSO,AV MARECHAL MASCARENHAS DE MORAES,0,EM FRENTE A UNIVERSO,IPSEP,COLISÃO,,,,,,,2,,,,1,,,,,,,,,,,,,,,,,,
2017-01-19,15:40:00,COM VÍTIMA,FINALIZADA,SANTO AMARO,AV GOVERNADOR AGAMENON MAGALHAES,4,4120,,E/F AO DISLUB - SENT OLINDA,AV GOVERNADOR AGAMENON MAGALHAES,4120,E/F AO DISLUB - SENT OLINDA,SANTO AMARO,COLISÃO,,1,1,,,,,,,,1,,,,,,,,,,,,,,,,,,
2017-01-20,02:00:00,COM VÍTIMA,FINALIZADA,BOA VIAGEM,AV BOA VIAGEM,0,,,PRAÇA DO SEGUNDO JARDIM,AV BOA VIAGEM,0,PRAÇA DO SEGUNDO JARDIM,BOA VIAGEM,COLISÃO,,2,,,,,,,,,3,,,,,,,,,,,,,,,,,,
2017-01-20,06:39:00,COM VÍTIMA,FINALIZADA,PINA,AV CELSO FURTADO,0,,,SOBRE O VIADUTO  SENTIDO AEROPORTO,AVENIDA CELSO FURTADO (VIA MANGUE),0,SOBRE O VIADUTO  SENTIDO AEROPORTO,PINA,COLISÃO,,1,1,,,,,,,,1,,,,,,,,,,,,,,,,,,
2017-01-20,07:05:00,COM VÍTIMA,FINALIZADA,SAN MARTIN,AV GENERAL SAN MARTIN,0,,,EM FRENTE A CAVALARIA DA POLICIA MILITAR SENT/ABDIAS DE CARVALHO,AV GENERAL SAN MARTIN,0,EM FRENTE A CAVALARIA DA POLICIA MILITAR SENT/ABDIAS DE CARVALHO,SAN MARTIN,COLISÃO,,1,1,,,,,,,,1,,,,,,,,,,,,,,,,,,
2017-01-20,08:16:00,COM VÍTIMA,FINALIZADA,CAMPO GRANDE,RUA PROFESSOR FRANCISCO DA TRINDADE,3,298,,EM FRENTE AO ESCRITO DE CONTABILIDADE CAMARA DE IMEDIAÇÕES,RUA PROFESSOR FRANCISCO DA TRINDADE,298,EM FRENTE AO ESCRITO DE CONTABILIDADE CAMARA DE IMEDIAÇÕES,CAMPO GRANDE,COLISÃO,,,2,,,,,,,,2,,,,,,,,,,,,,,,,,,
2017-01-20,15:35:00,COM VÍTIMA,FINALIZADA,BOA VIAGEM,AV CELSO FURTADO,0,,,AMBOS OS SENTIDOS  CHOQUE SEGUIDO DE ATROPELAMENTO,AVENIDA CELSO FURTADO (VIA MANGUE),0,AMBOS OS SENTIDOS  CHOQUE SEGUIDO DE ATROPELAMENTO,BOA VIAGEM,CHOQUE,,,1,,,,,1,,,1,,,,,,,,,,,,,,,,,,
2017-01-20,16:20:00,COM VÍTIMA,FINALIZADA,AREIAS,RUA IPOJUCA,3,476,,PX AO PRAÇA DO HEROI,RUA IPOJUCA,476,PX AO PRAÇA DO HEROI,AREIAS,COLISÃO,,1,1,,,,,,,,1,,,,,,,,,,,,,,,,,,
2017-01-21,00:49:00,COM VÍTIMA,FINALIZADA,ROSARINHO,AV SANTOS DUMONT,0,,,NO CRUZAMENTO COM A AVENIDA NORTE,AV SANTOS DUMONT,0,NO CRUZAMENTO COM A AVENIDA NORTE,ROSARINHO,COLISÃO,,1,1,,,,,,,,1,,,,,,,,,,,,,,,,,,
2017-01-21,09:05:00,COM VÍTIMA,FINALIZADA,SAO JOSE,AV SUL,0,,,ACESSO AO CABANGA,AV SUL,0,ACESSO AO CABANGA,SÃO JOSÉ,COLISÃO,,1,1,,,,,,,,1,,,,,,,,,,,,,,,,,,
2017-01-21,12:35:00,COM VÍTIMA,FINALIZADA,AFOGADOS,RUA COSME VIANA,0,,,NO CRUZAMENTO DA COSME VIANA COM 21 DE ABRIL,RUA COSME VIANA,0,NO CRUZAMENTO DA COSME VIANA COM 21 DE ABRIL,AFOGADOS,COLISÃO,,1,1,,,,,,,,1,,,,,,,,,,,,,,,,,,
2017-01-21,15:07:00,COM VÍTIMA,FINALIZADA,CASA AMARELA,AV NORTE,0,,,EM FRENTE DO ARMAZEM SANTOS  SEMAFORO 095,AV NORTE,0,EM FRENTE DO ARMAZEM SANTOS  SEMAFORO 095,CASA AMARELA,COLISÃO,,1,,,,,1,,,,1,,,,,,,,,,,,,,,,,,
2017-01-21,16:08:00,COM VÍTIMA,FINALIZADA,MADALENA,AV VISCONDE DE ALBUQUERQUE,0,,,AO LADO DO BOMPREÇO,AV VISCONDE DE ALBUQUERQUE,0,AO LADO DO BOMPREÇO,MADALENA,ATROPELAMENTO,,1,,,,1,,,,,1,,,,,,,,,,,,,,,,,,
2017-01-21,16:38:00,COM VÍTIMA,FINALIZADA,AFLITOS,AV CONS ROSA E SILVA,0,,,CRUZAMENTO COM RUA HOEL SETTE  EM FRENTE A PRAÇA DA JAQUEIRA,AV CONS ROSA E SILVA,0,CRUZAMENTO COM RUA HOEL SETTE  EM FRENTE A PRAÇA DA JAQUEIRA,AFLITOS,COLISÃO,,1,1,,,,,,,,1,,,,,,,,,,,,,,,,,,
2017-01-22,09:36:00,COM VÍTIMA,FINALIZADA,ALTO JOSE DO PINHO,AV NORTE,4,4557,AV PROFESSOR JOSE DOS ANJOS,EM FRENTE AO SESC DA AVA NORTE SENT.CID /SUB,AV NORTE,4557,EM FRENTE AO SESC DA AVA NORTE SENT.CID /SUB,ALTO JOSÉ DO PINHO,COLISÃO,,3,,,,,,,,,1,,,,,,,,,,,,,,,,,,
2017-01-22,10:22:00,COM VÍTIMA,FINALIZADA,CAMPO GRANDE,RUA PROFESSOR FRANCISCO DA TRINDADE,3,481,,PROX AO ATELIER DE FERREIRA,RUA PROFESSOR FRANCISCO DA TRINDADE,481,PROX AO ATELIER DE FERREIRA,CAMPO GRANDE,COLISÃO,,,1,,,,1,,,,2,,,,,,,,,,,,,,,,,,
2017-01-22,11:30:00,COM VÍTIMA,FINALIZADA,CAXANGA,AV CAXANGA,0,,,SEMAFORO 232. PROX A INTEGRAÇÃO DA CAXANGA,AV CAXANGA,0,SEMAFORO 232. PROX A INTEGRAÇÃO DA CAXANGA,CAXANGÁ,COLISÃO,,2,,,,,,,,,1,,,,,,,,,,,,,,,,,,
2017-01-22,16:34:00,COM VÍTIMA,FINALIZADA,BOA VISTA,PTE DUARTE COELHO,0,,,SOBRE A PONTE SENTIDO SUBURBIO,PTE DUARTE COELHO,0,SOBRE A PONTE SENTIDO SUBURBIO,BOA VISTA,COLISÃO,,,,,,,2,,,,1,,,,,,,,,,,,,,,,,,
2017-01-22,19:50:00,COM VÍTIMA,FINALIZADA,IPUTINGA,RUA MAURICIO DE NASSAU,3,544,,EM FRENTE A GALERIA AMANDA MARANHÃO,RUA MAURICIO DE NASSAU,544,EM FRENTE A GALERIA AMANDA MARANHÃO,IPUTINGA,COLISÃO,,2,,,,,,,,,1,,,,,,,,,,,,,,,,,,
2017-01-23,06:48:00,COM VÍTIMA,FINALIZADA,IPUTINGA,AV CAXANGA,0,,,EM FRENTE A FARMACIA DROGASIL SENTIDO CIDADE AO LADO DA CHURRASCARIA BOI E BRASA,AV CAXANGA,0,EM FRENTE A FARMACIA DROGASIL SENTIDO CIDADE AO LADO DA CHURRASCARIA BOI E BRASA,IPUTINGA,COLISÃO,,2,,,,,,,,,1,,,,,,,,,,,,,,,,,,
2017-01-23,07:17:00,COM VÍTIMA,FINALIZADA,CAXANGA,RUA GASTAO VIDIGAL,3,315,,NA ESQUINA DO HOTEL COSTA AZUL. PROX A UPA DA CAXANGA. SENTIDO CAMARAGIBE,RUA GASTAO VIDIGAL,315,NA ESQUINA DO HOTEL COSTA AZUL. PROX A UPA DA CAXANGA. SENTIDO CAMARAGIBE,CAXANGÁ,ATROPELAMENTO ANIMAL,,,1,,,,,,,,1,,,,,,,,,,,,,,,,,,
2017-01-23,07:59:00,COM VÍTIMA,FINALIZADA,TORRE,RUA JOSE BONIFACIO,0,,,E/F AO POSTO SHELL. SENTIDO MADALENA. PROX AO CARREFOUR,RUA JOSE BONIFACIO,0,E/F AO POSTO SHELL. SENTIDO MADALENA. PROX AO CARREFOUR,TORRE,COLISÃO,,1,1,,,,,,,,1,,,,,,,,,,,,,,,,,,
2017-01-23,12:09:00,COM VÍTIMA,FINALIZADA,IMBIRIBEIRA,AV MARECHAL MASCARENHAS DE MORAES,0,,,EM FRENTE AO AEROPORTO/ SENTIDO CIDADE,AV MARECHAL MASCARENHAS DE MORAES,0,EM FRENTE AO AEROPORTO/ SENTIDO CIDADE,IMBIRIBEIRA,COLISÃO,,,1,,,,,,,,1,,,,,,,,,,,,,,,,,,
2017-01-23,12:25:00,COM VÍTIMA,FINALIZADA,IPUTINGA,RUA MAURICIO DE NASSAU,0,,,E/F DA FUNDAÇAO ALTINO VENTURA,RUA MAURICIO DE NASSAU,0,E/F DA FUNDAÇAO ALTINO VENTURA,IPUTINGA,COLISÃO,,1,,1,,,,,,,1,,,,,,,,,,,,,,,,,,
2017-01-23,14:15:00,COM VÍTIMA,FINALIZADA,BOA VIAGEM,AV CONSELHEIRO AGUIAR,4,2122,,EM FRENTE A PANIFICADORA DIPLOMATA,AV CONSELHEIRO AGUIAR,2122,EM FRENTE A PANIFICADORA DIPLOMATA,BOA VIAGEM,COLISÃO,,,,,,,1,1,,,1,,,,,,,,,,,,,,,,,,
2017-01-23,15:37:00,COM VÍTIMA,FINALIZADA,ENCRUZILHADA,AV BEBERIBE,3,438,,E/F AO BAR O DRAGAO,AV BEBERIBE,438,E/F AO BAR O DRAGAO,ENCRUZILHADA,CHOQUE,,1,,,,,,,,,3,,,,,,,,,,,,,,,,,,
2017-01-23,17:03:00,COM VÍTIMA,FINALIZADA,SANTO AMARO,AV CRUZ CABUGA,0,,,NO SEMÁFORO 343/ CRUZAMENTO COM AV JAIME DA FONTE,AV CRUZ CABUGA,0,NO SEMÁFORO 343/ CRUZAMENTO COM AV JAIME DA FONTE,SANTO AMARO,COLISÃO,,1,1,,,,,,,,1,,,,,,,,,,,,,,,,,,
2017-01-23,18:56:00,COM VÍTIMA,FINALIZADA,CABANGA,AV ENGENHEIRO JOSE ESTELITA,0,,,CAIS JOSÉ ESTELITA SENTIDO BOA VIAGEM ANTES DE PASSAR POR DEBAIXO DO VIADUTO,AV ENGENHEIRO JOSE ESTELITA,0,CAIS JOSÉ ESTELITA SENTIDO BOA VIAGEM ANTES DE PASSAR POR DEBAIXO DO VIADUTO,CABANGA,COLISÃO,,,1,,,,1,,,,1,,,,,,,,,,,,,,,,,,
2017-01-23,19:40:00,COM VÍTIMA,FINALIZADA,BOA VIAGEM,AV BOA VIAGEM,4,3402,,DEPOIS DO ACAIACA BEACH EM FRENTE A PADARIA GLOBO,AV BOA VIAGEM,3402,DEPOIS DO ACAIACA BEACH EM FRENTE A PADARIA GLOBO,BOA VIAGEM,COLISÃO,,2,1,,,,,,,,2,,,,,,,,,,,,,,,,,,
2017-01-23,19:48:00,COM VÍTIMA,FINALIZADA,AREIAS,AV DR JOSE RUFINO,0,,,ENFR AO SENAI DE AREIAS,AV DR JOSE RUFINO,0,ENFR AO SENAI DE AREIAS,AREIAS,COLISÃO,,1,1,,,,,,,,1,,,,,,,,,,,,,,,,,,
2017-01-23,21:16:00,COM VÍTIMA,FINALIZADA,CORDEIRO,AV CAXANGA,4,1752,,EM FRENTE AO YOKI DA CAXANGA,AV CAXANGA,1752,EM FRENTE AO YOKI DA CAXANGA,CORDEIRO,CHOQUE,,1,,,,,,,,,1,,,,,,,,,,,,,,,,,,