data,hora,natureza_acidente,situacao,bairro,endereco,,numero,detalhe_endereco_acidente,complemento,endereco_cruzamento,numero_cruzamento,referencia_cruzamento,bairro_cruzamento,tipo,descricao,auto,moto,ciclom,ciclista,pedestre,onibus,caminhao,viatura,outros,vitimas,vitimasfatais,num_semaforo,sentido_via,acidente_verificado,tempo_clima,situacao_semaforo,sinalizacao,condicao_via,conservacao_via,ponto_controle,situacao_placa,velocidade_max_via,mao_direcao,divisao_via1,divisao_via2,divisao_via3,_id,Protocolo
2017-01-23,21:26:00,COM VÍTIMA,FINALIZADA,BOA VIAGEM,RUA BARAO DE SOUZA LEAO,3,514,,EM FRENTE AO MAR HOTEL,RUA BARAO DE SOUZA LEAO,514,EM FRENTE AO MAR HOTEL,BOA VIAGEM,COLISÃO,,1,1,,,,,,,,2,,,,,,,,,,,,,,,,,,
2017-01-24,09:42:00,COM VÍTIMA,FINALIZADA,PARNAMIRIM,AV DEZESSETE DE AGOSTO,0,,,E/F AO RECANTO PARAIBANO  SEMÁFORO Nº 415,AV DEZESSETE DE AGOSTO,0,E/F AO RECANTO PARAIBANO  SEMÁFORO Nº 415,PARNAMIRIM,COLISÃO,,1,1,,,,,,,,1,,,,,,,,,,,,,,,,,,
2017-01-24,10:03:00,COM VÍTIMA,FINALIZADA,SAO JOSE,C SANTA RITA,0,,,DECIA DO VIADULTO 5 PONTAS,C SANTA RITA,0,DECIA DO VIADULTO 5 PONTAS,SÃO JOSÉ,COLISÃO,,,,,,,,,,,1,,,,,,,,,,,,,,,,,,
2017-01-24,10:09:00,COM VÍTIMA,FINALIZADA,PINA,AV HERCULANO BANDEIRA,2,XX,,EM FRENTE DA CAIXA ECONÔMICA FEDERAL,AV HERCULANO BANDEIRA,XX,EM FRENTE DA CAIXA ECONÔMICA FEDERAL,PINA,COLISÃO,,1,1,,,,,,,,1,,,,,,,,,,,,,,,,,,
2017-01-24,10:55:00,COM VÍTIMA,FINALIZADA,SANTO AMARO,AV MARIO MELO,0,,,EM FRENTE DO LABORATORIO JULIÃO,AV MARIO MELO,0,EM FRENTE DO LABORATORIO JULIÃO,SANTO AMARO,COLISÃO,,1,1,,,,,,,,1,,,,,,,,,,,,,,,,,,
2017-01-24,13:04:00,COM VÍTIMA,FINALIZADA,SANTO AMARO,AV GOVERNADOR AGAMENON MAGALHAES,3,777,,POR TRÁS DO POSTO PETROBRAS/ SENTIDO OLINDA,AV GOVERNADOR AGAMENON MAGALHAES,777,POR TRÁS DO POSTO PETROBRAS/ SENTIDO OLINDA,SANTO AMARO,COLISÃO,,1,,1,,,,,,,2,,,,,,,,,,,,,,,,,,
2017-01-24,17:55:00,COM VÍTIMA,FINALIZADA,CIDADE UNIVERSITARIA,AV PROFESSOR LUIZ FREIRE,0,,,EM FRENTE DO QUARTEL  APOS O HOSPITAL DA CLINICAS PRIMEIRA A DIREITA,AV PROFESSOR LUIZ FREIRE,0,EM FRENTE DO QUARTEL  APOS O HOSPITAL DA CLINICAS PRIMEIRA A DIREITA,CIDADE UNIVERSITÁRIA,COLISÃO,,,2,,,,,,,,1,,,,,,,,,,,,,,,,,,
2017-01-24,18:03:00,COM VÍTIMA,FINALIZADA,BOA VIAGEM,AV BOA VIAGEM,0,,,EM FRENTE DO PARQUE DONA LINDO  POR BAIXO DA LOMBADA ELETRONICA,AV BOA VIAGEM,0,EM FRENTE DO PARQUE DONA LINDO  POR BAIXO DA LOMBADA ELETRONICA,BOA VIAGEM,ATROPELAMENTO,,,,,,1,1,,,,1,,,,,,,,,,,,,,,,,,
2017-01-25,12:35:00,COM VÍTIMA,FINALIZADA,BONGI,AV ENGENHEIRO ABDIAS DE CARVALHO,0,,,EM FRENTE A FACULDADE ESTACIO,AV ENGENHEIRO ABDIAS DE CARVALHO,0,EM FRENTE A FACULDADE ESTACIO,BONGI,COLISÃO,,2,,,,,,,,,1,,,,,,,,,,,,,,,,,,
2017-01-25,14:07:00,COM VÍTIMA,FINALIZADA,BOA VIAGEM,RUA VISCONDE DE JEQUITINHONHA,3,192,,CRUZAMENTO COM A RUA PROFESSOR MARIO DE CASTRO,RUA VISCONDE DE JEQUITINHONHA,192,CRUZAMENTO COM A RUA PROFESSOR MARIO DE CASTRO,BOA VIAGEM,COLISÃO,,1,1,,,,,,,,1,,,,,,,,,,,,,,,,,,
2017-01-25,21:57:00,COM VÍTIMA,FINALIZADA,BONGI,AV ENGENHEIRO ABDIAS DE CARVALHO,4,1450,,ENFR A FACULDADE ESTACIO SENTIDO CARUARU,AV ENGENHEIRO ABDIAS DE CARVALHO,1450,ENFR A FACULDADE ESTACIO SENTIDO CARUARU,BONGI,COLISÃO,,2,,,,,,,,,1,,,,,,,,,,,,,,,,,,
2017-01-27,06:20:00,COM VÍTIMA,FINALIZADA,JORDAO,AV MARIA IRENE,0,,,EM FRENTE A AUTO BATERIAS CRAL,AV MARIA IRENE,0,EM FRENTE A AUTO BATERIAS CRAL,JORDÃO,COLISÃO,,,,,,,2,,,,2,,,,,,,,,,,,,,,,,,
2017-01-28,02:31:00,COM VÍTIMA,FINALIZADA,SAO JOSE,RUA IMPERIAL,0,,,PROXIMO SECRETARIA DA FAZENDA,RUA IMPERIAL,0,PROXIMO SECRETARIA DA FAZENDA,SÃO JOSÉ,COLISÃO,,1,,,,,,1,,,1,,,,,,,,,,,,,,,,,,
2017-01-28,19:35:00,COM VÍTIMA,FINALIZADA,JORDAO,RUA BOANERGES PEREIRA,0,,,APOS A PRAÇA DO JORDÃO PRIMEIRA RUA A ESQUERDA,RUA BOANERGES PEREIRA,0,APOS A PRAÇA DO JORDÃO PRIMEIRA RUA A ESQUERDA,JORDÃO,COLISÃO,,2,,,,,,,,,1,,,,,,,,,,,,,,,,,,
2017-01-29,04:47:00,COM VÍTIMA,FINALIZADA,ARRUDA,RUA DA REGENERACAO,0,,,PRÓXIMO A PADARIA SANTO ANTÔNIO,RUA DA REGENERACAO,0,PRÓXIMO A PADARIA SANTO ANTÔNIO,ARRUDA,COLISÃO,,1,1,,,,,,,,1,,,,,,,,,,,,,,,,,,
2017-01-29,04:50:00,COM VÍTIMA,FINALIZADA,PINA,RUA VICENCIA,0,,,PROX AO CLINICAL CENTER  EM FRENTE AO HOTEL IBIS,RUA VICENCIA,0,PROX AO CLINICAL CENTER  EM FRENTE AO HOTEL IBIS,PINA,COLISÃO,,2,,,,,,,,,1,,,,,,,,,,,,,,,,,,
2017-01-29,10:29:00,COM VÍTIMA,FINALIZADA,AREIAS,AV RECIFE,0,,,EM AO HOSPITAL PAN DE AREIAS  NO SEMAFORO Nº617,AV RECIFE,0,EM AO HOSPITAL PAN DE AREIAS  NO SEMAFORO Nº617,AREIAS,COLISÃO,,3,,,,,,,,,2,,,,,,,,,,,,,,,,,,
2017-01-29,18:34:00,COM VÍTIMA,FINALIZADA,BOA VISTA,RUA DO PROGRESSO,3,269,,CRUZAMENTO COM A RUA DAS NINFAS // E/F A PADARIA (NINFAS PAN),RUA DO PROGRESSO,269,CRUZAMENTO COM A RUA DAS NINFAS // E/F A PADARIA (NINFAS PAN),BOA VISTA,COLISÃO,,2,,,,,,,,,1,,,,,,,,,,,,,,,,,,
2017-01-30,07:58:00,COM VÍTIMA,FINALIZADA,BONGI,AV ENGENHEIRO ABDIAS DE CARVALHO,2,XX,,LADO OPOSTO DA PRAÇA DA CHESF  SENTIDO SUBÚRBIO,AV ENGENHEIRO ABDIAS DE CARVALHO,XX,LADO OPOSTO DA PRAÇA DA CHESF  SENTIDO SUBÚRBIO,BONGI,COLISÃO COM CICLISTA,,,,,1,,,1,,,1,,,,,,,,,,,,,,,,,,
2017-01-30,08:04:00,COM VÍTIMA,FINALIZADA,DERBY,AV GOVERNADOR AGAMENON MAGALHAES,2,XX,,PRAÇA DO DERBY  SENTIDO BOA VIAGEM,AV GOVERNADOR AGAMENON MAGALHAES,XX,PRAÇA DO DERBY  SENTIDO BOA VIAGEM,DERBY,ATROPELAMENTO,,,1,,,1,,,,,1,,,,,,,,,,,,,,,,,,
2017-01-30,09:40:00,COM VÍTIMA,FINALIZADA,PRADO,RUA SANTA EDWIRGES,0,,,NA RUA DO ARQUIVO DO TRIBUNAL DA JUSTIÇA,RUA SANTA EDWIRGES,0,NA RUA DO ARQUIVO DO TRIBUNAL DA JUSTIÇA,PRADO,COLISÃO,,1,,,,,1,,,,1,,,,,,,,,,,,,,,,,,
2017-02-03,22:05:00,COM VÍTIMA,FINALIZADA,SANTO AMARO,AV GOVERNADOR AGAMENON MAGALHAES,0,,,SEMÁROFORO 188 // E/F AO MINISTÉRIO DO TRABALHO // SENTIDO BOA VIAGEM,AV GOVERNADOR AGAMENON MAGALHAES,0,SEMÁROFORO 188 // E/F AO MINISTÉRIO DO TRABALHO // SENTIDO BOA VIAGEM,SANTO AMARO,COLISÃO,,1,1,,,,,,,,1,,,,,,,,,,,,,,,,,,
2017-02-03,22:19:00,COM VÍTIMA,FINALIZADA,ILHA JOANA BEZERRA,RUA MIRANDOPOLIS,0,,,EM FRENTE DO TERMINAL DE JOANA BEZERRA,RUA MIRANDOPOLIS,0,EM FRENTE DO TERMINAL DE JOANA BEZERRA,ILHA JOANA BEZERRA,ATROPELAMENTO,,,,,,1,1,,,,1,,,,,,,,,,,,,,,,,,
2017-02-04,01:59:00,COM VÍTIMA,FINALIZADA,BOA VIAGEM,RUA SA E SOUZA,0,,,APÓS A ACADEMIA MAISA // PRÓXIMO A CASA DE FESTA GRUPO AZUL,RUA SA E SOUZA,0,APÓS A ACADEMIA MAISA // PRÓXIMO A CASA DE FESTA GRUPO AZUL,BOA VIAGEM,COLISÃO,,1,,,,,1,,,,1,,,,,,,,,,,,,,,,,,
2017-02-04,16:45:00,COM VÍTIMA,FINALIZADA,IBURA,AV DOIS RIOS,4,1105,,PX A MOVELARIA MICHELE,AV DOIS RIOS,1105,PX A MOVELARIA MICHELE,IBURA,COLISÃO,,1,1,,,,,,,,1,,,,,,,,,,,,,,,,,,
2017-02-04,17:50:00,COM VÍTIMA,FINALIZADA,BOA VISTA,AV CONDE DA BOA VISTA,0,,,NO SEMÁFORO 299,AV CONDE DA BOA VISTA,0,NO SEMÁFORO 299,BOA VISTA,ATROPELAMENTO,,,,,,1,1,,,,1,,,,,,,,,,,,,,,,,,
2017-02-05,11:32:00,COM VÍTIMA,FINALIZADA,ARRUDA,AV BEBERIBE,0,,SEM 492,RUA RAMIZ GALVÃO,AV BEBERIBE,SEM 492,RUA RAMIZ GALVÃO,ARRUDA,COLISÃO,,1,1,,,,,,,,2,,,,,,,,,,,,,,,,,,
2017-02-05,16:28:00,COM VÍTIMA,FINALIZADA,IPSEP,RUA RIO TOCANTINS,3,590,,PX A FARMACIA SANTA LUZIA,RUA RIO TOCANTINS,590,PX A FARMACIA SANTA LUZIA,IPSEP,COLISÃO,,1,1,,,,,,,,1,,,,,,,,,,,,,,,,,,
2017-02-05,19:17:00,COM VÍTIMA,FINALIZADA,NOVA DESCOBERTA,RUA NOVA DESCOBERTA,4,1475,,PROX MERCADINHO MEU REI E IGRAJA UNIVERSAL,RUA NOVA DESCOBERTA,1475,PROX MERCADINHO MEU REI E IGRAJA UNIVERSAL,NOVA DESCOBERTA,ATROPELAMENTO,,2,,,,1,,,,,1,,,,,,,,,,,,,,,,,,
2017-02-06,05:35:00,COM VÍTIMA,FINALIZADA,AFLITOS,AV CONS ROSA E SILVA,0,,,EM FRENTE AO HABIBS  EM FRENTE AO BOM PREÇO,AV CONS ROSA E SILVA,0,EM FRENTE AO HABIBS  EM FRENTE AO BOM PREÇO,AFLITOS,COLISÃO,,,1,,,,1,,,,2,,,,,,,,,,,,,,,,,,
2017-02-06,06:31:00,COM VÍTIMA,FINALIZADA,AREIAS,AV RECIFE,0,,,EM FRENTE AO MAKRO SENTIDO CAXANGA,AV RECIFE,0,EM FRENTE AO MAKRO SENTIDO CAXANGA,AREIAS,ATROPELAMENTO ANIMAL,,,1,,,,,,,,1,,,,,,,,,,,,,,,,,,
2017-02-06,11:06:00,COM VÍTIMA,FINALIZADA,ESPINHEIRO,AV JOAO DE BARROS,4,1318,,EM FRENTE A LOJAS HIPER FESTAS,AV JOAO DE BARROS,1318,EM FRENTE A LOJAS HIPER FESTAS,ESPINHEIRO,COLISÃO,,3,,,,,,,,,1,,,,,,,,,,,,,,,,,,
2017-02-06,11:23:00,COM VÍTIMA,FINALIZADA,ENCRUZILHADA,AV JOAO DE BARROS,3,814,,EM FRENTE DO BANCO ITAU Nº0814,AV JOAO DE BARROS,814,EM FRENTE DO BANCO ITAU Nº0814,ENCRUZILHADA,COLISÃO,,1,1,,,,,,,,1,,,,,,,,,,,,,,,,,,
2017-02-06,15:24:00,COM VÍTIMA,FINALIZADA,CAMPO GRANDE,RUA MARQUES DE BAIPENDI,3,483,,E/F DA PADRIA PAO BENICIO,RUA MARQUES DE BAIPENDI,483,E/F DA PADRIA PAO BENICIO,CAMPO GRANDE,COLISÃO,,1,1,,,,,,,,1,,,,,,,,,,,,,,,,,,
2017-02-06,17:37:00,COM VÍTIMA,FINALIZADA,SANTO AMARO,AV NORTE MIGUEL ARRAES DE ALENCAR,0,,,SOBRE O VIADUTO DA AVENIDA NORTE CID/ SUB.,0,0,SOBRE O VIADUTO DA AVENIDA NORTE CID/ SUB.,SANTO AMARO,COLISÃO,,1,1,,,,,,,,1,,,,,,,,,,,,,,,,,,
2017-02-06,17:40:00,COM VÍTIMA,FINALIZADA,IPSEP,RUA JEAN EMILE FAVRE,3,539,,EM FRENTE A FACULDADE BOA VIAGEM,RUA JEAN EMILE FAVRE,539,EM FRENTE A FACULDADE BOA VIAGEM,IPSEP,COLISÃO,,1,1,,,,,,,,1,,,,,,,,,,,,,,,,,,
2017-02-06,18:35:00,COM VÍTIMA,FINALIZADA,DOIS IRMAOS,RUA MANUEL DE MEDEIROS,4,1388,,E/F AO EDUCANDARIO TIA NICE,RUA MANUEL DE MEDEIROS,1388,E/F AO EDUCANDARIO TIA NICE,DOIS IRMÃOS,COLISÃO,,1,1,,,,,,,,1,,,,,,,,,,,,,,,,,,
2017-02-06,18:52:00,COM VÍTIMA,FINALIZADA,CAJUEIRO,AV SEBASTIAO SALAZAR,3,379,,CRUZAMENTO ENTRE CAMPINA DO BARRETO E CAJUEIRO,AV SEBASTIAO SALAZAR,379,CRUZAMENTO ENTRE CAMPINA DO BARRETO E CAJUEIRO,CAJUEIRO,COLISÃO,,,,1,,,1,,,,2,,,,,,,,,,,,,,,,,,
2017-02-06,20:54:00,COM VÍTIMA,FINALIZADA,PINA,AV REPUBLICA DO LIBANO,0,,,SHOPPING RIOMAR EDIFICIO GARAGEM TERREO D18,AV REPUBLICA DO LIBANO,0,SHOPPING RIOMAR EDIFICIO GARAGEM TERREO D18,PINA,COLISÃO,,3,,,,,,,,,1,,,,,,,,,,,,,,,,,,
2017-02-07,08:01:00,COM VÍTIMA,FINALIZADA,MADALENA,AV BEIRA RIO,3,165,,EM FRENTE AO EDF/QUINTA BEIRA RIO,AV BEIRA RIO,165,EM FRENTE AO EDF/QUINTA BEIRA RIO,MADALENA,COLISÃO,,1,1,,,,,,,,1,,,,,,,,,,,,,,,,,,
2017-02-07,11:02:00,COM VÍTIMA,FINALIZADA,BOA VISTA,AV CONDE DA BOA VISTA,4,1295,,EM FRENTE AO EDF EZASCO,AV CONDE DA BOA VISTA,1295,EM FRENTE AO EDF EZASCO,BOA VISTA,COLISÃO,,1,1,,,,,,,,1,,,,,,,,,,,,,,,,,,
2017-02-07,14:54:00,COM VÍTIMA,FINALIZADA,BOA VISTA,AV GOVERNADOR AGAMENON MAGALHAES,0,,,CRUZAMENTO COM A LEOPOLDO LINS,AV GOVERNADOR AGAMENON MAGALHAES,0,CRUZAMENTO COM A LEOPOLDO LINS,BOA VISTA,COLISÃO,,1,1,,,,,,,,1,,,,,,,,,,,,,,,,,,
2017-02-07,15:16:00,COM VÍTIMA,FINALIZADA,AFOGADOS,RUA MOTOCOLOMBO,2,XX,,NA SUBIDA DA PONTE MOTOCOLOMBÓ  SENTIDO AEROPORTO,RUA MOTOCOLOMBO,XX,NA SUBIDA DA PONTE MOTOCOLOMBÓ  SENTIDO AEROPORTO,AFOGADOS,COLISÃO,,,2,,,,,,,,1,,,,,,,,,,,,,,,,,,
2017-02-07,15:19:00,COM VÍTIMA,FINALIZADA,SAO JOSE,AV RIO CAPIBARIBE,3,147,,EM FRENTE AO PREDIO DA ATI,AV RIO CAPIBARIBE,147,EM FRENTE AO PREDIO DA ATI,SÃO JOSÉ,COLISÃO,,1,1,,,,,,,,1,,,,,,,,,,,,,,,,,,
2017-02-07,17:10:00,COM VÍTIMA,FINALIZADA,ILHA DO RETIRO,RUA SPORT CLUBE DO RECIFE,0,,,E/F AO SPORT CLUBE RECIFE - SENT CID - PX AO GIRADOURO,RUA SPORT CLUBE DO RECIFE,0,E/F AO SPORT CLUBE RECIFE - SENT CID - PX AO GIRADOURO,ILHA DO RETIRO,COLISÃO COM CICLISTA,,1,,,1,,1,,,,1,,,,,,,,,,,,,,,,,,
2017-02-08,11:30:00,COM VÍTIMA,FINALIZADA,BOA VIAGEM,AV ENGENHEIRO DOMINGOS FERREIRA,4,1920,,APOS O EXTRA EM FRENTE A CASA DOS FRIOS,AV ENGENHEIRO DOMINGOS FERREIRA,1920,APOS O EXTRA EM FRENTE A CASA DOS FRIOS,BOA VIAGEM,COLISÃO,,1,1,,,,,,,,1,,,,,,,,,,,,,,,,,,
2017-02-08,16:06:00,COM VÍTIMA,FINALIZADA,SAN MARTIN,AV GENERAL SAN MARTIN,2,XX,,CAVALARIA DA PM E AV. CÔNSUL VILARES FRAGOSO,AV GENERAL SAN MARTIN,XX,CAVALARIA DA PM E AV. CÔNSUL VILARES FRAGOSO,SAN MARTIN,COLISÃO,,1,1,,,,,,,,1,,,,,,,,,,,,,,,,,,
2017-02-08,19:07:00,COM VÍTIMA,FINALIZADA,DERBY,RUA BARAO DE GOIANA,0,,,CRUZAMENTO COM MAURICIO RIBEIRO,RUA BARAO DE GOIANA,0,CRUZAMENTO COM MAURICIO RIBEIRO,DERBY,COLISÃO,,1,1,,,,,,,,1,,,,,,,,,,,,,,,,,,
2017-02-08,20:40:00,COM VÍTIMA,FINALIZADA,ESTANCIA,AV ESTANCIA,0,,,CRUZAMENTO COM A RUA MORAIS E SILVA // PROX A ESTAÇÃO SANTA LUZIA,AV ESTANCIA,0,CRUZAMENTO COM A RUA MORAIS E SILVA // PROX A ESTAÇÃO SANTA LUZIA,ESTÂNCIA,COLISÃO,,2,,,,,,,,,1,,,,,,,,,,,,,,,,,,
2017-02-09,07:21:00,COM VÍTIMA,FINALIZADA,SANTO AMARO,RUA FREI CASSIMIRO,0,,,RUA DO SOSSEGO,RUA FREI CASSIMIRO,0,RUA DO SOSSEGO,SANTO AMARO,COLISÃO,,1,1,,,,,,,,1,,,,,,,,,,,,,,,,,,
2017-02-09,07:43:00,COM VÍTIMA,FINALIZADA,CIDADE UNIVERSITARIA,AV PROFESSOR LUIZ FREIRE,0,,,AO LADO DA UFPE,AV PROFESSOR LUIZ FREIRE,0,AO LADO DA UFPE,CIDADE UNIVERSITÁRIA,COLISÃO,,2,1,,,,,,,,1,,,,,,,,,,,,,,,,,,
2017-02-09,10:38:00,COM VÍTIMA,FINALIZADA,CORDEIRO,EST DO FORTE DO ARRAIAL N. DO B. JESUS,3,164,,EM FRENTE DA CADEMIA GIL SAN,EST DO FORTE DO ARRAIAL N. DO B. JESUS,164,EM FRENTE DA CADEMIA GIL SAN,CORDEIRO,COLISÃO COM CICLISTA,,,1,,1,,,,,,1,,,,,,,,,,,,,,,,,,
2017-02-09,12:24:00,COM VÍTIMA,FINALIZADA,IPUTINGA,RUA SAO MATEUS,0,,,EM FRENTE AOS CORREIOS  PROX. AO DETRAN,RUA SAO MATEUS,0,EM FRENTE AOS CORREIOS  PROX. AO DETRAN,IPUTINGA,COLISÃO COM CICLISTA,,1,,,1,,,,,,1,,,,,,,,,,,,,,,,,,
2017-02-09,23:12:00,COM VÍTIMA,FINALIZADA,MACAXEIRA,AV DA RECUPERACAO,0,,,INTEGRAÇÃO DA MACAXEIRA,AV DA RECUPERACAO,0,INTEGRAÇÃO DA MACAXEIRA,MACAXEIRA,COLISÃO,,,,,,,2,,,,3,,,,,,,,,,,,,,,,,,
2017-02-10,07:15:00,COM VÍTIMA,FINALIZADA,SANTO AMARO,AV CRUZ CABUGA,0,,,EM FRENTE A ESCOLA SUPERIOR DE MARKETING,AV CRUZ CABUGA,0,EM FRENTE A ESCOLA SUPERIOR DE MARKETING,SANTO AMARO,COLISÃO,,1,1,,,,,,,,2,,,,,,,,,,,,,,,,,,
2017-02-10,08:44:00,COM VÍTIMA,FINALIZADA,IPUTINGA,AV CAXANGA,0,,,AO LADO DA CONCESSIONARIA CHEVROLET EM BAIXO DO SEMAFORO 260,AV CAXANGA,0,AO LADO DA CONCESSIONARIA CHEVROLET EM BAIXO DO SEMAFORO 260,IPUTINGA,COLISÃO COM CICLISTA,,,1,,1,,,,,,1,,,,,,,,,,,,,,,,,,
2017-02-10,09:26:00,COM VÍTIMA,FINALIZADA,TORRE,RUA JOSE BONIFACIO,0,,,EM FRENTE AO SUPERMERCADO CARREFOUR SENTIDO MERCADO DA MADALENA,RUA JOSE BONIFACIO,0,EM FRENTE AO SUPERMERCADO CARREFOUR SENTIDO MERCADO DA MADALENA,TORRE,COLISÃO,,1,1,,,,,,,,1,,,,,,,,,,,,,,,,,,
2017-02-10,09:35:00,COM VÍTIMA,FINALIZADA,ENCRUZILHADA,RUA DA CORAGEM,0,,,NA RUA DA QUITANDARIA,RUA DA CORAGEM,0,NA RUA DA QUITANDARIA,ENCRUZILHADA,COLISÃO,,1,1,,,,,,,,1,,,,,,,,,,,,,,,,,,
2017-02-10,14:40:00,COM VÍTIMA,FINALIZADA,IPSEP,RUA HELIO BRANDAO,4,1208,,E/F AO MERCADINHO MARIA LUCIA,RUA HELIO BRANDAO,1208,E/F AO MERCADINHO MARIA LUCIA,IPSEP,COLISÃO,,1,1,,,,,,,,1,,,,,,,,,,,,,,,,,,
2017-02-10,18:48:00,COM VÍTIMA,FINALIZADA,IBURA,RUA RIO XINGU,0,,,IBURA DE BAIXO PROX A CURVA DO JORDAO,RUA RIO XINGU,0,IBURA DE BAIXO PROX A CURVA DO JORDAO,IBURA,COLISÃO,,1,1,,,,,,,,4,,,,,,,,,,,,,,,,,,
2017-02-10,19:58:00,COM VÍTIMA,FINALIZADA,JAQUEIRA,AV CONS ROSA E SILVA,0,,,ENFR A PADARIA PAN JOVEM SENTIDO CASA AMARELA,AV CONS ROSA E SILVA,0,ENFR A PADARIA PAN JOVEM SENTIDO CASA AMARELA,JAQUEIRA,COLISÃO,,1,1,,,,,,,,2,,,,,,,,,,,,,,,,,,
2017-02-11,05:37:00,VÍTIMA FATAL,FINALIZADA,ARRUDA,AV PROFESSOR JOSE DOS ANJOS,0,,,CRUZAMENTO COM RUA PETRONILA BOTELHO  POR TRÁS DO ESTADIO DO ARRUDA,AV PROFESSOR JOSE DOS ANJOS,0,CRUZAMENTO COM RUA PETRONILA BOTELHO  POR TRÁS DO ESTADIO DO ARRUDA,ARRUDA,CAPOTAMENTO,,1,,,,,,,,,0,1,,,,,,,,,,,,,,,,,
2017-02-11,14:23:00,COM VÍTIMA,FINALIZADA,DERBY,RUA BENFICA,0,,,APOS A PONTE DO DERBY S/T INTERNACIONAL,RUA BENFICA,0,APOS A PONTE DO DERBY S/T INTERNACIONAL,DERBY,COLISÃO,,1,1,,,,,,,,1,,,,,,,,,,,,,,,,,,
2017-02-11,19:24:00,COM VÍTIMA,FINALIZADA,MACAXEIRA,AV NORTE,0,,,EM FRENTE AO PARQUE DA MACAXEIRA,AV NORTE,0,EM FRENTE AO PARQUE DA MACAXEIRA,MACAXEIRA,COLISÃO,,,2,,,,,1,,,2,,,,,,,,,,,,,,,,,,
2017-02-12,13:46:00,COM VÍTIMA,FINALIZADA,TORRE,RUA CONDE DE IRAJA,3,841,,PROXIMO A PADARIA NOJA IRAJA,RUA CONDE DE IRAJA,841,PROXIMO A PADARIA NOJA IRAJA,TORRE,COLISÃO,,1,1,,,,,,,,1,,,,,,,,,,,,,,,,,,
2017-02-12,15:02:00,COM VÍTIMA,FINALIZADA,CAJUEIRO,AV CIDADE DE MONTEIRO,3,537,,EM FRENTE AO MERCADO O VERDÃO,AV CIDADE DE MONTEIRO,537,EM FRENTE AO MERCADO O VERDÃO,CAJUEIRO,COLISÃO,,1,1,,,,,,,,1,,,,,,,,,,,,,,,,,,
2017-02-12,16:36:00,VÍTIMA FATAL,FINALIZADA,VASCO DA GAMA,AV NORTE,0,,,EM FRENTE A MATERNIDADE BARROS LIMA/ SENTIDO CIDADE,AV NORTE,0,EM FRENTE A MATERNIDADE BARROS LIMA/ SENTIDO CIDADE,VASCO DA GAMA,CHOQUE,,,,,,,,,,,0,1,,,,,,,,,,,,,,,,,
2017-02-12,18:50:00,COM VÍTIMA,FINALIZADA,IPUTINGA,RUA LEAL DE BARROS,3,459,,PROX AO TERMINAL DO BARBALHO,RUA LEAL DE BARROS,459,PROX AO TERMINAL DO BARBALHO,IPUTINGA,COLISÃO,,,1,,,,,,,,2,,,,,,,,,,,,,,,,,,
2017-02-12,23:51:00,COM VÍTIMA,FINALIZADA,ALTO JOSE BONIFACIO,RUA ALTO DA SERRINHA,0,,,PROX. DO TERMINAL DE ONIBUS,RUA ALTO DA SERRINHA,0,PROX. DO TERMINAL DE ONIBUS,ALTO JOSÉ BONIFÁCIO,COLISÃO,,1,1,,,,,,,,1,,,,,,,,,,,,,,,,,,
2017-02-13,14:50:00,COM VÍTIMA,FINALIZADA,BOA VIAGEM,RUA BARAO DE SOUZA LEAO,3,514,,CRUZAMENTO COM A RUA FELICIANO JOSE DE FARIAS,RUA BARAO DE SOUZA LEAO,514,CRUZAMENTO COM A RUA FELICIANO JOSE DE FARIAS,BOA VIAGEM,ATROPELAMENTO,,1,,,,1,,,,,1,,,,,,,,,,,,,,,,,,
2017-02-13,15:00:00,COM VÍTIMA,FINALIZADA,BOA VISTA,RUA DO PRINCIPE,3,652,,EM FRENTE AO VIVA SAUDE,RUA DO PRINCIPE,652,EM FRENTE AO VIVA SAUDE,BOA VISTA,ATROPELAMENTO,,,,,,1,1,,,,1,,,,,,,,,,,,,,,,,,
2017-02-13,00:00:00,COM VÍTIMA,FINALIZADA,JORDAO,RUA EMILIO MONTEIRO FONSECA,2,31,,APOS A IGREJA BATISTA,RUA EMILIO MONTEIRO FONSECA,31,APOS A IGREJA BATISTA,JORDÃO,COLISÃO,,1,1,,,,,,,,2,,,,,,,,,,,,,,,,,,
2017-02-13,19:12:00,COM VÍTIMA,FINALIZADA,IBURA,RUA RIO XINGU,0,,,CRUZAMENTO COM A RUA RIO TAPADO // E/F AO POSTO BR // PROX A POLICLINICA ARNALDO MARQUES,RUA RIO XINGU,0,CRUZAMENTO COM A RUA RIO TAPADO // E/F AO POSTO BR // PROX A POLICLINICA ARNALDO MARQUES,IBURA,COLISÃO,,,1,,,,1,,,,1,,,,,,,,,,,,,,,,,,
2017-02-14,08:02:00,COM VÍTIMA,FINALIZADA,SANTO ANTONIO,PTE PRINCESA IZABEL,0,,,NA DESCIDA DA PONTE  E/F AO TEATRO SANTA ISABEL,PTE PRINCESA IZABEL,0,NA DESCIDA DA PONTE  E/F AO TEATRO SANTA ISABEL,SANTO ANTÔNIO,COLISÃO COM CICLISTA,,,,,1,,1,,,,1,,,,,,,,,,,,,,,,,,
2017-02-14,11:08:00,COM VÍTIMA,FINALIZADA,IBURA,AV DOIS RIOS,0,,,IBURA DE BAIXO EM FRENTE AO CONSELHO TUTELAR,AV DOIS RIOS,0,IBURA DE BAIXO EM FRENTE AO CONSELHO TUTELAR,IBURA,COLISÃO,,1,1,,,,,,,,1,,,,,,,,,,,,,,,,,,
2017-02-14,19:05:00,COM VÍTIMA,FINALIZADA,TEJIPIO,AV DR JOSE RUFINO,4,3411,,AO LADO DO ARMAZÉM CORAL // SENTIDO JABOATÃO,AV DR JOSE RUFINO,3411,AO LADO DO ARMAZÉM CORAL // SENTIDO JABOATÃO,TEJIPIÓ,ATROPELAMENTO,,,,,,1,1,,,,1,,,,,,,,,,,,,,,,,,
2017-02-14,23:05:00,COM VÍTIMA,FINALIZADA,SANTO AMARO,AV GOVERNADOR AGAMENON MAGALHAES,0,,,PROX A CENTRAL DE PLATAO SENTIDO OLLINDA,AV GOVERNADOR AGAMENON MAGALHAES,0,PROX A CENTRAL DE PLATAO SENTIDO OLLINDA,SANTO AMARO,COLISÃO,,1,,,,,,,1,,2,,,,,,,,,,,,,,,,,,
2017-02-15,07:42:00,COM VÍTIMA,FINALIZADA,AREIAS,AV RECIFE,0,,,EM FRENTE AO CONJUNTO INES ANDREAZA,AV RECIFE,0,EM FRENTE AO CONJUNTO INES ANDREAZA,AREIAS,COLISÃO,,1,1,,,,,,,,1,,,,,,,,,,,,,,,,,,