data,hora,natureza_acidente,situacao,bairro,endereco,,numero,detalhe_endereco_acidente,complemento,endereco_cruzamento,numero_cruzamento,referencia_cruzamento,bairro_cruzamento,tipo,descricao,auto,moto,ciclom,ciclista,pedestre,onibus,caminhao,viatura,outros,vitimas,vitimasfatais,num_semaforo,sentido_via,acidente_verificado,tempo_clima,situacao_semaforo,sinalizacao,condicao_via,conservacao_via,ponto_controle,situacao_placa,velocidade_max_via,mao_direcao,divisao_via1,divisao_via2,divisao_via3,_id,Protocolo
2017-03-07,23:52:00,COM VÍTIMA,FINALIZADA,CAMPO GRANDE,RUA ODORICO MENDES,3,198,,PROX CLUBE DAS PÁS,RUA ODORICO MENDES,198,PROX CLUBE DAS PÁS,CAMPO GRANDE,COLISÃO,,1,1,,,,,,,,2,,,,,,,,,,,,,,,,,,
2017-03-08,08:24:00,COM VÍTIMA,FINALIZADA,IBURA,AV RECIFE,0,,,EM FRENTE AO PONTO AUTO,AV RECIFE,0,EM FRENTE AO PONTO AUTO,IBURA,COLISÃO COM CICLISTA,,,1,,1,,,,,,1,,,,,,,,,,,,,,,,,,
2017-03-08,08:57:00,COM VÍTIMA,FINALIZADA,AFOGADOS,AV ENGENHEIRO ABDIAS DE CARVALHO,0,,,SENTIDO CIDADE EM SUBWAY,AV ENGENHEIRO ABDIAS DE CARVALHO,0,SENTIDO CIDADE EM SUBWAY,AFOGADOS,COLISÃO,,1,1,,,,,,,,1,,,,,,,,,,,,,,,,,,
2017-03-08,14:24:00,COM VÍTIMA,FINALIZADA,TORREAO,RUA OTHON PARAISO,3,340,,AO LADO DO ADC ADVOGADOS,RUA OTHON PARAISO,340,AO LADO DO ADC ADVOGADOS,TORREÃO,COLISÃO,,1,1,,,,,,,,1,,,,,,,,,,,,,,,,,,
2017-03-08,19:40:00,COM VÍTIMA,FINALIZADA,CAMPO GRANDE,RUA JERONIMO VILELA,3,161,,EM FRENTE AO COLEGIO JESUS CRUCIFICADO,RUA JERONIMO VILELA,161,EM FRENTE AO COLEGIO JESUS CRUCIFICADO,CAMPO GRANDE,COLISÃO,,1,1,,,,,,,,1,,,,,,,,,,,,,,,,,,
2017-03-08,22:04:00,COM VÍTIMA,FINALIZADA,BOA VISTA,AV CONDE DA BOA VISTA,0,,,RUA DA AURORA,AV CONDE DA BOA VISTA,0,RUA DA AURORA,BOA VISTA,COLISÃO COM CICLISTA,,,,,1,,1,,,,1,,,,,,,,,,,,,,,,,,
2017-03-09,01:40:00,COM VÍTIMA,FINALIZADA,IMBIRIBEIRA,AV PRESIDENTE DUTRA,0,,,POR TRÁS DO RESTAURANTE SAL E BRASA (ALOJAMENTO DO RESTAURANTE),AV PRESIDENTE DUTRA,0,POR TRÁS DO RESTAURANTE SAL E BRASA (ALOJAMENTO DO RESTAURANTE),IMBIRIBEIRA,CHOQUE,,,,,,,,1,,,3,,,,,,,,,,,,,,,,,,
2017-03-09,09:52:00,COM VÍTIMA,FINALIZADA,BOA VIAGEM,RUA DOM JOSE LOPES,3,392,,E/F AO EDF. BOA VISTA,RUA DOM JOSE LOPES,392,E/F AO EDF. BOA VISTA,BOA VIAGEM,COLISÃO,,2,,,,,,,,,1,,,,,,,,,,,,,,,,,,
2017-03-09,14:42:00,COM VÍTIMA,FINALIZADA,GUABIRABA,AV DA RECUPERACAO,0,,,E/F A CORELMAR,AV DA RECUPERACAO,0,E/F A CORELMAR,GUABIRABA,COLISÃO,,1,1,,,,,,,,1,,,,,,,,,,,,,,,,,,
2017-03-09,15:31:00,COM VÍTIMA,FINALIZADA,ESPINHEIRO,RUA MARQUES DO PARANA,3,160,,PROXIMO AO EDIFICIO SOLAR ESPINHEIRO,RUA MARQUES DO PARANA,160,PROXIMO AO EDIFICIO SOLAR ESPINHEIRO,ESPINHEIRO,COLISÃO,,1,1,,,,,,,,1,,,,,,,,,,,,,,,,,,
2017-03-09,16:07:00,COM VÍTIMA,FINALIZADA,BOA VIAGEM,RUA BARAO DE SOUZA LEAO,3,965,,E/F DA LAVANDERIA NAPOLITANA,RUA BARAO DE SOUZA LEAO,965,E/F DA LAVANDERIA NAPOLITANA,BOA VIAGEM,COLISÃO,,1,1,,,,,,,,1,,,,,,,,,,,,,,,,,,
2017-03-10,07:26:00,COM VÍTIMA,FINALIZADA,ESPINHEIRO,RUA MARQUES DO PARANA,0,,,EM FRENTE A ESCOLA ESTADUAL PAULA FRASSINETTI,RUA MARQUES DO PARANA,0,EM FRENTE A ESCOLA ESTADUAL PAULA FRASSINETTI,ESPINHEIRO,COLISÃO,,1,1,,,,,,,,1,,,,,,,,,,,,,,,,,,
2017-03-10,13:22:00,COM VÍTIMA,FINALIZADA,VARZEA,RUA MARIO CAMPELO,0,,,CRUZAMENTO DA INSTITUTO BRENAN,RUA MARIO CAMPELO,0,CRUZAMENTO DA INSTITUTO BRENAN,VÁRZEA,COLISÃO,,1,1,,1,,,,,,1,,,,,,,,,,,,,,,,,,
2017-03-10,14:50:00,COM VÍTIMA,FINALIZADA,CAMPO GRANDE,AV GOVERNADOR AGAMENON MAGALHAES,0,,,CRUZAMENTO COM ODORICO MENDES,AV GOVERNADOR AGAMENON MAGALHAES,0,CRUZAMENTO COM ODORICO MENDES,CAMPO GRANDE,COLISÃO,,1,1,,,,,,,,1,,,,,,,,,,,,,,,,,,
2017-03-10,15:40:00,COM VÍTIMA,FINALIZADA,IMBIRIBEIRA,AV MARECHAL MASCARENHAS DE MORAES,0,,,SEMAFORO 625,AV MARECHAL MASCARENHAS DE MORAES,0,SEMAFORO 625,IMBIRIBEIRA,COLISÃO,,1,1,,,,,,,,2,,,,,,,,,,,,,,,,,,
2017-03-10,17:25:00,COM VÍTIMA,FINALIZADA,ARRUDA,AV BEBERIBE,3,565,,EM FRENTE DA ACADEMIA CeA E FIT,AV BEBERIBE,565,EM FRENTE DA ACADEMIA CeA E FIT,ARRUDA,COLISÃO,,1,1,,,,,,,,1,,,,,,,,,,,,,,,,,,
2017-03-11,05:48:00,COM VÍTIMA,FINALIZADA,ENCRUZILHADA,AV NORTE,0,,,CRUZAMENTO COM AV JOÃO DE BARROS - SENTIDO MACAXEIRA,AV NORTE,0,CRUZAMENTO COM AV JOÃO DE BARROS - SENTIDO MACAXEIRA,ENCRUZILHADA,COLISÃO,,,,,,,1,,,1,1,,,,,,,,,,,,,,,,,,
2017-03-11,13:09:00,COM VÍTIMA,FINALIZADA,TORREAO,RUA OTHON PARAISO,3,266,,POR TRÁS DO UNICORDS,RUA OTHON PARAISO,266,POR TRÁS DO UNICORDS,TORREÃO,COLISÃO,,1,1,,,,,,,,1,,,,,,,,,,,,,,,,,,
2017-03-11,15:05:00,COM VÍTIMA,FINALIZADA,SAO JOSE,RUA DA PRAIA,3,175,,EM FRENTE O BANCO BRADESCO,RUA DA PRAIA,175,EM FRENTE O BANCO BRADESCO,SÃO JOSÉ,ATROPELAMENTO,,1,,,,1,,,,,1,,,,,,,,,,,,,,,,,,
2017-03-11,20:38:00,COM VÍTIMA,FINALIZADA,ILHA JOANA BEZERRA,RUA CAPITAO TEMUDO,3,S/N,,SENTIDO OLINDA/BOA VIAGEM,VIADUTO CAPITAO TEMUDO,S/N,SENTIDO OLINDA/BOA VIAGEM,JOANA BEZERRA,COLISÃO,,,1,,1,,,,,,2,,,,,,,,,,,,,,,,,,
2017-03-11,21:03:00,COM VÍTIMA,FINALIZADA,SANTO AMARO,AV GOVERNADOR AGAMENON MAGALHAES,0,,,EM FRENTE A MC´DONALD  PISTA LOCAL SENT. BOA VIAGEM,AV GOVERNADOR AGAMENON MAGALHAES,0,EM FRENTE A MC´DONALD  PISTA LOCAL SENT. BOA VIAGEM,SANTO AMARO,COLISÃO,,1,1,,,,,,,,1,,,,,,,,,,,,,,,,,,
2017-03-11,21:47:00,COM VÍTIMA,FINALIZADA,SAO JOSE,RUA IMPERIAL,0,,,SEMÁFORO 511 // AO LADO DO BAR DA CHINA,RUA IMPERIAL,0,SEMÁFORO 511 // AO LADO DO BAR DA CHINA,SÃO JOSÉ,COLISÃO,,2,,,,,,,,,1,,,,,,,,,,,,,,,,,,
2017-03-12,06:52:00,COM VÍTIMA,FINALIZADA,DERBY,RUA JENER DE SOUZA,0,,,NO SEMAFORO 418,RUA JENER DE SOUZA,0,NO SEMAFORO 418,DERBY,COLISÃO,,2,1,,,,,,,,1,,,,,,,,,,,,,,,,,,
2017-03-12,14:46:00,COM VÍTIMA,FINALIZADA,BOA VIAGEM,AV ENGENHEIRO DOMINGOS FERREIRA,0,,,EM FRENTE DO LAÇABURGUER  NO SEMAFORO 338,AV ENGENHEIRO DOMINGOS FERREIRA,0,EM FRENTE DO LAÇABURGUER  NO SEMAFORO 338,BOA VIAGEM,COLISÃO,,1,1,,,,,,,,1,,,,,,,,,,,,,,,,,,
2017-03-12,20:18:00,COM VÍTIMA,FINALIZADA,VARZEA,RUA GENERAL POLIDORO,3,267,,E/F AO ORTOPLAN // PROX A UNIT ACADEMIA,RUA GENERAL POLIDORO,267,E/F AO ORTOPLAN // PROX A UNIT ACADEMIA,VÁRZEA,COLISÃO,,1,1,,,,,,,,1,,,,,,,,,,,,,,,,,,
2017-03-13,04:18:00,COM VÍTIMA,FINALIZADA,AFOGADOS,PTE DO MOTOCOLOMBO,0,,,SENTIDO IMBIRIBEIRA,PTE DO MOTOCOLOMBO,0,SENTIDO IMBIRIBEIRA,AFOGADOS,CHOQUE,,,1,,,,,,,,1,,,,,,,,,,,,,,,,,,
2017-03-13,11:24:00,COM VÍTIMA,FINALIZADA,SANTO ANTONIO,RUA IMPERIAL,0,,,COM SATURNINO DE BRITO  AO LADO DO POSTO BR,RUA IMPERIAL,0,COM SATURNINO DE BRITO  AO LADO DO POSTO BR,SANTO ANTÔNIO,COLISÃO,,,,,,,,,,,1,,,,,,,,,,,,,,,,,,
2017-03-13,16:20:00,COM VÍTIMA,FINALIZADA,AFOGADOS,RUA SAO MIGUEL,4,1324,,ANTES DO BODE DO NO E/F DO PARAISO DOS PET´S,RUA SAO MIGUEL,1324,ANTES DO BODE DO NO E/F DO PARAISO DOS PET´S,AFOGADOS,COLISÃO,,,2,,,,,,,,1,,,,,,,,,,,,,,,,,,
2017-03-13,17:17:00,COM VÍTIMA,FINALIZADA,IMBIRIBEIRA,AV MARECHAL MASCARENHAS DE MORAES,0,,,E/F DA FACULDADE UNIVERSO S/T SUB,AV MARECHAL MASCARENHAS DE MORAES,0,E/F DA FACULDADE UNIVERSO S/T SUB,IMBIRIBEIRA,COLISÃO,,1,,,,,,2,,,1,,,,,,,,,,,,,,,,,,
2017-03-13,17:21:00,COM VÍTIMA,FINALIZADA,CAJUEIRO,RUA CORONEL URBANO RIBEIRO DE SENA,3,305,,PX A BARRIGUDA,RUA CORONEL URBANO RIBEIRO DE SENA,305,PX A BARRIGUDA,CAJUEIRO,COLISÃO,,1,1,,,,,,,,1,,,,,,,,,,,,,,,,,,
2017-03-13,20:30:00,COM VÍTIMA,FINALIZADA,ILHA JOANA BEZERRA,RUA GREGORIO BEZERRA,0,,,EM CIMA DA PONTE GREGORIO BEZERRA,RUA GREGORIO BEZERRA,0,EM CIMA DA PONTE GREGORIO BEZERRA,ILHA JOANA BEZERRA,COLISÃO,,2,,,,,,,,,3,,,,,,,,,,,,,,,,,,
2017-03-13,21:35:00,COM VÍTIMA,FINALIZADA,ESPINHEIRO,RUA DA HORA,0,,,CRUZAMENTO COM A RUA 48,RUA DA HORA,0,CRUZAMENTO COM A RUA 48,ESPINHEIRO,COLISÃO,,1,1,,,,,,,,2,,,,,,,,,,,,,,,,,,
2017-03-13,22:15:00,COM VÍTIMA,FINALIZADA,MADALENA,RUA DEMOCRITO DE SOUZA FILHO,3,300,,EM FRENTE A PADARIA PÃO MASSA,RUA DEMOCRITO DE SOUZA FILHO,300,EM FRENTE A PADARIA PÃO MASSA,MADALENA,COLISÃO,,2,1,,,,,,,,1,,,,,,,,,,,,,,,,,,
2017-03-13,22:19:00,COM VÍTIMA,FINALIZADA,MADALENA,AV VISCONDE DE ALBUQUERQUE,0,,,PRROX AA FARMAACCIA BIG BEM E VETERINARIA,AV VISCONDE DE ALBUQUERQUE,0,PRROX AA FARMAACCIA BIG BEM E VETERINARIA,MADALENA,COLISÃO,,2,,,,,,,,,2,,,,,,,,,,,,,,,,,,
2017-03-13,22:21:00,COM VÍTIMA,FINALIZADA,SAO JOSE,RUA FLORIANO PEIXOTO,0,,,PROX. A ESTÇÃO DO METRO E CASA DA CULTURA,RUA FLORIANO PEIXOTO,0,PROX. A ESTÇÃO DO METRO E CASA DA CULTURA,SÃO JOSÉ,COLISÃO,,1,1,,,,,,,,1,,,,,,,,,,,,,,,,,,
2017-03-13,22:27:00,COM VÍTIMA,FINALIZADA,ESPINHEIRO,RUA QUARENTA E OITO,0,,,CRUZAMENTO COM A COSENHEIRO PORTELA,RUA QUARENTA E OITO,0,CRUZAMENTO COM A COSENHEIRO PORTELA,ESPINHEIRO,COLISÃO,,1,1,,,,,,,,1,,,,,,,,,,,,,,,,,,
2017-03-14,08:06:00,COM VÍTIMA,FINALIZADA,SAO JOSE,C SANTA RITA,0,,,SUBIDA DO VIADUTO,C SANTA RITA,0,SUBIDA DO VIADUTO,SÃO JOSÉ,COLISÃO,,,1,,,,,,,,1,,,,,,,,,,,,,,,,,,
2017-03-14,08:36:00,COM VÍTIMA,FINALIZADA,CAMPO GRANDE,AV GOVERNADOR AGAMENON MAGALHAES,0,,,SENTIDO BOA VIAGEM EM FRENTE A CLINICA UNICORDIS,AV GOVERNADOR AGAMENON MAGALHAES,0,SENTIDO BOA VIAGEM EM FRENTE A CLINICA UNICORDIS,CAMPO GRANDE,COLISÃO,,1,1,,,,,,,,1,,,,,,,,,,,,,,,,,,
2017-03-14,09:07:00,COM VÍTIMA,FINALIZADA,SAN MARTIN,AV GENERAL SAN MARTIN,0,,,DE FRONTE AO COLEGIO DOM BOSCO,AV GENERAL SAN MARTIN,0,DE FRONTE AO COLEGIO DOM BOSCO,SAN MARTIN,COLISÃO,,2,,,,,,,,,1,,,,,,,,,,,,,,,,,,
2017-03-14,12:40:00,COM VÍTIMA,FINALIZADA,SANTO AMARO,AV NORTE,0,,,AV CRUZ CABUGA,AV NORTE,0,AV CRUZ CABUGA,SANTO AMARO,ATROPELAMENTO,,1,,,2,1,,,,,3,,,,,,,,,,,,,,,,,,
2017-03-14,13:25:00,COM VÍTIMA,FINALIZADA,BOA VIAGEM,RUA DES JOAO PAES,0,,,NO SEMÁFORO 567,RUA DES JOAO PAES,0,NO SEMÁFORO 567,BOA VIAGEM,COLISÃO COM CICLISTA,,,,,1,,1,,,,1,,,,,,,,,,,,,,,,,,
2017-03-14,18:14:00,COM VÍTIMA,FINALIZADA,ENCRUZILHADA,RUA FREDERICO,3,352,,PROX AO CONFRARIA DO MAR,RUA FREDERICO,352,PROX AO CONFRARIA DO MAR,ENCRUZILHADA,COLISÃO,,1,1,,,,,,,,1,,,,,,,,,,,,,,,,,,
2017-03-14,19:45:00,COM VÍTIMA,FINALIZADA,BOA VIAGEM,AV BOA VIAGEM,4,4660,,E/F AO EDF BAÍA DE VIGO // APÓS A PRAÇA DE BOA VIAGEM // PROX AO HOTEL JANGADEIRO,AV BOA VIAGEM,4660,E/F AO EDF BAÍA DE VIGO // APÓS A PRAÇA DE BOA VIAGEM // PROX AO HOTEL JANGADEIRO,BOA VIAGEM,COLISÃO,,1,1,,,,,,,,1,,,,,,,,,,,,,,,,,,
2017-03-14,21:43:00,COM VÍTIMA,FINALIZADA,MACAXEIRA,AV NORTE,0,,,ENFR AO BOIZAO SENTIDO CIDADE,AV NORTE,0,ENFR AO BOIZAO SENTIDO CIDADE,MACAXEIRA,COLISÃO,,1,1,,,,,,,,1,,,,,,,,,,,,,,,,,,
2017-03-15,14:49:00,COM VÍTIMA,FINALIZADA,IMBIRIBEIRA,RUA ITACARI,3,162,,EM FRENTE A DRYFOR,RUA ITACARI,162,EM FRENTE A DRYFOR,IMBIRIBEIRA,COLISÃO,,1,1,,,,,,,,1,,,,,,,,,,,,,,,,,,
2017-03-15,16:31:00,COM VÍTIMA,FINALIZADA,ILHA DO LEITE,RUA FRANCISCO ALVES,0,,,AO LADO DO HOSPITAL ESPERANÇA,RUA FRANCISCO ALVES,0,AO LADO DO HOSPITAL ESPERANÇA,ILHA DO LEITE,ATROPELAMENTO,,,,,,1,,,,,1,,,,,,,,,,,,,,,,,,
2017-03-15,16:57:00,COM VÍTIMA,FINALIZADA,BOA VISTA,AV CONDE DA BOA VISTA,3,121,,EM FRENTE A SUBWAY,AV CONDE DA BOA VISTA,121,EM FRENTE A SUBWAY,BOA VISTA,COLISÃO,,1,1,,,,,,,,1,,,,,,,,,,,,,,,,,,
2017-03-15,17:31:00,COM VÍTIMA,FINALIZADA,CASA AMARELA,AV NORTE,0,,,E/F DOS IRMAO FERRAGENS S/T SUB,AV NORTE,0,E/F DOS IRMAO FERRAGENS S/T SUB,CASA AMARELA,ATROPELAMENTO,,1,,,,1,,,,,1,,,,,,,,,,,,,,,,,,
2017-03-15,18:00:00,COM VÍTIMA,FINALIZADA,BOA VIAGEM,RUA PROFESSOR JOSE BRANDAO,0,,,CRUZAMENTO COM A RUA FRANCISCO DA CUNHA,RUA PROFESSOR JOSE BRANDAO,0,CRUZAMENTO COM A RUA FRANCISCO DA CUNHA,BOA VIAGEM,COLISÃO,,1,1,,,,,,,,1,,,,,,,,,,,,,,,,,,
2017-03-15,21:21:00,COM VÍTIMA,FINALIZADA,SAO JOSE,RUA FLORIANO PEIXOTO,0,,,PRÓXIMO A PONTE DE FERRO E A PÇA JOAQUIM NABUCO,RUA FLORIANO PEIXOTO,0,PRÓXIMO A PONTE DE FERRO E A PÇA JOAQUIM NABUCO,SÃO JOSÉ,ATROPELAMENTO,,1,,,,1,,,,,1,,,,,,,,,,,,,,,,,,
2017-03-16,06:30:00,COM VÍTIMA,FINALIZADA,DOIS IRMAOS,RUA MANUEL DE MEDEIROS,0,,,EM FRENTE AO COLEGIO LIONS PARNAMIRIM SENTIDO CAXANGA,RUA MANUEL DE MEDEIROS,,EM FRENTE AO COLEGIO LIONS PARNAMIRIM SENTIDO CAXANGA,DOIS IRMÃOS,COLISÃO,,,1,,,,1,,,,2,,,,,,,,,,,,,,,,,,
2017-03-16,08:10:00,COM VÍTIMA,FINALIZADA,CORDEIRO,AV CAXANGA,0,,,EM FRENTE A JBS VEÍCULOS SENT/CIDADE,AV CAXANGA,0,EM FRENTE A JBS VEÍCULOS SENT/CIDADE,CORDEIRO,COLISÃO,,1,1,,,,,,,,1,,,,,,,,,,,,,,,,,,
2017-03-17,02:39:00,COM VÍTIMA,FINALIZADA,CASA FORTE,AV DEZESSETE DE AGOSTO,3,661,,EM FRENTE A PRAÇA DE CASA FORTE,AV DEZESSETE DE AGOSTO,661,EM FRENTE A PRAÇA DE CASA FORTE,CASA FORTE,CHOQUE,,1,,,,,,,,,1,,,,,,,,,,,,,,,,,,
2017-03-17,11:24:00,COM VÍTIMA,FINALIZADA,ARRUDA,AV BEBERIBE,0,,,E/F AO POSTO BR  SEMÁFORO 131,AV BEBERIBE,0,E/F AO POSTO BR  SEMÁFORO 131,ARRUDA,COLISÃO,,1,1,,,,,,,,1,,,,,,,,,,,,,,,,,,
2017-03-17,12:39:00,COM VÍTIMA,FINALIZADA,BOA VIAGEM,RUA TENENTE DOMINGOS DE BRITO,3,831,,CRUZAMENTO COM A RUA CARLOS PEREIRA FALCÃO,RUA TENENTE DOMINGOS DE BRITO,831,CRUZAMENTO COM A RUA CARLOS PEREIRA FALCÃO,BOA VIAGEM,COLISÃO,,1,1,,,,,,,,1,,,,,,,,,,,,,,,,,,
2017-03-18,09:00:00,COM VÍTIMA,FINALIZADA,DOIS IRMAOS,RUA RIBEIRO PESSOA,3,501,,PRÓXIMO À UPA,RUA RIBEIRO PESSOA,501,PRÓXIMO À UPA,DOIS IRMÃOS,COLISÃO,,1,1,,,,,,,,1,,,,,,,,,,,,,,,,,,
2017-03-18,19:56:00,COM VÍTIMA,FINALIZADA,AREIAS,AV DR JOSE RUFINO,0,,,EM FRENTE A HONDA E MERCADO DE AREIAS,AV DR JOSE RUFINO,0,EM FRENTE A HONDA E MERCADO DE AREIAS,AREIAS,COLISÃO,,1,1,,,,,,,,1,,,,,,,,,,,,,,,,,,
2017-03-19,10:36:00,COM VÍTIMA,FINALIZADA,BOA VIAGEM,RUA ARTUR MUNIZ,0,,,AO LADO DO EXTRA,RUA ARTUR MUNIZ,0,AO LADO DO EXTRA,BOA VIAGEM,COLISÃO COM CICLISTA,,,,,1,,1,,,,1,,,,,,,,,,,,,,,,,,
2017-03-19,11:06:00,COM VÍTIMA,FINALIZADA,AFOGADOS,RUA SAO MIGUEL,0,,,NO SEMAFORO Nº423,RUA SAO MIGUEL,0,NO SEMAFORO Nº423,AFOGADOS,COLISÃO,,1,1,,,,,,,,2,,,,,,,,,,,,,,,,,,
2017-03-19,17:45:00,COM VÍTIMA,FINALIZADA,IPUTINGA,RUA LEAL DE BARROS,2,70,,EM FRENTE DO TERMINAL E PADARIA MASSA PURA,RUA LEAL DE BARROS,70,EM FRENTE DO TERMINAL E PADARIA MASSA PURA,IPUTINGA,COLISÃO,,1,,,,,,,,1,3,,,,,,,,,,,,,,,,,,
2017-03-20,06:29:00,COM VÍTIMA,FINALIZADA,CORDEIRO,AV CAXANGA,4,2028,,50 METROS APÓS EXPOSIÇÃO DE ANIMAIS SENT/CIDADE,AV CAXANGA,2028,50 METROS APÓS EXPOSIÇÃO DE ANIMAIS SENT/CIDADE,CORDEIRO,COLISÃO,,2,1,,,,,,,,1,,,,,,,,,,,,,,,,,,
2017-03-20,09:13:00,COM VÍTIMA,FINALIZADA,SANTO AMARO,RUA TREZE DE MAIO,0,,,CRUZAMENTO COM A RUA DA SAUDADE,RUA TREZE DE MAIO,0,CRUZAMENTO COM A RUA DA SAUDADE,SANTO AMARO,COLISÃO,,1,,1,,,,,,,1,,,,,,,,,,,,,,,,,,
2017-03-20,11:25:00,COM VÍTIMA,FINALIZADA,PARNAMIRIM,AV FLOR DE SANTANA,0,,,E/F A BURGUER KING  SEMÁFORO 614,AV FLOR DE SANTANA,0,E/F A BURGUER KING  SEMÁFORO 614,PARNAMIRIM,COLISÃO,,1,1,,,,,,,,1,,,,,,,,,,,,,,,,,,
2017-03-20,15:09:00,COM VÍTIMA,FINALIZADA,AFOGADOS,EST DOS REMEDIOS,0,,,NO SEMÁFORO 390,EST DOS REMEDIOS,0,NO SEMÁFORO 390,AFOGADOS,COLISÃO,,1,1,,,,,,,,1,,,,,,,,,,,,,,,,,,
2017-03-20,18:58:00,COM VÍTIMA,FINALIZADA,ENCRUZILHADA,AV NORTE,0,,,E/F AO EXTRABOM // SENT MACAXEIRA // PROX AO CORREIOS,AV NORTE,0,E/F AO EXTRABOM // SENT MACAXEIRA // PROX AO CORREIOS,ENCRUZILHADA,COLISÃO COM CICLISTA,,,,,1,,1,,,,1,,,,,,,,,,,,,,,,,,
2017-03-21,09:41:00,COM VÍTIMA,FINALIZADA,TORRE,RUA MARQUES DE MARICA,2,12,,EM FRENTE AO EDF MIRA FLORES,RUA MARQUES DE MARICA,12,EM FRENTE AO EDF MIRA FLORES,TORRE,COLISÃO,,1,1,,,,,,,,1,,,,,,,,,,,,,,,,,,
2017-03-22,11:16:00,COM VÍTIMA,FINALIZADA,IMBIRIBEIRA,AV MARECHAL MASCARENHAS DE MORAES,0,,,AO LADO DO MURO DO AEROPORTO  SENTIDO PRAZERES. SEMÁFORO 625,AV MARECHAL MASCARENHAS DE MORAES,0,AO LADO DO MURO DO AEROPORTO  SENTIDO PRAZERES. SEMÁFORO 625,IMBIRIBEIRA,COLISÃO,,1,2,,,,,,,,1,,,,,,,,,,,,,,,,,,
2017-03-22,11:18:00,COM VÍTIMA,FINALIZADA,ROSARINHO,AV NORTE,0,,,EM FRENTE A PRAÇA DO ROSARINHO / SENT SUB,AV NORTE,0,EM FRENTE A PRAÇA DO ROSARINHO / SENT SUB,ROSARINHO,COLISÃO,,1,1,,,,,,,,1,,,,,,,,,,,,,,,,,,
2017-03-22,11:54:00,COM VÍTIMA,FINALIZADA,PAISSANDU,AV GOVERNADOR AGAMENON MAGALHAES,0,,,EM FRENTE AO RHP,AV GOVERNADOR AGAMENON MAGALHAES,0,EM FRENTE AO RHP,PAISSANDU,COLISÃO,,1,1,,,,,,,,1,,,,,,,,,,,,,,,,,,
2017-03-22,14:02:00,COM VÍTIMA,FINALIZADA,ENCRUZILHADA,RUA CASTRO ALVES,0,,,E/F A CISAN,RUA CASTRO ALVES,0,E/F A CISAN,ENCRUZILHADA,COLISÃO,,1,,1,,,,,,,1,,,,,,,,,,,,,,,,,,
2017-03-22,16:08:00,COM VÍTIMA,FINALIZADA,SAO JOSE,RUA IMPERIAL,3,660,,ZEZO EQUIPADORA,RUA IMPERIAL,660,ZEZO EQUIPADORA,SÃO JOSÉ,COLISÃO,,1,1,,,,,,,,1,,,,,,,,,,,,,,,,,,
2017-03-22,21:03:00,COM VÍTIMA,FINALIZADA,TORRE,RUA DOM MANOEL DA COSTA,3,405,,ENFR AO COLEGIO MUNICIPAL CRISTO REI,RUA DOM MANOEL DA COSTA,405,ENFR AO COLEGIO MUNICIPAL CRISTO REI,TORRE,COLISÃO,,1,1,,,,,,,,2,,,,,,,,,,,,,,,,,,
2017-03-22,23:38:00,COM VÍTIMA,FINALIZADA,PINA,AV CONSELHEIRO AGUIAR,0,,,ENFR AO RESTAURANTE CHAPEU DE CORO,AV CONSELHEIRO AGUIAR,0,ENFR AO RESTAURANTE CHAPEU DE CORO,PINA,COLISÃO,,1,1,,,,,,,,2,,,,,,,,,,,,,,,,,,
2017-03-23,05:56:00,COM VÍTIMA,FINALIZADA,ESPINHEIRO,RUA DO ESPINHEIRO,0,,,NO CRUZAMENTO COM A RUA 48 E EM FRENTE DA PADARIA DO ESPINHEIRO,RUA DO ESPINHEIRO,0,NO CRUZAMENTO COM A RUA 48 E EM FRENTE DA PADARIA DO ESPINHEIRO,ESPINHEIRO,COLISÃO,,1,,,,,,,,1,1,,,,,,,,,,,,,,,,,,
2017-03-23,09:34:00,COM VÍTIMA,FINALIZADA,SANTO AMARO,AV GOVERNADOR AGAMENON MAGALHAES,0,,,EM FRENTE A UPINHA TARSO BEZERRA POR TRÁS DO TACARUNA SENT/BOA VIAGEM,AV GOVERNADOR AGAMENON MAGALHAES,0,EM FRENTE A UPINHA TARSO BEZERRA POR TRÁS DO TACARUNA SENT/BOA VIAGEM,SANTO AMARO,COLISÃO,,2,,,,,,,,,2,,,,,,,,,,,,,,,,,,
2017-03-23,11:51:00,COM VÍTIMA,FINALIZADA,SANTO AMARO,AV MARIO MELO,3,115,,EM FRENTE AO PREDIO DO INSS,AV MARIO MELO,115,EM FRENTE AO PREDIO DO INSS,SANTO AMARO,COLISÃO,,1,1,,,,,,,,2,,,,,,,,,,,,,,,,,,
2017-03-23,16:07:00,COM VÍTIMA,FINALIZADA,TORRE,RUA CONDE DE IRAJA,0,,,RUA PIO NONO,RUA CONDE DE IRAJA,0,RUA PIO NONO,TORRE,COLISÃO,,,,,,,,,,,1,,,,,,,,,,,,,,,,,,
2017-03-23,18:13:00,COM VÍTIMA,FINALIZADA,CASA AMARELA,RUA DA HARMONIA,3,725,,,RUA DA HARMONIA,725,0,CASA AMARELA,ATROPELAMENTO,,,,,,1,,,,,2,,,,,,,,,,,,,,,,,,
2017-03-23,18:25:00,COM VÍTIMA,FINALIZADA,CASA AMARELA,RUA BELA VISTA,3,212,,SEGUINDO PELA AV. NORTE RUA EM FRENTE DO RESTAURANTE REI DA PINCANHA,RUA BELA VISTA,212,SEGUINDO PELA AV. NORTE RUA EM FRENTE DO RESTAURANTE REI DA PINCANHA,CASA AMARELA,COLISÃO,,1,1,,,,,,,,1,,,,,,,,,,,,,,,,,,
2017-03-23,19:21:00,COM VÍTIMA,FINALIZADA,CAXANGA,AV CAXANGA,0,,,PROX. DA FACULDADE SANTA HELENA  SENT. CAMARAGIBE,AV CAXANGA,0,PROX. DA FACULDADE SANTA HELENA  SENT. CAMARAGIBE,CAXANGÁ,COLISÃO,,1,1,,,,,,,,1,,,,,,,,,,,,,,,,,,
2017-03-23,19:28:00,COM VÍTIMA,FINALIZADA,BOA VISTA,RUA AURORA,0,,,COM RUA IMPERATRIZ,RUA AURORA,0,COM RUA IMPERATRIZ,BOA VISTA,ATROPELAMENTO,,1,,,,1,,,,,1,,,,,,,,,,,,,,,,,,
2017-03-24,09:23:00,COM VÍTIMA,FINALIZADA,VARZEA,RUA GASTAO VIDIGAL,0,,,SAÍDA DA RUA GOVERNADOR LEOPOLDO NEVES,RUA GASTAO VIDIGAL,0,SAÍDA DA RUA GOVERNADOR LEOPOLDO NEVES,VÁRZEA,ATROPELAMENTO,,1,,,,1,,,,,2,,,,,,,,,,,,,,,,,,
2017-03-24,11:29:00,COM VÍTIMA,FINALIZADA,VARZEA,RUA ACADEMICO HELIO RAMOS,0,,,EM FRENTE AO PRÉDIO DO CFCH,RUA ACADEMICO HELIO RAMOS,0,EM FRENTE AO PRÉDIO DO CFCH,VÁRZEA,ATROPELAMENTO,,,1,,,1,,,,,1,,,,,,,,,,,,,,,,,,