data,hora,natureza_acidente,situacao,bairro,endereco,,numero,detalhe_endereco_acidente,complemento,endereco_cruzamento,numero_cruzamento,referencia_cruzamento,bairro_cruzamento,tipo,descricao,auto,moto,ciclom,ciclista,pedestre,onibus,caminhao,viatura,outros,vitimas,vitimasfatais,num_semaforo,sentido_via,acidente_verificado,tempo_clima,situacao_semaforo,sinalizacao,condicao_via,conservacao_via,ponto_controle,situacao_placa,velocidade_max_via,mao_direcao,divisao_via1,divisao_via2,divisao_via3,_id,Protocolo
2017-03-24,12:27:00,COM VÍTIMA,FINALIZADA,DERBY,PTE ESTACIO COIMBRA,0,,,AO LADO DO QUARTEL DO DERBY,PTE ESTACIO COIMBRA,0,AO LADO DO QUARTEL DO DERBY,DERBY,COLISÃO,,1,1,,,,,,,,1,,,,,,,,,,,,,,,,,,
2017-03-24,15:41:00,COM VÍTIMA,FINALIZADA,ARRUDA,RUA DO MACHADO,3,130,,EM FRENTE AO MERCADINHO DO ARRUDA,RUA DO MACHADO,130,EM FRENTE AO MERCADINHO DO ARRUDA,ARRUDA,COLISÃO,,2,1,,,,,,,,2,,,,,,,,,,,,,,,,,,
2017-03-24,17:57:00,COM VÍTIMA,FINALIZADA,CIDADE UNIVERSITARIA,AV PROFESSOR LUIZ FREIRE,0,,,PERTO DO ITEP NO MURO DA FACULDADE UFPE E PERTO DO SINDICATO DOS TAXISTA,AV PROFESSOR LUIZ FREIRE,0,PERTO DO ITEP NO MURO DA FACULDADE UFPE E PERTO DO SINDICATO DOS TAXISTA,CIDADE UNIVERSITÁRIA,COLISÃO,,2,,,,,,,,,1,,,,,,,,,,,,,,,,,,
2017-03-25,00:06:00,COM VÍTIMA,FINALIZADA,CASA AMARELA,RUA PAULA BATISTA,3,205,,PROX DA PRAÇA DO TRABALHO  EM FRENTE AO CENTRO ESPIRITA MOACIR,RUA PAULA BATISTA,205,PROX DA PRAÇA DO TRABALHO  EM FRENTE AO CENTRO ESPIRITA MOACIR,CASA AMARELA,COLISÃO,,1,1,,,,,,,,1,,,,,,,,,,,,,,,,,,
2017-03-25,05:40:00,COM VÍTIMA,FINALIZADA,CASA AMARELA,RUA DA HARMONIA,0,,,PRÓXIMO A IGREJA CATÓLICA DA HARMONIA,RUA DA HARMONIA,0,PRÓXIMO A IGREJA CATÓLICA DA HARMONIA,CASA AMARELA,COLISÃO,,2,,,,,,,,,2,,,,,,,,,,,,,,,,,,
2017-03-25,08:15:00,COM VÍTIMA,FINALIZADA,BOA VIAGEM,RUA ERNESTO DE PAULA SANTOS,3,992,,EM FRENTE AO POSTO SETA,RUA ERNESTO DE PAULA SANTOS,992,EM FRENTE AO POSTO SETA,BOA VIAGEM,COLISÃO,,1,1,,,,,,,,1,,,,,,,,,,,,,,,,,,
2017-03-25,10:17:00,COM VÍTIMA,FINALIZADA,IPUTINGA,RUA EMILIANO BRAGA,2,96,,E/F A COSTA MED,RUA EMILIANO BRAGA,96,E/F A COSTA MED,IPUTINGA,COLISÃO,,1,1,,,,,,,,1,,,,,,,,,,,,,,,,,,
2017-03-25,11:10:00,COM VÍTIMA,FINALIZADA,AREIAS,AV RECIFE,0,,,SENT SUBURBIO / FINAL DO VIADUTO,AV RECIFE,0,SENT SUBURBIO / FINAL DO VIADUTO,AREIAS,CAPOTAMENTO,,1,1,,,,,,,,1,,,,,,,,,,,,,,,,,,
2017-03-25,11:19:00,COM VÍTIMA,FINALIZADA,CASA FORTE,AV DEZESSETE DE AGOSTO,2,XX,,EM FRENTE A CONCESSIONÁRIA CAOA,AV DEZESSETE DE AGOSTO,XX,EM FRENTE A CONCESSIONÁRIA CAOA,CASA FORTE,COLISÃO,,1,1,,,,,,,,1,,,,,,,,,,,,,,,,,,
2017-03-25,15:50:00,COM VÍTIMA,FINALIZADA,PARNAMIRIM,RUA DA ESTRELA,2,52,,EM FRENTE AO EDIFICIO STUDIO PARNAMIRIM,RUA DA ESTRELA,52,EM FRENTE AO EDIFICIO STUDIO PARNAMIRIM,PARNAMIRIM,COLISÃO,,1,1,,,,,,,,1,,,,,,,,,,,,,,,,,,
2017-03-26,00:52:00,COM VÍTIMA,FINALIZADA,IPSEP,AV RECIFE,0,,,APOS A ENTRADA DA RUA JEAN EMILIO FAVRE  PROX DO POSTO FEDERAL,AV RECIFE,0,APOS A ENTRADA DA RUA JEAN EMILIO FAVRE  PROX DO POSTO FEDERAL,IPSEP,COLISÃO,,2,,,,,,,,,1,,,,,,,,,,,,,,,,,,
2017-03-26,21:30:00,COM VÍTIMA,FINALIZADA,DERBY,PRC DO DERBY,3,149,,AO LADO DA PRAÇA DO DERBY // E/F A CASA GRANDE // PROX AO DRIVE IN,PRC DO DERBY,149,AO LADO DA PRAÇA DO DERBY // E/F A CASA GRANDE // PROX AO DRIVE IN,DERBY,COLISÃO,,1,1,,,,,,,,1,,,,,,,,,,,,,,,,,,
2017-03-27,07:32:00,COM VÍTIMA,FINALIZADA,ENCRUZILHADA,AV NORTE,0,,,EM FRENTE AO HOSPITAL JORJE DE MEDEIROS,AV NORTE,0,EM FRENTE AO HOSPITAL JORJE DE MEDEIROS,ENCRUZILHADA,ATROPELAMENTO,,,,,,1,,,,,1,,,,,,,,,,,,,,,,,,
2017-03-27,10:55:00,COM VÍTIMA,FINALIZADA,CAMPO GRANDE,RUA JERONIMO VILELA,3,581,,EM FRENTE A IGREJA EVANGELICA QUADRANGULAR,RUA JERONIMO VILELA,581,EM FRENTE A IGREJA EVANGELICA QUADRANGULAR,CAMPO GRANDE,COLISÃO,,,1,,,,,1,,,1,,,,,,,,,,,,,,,,,,
2017-03-27,11:16:00,COM VÍTIMA,FINALIZADA,BEBERIBE,AV BEBERIBE,4,3878,,EM FRENTE DO COLEGIO 90 GRAU,AV BEBERIBE,3878,EM FRENTE DO COLEGIO 90 GRAU,BEBERIBE,COLISÃO,,1,1,,,,,,,,1,,,,,,,,,,,,,,,,,,
2017-03-27,19:05:00,COM VÍTIMA,FINALIZADA,CAMPO GRANDE,EST DE BELEM,3,803,,PROX A SUBWAY E DE ESQUINA COM A CLINICA CENTRAL E POSTO TOTAL SEMAFORO 094,EST DE BELEM,803,PROX A SUBWAY E DE ESQUINA COM A CLINICA CENTRAL E POSTO TOTAL SEMAFORO 094,CAMPO GRANDE,COLISÃO,,1,1,,,,,,,,1,,,,,,,,,,,,,,,,,,
2017-03-28,09:22:00,COM VÍTIMA,FINALIZADA,ESTANCIA,AV DR JOSE RUFINO,3,528,,CRUZ RUA MORAIS E SILVA - CENTRO COMERCIAL GALERIA MARGARIDA,AV DR JOSE RUFINO,528,CRUZ RUA MORAIS E SILVA - CENTRO COMERCIAL GALERIA MARGARIDA,ESTÂNCIA,COLISÃO,,1,1,,,,,,,,1,,,,,,,,,,,,,,,,,,
2017-03-28,09:48:00,COM VÍTIMA,FINALIZADA,MANGABEIRA,AV PROFESSOR JOSE DOS ANJOS,0,,AV NORTE,E/F AO SESC,AV PROFESSOR JOSE DOS ANJOS,0,E/F AO SESC,MANGABEIRA,COLISÃO,,1,1,,,,,,,,1,,,,,,,,,,,,,,,,,,
2017-03-28,14:35:00,COM VÍTIMA,FINALIZADA,MADALENA,RUA BENFICA,0,,,EM FRENTE AO CLUB INTERNACIONAL NO SEMAFORO 515,RUA BENFICA,0,EM FRENTE AO CLUB INTERNACIONAL NO SEMAFORO 515,MADALENA,COLISÃO,,1,1,,,,,,,,2,,,,,,,,,,,,,,,,,,
2017-03-28,19:11:00,COM VÍTIMA,FINALIZADA,ILHA DO RETIRO,RUA COMENDADOR BENTO AGUIAR,0,,,NA ESQUINA DA DELEGACIA DO MEIO AMBIENTE E POR TRAS DO POSTO LEAO DA ILHA,RUA COMENDADOR BENTO AGUIAR,0,NA ESQUINA DA DELEGACIA DO MEIO AMBIENTE E POR TRAS DO POSTO LEAO DA ILHA,ILHA DO RETIRO,COLISÃO,,1,1,,,,,,,,1,,,,,,,,,,,,,,,,,,
2017-03-28,21:19:00,COM VÍTIMA,FINALIZADA,MADALENA,AV VISCONDE DE ALBUQUERQUE,3,400,,CRUZ COM A RUA LOPES DE CARVALHO // APÓS O BOMPREÇO // E/F A VIVA MAIS SAÚDE,AV VISCONDE DE ALBUQUERQUE,400,CRUZ COM A RUA LOPES DE CARVALHO // APÓS O BOMPREÇO // E/F A VIVA MAIS SAÚDE,MADALENA,COLISÃO,,1,1,,,,,,,,1,,,,,,,,,,,,,,,,,,
2017-03-28,19:30:00,COM VÍTIMA,FINALIZADA,ILHA DO RETIRO,AV JOSE GONCALVES DE MEDEIROS,0,,,EM FRENTE AO HIPERMERCADO EXTRA - SENTIDO CID/SUB,AV JOSE GONCALVES DE MEDEIROS,0,EM FRENTE AO HIPERMERCADO EXTRA - SENTIDO CID/SUB,ILHA DO RETIRO,COLISÃO,,2,,,,,,,,,1,,,,,,,,,,,,,,,,,,
2017-03-29,08:07:00,COM VÍTIMA,FINALIZADA,ENCRUZILHADA,AV BEBERIBE,3,530,,DUZENTOS METROS DA FARMACIA DO ESTADO SENT/CIDADE,AV BEBERIBE,530,DUZENTOS METROS DA FARMACIA DO ESTADO SENT/CIDADE,ENCRUZILHADA,COLISÃO COM CICLISTA,,,,,1,,1,,,,1,,,,,,,,,,,,,,,,,,
2017-03-29,11:36:00,COM VÍTIMA,FINALIZADA,MANGUEIRA,RUA SAO MIGUEL,4,1357,,E/F A PANIFICADORA LISBOA  SENTIDO AREIAS,RUA SAO MIGUEL,1357,E/F A PANIFICADORA LISBOA  SENTIDO AREIAS,MANGUEIRA,COLISÃO,,1,1,,,,,,,,1,,,,,,,,,,,,,,,,,,
2017-03-29,13:29:00,COM VÍTIMA,FINALIZADA,IMBIRIBEIRA,RUA PAMPULHA,2,20,,CRUZAMENTO COM A RUA CACHOEIRA,RUA PAMPULHA,20,CRUZAMENTO COM A RUA CACHOEIRA,IMBIRIBEIRA,COLISÃO,,1,1,,,,,,,,1,,,,,,,,,,,,,,,,,,
2017-03-29,14:11:00,COM VÍTIMA,FINALIZADA,MADALENA,RUA MANOEL BERNARDES,3,907,,AO LADO DO WIZARD,RUA MANOEL BERNARDES,907,AO LADO DO WIZARD,MADALENA,COLISÃO,,1,1,,,1,,,,,2,,,,,,,,,,,,,,,,,,
2017-03-29,22:07:00,COM VÍTIMA,FINALIZADA,BOA VIAGEM,AV CELSO FURTADO,0,,,NA VIA MANGUE  POR TRÁS DO SUPERMERCADO EXTRA // SENTIDO PINA,AVENIDA CELSO FURTADO (VIA MANGUE),0,NA VIA MANGUE  POR TRÁS DO SUPERMERCADO EXTRA // SENTIDO PINA,BOA VIAGEM,COLISÃO,,1,1,,,,,,,,1,,,,,,,,,,,,,,,,,,
2017-03-30,16:33:00,COM VÍTIMA,FINALIZADA,ARRUDA,AV BEBERIBE,0,,,E/F DO CAMPO DO ARRUDA E DO ARMAZÉM ACHAQUI,AV BEBERIBE,0,E/F DO CAMPO DO ARRUDA E DO ARMAZÉM ACHAQUI,ARRUDA,COLISÃO,,1,1,,,,,,,,1,,,,,,,,,,,,,,,,,,
2017-03-30,17:17:00,COM VÍTIMA,FINALIZADA,PINA,AV ENGENHEIRO DOMINGOS FERREIRA,0,,,EM FRENTE DO POSTO DE GASOLINA TOTAL,AV ENGENHEIRO DOMINGOS FERREIRA,0,EM FRENTE DO POSTO DE GASOLINA TOTAL,PINA,COLISÃO,,1,1,,,,,,,,1,,,,,,,,,,,,,,,,,,
2017-03-31,07:22:00,COM VÍTIMA,FINALIZADA,SAO JOSE,AV SUL,0,,,,AV SUL,0,0,SÃO JOSÉ,ACID. DE PERCURSO,,,,,,,,,,,2,,,,,,,,,,,,,,,,,,
2017-03-31,07:37:00,COM VÍTIMA,FINALIZADA,TORRE,RUA TOMAZ GONZAGA,3,143,,EM FRENTE DO CALDINHO DO REGI,RUA TOMAZ GONZAGA,143,EM FRENTE DO CALDINHO DO REGI,TORRE,COLISÃO,,1,1,,,,,,,,1,,,,,,,,,,,,,,,,,,
2017-03-31,08:03:00,COM VÍTIMA,FINALIZADA,CASA AMARELA,AV NORTE,0,,,ENTRADA DO CORREGO DO BARTOLOMEL,AV NORTE,0,ENTRADA DO CORREGO DO BARTOLOMEL,CASA AMARELA,COLISÃO COM CICLISTA,,,,,1,,,1,,,1,,,,,,,,,,,,,,,,,,
2017-03-31,08:28:00,COM VÍTIMA,FINALIZADA,AFOGADOS,RUA QUITERIO INACIO DE MELLO,3,297,,EM FRENTE DA LOJA PNEUS NOVOS,RUA QUITERIO INACIO DE MELLO,297,EM FRENTE DA LOJA PNEUS NOVOS,AFOGADOS,COLISÃO,,1,1,,,,,,,,1,,,,,,,,,,,,,,,,,,
2017-03-31,08:30:00,COM VÍTIMA,FINALIZADA,ESPINHEIRO,AV GOVERNADOR AGAMENON MAGALHAES,0,,,EM FRENTE AO CLUBE PORTUGUES,AV GOVERNADOR AGAMENON MAGALHAES,0,EM FRENTE AO CLUBE PORTUGUES,ESPINHEIRO,ATROPELAMENTO,,,1,,,1,,,,,1,,,,,,,,,,,,,,,,,,
2017-03-31,08:49:00,COM VÍTIMA,FINALIZADA,ENCRUZILHADA,AV NORTE,0,,,EM FRENTE A DEFENSORIA PUBLIBA / SENT CIDADE,AV NORTE,0,EM FRENTE A DEFENSORIA PUBLIBA / SENT CIDADE,ENCRUZILHADA,ATROPELAMENTO,,,,,,1,,,,,1,,,,,,,,,,,,,,,,,,
2017-03-31,11:20:00,COM VÍTIMA,FINALIZADA,CASA AMARELA,AV DR EURICO CHAVES,3,353,,E/F AO GRUPO AA FINAL FELIZ,AV DR EURICO CHAVES,353,E/F AO GRUPO AA FINAL FELIZ,CASA AMARELA,COLISÃO,,1,1,,,,,,,,1,,,,,,,,,,,,,,,,,,
2017-03-31,15:31:00,COM VÍTIMA,FINALIZADA,BOA VIAGEM,RUA DEZ DE JULHO,3,210,,EM FRENTE AO MAISON CHRISTAL,RUA DEZ DE JULHO,210,EM FRENTE AO MAISON CHRISTAL,BOA VIAGEM,COLISÃO,,1,1,,,,,,,,1,,,,,,,,,,,,,,,,,,
2017-03-31,15:33:00,COM VÍTIMA,FINALIZADA,MADALENA,RUA NOBRE DE LACERDA,3,129,,RUA ENF DA NAGEN,RUA NOBRE DE LACERDA,129,RUA ENF DA NAGEN,MADALENA,COLISÃO,,1,1,,,,,,,,1,,,,,,,,,,,,,,,,,,
2017-03-31,19:23:00,COM VÍTIMA,FINALIZADA,BOA VIAGEM,RUA ALEXANDRINO MARTINS RODRIGUES,0,,,EM FRENTE DO BOMPREÇO  NO SEMAFORO 303,RUA ALEXANDRINO MARTINS RODRIGUES,0,EM FRENTE DO BOMPREÇO  NO SEMAFORO 303,BOA VIAGEM,COLISÃO,,2,,,,,,,,,1,,,,,,,,,,,,,,,,,,
2017-03-31,23:34:00,COM VÍTIMA,FINALIZADA,SAO JOSE,AV DANTAS BARRETO,0,,,C/ A RUA SÃO JOÃO,AV DANTAS BARRETO,0,C/ A RUA SÃO JOÃO,SÃO JOSÉ,COLISÃO,,1,1,,,,,,,,1,,,,,,,,,,,,,,,,,,
2017-04-01,20:03:00,COM VÍTIMA,FINALIZADA,SAO JOSE,RUA IMPERIAL,0,,,CRUZAMENTO COM TRAVESSA DO RAPOSO,RUA IMPERIAL,0,CRUZAMENTO COM TRAVESSA DO RAPOSO,SÃO JOSÉ,COLISÃO,,2,,,,,,,,,1,,,,,,,,,,,,,,,,,,
2017-04-02,00:30:00,COM VÍTIMA,FINALIZADA,PRADO,AV ENGENHEIRO ABDIAS DE CARVALHO,0,,,EM FRENTE DA BIG CAR E POSTO DE GASOLINA DISLUB,AV ENGENHEIRO ABDIAS DE CARVALHO,0,EM FRENTE DA BIG CAR E POSTO DE GASOLINA DISLUB,PRADO,COLISÃO,,2,,,,,,,,,1,,,,,,,,,,,,,,,,,,
2017-04-02,02:02:00,COM VÍTIMA,FINALIZADA,SAN MARTIN,AV ENGENHEIRO ABDIAS DE CARVALHO,0,,,CRUZAMENTO COM AV. GENERAL SAN MARTIM // EM FRENTE A COMPÁS,AV ENGENHEIRO ABDIAS DE CARVALHO,0,CRUZAMENTO COM AV. GENERAL SAN MARTIM // EM FRENTE A COMPÁS,SAN MARTIN,COLISÃO,,2,,,,,,,,,1,,,,,,,,,,,,,,,,,,
2017-04-03,07:04:00,COM VÍTIMA,FINALIZADA,IBURA,AV DOIS RIOS,3,612,,PROX AO POSTO TOTAL,AV DOIS RIOS,612,PROX AO POSTO TOTAL,IBURA,COLISÃO,,1,1,,,,,,,,2,,,,,,,,,,,,,,,,,,
2017-04-03,14:58:00,COM VÍTIMA,FINALIZADA,SAN MARTIN,AV RECIFE,0,,,EM FRENTE AO CERPE SENTIDO BR,AV RECIFE,0,EM FRENTE AO CERPE SENTIDO BR,SAN MARTIN,COLISÃO,,,1,,,,,1,,,1,,,,,,,,,,,,,,,,,,
2017-04-03,16:13:00,COM VÍTIMA,FINALIZADA,SANTO AMARO,AV JOAO DE BARROS,0,,,E/F A CELPE - SEMAFORO 365,AV JOAO DE BARROS,0,E/F A CELPE - SEMAFORO 365,SANTO AMARO,COLISÃO,,1,1,,,,,,,,1,,,,,,,,,,,,,,,,,,
2017-04-03,23:53:00,COM VÍTIMA,FINALIZADA,AFOGADOS,RUA SAO MIGUEL,0,,,PROX DO RESTAURANTE DO NÔ  PROX DO QUARTEL DO IPIRANGA,RUA SAO MIGUEL,0,PROX DO RESTAURANTE DO NÔ  PROX DO QUARTEL DO IPIRANGA,AFOGADOS,COLISÃO,,1,1,,,,,,,,1,,,,,,,,,,,,,,,,,,
2017-04-04,08:03:00,COM VÍTIMA,FINALIZADA,BOA VIAGEM,AV BOA VIAGEM,0,,,ANTES DA PADARIA BOA VIAGEM,AV BOA VIAGEM,0,ANTES DA PADARIA BOA VIAGEM,BOA VIAGEM,COLISÃO,,1,1,,,,,,,,1,,,,,,,,,,,,,,,,,,
2017-04-04,09:34:00,COM VÍTIMA,FINALIZADA,MADALENA,RUA JOAQUIM NABUCO,0,,SEMAFORO 595,COM RUA MONSENHOR AMBROSINO LEITE,RUA JOAQUIM NABUCO,SEMAFORO 595,COM RUA MONSENHOR AMBROSINO LEITE,MADALENA,COLISÃO,,,,,,,,,,,1,,,,,,,,,,,,,,,,,,
2017-04-04,11:58:00,COM VÍTIMA,FINALIZADA,JORDAO,AV MARIA IRENE,4,831A,,EM FRENTE AO POSTO TOTAL,AV MARIA IRENE,831A,EM FRENTE AO POSTO TOTAL,JORDÃO,COLISÃO,,1,1,,,,,,,,1,,,,,,,,,,,,,,,,,,
2017-04-04,17:10:00,COM VÍTIMA,FINALIZADA,IMBIRIBEIRA,RUA ARQUITETO LUIZ NUNES,3,282,,POR TRAS DA FIAT ITALIANA  E DO ASSAI,RUA ARQUITETO LUIZ NUNES,282,POR TRAS DA FIAT ITALIANA  E DO ASSAI,IMBIRIBEIRA,COLISÃO,,1,1,,,,,,,,1,,,,,,,,,,,,,,,,,,
2017-04-05,12:38:00,COM VÍTIMA,FINALIZADA,AREIAS,RUA PARENTE VIANA,2,47,,E/F A ESCOLA GOVERNADOR MIGUEL ARRAES DE ALENCAR,RUA PARENTE VIANA,47,E/F A ESCOLA GOVERNADOR MIGUEL ARRAES DE ALENCAR,AREIAS,ATROPELAMENTO,,1,,,,1,,,,,1,,,,,,,,,,,,,,,,,,
2017-04-05,15:09:00,COM VÍTIMA,FINALIZADA,VASCO DA GAMA,RUA ALTO 13 DE MAIO,3,235,,NA SUBIDA DO ALTO APOS A IGREJA CATOLICA,RUA ALTO 13 DE MAIO,235,NA SUBIDA DO ALTO APOS A IGREJA CATOLICA,VASCO DA GAMA,COLISÃO,,1,1,,,,,,,,1,,,,,,,,,,,,,,,,,,
2017-04-05,23:56:00,COM VÍTIMA,FINALIZADA,CASA AMARELA,AV NORTE,0,,,MATERNIDADE BARROS LIMA SEMAFORO 256,AV NORTE,0,MATERNIDADE BARROS LIMA SEMAFORO 256,CASA AMARELA,COLISÃO,,1,1,,,,,,,,1,,,,,,,,,,,,,,,,,,
2017-04-06,07:38:00,COM VÍTIMA,FINALIZADA,IPUTINGA,RUA SAO MATEUS,4,1060,,EM FRENTE AO RESIDENCIAL RENASCER E AOS CORREIOS,RUA SAO MATEUS,1060,EM FRENTE AO RESIDENCIAL RENASCER E AOS CORREIOS,IPUTINGA,ATROPELAMENTO,,1,,,,1,,,,,2,,,,,,,,,,,,,,,,,,
2017-04-06,07:48:00,COM VÍTIMA,FINALIZADA,HIPODROMO,RUA PRUDENTE DE MORAES,3,110,,POR TRAS DA PRAÇA DO HIPODROMO,RUA PRUDENTE DE MORAES,110,POR TRAS DA PRAÇA DO HIPODROMO,HIPÓDROMO,COLISÃO,,1,1,,,,,,,,1,,,,,,,,,,,,,,,,,,
2017-04-06,09:29:00,COM VÍTIMA,FINALIZADA,TORRE,RUA REAL DA TORRE,0,,,E/F AO ATACADO DOS PRESENTES  SENTIDO AFOGADOS,RUA REAL DA TORRE,0,E/F AO ATACADO DOS PRESENTES  SENTIDO AFOGADOS,TORRE,COLISÃO COM CICLISTA,,,,,1,,1,,,,1,,,,,,,,,,,,,,,,,,
2017-04-06,19:01:00,COM VÍTIMA,FINALIZADA,SANTO AMARO,RUA GERVASIO PIRES,0,,,CRUZAMENTO COM A RUA DOS PALMARES,RUA GERVASIO PIRES,0,CRUZAMENTO COM A RUA DOS PALMARES,SANTO AMARO,ATROPELAMENTO,,1,,,1,,,,,,0,,,,,,,,,,,,,,,,,,
2017-04-06,20:03:00,COM VÍTIMA,FINALIZADA,VARZEA,AV BARAO DE BONITO,0,,,ENFR ASSEMBLEIA DE DEUS E NA ESQUINA DO POSTO SHELL E NA ALTURA DO GOLF CLUB,AV BARAO DE BONITO,0,ENFR ASSEMBLEIA DE DEUS E NA ESQUINA DO POSTO SHELL E NA ALTURA DO GOLF CLUB,VÁRZEA,COLISÃO,,1,1,,,,,,,,1,,,,,,,,,,,,,,,,,,
2017-04-06,20:22:00,COM VÍTIMA,FINALIZADA,CAXANGA,RUA RIBEIRO PESSOA,0,,,EM FRENTE DO PARAISO HOTEL E PROX. A UPA DA CAXANGA,RUA RIBEIRO PESSOA,0,EM FRENTE DO PARAISO HOTEL E PROX. A UPA DA CAXANGA,CAXANGÁ,COLISÃO,,1,1,,,,,,,,1,,,,,,,,,,,,,,,,,,
2017-04-06,22:38:00,COM VÍTIMA,FINALIZADA,ENCRUZILHADA,AV NORTE,0,,,C/ JOÃO DE BARROS,AV NORTE,0,C/ JOÃO DE BARROS,ENCRUZILHADA,COLISÃO,,1,1,,,,,,,,1,,,,,,,,,,,,,,,,,,
2017-04-07,07:36:00,COM VÍTIMA,FINALIZADA,TORRE,RUA VITORIANO PALHARES,3,113,,POR TRÁS DO ATACADO DOS PRESENTES DA TORRE.,RUA VITORIANO PALHARES,113,POR TRÁS DO ATACADO DOS PRESENTES DA TORRE.,TORRE,COLISÃO,,1,1,,,,,,,,1,,,,,,,,,,,,,,,,,,
2017-04-07,07:48:00,COM VÍTIMA,FINALIZADA,ILHA DO LEITE,AV GOVERNADOR AGAMENON MAGALHAES,0,,,APÓS O HOSPITAL PORTUGUÊS  NA VIA PRINCIPAL  SENTIDO BOA VIAGEM,AV GOVERNADOR AGAMENON MAGALHAES,0,APÓS O HOSPITAL PORTUGUÊS  NA VIA PRINCIPAL  SENTIDO BOA VIAGEM,ILHA DO LEITE,COLISÃO,,1,1,,,,,,,,1,,,,,,,,,,,,,,,,,,
2017-04-07,16:28:00,COM VÍTIMA,FINALIZADA,SAN MARTIN,AV GENERAL SAN MARTIN,0,,,E/F AOS CORREIOS,AV GENERAL SAN MARTIN,0,E/F AOS CORREIOS,SAN MARTIN,COLISÃO,,1,1,,,,,,,,1,,,,,,,,,,,,,,,,,,
2017-04-07,18:03:00,COM VÍTIMA,FINALIZADA,DOIS IRMAOS,PRC FARIAS NEVES,0,,,PROX AO DEPARTAMENTO DE MEDICINA VETERINÁRIA DA UFRPE // E/F A COMPESA,PRC FARIAS NEVES,0,PROX AO DEPARTAMENTO DE MEDICINA VETERINÁRIA DA UFRPE // E/F A COMPESA,DOIS IRMÃOS,COLISÃO,,1,1,,,,,,,,1,,,,,,,,,,,,,,,,,,
2017-04-07,18:47:00,COM VÍTIMA,FINALIZADA,ENCRUZILHADA,EST DE BELEM,3,115,,ENFR AO CARTORIO DA ENCRUZILHADA,EST DE BELEM,115,ENFR AO CARTORIO DA ENCRUZILHADA,ENCRUZILHADA,COLISÃO,,1,1,,,,,,,,1,,,,,,,,,,,,,,,,,,
2017-04-07,19:27:00,COM VÍTIMA,FINALIZADA,CASA FORTE,RUA LEONARDO BEZERRA CAVALCANTE,0,,,PROX AO HOSPITAL MARIA LUCINDA // PROX AO VIADUTO DO CARREFOUR,RUA LEONARDO BEZERRA CAVALCANTE,0,PROX AO HOSPITAL MARIA LUCINDA // PROX AO VIADUTO DO CARREFOUR,CASA FORTE,COLISÃO,,1,1,,,,,,,,1,,,,,,,,,,,,,,,,,,
2017-04-08,07:44:00,COM VÍTIMA,FINALIZADA,AREIAS,AV DR JOSE RUFINO,3,446,,AO LADO DO COLEGIO DECISÃO,AV DR JOSE RUFINO,446,AO LADO DO COLEGIO DECISÃO,AREIAS,COLISÃO,,1,1,,,,,,,,1,,,,,,,,,,,,,,,,,,
2017-04-08,20:23:00,COM VÍTIMA,FINALIZADA,AFOGADOS,EST DO BONGI,2,52,,PROX A FIORI MOTOS // PROX A FACULDADE NOVA ROMA,EST DO BONGI,52,PROX A FIORI MOTOS // PROX A FACULDADE NOVA ROMA,AFOGADOS,COLISÃO COM CICLISTA,,,1,,1,,,,,,1,,,,,,,,,,,,,,,,,,
2017-04-09,05:54:00,COM VÍTIMA,FINALIZADA,AGUA FRIA,AV BEBERIBE,0,,,E/F AO ANTIGO ESTRA BOM  SENTIDO ENCRUZILHADA,AV BEBERIBE,0,E/F AO ANTIGO ESTRA BOM  SENTIDO ENCRUZILHADA,ÁGUA FRIA,COLISÃO,,1,1,,,,,,,,1,,,,,,,,,,,,,,,,,,
2017-04-09,06:46:00,COM VÍTIMA,FINALIZADA,TORROES,AV BICENTENARIO DA REVOLUCAO FRANCESA,3,610,,E/F AO ARMAZÉM ADRÉ MADERIA E CONSTRUÇÃO,AV BICENTENARIO DA REVOLUCAO FRANCESA,610,E/F AO ARMAZÉM ADRÉ MADERIA E CONSTRUÇÃO,TORRÕES,COLISÃO,,1,1,,,,,,,,1,,,,,,,,,,,,,,,,,,
2017-04-09,09:01:00,COM VÍTIMA,FINALIZADA,BOA VIAGEM,RUA DEZ DE JULHO,0,,,SEMAFORO 573,RUA DEZ DE JULHO,0,SEMAFORO 573,BOA VIAGEM,COLISÃO,,1,2,,,,,,,,1,,,,,,,,,,,,,,,,,,
2017-04-09,12:38:00,COM VÍTIMA,FINALIZADA,IBURA,AV RIO SAO FRANCISCO,3,399,,RUA DA ESCOLA ESTADUAL POLIVALENTE,AV RIO SAO FRANCISCO,399,RUA DA ESCOLA ESTADUAL POLIVALENTE,IBURA,COLISÃO,,1,1,,,,,,,,2,,,,,,,,,,,,,,,,,,
2017-04-09,13:07:00,VÍTIMA FATAL,FINALIZADA,IMBIRIBEIRA,AV MARECHAL MASCARENHAS DE MORAES,0,,,EM LASER ELETRO  SEMAFORO 287,AV MARECHAL MASCARENHAS DE MORAES,0,EM LASER ELETRO  SEMAFORO 287,IMBIRIBEIRA,COLISÃO,,2,,,,,,,,,0,1,,,,,,,,,,,,,,,,,
2017-04-09,14:37:00,COM VÍTIMA,FINALIZADA,BOA VIAGEM,AV BOA VIAGEM,3,453,,EM FRENTE DO EDF. CASTELINHO APOS A PRAÇA DE BOA VIAGEM,AV BOA VIAGEM,453,EM FRENTE DO EDF. CASTELINHO APOS A PRAÇA DE BOA VIAGEM,BOA VIAGEM,COLISÃO,,1,1,,,,,,,,1,,,,,,,,,,,,,,,,,,
2017-04-09,16:53:00,COM VÍTIMA,FINALIZADA,SAO JOSE,AV DANTAS BARRETO,0,,,EM FRENTE A IGREJA NOSSA SENHORA DO CARMO,AV DANTAS BARRETO,0,EM FRENTE A IGREJA NOSSA SENHORA DO CARMO,SÃO JOSÉ,COLISÃO,,1,,,,,,,,,1,,,,,,,,,,,,,,,,,,
2017-04-09,18:38:00,COM VÍTIMA,FINALIZADA,AGUA FRIA,RUA BELO JARDIM,3,253,,PROX ASSEMBLEIA DE DEUS,RUA BELO JARDIM,253,PROX ASSEMBLEIA DE DEUS,ÁGUA FRIA,COLISÃO,,1,,1,,,,,,,1,,,,,,,,,,,,,,,,,,
2017-04-09,19:23:00,COM VÍTIMA,FINALIZADA,AGUA FRIA,AV BEBERIBE,4,1781,,PROX A IGREJA BATISTA DE ÁGUA FRIA // PROX A TROCA DE ÓLEO,AV BEBERIBE,1781,PROX A IGREJA BATISTA DE ÁGUA FRIA // PROX A TROCA DE ÓLEO,ÁGUA FRIA,COLISÃO,,1,,,,,1,,,,1,,,,,,,,,,,,,,,,,,