data,hora,natureza_acidente,situacao,bairro,endereco,,numero,detalhe_endereco_acidente,complemento,endereco_cruzamento,numero_cruzamento,referencia_cruzamento,bairro_cruzamento,tipo,descricao,auto,moto,ciclom,ciclista,pedestre,onibus,caminhao,viatura,outros,vitimas,vitimasfatais,num_semaforo,sentido_via,acidente_verificado,tempo_clima,situacao_semaforo,sinalizacao,condicao_via,conservacao_via,ponto_controle,situacao_placa,velocidade_max_via,mao_direcao,divisao_via1,divisao_via2,divisao_via3,_id,Protocolo
2017-05-24,14:22:00,COM VÍTIMA,FINALIZADA,TORROES,RUA DO FORTE,5,263 A,,PROX AO RESTAURANTE IOQUE GALETTUS EM FRENTE A OFICINA CARLOS AUTO MECANICA,RUA DO FORTE,263 A,PROX AO RESTAURANTE IOQUE GALETTUS EM FRENTE A OFICINA CARLOS AUTO MECANICA,TORRÕES,COLISÃO,,1,1,,,,,,,,2,,,,,,,,,,,,,,,,,,
2017-05-24,15:21:00,COM VÍTIMA,FINALIZADA,DERBY,RUA AMAURI DE MEDEIROS,3,110,,EM FRENTE AO EDIFICIO DERBY PARK,RUA AMAURI DE MEDEIROS,110,EM FRENTE AO EDIFICIO DERBY PARK,DERBY,COLISÃO,,2,,,,,,,,,2,,,,,,,,,,,,,,,,,,
2017-05-24,16:30:00,COM VÍTIMA,FINALIZADA,CORDEIRO,RUA GOMES TABORDA,3,265,,EM FRENTE AO ARMAZEM BETO BEBIDAS,RUA GOMES TABORDA,265,EM FRENTE AO ARMAZEM BETO BEBIDAS,CORDEIRO,COLISÃO,,1,1,,,,,,,,1,,,,,,,,,,,,,,,,,,
2017-05-24,16:30:00,COM VÍTIMA,FINALIZADA,ARRUDA,RUA MEM DE SA,2,50,,PROX DA COCA COLA,RUA MEM DE SA,50,PROX DA COCA COLA,ARRUDA,COLISÃO,,,1,,,,,1,,,1,,,,,,,,,,,,,,,,,,
2017-05-24,18:38:00,COM VÍTIMA,FINALIZADA,SANTO AMARO,AV MARIO MELO,0,,,ENFR A ESCOLA VALDEMAR DE OLIVEIRA,AV MARIO MELO,,ENFR A ESCOLA VALDEMAR DE OLIVEIRA,SANTO AMARO,COLISÃO,,1,2,,,,,,,,2,,,,,,,,,,,,,,,,,,
2017-05-24,19:07:00,COM VÍTIMA,FINALIZADA,IMBIRIBEIRA,RUA ARQUITETO LUIZ NUNES,4,1422,,PROXIMO VIVO NA LAGOA DO ARAÇA,RUA ARQUITETO LUIZ NUNES,1422,PROXIMO VIVO NA LAGOA DO ARAÇA,IMBIRIBEIRA,COLISÃO,,,1,,,,1,,,,1,,,,,,,,,,,,,,,,,,
2017-05-24,19:31:00,COM VÍTIMA,FINALIZADA,IPSEP,RUA POTENGY,0,,,proximo da praça Mauriceia,RUA POTENGY,,proximo da praça Mauriceia,IPSEP,COLISÃO COM CICLISTA,,1,,,1,,,,,,1,,,,,,,,,,,,,,,,,,
2017-05-24,20:54:00,COM VÍTIMA,FINALIZADA,MORRO DA CONCEICAO,AV NORTE,0,,,CRUZAMENTO COM A RUA CORREGO DO BARTOLOMEU SENTIDO MACAXEIRA CIDADE,AV NORTE,,CRUZAMENTO COM A RUA CORREGO DO BARTOLOMEU SENTIDO MACAXEIRA CIDADE,MORRO DA CONCEIÇÃO,COLISÃO,,1,1,,,,,,,,2,,,,,,,,,,,,,,,,,,
2017-05-25,13:56:00,COM VÍTIMA,FINALIZADA,MADALENA,RUA JOSE MUCIO MONTEIRO,3,341,,RUA QUE DA EM FRENTE AO SPORT CLUBE  POR TRAS DA FCAP,RUA JOSE MUCIO MONTEIRO,341,RUA QUE DA EM FRENTE AO SPORT CLUBE  POR TRAS DA FCAP,MADALENA,COLISÃO,,1,1,,,,,,,,1,,,,,,,,,,,,,,,,,,
2017-05-26,09:15:00,COM VÍTIMA,FINALIZADA,CORDEIRO,RUA GOMES TABORDA,4,1424,,AO LADO DO ATACAREJO REAL ANTIGO SUPERMERCADO KENEDY,RUA GOMES TABORDA,1424,AO LADO DO ATACAREJO REAL ANTIGO SUPERMERCADO KENEDY,CORDEIRO,COLISÃO,,1,1,,,,,,,,1,,,,,,,,,,,,,,,,,,
2017-05-26,18:12:00,COM VÍTIMA,FINALIZADA,TORRE,RUA MARQUES DE MARICA,2,12,,PRAÇA DE SANTA LUZIA IGREJA CATOLICA DA TORRE ENTRE AS DUAS PRAÇAS,RUA MARQUES DE MARICA,12,PRAÇA DE SANTA LUZIA IGREJA CATOLICA DA TORRE ENTRE AS DUAS PRAÇAS,TORRE,COLISÃO,,1,1,,,,,,,,1,,,,,,,,,,,,,,,,,,
2017-05-28,00:55:00,VÍTIMA FATAL,FINALIZADA,JORDAO,AV MARIA IRENE,4,1628,,PROX A UNIDADE DE SAUDE,AV MARIA IRENE,1628,PROX A UNIDADE DE SAUDE,JORDÃO,COLISÃO,,1,1,,,,,,,,,1,,,,,,,,,,,,,,,,,
2017-05-28,09:59:00,COM VÍTIMA,FINALIZADA,BOA VIAGEM,RUA BARAO DE SOUZA LEAO,3,939,,EM FRENTE AO POSTO IPIRANGA,RUA BARAO DE SOUZA LEAO,939,EM FRENTE AO POSTO IPIRANGA,BOA VIAGEM,COLISÃO,,1,1,,,,,,,,1,,,,,,,,,,,,,,,,,,
2017-05-28,11:33:00,COM VÍTIMA,FINALIZADA,IBURA,RUA MARIA ADELAIDE CASTELO BRANCO,0,,,NO CRUZAMENTO COM A RUA .DR.BENIGNO JORDÃO DE VASCONCELO,RUA MARIA ADELAIDE CASTELO BRANCO,,NO CRUZAMENTO COM A RUA .DR.BENIGNO JORDÃO DE VASCONCELO,IBURA,COLISÃO,,1,1,,,,,,,,1,,,,,,,,,,,,,,,,,,
2017-05-28,18:51:00,COM VÍTIMA,FINALIZADA,JARDIM SAO PAULO,AV LIBERDADE,3,717,,E-/F A CASA DO BREGA // AO LADO DA ASSEMBLEIA DE DEUS,AV LIBERDADE,717,E-/F A CASA DO BREGA // AO LADO DA ASSEMBLEIA DE DEUS,JARDIM SÃO PAULO,COLISÃO,,1,1,,,,,,,,1,,,,,,,,,,,,,,,,,,
2017-05-28,19:15:00,COM VÍTIMA,FINALIZADA,VARZEA,RUA MARECHAL MANOEL LUIS OSORIO,0,,,CRUZAMENTO COM O COLEGIO PONTUAL,RUA MARECHAL MANOEL LUIS OSORIO,,CRUZAMENTO COM O COLEGIO PONTUAL,VÁRZEA,COLISÃO,,2,,,,,,,,,1,,,,,,,,,,,,,,,,,,
2017-05-29,00:03:00,COM VÍTIMA,FINALIZADA,IPSEP,AV RECIFE,0,,,CRUZAMENTO COM A AVENIDA DOM HÉLDER CAMÂRA,AV RECIFE,,CRUZAMENTO COM A AVENIDA DOM HÉLDER CAMÂRA,IPSEP,COLISÃO,,1,,,,,,1,,,1,,,,,,,,,,,,,,,,,,
2017-05-29,15:26:00,COM VÍTIMA,FINALIZADA,JORDAO,RUA BOANERGES PEREIRA,4,1072,,EM FRENTE A CASA DA COLUNA,RUA BOANERGES PEREIRA,1072,EM FRENTE A CASA DA COLUNA,JORDÃO,COLISÃO,,1,1,,,,,,,,1,,,,,,,,,,,,,,,,,,
2017-05-29,15:35:00,COM VÍTIMA,FINALIZADA,BOA VISTA,AV GOVERNADOR AGAMENON MAGALHAES,0,,,EM FRENTE AO COLEGIO AMERICANO BATISTA SENTIDO OLINDA,AV GOVERNADOR AGAMENON MAGALHAES,,EM FRENTE AO COLEGIO AMERICANO BATISTA SENTIDO OLINDA,BOA VISTA,COLISÃO,,1,1,,,,,,,,1,,,,,,,,,,,,,,,,,,
2017-05-30,08:11:00,COM VÍTIMA,FINALIZADA,BOA VISTA,RUA DAS NINFAS,0,,,CRUZ COM A RUA MANOEL BORBA EM FRENTE A BOATE METROPOLIS,RUA DAS NINFAS,,CRUZ COM A RUA MANOEL BORBA EM FRENTE A BOATE METROPOLIS,BOA VISTA,COLISÃO,,2,,,,,,1,,,1,,,,,,,,,,,,,,,,,,
2017-05-30,10:13:00,COM VÍTIMA,FINALIZADA,IPSEP,AV RECIFE,1,X,,APÓS A EMLURB  SENTIDO BOA VIAGEM,AV RECIFE,X,APÓS A EMLURB  SENTIDO BOA VIAGEM,IPSEP,COLISÃO,,1,1,,,,,,,,1,,,,,,,,,,,,,,,,,,
2017-05-30,12:58:00,COM VÍTIMA,FINALIZADA,BOMBA DO HEMETERIO,RUA TAMBOARA,0,,,NA SUBIDA DO ALTO SANTA TEREZINHA,RUA TAMBOARA,,NA SUBIDA DO ALTO SANTA TEREZINHA,BOMBA DO HEMETÉRIO,COLISÃO,,,1,,,,,1,,,1,,,,,,,,,,,,,,,,,,
2017-05-30,18:47:00,COM VÍTIMA,FINALIZADA,CORDEIRO,RUA MARIA QUITERIA,3,162,,APOIS A DELEGACIA DO CORDEIRO A PRIMEIRA A ESQUERDA,RUA MARIA QUITERIA,162,APOIS A DELEGACIA DO CORDEIRO A PRIMEIRA A ESQUERDA,CORDEIRO,COLISÃO,,1,,,,,1,,,,1,,,,,,,,,,,,,,,,,,
2017-05-31,07:12:00,COM VÍTIMA,FINALIZADA,SANTO AMARO,AV CRUZ CABUGA,0,,,,AV CRUZ CABUGA,,,SANTO AMARO,COLISÃO,,1,1,,,,,,,,1,,,,,,,,,,,,,,,,,,
2017-06-01,08:22:00,COM VÍTIMA,FINALIZADA,TORRE,RUA MARQUES DE MARICA,2,48,,EM FRENTE A CLINICA TOMAR,RUA MARQUES DE MARICA,48,EM FRENTE A CLINICA TOMAR,TORRE,COLISÃO,,1,1,,,,,,,,1,,,,,,,,,,,,,,,,,,
2017-06-01,08:48:00,COM VÍTIMA,FINALIZADA,IMBIRIBEIRA,AV MARECHAL MASCARENHAS DE MORAES,0,,,EM FRENTE AO AEROPORTO SENT CIDADE / EMBAIXO DA LOMBADA ELETRONICA,AV MARECHAL MASCARENHAS DE MORAES,,EM FRENTE AO AEROPORTO SENT CIDADE / EMBAIXO DA LOMBADA ELETRONICA,IMBIRIBEIRA,COLISÃO,,1,,,,,,1,,,1,,,,,,,,,,,,,,,,,,
2017-06-01,09:00:00,COM VÍTIMA,FINALIZADA,IPSEP,RUA JEAN EMILE FAVRE,0,,,EM FRENTE DA PADARIA VILA DO PÃO,RUA JEAN EMILE FAVRE,,EM FRENTE DA PADARIA VILA DO PÃO,IPSEP,COLISÃO,,1,1,,,,,,,,1,,,,,,,,,,,,,,,,,,
2017-06-01,10:23:00,COM VÍTIMA,FINALIZADA,BOA VIAGEM,AV BOA VIAGEM,3,634,,EM FRENTE AO EDIFICIO JOSE ESTACIO VIEIRA,AV BOA VIAGEM,634,EM FRENTE AO EDIFICIO JOSE ESTACIO VIEIRA,BOA VIAGEM,COLISÃO,,1,1,,,,,,,,1,,,,,,,,,,,,,,,,,,
2017-06-01,10:40:00,COM VÍTIMA,FINALIZADA,AGUA FRIA,EST VELHA DE AGUA FRIA,3,775,,EM FRENTE A LOJA FLAVIA ATELIER DE BELEZA,EST VELHA DE AGUA FRIA,775,EM FRENTE A LOJA FLAVIA ATELIER DE BELEZA,ÁGUA FRIA,TOMBAMENTO,,,1,,,,,,,,1,,,,,,,,,,,,,,,,,,
2017-06-01,12:46:00,COM VÍTIMA,FINALIZADA,AREIAS,RUA IPOJUCA,3,711,,EM FRENTE AO PET SHOP BOM TRATO,RUA IPOJUCA,711,EM FRENTE AO PET SHOP BOM TRATO,AREIAS,COLISÃO,,1,1,,,,,,,,1,,,,,,,,,,,,,,,,,,
2017-06-01,19:14:00,COM VÍTIMA,FINALIZADA,ESPINHEIRO,RUA DO ESPINHEIRO,3,602,,NO CRUZAMENTO COM A RUA BARÃO DE ITAMARACÁ // PROX A EXTRAFARMA,RUA DO ESPINHEIRO,602,NO CRUZAMENTO COM A RUA BARÃO DE ITAMARACÁ // PROX A EXTRAFARMA,ESPINHEIRO,COLISÃO,,1,1,,,,,,,,1,,,,,,,,,,,,,,,,,,
2017-06-01,21:08:00,COM VÍTIMA,FINALIZADA,VASCO DA GAMA,RUA VASCO DA GAMA,4,6318,,CRUZAMENTO COM A AV NORTE // E/F A PIZZARIA PASSIRA,RUA VASCO DA GAMA,6318,CRUZAMENTO COM A AV NORTE // E/F A PIZZARIA PASSIRA,VASCO DA GAMA,COLISÃO,,1,1,,,,,,,,1,,,,,,,,,,,,,,,,,,
2017-06-01,21:34:00,COM VÍTIMA,FINALIZADA,BOA VISTA,AV CONDE DA BOA VISTA,0,,,PRÓXIMO A DOM BOSCO EM FRENTE A MICROLINS,AV CONDE DA BOA VISTA,,PRÓXIMO A DOM BOSCO EM FRENTE A MICROLINS,BOA VISTA,ATROPELAMENTO,,,,,,1,,,,,1,,,,,,,,,,,,,,,,,,
2017-06-01,22:52:00,COM VÍTIMA,FINALIZADA,BOA VISTA,AV CONDE DA BOA VISTA,0,,,EM FRENTE A MICROLINS,AV CONDE DA BOA VISTA,,EM FRENTE A MICROLINS,BOA VISTA,ATROPELAMENTO,,,,,,1,1,,,,1,,,,,,,,,,,,,,,,,,
2017-06-02,09:14:00,COM VÍTIMA,FINALIZADA,IPSEP,RUA JEAN EMILE FAVRE,0,,,EM FRENTE A OFICINA REDE ORIGINAL AUTO PEÇAS SENTIDO IMBIRIBEIRA,RUA JEAN EMILE FAVRE,,EM FRENTE A OFICINA REDE ORIGINAL AUTO PEÇAS SENTIDO IMBIRIBEIRA,IPSEP,COLISÃO COM CICLISTA,,1,,,1,,,,,,1,,,,,,,,,,,,,,,,,,
2017-06-02,09:22:00,COM VÍTIMA,FINALIZADA,PRADO,AV ENGENHEIRO ABDIAS DE CARVALHO,0,,,EM FRENTE A SUBWAY SENTIDO CIDADE,AV ENGENHEIRO ABDIAS DE CARVALHO,,EM FRENTE A SUBWAY SENTIDO CIDADE,PRADO,COLISÃO,,,2,,,,,,,,1,,,,,,,,,,,,,,,,,,
2017-06-02,09:52:00,COM VÍTIMA,FINALIZADA,PINA,AV ANTONIO DE GOES,3,869,,EM FRENTE A PRF,AV ANTONIO DE GOES,869,EM FRENTE A PRF,PINA,COLISÃO,,1,1,,,,,,,,1,,,,,,,,,,,,,,,,,,
2017-06-02,15:31:00,COM VÍTIMA,FINALIZADA,,PRC DO DERBY,0,,,ENTRE AS DUAS PRAÇAS,PRC DO DERBY,,ENTRE AS DUAS PRAÇAS,,ATROPELAMENTO,,1,,,,1,,,,,1,,,,,,,,,,,,,,,,,,
2017-06-02,16:39:00,COM VÍTIMA,FINALIZADA,CASA AMARELA,EST DO ENCANAMENTO,0,,,CRUZ/COM A RUA IRMÃ LUCIA,EST DO ENCANAMENTO,,CRUZ/COM A RUA IRMÃ LUCIA,CASA AMARELA,COLISÃO,,1,1,,,,,,,,1,,,,,,,,,,,,,,,,,,
2017-06-02,17:00:00,COM VÍTIMA,FINALIZADA,SANTO AMARO,AV GOVERNADOR AGAMENON MAGALHAES,0,,,EM FRENTE AO MINISTERIO DO TRABALHO,AV GOVERNADOR AGAMENON MAGALHAES,,EM FRENTE AO MINISTERIO DO TRABALHO,SANTO AMARO,COLISÃO,,1,1,,,,,,,,1,,,,,,,,,,,,,,,,,,
2017-06-02,21:30:00,COM VÍTIMA,FINALIZADA,AREIAS,AV DR JOSE RUFINO,3,535,,ENFR A GALERIA MARGARIDA E ESCOLA VISAO,AV DR JOSE RUFINO,535,ENFR A GALERIA MARGARIDA E ESCOLA VISAO,AREIAS,COLISÃO,,1,1,,,,,,,,1,,,,,,,,,,,,,,,,,,
2017-06-03,01:33:00,COM VÍTIMA,FINALIZADA,MACAXEIRA,AV NORTE,0,,,PROX AO PARQUE DA MACAXEIRA  PROX AO NORTE GRILL CHURRASCARIA,AV NORTE,,PROX AO PARQUE DA MACAXEIRA  PROX AO NORTE GRILL CHURRASCARIA,MACAXEIRA,CHOQUE,,1,,,,,,,,,2,,,,,,,,,,,,,,,,,,
2017-06-03,06:20:00,COM VÍTIMA,FINALIZADA,PAISSANDU,AV GOVERNADOR AGAMENON MAGALHAES,0,,,SEMAFORO 069 // SENT SUB,AV GOVERNADOR AGAMENON MAGALHAES,,SEMAFORO 069 // SENT SUB,PAISSANDU,COLISÃO,,1,1,,,,,,,,2,,,,,,,,,,,,,,,,,,
2017-06-03,08:02:00,COM VÍTIMA,FINALIZADA,MADALENA,AV CAXANGA,0,,,EM FRENTE AO MUSEU DA ABOLIÇÃO SENT/CIDADE SEMAFORO 257,AV CAXANGA,,EM FRENTE AO MUSEU DA ABOLIÇÃO SENT/CIDADE SEMAFORO 257,MADALENA,COLISÃO,,1,,1,,,,,,,1,,,,,,,,,,,,,,,,,,
2017-06-03,08:52:00,COM VÍTIMA,FINALIZADA,BOA VIAGEM,AV BOA VIAGEM,0,,,SEMAFORO 190 EM FRENTE AO EDF PORTO ALEXANDRIA,AV BOA VIAGEM,,SEMAFORO 190 EM FRENTE AO EDF PORTO ALEXANDRIA,BOA VIAGEM,COLISÃO,,2,1,,,,,,,,2,,,,,,,,,,,,,,,,,,
2017-06-03,09:48:00,COM VÍTIMA,FINALIZADA,SANTO AMARO,AV GOVERNADOR AGAMENON MAGALHAES,0,,,EM FRENTE AO IC SENT/TACARUNA,AV GOVERNADOR AGAMENON MAGALHAES,,EM FRENTE AO IC SENT/TACARUNA,SANTO AMARO,COLISÃO,,1,,,,,,1,,,1,,,,,,,,,,,,,,,,,,
2017-06-03,16:09:00,COM VÍTIMA,FINALIZADA,BONGI,RUA SANTA EDWIRGES,3,295,,APOS A FACULDADE ROMA 1 RUA A DIREITA POR TRAS DO MOTEL ROGER,RUA SANTA EDWIRGES,295,APOS A FACULDADE ROMA 1 RUA A DIREITA POR TRAS DO MOTEL ROGER,BONGI,COLISÃO,,1,1,,,,,,,,1,,,,,,,,,,,,,,,,,,
2017-06-03,19:03:00,COM VÍTIMA,FINALIZADA,IBURA,AV DOIS RIOS,0,,,PROXIMO ASESI E AO POSTO BR,AV DOIS RIOS,,PROXIMO ASESI E AO POSTO BR,IBURA,COLISÃO,,1,1,,,,,,,,1,,,,,,,,,,,,,,,,,,
2017-06-04,01:50:00,COM VÍTIMA,FINALIZADA,SANTO AMARO,RUA ALICE MILET MORAES,4,1252,,CRUZAMENTO COM AV NORTE,RUA ALICE MILET MORAES,1252,CRUZAMENTO COM AV NORTE,SANTO AMARO,CHOQUE,,1,,,,,,,,,3,,,,,,,,,,,,,,,,,,
2017-06-04,04:09:00,COM VÍTIMA,FINALIZADA,AFLITOS,AV CONS ROSA E SILVA,4,1510,,PROX DO SHOPPING ETC,AV CONS ROSA E SILVA,1510,PROX DO SHOPPING ETC,AFLITOS,CHOQUE,,,1,,,,,,,,1,,,,,,,,,,,,,,,,,,
2017-06-04,08:26:00,COM VÍTIMA,FINALIZADA,BOA VIAGEM,RUA VISCONDE DE JEQUITINHONHA,0,,,EM FRENTE A LOCALIZA SEMAFORO 433,RUA VISCONDE DE JEQUITINHONHA,,EM FRENTE A LOCALIZA SEMAFORO 433,BOA VIAGEM,COLISÃO,,1,1,,,,,,,,1,,,,,,,,,,,,,,,,,,
2017-06-04,08:57:00,COM VÍTIMA,FINALIZADA,SAO JOSE,RUA DA PALMA,3,355,,EM FRENTE A RICARDO ELETRO,RUA DA PALMA,355,EM FRENTE A RICARDO ELETRO,SÃO JOSÉ,COLISÃO,,1,1,,,,,,,,1,,,,,,,,,,,,,,,,,,
2017-06-04,15:39:00,COM VÍTIMA,FINALIZADA,PONTO DE PARADA,RUA MARQUES DE BAIPENDI,3,473,,PX AO BAR DO ZE,RUA MARQUES DE BAIPENDI,473,PX AO BAR DO ZE,PONTO DE PARADA,COLISÃO,,1,1,,,,,,,,1,,,,,,,,,,,,,,,,,,
2017-06-05,08:15:00,COM VÍTIMA,FINALIZADA,BONGI,RUA JOAO IVO DA SILVA,0,,,ESQ DA TUPAM CONSTRUCOES /,RUA JOAO IVO DA SILVA,,ESQ DA TUPAM CONSTRUCOES /,BONGI,COLISÃO,,1,1,,,,,,,,1,,,,,,,,,,,,,,,,,,
2017-06-05,08:25:00,COM VÍTIMA,FINALIZADA,ROSARINHO,AV NORTE,0,,SEM 456,RUA 13 DE JUNHO,AV NORTE,SEM 456,RUA 13 DE JUNHO,ROSARINHO,COLISÃO,,,1,,1,,,,,,2,,,,,,,,,,,,,,,,,,
2017-06-05,09:15:00,COM VÍTIMA,FINALIZADA,PINA,AV REPUBLICA DO LIBANO,3,851,,EM FRENTE AO EMPRESARIAL RIO MAR,AV REPUBLICA DO LIBANO,851,EM FRENTE AO EMPRESARIAL RIO MAR,PINA,CHOQUE,,,1,,,,,,,,1,,,,,,,,,,,,,,,,,,
2017-06-05,12:42:00,COM VÍTIMA,FINALIZADA,IMBIRIBEIRA,RUA JOAQUIM BANDEIRA,3,442,,CRUZAMENTO COM A RUA MONSENHOR TABOSA,RUA JOAQUIM BANDEIRA,442,CRUZAMENTO COM A RUA MONSENHOR TABOSA,IMBIRIBEIRA,COLISÃO,,1,1,,,,,,,,1,,,,,,,,,,,,,,,,,,
2017-06-05,15:52:00,COM VÍTIMA,FINALIZADA,SANTO AMARO,AV NORTE,0,,,VIADUTO SOBRE AV AGAMENON MAGALHAES - SENT SUB,AV NORTE,,VIADUTO SOBRE AV AGAMENON MAGALHAES - SENT SUB,SANTO AMARO,COLISÃO,,1,1,,,,,,,,1,,,,,,,,,,,,,,,,,,
2017-06-05,16:07:00,COM VÍTIMA,FINALIZADA,PINA,RUA HENRIQUE CAPITULINO,2,74,,E/F AO EDF VIRGINA WOOLF,RUA HENRIQUE CAPITULINO,74,E/F AO EDF VIRGINA WOOLF,PINA,COLISÃO,,1,1,,,,,,,,2,,,,,,,,,,,,,,,,,,
2017-06-05,19:16:00,COM VÍTIMA,FINALIZADA,IBURA,RUA DOIS RIOS,0,,,PROXIMO A ENTRADA DO SESI,RUA DOIS RIOS,,PROXIMO A ENTRADA DO SESI,IBURA,COLISÃO,,,1,,,,1,,,,1,,,,,,,,,,,,,,,,,,
2017-06-06,00:01:00,COM VÍTIMA,FINALIZADA,CORDEIRO,RUA ODETE MONTEIRO,0,,,PROX AO GRUPO DE OPERAÇÕES ESPECIAS-GOE,RUA ODETE MONTEIRO,,PROX AO GRUPO DE OPERAÇÕES ESPECIAS-GOE,CORDEIRO,ATROPELAMENTO,,,1,,,1,,,,,2,,,,,,,,,,,,,,,,,,
2017-06-06,07:44:00,COM VÍTIMA,FINALIZADA,JORDAO,RUA NOVA CANAA,3,185,,RUA DA PANIFICADORA CIDADE OPERARIA CRUZ COM A RUA CORONEL GOMES DE MATOS,RUA NOVA CANAA,185,RUA DA PANIFICADORA CIDADE OPERARIA CRUZ COM A RUA CORONEL GOMES DE MATOS,JORDÃO,COLISÃO,,1,1,,,,,,,,1,,,,,,,,,,,,,,,,,,
2017-06-06,07:54:00,COM VÍTIMA,FINALIZADA,DOIS IRMAOS,RUA DOIS IRMAOS,0,,,EM FRENTE AO HOSPITAL VETERINARIO SENT/AV CAXANGA,RUA DOIS IRMAOS,,EM FRENTE AO HOSPITAL VETERINARIO SENT/AV CAXANGA,DOIS IRMÃOS,COLISÃO,,1,1,,,,,,,,1,,,,,,,,,,,,,,,,,,
2017-06-06,08:44:00,COM VÍTIMA,FINALIZADA,IMBIRIBEIRA,AV MARECHAL MASCARENHAS DE MORAES,4,2560,,EM FRENTE AO BANCO ITAU,AV MARECHAL MASCARENHAS DE MORAES,2560,EM FRENTE AO BANCO ITAU,IMBIRIBEIRA,COLISÃO,,1,,,,,,1,,,1,,,,,,,,,,,,,,,,,,
2017-06-06,08:43:00,COM VÍTIMA,FINALIZADA,PINA,AV ANTONIO DE GOES,0,,,EM FRENTE AO DNIT,AV ANTONIO DE GOES,,EM FRENTE AO DNIT,PINA,ATROPELAMENTO,,,1,,,1,,,,,1,,,,,,,,,,,,,,,,,,
2017-06-06,08:49:00,COM VÍTIMA,FINALIZADA,BOA VIAGEM,RUA DOS NAVEGANTES,4,3025,,EM FRENTE AO EDF LOSANE,RUA DOS NAVEGANTES,3025,EM FRENTE AO EDF LOSANE,BOA VIAGEM,COLISÃO,,2,,,,,,,,,1,,,,,,,,,,,,,,,,,,
2017-06-06,16:46:00,COM VÍTIMA,FINALIZADA,ESPINHEIRO,RUA DO ESPINHEIRO,0,,,AO LADO DO COLEGIO SABER VIVER,RUA DO ESPINHEIRO,,AO LADO DO COLEGIO SABER VIVER,ESPINHEIRO,ACID. DE PERCURSO,,,,,,,1,,,,1,,,,,,,,,,,,,,,,,,
2017-06-06,18:52:00,COM VÍTIMA,FINALIZADA,ESPINHEIRO,RUA SANTO ELIAS,3,470,,E/F A IGREJA PRESBITERIANA DAS GRAÇAS // PROX A MR BEER E EDF FLAMINGO,RUA SANTO ELIAS,470,E/F A IGREJA PRESBITERIANA DAS GRAÇAS // PROX A MR BEER E EDF FLAMINGO,ESPINHEIRO,COLISÃO,,1,1,,,,,,,,1,,,,,,,,,,,,,,,,,,
2017-06-06,20:38:00,COM VÍTIMA,FINALIZADA,PAISSANDU,RUA GENERAL JOAQUIM INACIO,0,,,CRUZAMENTO COM AV GOV AGAMENON MAGALHÃES,RUA GENERAL JOAQUIM INACIO,,CRUZAMENTO COM AV GOV AGAMENON MAGALHÃES,PAISSANDU,COLISÃO,,1,1,,,,,,,,2,,,,,,,,,,,,,,,,,,
2017-06-07,00:13:00,COM VÍTIMA,FINALIZADA,DERBY,PRC DO DERBY,0,,,CRUZAMENTO HENRIQUE DIAS COM AGUAMENON MAGALHAES,PRC DO DERBY,,CRUZAMENTO HENRIQUE DIAS COM AGUAMENON MAGALHAES,DERBY,COLISÃO,,1,1,,,,,,,,1,,,,,,,,,,,,,,,,,,
2017-06-07,06:56:00,COM VÍTIMA,FINALIZADA,SANTO AMARO,AV CRUZ CABUGA,0,,,EM FRENTE AO HOSPITAL DA MARINHA,AV CRUZ CABUGA,,EM FRENTE AO HOSPITAL DA MARINHA,SANTO AMARO,COLISÃO,,1,1,,,,,,,,1,,,,,,,,,,,,,,,,,,
2017-06-07,07:38:00,COM VÍTIMA,FINALIZADA,CASA AMARELA,AV NORTE,4,6037,,EM FRENTE AO EDF DONA JOSEFINA / SENT CIDADE,AV NORTE,6037,EM FRENTE AO EDF DONA JOSEFINA / SENT CIDADE,CASA AMARELA,COLISÃO,,1,1,,,,,,,,1,,,,,,,,,,,,,,,,,,
2017-06-07,07:59:00,COM VÍTIMA,FINALIZADA,SANTO AMARO,AV CRUZ CABUGA,0,,,CRUZAMENTO COM AVENIDA NORTE  SENTIDO OLINDA CENTRO,AV CRUZ CABUGA,,CRUZAMENTO COM AVENIDA NORTE  SENTIDO OLINDA CENTRO,SANTO AMARO,COLISÃO,,,2,,,,,,,,3,,,,,,,,,,,,,,,,,,
2017-06-07,11:55:00,COM VÍTIMA,FINALIZADA,SANTO AMARO,AV CRUZ CABUGA,0,,,SEMAFORO 344,AV CRUZ CABUGA,,SEMAFORO 344,SANTO AMARO,COLISÃO,,1,1,,,,,,,,1,,,,,,,,,,,,,,,,,,
2017-06-07,13:03:00,COM VÍTIMA,FINALIZADA,AGUA FRIA,RUA DR EUDES COSTA,0,,,EM FRENTE MERCADO PUBLICO DE ÁGUA FRIA,RUA DR EUDES COSTA,,EM FRENTE MERCADO PUBLICO DE ÁGUA FRIA,ÁGUA FRIA,COLISÃO COM CICLISTA,,,,,1,,,1,,,1,,,,,,,,,,,,,,,,,,
2017-06-07,13:18:00,COM VÍTIMA,FINALIZADA,CASA AMARELA,RUA CONS PERETTI,3,106,,CRUZAMENTO COM RUA OSCAR DE BARROS  PROX. AO GILSON CIDRIN,RUA CONS PERETTI,106,CRUZAMENTO COM RUA OSCAR DE BARROS  PROX. AO GILSON CIDRIN,CASA AMARELA,COLISÃO,,1,1,,,,,,,1,1,,,,,,,,,,,,,,,,,,
2017-06-07,13:54:00,COM VÍTIMA,FINALIZADA,ESPINHEIRO,RUA QUARENTA E OITO,0,,,NO SEMAFORO 166,RUA QUARENTA E OITO,,NO SEMAFORO 166,ESPINHEIRO,ATROPELAMENTO,,1,,,,1,,,,,1,,,,,,,,,,,,,,,,,,
2017-06-07,16:09:00,COM VÍTIMA,FINALIZADA,IMBIRIBEIRA,AV MARECHAL MASCARENHAS DE MORAES,0,,,E/F A JACAUNA - SENT AEROPORTO,AV MARECHAL MASCARENHAS DE MORAES,,E/F A JACAUNA - SENT AEROPORTO,IMBIRIBEIRA,COLISÃO,,1,1,,,,,,,,1,,,,,,,,,,,,,,,,,,
2017-06-07,22:28:00,COM VÍTIMA,FINALIZADA,VARZEA,AV CAXANGA,0,,,SEMAFORO 232 PROX AO TERMINAL DA CAXNGA SENTIDO CAMARAGIBE,AV CAXANGA,,SEMAFORO 232 PROX AO TERMINAL DA CAXNGA SENTIDO CAMARAGIBE,VÁRZEA,COLISÃO,,,2,,,,,,,,1,,,,,,,,,,,,,,,,,,