data,hora,natureza_acidente,situacao,bairro,endereco,,numero,detalhe_endereco_acidente,complemento,endereco_cruzamento,numero_cruzamento,referencia_cruzamento,bairro_cruzamento,tipo,descricao,auto,moto,ciclom,ciclista,pedestre,onibus,caminhao,viatura,outros,vitimas,vitimasfatais,num_semaforo,sentido_via,acidente_verificado,tempo_clima,situacao_semaforo,sinalizacao,condicao_via,conservacao_via,ponto_controle,situacao_placa,velocidade_max_via,mao_direcao,divisao_via1,divisao_via2,divisao_via3,_id,Protocolo
2017-06-08,09:36:00,COM VÍTIMA,FINALIZADA,MADALENA,RUA BENFICA,0,,,EM FRENTE AO BOMPREÇO,RUA BENFICA,,EM FRENTE AO BOMPREÇO,MADALENA,COLISÃO,,,2,,,,,,,,1,,,,,,,,,,,,,,,,,,
2017-06-08,18:49:00,COM VÍTIMA,FINALIZADA,SANTO AMARO,RUA TREZE DE MAIO,0,,,E/F A FACULDADE MAURICIO DE NASSAU,RUA TREZE DE MAIO,,E/F A FACULDADE MAURICIO DE NASSAU,SANTO AMARO,COLISÃO,,1,1,,,,,,,,1,,,,,,,,,,,,,,,,,,
2017-06-08,20:53:00,COM VÍTIMA,FINALIZADA,BOA VIAGEM,AV ENGENHEIRO DOMINGOS FERREIRA,0,,,NO CRUZAMENTO COM A RUA BRUNO VELOSO // SEMÁFORO 338,AV ENGENHEIRO DOMINGOS FERREIRA,,NO CRUZAMENTO COM A RUA BRUNO VELOSO // SEMÁFORO 338,BOA VIAGEM,COLISÃO COM CICLISTA,,,1,,1,,,,,,2,,,,,,,,,,,,,,,,,,
2017-06-08,21:20:00,COM VÍTIMA,FINALIZADA,IBURA,AV DOIS RIOS,0,,,NO CRUZAMENTO COM A RUA RIO XINGU // SEMÁFORO 531,AV DOIS RIOS,,NO CRUZAMENTO COM A RUA RIO XINGU // SEMÁFORO 531,IBURA,COLISÃO,,2,,,,,,,,,1,,,,,,,,,,,,,,,,,,
2017-06-09,10:54:00,COM VÍTIMA,FINALIZADA,AFOGADOS,RUA VINTE E UM DE ABRIL,0,,,EM FRENTE AO CAFÉ PETINHO,RUA VINTE E UM DE ABRIL,,EM FRENTE AO CAFÉ PETINHO,AFOGADOS,COLISÃO,,1,1,,,,,,,,2,,,,,,,,,,,,,,,,,,
2017-06-09,14:26:00,COM VÍTIMA,FINALIZADA,VARZEA,AV AFONSO OLINDENSE,4,1647,,EM FRENTE AO COLEGIO MAZARELO,AV AFONSO OLINDENSE,1647,EM FRENTE AO COLEGIO MAZARELO,VÁRZEA,COLISÃO,,1,1,,,,,,,,1,,,,,,,,,,,,,,,,,,
2017-06-09,19:36:00,COM VÍTIMA,FINALIZADA,SANTO AMARO,AV GOVERNADOR AGAMENON MAGALHAES,4,2125,,E/F AO BANCO SANTANDER SELECT,AV GOVERNADOR AGAMENON MAGALHAES,2125,E/F AO BANCO SANTANDER SELECT,SANTO AMARO,COLISÃO,,1,1,,,,,,,,1,,,,,,,,,,,,,,,,,,
2017-06-09,21:51:00,COM VÍTIMA,FINALIZADA,PAISSANDU,RUA PAISSANDU,0,,,ENFRETE AO HOSPITAL SAO MARCOS,RUA PAISSANDU,,ENFRETE AO HOSPITAL SAO MARCOS,PAISSANDU,COLISÃO,,3,,,,,,,,,1,,,,,,,,,,,,,,,,,,
2017-06-10,00:57:00,COM VÍTIMA,FINALIZADA,CURADO,AV PREFEITO ANTONIO PEREIRA,0,,,NA SAÍDA DA RODOVIÁRIA,AV PREFEITO ANTONIO PEREIRA,,NA SAÍDA DA RODOVIÁRIA,CURADO,COLISÃO,,1,,,,,1,,,,1,,,,,,,,,,,,,,,,,,
2017-06-10,01:15:00,COM VÍTIMA,FINALIZADA,BOA VISTA,AV MANOEL BORBA,0,,,PRÓXIMO AO COLÉGIO SALESIANO// NA ENTRADA DO SAMU,AV MANOEL BORBA,,PRÓXIMO AO COLÉGIO SALESIANO// NA ENTRADA DO SAMU,BOA VISTA,COLISÃO,,,1,,,,,,1,,1,,,,,,,,,,,,,,,,,,
2017-06-10,13:16:00,COM VÍTIMA,FINALIZADA,BOA VIAGEM,AV BOA VIAGEM,0,,,DEFRONTE DO HOTEL TRANSAERICA AO NUMERO 440 E 420',AV BOA VIAGEM,,DEFRONTE DO HOTEL TRANSAERICA AO NUMERO 440 E 420',BOA VIAGEM,COLISÃO,,2,1,,,,,,,,1,,,,,,,,,,,,,,,,,,
2017-06-10,13:43:00,COM VÍTIMA,FINALIZADA,CASA AMARELA,EST DO ARRAIAL,0,,,ENFRENTE AO BRADESCO CASA AARELA,EST DO ARRAIAL,,ENFRENTE AO BRADESCO CASA AARELA,CASA AMARELA,COLISÃO,,1,1,,,,,,,,1,,,,,,,,,,,,,,,,,,
2017-06-10,16:25:00,COM VÍTIMA,FINALIZADA,SAN MARTIN,AV GENERAL SAN MARTIN,0,,,ENFRENTE A PRAÇA ACADEIA DA CIDADELOMBADA DE 40 KILO,AV GENERAL SAN MARTIN,,ENFRENTE A PRAÇA ACADEIA DA CIDADELOMBADA DE 40 KILO,SAN MARTIN,COLISÃO,,1,1,,,,,,,,1,,,,,,,,,,,,,,,,,,
2017-06-11,02:48:00,COM VÍTIMA,FINALIZADA,BOA VIAGEM,RUA DES JOAO PAES,3,907,,CRUZAMENTO COM AV ANISIO RODRIGUES COELHO,RUA DES JOAO PAES,907,CRUZAMENTO COM AV ANISIO RODRIGUES COELHO,BOA VIAGEM,COLISÃO,,2,,,,,,,,,1,,,,,,,,,,,,,,,,,,
2017-06-11,21:29:00,COM VÍTIMA,FINALIZADA,PINA,RUA MANOEL DE BRITO,0,,,NA DESCIDA DO TUNEL SINAL 582SEMAFARO,RUA MANOEL DE BRITO,,NA DESCIDA DO TUNEL SINAL 582SEMAFARO,PINA,COLISÃO,,1,1,,,,,,,,1,,,,,,,,,,,,,,,,,,
2017-06-11,22:05:00,COM VÍTIMA,FINALIZADA,BOA VIAGEM,RUA VISCONDE DE JEQUITINHONHA,0,,,CRUZ COM A R MARIO DE CASTRO,RUA VISCONDE DE JEQUITINHONHA,,CRUZ COM A R MARIO DE CASTRO,BOA VIAGEM,COLISÃO,,1,1,,,,,,,,1,,,,,,,,,,,,,,,,,,
2017-06-11,23:29:00,COM VÍTIMA,FINALIZADA,AFOGADOS,RUA SAO MIGUEL,0,,,PROX ARMAZEM CORAL E RESTAURANTE BODE DO NO,RUA SAO MIGUEL,,PROX ARMAZEM CORAL E RESTAURANTE BODE DO NO,AFOGADOS,COLISÃO,,1,,1,,,,,,,1,,,,,,,,,,,,,,,,,,
2017-06-12,01:32:00,VÍTIMA FATAL,FINALIZADA,SANTO ANTONIO,AV GUARARAPES,0,,,AO LADO DOS CORREIOS,AV GUARARAPES,,AO LADO DOS CORREIOS,SANTO ANTÔNIO,COLISÃO,,,1,,,,1,,,,1,1,,,,,,,,,,,,,,,,,
2017-06-12,15:58:00,COM VÍTIMA,FINALIZADA,DOIS UNIDOS,AV HILDEBRANDO DE VASCONCELOS,0,,,E/F AO CANIL DA PM,AV HILDEBRANDO DE VASCONCELOS,,E/F AO CANIL DA PM,DOIS UNIDOS,ATROPELAMENTO,,1,,,,1,,,,,2,,,,,,,,,,,,,,,,,,
2017-06-12,18:53:00,COM VÍTIMA,FINALIZADA,CASA FORTE,AV DEZESSETE DE AGOSTO,0,,,NO CRUZAMENTO COM A RUA ENGENHEIRO OSCAR FERREIRA // SEMÁFORO 646,AV DEZESSETE DE AGOSTO,,NO CRUZAMENTO COM A RUA ENGENHEIRO OSCAR FERREIRA // SEMÁFORO 646,CASA FORTE,COLISÃO,,1,,1,,,,,,,1,,,,,,,,,,,,,,,,,,
2017-06-12,19:33:00,COM VÍTIMA,FINALIZADA,SAO JOSE,AV SUL,0,,,APÓS AS TORRES GÊMEAS  SENTIDO RECIFE ANTIGO // SEMÁFORO 076,AV SUL,,APÓS AS TORRES GÊMEAS  SENTIDO RECIFE ANTIGO // SEMÁFORO 076,SÃO JOSÉ,COLISÃO,,1,1,,,,,,,,1,,,,,,,,,,,,,,,,,,
2017-06-13,07:46:00,COM VÍTIMA,FINALIZADA,ARRUDA,AV PROFESSOR JOSE DOS ANJOS,0,,,EM FRENTE DO CAMPO DO SANTA CRUZ,AV PROFESSOR JOSE DOS ANJOS,,EM FRENTE DO CAMPO DO SANTA CRUZ,ARRUDA,COLISÃO,,1,1,,,,,,,,1,,,,,,,,,,,,,,,,,,
2017-06-13,10:39:00,COM VÍTIMA,FINALIZADA,JIQUIA,RUA BELEM DE MARIA,4,1682,,CRUZ COM A RUA SÃO MIGUEL EM FRENTE A DEDE DAS BATERIAS,RUA BELEM DE MARIA,1682,CRUZ COM A RUA SÃO MIGUEL EM FRENTE A DEDE DAS BATERIAS,JIQUIÁ,COLISÃO,,2,1,,,,,,,,1,,,,,,,,,,,,,,,,,,
2017-06-13,10:50:00,COM VÍTIMA,FINALIZADA,ARRUDA,AV BEBERIBE,0,,,AV PROFESSOR JOSÉ DOS ANJOS,AV BEBERIBE,,AV PROFESSOR JOSÉ DOS ANJOS,ARRUDA,ATROPELAMENTO,,,1,,,1,,,,,1,,,,,,,,,,,,,,,,,,
2017-06-14,08:10:00,COM VÍTIMA,FINALIZADA,CAMPO GRANDE,RUA ODORICO MENDES,3,165,,HÁ 100 METROS DO CLUBE DAS PÁS,RUA ODORICO MENDES,165,HÁ 100 METROS DO CLUBE DAS PÁS,CAMPO GRANDE,COLISÃO,,1,1,,,,,,,,1,,,,,,,,,,,,,,,,,,
2017-06-14,08:45:00,COM VÍTIMA,FINALIZADA,IPSEP,AV RECIFE,4,3462,,HA 300 METROS DO SAL E BRAS  SENT/BOA VIAGEM,AV RECIFE,3462,HA 300 METROS DO SAL E BRAS  SENT/BOA VIAGEM,IPSEP,COLISÃO,,1,1,,,,,,,,1,,,,,,,,,,,,,,,,,,
2017-06-14,12:25:00,COM VÍTIMA,FINALIZADA,CAMPO GRANDE,EST DE BELEM,0,,,CRUZAMENTO COM RUA DONA ELVIRA,EST DE BELEM,,CRUZAMENTO COM RUA DONA ELVIRA,CAMPO GRANDE,COLISÃO,,1,1,,,,,,,,1,,,,,,,,,,,,,,,,,,
2017-06-14,18:49:00,COM VÍTIMA,FINALIZADA,AREIAS,AV RECIFE,0,,,LADO OPOSTO AO RESTAURANTE PAJUÇARA,AV RECIFE,,LADO OPOSTO AO RESTAURANTE PAJUÇARA,AREIAS,COLISÃO,,1,1,,,,,1,,,1,,,,,,,,,,,,,,,,,,
2017-06-15,18:16:00,COM VÍTIMA,FINALIZADA,AFOGADOS,AV SUL,0,,,PROX. DO CABANGA,AV SUL,,PROX. DO CABANGA,AFOGADOS,ACID. DE PERCURSO,,,1,,,,,,,,1,,,,,,,,,,,,,,,,,,
2017-06-16,00:24:00,COM VÍTIMA,FINALIZADA,CASA AMARELA,RUA DA HARMONIA,0,,,CRUZAMANTO MAJOR MEREIN GUERRA ESCOLA PADRE MACHADO,RUA DA HARMONIA,,CRUZAMANTO MAJOR MEREIN GUERRA ESCOLA PADRE MACHADO,CASA AMARELA,COLISÃO,,,1,,,,1,,,,1,,,,,,,,,,,,,,,,,,
2017-06-16,06:26:00,COM VÍTIMA,FINALIZADA,AGUA FRIA,EST VELHA DE AGUA FRIA,0,,,EM FRENTE NORTE BRAZ,EST VELHA DE AGUA FRIA,,EM FRENTE NORTE BRAZ,ÁGUA FRIA,COLISÃO,,1,,1,,,,,,,1,,,,,,,,,,,,,,,,,,
2017-06-16,12:37:00,COM VÍTIMA,FINALIZADA,IMBIRIBEIRA,AV MARECHAL MASCARENHAS DE MORAES,0,,,APÓS A PASSARELA DO AEROPORTO SENTIDO PRAZERES,AV MARECHAL MASCARENHAS DE MORAES,,APÓS A PASSARELA DO AEROPORTO SENTIDO PRAZERES,IMBIRIBEIRA,ATROPELAMENTO,,1,,,,2,,,,,2,,,,,,,,,,,,,,,,,,
2017-06-16,13:58:00,COM VÍTIMA,FINALIZADA,IMBIRIBEIRA,RUA DR LUIZ CORREA DE OLIVEIRA,3,168,,EM FRENTE A QUADRA DE TENIS,RUA DR LUIZ CORREA DE OLIVEIRA,168,EM FRENTE A QUADRA DE TENIS,IMBIRIBEIRA,COLISÃO COM CICLISTA,,1,,,1,,,,,,1,,,,,,,,,,,,,,,,,,
2017-06-16,14:19:00,COM VÍTIMA,FINALIZADA,DERBY,RUA DOM BOSCO,0,,,E/F AO COLEGIO AMERICANO BATISTA,RUA DOM BOSCO,,E/F AO COLEGIO AMERICANO BATISTA,DERBY,COLISÃO COM CICLISTA,,,1,,1,,,,,,1,,,,,,,,,,,,,,,,,,
2017-06-16,15:18:00,COM VÍTIMA,FINALIZADA,IPSEP,RUA DR RAPOSO PINTO,3,465,,AO LADO DO 19 BATALHAÕ DE POLICIA DO IPSEP,RUA DR RAPOSO PINTO,465,AO LADO DO 19 BATALHAÕ DE POLICIA DO IPSEP,IPSEP,COLISÃO,,1,1,,,,,,,,1,,,,,,,,,,,,,,,,,,
2017-06-16,18:16:00,COM VÍTIMA,FINALIZADA,IMBIRIBEIRA,RUA ARQUITETO LUIZ NUNES,4,1333,,E/F AO MERCADINHO NOVO TEMPO,RUA ARQUITETO LUIZ NUNES,1333,E/F AO MERCADINHO NOVO TEMPO,IMBIRIBEIRA,COLISÃO,,1,1,,,,,,,,1,,,,,,,,,,,,,,,,,,
2017-06-16,18:52:00,COM VÍTIMA,FINALIZADA,SAN MARTIN,RUA VINTE E UM DE ABRIL,2,53,,PROX AO CLUBE DE CABOS E SOLDADOS,RUA VINTE E UM DE ABRIL,53,PROX AO CLUBE DE CABOS E SOLDADOS,SAN MARTIN,COLISÃO,,1,1,,,,,,,,1,,,,,,,,,,,,,,,,,,
2017-06-17,00:05:00,COM VÍTIMA,FINALIZADA,SAN MARTIN,AV GENERAL SAN MARTIN,0,,,PROXIMO A LOMBADA ELETRONICA,AV GENERAL SAN MARTIN,,PROXIMO A LOMBADA ELETRONICA,SAN MARTIN,COLISÃO,,,1,,,,,,,,1,,,,,,,,,,,,,,,,,,
2017-06-17,06:59:00,COM VÍTIMA,FINALIZADA,IPUTINGA,RUA SAO MATEUS,4,1060,,EM FRENTE AO CONDOMINIO JARDIM RENASCENÇA,RUA SAO MATEUS,1060,EM FRENTE AO CONDOMINIO JARDIM RENASCENÇA,IPUTINGA,COLISÃO,,1,1,,,,,,,,1,,,,,,,,,,,,,,,,,,
2017-06-17,10:35:00,COM VÍTIMA,FINALIZADA,CAJUEIRO,AV BEBERIBE,0,,,COM AVENIDA SEBASTIÃO SALAZAR,AV BEBERIBE,,COM AVENIDA SEBASTIÃO SALAZAR,CAJUEIRO,ATROPELAMENTO,,,1,,,1,,,,,1,,,,,,,,,,,,,,,,,,
2017-06-17,11:36:00,COM VÍTIMA,FINALIZADA,CASA FORTE,AV DEZESSETE DE AGOSTO,3,117,,E/F AO EDF. MEYER MESEL  SENTIDO AÇUDE DE APIPUCOS,AV DEZESSETE DE AGOSTO,117,E/F AO EDF. MEYER MESEL  SENTIDO AÇUDE DE APIPUCOS,CASA FORTE,ATROPELAMENTO,,1,,,,1,,,,,1,,,,,,,,,,,,,,,,,,
2017-06-17,12:27:00,COM VÍTIMA,FINALIZADA,SOLEDADE,AV JOAO DE BARROS,3,399,,EM FRENTE AO CORPO DE BOMBEIROS,AV JOAO DE BARROS,399,EM FRENTE AO CORPO DE BOMBEIROS,SOLEDADE,COLISÃO,,2,,,,,,,,,2,,,,,,,,,,,,,,,,,,
2017-06-17,18:02:00,COM VÍTIMA,FINALIZADA,CORDEIRO,AV INACIO MONTEIRO,3,374,,E/F AO CONDOMÍNIO  SENTIDO SUBÚRBIO.,AV INACIO MONTEIRO,374,E/F AO CONDOMÍNIO  SENTIDO SUBÚRBIO.,CORDEIRO,COLISÃO,,1,1,,,,,,,,1,,,,,,,,,,,,,,,,,,
2017-06-17,18:18:00,COM VÍTIMA,FINALIZADA,BOA VIAGEM,AV BOA VIAGEM,3,296,,EM FRENTE DO EDF MARIA VITORIA,AV BOA VIAGEM,296,EM FRENTE DO EDF MARIA VITORIA,BOA VIAGEM,COLISÃO,,1,1,,,,,,,,1,,,,,,,,,,,,,,,,,,
2017-06-17,20:28:00,COM VÍTIMA,FINALIZADA,CAJUEIRO,AV SEBASTIAO SALAZAR,3,585,,PROX. DO COLEGIO JARBAS,AV SEBASTIAO SALAZAR,585,PROX. DO COLEGIO JARBAS,CAJUEIRO,COLISÃO,,1,1,,,,,,,,1,,,,,,,,,,,,,,,,,,
2017-06-17,22:22:00,COM VÍTIMA,FINALIZADA,BOMBA DO HEMETERIO,EST VELHA DE AGUA FRIA,3,353,,AO LADO DO POSTO DE GASOLINA NORTE BRAZ,EST VELHA DE AGUA FRIA,353,AO LADO DO POSTO DE GASOLINA NORTE BRAZ,BOMBA DO HEMETÉRIO,COLISÃO,,2,,,,,,,,,1,,,,,,,,,,,,,,,,,,
2017-06-19,10:40:00,COM VÍTIMA,FINALIZADA,ENCRUZILHADA,AV BEBERIBE,0,,,EM FRENTE AO BANCO DO BRASIL,AV BEBERIBE,,EM FRENTE AO BANCO DO BRASIL,ENCRUZILHADA,COLISÃO,,1,,,,,1,,,,1,,,,,,,,,,,,,,,,,,
2017-06-19,11:56:00,VÍTIMA FATAL,FINALIZADA,IPSEP,RUA JEAN EMILE FAVRE,0,,,EM FRENTE A FACULDADE PERNAMBUCANA DE SAÚDE E AO SEMÁFORO 636,RUA JEAN EMILE FAVRE,,EM FRENTE A FACULDADE PERNAMBUCANA DE SAÚDE E AO SEMÁFORO 636,IPSEP,COLISÃO,,4,,,,,,,,,1,1,,,,,,,,,,,,,,,,,
2017-06-19,15:43:00,COM VÍTIMA,FINALIZADA,ESTANCIA,AV RECIFE,0,,,NO SEMÁFORO 059/ SENTIDO BOA VIAGEM,AV RECIFE,,NO SEMÁFORO 059/ SENTIDO BOA VIAGEM,ESTÂNCIA,COLISÃO,,1,1,,,,,,,,1,,,,,,,,,,,,,,,,,,
2017-06-19,17:00:00,COM VÍTIMA,FINALIZADA,SAO JOSE,VDO DAS CINCO PONTAS,0,,,NA DESCIDA SENTIDO SUBÚRBIO CIDADE,VDO DAS CINCO PONTAS,,NA DESCIDA SENTIDO SUBÚRBIO CIDADE,SÃO JOSÉ,CHOQUE,,,1,,,,,,,,1,,,,,,,,,,,,,,,,,,
2017-06-19,18:20:00,COM VÍTIMA,FINALIZADA,IPSEP,AV RECIFE,0,,,PROX AO ANTIGO BOMPREÇO SENTIDO AEROPORTO,AV RECIFE,,PROX AO ANTIGO BOMPREÇO SENTIDO AEROPORTO,IPSEP,ATROPELAMENTO ANIMAL,,,1,,,,,,,1,1,,,,,,,,,,,,,,,,,,
2017-06-20,09:35:00,COM VÍTIMA,FINALIZADA,ILHA DO LEITE,RUA JOSE DE ALENCAR,0,,,COM A VISC DE GOIANA,RUA JOSE DE ALENCAR,,COM A VISC DE GOIANA,ILHA DO LEITE,COLISÃO,,1,1,,,,,,,,1,,,,,,,,,,,,,,,,,,
2017-06-20,12:38:00,COM VÍTIMA,FINALIZADA,SANTO AMARO,PTE DO LIMOEIRO,0,,,ATROPELAMENTO SOBRE PONTE LIMOEIRO,PTE DO LIMOEIRO,,ATROPELAMENTO SOBRE PONTE LIMOEIRO,SANTO AMARO,ATROPELAMENTO,,1,,,,1,,,,,1,,,,,,,,,,,,,,,,,,
2017-06-20,12:39:00,COM VÍTIMA,FINALIZADA,IPSEP,RUA IZABEL DE SOUZA,0,,,POR TRAS DO BANCO ITAU  DE ESQUINA COM A RUA ANTONIO FALCÃO,RUA IZABEL DE SOUZA,,POR TRAS DO BANCO ITAU  DE ESQUINA COM A RUA ANTONIO FALCÃO,IPSEP,COLISÃO,,1,1,,,,,,,,1,,,,,,,,,,,,,,,,,,
2017-06-20,13:22:00,COM VÍTIMA,FINALIZADA,CABANGA,RUA COMANDANTE ANTONIO MANHAES DE MATTOS,0,,,NO GIRADOURO E/F DA COMPESA,RUA COMANDANTE ANTONIO MANHAES DE MATTOS,,NO GIRADOURO E/F DA COMPESA,CABANGA,COLISÃO,,1,1,,,,,,,,1,,,,,,,,,,,,,,,,,,
2017-06-20,14:54:00,COM VÍTIMA,FINALIZADA,BOA VIAGEM,AV CONSELHEIRO AGUIAR,4,2892,,E/F DA PADARIA ARCADIA,AV CONSELHEIRO AGUIAR,2892,E/F DA PADARIA ARCADIA,BOA VIAGEM,COLISÃO,,1,1,,,,,,,,1,,,,,,,,,,,,,,,,,,
2017-06-20,18:01:00,COM VÍTIMA,FINALIZADA,CAXANGA,AV CAXANGA,0,,,EM FRENTE AO ARCO MIX,AV CAXANGA,,EM FRENTE AO ARCO MIX,CAXANGÁ,ACID. DE PERCURSO,,,1,,,,,,,,1,,,,,,,,,,,,,,,,,,
2017-06-20,21:19:00,COM VÍTIMA,FINALIZADA,VARZEA,RUA ISAAC BURIL,0,,,PROX AO INSTITUTO RICARDO BRENNAND,RUA ISAAC BURIL,,PROX AO INSTITUTO RICARDO BRENNAND,VÁRZEA,COLISÃO,,1,1,,,,,,,,1,,,,,,,,,,,,,,,,,,
2017-06-21,08:11:00,COM VÍTIMA,FINALIZADA,AREIAS,AV RECIFE,0,,,EM FRENTE AO HIPER BOMPREÇO SEMAFORO 599 SENT/BOA VIAGEM,AV RECIFE,,EM FRENTE AO HIPER BOMPREÇO SEMAFORO 599 SENT/BOA VIAGEM,AREIAS,COLISÃO,,1,1,,,,,,,,1,,,,,,,,,,,,,,,,,,
2017-06-21,00:00:00,COM VÍTIMA,FINALIZADA,IPSEP,AV RECIFE,4,1270,,E/F ARMAZÉM RECIFE,AV RECIFE,1270,E/F ARMAZÉM RECIFE,IPSEP,COLISÃO,,1,1,,,,,,,,1,,,,,,,,,,,,,,,,,,
2017-06-21,17:54:00,COM VÍTIMA,FINALIZADA,ARRUDA,RUA CONEGO BARATA,3,671,,PROX. AO DNOCS,RUA CONEGO BARATA,671,PROX. AO DNOCS,ARRUDA,COLISÃO,,1,1,,,,,,,,1,,,,,,,,,,,,,,,,,,
2017-06-21,19:18:00,COM VÍTIMA,FINALIZADA,SANCHO,AV LIBERDADE,0,,,E/F AO PRESIDIO PROFESSOR ANIBAL BRUNO,AV LIBERDADE,,E/F AO PRESIDIO PROFESSOR ANIBAL BRUNO,SANCHO,COLISÃO,,,1,,,,,,1,,1,,,,,,,,,,,,,,,,,,
2017-06-21,23:44:00,COM VÍTIMA,FINALIZADA,NOVA DESCOBERTA,AV CHAGAS FERREIRA,0,,,PROX AO HOTEL SECULO 20,AV CHAGAS FERREIRA,,PROX AO HOTEL SECULO 20,NOVA DESCOBERTA,ATROPELAMENTO,,,1,,,1,,,,,1,,,,,,,,,,,,,,,,,,
2017-06-22,08:09:00,COM VÍTIMA,FINALIZADA,CORDEIRO,AV ENGENHEIRO ABDIAS DE CARVALHO,4,1835,,EM FRENTE ABDIAS MAQUINAS E FERRAMENTAS  SENTIDO BR,AV ENGENHEIRO ABDIAS DE CARVALHO,1835,EM FRENTE ABDIAS MAQUINAS E FERRAMENTAS  SENTIDO BR,CORDEIRO,COLISÃO,,1,1,,,,,,,,1,,,,,,,,,,,,,,,,,,
2017-06-22,15:49:00,COM VÍTIMA,FINALIZADA,BONGI,EST DO BONGI,4,1230,,CRUZ COM RUA SERVERINO JATOBA,EST DO BONGI,1230,CRUZ COM RUA SERVERINO JATOBA,BONGI,COLISÃO,,3,,,,,,,,,1,,,,,,,,,,,,,,,,,,
2017-06-22,16:35:00,COM VÍTIMA,FINALIZADA,PAISSANDU,AV GOVERNADOR AGAMENON MAGALHAES,0,,,SEMAFORO 069,AV GOVERNADOR AGAMENON MAGALHAES,,SEMAFORO 069,PAISSANDU,COLISÃO,,1,1,,,,,,,,1,,,,,,,,,,,,,,,,,,
2017-06-22,17:38:00,COM VÍTIMA,FINALIZADA,SANTO AMARO,AV GOVERNADOR AGAMENON MAGALHAES,0,,,SEMAFORO Nº049,AV GOVERNADOR AGAMENON MAGALHAES,,SEMAFORO Nº049,SANTO AMARO,COLISÃO,,1,1,,,,,,,,1,,,,,,,,,,,,,,,,,,
2017-06-22,18:14:00,COM VÍTIMA,FINALIZADA,IPUTINGA,AV MARIO ALVARES PEREIRA DE LYRA,3,180,,E/F AO EDF BEIRA RIO,AV MARIO ALVARES PEREIRA DE LYRA,180,E/F AO EDF BEIRA RIO,IPUTINGA,COLISÃO,,1,1,,,,,,,,1,,,,,,,,,,,,,,,,,,
2017-06-22,20:20:00,COM VÍTIMA,FINALIZADA,GRACAS,AV RUI BARBOSA,3,760,,ENFR AO BUGALU,AV RUI BARBOSA,760,ENFR AO BUGALU,GRAÇAS,COLISÃO,,1,1,,,,,,,,1,,,,,,,,,,,,,,,,,,
2017-06-22,22:13:00,COM VÍTIMA,FINALIZADA,ENCRUZILHADA,RUA FERNANDO CESAR,3,174,,E/F AO RESTAURANTE ESKINA GRILL E AO LADO DA CENTRAL DA PICANHA,RUA FERNANDO CESAR,174,E/F AO RESTAURANTE ESKINA GRILL E AO LADO DA CENTRAL DA PICANHA,ENCRUZILHADA,COLISÃO,,1,,,,,1,,,,1,,,,,,,,,,,,,,,,,,
2017-06-23,12:46:00,COM VÍTIMA,FINALIZADA,MADALENA,AV ENGENHEIRO ABDIAS DE CARVALHO,0,,,E/F AO COMPAZ,AV ENGENHEIRO ABDIAS DE CARVALHO,,E/F AO COMPAZ,MADALENA,COLISÃO,,1,1,,,,,,,,1,,,,,,,,,,,,,,,,,,
2017-06-23,12:57:00,COM VÍTIMA,FINALIZADA,SANTO AMARO,RUA PALMARES,0,,,EM FRENTE A ASSEMBLEIA DE DEUS,RUA PALMARES,,EM FRENTE A ASSEMBLEIA DE DEUS,SANTO AMARO,COLISÃO,,1,1,,,,,,,,1,,,,,,,,,,,,,,,,,,
2017-06-23,18:44:00,COM VÍTIMA,FINALIZADA,JORDAO,AV MARIA IRENE,3,277,,PROX. DO MURO DA BASE AEREA,AV MARIA IRENE,277,PROX. DO MURO DA BASE AEREA,JORDÃO,COLISÃO,,1,1,,,,,,,,1,,,,,,,,,,,,,,,,,,
2017-06-23,19:37:00,COM VÍTIMA,FINALIZADA,ENCRUZILHADA,AV JOAO DE BARROS,0,,,EM FRENTE AO BRADESCO,AV JOAO DE BARROS,,EM FRENTE AO BRADESCO,ENCRUZILHADA,ATROPELAMENTO,,1,,,,1,,,,,1,,,,,,,,,,,,,,,,,,
2017-06-23,22:52:00,COM VÍTIMA,FINALIZADA,IBURA,RUA PESSEGUEIROS,3,264,,PROX A CAIXA D´AGUA DO R5 E COLEGIO SERRA DA PRATA,RUA PESSEGUEIROS,264,PROX A CAIXA D´AGUA DO R5 E COLEGIO SERRA DA PRATA,IBURA,CHOQUE,,,,,,,,1,,1,2,,,,,,,,,,,,,,,,,,
2017-06-24,23:36:00,COM VÍTIMA,FINALIZADA,PARNAMIRIM,RUA DA HARMONIA,0,,,COM EST. DO ENCANAMENTO  EM FRENTE A PADARIA PORTO DOS PAES E O VERDE FRUT  NO SEMAFORO 435,RUA DA HARMONIA,,COM EST. DO ENCANAMENTO  EM FRENTE A PADARIA PORTO DOS PAES E O VERDE FRUT  NO SEMAFORO 435,PARNAMIRIM,COLISÃO,,2,,,,,,,,,1,,,,,,,,,,,,,,,,,,
2017-06-25,06:49:00,COM VÍTIMA,FINALIZADA,IMBIRIBEIRA,AV MARECHAL MASCARENHAS DE MORAES,0,,,EM FRENTE A FERREIRA COSTA / SENT CIDADE,AV MARECHAL MASCARENHAS DE MORAES,,EM FRENTE A FERREIRA COSTA / SENT CIDADE,IMBIRIBEIRA,COLISÃO,,1,1,,,,,,,,1,,,,,,,,,,,,,,,,,,
2017-06-25,14:04:00,COM VÍTIMA,FINALIZADA,APIPUCOS,RUA DE APIPUCOS,3,355,,EM FRENTE AO RESTAURANTE STUPENDA,RUA DE APIPUCOS,355,EM FRENTE AO RESTAURANTE STUPENDA,APIPUCOS,COLISÃO,,1,1,,,,,,,,1,,,,,,,,,,,,,,,,,,
2017-06-25,16:51:00,COM VÍTIMA,FINALIZADA,AGUA FRIA,AV ANIBAL BENEVOLO,3,184,,TERMINAL DO ALTO SANTA TERESINHA,AV ANIBAL BENEVOLO,184,TERMINAL DO ALTO SANTA TERESINHA,ÁGUA FRIA,ATROPELAMENTO,,,1,,,1,,,,,1,,,,,,,,,,,,,,,,,,
2017-06-25,17:53:00,COM VÍTIMA,FINALIZADA,BOA VIAGEM,AV FERNANDO SIMOES BARBOSA,3,874,,E/F AO EMPRESARIAL,AV FERNANDO SIMOES BARBOSA,874,E/F AO EMPRESARIAL,BOA VIAGEM,COLISÃO,,1,1,,,,,,,,1,,,,,,,,,,,,,,,,,,
2017-06-25,23:46:00,COM VÍTIMA,FINALIZADA,VARZEA,AV CAXANGA,0,,,EM FRENTE DA INTEGRAÇÃO DA CAXANGA,AV CAXANGA,,EM FRENTE DA INTEGRAÇÃO DA CAXANGA,VÁRZEA,ATROPELAMENTO,,1,,,,1,,,,,1,,,,,,,,,,,,,,,,,,
2017-06-26,14:58:00,COM VÍTIMA,FINALIZADA,SANTO AMARO,AV GOVERNADOR AGAMENON MAGALHAES,0,,,EM FRENTE AO POSTO PETROBRAS  ANTES DO VIADUTO DA AV NORTE SENTIDO BOA VIAGEM,AV GOVERNADOR AGAMENON MAGALHAES,,EM FRENTE AO POSTO PETROBRAS  ANTES DO VIADUTO DA AV NORTE SENTIDO BOA VIAGEM,SANTO AMARO,COLISÃO,,1,1,,,,,,,,1,,,,,,,,,,,,,,,,,,