data,hora,natureza_acidente,situacao,bairro,endereco,,numero,detalhe_endereco_acidente,complemento,endereco_cruzamento,numero_cruzamento,referencia_cruzamento,bairro_cruzamento,tipo,descricao,auto,moto,ciclom,ciclista,pedestre,onibus,caminhao,viatura,outros,vitimas,vitimasfatais,num_semaforo,sentido_via,acidente_verificado,tempo_clima,situacao_semaforo,sinalizacao,condicao_via,conservacao_via,ponto_controle,situacao_placa,velocidade_max_via,mao_direcao,divisao_via1,divisao_via2,divisao_via3,_id,Protocolo
2017-07-12,07:46:00,COM VÍTIMA,FINALIZADA,JORDAO,AV MARECHAL MASCARENHAS DE MORAES,4,6347,,AO LADO DO MURO DO AEROPORTO AGENCIA SUCESSO CAMINHOES S/T RECIFE,AV MARECHAL MASCARENHAS DE MORAES,6347,AO LADO DO MURO DO AEROPORTO AGENCIA SUCESSO CAMINHOES S/T RECIFE,JORDÃO,COLISÃO,,,1,,,,,,,,1,,,,,,,,,,,,,,,,,,
2017-07-12,10:59:00,COM VÍTIMA,FINALIZADA,SANTO AMARO,AV CRUZ CABUGA,0,,,E/F DO GINASIO PERNAMBUCANO S/T OLINDA,AV CRUZ CABUGA,,E/F DO GINASIO PERNAMBUCANO S/T OLINDA,SANTO AMARO,COLISÃO,,1,1,,,,,,,,1,,,,,,,,,,,,,,,,,,
2017-07-12,15:17:00,COM VÍTIMA,FINALIZADA,SANTO ANTONIO,AV DANTAS BARRETO,3,312,,EM FRENTE AO BANCO SANTANDER,AV DANTAS BARRETO,312,EM FRENTE AO BANCO SANTANDER,SANTO ANTÔNIO,ATROPELAMENTO,,,1,,,1,,,,,1,,,,,,,,,,,,,,,,,,
2017-07-12,17:42:00,COM VÍTIMA,FINALIZADA,VARZEA,AV PROFESSOR ARTUR DE SA,4,1953,,ENFR AO CEMITERIO DA VARZEA,AV PROFESSOR ARTUR DE SA,1953,ENFR AO CEMITERIO DA VARZEA,VÁRZEA,COLISÃO COM CICLISTA,,1,,,1,,,,,,1,,,,,,,,,,,,,,,,,,
2017-07-12,21:13:00,COM VÍTIMA,FINALIZADA,PRADO,RUA PADRE TEOFILO TWORZ,0,,,CRUZAMENTO COM A RUA SANTA EDWIRGEM,RUA PADRE TEOFILO TWORZ,,CRUZAMENTO COM A RUA SANTA EDWIRGEM,PRADO,COLISÃO,,1,1,,,,,,,,1,,,,,,,,,,,,,,,,,,
2017-07-13,06:47:00,COM VÍTIMA,FINALIZADA,BEBERIBE,AV BEBERIBE,4,1638,,EM FRENTE AO MERCADAO DO OLEO,AV BEBERIBE,1638,EM FRENTE AO MERCADAO DO OLEO,BEBERIBE,COLISÃO,,2,,,,,,,,,1,,,,,,,,,,,,,,,,,,
2017-07-13,09:03:00,COM VÍTIMA,FINALIZADA,TORRE,RUA LAGOA DO RANCHO,3,346,,E/F A KEL BIKE (RESIDENCIA). POR TRÁS DO CARREFOUR.,RUA LAGOA DO RANCHO,346,E/F A KEL BIKE (RESIDENCIA). POR TRÁS DO CARREFOUR.,TORRE,COLISÃO,,1,1,,,,,,,,1,,,,,,,,,,,,,,,,,,
2017-07-13,12:10:00,COM VÍTIMA,FINALIZADA,SAO JOSE,RUA DA CONCORDIA,0,,,E/F DA VEZEZA SOM,RUA DA CONCORDIA,,E/F DA VEZEZA SOM,SÃO JOSÉ,COLISÃO,,1,1,,,,,,,,1,,,,,,,,,,,,,,,,,,
2017-07-13,13:30:00,COM VÍTIMA,FINALIZADA,JARDIM SAO PAULO,RUA LEANDRO BARRETO,3,909,,PROXIMO A PADARIA LAROQUE,RUA LEANDRO BARRETO,909,PROXIMO A PADARIA LAROQUE,JARDIM SÃO PAULO,COLISÃO,,1,1,,,,,,,,1,,,,,,,,,,,,,,,,,,
2017-07-13,14:24:00,COM VÍTIMA,FINALIZADA,IBURA,RUA VALE DO ITAJAI,3,171,,PROX DA UPA DA LAGOA ENCANTADA,RUA VALE DO ITAJAI,171,PROX DA UPA DA LAGOA ENCANTADA,IBURA,COLISÃO,,1,1,,,,,,,,1,,,,,,,,,,,,,,,,,,
2017-07-13,14:49:00,COM VÍTIMA,FINALIZADA,SANTO AMARO,AV CRUZ CABUGA,0,,,E/F DO SHOPPING TACARUNA PROX DA PARADA DO BRT S/T CID,AV CRUZ CABUGA,,E/F DO SHOPPING TACARUNA PROX DA PARADA DO BRT S/T CID,SANTO AMARO,COLISÃO,,1,1,,,,,,,,1,,,,,,,,,,,,,,,,,,
2017-07-13,17:12:00,COM VÍTIMA,FINALIZADA,CAMPO GRANDE,RUA ODORICO MENDES,3,165,,PROX DO CLUBE DAS PÁS,RUA ODORICO MENDES,165,PROX DO CLUBE DAS PÁS,CAMPO GRANDE,COLISÃO,,1,1,,,,,,,,1,,,,,,,,,,,,,,,,,,
2017-07-13,19:37:00,COM VÍTIMA,FINALIZADA,SANTO AMARO,AV NORTE,0,,,CRUZ. COM A RUA 13 DE MAIO,AV NORTE,,CRUZ. COM A RUA 13 DE MAIO,SANTO AMARO,COLISÃO,,1,,,,,,,,,1,,,,,,,,,,,,,,,,,,
2017-07-13,23:06:00,COM VÍTIMA,FINALIZADA,PARNAMIRIM,EST DO ENCANAMENTO,0,,,CRUZAMENTO COM HARMONIA ENFR A PADARIA PORTO DOS PAES,EST DO ENCANAMENTO,,CRUZAMENTO COM HARMONIA ENFR A PADARIA PORTO DOS PAES,PARNAMIRIM,COLISÃO,,1,1,,,,,,,,1,,,,,,,,,,,,,,,,,,
2017-07-14,01:19:00,COM VÍTIMA,FINALIZADA,BOA VIAGEM,RUA ERNESTO DE PAULA SANTOS,0,,,CRUZAMENTO AVENIDA FERNANDO SIMOES BARBOSA,RUA ERNESTO DE PAULA SANTOS,,CRUZAMENTO AVENIDA FERNANDO SIMOES BARBOSA,BOA VIAGEM,COLISÃO,,2,,,,,,,,,1,,,,,,,,,,,,,,,,,,
2017-07-14,08:45:00,COM VÍTIMA,FINALIZADA,IPSEP,RUA ARISTIDES LOBO,2,77,,RUA DA MERCATIU BATERIAS,RUA ARISTIDES LOBO,77,RUA DA MERCATIU BATERIAS,IPSEP,COLISÃO,,1,1,,,,,,,,1,,,,,,,,,,,,,,,,,,
2017-07-14,13:24:00,COM VÍTIMA,FINALIZADA,NOVA DESCOBERTA,AV VEREADOR OTACILIO AZEVEDO,8,3600/240,,PROX. DO RESTAURANTE REI DO CUPIM E HOTEL HARUS,AV VEREADOR OTACILIO AZEVEDO,3600/240,PROX. DO RESTAURANTE REI DO CUPIM E HOTEL HARUS,NOVA DESCOBERTA,COLISÃO,,,1,,,,1,,,,2,,,,,,,,,,,,,,,,,,
2017-07-14,15:16:00,COM VÍTIMA,FINALIZADA,MADALENA,RUA BENFICA,0,,,AO LADO DO MUSSEU DA ABOLIÇÃO,RUA BENFICA,,AO LADO DO MUSSEU DA ABOLIÇÃO,MADALENA,ATROPELAMENTO,,,,,,1,1,,,,1,,,,,,,,,,,,,,,,,,
2017-07-14,17:35:00,COM VÍTIMA,FINALIZADA,AFOGADOS,RUA SAO MIGUEL,3,709,,CRUZ.COM RUA OLEGARIO MARIANO,RUA SAO MIGUEL,709,CRUZ.COM RUA OLEGARIO MARIANO,AFOGADOS,COLISÃO,,1,1,,,,,,,,1,,,,,,,,,,,,,,,,,,
2017-07-15,02:17:00,VÍTIMA FATAL,FINALIZADA,AFOGADOS,RUA SAO MIGUEL,0,,,CRUZAMENTO COM A RUA COSME E VIANA,RUA SAO MIGUEL,,CRUZAMENTO COM A RUA COSME E VIANA,AFOGADOS,COLISÃO,,,,1,,,,1,,,,1,,,,,,,,,,,,,,,,,
2017-07-15,12:41:00,COM VÍTIMA,FINALIZADA,CASA AMARELA,RUA PADRE LEMOS,0,,,av norte  próximo a entrada do vasco e a loja kinitos,RUA PADRE LEMOS,,av norte  próximo a entrada do vasco e a loja kinitos,CASA AMARELA,COLISÃO,,1,1,,,,,,,,1,,,,,,,,,,,,,,,,,,
2017-07-15,22:42:00,COM VÍTIMA,FINALIZADA,NOVA DESCOBERTA,RUA NOVA DESCOBERTA,0,,,PROXIMO AO LAGO DONA REGINA,RUA NOVA DESCOBERTA,,PROXIMO AO LAGO DONA REGINA,NOVA DESCOBERTA,ATROPELAMENTO,,,,,,1,1,,,,1,,,,,,,,,,,,,,,,,,
2017-07-16,00:04:00,COM VÍTIMA,FINALIZADA,BOA VIAGEM,AV ENGENHEIRO DOMINGOS FERREIRA,0,,,APOS A GALERIA JOANA DARC,AV ENGENHEIRO DOMINGOS FERREIRA,,APOS A GALERIA JOANA DARC,BOA VIAGEM,ATROPELAMENTO,,1,,,,1,,,,,1,,,,,,,,,,,,,,,,,,
2017-07-16,09:13:00,COM VÍTIMA,FINALIZADA,IBURA,AV DOM HELDER CAMARA,0,,,por trás do nucleo policial na entrada do ibura,AV DOM HELDER CAMARA,,por trás do nucleo policial na entrada do ibura,IBURA,COLISÃO,,,1,,,,1,,,,2,,,,,,,,,,,,,,,,,,
2017-07-16,15:47:00,COM VÍTIMA,FINALIZADA,SANTO AMARO,AV GOVERNADOR AGAMENON MAGALHAES,3,653,,COM ODORICO MENDES  EM FRENTE A IGREJA BATISTA BIBLICA,AV GOVERNADOR AGAMENON MAGALHAES,653,COM ODORICO MENDES  EM FRENTE A IGREJA BATISTA BIBLICA,SANTO AMARO,ENGAVETAMENTO,,3,,,,,,,,,2,,,,,,,,,,,,,,,,,,
2017-07-16,19:30:00,COM VÍTIMA,FINALIZADA,TORREAO,AV NORTE,0,,,PROXIMO A PRAÇA DA PICANHA,AV NORTE,,PROXIMO A PRAÇA DA PICANHA,TORREÃO,COLISÃO,,3,,,,,,,,,3,,,,,,,,,,,,,,,,,,
2017-07-16,20:34:00,COM VÍTIMA,FINALIZADA,CABANGA,PTE GOVERNADOR PAULO GUERRA,0,,,PROX DA ENTREDA DO SHOPPING RIO MAR  EM CIMA DA PONTE  SENTIDO PINA,PTE GOVERNADOR PAULO GUERRA,,PROX DA ENTREDA DO SHOPPING RIO MAR  EM CIMA DA PONTE  SENTIDO PINA,CABANGA,COLISÃO,,,1,,,,,1,,,1,,,,,,,,,,,,,,,,,,
2017-07-16,22:01:00,COM VÍTIMA,FINALIZADA,TORREAO,AV NORTE,0,,,PROX A PRAÇA DA PICANHA,AV NORTE,,PROX A PRAÇA DA PICANHA,TORREÃO,ACID. DE PERCURSO,,3,3,,,,,,,,6,,,,,,,,,,,,,,,,,,
2017-07-16,22:50:00,COM VÍTIMA,FINALIZADA,AREIAS,RUA IPOJUCA,0,,,PROX DA ESCOLA HEROIS DA RESTAURAÇÃO  NA PRAÇA DO HEROIS DA RESTAURAÇÃO,RUA IPOJUCA,,PROX DA ESCOLA HEROIS DA RESTAURAÇÃO  NA PRAÇA DO HEROIS DA RESTAURAÇÃO,AREIAS,COLISÃO,,1,1,,,,,,,,2,,,,,,,,,,,,,,,,,,
2017-07-17,07:16:00,COM VÍTIMA,FINALIZADA,DOIS UNIDOS,RUA DIVISOPOLIS,2,98,,NA RUA DA QUADRA DO ALTO DO CAPITÃO,RUA DIVISOPOLIS,98,NA RUA DA QUADRA DO ALTO DO CAPITÃO,DOIS UNIDOS,COLISÃO,,,1,,,,1,,,,1,,,,,,,,,,,,,,,,,,
2017-07-17,07:48:00,COM VÍTIMA,FINALIZADA,BOA VISTA,RUA GERVASIO PIRES,0,,,AO LADO DO HOTEL CENTRAL,RUA GERVASIO PIRES,,AO LADO DO HOTEL CENTRAL,BOA VISTA,COLISÃO,,1,1,,,,,,,,1,,,,,,,,,,,,,,,,,,
2017-07-17,07:49:00,COM VÍTIMA,FINALIZADA,ESPINHEIRO,AV GOVERNADOR AGAMENON MAGALHAES,0,,,SEMAFORO Nº078,AV GOVERNADOR AGAMENON MAGALHAES,,SEMAFORO Nº078,ESPINHEIRO,ACID. DE PERCURSO,,,1,,,,,,,,1,,,,,,,,,,,,,,,,,,
2017-07-17,11:16:00,COM VÍTIMA,FINALIZADA,BOA VIAGEM,RUA LIBIA CASTRO ASSIS,2,59,,EM FRENTE AO CENTRO IMPRESARIAL JARDIM,RUA LIBIA CASTRO ASSIS,59,EM FRENTE AO CENTRO IMPRESARIAL JARDIM,BOA VIAGEM,COLISÃO,,1,1,,,,,,,,1,,,,,,,,,,,,,,,,,,
2017-07-17,11:17:00,COM VÍTIMA,FINALIZADA,ESTANCIA,AV RECIFE,0,,,PROX DO CAFÉ ROYAL NO SEMAFORO 261 S/T AEROPORTO,AV RECIFE,,PROX DO CAFÉ ROYAL NO SEMAFORO 261 S/T AEROPORTO,ESTÂNCIA,ATROPELAMENTO,,,1,,,1,,,,,1,,,,,,,,,,,,,,,,,,
2017-07-17,12:22:00,COM VÍTIMA,FINALIZADA,SANTO AMARO,AV MARIO MELO,0,,,EM FRENTE AO TRIBUNAL DE CONTAS,AV MARIO MELO,,EM FRENTE AO TRIBUNAL DE CONTAS,SANTO AMARO,COLISÃO,,1,1,,,,,,,,1,,,,,,,,,,,,,,,,,,
2017-07-17,18:48:00,COM VÍTIMA,FINALIZADA,SANTO ANTONIO,RUA PRIMEIRO DE MARCO,0,,,PRAÇA DO DIÁRIO,RUA PRIMEIRO DE MARCO,,PRAÇA DO DIÁRIO,SANTO ANTÔNIO,ATROPELAMENTO,,,,,,1,,,,,1,,,,,,,,,,,,,,,,,,
2017-07-18,10:14:00,COM VÍTIMA,FINALIZADA,SAO JOSE,RUA IMPERIAL,0,,,COM A TRAVESSA LOURENÇO DE SÁ- POSTO BR DESATIVADO,RUA IMPERIAL,,COM A TRAVESSA LOURENÇO DE SÁ- POSTO BR DESATIVADO,SÃO JOSÉ,COLISÃO,,1,1,,,,,,,,1,,,,,,,,,,,,,,,,,,
2017-07-18,13:42:00,COM VÍTIMA,FINALIZADA,IPSEP,RUA HELIO BRANDAO,0,,,ENFR AO CHAMBARIL E FEIJOADA DO JOAO,RUA HELIO BRANDAO,,ENFR AO CHAMBARIL E FEIJOADA DO JOAO,IPSEP,COLISÃO,,3,,,,,,,,,1,,,,,,,,,,,,,,,,,,
2017-07-18,17:19:00,COM VÍTIMA,FINALIZADA,ESPINHEIRO,AV NORTE,0,,,SEMÁFORO 056 / PRAÇA DA PICANHA,AV NORTE,,SEMÁFORO 056 / PRAÇA DA PICANHA,ESPINHEIRO,COLISÃO,,,2,,,,,,,,1,,,,,,,,,,,,,,,,,,
2017-07-18,18:01:00,COM VÍTIMA,FINALIZADA,IPSEP,AV RECIFE,4,2677,,E/F A PIZZARIA ATLANTICO,AV RECIFE,2677,E/F A PIZZARIA ATLANTICO,IPSEP,COLISÃO,,1,1,,,,,,,,2,,,,,,,,,,,,,,,,,,
2017-07-19,07:42:00,COM VÍTIMA,FINALIZADA,IPSEP,AV RECIFE,0,,,SEMAFORO 055 / SENT BOA VIAGEM EM FRENTE AO POSTO SHELL,AV RECIFE,,SEMAFORO 055 / SENT BOA VIAGEM EM FRENTE AO POSTO SHELL,IPSEP,COLISÃO,,1,1,,,,,,,,1,,,,,,,,,,,,,,,,,,
2017-07-19,09:57:00,COM VÍTIMA,FINALIZADA,IMBIRIBEIRA,AV MARECHAL MASCARENHAS DE MORAES,0,,,SENTIDO CIDADE EM FRENTE A FERREIRA COSTA,AV MARECHAL MASCARENHAS DE MORAES,,SENTIDO CIDADE EM FRENTE A FERREIRA COSTA,IMBIRIBEIRA,COLISÃO,,1,1,,,,,,,,1,,,,,,,,,,,,,,,,,,
2017-07-20,07:12:00,COM VÍTIMA,FINALIZADA,DERBY,AV GOVERNADOR AGAMENON MAGALHAES,3,S/N,,PRAÇA DO DERBY / SENTIDO BOA VIAGEM,AV GOVERNADOR AGAMENON MAGALHAES,S/N,PRAÇA DO DERBY / SENTIDO BOA VIAGEM,DERBY,ATROPELAMENTO,,,,,,1,1,,,,1,,,,,,,,,,,,,,,,,,
2017-07-20,08:35:00,COM VÍTIMA,FINALIZADA,BOA VISTA,RUA DO PRINCIPE,0,,,ANTES DA CATÓLICA,RUA DO PRINCIPE,,ANTES DA CATÓLICA,BOA VISTA,COLISÃO,,1,1,,,,,,,,1,,,,,,,,,,,,,,,,,,
2017-07-20,17:58:00,COM VÍTIMA,FINALIZADA,BOA VIAGEM,AV CONSELHEIRO AGUIAR,4,2122,,PROX DA PADARIA DIPLOMATA S/T CID,AV CONSELHEIRO AGUIAR,2122,PROX DA PADARIA DIPLOMATA S/T CID,BOA VIAGEM,COLISÃO,,1,1,,,,,,,,1,,,,,,,,,,,,,,,,,,
2017-07-20,18:14:00,COM VÍTIMA,FINALIZADA,SANTO AMARO,AV GOVERNADOR AGAMENON MAGALHAES,0,,,EM FRENTE A REITORIA DAS UPE,AV GOVERNADOR AGAMENON MAGALHAES,,EM FRENTE A REITORIA DAS UPE,SANTO AMARO,COLISÃO,,1,1,,,,,,,,1,,,,,,,,,,,,,,,,,,
2017-07-21,08:00:00,COM VÍTIMA,FINALIZADA,AREIAS,AV RECIFE,0,,,VIADUTO ULISSES GUIMARÃES  SENTIDO BR  ANTES DO MACRO,AV RECIFE,,VIADUTO ULISSES GUIMARÃES  SENTIDO BR  ANTES DO MACRO,AREIAS,COLISÃO,,1,1,,,,,,,,1,,,,,,,,,,,,,,,,,,
2017-07-21,09:36:00,COM VÍTIMA,FINALIZADA,CORDEIRO,AV CAXANGA,4,1753,,EM FRENTE AO CENTRO CAR  SENTIDO CIDADE,AV CAXANGA,1753,EM FRENTE AO CENTRO CAR  SENTIDO CIDADE,CORDEIRO,COLISÃO,,1,1,,,,,,,,1,,,,,,,,,,,,,,,,,,
2017-07-21,13:11:00,COM VÍTIMA,FINALIZADA,MADALENA,RUA PADRE ANCHIETA,3,567,,EM FRENTE A LOJA DE RECEPÇÕES,RUA PADRE ANCHIETA,567,EM FRENTE A LOJA DE RECEPÇÕES,MADALENA,COLISÃO,,1,1,,,,,,,,1,,,,,,,,,,,,,,,,,,
2017-07-21,13:31:00,COM VÍTIMA,FINALIZADA,ENGENHO DO MEIO,RUA MANOEL CORTE REAL,3,371,,EM FRENTE A OFICINA DE REGE  CRUZAMENTO COM A RUA GOVERNADOR LOBO GARRO,RUA MANOEL CORTE REAL,371,EM FRENTE A OFICINA DE REGE  CRUZAMENTO COM A RUA GOVERNADOR LOBO GARRO,ENGENHO DO MEIO,COLISÃO,,2,,,,,,,,,1,,,,,,,,,,,,,,,,,,
2017-07-21,14:55:00,COM VÍTIMA,FINALIZADA,MADALENA,RUA MONSENHOR JULIO MARIA,3,176,,SENTIDO CURADO EM FRENTE AO EDIFICIO SANTA LUZIA ANTES DO CRUZAMENTO DA SUB MAR,RUA MONSENHOR JULIO MARIA,176,SENTIDO CURADO EM FRENTE AO EDIFICIO SANTA LUZIA ANTES DO CRUZAMENTO DA SUB MAR,MADALENA,COLISÃO,,1,1,,,,,,,,1,,,,,,,,,,,,,,,,,,
2017-07-21,16:15:00,COM VÍTIMA,FINALIZADA,BOA VISTA,AV GOVERNADOR AGAMENON MAGALHAES,0,,,EM FRENTE AO PARQUE AMORIM,AV GOVERNADOR AGAMENON MAGALHAES,,EM FRENTE AO PARQUE AMORIM,BOA VISTA,ATROPELAMENTO,,,1,,,1,,,,,1,,,,,,,,,,,,,,,,,,
2017-07-21,19:52:00,COM VÍTIMA,FINALIZADA,PINA,AV REPUBLICA DO LIBANO,0,,,POR CIMA DO VIADUTO. E/F AO SHOPPING RIO MAR,AV REPUBLICA DO LIBANO,,POR CIMA DO VIADUTO. E/F AO SHOPPING RIO MAR,PINA,ENGAVETAMENTO,,2,1,,,,,,,,1,,,,,,,,,,,,,,,,,,
2017-07-22,08:22:00,COM VÍTIMA,FINALIZADA,BOA VISTA,RUA SETE DE SETEMBRO,0,,,LOJA AMERICANAS  SEMAFORO 486,RUA SETE DE SETEMBRO,,LOJA AMERICANAS  SEMAFORO 486,BOA VISTA,ATROPELAMENTO,,,,,,1,1,,,,1,,,,,,,,,,,,,,,,,,
2017-07-22,10:47:00,COM VÍTIMA,FINALIZADA,ESTANCIA,RUA AVAI,3,151,,EM FRENTE AO MARTELINHO DE OURO,RUA AVAI,151,EM FRENTE AO MARTELINHO DE OURO,ESTÂNCIA,COLISÃO,,1,1,,,,,,,,1,,,,,,,,,,,,,,,,,,
2017-07-22,13:05:00,COM VÍTIMA,FINALIZADA,TORROES,RUA OCIDENTAL,3,179,,PROX. DO TERMINAL DE ONIBUS SITIO DAS PALMEIRAS E AR MAZEM DE CONSTRUÇÃO JC,RUA OCIDENTAL,179,PROX. DO TERMINAL DE ONIBUS SITIO DAS PALMEIRAS E AR MAZEM DE CONSTRUÇÃO JC,TORRÕES,COLISÃO,,1,1,,,,,,,,1,,,,,,,,,,,,,,,,,,
2017-07-22,17:21:00,COM VÍTIMA,FINALIZADA,PAISSANDU,AV GOVERNADOR AGAMENON MAGALHAES,4,4760,,APÓS AO HOSPITAL REAL PORTUGUÊS - PISTA PRINCIPAL / SENTIDO BOA VIAGEM,AV GOVERNADOR AGAMENON MAGALHAES,4760,APÓS AO HOSPITAL REAL PORTUGUÊS - PISTA PRINCIPAL / SENTIDO BOA VIAGEM,PAISSANDU,ACID. DE PERCURSO,,,1,,,,,,,,1,,,,,,,,,,,,,,,,,,
2017-07-22,19:09:00,COM VÍTIMA,FINALIZADA,SANTO AMARO,RUA FREI CASSIMIRO,0,,,DE ESQUINA COM A DELEGACIA,RUA FREI CASSIMIRO,,DE ESQUINA COM A DELEGACIA,SANTO AMARO,COLISÃO,,1,1,,,,,,,,1,,,,,,,,,,,,,,,,,,
2017-07-22,19:25:00,COM VÍTIMA,FINALIZADA,AFOGADOS,AV SUL,0,,,PROX. A FABRICA DA VENEZA,AV SUL,,PROX. A FABRICA DA VENEZA,AFOGADOS,COLISÃO,,,,,,,1,,,1,3,,,,,,,,,,,,,,,,,,
2017-07-22,21:27:00,COM VÍTIMA,FINALIZADA,JAQUEIRA,RUA MUNIZ TAVARES,2,55,,EM FRENTE A PRAÇA PROFESSOR FLEMING,RUA MUNIZ TAVARES,55,EM FRENTE A PRAÇA PROFESSOR FLEMING,JAQUEIRA,COLISÃO,,1,1,,,,,,,,1,,,,,,,,,,,,,,,,,,
2017-07-24,07:39:00,COM VÍTIMA,FINALIZADA,SANTO AMARO,AV CRUZ CABUGA,0,,,C/ MARIO MELO,AV CRUZ CABUGA,,C/ MARIO MELO,SANTO AMARO,COLISÃO,,1,2,,,,,,,,2,,,,,,,,,,,,,,,,,,
2017-07-24,10:27:00,COM VÍTIMA,FINALIZADA,AFOGADOS,PTE DO MOTOCOLOMBO,0,,,PONTE MOTOCOLOMBÓ  SENTIDO AEROPORTO,PTE DO MOTOCOLOMBO,,PONTE MOTOCOLOMBÓ  SENTIDO AEROPORTO,AFOGADOS,COLISÃO,,,2,,,,,,,,1,,,,,,,,,,,,,,,,,,
2017-07-24,11:22:00,COM VÍTIMA,FINALIZADA,IMBIRIBEIRA,AV MARECHAL MASCARENHAS DE MORAES,0,,,NO SEMAFORO Nº396,AV MARECHAL MASCARENHAS DE MORAES,,NO SEMAFORO Nº396,IMBIRIBEIRA,COLISÃO,,1,,1,,,,,,,1,,,,,,,,,,,,,,,,,,
2017-07-24,14:43:00,COM VÍTIMA,FINALIZADA,SAO JOSE,C SANTA RITA,0,,,EM FRENTE AO GRANDE RECIFE,C SANTA RITA,,EM FRENTE AO GRANDE RECIFE,SÃO JOSÉ,COLISÃO,,1,1,,,,,,,,1,,,,,,,,,,,,,,,,,,
2017-07-25,09:58:00,COM VÍTIMA,FINALIZADA,SANTO AMARO,AV GOVERNADOR AGAMENON MAGALHAES,0,,,ANTES DA ODORICO MENDES. SENTIDO BOA VIAGEM,AV GOVERNADOR AGAMENON MAGALHAES,,ANTES DA ODORICO MENDES. SENTIDO BOA VIAGEM,SANTO AMARO,ATROPELAMENTO,,,1,,,,,,,,1,,,,,,,,,,,,,,,,,,
2017-07-25,10:19:00,COM VÍTIMA,FINALIZADA,DERBY,AV GOVERNADOR AGAMENON MAGALHAES,0,,,NO SEMAFORO Nº174,AV GOVERNADOR AGAMENON MAGALHAES,,NO SEMAFORO Nº174,DERBY,COLISÃO,,1,1,,,,,,,,1,,,,,,,,,,,,,,,,,,
2017-07-25,13:26:00,COM VÍTIMA,FINALIZADA,BOA VIAGEM,RUA TENENTE JOAO CICERO,3,486,,E/F DA ACADEMIA CORPO LIVRE ESQUINA DO COLEGIO SANTA MARIA,RUA TENENTE JOAO CICERO,486,E/F DA ACADEMIA CORPO LIVRE ESQUINA DO COLEGIO SANTA MARIA,BOA VIAGEM,COLISÃO,,1,1,,,,,,,,1,,,,,,,,,,,,,,,,,,
2017-07-25,19:39:00,COM VÍTIMA,FINALIZADA,CORDEIRO,RUA OCIDENTAL,2,57,,PROX AO TERMINAL DO SÍTIO DAS PALMEIRAS E JR ÁGUA,RUA OCIDENTAL,57,PROX AO TERMINAL DO SÍTIO DAS PALMEIRAS E JR ÁGUA,CORDEIRO,COLISÃO,,,1,,,,1,,,,1,,,,,,,,,,,,,,,,,,
2017-07-26,08:30:00,COM VÍTIMA,FINALIZADA,SAN MARTIN,AV CONSUL VILARES FRAGOSO,1,6,,AO LADO ARMAZÉM SUPAPO,AV CONSUL VILARES FRAGOSO,6,AO LADO ARMAZÉM SUPAPO,SAN MARTIN,COLISÃO,,2,1,,,,,,,,1,,,,,,,,,,,,,,,,,,
2017-07-26,15:23:00,COM VÍTIMA,FINALIZADA,IMBIRIBEIRA,AV MARECHAL MASCARENHAS DE MORAES,4,4561,,EM FRENTE Á TOYOLEX SENT. AEROPORTO,AV MARECHAL MASCARENHAS DE MORAES,4561,EM FRENTE Á TOYOLEX SENT. AEROPORTO,IMBIRIBEIRA,COLISÃO,,1,1,,,,,,,,1,,,,,,,,,,,,,,,,,,
2017-07-26,15:26:00,COM VÍTIMA,FINALIZADA,CAXANGA,AV CAXANGA,0,,,ELEVADO DO BRT,AV CAXANGA,,ELEVADO DO BRT,CAXANGÁ,ATROPELAMENTO,,1,,,,1,,,,,1,,,,,,,,,,,,,,,,,,
2017-07-27,08:11:00,COM VÍTIMA,FINALIZADA,ENCRUZILHADA,AV JOAO DE BARROS,4,1890,,HA 200 METROS DO MERCADO DA ENCLUZILHADA,AV JOAO DE BARROS,1890,HA 200 METROS DO MERCADO DA ENCLUZILHADA,ENCRUZILHADA,ATROPELAMENTO,,,,,,1,,,,,1,,,,,,,,,,,,,,,,,,
2017-07-27,13:35:00,COM VÍTIMA,FINALIZADA,AGUA FRIA,RUA DO MACHADO,3,886,,CRUZAMENTO COM A RUA MANOEL SILVA,RUA DO MACHADO,886,CRUZAMENTO COM A RUA MANOEL SILVA,ÁGUA FRIA,COLISÃO,,,1,,,,,,,,1,,,,,,,,,,,,,,,,,,
2017-07-28,10:03:00,COM VÍTIMA,FINALIZADA,DERBY,RUA AMAURI DE MEDEIROS,3,158,,,RUA AMAURI DE MEDEIROS,158,,DERBY,COLISÃO,,,1,,,,,,,,1,,,,,,,,,,,,,,,,,,
2017-07-28,12:25:00,COM VÍTIMA,FINALIZADA,TEJIPIO,RUA APRIGIO GUIMARAES,3,S/N,,EM FRENTE AO HOSPITAL OTAVIO DE FREITAS,RUA APRIGIO GUIMARAES,S/N,EM FRENTE AO HOSPITAL OTAVIO DE FREITAS,TEJIPIÓ,COLISÃO,,1,1,,,,,,,,1,,,,,,,,,,,,,,,,,,
2017-07-29,09:42:00,COM VÍTIMA,FINALIZADA,JIQUIA,RUA SAO MIGUEL,4,1758,,EM FRENTE A ANTIGA MARAVILHA MOTOS,RUA SAO MIGUEL,1758,EM FRENTE A ANTIGA MARAVILHA MOTOS,JIQUIÁ,COLISÃO,,2,,,,,,,,,3,,,,,,,,,,,,,,,,,,
2017-07-29,13:21:00,COM VÍTIMA,FINALIZADA,BOA VIAGEM,AV VINTE DE JANEIRO,3,202,,NO SEMÁFORO 572,AV VINTE DE JANEIRO,202,NO SEMÁFORO 572,BOA VIAGEM,COLISÃO,,,1,,,,1,,,,1,,,,,,,,,,,,,,,,,,
2017-07-29,15:05:00,COM VÍTIMA,FINALIZADA,VARZEA,RUA MARECHAL MANOEL LUIS OSORIO,0,,,CRUZ COM A PROFESSOR ANTONIO COELHO AO LADO DO COLEGIO PONTUAL,RUA MARECHAL MANOEL LUIS OSORIO,,CRUZ COM A PROFESSOR ANTONIO COELHO AO LADO DO COLEGIO PONTUAL,VÁRZEA,COLISÃO,,2,,,,,,,,,1,,,,,,,,,,,,,,,,,,
2017-07-29,15:29:00,COM VÍTIMA,FINALIZADA,PARNAMIRIM,RUA PADRE ROMA,0,,,CRUZAMENTO COM RUA DO FUTURO SEMAFORO 223,RUA PADRE ROMA,,CRUZAMENTO COM RUA DO FUTURO SEMAFORO 223,PARNAMIRIM,COLISÃO,,,1,,,,1,,,,1,,,,,,,,,,,,,,,,,,