data,hora,natureza_acidente,situacao,bairro,endereco,,numero,detalhe_endereco_acidente,complemento,endereco_cruzamento,numero_cruzamento,referencia_cruzamento,bairro_cruzamento,tipo,descricao,auto,moto,ciclom,ciclista,pedestre,onibus,caminhao,viatura,outros,vitimas,vitimasfatais,num_semaforo,sentido_via,acidente_verificado,tempo_clima,situacao_semaforo,sinalizacao,condicao_via,conservacao_via,ponto_controle,situacao_placa,velocidade_max_via,mao_direcao,divisao_via1,divisao_via2,divisao_via3,_id,Protocolo
2017-09-09,12:43:00,COM VÍTIMA,FINALIZADA,CASA AMARELA,RUA RAIMUNDO FREIXEIRA,0,,,E/F AO SUPERMERCADO BOM DEMAIS,RUA RAIMUNDO FREIXEIRA,0,E/F AO SUPERMERCADO BOM DEMAIS,CASA AMARELA,COLISÃO,,1,1,,,,,,,,1,,,,,,,,,,,,,,,,,,
2017-09-09,13:27:00,COM VÍTIMA,FINALIZADA,BOA VISTA,AV CONDE DA BOA VISTA,0,,,SENTIDO DERBY EM FRENTE AO CINEMA SÃO LUIZ,AV CONDE DA BOA VISTA,0,SENTIDO DERBY EM FRENTE AO CINEMA SÃO LUIZ,BOA VISTA,COLISÃO COM CICLISTA,,,,,1,,1,,,,1,,,,,,,,,,,,,,,,,,
2017-09-09,17:26:00,COM VÍTIMA,FINALIZADA,RECIFE,PTE CONDE MAURICIO DE NASSAU,0,,,EM CIMA DA PONTE,PTE CONDE MAURICIO DE NASSAU,0,EM CIMA DA PONTE,BAIRRO DO RECIFE,COLISÃO COM CICLISTA,,,1,,1,,,,,,1,,,,,,,,,,,,,,,,,,
2017-09-09,21:15:00,COM VÍTIMA,FINALIZADA,CAMPINA DO BARRETO,RUA DAS MOCAS,0,,,CRUZAMENTO COM A RUA DO CANAL PROX. DA PIZZARIA ATLANTICA,RUA DAS MOCAS,0,CRUZAMENTO COM A RUA DO CANAL PROX. DA PIZZARIA ATLANTICA,CAMPINA DO BARRETO,COLISÃO,,1,1,,,,,,,,2,,,,,,,,,,,,,,,,,,
2017-09-10,08:13:00,COM VÍTIMA,FINALIZADA,IBURA,RUA EXP FRANCISCO VITORIANO,2,29,,E/F AO ARMAZÉM COMERCIAL REAL,RUA EXP FRANCISCO VITORIANO,29,E/F AO ARMAZÉM COMERCIAL REAL,IBURA,COLISÃO,,2,,,,,,,,,1,,,,,,,,,,,,,,,,,,
2017-09-10,17:03:00,COM VÍTIMA,FINALIZADA,SANTO AMARO,AV CRUZ CABUGA,3,421,,ENFRENTE A CORAL,AV CRUZ CABUGA,421,ENFRENTE A CORAL,SANTO AMARO,ATROPELAMENTO,,,,,,1,1,,,,1,,,,,,,,,,,,,,,,,,
2017-09-11,08:19:00,COM VÍTIMA,FINALIZADA,SAN MARTIN,AV ENGENHEIRO ABDIAS DE CARVALHO,2,90,,EM FRENTE A UPA / SENT CIDADE,AV ENGENHEIRO ABDIAS DE CARVALHO,90,EM FRENTE A UPA / SENT CIDADE,SAN MARTIN,ENGAVETAMENTO,,3,1,,,,,,,,2,,,,,,,,,,,,,,,,,,
2017-09-11,08:24:00,COM VÍTIMA,FINALIZADA,JORDAO,AV MARIA IRENE,4,1670,,EM FRENTE A ASSEMBLEIA DE DEUS,AV MARIA IRENE,1670,EM FRENTE A ASSEMBLEIA DE DEUS,JORDÃO,COLISÃO,,,1,,,,1,,,,1,,,,,,,,,,,,,,,,,,
2017-09-11,09:18:00,COM VÍTIMA,FINALIZADA,CAXANGA,AV CAXANGA,0,,,E/F A FIAT ITALIANA  SENTIDO CIDADE,AV CAXANGA,0,E/F A FIAT ITALIANA  SENTIDO CIDADE,CAXANGÁ,COLISÃO,,1,1,,,,,,,,2,,,,,,,,,,,,,,,,,,
2017-09-11,09:33:00,COM VÍTIMA,FINALIZADA,BOA VIAGEM,RUA SA E SOUZA,4,1300,,EM FRENTE DA FACULTURA,RUA SA E SOUZA,1300,EM FRENTE DA FACULTURA,BOA VIAGEM,COLISÃO,,1,1,,,,,,,,2,,,,,,,,,,,,,,,,,,
2017-09-11,10:27:00,COM VÍTIMA,FINALIZADA,SAO JOSE,AV SUL,0,,,EMBAIXO DO VIADUTO DO CABANGA,AV SUL,0,EMBAIXO DO VIADUTO DO CABANGA,SÃO JOSÉ,CHOQUE,,1,,,,,,,,,3,,,,,,,,,,,,,,,,,,
2017-09-11,13:09:00,COM VÍTIMA,FINALIZADA,TORROES,RUA QUINZE DE MARCO,2,50,,EM FRENTE CHESF,RUA QUINZE DE MARCO,50,EM FRENTE CHESF,TORRÕES,COLISÃO,,1,1,,,,,,,,2,,,,,,,,,,,,,,,,,,
2017-09-11,14:22:00,COM VÍTIMA,FINALIZADA,PINA,AV HERCULANO BANDEIRA,0,,,ENFRENTE AO ATACADÃO DA CONSTRUÇÃO,AV HERCULANO BANDEIRA,0,ENFRENTE AO ATACADÃO DA CONSTRUÇÃO,PINA,COLISÃO COM CICLISTA,,,,,1,,1,,,,1,,,,,,,,,,,,,,,,,,
2017-09-11,15:36:00,COM VÍTIMA,FINALIZADA,IPSEP,AV RECIFE,6,2785 A,,SENTIDO CEASA,AV RECIFE,2785 A,SENTIDO CEASA,IPSEP,COLISÃO,,2,,,,,,,,,1,,,,,,,,,,,,,,,,,,
2017-09-11,19:56:00,COM VÍTIMA,FINALIZADA,IPUTINGA,AV HISTORIAD JORDAO EMERENCIANO,0,,,E/F AO POSTO DO DETRAN AVANÇADO,AV HISTORIAD JORDAO EMERENCIANO,0,E/F AO POSTO DO DETRAN AVANÇADO,IPUTINGA,COLISÃO,,,1,,,,1,,,,1,,,,,,,,,,,,,,,,,,
2017-09-11,21:16:00,COM VÍTIMA,FINALIZADA,CASA AMARELA,AV NORTE,0,,AV PROFESSOR JOSE DOS ANJOS,CRUZAMENTO COM JOSÉ DOS ANJOS,AV NORTE,0,CRUZAMENTO COM JOSÉ DOS ANJOS,CASA AMARELA,ATROPELAMENTO,,,1,,,1,,,,,2,,,,,,,,,,,,,,,,,,
2017-09-12,06:50:00,COM VÍTIMA,FINALIZADA,ARRUDA,AV BEBERIBE,0,,,CRUZ COM A DR JOSE DOS ANJOS EM FRENTE AO SUPERMERCADO BOM PREÇO,AV BEBERIBE,0,CRUZ COM A DR JOSE DOS ANJOS EM FRENTE AO SUPERMERCADO BOM PREÇO,ARRUDA,COLISÃO,,1,1,,,,,,,,1,,,,,,,,,,,,,,,,,,
2017-09-12,16:43:00,COM VÍTIMA,FINALIZADA,SAO JOSE,AV SUL,0,,,SEMAFORO 211,AV SUL,0,SEMAFORO 211,SÃO JOSÉ,ATROPELAMENTO,,,,,,1,1,,,,1,,,,,,,,,,,,,,,,,,
2017-09-13,07:17:00,COM VÍTIMA,FINALIZADA,BOA VIAGEM,AV ENGENHEIRO DOMINGOS FERREIRA,4,3972,,EM FRENTE DA FAMIGLIA GUILIANO,AV ENGENHEIRO DOMINGOS FERREIRA,3972,EM FRENTE DA FAMIGLIA GUILIANO,BOA VIAGEM,COLISÃO,,1,,,,,1,,,,1,,,,,,,,,,,,,,,,,,
2017-09-13,07:48:00,COM VÍTIMA,FINALIZADA,SANTO AMARO,AV CRUZ CABUGA,0,,,NO SEMAFORO Nº523,AV CRUZ CABUGA,0,NO SEMAFORO Nº523,SANTO AMARO,COLISÃO,,1,1,,,,,,,,1,,,,,,,,,,,,,,,,,,
2017-09-13,09:59:00,COM VÍTIMA,FINALIZADA,TEJIPIO,AV DR JOSE RUFINO,4,3385,,200METROS APÓS O ARMAZEN CORAL SENTIDO JABOATÃO,AV DR JOSE RUFINO,3385,200METROS APÓS O ARMAZEN CORAL SENTIDO JABOATÃO,TEJIPIÓ,COLISÃO,,,1,,,,,1,,,1,,,,,,,,,,,,,,,,,,
2017-09-13,11:16:00,COM VÍTIMA,FINALIZADA,IMBIRIBEIRA,RUA JACI,0,,,AO LADO DA ABC SUPRIMENTOS POR TRÁS DA TROLLER  DA AV MARECHAL MASCARENHAS DE MORAES,RUA JACI,0,AO LADO DA ABC SUPRIMENTOS POR TRÁS DA TROLLER  DA AV MARECHAL MASCARENHAS DE MORAES,IMBIRIBEIRA,COLISÃO,,1,1,,,,,,,,1,,,,,,,,,,,,,,,,,,
2017-09-13,14:47:00,COM VÍTIMA,FINALIZADA,SAN MARTIN,AV GENERAL SAN MARTIN,4,1371,,EM FRENTE A CHESF,AV GENERAL SAN MARTIN,1371,EM FRENTE A CHESF,SAN MARTIN,COLISÃO,,1,1,,,,,,,,1,,,,,,,,,,,,,,,,,,
2017-09-13,15:22:00,COM VÍTIMA,FINALIZADA,IMBIRIBEIRA,AV MARECHAL MASCARENHAS DE MORAES,0,,,NA SAIDA DO IPSEP/ SENTIDO AEROPORTO,AV MARECHAL MASCARENHAS DE MORAES,0,NA SAIDA DO IPSEP/ SENTIDO AEROPORTO,IMBIRIBEIRA,COLISÃO,,,2,,,,,,,,1,,,,,,,,,,,,,,,,,,
2017-09-13,16:42:00,COM VÍTIMA,FINALIZADA,IMBIRIBEIRA,AV MARECHAL MASCARENHAS DE MORAES,4,1919,,EM FRENTE A CONCESSIONARIA HYUNDAI CAOA SENTIDO AEROPORTO/ CIDADE,AV MARECHAL MASCARENHAS DE MORAES,1919,EM FRENTE A CONCESSIONARIA HYUNDAI CAOA SENTIDO AEROPORTO/ CIDADE,IMBIRIBEIRA,COLISÃO,,,1,,,,,1,,,1,,,,,,,,,,,,,,,,,,
2017-09-13,18:51:00,COM VÍTIMA,FINALIZADA,RECIFE,C DO APOLO,0,,,EM FRENTE DA POLICIA FEDERAL E TEATRO EMILIO BORBA FILHO,CAIS DO APOLO,0,EM FRENTE DA POLICIA FEDERAL E TEATRO EMILIO BORBA FILHO,BAIRRO DO RECIFE,COLISÃO COM CICLISTA,,,1,,1,,,,,,1,,,,,,,,,,,,,,,,,,
2017-09-13,22:08:00,COM VÍTIMA,FINALIZADA,IPUTINGA,RUA SAO MATEUS,0,,,COM RUA MAURICIO DE NASSAU,RUA SAO MATEUS,0,COM RUA MAURICIO DE NASSAU,IPUTINGA,COLISÃO,,1,1,,,,,,,,1,,,,,,,,,,,,,,,,,,
2017-09-13,23:32:00,COM VÍTIMA,FINALIZADA,ROSARINHO,RUA DR JOSE MARIA,3,578,,PROX A CASA ROSADA  POSTO SHELL E PADARIA ROSARINHO // PRÓX AUTO ESCOLA TÁTICA // CRUZAMENTO COM RUA BELMIRO CORREIA,RUA DR JOSE MARIA,578,PROX A CASA ROSADA  POSTO SHELL E PADARIA ROSARINHO // PRÓX AUTO ESCOLA TÁTICA // CRUZAMENTO COM RUA BELMIRO CORREIA,ROSARINHO,COLISÃO,,1,1,,,,,,,,1,,,,,,,,,,,,,,,,,,
2017-09-14,00:46:00,COM VÍTIMA,FINALIZADA,CORDEIRO,RUA SOUZA BANDEIRA,0,,,CRUZAMENTO COM A AV CAXANGA,RUA SOUZA BANDEIRA,0,CRUZAMENTO COM A AV CAXANGA,CORDEIRO,CAPOTAMENTO,,1,,,,,,,1,,4,,,,,,,,,,,,,,,,,,
2017-09-14,01:47:00,COM VÍTIMA,FINALIZADA,CORDEIRO,AV CAXANGA,0,,,EM FRENTE A PEJEU VEÍCULOS // SENTIDO CIDADE // EM FRENTE A EMBRATIM,AV CAXANGA,0,EM FRENTE A PEJEU VEÍCULOS // SENTIDO CIDADE // EM FRENTE A EMBRATIM,CORDEIRO,COLISÃO,,2,,,,,,,,,1,,,,,,,,,,,,,,,,,,
2017-09-14,11:48:00,COM VÍTIMA,FINALIZADA,SOLEDADE,AV JOAO DE BARROS,3,722,,EM FRENTE A INSPETORIA DE CONTABILIDADE E FINANÇAS DO EXERCITO,AV JOAO DE BARROS,722,EM FRENTE A INSPETORIA DE CONTABILIDADE E FINANÇAS DO EXERCITO,SOLEDADE,COLISÃO,,1,1,,,,,,,,1,,,,,,,,,,,,,,,,,,
2017-09-14,15:34:00,COM VÍTIMA,FINALIZADA,AFOGADOS,RUA SAO MIGUEL,0,,,CRUZAMENTO COM A RUA JACIRA ENFR AO DEPATRI,RUA SAO MIGUEL,0,CRUZAMENTO COM A RUA JACIRA ENFR AO DEPATRI,AFOGADOS,COLISÃO,,1,1,,,,,,,,1,,,,,,,,,,,,,,,,,,
2017-09-15,07:06:00,COM VÍTIMA,FINALIZADA,ENCRUZILHADA,EST DE BELEM,3,272,,AO LADO DA IGREJA CATOLICA ESTRADA DE BELEM EM FRENTE AO EDIFICIO ANTEIA,EST DE BELEM,272,AO LADO DA IGREJA CATOLICA ESTRADA DE BELEM EM FRENTE AO EDIFICIO ANTEIA,ENCRUZILHADA,COLISÃO,,1,1,,,,,,,,1,,,,,,,,,,,,,,,,,,
2017-09-15,07:12:00,COM VÍTIMA,FINALIZADA,AFOGADOS,AV SUL,0,,,EM FRENTE A POLICLÍNICA AGAMENON  PRÓX A SAÍDA DO TERMINAL,AV SUL,0,EM FRENTE A POLICLÍNICA AGAMENON  PRÓX A SAÍDA DO TERMINAL,AFOGADOS,COLISÃO,,1,1,,,,,,,,1,,,,,,,,,,,,,,,,,,
2017-09-15,19:34:00,COM VÍTIMA,FINALIZADA,CASA AMARELA,RUA DA HARMONIA,3,263,,PROX A IGREJA DA HARMONIA,RUA DA HARMONIA,263,PROX A IGREJA DA HARMONIA,CASA AMARELA,COLISÃO,,1,,1,,,,,,,1,,,,,,,,,,,,,,,,,,
2017-09-16,05:43:00,COM VÍTIMA,FINALIZADA,CAXANGA,RUA FRANCISCO TORRES,0,,,AO LADO DA UPA DA CAXANGÁ,RUA FRANCISCO TORRES,0,AO LADO DA UPA DA CAXANGÁ,CAXANGÁ,COLISÃO,,1,,,,,1,,,,1,,,,,,,,,,,,,,,,,,
2017-09-16,12:19:00,COM VÍTIMA,FINALIZADA,BOA VISTA,AV CONDE DA BOA VISTA,0,,,CRUZAMENTO COM RUA GONÇALVES,AV CONDE DA BOA VISTA,0,CRUZAMENTO COM RUA GONÇALVES,BOA VISTA,COLISÃO,,1,1,,,,,,,,1,,,,,,,,,,,,,,,,,,
2017-09-16,13:35:00,COM VÍTIMA,FINALIZADA,BOA VIAGEM,RUA BRUNO VELOSO,0,,,JUNTO AO SEMÁFORO 335,RUA BRUNO VELOSO,0,JUNTO AO SEMÁFORO 335,BOA VIAGEM,COLISÃO,,1,1,,,,,,,,1,,,,,,,,,,,,,,,,,,
2017-09-16,16:30:00,COM VÍTIMA,FINALIZADA,IPUTINGA,AV CAXANGA,0,,,EM FRENTE AO BOMPREÇO  SEMAFOROC533  SENTIDO CAMARAGIBE,AV CAXANGA,0,EM FRENTE AO BOMPREÇO  SEMAFOROC533  SENTIDO CAMARAGIBE,IPUTINGA,COLISÃO,,1,1,,,,,,,,1,,,,,,,,,,,,,,,,,,
2017-09-16,18:06:00,COM VÍTIMA,FINALIZADA,AGUA FRIA,AV PROFESSOR JOSE DOS ANJOS,0,,,EM FRENTE A ACADEMIA DA CIDADE,AV PROFESSOR JOSE DOS ANJOS,0,EM FRENTE A ACADEMIA DA CIDADE,ÁGUA FRIA,COLISÃO,,1,1,,,,,,,,1,,,,,,,,,,,,,,,,,,
2017-09-16,20:49:00,COM VÍTIMA,FINALIZADA,COQUEIRAL,RUA GUANABARA,3,394,,PROX A IGREJA ASSEMBLEIA DE DEUS E NA RUA DA ESTAÇAO COQUEIRAL,RUA GUANABARA,394,PROX A IGREJA ASSEMBLEIA DE DEUS E NA RUA DA ESTAÇAO COQUEIRAL,COQUEIRAL,COLISÃO,,1,,1,,,,,,,1,,,,,,,,,,,,,,,,,,
2017-09-17,00:20:00,COM VÍTIMA,FINALIZADA,DOIS UNIDOS,AV CHAGAS FERREIRA,2,98,,POR TRAS DA UPA SENT. DOIS UNIDOS,AV CHAGAS FERREIRA,98,POR TRAS DA UPA SENT. DOIS UNIDOS,DOIS UNIDOS,CHOQUE,,1,,,,,,,,,2,,,,,,,,,,,,,,,,,,
2017-09-17,00:57:00,COM VÍTIMA,FINALIZADA,CABANGA,RUA GENERAL ESTILAC LEAL,0,,,EM FRENTE A COMPESA,RUA GENERAL ESTILAC LEAL,0,EM FRENTE A COMPESA,CABANGA,CHOQUE,,,1,,,,,,,,1,,,,,,,,,,,,,,,,,,
2017-09-17,11:23:00,COM VÍTIMA,FINALIZADA,BOA VISTA,RUA DO PRINCIPE,3,536,,EM FRENTE AO HOSPITAL DO EXERCITO,RUA DO PRINCIPE,536,EM FRENTE AO HOSPITAL DO EXERCITO,BOA VISTA,COLISÃO,,2,,,,,,,,,2,,,,,,,,,,,,,,,,,,
2017-09-17,11:33:00,COM VÍTIMA,FINALIZADA,DERBY,AV GOVERNADOR AGAMENON MAGALHAES,0,,,COM CARLOS DE LIMA CAVALCANTI  SENTIDO OLINDA  NA VIA PRINCIPAL.,AV GOVERNADOR AGAMENON MAGALHAES,0,COM CARLOS DE LIMA CAVALCANTI  SENTIDO OLINDA  NA VIA PRINCIPAL.,DERBY,COLISÃO,,1,1,,,,,,,,1,,,,,,,,,,,,,,,,,,
2017-09-18,02:49:00,COM VÍTIMA,FINALIZADA,BOMBA DO HEMETERIO,RUA PADRE OLIVEIRA,3,222,,PROX AO CESTÃO DA BOMBA PROX DO ARMAZÉN OLIVEIRA,RUA PADRE OLIVEIRA,222,PROX AO CESTÃO DA BOMBA PROX DO ARMAZÉN OLIVEIRA,BOMBA DO HEMETÉRIO,ACID. DE PERCURSO,,,1,,,,,,,,2,,,,,,,,,,,,,,,,,,
2017-09-18,14:03:00,COM VÍTIMA,FINALIZADA,SANTO AMARO,AV GOVERNADOR AGAMENON MAGALHAES,0,,,NA AGAMENON SENTIDO OLINDA  AO LADO DA ENTRADA PRINCIPAL DO SHOPPING TACARUNA,AV GOVERNADOR AGAMENON MAGALHAES,0,NA AGAMENON SENTIDO OLINDA  AO LADO DA ENTRADA PRINCIPAL DO SHOPPING TACARUNA,SANTO AMARO,COLISÃO,,1,1,,,,,,,,1,,,,,,,,,,,,,,,,,,
2017-09-18,14:31:00,COM VÍTIMA,FINALIZADA,AREIAS,AV RECIFE,0,,,E/F DO ARMAZEM CORAL S/T CEASA,AV RECIFE,0,E/F DO ARMAZEM CORAL S/T CEASA,AREIAS,COLISÃO,,4,,1,,,,1,,,1,,,,,,,,,,,,,,,,,,
2017-09-19,11:13:00,COM VÍTIMA,FINALIZADA,BOA VIAGEM,RUA DOS NAVEGANTES,2,54,,CRUZAMENTO COM A RUA PADRE CARAPUCEIRO,RUA DOS NAVEGANTES,54,CRUZAMENTO COM A RUA PADRE CARAPUCEIRO,BOA VIAGEM,COLISÃO,,2,,,,,,,,,1,,,,,,,,,,,,,,,,,,
2017-09-19,15:47:00,COM VÍTIMA,FINALIZADA,CORDEIRO,AV INACIO MONTEIRO,0,,,NO SEMÁFORO 566,AV INACIO MONTEIRO,0,NO SEMÁFORO 566,CORDEIRO,COLISÃO COM CICLISTA,,1,,,1,,,,,,1,,,,,,,,,,,,,,,,,,
2017-09-19,18:34:00,COM VÍTIMA,FINALIZADA,SAO JOSE,AV SUL,0,,,COM TRAVESSA DO GASPAR,AV SUL,0,COM TRAVESSA DO GASPAR,SÃO JOSÉ,ACID. DE PERCURSO,,1,,,,,,,,,1,,,,,,,,,,,,,,,,,,
2017-09-19,18:42:00,COM VÍTIMA,FINALIZADA,CAMPO GRANDE,RUA JERONIMO VILELA,0,,,C RUA DR MACHADO  SOB SEMÁFORO 565,RUA JERONIMO VILELA,0,C RUA DR MACHADO  SOB SEMÁFORO 565,CAMPO GRANDE,ATROPELAMENTO,,1,,,,1,,,,,1,,,,,,,,,,,,,,,,,,
2017-09-19,19:57:00,COM VÍTIMA,FINALIZADA,IPSEP,AV RECIFE,0,,,LADO OPOSTO DA PADARIA VILA DO PÃO,AV RECIFE,0,LADO OPOSTO DA PADARIA VILA DO PÃO,IPSEP,COLISÃO,,1,1,,,,,,,,2,,,,,,,,,,,,,,,,,,
2017-09-19,20:08:00,COM VÍTIMA,FINALIZADA,MADALENA,AV CAXANGA,0,,,E/F AO BANCO SANTANDER  SENTIDO CIDADE/SUB,AV CAXANGA,0,E/F AO BANCO SANTANDER  SENTIDO CIDADE/SUB,MADALENA,COLISÃO,,1,1,,,,,,,,1,,,,,,,,,,,,,,,,,,
2017-09-19,22:41:00,COM VÍTIMA,FINALIZADA,CASA AMARELA,RUA PADRE LEMOS,3,391,,PROX A CASA PIO,RUA PADRE LEMOS,391,PROX A CASA PIO,CASA AMARELA,ATROPELAMENTO,,1,1,,,3,,,,,3,,,,,,,,,,,,,,,,,,
2017-09-19,23:14:00,COM VÍTIMA,FINALIZADA,MADALENA,EST DOS REMEDIOS,4,2416,,AO LADO DA POLICLINICA LESSA DE ANDRADE // ESQUINA COM A RUA JOAO GONCALVES DE MEDEIROS,EST DOS REMEDIOS,2416,AO LADO DA POLICLINICA LESSA DE ANDRADE // ESQUINA COM A RUA JOAO GONCALVES DE MEDEIROS,MADALENA,COLISÃO,,1,,,,,,,1,,1,,,,,,,,,,,,,,,,,,
2017-09-20,07:38:00,COM VÍTIMA,FINALIZADA,SANTO AMARO,RUA FREI CASSIMIRO,0,,,COM A RUA TREZE DE MAIO,RUA FREI CASSIMIRO,0,COM A RUA TREZE DE MAIO,SANTO AMARO,COLISÃO COM CICLISTA,,1,,,1,,,,,,1,,,,,,,,,,,,,,,,,,
2017-09-20,09:01:00,COM VÍTIMA,FINALIZADA,IMBIRIBEIRA,RUA ALFREDO MARCONDES,0,,,EMBAIXO DO VIADUTO DA ANTONIO FALCÃO,RUA ALFREDO MARCONDES,0,EMBAIXO DO VIADUTO DA ANTONIO FALCÃO,IMBIRIBEIRA,COLISÃO COM CICLISTA,,1,,,1,,,,,,1,,,,,,,,,,,,,,,,,,
2017-09-20,16:59:00,COM VÍTIMA,FINALIZADA,JAQUEIRA,AV CONS ROSA E SILVA,0,,,EM FRENTE À PANIFICADORA PAN JOVEM,AV CONS ROSA E SILVA,0,EM FRENTE À PANIFICADORA PAN JOVEM,JAQUEIRA,COLISÃO,,1,1,,,,,,,,1,,,,,,,,,,,,,,,,,,
2017-09-20,17:30:00,COM VÍTIMA,FINALIZADA,DERBY,AV GOVERNADOR AGAMENON MAGALHAES,5,241 A,,AO LADO DO CERPE  SENTIDO BOA VIAGEM,AV GOVERNADOR AGAMENON MAGALHAES,241 A,AO LADO DO CERPE  SENTIDO BOA VIAGEM,DERBY,ATROPELAMENTO,,1,,,,1,,,,,1,,,,,,,,,,,,,,,,,,
2017-09-20,18:44:00,COM VÍTIMA,FINALIZADA,AFOGADOS,AV SUL,0,,,CRUZAMENTO DA ENTRADA PRA CABANGA,AV SUL,0,CRUZAMENTO DA ENTRADA PRA CABANGA,AFOGADOS,COLISÃO,,1,1,,,,,,,,1,,,,,,,,,,,,,,,,,,
2017-09-21,05:22:00,COM VÍTIMA,FINALIZADA,AGUA FRIA,EST VELHA DE AGUA FRIA,0,,,EM FRENTE AO NORTE BURGUER // SENTIDO SUBÚRBIO/CIDADE // PRÓXIMO AO CRUZAMENTO COM AV PROF JOSÉ DOS ANJOS,EST VELHA DE AGUA FRIA,0,EM FRENTE AO NORTE BURGUER // SENTIDO SUBÚRBIO/CIDADE // PRÓXIMO AO CRUZAMENTO COM AV PROF JOSÉ DOS ANJOS,ÁGUA FRIA,ATROPELAMENTO,,,1,,,1,,,,,3,,,,,,,,,,,,,,,,,,
2017-09-21,08:55:00,COM VÍTIMA,FINALIZADA,SANTO AMARO,RUA TREZE DE MAIO,0,,,CRUZ COM A RUA DOS PALMARES,RUA TREZE DE MAIO,0,CRUZ COM A RUA DOS PALMARES,SANTO AMARO,COLISÃO,,1,1,,,,,,,,1,,,,,,,,,,,,,,,,,,
2017-09-21,09:16:00,COM VÍTIMA,FINALIZADA,ENCRUZILHADA,RUA FERNANDO CESAR,3,348,,EM FRENTE AO LAVA JATO PADDOCK,RUA FERNANDO CESAR,348,EM FRENTE AO LAVA JATO PADDOCK,ENCRUZILHADA,COLISÃO COM CICLISTA,,,,,1,,,,,,1,,,,,,,,,,,,,,,,,,
2017-09-21,12:49:00,COM VÍTIMA,FINALIZADA,CAMPINA DO BARRETO,RUA DOS CRAVEIROS,3,480,,ANTIGO TERMINAL DA CAMPINA DO BARRETO  APOS A POLICLINICA,RUA DOS CRAVEIROS,480,ANTIGO TERMINAL DA CAMPINA DO BARRETO  APOS A POLICLINICA,CAMPINA DO BARRETO,COLISÃO,,1,,1,,,,,,,1,,,,,,,,,,,,,,,,,,
2017-09-21,14:09:00,COM VÍTIMA,FINALIZADA,IMBIRIBEIRA,AV MARECHAL MASCARENHAS DE MORAES,4,4052,,E/F DA LASER ELETRO S/T CID,AV MARECHAL MASCARENHAS DE MORAES,4052,E/F DA LASER ELETRO S/T CID,IMBIRIBEIRA,COLISÃO,,1,1,,,,,,,,1,,,,,,,,,,,,,,,,,,
2017-09-21,18:10:00,COM VÍTIMA,FINALIZADA,PINA,AV HERCULANO BANDEIRA,3,825,,PROX. DA PASSARELA  APOS O ATACADO DA CONSTRUÇÃO SENT. BOA VIAGEM,AV HERCULANO BANDEIRA,825,PROX. DA PASSARELA  APOS O ATACADO DA CONSTRUÇÃO SENT. BOA VIAGEM,PINA,COLISÃO,,1,1,,,,,,,,1,,,,,,,,,,,,,,,,,,
2017-09-21,18:24:00,COM VÍTIMA,FINALIZADA,MACAXEIRA,AV NORTE,0,,,ENFR AO PARQUE DA MACAXEIRA,AV NORTE,0,ENFR AO PARQUE DA MACAXEIRA,MACAXEIRA,ATROPELAMENTO,,,1,,,3,,,,,3,,,,,,,,,,,,,,,,,,
2017-09-21,20:16:00,COM VÍTIMA,FINALIZADA,CASA FORTE,AV DEZESSETE DE AGOSTO,0,,,ENFR AO BAR CHEF SENTIDO CIDADE,AV DEZESSETE DE AGOSTO,0,ENFR AO BAR CHEF SENTIDO CIDADE,CASA FORTE,COLISÃO,,1,1,,,,,,,,1,,,,,,,,,,,,,,,,,,
2017-09-22,07:14:00,COM VÍTIMA,FINALIZADA,ILHA DO RETIRO,AV ENGENHEIRO ABDIAS DE CARVALHO,0,,,AO LADO DO CAMPO DO SPORT  EM FRENTE A LOJA OFICIAL  SENTIDO CIDADE,AV ENGENHEIRO ABDIAS DE CARVALHO,0,AO LADO DO CAMPO DO SPORT  EM FRENTE A LOJA OFICIAL  SENTIDO CIDADE,ILHA DO RETIRO,COLISÃO,,1,1,,,,,,,,1,,,,,,,,,,,,,,,,,,
2017-09-22,10:52:00,COM VÍTIMA,FINALIZADA,IMBIRIBEIRA,AV MARECHAL MASCARENHAS DE MORAES,0,,,E/F AO HOTEL BIS,AV MARECHAL MASCARENHAS DE MORAES,0,E/F AO HOTEL BIS,IMBIRIBEIRA,COLISÃO,,,1,,,,,,,,1,,,,,,,,,,,,,,,,,,
2017-09-22,12:24:00,COM VÍTIMA,FINALIZADA,ARRUDA,AV PROFESSOR JOSE DOS ANJOS,0,,,VIA SUL,AV PROFESSOR JOSE DOS ANJOS,0,VIA SUL,ARRUDA,COLISÃO,,1,,1,,,,,,,1,,,,,,,,,,,,,,,,,,
2017-09-22,14:59:00,COM VÍTIMA,FINALIZADA,GRACAS,AV RUI BARBOSA,3,500,,EM FRENTE A PIZZARIA ATLÂNTICO,AV RUI BARBOSA,500,EM FRENTE A PIZZARIA ATLÂNTICO,GRAÇAS,COLISÃO,,1,1,,,,1,,,,1,,,,,,,,,,,,,,,,,,
2017-09-22,18:34:00,COM VÍTIMA,FINALIZADA,BOA VIAGEM,RUA SA E SOUZA,4,1140,,ENFRENTE A ACADEMIA MAIZA E A PANIFICADORA DANIELY,RUA SA E SOUZA,1140,ENFRENTE A ACADEMIA MAIZA E A PANIFICADORA DANIELY,BOA VIAGEM,COLISÃO,,2,,,,,,,,,1,,,,,,,,,,,,,,,,,,
2017-09-22,19:04:00,COM VÍTIMA,FINALIZADA,SANTO AMARO,AV NORTE,0,,,COM CRUZ CABUGA  NO SEMAFORO 034 EM FRENTE O SENAI,AV NORTE,0,COM CRUZ CABUGA  NO SEMAFORO 034 EM FRENTE O SENAI,SANTO AMARO,COLISÃO,,,1,,,,,1,,,1,,,,,,,,,,,,,,,,,,
2017-09-23,09:06:00,COM VÍTIMA,FINALIZADA,JORDAO,AV MARIA IRENE,3,885,,E/F AO POSTO TOTAL  SENTIDO PRAÇA DO JORDÃO,AV MARIA IRENE,885,E/F AO POSTO TOTAL  SENTIDO PRAÇA DO JORDÃO,JORDÃO,COLISÃO,,1,1,,,,,,,,1,,,,,,,,,,,,,,,,,,
2017-09-23,11:40:00,COM VÍTIMA,FINALIZADA,ILHA JOANA BEZERRA,RUA CAPITAO TEMUDO,0,,,EM FRENTE AO FORUM JOANA BEZERRA NA DECIDA DO VIADUTO/ SENTIDO OLINDA,VIADUTO CAPITAO TEMUDO,0,EM FRENTE AO FORUM JOANA BEZERRA NA DECIDA DO VIADUTO/ SENTIDO OLINDA,JOANA BEZERRA,COLISÃO,,1,1,,,,,,,,1,,,,,,,,,,,,,,,,,,