data,hora,natureza_acidente,situacao,bairro,endereco,,numero,detalhe_endereco_acidente,complemento,endereco_cruzamento,numero_cruzamento,referencia_cruzamento,bairro_cruzamento,tipo,descricao,auto,moto,ciclom,ciclista,pedestre,onibus,caminhao,viatura,outros,vitimas,vitimasfatais,num_semaforo,sentido_via,acidente_verificado,tempo_clima,situacao_semaforo,sinalizacao,condicao_via,conservacao_via,ponto_controle,situacao_placa,velocidade_max_via,mao_direcao,divisao_via1,divisao_via2,divisao_via3,_id,Protocolo
2017-09-23,16:09:00,COM VÍTIMA,FINALIZADA,IMBIRIBEIRA,AV MARECHAL MASCARENHAS DE MORAES,0,,,SENTIDO CENTRO E SENTIDO CONTRARIO DO HOTEL AEROPORTO,AV MARECHAL MASCARENHAS DE MORAES,0,SENTIDO CENTRO E SENTIDO CONTRARIO DO HOTEL AEROPORTO,IMBIRIBEIRA,COLISÃO,,1,1,,,,,,,,1,,,,,,,,,,,,,,,,,,
2017-09-23,16:28:00,COM VÍTIMA,FINALIZADA,BOA VIAGEM,AV BOA VIAGEM,4,6292,,EM FRENTE AO EDF. ZUZUCA,AV BOA VIAGEM,6292,EM FRENTE AO EDF. ZUZUCA,BOA VIAGEM,COLISÃO,,1,,,,,,,,,1,,,,,,,,,,,,,,,,,,
2017-09-23,19:58:00,COM VÍTIMA,FINALIZADA,AFOGADOS,RUA COSME VIANA,0,,,ENFR A TUPAN SENTIDO AFOGADOS PROX AO PARQUE DE DIVERSAO,RUA COSME VIANA,0,ENFR A TUPAN SENTIDO AFOGADOS PROX AO PARQUE DE DIVERSAO,AFOGADOS,COLISÃO,,1,1,,,,,,,,1,,,,,,,,,,,,,,,,,,
2017-09-24,13:26:00,COM VÍTIMA,FINALIZADA,IMBIRIBEIRA,RUA ITACARI,3,208,,EM FRENTE A LOJA DE PISOS DRY FOR,RUA ITACARI,208,EM FRENTE A LOJA DE PISOS DRY FOR,IMBIRIBEIRA,COLISÃO,,1,1,,,,,,,,1,,,,,,,,,,,,,,,,,,
2017-09-24,19:18:00,COM VÍTIMA,FINALIZADA,TORREAO,AV ENGENHEIRO ABDIAS DE CARVALHO,0,,,SENTIDO CENTRO PROX A UPA E A DESTRIBUIDOORA DLT,AV ENGENHEIRO ABDIAS DE CARVALHO,0,SENTIDO CENTRO PROX A UPA E A DESTRIBUIDOORA DLT,TORREÃO,COLISÃO,,1,1,,,,,,,,1,,,,,,,,,,,,,,,,,,
2017-09-25,02:47:00,COM VÍTIMA,FINALIZADA,BOA VIAGEM,AV ENGENHEIRO DOMINGOS FERREIRA,0,,,CRUZAMENTO COM AV TOMÉ GIBSON // PRÓXIMO O HOTEL IBIS // PRÓXIMO A ESCOLA MUNICIPAL OSWALDO LIMA FILHO // PRÓXIMO AO RESTAURANTE NINJA,AV ENGENHEIRO DOMINGOS FERREIRA,0,CRUZAMENTO COM AV TOMÉ GIBSON // PRÓXIMO O HOTEL IBIS // PRÓXIMO A ESCOLA MUNICIPAL OSWALDO LIMA FILHO // PRÓXIMO AO RESTAURANTE NINJA,BOA VIAGEM,CHOQUE,,1,,,,,,,,,1,,,,,,,,,,,,,,,,,,
2017-09-25,08:03:00,COM VÍTIMA,FINALIZADA,CORDEIRO,AV ENGENHEIRO ABDIAS DE CARVALHO,0,,,CRUZAMENTO COM A GEN. SAN MARTIN. SEMÁFORO 058,AV ENGENHEIRO ABDIAS DE CARVALHO,0,CRUZAMENTO COM A GEN. SAN MARTIN. SEMÁFORO 058,CORDEIRO,COLISÃO,,1,,1,,,,,,,1,,,,,,,,,,,,,,,,,,
2017-09-25,08:09:00,COM VÍTIMA,FINALIZADA,JIQUIA,RUA SAO MIGUEL,4,1401,,E/F DO BODE DO NÔ,RUA SAO MIGUEL,1401,E/F DO BODE DO NÔ,JIQUIÁ,COLISÃO,,1,1,,,,,,,,1,,,,,,,,,,,,,,,,,,
2017-09-25,09:49:00,COM VÍTIMA,FINALIZADA,SANTO ANTONIO,RUA DA CONCORDIA,0,,,CRUZAMENTO COM RUA TOBIAS BARRETO,RUA DA CONCORDIA,0,CRUZAMENTO COM RUA TOBIAS BARRETO,SANTO ANTÔNIO,COLISÃO,,1,1,,,,,,,,1,,,,,,,,,,,,,,,,,,
2017-09-25,12:09:00,COM VÍTIMA,FINALIZADA,ENGENHO DO MEIO,RUA ANTONIO CURADO,3,765,,EM FRENTE AO MERCADO DO ENGENHO,RUA ANTONIO CURADO,765,EM FRENTE AO MERCADO DO ENGENHO,ENGENHO DO MEIO,COLISÃO,,1,1,,,,,,,,1,,,,,,,,,,,,,,,,,,
2017-09-25,14:37:00,COM VÍTIMA,FINALIZADA,BOA VIAGEM,RUA DES JOAO PAES,3,907,,CRUZAMENTO COM RUA CORONEL ANISIO COELHO  NA RUA DA FERREIRA PINTO,RUA DES JOAO PAES,907,CRUZAMENTO COM RUA CORONEL ANISIO COELHO  NA RUA DA FERREIRA PINTO,BOA VIAGEM,COLISÃO,,1,1,,,,,,,,2,,,,,,,,,,,,,,,,,,
2017-09-25,15:33:00,COM VÍTIMA,FINALIZADA,MONTEIRO,AV DEZESSETE DE AGOSTO,0,,,EM FRENTE A PRAÇA DO MONTEIRO,AV DEZESSETE DE AGOSTO,0,EM FRENTE A PRAÇA DO MONTEIRO,MONTEIRO,ATROPELAMENTO,,1,,,,1,,,,,1,,,,,,,,,,,,,,,,,,
2017-09-25,15:41:00,COM VÍTIMA,FINALIZADA,ESTANCIA,AV JOAO CABRAL DE MELO NETO,3,746,,PROXIMO A ESQUINA DO SABOR/ SENTIDO AV RECIFE,AV JOAO CABRAL DE MELO NETO,746,PROXIMO A ESQUINA DO SABOR/ SENTIDO AV RECIFE,ESTÂNCIA,COLISÃO,,1,1,,,,,,,,2,,,,,,,,,,,,,,,,,,
2017-09-25,22:42:00,COM VÍTIMA,FINALIZADA,CORDEIRO,AV GENERAL SAN MARTIN,0,,,COM RUA GOMES TABORDA  EM FRENTE DO POSTO DE GASOLINA TOTAL E SUPERMERCADO IDEAL,AV GENERAL SAN MARTIN,0,COM RUA GOMES TABORDA  EM FRENTE DO POSTO DE GASOLINA TOTAL E SUPERMERCADO IDEAL,CORDEIRO,COLISÃO,,1,1,,,,,,,,1,,,,,,,,,,,,,,,,,,
2017-09-26,07:59:00,COM VÍTIMA,FINALIZADA,SANTO AMARO,AV GOVERNADOR AGAMENON MAGALHAES,0,,,NA DESCIDA DO VIADUTO DA JOÃO DE BARROS,AV GOVERNADOR AGAMENON MAGALHAES,0,NA DESCIDA DO VIADUTO DA JOÃO DE BARROS,SANTO AMARO,COLISÃO,,1,1,,,,,,,,1,,,,,,,,,,,,,,,,,,
2017-09-26,09:34:00,COM VÍTIMA,FINALIZADA,DERBY,AV GOVERNADOR AGAMENON MAGALHAES,0,,,EM FRENTE AO HOSPITAL DA RESTAURAÇÃO,AV GOVERNADOR AGAMENON MAGALHAES,0,EM FRENTE AO HOSPITAL DA RESTAURAÇÃO,DERBY,ATROPELAMENTO,,,1,,,1,,,,,1,,,,,,,,,,,,,,,,,,
2017-09-26,14:40:00,COM VÍTIMA,FINALIZADA,IMBIRIBEIRA,AV MARECHAL MASCARENHAS DE MORAES,4,4025,,E/F DO SHOPPING DO AUTOMÓVEL,AV MARECHAL MASCARENHAS DE MORAES,4025,E/F DO SHOPPING DO AUTOMÓVEL,IMBIRIBEIRA,COLISÃO,,1,1,,,,,,,,1,,,,,,,,,,,,,,,,,,
2017-09-26,17:08:00,COM VÍTIMA,FINALIZADA,IPSEP,RUA ADOLFO FARO,0,,,ENFR AO COLEGIO JOSE VICENTE BARBOZA E PROX A IGREJA NOSSA SENHORA APARECIDA,RUA ADOLFO FARO,0,ENFR AO COLEGIO JOSE VICENTE BARBOZA E PROX A IGREJA NOSSA SENHORA APARECIDA,IPSEP,COLISÃO,,1,1,,,,,,,,1,,,,,,,,,,,,,,,,,,
2017-09-26,19:31:00,COM VÍTIMA,FINALIZADA,ARRUDA,RUA RAUL POMPEIA,0,,,TRANSVERSAL COM RAMOS GALVAO PROX A FEIRIA DO ARRUDA,RUA RAUL POMPEIA,0,TRANSVERSAL COM RAMOS GALVAO PROX A FEIRIA DO ARRUDA,ARRUDA,COLISÃO,,1,1,,,,,,,,1,,,,,,,,,,,,,,,,,,
2017-09-26,19:32:00,COM VÍTIMA,FINALIZADA,BOA VIAGEM,AV BOA VIAGEM,0,,,ESQUINA FELIX DE BRITO MELO - SEMÁFORO 547,AV BOA VIAGEM,0,ESQUINA FELIX DE BRITO MELO - SEMÁFORO 547,BOA VIAGEM,COLISÃO COM CICLISTA,,2,,,1,,,,,,1,,,,,,,,,,,,,,,,,,
2017-09-27,08:26:00,COM VÍTIMA,FINALIZADA,DERBY,RUA PAISSANDU,0,,,EM FRENTE AO COLEGIO GGE / EM FRENTE AO BRADESCO,RUA PAISSANDU,0,EM FRENTE AO COLEGIO GGE / EM FRENTE AO BRADESCO,DERBY,ATROPELAMENTO,,1,1,,,1,,,,,2,,,,,,,,,,,,,,,,,,
2017-09-27,14:02:00,COM VÍTIMA,FINALIZADA,IMBIRIBEIRA,RUA ITAJAI,0,,,COM RUA PAMPULHA AO LADO DA PANIFICADORA VALE DO RIO DOCE,RUA ITAJAI,0,COM RUA PAMPULHA AO LADO DA PANIFICADORA VALE DO RIO DOCE,IMBIRIBEIRA,COLISÃO,,1,1,,,,,,,,1,,,,,,,,,,,,,,,,,,
2017-09-27,14:20:00,COM VÍTIMA,FINALIZADA,SANTO AMARO,AV JOAO DE BARROS,0,,,SOB O VIADUTO DA INDEPENDÊNCIA  SENTIDO SUBÚRBIO,AV JOAO DE BARROS,0,SOB O VIADUTO DA INDEPENDÊNCIA  SENTIDO SUBÚRBIO,SANTO AMARO,COLISÃO,,,1,,,,1,,,,1,,,,,,,,,,,,,,,,,,
2017-09-27,14:26:00,COM VÍTIMA,FINALIZADA,AFOGADOS,RUA VINTE E UM DE ABRIL,4,1122,,APÓS A PADARIA IPIRANGA,RUA VINTE E UM DE ABRIL,1122,APÓS A PADARIA IPIRANGA,AFOGADOS,COLISÃO,,1,1,,,,,,,,1,,,,,,,,,,,,,,,,,,
2017-09-27,14:53:00,COM VÍTIMA,FINALIZADA,IPSEP,AV RECIFE,4,2750,,SENTIDO CIDADE UNIVERSITARIA EM FRENTE A MARAVILHA MOTOS,AV RECIFE,2750,SENTIDO CIDADE UNIVERSITARIA EM FRENTE A MARAVILHA MOTOS,IPSEP,COLISÃO,,1,,,,,,1,,,1,,,,,,,,,,,,,,,,,,
2017-09-27,15:06:00,COM VÍTIMA,FINALIZADA,ESPINHEIRO,RUA DA HORA,0,,,PRÓXIMO AO HOSPITAL DOS SERVIDORES.,RUA DA HORA,0,PRÓXIMO AO HOSPITAL DOS SERVIDORES.,ESPINHEIRO,COLISÃO,,1,1,,,,,,,,1,,,,,,,,,,,,,,,,,,
2017-09-28,07:51:00,COM VÍTIMA,FINALIZADA,ILHA DO RETIRO,AV BEIRA RIO,0,,,NO TÚNEL CHICO SCIENCE,AV BEIRA RIO,0,NO TÚNEL CHICO SCIENCE,ILHA DO RETIRO,COLISÃO,,,2,,,,,,,,1,,,,,,,,,,,,,,,,,,
2017-09-28,08:58:00,COM VÍTIMA,FINALIZADA,CASA AMARELA,AV NORTE,0,,,EM FRENTE A RENAULT,AV NORTE,0,EM FRENTE A RENAULT,CASA AMARELA,COLISÃO,,1,1,,,,,,,,1,,,,,,,,,,,,,,,,,,
2017-09-28,15:27:00,COM VÍTIMA,FINALIZADA,CORDEIRO,RUA 10 DE NOVEMBRO,3,274,,PROX.A PADARIA RAINHA DA TORRE,RUA 10 DE NOVEMBRO,274,PROX.A PADARIA RAINHA DA TORRE,CORDEIRO,ATROPELAMENTO,,1,,,,1,,,,,1,,,,,,,,,,,,,,,,,,
2017-09-28,16:04:00,COM VÍTIMA,FINALIZADA,ENCRUZILHADA,AV NORTE,0,,,COM A JOÃO DE BARROS,AV NORTE,0,COM A JOÃO DE BARROS,ENCRUZILHADA,COLISÃO,,1,1,,,,,,,,1,,,,,,,,,,,,,,,,,,
2017-09-28,18:14:00,COM VÍTIMA,FINALIZADA,SANTO AMARO,AV GOVERNADOR AGAMENON MAGALHAES,0,,,EM FRENTE A CAIXA ECOMONICA - SENTIDO OLINDA,AV GOVERNADOR AGAMENON MAGALHAES,0,EM FRENTE A CAIXA ECOMONICA - SENTIDO OLINDA,SANTO AMARO,ATROPELAMENTO,,1,1,,,1,,,,,1,,,,,,,,,,,,,,,,,,
2017-09-28,18:17:00,COM VÍTIMA,FINALIZADA,CAXANGA,AV CAXANGA,0,,,EM FRENTE DO GOLF CLUBE SENT. CAMARAGIBE E O POSTO DE GASOLINA SHELL,AV CAXANGA,0,EM FRENTE DO GOLF CLUBE SENT. CAMARAGIBE E O POSTO DE GASOLINA SHELL,CAXANGÁ,COLISÃO,,1,1,,,,,,,,1,,,,,,,,,,,,,,,,,,
2017-09-28,23:17:00,VÍTIMA FATAL,FINALIZADA,PINA,PTE GOVERNADOR PAULO GUERRA,0,,,PONTE QUE ACESSO AO SHOPPING RIO MAR  SENT. BOA VIAGEM,PTE GOVERNADOR PAULO GUERRA,0,PONTE QUE ACESSO AO SHOPPING RIO MAR  SENT. BOA VIAGEM,PINA,ATROPELAMENTO,,1,,,,1,,,,,,1,,,,,,,,,,,,,,,,,
2017-09-29,08:50:00,COM VÍTIMA,FINALIZADA,MADALENA,RUA PESSOA DE MELO,0,,,E/F A PARÓQUIA NOSSA SENHORA DO PERPETUO SOCORRO,RUA PESSOA DE MELO,0,E/F A PARÓQUIA NOSSA SENHORA DO PERPETUO SOCORRO,MADALENA,COLISÃO,,2,,,,,,,,,3,,,,,,,,,,,,,,,,,,
2017-09-29,13:50:00,COM VÍTIMA,FINALIZADA,PRADO,RUA GOMES TABORDA,3,376,,TRANSVERSAL COM RUA QUATRO DE OUTUBRO  EM FRENTE AO MURO DO JOCKEY CLUBE,RUA GOMES TABORDA,376,TRANSVERSAL COM RUA QUATRO DE OUTUBRO  EM FRENTE AO MURO DO JOCKEY CLUBE,PRADO,COLISÃO,,1,1,,,,,,,,1,,,,,,,,,,,,,,,,,,
2017-09-29,15:58:00,COM VÍTIMA,FINALIZADA,MADALENA,RUA NOBRE DE LACERDA,3,176,,CRUZ. COM RUA MONSENHOR JULIO MARIA  PROX. A LOJA DA NAGEM,RUA NOBRE DE LACERDA,176,CRUZ. COM RUA MONSENHOR JULIO MARIA  PROX. A LOJA DA NAGEM,MADALENA,COLISÃO,,1,1,,,,,,,,1,,,,,,,,,,,,,,,,,,
2017-09-29,16:23:00,COM VÍTIMA,FINALIZADA,AFOGADOS,RUA SAO MIGUEL,0,,,EM FRENTE AO BODE DO NÔ,RUA SAO MIGUEL,0,EM FRENTE AO BODE DO NÔ,AFOGADOS,ATROPELAMENTO,,,,,,1,,,,,1,,,,,,,,,,,,,,,,,,
2017-09-29,17:09:00,COM VÍTIMA,FINALIZADA,MADALENA,AV ENGENHEIRO ABDIAS DE CARVALHO,0,,,EM FRENTE A RABIBES,AV ENGENHEIRO ABDIAS DE CARVALHO,0,EM FRENTE A RABIBES,MADALENA,COLISÃO,,,2,,,,,,,,1,,,,,,,,,,,,,,,,,,
2017-09-29,19:29:00,COM VÍTIMA,FINALIZADA,IPSEP,RUA JAMAICA,0,,,CRUZAMENTO COM A RUA IZABEL DE SOUZA,RUA JAMAICA,0,CRUZAMENTO COM A RUA IZABEL DE SOUZA,IPSEP,COLISÃO,,1,,,,,1,,,,2,,,,,,,,,,,,,,,,,,
2017-09-29,20:07:00,COM VÍTIMA,FINALIZADA,JARDIM SAO PAULO,RUA SENADOR ALBERTO PASQUALINI,0,,,ESQUINA COM RUA FREI ATANAZIO  EM FRENTE DA ACADEMIA TREINO E CIA,RUA SENADOR ALBERTO PASQUALINI,0,ESQUINA COM RUA FREI ATANAZIO  EM FRENTE DA ACADEMIA TREINO E CIA,JARDIM SÃO PAULO,COLISÃO COM CICLISTA,,1,,,1,,,,,,1,,,,,,,,,,,,,,,,,,
2017-09-29,23:59:00,COM VÍTIMA,FINALIZADA,BOA VISTA,AV GOVERNADOR AGAMENON MAGALHAES,0,,,EM FRENTE AO BOM PREÇO  EM FRENTE A MC DONALD  SENTIDO OLINDA,AV GOVERNADOR AGAMENON MAGALHAES,0,EM FRENTE AO BOM PREÇO  EM FRENTE A MC DONALD  SENTIDO OLINDA,BOA VISTA,COLISÃO,,1,1,,,,,,,,1,,,,,,,,,,,,,,,,,,
2017-09-30,06:35:00,COM VÍTIMA,FINALIZADA,NOVA DESCOBERTA,AV NORTE,4,6888,,SENT/MACAXEIRA EM FRENTE AO FRANGO MAIS SEMAFORO 065,AV NORTE,6888,SENT/MACAXEIRA EM FRENTE AO FRANGO MAIS SEMAFORO 065,NOVA DESCOBERTA,COLISÃO,,1,1,,,,,,,,1,,,,,,,,,,,,,,,,,,
2017-09-30,07:54:00,COM VÍTIMA,FINALIZADA,CASA FORTE,AV DEZESSETE DE AGOSTO,3,500,,NA ENTRADA DO SHOPPING PLAZA. SENTIDO SUBÚRBIO,AV DEZESSETE DE AGOSTO,500,NA ENTRADA DO SHOPPING PLAZA. SENTIDO SUBÚRBIO,CASA FORTE,COLISÃO,,,2,,,,,,,,1,,,,,,,,,,,,,,,,,,
2017-09-30,07:58:00,COM VÍTIMA,FINALIZADA,BOA VIAGEM,AV CELSO FURTADO,0,,,BIFURCAÇÃO DA ANTONIO FALCÃO,AVENIDA CELSO FURTADO (VIA MANGUE),0,BIFURCAÇÃO DA ANTONIO FALCÃO,BOA VIAGEM,COLISÃO,,1,1,,,,,,,,1,,,,,,,,,,,,,,,,,,
2017-09-30,16:47:00,COM VÍTIMA,FINALIZADA,CASA AMARELA,RUA PADRE LEMOS,0,,,LOGO APOS A FARMÁCIA PAGUE MENOS,RUA PADRE LEMOS,0,LOGO APOS A FARMÁCIA PAGUE MENOS,CASA AMARELA,ATROPELAMENTO,,,1,,,1,,,,,1,,,,,,,,,,,,,,,,,,
2017-09-30,17:43:00,COM VÍTIMA,FINALIZADA,VARZEA,AV CAXANGA,0,,,CRUZAMENTO COM A RUA RIBEIRO PESSOAS,AV CAXANGA,0,CRUZAMENTO COM A RUA RIBEIRO PESSOAS,VÁRZEA,ATROPELAMENTO,,,,,,1,,,,,1,,,,,,,,,,,,,,,,,,
2017-09-30,18:55:00,COM VÍTIMA,FINALIZADA,CASA FORTE,AV DEZESSETE DE AGOSTO,0,,,E/F A PRAÇA DE CASA FORTE,AV DEZESSETE DE AGOSTO,0,E/F A PRAÇA DE CASA FORTE,CASA FORTE,COLISÃO,,1,1,,,,,,,,1,,,,,,,,,,,,,,,,,,
2017-09-30,19:55:00,COM VÍTIMA,FINALIZADA,CORDEIRO,RUA ODETE MONTEIRO,0,,,E/F AO POSTO PETROCAL //PARALELA COM A AV MAURICIO DE NASSAU/ CRUZAMENTO COM AV PROFESSOR ESTEVAO FRANCISCO DA COSTA,RUA ODETE MONTEIRO,0,E/F AO POSTO PETROCAL //PARALELA COM A AV MAURICIO DE NASSAU/ CRUZAMENTO COM AV PROFESSOR ESTEVAO FRANCISCO DA COSTA,CORDEIRO,COLISÃO,,1,1,,,,,,,,2,,,,,,,,,,,,,,,,,,
2017-09-30,21:08:00,COM VÍTIMA,FINALIZADA,CORDEIRO,RUA ODETE MONTEIRO,0,,,CRUZAMENTO COM A AV PROFESSOR ESTEVÃO FRANCISCO DA COSTA,RUA ODETE MONTEIRO,0,CRUZAMENTO COM A AV PROFESSOR ESTEVÃO FRANCISCO DA COSTA,CORDEIRO,COLISÃO COM CICLISTA,,1,,,1,,,,,,1,,,,,,,,,,,,,,,,,,
2017-09-30,22:30:00,COM VÍTIMA,FINALIZADA,TAMARINEIRA,RUA CONEGO BARATA,0,,,EM FRENTE A FERREIRA COSTA,RUA CONEGO BARATA,0,EM FRENTE A FERREIRA COSTA,TAMARINEIRA,COLISÃO,,2,,,,,,,,,2,,,,,,,,,,,,,,,,,,
2017-10-01,12:15:00,COM VÍTIMA,FINALIZADA,BOA VISTA,AV GOVERNADOR AGAMENON MAGALHAES,0,,,NA SUBIDA DO VIADUTO DA INDEPENDÊNCIA  EM FRENTE AO CÍRCULO MILITAR.,AV GOVERNADOR AGAMENON MAGALHAES,0,NA SUBIDA DO VIADUTO DA INDEPENDÊNCIA  EM FRENTE AO CÍRCULO MILITAR.,BOA VISTA,COLISÃO,,,3,,,,,,,,2,,,,,,,,,,,,,,,,,,
2017-10-01,12:20:00,COM VÍTIMA,FINALIZADA,IMBIRIBEIRA,AV MARECHAL MASCARENHAS DE MORAES,0,,,0,AV MARECHAL MASCARENHAS DE MORAES,0,0,IMBIRIBEIRA,COLISÃO,,1,1,,,,,,,,2,,,,,,,,,,,,,,,,,,
2017-10-01,14:56:00,COM VÍTIMA,FINALIZADA,JARDIM SAO PAULO,PRC DO JARDIM SAO PAULO,0,,,EM A GALERIA JOSE CARNEIRO,PRC DO JARDIM SAO PAULO,0,EM A GALERIA JOSE CARNEIRO,JARDIM SÃO PAULO,COLISÃO,,1,1,,,,,,,,1,,,,,,,,,,,,,,,,,,
2017-10-01,15:33:00,COM VÍTIMA,FINALIZADA,SAO JOSE,AV DANTAS BARRETO,0,,,NO SEMÁFORO 035,AV DANTAS BARRETO,0,NO SEMÁFORO 035,SÃO JOSÉ,COLISÃO,,,1,,,,1,,,,1,,,,,,,,,,,,,,,,,,
2017-10-01,22:22:00,COM VÍTIMA,FINALIZADA,CABANGA,RUA RIBEIRO PESSOA,0,,,CRUZ COM A CASTEL VIDIGAL - PROX A UPA,RUA RIBEIRO PESSOA,0,CRUZ COM A CASTEL VIDIGAL - PROX A UPA,CABANGA,COLISÃO,,1,1,,,,,,,,1,,,,,,,,,,,,,,,,,,
2017-10-02,10:34:00,COM VÍTIMA,FINALIZADA,BOA VIAGEM,AV BOA VIAGEM,4,5030,,EM FRENTE AO EDF/LUIZ DIAS LINS,AV BOA VIAGEM,5030,EM FRENTE AO EDF/LUIZ DIAS LINS,BOA VIAGEM,COLISÃO,,1,1,,,,,,,,1,,,,,,,,,,,,,,,,,,
2017-10-02,13:15:00,COM VÍTIMA,FINALIZADA,BOA VIAGEM,AV VINTE DE JANEIRO,4,1330,,APOS O COLEGIO DOURADO,AV VINTE DE JANEIRO,1330,APOS O COLEGIO DOURADO,BOA VIAGEM,COLISÃO,,1,1,,,,,,,,1,,,,,,,,,,,,,,,,,,
2017-10-02,18:02:00,COM VÍTIMA,FINALIZADA,BONGI,RUA SANTA EDWIRGES,0,,,PROX A IGREJA SANTA EDWIRGES. - CRUZAMENTO COM A AV ABDIAS DE CARVALHO,RUA SANTA EDWIRGES,0,PROX A IGREJA SANTA EDWIRGES. - CRUZAMENTO COM A AV ABDIAS DE CARVALHO,BONGI,COLISÃO,,1,1,,,,,,,,1,,,,,,,,,,,,,,,,,,
2017-10-02,23:51:00,COM VÍTIMA,FINALIZADA,BOA VISTA,AV VISCONDE DE SUASSUNA,0,,,COM RUA BISPO CARDOSO AYRES,AV VISCONDE DE SUASSUNA,0,COM RUA BISPO CARDOSO AYRES,BOA VISTA,COLISÃO,,2,,,,,,,,,4,,,,,,,,,,,,,,,,,,
2017-10-03,07:20:00,COM VÍTIMA,FINALIZADA,ILHA JOANA BEZERRA,AV DES GUERRA BARRETO,0,,,SENTIDO BOA VIAGEM AO LADO DO FORUM JOANA BEZERRA EM CIMA DO VIADUTO JOÃO PAULO SEGUNDO,AV DES GUERRA BARRETO,0,SENTIDO BOA VIAGEM AO LADO DO FORUM JOANA BEZERRA EM CIMA DO VIADUTO JOÃO PAULO SEGUNDO,ILHA JOANA BEZERRA,COLISÃO,,1,1,,,,,,,,1,,,,,,,,,,,,,,,,,,
2017-10-03,08:37:00,COM VÍTIMA,FINALIZADA,RECIFE,C DO APOLO,0,,,EM FRENTE AO ESTACIONAMENTO DA PREFEITURA,CAIS DO APOLO,0,EM FRENTE AO ESTACIONAMENTO DA PREFEITURA,BAIRRO DO RECIFE,COLISÃO,,,1,,,,,,1,,1,,,,,,,,,,,,,,,,,,
2017-10-03,13:25:00,COM VÍTIMA,FINALIZADA,PRADO,RUA CHAVES MARTINS,3,156,,APOS O BAILE PERFUMADO A TERCEIRA RUA DO LADO ESQUERDO  SENTIDO CIDADE SUBURBIO  PROCURAR A PADARIA MAX PAN OU SR ABEU,RUA CHAVES MARTINS,156,APOS O BAILE PERFUMADO A TERCEIRA RUA DO LADO ESQUERDO  SENTIDO CIDADE SUBURBIO  PROCURAR A PADARIA MAX PAN OU SR ABEU,PRADO,ATROPELAMENTO,,1,,,,1,,,,,1,,,,,,,,,,,,,,,,,,
2017-10-03,18:36:00,COM VÍTIMA,FINALIZADA,JORDAO,AV MARIA IRENE,3,373,,PROX. DA PAROQUIA SÃO FRANCISCO  EM FRENTE A SERMOTEC,AV MARIA IRENE,373,PROX. DA PAROQUIA SÃO FRANCISCO  EM FRENTE A SERMOTEC,JORDÃO,COLISÃO COM CICLISTA,,1,,,1,,,,,,1,,,,,,,,,,,,,,,,,,
2017-10-03,19:49:00,COM VÍTIMA,FINALIZADA,BEBERIBE,AV BEBERIBE,4,4093,,EM FRENTE DO MAX SAUDE E PIZZARIA ROUCHE,AV BEBERIBE,4093,EM FRENTE DO MAX SAUDE E PIZZARIA ROUCHE,BEBERIBE,COLISÃO,,1,1,,,,,,,,1,,,,,,,,,,,,,,,,,,
2017-10-03,21:40:00,COM VÍTIMA,FINALIZADA,MADALENA,RUA JOSE OSORIO,0,,,CRUZAMENTO COM A REAL DA TORRE,RUA JOSE OSORIO,0,CRUZAMENTO COM A REAL DA TORRE,MADALENA,COLISÃO,,1,1,,,,,,,,1,,,,,,,,,,,,,,,,,,
2017-10-04,11:12:00,COM VÍTIMA,FINALIZADA,SANTO AMARO,AV CRUZ CABUGA,0,,,EM FRENTE AO HOSPITAL DA MARINHA,AV CRUZ CABUGA,0,EM FRENTE AO HOSPITAL DA MARINHA,SANTO AMARO,COLISÃO,,1,1,,,,,,,,1,,,,,,,,,,,,,,,,,,
2017-10-04,17:07:00,COM VÍTIMA,FINALIZADA,CASA AMARELA,AV NORTE,0,,,EM FRENTE AO CAPS,AV NORTE,0,EM FRENTE AO CAPS,CASA AMARELA,ATROPELAMENTO ANIMAL,,,1,,,,,,,1,1,,,,,,,,,,,,,,,,,,
2017-10-04,19:54:00,COM VÍTIMA,FINALIZADA,BOA VISTA,RUA DO RIACHUELO,0,,,EM FRENTE DO COLEGIO 2001 E EDF. MARCILIO DIAS,RUA DO RIACHUELO,0,EM FRENTE DO COLEGIO 2001 E EDF. MARCILIO DIAS,BOA VISTA,ATROPELAMENTO,,,1,,,1,,,,,1,,,,,,,,,,,,,,,,,,
2017-10-04,21:13:00,COM VÍTIMA,FINALIZADA,IMBIRIBEIRA,AV DES JOSE NEVES,3,176,,EM FRENTE A LOJA FERREIRA PINTO  SENT. BOA VIAGEM CENTRO VT-21 NO LOCAL,AV DES JOSE NEVES,176,EM FRENTE A LOJA FERREIRA PINTO  SENT. BOA VIAGEM CENTRO VT-21 NO LOCAL,IMBIRIBEIRA,COLISÃO,,1,,1,,,,,,,1,,,,,,,,,,,,,,,,,,
2017-10-04,22:31:00,COM VÍTIMA,FINALIZADA,TAMARINEIRA,RUA SILVEIRA DE CARVALHO,3,671,,APOS O DNOCS SENT. SUBURBIO/CIDADE SEGUNDA A DIREITA,RUA SILVEIRA DE CARVALHO,671,APOS O DNOCS SENT. SUBURBIO/CIDADE SEGUNDA A DIREITA,TAMARINEIRA,COLISÃO,,1,1,,,,,,,,1,,,,,,,,,,,,,,,,,,
2017-10-04,22:43:00,COM VÍTIMA,FINALIZADA,BOA VIAGEM,AV ENGENHEIRO DOMINGOS FERREIRA,4,3433,,COM A RUA PADRE CARAPUCEIRO  PROX. DA IGREJA UNIVERSAL E SORVETERIA FREE SABOR,AV ENGENHEIRO DOMINGOS FERREIRA,3433,COM A RUA PADRE CARAPUCEIRO  PROX. DA IGREJA UNIVERSAL E SORVETERIA FREE SABOR,BOA VIAGEM,COLISÃO,,1,1,,,,,,,,1,,,,,,,,,,,,,,,,,,
2017-10-05,20:43:00,COM VÍTIMA,FINALIZADA,CURADO,RUA DR GEORGE WILLIAM BUTLER,0,,,PROX AO TIP // AO LADO DA GARAGEM DA GUANABARA,RUA DR GEORGE WILLIAM BUTLER,0,PROX AO TIP // AO LADO DA GARAGEM DA GUANABARA,CURADO,COLISÃO,,,,,,,2,,,,1,,,,,,,,,,,,,,,,,,
2017-10-06,00:39:00,COM VÍTIMA,FINALIZADA,RECIFE,AV DANTAS BARRETO,0,,,CRUZAMENTO COM A AVENIDA NOSSA SENHORA DO CARMO  SEMÁFORO 284,AV DANTAS BARRETO,0,CRUZAMENTO COM A AVENIDA NOSSA SENHORA DO CARMO  SEMÁFORO 284,BAIRRO DO RECIFE,ATROPELAMENTO,,,,,,1,1,,,,1,,,,,,,,,,,,,,,,,,