data,hora,natureza_acidente,situacao,bairro,endereco,,numero,detalhe_endereco_acidente,complemento,endereco_cruzamento,numero_cruzamento,referencia_cruzamento,bairro_cruzamento,tipo,descricao,auto,moto,ciclom,ciclista,pedestre,onibus,caminhao,viatura,outros,vitimas,vitimasfatais,num_semaforo,sentido_via,acidente_verificado,tempo_clima,situacao_semaforo,sinalizacao,condicao_via,conservacao_via,ponto_controle,situacao_placa,velocidade_max_via,mao_direcao,divisao_via1,divisao_via2,divisao_via3,_id,Protocolo
2017-10-06,10:34:00,COM VÍTIMA,FINALIZADA,DERBY,RUA JENER DE SOUZA,0,,,COM A RUA DA BAIXA VERDE,RUA JENER DE SOUZA,0,COM A RUA DA BAIXA VERDE,DERBY,COLISÃO,,1,1,,,,,,,,1,,,,,,,,,,,,,,,,,,
2017-10-06,12:45:00,COM VÍTIMA,FINALIZADA,TORREAO,AV NORTE,0,,,NA DESCIDA DO VIADUTO  SENTIDO CIDADE/SUB,AV NORTE,0,NA DESCIDA DO VIADUTO  SENTIDO CIDADE/SUB,TORREÃO,COLISÃO,,1,1,,,,,,,,1,,,,,,,,,,,,,,,,,,
2017-10-06,15:03:00,COM VÍTIMA,FINALIZADA,ENCRUZILHADA,AV NORTE,0,,,APÓS O CRUZAMENTO DA JOÃO DE BARROS- SENTIDO MACAXEIRA,AV NORTE,0,APÓS O CRUZAMENTO DA JOÃO DE BARROS- SENTIDO MACAXEIRA,ENCRUZILHADA,ATROPELAMENTO,,,1,,,1,,,,,2,,,,,,,,,,,,,,,,,,
2017-10-06,16:22:00,COM VÍTIMA,FINALIZADA,IMBIRIBEIRA,RUA ARQUITETO LUIZ NUNES,0,,,SEMAFORO 633  SENTIDO IPSEP,RUA ARQUITETO LUIZ NUNES,0,SEMAFORO 633  SENTIDO IPSEP,IMBIRIBEIRA,COLISÃO,,,1,,,,,1,,,1,,,,,,,,,,,,,,,,,,
2017-10-06,17:24:00,COM VÍTIMA,FINALIZADA,VARZEA,RUA GASTAO VIDIGAL,0,,,E/F DO HOTEL COSTA AZUL,RUA GASTAO VIDIGAL,0,E/F DO HOTEL COSTA AZUL,VÁRZEA,COLISÃO,,,2,,,,,,,,1,,,,,,,,,,,,,,,,,,
2017-10-07,11:22:00,COM VÍTIMA,FINALIZADA,BOA VIAGEM,RUA FRANCISCO DA CUNHA,3,206,,EDF. MARIO SARAIVA. (NO CRUZAMENTO DA WANDERLEY FILHO/FRANCISCO DA CUNHA.),RUA FRANCISCO DA CUNHA,206,EDF. MARIO SARAIVA. (NO CRUZAMENTO DA WANDERLEY FILHO/FRANCISCO DA CUNHA.),BOA VIAGEM,COLISÃO,,2,,,,,,,,,1,,,,,,,,,,,,,,,,,,
2017-10-07,21:42:00,COM VÍTIMA,FINALIZADA,LINHA DO TIRO,RUA GUARAJA,2,73,,NA RUA DO CALDINHO DO AMBROZIO,RUA GUARAJA,73,NA RUA DO CALDINHO DO AMBROZIO,LINHA DO TIRO,COLISÃO,,1,2,,,,,,,,2,,,,,,,,,,,,,,,,,,
2017-10-08,02:45:00,VÍTIMA FATAL,FINALIZADA,PINA,AV ANTONIO DE GOES,0,,,E/F AO POSTO BR E PROX PIN UP,AV ANTONIO DE GOES,0,E/F AO POSTO BR E PROX PIN UP,PINA,COLISÃO,,2,,,,,,,,,5,2,,,,,,,,,,,,,,,,,
2017-10-08,05:17:00,COM VÍTIMA,FINALIZADA,ESPINHEIRO,RUA DO ESPINHEIRO,0,,,CRUZAMENTO COM A RUA SANTO ELIAS // PRÓXIMO AO POSTO IPIRANGA,RUA DO ESPINHEIRO,0,CRUZAMENTO COM A RUA SANTO ELIAS // PRÓXIMO AO POSTO IPIRANGA,ESPINHEIRO,COLISÃO,,2,,,,,,,,,1,,,,,,,,,,,,,,,,,,
2017-10-08,09:56:00,COM VÍTIMA,FINALIZADA,CAXANGA,AV CAXANGA,0,,,EM FRENTE A FARMACIA BIG BEM SENT SUB E AO SUPERMERCADO ARCO MIX,AV CAXANGA,0,EM FRENTE A FARMACIA BIG BEM SENT SUB E AO SUPERMERCADO ARCO MIX,CAXANGÁ,COLISÃO,,,2,,,,,,,,1,,,,,,,,,,,,,,,,,,
2017-10-08,10:05:00,COM VÍTIMA,FINALIZADA,AFLITOS,RUA AMELIA,0,,,EM FRENTE A FARMACIA EXTRAFARMA,RUA AMELIA,0,EM FRENTE A FARMACIA EXTRAFARMA,AFLITOS,COLISÃO,,1,,,,,,,,,1,,,,,,,,,,,,,,,,,,
2017-10-08,18:52:00,COM VÍTIMA,FINALIZADA,IPSEP,AV RECIFE,0,,,CRUZAMENTO COM A AV RAIMUNDO DINIZ // SEMAFORO 247,AV RECIFE,0,CRUZAMENTO COM A AV RAIMUNDO DINIZ // SEMAFORO 247,IPSEP,COLISÃO,,1,1,,,,,,,,1,,,,,,,,,,,,,,,,,,
2017-10-08,19:12:00,COM VÍTIMA,FINALIZADA,BOA VISTA,AV CONDE DA BOA VISTA,0,,,E/F AO BANCO BRADESCO  SENTIDO DERBY,AV CONDE DA BOA VISTA,0,E/F AO BANCO BRADESCO  SENTIDO DERBY,BOA VISTA,COLISÃO,,1,1,,,,,,,,2,,,,,,,,,,,,,,,,,,
2017-10-09,05:50:00,COM VÍTIMA,FINALIZADA,CASA AMARELA,AV NORTE,0,,,APÓS O LARGO DOM LUIZ  SENTIDO BR-101,AV NORTE,0,APÓS O LARGO DOM LUIZ  SENTIDO BR-101,CASA AMARELA,CHOQUE,,1,,,,,,,,,1,,,,,,,,,,,,,,,,,,
2017-10-09,07:13:00,COM VÍTIMA,FINALIZADA,CASA AMARELA,RUA CONS PERETTI,0,,,NO CRUZAMENTO DA OSCAR DE BARRO,RUA CONS PERETTI,0,NO CRUZAMENTO DA OSCAR DE BARRO,CASA AMARELA,COLISÃO,,1,,,,,1,,,,1,,,,,,,,,,,,,,,,,,
2017-10-09,08:01:00,COM VÍTIMA,FINALIZADA,CORDEIRO,RUA GOMES TABORDA,4,1742,,E/F DO MARTELINHO DE OURO E DA LOJA DE BATERIAS L.A,RUA GOMES TABORDA,1742,E/F DO MARTELINHO DE OURO E DA LOJA DE BATERIAS L.A,CORDEIRO,COLISÃO,,1,1,,,,,,,,1,,,,,,,,,,,,,,,,,,
2017-10-09,08:24:00,COM VÍTIMA,FINALIZADA,BOA VISTA,AV MANOEL BORBA,3,564,,E/F DO SINDICATO DOS BANCARIOS,AV MANOEL BORBA,564,E/F DO SINDICATO DOS BANCARIOS,BOA VISTA,COLISÃO,,1,1,,,,,,,,1,,,,,,,,,,,,,,,,,,
2017-10-09,10:55:00,COM VÍTIMA,FINALIZADA,AFOGADOS,AV SUL GOV. CID SAMPAIO,0,,LARGO DA PAZ,EM FRENTE A EMERGENCIA DA POLICLINICA A AGAMENON MAGALHAES,LARGO DA PAZ,0,EM FRENTE A EMERGENCIA DA POLICLINICA A AGAMENON MAGALHAES,AFOGADOS,ATROPELAMENTO,,,,,,1,1,,,,1,,,,,,,,,,,,,,,,,,
2017-10-09,12:23:00,COM VÍTIMA,FINALIZADA,CABANGA,AV SUL,0,,,ENFRENTE A EMPRESA GERALDO ARAUJO,AV SUL,0,ENFRENTE A EMPRESA GERALDO ARAUJO,CABANGA,ATROPELAMENTO,,1,,,,1,,,,,1,,,,,,,,,,,,,,,,,,
2017-10-09,14:18:00,COM VÍTIMA,FINALIZADA,CASA AMARELA,RUA CONS PERETTI,3,234,,BIBLIOTECA PUBLICA  SENTIDO SUBURBIO,RUA CONS PERETTI,234,BIBLIOTECA PUBLICA  SENTIDO SUBURBIO,CASA AMARELA,COLISÃO,,1,1,,,,,,,,1,,,,,,,,,,,,,,,,,,
2017-10-09,15:19:00,COM VÍTIMA,FINALIZADA,CAMPO GRANDE,EST DE BELEM,4,1381,,E/F DA ASSISTENCIA TECNICA BRASTEMP,EST DE BELEM,1381,E/F DA ASSISTENCIA TECNICA BRASTEMP,CAMPO GRANDE,COLISÃO,,,,,,,1,,,,1,,,,,,,,,,,,,,,,,,
2017-10-09,16:40:00,COM VÍTIMA,FINALIZADA,SANTO AMARO,AV CRUZ CABUGA,0,,,SEMÁFORO 523  APÓS A ASSEMBLÉIA DE DEUS  SENTIDO CIDADE,AV CRUZ CABUGA,0,SEMÁFORO 523  APÓS A ASSEMBLÉIA DE DEUS  SENTIDO CIDADE,SANTO AMARO,ACID. DE PERCURSO,,,,,,,,,,,1,,,,,,,,,,,,,,,,,,
2017-10-09,17:08:00,COM VÍTIMA,FINALIZADA,CASA AMARELA,RUA SANTA IZABEL,3,548,,RESIDENCIA PROX AO CONSELHO DOS MORADORES,RUA SANTA IZABEL,548,RESIDENCIA PROX AO CONSELHO DOS MORADORES,CASA AMARELA,COLISÃO,,1,1,,,,,,,,1,,,,,,,,,,,,,,,,,,
2017-10-09,21:30:00,COM VÍTIMA,FINALIZADA,PINA,AV ANTONIO DE GOES,0,,,NO SEMAFORO 103  APOS O JCPM SENT. BOA VIAGEM,AV ANTONIO DE GOES,0,NO SEMAFORO 103  APOS O JCPM SENT. BOA VIAGEM,PINA,COLISÃO,,2,,,,,,,,,1,,,,,,,,,,,,,,,,,,
2017-10-10,12:40:00,COM VÍTIMA,FINALIZADA,DOIS IRMAOS,RUA RIBEIRO PESSOA,3,477,,EM FRENTE FIRGA ENGENHARIA  PROX A UPA,RUA RIBEIRO PESSOA,477,EM FRENTE FIRGA ENGENHARIA  PROX A UPA,DOIS IRMÃOS,COLISÃO,,3,,,,,,,,,1,,,,,,,,,,,,,,,,,,
2017-10-10,12:43:00,COM VÍTIMA,FINALIZADA,SAO JOSE,TRV DO RAPOSO,0,,,NO SEMÁFORO 510,TRV DO RAPOSO,0,NO SEMÁFORO 510,SÃO JOSÉ,COLISÃO,,1,1,,,,,,,,2,,,,,,,,,,,,,,,,,,
2017-10-10,15:34:00,COM VÍTIMA,FINALIZADA,SANTO AMARO,RUA DO POMBAL,0,,,ESQUINA COM RUA BARROS BARRETO,RUA DO POMBAL,0,ESQUINA COM RUA BARROS BARRETO,SANTO AMARO,COLISÃO,,1,1,,,,,,,,1,,,,,,,,,,,,,,,,,,
2017-10-10,15:38:00,COM VÍTIMA,FINALIZADA,BOA VIAGEM,RUA ERNESTO DE PAULA SANTOS,0,,,NA DESCIDA DO VIADUTO TANCREDO NEVES,RUA ERNESTO DE PAULA SANTOS,0,NA DESCIDA DO VIADUTO TANCREDO NEVES,BOA VIAGEM,COLISÃO,,1,1,,,,,,,,1,,,,,,,,,,,,,,,,,,
2017-10-10,18:10:00,COM VÍTIMA,FINALIZADA,AFOGADOS,RUA SAO MIGUEL,4,1883,,EM FRENTE A DEDE BATERIAS- APÓS A RENASCER DISTRIBUIDORAS,RUA SAO MIGUEL,1883,EM FRENTE A DEDE BATERIAS- APÓS A RENASCER DISTRIBUIDORAS,AFOGADOS,COLISÃO,,1,1,,,,,,,,1,,,,,,,,,,,,,,,,,,
2017-10-10,18:33:00,COM VÍTIMA,FINALIZADA,CORDEIRO,RUA DR JOAO LACERDA,4,1160,,PROXIMO AO REI DA CHARQUE,RUA DR JOAO LACERDA,1160,PROXIMO AO REI DA CHARQUE,CORDEIRO,COLISÃO,,1,1,,,,,,,,1,,,,,,,,,,,,,,,,,,
2017-10-11,08:22:00,COM VÍTIMA,FINALIZADA,COELHOS,RUA DOS COELHOS,0,,,EM FRENE AO IMIP,RUA DOS COELHOS,0,EM FRENE AO IMIP,COELHOS,ATROPELAMENTO,,1,,,,1,,,,,1,,,,,,,,,,,,,,,,,,
2017-10-11,09:26:00,COM VÍTIMA,FINALIZADA,AFOGADOS,EST DOS REMEDIOS,0,,,COM FIRMINO FIGUEIREDO  EM FRENTE A DEFENSORIA PÚBLICA,EST DOS REMEDIOS,0,COM FIRMINO FIGUEIREDO  EM FRENTE A DEFENSORIA PÚBLICA,AFOGADOS,COLISÃO,,,2,,,,,,,,1,,,,,,,,,,,,,,,,,,
2017-10-11,15:37:00,COM VÍTIMA,FINALIZADA,PRADO,RUA CARLOS GOMES,3,914,,ENFRENTE AO POSTO DE SAUDE ROMERO MARQUES  JUNTO A BIG CAR,RUA CARLOS GOMES,914,ENFRENTE AO POSTO DE SAUDE ROMERO MARQUES  JUNTO A BIG CAR,PRADO,COLISÃO,,2,1,,,,,,,,1,,,,,,,,,,,,,,,,,,
2017-10-12,07:39:00,COM VÍTIMA,FINALIZADA,SANTO AMARO,RUA IMPERIAL,0,,,PONTE DE AFOGADOS,RUA IMPERIAL,0,PONTE DE AFOGADOS,SANTO AMARO,COLISÃO COM CICLISTA,,1,,,2,,,,,,2,,,,,,,,,,,,,,,,,,
2017-10-12,09:39:00,COM VÍTIMA,FINALIZADA,CORDEIRO,AV INACIO MONTEIRO,3,311,,RUA EM FRENTE AO PERNAMBUCO DA SORTE DA AV CAXANGA,AV INACIO MONTEIRO,311,RUA EM FRENTE AO PERNAMBUCO DA SORTE DA AV CAXANGA,CORDEIRO,COLISÃO,,1,1,,,,,,,,1,,,,,,,,,,,,,,,,,,
2017-10-12,16:38:00,COM VÍTIMA,FINALIZADA,SAO JOSE,RUA IMPERIAL,4,1280,,EM BAIXO DO VIADUTO CAPITÃO TEMUDO  SENTIDO CENTRO AFOGADOS,RUA IMPERIAL,1280,EM BAIXO DO VIADUTO CAPITÃO TEMUDO  SENTIDO CENTRO AFOGADOS,SÃO JOSÉ,COLISÃO,,,2,,,,,,,,1,,,,,,,,,,,,,,,,,,
2017-10-12,19:30:00,COM VÍTIMA,FINALIZADA,NOVA DESCOBERTA,RUA CORREGO DA AREIA,3,105,,PROX AO POSTO DE SAUDE E ESCOLA BELO FUTURO E ESCOLA MOACYR DE ALBURQUEQUE,RUA CORREGO DA AREIA,105,PROX AO POSTO DE SAUDE E ESCOLA BELO FUTURO E ESCOLA MOACYR DE ALBURQUEQUE,NOVA DESCOBERTA,COLISÃO,,,1,,,,,1,,,1,,,,,,,,,,,,,,,,,,
2017-10-12,19:49:00,COM VÍTIMA,FINALIZADA,AREIAS,AV DR JOSE RUFINO,0,,,PROX AO SHOPPING DE AREIAS SEMAFORO 044,AV DR JOSE RUFINO,0,PROX AO SHOPPING DE AREIAS SEMAFORO 044,AREIAS,COLISÃO,,1,1,,,,,,,,1,,,,,,,,,,,,,,,,,,
2017-10-13,06:54:00,COM VÍTIMA,FINALIZADA,IBURA,RUA DR BENIGNO JORDAO DE VASCONCELOS,3,405,,LAGOA ENCANTADA / RUA DA PIZZARIA E LANCHONETE REAL,RUA DR BENIGNO JORDAO DE VASCONCELOS,405,LAGOA ENCANTADA / RUA DA PIZZARIA E LANCHONETE REAL,IBURA,COLISÃO,,,1,,,,1,,,,1,,,,,,,,,,,,,,,,,,
2017-10-13,07:14:00,COM VÍTIMA,FINALIZADA,VARZEA,RUA JOAO SALES MENEZES,3,357,,E/F AO EDF. RIO AMAZONAS,RUA JOAO SALES MENEZES,357,E/F AO EDF. RIO AMAZONAS,VÁRZEA,COLISÃO,,1,1,,,,,,,,1,,,,,,,,,,,,,,,,,,
2017-10-13,10:08:00,COM VÍTIMA,FINALIZADA,DERBY,AV GOVERNADOR AGAMENON MAGALHAES,0,,,CRUZAMENTO COM RUA DOM BOSCO - SENTIDO BOA VIAGEM-OLINDA,AV GOVERNADOR AGAMENON MAGALHAES,0,CRUZAMENTO COM RUA DOM BOSCO - SENTIDO BOA VIAGEM-OLINDA,DERBY,COLISÃO,,,1,,,,,,1,,2,,,,,,,,,,,,,,,,,,
2017-10-13,11:12:00,COM VÍTIMA,FINALIZADA,CASA AMARELA,EST DO ENCANAMENTO,4,1284,,RUA DA CASA DE FESTA ESTRIPOLIA,EST DO ENCANAMENTO,1284,RUA DA CASA DE FESTA ESTRIPOLIA,CASA AMARELA,COLISÃO COM CICLISTA,,,1,,1,,,,,,1,,,,,,,,,,,,,,,,,,
2017-10-13,18:26:00,COM VÍTIMA,FINALIZADA,BOA VISTA,RUA DA UNIAO,0,,,CRUZAMENTO COM A RUA MAMEDE SIMÕES // E/F AO BAR BOI NEON,RUA DA UNIAO,0,CRUZAMENTO COM A RUA MAMEDE SIMÕES // E/F AO BAR BOI NEON,BOA VISTA,COLISÃO,,1,1,,,,,,,,1,,,,,,,,,,,,,,,,,,
2017-10-14,08:28:00,COM VÍTIMA,FINALIZADA,IMBIRIBEIRA,RUA ANTONIO FALCAO,0,,,SENTIDO BOA VIAGEM EM FRENTE A ESTAÇÃO ANTONIO FALÃO,RUA ANTONIO FALCAO,0,SENTIDO BOA VIAGEM EM FRENTE A ESTAÇÃO ANTONIO FALÃO,IMBIRIBEIRA,COLISÃO,,1,1,,,,,,,,1,,,,,,,,,,,,,,,,,,
2017-10-14,15:01:00,COM VÍTIMA,FINALIZADA,BOA VISTA,RUA DO HOSPICIO,0,,,AO LADO DO PARQUE TREZE DE MAIO,RUA DO HOSPICIO,0,AO LADO DO PARQUE TREZE DE MAIO,BOA VISTA,CAPOTAMENTO,,1,,,,,,,,,1,,,,,,,,,,,,,,,,,,
2017-10-14,19:44:00,COM VÍTIMA,FINALIZADA,ILHA JOANA BEZERRA,RUA CAPITAO TEMUDO,0,,,ENCIMA DO VIADUTO SENTIDO BOA VIAGEM,VIADUTO CAPITAO TEMUDO,0,ENCIMA DO VIADUTO SENTIDO BOA VIAGEM,JOANA BEZERRA,COLISÃO,,2,,,,,,,,,1,,,,,,,,,,,,,,,,,,
2017-10-14,20:11:00,VÍTIMA FATAL,FINALIZADA,JARDIM SAO PAULO,EST DO CURADO,3,343,,PROX À FAVELA PLANETA DOS MACACOS E À OFICINA MÁRCIO DO CARBURADOR,EST DO CURADO,343,PROX À FAVELA PLANETA DOS MACACOS E À OFICINA MÁRCIO DO CARBURADOR,JARDIM SÃO PAULO,ATROPELAMENTO,,,1,,,1,,,,,,1,,,,,,,,,,,,,,,,,
2017-10-14,20:25:00,COM VÍTIMA,FINALIZADA,JIQUIA,RUA SAO MIGUEL,0,,,ANTES DO COLEGIO VISÃO E DECISÃO   NA FRENTE DO POSTO IPIRANGA - SENTIDO SUBURBIO,RUA SAO MIGUEL,0,ANTES DO COLEGIO VISÃO E DECISÃO   NA FRENTE DO POSTO IPIRANGA - SENTIDO SUBURBIO,JIQUIÁ,ATROPELAMENTO,,1,,,,1,,,,,1,,,,,,,,,,,,,,,,,,
2017-10-15,06:20:00,COM VÍTIMA,FINALIZADA,PRADO,AV ENGENHEIRO ABDIAS DE CARVALHO,0,,,SENTIDO SUBURBIO CIDADE EM FRENTE AO HABIB´S EM BAIXO DO SEMAFORO 132,AV ENGENHEIRO ABDIAS DE CARVALHO,0,SENTIDO SUBURBIO CIDADE EM FRENTE AO HABIB´S EM BAIXO DO SEMAFORO 132,PRADO,COLISÃO,,1,1,,,,,,,,1,,,,,,,,,,,,,,,,,,
2017-10-15,07:33:00,COM VÍTIMA,FINALIZADA,AFOGADOS,RUA MOTOCOLOMBO,0,,,SEMÁFORO 039,RUA MOTOCOLOMBO,0,SEMÁFORO 039,AFOGADOS,COLISÃO,,1,1,,,,,,,,1,,,,,,,,,,,,,,,,,,
2017-10-15,10:12:00,COM VÍTIMA,FINALIZADA,IPSEP,AV RECIFE,0,,,E/F AO ANTIGO BOMPREÇO,AV RECIFE,0,E/F AO ANTIGO BOMPREÇO,IPSEP,ACID. DE PERCURSO,,,1,,,,,,,,2,,,,,,,,,,,,,,,,,,
2017-10-15,13:51:00,COM VÍTIMA,FINALIZADA,CASA FORTE,AV DEZESSETE DE AGOSTO,0,,,ENFRENTE AO AÇUDE   PERTO DO POSTO PETROBRAS,AV DEZESSETE DE AGOSTO,0,ENFRENTE AO AÇUDE   PERTO DO POSTO PETROBRAS,CASA FORTE,COLISÃO,,2,,,,,,,,,1,,,,,,,,,,,,,,,,,,
2017-10-16,01:58:00,COM VÍTIMA,FINALIZADA,GRACAS,AV RUI BARBOSA,3,760,,EM FRENTE A DROGARIA SÃO PAULO  PROX DA LOSA AVESSO,AV RUI BARBOSA,760,EM FRENTE A DROGARIA SÃO PAULO  PROX DA LOSA AVESSO,GRAÇAS,CHOQUE,,1,,,,,,,,,1,,,,,,,,,,,,,,,,,,
2017-10-16,02:31:00,COM VÍTIMA,FINALIZADA,AGUA FRIA,EST VELHA DE AGUA FRIA,0,,,EM FRENTE A ANTIGA DELEGACIA  PROX DO GIRADOURA DA BOMBA,EST VELHA DE AGUA FRIA,0,EM FRENTE A ANTIGA DELEGACIA  PROX DO GIRADOURA DA BOMBA,ÁGUA FRIA,CAPOTAMENTO,,1,,,,,,,,,1,,,,,,,,,,,,,,,,,,
2017-10-16,10:10:00,COM VÍTIMA,FINALIZADA,MADALENA,RUA DEMOCRITO DE SOUZA FILHO,3,370,,PROX. A PADARIA PAO MASSA  E A FACIPE,RUA DEMOCRITO DE SOUZA FILHO,370,PROX. A PADARIA PAO MASSA  E A FACIPE,MADALENA,COLISÃO COM CICLISTA,,1,,,1,,,,,,1,,,,,,,,,,,,,,,,,,
2017-10-16,11:23:00,COM VÍTIMA,FINALIZADA,BEBERIBE,PRC DA CONVENCAO,0,,,EM FRENTE AO POSTO DE GASOLINA BR,PRC DA CONVENCAO,0,EM FRENTE AO POSTO DE GASOLINA BR,BEBERIBE,COLISÃO,,1,1,,,,,,,,1,,,,,,,,,,,,,,,,,,
2017-10-16,16:36:00,COM VÍTIMA,FINALIZADA,CASA AMARELA,RUA DA HARMONIA,3,824,,E/F DA ACADEMIA ACTIVE FITNESS,RUA DA HARMONIA,824,E/F DA ACADEMIA ACTIVE FITNESS,CASA AMARELA,COLISÃO,,1,1,,,,,,,,1,,,,,,,,,,,,,,,,,,
2017-10-16,20:24:00,COM VÍTIMA,FINALIZADA,BOA VIAGEM,AV BOA VIAGEM,0,,,COM HERCULANO BANDEIRA  PROX. DO JCPM NO ULTIMO SEMAFORO DA AV. BOA VIAGEM EM FRENTE DO POSTO DE GASOLINA BR,AV BOA VIAGEM,0,COM HERCULANO BANDEIRA  PROX. DO JCPM NO ULTIMO SEMAFORO DA AV. BOA VIAGEM EM FRENTE DO POSTO DE GASOLINA BR,BOA VIAGEM,COLISÃO,,1,1,,,,,,,,1,,,,,,,,,,,,,,,,,,
2017-10-16,21:06:00,COM VÍTIMA,FINALIZADA,TAMARINEIRA,EST VELHA DE AGUA FRIA,3,618,,EM FRENTE DO BAR DO CHICO E NACIONAL GRAFICA,EST VELHA DE AGUA FRIA,618,EM FRENTE DO BAR DO CHICO E NACIONAL GRAFICA,TAMARINEIRA,COLISÃO,,1,1,,,,,,,,2,,,,,,,,,,,,,,,,,,
2017-10-17,07:20:00,COM VÍTIMA,FINALIZADA,IBURA,RUA EXP FRANCISCO VITORIANO,3,237,,EM FRENTE A ANTIGA PISCINA DE ZINHO,RUA EXP FRANCISCO VITORIANO,237,EM FRENTE A ANTIGA PISCINA DE ZINHO,IBURA,COLISÃO,,1,1,,,,,,,,2,,,,,,,,,,,,,,,,,,
2017-10-17,12:28:00,COM VÍTIMA,FINALIZADA,ARRUDA,AV BEBERIBE,0,,,EM FRENTE AO POSTO BR/ NO SEMÁFORO 131,AV BEBERIBE,0,EM FRENTE AO POSTO BR/ NO SEMÁFORO 131,ARRUDA,COLISÃO,,1,1,,,,,,,,1,,,,,,,,,,,,,,,,,,
2017-10-17,12:29:00,COM VÍTIMA,FINALIZADA,SANTO AMARO,AV GOVERNADOR AGAMENON MAGALHAES,3,S/N,,SOB O SEMÁFORO 578 NO SENTIDO DERBY / OLINDA NA VIA PRINCIPAL,AV GOVERNADOR AGAMENON MAGALHAES,S/N,SOB O SEMÁFORO 578 NO SENTIDO DERBY / OLINDA NA VIA PRINCIPAL,SANTO AMARO,COLISÃO,,1,1,,,,,,,,1,,,,,,,,,,,,,,,,,,
2017-10-17,13:28:00,COM VÍTIMA,FINALIZADA,BEBERIBE,AV BEBERIBE,0,,,CRUZAMENTO COM RUA CORONEL URBANO R. DE SENA  SEMAFORO 307,AV BEBERIBE,0,CRUZAMENTO COM RUA CORONEL URBANO R. DE SENA  SEMAFORO 307,BEBERIBE,COLISÃO,,,2,,,,,,,,2,,,,,,,,,,,,,,,,,,
2017-10-17,16:01:00,COM VÍTIMA,FINALIZADA,BOA VIAGEM,RUA MARQUES DE VALENCA,3,350,,AO LADO DA IGREJA NOVA,RUA MARQUES DE VALENCA,350,AO LADO DA IGREJA NOVA,BOA VIAGEM,COLISÃO COM CICLISTA,,1,,,1,,,,,,1,,,,,,,,,,,,,,,,,,
2017-10-17,19:52:00,COM VÍTIMA,FINALIZADA,JORDAO,AV MARIA IRENE,0,,,EM FRENTE AO POSTO TOTAL,AV MARIA IRENE,0,EM FRENTE AO POSTO TOTAL,JORDÃO,COLISÃO,,1,1,,,,,,,,1,,,,,,,,,,,,,,,,,,
2017-10-18,07:06:00,COM VÍTIMA,FINALIZADA,CORDEIRO,AV GENERAL SAN MARTIN,3,801,,RM FRENTE AO EDF SANTA BARBARA,AV GENERAL SAN MARTIN,801,RM FRENTE AO EDF SANTA BARBARA,CORDEIRO,COLISÃO,,1,1,,,,,,,,1,,,,,,,,,,,,,,,,,,
2017-10-18,09:24:00,COM VÍTIMA,FINALIZADA,TEJIPIO,AV DR JOSE RUFINO,0,,,EM FRENTE AO COLEGIO VISÃO,AV DR JOSE RUFINO,0,EM FRENTE AO COLEGIO VISÃO,TEJIPIÓ,COLISÃO,,1,1,,,,,,,,1,,,,,,,,,,,,,,,,,,
2017-10-18,11:15:00,COM VÍTIMA,FINALIZADA,DOIS IRMAOS,RUA DOIS IRMAOS,0,,,SENTIDO CENTRO EM FRENTE AO MOTEL SENZALA,RUA DOIS IRMAOS,0,SENTIDO CENTRO EM FRENTE AO MOTEL SENZALA,DOIS IRMÃOS,COLISÃO,,1,1,,,,,,,,2,,,,,,,,,,,,,,,,,,
2017-10-18,16:48:00,COM VÍTIMA,FINALIZADA,TAMARINEIRA,AV NORTE,0,,,APÓS AO CRUZAMENTO DA ESTRADA VELHA DE AGUA FRIA,AV NORTE,0,APÓS AO CRUZAMENTO DA ESTRADA VELHA DE AGUA FRIA,TAMARINEIRA,COLISÃO,,1,1,,,,,,,,1,,,,,,,,,,,,,,,,,,
2017-10-19,07:56:00,COM VÍTIMA,FINALIZADA,BOA VIAGEM,AV CELSO FURTADO,3,S/N,,SENTIDO CIDADE /SUBURBIO LADO OPOSTO AO EXTRA,AVENIDA CELSO FURTADO (VIA MANGUE),S/N,SENTIDO CIDADE /SUBURBIO LADO OPOSTO AO EXTRA,BOA VIAGEM,COLISÃO,,,,,,,,,,,1,,,,,,,,,,,,,,,,,,
2017-10-19,08:23:00,COM VÍTIMA,FINALIZADA,CAMPO GRANDE,RUA SAO CAETANO,3,318,,PROX. AO CLUB DAS PAES,RUA SAO CAETANO,318,PROX. AO CLUB DAS PAES,CAMPO GRANDE,COLISÃO,,2,,,,,,,,,1,,,,,,,,,,,,,,,,,,
2017-10-19,08:28:00,COM VÍTIMA,FINALIZADA,IMBIRIBEIRA,AV MARECHAL MASCARENHAS DE MORAES,0,,,E/F DO POSTO SHELL S/T PIEDADE,AV MARECHAL MASCARENHAS DE MORAES,0,E/F DO POSTO SHELL S/T PIEDADE,IMBIRIBEIRA,COLISÃO,,1,1,,,,,,,,1,,,,,,,,,,,,,,,,,,
2017-10-19,12:36:00,COM VÍTIMA,FINALIZADA,GUABIRABA,AV DA RECUPERACAO,0,,,NA ENTRADA DO CORREGO DO MARRECO,AV DA RECUPERACAO,0,NA ENTRADA DO CORREGO DO MARRECO,GUABIRABA,COLISÃO,,1,1,,,,,,,,1,,,,,,,,,,,,,,,,,,
2017-10-19,12:41:00,COM VÍTIMA,FINALIZADA,AREIAS,AV CAPITAO GREGORIO DE CALDAS,3,272,,AO LADO DA ACADEMIA FIST FORMA,AV CAPITAO GREGORIO DE CALDAS,272,AO LADO DA ACADEMIA FIST FORMA,AREIAS,COLISÃO,,1,1,,,,,,,,1,,,,,,,,,,,,,,,,,,
2017-10-19,14:20:00,COM VÍTIMA,FINALIZADA,IMBIRIBEIRA,AV MARECHAL MASCARENHAS DE MORAES,0,,,SENTIDO AFOGADOS EM FRENTE A CAIXA ECONOMICA COM O POSTO DE GASOLINA IPIRANGA,AV MARECHAL MASCARENHAS DE MORAES,0,SENTIDO AFOGADOS EM FRENTE A CAIXA ECONOMICA COM O POSTO DE GASOLINA IPIRANGA,IMBIRIBEIRA,COLISÃO,,1,1,,,,,,,,1,,,,,,,,,,,,,,,,,,
2017-10-19,15:02:00,COM VÍTIMA,FINALIZADA,ENCRUZILHADA,RUA FERNANDO CESAR,0,,,PRAÇA DA CERVEJA,RUA FERNANDO CESAR,0,PRAÇA DA CERVEJA,ENCRUZILHADA,COLISÃO,,1,1,,,,,,,,2,,,,,,,,,,,,,,,,,,
2017-10-19,15:10:00,COM VÍTIMA,FINALIZADA,BOA VISTA,RUA AURORA,0,,,CRUZAMENTO COM RUA RIACHUELO,RUA AURORA,0,CRUZAMENTO COM RUA RIACHUELO,BOA VISTA,COLISÃO,,,1,,,,1,,,,1,,,,,,,,,,,,,,,,,,