data,hora,natureza_acidente,situacao,bairro,endereco,,numero,detalhe_endereco_acidente,complemento,endereco_cruzamento,numero_cruzamento,referencia_cruzamento,bairro_cruzamento,tipo,descricao,auto,moto,ciclom,ciclista,pedestre,onibus,caminhao,viatura,outros,vitimas,vitimasfatais,num_semaforo,sentido_via,acidente_verificado,tempo_clima,situacao_semaforo,sinalizacao,condicao_via,conservacao_via,ponto_controle,situacao_placa,velocidade_max_via,mao_direcao,divisao_via1,divisao_via2,divisao_via3,_id,Protocolo
2017-10-19,16:43:00,COM VÍTIMA,FINALIZADA,BOA VIAGEM,RUA BARAO DE SOUZA LEAO,3,965,,EM FRENTE A LAVANDERIA NAPOLITANA,RUA BARAO DE SOUZA LEAO,965,EM FRENTE A LAVANDERIA NAPOLITANA,BOA VIAGEM,COLISÃO,,1,1,,,,,,,,2,,,,,,,,,,,,,,,,,,
2017-10-19,17:30:00,COM VÍTIMA,FINALIZADA,SANTO AMARO,RUA TREZE DE MAIO,4,1005,,POR TRAS DA LOJA ADELMO AUTO PEÇAS,RUA TREZE DE MAIO,1005,POR TRAS DA LOJA ADELMO AUTO PEÇAS,SANTO AMARO,COLISÃO,,1,1,,,,,,,,1,,,,,,,,,,,,,,,,,,
2017-10-19,18:00:00,COM VÍTIMA,FINALIZADA,CORDEIRO,RUA N S DA SAUDE,0,,,SEGUNDA RUA A ESQUERDA  APÓS O MURO DA EXPOSIÇÃO DE ANIMAIS.,RUA N S DA SAUDE,0,SEGUNDA RUA A ESQUERDA  APÓS O MURO DA EXPOSIÇÃO DE ANIMAIS.,CORDEIRO,COLISÃO,,,,,,,,,,,1,,,,,,,,,,,,,,,,,,
2017-10-20,00:15:00,COM VÍTIMA,FINALIZADA,TORRE,RUA MARQUES DE MARICA,2,12,,PROX DO CENTRO MEDICO SOMAR  PROX DO SUSHI LANCHES  PROX DA PRAÇA DA TORRE,RUA MARQUES DE MARICA,12,PROX DO CENTRO MEDICO SOMAR  PROX DO SUSHI LANCHES  PROX DA PRAÇA DA TORRE,TORRE,COLISÃO,,,2,,,,,,,,3,,,,,,,,,,,,,,,,,,
2017-10-20,08:41:00,COM VÍTIMA,FINALIZADA,AFOGADOS,RUA COSME VIANA,0,,,NO SEMAFORO Nº333 PX DA FACULDADE FAREC Nº132,RUA COSME VIANA,0,NO SEMAFORO Nº333 PX DA FACULDADE FAREC Nº132,AFOGADOS,COLISÃO,,1,1,,,,,,,,1,,,,,,,,,,,,,,,,,,
2017-10-20,12:37:00,COM VÍTIMA,FINALIZADA,ILHA DO LEITE,AV GOVERNADOR AGAMENON MAGALHAES,0,,,SEMÁFORO 069 SENTIDO OLINDA,AV GOVERNADOR AGAMENON MAGALHAES,0,SEMÁFORO 069 SENTIDO OLINDA,ILHA DO LEITE,COLISÃO,,1,,1,,,,,,,1,,,,,,,,,,,,,,,,,,
2017-10-20,15:01:00,COM VÍTIMA,FINALIZADA,SAO JOSE,AV SUL,2,67,,,AV SUL,67,0,SÃO JOSÉ,COLISÃO,,,1,,,,,1,,,1,,,,,,,,,,,,,,,,,,
2017-10-20,18:28:00,COM VÍTIMA,FINALIZADA,TEJIPIO,AV DR JOSE RUFINO,0,,,E/F AO COLÉGIO ALBERTO TORRES,AV DR JOSE RUFINO,0,E/F AO COLÉGIO ALBERTO TORRES,TEJIPIÓ,COLISÃO,,1,1,,,,,,,,2,,,,,,,,,,,,,,,,,,
2017-10-21,07:01:00,COM VÍTIMA,FINALIZADA,PINA,AV ANTONIO DE GOES,0,,,SAIDA DO TUNEL,AV ANTONIO DE GOES,0,SAIDA DO TUNEL,PINA,COLISÃO,,1,1,,,,,,,,1,,,,,,,,,,,,,,,,,,
2017-10-21,07:11:00,COM VÍTIMA,FINALIZADA,SAN MARTIN,AV GENERAL SAN MARTIN,4,1371,,E/F AO INSTITUTO AGRONÔMICO DE PERNAMBUCO,AV GENERAL SAN MARTIN,1371,E/F AO INSTITUTO AGRONÔMICO DE PERNAMBUCO,SAN MARTIN,CHOQUE,,1,,,,,,,,,1,,,,,,,,,,,,,,,,,,
2017-10-21,07:36:00,COM VÍTIMA,FINALIZADA,SAN MARTIN,AV GENERAL SAN MARTIN,4,1952,,EM FRENTE AO PEDALI AÇAI,AV GENERAL SAN MARTIN,1952,EM FRENTE AO PEDALI AÇAI,SAN MARTIN,CAPOTAMENTO,,2,1,,,,,,,,1,,,,,,,,,,,,,,,,,,
2017-10-21,12:32:00,COM VÍTIMA,FINALIZADA,IMBIRIBEIRA,AV MARECHAL MASCARENHAS DE MORAES,3,474,,EM FRENTE SPORT CAR SENTIDO CIDADE/SUBURBIO,AV MARECHAL MASCARENHAS DE MORAES,474,EM FRENTE SPORT CAR SENTIDO CIDADE/SUBURBIO,IMBIRIBEIRA,COLISÃO,,1,1,,,,,,,,2,,,,,,,,,,,,,,,,,,
2017-10-21,13:09:00,COM VÍTIMA,FINALIZADA,CAXANGA,AV CAXANGA,0,,,PRÓXIMO AO SUPERMERCADO EXTRA  NA SUBIDA DO ELEVADO DO BRT  SENTIDO CID/ SUB,AV CAXANGA,0,PRÓXIMO AO SUPERMERCADO EXTRA  NA SUBIDA DO ELEVADO DO BRT  SENTIDO CID/ SUB,CAXANGÁ,ATROPELAMENTO,,,1,,,1,,,,,2,,,,,,,,,,,,,,,,,,
2017-10-21,14:30:00,COM VÍTIMA,FINALIZADA,SAO JOSE,RUA IMPERIAL,0,,,CRUZAMENTO COM A TRAVESSA PADRE AZEVEDO - SEMF. 511,RUA IMPERIAL,0,CRUZAMENTO COM A TRAVESSA PADRE AZEVEDO - SEMF. 511,SÃO JOSÉ,COLISÃO,,1,1,,,,,,,,1,,,,,,,,,,,,,,,,,,
2017-10-21,18:40:00,COM VÍTIMA,FINALIZADA,ZUMBI,AV CAXANGA,3,833,,DEPOIS DA CAIXA ECONOMICA O PRIMEIRO BRT SENTIDO RECIFE SEMAFORO 274,AV CAXANGA,833,DEPOIS DA CAIXA ECONOMICA O PRIMEIRO BRT SENTIDO RECIFE SEMAFORO 274,ZUMBI,COLISÃO COM CICLISTA,,1,,,1,,,,,,1,,,,,,,,,,,,,,,,,,
2017-10-21,22:54:00,COM VÍTIMA,FINALIZADA,CORDEIRO,RUA DO FORTE,0,,,PROX AO YOKI GALETOS,RUA DO FORTE,0,PROX AO YOKI GALETOS,CORDEIRO,COLISÃO,,1,,1,,,,,,,1,,,,,,,,,,,,,,,,,,
2017-10-22,11:20:00,COM VÍTIMA,FINALIZADA,IPSEP,RUA ITAJAI,0,,,CRUZAMENTO COM A RUA PAMPULHA  AO LADO DA PADARIA VALE DO RIO DOCE,RUA ITAJAI,0,CRUZAMENTO COM A RUA PAMPULHA  AO LADO DA PADARIA VALE DO RIO DOCE,IPSEP,COLISÃO,,1,1,,,,,,,,1,,,,,,,,,,,,,,,,,,
2017-10-22,13:04:00,COM VÍTIMA,FINALIZADA,SANTO ANTONIO,RUA DO SOL,0,,,COM A AVENIDA GUARARAPES,RUA DO SOL,0,COM A AVENIDA GUARARAPES,SANTO ANTÔNIO,ATROPELAMENTO,,,1,,,1,,,,,1,,,,,,,,,,,,,,,,,,
2017-10-22,17:08:00,COM VÍTIMA,FINALIZADA,DERBY,AV GOVERNADOR AGAMENON MAGALHAES,0,,,EM FRENTE A PRAÇA DO DERBY/ SENTIDO BOA VIAGEM,AV GOVERNADOR AGAMENON MAGALHAES,0,EM FRENTE A PRAÇA DO DERBY/ SENTIDO BOA VIAGEM,DERBY,ATROPELAMENTO,,,1,,,1,,,,,1,,,,,,,,,,,,,,,,,,
2017-10-22,19:32:00,COM VÍTIMA,FINALIZADA,VARZEA,AV PROFESSOR ARTUR DE SA,4,1190,,PROXIMO AO BAR KELLY,AV PROFESSOR ARTUR DE SA,1190,PROXIMO AO BAR KELLY,VÁRZEA,COLISÃO,,1,1,,,,,,,,1,,,,,,,,,,,,,,,,,,
2017-10-23,08:46:00,COM VÍTIMA,FINALIZADA,BOA VISTA,RUA NUNES MACHADO,0,,,CRUZAMENTO COM A RUA OLIVEIRA LIMA,RUA NUNES MACHADO,0,CRUZAMENTO COM A RUA OLIVEIRA LIMA,BOA VISTA,ATROPELAMENTO,,,1,,,1,,,,,1,,,,,,,,,,,,,,,,,,
2017-10-23,09:03:00,COM VÍTIMA,FINALIZADA,ENCRUZILHADA,AV NORTE,4,2530,,PERTO A JACAUNA,AV NORTE,2530,PERTO A JACAUNA,ENCRUZILHADA,COLISÃO,,,1,,,,1,,,,1,,,,,,,,,,,,,,,,,,
2017-10-23,09:11:00,COM VÍTIMA,FINALIZADA,SANTO ANTONIO,AV MARTINS DE BARROS,0,,,COM PRIMEIRO DE MARÇO,AV MARTINS DE BARROS,0,COM PRIMEIRO DE MARÇO,SANTO ANTÔNIO,COLISÃO,,,,,,,1,,1,,1,,,,,,,,,,,,,,,,,,
2017-10-23,12:29:00,COM VÍTIMA,FINALIZADA,ESPINHEIRO,RUA CONS PORTELA,3,238,,PROX. A IGREJA DAS GRASÇAS,RUA CONS PORTELA,238,PROX. A IGREJA DAS GRASÇAS,ESPINHEIRO,CHOQUE,,,,,,,1,,,,24,,,,,,,,,,,,,,,,,,
2017-10-23,13:48:00,COM VÍTIMA,FINALIZADA,ENCRUZILHADA,AV NORTE,0,,,COM JOÃO DE BARROS  SEMÁFORO 043,AV NORTE,0,COM JOÃO DE BARROS  SEMÁFORO 043,ENCRUZILHADA,ATROPELAMENTO,,,1,,,1,,,,,1,,,,,,,,,,,,,,,,,,
2017-10-24,00:18:00,COM VÍTIMA,FINALIZADA,SANTO AMARO,AV GOVERNADOR AGAMENON MAGALHAES,0,,,PRÓXIMO AO POSTO DISLUB // SENTIDO OLINDA // SEMAFORO 049,AV GOVERNADOR AGAMENON MAGALHAES,0,PRÓXIMO AO POSTO DISLUB // SENTIDO OLINDA // SEMAFORO 049,SANTO AMARO,COLISÃO,,2,,,,,,,,,1,,,,,,,,,,,,,,,,,,
2017-10-24,06:59:00,VÍTIMA FATAL,FINALIZADA,IBURA,RUA DOZE DE JULHO,4,1395,,RESIDENCIA LADEIRA DA LAGOA ENCANTADA UR 03 IBURA,RUA DOZE DE JULHO,1395,RESIDENCIA LADEIRA DA LAGOA ENCANTADA UR 03 IBURA,IBURA,COLISÃO,,,1,,,,1,,,,,1,,,,,,,,,,,,,,,,,
2017-10-24,08:44:00,COM VÍTIMA,FINALIZADA,BOA VIAGEM,AV DOM JOAO VI,0,,,POR TRAS DO SHOPPING CENTER RECIFE NO SENTIDO VIA MANGUE,AV DOM JOAO VI,0,POR TRAS DO SHOPPING CENTER RECIFE NO SENTIDO VIA MANGUE,BOA VIAGEM,COLISÃO,,1,1,,,,,,,,1,,,,,,,,,,,,,,,,,,
2017-10-24,10:19:00,COM VÍTIMA,FINALIZADA,CASA AMARELA,EST DO ENCANAMENTO,0,,,HOSITAL SANTA LUZIA,EST DO ENCANAMENTO,0,HOSITAL SANTA LUZIA,CASA AMARELA,COLISÃO,,1,,,,,,,,,1,,,,,,,,,,,,,,,,,,
2017-10-24,10:51:00,COM VÍTIMA,FINALIZADA,CASA AMARELA,RUA CONS NABUCO,3,109,,EM FRENTE A CASA DE FESTA PLANETA A ESQUINA COM A RUA DA HARMONIA,RUA CONS NABUCO,109,EM FRENTE A CASA DE FESTA PLANETA A ESQUINA COM A RUA DA HARMONIA,CASA AMARELA,COLISÃO,,1,1,,,,,,,,1,,,,,,,,,,,,,,,,,,
2017-10-24,11:04:00,COM VÍTIMA,FINALIZADA,IBURA,RUA ENGENHO MEGAO,2,12,,PROX. A OFICINA DE MOISES,RUA ENGENHO MEGAO,12,PROX. A OFICINA DE MOISES,IBURA,COLISÃO,,,,1,,,,1,,,1,,,,,,,,,,,,,,,,,,
2017-10-24,13:15:00,COM VÍTIMA,FINALIZADA,CAXANGA,AV CAXANGA,0,,,NA ESQUINA DO HIPER S/T CID,AV CAXANGA,0,NA ESQUINA DO HIPER S/T CID,CAXANGÁ,COLISÃO,,1,1,,,,,,,,2,,,,,,,,,,,,,,,,,,
2017-10-24,18:03:00,COM VÍTIMA,FINALIZADA,CORDEIRO,AV CAXANGA,3,S/N,,EM FRENTE AO HOSPITAL GETÚLIO VARGAS,AV CAXANGA,S/N,EM FRENTE AO HOSPITAL GETÚLIO VARGAS,CORDEIRO,COLISÃO,,1,1,,,,,,,,1,,,,,,,,,,,,,,,,,,
2017-10-24,18:54:00,COM VÍTIMA,FINALIZADA,CASA AMARELA,AV NORTE,4,5147,,E/F A BIKE NORTE,AV NORTE,5147,E/F A BIKE NORTE,CASA AMARELA,COLISÃO COM CICLISTA,,,,,1,,1,,,,1,,,,,,,,,,,,,,,,,,
2017-10-25,09:36:00,COM VÍTIMA,FINALIZADA,SAN MARTIN,AV GENERAL SAN MARTIN,0,,,E/F COMPAZ,AV GENERAL SAN MARTIN,0,E/F COMPAZ,SAN MARTIN,COLISÃO,,1,1,,,,,,,,1,,,,,,,,,,,,,,,,,,
2017-10-25,10:33:00,COM VÍTIMA,FINALIZADA,SAO JOSE,C SANTA RITA,0,,,SENTIDO BOA VIAGEM,C SANTA RITA,0,SENTIDO BOA VIAGEM,SÃO JOSÉ,COLISÃO,,,1,,,,1,,,,1,,,,,,,,,,,,,,,,,,
2017-10-25,11:40:00,COM VÍTIMA,FINALIZADA,AFOGADOS,RUA COSME VIANA,0,,,E/F AO RAFAEL RODAS,RUA COSME VIANA,0,E/F AO RAFAEL RODAS,AFOGADOS,COLISÃO,,,2,,,,,,,,1,,,,,,,,,,,,,,,,,,
2017-10-25,12:08:00,COM VÍTIMA,FINALIZADA,PINA,PTE GOVERNADOR PAULO GUERRA,0,,,FAIXA EXCLUSIVA  SENTIDO BOA VIAGEM,PTE GOVERNADOR PAULO GUERRA,0,FAIXA EXCLUSIVA  SENTIDO BOA VIAGEM,PINA,COLISÃO,,1,1,,,,,,,,1,,,,,,,,,,,,,,,,,,
2017-10-25,12:29:00,COM VÍTIMA,FINALIZADA,BARRO,AV DR JOSE RUFINO,0,,,EM FRENTE A NOVA CRECHE TANCREDO NEVES,AV DR JOSE RUFINO,0,EM FRENTE A NOVA CRECHE TANCREDO NEVES,BARRO,COLISÃO,,1,1,,,,,,,,1,,,,,,,,,,,,,,,,,,
2017-10-25,16:34:00,COM VÍTIMA,FINALIZADA,SAO JOSE,C SANTA RITA,0,,,SOBRE O VIADUTO DAS 5 PONTAS,C SANTA RITA,0,SOBRE O VIADUTO DAS 5 PONTAS,SÃO JOSÉ,COLISÃO,,,1,,,,,,,,1,,,,,,,,,,,,,,,,,,
2017-10-25,19:21:00,COM VÍTIMA,FINALIZADA,IPUTINGA,RUA SAO MATEUS,3,303,,PROX AO CRUZAMENTO COM A CAXANGA / PROX A IGREJA UNIVERSAL,RUA SAO MATEUS,303,PROX AO CRUZAMENTO COM A CAXANGA / PROX A IGREJA UNIVERSAL,IPUTINGA,COLISÃO,,1,1,,,,,,,,1,,,,,,,,,,,,,,,,,,
2017-10-25,19:59:00,COM VÍTIMA,FINALIZADA,MADALENA,AV JOSE GONCALVES DE MEDEIROS,0,,,E/F AO MERCADO EXTRA DO BENFICA E PROX AO CAMPO DO SPORT,AV JOSE GONCALVES DE MEDEIROS,0,E/F AO MERCADO EXTRA DO BENFICA E PROX AO CAMPO DO SPORT,MADALENA,COLISÃO,,1,1,,,,,,,,1,,,,,,,,,,,,,,,,,,
2017-10-26,12:07:00,COM VÍTIMA,FINALIZADA,BOA VIAGEM,AV DOM JOAO VI,0,,,AO LADO SHOPPING RECIFE/ SENTIDO CIDADE,AV DOM JOAO VI,0,AO LADO SHOPPING RECIFE/ SENTIDO CIDADE,BOA VIAGEM,COLISÃO,,3,1,,,,,,,,1,,,,,,,,,,,,,,,,,,
2017-10-26,14:45:00,COM VÍTIMA,FINALIZADA,DERBY,RUA DOM BOSCO,0,,,SEMAFORO 174,RUA DOM BOSCO,0,SEMAFORO 174,DERBY,COLISÃO,,1,1,,,,,,,,1,,,,,,,,,,,,,,,,,,
2017-10-26,15:25:00,COM VÍTIMA,FINALIZADA,AGUA FRIA,AV BEBERIBE,4,2143,,EM FRENTE AO MERCADO PUBLICO DE ÁGUA FRIA/ PROXIMO DO POSTO BR,AV BEBERIBE,2143,EM FRENTE AO MERCADO PUBLICO DE ÁGUA FRIA/ PROXIMO DO POSTO BR,ÁGUA FRIA,COLISÃO,,,1,,,,1,,,,2,,,,,,,,,,,,,,,,,,
2017-10-26,19:44:00,COM VÍTIMA,FINALIZADA,AFOGADOS,RUA SAO MIGUEL,0,,,CRUZAMENTO COM A EST DOS REMÉDIOS --- SEMÁFORO 313,RUA SAO MIGUEL,0,CRUZAMENTO COM A EST DOS REMÉDIOS --- SEMÁFORO 313,AFOGADOS,ATROPELAMENTO,,,,,,1,1,,,,1,,,,,,,,,,,,,,,,,,
2017-10-26,20:16:00,COM VÍTIMA,FINALIZADA,SANTO AMARO,AV GOVERNADOR AGAMENON MAGALHAES,0,,,POR CIMA DO VIADUTO DO SHOPPING TACARUNA,AV GOVERNADOR AGAMENON MAGALHAES,0,POR CIMA DO VIADUTO DO SHOPPING TACARUNA,SANTO AMARO,COLISÃO,,1,1,,,,,,,,1,,,,,,,,,,,,,,,,,,
2017-10-27,14:57:00,COM VÍTIMA,FINALIZADA,CAMPO GRANDE,AV GOVERNADOR AGAMENON MAGALHAES,0,,,SENTIDO CENTRO EM FRENTE A FABRICA TACARUNA,AV GOVERNADOR AGAMENON MAGALHAES,0,SENTIDO CENTRO EM FRENTE A FABRICA TACARUNA,CAMPO GRANDE,COLISÃO,,2,,,,,,,,,1,,,,,,,,,,,,,,,,,,
2017-10-27,18:33:00,COM VÍTIMA,FINALIZADA,AREIAS,AV RECIFE,0,,,ENFR AO HOSPITAL PAM DE AREIAS SENTIDO BOA VIAGEM,AV RECIFE,0,ENFR AO HOSPITAL PAM DE AREIAS SENTIDO BOA VIAGEM,AREIAS,ATROPELAMENTO,,1,,,,1,,,,,1,,,,,,,,,,,,,,,,,,
2017-10-27,19:41:00,COM VÍTIMA,FINALIZADA,CASA FORTE,RUA SANTANA,3,242,,EM FRENTE DO COLEGIO COGNITIVO,RUA SANTANA,242,EM FRENTE DO COLEGIO COGNITIVO,CASA FORTE,COLISÃO,,1,1,,,,,,,,1,,,,,,,,,,,,,,,,,,
2017-10-28,07:22:00,COM VÍTIMA,FINALIZADA,DERBY,RUA HENRIQUE DIAS,0,,,JUNTO AO SPETTUS  SENTIDO BOA VIAGEM,RUA HENRIQUE DIAS,0,JUNTO AO SPETTUS  SENTIDO BOA VIAGEM,DERBY,COLISÃO,,1,1,,,,,,,,1,,,,,,,,,,,,,,,,,,
2017-10-28,12:35:00,COM VÍTIMA,FINALIZADA,IMBIRIBEIRA,RUA CONEGO LIRA,3,153,,CRUZ COM A JOSE FERREIRA LINS EM FRENTE AO NUCLEO DE SEGURANÇA,RUA CONEGO LIRA,153,CRUZ COM A JOSE FERREIRA LINS EM FRENTE AO NUCLEO DE SEGURANÇA,IMBIRIBEIRA,COLISÃO,,1,1,,,,,,,,1,,,,,,,,,,,,,,,,,,
2017-10-28,14:51:00,COM VÍTIMA,FINALIZADA,PINA,RUA JOSE MARIANO FILHO,2,13,,EM FRENTE DA DISTRIBUIDORA ULTRA MATERIAL,RUA JOSE MARIANO FILHO,13,EM FRENTE DA DISTRIBUIDORA ULTRA MATERIAL,PINA,COLISÃO,,1,1,,,,,,,,2,,,,,,,,,,,,,,,,,,
2017-10-29,06:41:00,COM VÍTIMA,FINALIZADA,IBURA,AV DOZE DE JUNHO,0,,,JUNTO AO SEMAFORO 512,AV DOZE DE JUNHO,0,JUNTO AO SEMAFORO 512,IBURA,COLISÃO,,1,1,,,,,,,,1,,,,,,,,,,,,,,,,,,
2017-10-29,08:36:00,COM VÍTIMA,FINALIZADA,GUABIRABA,AV VEREADOR OTACILIO AZEVEDO,2,30,,PROX. A GARAGEM DA GLOBO  EMPRESA DE ONIBUS,AV VEREADOR OTACILIO AZEVEDO,30,PROX. A GARAGEM DA GLOBO  EMPRESA DE ONIBUS,GUABIRABA,COLISÃO,,1,1,,,,,,,,1,,,,,,,,,,,,,,,,,,
2017-10-29,15:37:00,COM VÍTIMA,FINALIZADA,CURADO,RUA DR GEORGE WILLIAM BUTLER,2,60,,EM FRENTE A GARAGEM DA EMPRESA CONTIGIO,RUA DR GEORGE WILLIAM BUTLER,60,EM FRENTE A GARAGEM DA EMPRESA CONTIGIO,CURADO,COLISÃO,,1,1,,,,,,,,1,,,,,,,,,,,,,,,,,,
2017-10-30,00:44:00,COM VÍTIMA,FINALIZADA,BOA VIAGEM,AV ENGENHEIRO DOMINGOS FERREIRA,0,,,CRUZAMENTO COM AV FÉLIX DE BRITO // SMÁFORO 545,AV ENGENHEIRO DOMINGOS FERREIRA,0,CRUZAMENTO COM AV FÉLIX DE BRITO // SMÁFORO 545,BOA VIAGEM,COLISÃO,,1,1,,,,,,,,1,,,,,,,,,,,,,,,,,,
2017-10-30,08:11:00,COM VÍTIMA,FINALIZADA,BOA VIAGEM,RUA BELMONTE,3,113,,CRUZ/COM A RUA JOSE DOMINGOS DA SILVA.,RUA BELMONTE,113,CRUZ/COM A RUA JOSE DOMINGOS DA SILVA.,BOA VIAGEM,COLISÃO,,1,1,,,,,,,,1,,,,,,,,,,,,,,,,,,
2017-10-30,10:50:00,COM VÍTIMA,FINALIZADA,IMBIRIBEIRA,AV MARECHAL MASCARENHAS DE MORAES,0,,,EM FRENTE AO AEROPORTO,AV MARECHAL MASCARENHAS DE MORAES,0,EM FRENTE AO AEROPORTO,IMBIRIBEIRA,COLISÃO,,2,1,,,,,,,,1,,,,,,,,,,,,,,,,,,
2017-10-30,12:48:00,COM VÍTIMA,FINALIZADA,CASA AMARELA,RUA PAULA BATISTA,0,,,E/F AO MERCADO BOMPREÇO DE CA,RUA PAULA BATISTA,0,E/F AO MERCADO BOMPREÇO DE CA,CASA AMARELA,COLISÃO,,,2,,,,,,,,2,,,,,,,,,,,,,,,,,,
2017-10-30,17:01:00,COM VÍTIMA,FINALIZADA,ILHA JOANA BEZERRA,AV MARTIN LUTHER KING,3,455,,AO LADO DA ACADEMIA DA CIDADE,AV MARTIN LUTHER KING,455,AO LADO DA ACADEMIA DA CIDADE,JOANA BEZERRA,COLISÃO,,1,1,,,,,,,,2,,,,,,,,,,,,,,,,,,
2017-10-30,18:43:00,COM VÍTIMA,FINALIZADA,SAO JOSE,AV AGOSTINHO GOMES,0,,,POR TRAS DO TERMIONAL DE JOANA BEZERRA CRUZAMENTO COM AV DESEMBARGADOR GUERRA BARRETO,AV AGOSTINHO GOMES,0,POR TRAS DO TERMIONAL DE JOANA BEZERRA CRUZAMENTO COM AV DESEMBARGADOR GUERRA BARRETO,SÃO JOSÉ,COLISÃO,,,1,,,,1,,,,1,,,,,,,,,,,,,,,,,,
2017-10-30,19:17:00,COM VÍTIMA,FINALIZADA,ARRUDA,AV BEBERIBE,0,,,E/F AO SANTA CRUZ,AV BEBERIBE,0,E/F AO SANTA CRUZ,ARRUDA,COLISÃO,,1,1,,,,,,,,1,,,,,,,,,,,,,,,,,,
2017-10-30,20:04:00,COM VÍTIMA,FINALIZADA,BEBERIBE,AV BEBERIBE,4,3173,,NA ENTRADA DE CAJUEIRO E PADARIA CONTINENTAL,AV BEBERIBE,3173,NA ENTRADA DE CAJUEIRO E PADARIA CONTINENTAL,BEBERIBE,ATROPELAMENTO,,1,,,,1,,,,,2,,,,,,,,,,,,,,,,,,
2017-10-30,22:28:00,COM VÍTIMA,FINALIZADA,CAXANGA,AV CAXANGA,0,,,ENFR A CAXANGA VEICULOS SENTIDO CAMARAGIBE,AV CAXANGA,0,ENFR A CAXANGA VEICULOS SENTIDO CAMARAGIBE,CAXANGÁ,COLISÃO,,1,1,,,,,,,,1,,,,,,,,,,,,,,,,,,
2017-10-31,08:04:00,COM VÍTIMA,FINALIZADA,ARRUDA,AV PROFESSOR JOSE DOS ANJOS,0,,,SENTIDO PEIXINHOS  NO CRUZAMENTODA JERONIMO VILELA. SEMÁFORO 642,AV PROFESSOR JOSE DOS ANJOS,0,SENTIDO PEIXINHOS  NO CRUZAMENTODA JERONIMO VILELA. SEMÁFORO 642,ARRUDA,COLISÃO,,1,1,,,,,,,,1,,,,,,,,,,,,,,,,,,
2017-10-31,09:30:00,COM VÍTIMA,FINALIZADA,SANTO AMARO,RUA DA SAUDADE,3,281,,PROX. AO EXPRESSO CIDADÃO  A MAIS OU MENOS UNS QUATRO METROS DO LOCAL,RUA DA SAUDADE,281,PROX. AO EXPRESSO CIDADÃO  A MAIS OU MENOS UNS QUATRO METROS DO LOCAL,SANTO AMARO,ATROPELAMENTO,,1,,,,1,,,,,1,,,,,,,,,,,,,,,,,,
2017-10-31,09:51:00,COM VÍTIMA,FINALIZADA,TORROES,RUA DEZESSEIS DE OUTUBRO,0,,,POR TRAS DA PRAÇA DO 15  NO TERMINAL DA AV DO FORTE,RUA DEZESSEIS DE OUTUBRO,0,POR TRAS DA PRAÇA DO 15  NO TERMINAL DA AV DO FORTE,TORRÕES,COLISÃO,,1,1,,,,,,,,1,,,,,,,,,,,,,,,,,,
2017-10-31,11:25:00,COM VÍTIMA,FINALIZADA,AFOGADOS,EST DOS REMEDIOS,4,1481,,EM FRENTE DA PEUGEOT,EST DOS REMEDIOS,1481,EM FRENTE DA PEUGEOT,AFOGADOS,COLISÃO,,1,1,,,,,,,,2,,,,,,,,,,,,,,,,,,
2017-10-31,18:17:00,COM VÍTIMA,FINALIZADA,MADALENA,RUA BENFICA,0,,,NA SAIDA DO BOMPREÇO  EM FRENTE DA BENFICA CENTER,RUA BENFICA,0,NA SAIDA DO BOMPREÇO  EM FRENTE DA BENFICA CENTER,MADALENA,COLISÃO,,1,1,,,,,,,,1,,,,,,,,,,,,,,,,,,
2017-10-31,19:51:00,COM VÍTIMA,FINALIZADA,MADALENA,RUA MONSENHOR JULIO MARIA,3,176,,ANTES DA SUBWAY,RUA MONSENHOR JULIO MARIA,176,ANTES DA SUBWAY,MADALENA,COLISÃO,,1,1,,,,,,,,1,,,,,,,,,,,,,,,,,,
2017-10-31,20:29:00,COM VÍTIMA,FINALIZADA,BOA VISTA,RUA AURORA,2,87,,NO SEMAFORO 579  COM RUA DO RIACHUELO,RUA AURORA,87,NO SEMAFORO 579  COM RUA DO RIACHUELO,BOA VISTA,COLISÃO,,,,,,,2,,,,1,,,,,,,,,,,,,,,,,,
2017-11-01,06:36:00,COM VÍTIMA,FINALIZADA,IMBIRIBEIRA,RUA DR VALDIR PESSOA,0,,,SENTIDO AFOGADOS AO LADO DA CONCESSIONARIA GRANVIA,RUA DR VALDIR PESSOA,0,SENTIDO AFOGADOS AO LADO DA CONCESSIONARIA GRANVIA,IMBIRIBEIRA,ATROPELAMENTO,,1,,,,1,,,,,1,,,,,,,,,,,,,,,,,,
2017-11-01,09:57:00,COM VÍTIMA,FINALIZADA,AFOGADOS,EST DOS REMEDIOS,0,,,APOS O ARMAZEM CORAL  EM FRENTE AO PONTAL DA PESCA  SENTIDO MADALENA,EST DOS REMEDIOS,0,APOS O ARMAZEM CORAL  EM FRENTE AO PONTAL DA PESCA  SENTIDO MADALENA,AFOGADOS,COLISÃO COM CICLISTA,,1,,,1,,,,,,1,,,,,,,,,,,,,,,,,,
2017-11-01,17:08:00,COM VÍTIMA,FINALIZADA,VASCO DA GAMA,RUA VASCO DA GAMA,0,,,BAR DA LEDA,RUA VASCO DA GAMA,0,BAR DA LEDA,VASCO DA GAMA,ATROPELAMENTO,,1,,,,1,,,,,1,,,,,,,,,,,,,,,,,,
2017-11-02,04:20:00,COM VÍTIMA,FINALIZADA,ROSARINHO,RUA COUTO MAGALHAES,3,395,,PRÓXIMO AO COLÉGIO FAZER CRESCER //PRÓXIMO AO CURSO DE INGLÊS FISC,RUA COUTO MAGALHAES,395,PRÓXIMO AO COLÉGIO FAZER CRESCER //PRÓXIMO AO CURSO DE INGLÊS FISC,ROSARINHO,CHOQUE,,,1,,,,,,,,1,,,,,,,,,,,,,,,,,,
2017-11-02,11:30:00,COM VÍTIMA,FINALIZADA,AGUA FRIA,RUA DA REGENERACAO,3,944,,PROX DO CRUZAMENTO DAS RUAS DAS MOÇAS E DO ANTIGO DEPOSITO COCA COLA,RUA DA REGENERACAO,944,PROX DO CRUZAMENTO DAS RUAS DAS MOÇAS E DO ANTIGO DEPOSITO COCA COLA,ÁGUA FRIA,COLISÃO,,1,1,,,,,,,,1,,,,,,,,,,,,,,,,,,
2017-11-02,12:22:00,COM VÍTIMA,FINALIZADA,CASA AMARELA,RUA CORREGO DO EUCLIDES,2,64,,EM FRENTE A CONFORTO MOVEIS,RUA CORREGO DO EUCLIDES,64,EM FRENTE A CONFORTO MOVEIS,CASA AMARELA,COLISÃO,,1,2,,,,,,,,1,,,,,,,,,,,,,,,,,,
2017-11-02,14:23:00,COM VÍTIMA,FINALIZADA,SITIO DOS PINTOS,RUA MANUEL DE MEDEIROS,0,,,PROX. A PRAÇA DOIS IRMAOS  E FACULDADE RURAL  SENTIDO T.I DA MACAXEIRA,RUA MANUEL DE MEDEIROS,0,PROX. A PRAÇA DOIS IRMAOS  E FACULDADE RURAL  SENTIDO T.I DA MACAXEIRA,SÍTIO DOS PINTOS,COLISÃO,,1,,,,,1,,,,1,,,,,,,,,,,,,,,,,,