data,hora,natureza_acidente,situacao,bairro,endereco,,numero,detalhe_endereco_acidente,complemento,endereco_cruzamento,numero_cruzamento,referencia_cruzamento,bairro_cruzamento,tipo,descricao,auto,moto,ciclom,ciclista,pedestre,onibus,caminhao,viatura,outros,vitimas,vitimasfatais,num_semaforo,sentido_via,acidente_verificado,tempo_clima,situacao_semaforo,sinalizacao,condicao_via,conservacao_via,ponto_controle,situacao_placa,velocidade_max_via,mao_direcao,divisao_via1,divisao_via2,divisao_via3,_id,Protocolo
2017-11-13,08:14:00,COM VÍTIMA,FINALIZADA,IMBIRIBEIRA,AV MARECHAL MASCARENHAS DE MORAES,0,,,EM FRENTE AO DESKONTÃO,AV MARECHAL MASCARENHAS DE MORAES,0,EM FRENTE AO DESKONTÃO,IMBIRIBEIRA,COLISÃO,,1,1,,,,,,,,1,,,,,,,,,,,,,,,,,,
2017-11-13,09:06:00,COM VÍTIMA,FINALIZADA,BOA VIAGEM,RUA SYLO BITTENCOURT,4,2022,,EM FRENTE DA GALERIA EUROPA,RUA SYLO BITTENCOURT,2022,EM FRENTE DA GALERIA EUROPA,BOA VIAGEM,COLISÃO,,1,1,,,,,,,,1,,,,,,,,,,,,,,,,,,
2017-11-13,13:27:00,COM VÍTIMA,FINALIZADA,PINA,PTE GOVERNADOR PAULO GUERRA,0,,,EM CIMA DA PONTE /SENTIDO PINA,PTE GOVERNADOR PAULO GUERRA,0,EM CIMA DA PONTE /SENTIDO PINA,PINA,COLISÃO,,,2,,,,,,,,2,,,,,,,,,,,,,,,,,,
2017-11-13,14:22:00,COM VÍTIMA,FINALIZADA,PARNAMIRIM,AV FLOR DE SANTANA,2,48,,AO LADO DO BURGER KING  PROX. DA FARMACIA PAGUE MENOS,AV FLOR DE SANTANA,48,AO LADO DO BURGER KING  PROX. DA FARMACIA PAGUE MENOS,PARNAMIRIM,COLISÃO,,1,1,,,,,,,,1,,,,,,,,,,,,,,,,,,
2017-11-13,16:53:00,COM VÍTIMA,FINALIZADA,SANTO ANTONIO,RUA IMPERIAL,3,660,,ANTES DO HOTEL CRISTAL,RUA IMPERIAL,660,ANTES DO HOTEL CRISTAL,SANTO ANTÔNIO,COLISÃO,,,1,,,,,1,,,1,,,,,,,,,,,,,,,,,,
2017-11-13,16:59:00,COM VÍTIMA,FINALIZADA,VARZEA,AV AFONSO OLINDENSE,0,,,EM FRENRE DO SUPERMERCADO ARCO-IRIS E PRAÇA DA VARZEA,AV AFONSO OLINDENSE,0,EM FRENRE DO SUPERMERCADO ARCO-IRIS E PRAÇA DA VARZEA,VÁRZEA,COLISÃO COM CICLISTA,,1,,,1,,,,,,1,,,,,,,,,,,,,,,,,,
2017-11-13,17:20:00,COM VÍTIMA,FINALIZADA,CURADO,RUA DR GEORGE WILLIAM BUTLER,3,863,,EM FRENTE DA GARAGEM DA BORBOREMA,RUA DR GEORGE WILLIAM BUTLER,863,EM FRENTE DA GARAGEM DA BORBOREMA,CURADO,ATROPELAMENTO,,,,,,1,1,,,,1,,,,,,,,,,,,,,,,,,
2017-11-13,17:29:00,COM VÍTIMA,FINALIZADA,CASA AMARELA,RUA BELA VISTA,3,226,,PROXIMO AO COLEGIO CARLOS DE LIMA CAVALCANTI,RUA BELA VISTA,226,PROXIMO AO COLEGIO CARLOS DE LIMA CAVALCANTI,CASA AMARELA,COLISÃO,,1,1,,,,,,,,1,,,,,,,,,,,,,,,,,,
2017-11-13,18:27:00,COM VÍTIMA,FINALIZADA,JAQUEIRA,RUA SIMAO MENDES,2,92,,ED MAIRIYARA VILLAGE E CABELEREIRO LE VISAGE,RUA SIMAO MENDES,92,ED MAIRIYARA VILLAGE E CABELEREIRO LE VISAGE,JAQUEIRA,COLISÃO,,1,1,,,,,,,,1,,,,,,,,,,,,,,,,,,
2017-11-13,19:03:00,COM VÍTIMA,FINALIZADA,IMBIRIBEIRA,AV MARECHAL MASCARENHAS DE MORAES,0,,,PROXIMO A UPA DA IMBIRIBEIRA,AV MARECHAL MASCARENHAS DE MORAES,0,PROXIMO A UPA DA IMBIRIBEIRA,IMBIRIBEIRA,COLISÃO,,1,,,,,1,,,,1,,,,,,,,,,,,,,,,,,
2017-11-13,21:10:00,COM VÍTIMA,FINALIZADA,ESPINHEIRO,RUA AMELIA,2,59,,PROX AO ESPINHEIRO SHOPPING,RUA AMELIA,59,PROX AO ESPINHEIRO SHOPPING,ESPINHEIRO,COLISÃO,,1,1,,,,,,,,1,,,,,,,,,,,,,,,,,,
2017-11-13,21:53:00,COM VÍTIMA,FINALIZADA,ESPINHEIRO,RUA MARQUES DO PARANA,0,,,CRUZAMNETO COM ALFREDO DE MEDEIROS,RUA MARQUES DO PARANA,0,CRUZAMNETO COM ALFREDO DE MEDEIROS,ESPINHEIRO,COLISÃO,,2,,,,,,,,,1,,,,,,,,,,,,,,,,,,
2017-11-13,22:39:00,COM VÍTIMA,FINALIZADA,CASA FORTE,AV DEZESSETE DE AGOSTO,0,,,CRUZ COM A R LAURINDO COELHO / AO LADO DA HYUNDAI E E/F AO ITAU,AV DEZESSETE DE AGOSTO,0,CRUZ COM A R LAURINDO COELHO / AO LADO DA HYUNDAI E E/F AO ITAU,CASA FORTE,COLISÃO,,1,1,,,,,,,,1,,,,,,,,,,,,,,,,,,
2017-11-14,13:18:00,COM VÍTIMA,FINALIZADA,ENGENHO DO MEIO,AV CAXANGA,0,,,SENTIDO CIDADE EM BAIXO DO VIADUTO DA CAXANGA EM FRENTE AO POSTO DE GASOLINA BR,AV CAXANGA,0,SENTIDO CIDADE EM BAIXO DO VIADUTO DA CAXANGA EM FRENTE AO POSTO DE GASOLINA BR,ENGENHO DO MEIO,COLISÃO,,1,1,,,,,,,,1,,,,,,,,,,,,,,,,,,
2017-11-14,14:44:00,COM VÍTIMA,FINALIZADA,ESPINHEIRO,AV GOVERNADOR AGAMENON MAGALHAES,0,,,EM FRENTE A EMBRATEL E AO LADO DA MC DONALDS,AV GOVERNADOR AGAMENON MAGALHAES,0,EM FRENTE A EMBRATEL E AO LADO DA MC DONALDS,ESPINHEIRO,COLISÃO,,1,1,,,,,,,,1,,,,,,,,,,,,,,,,,,
2017-11-14,21:37:00,COM VÍTIMA,FINALIZADA,IBURA,AV SERRA DA MANTIQUEIRA,3,115,,NA LADEIRA DO MONTE VERDE,AV SERRA DA MANTIQUEIRA,115,NA LADEIRA DO MONTE VERDE,IBURA,ATROPELAMENTO,,,1,,,1,,,,,2,,,,,,,,,,,,,,,,,,
2017-11-15,11:40:00,COM VÍTIMA,FINALIZADA,MANGUEIRA,AV DR JOSE RUFINO,0,,,EM FRENTE AO ARMAZEM CORAL/ SENTIDO AFOGADOS,AV DR JOSE RUFINO,0,EM FRENTE AO ARMAZEM CORAL/ SENTIDO AFOGADOS,MANGUEIRA,COLISÃO COM CICLISTA,,,1,,1,,,,,,1,,,,,,,,,,,,,,,,,,
2017-11-15,16:26:00,COM VÍTIMA,FINALIZADA,PINA,AV ANTONIO DE GOES,3,742,,E/F DO EMPRESARIAL JOPIN,AV ANTONIO DE GOES,742,E/F DO EMPRESARIAL JOPIN,PINA,COLISÃO,,1,1,,,,,,,,1,,,,,,,,,,,,,,,,,,
2017-11-15,18:56:00,COM VÍTIMA,FINALIZADA,SANTO AMARO,AV NORTE,0,,,APÓS A IGREJA DE SÃO SEBASTIÃO  E/F AO CENTRO DA JUVENTUDE DE SANTO AMARO. SENTIDO CIDADE,AV NORTE,0,APÓS A IGREJA DE SÃO SEBASTIÃO  E/F AO CENTRO DA JUVENTUDE DE SANTO AMARO. SENTIDO CIDADE,SANTO AMARO,ATROPELAMENTO,,,,,,1,1,,,,1,,,,,,,,,,,,,,,,,,
2017-11-15,23:27:00,COM VÍTIMA,FINALIZADA,NOVA DESCOBERTA,AV VEREADOR OTACILIO AZEVEDO,4,1078,,AO LADO UPA DE NOVA DESCOBERTA,AV VEREADOR OTACILIO AZEVEDO,1078,AO LADO UPA DE NOVA DESCOBERTA,NOVA DESCOBERTA,CHOQUE,,,1,,,,,,,,2,,,,,,,,,,,,,,,,,,
2017-11-16,08:34:00,COM VÍTIMA,FINALIZADA,SANTO AMARO,RUA TREZE DE MAIO,0,,,EM FRENTE DA DELEGACIA DA MULHER,RUA TREZE DE MAIO,0,EM FRENTE DA DELEGACIA DA MULHER,SANTO AMARO,COLISÃO,,1,2,,,,,,,,2,,,,,,,,,,,,,,,,,,
2017-11-16,12:11:00,COM VÍTIMA,FINALIZADA,CASA FORTE,AV DEZESSETE DE AGOSTO,4,1465,,E/F DA ´PRAÇA DE CASA FORTE,AV DEZESSETE DE AGOSTO,1465,E/F DA ´PRAÇA DE CASA FORTE,CASA FORTE,COLISÃO,,1,1,,,,,,,,1,,,,,,,,,,,,,,,,,,
2017-11-16,12:16:00,COM VÍTIMA,FINALIZADA,ARRUDA,RUA JERONIMO VILELA,0,,,NO SEMAFORO 341 E/F DO SUPERMERCADO DOIS E BOM,RUA JERONIMO VILELA,0,NO SEMAFORO 341 E/F DO SUPERMERCADO DOIS E BOM,ARRUDA,COLISÃO,,2,1,,,,,,,,1,,,,,,,,,,,,,,,,,,
2017-11-16,12:25:00,COM VÍTIMA,FINALIZADA,BOA VIAGEM,RUA VISCONDE DE JEQUITINHONHA,0,,,PROX DA PADARIA PAN JOVEM NO SEMAFORO 154,RUA VISCONDE DE JEQUITINHONHA,0,PROX DA PADARIA PAN JOVEM NO SEMAFORO 154,BOA VIAGEM,COLISÃO,,1,1,,,,,,,,1,,,,,,,,,,,,,,,,,,
2017-11-16,13:08:00,COM VÍTIMA,FINALIZADA,SANTO AMARO,AV CRUZ CABUGA,3,481,,EM FRENTE A ACADEMIA HAVANA  SENTIDO CIDADE.,AV CRUZ CABUGA,481,EM FRENTE A ACADEMIA HAVANA  SENTIDO CIDADE.,SANTO AMARO,ATROPELAMENTO,,,,,,,,,,,1,,,,,,,,,,,,,,,,,,
2017-11-16,15:38:00,COM VÍTIMA,FINALIZADA,IBURA,RUA EXP FRANCISCO VITORIANO,0,,,UR5  PROX. AO SUPER MERCADO TREVO,RUA EXP FRANCISCO VITORIANO,0,UR5  PROX. AO SUPER MERCADO TREVO,IBURA,ATROPELAMENTO,,,,,,1,1,,,,1,,,,,,,,,,,,,,,,,,
2017-11-16,15:47:00,COM VÍTIMA,FINALIZADA,ENGENHO DO MEIO,RUA ANTONIO CURADO,3,855,,EM FRENTE A IGREJA UNIVERSAL,RUA ANTONIO CURADO,855,EM FRENTE A IGREJA UNIVERSAL,ENGENHO DO MEIO,COLISÃO,,2,1,,,,,,,,1,,,,,,,,,,,,,,,,,,
2017-11-16,18:25:00,COM VÍTIMA,FINALIZADA,PONTO DE PARADA,RUA COUTO MAGALHAES,3,128,,PROX A BARRACA DO ALCIDES,RUA COUTO MAGALHAES,128,PROX A BARRACA DO ALCIDES,PONTO DE PARADA,COLISÃO,,1,1,,,,,,,,1,,,,,,,,,,,,,,,,,,
2017-11-17,09:13:00,COM VÍTIMA,FINALIZADA,ARRUDA,AV BEBERIBE,0,,,E/F A NISSAN  SEMÁFORO 480 SENTIDO ESTADIO DO ARRUDA.,AV BEBERIBE,0,E/F A NISSAN  SEMÁFORO 480 SENTIDO ESTADIO DO ARRUDA.,ARRUDA,COLISÃO,,1,,,,,1,,,,1,,,,,,,,,,,,,,,,,,
2017-11-17,09:18:00,COM VÍTIMA,FINALIZADA,SAO JOSE,AV ENGENHEIRO JOSE ESTELITA,0,,,NA SUBIDA DA PONTE  SENTIDO MARCO ZERO.,AV ENGENHEIRO JOSE ESTELITA,0,NA SUBIDA DA PONTE  SENTIDO MARCO ZERO.,SÃO JOSÉ,COLISÃO,,1,1,,,,,,,,1,,,,,,,,,,,,,,,,,,
2017-11-17,10:34:00,COM VÍTIMA,FINALIZADA,CASA AMARELA,RUA DEPUTADO MARIO MONTEIRO,1,9,,EM FRENTE A BANCA DE BICHO CAMINHO DA SORTE SENTIDO AV NORTE,RUA DEPUTADO MARIO MONTEIRO,9,EM FRENTE A BANCA DE BICHO CAMINHO DA SORTE SENTIDO AV NORTE,CASA AMARELA,COLISÃO,,,2,,,,,,,,1,,,,,,,,,,,,,,,,,,
2017-11-17,14:27:00,COM VÍTIMA,FINALIZADA,PINA,AV ENGENHEIRO DOMINGOS FERREIRA,3,604,,ANTES DO CLINICAL CENTER,AV ENGENHEIRO DOMINGOS FERREIRA,604,ANTES DO CLINICAL CENTER,PINA,COLISÃO,,,2,,,,,,,,1,,,,,,,,,,,,,,,,,,
2017-11-17,16:37:00,COM VÍTIMA,FINALIZADA,TORROES,EST DO FORTE DO ARRAIAL N. DO B. JESUS,4,1291,,ESPETINHO DA BENÉ,EST DO FORTE DO ARRAIAL N. DO B. JESUS,1291,ESPETINHO DA BENÉ,TORRÕES,COLISÃO,,1,1,,,,,,,,1,,,,,,,,,,,,,,,,,,
2017-11-17,17:04:00,COM VÍTIMA,FINALIZADA,ILHA JOANA BEZERRA,RUA CAPITAO TEMUDO,0,,,EM FRENTE AO FORUM JOANA BEZERRA  NA ALÇA DO MEIO  SENTIDO BOA VIAGEM,VIADUTO CAPITAO TEMUDO,0,EM FRENTE AO FORUM JOANA BEZERRA  NA ALÇA DO MEIO  SENTIDO BOA VIAGEM,ILHA JOANA BEZERRA,COLISÃO,,,1,,,,,,,,1,,,,,,,,,,,,,,,,,,
2017-11-17,17:30:00,COM VÍTIMA,FINALIZADA,CORDEIRO,AV CAXANGA,0,,,CRUZ COM A GENERAL SAN MARTIN,AV CAXANGA,0,CRUZ COM A GENERAL SAN MARTIN,CORDEIRO,COLISÃO,,1,,,,,,,,,1,,,,,,,,,,,,,,,,,,
2017-11-18,09:32:00,COM VÍTIMA,FINALIZADA,IMBIRIBEIRA,AV MARECHAL MASCARENHAS DE MORAES,0,,,APÓS O HOTEL IBIS  SENTIDO SUBÚRBIO CIDADE,AV MARECHAL MASCARENHAS DE MORAES,0,APÓS O HOTEL IBIS  SENTIDO SUBÚRBIO CIDADE,IMBIRIBEIRA,COLISÃO,,,,,,,,,,,1,,,,,,,,,,,,,,,,,,
2017-11-19,08:42:00,COM VÍTIMA,FINALIZADA,ILHA DO RETIRO,RUA SPORT CLUBE DO RECIFE,0,,,EM FRENTE AO SPORT CLUBE DO RECIFE,RUA SPORT CLUBE DO RECIFE,0,EM FRENTE AO SPORT CLUBE DO RECIFE,ILHA DO RETIRO,COLISÃO,,1,1,,,,,,,,1,,,,,,,,,,,,,,,,,,
2017-11-19,10:31:00,COM VÍTIMA,FINALIZADA,PINA,AV BOA VIAGEM,3,158,,,AV BOA VIAGEM,158,0,PINA,COLISÃO,,1,1,,,,,,,,1,,,,,,,,,,,,,,,,,,
2017-11-19,13:32:00,COM VÍTIMA,FINALIZADA,AFOGADOS,RUA SAO MIGUEL,3,553,,PROX. A IGREJA DA FE E BANCO DO BRASIL,RUA SAO MIGUEL,553,PROX. A IGREJA DA FE E BANCO DO BRASIL,AFOGADOS,COLISÃO,,1,1,,,,,,,,1,,,,,,,,,,,,,,,,,,
2017-11-19,18:06:00,COM VÍTIMA,FINALIZADA,AGUA FRIA,RUA LADEIRA DE PEDRA,3,136,,ANTIGA MACAXEIRA DO GORDO  A PRIMEIRA A DIREITA,RUA LADEIRA DE PEDRA,136,ANTIGA MACAXEIRA DO GORDO  A PRIMEIRA A DIREITA,ÁGUA FRIA,COLISÃO,,1,1,,,,,,,,1,,,,,,,,,,,,,,,,,,
2017-11-19,18:11:00,COM VÍTIMA,FINALIZADA,VARZEA,RUA GENERAL POLIDORO,4,1050,AV PROFESSOR ARTUR DE SA,DEFRONTE AO POSTO BR,RUA GENERAL POLIDORO,1050,DEFRONTE AO POSTO BR,VÁRZEA,COLISÃO,,,2,,,,,,,,2,,,,,,,,,,,,,,,,,,
2017-11-20,07:24:00,COM VÍTIMA,FINALIZADA,ILHA DO LEITE,AV FREI MATIAS TEVES,0,,,SEMAFORO Nº122,AV FREI MATIAS TEVES,0,SEMAFORO Nº122,ILHA DO LEITE,COLISÃO,,1,1,,,,,,,,1,,,,,,,,,,,,,,,,,,
2017-11-20,07:55:00,COM VÍTIMA,FINALIZADA,TAMARINEIRA,AV NORTE,4,4111,,SENT CIDADE / APOS O HOTEL VIA NORTE,AV NORTE,4111,SENT CIDADE / APOS O HOTEL VIA NORTE,TAMARINEIRA,COLISÃO,,1,1,,,,,,,,1,,,,,,,,,,,,,,,,,,
2017-11-20,08:03:00,COM VÍTIMA,FINALIZADA,BOA VIAGEM,AV RECIFE,0,,,NO INICIO DA AV.RECIFE NO SET.BR,AV RECIFE,0,NO INICIO DA AV.RECIFE NO SET.BR,BOA VIAGEM,COLISÃO,,1,,,,,,1,,,1,,,,,,,,,,,,,,,,,,
2017-11-20,15:13:00,COM VÍTIMA,FINALIZADA,ESPINHEIRO,AV GOVERNADOR AGAMENON MAGALHAES,0,,,NA DESCIDA DO VIADUTO DA JOÃO DE BARROS  ANTES DA RUA BUENOS AYRES,AV GOVERNADOR AGAMENON MAGALHAES,0,NA DESCIDA DO VIADUTO DA JOÃO DE BARROS  ANTES DA RUA BUENOS AYRES,ESPINHEIRO,COLISÃO,,,,,,,,,,,1,,,,,,,,,,,,,,,,,,
2017-11-20,17:24:00,COM VÍTIMA,FINALIZADA,VARZEA,AV CAXANGA,0,,,CRUZAMENTO COM A RUA AFONSO OLINDENSE,AV CAXANGA,0,CRUZAMENTO COM A RUA AFONSO OLINDENSE,VÁRZEA,COLISÃO,,1,1,,,,,,,,1,,,,,,,,,,,,,,,,,,
2017-11-20,19:40:00,COM VÍTIMA,FINALIZADA,MADALENA,AV VISCONDE DE ALBUQUERQUE,3,401,,EM FRENTE DA ASTRAL VEICULOS,AV VISCONDE DE ALBUQUERQUE,401,EM FRENTE DA ASTRAL VEICULOS,MADALENA,COLISÃO,,1,1,,,,,,,,1,,,,,,,,,,,,,,,,,,
2017-11-21,09:14:00,COM VÍTIMA,FINALIZADA,IPUTINGA,RUA DR NINA RODRIGUES,0,,,NA RUA DO BANCO SANTADER,RUA DR NINA RODRIGUES,0,NA RUA DO BANCO SANTADER,IPUTINGA,COLISÃO,,1,1,,,,,,,,1,,,,,,,,,,,,,,,,,,
2017-11-21,19:07:00,COM VÍTIMA,FINALIZADA,ARRUDA,AV BEBERIBE,4,1165,,NO SEMAFORO 131 EM FRENTE DO BOMPREÇO,AV BEBERIBE,1165,NO SEMAFORO 131 EM FRENTE DO BOMPREÇO,ARRUDA,COLISÃO,,1,1,,,,,,,,1,,,,,,,,,,,,,,,,,,
2017-11-21,19:23:00,COM VÍTIMA,FINALIZADA,BOA VISTA,RUA DOM BOSCO,0,,,EM FRENTE DO COLEGIO AMERICANO BATISTA E O COLEGIO CONTATO,RUA DOM BOSCO,0,EM FRENTE DO COLEGIO AMERICANO BATISTA E O COLEGIO CONTATO,BOA VISTA,COLISÃO,,2,1,,,1,,,,,1,,,,,,,,,,,,,,,,,,
2017-11-22,06:50:00,COM VÍTIMA,FINALIZADA,BONGI,EST DO BONGI,3,855,,AO LADO DA DELEGACIA DA MUSTARDINHA,EST DO BONGI,855,AO LADO DA DELEGACIA DA MUSTARDINHA,BONGI,COLISÃO,,1,1,,,,,,,,1,,,,,,,,,,,,,,,,,,
2017-11-22,09:04:00,COM VÍTIMA,FINALIZADA,SAO JOSE,AV ENGENHEIRO JOSE ESTELITA,0,,,SENT CIDADE NO PE DA PONTE,AV ENGENHEIRO JOSE ESTELITA,0,SENT CIDADE NO PE DA PONTE,SÃO JOSÉ,COLISÃO,,1,1,,,,,,,,1,,,,,,,,,,,,,,,,,,
2017-11-22,12:16:00,COM VÍTIMA,FINALIZADA,CAXANGA,RUA FRANCISCO TORRES,0,,,PROXIMO A FONTE ÁGUA DA TERRA,RUA FRANCISCO TORRES,0,PROXIMO A FONTE ÁGUA DA TERRA,CAXANGÁ,COLISÃO,,1,1,,,,,,,,1,,,,,,,,,,,,,,,,,,
2017-11-22,12:49:00,COM VÍTIMA,FINALIZADA,BOA VISTA,AV CONDE DA BOA VISTA,0,,,INÍCIO COM A RUA DOM BOSCO,AV CONDE DA BOA VISTA,0,INÍCIO COM A RUA DOM BOSCO,BOA VISTA,COLISÃO,,,1,,,,1,,,,1,,,,,,,,,,,,,,,,,,
2017-11-22,14:54:00,COM VÍTIMA,FINALIZADA,MADALENA,RUA DR JOSE MARCELINO,0,,,COM RUA NOBRE DE LACERDA E/F DA NAGEM,RUA DR JOSE MARCELINO,0,COM RUA NOBRE DE LACERDA E/F DA NAGEM,MADALENA,COLISÃO,,1,1,,,,,,,,2,,,,,,,,,,,,,,,,,,
2017-11-22,16:46:00,COM VÍTIMA,FINALIZADA,CAMPO GRANDE,RUA ODORICO MENDES,0,,,SEMAFORO 049  EM FRENTE AO IC  SENTIDO CLUBE DAS PAES,RUA ODORICO MENDES,0,SEMAFORO 049  EM FRENTE AO IC  SENTIDO CLUBE DAS PAES,CAMPO GRANDE,COLISÃO,,1,1,,,,,,,,1,,,,,,,,,,,,,,,,,,
2017-11-22,17:12:00,COM VÍTIMA,FINALIZADA,AFOGADOS,RUA SAO MIGUEL,4,1285,,EM FRENTE A EMPRESA NACIONAL AMANCO,RUA SAO MIGUEL,1285,EM FRENTE A EMPRESA NACIONAL AMANCO,AFOGADOS,COLISÃO,,,1,,,,1,,,,1,,,,,,,,,,,,,,,,,,
2017-11-23,01:00:00,COM VÍTIMA,FINALIZADA,BONGI,RUA SANTA EDWIRGES,0,,,CRUZ. COM ABDIAS DE CARVALHO // NA ALTURA DO HABIB'S // POR TRÁS DA ENGEFRIO,RUA SANTA EDWIRGES,0,CRUZ. COM ABDIAS DE CARVALHO // NA ALTURA DO HABIB'S // POR TRÁS DA ENGEFRIO,BONGI,COLISÃO,,2,,,,,,,,,2,,,,,,,,,,,,,,,,,,
2017-11-23,08:14:00,COM VÍTIMA,FINALIZADA,JAQUEIRA,RUA DO FUTURO,4,1309,,AO LADO DO VERDEFRUT,RUA DO FUTURO,1309,AO LADO DO VERDEFRUT,JAQUEIRA,COLISÃO,,1,1,,,,,,,,1,,,,,,,,,,,,,,,,,,
2017-11-23,09:17:00,COM VÍTIMA,FINALIZADA,GUABIRABA,EST DA MUMBECA,0,,,EM FRENTE A EMPRESA WL EVENTOS SENTIDO ALDEIA,EST DA MUMBECA,0,EM FRENTE A EMPRESA WL EVENTOS SENTIDO ALDEIA,GUABIRABA,COLISÃO,,1,1,,,,,,,,1,,,,,,,,,,,,,,,,,,
2017-11-23,10:24:00,COM VÍTIMA,FINALIZADA,DERBY,AV GOVERNADOR AGAMENON MAGALHAES,0,,,EM FRENTE AO HOSPITAL DA RESTAURAÇAO SENT BOA VIAGEM,AV GOVERNADOR AGAMENON MAGALHAES,0,EM FRENTE AO HOSPITAL DA RESTAURAÇAO SENT BOA VIAGEM,DERBY,COLISÃO,,1,1,,,,,,,,2,,,,,,,,,,,,,,,,,,
2017-11-23,11:28:00,COM VÍTIMA,FINALIZADA,TORREAO,RUA DJALMA FARIAS,3,132,,E/F A CASA DA AMIZADE,RUA DJALMA FARIAS,132,E/F A CASA DA AMIZADE,TORREÃO,COLISÃO,,1,1,,,,,,,,2,,,,,,,,,,,,,,,,,,
2017-11-23,13:13:00,COM VÍTIMA,FINALIZADA,GRACAS,RUA CARDEAL ARCOVERDE,3,237,,PROX A ROSA E SILVA / E/F AO EDF BELMIRO CORREIA,RUA CARDEAL ARCOVERDE,237,PROX A ROSA E SILVA / E/F AO EDF BELMIRO CORREIA,GRAÇAS,COLISÃO,,1,1,,,,,,,,1,,,,,,,,,,,,,,,,,,
2017-11-23,14:26:00,VÍTIMA FATAL,FINALIZADA,CAXANGA,AV JOAQUIM RIBEIRO,0,,,EM FRENTE A FERRO E AÇO SENTIDO CAMARAGIBE,AV JOAQUIM RIBEIRO,0,EM FRENTE A FERRO E AÇO SENTIDO CAMARAGIBE,CAXANGÁ,ATROPELAMENTO,,1,,,,1,,,,,,1,,,,,,,,,,,,,,,,,
2017-11-23,17:59:00,COM VÍTIMA,FINALIZADA,SANTO ANTONIO,RUA DR JOSE MARIANO,0,,,NO FINAL DA PONTE VELHA  SEMAFORO 209,RUA DR JOSE MARIANO,0,NO FINAL DA PONTE VELHA  SEMAFORO 209,SANTO ANTÔNIO,COLISÃO,,1,1,,,,,,,,1,,,,,,,,,,,,,,,,,,
2017-11-24,00:09:00,COM VÍTIMA,FINALIZADA,DERBY,AV GOVERNADOR AGAMENON MAGALHAES,0,,,SEMÁFORO 075 // EM FRENTE A PRAÇA DO DERBY,AV GOVERNADOR AGAMENON MAGALHAES,0,SEMÁFORO 075 // EM FRENTE A PRAÇA DO DERBY,DERBY,COLISÃO,,1,1,,,,,,,,1,,,,,,,,,,,,,,,,,,
2017-11-24,07:44:00,COM VÍTIMA,FINALIZADA,BOA VIAGEM,AV CONSELHEIRO AGUIAR,0,,,CRUZAMENTO COM A RUA TOMÉ GIBSON SEMAFORO 002,AV CONSELHEIRO AGUIAR,0,CRUZAMENTO COM A RUA TOMÉ GIBSON SEMAFORO 002,BOA VIAGEM,COLISÃO,,1,1,,,,,,,,1,,,,,,,,,,,,,,,,,,
2017-11-24,08:30:00,COM VÍTIMA,FINALIZADA,SAN MARTIN,RUA PEDRO MELO,0,,,AO LADO DA IGREJA NOSSA SENHORA DE FATIMA,RUA PEDRO MELO,0,AO LADO DA IGREJA NOSSA SENHORA DE FATIMA,SAN MARTIN,COLISÃO,,1,1,,,,,,,,2,,,,,,,,,,,,,,,,,,
2017-11-24,11:03:00,COM VÍTIMA,FINALIZADA,CORDEIRO,EST DO FORTE DO ARRAIAL N. DO B. JESUS,3,414,,EM FRENTE DA PADARIA RAINHA DO FORTE,EST DO FORTE DO ARRAIAL N. DO B. JESUS,414,EM FRENTE DA PADARIA RAINHA DO FORTE,CORDEIRO,COLISÃO COM CICLISTA,,1,,,1,,,,,,1,,,,,,,,,,,,,,,,,,
2017-11-24,11:17:00,COM VÍTIMA,FINALIZADA,HIPODROMO,RUA PRUDENTE DE MORAES,3,424,,RUA DO POSTO TOTAL,RUA PRUDENTE DE MORAES,424,RUA DO POSTO TOTAL,HIPÓDROMO,COLISÃO,,1,1,,,,,,,,1,,,,,,,,,,,,,,,,,,
2017-11-24,12:46:00,COM VÍTIMA,FINALIZADA,ALTO JOSE BONIFACIO,RUA ALTO DA SERRINHA,0,,,E/F DA ASSEMBLEIA DE DEUS,RUA ALTO DA SERRINHA,0,E/F DA ASSEMBLEIA DE DEUS,ALTO JOSÉ BONIFÁCIO,COLISÃO,,,1,,,,1,,,,1,,,,,,,,,,,,,,,,,,
2017-11-24,12:59:00,COM VÍTIMA,FINALIZADA,PINA,AV ANTONIO DE GOES,0,,,EM FRENTE AO EMPRESARIAL TRADE CENTER,AV ANTONIO DE GOES,0,EM FRENTE AO EMPRESARIAL TRADE CENTER,PINA,COLISÃO,,,,,,,,,,,2,,,,,,,,,,,,,,,,,,
2017-11-24,20:29:00,COM VÍTIMA,FINALIZADA,IBURA,AV RIO SAO FRANCISCO,0,,,EM FRENTE DO SUPERMERCADO PROABE  UR-03,AV RIO SAO FRANCISCO,0,EM FRENTE DO SUPERMERCADO PROABE  UR-03,IBURA,COLISÃO,,,1,,,,1,,,,2,,,,,,,,,,,,,,,,,,
2017-11-24,22:01:00,COM VÍTIMA,FINALIZADA,SANTANA,RUA AFONSO DE ALBUQUERQUE MELO,3,112,,EM FRENTE A PRAÇA   PROX. DO HIPER BOMPREÇO,RUA AFONSO DE ALBUQUERQUE MELO,112,EM FRENTE A PRAÇA   PROX. DO HIPER BOMPREÇO,SANTANA,COLISÃO,,1,1,,,,,,,,2,,,,,,,,,,,,,,,,,,
2017-11-25,07:36:00,COM VÍTIMA,FINALIZADA,SAO JOSE,AV ENGENHEIRO JOSE ESTELITA,0,,,EM FRENTE AS TORRES GEMEAS,AV ENGENHEIRO JOSE ESTELITA,0,EM FRENTE AS TORRES GEMEAS,SÃO JOSÉ,COLISÃO,,,1,,,,,,,,1,,,,,,,,,,,,,,,,,,
2017-11-25,09:02:00,COM VÍTIMA,FINALIZADA,IBURA,RUA DR BENIGNO JORDAO DE VASCONCELOS,2,12,,EM FRENTE AO COLEGIO MOVIMENTO CRIATIVO,RUA DR BENIGNO JORDAO DE VASCONCELOS,12,EM FRENTE AO COLEGIO MOVIMENTO CRIATIVO,IBURA,COLISÃO,,1,1,,,,,,,,2,,,,,,,,,,,,,,,,,,
2017-11-25,09:05:00,COM VÍTIMA,FINALIZADA,IPSEP,RUA JEAN EMILE FAVRE,3,738,,RUA POR TRÁS DO CMH DO HOSPITAL DA POLICIA,RUA JEAN EMILE FAVRE,738,,IPSEP,COLISÃO,,1,1,,,,,,,,1,,,,,,,,,,,,,,,,,,
2017-11-25,10:19:00,COM VÍTIMA,FINALIZADA,BOA VIAGEM,AV ENGENHEIRO DOMINGOS FERREIRA,0,,,SEMÁFORO 217  SENTIDO PIEDADE. DE ESQUINA COM O EDF. AVILA DE NUMERO 315,AV ENGENHEIRO DOMINGOS FERREIRA,0,SEMÁFORO 217  SENTIDO PIEDADE. DE ESQUINA COM O EDF. AVILA DE NUMERO 315,BOA VIAGEM,COLISÃO COM CICLISTA,,1,,,1,,,,,,1,,,,,,,,,,,,,,,,,,