data,hora,natureza_acidente,situacao,bairro,endereco,,numero,detalhe_endereco_acidente,complemento,endereco_cruzamento,numero_cruzamento,referencia_cruzamento,bairro_cruzamento,tipo,descricao,auto,moto,ciclom,ciclista,pedestre,onibus,caminhao,viatura,outros,vitimas,vitimasfatais,num_semaforo,sentido_via,acidente_verificado,tempo_clima,situacao_semaforo,sinalizacao,condicao_via,conservacao_via,ponto_controle,situacao_placa,velocidade_max_via,mao_direcao,divisao_via1,divisao_via2,divisao_via3,_id,Protocolo
2017-12-09,13:46:00,COM VÍTIMA,FINALIZADA,CASA AMARELA,AV NORTE,4,8674,,E/F DA RODOVIARIA TEIXEIRA S/T SUB,AV NORTE,8674,E/F DA RODOVIARIA TEIXEIRA S/T SUB,CASA AMARELA,COLISÃO,,1,1,,,,,,,,2,,,,,,,,,,,,,,,,,,
2017-12-09,14:36:00,COM VÍTIMA,FINALIZADA,AFOGADOS,AV ENGENHEIRO ABDIAS DE CARVALHO,0,,,COLISAO ENTRE DUAS MOTOS COM VITIMAS,AV ENGENHEIRO ABDIAS DE CARVALHO,0,COLISAO ENTRE DUAS MOTOS COM VITIMAS,AFOGADOS,COLISÃO,,,2,,,,,,,,2,,,,,,,,,,,,,,,,,,
2017-12-09,16:59:00,COM VÍTIMA,FINALIZADA,BONGI,RUA DR SEVERINO JATOBA,3,163,,CRUZAMENTO COM RUA ISAAC MARKMAN  ENTRE O POSTO TOTAL E A CELPE,RUA DR SEVERINO JATOBA,163,CRUZAMENTO COM RUA ISAAC MARKMAN  ENTRE O POSTO TOTAL E A CELPE,BONGI,COLISÃO,,1,1,,,,,,,,1,,,,,,,,,,,,,,,,,,
2017-12-10,15:06:00,COM VÍTIMA,FINALIZADA,IBURA,AV RIO LARGO,0,,,AO LADO DO MERCADINHO PROAB,AV RIO LARGO,0,AO LADO DO MERCADINHO PROAB,IBURA,COLISÃO,,1,,,,,1,,,,4,,,,,,,,,,,,,,,,,,
2017-12-10,21:28:00,COM VÍTIMA,FINALIZADA,CIDADE UNIVERSITARIA,RUA GENERAL POLIDORO,0,,AV PROFESSOR ARTUR DE SA,POSTO BR,RUA GENERAL POLIDORO,0,POSTO BR,CIDADE UNIVERSITÁRIA,COLISÃO,,1,1,,,,,,,,1,,,,,,,,,,,,,,,,,,
2017-12-11,01:28:00,COM VÍTIMA,FINALIZADA,AFOGADOS,RUA SAO MIGUEL,0,,,EM FRENTE AO 14º BATALHÃO LOGÍSTICO DO EXÉRCITO,RUA SAO MIGUEL,0,EM FRENTE AO 14º BATALHÃO LOGÍSTICO DO EXÉRCITO,AFOGADOS,COLISÃO,,1,1,,,,,,,,1,,,,,,,,,,,,,,,,,,
2017-12-11,07:21:00,VÍTIMA FATAL,FINALIZADA,ENCRUZILHADA,AV NORTE,3,679,,EM FRENTE AOS CORREIOS,AV NORTE,679,EM FRENTE AOS CORREIOS,ENCRUZILHADA,ATROPELAMENTO,,,,,,1,,1,,,0,1,,,,,,,,,,,,,,,,,
2017-12-11,08:38:00,COM VÍTIMA,FINALIZADA,VARZEA,AV AFONSO OLINDENSE,3,692,,PROX A CLINICA DE FISIOTERAPIA ATICA,AV AFONSO OLINDENSE,692,PROX A CLINICA DE FISIOTERAPIA ATICA,VÁRZEA,COLISÃO,,1,1,,,,,,,,1,,,,,,,,,,,,,,,,,,
2017-12-11,09:09:00,COM VÍTIMA,FINALIZADA,TAMARINEIRA,AV ENGENHEIRO AGAMENON DE MAGALHAES MELO,3,327,,EM FRENTE AO RESIDENCIAL IPE,AV ENGENHEIRO AGAMENON DE MAGALHAES MELO,327,EM FRENTE AO RESIDENCIAL IPE,TAMARINEIRA,COLISÃO,,1,1,,,,,,,,1,,,,,,,,,,,,,,,,,,
2017-12-11,12:34:00,COM VÍTIMA,FINALIZADA,CAMPO GRANDE,EST DE BELEM,0,,,E/F DO POSTO TOTAL NO SEMAFORO 094,EST DE BELEM,0,E/F DO POSTO TOTAL NO SEMAFORO 094,CAMPO GRANDE,COLISÃO,,1,1,,,,,,,,1,,,,,,,,,,,,,,,,,,
2017-12-11,13:48:00,COM VÍTIMA,FINALIZADA,CAMPO GRANDE,RUA ODORICO MENDES,3,598,,E/F A ULTRA GÁS E MARTELINHO DE OURO,RUA ODORICO MENDES,598,E/F A ULTRA GÁS E MARTELINHO DE OURO,CAMPO GRANDE,COLISÃO,,1,1,,,,,,,,1,,,,,,,,,,,,,,,,,,
2017-12-11,15:29:00,COM VÍTIMA,FINALIZADA,IBURA,AV DOIS RIOS,0,,,EM FRENTE AO NUCLEO  EM FRENTE A MARAVILHA MOTOS  SENTIDO CID/ SUB,AV DOIS RIOS,0,EM FRENTE AO NUCLEO  EM FRENTE A MARAVILHA MOTOS  SENTIDO CID/ SUB,IBURA,COLISÃO,,,2,,,,,,,,2,,,,,,,,,,,,,,,,,,
2017-12-11,16:00:00,COM VÍTIMA,FINALIZADA,MADALENA,RUA JOSE OSORIO,0,,,CRUZ COM A R REAL DA TORRE / SEMÁFORO 179,RUA JOSE OSORIO,0,CRUZ COM A R REAL DA TORRE / SEMÁFORO 179,MADALENA,COLISÃO,,1,1,,,,,,,,1,,,,,,,,,,,,,,,,,,
2017-12-11,19:29:00,COM VÍTIMA,FINALIZADA,ILHA DO LEITE,RUA ANTONIO GOMES DE FREITAS,0,,,EM FRENTE DO HOSPITAL EMERGENCIA ESPERANÇA,RUA ANTONIO GOMES DE FREITAS,0,EM FRENTE DO HOSPITAL EMERGENCIA ESPERANÇA,ILHA DO LEITE,COLISÃO,,1,1,,,,,,,,1,,,,,,,,,,,,,,,,,,
2017-12-11,21:22:00,COM VÍTIMA,FINALIZADA,DERBY,RUA AMARO BEZERRA,0,,,E/F AO QUARTEL DO DERBY E POR TRÁS DA PRÇ DO DERBY,RUA AMARO BEZERRA,0,E/F AO QUARTEL DO DERBY E POR TRÁS DA PRÇ DO DERBY,DERBY,COLISÃO,,1,1,,,,,,,,1,,,,,,,,,,,,,,,,,,
2017-12-12,07:51:00,COM VÍTIMA,FINALIZADA,MADALENA,AV VISCONDE DE ALBUQUERQUE,0,,,PRAÇA EÇA DE QUEIROS,AV VISCONDE DE ALBUQUERQUE,0,PRAÇA EÇA DE QUEIROS,MADALENA,COLISÃO,,1,1,,,,,,,,1,,,,,,,,,,,,,,,,,,
2017-12-12,08:25:00,COM VÍTIMA,FINALIZADA,IBURA,AV DOIS RIOS,3,289,,,AV DOIS RIOS,289,0,IBURA,ATROPELAMENTO,,,1,,,,,,,,1,,,,,,,,,,,,,,,,,,
2017-12-12,08:50:00,COM VÍTIMA,FINALIZADA,SANTO AMARO,RUA BUARQUE DE MACEDO,0,,,,RUA BUARQUE DE MACEDO,0,0,SANTO AMARO,COLISÃO,,,,,,,,,,,1,,,,,,,,,,,,,,,,,,
2017-12-12,09:00:00,COM VÍTIMA,FINALIZADA,CORDEIRO,AV CAXANGA,0,,,RUA CONEGO ANTONIO CAVALCANTE,AV CAXANGA,0,RUA CONEGO ANTONIO CAVALCANTE,CORDEIRO,COLISÃO,,1,1,,,,,,,,1,,,,,,,,,,,,,,,,,,
2017-12-12,09:33:00,COM VÍTIMA,FINALIZADA,ENGENHO DO MEIO,RUA MAURICEIA,5,189 B,,EM FRENTE AO CANO DA COMPESA CANAL DO CAVOCO,RUA MAURICEIA,189 B,EM FRENTE AO CANO DA COMPESA CANAL DO CAVOCO,ENGENHO DO MEIO,COLISÃO,,1,1,,,,,,,,1,,,,,,,,,,,,,,,,,,
2017-12-12,10:18:00,COM VÍTIMA,FINALIZADA,CORDEIRO,RUA FRANCISCO VITA,4,1754,,EM FRENTE DA ASTEPE BATERIAS,RUA FRANCISCO VITA,1754,EM FRENTE DA ASTEPE BATERIAS,CORDEIRO,COLISÃO,,1,1,,,,,,,,1,,,,,,,,,,,,,,,,,,
2017-12-12,14:33:00,COM VÍTIMA,FINALIZADA,IBURA,RUA EXP FRANCISCO VITORIANO,2,50,,E/F DO CENTRO COMERCIAL REAL,RUA EXP FRANCISCO VITORIANO,50,E/F DO CENTRO COMERCIAL REAL,IBURA,COLISÃO,,1,1,,,,,,,,1,,,,,,,,,,,,,,,,,,
2017-12-12,14:33:00,COM VÍTIMA,FINALIZADA,GRACAS,RUA ALBERTO PAIVA,3,275,,EM FRENTE A PIZZARIA HUT,RUA ALBERTO PAIVA,275,EM FRENTE A PIZZARIA HUT,GRAÇAS,COLISÃO,,1,1,,,,,,,,1,,,,,,,,,,,,,,,,,,
2017-12-12,20:37:00,COM VÍTIMA,FINALIZADA,ENGENHO DO MEIO,RUA ANTONIO CURADO,3,942,,PROX. A BR  SENTIDO SUBURBIO,RUA ANTONIO CURADO,942,PROX. A BR  SENTIDO SUBURBIO,ENGENHO DO MEIO,COLISÃO,,1,1,,,,,,,,1,,,,,,,,,,,,,,,,,,
2017-12-12,22:16:00,COM VÍTIMA,FINALIZADA,AREIAS,AV DR JOSE RUFINO,0,,,ENTRADA DE JARDIM SÃO PAULO. E/F AO POSTO SHELL / SNT CIDADE - SUB,AV DR JOSE RUFINO,0,ENTRADA DE JARDIM SÃO PAULO. E/F AO POSTO SHELL / SNT CIDADE - SUB,AREIAS,COLISÃO,,1,1,,,,,,,,1,,,,,,,,,,,,,,,,,,
2017-12-13,11:43:00,COM VÍTIMA,FINALIZADA,BOA VIAGEM,AV FERNANDO SIMOES BARBOSA,0,,,EM FRENTE AO CANAL DA CONSTRUÇAO / LADO DIRITO DA VIA,AV FERNANDO SIMOES BARBOSA,0,EM FRENTE AO CANAL DA CONSTRUÇAO / LADO DIRITO DA VIA,BOA VIAGEM,COLISÃO,,1,1,,,,,,,,1,,,,,,,,,,,,,,,,,,
2017-12-13,15:05:00,COM VÍTIMA,FINALIZADA,AGUA FRIA,AV BEBERIBE,4,1678,,EM FRENTE DO MERCADÃO DO OLEO,AV BEBERIBE,1678,EM FRENTE DO MERCADÃO DO OLEO,ÁGUA FRIA,COLISÃO,,1,1,,,,,,,,2,,,,,,,,,,,,,,,,,,
2017-12-13,17:00:00,COM VÍTIMA,FINALIZADA,BOA VISTA,RUA DO RIACHUELO,0,,,FACULDADE DE DIREITO,RUA DO RIACHUELO,0,FACULDADE DE DIREITO,BOA VISTA,COLISÃO,,,2,,,,,,,,2,,,,,,,,,,,,,,,,,,
2017-12-13,19:34:00,COM VÍTIMA,FINALIZADA,IBURA,AV DOZE DE JUNHO,0,,,PROX. AO COLEGIO 27 DE NOVEMBRO  NA LADEIRA DO UR3,AV DOZE DE JUNHO,0,PROX. AO COLEGIO 27 DE NOVEMBRO  NA LADEIRA DO UR3,IBURA,ATROPELAMENTO,,1,,,,3,,,,,3,,,,,,,,,,,,,,,,,,
2017-12-14,08:22:00,COM VÍTIMA,FINALIZADA,MADALENA,RUA BENFICA,0,,,CLUBE INTERNACIONAL,RUA BENFICA,0,CLUBE INTERNACIONAL,MADALENA,COLISÃO,,1,1,,,,,,,,1,,,,,,,,,,,,,,,,,,
2017-12-14,08:35:00,COM VÍTIMA,FINALIZADA,BOA VISTA,RUA DA SANTA CRUZ,0,,,AO LADO DA IGREJA DE SANTA CRUZ,RUA DA SANTA CRUZ,0,AO LADO DA IGREJA DE SANTA CRUZ,BOA VISTA,ATROPELAMENTO,,1,,,,1,,,,,1,,,,,,,,,,,,,,,,,,
2017-12-14,14:05:00,COM VÍTIMA,FINALIZADA,BOA VIAGEM,AV ENGENHEIRO DOMINGOS FERREIRA,0,,,EM FRENTE AO WALMART/ PISTA DA DIREITA,AV ENGENHEIRO DOMINGOS FERREIRA,0,EM FRENTE AO WALMART/ PISTA DA DIREITA,BOA VIAGEM,COLISÃO,,1,1,,,,,,,,1,,,,,,,,,,,,,,,,,,
2017-12-14,15:50:00,COM VÍTIMA,FINALIZADA,ESPINHEIRO,RUA DO ESPINHEIRO,0,,,CRUZ COM A RUA 48 EM FRENTE A PADARIA ESPINHEIRO,RUA DO ESPINHEIRO,0,CRUZ COM A RUA 48 EM FRENTE A PADARIA ESPINHEIRO,ESPINHEIRO,COLISÃO,,1,1,,,,,,,,1,,,,,,,,,,,,,,,,,,
2017-12-14,17:26:00,COM VÍTIMA,FINALIZADA,CIDADE UNIVERSITARIA,AV PROFESSOR LUIZ FREIRE,3,700,,EM FRENTE AO ITEP,AV PROFESSOR LUIZ FREIRE,700,EM FRENTE AO ITEP,CIDADE UNIVERSITÁRIA,COLISÃO,,1,1,,,,,,,,1,,,,,,,,,,,,,,,,,,
2017-12-14,18:36:00,COM VÍTIMA,FINALIZADA,JORDAO,AV MARIA IRENE,3,272,,PROX. DA DELEGACIA,AV MARIA IRENE,272,PROX. DA DELEGACIA,JORDÃO,COLISÃO,,1,1,,,,,,,,1,,,,,,,,,,,,,,,,,,
2017-12-14,19:46:00,COM VÍTIMA,FINALIZADA,AFOGADOS,RUA SAO MIGUEL,3,432,,PROX. DO BANCO DO BRASIL  EM FRENTE DO COLEGIO MUNICIPAL NOSSA SENHORA DE FATIMA,RUA SAO MIGUEL,432,PROX. DO BANCO DO BRASIL  EM FRENTE DO COLEGIO MUNICIPAL NOSSA SENHORA DE FATIMA,AFOGADOS,COLISÃO COM CICLISTA,,,1,,1,,,,,,1,,,,,,,,,,,,,,,,,,
2017-12-14,23:48:00,COM VÍTIMA,FINALIZADA,VASCO DA GAMA,RUA VASCO DA GAMA,3,353,,DEFRONTE AO TREVO DO VASCO,RUA VASCO DA GAMA,353,DEFRONTE AO TREVO DO VASCO,VASCO DA GAMA,COLISÃO,,1,1,,,,,,,,1,,,,,,,,,,,,,,,,,,
2017-12-15,07:46:00,COM VÍTIMA,FINALIZADA,CASA FORTE,AV DEZESSETE DE AGOSTO,4,1465,,NA ESQUINA DA ENTRADA DO POÇO DA PANELA,AV DEZESSETE DE AGOSTO,1465,NA ESQUINA DA ENTRADA DO POÇO DA PANELA,CASA FORTE,COLISÃO,,1,1,,,,,,,,1,,,,,,,,,,,,,,,,,,
2017-12-15,10:37:00,COM VÍTIMA,FINALIZADA,SANTO AMARO,RUA FREI CASSIMIRO,0,,,PROX. AO MERXADO SUPREMO,RUA FREI CASSIMIRO,0,PROX. AO MERXADO SUPREMO,SANTO AMARO,COLISÃO,,1,1,,,,,,,,1,,,,,,,,,,,,,,,,,,
2017-12-15,12:27:00,COM VÍTIMA,FINALIZADA,APIPUCOS,RUA DE APIPUCOS,4,1060,,AO LADO DA IGREJA CATOLICA DE APIPUCOS,RUA DE APIPUCOS,1060,AO LADO DA IGREJA CATOLICA DE APIPUCOS,APIPUCOS,COLISÃO,,1,1,,,,,,,,1,,,,,,,,,,,,,,,,,,
2017-12-15,13:50:00,COM VÍTIMA,FINALIZADA,BOA VIAGEM,AV ENGENHEIRO DOMINGOS FERREIRA,4,1785,,EM FRENTE AO EXTRA  SENTIDO PIEDADE,AV ENGENHEIRO DOMINGOS FERREIRA,1785,EM FRENTE AO EXTRA  SENTIDO PIEDADE,BOA VIAGEM,COLISÃO,,2,,,,,,,,,1,,,,,,,,,,,,,,,,,,
2017-12-15,14:20:00,COM VÍTIMA,FINALIZADA,SANTO AMARO,AV GOVERNADOR AGAMENON MAGALHAES,0,,,EM FRENTE AO IC/ SENTIDO BOA VIAGEM,AV GOVERNADOR AGAMENON MAGALHAES,0,EM FRENTE AO IC/ SENTIDO BOA VIAGEM,SANTO AMARO,COLISÃO,,1,1,,,,,,,,2,,,,,,,,,,,,,,,,,,
2017-12-15,15:26:00,COM VÍTIMA,FINALIZADA,BOA VIAGEM,AV DES JOSE NEVES,0,,,SAIDA DO TUNEL/ SENTIDO CIDADE,AV DES JOSE NEVES,0,SAIDA DO TUNEL/ SENTIDO CIDADE,BOA VIAGEM,COLISÃO,,2,,,,,,,,,3,,,,,,,,,,,,,,,,,,
2017-12-15,18:02:00,COM VÍTIMA,FINALIZADA,IBURA,AV PERNAMBUCO,3,582,,PROX. AO CAMPO DO NACIONAL,AV PERNAMBUCO,582,PROX. AO CAMPO DO NACIONAL,IBURA,ATROPELAMENTO,,1,,,,1,,,,,1,,,,,,,,,,,,,,,,,,
2017-12-15,19:39:00,COM VÍTIMA,FINALIZADA,IMBIRIBEIRA,RUA DUQUE ESTRADA,0,,,EM FRENTE DO CONDOMINIO LE PARC  CRUZAMENTO COM A RUA GENERAL MAC ARTHUR,RUA DUQUE ESTRADA,0,EM FRENTE DO CONDOMINIO LE PARC  CRUZAMENTO COM A RUA GENERAL MAC ARTHUR,IMBIRIBEIRA,COLISÃO,,1,1,,,,,,,,1,,,,,,,,,,,,,,,,,,
2017-12-15,22:37:00,COM VÍTIMA,FINALIZADA,MADALENA,RUA BENFICA,0,,,ESQUINA DO BOMPREÇO DA BENFICA,RUA BENFICA,0,ESQUINA DO BOMPREÇO DA BENFICA,MADALENA,COLISÃO,,1,1,,,,,,,,1,,,,,,,,,,,,,,,,,,
2017-12-16,05:11:00,COM VÍTIMA,FINALIZADA,SANTO ANTONIO,AV DANTAS BARRETO,0,,,COM RUA SÃO JOAO,AV DANTAS BARRETO,0,COM RUA SÃO JOAO,SANTO ANTÔNIO,COLISÃO,,2,,,,,,,,,1,,,,,,,,,,,,,,,,,,
2017-12-16,10:27:00,COM VÍTIMA,FINALIZADA,NOVA DESCOBERTA,AV VEREADOR OTACILIO AZEVEDO,1,3,,EM FRENTE A OFICINA RECANTO DO BOLINHA,AV VEREADOR OTACILIO AZEVEDO,3,EM FRENTE A OFICINA RECANTO DO BOLINHA,NOVA DESCOBERTA,COLISÃO,,1,1,,,,,,,,1,,,,,,,,,,,,,,,,,,
2017-12-16,12:35:00,COM VÍTIMA,FINALIZADA,IMBIRIBEIRA,AV MARECHAL MASCARENHAS DE MORAES,4,7935,,EM FRENTE A MUNDIAL CAMINHÕES/ SENTIDO AEROPORTO,AV MARECHAL MASCARENHAS DE MORAES,7935,EM FRENTE A MUNDIAL CAMINHÕES/ SENTIDO AEROPORTO,IMBIRIBEIRA,COLISÃO,,1,1,,,,,,,,1,,,,,,,,,,,,,,,,,,
2017-12-16,12:45:00,COM VÍTIMA,FINALIZADA,JARDIM SAO PAULO,AV LIBERDADE,0,,,EM FRENTE AO PARQUE DAS FLORES,AV LIBERDADE,0,EM FRENTE AO PARQUE DAS FLORES,JARDIM SÃO PAULO,COLISÃO,,1,1,,,,,,,,1,,,,,,,,,,,,,,,,,,
2017-12-16,12:50:00,COM VÍTIMA,FINALIZADA,BOA VIAGEM,RUA ERNESTO DE PAULA SANTOS,0,,,NO CRUZAMENTO DA ERNESTO DE PAULA SANTOS COM RUA DOS NAVEGANTES.,RUA ERNESTO DE PAULA SANTOS,0,NO CRUZAMENTO DA ERNESTO DE PAULA SANTOS COM RUA DOS NAVEGANTES.,BOA VIAGEM,COLISÃO,,1,1,,,,,,,,1,,,,,,,,,,,,,,,,,,
2017-12-16,17:54:00,COM VÍTIMA,FINALIZADA,BOA VIAGEM,AV CELSO FURTADO,0,,,SENTIDO CID/SUB. - APOS O SUPERMERCADO EXTRA.,AVENIDA CELSO FURTADO (VIA MANGUE),0,SENTIDO CID/SUB. - APOS O SUPERMERCADO EXTRA.,BOA VIAGEM,COLISÃO,,,1,,,,,,,,1,,,,,,,,,,,,,,,,,,
2017-12-16,18:41:00,COM VÍTIMA,FINALIZADA,CASA FORTE,EST DO ENCANAMENTO,3,248,,JUNTO A DROGASIL  PROX. A HOSP. SANTA LUZIA,EST DO ENCANAMENTO,248,JUNTO A DROGASIL  PROX. A HOSP. SANTA LUZIA,CASA FORTE,COLISÃO,,1,1,,,,,,,,1,,,,,,,,,,,,,,,,,,
2017-12-16,23:51:00,COM VÍTIMA,FINALIZADA,CASA AMARELA,AV NORTE,0,,,E/F AO LARGO DOM LUIZ E RETÍFICA PADRÃO . SNT CENTRO,AV NORTE,0,E/F AO LARGO DOM LUIZ E RETÍFICA PADRÃO . SNT CENTRO,CASA AMARELA,COLISÃO,,1,1,,,,,,,,1,,,,,,,,,,,,,,,,,,
2017-12-17,05:03:00,COM VÍTIMA,FINALIZADA,CORDEIRO,AV CAXANGA,0,,,EM FRENTE AO PERNAMBUCO DA SORTE  SENTIDO SUBURBIO CIDADE  PROX DO POSTO DE COMBUSTIVEL FEDERAL,AV CAXANGA,0,EM FRENTE AO PERNAMBUCO DA SORTE  SENTIDO SUBURBIO CIDADE  PROX DO POSTO DE COMBUSTIVEL FEDERAL,CORDEIRO,COLISÃO,,2,,,,,,,,,1,,,,,,,,,,,,,,,,,,
2017-12-17,15:50:00,COM VÍTIMA,FINALIZADA,LINHA DO TIRO,RUA URIEL DE HOLANDA,0,,,SEMAFORO 641,RUA URIEL DE HOLANDA,0,SEMAFORO 641,LINHA DO TIRO,COLISÃO,,,2,,,,,,,,4,,,,,,,,,,,,,,,,,,
2017-12-18,08:03:00,COM VÍTIMA,FINALIZADA,BOA VISTA,AV CONDE DA BOA VISTA,0,,,PROXIMO A RUA DAS NINFAS SENTIDO CENTRO,AV CONDE DA BOA VISTA,0,PROXIMO A RUA DAS NINFAS SENTIDO CENTRO,BOA VISTA,ATROPELAMENTO,,,,,,1,1,,,,1,,,,,,,,,,,,,,,,,,
2017-12-19,00:33:00,COM VÍTIMA,FINALIZADA,TOTO,AV LIBERDADE,0,,,CRUZAMENTO COM A RUA JUVÊNCIO MARQUES DA CUNHA  SEMÁFORO 440,AV LIBERDADE,0,CRUZAMENTO COM A RUA JUVÊNCIO MARQUES DA CUNHA  SEMÁFORO 440,TOTÓ,COLISÃO,,,1,,,,1,,,,2,,,,,,,,,,,,,,,,,,
2017-12-19,07:39:00,COM VÍTIMA,FINALIZADA,SANTO AMARO,RUA TREZE DE MAIO,0,,,SENTIDO DERBY EM FRENTE E A DELEGACIA DA MULHER RICARDO CAMPO QTH,RUA TREZE DE MAIO,0,SENTIDO DERBY EM FRENTE E A DELEGACIA DA MULHER RICARDO CAMPO QTH,SANTO AMARO,COLISÃO,,1,1,,,,,,,,1,,,,,,,,,,,,,,,,,,
2017-12-19,08:18:00,COM VÍTIMA,FINALIZADA,BOA VIAGEM,AV ENGENHEIRO DOMINGOS FERREIRA,0,,,SEMAFORO Nº550,AV ENGENHEIRO DOMINGOS FERREIRA,0,SEMAFORO Nº550,BOA VIAGEM,COLISÃO,,,2,,,,,,,,2,,,,,,,,,,,,,,,,,,
2017-12-19,12:42:00,COM VÍTIMA,FINALIZADA,BOA VISTA,AV JOAO DE BARROS,3,262,,ANTES DA CELPE  EM FRENTE DO ESTACIONAMENTO DO NUCE,AV JOAO DE BARROS,262,ANTES DA CELPE  EM FRENTE DO ESTACIONAMENTO DO NUCE,BOA VISTA,ATROPELAMENTO,,1,,,,1,,,,,1,,,,,,,,,,,,,,,,,,
2017-12-19,12:50:00,COM VÍTIMA,FINALIZADA,BOA VIAGEM,AV ANTONIO TORRES GALVAO,0,,,E/F A AMÉRICA FORD. SNT VIA MANGUE,AV ANTONIO TORRES GALVAO,0,E/F A AMÉRICA FORD. SNT VIA MANGUE,BOA VIAGEM,COLISÃO,,1,1,,,,,,,,1,,,,,,,,,,,,,,,,,,
2017-12-19,12:58:00,COM VÍTIMA,FINALIZADA,MADALENA,AV VISCONDE DE ALBUQUERQUE,0,,,CRUZAMENTO COM A R LOPES DE CARVALHO / E/F A GALERIA MADALENA CENTER,AV VISCONDE DE ALBUQUERQUE,0,CRUZAMENTO COM A R LOPES DE CARVALHO / E/F A GALERIA MADALENA CENTER,MADALENA,COLISÃO,,1,1,,,,,,,,1,,,,,,,,,,,,,,,,,,
2017-12-19,16:51:00,COM VÍTIMA,FINALIZADA,AREIAS,AV TENENTE FELIPE BANDEIRA DE MELO,0,,,POR TRÁS DA HM RECIFE. PROX AO TERMINAL DA VILA CARDEAL,AV TENENTE FELIPE BANDEIRA DE MELO,0,POR TRÁS DA HM RECIFE. PROX AO TERMINAL DA VILA CARDEAL,AREIAS,COLISÃO,,,1,,,,,1,,,2,,,,,,,,,,,,,,,,,,
2017-12-19,22:23:00,COM VÍTIMA,FINALIZADA,NOVA DESCOBERTA,RUA NOVA DESCOBERTA,4,2074,,CRUZAMENTO COM A R CORREGO DA AREIA /PROX AS FARMACIAS DO TRABALHADOR E PAGUE MENOS,RUA NOVA DESCOBERTA,2074,CRUZAMENTO COM A R CORREGO DA AREIA /PROX AS FARMACIAS DO TRABALHADOR E PAGUE MENOS,NOVA DESCOBERTA,ATROPELAMENTO,,,,,,1,1,,,,1,,,,,,,,,,,,,,,,,,
2017-12-20,05:25:00,COM VÍTIMA,FINALIZADA,CAJUEIRO,AV SEBASTIAO SALAZAR,3,450,,EM FRENTE A VALERIA BAR STYLLOS  PROX DA IGREJA DE CAJUEIRO,AV SEBASTIAO SALAZAR,450,EM FRENTE A VALERIA BAR STYLLOS  PROX DA IGREJA DE CAJUEIRO,CAJUEIRO,COLISÃO COM CICLISTA,,,,,1,,1,,,,1,,,,,,,,,,,,,,,,,,
2017-12-20,09:22:00,COM VÍTIMA,FINALIZADA,BOA VISTA,AV CONDE DA BOA VISTA,0,,,EM FRENTE AO ATACADO DOS PRESENTES,AV CONDE DA BOA VISTA,0,EM FRENTE AO ATACADO DOS PRESENTES,BOA VISTA,ATROPELAMENTO,,,1,,,,,,,,2,,,,,,,,,,,,,,,,,,
2017-12-20,15:37:00,COM VÍTIMA,FINALIZADA,ILHA DO LEITE,RUA FRANCISCO ALVES,3,574,,PROXIMO AO SIGMA TRADER CENTER,RUA FRANCISCO ALVES,574,PROXIMO AO SIGMA TRADER CENTER,ILHA DO LEITE,COLISÃO,,1,1,,,,,,,,2,,,,,,,,,,,,,,,,,,
2017-12-20,19:44:00,COM VÍTIMA,FINALIZADA,ROSARINHO,RUA GENERAL ABREU E LIMA,0,,,EQUIPE NO LOCAL,RUA GENERAL ABREU E LIMA,0,EQUIPE NO LOCAL,ROSARINHO,COLISÃO,,1,1,,,,,,,,1,,,,,,,,,,,,,,,,,,
2017-12-21,09:08:00,COM VÍTIMA,FINALIZADA,GRACAS,RUA DAS GRACAS,3,178,,PROX. A IGREJA,RUA DAS GRACAS,178,PROX. A IGREJA,GRAÇAS,COLISÃO,,1,1,,,,,,,,1,,,,,,,,,,,,,,,,,,
2017-12-21,12:30:00,COM VÍTIMA,FINALIZADA,IMBIRIBEIRA,RUA ARQUITETO LUIZ NUNES,0,,,PROXIMO A VIVO,RUA ARQUITETO LUIZ NUNES,0,PROXIMO A VIVO,IMBIRIBEIRA,COLISÃO,,1,1,,,,,,,,1,,,,,,,,,,,,,,,,,,
2017-12-21,13:52:00,COM VÍTIMA,FINALIZADA,ARRUDA,RUA MEM DE SA,0,,,CRUZAMENTO COM A RUA DEP. PEDRO VELHO,RUA MEM DE SA,0,CRUZAMENTO COM A RUA DEP. PEDRO VELHO,ARRUDA,COLISÃO,,1,1,,,,,,,,1,,,,,,,,,,,,,,,,,,
2017-12-21,13:57:00,COM VÍTIMA,FINALIZADA,CORDEIRO,AV CAXANGA,0,,,EM FRENTE AO BANCO DO BRADESCO  PROX. AO HOSPITAL GETULIO VARGAS  SENTIDO CIDADE,AV CAXANGA,0,EM FRENTE AO BANCO DO BRADESCO  PROX. AO HOSPITAL GETULIO VARGAS  SENTIDO CIDADE,CORDEIRO,ATROPELAMENTO,,,,,,1,1,,,,1,,,,,,,,,,,,,,,,,,
2017-12-21,15:16:00,COM VÍTIMA,FINALIZADA,PINA,AV REPUBLICA ARABE UNIDA,0,,,AO LADO DO RIO MAR,AV REPUBLICA ARABE UNIDA,0,AO LADO DO RIO MAR,PINA,COLISÃO,,,2,,,,,,,,3,,,,,,,,,,,,,,,,,,
2017-12-21,18:55:00,COM VÍTIMA,FINALIZADA,AFOGADOS,RUA SAO MIGUEL,0,,,ENF AO POSTO IPIRANGA E O PETROISA SENTIDO AFOGADOS,RUA SAO MIGUEL,0,ENF AO POSTO IPIRANGA E O PETROISA SENTIDO AFOGADOS,AFOGADOS,COLISÃO,,1,1,,,,,,,,1,,,,,,,,,,,,,,,,,,
2017-12-21,19:37:00,COM VÍTIMA,FINALIZADA,IBURA,AV JORNALISTA COSTA PORTO,0,,,ENFR AO RECIDENCIAL ZENITA NA DECIDA QUE VAI DA PARA CAVALEIRO,AV JORNALISTA COSTA PORTO,0,ENFR AO RECIDENCIAL ZENITA NA DECIDA QUE VAI DA PARA CAVALEIRO,IBURA,ATROPELAMENTO,,,,,,1,1,,,,1,,,,,,,,,,,,,,,,,,
2017-12-21,19:50:00,COM VÍTIMA,FINALIZADA,SAN MARTIN,AV GENERAL SAN MARTIN,0,,,CRUZAMENTO COM ABDIAS DE CARVALHO,AV GENERAL SAN MARTIN,0,CRUZAMENTO COM ABDIAS DE CARVALHO,SAN MARTIN,COLISÃO,,1,1,,,,,,,,1,,,,,,,,,,,,,,,,,,
2017-12-22,11:49:00,COM VÍTIMA,FINALIZADA,CAXANGA,AV CAXANGA,0,,,CRUZAMENTO COM A AV AFONSO OLINDENSE,AV CAXANGA,0,CRUZAMENTO COM A AV AFONSO OLINDENSE,CAXANGÁ,COLISÃO COM CICLISTA,,,,,1,,1,,,,1,,,,,,,,,,,,,,,,,,