data,hora,natureza_acidente,situacao,bairro,endereco,,numero,detalhe_endereco_acidente,complemento,endereco_cruzamento,numero_cruzamento,referencia_cruzamento,bairro_cruzamento,tipo,descricao,auto,moto,ciclom,ciclista,pedestre,onibus,caminhao,viatura,outros,vitimas,vitimasfatais,num_semaforo,sentido_via,acidente_verificado,tempo_clima,situacao_semaforo,sinalizacao,condicao_via,conservacao_via,ponto_controle,situacao_placa,velocidade_max_via,mao_direcao,divisao_via1,divisao_via2,divisao_via3,_id,Protocolo
2017-12-22,13:49:00,COM VÍTIMA,FINALIZADA,SANTO AMARO,AV DR JAYME DA FONTE,2,35,,EM FRENTE A ASSEMBLEIA DE DEUS,AV DR JAYME DA FONTE,35,EM FRENTE A ASSEMBLEIA DE DEUS,SANTO AMARO,COLISÃO COM CICLISTA,,1,,,1,,,,,,2,,,,,,,,,,,,,,,,,,
2017-12-22,14:22:00,COM VÍTIMA,FINALIZADA,BOA VIAGEM,RUA DR LUIZ CORREA DE OLIVEIRA,3,221,,,RUA DR LUIZ CORREA DE OLIVEIRA,221,,BOA VIAGEM,COLISÃO,,1,1,,,,,,,,1,,,,,,,,,,,,,,,,,,
2017-12-22,15:52:00,COM VÍTIMA,FINALIZADA,ILHA JOANA BEZERRA,PTE JOSE DE BARROS LIMA,0,,,EM CIMA DA PONTE/ SENTIDO OLINDA,PTE JOSE DE BARROS LIMA,0,EM CIMA DA PONTE/ SENTIDO OLINDA,JOANA BEZERRA,COLISÃO,,1,1,,,,,,,,1,,,,,,,,,,,,,,,,,,
2017-12-22,17:23:00,COM VÍTIMA,FINALIZADA,BARRO,AV DR JOSE RUFINO,4,2060,,EM FRENTE AO CONJUNTO RESIDENCIAL PORTO DAS PALMEIRAS SEMAFORO 213,AV DR JOSE RUFINO,2060,EM FRENTE AO CONJUNTO RESIDENCIAL PORTO DAS PALMEIRAS SEMAFORO 213,BARRO,COLISÃO,,1,1,,,,,,,,1,,,,,,,,,,,,,,,,,,
2017-12-22,17:47:00,COM VÍTIMA,FINALIZADA,CASA AMARELA,AV NORTE,0,,,EM FRENTE AO REI DA PICANHA / SENTIDO SUBURBIO-CIDADE,AV NORTE,0,EM FRENTE AO REI DA PICANHA / SENTIDO SUBURBIO-CIDADE,CASA AMARELA,ACID. DE PERCURSO,,,,,1,,,,,,1,,,,,,,,,,,,,,,,,,
2017-12-22,21:27:00,COM VÍTIMA,FINALIZADA,ENCRUZILHADA,AV NORTE,0,,,NO SEMAFORO DA ENCRUZILHADA,AV NORTE,0,NO SEMAFORO DA ENCRUZILHADA,ENCRUZILHADA,COLISÃO,,2,,,,,,,,,1,,,,,,,,,,,,,,,,,,
2017-12-23,12:25:00,COM VÍTIMA,FINALIZADA,CORDEIRO,RUA DO FORTE,4,1592,,PROX. A LAVANDERIA ROUPA LIMPA  E A ABIDIAS DE CARVALHO,RUA DO FORTE,1592,PROX. A LAVANDERIA ROUPA LIMPA  E A ABIDIAS DE CARVALHO,CORDEIRO,COLISÃO,,1,1,,,,,,,,1,,,,,,,,,,,,,,,,,,
2017-12-23,17:54:00,COM VÍTIMA,FINALIZADA,BEBERIBE,AV BEBERIBE,0,,,EM FRENTE A PADARIA DO INDIO,AV BEBERIBE,0,EM FRENTE A PADARIA DO INDIO,BEBERIBE,COLISÃO,,,2,,,,,,,,3,,,,,,,,,,,,,,,,,,
2017-12-23,23:04:00,COM VÍTIMA,FINALIZADA,SANTO ANTONIO,RUA SIQUEIRA CAMPOS,0,,,CRUZAMENTO COM A RUA DO IMPERADOR ENF AO SANTANDE,RUA SIQUEIRA CAMPOS,0,CRUZAMENTO COM A RUA DO IMPERADOR ENF AO SANTANDE,SANTO ANTÔNIO,COLISÃO,,1,1,,,,,,,,1,,,,,,,,,,,,,,,,,,
2017-12-24,09:29:00,COM VÍTIMA,FINALIZADA,BOA VIAGEM,AV BOA VIAGEM,4,3278,,EM FRENTE AO EDF MARIA ILDA,AV BOA VIAGEM,3278,EM FRENTE AO EDF MARIA ILDA,BOA VIAGEM,COLISÃO,,1,1,,,,,,,,1,,,,,,,,,,,,,,,,,,
2017-12-24,10:43:00,COM VÍTIMA,FINALIZADA,CAXANGA,AV CAXANGA,0,,,EM FRENTE AO HOSPITAL SANTA TEREZINHA SENT CIDADE,AV CAXANGA,0,EM FRENTE AO HOSPITAL SANTA TEREZINHA SENT CIDADE,CAXANGÁ,COLISÃO,,,2,,,,,,,,3,,,,,,,,,,,,,,,,,,
2017-12-24,11:59:00,COM VÍTIMA,FINALIZADA,CORDEIRO,RUA DR MIGUEL VIEIRA FERREIRA,3,275,,SENTIDO CENTRO EM FRENTE AO DEPOSITO DO BETO,RUA DR MIGUEL VIEIRA FERREIRA,275,SENTIDO CENTRO EM FRENTE AO DEPOSITO DO BETO,CORDEIRO,COLISÃO,,1,1,,,,,,,,1,,,,,,,,,,,,,,,,,,
2017-12-25,11:30:00,VÍTIMA FATAL,FINALIZADA,BOA VIAGEM,AV ENGENHEIRO DOMINGOS FERREIRA,4,4420,,DELEGACIA DE BOA VIAGEM - PISTA DA ESQUERDA,AV ENGENHEIRO DOMINGOS FERREIRA,4420,DELEGACIA DE BOA VIAGEM - PISTA DA ESQUERDA,BOA VIAGEM,ATROPELAMENTO,,1,,,,1,,,,,,1,,,,,,,,,,,,,,,,,
2017-12-26,11:58:00,COM VÍTIMA,FINALIZADA,CABANGA,AV SUL,0,,,NO SEMÁFORO 260,AV SUL,0,NO SEMÁFORO 260,CABANGA,COLISÃO,,1,1,,,,,,,,1,,,,,,,,,,,,,,,,,,
2017-12-26,19:31:00,COM VÍTIMA,FINALIZADA,ILHA DO LEITE,AV FREI MATIAS TEVES,0,,,CRUZAMENTO COM A RUA JORNALISTA TRAJANO CHACON,AV FREI MATIAS TEVES,0,CRUZAMENTO COM A RUA JORNALISTA TRAJANO CHACON,ILHA DO LEITE,COLISÃO,,1,1,,,,,,,,1,,,,,,,,,,,,,,,,,,
2017-12-26,22:02:00,COM VÍTIMA,FINALIZADA,SAO JOSE,AV DANTAS BARRETO,0,,,COM RUA DE SÃO JOÃO,AV DANTAS BARRETO,0,COM RUA DE SÃO JOÃO,SÃO JOSÉ,COLISÃO,,2,,,,,,,,,2,,,,,,,,,,,,,,,,,,
2017-12-27,08:09:00,COM VÍTIMA,FINALIZADA,IPUTINGA,AV CAXANGA,0,,,SOB O SEMÁFORO 533,AV CAXANGA,0,SOB O SEMÁFORO 533,IPUTINGA,COLISÃO,,1,1,,,,,,,,1,,,,,,,,,,,,,,,,,,
2017-12-27,11:00:00,COM VÍTIMA,FINALIZADA,BEBERIBE,AV BEBERIBE,3,764,,EM FRENTE AO BAR SANTA ROSA  SENTIDO CID/SUB,AV BEBERIBE,764,EM FRENTE AO BAR SANTA ROSA  SENTIDO CID/SUB,BEBERIBE,COLISÃO,,1,1,,,,,,,,1,,,,,,,,,,,,,,,,,,
2017-12-27,11:12:00,VÍTIMA FATAL,FINALIZADA,AFOGADOS,AV SUL GOV. CID SAMPAIO,0,,LARGO DA PAZ,EM FRENTE AO BANCO ITAU,LARGO DA PAZ,0,EM FRENTE AO BANCO ITAU,AFOGADOS,ATROPELAMENTO,,,,,,1,,1,,,1,1,,,,,,,,,,,,,,,,,
2017-12-27,15:12:00,COM VÍTIMA,FINALIZADA,DERBY,AV GOVERNADOR AGAMENON MAGALHAES,0,,,DEFRONTE AO INSTITUTO SERVANTES  SENTIDO OLINDA,AV GOVERNADOR AGAMENON MAGALHAES,0,DEFRONTE AO INSTITUTO SERVANTES  SENTIDO OLINDA,DERBY,COLISÃO,,2,,,,,,,,,1,,,,,,,,,,,,,,,,,,
2017-12-27,16:02:00,COM VÍTIMA,FINALIZADA,BONGI,AV MANOEL GONCALVES DA LUZ,2,69,,EM FRENTE AO POSTO TOTAL,AV MANOEL GONCALVES DA LUZ,69,EM FRENTE AO POSTO TOTAL,BONGI,COLISÃO,,1,1,,,,,,,,1,,,,,,,,,,,,,,,,,,
2017-12-27,16:23:00,COM VÍTIMA,FINALIZADA,IBURA,AV DOIS RIOS,3,984,,DEFRONTE A BIG BEM,AV DOIS RIOS,984,DEFRONTE A BIG BEM,IBURA,ATROPELAMENTO,,1,,,,1,,,,,1,,,,,,,,,,,,,,,,,,
2017-12-27,20:33:00,COM VÍTIMA,FINALIZADA,ILHA DO LEITE,AV GOVERNADOR AGAMENON MAGALHAES,0,,,NA SUBIDA DO VIADUTO ENF AO HOSPITAL PORTUGUES SENTIDO BOA VIAGEM,AV GOVERNADOR AGAMENON MAGALHAES,0,NA SUBIDA DO VIADUTO ENF AO HOSPITAL PORTUGUES SENTIDO BOA VIAGEM,ILHA DO LEITE,CHOQUE,,,1,,,,,,,,1,,,,,,,,,,,,,,,,,,
2017-12-28,08:27:00,COM VÍTIMA,FINALIZADA,TORRE,AV BEIRA RIO,0,,,EM FRENTE AO EMPORIO MARITIMO E ACADEMIA DA CIDADE,AV BEIRA RIO,0,EM FRENTE AO EMPORIO MARITIMO E ACADEMIA DA CIDADE,TORRE,COLISÃO COM CICLISTA,,1,,,1,,,,,,1,,,,,,,,,,,,,,,,,,
2017-12-28,09:24:00,COM VÍTIMA,FINALIZADA,GRACAS,RUA DAS PERNAMBUCANAS,3,315,,COM A RUA GUILHERME PINTO ESQUINA DA RUA,RUA DAS PERNAMBUCANAS,315,COM A RUA GUILHERME PINTO ESQUINA DA RUA,GRAÇAS,COLISÃO COM CICLISTA,,1,,,1,,,,,,1,,,,,,,,,,,,,,,,,,
2017-12-28,09:50:00,COM VÍTIMA,FINALIZADA,IBURA,AV PERNAMBUCO,0,,,AO LADO DO NUCLEO DA POLICIA,AV PERNAMBUCO,0,AO LADO DO NUCLEO DA POLICIA,IBURA,TOMBAMENTO,,,,,,,1,,,,1,,,,,,,,,,,,,,,,,,
2017-12-28,14:00:00,COM VÍTIMA,FINALIZADA,BOA VISTA,RUA JOAO FERNANDES VIEIRA,3,321,,EM FRENTE A UNIBRA,RUA JOAO FERNANDES VIEIRA,321,EM FRENTE A UNIBRA,BOA VISTA,ATROPELAMENTO,,1,,,,,1,,,,1,,,,,,,,,,,,,,,,,,
2017-12-28,17:49:00,COM VÍTIMA,FINALIZADA,JIQUIA,AV DR JOSE RUFINO,0,,,APOS O COLEGIO VISAO  SENTIDO AFOGADOS,AV DR JOSE RUFINO,0,APOS O COLEGIO VISAO  SENTIDO AFOGADOS,JIQUIÁ,COLISÃO,,1,1,,,,,,,,1,,,,,,,,,,,,,,,,,,
2017-12-28,18:39:00,COM VÍTIMA,FINALIZADA,ARRUDA,AV PROFESSOR JOSE DOS ANJOS,0,,,E/F A VIA SUL / SNT OLINDA / NO CANAL,AV PROFESSOR JOSE DOS ANJOS,0,E/F A VIA SUL / SNT OLINDA / NO CANAL,ARRUDA,ATROPELAMENTO,,1,,,,1,,,,,1,,,,,,,,,,,,,,,,,,
2017-12-28,20:09:00,COM VÍTIMA,FINALIZADA,SAO JOSE,RUA IMPERIAL,0,,,APÓS A PRAÇA SERGIO LOURETO/COMEÇO DA RUA IMPERIAL.,RUA IMPERIAL,0,APÓS A PRAÇA SERGIO LOURETO/COMEÇO DA RUA IMPERIAL.,SÃO JOSÉ,COLISÃO,,1,1,,,,,,,,2,,,,,,,,,,,,,,,,,,
2017-12-28,20:51:00,COM VÍTIMA,FINALIZADA,CAXANGA,AV CAXANGA,0,,,COM ESTRADA DO BARBALHO,AV CAXANGA,0,COM ESTRADA DO BARBALHO,CAXANGÁ,COLISÃO,,1,1,,,,,,,,1,,,,,,,,,,,,,,,,,,
2017-12-29,07:47:00,COM VÍTIMA,FINALIZADA,ARRUDA,AV BEBERIBE,0,,,EM FRENTE AO CAMPO DO SANTA CRUZ  E AO BOMPREÇO,AV BEBERIBE,0,EM FRENTE AO CAMPO DO SANTA CRUZ  E AO BOMPREÇO,ARRUDA,COLISÃO,,,2,,,,,,,,1,,,,,,,,,,,,,,,,,,
2017-12-29,09:02:00,COM VÍTIMA,FINALIZADA,CORDEIRO,RUA MAURICIO DE NASSAU,0,,,EM FRENTE AO INSTIDUTO DO FICADO,RUA MAURICIO DE NASSAU,0,EM FRENTE AO INSTIDUTO DO FICADO,CORDEIRO,COLISÃO COM CICLISTA,,1,,,1,,,,,,1,,,,,,,,,,,,,,,,,,
2017-12-29,09:20:00,COM VÍTIMA,FINALIZADA,CAMPO GRANDE,RUA FRANKLIN TAVORA,3,650,,C/ RUA OLIVEIRA FONSECA,RUA FRANKLIN TAVORA,650,C/ RUA OLIVEIRA FONSECA,CAMPO GRANDE,COLISÃO,,,,,,,,,,,1,,,,,,,,,,,,,,,,,,
2017-12-29,10:36:00,COM VÍTIMA,FINALIZADA,,RUA SAO NICOLAU,0,,,CRUZAMENTO COM A AVENIDA RECIFE (ENTRADA DO IBURA),RUA SAO NICOLAU,0,CRUZAMENTO COM A AVENIDA RECIFE (ENTRADA DO IBURA),0,COLISÃO,,,,,,,,,,,1,,,,,,,,,,,,,,,,,,
2017-12-29,15:59:00,COM VÍTIMA,FINALIZADA,CAMPO GRANDE,RUA FRANKLIN TAVORA,0,,,CRUZ COM A RUA OLIVEIRA FONSECA EM FRENTE AO EDIFICIO CORINTHIAS,RUA FRANKLIN TAVORA,0,CRUZ COM A RUA OLIVEIRA FONSECA EM FRENTE AO EDIFICIO CORINTHIAS,CAMPO GRANDE,COLISÃO,,1,1,,,,,,,,2,,,,,,,,,,,,,,,,,,
2017-12-29,16:25:00,COM VÍTIMA,FINALIZADA,SANTO AMARO,AV GOVERNADOR AGAMENON MAGALHAES,0,,,EM FRENTE A UPE PROXIMO LOMBADA ELETRONICA SENTIDO OLINDA,AV GOVERNADOR AGAMENON MAGALHAES,0,EM FRENTE A UPE PROXIMO LOMBADA ELETRONICA SENTIDO OLINDA,SANTO AMARO,COLISÃO COM CICLISTA,,1,,,1,,,,,,1,,,,,,,,,,,,,,,,,,
2017-12-29,17:16:00,COM VÍTIMA,FINALIZADA,ESTANCIA,AV RECIFE,0,,,E/F AO MAKRO,AV RECIFE,0,E/F AO MAKRO,ESTÂNCIA,ATROPELAMENTO,,1,,,,1,,,,,1,,,,,,,,,,,,,,,,,,
2017-12-30,03:50:00,COM VÍTIMA,FINALIZADA,SANTO AMARO,AV GOVERNADOR AGAMENON MAGALHAES,0,,,PROX DO SHOPPING TACARUNA SENTIDO OLINDA,AV GOVERNADOR AGAMENON MAGALHAES,0,PROX DO SHOPPING TACARUNA SENTIDO OLINDA,SANTO AMARO,CHOQUE,,1,,,,,,,,,1,,,,,,,,,,,,,,,,,,
2017-12-30,09:10:00,COM VÍTIMA,FINALIZADA,COQUEIRAL,RUA CORIPOS,3,230,,E/F A RESIDENCIA.,RUA CORIPOS,230,E/F A RESIDENCIA.,COQUEIRAL,ATROPELAMENTO,,,1,,,1,,,,,3,,,,,,,,,,,,,,,,,,
2017-12-30,14:33:00,COM VÍTIMA,FINALIZADA,AFOGADOS,RUA 10 DE NOVEMBRO,3,120,,EM FRENTE A TUPAN,RUA 10 DE NOVEMBRO,120,EM FRENTE A TUPAN,AFOGADOS,COLISÃO,,1,1,,,,,,,,1,,,,,,,,,,,,,,,,,,
2017-12-31,18:48:00,COM VÍTIMA,FINALIZADA,DERBY,RUA DR SEVERINO PINHEIRO,0,,,AO LADO DO QUARTEL DO DERBY,RUA DR SEVERINO PINHEIRO,0,AO LADO DO QUARTEL DO DERBY,DERBY,COLISÃO,,1,1,,,,,,,,1,,,,,,,,,,,,,,,,,,
2017-12-31,19:20:00,COM VÍTIMA,FINALIZADA,MADALENA,AV ENGENHEIRO ABDIAS DE CARVALHO,0,,,CRUZ COM A GENERAL SAN MARTIN / E/F A COMPAZ / SNT TORRÕES,AV ENGENHEIRO ABDIAS DE CARVALHO,0,CRUZ COM A GENERAL SAN MARTIN / E/F A COMPAZ / SNT TORRÕES,MADALENA,COLISÃO,,1,1,,,,,,,,1,,,,,,,,,,,,,,,,,,
2017-12-31,23:01:00,COM VÍTIMA,FINALIZADA,ARRUDA,RUA DAS MOCAS,0,,,CRUZAMENTO COM A RUA ZEFERINO AGRA,RUA DAS MOCAS,0,CRUZAMENTO COM A RUA ZEFERINO AGRA,ARRUDA,COLISÃO,,,1,,,,1,,,,2,,,,,,,,,,,,,,,,,,
2018-01-01,00:01:00,COM VÍTIMA,FINALIZADA,SAO JOSE,AV ENGENHEIRO JOSE ESTELITA,0,,,EM FRENTE AO CAIS JOSE ESTELITA,AV ENGENHEIRO JOSE ESTELITA,,EM FRENTE AO CAIS JOSE ESTELITA,SÃO JOSÉ,ATROPELAMENTO,AUTO E PEDESTRE C/V,1,,,,1,,,,,1,,,,,,,,,,,,,,,,,,
2018-01-02,16:11:00,COM VÍTIMA,FINALIZADA,RECIFE,AV MILITAR,0,,,PROX. A PREFEITURA DO RECIFE  POR TRAZ DA PILAR,AV MILITAR,,PROX. A PREFEITURA DO RECIFE  POR TRAZ DA PILAR,BAIRRO DO RECIFE,COLISÃO,COLISÃO COM VITIMA,1,1,,,,,,,,1,,,,,,,,,,,,,,,,,,
2018-01-02,16:32:00,COM VÍTIMA,FINALIZADA,ARRUDA,RUA PROFESSOR JERONIMO GUEIROS,3,423,RUA DONA ELVIRA,C/ RUA DONA ELVIRA,RUA PROFESSOR JERONIMO GUEIROS,423,C/ RUA DONA ELVIRA,ARRUDA,CHOQUE,GM CLASSIC,1,,,,,,,,,1,,,,,,,,,,,,,,,,,,
2018-01-02,17:11:00,COM VÍTIMA,FINALIZADA,APIPUCOS,RUA DE APIPUCOS,0,,,LADO OPOSTO AO NÚMERO 435,RUA DE APIPUCOS,,LADO OPOSTO AO NÚMERO 435,APIPUCOS,COLISÃO,UM AUTO E UMA MOTOCICLETA,1,1,,,,,,,,1,,,,,,,,,,,,,,,,,,
2018-01-03,07:06:00,COM VÍTIMA,FINALIZADA,DERBY,RUA HENRIQUE DIAS,0,,,E/F AO SPETTUS  SEMÁFORO 068. SENTIDO BOA VISTA,RUA HENRIQUE DIAS,,E/F AO SPETTUS  SEMÁFORO 068. SENTIDO BOA VISTA,DERBY,COLISÃO,COM UMA VÍTIMA.,1,1,,,,,,,,1,,68,,,,,,,,,,,,,,,,
2018-01-03,07:40:00,COM VÍTIMA,FINALIZADA,IPSEP,AV RECIFE,4,3592,,FALCÃO EQUIPADORA SENTIDO AEROPORTE,AV RECIFE,3592,FALCÃO EQUIPADORA SENTIDO AEROPORTE,IPSEP,COLISÃO,,1,1,,,,,,,,1,,,,,,,,,,,,,,,,,,
2018-01-03,07:53:00,COM VÍTIMA,FINALIZADA,BOA VIAGEM,RUA RIBEIRO DE BRITO,3,720,,AO LADO PANIFICADORA RIO TEJO,RUA RIBEIRO DE BRITO,720,AO LADO PANIFICADORA RIO TEJO,BOA VIAGEM,COLISÃO,,1,1,,,,,,,,1,,,,,,,,,,,,,,,,,,
2018-01-03,10:37:00,COM VÍTIMA,FINALIZADA,IBURA,AV DOIS RIOS,3,453,,E/F A CENTRAL DOS PISOS  SENTIDO BR 101,AV DOIS RIOS,453,E/F A CENTRAL DOS PISOS  SENTIDO BR 101,IBURA,COLISÃO,SEM VÍTIMAS,1,1,,,,,,,,1,,,,,,,,,,,,,,,,,,
2018-01-03,12:03:00,COM VÍTIMA,FINALIZADA,IMBIRIBEIRA,AV MARECHAL MASCARENHAS DE MORAES,0,,RUA PAMPULHA,CRUZAMENTO COM RUA PAMPULHA,AV MARECHAL MASCARENHAS DE MORAES,,CRUZAMENTO COM RUA PAMPULHA,IMBIRIBEIRA,COLISÃO,COM VÍTIMA,1,1,,,,,,,,1,,,,,,,,,,,,,,,,,,
2018-01-03,12:10:00,COM VÍTIMA,FINALIZADA,SANTO AMARO,AV GOVERNADOR AGAMENON MAGALHAES,0,,,NO SEMÁFORO 049,AV GOVERNADOR AGAMENON MAGALHAES,,NO SEMÁFORO 049,SANTO AMARO,COLISÃO,COLISÃO COM VÍTIMA,1,1,,,,,,,,1,,,,,,,,,,,,,,,,,,
2018-01-03,15:41:00,COM VÍTIMA,FINALIZADA,PINA,RUA MANOEL DE BRITO,0,,,NA ENTRADA DO TUNEL  APOS O SEMAFORO 659,RUA MANOEL DE BRITO,,NA ENTRADA DO TUNEL  APOS O SEMAFORO 659,PINA,COLISÃO,AUTO E MOTO C/V,1,1,,,,,,,,1,,,,,,,,,,,,,,,,,,
2018-01-04,06:10:00,COM VÍTIMA,FINALIZADA,TORRE,RUA REAL DA TORRE,3,280,,EM FRENTE AO MUNDO DO CABELEIREIRO,RUA REAL DA TORRE,280,EM FRENTE AO MUNDO DO CABELEIREIRO,TORRE,COLISÃO,MOTO E AUTO,1,1,,,,,,,,1,,,,,,,,,,,,,,,,,,
2018-01-04,07:43:00,COM VÍTIMA,FINALIZADA,IMBIRIBEIRA,AV MARECHAL MASCARENHAS DE MORAES,4,4561,,SENTIDO AEROPORTO EM FRENTE A JUSTIÇA DO TRABALHO,AV MARECHAL MASCARENHAS DE MORAES,4561,SENTIDO AEROPORTO EM FRENTE A JUSTIÇA DO TRABALHO,IMBIRIBEIRA,CHOQUE,CONDUTOR COLIDIU CONTRA UM POSTE VITIMA SOCORRIDA PELO SAMU,,1,,,,,,,,1,,,,,,,,,,,,,,,,,,
2018-01-04,18:06:00,COM VÍTIMA,FINALIZADA,PINA,AV HERCULANO BANDEIRA,0,,,E/F AO BANCO CAIXA / SNT BOA VIAGEM / PROX AO TÚNEL,AV HERCULANO BANDEIRA,,E/F AO BANCO CAIXA / SNT BOA VIAGEM / PROX AO TÚNEL,PINA,COLISÃO,AUTO E MOTO. C/V,1,1,,,,,,,,1,,,,,,,,,,,,,,,,,,
2018-01-04,19:30:00,COM VÍTIMA,FINALIZADA,ESTANCIA,AV DR JOSE RUFINO,0,,,E/F AO ARMAZÉM CORAL  APÓS O VIADUTO DA AV RECIFE,AV DR JOSE RUFINO,,E/F AO ARMAZÉM CORAL  APÓS O VIADUTO DA AV RECIFE,ESTÂNCIA,COLISÃO,MOTO E AUTO. C/V,1,1,,,,,,,,1,,,,,,,,,,,,,,,,,,
2018-01-04,19:38:00,COM VÍTIMA,FINALIZADA,PAISSANDU,RUA EPAMINONDAS DE MELO,0,,,AO LADO DO COLÉGIO GGE / POR TRÁS DO EMPRESARIAL RENATO DIAS E PROX AO SPETTUS,RUA EPAMINONDAS DE MELO,,AO LADO DO COLÉGIO GGE / POR TRÁS DO EMPRESARIAL RENATO DIAS E PROX AO SPETTUS,PAISSANDU,CHOQUE,COM VITIMA / CHOQUE CONTRA A UM FERRO NO MEIO DA VIA  NO QUAL FOI POSTO DEVIDO A UMA REFORMA,1,,,,,,,,,1,,,,,,,,,,,,,,,,,,
2018-01-05,07:07:00,COM VÍTIMA,FINALIZADA,SANTO AMARO,AV NORTE,0,,,NO FINAL DA PONTE DO LIMOEIRO SENTIDO OLINDA,AV NORTE,,NO FINAL DA PONTE DO LIMOEIRO SENTIDO OLINDA,SANTO AMARO,ACID. DE PERCURSO,MOTOQUEIRO ACIDENTOU-SE APÓS A MOTO DERRAPAR E CAIR DEVIDO A OLEO NA VIA PUBLICA,,1,,,,,,,,1,,,,,,,,,,,,,,,,,,
2018-01-05,08:40:00,COM VÍTIMA,FINALIZADA,SANTO AMARO,AV NORTE,0,,,NO FINAL DA PONTE DO LIMOEIRO SENTIDO OLINDA,AV NORTE,,NO FINAL DA PONTE DO LIMOEIRO SENTIDO OLINDA,SANTO AMARO,ACID. DE PERCURSO,MOTOQUEIRO ACIDENTOU-SE APÓS A MOTO DERRAPAR E CAIR DEVIDO A OLEO NA VIA PUBLICA,,1,,,,,,,,1,,,,,,,,,,,,,,,,,,
2018-01-05,12:39:00,COM VÍTIMA,FINALIZADA,BOA VIAGEM,RUA SA E SOUZA,3,964,,DEFRONTE AO EDF . BARRA MAIS,RUA SA E SOUZA,964,DEFRONTE AO EDF . BARRA MAIS,BOA VIAGEM,COLISÃO,COLISÃO COM VITIMA,1,1,,,,,,,,1,,,,,,,,,,,,,,,,,,
2018-01-05,16:45:00,COM VÍTIMA,FINALIZADA,CABANGA,AV ENGENHEIRO JOSE ESTELITA,0,,,PROX. A LOMBADA ELETRONICA  SENTIDO BOA VIAGEM,AV ENGENHEIRO JOSE ESTELITA,,PROX. A LOMBADA ELETRONICA  SENTIDO BOA VIAGEM,CABANGA,COLISÃO,COLISÃO COM VÍTIMA  DOIS AUTOS PASSEIO E UMA MOTO,2,1,,,,,,,,1,,,,,,,,,,,,,,,,,,
2018-01-06,11:35:00,COM VÍTIMA,FINALIZADA,BOA VISTA,AV CONDE DA BOA VISTA,0,,,EM FRENTE AO RESTAURANTE MUSTANG,AV CONDE DA BOA VISTA,,EM FRENTE AO RESTAURANTE MUSTANG,BOA VISTA,COLISÃO,COLISÃO COM VÍTIMA,1,,1,,,,,,,2,,,,,,,,,,,,,,,,,,
2018-01-06,12:25:00,COM VÍTIMA,FINALIZADA,TAMARINEIRA,EST VELHA DE AGUA FRIA,0,,,APOS O DENOX  ANTES DA FERREIRA COSTA,EST VELHA DE AGUA FRIA,,APOS O DENOT  ANTES DA FERREIRA COSTA,TAMARINEIRA,COLISÃO,COLISÃO COM VÍTIMA,1,1,,,,,,,,1,,,,,,,,,,,,,,,,,,
2018-01-06,12:23:00,COM VÍTIMA,FINALIZADA,CABANGA,PTE GOVERNADOR PAULO GUERRA,0,,,NO INICIO DA PONTE/ SENTIDO BOA VIAGEM,PTE GOVERNADOR PAULO GUERRA,,NO INICIO DA PONTE/ SENTIDO BOA VIAGEM,CABANGA,COLISÃO,COLISÃO COM VÍTIMA,1,1,,,,,,,,1,,,,,,,,,,,,,,,,,,
2018-01-06,17:34:00,COM VÍTIMA,FINALIZADA,JORDAO,RUA DR ALVARO FERRAZ,0,,,DEFRONTE A ESCOLA ESTADUAL PINTOR LULA CARDOSO AIRES,RUA DR ALVARO FERRAZ,,DEFRONTE A ESCOLA ESTADUAL PINTOR LULA CARDOSO AIRES,JORDÃO,COLISÃO,COLISÃO COM VITIMA,1,1,,,,,,,,1,,,,,,,,,,,,,,,,,,
2018-01-07,09:15:00,COM VÍTIMA,FINALIZADA,BOA VIAGEM,RUA BALTAZAR PASSOS,3,440,RUA SA E SOUZA,DE ESQUINA COM A RUA SA E SOUZA EM FRENTE A CULTURA INGLESA,RUA BALTAZAR PASSOS,440,DE ESQUINA COM A RUA SA E SOUZA EM FRENTE A CULTURA INGLESA,BOA VIAGEM,COLISÃO,COLISÃO COM 1 VITIMA A ESPERA DO SAMU,2,,,,,,,,1,1,,,,,,,,,,,,,,,,,,
2018-01-07,09:19:00,COM VÍTIMA,FINALIZADA,CASA AMARELA,RUA MAJOR NEREU GUERRA,3,166,,E/F AO ESPAÇO FISIO ARMONIA,RUA MAJOR NEREU GUERRA,166,E/F AO ESPAÇO FISIO ARMONIA,CASA AMARELA,COLISÃO,COM UMA VÍTIMA.,1,1,,,,,,,,1,,,,,,,,,,,,,,,,,,
2018-01-07,12:39:00,COM VÍTIMA,FINALIZADA,IMBIRIBEIRA,RUA ARQUITETO LUIZ NUNES,2,29,,POR TRAS DO ASSAI ATACADISTA EM FRENTE A GALERIA VISUAL MODAS,RUA ARQUITETO LUIZ NUNES,29,POR TRAS DO ASSAI ATACADISTA EM FRENTE A GALERIA VISUAL MODAS,IMBIRIBEIRA,COLISÃO,COLISÃO COM VITIMA,1,1,,,,,,,,1,,,,,,,,,,,,,,,,,,
2018-01-07,14:28:00,COM VÍTIMA,FINALIZADA,BOA VIAGEM,RUA BARAO DE SOUZA LEAO,3,631,,EM FRENTE A DROGARIA SÃO PAULO,RUA BARAO DE SOUZA LEAO,631,EM FRENTE A DROGARIA SÃO PAULO,BOA VIAGEM,COLISÃO,COLISÃO COM VÍTIMA,1,1,,,,,,,,1,,,,,,,,,,,,,,,,,,
2018-01-07,18:21:00,COM VÍTIMA,FINALIZADA,ESPINHEIRO,AV CONS ROSA E SILVA,3,650,RUA AMELIA,LOGO DEPOIS DO PAO DE AÇUCAR CRUZAMENTO COM A RUA AMELIA,AV CONS ROSA E SILVA,650,LOGO DEPOIS DO PAO DE AÇUCAR CRUZAMENTO COM A RUA AMELIA,ESPINHEIRO,COLISÃO,DOIS AUTO,2,,,,,,,,,1,,,,,,,,,,,,,,,,,,
2018-01-07,19:46:00,COM VÍTIMA,FINALIZADA,APIPUCOS,AV DEZESSETE DE AGOSTO,2,15,,ENF AO BATALHAO DECIMO PRIMEIRO,AV DEZESSETE DE AGOSTO,15,ENF AO BATALHAO DECIMO PRIMEIRO,APIPUCOS,COLISÃO,AUTO E SHINERAY,1,,1,,,,,,,1,,,,,,,,,,,,,,,,,,
2018-01-07,20:49:00,COM VÍTIMA,FINALIZADA,CASA AMARELA,EST DO ENCANAMENTO,3,248,EST DAS UBAIAS,COM EST. DAS UBAIAS  EM FRENTE DA FARMACIA DROGASIL,EST DO ENCANAMENTO,248,COM EST. DAS UBAIAS  EM FRENTE DA FARMACIA DROGASIL,CASA AMARELA,COLISÃO,AUTO E MOTO,1,1,,,,,,,,1,,,,,,,,,,,,,,,,,,
2018-01-08,09:48:00,COM VÍTIMA,FINALIZADA,IMBIRIBEIRA,RUA ITACARI,3,162,,E/F A EMPRESA DRYFOR,RUA ITACARI,162,E/F A EMPRESA DRYFOR,IMBIRIBEIRA,ATROPELAMENTO,COM UMA VÍTIMA JA SOCORRIDA PELO SAMU,1,,,,1,,,,,1,,,,,,,,,,,,,,,,,,