data,hora,natureza_acidente,situacao,bairro,endereco,,numero,detalhe_endereco_acidente,complemento,endereco_cruzamento,numero_cruzamento,referencia_cruzamento,bairro_cruzamento,tipo,descricao,auto,moto,ciclom,ciclista,pedestre,onibus,caminhao,viatura,outros,vitimas,vitimasfatais,num_semaforo,sentido_via,acidente_verificado,tempo_clima,situacao_semaforo,sinalizacao,condicao_via,conservacao_via,ponto_controle,situacao_placa,velocidade_max_via,mao_direcao,divisao_via1,divisao_via2,divisao_via3,_id,Protocolo
2018-01-20,22:07:00,COM VÍTIMA,FINALIZADA,ROSARINHO,AV NORTE,0,,AV SANTOS DUMONT,CRUZAMENTO COM AV SANTOS DUMONT ENF A PADARIA ROSARINHO SENTIDO SUBURBIO,AV NORTE,,CRUZAMENTO COM AV SANTOS DUMONT ENF A PADARIA ROSARINHO SENTIDO SUBURBIO,ROSARINHO,COLISÃO,CLIO X YAMAHA 125,1,1,,,,,,,,1,,,,,,,,,,,,,,,,,,
2018-01-20,22:29:00,COM VÍTIMA,FINALIZADA,ESPINHEIRO,AV JOAO DE BARROS,0,,RUA AFONSO BATISTA,COM AFONSO BATISTA  NO SEMAFORO 089,AV JOAO DE BARROS,,COM AFONSO BATISTA  NO SEMAFORO 089,ESPINHEIRO,COLISÃO,ONIBUS E MOTO,,1,,,,1,,,,2,,,,,,,,,,,,,,,,,,
2018-01-22,12:25:00,COM VÍTIMA,FINALIZADA,CAMPO GRANDE,RUA PAULO DE ARRUDA,3,201,,APOS O RESTAURANTE PASSIRA DE CAMPO GRANDE PRIMEIRA RUA A DIREITA,RUA PAULO DE ARRUDA,201,APOS O RESTAURANTE PASSIRA DE CAMPO GRANDE PRIMEIRA RUA A DIREITA,CAMPO GRANDE,COLISÃO,COLISAO DE AUTO E MOTO COM UMA VITIMA,1,1,,,,,,,,1,,,,,,,,,,,,,,,,,,
2018-01-22,13:10:00,COM VÍTIMA,FINALIZADA,NOVA DESCOBERTA,RUA CORREGO DA AREIA,3,871,,E/F DA ASSEMBLEIA DE DEUS,RUA CORREGO DA AREIA,871,E/F DA ASSEMBLEIA DE DEUS,NOVA DESCOBERTA,ATROPELAMENTO,ATROPELAMENTO DE MOTO COM PEDESTRE,,1,,,1,,,,,1,,,,,,,,,,,,,,,,,,
2018-01-22,13:39:00,COM VÍTIMA,FINALIZADA,ROSARINHO,RUA AMARO COUTINHO,3,750,AV SANTOS DUMONT,NO CRUZAMENTO COM A SANTOS DUMONT / E/F A FARMACIA BONGI E PROX A PRAÇA DO ROSARINHO,RUA AMARO COUTINHO,750,NO CRUZAMENTO COM A SANTOS DUMONT / E/F A FARMACIA BONGI E PROX A PRAÇA DO ROSARINHO,ROSARINHO,COLISÃO,ENTRE AUTO E MOTO. C/V,1,1,,,,,,,,1,,,,,,,,,,,,,,,,,,
2018-01-22,15:03:00,COM VÍTIMA,FINALIZADA,AFOGADOS,EST DOS REMEDIOS,2,60,,E/F À FARMÁCIA INDEPENDENTE,EST DOS REMEDIOS,60,E/F À FARMÁCIA INDEPENDENTE,AFOGADOS,COLISÃO,COLISÃO ENTRE AUTO PASSEIO E MOTOCICLETA COM LESÕES.,1,1,,,,,,8,,1,,,,,,,,,,,,,,,,,,
2018-01-22,20:13:00,COM VÍTIMA,FINALIZADA,IPSEP,RUA PROFESSOR JOSE VICENTE,4,518C,RUA PINTOR ANTONIO DE ALBUQUERQUE,COM A RUA PINTOR ANTONIO DE ALBURQUERQUE E/F DO POSTO SHEL,RUA PROFESSOR JOSE VICENTE,518C,COM A RUA PINTOR ANTONIO DE ALBURQUERQUE E/F DO POSTO SHEL,IPSEP,COLISÃO,COLISAO DE AUTO E MOTO COM UMA VITIMA,1,1,,,,,,,,1,,,,,,,,,,,,,,,,,,
2018-01-22,20:19:00,COM VÍTIMA,FINALIZADA,CAXANGA,AV CAXANGA,0,,,E/F AO BANCO SANTANDER S/T SUB,AV CAXANGA,,E/F AO BANCO SANTANDER S/T SUB,CAXANGÁ,COLISÃO,COLISAO DE AUTO E MOTO COM UMA VITIMA,1,1,,,,,,,,1,,,,,,,,,,,,,,,,,,
2018-01-23,12:44:00,COM VÍTIMA,FINALIZADA,SANCHO,AV LIBERDADE,3,623,,PROX. A PIZZARIA MANA,AV LIBERDADE,623,PROX. A PIZZARIA MANA,SANCHO,COLISÃO,AUTO E MOTO,1,1,,,,,,,,1,,,,,,,,,,,,,,,,,,
2018-01-23,13:38:00,COM VÍTIMA,FINALIZADA,BOA VISTA,AV VISCONDE DE SUASSUNA,0,,,E/F DO SENAC,AV VISCONDE DE SUASSUNA,,E/F DO SENAC,BOA VISTA,COLISÃO,COLISAO DE AUTO E MOTO COM UMA VITIMA BATEDOR DA MOTO 10/16 ESTA NO LOCAL,1,1,,,,,,,,1,,,,,,,,,,,,,,,,,,
2018-01-23,18:25:00,COM VÍTIMA,FINALIZADA,ILHA DO RETIRO,AV BEIRA RIO,0,,,NA ENTRADA DO TUNEL CHICO SCIENCE,AV BEIRA RIO,,NA ENTRADA DO TUNEL CHICO SCIENCE,ILHA DO RETIRO,COLISÃO,COLISÃO ENTRE AUTO E MOTO C/V,1,1,,,,,,,,1,,,,,,,,,,,,,,,,,,
2018-01-24,08:37:00,COM VÍTIMA,FINALIZADA,ENCRUZILHADA,RUA FREDERICO,2,84,RUA DONA JULIETA,COM RUA DONA JULIETA /,RUA FREDERICO,84,COM RUA DONA JULIETA /,ENCRUZILHADA,COLISÃO,MOTO E AUTO,1,1,,,,,,,,2,,,,,,,,,,,,,,,,,,
2018-01-24,08:43:00,COM VÍTIMA,FINALIZADA,CORDEIRO,RUA GOMES TABORDA,4,1127,,AO LADO DA OFICINA BORCHE,RUA GOMES TABORDA,1127,AO LADO DA OFICINA BORCHE,CORDEIRO,COLISÃO,MOTO E AUTO,1,1,,,,,,,,1,,,,,,,,,,,,,,,,,,
2018-01-24,09:31:00,COM VÍTIMA,FINALIZADA,SANTO AMARO,AV CRUZ CABUGA,0,,,EM BAIXO DO SEMAFORO 343 EM FRENTE A VICE GOVERNADORIA SENTIDO CIDADE,AV CRUZ CABUGA,,EM BAIXO DO SEMAFORO 343 EM FRENTE A VICE GOVERNADORIA SENTIDO CIDADE,SANTO AMARO,COLISÃO COM CICLISTA,COLISÃO COM VITIMA A ESPERA DOS BOMBEIROS,1,,,1,,,,,,1,,,,,,,,,,,,,,,,,,
2018-01-24,15:30:00,COM VÍTIMA,FINALIZADA,AREIAS,AV DR JOSE RUFINO,0,,,EM FRENTE DO POSTO DE GASOLINA SHELL E ESCOLA INCENTIVO,AV DR JOSE RUFINO,,EM FRENTE DO POSTO DE GASOLINA SHELL E ESCOLA INCENTIVO,AREIAS,COLISÃO,AUTO E MOTO,1,1,,,,,,,,1,,,,,,,,,,,,,,,,,,
2018-01-24,18:10:00,COM VÍTIMA,FINALIZADA,SANTO AMARO,AV CRUZ CABUGA,3,S/N,,NA ESTAÇAO DO BRT DO TACARUNA,AV CRUZ CABUGA,S/N,NA ESTAÇAO DO BRT DO TACARUNA,SANTO AMARO,ATROPELAMENTO,ONIBUS DO BRT E PEDESTRE,,,,,1,1,,,,1,,,,,,,,,,,,,,,,,,
2018-01-25,13:42:00,COM VÍTIMA,FINALIZADA,TORRE,RUA ALBERTO PAIVA,0,,,NA ENTRADA DA CONCESSIONARIA TOYOLEX,RUA ALBERTO PAIVA,,NA ENTRADA DA CONCESSIONARIA TOYOLEX,TORRE,COLISÃO,COLISÃO SEM VITIMAS,1,1,,,,,,,,1,,,,,,,,,,,,,,,,,,
2018-01-25,14:56:00,COM VÍTIMA,FINALIZADA,ESTANCIA,AV TAPAJOS,3,397,,AO LADO DO CONDOMINIO IGNEZ ANDREAZZA,AV TAPAJOS,397,AO LADO DO CONDOMINIO IGNEZ ANDREAZZA,ESTÂNCIA,COLISÃO,COLISÃO COM VÍTIMA,1,1,,,,,,,,1,,,,,,,,,,,,,,,,,,
2018-01-25,15:45:00,COM VÍTIMA,FINALIZADA,BOA VIAGEM,RUA ANTONIO FALCAO,0,,,NO SEMÁFORO 648,RUA ANTONIO FALCAO,,NO SEMÁFORO 648,BOA VIAGEM,COLISÃO COM CICLISTA,COLISÃO COM VÍTIMA,1,,,1,,,,,,1,,,,,,,,,,,,,,,,,,
2018-01-26,09:34:00,COM VÍTIMA,FINALIZADA,CASA AMARELA,AV NORTE,4,5911,,SENTIDO CIDADE. E/F A A FERROS FERRAES. SEMÁFORO 095,AV NORTE,5911,SENTIDO CIDADE. E/F A A FERROS FERRAES. SEMÁFORO 095,CASA AMARELA,ATROPELAMENTO,COM UMA VÍTIMA,,1,,,1,,,,,1,,,,,,,,,,,,,,,,,,
2018-01-26,14:30:00,COM VÍTIMA,FINALIZADA,CAMPO GRANDE,EST DE BELEM,3,803,,PROX. A SUBWAY  EM FRENTE AO POSTO TOTAL,EST DE BELEM,803,PROX. A SUBWAY  EM FRENTE AO POSTO TOTAL,CAMPO GRANDE,COLISÃO,AUTO E MOTO,1,1,,,,,,,,1,,,,,,,,,,,,,,,,,,
2018-01-26,18:54:00,COM VÍTIMA,FINALIZADA,TAMARINEIRA,AV NORTE,4,3652,,PROX. ALARME CENTER  SENT SUBURBIO,AV NORTE,3652,PROX. ALARME CENTER  SENT SUBURBIO,TAMARINEIRA,COLISÃO,COLISÃO COM VÍTIMA ENTRE UM AUTO E UMA MOTO,1,1,,,,,,,,1,,,,,,,,,,,,,,,,,,
2018-01-26,20:03:00,COM VÍTIMA,FINALIZADA,TOTO,AV LIBERDADE,3,170,,EM FRENTE Á IGREJA ASSEMBLEIA DE DEUS,AV LIBERDADE,170,EM FRENTE Á IGREJA ASSEMBLEIA DE DEUS,TOTÓ,COLISÃO,AUTO E MOTO,1,1,,,,,,,,1,,,,,,,,,,,,,,,,,,
2018-01-27,09:58:00,COM VÍTIMA,FINALIZADA,CORDEIRO,EST DO FORTE DO ARRAIAL N. DO B. JESUS,3,797,,EM FRENTE A LOJA EMPRESA PREST FORTE SENTIDO ABDIAS DE CARVALHO,EST DO FORTE DO ARRAIAL N. DO B. JESUS,797,EM FRENTE A LOJA EMPRESA PREST FORTE SENTIDO ABDIAS DE CARVALHO,CORDEIRO,COLISÃO,COLISÃO COM SOCORRIDA PELO SAMU,1,1,,,,,,,,1,,,,,,,,,,,,,,,,,,
2018-01-27,10:51:00,COM VÍTIMA,FINALIZADA,SANTO AMARO,AV CRUZ CABUGA,0,,AV NORTE,CRUZ COM A AV NORTE SENTIDO SUBURBIO EM FRENTE AO SENAI,AV CRUZ CABUGA,,CRUZ COM A AV NORTE SENTIDO SUBURBIO EM FRENTE AO SENAI,SANTO AMARO,COLISÃO,COLISÃO COM 1 VITIMA,,1,,,,,1,,,1,,,,,,,,,,,,,,,,,,
2018-01-27,12:15:00,COM VÍTIMA,FINALIZADA,JORDAO,RUA SAO JOSE DO EGITO,0,,,NA ESQUINA DA ESCOLA RITA LESSA,RUA SAO JOSE DO EGITO,,NA ESQUINA DA ESCOLA RITA LESSA,JORDÃO,COLISÃO,COLISÃO COM VITIMA / AUTO E MOTO,1,1,,,,,,,,1,,,,,,,,,,,,,,,,,,
2018-01-27,12:15:00,COM VÍTIMA,FINALIZADA,SAN MARTIN,AV CONSUL VILARES FRAGOSO,3,380,RUA ITAPEMIRIM,CRUZ COM A RUA ITAPEMIRIM PROX A CAVALARIA,AV CONSUL VILARES FRAGOSO,380,CRUZ COM A RUA ITAPEMIRIM PROX A CAVALARIA,SAN MARTIN,COLISÃO,COLISÃO COM VITIMA,2,,,,,,,,,1,,,,,,,,,,,,,,,,,,
2018-01-27,13:26:00,COM VÍTIMA,FINALIZADA,BOA VIAGEM,AV ENGENHEIRO DOMINGOS FERREIRA,0,,,PROX. AO WALLMART,AV ENGENHEIRO DOMINGOS FERREIRA,,PROX. AO WALLMART,BOA VIAGEM,COLISÃO,COLISÃO COM VITIMA   O VEICULO CAPOTOU,1,,,,,,,,,1,,,,,,,,,,,,,,,,,,
2018-01-27,16:03:00,COM VÍTIMA,FINALIZADA,IMBIRIBEIRA,RUA PAMPULHA,0,,RUA ITAJAI,ESQUINA COM RUA ITAJAI  AO LADO DA PADARIA VALE DO RIO DOCE,RUA PAMPULHA,,ESQUINA COM RUA ITAJAI  AO LADO DA PADARIA VALE DO RIO DOCE,IMBIRIBEIRA,COLISÃO,DOIS AUTOS S/V,2,,,,,,,,,2,,,,,,,,,,,,,,,,,,
2018-01-28,14:28:00,COM VÍTIMA,FINALIZADA,SAO JOSE,AV SUL,2,67,,SEMAFORO 509  NA RUA QUE VA PARA O IMIP,AV SUL,67,SEMAFORO 509  NA RUA QUE VA PARA O IMIP,SÃO JOSÉ,COLISÃO,AUTO E MOTO,1,1,,,,,,,,1,,,,,,,,,,,,,,,,,,
2018-01-28,22:59:00,COM VÍTIMA,FINALIZADA,CAXANGA,AV CAXANGA,0,,,ENFR A INTEGRAÇAO DA CAXANGA,AV CAXANGA,,ENFR A INTEGRAÇAO DA CAXANGA,CAXANGÁ,COLISÃO,ONIBUS MIRIM X MOTO,,1,,,,1,,,,1,,,,,,,,,,,,,,,,,,
2018-01-29,08:19:00,COM VÍTIMA,FINALIZADA,MADALENA,RUA BENFICA,0,,,AO LADO DO BRADESCO E MUSEU DA ABOLIÇÃO,RUA BENFICA,,AO LADO DO BRADESCO E MUSEU DA ABOLIÇÃO,MADALENA,COLISÃO,COLISÃO COM VITIMA,,1,,,,1,,,,1,,,,,,,,,,,,,,,,,,
2018-01-29,14:22:00,COM VÍTIMA,FINALIZADA,ILHA DO LEITE,RUA ESTADO DE ISRAEL,0,,,PRÓXIMO A ESCOLA ESTADUAL POETA MANOEL BANDEIRA,RUA ESTADO DE ISRAEL,,PRÓXIMO A ESCOLA ESTADUAL POETA MANOEL BANDEIRA,ILHA DO LEITE,COLISÃO,COLISÃO ENTRE AUTO E MOTO  COM VÍTIMA.,1,1,,,,,,,,1,,,,,,,,,,,,,,,,,,
2018-01-29,17:58:00,COM VÍTIMA,FINALIZADA,BOA VIAGEM,AV BOA VIAGEM,4,2846,,EM FRENTE Á PADARIA BOA VIAGEM,AV BOA VIAGEM,2846,EM FRENTE Á PADARIA BOA VIAGEM,BOA VIAGEM,COLISÃO COM CICLISTA,AUTO E CICLISTA  BATEDOR RAY NO LOCAL,1,,,1,,,,,,1,,,,,,,,,,,,,,,,,,
2018-01-30,08:02:00,COM VÍTIMA,FINALIZADA,AGUA FRIA,EST VELHA DE AGUA FRIA,4,1751,,EM FRENTE AO LOJA BR BOMBONIERI,EST VELHA DE AGUA FRIA,1751,EM FRENTE AO LOJA BR BOMBONIERI,ÁGUA FRIA,COLISÃO,COLISÃO COM VITIMA GM QTH,1,1,,,,,,,,1,,,,,,,,,,,,,,,,,,
2018-01-30,10:18:00,COM VÍTIMA,FINALIZADA,TORRE,AV VISCONDE DE ALBUQUERQUE,0,,,TERCEIRA RUA APOS O BOM PREÇO,AV VISCONDE DE ALBUQUERQUE,,TERCEIRA RUA APOS O BOM PREÇO,TORRE,COLISÃO,COLISÃO COM VITIMA,2,,,,,,,,,1,,,,,,,,,,,,,,,,,,
2018-01-30,13:48:00,COM VÍTIMA,FINALIZADA,ROSARINHO,AV NORTE,0,,,SOB O SEMÁFORO 456,AV NORTE,,SOB O SEMÁFORO 456,ROSARINHO,COLISÃO COM CICLISTA,BICICLETA E MOTOCIVCLETA,,1,,1,,,,,,1,,,,,,,,,,,,,,,,,,
2018-01-30,19:20:00,COM VÍTIMA,FINALIZADA,SANTO AMARO,AV GOVERNADOR AGAMENON MAGALHAES,4,3621,,SNT OLINDA / E/F A UNICORDIS E PROX AO POSTO DISLUB,AV GOVERNADOR AGAMENON MAGALHAES,3621,SNT OLINDA / E/F A UNICORDIS E PROX AO POSTO DISLUB,SANTO AMARO,COLISÃO,ENTRE AUTO E MOTO. C/V,1,1,,,,,,,,1,,,,,,,,,,,,,,,,,,
2018-01-30,21:45:00,COM VÍTIMA,FINALIZADA,SAO JOSE,RUA IMPERIAL,3,377,,PROX A IGREJA MATRIZ DE SAO JOSE,RUA IMPERIAL,377,PROX A IGREJA MATRIZ DE SAO JOSE,SÃO JOSÉ,COLISÃO,ONIBUS X MOTO,,1,,,,1,,,,1,,,,,,,,,,,,,,,,,,
2018-01-31,00:04:00,COM VÍTIMA,FINALIZADA,SANTO AMARO,RUA DO HOSPICIO,0,,AV VISCONDE DE SUASSUNA,CRUZAMENTO COM A AV. VISC. DE SUASSUNA  SEMAFORO 032,RUA DO HOSPICIO,,CRUZAMENTO COM A AV. VISC. DE SUASSUNA  SEMAFORO 032,SANTO AMARO,COLISÃO,COLISÃO ENTRE ÔNIBUS E MOTO C/V,,1,,,,1,,,,2,,,,,,,,,,,,,,,,,,
2018-01-31,08:27:00,COM VÍTIMA,FINALIZADA,AREIAS,AV DR JOSE RUFINO,4,1942,,,AV DR JOSE RUFINO,1942,,AREIAS,COLISÃO,COM VÍTIMA,1,,1,,,,,,,1,,,,,,,,,,,,,,,,,,
2018-01-31,14:23:00,COM VÍTIMA,FINALIZADA,BOA VIAGEM,AV BOA VIAGEM,4,3722,,EM FRENTE AO HOTEL PALACI,AV BOA VIAGEM,3722,EM FRENTE AO HOTEL PALACI,BOA VIAGEM,COLISÃO,COLISÃO COM VITIMA SOCORRIDO PELO OS BOMBEIROS,2,1,,,,,,,,1,,,,,,,,,,,,,,,,,,
2018-01-31,16:07:00,COM VÍTIMA,FINALIZADA,TORRE,RUA JOSE BONIFACIO,0,,,EM FRENTE AO CARREFOUR,RUA JOSE BONIFACIO,,EM FRENTE AO CARREFOUR,TORRE,COLISÃO,COLISÃO COM VÍTIMA,1,1,,,,,,,,1,,,,,,,,,,,,,,,,,,
2018-01-31,17:38:00,COM VÍTIMA,FINALIZADA,BOA VISTA,AV CONDE DA BOA VISTA,0,,,EM FRENTE A LOJA TORA,AV CONDE DA BOA VISTA,,EM FRENTE A LOJA TORA,BOA VISTA,COLISÃO,COLISAO COM VITIMA ENTRE AUTO E MOTO,1,1,,,,,,,,1,,,,,,,,,,,,,,,,,,
2018-01-31,17:42:00,COM VÍTIMA,FINALIZADA,SANTO AMARO,AV DR JAYME DA FONTE,0,,AV CRUZ CABUGA,COM AV CRUZ CABUGA POR TRAS DA COMPESA,AV DR JAYME DA FONTE,,COM AV CRUZ CABUGA POR TRAS DA COMPESA,SANTO AMARO,ATROPELAMENTO,ATROPELAMENTO DE UM PEDESTRE COM UMA VITIMA,1,,,,1,,,,,1,,,,,,,,,,,,,,,,,,
2018-01-31,18:21:00,COM VÍTIMA,FINALIZADA,TAMARINEIRA,EST DO ARRAIAL,4,3364,,ENF A FARMACIA PAGUE MENOS E PROX A RUA BENTO LOYOLA,EST DO ARRAIAL,3364,ENF A FARMACIA PAGUE MENOS E PROX A RUA BENTO LOYOLA,TAMARINEIRA,COLISÃO,FOX X MOTO,1,1,,,,,,,,1,,,,,,,,,,,,,,,,,,
2018-01-31,19:44:00,COM VÍTIMA,FINALIZADA,SANTO AMARO,AV GOVERNADOR AGAMENON MAGALHAES,0,,,ANTES DO VIADULTO PROX. AO CIRCULO MILITAR  SENT. OLINDA,AV GOVERNADOR AGAMENON MAGALHAES,,ANTES DO VIADULTO PROX. AO CIRCULO MILITAR  SENT. OLINDA,SANTO AMARO,COLISÃO,AUTO E MOTO,1,1,,,,,,,,1,,,,,,,,,,,,,,,,,,
2018-01-31,20:25:00,COM VÍTIMA,FINALIZADA,APIPUCOS,RUA DOIS IRMAOS,4,1060,,ENF AO LAFEPE,RUA DOIS IRMAOS,1060,ENF AO LAFEPE,APIPUCOS,COLISÃO,AUTO X MOTO,1,1,,,,,,,,1,,,,,,,,,,,,,,,,,,
2018-02-01,07:20:00,COM VÍTIMA,FINALIZADA,ROSARINHO,RUA GENERAL ABREU E LIMA,3,239,,EDF. DORNELAS,RUA GENERAL ABREU E LIMA,239,EDF. DORNELAS,ROSARINHO,COLISÃO,COLISÃO COM VITIMA,1,1,,,,,,,,1,,,,,,,,,,,,,,,,,,
2018-02-01,09:55:00,COM VÍTIMA,FINALIZADA,JARDIM SAO PAULO,AV SAO PAULO,0,,,SOB O VIADULTO DE WERNECK,AV SAO PAULO,,SOB O VIADULTO DE WERNECK,JARDIM SÃO PAULO,COLISÃO,COLISÃO COM VITIMA,1,1,,,,,,,,1,,,,,,,,,,,,,,,,,,
2018-02-01,12:49:00,COM VÍTIMA,FINALIZADA,BOA VIAGEM,AV BOA VIAGEM,4,2846,,EM FRENTE A PADARIA BOA VIAGEM,AV BOA VIAGEM,2846,EM FRENTE A PADARIA BOA VIAGEM,BOA VIAGEM,ATROPELAMENTO,COM VÍTIMA,1,,,,1,,,,,1,,,,,,,,,,,,,,,,,,
2018-02-01,14:54:00,COM VÍTIMA,FINALIZADA,SAO JOSE,RUA IMPERIAL,4,1600,,NA ESQUINA DA JUSCEPE,RUA IMPERIAL,1600,NA ESQUINA DA JUSCEPE,SÃO JOSÉ,COLISÃO,COLISÃO COM VITIMA,1,1,,,,,,,,1,,,,,,,,,,,,,,,,,,
2018-02-01,23:50:00,COM VÍTIMA,FINALIZADA,MACAXEIRA,AV NORTE,4,7811,,EM FRENTE DA ACADEMIA DA CIDADE,AV NORTE,7811,EM FRENTE DA ACADEMIA DA CIDADE,MACAXEIRA,COLISÃO,AUTO E MOTO,1,1,,,,,,,,1,,,,,,,,,,,,,,,,,,
2018-02-02,02:34:00,COM VÍTIMA,FINALIZADA,AFOGADOS,RUA SAO MIGUEL,3,431,,APOS O DEPATRI  EM FRENTE A ESCOLA NOSSA SENHORA DE FATIMA,RUA SAO MIGUEL,431,APOS O DEPATRI  EM FRENTE A ESCOLA NOSSA SENHORA DE FATIMA,AFOGADOS,COLISÃO,AUTO E CAMINHÃO,1,,,,,,1,,,1,,,,,,,,,,,,,,,,,,
2018-02-02,11:04:00,COM VÍTIMA,FINALIZADA,IBURA,RUA RIO XINGU,3,193,RUA SANTA LEOPOLDINA,CRUZ/COM A RUA SANTA LEOPOLDINA RUA DO COLEGIO RITA DE CASSIA,RUA RIO XINGU,193,CRUZ/COM A RUA SANTA LEOPOLDINA RUA DO COLEGIO RITA DE CASSIA,IBURA,COLISÃO COM CICLISTA,COM UMA VITIMA CTTU NO LOCAL,,1,,1,,,,,,1,,,,,,,,,,,,,,,,,,
2018-02-02,12:55:00,COM VÍTIMA,FINALIZADA,COQUEIRAL,RUA FALCAO DE LACERDA,0,,,E/F DA IGREJA CATOLICA NO SEMAFORO 091,RUA FALCAO DE LACERDA,,E/F DA IGREJA CATOLICA NO SEMAFORO 091,COQUEIRAL,COLISÃO,COLISAO DE AUTO E MOTO COM UMA VITIMA,1,1,,,,,,,,1,,,,,,,,,,,,,,,,,,
2018-02-02,13:11:00,COM VÍTIMA,FINALIZADA,IPUTINGA,EST DO BARBALHO,0,,,AO LADO DO WALMART  EM FRENTE A SUPRANO,EST DO BARBALHO,,AO LADO DO WALMART  EM FRENTE A SUPRANO,IPUTINGA,COLISÃO,AUTO E MOTO,1,1,,,,,,,,1,,,,,,,,,,,,,,,,,,
2018-02-02,13:37:00,COM VÍTIMA,FINALIZADA,MADALENA,AV ENGENHEIRO ABDIAS DE CARVALHO,0,,,EM FRENTE A ESTÁCIO  SENTIDO SUBÚRBIO.,AV ENGENHEIRO ABDIAS DE CARVALHO,,EM FRENTE A ESTÁCIO  SENTIDO SUBÚRBIO.,MADALENA,COLISÃO,COLISÃO COM VÍTIMA  ENVOLVENDO DUAS MOTOS.,,2,,,,,,,,1,,,,,,,,,,,,,,,,,,
2018-02-02,16:25:00,COM VÍTIMA,FINALIZADA,TOTO,AV LIBERDADE,0,,,EM FRENTE AO CEMITERIO PARQUE DAS FLORES  E O POSTO DE GASOLINA JARDIM,AV LIBERDADE,,EM FRENTE AO CEMITERIO PARQUE DAS FLORES  E O POSTO DE GASOLINA JARDIM,TOTÓ,COLISÃO,AUTO E MOTO,1,1,,,,,,,,2,,,,,,,,,,,,,,,,,,
2018-02-02,22:52:00,COM VÍTIMA,FINALIZADA,SAO JOSE,RUA GERVASIO PIRES,0,,AV MANOEL BORBA,SEMÁFORO 169 / CRUZAMENTO COM A AV MANOEL BORBA,RUA GERVASIO PIRES,,SEMÁFORO 169 / CRUZAMENTO COM A AV MANOEL BORBA,SÃO JOSÉ,COLISÃO,ENTRE 2 AUTOS. C/V (( AS CONDUTORAS APRESETAM EMBRIAGUEZ)),2,,,,,,,,,1,,,,,,,,,,,,,,,,,,
2018-02-03,00:10:00,COM VÍTIMA,FINALIZADA,AFOGADOS,RUA SAO MIGUEL,4,1401,,EM FRENTE AO BODE DO NÔ  EM FRENTE AO EMPORIO DIGITAL  PROX DO POSTO IPIRANGA,RUA SAO MIGUEL,1401,EM FRENTE AO BODE DO NÔ  EM FRENTE AO EMPORIO DIGITAL  PROX DO POSTO IPIRANGA,AFOGADOS,COLISÃO,COLISÃO ENTRE AUTO E MOTO C/V,1,1,,,,,,,,1,,,,,,,,,,,,,,,,,,
2018-02-03,07:49:00,COM VÍTIMA,FINALIZADA,ESTANCIA,AV DR JOSE RUFINO,3,528,,RESIDENCIA. SENTIDO SUBÚRBIO,AV DR JOSE RUFINO,528,RESIDENCIA. SENTIDO SUBÚRBIO,ESTÂNCIA,COLISÃO,COM DUAS VÍTIMAS.,1,1,,,,,,,,2,,,,,,,,,,,,,,,,,,
2018-02-03,09:51:00,COM VÍTIMA,FINALIZADA,BOA VIAGEM,RUA ANTONIO FALCAO,3,499,,EM FRENTE A PANIFICADORA PAN FALCÃO,RUA ANTONIO FALCAO,499,EM FRENTE A PANIFICADORA PAN FALCÃO,BOA VIAGEM,ATROPELAMENTO,COM UMA VITIMA  SAMU NO LOCAL,1,,,,1,,,,,1,,,,,,,,,,,,,,,,,,
2018-02-03,10:29:00,COM VÍTIMA,FINALIZADA,BOA VIAGEM,RUA VISCONDE DE JEQUITINHONHA,4,1144,,EM FRENTE AO DISMADE,RUA VISCONDE DE JEQUITINHONHA,1144,EM FRENTE AO DISMADE,BOA VIAGEM,COLISÃO COM CICLISTA,COLISÃO COM VÍTIMA ENTRE AUTO E CICLISTA,1,,,1,,,,,,1,,,,,,,,,,,,,,,,,,
2018-02-03,15:36:00,COM VÍTIMA,FINALIZADA,ENGENHO DO MEIO,RUA CARNEIRO DE MARIZ,2,48,,PROX DO CLUBE DA SUDENE,RUA CARNEIRO DE MARIZ,48,PROX DO CLUBE DA SUDENE,ENGENHO DO MEIO,COLISÃO,COLISAO DE AUTO E MOTO COM UM PEDESTRE,1,1,,,,,,,,1,,,,,,,,,,,,,,,,,,
2018-02-03,18:13:00,COM VÍTIMA,FINALIZADA,AFLITOS,AV SANTOS DUMONT,4,1011,,PROX A DROGARIA BONGI,AV SANTOS DUMONT,1011,PROX A DROGARIA BONGI,AFLITOS,COLISÃO,AUTO X MOTO,1,1,,,,,,,,1,,,,,,,,,,,,,,,,,,
2018-02-04,06:46:00,COM VÍTIMA,FINALIZADA,MADALENA,RUA PESSOA DE MELO,3,199,,NA FRENTE DA CORRETORA DE SEGUROS VALENÇA SEGUROS,RUA PESSOA DE MELO,199,NA FRENTE DA CORRETORA DE SEGUROS VALENÇA SEGUROS,MADALENA,COLISÃO,COLISÃO COM VITIMA UM DOS CONDUTORES COM SINTOMAS DE EMBRIAGUEZ,2,,,,,,,,,2,,,,,,,,,,,,,,,,,,
2018-02-04,11:35:00,COM VÍTIMA,FINALIZADA,SANTO AMARO,AV GOVERNADOR AGAMENON MAGALHAES,0,,,NA FRENTE DA JEEP  ANTES DA SUBIDA DO VIADUTO  SENTIDO DERBY,AV GOVERNADOR AGAMENON MAGALHAES,,NA FRENTE DA JEEP  ANTES DA SUBIDA DO VIADUTO  SENTIDO DERBY,SANTO AMARO,COLISÃO,COLISÃO COM VITIMAS,1,1,,,,,,,,2,,,,,,,,,,,,,,,,,,
2018-02-04,15:19:00,COM VÍTIMA,FINALIZADA,BONGI,AV ENGENHEIRO ABDIAS DE CARVALHO,0,,,SEMAFORO 132  SENTIDO ILHA DO RETIRO,AV ENGENHEIRO ABDIAS DE CARVALHO,,SEMAFORO 132  SENTIDO ILHA DO RETIRO,BONGI,COLISÃO,AUTO E MOTO,1,1,,,,,,,,1,,,,,,,,,,,,,,,,,,
2018-02-04,17:22:00,COM VÍTIMA,FINALIZADA,ARRUDA,EST VELHA DE AGUA FRIA,0,,RUA RAMIZ GALVAO,ESQUINA COM A RAMIZ GALVÃO,EST VELHA DE AGUA FRIA,,ESQUINA COM A RAMIZ GALVÃO,ARRUDA,COLISÃO,MOTO E AUTO,1,1,,,,,,,,1,,,,,,,,,,,,,,,,,,
2018-02-04,17:32:00,COM VÍTIMA,FINALIZADA,ARRUDA,AV PROFESSOR JOSE DOS ANJOS,3,123,,PROX. AO CAMPO DO ARRUDA,AV PROFESSOR JOSE DOS ANJOS,123,PROX. AO CAMPO DO ARRUDA,ARRUDA,ATROPELAMENTO,AUTO E PEDESTRE,1,,,,1,,,,,1,,,,,,,,,,,,,,,,,,