data,hora,natureza_acidente,situacao,bairro,endereco,,numero,detalhe_endereco_acidente,complemento,endereco_cruzamento,numero_cruzamento,referencia_cruzamento,bairro_cruzamento,tipo,descricao,auto,moto,ciclom,ciclista,pedestre,onibus,caminhao,viatura,outros,vitimas,vitimasfatais,num_semaforo,sentido_via,acidente_verificado,tempo_clima,situacao_semaforo,sinalizacao,condicao_via,conservacao_via,ponto_controle,situacao_placa,velocidade_max_via,mao_direcao,divisao_via1,divisao_via2,divisao_via3,_id,Protocolo
2018-02-05,09:36:00,COM VÍTIMA,FINALIZADA,ARRUDA,RUA DO MACHADO,0,,RUA ZEFERINO ALVES,EM FRENTE DE SANTO ANTONIO CRUZ/COM A ZEFERINO ALVES,RUA DO MACHADO,,EM FRENTE DE SANTO ANTONIO CRUZ/COM A ZEFERINO ALVES,ARRUDA,COLISÃO,COM UMA VITIMA IDOSA,2,,,,,,,,,1,,,,,,,,,,,,,,,,,,
2018-02-05,09:43:00,COM VÍTIMA,FINALIZADA,DOIS IRMAOS,RUA DOIS IRMAOS,0,,,EM FRENTE A COMPESA SENT SUB / E AO HORTO DE DOIS IRMAOS,RUA DOIS IRMAOS,,EM FRENTE A COMPESA SENT SUB / E AO HORTO DE DOIS IRMAOS,DOIS IRMÃOS,COLISÃO,MOTO E AUTO,1,1,,,,,,,,2,,,,,,,,,,,,,,,,,,
2018-02-05,12:27:00,COM VÍTIMA,FINALIZADA,ILHA DO RETIRO,EST DOS REMEDIOS,4,2034,,EM FRENTE Á BOB´S E RECIFE NAUTICA OFICINA,EST DOS REMEDIOS,2034,EM FRENTE Á BOB´S E RECIFE NAUTICA OFICINA,ILHA DO RETIRO,COLISÃO,CAMINHÃO E MOTO,,1,,,,,1,,,1,,,,,,,,,,,,,,,,,,
2018-02-05,15:17:00,COM VÍTIMA,FINALIZADA,ARRUDA,RUA DO MACHADO,3,557,,PROX DA IGREJA SANTO ANTONIO,RUA DO MACHADO,557,PROX DA IGREJA SANTO ANTONIO,ARRUDA,COLISÃO,COLISAO DE CAMINHAO E MOTO COM UMA VITIMA,,1,,,,,1,,,1,,,,,,,,,,,,,,,,,,
2018-02-05,15:29:00,COM VÍTIMA,FINALIZADA,AFLITOS,RUA CARNEIRO VILELA,3,356,,PROXIMO A GELERIA ESQUINA 48,RUA CARNEIRO VILELA,356,PROXIMO A GELERIA ESQUINA 48,AFLITOS,COLISÃO,COLISÃO COM VÍTIMA,1,1,,,,,,,,1,,,,,,,,,,,,,,,,,,
2018-02-05,19:28:00,COM VÍTIMA,FINALIZADA,PORTO DA MADEIRA,AV BEBERIBE,4,3390,,E/F AO ARENA IBIZA CLUB  SNT ILHA DO TIRO // PROX AO POSTO IVINI,AV BEBERIBE,3390,E/F AO ARENA IBIZA CLUB  SNT ILHA DO TIRO // PROX AO POSTO IVINI,PORTO DA MADEIRA,COLISÃO,ENTRE AUTO E MOTO. C/V,1,1,,,,,,,,1,,,,,,,,,,,,,,,,,,
2018-02-06,06:55:00,COM VÍTIMA,FINALIZADA,SANTO AMARO,AV JOAO DE BARROS,0,,,SOBRE O VIADUTO  SENTIDO OLINDA,AV JOAO DE BARROS,,SOBRE O VIADUTO  SENTIDO OLINDA,SANTO AMARO,COLISÃO,COM UMA VÍTIMA. VT 03 NO LOCAL,1,1,,,,,,,,1,,,,,,,,,,,,,,,,,,
2018-02-06,07:12:00,COM VÍTIMA,FINALIZADA,CAMPO GRANDE,AV PROFESSOR JOSE DOS ANJOS,3,354,,PROX  AO TERMINAL DE CHÃO DE ESTRELAS,AV PROFESSOR JOSE DOS ANJOS,354,PROX  AO TERMINAL DE CHÃO DE ESTRELAS,CAMPO GRANDE,COLISÃO,COLISÃO COM VITIMAS,1,1,,,,,,,,1,,,,,,,,,,,,,,,,,,
2018-02-06,08:34:00,COM VÍTIMA,FINALIZADA,CAXANGA,AV CAXANGA,4,5073,,E/F A ACADEMIA SHALON E A IGREJA PAZ E VIDA. SENTIDOCIDADE,AV CAXANGA,5073,E/F A ACADEMIA SHALON E A IGREJA PAZ E VIDA. SENTIDOCIDADE,CAXANGÁ,ATROPELAMENTO,ATROPELAMENTO SEGUIDO DE COLISÃO. COM UMA VÍTIMA EM ATENDIMENTO PELOS BOMBEIROS.,1,1,,,1,,,,,1,,,,,,,,,,,,,,,,,,
2018-02-06,15:09:00,COM VÍTIMA,FINALIZADA,ESPINHEIRO,AV GOVERNADOR AGAMENON MAGALHAES,4,2656,,E/F AO EMPRESARIAL AGAMENON MAGALHAES S/T BOA VIAGEM,AV GOVERNADOR AGAMENON MAGALHAES,2656,E/F AO EMPRESARIAL AGAMENON MAGALHAES S/T BOA VIAGEM,ESPINHEIRO,COLISÃO,COLISAO DE AUTO E MOTO COM UMA VITIMA,1,1,,,,,,,,1,,,,,,,,,,,,,,,,,,
2018-02-06,17:26:00,COM VÍTIMA,FINALIZADA,IMBIRIBEIRA,AV MARECHAL MASCARENHAS DE MORAES,4,4797,,EM FRENTE AO MARTELINHO DE OURO/ SENTIDO AFOGADOS,AV MARECHAL MASCARENHAS DE MORAES,4797,EM FRENTE AO MARTELINHO DE OURO/ SENTIDO AFOGADOS,IMBIRIBEIRA,COLISÃO,COLISÃO COM VÍTIMA,1,1,,,,,,,,1,,,,,,,,,,,,,,,,,,
2018-02-06,23:46:00,COM VÍTIMA,FINALIZADA,ILHA DO RETIRO,RUA SPORT CLUBE DO RECIFE,3,S/N,,NO TÚNEL CHICO SCIENS,RUA SPORT CLUBE DO RECIFE,S/N,NO TÚNEL CHICO SCIENS,ILHA DO RETIRO,COLISÃO,SPIN / MOTO BROS,1,1,,,,,,,,1,,,,,,,,,,,,,,,,,,
2018-02-08,07:12:00,COM VÍTIMA,FINALIZADA,JORDAO,AV MARIA IRENE,0,,,PRÓXIMO A PRAÇA DO JORDÃO BAIXO - SEMÁFORO 581,AV MARIA IRENE,,PRÓXIMO A PRAÇA DO JORDÃO BAIXO - SEMÁFORO 581,JORDÃO,COLISÃO,COM VÍTIMA,,1,,,,1,,,,1,,,,,,,,,,,,,,,,,,
2018-02-08,13:46:00,COM VÍTIMA,FINALIZADA,SANTO AMARO,AV MILITAR,0,,,NA DESCIDA DA PONTE DO LIMOEIRO,AV MILITAR,,NA DESCIDA DA PONTE DO LIMOEIRO,SANTO AMARO,COLISÃO,COLISÃO COM VÍTIMA  ENVOLVENDO UMA MOTO E UM AUTO.,1,1,,,,,,,,1,,,,,,,,,,,,,,,,,,
2018-02-08,14:32:00,COM VÍTIMA,FINALIZADA,AFOGADOS,RUA COSME VIANA,0,,PADRE TEOFILO TWORZ,COM PADRE TEÓFILO TWORZ,RUA COSME VIANA,,COM PADRE TEÓFILO TWORZ,AFOGADOS,COLISÃO,COLISÃO COM VÍTIMA  ENVOLVENDO UMA MOTO E UM AUTO.,1,1,,,,,,,,1,,,,,,,,,,,,,,,,,,
2018-02-08,20:18:00,COM VÍTIMA,FINALIZADA,CASA AMARELA,AV NORTE,0,,,ENF AO REI DA PICANHA,AV NORTE,,ENF AO REI DA PICANHA,CASA AMARELA,COLISÃO,MOTO E ONIBUS,,,1,,,1,,,,1,,,,,,,,,,,,,,,,,,
2018-02-09,02:54:00,COM VÍTIMA,FINALIZADA,AGUA FRIA,AV BEBERIBE,0,,,PRÓX AO MERCADO DE ÁGUA FRIA// EM FRENTE A LOJA MILENA MÓVEIS,AV BEBERIBE,,PRÓX AO MERCADO DE ÁGUA FRIA// EM FRENTE A LOJA MILENA MÓVEIS,ÁGUA FRIA,CHOQUE,VEÍCULO CHOCOU-SE CONTRA UMA ESTRUTURA DE EVENTO MONTADA AO LONGO DA VIA,1,,,,,,,,,2,,,,,,,,,,,,,,,,,,
2018-02-09,06:06:00,COM VÍTIMA,FINALIZADA,CAXANGA,AV PROFESSOR ESTEVAO FRANCISCO DA COSTA,0,,RUA ODETE MONTEIRO,NO SEMAFORO 589 ESQUINA DO POSTO PETROCAL S/T CID,AV PROFESSOR ESTEVAO FRANCISCO DA COSTA,,NO SEMAFORO 589 ESQUINA DO POSTO PETROCAL S/T CID,CAXANGÁ,COLISÃO,COLISAO AUTO E MOTO COM UMA VITIMA,1,1,,,,,,,,1,,,,,,,,,,,,,,,,,,
2018-02-09,09:29:00,COM VÍTIMA,FINALIZADA,ALTO JOSE BONIFACIO,RUA CORREGO DO EUCLIDES,0,,,PROX AO GIRADOURO DA BOMBA,RUA CORREGO DO EUCLIDES,,PROX AO GIRADOURO DA BOMBA,ALTO JOSÉ BONIFÁCIO,COLISÃO,COLISÃO COM VITIMA A ESPERA DO SAMU GM QTH,1,1,,,,,,,,1,,,,,,,,,,,,,,,,,,
2018-02-09,09:59:00,COM VÍTIMA,FINALIZADA,AREIAS,AV RECIFE,0,,,SENTIDO CAXANGÁ. SEMÁFORO 617 E/F AO HOSPITAL GERAL DE AREIAS,AV RECIFE,,SENTIDO CAXANGÁ. SEMÁFORO 617 E/F AO HOSPITAL GERAL DE AREIAS,AREIAS,COLISÃO,COM UMA VÍTIMA,1,1,,,,,,,,1,,,,,,,,,,,,,,,,,,
2018-02-09,16:47:00,COM VÍTIMA,FINALIZADA,SANTO AMARO,AV CRUZ CABUGA,0,,,EM FRENTE AO COLEGIO GINÁSIO PERNAMBUCANO,AV CRUZ CABUGA,,EM FRENTE AO COLEGIO GINÁSIO PERNAMBUCANO,SANTO AMARO,COLISÃO,COLISÃO COM VITIMA,1,1,,,,,,,,1,,,,,,,,,,,,,,,,,,
2018-02-09,18:47:00,COM VÍTIMA,FINALIZADA,PINA,AV CELSO FURTADO,0,,,SNT RIO MAR / AO LADO DO ANTIGO AEROCLUBE DO PINA,AVENIDA CELSO FURTADO (VIA MANGUE),,SNT RIO MAR / AO LADO DO ANTIGO AEROCLUBE DO PINA,PINA,COLISÃO,ENTRE AUTO E MOTO. C/V,1,1,,,,,,,,1,,,,,,,,,,,,,,,,,,
2018-02-09,21:41:00,COM VÍTIMA,FINALIZADA,CASA FORTE,AV DEZESSETE DE AGOSTO,0,,,ENF A FARMACIA PAGUE MENOS SEMAFORO 646,AV DEZESSETE DE AGOSTO,,ENF A FARMACIA PAGUE MENOS SEMAFORO 646,CASA FORTE,COLISÃO,FIESTA X AUTO,2,,,,,,,,,1,,,,,,,,,,,,,,,,,,
2018-02-09,23:27:00,COM VÍTIMA,FINALIZADA,IPSEP,RUA JEAN EMILE FAVRE,0,,RUA RIO AMAZONAS,ENFR A PADARIA PAO NORTE CRUZAMENTO COM A RUA RIO AMAZONAS,RUA JEAN EMILE FAVRE,,ENFR A PADARIA PAO NORTE CRUZAMENTO COM A RUA RIO AMAZONAS,IPSEP,COLISÃO,DUAS MOTO,,2,,,,,,,,1,,,,,,,,,,,,,,,,,,
2018-02-10,07:24:00,COM VÍTIMA,FINALIZADA,BOA VIAGEM,AV CONSELHEIRO AGUIAR,0,,,MERCADO DE BOA VIAGEM  PROX. AO PONTO DO AÇAI,AV CONSELHEIRO AGUIAR,,MERCADO DE BOA VIAGEM  PROX. AO PONTO DO AÇAI,BOA VIAGEM,COLISÃO,COLISÃO COM VITIMA,1,1,,,,,,,,1,,,,,,,,,,,,,,,,,,
2018-02-10,08:07:00,COM VÍTIMA,FINALIZADA,TOTO,RUA ONZE DE AGOSTO,3,550,,EM FRENTE AO CONDOMINO JARDIM BOTANICO,RUA ONZE DE AGOSTO,550,EM FRENTE AO CONDOMINO JARDIM BOTANICO,TOTÓ,COLISÃO,COM UMA VITIMA AGUARDANDO SAMU,1,1,,,,,,,,1,,,,,,,,,,,,,,,,,,
2018-02-10,15:19:00,COM VÍTIMA,FINALIZADA,CAXANGA,AV CAXANGA,0,,,SENTIDO SUBURBIO CIDADE EM FRENTE A PARADA DO BRT ESTAÇÃO ABOLIÇÃO E A CELPE,AV CAXANGA,,SENTIDO SUBURBIO CIDADE EM FRENTE A PARADA DO BRT ESTAÇÃO ABOLIÇÃO E A CELPE,CAXANGÁ,COLISÃO,COLISÃO COM 1 VITIMA,1,1,,,,,,,,1,,,,,,,,,,,,,,,,,,
2018-02-10,18:43:00,COM VÍTIMA,FINALIZADA,BOA VISTA,AV CONDE DA BOA VISTA,0,,,1º PARADA APÓS O SHOPPING SENTIDO SUBÚRBIO,AV CONDE DA BOA VISTA,,1º PARADA APÓS O SHOPPING SENTIDO SUBÚRBIO,BOA VISTA,ATROPELAMENTO,ÔNIBUS,,,,,,1,,,,1,,,,,,,,,,,,,,,,,,
2018-02-10,19:01:00,COM VÍTIMA,FINALIZADA,CASA FORTE,AV DEZESSETE DE AGOSTO,0,,RUA LAURINDO COELHO,COM A RUA LAURINDO COELHO PROX. AO BANCO ITAU  EM FRENTE Á HYUNDAI,AV DEZESSETE DE AGOSTO,,COM A RUA LAURINDO COELHO PROX. AO BANCO ITAU  EM FRENTE Á HYUNDAI,CASA FORTE,COLISÃO,AUTO E MOTO,1,1,,,,,,,,1,,,,,,,,,,,,,,,,,,
2018-02-11,01:14:00,COM VÍTIMA,FINALIZADA,SANTO AMARO,AV GOVERNADOR AGAMENON MAGALHAES,0,,,EM FRENTE AO SHOPPING TACARUNA,AV GOVERNADOR AGAMENON MAGALHAES,,EM FRENTE AO SHOPPING TACARUNA,SANTO AMARO,COLISÃO,COLISÃO ENTRE DOIS AUTOS COM VÍTIMAS,2,,,,,,,,,1,,,,,,,,,,,,,,,,,,
2018-02-11,07:16:00,VÍTIMA FATAL,FINALIZADA,IBURA,AV DOIS RIOS,4,1483,,IBURA DE BAIXO NA SUBIDA DO JORDÃO PROX AO POSTO DE GASOLINA BR EM FRENTE AO ARMAZEM FERRAGENS EM BAIXO DO SEMAFORO 351,AV DOIS RIOS,1483,IBURA DE BAIXO NA SUBIDA DO JORDÃO PROX AO POSTO DE GASOLINA BR EM FRENTE AO ARMAZEM FERRAGENS EM BAIXO DO SEMAFORO 351,IBURA,COLISÃO,COLISÃO COM 2 VITIMAS,,2,,,,,,,,2,1,,,,,,,,,,,,,,,,,
2018-02-11,16:39:00,COM VÍTIMA,FINALIZADA,MUSTARDINHA,AV MANOEL GONCALVES DA LUZ,0,,,EM FRENTE Á GRAFICA ABC,AV MANOEL GONCALVES DA LUZ,,EM FRENTE Á GRAFICA ABC,MUSTARDINHA,COLISÃO,AUTO E MOTO,1,1,,,,,,,,1,,,,,,,,,,,,,,,,,,
2018-02-11,17:19:00,COM VÍTIMA,FINALIZADA,MACAXEIRA,AV NORTE,4,7490,,EM FRENTE DO RESTAURANTE NORTE GRILL SENT. INTEGRAÇÃO,AV NORTE,7490,EM FRENTE DO RESTAURANTE NORTE GRILL SENT. INTEGRAÇÃO,MACAXEIRA,COLISÃO,DUAS MOTOS,,2,,,,,,,,3,,,,,,,,,,,,,,,,,,
2018-02-11,20:48:00,COM VÍTIMA,FINALIZADA,CASA AMARELA,AV NORTE,0,,,ENFR AO DESCONTAO DA AV NORTE SENTIDO CENTRO,AV NORTE,,ENFR AO DESCONTAO DA AV NORTE SENTIDO CENTRO,CASA AMARELA,ATROPELAMENTO,MOTO X PEDESTRE,,1,,,1,,,,,1,,,,,,,,,,,,,,,,,,
2018-02-12,00:18:00,COM VÍTIMA,FINALIZADA,PORTO DA MADEIRA,AV BEBERIBE,0,,,PRÓXIMO AO ANTIGO BAR DALVA DE OLIVEIRA // PRÓXIMO AO SEST/SENAT,AV BEBERIBE,,PRÓXIMO AO ANTIGO BAR DALVA DE OLIVEIRA // PRÓXIMO AO SEST/SENAT,PORTO DA MADEIRA,COLISÃO,COLISÃO ENTRE MOTO E TÁXI COM VÍTIMAS,1,1,,,,,,,,2,,,,,,,,,,,,,,,,,,
2018-02-13,09:17:00,COM VÍTIMA,FINALIZADA,SANTO AMARO,AV NORTE,3,XXX,AV CRUZ CABUGA,CRUZAMENTO COM A AVENIDA CRUZ CABUGÁ,AV NORTE,XXX,CRUZAMENTO COM A AVENIDA CRUZ CABUGÁ,SANTO AMARO,COLISÃO,COLISÃO ENVOLVENDO VIATURA DA PM-PE E MOTO,2,,,,,,,,,2,,,,,,,,,,,,,,,,,,
2018-02-14,07:25:00,COM VÍTIMA,FINALIZADA,TORROES,EST DO FORTE DO ARRAIAL N. DO B. JESUS,4,1615,,EM FRENTE A LAVANDERIA ROUPA LIMPA HA DERZ METROS DO RESTAURANTE YOKI,EST DO FORTE DO ARRAIAL N. DO B. JESUS,1615,EM FRENTE A LAVANDERIA ROUPA LIMPA HA DERZ METROS DO RESTAURANTE YOKI,TORRÕES,COLISÃO COM CICLISTA,COM UMA VITIMA BOMBEIROS NO LOCAL,1,,,1,,,,,,1,,,,,,,,,,,,,,,,,,
2018-02-14,08:23:00,COM VÍTIMA,FINALIZADA,SAN MARTIN,AV JOAO CABRAL DE MELO NETO,0,,,EM FRENTE RESTAURANTE E PIZARIA GIGANTE NEGRO,AV JOAO CABRAL DE MELO NETO,,EM FRENTE RESTAURANTE E PIZARIA GIGANTE NEGRO,SAN MARTIN,COLISÃO COM CICLISTA,COLISÃO ENVOLVENDO ALTO E CICLISTA,1,,,1,,,,,,1,,,,,,,,,,,,,,,,,,
2018-02-14,10:09:00,COM VÍTIMA,FINALIZADA,AFOGADOS,RUA SAO MIGUEL,3,670,,EM FRENTE DA OFICINA MECANICA O PORTUGUES,RUA SAO MIGUEL,670,EM FRENTE DA OFICINA MECANICA O PORTUGUES,AFOGADOS,COLISÃO,COM UMA VITIMA AGUARDANDO SOCORRO,1,1,,,,,,,,1,,,,,,,,,,,,,,,,,,
2018-02-14,12:10:00,COM VÍTIMA,FINALIZADA,BOA VISTA,RUA PRINCESA IZABEL,0,,RUA DO HOSPICIO,COM RUA HOSPICIO,RUA PRINCESA IZABEL,,COM RUA HOSPICIO,BOA VISTA,COLISÃO,,1,1,,,,,,,,1,,,,,,,,,,,,,,,,,,
2018-02-14,16:58:00,COM VÍTIMA,FINALIZADA,MANGABEIRA,AV NORTE,0,,,EM FRENTE AO ARMAZEM CORAL,AV NORTE,,EM FRENTE AO ARMAZEM CORAL,MANGABEIRA,COLISÃO,COLISÃO COM VITIMA GM QTH,1,1,,,,,,,,1,,,,,,,,,,,,,,,,,,
2018-02-14,17:47:00,COM VÍTIMA,FINALIZADA,ARRUDA,RUA DO MACHADO,0,,,POR TRAS DO CAMPO,RUA DO MACHADO,,POR TRAS DO CAMPO,ARRUDA,ATROPELAMENTO,TRIO ELETRICO E PEDESTRE,,,,,1,,,,,1,,,,,,,,,,,,,,,,,,
2018-02-14,22:18:00,COM VÍTIMA,FINALIZADA,CASA AMARELA,RUA CONS NABUCO,3,210,,PROX AO BOMPREÇO DE CASA AMARELA ENF AO RESTAURANTE KINAY,RUA CONS NABUCO,210,PROX AO BOMPREÇO DE CASA AMARELA ENF AO RESTAURANTE KINAY,CASA AMARELA,COLISÃO,AUTO E MOTO,1,1,,,,,,,,1,,,,,,,,,,,,,,,,,,
2018-02-15,04:07:00,COM VÍTIMA,FINALIZADA,AGUA FRIA,AV BEBERIBE,0,,,EM FRENTE A FEIRA LIVRE DE ÁGUA FRIA,AV BEBERIBE,,EM FRENTE A FEIRA LIVRE DE ÁGUA FRIA,ÁGUA FRIA,CHOQUE,VEÍCULO CHOCOU-SE CONTRA UMA ESTRUTURA DE EVENTO,1,,,,,,,,,1,,,,,,,,,,,,,,,,,,
2018-02-15,10:00:00,COM VÍTIMA,FINALIZADA,BOA VISTA,RUA DO PRINCIPE,3,114,,EM FRENTE A FARMACIA CANDEIA,RUA DO PRINCIPE,114,EM FRENTE A FARMACIA CANDEIA,BOA VISTA,ATROPELAMENTO,ATROPELAMENTO EM SEGUIDA DE COLISÃO PEDESTRE A ESPERA DO SAMU,1,1,,,1,,,,,1,,,,,,,,,,,,,,,,,,
2018-02-15,12:15:00,COM VÍTIMA,FINALIZADA,RECIFE,C DO APOLO,0,,,NO MARCO ZERO E/F AO BANCO DO BRASIL,CAIS DO APOLO,,NO MARCO ZERO E/F AO BANCO DO BRASIL,BAIRRO DO RECIFE,COLISÃO,COLISAO DE ONIBUS E MOTO COM UMA VITIMA,,1,,,,1,,,,1,,,,,,,,,,,,,,,,,,
2018-02-15,16:10:00,COM VÍTIMA,FINALIZADA,AFOGADOS,AV SUL GOV. CID SAMPAIO,0,,LARGO DA PAZ,SEMAFORO 053,LARGO DA PAZ,,SEMAFORO 053,AFOGADOS,COLISÃO,AUTO E MOTO,1,1,,,,,,,,1,,,,,,,,,,,,,,,,,,
2018-02-15,18:08:00,COM VÍTIMA,FINALIZADA,AREIAS,AV RECIFE,0,,,ENF AO RECIDENCIAL INES ANDRE ASA --OBS:- VT 21 DA CTTU ESTA NO LOCAL,AV RECIFE,,ENF AO RECIDENCIAL INES ANDRE ASA --OBS:- VT 21 DA CTTU ESTA NO LOCAL,AREIAS,COLISÃO,MOTO E AUTO,1,1,,,,,,,,1,,,,,,,,,,,,,,,,,,
2018-02-15,18:48:00,COM VÍTIMA,FINALIZADA,PORTO DA MADEIRA,AV BEBERIBE,0,,,ENF AO COLEGIO NOVENTA GRAU E SEMAFORO 559,AV BEBERIBE,,ENF AO COLEGIO NOVENTA GRAU E SEMAFORO 559,PORTO DA MADEIRA,COLISÃO,AUTO X MOTO,1,1,,,,,,,,1,,,,,,,,,,,,,,,,,,
2018-02-16,07:43:00,COM VÍTIMA,FINALIZADA,SANTO AMARO,AV CRUZ CABUGA,0,,,PRÓXIMO A PARADA DO BRT E LADO OPOSTO A CONCESSIONÁRIA HONDA - SENTIDO OLINDA,AV CRUZ CABUGA,,PRÓXIMO A PARADA DO BRT E LADO OPOSTO A CONCESSIONÁRIA HONDA - SENTIDO OLINDA,SANTO AMARO,COLISÃO,COM VÍTIMA - VÍTIMA SOCORRIDA PELO CBMPE,,2,,,,,,,,1,,,,,,,,,,,,,,,,,,
2018-02-16,13:56:00,COM VÍTIMA,FINALIZADA,BOA VISTA,RUA JOSE DE ALENCAR,3,725,,EM FRENTE A ALERGO IMUNO,RUA JOSE DE ALENCAR,725,EM FRENTE A ALERGO IMUNO,BOA VISTA,COLISÃO,COLISÃO COM VÍTIMA,1,1,,,,,,,,1,,,,,,,,,,,,,,,,,,
2018-02-16,17:46:00,COM VÍTIMA,FINALIZADA,NOVA DESCOBERTA,AV VEREADOR OTACILIO AZEVEDO,4,3021,,PROX A FABRICA DA KINITOS EM FRENTE A IGREJA CATOLICA,AV VEREADOR OTACILIO AZEVEDO,3021,PROX A FABRICA DA KINITOS EM FRENTE A IGREJA CATOLICA,NOVA DESCOBERTA,ATROPELAMENTO,ATROPELAMENTO VITIMA SENDO SOCORRIDA PELOS BOMBEIROS,,,,,1,,,,,1,,,,,,,,,,,,,,,,,,
2018-02-16,19:33:00,COM VÍTIMA,FINALIZADA,PAISSANDU,AV GOVERNADOR AGAMENON MAGALHAES,0,,,EM FRENTE AO HOSPITAL PORTUGUES SENT. BOA VIAGEM,AV GOVERNADOR AGAMENON MAGALHAES,,EM FRENTE AO HOSPITAL PORTUGUES SENT. BOA VIAGEM,PAISSANDU,COLISÃO,AUTO E MOTO,1,1,,,,,,,,1,,,,,,,,,,,,,,,,,,
2018-02-17,07:50:00,COM VÍTIMA,FINALIZADA,SANTO AMARO,RUA TREZE DE MAIO,0,,,C/ RUA DOS PALMARES,RUA TREZE DE MAIO,,C/ RUA DOS PALMARES,SANTO AMARO,COLISÃO,,1,1,,,,,,,,1,,,,,,,,,,,,,,,,,,
2018-02-17,14:22:00,COM VÍTIMA,FINALIZADA,IMBIRIBEIRA,AV MARECHAL MASCARENHAS DE MORAES,0,,,JUNTO AO SEMAFORO 289,AV MARECHAL MASCARENHAS DE MORAES,,JUNTO AO SEMAFORO 289,IMBIRIBEIRA,COLISÃO,COLISÃO SEM VITIMAS,1,1,,,,,,,,1,,,,,,,,,,,,,,,,,,
2018-02-17,19:49:00,COM VÍTIMA,FINALIZADA,PINA,RUA ARQUITETO AUGUSTO REINALDO,3,193,,PROX AO ATACADO DA CONSTRUCAO,RUA ARQUITETO AUGUSTO REINALDO,193,PROX AO ATACADO DA CONSTRUCAO,PINA,COLISÃO,AUTO X MOTO,1,1,,,,,,,,1,,,,,,,,,,,,,,,,,,
2018-02-17,20:12:00,COM VÍTIMA,FINALIZADA,SAN MARTIN,AV GENERAL SAN MARTIN,0,,,PROXIMIDADES DA LOMBADA ELETRôNICA / APÓS A CAVALARIA / E/F A LOJA DELAZARI,AV GENERAL SAN MARTIN,,PROXIMIDADES DA LOMBADA ELETRôNICA / APÓS A CAVALARIA / E/F A LOJA DELAZARI,SAN MARTIN,COLISÃO,ENTRE AUTO E MOTO. C/V,1,,1,,,,,,,1,,,,,,,,,,,,,,,,,,
2018-02-17,22:00:00,COM VÍTIMA,FINALIZADA,ROSARINHO,AV NORTE,0,,,SEMÁFORO 081 E E/F A PADARIA ROSARINHO,AV NORTE,,SEMÁFORO 081 E E/F A PADARIA ROSARINHO,ROSARINHO,COLISÃO,ENTRE AUTO E MOTO. C/V,1,1,,,,,,,,1,,,,,,,,,,,,,,,,,,
2018-02-18,12:59:00,COM VÍTIMA,FINALIZADA,SANTO AMARO,AV VISCONDE DE SUASSUNA,0,,,PROXIMO AO SEMÁFORO 032,AV VISCONDE DE SUASSUNA,,PROXIMO AO SEMÁFORO 032,SANTO AMARO,COLISÃO,COLISÃO COM VÍTIMA,1,,,,,,,,,1,,,,,,,,,,,,,,,,,,
2018-02-18,17:53:00,COM VÍTIMA,FINALIZADA,ILHA JOANA BEZERRA,RUA CAPITAO TEMUDO,0,,,EM CIMA DO VIADUTO CAPITAO TEMUDO SENTIDO BOA VIAGEM O ACESSO QUE VAI PARA A IMPERIAL,VIADUTO CAPITAO TEMUDO,,EM CIMA DO VIADUTO CAPITAO TEMUDO SENTIDO BOA VIAGEM O ACESSO QUE VAI PARA A IMPERIAL,JOANA BEZERRA,CHOQUE,VEICULO X MURETA DE CONCRETO,1,,,,,,,,,1,,,,,,,,,,,,,,,,,,
2018-02-19,12:13:00,COM VÍTIMA,FINALIZADA,CORDEIRO,RUA GOMES TABORDA,0,,,E/F DO SUPERMERCADO IDEAL ATACAREJO S/T AV DO FORTE,RUA GOMES TABORDA,,E/F DO SUPERMERCADO IDEAL ATACAREJO S/T AV DO FORTE,CORDEIRO,COLISÃO,COLISAO DE AUTO E MOTO COM UMA VITIMA,1,1,,,,,,,,1,,,,,,,,,,,,,,,,,,
2018-02-19,16:47:00,COM VÍTIMA,FINALIZADA,IMBIRIBEIRA,AV MARECHAL MASCARENHAS DE MORAES,0,,,EM FRENTE A TAMBAÍ,AV MARECHAL MASCARENHAS DE MORAES,,EM FRENTE A TAMBAÍ,IMBIRIBEIRA,COLISÃO,,1,,,,,1,,,,1,,,,,,,,,,,,,,,,,,
2018-02-19,16:50:00,COM VÍTIMA,FINALIZADA,CASA AMARELA,EST DO ARRAIAL,4,2823,,PROX AO HOSPITAL AGAMENON MAGALHAES E/F DO EDF TI ARIES,EST DO ARRAIAL,2823,PROX AO HOSPITAL AGAMENON MAGALHAES E/F DO EDF TI ARIES,CASA AMARELA,COLISÃO,COLISAO DE AUTO E MOTO COM UMA VITIMA VT 14 NO LOCAL,1,1,,,,,,,,1,,,,,,,,,,,,,,,,,,
2018-02-19,17:28:00,COM VÍTIMA,FINALIZADA,CASA FORTE,AV DEZESSETE DE AGOSTO,0,,,ENTRE O BARCHEF E O BAR REAL BOTEQUIM,AV DEZESSETE DE AGOSTO,,ENTRE O BARCHEF E O BAR REAL BOTEQUIM,CASA FORTE,COLISÃO,COLISAO DE AUTO E DUAS MOTO COM UMA VITIMA,1,2,,,,,,,,4,,,,,,,,,,,,,,,,,,
2018-02-19,21:09:00,COM VÍTIMA,FINALIZADA,BARRO,AV DR JOSE RUFINO,0,,,PROX AO VIADUTO DA BR 101 PROX AO HTEL OLIMPICOS,AV DR JOSE RUFINO,,PROX AO VIADUTO DA BR 101 PROX AO HTEL OLIMPICOS,BARRO,COLISÃO,AUTO E MOTO,1,1,,,,,,,,1,,,,,,,,,,,,,,,,,,
2018-02-19,21:31:00,COM VÍTIMA,FINALIZADA,ESPINHEIRO,RUA DO ESPINHEIRO,0,,RUA SANTO ELIAS,CRUZAMENTO COM A RUA SANTA ELIA PROX AO POSTO IPIRANGA,RUA DO ESPINHEIRO,,CRUZAMENTO COM A RUA SANTA ELIA PROX AO POSTO IPIRANGA,ESPINHEIRO,COLISÃO,ONIBUS GLOBO X AUTO,1,,,,,1,,,,1,,,,,,,,,,,,,,,,,,
2018-02-20,13:46:00,COM VÍTIMA,FINALIZADA,CORDEIRO,AV CAXANGA,0,,,EM FRENTE AO PERNAMBUCO DA SORTE,AV CAXANGA,,EM FRENTE AO PERNAMBUCO DA SORTE,CORDEIRO,ATROPELAMENTO,,,1,,,,,,,,1,,,,,,,,,,,,,,,,,,
2018-02-20,14:26:00,COM VÍTIMA,FINALIZADA,CAMPO GRANDE,RUA ODORICO MENDES,0,,,E/F AO CLUBE DAS PÁS,RUA ODORICO MENDES,,E/F AO CLUBE DAS PÁS,CAMPO GRANDE,COLISÃO,COLISAO DE AUTO E MOTO COM UMA VITIMA,1,1,,,,,,,,1,,,,,,,,,,,,,,,,,,