data,hora,natureza_acidente,situacao,bairro,endereco,,numero,detalhe_endereco_acidente,complemento,endereco_cruzamento,numero_cruzamento,referencia_cruzamento,bairro_cruzamento,tipo,descricao,auto,moto,ciclom,ciclista,pedestre,onibus,caminhao,viatura,outros,vitimas,vitimasfatais,num_semaforo,sentido_via,acidente_verificado,tempo_clima,situacao_semaforo,sinalizacao,condicao_via,conservacao_via,ponto_controle,situacao_placa,velocidade_max_via,mao_direcao,divisao_via1,divisao_via2,divisao_via3,_id,Protocolo
2018-02-20,17:15:00,COM VÍTIMA,FINALIZADA,CAXANGA,AV CAXANGA,0,,,,AV CAXANGA,,,CAXANGÁ,COLISÃO,,1,1,,,,,,,,1,,,,,,,,,,,,,,,,,,
2018-02-20,22:59:00,COM VÍTIMA,FINALIZADA,ESPINHEIRO,RUA MARQUES DO PARANA,0,,RUA ALFREDO DE CARVALHO,CRUZAMENTO COM A RUA ALFREDO CARVALHO,RUA MARQUES DO PARANA,,CRUZAMENTO COM A RUA ALFREDO CARVALHO,ESPINHEIRO,COLISÃO,ONIX X MOTO,1,1,,,,,,,,2,,,,,,,,,,,,,,,,,,
2018-02-21,08:05:00,COM VÍTIMA,FINALIZADA,CASA AMARELA,RUA CONS NABUCO,3,151,,EM FRENTE AO EDF/ SOLAR TRINDADE,RUA CONS NABUCO,151,EM FRENTE AO EDF/ SOLAR TRINDADE,CASA AMARELA,COLISÃO,COL.COM IMA VITIMA.SET.CD,1,1,,,,,,,,1,,,,,,,,,,,,,,,,,,
2018-02-21,10:56:00,COM VÍTIMA,FINALIZADA,IMBIRIBEIRA,AV MARECHAL MASCARENHAS DE MORAES,0,,,LADO OPOSTOA INFRAERO,AV MARECHAL MASCARENHAS DE MORAES,,LADO OPOSTOA INFRAERO,IMBIRIBEIRA,COLISÃO,COLISÃO COM VITIMA,,1,,,,,1,,,1,,,,,,,,,,,,,,,,,,
2018-02-22,07:16:00,COM VÍTIMA,FINALIZADA,IMBIRIBEIRA,AV MARECHAL MASCARENHAS DE MORAES,0,,,E/F A INFRAERO,AV MARECHAL MASCARENHAS DE MORAES,,E/F A INFRAERO,IMBIRIBEIRA,COLISÃO,COM UMA VÍTIMA.,1,1,,,,,,,,1,,,,,,,,,,,,,,,,,,
2018-02-22,08:30:00,COM VÍTIMA,FINALIZADA,AREIAS,AV RECIFE,0,,,EM FRENTE AO HIPER BOMPREÇO SENT/AEROPORTO,AV RECIFE,,EM FRENTE AO HIPER BOMPREÇO SENT/AEROPORTO,AREIAS,COLISÃO,COM UMA VITIMA,1,1,,,,,,,,1,,,,,,,,,,,,,,,,,,
2018-02-22,09:11:00,COM VÍTIMA,FINALIZADA,ESTANCIA,AV RECIFE,0,,,SEMÁFORO 619  CONJ. INGNÊZ ANDREAZZA,AV RECIFE,,SEMÁFORO 619  CONJ. INGNÊZ ANDREAZZA,ESTÂNCIA,COLISÃO,COM UMA VÍTIMA.,1,1,,,,,,,,1,,,,,,,,,,,,,,,,,,
2018-02-22,14:36:00,COM VÍTIMA,FINALIZADA,BOA VIAGEM,AV CELSO FURTADO,0,,,ALÇA DE ACESSO A RUA ANTÔNIO FALCÃO,AVENIDA CELSO FURTADO (VIA MANGUE),,ALÇA DE ACESSO A RUA ANTÔNIO FALCÃO,BOA VIAGEM,COLISÃO,,1,1,,,,,,,,1,,,,,,,,,,,,,,,,,,
2018-02-22,19:51:00,COM VÍTIMA,FINALIZADA,BOMBA DO HEMETERIO,RUA CORREGO JOSE GRANDE,0,,,E/F AO TERMINAL DA BOMBA DO HEMETÉRIO,RUA CORREGO JOSE GRANDE,,E/F AO TERMINAL DA BOMBA DO HEMETÉRIO,BOMBA DO HEMETÉRIO,COLISÃO,ENTRE MOTO E ÕNIBUS. S/V,,1,,,,1,,,,1,,,,,,,,,,,,,,,,,,
2018-02-22,21:05:00,COM VÍTIMA,FINALIZADA,CORDEIRO,RUA DR JOAO LACERDA,3,457,,PROXIMIDADES DO COLÉGIO DARCY RIBEIRO,RUA DR JOAO LACERDA,457,PROXIMIDADES DO COLÉGIO DARCY RIBEIRO,CORDEIRO,COLISÃO,ENTRE AUTO E MOTO. C/V,1,,1,,,,,,,2,,,,,,,,,,,,,,,,,,
2018-02-23,08:46:00,COM VÍTIMA,FINALIZADA,AGUA FRIA,AV BEBERIBE,4,2026,,PROX. A LAISER ELETRO,AV BEBERIBE,2026,PROX. A LAISER ELETRO,ÁGUA FRIA,COLISÃO,DUAS MOTOS C/V,,2,,,,,,,,1,,,,,,,,,,,,,,,,,,
2018-02-23,09:00:00,COM VÍTIMA,FINALIZADA,BOA VISTA,RUA DO RIACHUELO,3,S/N,,C/ RUA DO HOSPÍCIO,RUA DO RIACHUELO,S/N,C/ RUA DO HOSPÍCIO,BOA VISTA,ATROPELAMENTO,ATROPELAMENTO ENTRE AUTO E ÔNIBUS,,,,,,,,,,1,,,,,,,,,,,,,,,,,,
2018-02-23,12:19:00,COM VÍTIMA,FINALIZADA,JIQUIA,RUA SAO MIGUEL,0,,,PROXIMO A PONTE DO JIQUIA,RUA SAO MIGUEL,,PROXIMO A PONTE DO JIQUIA,JIQUIÁ,COLISÃO,ATROPELAMENTO PEDESTRE E MOTO,,1,,,,,,,,2,,,,,,,,,,,,,,,,,,
2018-02-23,13:58:00,COM VÍTIMA,FINALIZADA,CAXANGA,AV INACIO MONTEIRO,4,2624,,EM FRENTE A DROGASIL/ SENTIDO CIDADE,AV INACIO MONTEIRO,2624,EM FRENTE A DROGASIL/ SENTIDO CIDADE,CAXANGÁ,COLISÃO,COLISÃO COM VÍTIMA,1,1,,,,,,,,1,,,,,,,,,,,,,,,,,,
2018-02-23,15:49:00,COM VÍTIMA,FINALIZADA,CASA AMARELA,RUA MAJOR NEREU GUERRA,2,92,,EM FRENTE AO COLEGIO PADRE MACHADO,RUA MAJOR NEREU GUERRA,92,EM FRENTE AO COLEGIO PADRE MACHADO,CASA AMARELA,COLISÃO,AUTO E MOTO,1,1,,,,,,,,2,,,,,,,,,,,,,,,,,,
2018-02-24,09:11:00,COM VÍTIMA,FINALIZADA,MADALENA,RUA BENFICA,0,,,EM FRENTE AO EXTRA,RUA BENFICA,,EM FRENTE AO EXTRA,MADALENA,COLISÃO,COLISÃO AUTO E MOTO UMA VITIMA MASCULINA,1,1,,,,,,,,1,,,,,,,,,,,,,,,,,,
2018-02-24,09:32:00,COM VÍTIMA,FINALIZADA,BOA VIAGEM,AV CONSELHEIRO AGUIAR,3,231,,EM FRENTE A ESCOLA DELMIRO GOUVEIA,AV CONSELHEIRO AGUIAR,231,EM FRENTE A ESCOLA DELMIRO GOUVEIA,BOA VIAGEM,CHOQUE,COM VITIMA - CBMP E PMPE NO LOCAL,,,,,,1,,,,1,,,,,,,,,,,,,,,,,,
2018-02-24,17:02:00,COM VÍTIMA,FINALIZADA,IPUTINGA,RUA MAURICIO DE NASSAU,3,261,,AO LADO DA PADARIA E PASTELARIA ATLANTICA  SENTIDO TORRE/BR,RUA MAURICIO DE NASSAU,261,AO LADO DA PADARIA E PASTELARIA ATLANTICA  SENTIDO TORRE/BR,IPUTINGA,COLISÃO,AUTO E MOTO C/V,1,1,,,,,,,,2,,,,,,,,,,,,,,,,,,
2018-02-24,19:34:00,COM VÍTIMA,FINALIZADA,ARRUDA,RUA DAS MOCAS,0,,RUA DA REGENERACAO,CRUZAMENTO COM A RUA DA REGENERAÇAO DEPOIS DO CAMPO DE SANTA CRUZ SEMAFORO 427,RUA DAS MOCAS,,CRUZAMENTO COM A RUA DA REGENERAÇAO DEPOIS DO CAMPO DE SANTA CRUZ SEMAFORO 427,ARRUDA,COLISÃO,AUTO E MOTO,1,1,,,,,,,,1,,,,,,,,,,,,,,,,,,
2018-02-24,22:58:00,COM VÍTIMA,FINALIZADA,CAMPO GRANDE,RUA ODORICO MENDES,0,,,AO LADO DO IC E DECIMO TERCEIRO,RUA ODORICO MENDES,,AO LADO DO IC E DECIMO TERCEIRO,CAMPO GRANDE,COLISÃO,AUTO E MOTO,1,1,,,,,,,,2,,,,,,,,,,,,,,,,,,
2018-02-24,23:45:00,COM VÍTIMA,FINALIZADA,TAMARINEIRA,AV PROFESSOR JOSE DOS ANJOS,0,,RUA PETRONILA BOTELHO,CRUZAMENTO COM A PETRONILA BOTELHO SEMAFORO 554,AV PROFESSOR JOSE DOS ANJOS,,CRUZAMENTO COM A PETRONILA BOTELHO SEMAFORO 554,TAMARINEIRA,COLISÃO,MOTO X AUTO,1,1,,,,,,,,1,,,,,,,,,,,,,,,,,,
2018-02-25,00:17:00,COM VÍTIMA,FINALIZADA,IPSEP,AV RECIFE,0,,,PRÓXIMO A CONCESSIONÁRIA HONDA // PRÓXIMO A ENTRADA DO IBURA,AV RECIFE,,PRÓXIMO A CONCESSIONÁRIA HONDA // PRÓXIMO A ENTRADA DO IBURA,IPSEP,COLISÃO,COLISÃO ENTRE AUTO E MOTO COM VÍTIMA,1,1,,,,,,,,1,,,,,,,,,,,,,,,,,,
2018-02-25,14:48:00,COM VÍTIMA,FINALIZADA,SANTO AMARO,AV JOAO DE BARROS,0,,,ANTES DO CORPO DE BOMBEIROS  PROX. DO POSTO IPIRANGA,AV JOAO DE BARROS,,ANTES DO CORPO DE BOMBEIROS  PROX. DO POSTO IPIRANGA,SANTO AMARO,COLISÃO,MOTO E AUTO C/V,1,1,,,,,,,,1,,,,,,,,,,,,,,,,,,
2018-02-25,23:34:00,COM VÍTIMA,FINALIZADA,IMBIRIBEIRA,RUA ARQUITETO LUIZ NUNES,0,,RUA JEAN EMILE FAVRE,CRUZAMENTO COM A RUA JEAN EMILE FAVRE,RUA ARQUITETO LUIZ NUNES,,CRUZAMENTO COM A RUA JEAN EMILE FAVRE,IMBIRIBEIRA,COLISÃO,COLISÃO ENTRE DOIS AUTOS S/V,2,,,,,,,,,1,,,,,,,,,,,,,,,,,,
2018-02-26,13:06:00,COM VÍTIMA,FINALIZADA,TORRE,RUA CONDE DE IRAJA,3,414,,EM FRENTE AO RESTAURANTE UIRAJA,RUA CONDE DE IRAJA,414,EM FRENTE AO RESTAURANTE UIRAJA,TORRE,COLISÃO,COLISÃO COM VÍTIMA,1,1,,,,,,,,2,,,,,,,,,,,,,,,,,,
2018-02-26,14:37:00,COM VÍTIMA,FINALIZADA,GRACAS,RUA VIGARIO BARRETO,3,127,,EM FRENTE AO EDIFICIO BARRETO COSTA,RUA VIGARIO BARRETO,127,EM FRENTE AO EDIFICIO BARRETO COSTA,GRAÇAS,COLISÃO,COLISÃO COM VÍTIMA,1,1,,,,,,,,1,,,,,,,,,,,,,,,,,,
2018-02-26,16:00:00,COM VÍTIMA,FINALIZADA,AFOGADOS,RUA COSME VIANA,3,150,,APOS A TUPAN S/T AFOGADOS,RUA COSME VIANA,150,APOS A TUPAN S/T AFOGADOS,AFOGADOS,COLISÃO,COLISAO DE AUTO E MTO S/V,1,1,,,,,,,,1,,,,,,,,,,,,,,,,,,
2018-02-26,19:28:00,COM VÍTIMA,FINALIZADA,SAO JOSE,RUA PRIMEIRO DE MARCO,0,,RUA IMPERADOR PEDRO II,CRUZAMENTO COM A RUA DO IMPERADOR ENF AO ITAU (BANCO),RUA PRIMEIRO DE MARCO,,CRUZAMENTO COM A RUA DO IMPERADOR ENF AO ITAU (BANCO),SÃO JOSÉ,COLISÃO,AUTO E MOTO,1,1,,,,,,,,1,,,,,,,,,,,,,,,,,,
2018-02-26,20:10:00,COM VÍTIMA,FINALIZADA,IPSEP,RUA JEAN EMILE FAVRE,0,,,AO LADO DA FACULDADE DE BOA VIAGEM E PRC DA MAURICEIA,RUA JEAN EMILE FAVRE,,AO LADO DA FACULDADE DE BOA VIAGEM E PRC DA MAURICEIA,IPSEP,COLISÃO COM CICLISTA,CICLISTA X AUTO OBS :: MOTORISTA PRESO NAS FERRAGENS,1,,,1,,,,,,1,,,,,,,,,,,,,,,,,,
2018-02-26,22:16:00,COM VÍTIMA,FINALIZADA,PINA,AV CONSELHEIRO AGUIAR,0,,,AO LADO DO SO CALDINHO,AV CONSELHEIRO AGUIAR,,AO LADO DO SO CALDINHO,PINA,CHOQUE,AUTO E POSTE OBS::: VT 04 DA CTTU ESTA NO LOCAL,1,,,,,,,,1,1,,,,,,,,,,,,,,,,,,
2018-02-27,06:02:00,COM VÍTIMA,FINALIZADA,BONGI,RUA SANTA EDWIRGES,0,,AV PADRE TEOFILO TWORZ,CRUZAMENTO COM A PADRE TEOFILO TWORZ AO LADO DO TRIBUNAL DE JUSTIÇA,RUA SANTA EDWIRGES,,CRUZAMENTO COM A PADRE TEOFILO TWORZ AO LADO DO TRIBUNAL DE JUSTIÇA,BONGI,COLISÃO,COLISÃO COM UMA VITIMA AGUARDANDO SAMU,1,,,,,1,,,,1,,,,,,,,,,,,,,,,,,
2018-02-27,07:29:00,COM VÍTIMA,FINALIZADA,SAN MARTIN,AV GENERAL SAN MARTIN,3,134,,ESQUINA DO BAR DO REGIS,AV GENERAL SAN MARTIN,134,ESQUINA DO BAR DO REGIS,SAN MARTIN,COLISÃO,MOTO E AUTO,1,1,,,,,,,,1,,,,,,,,,,,,,,,,,,
2018-02-27,13:00:00,COM VÍTIMA,FINALIZADA,BOA VISTA,AV CONDE DA BOA VISTA,0,,,EM FRENTE AO ANTIGO SANATÓRIO  PRIMEIRA PARADA SENTIDO CIDADE,AV CONDE DA BOA VISTA,,EM FRENTE AO ANTIGO SANATÓRIO  PRIMEIRA PARADA SENTIDO CIDADE,BOA VISTA,COLISÃO,COLIÃO ENTRE CARRO E MOTO COM VÍTIMA  LOCAL DESCARACTERIZADO  POREM AINDA ESTÃO NO LOCAL.,1,1,,,,,,,,1,,,,,,,,,,,,,,,,,,
2018-02-27,13:03:00,COM VÍTIMA,FINALIZADA,COELHOS,RUA PREFEITO JORGE MARTINS,0,,,POR BAIXO DO VIADUTO JOAQUIM CARDOSO / AO LADO DA OFICINA DO PEBA,RUA PREFEITO JORGE MARTINS,,POR BAIXO DO VIADUTO JOAQUIM CARDOSO / AO LADO DA OFICINA DO PEBA,COELHOS,ATROPELAMENTO,AUTO X PEDESTRE,1,,,,1,,,,,1,,,,,,,,,,,,,,,,,,
2018-02-27,15:16:00,COM VÍTIMA,FINALIZADA,ESPINHEIRO,AV CONS ROSA E SILVA,3,S/N,,E/F AO HOSPITAL DO SERVIDOR E PROX AO CLUBE PORTUGUÊS,AV CONS ROSA E SILVA,S/N,E/F AO HOSPITAL DO SERVIDOR E PROX AO CLUBE PORTUGUÊS,ESPINHEIRO,COLISÃO,ENTRE AUTO E MOTO. C/V,1,1,,,,,,,,1,,,,,,,,,,,,,,,,,,
2018-02-27,21:32:00,COM VÍTIMA,FINALIZADA,ESPINHEIRO,AV JOAO DE BARROS,4,1750,,ENFR AO COLEGIO ETEPAM,AV JOAO DE BARROS,1750,ENFR AO COLEGIO ETEPAM,ESPINHEIRO,COLISÃO,MOTO E AUTO,1,1,,,,,,,,1,,,,,,,,,,,,,,,,,,
2018-02-28,07:23:00,COM VÍTIMA,FINALIZADA,SAO JOSE,C SANTA RITA,3,S/N,,NA SAÍDA DO TÉRMINAL DE SANTA RITA,C SANTA RITA,S/N,NA SAÍDA DO TÉRMINAL DE SANTA RITA,SÃO JOSÉ,COLISÃO,COLISÃO TRASEIRA ONDE A MOTO COLIDIU NA TRASEIRA DO VEÍCULO  VITIMANDO A CONDUTORA DA MOTO: FRATURA NA PERNA. AGUARDANDO SOCORRO DO SAMU E/OU BOMBEIRO. BT CRISPIM / WELLINGTON SANTOS NO LOCAL.,1,1,,,,,,,,1,,,,,,,,,,,,,,,,,,
2018-02-28,07:27:00,COM VÍTIMA,FINALIZADA,AFOGADOS,RUA COSME VIANA,0,,RUA PADRE TEOFILO TWORZ,COM PADRE TEÓFILO,RUA COSME VIANA,,COM PADRE TEÓFILO,AFOGADOS,COLISÃO,COL.C/V,1,1,,,,,,,,1,,,,,,,,,,,,,,,,,,
2018-02-28,09:40:00,COM VÍTIMA,FINALIZADA,SANTO AMARO,RUA FREI CASSIMIRO,3,870,,E/F A OFICINA CLAUDIO MOTOS,RUA FREI CASSIMIRO,870,E/F A OFICINA CLAUDIO MOTOS,SANTO AMARO,COLISÃO,COM UMA VÍTIMA,1,1,,,,,,,,1,,,,,,,,,,,,,,,,,,
2018-02-28,11:10:00,COM VÍTIMA,FINALIZADA,BOA VIAGEM,AV ENGENHEIRO DOMINGOS FERREIRA,0,,,EM FRENTE AO LAÇA BURGUER - PISTA DA DIREITA,AV ENGENHEIRO DOMINGOS FERREIRA,,EM FRENTE AO LAÇA BURGUER - PISTA DA DIREITA,BOA VIAGEM,COLISÃO,COM VÍTIMA,1,1,,,,,,,,1,,,,,,,,,,,,,,,,,,
2018-02-28,11:18:00,VÍTIMA FATAL,FINALIZADA,BOA VISTA,AV CONDE DA BOA VISTA,4,1410,RUA OSVALDO CRUZ,ESQUIBNA COM A RUA OSVALDO CRUZ - EM FRENTE A ESTAÇÃO DO BRT - SEMÁFORO 299 - SENTIDO DERBY.,AV CONDE DA BOA VISTA,1410,ESQUIBNA COM A RUA OSVALDO CRUZ - EM FRENTE A ESTAÇÃO DO BRT - SEMÁFORO 299 - SENTIDO DERBY.,BOA VISTA,ATROPELAMENTO,VÍTIMA IDOSA - SAMU FOI ACIONADO E ESTEVE NO LOCAL.,,1,,,1,,,,,1,1,,,,,,,,,,,,,,,,,
2018-02-28,14:13:00,COM VÍTIMA,FINALIZADA,TEJIPIO,AV DR JOSE RUFINO,4,3726,,PROX A ESTAÇAO TEJIPIO,AV DR JOSE RUFINO,3726,PROX A ESTAÇAO TEJIPIO,TEJIPIÓ,COLISÃO COM CICLISTA,COLISAO DE ONIBUS COM CICLISTA,,,,1,,1,,,,1,,,,,,,,,,,,,,,,,,
2018-02-28,17:34:00,COM VÍTIMA,FINALIZADA,BOA VIAGEM,RUA ANTONIO LUMACK DO MONTE,3,203,,PROXIMIDADES DO SHOPPING RECIFE  PRIMEIRA A ESQUERDA,RUA ANTONIO LUMACK DO MONTE,203,PROXIMIDADES DO SHOPPING RECIFE  PRIMEIRA A ESQUERDA,BOA VIAGEM,COLISÃO,ENTRE AUTO E MOTO. C/V,1,1,,,,,,,,1,,,,,,,,,,,,,,,,,,
2018-02-28,20:50:00,COM VÍTIMA,FINALIZADA,AGUA FRIA,RUA DR EUDES COSTA,2,74,,AO LADO DA LADEIRA DE PEDRA E SO MOVEIS DO VAL,RUA DR EUDES COSTA,74,AO LADO DA LADEIRA DE PEDRA E SO MOVEIS DO VAL,ÁGUA FRIA,COLISÃO,DUAS MOTOS,,2,,,,,,,,2,,,,,,,,,,,,,,,,,,
2018-03-01,01:26:00,COM VÍTIMA,FINALIZADA,BOA VIAGEM,RUA TENENTE DOMINGOS DE BRITO,4,1002,RUA RIBEIRO DE BRITO,CRUZAMENTO COM A RUA RIBEIRO DE BRITO,RUA TENENTE DOMINGOS DE BRITO,1002,CRUZAMENTO COM A RUA RIBEIRO DE BRITO,BOA VIAGEM,COLISÃO,COLISÃO ENTRE AUTO E MOTO C/V,1,1,,,,,,,,1,,,,,,,,,,,,,,,,,,
2018-03-01,08:12:00,COM VÍTIMA,FINALIZADA,ESPINHEIRO,RUA MARQUES DO PARANA,0,,,PROXIMO A PRAÇA DA PICANHA,RUA MARQUES DO PARANA,,PROXIMO A PRAÇA DA PICANHA,ESPINHEIRO,COLISÃO,ACIDENTE COM VITIMA,1,1,,,,,,,,1,,,,,,,,,,,,,,,,,,
2018-03-01,08:39:00,COM VÍTIMA,FINALIZADA,PRADO,RUA SANTA EDWIRGES,0,,AV ENG ABDIAS DE CARVALHO,COM AVENIDA ABIDIAS DE CARVALHO,RUA SANTA EDWIRGES,,COM AVENIDA ABIDIAS DE CARVALHO,PRADO,COLISÃO,COLISÃO COM VITIMA,1,1,,,,,,,,1,,,,,,,,,,,,,,,,,,
2018-03-01,13:39:00,COM VÍTIMA,FINALIZADA,CAJUEIRO,RUA CORONEL URBANO RIBEIRO DE SENA,3,875,,PROX AO MERCADINHO CORONEL,RUA CORONEL URBANO RIBEIRO DE SENA,875,PROX AO MERCADINHO CORONEL,CAJUEIRO,COLISÃO,COLISAO DE MOTO E AUTO COM UMA VITIMA,1,1,,,,,,,,1,,,,,,,,,,,,,,,,,,
2018-03-02,09:07:00,COM VÍTIMA,FINALIZADA,AFOGADOS,EST DOS REMEDIOS,4,1918,,EM FRENTE AO CENTRO ESPECIALIZADO DE MEDICINA VETERINARIA,EST DOS REMEDIOS,1918,EM FRENTE AO CENTRO ESPECIALIZADO DE MEDICINA VETERINARIA,AFOGADOS,COLISÃO,MOTO E AUTO,1,1,,,,,,,,2,,,,,,,,,,,,,,,,,,
2018-03-02,09:40:00,COM VÍTIMA,FINALIZADA,DOIS IRMAOS,RUA MANUEL DE MEDEIROS,2,93,,E/F A RESIDENCIA  SENTIDO CAXANGÁ,RUA MANUEL DE MEDEIROS,93,E/F A RESIDENCIA  SENTIDO CAXANGÁ,DOIS IRMÃOS,COLISÃO COM CICLISTA,COM UMA VÍTIMAS JÁ SOCORRIDA PELO SAMU.,1,,,1,,,,,,1,,,,,,,,,,,,,,,,,,
2018-03-02,12:51:00,COM VÍTIMA,FINALIZADA,PRADO,RUA CARLOS GOMES,0,,RUA HERCULES FLORENCE,PROXIMO AO POSTO DE SAÚDE ROMERO MARQUES/ CRUZAMENTO COM A RUA HERCULES FLORENCE,RUA CARLOS GOMES,,PROXIMO AO POSTO DE SAÚDE ROMERO MARQUES/ CRUZAMENTO COM A RUA HERCULES FLORENCE,PRADO,COLISÃO,COLISÃO COM VÍTIMA,1,1,,,,,,,,1,,,,,,,,,,,,,,,,,,
2018-03-02,16:19:00,COM VÍTIMA,FINALIZADA,BOA VIAGEM,RUA JOAO CARDOSO AIRES,3,780,,PROX A VETERINARIO CENTER E/FEDF TORRES CELI,RUA JOAO CARDOSO AIRES,780,PROX A VETERINARIO CENTER E/FEDF TORRES CELI,BOA VIAGEM,COLISÃO,COLISAO DE ONIBUS E AUTO COM TRES VITIMAS,1,,,,,1,,,,3,,,,,,,,,,,,,,,,,,
2018-03-02,16:25:00,COM VÍTIMA,FINALIZADA,IMBIRIBEIRA,AV MARECHAL MASCARENHAS DE MORAES,0,,,EM FRENTE AO AEROPORTO/ SENTIDO AFOGADOS,AV MARECHAL MASCARENHAS DE MORAES,,EM FRENTE AO AEROPORTO/ SENTIDO AFOGADOS,IMBIRIBEIRA,COLISÃO,COLISÃO SEM VÍTIMA,2,,,,,1,,,,,,,,,,,,,,,,,,,,,,
2018-03-02,17:48:00,COM VÍTIMA,FINALIZADA,IBURA,AV DOM HELDER CAMARA,3,309,,EM FRENTE A MOTO SHOW PEÇAS E ACESSORIOS,AV DOM HELDER CAMARA,309,EM FRENTE A MOTO SHOW PEÇAS E ACESSORIOS,IBURA,COLISÃO,COLISÃO COM VÍTIMA,1,1,,,,,,,,1,,,,,,,,,,,,,,,,,,
2018-03-02,18:34:00,COM VÍTIMA,FINALIZADA,IBURA,AV DOIS RIOS,0,,,PROX. A POLICLINICA DO IBURA  NA SUBIDA DA LADEIRA DA COHAB,AV DOIS RIOS,,PROX. A POLICLINICA DO IBURA  NA SUBIDA DA LADEIRA DA COHAB,IBURA,COLISÃO,MOTO E AUTO,1,1,,,,,,,,1,,,,,,,,,,,,,,,,,,
2018-03-03,13:41:00,COM VÍTIMA,FINALIZADA,BOA VIAGEM,AV ENGENHEIRO DOMINGOS FERREIRA,0,,RUA BRUNO VELOSO,NO CRUZAMENTO DA BRUNO VELOSO NO SEMAFORO 338,AV ENGENHEIRO DOMINGOS FERREIRA,,NO CRUZAMENTO DA BRUNO VELOSO NO SEMAFORO 338,BOA VIAGEM,CAPOTAMENTO,,1,,,,,,,,,1,,,,,,,,,,,,,,,,,,
2018-03-03,14:43:00,COM VÍTIMA,FINALIZADA,MADALENA,AV VISCONDE DE ALBUQUERQUE,3,836,,E/F ENDO TERAPEUTICA,AV VISCONDE DE ALBUQUERQUE,836,E/F ENDO TERAPEUTICA,MADALENA,COLISÃO,COLISAO DE AUTO E MOTO COM UMA VITIMA,1,1,,,,,,,,1,,,,,,,,,,,,,,,,,,
2018-03-03,20:11:00,COM VÍTIMA,FINALIZADA,BOA VIAGEM,AV BOA VIAGEM,4,3804,,ENF AO ED PORTO SEGURO,AV BOA VIAGEM,3804,ENF AO ED PORTO SEGURO,BOA VIAGEM,ATROPELAMENTO,AUTO E PEDESTRE,1,,,,1,,,,,1,,,,,,,,,,,,,,,,,,
2018-03-03,20:24:00,COM VÍTIMA,FINALIZADA,BOA VISTA,AV MANOEL BORBA,0,,,EM FRENTE A BOATE METOPOLE,AV MANOEL BORBA,,EM FRENTE A BOATE METOPOLE,BOA VISTA,COLISÃO,AUTO E MOTO GM VT-02,1,1,,,,,,,,1,,,,,,,,,,,,,,,,,,
2018-03-04,13:07:00,COM VÍTIMA,FINALIZADA,TEJIPIO,AV DR JOSE RUFINO,3,441,,SEMAFORO 285,AV DR JOSE RUFINO,441,SEMAFORO 285,TEJIPIÓ,COLISÃO,AUTO E MOTO C/V,1,1,,,,,,,,1,,,,,,,,,,,,,,,,,,
2018-03-04,14:11:00,COM VÍTIMA,FINALIZADA,BOA VIAGEM,RUA SA E SOUZA,3,703,,APÓS A IGREJA DOS MORMOS,RUA SA E SOUZA,703,APÓS A IGREJA DOS MORMOS,BOA VIAGEM,COLISÃO,COLISÃO COM VÍTIMA,1,1,,,,,,,,1,,,,,,,,,,,,,,,,,,
2018-03-04,16:01:00,COM VÍTIMA,FINALIZADA,CASA AMARELA,RUA CONS PERETTI,3,115,,PROXIMO AO LAFEPE E AO EDIFICIO E GALERIA CASA AMARELA,RUA CONS PERETTI,115,PROXIMO AO LAFEPE E AO EDIFICIO E GALERIA CASA AMARELA,CASA AMARELA,COLISÃO,COLISÃO COM VÍTIMA,1,,,,,1,,,,1,,,,,,,,,,,,,,,,,,
2018-03-05,04:33:00,VÍTIMA FATAL,FINALIZADA,BOA VIAGEM,RUA BARAO DE SOUZA LEAO,0,,RUA VISCONDE DE JEQUITINHONHA,CRUZAMENTO COM A RUA VISCONDE DE JEQUITINHONHA,RUA BARAO DE SOUZA LEAO,,CRUZAMENTO COM A RUA VISCONDE DE JEQUITINHONHA,BOA VIAGEM,COLISÃO,COLISÃO ENTRE CAMINHÃO E MOTO C/V,,1,,,,,1,,,,1,,,,,,,,,,,,,,,,,
2018-03-05,06:00:00,COM VÍTIMA,FINALIZADA,PARNAMIRIM,RUA JOAO TUDE DE MELO,0,,RUA VIRGINIA LORETO,CRUZAMENTO COM A RUA VIRGINIA LORETO SEMAFORO 649 AO LADO DO RESTAURANTE GAIAMUM GIGANTE.,RUA JOAO TUDE DE MELO,,CRUZAMENTO COM A RUA VIRGINIA LORETO SEMAFORO 649 AO LADO DO RESTAURANTE GAIAMUM GIGANTE.,PARNAMIRIM,COLISÃO,COM UMA VITIMA AGUARDANDO SAMU,1,1,,,,,,,,1,,,,,,,,,,,,,,,,,,
2018-03-05,09:33:00,COM VÍTIMA,FINALIZADA,BOA VIAGEM,AV CONSELHEIRO AGUIAR,0,,RUA RIBEIRO DE BRITO,COM A RUA RIBEIRO DE BRITO NO SEMAFORO 147,AV CONSELHEIRO AGUIAR,,COM A RUA RIBEIRO DE BRITO NO SEMAFORO 147,BOA VIAGEM,ATROPELAMENTO,ONIBUS ATROPELOU UM PEDESTRE,,,,,,1,,,,1,,,,,,,,,,,,,,,,,,
2018-03-05,14:44:00,COM VÍTIMA,FINALIZADA,CASA AMARELA,RUA CONS PERETTI,0,,,E/F A GILSON CIDRIM PARALELA DA RUA PADRE LEMOS,RUA CONS PERETTI,,E/F A GILSON CIDRIM PARALELA DA RUA PADRE LEMOS,CASA AMARELA,COLISÃO,COLISAO DE AUTO E MOTO COM DUAS VITIMAS,1,1,,,,,,,,2,,,,,,,,,,,,,,,,,,
2018-03-05,15:03:00,VÍTIMA FATAL,FINALIZADA,JORDAO,AV MARIA IRENE,0,,,EM FRENTE AO RSTAURANTE QUERO MAIS,AV MARIA IRENE,,EM FRENTE AO RSTAURANTE QUERO MAIS,JORDÃO,ATROPELAMENTO,ATROPELAMENTO ENTRE ONIBUS E PEDESTRE,,,,,1,1,,,,,1,,,,,,,,,,,,,,,,,
2018-03-05,15:58:00,COM VÍTIMA,FINALIZADA,AFOGADOS,RUA SAO MIGUEL,0,,,14 BLOG / ENTRADA DA VILA S. MIGUEL ESQUINA BODE DO NÓ,RUA SAO MIGUEL,,14 BLOG / ENTRADA DA VILA S. MIGUEL ESQUINA BODE DO NÓ,AFOGADOS,CHOQUE,CHOQUE COM VITIMA EM OBJETO FIXO,1,,,,,,,,,1,,,,,,,,,,,,,,,,,,
2018-03-05,21:38:00,COM VÍTIMA,FINALIZADA,BONGI,AV ENGENHEIRO ABDIAS DE CARVALHO,3,240,,PROX A CHESF / E/F A LOTERIA CANTO DA SORTE / CRUZANDO A UPA,AV ENGENHEIRO ABDIAS DE CARVALHO,240,PROX A CHESF / E/F A LOTERIA CANTO DA SORTE / CRUZANDO A UPA,BONGI,COLISÃO,ENTRE AUTO E MOTO. C/V,1,1,,,,,,,,1,,,,,,,,,,,,,,,,,,