data,hora,natureza_acidente,situacao,bairro,endereco,,numero,detalhe_endereco_acidente,complemento,endereco_cruzamento,numero_cruzamento,referencia_cruzamento,bairro_cruzamento,tipo,descricao,auto,moto,ciclom,ciclista,pedestre,onibus,caminhao,viatura,outros,vitimas,vitimasfatais,num_semaforo,sentido_via,acidente_verificado,tempo_clima,situacao_semaforo,sinalizacao,condicao_via,conservacao_via,ponto_controle,situacao_placa,velocidade_max_via,mao_direcao,divisao_via1,divisao_via2,divisao_via3,_id,Protocolo
2018-03-06,05:16:00,COM VÍTIMA,FINALIZADA,ROSARINHO,AV NORTE,0,,,SEMÁFORO 456 // APÓS A PRAÇA DO ROSARINHO,AV NORTE,,SEMÁFORO 456 // APÓS A PRAÇA DO ROSARINHO,ROSARINHO,COLISÃO,COLISÃO ENTRE AUTO E MOTO C/V,1,1,,,,,,,,1,,,,,,,,,,,,,,,,,,
2018-03-06,07:25:00,COM VÍTIMA,FINALIZADA,AFOGADOS,RUA SAO MIGUEL,3,350,,EM FRENTE AO BANCO DO BRASIL,RUA SAO MIGUEL,350,EM FRENTE AO BANCO DO BRASIL,AFOGADOS,COLISÃO COM CICLISTA,MOTO / BICICLETA,,1,,1,,,,,,1,,,,,,,,,,,,,,,,,,
2018-03-06,08:16:00,COM VÍTIMA,FINALIZADA,MACAXEIRA,AV NORTE,4,7142,,SEMAFORO 424 SENT/BR EM FRENTE A IGREJA ASSEMBLÉIA DE DEUS,AV NORTE,7142,SEMAFORO 424 SENT/BR EM FRENTE A IGREJA ASSEMBLÉIA DE DEUS,MACAXEIRA,COLISÃO,COM VITIMAS  SAMU NO LOCAL,2,,,,,,1,,,2,,,,,,,,,,,,,,,,,,
2018-03-06,12:29:00,COM VÍTIMA,FINALIZADA,SANTO AMARO,RUA DOS PALMARES,0,,,EM FRENTE AO RM,RUA DOS PALMARES,,EM FRENTE AO RM,SANTO AMARO,ATROPELAMENTO,ATROPELAMENTO COM VÍTIMA,1,,,,1,,,,,1,,,,,,,,,,,,,,,,,,
2018-03-06,16:27:00,COM VÍTIMA,FINALIZADA,CASA AMARELA,EST DO ARRAIAL,0,,,SEMAFORO 074,EST DO ARRAIAL,,SEMAFORO 074,CASA AMARELA,COLISÃO COM CICLISTA,AUTO E BICICLETA,1,,,1,,,,,,1,,,,,,,,,,,,,,,,,,
2018-03-06,22:44:00,COM VÍTIMA,FINALIZADA,IMBIRIBEIRA,RUA SARGENTO SILVINO DE MACEDO,3,273,,E/F A LACOMEX,RUA SARGENTO SILVINO DE MACEDO,273,E/F A LACOMEX,IMBIRIBEIRA,COLISÃO,ENTRE ONIBUS E AUTO. C/V,1,,,,,1,,,,1,,,,,,,,,,,,,,,,,,
2018-03-07,01:44:00,COM VÍTIMA,FINALIZADA,IPUTINGA,EST DO BARBALHO,2,XX,,EM FRENTE AO DETRAN,EST DO BARBALHO,XX,EM FRENTE AO DETRAN,IPUTINGA,CAPOTAMENTO,CONDUTOR CHOCOU-SE CONTRA UMA ÁRVORE  EM SEGUIDA CAPOTOU,1,,,,,,,,,1,,,,,,,,,,,,,,,,,,
2018-03-07,09:15:00,COM VÍTIMA,FINALIZADA,BOMBA DO HEMETERIO,RUA BOMBA DO HEMETERIO,2,95,,ESQ COM EDVALDO BEIDAS,RUA BOMBA DO HEMETERIO,95,ESQ COM EDVALDO BEIDAS,BOMBA DO HEMETÉRIO,COLISÃO,MOTO E AUTO,1,1,,,,,,,,1,,,,,,,,,,,,,,,,,,
2018-03-07,11:28:00,COM VÍTIMA,FINALIZADA,IMBIRIBEIRA,AV MARECHAL MASCARENHAS DE MORAES,4,4561,,EM FRENTE A ALBUQUERQUE PNEUS / SENT CIDADE,AV MARECHAL MASCARENHAS DE MORAES,4561,EM FRENTE A ALBUQUERQUE PNEUS / SENT CIDADE,IMBIRIBEIRA,COLISÃO,MOTO E AUTO,1,1,,,,,,,,1,,,,,,,,,,,,,,,,,,
2018-03-07,17:27:00,COM VÍTIMA,FINALIZADA,CAMPO GRANDE,RUA JERONIMO VILELA,0,,RUA MARQUES DE BAIPENDI,COM A MARQUES DE BAEPENDI,RUA JERONIMO VILELA,,COM A MARQUES DE BAEPENDI,CAMPO GRANDE,ATROPELAMENTO,ATROPELAMENTO,,1,,,1,,,,,1,,,,,,,,,,,,,,,,,,
2018-03-07,17:56:00,COM VÍTIMA,FINALIZADA,ENGENHO DO MEIO,RUA ANTONIO CURADO,2,80,,EM FRENTE A ACADEMIA AGFITNESS,RUA ANTONIO CURADO,80,EM FRENTE A ACADEMIA AGFITNESS,ENGENHO DO MEIO,COLISÃO,COLISÃO COM VÍTIMA,1,1,,,,,,,,1,,,,,,,,,,,,,,,,,,
2018-03-07,23:11:00,COM VÍTIMA,FINALIZADA,CASA FORTE,EST DO ENCANAMENTO,0,,RUA FERREIRA LOPES,CRUZ COM A R FERREIRA LOPES / SEMÁFORO 462,EST DO ENCANAMENTO,,CRUZ COM A R FERREIRA LOPES / SEMÁFORO 462,CASA FORTE,COLISÃO,ENTRE AUTO E MOTO. C/V,1,1,,,,,,,,2,,,,,,,,,,,,,,,,,,
2018-03-08,09:20:00,COM VÍTIMA,FINALIZADA,CAXANGA,AV CAXANGA,0,,,E/F A FORD GRANVIA  SENTIDO SUBÚRBIO. SEMÁFORO 269,AV CAXANGA,,E/F A FORD GRANVIA  SENTIDO SUBÚRBIO. SEMÁFORO 269,CAXANGÁ,COLISÃO,COM UMA VÍTIMA. VT 15 NO LOCAL,1,1,,,,,,,,1,,,,,,,,,,,,,,,,,,
2018-03-08,15:00:00,COM VÍTIMA,FINALIZADA,VARZEA,RUA GASTAO VIDIGAL,3,315,,EM FRENTE AO MOTEL COSTA AZUL,RUA GASTAO VIDIGAL,315,EM FRENTE AO MOTEL COSTA AZUL,VÁRZEA,COLISÃO,COLISÃO COM VÍTIMA,,2,,,,,,,,2,,,,,,,,,,,,,,,,,,
2018-03-08,17:43:00,COM VÍTIMA,FINALIZADA,CASA FORTE,RUA AFONSO DE ALBUQUERQUE MELO,3,420,,POR TRAS DO HIPER CASA FORTE E ENF A PRACINHA DO COLEGIO EMINENTE,RUA AFONSO DE ALBUQUERQUE MELO,420,POR TRAS DO HIPER CASA FORTE E ENF A PRACINHA DO COLEGIO EMINENTE,CASA FORTE,COLISÃO,COLISÃO COM VÍTIMA,1,1,,,,,,,,2,,,,,,,,,,,,,,,,,,
2018-03-08,18:40:00,COM VÍTIMA,FINALIZADA,CAMPO GRANDE,RUA PROFESSOR FRANCISCO DA TRINDADE,3,317,RUA SÃO CAETANO,CRUZAMENTO COM A RUA SAO CAETANO  PROX. AO CLUBE DAS PAZ,RUA PROFESSOR FRANCISCO DA TRINDADE,317,CRUZAMENTO COM A RUA SAO CAETANO  PROX. AO CLUBE DAS PAZ,CAMPO GRANDE,COLISÃO,VT DA PM E MOTO,,1,,,,,,1,,1,,,,,,,,,,,,,,,,,,
2018-03-08,20:52:00,COM VÍTIMA,FINALIZADA,SAO JOSE,PRC DA REPUBLICA,0,,RUA IMPERADOR PEDRO II,COM A RUA DO IMPERDOR  EM FRENTE AO PALACIO DA JUSTIÇA  NO SEMAFORO 278,PRC DA REPUBLICA,,COM A RUA DO IMPERDOR  EM FRENTE AO PALACIO DA JUSTIÇA  NO SEMAFORO 278,SÃO JOSÉ,COLISÃO,ONIBUS E AUTO,1,,,,,1,,,,2,,,,,,,,,,,,,,,,,,
2018-03-09,07:37:00,COM VÍTIMA,FINALIZADA,AFOGADOS,RUA COSME VIANA,0,,,SOB O SEMÁFORO 100,RUA COSME VIANA,,SOB O SEMÁFORO 100,AFOGADOS,COLISÃO,COLISÃO COM VÍTIMA,3,,,,,,,,,1,,,,,,,,,,,,,,,,,,
2018-03-09,07:56:00,COM VÍTIMA,FINALIZADA,ENCRUZILHADA,RUA JULIAO NETO,3,352,RUA CEARA,CRUZ COM A RUA CEARA,RUA JULIAO NETO,352,CRUZ COM A RUA CEARA,ENCRUZILHADA,COLISÃO,MOTO E AUTO,1,1,,,,,,,,1,,,,,,,,,,,,,,,,,,
2018-03-09,09:24:00,COM VÍTIMA,FINALIZADA,AFLITOS,AV CONS ROSA E SILVA,0,,,E/F A HABIB'S  SEMÁFORO 459 SENTIDO SUBÚRBIO,AV CONS ROSA E SILVA,,E/F A HABIB'S  SEMÁFORO 459 SENTIDO SUBÚRBIO,AFLITOS,COLISÃO,COM UMA VÍTIMA A ESPERA DO SOCORRO.,1,1,,,,,,,,1,,,,,,,,,,,,,,,,,,
2018-03-09,09:30:00,COM VÍTIMA,FINALIZADA,SANTO AMARO,AV GOVERNADOR AGAMENON MAGALHAES,0,,,VIADUTO DA JOÃO DE BARROS  SENTIDO BOA VIAGEM  NA FRENTE DO MINISTERIO DO TRABALHO,AV GOVERNADOR AGAMENON MAGALHAES,,VIADUTO DA JOÃO DE BARROS  SENTIDO BOA VIAGEM  NA FRENTE DO MINISTERIO DO TRABALHO,SANTO AMARO,COLISÃO,COLISÃO COM VITIMA,1,1,,,,,,,,1,,,,,,,,,,,,,,,,,,
2018-03-09,18:24:00,COM VÍTIMA,FINALIZADA,CAMPO GRANDE,RUA ODORICO MENDES,3,S/N,,C/ ESTRADA DE BELÉM,RUA ODORICO MENDES,S/N,C/ ESTRADA DE BELÉM,CAMPO GRANDE,COLISÃO,COLISÃO COM VÍTIMA ENVOLVENDO VIATURA PMPE E MOTOCICLETA,,1,,,,,,1,,1,,,,,,,,,,,,,,,,,,
2018-03-10,10:43:00,COM VÍTIMA,FINALIZADA,TEJIPIO,AV DR JOSE RUFINO,0,,,EM FRENTE A ESTAÇÃO TEJIPIÓ,AV DR JOSE RUFINO,,EM FRENTE A ESTAÇÃO TEJIPIÓ,TEJIPIÓ,COLISÃO,COLISÃO COM VÍTIMA.,1,1,,,,,,,,1,,,,,,,,,,,,,,,,,,
2018-03-10,13:29:00,COM VÍTIMA,FINALIZADA,ARRUDA,RUA DO MACHADO,0,,,IGREJA SANTO ANTÔNIO,RUA DO MACHADO,,IGREJA SANTO ANTÔNIO,ARRUDA,COLISÃO,COLISÃO COM VITIMAS,1,1,,,,,,,,2,,,,,,,,,,,,,,,,,,
2018-03-12,08:06:00,COM VÍTIMA,FINALIZADA,IBURA,AV DOIS RIOS,0,,,EM FRENTE AO SESI,AV DOIS RIOS,,EM FRENTE AO SESI,IBURA,ATROPELAMENTO ANIMAL,MOTOCICLISTA ATROPELOU UM CACHORRO,,,1,,,,,,,1,,,,,,,,,,,,,,,,,,
2018-03-12,13:13:00,COM VÍTIMA,FINALIZADA,DOIS UNIDOS,AV HILDEBRANDO DE VASCONCELOS,3,540,,APOS A PAN ESTRELANÇA,AV HILDEBRANDO DE VASCONCELOS,540,APOS A PAN ESTRELANÇA,DOIS UNIDOS,COLISÃO,AUTO E MOTO,,,,,,,,,,1,,,,,,,,,,,,,,,,,,
2018-03-12,14:23:00,COM VÍTIMA,FINALIZADA,PINA,RUA MANOEL DE BRITO,0,,,EM FRENTE A DESCIDA DO RIO MAR  SEMAFORO 659,RUA MANOEL DE BRITO,,EM FRENTE A DESCIDA DO RIO MAR  SEMAFORO 659,PINA,COLISÃO,COM UMA VITIMA,1,1,,,,,,,,1,,,,,,,,,,,,,,,,,,
2018-03-12,14:39:00,COM VÍTIMA,FINALIZADA,TORROES,AV ENGENHEIRO ABDIAS DE CARVALHO,0,,,E/F AO YOKI GALETOS S/T CID,AV ENGENHEIRO ABDIAS DE CARVALHO,,E/F AO YOKI GALETOS S/T CID,TORRÕES,COLISÃO,COLISAO DE AUTO E MOTO COM DUAS VITIMAS,1,1,,,,,,,,2,,,,,,,,,,,,,,,,,,
2018-03-13,11:33:00,COM VÍTIMA,FINALIZADA,IPUTINGA,RUA GASPAR PEREZ,2,29,,AO LADO DO ANTIGO ESCRITORIO DO BOMPREÇO,RUA GASPAR PEREZ,29,AO LADO DO ANTIGO ESCRITORIO DO BOMPREÇO,IPUTINGA,COLISÃO,COM UMA VITIMAS,1,1,,,,,,,,1,,,,,,,,,,,,,,,,,,
2018-03-13,14:52:00,COM VÍTIMA,FINALIZADA,SANTO AMARO,RUA TREZE DE MAIO,0,,,E/F AO SESC DE SANTO AMARO COM O BAR DO KARRANCAS,RUA TREZE DE MAIO,,E/F AO SESC DE SANTO AMARO COM O BAR DO KARRANCAS,SANTO AMARO,COLISÃO,COLISAO DE AUTO E MOTO COM UMA VITIMA,1,1,,,,,,,,1,,,,,,,,,,,,,,,,,,
2018-03-13,17:00:00,COM VÍTIMA,FINALIZADA,CASA FORTE,AV DEZESSETE DE AGOSTO,3,675,,EM FRENTE AO BANCO ITAU  PEOR. AO RESTAURANTE MAMELUCO,AV DEZESSETE DE AGOSTO,675,EM FRENTE AO BANCO ITAU  PEOR. AO RESTAURANTE MAMELUCO,CASA FORTE,COLISÃO,DOIS AUTOS E MOTO,2,1,,,,,,,,1,,,,,,,,,,,,,,,,,,
2018-03-14,06:52:00,COM VÍTIMA,FINALIZADA,PRADO,AV ENGENHEIRO ABDIAS DE CARVALHO,0,,,EM FRENTE AO BORSH SEVICE / SEMAFORO 057 / SENT CIDADE,AV ENGENHEIRO ABDIAS DE CARVALHO,,EM FRENTE AO BORSH SEVICE / SEMAFORO 057 / SENT CIDADE,PRADO,COLISÃO,MOTO E AUTO PASSEIO,1,1,,,,,,,,1,,,,,,,,,,,,,,,,,,
2018-03-14,07:33:00,COM VÍTIMA,FINALIZADA,CASA AMARELA,AV NORTE,4,5010,,EM FRENTE A HONDA/ SENTIDO CIDADE,AV NORTE,5010,EM FRENTE A HONDA/ SENTIDO CIDADE,CASA AMARELA,COLISÃO,COLISÃO COM VÍTIMA,,1,,,,1,,,,1,,,,,,,,,,,,,,,,,,
2018-03-14,08:28:00,COM VÍTIMA,FINALIZADA,BOA VIAGEM,AV CELSO FURTADO,0,,,NAS PROXIMIDADES DO EXTRA,AVENIDA CELSO FURTADO (VIA MANGUE),,NAS PROXIMIDADES DO EXTRA,BOA VIAGEM,COLISÃO,COLISÃO ENTRE AUTO E MOTO  COM VÍTIMA,1,1,,,,,,,,1,,,,,,,,,,,,,,,,,,
2018-03-14,12:18:00,COM VÍTIMA,FINALIZADA,CAXANGA,RUA DOUTOR DUSTAN DE CARVALHO SOARES,3,40B,,POR TRÁS DO MOTEL TURQUESA,RUA DOUTOR DUSTAN DE CARVALHO SOARES,40B,POR TRÁS DO MOTEL TURQUESA,CAXANGÁ,COLISÃO,COLISÃO COM VÍTIMA,1,1,,,,,,,,1,,,,,,,,,,,,,,,,,,
2018-03-14,12:48:00,COM VÍTIMA,FINALIZADA,PRADO,RUA CARLOS GOMES,3,713,,GALERIA SANTA EDWIRGES,RUA CARLOS GOMES,713,GALERIA SANTA EDWIRGES,PRADO,COLISÃO,COLISÃO COM VÍTIMA,1,1,,,,,,,,1,,,,,,,,,,,,,,,,,,
2018-03-14,13:46:00,COM VÍTIMA,FINALIZADA,SANTO AMARO,AV GOVERNADOR AGAMENON MAGALHAES,0,,,E/F A REITORIA DA UPE,AV GOVERNADOR AGAMENON MAGALHAES,,E/F A REITORIA DA UPE,SANTO AMARO,COLISÃO,COLISAO DE AUTO E MOTO COM UMA VITIMA,1,1,,,,,,,,1,,,,,,,,,,,,,,,,,,
2018-03-14,18:29:00,COM VÍTIMA,FINALIZADA,AREIAS,AV RECIFE,0,,RUA GREGORIO CALDAS,PROX. AO WALMART  NO SEMAFORO 494 COM A RUA GREGORIO CALDAS,AV RECIFE,,PROX. AO WALMART  NO SEMAFORO 494 COM A RUA GREGORIO CALDAS,AREIAS,COLISÃO,AUTO E MOTO,1,1,,,,,,,,1,,,,,,,,,,,,,,,,,,
2018-03-15,00:00:00,COM VÍTIMA,FINALIZADA,IMBIRIBEIRA,AV MARECHAL MASCARENHAS DE MORAES,0,,,EM FRENTE A CAIXA ECONÔMICA DO AEROPORTO,AV MARECHAL MASCARENHAS DE MORAES,,EM FRENTE A CAIXA ECONÔMICA DO AEROPORTO,IMBIRIBEIRA,COLISÃO,COLISÃO ENTRE AUTO E CARROÇA COM VÍTIMA,1,,,,,,,,1,1,,,,,,,,,,,,,,,,,,
2018-03-15,08:31:00,COM VÍTIMA,FINALIZADA,ILHA JOANA BEZERRA,AV DES GUERRA BARRETO,0,,,APÓS A AACD  SENTIDO AV. GOV AGAMENON MAGALHÃES,AV DES GUERRA BARRETO,,APÓS A AACD  SENTIDO AV. GOV AGAMENON MAGALHÃES,ILHA JOANA BEZERRA,COLISÃO,COM UMA VÍTIMA.,1,,,,,1,,,,1,,,,,,,,,,,,,,,,,,
2018-03-15,09:40:00,COM VÍTIMA,FINALIZADA,IPUTINGA,RUA BOM PASTOR,3,430,,E/F A GALERIA MARCELA CENTER,RUA BOM PASTOR,430,E/F A GALERIA MARCELA CENTER,IPUTINGA,COLISÃO,COM UMA VÍTIMA.,1,1,,,,,,,,1,,,,,,,,,,,,,,,,,,
2018-03-15,11:45:00,COM VÍTIMA,FINALIZADA,CAXANGA,AV CAXANGA,0,,,EM FRENTE À FAC. STA. HELENA,AV CAXANGA,,EM FRENTE À FAC. STA. HELENA,CAXANGÁ,COLISÃO,COLISÃO ENTRE CARRETA E MOTOCICLETA,,1,,,,,1,,,1,,,,,,,,,,,,,,,,,,
2018-03-15,14:56:00,COM VÍTIMA,FINALIZADA,BOA VIAGEM,AV CONSELHEIRO AGUIAR,4,1748,,EM FRENTE AO RESTAURANTE GRAND CRU,AV CONSELHEIRO AGUIAR,1748,EM FRENTE AO RESTAURANTE GRAND CRU,BOA VIAGEM,COLISÃO,COLISÃO COM VÍTIMA,1,1,,,,,,,,1,,,,,,,,,,,,,,,,,,
2018-03-15,21:24:00,COM VÍTIMA,FINALIZADA,AREIAS,RUA ELIZEU CESAR,3,219,,APOS O ANTIGO COLEGIO WALT DISNEY,RUA ELIZEU CESAR,219,APOS O ANTIGO COLEGIO WALT DISNEY,AREIAS,COLISÃO,MOTO DA PM E AUTO,1,1,,,,,,,,1,,,,,,,,,,,,,,,,,,
2018-03-16,08:49:00,COM VÍTIMA,FINALIZADA,ROSARINHO,RUA COUTO MAGALHAES,3,146,,EM FRENTE A BARRACA DO ALCIDES HA 100 METROS DA AV BEBERIBE,RUA COUTO MAGALHAES,146,EM FRENTE A BARRACA DO ALCIDES HA 100 METROS DA AV BEBERIBE,ROSARINHO,COLISÃO,COM UMA VITIMA SOCORRIDA PELO SAMU,2,1,,,,,,,,1,,,,,,,,,,,,,,,,,,
2018-03-16,11:21:00,COM VÍTIMA,FINALIZADA,CORDEIRO,RUA EURICO DE SOUZA LEAO,3,448,,E/F AO IMPÉRIO DOS BICHOS,RUA EURICO DE SOUZA LEAO,448,E/F AO IMPÉRIO DOS BICHOS,CORDEIRO,COLISÃO,COM UMA VÍTIMA,1,1,,,,,,,,1,,,,,,,,,,,,,,,,,,
2018-03-16,13:17:00,COM VÍTIMA,FINALIZADA,CASA AMARELA,RUA ALTO JOSE BONIFACIO,3,240,,INICIO DALADEIRA,RUA ALTO JOSE BONIFACIO,240,INICIO DALADEIRA,CASA AMARELA,COLISÃO,,,2,,,,,,,,1,,,,,,,,,,,,,,,,,,
2018-03-16,15:07:00,COM VÍTIMA,FINALIZADA,VARZEA,AV CAXANGA,4,4951,,SENTIDO SUBÚRBIO/ CIDADE,AV CAXANGA,4951,SENTIDO SUBÚRBIO/ CIDADE,VÁRZEA,COLISÃO,COLISÃO ENTRE 2 MOTOS  COM VÍTIMAS,,2,,,,,,,,2,,,,,,,,,,,,,,,,,,
2018-03-16,22:54:00,COM VÍTIMA,FINALIZADA,ESTANCIA,AV DR JOSE RUFINO,0,,,POR BAIXO DO VIADUTO / E/F A IGREJA SANTA LUZIA / SNT CIDADE/SUB,AV DR JOSE RUFINO,,POR BAIXO DO VIADUTO / E/F A IGREJA SANTA LUZIA / SNT CIDADE/SUB,ESTÂNCIA,COLISÃO,ENTRE 2 MOTOS. C/V,,2,,,,,,,,2,,,,,,,,,,,,,,,,,,
2018-03-16,23:35:00,COM VÍTIMA,FINALIZADA,IPUTINGA,RUA MAURICIO DE NASSAU,0,,,E/F A FUNDAÇÃO ALTINO VENTURA,RUA MAURICIO DE NASSAU,,E/F A FUNDAÇÃO ALTINO VENTURA,IPUTINGA,CHOQUE,ENTRE AUTO PASSEIO E POSTE. C/V,1,,,,,,,,,1,,,,,,,,,,,,,,,,,,
2018-03-17,06:50:00,COM VÍTIMA,FINALIZADA,IMBIRIBEIRA,AV CELSO FURTADO,2,XX,,NAS PROXIMIDADES DO EXTRA,AVENIDA CELSO FURTADO (VIA MANGUE),XX,NAS PROXIMIDADES DO EXTRA,IMBIRIBEIRA,COLISÃO COM CICLISTA,O MESMO ENVOLVEU -SE EM ACIDENTE COM VITIMA,1,,,1,,,,,,1,,,,,,,,,,,,,,,,,,
2018-03-17,08:53:00,COM VÍTIMA,FINALIZADA,BARRO,AV DR JOSE RUFINO,4,1789,,EM FRENTE A IGREJA MUNDIAL DE JESUS CRISTO,AV DR JOSE RUFINO,1789,EM FRENTE A IGREJA MUNDIAL DE JESUS CRISTO,BARRO,COLISÃO,MOTO AUTO,1,1,,,,,,,,1,,,,,,,,,,,,,,,,,,
2018-03-17,13:29:00,COM VÍTIMA,FINALIZADA,JORDAO,AV MARIA IRENE,0,,,E/F AO RESTAURANTE QUERO MAIS,AV MARIA IRENE,,E/F AO RESTAURANTE QUERO MAIS,JORDÃO,ATROPELAMENTO,MOTO/PEDESTRE,,1,,,,,,,,1,,,,,,,,,,,,,,,,,,
2018-03-17,16:59:00,COM VÍTIMA,FINALIZADA,AFOGADOS,RUA AUGUSTO CALHEIROS,0,,,SEMAFORO 553,RUA AUGUSTO CALHEIROS,,SEMAFORO 553,AFOGADOS,COLISÃO,ENTRE TRES MOTOS,,3,,,,,,,,1,,,,,,,,,,,,,,,,,,
2018-03-17,19:12:00,COM VÍTIMA,FINALIZADA,PAISSANDU,AV GOVERNADOR AGAMENON MAGALHAES,0,,,E/F AO BANCO ITAU E HOSPITAL PORTUGUÊS,AV GOVERNADOR AGAMENON MAGALHAES,,E/F AO BANCO ITAU E HOSPITAL PORTUGUÊS,PAISSANDU,COLISÃO,ENTRE AUTO E MOTO. C/V,1,1,,,,,,,,1,,,,,,,,,,,,,,,,,,
2018-03-17,20:14:00,COM VÍTIMA,FINALIZADA,TAMARINEIRA,RUA CONEGO BARATA,0,,,E/F A FERREIRA COSTA / NO RETORNO,RUA CONEGO BARATA,,E/F A FERREIRA COSTA / NO RETORNO,TAMARINEIRA,COLISÃO COM CICLISTA,MOTO X BIKE. C/V,,1,,1,,,,,,2,,,,,,,,,,,,,,,,,,
2018-03-18,06:28:00,COM VÍTIMA,FINALIZADA,PORTO DA MADEIRA,AV BEBERIBE,0,,,EM FRENTE A PIZZARIA DO GORDO / SENNT SUB,AV BEBERIBE,,EM FRENTE A PIZZARIA DO GORDO / SENNT SUB,PORTO DA MADEIRA,COLISÃO,ONIBUS E DUAS MOTOS VITIMA SOCORRIDA POR MEIOS PRÓPRIOS  SEGUNDO OS AGENTES,,2,,,,1,,,,1,,,,,,,,,,,,,,,,,,
2018-03-18,15:20:00,COM VÍTIMA,FINALIZADA,GRACAS,RUA BRUNO MAIA,3,180,,EM FRENTE AO EDIFICIO MANGUINHOS PRINCE,RUA BRUNO MAIA,180,EM FRENTE AO EDIFICIO MANGUINHOS PRINCE,GRAÇAS,COLISÃO,COLISÃO COM VÍTIMA,1,,,,,1,,,,2,,,,,,,,,,,,,,,,,,
2018-03-18,15:36:00,COM VÍTIMA,FINALIZADA,JARDIM SAO PAULO,RUA LEANDRO BARRETO,0,,,EM CIMA DO VIADUTO,RUA LEANDRO BARRETO,,EM CIMA DO VIADUTO,JARDIM SÃO PAULO,COLISÃO,COLISÃO COM VÍTIMA,1,,,,,1,,,,1,,,,,,,,,,,,,,,,,,
2018-03-18,17:35:00,COM VÍTIMA,FINALIZADA,AREIAS,AV DR JOSE RUFINO,0,,,POSTO IPYRANGA,AV DR JOSE RUFINO,,POSTO IPYRANGA,AREIAS,COLISÃO,A EQUIPE ESTAVA SEGUINDO PARA JARDIM SÃO PAULO PARA APOIO A VT 08 COM PÓ DE SERRA E SE DEPAROU COM ESTA COLISÃO,,,,,,,,,,1,,,,,,,,,,,,,,,,,,
2018-03-19,08:35:00,COM VÍTIMA,FINALIZADA,CAMPO GRANDE,RUA ODORICO MENDES,3,533,,IGREJA EVANGELICA CRISTO VIVE,RUA ODORICO MENDES,533,IGREJA EVANGELICA CRISTO VIVE,CAMPO GRANDE,COLISÃO,COLISÃO COM VITIMA,1,1,,,,,,,,1,,,,,,,,,,,,,,,,,,
2018-03-19,09:22:00,COM VÍTIMA,FINALIZADA,APIPUCOS,RUA DE APIPUCOS,0,,,SEMAFORO Nº540,RUA DE APIPUCOS,,SEMAFORO Nº540,APIPUCOS,COLISÃO,COL.C/ DUAS VITIMAS GM JA NO LOCAL,1,1,,,,,,,,2,,,,,,,,,,,,,,,,,,
2018-03-19,11:02:00,COM VÍTIMA,FINALIZADA,AFOGADOS,RUA IMPERIAL,4,1600,,DEFRONTE A JUCEPE,RUA IMPERIAL,1600,DEFRONTE A JUCEPE,AFOGADOS,COLISÃO,COLISÃO COM VITIMA,1,,,,,,1,,,1,,,,,,,,,,,,,,,,,,
2018-03-19,20:32:00,COM VÍTIMA,FINALIZADA,SANTO AMARO,AV CRUZ CABUGA,0,,,E/F AO SHOPPING TACARUNA E A FÁBRICA TACARUNA / SNT AGAMENON,AV CRUZ CABUGA,,E/F AO SHOPPING TACARUNA E A FÁBRICA TACARUNA / SNT AGAMENON,SANTO AMARO,COLISÃO,ENTRE AUTO E MOTO. C/V,1,1,,,,,,,,1,,,,,,,,,,,,,,,,,,
2018-03-20,07:48:00,COM VÍTIMA,FINALIZADA,ESTANCIA,AV RECIFE,0,,,NA SUBIDA DO VIADUTRO ULISSES GUIMARÃES SENTIDO AEROPORTO- CEASA,AV RECIFE,,NA SUBIDA DO VIADUTRO ULISSES GUIMARÃES SENTIDO AEROPORTO- CEASA,ESTÂNCIA,COLISÃO,COLISÃO E EM SEGUIDA O AUTO PASSEIO CAPOTOU,1,,,,,,1,,,1,,,,,,,,,,,,,,,,,,
2018-03-20,11:11:00,COM VÍTIMA,FINALIZADA,MADALENA,AV CAXANGA,3,279,,BANCO SANTANDER (SENTIDO SUBURBIO / CIDADE),AV CAXANGA,279,BANCO SANTANDER (SENTIDO SUBURBIO / CIDADE),MADALENA,ATROPELAMENTO,MOTO E PEDESTRE (SEGUNDO O ORIENTADOR AS VITIMAS SÃO O PEDESTRE E O PASSAGEIRO DA MOTOCICLETA),,1,,,,,,,,2,,,,,,,,,,,,,,,,,,
2018-03-20,15:21:00,COM VÍTIMA,FINALIZADA,CAXANGA,AV MARIO ALVARES PEREIRA DE LYRA,0,,,JUNTO A ACADEMIA DA CIDADE  SENTIDO AV. CAXANGA,AV MARIO ALVARES PEREIRA DE LYRA,,JUNTO A ACADEMIA DA CIDADE  SENTIDO AV. CAXANGA,CAXANGÁ,COLISÃO,COLISÃO COM VITIMA  AUTO PASSEIO E MOTO,2,,,,,,,,,1,,,,,,,,,,,,,,,,,,
2018-03-20,16:14:00,COM VÍTIMA,FINALIZADA,ENCRUZILHADA,AV NORTE,0,,,EM FRENTE AO BANCO DO BRASIL  SENTIDO SUBÚRBIO.,AV NORTE,,EM FRENTE AO BANCO DO BRASIL  SENTIDO SUBÚRBIO.,ENCRUZILHADA,COLISÃO,COLISÃO AUTO E MOTO  COM VÍTIMA.,1,1,,,,,,,,1,,,,,,,,,,,,,,,,,,
2018-03-21,07:12:00,COM VÍTIMA,FINALIZADA,IMBIRIBEIRA,AV MARECHAL MASCARENHAS DE MORAES,0,,,SENTIDO CENTRO EM FRENTE A CONCESSIONARIA FORD,AV MARECHAL MASCARENHAS DE MORAES,,SENTIDO CENTRO EM FRENTE A CONCESSIONARIA FORD,IMBIRIBEIRA,COLISÃO,COLISÃO COM VITIMA SOCORRIDA PELOS BOMBEIROS,2,,,,,,1,,,1,,,,,,,,,,,,,,,,,,
2018-03-21,09:18:00,COM VÍTIMA,FINALIZADA,VARZEA,RUA RIBEIRO PESSOA,0,,RUA JOAQUIM RIBEIRO,CRUZAMENTO COM RUA JOAQUIM RIBEIRO,RUA RIBEIRO PESSOA,,CRUZAMENTO COM RUA JOAQUIM RIBEIRO,VÁRZEA,COLISÃO,COLISÃO ENTRE AUTO E MOTOCICLETA COM VÍTIMA,1,1,,,,,,,,1,,,,,,,,,,,,,,,,,,
2018-03-21,10:52:00,COM VÍTIMA,FINALIZADA,ENGENHO DO MEIO,RUA PADRE RODRIGUES CAMPELO,3,100,,EM FRENTE A A REVENDEDORA BEBA AGUA,RUA PADRE RODRIGUES CAMPELO,100,EM FRENTE A A REVENDEDORA BEBA AGUA,ENGENHO DO MEIO,COLISÃO,COLISÃO COM VITIMA SAMU,1,1,,,,,,,,1,,,,,,,,,,,,,,,,,,