data,hora,natureza_acidente,situacao,bairro,endereco,,numero,detalhe_endereco_acidente,complemento,endereco_cruzamento,numero_cruzamento,referencia_cruzamento,bairro_cruzamento,tipo,descricao,auto,moto,ciclom,ciclista,pedestre,onibus,caminhao,viatura,outros,vitimas,vitimasfatais,num_semaforo,sentido_via,acidente_verificado,tempo_clima,situacao_semaforo,sinalizacao,condicao_via,conservacao_via,ponto_controle,situacao_placa,velocidade_max_via,mao_direcao,divisao_via1,divisao_via2,divisao_via3,_id,Protocolo
2018-03-21,13:24:00,COM VÍTIMA,FINALIZADA,BOA VIAGEM,AV DES JOSE NEVES,2,90,,ANTES DO POSTO IPIRANGA  SENTIDO SUB/CENTRO,AV DES JOSE NEVES,90,ANTES DO POSTO IPIRANGA  SENTIDO SUB/CENTRO,BOA VIAGEM,COLISÃO COM CICLISTA,MOTO E CICLISTA,,1,,1,,,,,,1,,,,,,,,,,,,,,,,,,
2018-03-23,08:43:00,COM VÍTIMA,FINALIZADA,DOIS IRMAOS,RUA DOIS IRMAOS,0,,,SENMÁFORO 416,RUA DOIS IRMAOS,,SENMÁFORO 416,DOIS IRMÃOS,COLISÃO,,1,1,,,,,,,,1,,,,,,,,,,,,,,,,,,
2018-03-22,09:28:00,COM VÍTIMA,FINALIZADA,CAMPO GRANDE,RUA FRANKLIN TAVORA,0,,RUA JERONIMO VILELA,CRUZAMENTO COM A RUA JERONIMO VILELA SEMAFORO 282,RUA FRANKLIN TAVORA,,CRUZAMENTO COM A RUA JERONIMO VILELA SEMAFORO 282,CAMPO GRANDE,COLISÃO,COM UMA VITIMA AGUARDANDO SAMU,1,1,,,,,,,,1,,,,,,,,,,,,,,,,,,
2018-03-22,12:29:00,COM VÍTIMA,FINALIZADA,PINA,AV ENGENHEIRO DOMINGOS FERREIRA,0,,,APOS A IGREJINHA NA CURVA E/F AO ARMAZEM BEIRA MAR,AV ENGENHEIRO DOMINGOS FERREIRA,,APOS A IGREJINHA NA CURVA E/F AO ARMAZEM BEIRA MAR,PINA,ATROPELAMENTO,VEICULO ATROPELOU UMA VITIMA,1,,,,,,,,,1,,,,,,,,,,,,,,,,,,
2018-03-22,14:01:00,COM VÍTIMA,FINALIZADA,SANTO AMARO,AV GOVERNADOR AGAMENON MAGALHAES,0,,,PRÓXIMO À UPE  SENTIDO BOA VIAGEM,AV GOVERNADOR AGAMENON MAGALHAES,,PRÓXIMO À UPE  SENTIDO BOA VIAGEM,SANTO AMARO,ACID. DE PERCURSO,,,1,,,,,,,,1,,,,,,,,,,,,,,,,,,
2018-03-22,14:52:00,COM VÍTIMA,FINALIZADA,MADALENA,AV BEIRA RIO,3,879,RUA JANUARIO BARBOSA,COM A RUA JANUARIO BARBOSA E/F AO EDF QUATRO ESTAÇOES,AV BEIRA RIO,879,COM A RUA JANUARIO BARBOSA E/F AO EDF QUATRO ESTAÇOES,MADALENA,COLISÃO,COLISAO DE AUTO E MOTO COM DUAS VITIMAS,1,1,,,,,,,,2,,,,,,,,,,,,,,,,,,
2018-03-22,17:54:00,COM VÍTIMA,FINALIZADA,BOA VIAGEM,AV DES JOSE NEVES,0,,,PROX AO RESTAURANTE CANGAÇO E POSTO IPIRANGA / SNT CENTRO  ANTES DO TUNEL,AV DES JOSE NEVES,,PROX AO RESTAURANTE CANGAÇO E POSTO IPIRANGA / SNT CENTRO  ANTES DO TUNEL,BOA VIAGEM,COLISÃO,ENTRE MOTO E AUTO. C/V,1,1,,,,,,,,1,,,,,,,,,,,,,,,,,,
2018-03-22,21:11:00,COM VÍTIMA,FINALIZADA,SANTO AMARO,AV MARIO MELO,0,,AV CRUZ CABUGA,CRUZAMENTO COM AV. CRUZ CABUGA  PROXIMO A IGREJA ASSEMBLEIA DE DEUS,AV MARIO MELO,,CRUZAMENTO COM AV. CRUZ CABUGA  PROXIMO A IGREJA ASSEMBLEIA DE DEUS,SANTO AMARO,COLISÃO,ENTRE 2 MOTOCICLISTAS COM VITIMA,,2,,,,,,,,1,,,,,,,,,,,,,,,,,,
2018-03-23,09:28:00,COM VÍTIMA,FINALIZADA,PRADO,RUA CARLOS GOMES,3,914,,EM FRENTE AO MULT JATO,RUA CARLOS GOMES,914,EM FRENTE AO MULT JATO,PRADO,COLISÃO,COM VITIMA SENDO SOCORRIDA PELO SAMU,1,1,,,,,,,,1,,,,,,,,,,,,,,,,,,
2018-03-23,09:52:00,COM VÍTIMA,FINALIZADA,IMBIRIBEIRA,AV MARECHAL MASCARENHAS DE MORAES,0,,,SOB O VIADUTO TANCREDO NEVES SENTIDO AFOGADOS,AV MARECHAL MASCARENHAS DE MORAES,,SOB O VIADUTO TANCREDO NEVES SENTIDO AFOGADOS,IMBIRIBEIRA,COLISÃO,COLISÃO COM VITIMA,4,,,,,,1,,,1,,,,,,,,,,,,,,,,,,
2018-03-23,10:42:00,COM VÍTIMA,FINALIZADA,AFOGADOS,EST DOS REMEDIOS,4,1988,,SEMAFORO 052 SENT BENFICA / EM FRENTE A HC PNEUS,EST DOS REMEDIOS,1988,SEMAFORO 052 SENT BENFICA / EM FRENTE A HC PNEUS,AFOGADOS,COLISÃO,ONIBUS E VIATURA DO BOMBEIROS,,,,,,1,,1,,1,,,,,,,,,,,,,,,,,,
2018-03-23,15:38:00,COM VÍTIMA,FINALIZADA,BOA VIAGEM,RUA BALTAZAR PASSOS,0,,,PROX AO PARQUE DONA LINDU SENTIDO CANDEIAS,RUA BALTAZAR PASSOS,,PROX AO PARQUE DONA LINDU SENTIDO CANDEIAS,BOA VIAGEM,COLISÃO,COLISAO COM VEICULO E MOTO,1,1,,,,,,,,1,,,,,,,,,,,,,,,,,,
2018-03-23,18:00:00,COM VÍTIMA,FINALIZADA,IMBIRIBEIRA,AV RECIFE,0,,,EM FRENTE AO SAL E BRASA  SENTIDO AO AEROPORTO,AV RECIFE,,EM FRENTE AO SAL E BRASA  SENTIDO AO AEROPORTO,IMBIRIBEIRA,COLISÃO,AUTO  CAMINHAO E MOTO,1,1,,,,,1,,,1,,,,,,,,,,,,,,,,,,
2018-03-24,00:00:00,COM VÍTIMA,FINALIZADA,AREIAS,AV RECIFE,0,,,SEMÁFORO 59 // EM FRENTE A FARMÁCIA PAGUE MENOS,AV RECIFE,,SEMÁFORO 59 // EM FRENTE A FARMÁCIA PAGUE MENOS,AREIAS,COLISÃO,COLISÃO ENTRE AUTO E MOTO C/ VÍTIMAS,1,1,,,,,,,,2,,,,,,,,,,,,,,,,,,
2018-03-24,04:33:00,VÍTIMA FATAL,FINALIZADA,APIPUCOS,RUA DE APIPUCOS,0,,,EM FRENTE AO ARCADIA,RUA DE APIPUCOS,,EM FRENTE AO ARCADIA,APIPUCOS,COLISÃO,COLISÃO ENTRE DOIS CARROS C/V,2,,,,,,,,,6,1,,,,,,,,,,,,,,,,,
2018-03-24,06:35:00,COM VÍTIMA,FINALIZADA,CASA AMARELA,AV NORTE,0,,RUA PADRE LEMOS,COM A RUA PADRE LEMOS,AV NORTE,,COM A RUA PADRE LEMOS,CASA AMARELA,COLISÃO,COLISÃO ENTRE DOIS CARROS C/V,1,,,,,,1,,,1,,,,,,,,,,,,,,,,,,
2018-03-24,09:22:00,COM VÍTIMA,FINALIZADA,SANTO AMARO,AV GOVERNADOR AGAMENON MAGALHAES,0,,,EM FRENTE AO MINISTERIO DO TRABALHO / SENT BOA VIAGEM/,AV GOVERNADOR AGAMENON MAGALHAES,,EM FRENTE AO MINISTERIO DO TRABALHO / SENT BOA VIAGEM/,SANTO AMARO,COLISÃO,COL.COM VITIMA,1,1,,,,,,,,1,,,,,,,,,,,,,,,,,,
2018-03-24,10:22:00,COM VÍTIMA,FINALIZADA,MANGABEIRA,AV PROFESSOR JOSE DOS ANJOS,0,,AV NORTE,COM AVENIDA NORTE  SEMÁFORO 364.,AV PROFESSOR JOSE DOS ANJOS,,COM AVENIDA NORTE  SEMÁFORO 364.,MANGABEIRA,COLISÃO,COLISÃO COM VÍTIMA  ENTRE AUTO E MOTO,1,1,,,,,,,,1,,,,,,,,,,,,,,,,,,
2018-03-24,17:05:00,COM VÍTIMA,FINALIZADA,VARZEA,RUA RODRIGUES FERREIRA,3,244,,PROX. A PADARIA CAXANGA,RUA RODRIGUES FERREIRA,244,PROX. A PADARIA CAXANGA,VÁRZEA,COLISÃO COM CICLISTA,AUTO E CICLISTA,1,,,1,,,,,,1,,,,,,,,,,,,,,,,,,
2018-03-24,19:28:00,COM VÍTIMA,FINALIZADA,TORROES,RUA DO FORTE,0,,,E/F A PRAÇA DO QUINZE,RUA DO FORTE,,E/F A PRAÇA DO QUINZE,TORRÕES,COLISÃO,ENTRE AUTO PASSEIO E MOTO DO BPTRAN. C/V,1,1,,,,,,,,1,,,,,,,,,,,,,,,,,,
2018-03-25,14:42:00,COM VÍTIMA,FINALIZADA,CORDEIRO,EST DO FORTE DO ARRAIAL N. DO B. JESUS,3,150,,,EST DO FORTE DO ARRAIAL N. DO B. JESUS,150,,CORDEIRO,COLISÃO,COLISÃO ENTRE AUTO E MOTO COM VÍTIMA,1,1,,,,,,,,1,,,,,,,,,,,,,,,,,,
2018-03-25,15:01:00,COM VÍTIMA,FINALIZADA,IMBIRIBEIRA,RUA PAMPULHA,0,,RUA ITAJAI,COM A RUA ITAJAI  EM FRENTE DA PANIFICADORA VALE DO RIO DOCE,RUA PAMPULHA,,COM A RUA ITAJAI  EM FRENTE DA PANIFICADORA VALE DO RIO DOCE,IMBIRIBEIRA,COLISÃO,MOTO E AUTO,1,1,,,,,,,,2,,,,,,,,,,,,,,,,,,
2018-03-26,06:22:00,COM VÍTIMA,FINALIZADA,AFOGADOS,RUA MOTOCOLOMBO,0,,,SEMAFORO Nº 039,RUA MOTOCOLOMBO,,SEMAFORO Nº 039,AFOGADOS,COLISÃO,COLISÃO ONIBUS E MOTO COM VITIMAS,,1,,,,1,,,,1,,,,,,,,,,,,,,,,,,
2018-03-26,09:15:00,COM VÍTIMA,FINALIZADA,PRADO,RUA PINTO JUNIOR,0,,,PROX. AIGREJA PRESBITERIANA  SENTIDO CIDADE,RUA PINTO JUNIOR,,PROX. AIGREJA PRESBITERIANA  SENTIDO CIDADE,PRADO,COLISÃO,COLISÃO COM VITIMA  O CLIO CAPOTOU SENDO LANÇADO PARA DENTRO DO RIO,2,,,,,,,,,3,,,,,,,,,,,,,,,,,,
2018-03-26,09:17:00,COM VÍTIMA,FINALIZADA,TAMARINEIRA,AV NORTE,0,,RUA CONEGO BARATA,DE ESQUINA CM A RUA CONEGO BARATA,AV NORTE,,DE ESQUINA CM A RUA CONEGO BARATA,TAMARINEIRA,ATROPELAMENTO,ATROPELAMENTO VITIMA A ESPERA DO SAMU,,1,,,1,,,,,1,,,,,,,,,,,,,,,,,,
2018-03-26,15:14:00,COM VÍTIMA,FINALIZADA,CASA AMARELA,AV NORTE,0,,,SENTIDO CIDADE APOS A BARROS LIMA EM FRENTE A CASA DO VASSOUREIRO,AV NORTE,,SENTIDO CIDADE APOS A BARROS LIMA EM FRENTE A CASA DO VASSOUREIRO,CASA AMARELA,COLISÃO,COLISÃO COM VITIMA,1,1,,,,,,,,1,,,,,,,,,,,,,,,,,,
2018-03-26,16:17:00,COM VÍTIMA,FINALIZADA,SAO JOSE,AV SUL,4,1105,,PROX AO PONTILHAO E/F A OFICINA DO ABELARDO,AV SUL,1105,PROX AO PONTILHAO E/F A OFICINA DO ABELARDO,SÃO JOSÉ,COLISÃO,COLISAO DE AUTO E MOTO COM UMA VITIMA,1,1,,,,,,,,1,,,,,,,,,,,,,,,,,,
2018-03-26,17:16:00,COM VÍTIMA,FINALIZADA,MADALENA,RUA BENFICA,0,,,EM FRENTE AO INTERNACIONAL,RUA BENFICA,,EM FRENTE AO INTERNACIONAL,MADALENA,COLISÃO,COLISÃO COM VÍTIMA,1,,,,,1,,,,1,,,,,,,,,,,,,,,,,,
2018-03-26,18:41:00,COM VÍTIMA,FINALIZADA,IMBIRIBEIRA,RUA PINTOR LULA CARDOSO AYRES,3,108,,EM FRENTE A CASA DE FARINHA  PROX. AO POSTO SHELL,RUA PINTOR LULA CARDOSO AYRES,108,EM FRENTE A CASA DE FARINHA  PROX. AO POSTO SHELL,IMBIRIBEIRA,COLISÃO,AUTO E MOTO,1,1,,,,,,,,2,,,,,,,,,,,,,,,,,,
2018-03-27,08:07:00,COM VÍTIMA,FINALIZADA,TORREAO,AV NORTE,0,,,SEMAFRO Nº056,AV NORTE,,SEMAFRO Nº056,TORREÃO,COLISÃO,COL.C/V UMA SET.SUB,1,1,,,,,,,,1,,,,,,,,,,,,,,,,,,
2018-03-27,08:08:00,COM VÍTIMA,FINALIZADA,TEJIPIO,AV DR JOSE RUFINO,0,,,EM FRENTE A HONDA,AV DR JOSE RUFINO,,EM FRENTE A HONDA,TEJIPIÓ,COLISÃO,COLISÃO COM VITIMA,,2,,,,,,,,2,,,,,,,,,,,,,,,,,,
2018-03-27,10:30:00,COM VÍTIMA,FINALIZADA,IMBIRIBEIRA,AV MARECHAL MASCARENHAS DE MORAES,4,2671,,EM FRENTE AO POSTO BR  SENTIDO RECIFE,AV MARECHAL MASCARENHAS DE MORAES,2671,EM FRENTE AO POSTO BR  SENTIDO RECIFE,IMBIRIBEIRA,ATROPELAMENTO,AUTO E PEDESTRE,1,,,,1,,,,,1,,,,,,,,,,,,,,,,,,
2018-03-27,11:51:00,COM VÍTIMA,FINALIZADA,BOA VIAGEM,RUA SETUBAL,0,,,LOCALIZA VEICULOS,RUA SETUBAL,,LOCALIZA VEICULOS,BOA VIAGEM,ATROPELAMENTO,ATROPELAMENTO ENVOLVENDO PEDESTRE E MOTOCICLETA,,1,,,1,,,,,1,,,,,,,,,,,,,,,,,,
2018-03-27,12:32:00,COM VÍTIMA,FINALIZADA,AREIAS,AV RECIFE,0,,,SOBRE O VIADULTO ULISSES GUIMARÃES,AV RECIFE,,SOBRE O VIADULTO ULISSES GUIMARÃES,AREIAS,COLISÃO,AUTO E MOTO COM VÍTIMA,1,1,,,,,,,,1,,,,,,,,,,,,,,,,,,
2018-03-27,13:38:00,COM VÍTIMA,FINALIZADA,CAMPO GRANDE,EST DE BELEM,0,,,EM FRENTE AO ARMAZEM MACHADO,EST DE BELEM,,EM FRENTE AO ARMAZEM MACHADO,CAMPO GRANDE,COLISÃO COM CICLISTA,COM VÍTIMA/ VT 07 NO LOCAL,,1,,1,,,,,,2,,,,,,,,,,,,,,,,,,
2018-03-27,14:16:00,COM VÍTIMA,FINALIZADA,SANTO AMARO,AV JOAO DE BARROS,0,,,E/F AO CLUBE DOS OFICIAIS,AV JOAO DE BARROS,,E/F AO CLUBE DOS OFICIAIS,SANTO AMARO,COLISÃO,COLISAO DE AUTO E MOTO COM UMA VITIMA,1,1,,,,,,,,1,,,,,,,,,,,,,,,,,,
2018-03-27,18:39:00,COM VÍTIMA,FINALIZADA,ILHA JOANA BEZERRA,RUA DES GUERRA BARRETO,0,,,E/F AO FORUM JOANA BEZERRA,RUA DES GUERRA BARRETO,,E/F AO FORUM JOANA BEZERRA,ILHA JOANA BEZERRA,COLISÃO,COLISÃO S/V,1,1,,,,,,,,1,,,,,,,,,,,,,,,,,,
2018-03-28,08:05:00,COM VÍTIMA,FINALIZADA,ENCRUZILHADA,RUA JULIAO NETO,0,,RUA OTAVIO DE FREITAS,CRUZAMENTO COM A RUA OTAVIO DE FREITAS,RUA JULIAO NETO,,CRUZAMENTO COM A RUA OTAVIO DE FREITAS,ENCRUZILHADA,COLISÃO,COM UMA VITIMA AGUARDANDO BOMBEIROS,1,1,,,,,,,,1,,,,,,,,,,,,,,,,,,
2018-03-28,08:39:00,COM VÍTIMA,FINALIZADA,CAXANGA,AV CAXANGA,0,,,E/F A AUTO ESCOLA PILOTO S/T SUB,AV CAXANGA,,E/F A AUTO ESCOLA PILOTO S/T SUB,CAXANGÁ,COLISÃO,COLISAO DE AUTO E MOTO COM UMA VITIMA,1,1,,,,,,,,1,,,,,,,,,,,,,,,,,,
2018-03-28,14:16:00,COM VÍTIMA,FINALIZADA,BOA VIAGEM,AV HERCULANO BANDEIRA,0,,,E/F A IGREJA DO PINA,AV HERCULANO BANDEIRA,,E/F A IGREJA DO PINA,BOA VIAGEM,COLISÃO,COLISAO DE AUTO E MOTO COM UMA VITIMA,1,1,,,,,,,,1,,,,,,,,,,,,,,,,,,
2018-03-28,14:58:00,COM VÍTIMA,FINALIZADA,IPSEP,AV RECIFE,4,1311,,PROX. AO SAL E BRASA  SENTIDO AEROPORTO,AV RECIFE,1311,PROX. AO SAL E BRASA  SENTIDO AEROPORTO,IPSEP,COLISÃO,DOIS AUTO E UMA MOTO,2,1,,,,,,,,2,,,,,,,,,,,,,,,,,,
2018-03-28,18:47:00,COM VÍTIMA,FINALIZADA,IPSEP,RUA ITAJAI,2,24,,E/F A LUTEC / PRÓX AO HOTEL MILENIO,RUA ITAJAI,24,E/F A LUTEC / PRÓX AO HOTEL MILENIO,IPSEP,COLISÃO,ENTRE AUTO E MOTO- C/V,1,1,,,,,,,,1,,,,,,,,,,,,,,,,,,
2018-03-28,20:22:00,COM VÍTIMA,FINALIZADA,CASA AMARELA,EST DAS UBAIAS,3,147,,E/F A PADARIA PAREA DELI,EST DAS UBAIAS,147,E/F A PADARIA PAREA DELI,CASA AMARELA,COLISÃO,ENTRE AUTO E MOTO. C/V,1,1,,,,,,,,1,,,,,,,,,,,,,,,,,,
2018-03-29,08:33:00,COM VÍTIMA,FINALIZADA,ARRUDA,RUA DAS MOCAS,3,309,,RESIDENCIA POR TRAS DO CAMPO DO ARRUDA EM FRENTE AO ARMAZEM SÃO JOÃO,RUA DAS MOCAS,309,RESIDENCIA POR TRAS DO CAMPO DO ARRUDA EM FRENTE AO ARMAZEM SÃO JOÃO,ARRUDA,COLISÃO,COLISÃO COM VITIMA A ESPERA DO SAMU,1,1,,,,,,,,1,,,,,,,,,,,,,,,,,,
2018-03-29,10:59:00,COM VÍTIMA,FINALIZADA,BOA VIAGEM,AV ANTONIO DE GOES,0,,,EM BAIXO DO SEMAFORO 103 EM FRENTE AO DNIT,AV ANTONIO DE GOES,,EM BAIXO DO SEMAFORO 103 EM FRENTE AO DNIT,BOA VIAGEM,COLISÃO,COLISÃO COM 1 VITIMA A ESPERA DO SAMU,1,1,,,,,,,,1,,,,,,,,,,,,,,,,,,
2018-03-29,17:50:00,COM VÍTIMA,FINALIZADA,AFOGADOS,RUA SAO MIGUEL,0,,,E/F AO BANCO DO BRASIL,RUA SAO MIGUEL,,E/F AO BANCO DO BRASIL,AFOGADOS,COLISÃO,ENTRE AUTO E MOTO. C/V,1,1,,,,,,,,2,,,,,,,,,,,,,,,,,,
2018-03-29,19:01:00,COM VÍTIMA,FINALIZADA,IMBIRIBEIRA,RUA ITACARI,0,,,CRUZANDO A RUA ITAJAI / E/F A DRIFOR E GOCIL E POR TRÁS DO BANCO ITAU,RUA ITACARI,,CRUZANDO A RUA ITAJAI / E/F A DRIFOR E GOCIL E POR TRÁS DO BANCO ITAU,IMBIRIBEIRA,COLISÃO,ENTRE AUTO E MOTO. C/V,1,1,,,,,,,,2,,,,,,,,,,,,,,,,,,
2018-03-29,21:17:00,COM VÍTIMA,FINALIZADA,BOA VISTA,RUA MONTE CASTELO,2,35,,PROX AO POSTO IPIRANGA SENTIDO QUARTEL,RUA MONTE CASTELO,35,PROX AO POSTO IPIRANGA SENTIDO QUARTEL,BOA VISTA,COLISÃO COM CICLISTA,COLISÃO C/V MOTORISTA QUER SE EVADIR DO LOCAL,1,,,1,,,,,,1,,,,,,,,,,,,,,,,,,
2018-03-30,14:33:00,COM VÍTIMA,FINALIZADA,IMBIRIBEIRA,RUA SARGENTO SILVINO DE MACEDO,3,620,,E/F A NAT GEO DISTRIBUIDORA DE PRODUTOS NATURAIS,RUA SARGENTO SILVINO DE MACEDO,620,E/F A NAT GEO DISTRIBUIDORA DE PRODUTOS NATURAIS,IMBIRIBEIRA,COLISÃO,AUTO E MOTO COM VITIMA/ O CONTATO INFORMADO E DO SR SEVERINO QUE ENCONTRA-SE NO LOCAL,1,1,,,,,,,,1,,,,,,,,,,,,,,,,,,
2018-03-30,17:13:00,COM VÍTIMA,FINALIZADA,CORDEIRO,AV CAXANGA,4,1832,,PROX. AO HOSPITAL GETULIO VARGAS  SENTIDO CID/SUB,AV CAXANGA,1832,PROX. AO HOSPITAL GETULIO VARGAS  SENTIDO CID/SUB,CORDEIRO,COLISÃO COM CICLISTA,ONIBUS DA MOBI E CICLISTA,,,,1,,1,,,,1,,,,,,,,,,,,,,,,,,
2018-03-30,18:40:00,COM VÍTIMA,FINALIZADA,SAN MARTIN,AV GENERAL SAN MARTIN,0,,,EM FRENTE A CAVALARIA,AV GENERAL SAN MARTIN,,EM FRENTE A CAVALARIA,SAN MARTIN,COLISÃO,DUAS MOTOS,,2,,,,,,,,2,,,,,,,,,,,,,,,,,,
2018-03-30,23:37:00,COM VÍTIMA,FINALIZADA,IMBIRIBEIRA,RUA ARQUITETO LUIZ NUNES,0,,,PRÓX A FACULDADE BOA VIAGEM / E/F AO CONJUNTO HABITACIONAL  CONHECIDO COMO '' PREDINHOS '',RUA ARQUITETO LUIZ NUNES,,PRÓX A FACULDADE BOA VIAGEM / E/F AO CONJUNTO HABITACIONAL  CONHECIDO COMO '' PREDINHOS '',IMBIRIBEIRA,ATROPELAMENTO,** AO ATROPELAR O PEDESTRE  O AUTO ACABOU COLINDO COM OUTRO CARRO NA LOCALIDADE **,2,,,,1,,,,,1,,,,,,,,,,,,,,,,,,
2018-03-31,08:05:00,COM VÍTIMA,FINALIZADA,PINA,AV ANTONIO DE GOES,0,,,LADO OPOSTO AO DNIT,AV ANTONIO DE GOES,,LADO OPOSTO AO DNIT,PINA,COLISÃO,COLISAO ENTRE AUTO E MOTO COM VITIMA,1,1,,,,,,,,1,,,,,,,,,,,,,,,,,,
2018-03-31,09:46:00,COM VÍTIMA,FINALIZADA,PAISSANDU,RUA PAISSANDU,0,,,SEMAFORO 069  SENT/ILHADO RETIRO AO LADO DO PORTUGUES,RUA PAISSANDU,,SEMAFORO 069  SENT/ILHADO RETIRO AO LADO DO PORTUGUES,PAISSANDU,COLISÃO,COM UMA VITIMA,1,1,,,,,,,,1,,,,,,,,,,,,,,,,,,
2018-03-31,16:12:00,COM VÍTIMA,FINALIZADA,JIQUIA,AV DR JOSE RUFINO,4,2072,,EM FRENTE AO POSTO DE GASOLINA IPIRANGA,AV DR JOSE RUFINO,2072,EM FRENTE AO POSTO DE GASOLINA IPIRANGA,JIQUIÁ,COLISÃO,COLISÃO COM VITIMA,1,1,,,,,,,,1,,,,,,,,,,,,,,,,,,
2018-03-31,17:01:00,COM VÍTIMA,FINALIZADA,TORRE,RUA REAL DA TORRE,3,705,,PROX AO MERCADO DA MADALENA EM FRENTE AO LOJÃO DO CONDOMINIO,RUA REAL DA TORRE,705,PROX AO MERCADO DA MADALENA EM FRENTE AO LOJÃO DO CONDOMINIO,TORRE,COLISÃO,COLISÃO COM VITIMA,1,1,,,,,,,,1,,,,,,,,,,,,,,,,,,
2018-03-31,21:49:00,COM VÍTIMA,FINALIZADA,CABANGA,AV SUL,0,,RUA NOVA DA CABANGA,SEMÁFORO 260 / CRUZANDO A RUA NOVA DA CABANGA,AV SUL,,SEMÁFORO 260 / CRUZANDO A RUA NOVA DA CABANGA,CABANGA,COLISÃO,ENTRE 2 AUTOS. C/V,2,,,,,,,,,1,,,,,,,,,,,,,,,,,,
2018-03-31,23:56:00,COM VÍTIMA,FINALIZADA,TORREAO,RUA MARECHAL DEODORO,3,579,,EM FRENTE FESTANÇA RECEPÇÕES,RUA MARECHAL DEODORO,579,EM FRENTE FESTANÇA RECEPÇÕES,TORREÃO,COLISÃO,COLISÃO ENTRE DOIS AUTOS ONDE UM AUTO APOS A COLISÃO VEIO A CAPOTAR C/V,2,,,,,,,,,1,,,,,,,,,,,,,,,,,,
2018-04-01,04:18:00,COM VÍTIMA,FINALIZADA,BOA VISTA,AV CONDE DA BOA VISTA,0,,,EM FRENTE AO POSTO SHEL,AV CONDE DA BOA VISTA,,EM FRENTE AO POSTO SHEL,BOA VISTA,COLISÃO,COLISÃO ENTRE AUTO E MOTO C/V,1,1,,,,,,,,1,,,,,,,,,,,,,,,,,,
2018-04-01,04:52:00,COM VÍTIMA,FINALIZADA,ILHA DO RETIRO,RUA SPORT CLUBE DO RECIFE,0,,,EM FRENTE AO ESTÁDIO DO SPORT  SENTIDO BR,RUA SPORT CLUBE DO RECIFE,,EM FRENTE AO ESTÁDIO DO SPORT  SENTIDO BR,ILHA DO RETIRO,COLISÃO,COLISÃO ENTRE DOIS AUTOS C/V,2,,,,,,,,,1,,,,,,,,,,,,,,,,,,
2018-04-01,09:08:00,COM VÍTIMA,FINALIZADA,IMBIRIBEIRA,AV MARECHAL MASCARENHAS DE MORAES,0,,,SEM 570 SENTIDO SUB CID - AO LADO DO AEROPORTO,AV MARECHAL MASCARENHAS DE MORAES,,SEM 570 SENTIDO SUB CID - AO LADO DO AEROPORTO,IMBIRIBEIRA,COLISÃO,FORD ECOSPORT X MOTO 160 BROS,,,,,,,,,,2,,,,,,,,,,,,,,,,,,
2018-04-02,06:08:00,VÍTIMA FATAL,FINALIZADA,AFOGADOS,RUA VINTE E UM DE ABRIL,3,220,,PROX. A PIPOQUEIRA VENEZA,RUA VINTE E UM DE ABRIL,220,PROX. A PIPOQUEIRA VENEZA,AFOGADOS,COLISÃO,ONIBUS E DUAS MOTOS C/V,,2,,,,1,,,,1,1,,,,,,,,,,,,,,,,,
2018-04-02,12:14:00,COM VÍTIMA,FINALIZADA,AFOGADOS,RUA MOTOCOLOMBO,3,190,,EM FRENTE À IGREJA PRESBITERIANA,RUA MOTOCOLOMBO,190,EM FRENTE À IGREJA PRESBITERIANA,AFOGADOS,COLISÃO,AUTO E MOTO COM LESÕES,1,1,,,,,,,,1,,,,,,,,,,,,,,,,,,
2018-04-02,14:48:00,COM VÍTIMA,FINALIZADA,BONGI,AV ENGENHEIRO ABDIAS DE CARVALHO,0,,RUA BRANDÃO CAVALCANTI,COM A RUA BRANDAO CAVALCANTI / ESTACIONAMENTO DO LABORATORIO CERPE,AV ENGENHEIRO ABDIAS DE CARVALHO,,COM A RUA BRANDAO CAVALCANTI / ESTACIONAMENTO DO LABORATORIO CERPE,BONGI,COLISÃO,MOTO E AUTO,1,1,,,,,,,,1,,,,,,,,,,,,,,,,,,
2018-04-02,16:52:00,COM VÍTIMA,FINALIZADA,SAN MARTIN,AV ENGENHEIRO ABDIAS DE CARVALHO,3,S/N,,C/ AV. GENERAL SAN MARTIN,AV ENGENHEIRO ABDIAS DE CARVALHO,S/N,C/ AV. GENERAL SAN MARTIN,SAN MARTIN,COLISÃO,COLISÃO ENVOLVENDO CAMINHÃO E MOTOCICLETA COM VÍTIMA,,1,,,,,1,,,1,,,,,,,,,,,,,,,,,,
2018-04-02,19:51:00,COM VÍTIMA,FINALIZADA,BOA VIAGEM,RUA DHALIA,3,211,,E/F AO EDF PARADOR DE ARAGON,RUA DHALIA,211,E/F AO EDF PARADOR DE ARAGON,BOA VIAGEM,COLISÃO,ENTRE AUTO E MOTO. C/V,1,1,,,,,,,,1,,,,,,,,,,,,,,,,,,
2018-04-03,06:42:00,COM VÍTIMA,FINALIZADA,MADALENA,RUA PADRE TEOFILO TWORZ,3,295,,RUA DA FACULDADE NOVA ROMA,RUA PADRE TEOFILO TWORZ,295,RUA DA FACULDADE NOVA ROMA,MADALENA,COLISÃO,CAMINHAO E AUTO,1,,,,,,1,,,1,,,,,,,,,,,,,,,,,,
2018-04-03,09:14:00,COM VÍTIMA,FINALIZADA,BOA VISTA,RUA JOSE DE ALENCAR,3,555,,EM FRENTE DA MERCEARIA DO BRAZ,RUA JOSE DE ALENCAR,555,EM FRENTE DA MERCEARIA DO BRAZ,BOA VISTA,COLISÃO,COL.S/V,1,1,,,,,,,,1,,,,,,,,,,,,,,,,,,
2018-04-03,09:30:00,COM VÍTIMA,FINALIZADA,IMBIRIBEIRA,RUA ARQUITETO LUIZ NUNES,0,,,SEMAFORO 634 / SENT IPSEP,RUA ARQUITETO LUIZ NUNES,,SEMAFORO 634 / SENT IPSEP,IMBIRIBEIRA,COLISÃO,MOTO E AUTO,1,1,,,,,,,,1,,,,,,,,,,,,,,,,,,
2018-04-03,17:13:00,COM VÍTIMA,FINALIZADA,CAJUEIRO,AV SEBASTIAO SALAZAR,3,125,,PROX. AO BAR DA FAVA  FUNDAO,AV SEBASTIAO SALAZAR,125,PROX. AO BAR DA FAVA  FUNDAO,CAJUEIRO,COLISÃO,AUTO E MOTO C/V  MOTO NOVA SEM PLACA,1,1,,,,,,,,2,,,,,,,,,,,,,,,,,,