data,hora,natureza_acidente,situacao,bairro,endereco,,numero,detalhe_endereco_acidente,complemento,endereco_cruzamento,numero_cruzamento,referencia_cruzamento,bairro_cruzamento,tipo,descricao,auto,moto,ciclom,ciclista,pedestre,onibus,caminhao,viatura,outros,vitimas,vitimasfatais,num_semaforo,sentido_via,acidente_verificado,tempo_clima,situacao_semaforo,sinalizacao,condicao_via,conservacao_via,ponto_controle,situacao_placa,velocidade_max_via,mao_direcao,divisao_via1,divisao_via2,divisao_via3,_id,Protocolo
2018-04-03,18:25:00,COM VÍTIMA,FINALIZADA,BOA VIAGEM,AV CONSELHEIRO AGUIAR,3,597,,E/F A BOSS BARBEARIA  SNT PINA/ PRÓX A SUZUKI MOTOS,AV CONSELHEIRO AGUIAR,597,E/F A BOSS BARBEARIA  SNT PINA/ PRÓX A SUZUKI MOTOS,BOA VIAGEM,ATROPELAMENTO,ENTRE AUTO E PEDETRE. C/V,1,,,,1,,,,,1,,,,,,,,,,,,,,,,,,
2018-04-04,08:24:00,COM VÍTIMA,FINALIZADA,AFOGADOS,RUA SAO MIGUEL,4,1093,,AO LADO DO POSTO FEDERAL  SENTIDO SUBURBIO,RUA SAO MIGUEL,1093,AO LADO DO POSTO FEDERAL  SENTIDO SUBURBIO,AFOGADOS,COLISÃO,COLISÃO COM VITIMA,1,1,,,,,,,,2,,,,,,,,,,,,,,,,,,
2018-04-04,10:59:00,COM VÍTIMA,FINALIZADA,IBURA,AV DOIS RIOS,0,,,EM FRENTE A QUADRA DA UR 01 LADEIRA DA COAB,AV DOIS RIOS,,EM FRENTE A QUADRA DA UR 01 LADEIRA DA COAB,IBURA,COLISÃO,COLISÃO COM VITIMA GM QTH,1,1,,,,,,,,1,,,,,,,,,,,,,,,,,,
2018-04-04,12:59:00,COM VÍTIMA,FINALIZADA,CORDEIRO,EST DO FORTE DO ARRAIAL N. DO B. JESUS,4,1438,,E/F A CAPELINHA PROX AO CAMPO DO QUINZE,EST DO FORTE DO ARRAIAL N. DO B. JESUS,1438,E/F A CAPELINHA PROX AO CAMPO DO QUINZE,CORDEIRO,COLISÃO,COLISAO DE ONIBUS ESCOLAR E MOTO COM UMA VITIMA,,1,,,,1,,,,1,,,,,,,,,,,,,,,,,,
2018-04-04,14:40:00,COM VÍTIMA,FINALIZADA,BOA VIAGEM,RUA SA E SOUZA,3,154,,E/F A DROGASIL,RUA SA E SOUZA,154,E/F A DROGASIL,BOA VIAGEM,COLISÃO,COLISAO DE AUTO E MOTO COM UMA VITIMA,1,1,,,,,,,,1,,,,,,,,,,,,,,,,,,
2018-04-04,14:56:00,COM VÍTIMA,FINALIZADA,MORRO DA CONCEICAO,RUA ITACOATIARA,0,,,SUBIDA DO MORRO DA CONÇEIÇÃO,RUA ITACOATIARA,,SUBIDA DO MORRO DA CONÇEIÇÃO,MORRO DA CONCEIÇÃO,ATROPELAMENTO,,1,,,,1,,,,,1,,,,,,,,,,,,,,,,,,
2018-04-04,18:11:00,COM VÍTIMA,FINALIZADA,IPSEP,RUA ADERBAL DE MELO,3,135,RUA HELIO BRANDÃO,E/F A CHAMBARIL FEIJOADA DO JOÃO / CRUZANDO A R HELIO BRANDÃO,RUA ADERBAL DE MELO,135,E/F A CHAMBARIL FEIJOADA DO JOÃO / CRUZANDO A R HELIO BRANDÃO,IPSEP,COLISÃO,ENTRE AUTO E MOTO. C/V,1,1,,,,,,,,1,,,,,,,,,,,,,,,,,,
2018-04-04,19:02:00,COM VÍTIMA,FINALIZADA,IBURA,RUA JORNALISTA EDSON REGIS,0,,,PROX. AO HOTEL CRISTAL,RUA JORNALISTA EDSON REGIS,,PROX. AO HOTEL CRISTAL,IBURA,COLISÃO,COLISAO DE TÁXI E MOTO,1,1,,,,,,,,1,,,,,,,,,,,,,,,,,,
2018-04-04,20:23:00,COM VÍTIMA,FINALIZADA,IMBIRIBEIRA,AV MARECHAL MASCARENHAS DE MORAES,0,,,SENT SUB/CID - EM FRENTE À PRAÇA SALGADO FILHO,AV MARECHAL MASCARENHAS DE MORAES,,SENT SUB/CID - EM FRENTE À PRAÇA SALGADO FILHO,IMBIRIBEIRA,ATROPELAMENTO,PEDESTRE X HONDA-FAN 160,,1,,,1,,,,,2,,,,,,,,,,,,,,,,,,
2018-04-05,09:00:00,COM VÍTIMA,FINALIZADA,CAMPO GRANDE,EST DE BELEM,3,201,,PROX AO COLEGIO JESUS CRUCIFICADO,EST DE BELEM,201,PROX AO COLEGIO JESUS CRUCIFICADO,CAMPO GRANDE,COLISÃO,COLISAO DE AUTO E MOTO COM UMA VITIMA,1,1,,,,,,,,1,,,,,,,,,,,,,,,,,,
2018-04-05,13:41:00,COM VÍTIMA,FINALIZADA,CAXANGA,AV CAXANGA,0,,,EM FRENTE AO WALL MART - SENTIDO CIDADE,AV CAXANGA,,EM FRENTE AO WALL MART - SENTIDO CIDADE,CAXANGÁ,COLISÃO,MOTO E AUTO COM VÍTIMA,1,1,,,,,,,,1,,,,,,,,,,,,,,,,,,
2018-04-05,14:15:00,COM VÍTIMA,FINALIZADA,MADALENA,RUA BENFICA,0,,,APOS O MUSEU DA ABOLIÇAO E/F A GPCA,RUA BENFICA,,APOS O MUSEU DA ABOLIÇAO E/F A GPCA,MADALENA,COLISÃO,COLISAO DE AUTO E MOTO COM UMA VITIMA,1,1,,,,,,,,1,,,,,,,,,,,,,,,,,,
2018-04-05,14:40:00,COM VÍTIMA,FINALIZADA,BEBERIBE,AV BEBERIBE,0,,RUA DALVA DE OLIVEIRA,CRUZ COM A DALVA DE OLIVEIRA EM FRENTE AO SEST SENAT,AV BEBERIBE,,CRUZ COM A DALVA DE OLIVEIRA EM FRENTE AO SEST SENAT,BEBERIBE,COLISÃO,COLISÃO COM 1 VITIMA A ESPERA DO SAMU,1,1,,,,,,,,1,,,,,,,,,,,,,,,,,,
2018-04-06,09:42:00,COM VÍTIMA,FINALIZADA,SAN MARTIN,AV GENERAL SAN MARTIN,3,801,,PRÓXIMO DOS CORREIOS,AV GENERAL SAN MARTIN,801,PRÓXIMO DOS CORREIOS,SAN MARTIN,COLISÃO,COLISÃO ENTRE AUTO E MOTO,1,1,,,,,,,,1,,,,,,,,,,,,,,,,,,
2018-04-06,12:48:00,COM VÍTIMA,FINALIZADA,AFOGADOS,RUA SAO MIGUEL,3,443,,LOGO APOS A RUA SAO MIGUEL EM FRENTE AO POSTO AEREO COBUSTIVEL,RUA SAO MIGUEL,443,LOGO APOS A RUA SAO MIGUEL EM FRENTE AO POSTO AEREO COBUSTIVEL,AFOGADOS,COLISÃO,COLISAO ENTRE AUTO E MOTO COM VITIMA,1,1,,,,,,,,1,,,,,,,,,,,,,,,,,,
2018-04-06,17:46:00,COM VÍTIMA,FINALIZADA,JORDAO,AV CENTENARIO ALBERTO SANTOS DUMONT,0,,,NA ENTRADA DO TÚNEL DO JORDÃO,AV CENTENARIO ALBERTO SANTOS DUMONT,,NA ENTRADA DO TÚNEL DO JORDÃO,JORDÃO,COLISÃO,COLISÃO COM VÍTIMA,1,1,,,,,,,,1,,,,,,,,,,,,,,,,,,
2018-04-06,21:08:00,COM VÍTIMA,FINALIZADA,NOVA DESCOBERTA,RUA CORREGO DA AREIA,0,,,ANTES DA SUBIDA DA BETINHA,RUA CORREGO DA AREIA,,ANTES DA SUBIDA DA BETINHA,NOVA DESCOBERTA,COLISÃO,CLISÃO S/V,1,1,,,,,,,,1,,,,,,,,,,,,,,,,,,
2018-04-07,03:00:00,COM VÍTIMA,FINALIZADA,GRACAS,RUA JOAQUIM NABUCO,0,,,PRÓXIMO A PONTE DA CAPUNGA // PRÓX A UNINASSAU,RUA JOAQUIM NABUCO,,PRÓXIMO A PONTE DA CAPUNGA // PRÓX A UNINASSAU,GRAÇAS,CHOQUE,VEÍCULO CHOCOU-SE CONTRA O MURO DE UMA RESIDÊNCIA APÓS FURAR BLOQUEIO DA OPERAÇÃO LEI SECA.,1,,,,,,,,,1,,,,,,,,,,,,,,,,,,
2018-04-07,18:11:00,COM VÍTIMA,FINALIZADA,IMBIRIBEIRA,AV MARECHAL MASCARENHAS DE MORAES,0,,,AO LADO DA MARAVILHA MOTOS,AV MARECHAL MASCARENHAS DE MORAES,,AO LADO DA MARAVILHA MOTOS,IMBIRIBEIRA,COLISÃO,ACIDENTE ATIPICO ENVOLVENDO ALTO E MOTOCICLETA  ACIDENTE FLAGRADO PELO VIDEO MONITORAMENTO,1,1,,,,,,,,2,,,,,,,,,,,,,,,,,,
2018-04-08,13:52:00,COM VÍTIMA,FINALIZADA,CASA FORTE,RUA LEONARDO BEZERRA CAVALCANTE,0,,,PROX. AO SHOPPING PALAZA E A MC DONALDS,RUA LEONARDO BEZERRA CAVALCANTE,,PROX. AO SHOPPING PALAZA E A MC DONALDS,CASA FORTE,COLISÃO,AUTO E MOTO,1,1,,,,,,,,1,,,,,,,,,,,,,,,,,,
2018-04-08,16:39:00,COM VÍTIMA,FINALIZADA,AGUA FRIA,RUA JOAO UZEDA LUNA,0,,,PROX. LOJA TROPICAL,RUA JOAO UZEDA LUNA,,PROX. LOJA TROPICAL,ÁGUA FRIA,COLISÃO,AUTO E MOTO C/V,1,1,,,,,,,,1,,,,,,,,,,,,,,,,,,
2018-04-08,18:20:00,COM VÍTIMA,FINALIZADA,CASA AMARELA,RUA DA HARMONIA,3,785,,ANTES DO SEMÁFORO QUE CRUZA A EST DO ENCANAMENTO / E/F A HANDS BELEZA E ACADEMIA ACTIVE,RUA DA HARMONIA,785,ANTES DO SEMÁFORO QUE CRUZA A EST DO ENCANAMENTO / E/F A HANDS BELEZA E ACADEMIA ACTIVE,CASA AMARELA,COLISÃO,ENTRE AUTO E MOTO. C/V,1,1,,,,,,,,1,,,,,,,,,,,,,,,,,,
2018-04-09,06:16:00,COM VÍTIMA,FINALIZADA,PAISSANDU,RUA PAISSANDU,0,,,EM FRENTE AO HOSPITAL CAPIBARIBE E AO LADO DO HOSPITAL SÃO MARCOS,RUA PAISSANDU,,EM FRENTE AO HOSPITAL CAPIBARIBE E AO LADO DO HOSPITAL SÃO MARCOS,PAISSANDU,COLISÃO,COM VITIMA,1,1,,,,,,,,1,,,,,,,,,,,,,,,,,,
2018-04-09,10:45:00,COM VÍTIMA,FINALIZADA,SANTO AMARO,AV NORTE,0,,,EM FRENTE A TVU SENT/PREFEITURA,AV NORTE,,EM FRENTE A TVU SENT/PREFEITURA,SANTO AMARO,COLISÃO,COM UMA VITIMA,1,1,,,,,,,,1,,,,,,,,,,,,,,,,,,
2018-04-09,10:56:00,COM VÍTIMA,FINALIZADA,IMBIRIBEIRA,RUA ITAJAI,3,408,,EM FRENTE AO EDF/ MAURICEIA,RUA ITAJAI,408,EM FRENTE AO EDF/ MAURICEIA,IMBIRIBEIRA,COLISÃO,COL.C/V SET.MASCARENHA,2,,,,,,,,,2,,,,,,,,,,,,,,,,,,
2018-04-09,14:07:00,COM VÍTIMA,FINALIZADA,IPSEP,RUA JEAN EMILE FAVRE,0,,,INF A FACULDADE BOA VIAGEM,RUA JEAN EMILE FAVRE,,INF A FACULDADE BOA VIAGEM,IPSEP,COLISÃO,COLISAO DE AUTO E MOTO COM UMA VITIMA,1,1,,,,,,,,1,,,,,,,,,,,,,,,,,,
2018-04-09,17:42:00,COM VÍTIMA,FINALIZADA,PINA,AV HERCULANO BANDEIRA,0,,,AV DOMINGOS FERREIRA,AV HERCULANO BANDEIRA,,AV DOMINGOS FERREIRA,PINA,COLISÃO,FUSCA X MOTO,1,1,,,,,,,,1,,,,,,,,,,,,,,,,,,
2018-04-09,20:40:00,COM VÍTIMA,FINALIZADA,CAXANGA,AV CAXANGA,3,S/N,,EM FRENTE AO GOLF CLUBE,AV CAXANGA,S/N,EM FRENTE AO GOLF CLUBE,CAXANGÁ,COLISÃO,,1,1,,,,,,,,1,,,,,,,,,,,,,,,,,,
2018-04-10,14:22:00,COM VÍTIMA,FINALIZADA,AREIAS,AV RECIFE,0,,,EM FRENTE A GALETUS  SENTIDO IMBIRIBEIRA,AV RECIFE,,EM FRENTE A GALETUS  SENTIDO IMBIRIBEIRA,AREIAS,COLISÃO,AUTO E MOTO DO EB,1,1,,,,,,,,1,,,,,,,,,,,,,,,,,,
2018-04-10,17:59:00,COM VÍTIMA,FINALIZADA,CORDEIRO,RUA MAURICIO DE NASSAU,0,,,E/F AO PARQUE CAIARA  SNT IPUTINGA / PRÓX A LOMBADA ELETRÔNICA,RUA MAURICIO DE NASSAU,,E/F AO PARQUE CAIARA  SNT IPUTINGA / PRÓX A LOMBADA ELETRÔNICA,CORDEIRO,COLISÃO,ENTRE AUTO E MOTO. C/V,1,1,,,,,,,,2,,,,,,,,,,,,,,,,,,
2018-04-10,18:49:00,COM VÍTIMA,FINALIZADA,VASCO DA GAMA,RUA VASCO DA GAMA,3,S/N,,E/F AO SESI DO VASCO / PRÓX A DELIVERY,RUA VASCO DA GAMA,S/N,E/F AO SESI DO VASCO / PRÓX A DELIVERY,VASCO DA GAMA,COLISÃO,ENTRE AUTO E MOTO. C/V,1,,1,,,,,,,1,,,,,,,,,,,,,,,,,,
2018-04-10,20:05:00,COM VÍTIMA,FINALIZADA,SANTO AMARO,RUA DO POMBAL,0,,,EM FRENTE A ESCOLA ANIBAL FERNANDES  PROX DO IML,RUA DO POMBAL,,EM FRENTE A ESCOLA ANIBAL FERNANDES  PROX DO IML,SANTO AMARO,COLISÃO,COLISÃO ENTRE DUAS MOTOS C/V,,2,,,,,,,,1,,,,,,,,,,,,,,,,,,
2018-04-10,20:10:00,COM VÍTIMA,FINALIZADA,BOA VIAGEM,AV CELSO FURTADO,0,,,POR CIMA DO VIADUTO  SNT AEROPORTO / POR TRÁS DO SUPERMERCADO BOMPREÇO,AVENIDA CELSO FURTADO (VIA MANGUE),,POR CIMA DO VIADUTO  SNT AEROPORTO / POR TRÁS DO SUPERMERCADO BOMPREÇO,BOA VIAGEM,COLISÃO,ENTRE AUTO E MOTO. C/V,1,1,,,,,,,,1,,,,,,,,,,,,,,,,,,
2018-04-11,05:23:00,COM VÍTIMA,FINALIZADA,ILHA DO LEITE,RUA PAISSANDU,0,,,AO LADO DA HAPIVIDA CAPIBARIBE/ HOSPITAL SÃO MARCOS,RUA PAISSANDU,,AO LADO DA HAPIVIDA CAPIBARIBE/ HOSPITAL SÃO MARCOS,ILHA DO LEITE,CHOQUE,VEÍCULO CHOCOU-SE CONTRA GELO-BAIANO,1,,,,,,,,,3,,,,,,,,,,,,,,,,,,
2018-04-11,10:45:00,COM VÍTIMA,FINALIZADA,IMBIRIBEIRA,AV PRESIDENTE DUTRA,3,451,,NA FRENTE DO SAL E BRASA,AV PRESIDENTE DUTRA,451,NA FRENTE DO SAL E BRASA,IMBIRIBEIRA,COLISÃO,COLISÃO COM VITIMA/ A VITIMA UM TAXISTA  O MESMO JA FOI SOCORRIDO O CONDUTOR DO ONIBUS SE EVADIU DO LOCAL.,1,,,,,1,,,,1,,,,,,,,,,,,,,,,,,
2018-04-11,15:18:00,COM VÍTIMA,FINALIZADA,DERBY,AV GOVERNADOR AGAMENON MAGALHAES,0,,,EM FRENTE A RESTAURAÇÃO/ PISTA LOCAL/ SENTIDO BOA VIAGEM,AV GOVERNADOR AGAMENON MAGALHAES,,EM FRENTE A RESTAURAÇÃO/ PISTA LOCAL/ SENTIDO BOA VIAGEM,DERBY,COLISÃO,COLISÃO COM VÍTIMA,1,1,,,,,,,,1,,,,,,,,,,,,,,,,,,
2018-04-11,15:23:00,COM VÍTIMA,FINALIZADA,CASA AMARELA,RUA PADRE LEMOS,0,,,SEMAFORO 404,RUA PADRE LEMOS,,SEMAFORO 404,CASA AMARELA,ATROPELAMENTO,MOTO E PEDESTRE,,1,,,1,,,,,1,,,,,,,,,,,,,,,,,,
2018-04-11,18:20:00,COM VÍTIMA,FINALIZADA,ENCRUZILHADA,AV NORTE,4,2577,,EM FRENTE A JACAUNA DECORAÇÕES  SENT. SUBURBIO,AV NORTE,2577,EM FRENTE A JACAUNA DECORAÇÕES  SENT. SUBURBIO,ENCRUZILHADA,COLISÃO,AUTO E MOTO,1,1,,,,,,,,1,,,,,,,,,,,,,,,,,,
2018-04-11,22:40:00,COM VÍTIMA,FINALIZADA,BEBERIBE,AV BEBERIBE,4,3620,,E/F AO SEST SENAC  SNT OLINDA,AV BEBERIBE,3620,E/F AO SEST SENAC  SNT OLINDA,BEBERIBE,COLISÃO,ENTRE AUTO E MOTO. C/V,1,1,,,,,,,,1,,,,,,,,,,,,,,,,,,
2018-04-12,07:42:00,COM VÍTIMA,FINALIZADA,PINA,AV CONSELHEIRO AGUIAR,0,,,RUA SOUTO FILHO,AV CONSELHEIRO AGUIAR,,RUA SOUTO FILHO,PINA,ATROPELAMENTO,ATROPELAMENTO DE ESTUDANTE,1,,,,1,,,,,1,,,,,,,,,,,,,,,,,,
2018-04-12,08:11:00,COM VÍTIMA,FINALIZADA,ENCRUZILHADA,RUA PROFESSOR JERONIMO GUEIROS,3,211,,RESIDENCIA PROX AO ARMAZEM FERREIRA PINTO SENTIDO ESTRADA DE BELEM,RUA PROFESSOR JERONIMO GUEIROS,211,RESIDENCIA PROX AO ARMAZEM FERREIRA PINTO SENTIDO ESTRADA DE BELEM,ENCRUZILHADA,COLISÃO,COLISÃO COM 1 VITIMA,1,1,,,,,,,,1,,,,,,,,,,,,,,,,,,
2018-04-12,08:58:00,COM VÍTIMA,FINALIZADA,IMBIRIBEIRA,RUA CONEGO LIRA,4,1288,,EM FRENTE DA BATERIAS MOURAS,RUA CONEGO LIRA,1288,EM FRENTE DA BATERIAS MOURAS,IMBIRIBEIRA,COLISÃO,COL.C/V SET..AEROPORTO,1,1,,,,,,,,1,,,,,,,,,,,,,,,,,,
2018-04-12,12:13:00,COM VÍTIMA,FINALIZADA,VARZEA,RUA ACADEMICO HELIO RAMOS,0,,,E/F DA GERENCIA REGIONAL DE EDUCAÇÃO,RUA ACADEMICO HELIO RAMOS,,E/F DA GERENCIA REGIONAL DE EDUCAÇÃO,VÁRZEA,COLISÃO,COLISAO DE MOTO E AUTO COM UMA VITIMA,1,1,,,,,,,,1,,,,,,,,,,,,,,,,,,
2018-04-12,00:00:00,COM VÍTIMA,FINALIZADA,BOA VIAGEM,RUA VISCONDE DE JEQUITINHONHA,3,850,,EDF. CAPITULINA  NO SEMAFORO 158,RUA VISCONDE DE JEQUITINHONHA,850,EDF. CAPITULINA  NO SEMAFORO 158,BOA VIAGEM,COLISÃO,MOTO E AUTO,1,1,,,,,,,,1,,,,,,,,,,,,,,,,,,
2018-04-12,16:37:00,COM VÍTIMA,FINALIZADA,PORTO DA MADEIRA,AV BEBERIBE,0,,,EM FRENTE SUVINIR,AV BEBERIBE,,EM FRENTE SUVINIR,PORTO DA MADEIRA,COLISÃO,AUTO E MOTO,1,1,,,,,,,,1,,,,,,,,,,,,,,,,,,
2018-04-12,18:13:00,VÍTIMA FATAL,FINALIZADA,SANTO ANTONIO,RUA DO LIVRAMENTO,0,,RUA NOSSA SENHORA DO CARMO,NO CRUZAMENTO DA RUA NOSSA SENHORA DO CARMO/E/F A CASAS LEO,RUA DO LIVRAMENTO,,NO CRUZAMENTO DA RUA NOSSA SENHORA DO CARMO/E/F A CASAS LEO,SANTO ANTÔNIO,COLISÃO,COLISÃO C/V NA FAIXA DE PEDESTRE,,1,,,,,,,,1,1,,,,,,,,,,,,,,,,,
2018-04-13,07:56:00,COM VÍTIMA,FINALIZADA,IMBIRIBEIRA,AV MARECHAL MASCARENHAS DE MORAES,3,533,,EM FRENTE A CORPEGAS/ SENTIDO CIDADE,AV MARECHAL MASCARENHAS DE MORAES,533,EM FRENTE A CORPEGAS/ SENTIDO CIDADE,IMBIRIBEIRA,COLISÃO,COLISÃO SEM VÍTIMA,3,,,,,,,,,1,,,,,,,,,,,,,,,,,,
2018-04-13,11:26:00,COM VÍTIMA,FINALIZADA,TEJIPIO,AV DR JOSE RUFINO,0,,,EM FRENTE AO ARMAZEM CORAL/ SENTIDO JABOATÃO,AV DR JOSE RUFINO,,EM FRENTE AO ARMAZEM CORAL/ SENTIDO JABOATÃO,TEJIPIÓ,COLISÃO,COLISÃO COM VÍTIMA,,1,,,,,,,,2,,,,,,,,,,,,,,,,,,
2018-04-13,12:36:00,COM VÍTIMA,FINALIZADA,IPSEP,AV RECIFE,0,,,EM FRENTE A PIZZARIA ATLÂNTICO/ SENTIDO CDU,AV RECIFE,,EM FRENTE A PIZZARIA ATLÂNTICO/ SENTIDO CDU,IPSEP,COLISÃO,COLISÃO COM VÍTIMA,1,1,,,,,,,,1,,,,,,,,,,,,,,,,,,
2018-04-14,06:38:00,COM VÍTIMA,FINALIZADA,CAXANGA,AV CAXANGA,0,,,C/ R. RIBEIRO PESSOA PRÓXIMO A UPA,AV CAXANGA,,C/ R. RIBEIRO PESSOA PRÓXIMO A UPA,CAXANGÁ,COLISÃO,DUAS MOTOS,,,,,,,,,,3,,,,,,,,,,,,,,,,,,
2018-04-14,08:29:00,COM VÍTIMA,FINALIZADA,CAXANGA,AV CAXANGA,0,,,SOBRE O VIADUTO DO BRT  SENTIDO CIDADE NA FRENTE DO BARÃO DE LUCENA,AV CAXANGA,,SOBRE O VIADUTO DO BRT  SENTIDO CIDADE NA FRENTE DO BARÃO DE LUCENA,CAXANGÁ,COLISÃO COM CICLISTA,COLISÃO COM VITIMA  CICLISTA,,,,1,,1,,,,1,,,,,,,,,,,,,,,,,,
2018-04-14,12:21:00,COM VÍTIMA,FINALIZADA,CASA AMARELA,RUA PADRE LEMOS,0,,,EM FRENTE AO MERCADINHO CANELA,RUA PADRE LEMOS,,EM FRENTE AO MERCADINHO CANELA,CASA AMARELA,COLISÃO,COLISÃO COM VÍTIMA,,1,1,,,,,,,2,,,,,,,,,,,,,,,,,,
2018-04-14,12:24:00,COM VÍTIMA,FINALIZADA,CASA AMARELA,RUA PADRE LEMOS,3,767,,EM FRENTE AO POSTO DE GASOLINA BR  NA BACIA DO VASCO,RUA PADRE LEMOS,767,EM FRENTE AO POSTO DE GASOLINA BR  NA BACIA DO VASCO,CASA AMARELA,COLISÃO,AUTO E MOTO,1,1,,,,,,,,1,,,,,,,,,,,,,,,,,,
2018-04-14,12:55:00,COM VÍTIMA,FINALIZADA,BOA VIAGEM,RUA ANTONIO FALCAO,0,,RUA EDSON RAMALHO,COM A RUA EDSON A.RAMALHO E/F A NIL MOVEIS PLANEJADOS NO SEMAFORO 648,RUA ANTONIO FALCAO,,COM A RUA EDSON A.RAMALHO E/F A NIL MOVEIS PLANEJADOS NO SEMAFORO 648,BOA VIAGEM,COLISÃO,COLISAO DE AUTO E MOTO COM UMA VITIMA,1,1,,,,,,,,1,,,,,,,,,,,,,,,,,,
2018-04-14,14:48:00,COM VÍTIMA,FINALIZADA,BOA VIAGEM,RUA PROFESSOR AUGUSTO LINS E SILVA,2,62,,PROX. A PADARIA ALEM DO PAO  SENTIDO AV.BOA VIAGEM,RUA PROFESSOR AUGUSTO LINS E SILVA,62,PROX. A PADARIA ALEM DO PAO  SENTIDO AV.BOA VIAGEM,BOA VIAGEM,COLISÃO,AUTO E MOTO,1,1,,,,,,,,1,,,,,,,,,,,,,,,,,,
2018-04-14,18:04:00,COM VÍTIMA,FINALIZADA,ARRUDA,RUA MARQUES DE BAIPENDI,0,,,PROX. COCA COLA DO ARRUDA,RUA MARQUES DE BAIPENDI,,PROX. COCA COLA DO ARRUDA,ARRUDA,COLISÃO,COLISAO C/V,1,1,,,,,,,,1,,,,,,,,,,,,,,,,,,
2018-04-15,12:00:00,COM VÍTIMA,FINALIZADA,TEJIPIO,AV DR JOSE RUFINO,0,,,EM FRENTE A ESCOLA ALBERTO TORRES,AV DR JOSE RUFINO,,EM FRENTE A ESCOLA ALBERTO TORRES,TEJIPIÓ,COLISÃO,COLISÃO 2 AUTOS COM VITIMA,,,,,,,,,,1,,,,,,,,,,,,,,,,,,
2018-04-16,05:32:00,COM VÍTIMA,FINALIZADA,AGUA FRIA,AV ANIBAL BENEVOLO,0,,,PRÓXIMO AO NÚMERO 1012,AV ANIBAL BENEVOLO,,PRÓXIMO AO NÚMERO 1012,ÁGUA FRIA,COLISÃO,,,2,,,,,,,,3,,,,,,,,,,,,,,,,,,
2018-04-16,06:28:00,COM VÍTIMA,FINALIZADA,PRADO,RUA JOAO IVO DA SILVA,0,,AV ENG ABDIAS DE CARVALHO,CRUZ COM A ABDIAS DE CARVALHO EM FRENTE AO POSTO DE GASOLINA BR,RUA JOAO IVO DA SILVA,,CRUZ COM A ABDIAS DE CARVALHO EM FRENTE AO POSTO DE GASOLINA BR,PRADO,COLISÃO,COLISÃO COM VITIMA,1,1,,,,,,,,1,,,,,,,,,,,,,,,,,,
2018-04-16,09:31:00,COM VÍTIMA,FINALIZADA,SANTO AMARO,AV NORTE,0,,RUA DA AURORA,CRUZ COM A RUA DA AURORA,AV NORTE,,CRUZ COM A RUA DA AURORA,SANTO AMARO,COLISÃO,COLISÃO COM 1 VITIMA BT VITALINO QTH,2,,,,,,,,,1,,,,,,,,,,,,,,,,,,
2018-04-16,09:51:00,COM VÍTIMA,FINALIZADA,SANTO AMARO,AV GOVERNADOR AGAMENON MAGALHAES,0,,,SENTIDO OLINDA EM FRENTE AO SHOPPING TACARUNA,AV GOVERNADOR AGAMENON MAGALHAES,,SENTIDO OLINDA EM FRENTE AO SHOPPING TACARUNA,SANTO AMARO,COLISÃO,COLISÃO COM VITIMA A ESPERA DO SAMU,1,2,,,,,,,,1,,,,,,,,,,,,,,,,,,
2018-04-16,12:15:00,COM VÍTIMA,FINALIZADA,BOA VIAGEM,AV CONSELHEIRO AGUIAR,4,3572,,E/F A GALERIA CORTA JACA,AV CONSELHEIRO AGUIAR,3572,E/F A GALERIA CORTA JACA,BOA VIAGEM,COLISÃO,COLISAO ENTRE ONIBUS E AUTO C/V  A VITIMA FOI SOCORRIDA POR TERCEIROS,1,,,,,1,,,,1,,,,,,,,,,,,,,,,,,
2018-04-16,12:34:00,COM VÍTIMA,FINALIZADA,IMBIRIBEIRA,AV MARECHAL MASCARENHAS DE MORAES,0,,,E/F AO FORUM DO JUIZADO ESPECIAL S/T CIDADE,AV MARECHAL MASCARENHAS DE MORAES,,E/F AO FORUM DO JUIZADO ESPECIAL S/T CIDADE,IMBIRIBEIRA,COLISÃO,COLISAO ENTRE MOTO E AUTO COM UMA VITIMA,1,1,,,,,,,,1,,,,,,,,,,,,,,,,,,
2018-04-16,12:50:00,VÍTIMA FATAL,FINALIZADA,MACAXEIRA,RUA TEREZA CARNEIRO,0,,,EM FRENTE AO POSTO DE SAÚDE DO CORREGO DO EUCALIPTO,RUA TEREZA CARNEIRO,,EM FRENTE AO POSTO DE SAÚDE DO CORREGO DO EUCALIPTO,MACAXEIRA,ATROPELAMENTO,ATROPELAMENTO ÔNIBUS E PEDESTRE,,,,,1,1,,,,,1,,,,,,,,,,,,,,,,,
2018-04-16,14:25:00,COM VÍTIMA,FINALIZADA,BREJO DA GUABIRABA,AV NORTE,0,,,NA SAIDA DA INTEGRAÇAO DA MACAXEIRA PRIMEIRA PARADA DA AV NORTE S/T CID,AV NORTE,,NA SAIDA DA INTEGRAÇAO DA MACAXEIRA PRIMEIRA PARADA DA AV NORTE S/T CID,BREJO DA GUABIRABA,COLISÃO,COLISAO ENTRE ONIBUS E MOTO COM DUAS VITIMAS,,1,,,,,,,,2,,,,,,,,,,,,,,,,,,
2018-04-16,18:45:00,COM VÍTIMA,FINALIZADA,AFOGADOS,RUA SAO MIGUEL,3,685,,NO SEMAFORO 391  EM FRENTE AO COLEGIO PAN AMERICANO,RUA SAO MIGUEL,685,NO SEMAFORO 391  EM FRENTE AO COLEGIO PAN AMERICANO,AFOGADOS,ATROPELAMENTO,AUTO E PEDESTRE  BATEDOR- MOTO 20 E 04 NO LOCAL,1,,,,1,,,,,1,,,,,,,,,,,,,,,,,,
2018-04-16,20:16:00,COM VÍTIMA,FINALIZADA,IPUTINGA,RUA MAURICIO DE NASSAU,3,130,,APÓS A LOMBADA ELETRÔNICA E AO LADO DO EDF SOLAR GENIPABU / SNT BR,RUA MAURICIO DE NASSAU,130,APÓS A LOMBADA ELETRÔNICA E AO LADO DO EDF SOLAR GENIPABU / SNT BR,IPUTINGA,COLISÃO,ENTRE MOTO E ÔNIBUS. C/V,,1,,,,1,,,,1,,,,,,,,,,,,,,,,,,
2018-04-16,23:29:00,COM VÍTIMA,FINALIZADA,IBURA,RUA RIO PAJEU,0,,AV DOIS RIOS,SEMÁFORO 325 / CRUZ COM A AV DOIS RIOS,RUA RIO PAJEU,,SEMÁFORO 325 / CRUZ COM A AV DOIS RIOS,IBURA,COLISÃO,ENTRE AUTO E MOTO. C/V,1,1,,,,,,,,1,,,,,,,,,,,,,,,,,,
2018-04-17,07:30:00,COM VÍTIMA,FINALIZADA,SAO JOSE,AV SUL,4,1180,,PROX. A OFICINA DO ABELARDO,AV SUL,1180,PROX. A OFICINA DO ABELARDO,SÃO JOSÉ,COLISÃO,COLISÃO COM VITIMA,1,1,,,,,,,,1,,,,,,,,,,,,,,,,,,