data,hora,natureza_acidente,situacao,bairro,endereco,,numero,detalhe_endereco_acidente,complemento,endereco_cruzamento,numero_cruzamento,referencia_cruzamento,bairro_cruzamento,tipo,descricao,auto,moto,ciclom,ciclista,pedestre,onibus,caminhao,viatura,outros,vitimas,vitimasfatais,num_semaforo,sentido_via,acidente_verificado,tempo_clima,situacao_semaforo,sinalizacao,condicao_via,conservacao_via,ponto_controle,situacao_placa,velocidade_max_via,mao_direcao,divisao_via1,divisao_via2,divisao_via3,_id,Protocolo
2018-04-17,07:55:00,COM VÍTIMA,FINALIZADA,CAXANGA,AV CAXANGA,4,3372,,AO LADO DO BANCO SANTENDER   SNTIDO CAMARAGIBE,AV CAXANGA,3372,AO LADO DO BANCO SANTENDER   SNTIDO CAMARAGIBE,CAXANGÁ,COLISÃO COM CICLISTA,ATROPELAMENTO A UM CICLISTA,,,,1,,1,,,,1,,,,,,,,,,,,,,,,,,
2018-04-17,07:57:00,COM VÍTIMA,FINALIZADA,ILHA DO LEITE,PRC MIGUEL DE CERVANTES,0,,,ESCOLA POETA MANOEL BANDEIRA,PRC MIGUEL DE CERVANTES,,ESCOLA POETA MANOEL BANDEIRA,ILHA DO LEITE,COLISÃO,COLISÃO COM VITIMA,1,,1,,,,,,,1,,,,,,,,,,,,,,,,,,
2018-04-17,10:42:00,COM VÍTIMA,FINALIZADA,CASA FORTE,AV DEZESSETE DE AGOSTO,0,,,AO LADO DO RESTAURANTE RECANTO PARAIBANO,AV DEZESSETE DE AGOSTO,,AO LADO DO RESTAURANTE RECANTO PARAIBANO,CASA FORTE,COLISÃO,COL.C/V SET.CD   GM JA NO LOCAL,1,1,,,,,,,,1,,,,,,,,,,,,,,,,,,
2018-04-17,16:10:00,COM VÍTIMA,FINALIZADA,IPSEP,AV RECIFE,4,2964,,EM FRENTE AO POSTO DE GASOLINA FEDERAL,AV RECIFE,2964,EM FRENTE AO POSTO DE GASOLINA FEDERAL,IPSEP,COLISÃO,COLISÃO COM VITIMA A ESPERA DO SAMU,1,1,,,,,,,,1,,,,,,,,,,,,,,,,,,
2018-04-15,16:10:00,COM VÍTIMA,FINALIZADA,BEBERIBE,RUA TAGUATINGA,2,41,,BAR DO EDUARDO,RUA TAGUATINGA,41,BAR DO EDUARDO,BEBERIBE,CHOQUE,CAMINHÃO PERDEU O CONTROLE  HOUVE UM CHOQUE COM O POSTE E ENTROU DENTRO DO BAR DO EDUARDO PROVOCANDO O ACIDENTE COM 3 VÍTIMAS,,,,,,,1,,,3,,,,,,,,,,,,,,,,,,
2018-04-17,18:11:00,COM VÍTIMA,FINALIZADA,PRADO,RUA GOMES TABORDA,0,,,PRÓXIMO AO BAILE PERFUMADO,RUA GOMES TABORDA,,PRÓXIMO AO BAILE PERFUMADO,PRADO,CAPOTAMENTO,CAPOTAMENTO DE VEÍCULO,1,,,,,,1,,,1,,,,,,,,,,,,,,,,,,
2018-04-17,19:03:00,COM VÍTIMA,FINALIZADA,ESPINHEIRO,RUA DO ESPINHEIRO,0,,RUA SANTO ELIAS,CRUZ COM A R SANTO ELIAS / PRÓX AO BANCO TEXACO,RUA DO ESPINHEIRO,,CRUZ COM A R SANTO ELIAS / PRÓX AO BANCO TEXACO,ESPINHEIRO,COLISÃO,ENTRE AUTO E MOTO. C/V,1,1,,,,,,,,1,,,,,,,,,,,,,,,,,,
2018-04-17,22:11:00,COM VÍTIMA,FINALIZADA,PINA,AV ENGENHEIRO DOMINGOS FERREIRA,6,1818 -,,E/F AO SUPERMERCADO EXTRA  SNT PINA/PIEDADE,AV ENGENHEIRO DOMINGOS FERREIRA,1818 -,E/F AO SUPERMERCADO EXTRA  SNT PINA/PIEDADE,PINA,COLISÃO,ENTRE AUTO E MOTO. C/V,1,1,,,,,,,,1,,,,,,,,,,,,,,,,,,
2018-04-18,07:20:00,COM VÍTIMA,FINALIZADA,PARNAMIRIM,RUA DA HARMONIA,0,,,EM FRENTE AO SUPERMERCADO VERD FRUT,RUA DA HARMONIA,,EM FRENTE AO SUPERMERCADO VERD FRUT,PARNAMIRIM,ATROPELAMENTO,PEDESTRE A ESPERA DO SAMU,1,,,,1,,,,,1,,,,,,,,,,,,,,,,,,
2018-04-18,10:02:00,COM VÍTIMA,FINALIZADA,AFOGADOS,RUA SAO MIGUEL,4,1140,,AO LADO DA CHINE IN BOX,RUA SAO MIGUEL,1140,AO LADO DA CHINE IN BOX,AFOGADOS,COLISÃO,COLISAO ENTRE AUTO E MOTO COM UMA VITIMA VT 18 NO LOCAL,1,1,,,,,,,,1,,,,,,,,,,,,,,,,,,
2018-04-18,11:04:00,COM VÍTIMA,FINALIZADA,BOA VIAGEM,RUA FELIX DE BRITO E MELO,0,,RUA DOS NAVEGANTES,CRUZ COM A RUA DOS NAVEGANTES EM FRENTE AO EDIFICIO 14 BIS,RUA FELIX DE BRITO E MELO,,CRUZ COM A RUA DOS NAVEGANTES EM FRENTE AO EDIFICIO 14 BIS,BOA VIAGEM,CAPOTAMENTO,COLISÃO EM SEGUIDA DE CAPOTAMENTO VITIMA A ESPERA DO SAMU,2,,,,,,,,,1,,,,,,,,,,,,,,,,,,
2018-04-18,16:24:00,COM VÍTIMA,FINALIZADA,SANTO AMARO,AV CRUZ CABUGA,0,,,EM FRENTE AO HOSPITAL DO CANCER,AV CRUZ CABUGA,,EM FRENTE AO HOSPITAL DO CANCER,SANTO AMARO,ATROPELAMENTO,AUTO E PEDESTRE,1,,,,1,,,,,1,,,,,,,,,,,,,,,,,,
2018-04-18,19:36:00,COM VÍTIMA,FINALIZADA,SANTO AMARO,AV CRUZ CABUGA,0,,,E/F AO HOSPITAL NAVAL DE RECIFE (( OU HOSPITAL DA MARINHA )) SNT OLINDA,AV CRUZ CABUGA,,E/F AO HOSPITAL NAVAL DE RECIFE (( OU HOSPITAL DA MARINHA )) SNT OLINDA,SANTO AMARO,COLISÃO,ENTRE AUTO E MOTO. C/V,1,1,,,,,,,,1,,,,,,,,,,,,,,,,,,
2018-04-19,08:57:00,COM VÍTIMA,FINALIZADA,IBURA,AV RECIFE,0,,AV DOM HELDER CAMARA,CRUZAMENTO COM A AV DOM HELDER CÂMARA,AV RECIFE,,CRUZAMENTO COM A AV DOM HELDER CÂMARA,IBURA,ATROPELAMENTO,MOTO E PEDESTRE - VÍTIMA SOCORRIDA PELO SANU,,1,,,1,,,,,1,,,,,,,,,,,,,,,,,,
2018-04-19,09:40:00,COM VÍTIMA,FINALIZADA,IBURA,AV RECIFE,0,,AV DOM HELDER CAMARA,CRUZAMENTO COM A AV DOM HELDER CÂMARA,AV RECIFE,,CRUZAMENTO COM A AV DOM HELDER CÂMARA,IBURA,ATROPELAMENTO,MOTO E PEDESTRE - VÍTIMA SOCORRIDA PELO SANU,,1,,,1,,,,,1,,,,,,,,,,,,,,,,,,
2018-04-19,15:59:00,COM VÍTIMA,FINALIZADA,ROSARINHO,AV NORTE,4,3370,,,AV NORTE,3370,,ROSARINHO,COLISÃO COM CICLISTA,,,1,,,,,,,,1,,,,,,,,,,,,,,,,,,
2018-04-20,08:51:00,COM VÍTIMA,FINALIZADA,AREIAS,RUA IPOJUCA,0,,,EM FRENTE DA PRAÇ DOS EROIS,RUA IPOJUCA,,EM FRENTE DA PRAÇ DOS EROIS,AREIAS,COLISÃO,COL.C/V,1,1,,,,,,,,1,,,,,,,,,,,,,,,,,,
2018-04-20,15:20:00,COM VÍTIMA,FINALIZADA,TORRE,RUA REAL DA TORRE,3,918,,EM FRENTE AO WIZARD,RUA REAL DA TORRE,918,EM FRENTE AO WIZARD,TORRE,ATROPELAMENTO,COM VÍTIMA,1,,,,2,,,,,2,,,,,,,,,,,,,,,,,,
2018-04-20,20:52:00,COM VÍTIMA,FINALIZADA,MADALENA,RUA NOBRE DE LACERDA,0,,MONSENHOR JULIO MARIA,NO CRUZAMENTO COM NOSENHOR JULIO MARIA/CASA DO MAÇOM,RUA NOBRE DE LACERDA,,NO CRUZAMENTO COM NOSENHOR JULIO MARIA/CASA DO MAÇOM,MADALENA,COLISÃO,COLISÃO C/V SAMU NO LOCAL,1,1,,,,,,,,2,,,,,,,,,,,,,,,,,,
2018-04-21,02:48:00,COM VÍTIMA,FINALIZADA,CAXANGA,AV CAXANGA,0,,,APOS A UPA  EM FRENTE A IGREJA ASSEMBLEIA DE DEUS NO SEMAFORO 232 SENT. CIDADE,AV CAXANGA,,APOS A UPA  EM FRENTE A IGREJA ASSEMBLEIA DE DEUS NO SEMAFORO 232 SENT. CIDADE,CAXANGÁ,COLISÃO,DOIS AUTOS,2,,,,,,,,,1,,,,,,,,,,,,,,,,,,
2018-04-21,16:30:00,COM VÍTIMA,FINALIZADA,CASA FORTE,AV DEZESSETE DE AGOSTO,0,,,COLADO COM O CPOR - OFICINA PARQUE DE MOTOS,AV DEZESSETE DE AGOSTO,,COLADO COM O CPOR - OFICINA PARQUE DE MOTOS,CASA FORTE,COLISÃO,CARRO E MOTO,1,1,,,,,,,,2,,,,,,,,,,,,,,,,,,
2018-04-21,17:15:00,COM VÍTIMA,FINALIZADA,BOA VIAGEM,AV ENGENHEIRO DOMINGOS FERREIRA,0,,,RUA BRUNO VELOEO,AV ENGENHEIRO DOMINGOS FERREIRA,,RUA BRUNO VELOEO,BOA VIAGEM,COLISÃO,CELTA X BMW,2,,,,,,,,,1,,,,,,,,,,,,,,,,,,
2018-04-21,19:36:00,COM VÍTIMA,FINALIZADA,BOA VIAGEM,AV CONSELHEIRO AGUIAR,0,,,EF AO EXTRA,AV CONSELHEIRO AGUIAR,,EF AO EXTRA,BOA VIAGEM,COLISÃO,COLISAO C/ V,1,1,,,,,,,,1,,,,,,,,,,,,,,,,,,
2018-04-21,20:05:00,COM VÍTIMA,FINALIZADA,IMBIRIBEIRA,RUA JOSE DA SILVA LUCENA,3,619,,COLEGIO GGE,RUA JOSE DA SILVA LUCENA,619,COLEGIO GGE,IMBIRIBEIRA,COLISÃO,COLISAO C/ V,1,1,,,,,,,,1,,,,,,,,,,,,,,,,,,
2018-04-21,20:48:00,COM VÍTIMA,FINALIZADA,SANTO AMARO,AV CRUZ CABUGA,0,,,E/F A ASSEMBLEIA DE DEUS SEMAFORO 523,AV CRUZ CABUGA,,E/F A ASSEMBLEIA DE DEUS SEMAFORO 523,SANTO AMARO,COLISÃO,COLISAO C/ V,1,1,,,,,,,,1,,,,,,,,,,,,,,,,,,
2018-04-21,23:27:00,COM VÍTIMA,FINALIZADA,ARRUDA,RUA PETRONILA BOTELHO,0,,,SEMÁFORO 554 / CAMPO DO ARRUDA PRÓXIMO,RUA PETRONILA BOTELHO,,SEMÁFORO 554 / CAMPO DO ARRUDA PRÓXIMO,ARRUDA,COLISÃO,ENTRE 2 AUTOS. C/V,2,,,,,,,,,1,,,,,,,,,,,,,,,,,,
2018-04-22,01:05:00,COM VÍTIMA,FINALIZADA,AREIAS,AV RECIFE,0,,,EM FRENTE A PAJUÇARA // EM FRENTE A FARMÁCIA PAGUE MENOS / e/f a churrascaria pai jussara   semáforo 619,AV RECIFE,,EM FRENTE A PAJUÇARA // EM FRENTE A FARMÁCIA PAGUE MENOS / e/f a churrascaria pai jussara   semáforo 619,AREIAS,ATROPELAMENTO ANIMAL,MOTO ATROPELOU UM CAVALO,,1,,,,,,,,1,,,,,,,,,,,,,,,,,,
2018-04-22,18:31:00,COM VÍTIMA,FINALIZADA,CASA FORTE,AV DEZESSETE DE AGOSTO,0,,,PROX A VITORIA REGIA/ PRAÇA DE CASA FORTE,AV DEZESSETE DE AGOSTO,,PROX A VITORIA REGIA/ PRAÇA DE CASA FORTE,CASA FORTE,COLISÃO,COLISAO C/V,1,1,,,,,,,,1,,,,,,,,,,,,,,,,,,
2018-04-23,07:19:00,COM VÍTIMA,FINALIZADA,BOA VIAGEM,RUA JOAO CARDOSO AIRES,3,446,,EM FRENTE AO EDF TEOREMA,RUA JOAO CARDOSO AIRES,446,EM FRENTE AO EDF TEOREMA,BOA VIAGEM,COLISÃO,MOTO E AUTO,1,1,,,,,,,,1,,,,,,,,,,,,,,,,,,
2018-04-23,12:48:00,COM VÍTIMA,FINALIZADA,IMBIRIBEIRA,AV MARECHAL MASCARENHAS DE MORAES,0,,,EM FRENTE AO BANCO ITAU E AO BANCO SANTADER,AV MARECHAL MASCARENHAS DE MORAES,,EM FRENTE AO BANCO ITAU E AO BANCO SANTADER,IMBIRIBEIRA,COLISÃO,COLISÃO COM VITIMA A ESPERA DO SAMU,1,1,,,,,,,,1,,,,,,,,,,,,,,,,,,
2018-04-23,12:59:00,COM VÍTIMA,FINALIZADA,COQUEIRAL,RUA GUANABARA,3,326,,E/F A IGREJA ASSEMBLEIA E DEUS,RUA GUANABARA,326,E/F A IGREJA ASSEMBLEIA E DEUS,COQUEIRAL,COLISÃO,COLISAO ENTRE AUTO E MOTO COM UMA VITIMA,1,1,,,,,,,,1,,,,,,,,,,,,,,,,,,
2018-04-23,15:33:00,COM VÍTIMA,FINALIZADA,IBURA,AV DOIS RIOS,3,430,,EM FRENTE A MD TINTAS/ SENTIDO AV. RECIFE,AV DOIS RIOS,430,EM FRENTE A MD TINTAS/ SENTIDO AV. RECIFE,IBURA,COLISÃO,COLISÃO COM VÍTIMA,1,1,,,,,,,,2,,,,,,,,,,,,,,,,,,
2018-04-23,15:40:00,COM VÍTIMA,FINALIZADA,CASA AMARELA,RUA OSCAR DE BARROS,0,,AV CONS PERETE,NO CRUZAMENTO DA CONS. PERETE COM OSCAR DE BARROS,RUA OSCAR DE BARROS,,NO CRUZAMENTO DA CONS. PERETE COM OSCAR DE BARROS,CASA AMARELA,COLISÃO,COLISAO ENTRE AUTO E MOTO COM VITIMA,1,1,,,,,,,,1,,,,,,,,,,,,,,,,,,
2018-04-23,16:38:00,COM VÍTIMA,FINALIZADA,CASA FORTE,AV DEZESSETE DE AGOSTO,4,2133,,EM FRENTE AO MUSEU DO NORDESTE,AV DEZESSETE DE AGOSTO,2133,EM FRENTE AO MUSEU DO NORDESTE,CASA FORTE,COLISÃO,AUTO E MOTO C/V,1,1,,,,,,,,1,,,,,,,,,,,,,,,,,,
2018-04-24,02:57:00,COM VÍTIMA,FINALIZADA,BOA VIAGEM,AV CELSO FURTADO,0,,,PRÓXIMO AO EXTRA E POR TRAZ DO ESPAÇO FOCO.,AVENIDA CELSO FURTADO (VIA MANGUE),,PRÓXIMO AO EXTRA E POR TRAZ DO ESPAÇO FOCO.,BOA VIAGEM,CAPOTAMENTO,VEÍCULO BATEU NUM POSTE E CAPOTOU,1,,,,,,,,,1,,,,,,,,,,,,,,,,,,
2018-04-24,06:49:00,COM VÍTIMA,FINALIZADA,JORDAO,AV MARIA IRENE,3,261,,PROX AO QUARTEL DA AERONAUTICA,AV MARIA IRENE,261,PROX AO QUARTEL DA AERONAUTICA,JORDÃO,COLISÃO,COLISÃO COM VITIMA A ESPERA DO SAMU,1,1,,,,,,,,1,,,,,,,,,,,,,,,,,,
2018-04-24,08:03:00,COM VÍTIMA,FINALIZADA,ESTANCIA,AV DR JOSE RUFINO,3,520,,EM FRENTE AO COMERCIAL GALERIA MARGARIDA,AV DR JOSE RUFINO,520,EM FRENTE AO COMERCIAL GALERIA MARGARIDA,ESTÂNCIA,COLISÃO,COLISÃO COM A VITIMA A ESPERA SAMU,1,1,,,,,,,,1,,,,,,,,,,,,,,,,,,
2018-04-24,12:47:00,COM VÍTIMA,FINALIZADA,AREIAS,AV DR JOSE RUFINO,0,,,PROXIMO A FABRICA YOLANDA,AV DR JOSE RUFINO,,PROXIMO A FABRICA YOLANDA,AREIAS,COLISÃO,COLISÃO COM VITIMA,1,1,,,,,,,,1,,,,,,,,,,,,,,,,,,
2018-04-24,15:45:00,COM VÍTIMA,FINALIZADA,ILHA JOANA BEZERRA,AV BEIRA RIO,0,,,PROXIMO A ACADEMIA DA CIDADE DE JOANA BEZERRA,AV BEIRA RIO,,PROXIMO A ACADEMIA DA CIDADE DE JOANA BEZERRA,JOANA BEZERRA,COLISÃO,ACIDENTE COM VITIMA,1,1,,,,,,,,1,,,,,,,,,,,,,,,,,,
2018-04-25,06:17:00,COM VÍTIMA,FINALIZADA,ENCRUZILHADA,AV BEBERIBE,3,174,,EM FRENTE AO POSTO DE GASOLINA SHELL E A FARMACIA DROGASIL,AV BEBERIBE,174,EM FRENTE AO POSTO DE GASOLINA SHELL E A FARMACIA DROGASIL,ENCRUZILHADA,COLISÃO,COLISÃO COM VITIMA A ESPERA DO SAMU,1,1,,,,,,,,1,,,,,,,,,,,,,,,,,,
2018-04-25,08:46:00,COM VÍTIMA,FINALIZADA,CAXANGA,AV CAXANGA,0,,,SENTIDO CIDADE. E/F AO POSTO,AV CAXANGA,,SENTIDO CIDADE. E/F AO POSTO,CAXANGÁ,COLISÃO,COM UMA VÍTIMA JÁ SOCORRIDA. VT 09,1,1,,,,,,,,1,,,,,,,,,,,,,,,,,,
2018-04-25,13:39:00,COM VÍTIMA,FINALIZADA,RECIFE,AV ALFREDO LISBOA,0,,,EM FRENTE AO MUSEU CAIS DO SERTÃO,AV ALFREDO LISBOA,,EM FRENTE AO MUSEU CAIS DO SERTÃO,BAIRRO DO RECIFE,COLISÃO,COLISÃO COM VITIMA,2,,,,,,,,,1,,,,,,,,,,,,,,,,,,
2018-04-25,21:01:00,COM VÍTIMA,FINALIZADA,CASA AMARELA,RUA PADRE LEMOS,0,,,PROX A KINITOS FESTAS,RUA PADRE LEMOS,,PROX A KINITOS FESTAS,CASA AMARELA,COLISÃO,COLISAO C/V,1,1,,,,,,,,1,,,,,,,,,,,,,,,,,,
2018-04-26,06:07:00,COM VÍTIMA,FINALIZADA,AFOGADOS,RUA VINTE E UM DE ABRIL,3,541,,AO LADO DO ANTIGO FERROVIARIO,RUA VINTE E UM DE ABRIL,541,AO LADO DO ANTIGO FERROVIARIO,AFOGADOS,COLISÃO,COLISÃO COM UMA VITIMA JÁ SOCORRIDA PELOS BOMBEIROS,1,,,,,1,,,,1,,,,,,,,,,,,,,,,,,
2018-04-26,08:47:00,COM VÍTIMA,FINALIZADA,BOA VISTA,RUA VELHA,3,S/N,,SOBRE A PONTE VELHA,RUA VELHA,S/N,SOBRE A PONTE VELHA,BOA VISTA,ATROPELAMENTO,COLISÃO ENVOLVENDO AUTO X PEDESTRE,1,,,,1,,,,,1,,,,,,,,,,,,,,,,,,
2018-04-26,11:52:00,COM VÍTIMA,FINALIZADA,ILHA DO RETIRO,AV ENGENHEIRO ABDIAS DE CARVALHO,0,,,EM FRENTE AO SEMAFORO 355  GIRADOR DO SPORT AO LADO DO POSTO EXTRA,AV ENGENHEIRO ABDIAS DE CARVALHO,,EM FRENTE AO SEMAFORO 355  GIRADOR DO SPORT AO LADO DO POSTO EXTRA,ILHA DO RETIRO,COLISÃO,COM DUAS VITIMAS SENDO SOCORRIDAS PELO SAMU,,2,,,,,,,,2,,,,,,,,,,,,,,,,,,
2018-04-26,16:19:00,COM VÍTIMA,FINALIZADA,CASA AMARELA,EST DO ARRAIAL,3,340,,EM FRENTE A CLINICA SÃO FRANCISCO,EST DO ARRAIAL,340,EM FRENTE A CLINICA SÃO FRANCISCO,CASA AMARELA,COLISÃO COM CICLISTA,,1,,,1,,,,,,1,,,,,,,,,,,,,,,,,,
2018-04-26,18:38:00,COM VÍTIMA,FINALIZADA,CAXANGA,AV CAXANGA,0,,,ESTAÇÃO ZUMBI- SEMAFORO 274,AV CAXANGA,,ESTAÇÃO ZUMBI- SEMAFORO 274,CAXANGÁ,ATROPELAMENTO,PEDESTRE A AUTO,,,,,1,,,,,1,,,,,,,,,,,,,,,,,,
2018-04-26,18:42:00,COM VÍTIMA,FINALIZADA,MADALENA,RUA ARLINDO GOUVEIA,0,,RUA ANTONIO CAMILO DIAS,CRUZAMENTO COM A RUA ANTONIO CAMILO DIAS,RUA ARLINDO GOUVEIA,,CRUZAMENTO COM A RUA ANTONIO CAMILO DIAS,MADALENA,COLISÃO,COLISAO C/V,1,1,,,,,,,,1,,,,,,,,,,,,,,,,,,
2018-04-26,19:04:00,COM VÍTIMA,FINALIZADA,CAMPO GRANDE,EST DE BELEM,0,,,PROX AO TERMINAL DE CAMPO GRANDE,EST DE BELEM,,PROX AO TERMINAL DE CAMPO GRANDE,CAMPO GRANDE,COLISÃO,COLISAO C/V,1,1,,,,,,,,1,,,,,,,,,,,,,,,,,,
2018-04-26,21:13:00,COM VÍTIMA,FINALIZADA,BOA VIAGEM,RUA SA E SOUZA,0,,RUA CONEGO ROMEU,EF AO RESTAURANTE LAÇABURGUER/ CRUZAMENTO COM A RUA CONEGO ROMEU,RUA SA E SOUZA,,EF AO RESTAURANTE LAÇABURGUER/ CRUZAMENTO COM A RUA CONEGO ROMEU,BOA VIAGEM,COLISÃO,COLISAO C/V,1,1,,,,,,,,1,,,,,,,,,,,,,,,,,,
2018-04-27,10:13:00,COM VÍTIMA,FINALIZADA,JAQUEIRA,RUA DEPUTADO PEDRO PIRES FERREIRA,0,,,E/F A GALERIA CRISTAL CENTER,RUA DEPUTADO PEDRO PIRES FERREIRA,,E/F A GALERIA CRISTAL CENTER,JAQUEIRA,COLISÃO,COM UMA VÍTIMA. GM PONTO FIXO NO LOCAL.,1,1,,,,,,,,1,,,,,,,,,,,,,,,,,,
2018-04-27,10:27:00,COM VÍTIMA,FINALIZADA,DERBY,AV GOVERNADOR AGAMENON MAGALHAES,0,,,AO LADO MAC DONALDS  SEMAFORO 075 SENT OLINDA,AV GOVERNADOR AGAMENON MAGALHAES,,AO LADO MAC DONALDS  SEMAFORO 075 SENT OLINDA,DERBY,COLISÃO,COM UMA VITIMA  AGUARDANDO SAMU,1,1,,,,,,,,1,,,,,,,,,,,,,,,,,,
2018-04-27,12:46:00,COM VÍTIMA,FINALIZADA,AFOGADOS,RUA AUGUSTO CALHEIROS,0,,,EM FRENTE A FLAVIO MOTOS,RUA AUGUSTO CALHEIROS,,EM FRENTE A FLAVIO MOTOS,AFOGADOS,COLISÃO,COLISÃO COM VÍTIMA/ VT 32 NO LOCAL,,1,,,,,,,1,1,,,,,,,,,,,,,,,,,,
2018-04-27,18:52:00,COM VÍTIMA,FINALIZADA,AREIAS,AV RECIFE,0,,,E/F A PERNAMBUCO PISCINAS E A PONTE  SNT BR,AV RECIFE,,E/F A PERNAMBUCO PISCINAS E A PONTE  SNT BR,AREIAS,COLISÃO,ENTRE 2 MOTOS. C/V,,2,,,,,,,,1,,,,,,,,,,,,,,,,,,
2018-04-27,20:30:00,COM VÍTIMA,FINALIZADA,RECIFE,C DO APOLO,3,321,,E/F A POLICIA FEDERAL - SRP,CAIS DO APOLO,321,E/F A POLICIA FEDERAL - SRP,BAIRRO DO RECIFE,COLISÃO,ENTRE AUTO E MOTO. C/V,1,1,,,,,,,,1,,,,,,,,,,,,,,,,,,
2018-04-28,04:08:00,COM VÍTIMA,FINALIZADA,ARRUDA,AV BEBERIBE,0,,AV PROF JOSE DOS ANJOS,CRUZAMENTO COM AV PROF JOSÉ DOS ANJOS,AV BEBERIBE,,CRUZAMENTO COM AV PROF JOSÉ DOS ANJOS,ARRUDA,COLISÃO,,2,,,,,,,,,1,,,,,,,,,,,,,,,,,,
2018-04-28,10:16:00,COM VÍTIMA,FINALIZADA,AFOGADOS,EST DOS REMEDIOS,2,29,RUA SÃO MIGUEL,CRUZ COM A RUA SÃO MIGUEL EM FRENTE A LOJA NARCISO MAIA,EST DOS REMEDIOS,29,CRUZ COM A RUA SÃO MIGUEL EM FRENTE A LOJA NARCISO MAIA,AFOGADOS,ATROPELAMENTO,VITIMA A ESPERA DO SAMU,,1,,,1,,,,,1,,,,,,,,,,,,,,,,,,
2018-04-28,18:46:00,COM VÍTIMA,FINALIZADA,BOA VISTA,RUA DO HOSPICIO,0,,,E/F AO 13 DE MAIO,RUA DO HOSPICIO,,E/F AO 13 DE MAIO,BOA VISTA,COLISÃO,ENTRE AUTO E MOTO,1,1,,,,,,,,1,,,,,,,,,,,,,,,,,,
2018-04-29,05:50:00,COM VÍTIMA,FINALIZADA,COHAB,LAD DA COHAB,0,,AV DOIS RIOS,CRUZAMENTO COM AV DOIS RIOS // PRÓX A POLICLÍNICA DO IBURA,LAD DA COHAB,,CRUZAMENTO COM AV DOIS RIOS // PRÓX A POLICLÍNICA DO IBURA,COHAB,COLISÃO,COLISÃO ENTRE AUTO E MOTO C/V,1,1,,,,,,,,1,,,,,,,,,,,,,,,,,,
2018-04-29,17:21:00,COM VÍTIMA,FINALIZADA,AGUA FRIA,RUA JOAO UZEDA LUNA,0,,,UMA RUA ANTES DO SEMÁFORO Nº 405  ANTES DO MERCADO PÚBLICO DE ÁGUA FRIA.,RUA JOAO UZEDA LUNA,,JUNTO A DELEGACIA DE RODA D FOGO,ÁGUA FRIA,COLISÃO,COLISÃO COM VITIMA ENVOLVENDO DUAS MOTOS E UM AUTO,1,2,,,,,,,,1,,,,,,,,,,,,,,,,,,
2018-04-30,07:56:00,COM VÍTIMA,FINALIZADA,BOA VIAGEM,AV CONSELHEIRO AGUIAR,4,4635,,EM FRENTE DAFARMACIA PAGUE MENOS,AV CONSELHEIRO AGUIAR,4635,EM FRENTE DAFARMACIA PAGUE MENOS,BOA VIAGEM,COLISÃO,COL.C/V,1,1,,,,,,,,1,,,,,,,,,,,,,,,,,,
2018-04-30,09:20:00,COM VÍTIMA,FINALIZADA,JARDIM SAO PAULO,RUA LEANDRO BARRETO,3,104,,EM FRENTE AO CONDOMINIO TORRE DA LIBERDADE,RUA LEANDRO BARRETO,104,EM FRENTE AO CONDOMINIO TORRE DA LIBERDADE,JARDIM SÃO PAULO,COLISÃO,MOTO E AUTO,1,1,,,,,,,,1,,,,,,,,,,,,,,,,,,
2018-04-30,13:18:00,COM VÍTIMA,FINALIZADA,ESPINHEIRO,RUA DO ESPINHEIRO,3,478,,GALERIA ESPINHEIRO   DENTRO DO POSTO IPIRANGA,RUA DO ESPINHEIRO,478,GALERIA ESPINHEIRO   DENTRO DO POSTO IPIRANGA,ESPINHEIRO,COLISÃO,COLISÃO COM VÍTIMA,1,1,,,,,,,,1,,,,,,,,,,,,,,,,,,
2018-04-30,17:58:00,COM VÍTIMA,FINALIZADA,SANTO AMARO,AV PREFEITO ARTUR LIMA CAVALCANTI,0,,,POR TRÃS DO HOSPITAL DA MARINHA ( HOSPITAL NAVAL) SNT OLINDA,AV PREFEITO ARTUR LIMA CAVALCANTI,,POR TRÃS DO HOSPITAL DA MARINHA ( HOSPITAL NAVAL) SNT OLINDA,SANTO AMARO,COLISÃO COM CICLISTA,AUTO X BIKE. C/V,1,,,1,,,,,,1,,,,,,,,,,,,,,,,,,
2018-05-01,08:25:00,COM VÍTIMA,FINALIZADA,SAO JOSE,RUA IMPERIAL,0,,,EM FRENTE A JUNTA COMERCIAL,RUA IMPERIAL,,EM FRENTE A JUNTA COMERCIAL,SÃO JOSÉ,COLISÃO,MOTO E AUTO,1,1,,,,,,,,1,,,,,,,,,,,,,,,,,,
2018-05-01,12:12:00,COM VÍTIMA,FINALIZADA,PORTO DA MADEIRA,AV BEBERIBE,0,,,EM FRENTE A PADARIA CONTINENTAL,AV BEBERIBE,,EM FRENTE A PADARIA CONTINENTAL,PORTO DA MADEIRA,COLISÃO,COLISÃO COM 1 VITIMA A ESPERA DO SAMU VT 31 QTH,1,1,,,,,,,,1,,,,,,,,,,,,,,,,,,
2018-05-01,14:24:00,COM VÍTIMA,FINALIZADA,BOA VISTA,AV CONDE DA BOA VISTA,0,,RUA DO HOSPICIO,COM RUA DO HOSPÍCIO,AV CONDE DA BOA VISTA,,COM RUA DO HOSPÍCIO,BOA VISTA,ATROPELAMENTO,ÔNIBUS E PEDESTRE,,,,,,,,,,1,,,,,,,,,,,,,,,,,,
2018-05-01,15:47:00,COM VÍTIMA,FINALIZADA,PINA,RUA CAPITAO REBELINHO,0,,RUA PEREIRA DA COSTA,COM PEREIRA DA COSTA,RUA CAPITAO REBELINHO,,COM PEREIRA DA COSTA,PINA,COLISÃO,COLISÃO ENTRE 2 AUTOS  COM VÍTIMA.,2,,,,,,,,,1,,,,,,,,,,,,,,,,,,
2018-05-01,17:09:00,COM VÍTIMA,FINALIZADA,IPSEP,AV DA COSTA E SILVA,3,151,,E/F A DINAMICA AUTO PEÇAS,AV DA COSTA E SILVA,151,E/F A DINAMICA AUTO PEÇAS,IPSEP,COLISÃO,VEICULO CHOCOU COM UM EDFICIO DA VILA DA SUDENE,1,,,,,,,,,1,,,,,,,,,,,,,,,,,,
2018-05-01,18:23:00,COM VÍTIMA,FINALIZADA,BOA VIAGEM,RUA BARAO DE SOUZA LEAO,0,,,EM FRENTE AO BANCO BRADESCO  NO SEMAFORO 407,RUA BARAO DE SOUZA LEAO,,EM FRENTE AO BANCO BRADESCO  NO SEMAFORO 407,BOA VIAGEM,ATROPELAMENTO,DOIS AUTOS E PEDESTRE,2,,,,1,,,,,1,,,,,,,,,,,,,,,,,,
2018-05-02,05:37:00,COM VÍTIMA,FINALIZADA,CORDEIRO,RUA GOMES TABORDA,0,,,PROXIMO AO BAILE PERFUMADO,RUA GOMES TABORDA,,PROXIMO AO BAILE PERFUMADO,CORDEIRO,CHOQUE,AUTO CHOCOU-SE CONTRA UMA ÁRVORE,1,,,,,,,,,1,,,,,,,,,,,,,,,,,,