data,hora,natureza_acidente,situacao,bairro,endereco,,numero,detalhe_endereco_acidente,complemento,endereco_cruzamento,numero_cruzamento,referencia_cruzamento,bairro_cruzamento,tipo,descricao,auto,moto,ciclom,ciclista,pedestre,onibus,caminhao,viatura,outros,vitimas,vitimasfatais,num_semaforo,sentido_via,acidente_verificado,tempo_clima,situacao_semaforo,sinalizacao,condicao_via,conservacao_via,ponto_controle,situacao_placa,velocidade_max_via,mao_direcao,divisao_via1,divisao_via2,divisao_via3,_id,Protocolo
2018-06-03,14:36:00,COM VÍTIMA,FINALIZADA,SAN MARTIN,AV GENERAL SAN MARTIN,4,2442,,PROXIMO A ESCOLA ADVENTISTA/SEMAFORO PROXIMO NUMERO 371,AV GENERAL SAN MARTIN,2442,PROXIMO A ESCOLA ADVENTISTA/SEMAFORO PROXIMO NUMERO 371,SAN MARTIN,COLISÃO,AUTO E MOTO,1,1,,,,,,,,1,,,,,,,,,,,,,,,,,,
2018-06-03,19:07:00,VÍTIMA FATAL,FINALIZADA,AGUA FRIA,EST VELHA DE AGUA FRIA,0,,,E/F A POLICLINICA DE ÁGUA FRIA / PRÓX AO GIRADOURO DA BOMBA DO HEMETÉRIO,EST VELHA DE AGUA FRIA,,E/F A POLICLINICA DE ÁGUA FRIA / PRÓX AO GIRADOURO DA BOMBA DO HEMETÉRIO,ÁGUA FRIA,ATROPELAMENTO,ENTRE ÔNIBUS E PEDESTRE. C/VF,,,,,1,1,,,,,1,,,,,,,,,,,,,,,,,
2018-06-04,08:32:00,COM VÍTIMA,FINALIZADA,CABANGA,RUA GENERAL ESTILAC LEAL,3,439,,EM FRENTE AO QUARTEL DO EXERCITO 7º DEPOSITO DE SUPRIMENTO,RUA GENERAL ESTILAC LEAL,439,EM FRENTE AO QUARTEL DO EXERCITO 7º DEPOSITO DE SUPRIMENTO,CABANGA,COLISÃO,COM UMA VITIMA,1,1,,,,,,,,1,,,,,,,,,,,,,,,,,,
2018-06-04,08:57:00,COM VÍTIMA,FINALIZADA,IMBIRIBEIRA,RUA ITACARI,3,208,,E/F A GRIFOR,RUA ITACARI,208,E/F A GRIFOR,IMBIRIBEIRA,COLISÃO,COM UMA VÍTIMA JÁ SOCORRIDA PELO SAMU,1,1,,,,,,,,1,,,,,,,,,,,,,,,,,,
2018-06-04,09:30:00,COM VÍTIMA,FINALIZADA,IBURA,AV DOIS RIOS,4,1515,,NA ENTRADA DO JORDÃO EM FRENTE AO POSTO DE GASOLINA BR,AV DOIS RIOS,1515,NA ENTRADA DO JORDÃO EM FRENTE AO POSTO DE GASOLINA BR,IBURA,COLISÃO,COLISÃO COM VITIMA A ESPERA DO SAMU,1,1,,,,,,,,1,,,,,,,,,,,,,,,,,,
2018-06-04,13:58:00,COM VÍTIMA,FINALIZADA,BOMBA DO HEMETERIO,RUA BOMBA DO HEMETERIO,3,225,,EM FRENTE AO CLUBE ABANADORES DO ARRUDA,RUA BOMBA DO HEMETERIO,225,EM FRENTE AO CLUBE ABANADORES DO ARRUDA,BOMBA DO HEMETÉRIO,COLISÃO,COLISÃO COM VÍTIMA,2,1,,,,,,,,1,,,,,,,,,,,,,,,,,,
2018-06-04,22:22:00,COM VÍTIMA,FINALIZADA,ESPINHEIRO,RUA DR JOAQUIM PORTELLA,0,,,CRUZANDO A R 48 / SEMÁFORO 011,RUA DR JOAQUIM PORTELLA,,CRUZANDO A R 48 / SEMÁFORO 011,ESPINHEIRO,ATROPELAMENTO,ENTRE AUTO E PEDESTRE,1,,,,1,,,,,1,,,,,,,,,,,,,,,,,,
2018-06-05,14:53:00,COM VÍTIMA,FINALIZADA,AFOGADOS,RUA SAO MIGUEL,0,,,EM FRENTE AO POSTO PETROISA,RUA SAO MIGUEL,,EM FRENTE AO POSTO PETROISA,AFOGADOS,COLISÃO,COLISÃO COM VÍTIMA,1,1,,,,,,,,1,,,,,,,,,,,,,,,,,,
2018-06-05,15:35:00,COM VÍTIMA,FINALIZADA,TORRE,RUA JOSE BONIFACIO,0,,,EM FRENTE A ASSOCIACAO DOS APOSENTADOS DO BANDEPE,RUA JOSE BONIFACIO,,EM FRENTE A ASSOCIACAO DOS APOSENTADOS DO BANDEPE,TORRE,COLISÃO,VEICULO/COM MOTO COM VITIMA,1,1,,,,,,,,1,,,,,,,,,,,,,,,,,,
2018-06-05,15:43:00,COM VÍTIMA,FINALIZADA,AGUA FRIA,AV BEBERIBE,4,1772,,E/F A OTICA LIMA,AV BEBERIBE,1772,E/F A OTICA LIMA,ÁGUA FRIA,COLISÃO,COLISAO ENTRE AUTO E MOTO COM UMA VITIMA,1,1,,,,,,,,1,,,,,,,,,,,,,,,,,,
2018-06-05,15:47:00,COM VÍTIMA,FINALIZADA,SAN MARTIN,RUA VINTE E UM DE ABRIL,0,,,EM FRENTE AO TERMINAL DE ONIBUS DA MUSTARDINHA,RUA VINTE E UM DE ABRIL,,EM FRENTE AO TERMINAL DE ONIBUS DA MUSTARDINHA,SAN MARTIN,COLISÃO,COLISAO C/V,1,1,,,,1,,,,1,,,,,,,,,,,,,,,,,,
2018-06-05,16:40:00,COM VÍTIMA,FINALIZADA,JAQUEIRA,RUA DEPUTADO PEDRO PIRES FERREIRA,0,,,AO LADO DA JAQUEIRA,RUA DEPUTADO PEDRO PIRES FERREIRA,,AO LADO DA JAQUEIRA,JAQUEIRA,COLISÃO,COLISÃO COM VITIMA,1,1,,,,,,,,1,,,,,,,,,,,,,,,,,,
2018-06-05,19:06:00,COM VÍTIMA,FINALIZADA,CAMPO GRANDE,EST DE BELEM,3,947,,EM FRENTE AO SUPERMERCADO ESTILO,EST DE BELEM,947,EM FRENTE AO SUPERMERCADO ESTILO,CAMPO GRANDE,COLISÃO,CARRO E MOTO C/V,1,1,,,,,,,,1,,,,,,,,,,,,,,,,,,
2018-06-06,01:48:00,COM VÍTIMA,FINALIZADA,BOA VIAGEM,RUA DEZ DE JULHO,0,,RUA CAMBOIM,CRUZAMENTO COM A RUA CAMBOIM,RUA DEZ DE JULHO,,CRUZAMENTO COM A RUA CAMBOIM,BOA VIAGEM,COLISÃO,COLISÃO ENTRE AUTO E MOTO DA PM C/V,1,,,,,,,1,,1,,,,,,,,,,,,,,,,,,
2018-06-06,09:34:00,COM VÍTIMA,FINALIZADA,IMBIRIBEIRA,RUA ITAJAI,0,,RUA PAMPULHA,COM RUA PAMPULHA,RUA ITAJAI,,COM RUA PAMPULHA,IMBIRIBEIRA,COLISÃO,MOTO E AUTO PASSEIO / MOTOS 27 / 10 NO QTH,1,1,,,,,,,,1,,,,,,,,,,,,,,,,,,
2018-06-06,09:55:00,COM VÍTIMA,FINALIZADA,VARZEA,RUA GASTAO VIDIGAL,3,171,,EM FRENTE AO EDF CALDAS DA RAINHA,RUA GASTAO VIDIGAL,171,EM FRENTE AO EDF CALDAS DA RAINHA,VÁRZEA,COLISÃO,MOTO E AUTO PASSEIO /,1,1,,,,,,,,1,,,,,,,,,,,,,,,,,,
2018-06-06,13:51:00,COM VÍTIMA,FINALIZADA,BOA VISTA,RUA VELHA,3,321,,EM FRENTE A RETIRO DOS ARTISTAS,RUA VELHA,321,EM FRENTE A RETIRO DOS ARTISTAS,BOA VISTA,COLISÃO,AUTO E MOTO,1,1,,,,,,,,1,,,,,,,,,,,,,,,,,,
2018-06-06,18:11:00,COM VÍTIMA,FINALIZADA,ENCRUZILHADA,AV BEBERIBE,0,,,ENF A FARMACIA DO TRABALHADO E PAGUE MENOS PRX A PRC DA ENCRUZILHADA SENTIDO AGUA FRIA,AV BEBERIBE,,ENF A FARMACIA DO TRABALHADO E PAGUE MENOS PRX A PRC DA ENCRUZILHADA SENTIDO AGUA FRIA,ENCRUZILHADA,COLISÃO,TAXI E MOTO,1,1,,,,,,,,1,,,,,,,,,,,,,,,,,,
2018-06-06,23:28:00,COM VÍTIMA,FINALIZADA,ESPINHEIRO,RUA MARQUES DO PARANA,0,,RUA ALFREDO DE CARVALHO,ENF AO MARTELINHO DE OURO CRUZAMENTO COM A RUA ALFREDO DE CARVALHO SENTIDO NAV NORTE,RUA MARQUES DO PARANA,,ENF AO MARTELINHO DE OURO CRUZAMENTO COM A RUA ALFREDO DE CARVALHO SENTIDO NAV NORTE,ESPINHEIRO,COLISÃO,AUTO E MOTO,1,1,,,,,,,,1,,,,,,,,,,,,,,,,,,
2018-06-07,00:46:00,COM VÍTIMA,FINALIZADA,SANTO AMARO,AV NORTE,0,,,EM FRENTE A PARÓQUIA SÃO SEBASTIÃO  SEMAFORO 097,AV NORTE,,EM FRENTE A PARÓQUIA SÃO SEBASTIÃO  SEMAFORO 097,SANTO AMARO,COLISÃO,COLISÃO ENTRE AUTO E MOTO C/V,1,1,,,,,,,,1,,,,,,,,,,,,,,,,,,
2018-06-07,10:46:00,COM VÍTIMA,FINALIZADA,SAO JOSE,AV SUL,0,,,FAIXA DO ONIBUS,AV SUL,,FAIXA DO ONIBUS,SÃO JOSÉ,COLISÃO COM CICLISTA,ONIBUS E CICLISTA,,,,1,,1,,,,1,,,,,,,,,,,,,,,,,,
2018-06-07,12:20:00,COM VÍTIMA,FINALIZADA,VARZEA,AV AFONSO OLINDENSE,3,344,,EM FRENTE AO RESIDENCIAL ELIS REGINA,AV AFONSO OLINDENSE,344,EM FRENTE AO RESIDENCIAL ELIS REGINA,VÁRZEA,COLISÃO,COLISÃO COM VÍTIMA,1,1,,,,,,,,1,,,,,,,,,,,,,,,,,,
2018-06-07,13:17:00,COM VÍTIMA,FINALIZADA,JAQUEIRA,RUA DR JOSE MARIA,0,,,E/F AO COLEGIO CBV,RUA DR JOSE MARIA,,E/F AO COLEGIO CBV,JAQUEIRA,COLISÃO,COLISAO ENTRE MOTO E AUTO COM UMA VITIMA,1,1,,,,,,,,1,,,,,,,,,,,,,,,,,,
2018-06-07,14:58:00,COM VÍTIMA,FINALIZADA,CORDEIRO,AV GENERAL SAN MARTIN,0,,,EM FRENTE AO COMPAZ,AV GENERAL SAN MARTIN,,EM FRENTE AO COMPAZ,CORDEIRO,COLISÃO,COLISÃO COM VÍTIMA,1,1,,,,,,,,2,,,,,,,,,,,,,,,,,,
2018-06-07,15:01:00,COM VÍTIMA,FINALIZADA,TAMARINEIRA,RUA GOMES COUTINHO,0,,AV NORTE,COM AV NORTE E/F AO POSTO BR NO SEMAFORO 643,RUA GOMES COUTINHO,,COM AV NORTE E/F AO POSTO BR NO SEMAFORO 643,TAMARINEIRA,COLISÃO,COLISAO ENTRE AUTO E MOTO COM UMA VITIMS,1,1,,,,,,,,1,,,,,,,,,,,,,,,,,,
2018-06-07,18:07:00,COM VÍTIMA,FINALIZADA,DERBY,RUA JENER DE SOUZA,0,,PRC DO DERBY,CRUZAMENTO C/PRAÇA DO DERBY - PROX AO REST RECANTO DO PICUI,RUA JENER DE SOUZA,,CRUZAMENTO C/PRAÇA DO DERBY - PROX AO REST RECANTO DO PICUI,DERBY,COLISÃO,ENTRE AUTO E MOTO. C/V,1,1,,,,,,,,1,,,,,,,,,,,,,,,,,,
2018-06-07,18:41:00,COM VÍTIMA,FINALIZADA,IMBIRIBEIRA,AV SENADOR ROBERT KENNEDY,3,458,RUA JOSE FERNADES PORTUGAL,DE ESQUINA COM A RUA JOSE FERNANDES PORTUGUAL,AV SENADOR ROBERT KENNEDY,458,DE ESQUINA COM A RUA JOSE FERNANDES PORTUGUAL,IMBIRIBEIRA,COLISÃO,DUAS MOTOS,,2,,,,,,,,1,,,,,,,,,,,,,,,,,,
2018-06-07,19:20:00,COM VÍTIMA,FINALIZADA,TEJIPIO,RUA FALCAO DE LACERDA,0,,,ENF A PRC DE TEJIPIO SEMAFORO 285,RUA FALCAO DE LACERDA,,ENF A PRC DE TEJIPIO SEMAFORO 285,TEJIPIÓ,COLISÃO,MOTO X AUTO,1,1,,,,,,,,1,,,,,,,,,,,,,,,,,,
2018-06-07,20:12:00,COM VÍTIMA,FINALIZADA,AFOGADOS,RUA VINTE E UM DE ABRIL,0,,,ENFR AO RESTAURANTE ARRETADO DE BOM,RUA VINTE E UM DE ABRIL,,ENFR AO RESTAURANTE ARRETADO DE BOM,AFOGADOS,COLISÃO,AUTO E MOTO,1,1,,,,,,,,1,,,,,,,,,,,,,,,,,,
2018-06-08,06:40:00,COM VÍTIMA,FINALIZADA,ARRUDA,AV PROFESSOR JOSE DOS ANJOS,3,818,RUA GERONIMO VILELA,50 METROS APÓS O CRUZAMENTO COM A RUA GERONIMO VILELA SENT/PEIXINHOS,AV PROFESSOR JOSE DOS ANJOS,818,50 METROS APÓS O CRUZAMENTO COM A RUA GERONIMO VILELA SENT/PEIXINHOS,ARRUDA,ATROPELAMENTO,COM UMA VITIMA  SOCORRIDA PELO SAMU,1,,,,1,,,,,1,,,,,,,,,,,,,,,,,,
2018-06-08,07:16:00,COM VÍTIMA,FINALIZADA,CAXANGA,RUA RIBEIRO PESSOA,3,125,,EM FRENTE AO HOTEL TURQUESA,RUA RIBEIRO PESSOA,125,EM FRENTE AO HOTEL TURQUESA,CAXANGÁ,COLISÃO,COM VÍTIMA -,1,1,,,,,,,,1,,,,,,,,,,,,,,,,,,
2018-06-08,10:17:00,COM VÍTIMA,FINALIZADA,BOA VISTA,AV CONDE DA BOA VISTA,0,,,E/F AO SANTANDER E FAFIRE,AV CONDE DA BOA VISTA,,E/F AO SANTANDER E FAFIRE,BOA VISTA,COLISÃO,ÔNIBUS EMPRESA X FIAT UNO,1,,,,,1,,,,1,,,,,,,,,,,,,,,,,,
2018-06-08,13:08:00,COM VÍTIMA,FINALIZADA,TAMARINEIRA,RUA DR JOSE MARIA,3,981,,EM FRENTE AO PORTAL DA PICANHA,RUA DR JOSE MARIA,981,EM FRENTE AO PORTAL DA PICANHA,TAMARINEIRA,ATROPELAMENTO,AUTO E PEDESTRE,1,,,,1,,,,,1,,,,,,,,,,,,,,,,,,
2018-06-08,13:17:00,COM VÍTIMA,FINALIZADA,IPSEP,RUA PROFESSOR JOSE VICENTE,0,,,AO LADO DA IGREJA CATOLICA,RUA PROFESSOR JOSE VICENTE,,AO LADO DA IGREJA CATOLICA,IPSEP,COLISÃO,COLISAO ENTRE MOTO E AUTO COM UMA VITIMA,1,1,,,,,,,,1,,,,,,,,,,,,,,,,,,
2018-06-08,14:17:00,COM VÍTIMA,FINALIZADA,TAMARINEIRA,AV NORTE,4,4084,RUA CONEGO BARATA,COM A CONEGO BARATA PROX AO NEXOS HOTEL,AV NORTE,4084,COM A CONEGO BARATA PROX AO NEXOS HOTEL,TAMARINEIRA,COLISÃO,COLISAO ENTRE AUTO E MOTO COM UMA TIMA,1,1,,,,,,,,1,,,,,,,,,,,,,,,,,,
2018-06-08,14:29:00,COM VÍTIMA,FINALIZADA,APIPUCOS,RUA DE APIPUCOS,0,,,PRÓXIMO AO POSTO BR,RUA DE APIPUCOS,,PRÓXIMO AO POSTO BR,APIPUCOS,COLISÃO,COLISÃO COM VÍTIMA  ENVOLVENDO MOTO E KOMBI,1,1,,,,,,,,1,,,,,,,,,,,,,,,,,,
2018-06-08,17:21:00,VÍTIMA FATAL,FINALIZADA,CABANGA,RUA CAPITAO TEMUDO,0,,,NA SUBIDA DO VIADUTO NO SENTIDO CIDADE,VIADUTO CAPITAO TEMUDO,,NA SUBIDA DO VIADUTO NO SENTIDO CIDADE,CABANGA,COLISÃO,COLISÃO ENTRE MOTO E ÔNIBUS  COM VÍTIMA FATAL.,,1,,,,1,,,,1,1,,,,,,,,,,,,,,,,,
2018-06-09,05:44:00,COM VÍTIMA,FINALIZADA,ESPINHEIRO,RUA QUARENTA E OITO,3,160,RUA DO ESPINHEIRO,CRUZAMENTO COM RUA DO ESPINHEIRO // EM FRENTE A PADARIA ESPINHEIRO,RUA QUARENTA E OITO,160,CRUZAMENTO COM RUA DO ESPINHEIRO // EM FRENTE A PADARIA ESPINHEIRO,ESPINHEIRO,COLISÃO,COLISÃO ENVOLVENDO TRÊS VEÍCULOS  SEM VÍTIMAS,3,,,,,,,,,2,,,,,,,,,,,,,,,,,,
2018-06-09,06:57:00,COM VÍTIMA,FINALIZADA,DERBY,PRC DO DERBY,3,S/N,,,PRC DO DERBY,S/N,,DERBY,ATROPELAMENTO,,1,,,,1,,,,,1,,,,,,,,,,,,,,,,,,
2018-06-09,08:53:00,COM VÍTIMA,FINALIZADA,AFOGADOS,RUA VINTE E UM DE ABRIL,4,3474,,EM FRENTE AO ARMAZEM BEZERRA,RUA VINTE E UM DE ABRIL,3474,EM FRENTE AO ARMAZEM BEZERRA,AFOGADOS,COLISÃO,COM UMA VITIMA AGUARDANDO SAMU,1,1,,,,,,,,1,,,,,,,,,,,,,,,,,,
2018-06-09,12:56:00,COM VÍTIMA,FINALIZADA,ARRUDA,RUA DO MACHADO,0,,RUA DO TRIUNFO,CRUZ COM A RUA DO TRIUNFO POR TRAS DO CAMPO DO SANTA CRUZ,RUA DO MACHADO,,CRUZ COM A RUA DO TRIUNFO POR TRAS DO CAMPO DO SANTA CRUZ,ARRUDA,ATROPELAMENTO,COLISÃO EM SEGUIDA DE UM ATROPELAMNETO,2,,,,1,,,,,1,,,,,,,,,,,,,,,,,,
2018-06-09,14:30:00,COM VÍTIMA,FINALIZADA,AGUA FRIA,AV ANIBAL BENEVOLO,3,285,,NO TERMINAL DO ALTO SANTA TEREZINHA,AV ANIBAL BENEVOLO,285,NO TERMINAL DO ALTO SANTA TEREZINHA,ÁGUA FRIA,COLISÃO,AUTO E MOTO CV,1,1,,,,,,,,1,,,,,,,,,,,,,,,,,,
2018-06-09,19:00:00,COM VÍTIMA,FINALIZADA,IPUTINGA,RUA SAO MATEUS,0,,,ENF AO CONDOMINIO JARDIM FLORENÇA E A OS CORREIOS SENTIDO DETRAN,RUA SAO MATEUS,,ENF AO CONDOMINIO JARDIM FLORENÇA E A OS CORREIOS SENTIDO DETRAN,IPUTINGA,COLISÃO,AUTO E MOTO,1,1,,,,,,,,2,,,,,,,,,,,,,,,,,,
2018-06-09,21:12:00,COM VÍTIMA,FINALIZADA,ESTANCIA,AV DR JOSE RUFINO,3,241,,ANTES DO COLEGIO VISAO PROX AO POSTO IPIRANGA,AV DR JOSE RUFINO,241,ANTES DO COLEGIO VISAO PROX AO POSTO IPIRANGA,ESTÂNCIA,COLISÃO,AUTO E MOTO,1,1,,,,,,,,1,,,,,,,,,,,,,,,,,,
2018-06-10,07:43:00,COM VÍTIMA,FINALIZADA,IBURA,AV JORNALISTA COSTA PORTO,3,885,,EM FRENTE AO MERCADINHO FIRMINO,AV JORNALISTA COSTA PORTO,885,EM FRENTE AO MERCADINHO FIRMINO,IBURA,ATROPELAMENTO,AUTO E PEDESTRES,1,,,,2,,,,,2,,,,,,,,,,,,,,,,,,
2018-06-10,13:46:00,COM VÍTIMA,FINALIZADA,CAMPO GRANDE,RUA SAO CAETANO,3,317,,POR TRÁS DAS PÁS,RUA SAO CAETANO,317,POR TRÁS DAS PÁS,CAMPO GRANDE,COLISÃO,COLISÃO COM VÍTIMA,,2,,,,,,,,2,,,,,,,,,,,,,,,,,,
2018-06-10,16:21:00,COM VÍTIMA,FINALIZADA,LINHA DO TIRO,RUA URIEL DE HOLANDA,4,1520,,PRÓXIMO AO TERMINAL DE ÔNIBUS,RUA URIEL DE HOLANDA,1520,PRÓXIMO AO TERMINAL DE ÔNIBUS,LINHA DO TIRO,CHOQUE,CHOQUE DE UMA VIATURA DA PM COM UMA VÍTIMA,,1,,,,,,1,,2,,,,,,,,,,,,,,,,,,
2018-06-11,07:17:00,COM VÍTIMA,FINALIZADA,JARDIM SAO PAULO,AV RECIFE,4,5777,,E/F A EMPRESA DE ONIBUS RCR S/T BOA VIAGEM,AV RECIFE,5777,E/F A EMPRESA DE ONIBUS RCR S/T BOA VIAGEM,JARDIM SÃO PAULO,COLISÃO,COLISAO ENTRE DUAS MOTO COM UMA VITIMA,,2,,,,,,,,1,,,,,,,,,,,,,,,,,,
2018-06-11,08:37:00,COM VÍTIMA,FINALIZADA,CASA AMARELA,RUA PADRE LEMOS,0,,,E/F A CACAU SHOW,RUA PADRE LEMOS,,E/F A CACAU SHOW,CASA AMARELA,ATROPELAMENTO,ATROPELAMENTO COM DUAS VITIMAS EQUIPE DE GM EM PONTO FIXO NO LOCAL,,1,,,1,,,,,2,,,,,,,,,,,,,,,,,,
2018-06-11,09:48:00,COM VÍTIMA,FINALIZADA,CASA FORTE,AV DEZESSETE DE AGOSTO,0,,,EM FRENTE A PRAÇA DE CASA FORTE,AV DEZESSETE DE AGOSTO,,EM FRENTE A PRAÇA DE CASA FORTE,CASA FORTE,COLISÃO,ATROPELAMENTO DE PEDESTRE - VT INFORMOU QUE VEICULO SE AVADIU,1,,1,,1,,,,,1,,,,,,,,,,,,,,,,,,
2018-06-11,21:27:00,COM VÍTIMA,FINALIZADA,BOA VIAGEM,RUA ERNESTO DE PAULA SANTOS,0,,,DESCENDO O VIADUTO TANCREDO NEVES/EM FRENTE AO POSTO BR/SENTIDO BOA VIAGEM,RUA ERNESTO DE PAULA SANTOS,,DESCENDO O VIADUTO TANCREDO NEVES/EM FRENTE AO POSTO BR/SENTIDO BOA VIAGEM,BOA VIAGEM,COLISÃO,DOIS AUTOS S/V,2,,,,,,,,,1,,,,,,,,,,,,,,,,,,
2018-06-12,11:10:00,COM VÍTIMA,FINALIZADA,ENCRUZILHADA,AV NORTE,0,,,PRAÇA DA PICANHA - SENTIDO CIDADE,AV NORTE,,PRAÇA DA PICANHA - SENTIDO CIDADE,ENCRUZILHADA,COLISÃO,,,2,,,,,,,,1,,,,,,,,,,,,,,,,,,
2018-06-12,19:52:00,COM VÍTIMA,FINALIZADA,DERBY,PRC DO DERBY,0,,RUA JENNER DE SOUZA,SEMAFORO 040 CRUZAMENTO COM O QUARTEL DO DERBY SENTIDO INTERNACIONAL,PRC DO DERBY,,SEMAFORO 040 CRUZAMENTO COM O QUARTEL DO DERBY SENTIDO INTERNACIONAL,DERBY,COLISÃO,AUTO E MOTO,1,1,,,,,,,,1,,,,,,,,,,,,,,,,,,
2018-06-12,20:15:00,COM VÍTIMA,FINALIZADA,CAMPO GRANDE,RUA CRISTOVAO JAQUES,3,272,,PROX A PIZZARIA PASSIRA,RUA CRISTOVAO JAQUES,272,PROX A PIZZARIA PASSIRA,CAMPO GRANDE,COLISÃO,MOTO E VEICULO C/V,1,1,,,,,,,,1,,,,,,,,,,,,,,,,,,
2018-06-13,07:03:00,COM VÍTIMA,FINALIZADA,ROSARINHO,AV NORTE,4,3388,,,AV NORTE,3388,,ROSARINHO,COLISÃO,COLISÃO ENTRE MOTOCICLETA E AUTO PASSEIO,1,1,,,,,,,,1,,,,,,,,,,,,,,,,,,
2018-06-13,08:43:00,COM VÍTIMA,FINALIZADA,ENCRUZILHADA,RUA DR JOSE MARIA,3,393,,AO LADO DO EXTRABOM,RUA DR JOSE MARIA,393,AO LADO DO EXTRABOM,ENCRUZILHADA,COLISÃO,MOTO E AUTO,1,1,,,,,,,,1,,,,,,,,,,,,,,,,,,
2018-06-13,14:05:00,VÍTIMA FATAL,FINALIZADA,IBURA,AV RECIFE,0,,,ENTRADA DO IBURA,AV RECIFE,,ENTRADA DO IBURA,IBURA,COLISÃO,COLISÃO COM VITIMA,1,1,,,,,1,,,0,1,,,,,,,,,,,,,,,,,
2018-06-13,19:37:00,COM VÍTIMA,FINALIZADA,PINA,RUA MANOEL DE BRITO,0,,,NA DESCIDA DA VIA MANGUE. E/F AO CORPUS MOTEL,RUA MANOEL DE BRITO,,NA DESCIDA DA VIA MANGUE. E/F AO CORPUS MOTEL,PINA,COLISÃO,ENTRE AUTO E MOTO. C/V,1,1,,,,,,,,1,,,,,,,,,,,,,,,,,,
2018-06-14,09:51:00,COM VÍTIMA,FINALIZADA,AREIAS,AV RECIFE,0,,,SENTIDO AEROPORTO PROX AO SUPERMERCADO WALMART EM FRENTE AO POSTO DE GASOLINA TOTAL,AV RECIFE,,SENTIDO AEROPORTO PROX AO SUPERMERCADO WALMART EM FRENTE AO POSTO DE GASOLINA TOTAL,AREIAS,COLISÃO,COLISÃO SEM VITIMAS,1,1,,,,,,,,1,,,,,,,,,,,,,,,,,,
2018-06-14,10:32:00,COM VÍTIMA,FINALIZADA,BOA VISTA,RUA PADRE INGLES,0,,AV CONDE DA BOA VISTA,ESQUINA COM A CONDE DA BOA VISTA,RUA PADRE INGLES,,ESQUINA COM A CONDE DA BOA VISTA,BOA VISTA,ATROPELAMENTO,ATROPELAMENTO ENTRE MOTO E PEDESTRE,,1,,,1,,,,,1,,,,,,,,,,,,,,,,,,
2018-06-14,12:16:00,COM VÍTIMA,FINALIZADA,CASA FORTE,AV DEZESSETE DE AGOSTO,3,335,,EM FRENTE AO EMPRESARIAL CENTRUM,AV DEZESSETE DE AGOSTO,335,EM FRENTE AO EMPRESARIAL CENTRUM,CASA FORTE,COLISÃO,COLISÃO COM VÍTIMA,1,1,,,,,,,,1,,,,,,,,,,,,,,,,,,
2018-06-14,14:13:00,COM VÍTIMA,FINALIZADA,TORREAO,RUA CANDIDO LACERDA,0,,,PARALELA A DESCIDA DO VIADUTO DA AV NORTE SENTIDO BOA VIAGEM,RUA CANDIDO LACERDA,,PARALELA A DESCIDA DO VIADUTO DA AV NORTE SENTIDO BOA VIAGEM,TORREÃO,ATROPELAMENTO,ATROPELAMENTO ENTRE AUTO E PEDESTRE,1,,,,1,,,,,1,,,,,,,,,,,,,,,,,,
2018-06-14,20:28:00,COM VÍTIMA,FINALIZADA,JORDAO,AV MARIA IRENE,0,,,E/F AO POSTO TOTAL,AV MARIA IRENE,,E/F AO POSTO TOTAL,JORDÃO,COLISÃO,ENTRE AUTO E MOTO. C/V,1,1,,,,,,,,1,,,,,,,,,,,,,,,,,,
2018-06-14,22:18:00,COM VÍTIMA,FINALIZADA,PAISSANDU,AV GOVERNADOR AGAMENON MAGALHAES,0,,RUA DO PAISSANDU,CRUZAMENTO COM PAISSANDU ENF A MORADA DA PAZ SENTIDO OLINDA PISTA LOCAL,AV GOVERNADOR AGAMENON MAGALHAES,,CRUZAMENTO COM PAISSANDU ENF A MORADA DA PAZ SENTIDO OLINDA PISTA LOCAL,PAISSANDU,COLISÃO,AUTO E MOTO,1,1,,,,,,,,1,,,,,,,,,,,,,,,,,,
2018-06-15,09:04:00,COM VÍTIMA,FINALIZADA,IMBIRIBEIRA,AV MARECHAL MASCARENHAS DE MORAES,4,7935,,EM FRENTE A PISTA DO ARROPORTO SENT AFOGADOS /,AV MARECHAL MASCARENHAS DE MORAES,7935,EM FRENTE A PISTA DO ARROPORTO SENT AFOGADOS /,IMBIRIBEIRA,COLISÃO,MOTO E AUTO,1,1,,,,,,,,2,,,,,,,,,,,,,,,,,,
2018-06-15,09:20:00,COM VÍTIMA,FINALIZADA,DERBY,RUA DR SEVERINO PINHEIRO,0,,,APOS A PONTE DO QUARTEL  SENTIDO SUB.,RUA DR SEVERINO PINHEIRO,,APOS A PONTE DO QUARTEL  SENTIDO SUB.,DERBY,ATROPELAMENTO,AUTO E PEDESTRE,1,,,,1,,,,,1,,,,,,,,,,,,,,,,,,
2018-06-15,16:01:00,COM VÍTIMA,FINALIZADA,APIPUCOS,AV DEZESSETE DE AGOSTO,0,,,E/F AO AÇUCEDE DE APIPUCOS,AV DEZESSETE DE AGOSTO,,E/F AO AÇUCEDE DE APIPUCOS,APIPUCOS,COLISÃO,ENTRE CAMINHÃO E MOTO. C/V,,1,,,,,1,,,2,,,,,,,,,,,,,,,,,,
2018-06-15,22:02:00,COM VÍTIMA,FINALIZADA,DERBY,RUA AMAURI DE MEDEIROS,0,,RUA BARAO DE GOIANIA,ESQUINA DO EDF DERBY PARK // AO LADO DA CASA DO ESTUDANTE // CRUZANDO A R BARÃO DE GOIÂNIA,RUA AMAURI DE MEDEIROS,,ESQUINA DO EDF DERBY PARK // AO LADO DA CASA DO ESTUDANTE // CRUZANDO A R BARÃO DE GOIÂNIA,DERBY,COLISÃO,ENTRE AUTO E MOTO. C/V,1,1,,,,,,,,1,,,,,,,,,,,,,,,,,,
2018-06-16,15:02:00,COM VÍTIMA,FINALIZADA,BOA VISTA,AV CONDE DA BOA VISTA,0,,RUA GERVASIO PIRES,COM RUA GERVASIO PIRES E/F A ANTIGA FARMACIA DOS POBRES,AV CONDE DA BOA VISTA,,COM RUA GERVASIO PIRES E/F A ANTIGA FARMACIA DOS POBRES,BOA VISTA,ATROPELAMENTO,VEICULO COLIDIU COM UM CICLISTA,,,,,1,,,,,1,,,,,,,,,,,,,,,,,,
2018-06-17,11:10:00,COM VÍTIMA,FINALIZADA,AREIAS,AV DR JOSE RUFINO,0,,,EM FRENTE AO SHOPPING DE AREIAS,AV DR JOSE RUFINO,,EM FRENTE AO SHOPPING DE AREIAS,AREIAS,COLISÃO,COLISAO ENTRE AUTO E MOTO COM VITI MA,1,1,,,,,,,,1,,,,,,,,,,,,,,,,,,
2018-06-17,13:21:00,COM VÍTIMA,FINALIZADA,APIPUCOS,AV DEZESSETE DE AGOSTO,0,,EST ARRAIAL,SEMAFORO 107/EM FRENTE A COMPESA,AV DEZESSETE DE AGOSTO,,SEMAFORO 107/EM FRENTE A COMPESA,APIPUCOS,COLISÃO,MOTO E AUTO C/V,1,1,,,,,,,,1,,,,,,,,,,,,,,,,,,