data,hora,natureza_acidente,situacao,bairro,endereco,,numero,detalhe_endereco_acidente,complemento,endereco_cruzamento,numero_cruzamento,referencia_cruzamento,bairro_cruzamento,tipo,descricao,auto,moto,ciclom,ciclista,pedestre,onibus,caminhao,viatura,outros,vitimas,vitimasfatais,num_semaforo,sentido_via,acidente_verificado,tempo_clima,situacao_semaforo,sinalizacao,condicao_via,conservacao_via,ponto_controle,situacao_placa,velocidade_max_via,mao_direcao,divisao_via1,divisao_via2,divisao_via3,_id,Protocolo
2018-06-17,21:05:00,COM VÍTIMA,FINALIZADA,SAO JOSE,AV SUL,0,,,E/F AO GRANDE RECIFE TRANSPORTE- INICIO DO VIADUTO 5 PONTAS,AV SUL,,E/F AO GRANDE RECIFE TRANSPORTE- INICIO DO VIADUTO 5 PONTAS,SÃO JOSÉ,CHOQUE,CONDUTOR C/SUSPEITA DE EMBRIAGUEZ  CHOCOU-SE CONTRA A MURETA DO VIADUTO,,1,,,,,,,,1,,,,,,,,,,,,,,,,,,
2018-06-17,22:37:00,COM VÍTIMA,FINALIZADA,SAN MARTIN,AV CONSUL VILARES FRAGOSO,0,,,AO LADO DA CAVALARIA E PRÓX A SECRETARIA DA SAÚDE  SNT AFOGADOS,AV CONSUL VILARES FRAGOSO,,AO LADO DA CAVALARIA E PRÓX A SECRETARIA DA SAÚDE  SNT AFOGADOS,SAN MARTIN,COLISÃO,ENTRE 2 MOTOS. C/V,,2,,,,,,,,2,,,,,,,,,,,,,,,,,,
2018-06-17,22:48:00,COM VÍTIMA,FINALIZADA,TORRE,RUA DOM MANOEL DA COSTA,0,,,CRUZANDO A R REAL DA TORRE - SEMÁFORO 192,RUA DOM MANOEL DA COSTA,,CRUZANDO A R REAL DA TORRE - SEMÁFORO 192,TORRE,COLISÃO,ENTRE AUTO E MOTO. C/V,1,1,,,,,,,,1,,,,,,,,,,,,,,,,,,
2018-06-18,06:35:00,COM VÍTIMA,FINALIZADA,DOIS IRMAOS,RUA MANUEL DE MEDEIROS,0,,,PROX. A RURAL,RUA MANUEL DE MEDEIROS,,PROX. A RURAL,DOIS IRMÃOS,COLISÃO,AUTO E MOTO,1,1,,,,,,,,1,,,,,,,,,,,,,,,,,,
2018-06-18,07:11:00,COM VÍTIMA,FINALIZADA,CAJUEIRO,AV BEBERIBE,4,3255,,EM FRENTE A IGREJA UNIVERSAL E A LOJA LP MOTOS PEÇAS E SERVIÇOS,AV BEBERIBE,3255,EM FRENTE A IGREJA UNIVERSAL E A LOJA LP MOTOS PEÇAS E SERVIÇOS,CAJUEIRO,COLISÃO,COLIS]ÃO COM VITIMA A ESPERA DO SAMU,1,1,,,,,,,,1,,,,,,,,,,,,,,,,,,
2018-06-18,07:39:00,COM VÍTIMA,FINALIZADA,VARZEA,RUA VALE DO SIRIJI,0,,,EM FRENTE A ESCOLA MUNICIPAL PROFESSOR JOAO FRANCISCO DE SOUZA,RUA VALE DO SIRIJI,,EM FRENTE A ESCOLA MUNICIPAL PROFESSOR JOAO FRANCISCO DE SOUZA,VÁRZEA,COLISÃO,AUTO E MOTO,1,1,,,,,,,,1,,,,,,,,,,,,,,,,,,
2018-06-18,10:01:00,COM VÍTIMA,FINALIZADA,SAO JOSE,RUA IMPERIAL,4,2237,,EM FRENTE A BRASIL GAS,RUA IMPERIAL,2237,EM FRENTE A BRASIL GAS,SÃO JOSÉ,ATROPELAMENTO,CAMINHÃO E PEDESTRE,,,,,1,,1,,,1,,,,,,,,,,,,,,,,,,
2018-06-18,10:43:00,COM VÍTIMA,FINALIZADA,BOA VIAGEM,RUA ERNESTO DE PAULA SANTOS,0,,,PROX A FACULDADE MAURICIO DE NASSAU EM FRENTE AO POSTO DE GASOLINA BR,RUA ERNESTO DE PAULA SANTOS,,PROX A FACULDADE MAURICIO DE NASSAU EM FRENTE AO POSTO DE GASOLINA BR,BOA VIAGEM,COLISÃO,COLISÃO COM VITIMA A ESPERA DO SAMU,1,1,,,,,,,,1,,,,,,,,,,,,,,,,,,
2018-06-18,10:57:00,COM VÍTIMA,FINALIZADA,IPUTINGA,AV CAXANGA,0,,EST DO BARBALHO,COM ESTRADA DO BARBALHO  SEMÁFORO 533  SENTIDO CIDADE.,AV CAXANGA,,COM ESTRADA DO BARBALHO  SEMÁFORO 533  SENTIDO CIDADE.,IPUTINGA,COLISÃO,COLISÃO COM VÍTIMA  ENVOLVENDO 2 MOTOCICLETAS.,,2,,,,,,,,1,,,,,,,,,,,,,,,,,,
2018-06-18,14:13:00,COM VÍTIMA,FINALIZADA,NOVA DESCOBERTA,RUA ALTO DO REFUGIO,2,65,,PROXIMO AO LAVA JATO DE MANI,RUA ALTO DO REFUGIO,65,PROXIMO AO LAVA JATO DE MANI,NOVA DESCOBERTA,COLISÃO,COLISÃO COM VÍTIMA,1,1,,,,,,,,1,,,,,,,,,,,,,,,,,,
2018-06-18,16:49:00,COM VÍTIMA,FINALIZADA,BOA VIAGEM,AV ENGENHEIRO DOMINGOS FERREIRA,4,1500,,EM FRENTE AO SPETTUS,AV ENGENHEIRO DOMINGOS FERREIRA,1500,EM FRENTE AO SPETTUS,BOA VIAGEM,COLISÃO,COLISÃO COM VÍTIMA,1,1,,,,,,,,1,,,,,,,,,,,,,,,,,,
2018-06-18,18:17:00,COM VÍTIMA,FINALIZADA,ARRUDA,AV PROFESSOR JOSE DOS ANJOS,4,1259,RUA DA REGENERACAO,ESQUINA COM A RUA DA REGENERACAO BEIRANDO O CANAL,AV PROFESSOR JOSE DOS ANJOS,1259,ESQUINA COM A RUA DA REGENERACAO BEIRANDO O CANAL,ARRUDA,COLISÃO,SANDERO X MOTO,1,1,,,,,,,,1,,,,,,,,,,,,,,,,,,
2018-06-19,12:03:00,COM VÍTIMA,FINALIZADA,BOA VIAGEM,AV BOA VIAGEM,4,4700,,APOS A PRACINHA DE BOA VIAGEM,AV BOA VIAGEM,4700,APOS A PRACINHA DE BOA VIAGEM,BOA VIAGEM,COLISÃO,COLISAO ENTRE AUTO E MOTO COM UMA VITIMA,1,1,,,,,,,,1,,,,,,,,,,,,,,,,,,
2018-06-19,12:13:00,COM VÍTIMA,FINALIZADA,BOA VIAGEM,AV DOM JOAO VI,0,,,ANTES DO TUNEL/ SENTIDO PIEDADE,AV DOM JOAO VI,,ANTES DO TUNEL/ SENTIDO PIEDADE,BOA VIAGEM,COLISÃO,COLISÃO SEM VÍTIMA,3,,,,,,,,,1,,,,,,,,,,,,,,,,,,
2018-06-20,01:38:00,COM VÍTIMA,FINALIZADA,IMBIRIBEIRA,AV MARECHAL MASCARENHAS DE MORAES,0,,,PRÓX A UNIVERSO  SENTIDO AFOGADOS,AV MARECHAL MASCARENHAS DE MORAES,,PRÓX A UNIVERSO  SENTIDO AFOGADOS,IMBIRIBEIRA,CHOQUE,VEÍCULO CHOCOU-SE CONTRA UM POSTE. C/V,1,,,,,,,,,1,,,,,,,,,,,,,,,,,,
2018-06-20,08:19:00,COM VÍTIMA,FINALIZADA,IBURA,AV DOIS RIOS,2,84,,EM FRENTE AO LABORATORIO GILSON CIDRIN,AV DOIS RIOS,84,EM FRENTE AO LABORATORIO GILSON CIDRIN,IBURA,COLISÃO,MOTO E AUTO,1,1,,,,,,,,2,,,,,,,,,,,,,,,,,,
2018-06-20,10:10:00,COM VÍTIMA,FINALIZADA,ESPINHEIRO,RUA QUARENTA E OITO,3,443,,,RUA QUARENTA E OITO,443,,ESPINHEIRO,CHOQUE,ÔNIBUS CHOCOU COM UMA PLACA E AMESMA ATINGIU O RESPONSÁVEL POR UMA OBRA QUE OCORRE NO QTH  EQUIPE DA CCTU NO LOCAL,,,,,,1,,,,1,,,,,,,,,,,,,,,,,,
2018-06-20,10:30:00,COM VÍTIMA,FINALIZADA,BOA VIAGEM,AV PRESIDENTE DUTRA,0,,,DESCIDA DO VIADUTO TANCREDO NEVES,AV PRESIDENTE DUTRA,,DESCIDA DO VIADUTO TANCREDO NEVES,BOA VIAGEM,COLISÃO,4 VÍTIMAS,1,,,,,2,,,,4,,,,,,,,,,,,,,,,,,
2018-06-20,12:20:00,COM VÍTIMA,FINALIZADA,AREIAS,AV RECIFE,0,,,E/F A PIZZARIA ATLANTICO S/T CID SUB NO SEMAFORO 617,AV RECIFE,,E/F A PIZZARIA ATLANTICO S/T CID SUB NO SEMAFORO 617,AREIAS,COLISÃO,COLISAO ENTRE QUATRO AUTOS E DOIS CAMINHOES,4,,,,,,2,,,1,,,,,,,,,,,,,,,,,,
2018-06-21,10:04:00,COM VÍTIMA,FINALIZADA,MACAXEIRA,AV NORTE,0,,,ROTATORIA DA MACAXEIRA,AV NORTE,,ROTATORIA DA MACAXEIRA,MACAXEIRA,TOMBAMENTO,MOTO DERRAPU EM VIRTUDE DE ÓLEO NA VIA,,1,,,,,,,,2,,,,,,,,,,,,,,,,,,
2018-06-21,15:12:00,COM VÍTIMA,FINALIZADA,AFOGADOS,RUA VINTE E UM DE ABRIL,0,,,PRÓXIMO AO MERCADO PÚBLICO,RUA VINTE E UM DE ABRIL,,PRÓXIMO AO MERCADO PÚBLICO,AFOGADOS,COLISÃO,COLISÃO ENTRE AUTO E MOTO COM 1 VÍTIMA,1,1,,,,,,,,1,,,,,,,,,,,,,,,,,,
2018-06-21,15:52:00,COM VÍTIMA,FINALIZADA,SAO JOSE,AV SUL,0,,,PRAÇA SERGIO LORETO- POSTO BR,AV SUL,,PRAÇA SERGIO LORETO- POSTO BR,SÃO JOSÉ,COLISÃO,COLISÃO COM VITIMA,1,1,,,,,,,,1,,,,,,,,,,,,,,,,,,
2018-06-21,16:22:00,COM VÍTIMA,FINALIZADA,TEJIPIO,AV DR JOSE RUFINO,0,,,EM FRENTE AO 4 BCOM,AV DR JOSE RUFINO,,EM FRENTE AO 4 BCOM,TEJIPIÓ,COLISÃO,COLISÃO COM VITIMA,1,1,,,,,,,,1,,,,,,,,,,,,,,,,,,
2018-06-21,17:00:00,COM VÍTIMA,FINALIZADA,CORDEIRO,RUA ODETE MONTEIRO,2,36,,PROX. AO POSTO PETROCAL,RUA ODETE MONTEIRO,36,PROX. AO POSTO PETROCAL,CORDEIRO,COLISÃO,AUTO E MOTO,1,1,,,,,,,,1,,,,,,,,,,,,,,,,,,
2018-06-21,17:53:00,COM VÍTIMA,FINALIZADA,IPUTINGA,AV CAXANGA,4,3124,,APOS O EXTRA E/F MOVIDA AUTOS S/T CAMARAGIBE,AV CAXANGA,3124,APOS O EXTRA E/F MOVIDA AUTOS S/T CAMARAGIBE,IPUTINGA,COLISÃO,COLISAO ENTRE AUTO E MOTO COM UMA VITIMA,1,1,,,,,,,,1,,,,,,,,,,,,,,,,,,
2018-06-21,18:58:00,VÍTIMA FATAL,FINALIZADA,TAMARINEIRA,AV PROFESSOR JOSE DOS ANJOS,1,5,,ANTES DO SESC DE CASA AMARELA  NA RUA DO CAMPO DE ANTÔNIO LUIZ NETO,AV PROFESSOR JOSE DOS ANJOS,5,ANTES DO SESC DE CASA AMARELA  NA RUA DO CAMPO DE ANTÔNIO LUIZ NETO,TAMARINEIRA,ATROPELAMENTO,ENTRE CICLISTA E AUTO. C/V,1,,,,1,,,,,0,1,,,,,,,,,,,,,,,,,
2018-06-21,21:27:00,COM VÍTIMA,FINALIZADA,BOA VIAGEM,RUA DEZ DE JULHO,0,,RUA VINTE DE JANEIRO,COM A RUA 20 DE JANEIRO,RUA DEZ DE JULHO,,COM A RUA 20 DE JANEIRO,BOA VIAGEM,COLISÃO,COLISÃO ONIBUS E AUTO COM VITIMA,1,,,,,1,,,,1,,,,,,,,,,,,,,,,,,
2018-06-22,12:28:00,COM VÍTIMA,FINALIZADA,IBURA,AV DOIS RIOS,4,1289,,PROX. A POLICLINICA  EM FRENTE A IGREJA PAZ E VIDA,AV DOIS RIOS,1289,PROX. A POLICLINICA  EM FRENTE A IGREJA PAZ E VIDA,IBURA,COLISÃO,MOTO E AUTO,1,1,,,,,,,,1,,,,,,,,,,,,,,,,,,
2018-06-22,13:14:00,COM VÍTIMA,FINALIZADA,CAXANGA,RUA MARECHAL MANOEL LUIS OSORIO,2,85,,EM FRENTE AO EDF. RIO PUROS  E AO HAPIVIDA,RUA MARECHAL MANOEL LUIS OSORIO,85,EM FRENTE AO EDF. RIO PUROS  E AO HAPIVIDA,CAXANGÁ,ATROPELAMENTO,AUTO E PEDESTRE,1,,,,1,,,,,1,,,,,,,,,,,,,,,,,,
2018-06-22,13:52:00,COM VÍTIMA,FINALIZADA,CABANGA,AV SUL,0,,,NA ENTRADA DO CABANGA  SENTIDO CID/SUB. ÁPOS O SEMÁFORO 260  PRÓXIMO A PARADA DE ÔNIBUS 180009,AV SUL,,NA ENTRADA DO CABANGA  SENTIDO CID/SUB. ÁPOS O SEMÁFORO 260  PRÓXIMO A PARADA DE ÔNIBUS 180009,CABANGA,COLISÃO COM CICLISTA,ONIBUS E CICLISTA,,,,2,,1,,,,2,,,,,,,,,,,,,,,,,,
2018-06-22,14:00:00,COM VÍTIMA,FINALIZADA,IBURA,AV RECIFE,4,2801,,APOS O POSTO DE GASOLINA FEDERAL  EM FRENTE A MERCANTIL BATERIAS,AV RECIFE,2801,APOS O POSTO DE GASOLINA FEDERAL  EM FRENTE A MERCANTIL BATERIAS,IBURA,COLISÃO,MOTO E DOIS AUTOS,2,1,,,,,,,,1,,,,,,,,,,,,,,,,,,
2018-06-22,14:21:00,COM VÍTIMA,FINALIZADA,DERBY,AV GOVERNADOR AGAMENON MAGALHAES,0,,,HENRIQUE DIAS E/F AO BRADESCO PRIME,AV GOVERNADOR AGAMENON MAGALHAES,,HENRIQUE DIAS E/F AO BRADESCO PRIME,DERBY,COLISÃO,HONDA CG 150 X UNO WAY,,,,,,,,,,1,,,,,,,,,,,,,,,,,,
2018-06-22,18:44:00,COM VÍTIMA,FINALIZADA,CASA FORTE,RUA DA HARMONIA,0,,,EM FRENTE DA MERCEARIA DO SEU ARTHU/AO LADO DA CASA DE FESTA PLANETA A,RUA DA HARMONIA,,EM FRENTE DA MERCEARIA DO SEU ARTHU/AO LADO DA CASA DE FESTA PLANETA A,CASA FORTE,COLISÃO,AUTO E MOTO C/V,1,1,,,,,,,,1,,,,,,,,,,,,,,,,,,
2018-06-23,13:02:00,COM VÍTIMA,FINALIZADA,CAXANGA,AV CAXANGA,0,,,EM FRNTE AO BANCO BRADESCO /COM O MUSEU DA ABOLICAO,AV CAXANGA,,EM FRNTE AO BANCO BRADESCO /COM O MUSEU DA ABOLICAO,CAXANGÁ,COLISÃO,AUTO E MOTO,1,1,,,,,,,,1,,,,,,,,,,,,,,,,,,
2018-06-23,13:29:00,COM VÍTIMA,FINALIZADA,ROSARINHO,AV NORTE,2,33,,EM FRENTE AO POSTO SHELL,AV NORTE,33,EM FRENTE AO POSTO SHELL,ROSARINHO,COLISÃO,COLISÃO COM VITIMA,,,,,,,,,,1,,,,,,,,,,,,,,,,,,
2018-06-23,21:44:00,COM VÍTIMA,FINALIZADA,CORDEIRO,RUA GOMES TABORDA,3,376,,EM FRENTE AO APPLE MOTEL  PROX DA MADEREIRA SÃO JUDAS TADEU  SGT MATRICULA 9854946 DESPACHANTE DO CIODS 12º BPM,RUA GOMES TABORDA,376,EM FRENTE AO APPLE MOTEL  PROX DA MADEREIRA SÃO JUDAS TADEU,CORDEIRO,COLISÃO,SARG INFORMA QUE OS PROPRIETARIOS SE EVADIRAM DO LOCAL DEIXANDO OS AUTOS NA VIA COM CHAVE NA INGUINICAO LOCAL RUA DA LAMA,,,,,,,,,,1,,,,,,,,,,,,,,,,,,
2018-06-24,07:32:00,COM VÍTIMA,FINALIZADA,APIPUCOS,RUA DOIS IRMAOS,0,,,EM FRENTE A FACULDADE MARISTA E O 11º BPM,RUA DOIS IRMAOS,,EM FRENTE A FACULDADE MARISTA E O 11º BPM,APIPUCOS,COLISÃO,COLISÃO SEM VÍTIMA ENTRE UM AUTO E MOTO,1,1,,,,,,,,1,,,,,,,,,,,,,,,,,,
2018-06-24,08:16:00,COM VÍTIMA,FINALIZADA,MANGUEIRA,RUA DR JOAO ELISIO,3,241,,RESIDENCIA EM FRENTE A IGREJA PENTECOSTAL CASA DE ORAÇÃO E AO BAR DO FRANÇA,RUA DR JOAO ELISIO,241,RESIDENCIA EM FRENTE A IGREJA PENTECOSTAL CASA DE ORAÇÃO E AO BAR DO FRANÇA,MANGUEIRA,CHOQUE,CONDUTOR BATEU CONTRA POSTE VITIMAS A ESPERA DO SAMU,,1,,,,,,,,2,,,,,,,,,,,,,,,,,,
2018-06-24,11:25:00,COM VÍTIMA,FINALIZADA,BOA VIAGEM,AV ENGENHEIRO DOMINGOS FERREIRA,0,,,PRÓXIMO À DELEGACIA DE POLICIA E O MUNDO DO CABELEREIRO,AV ENGENHEIRO DOMINGOS FERREIRA,,PRÓXIMO À DELEGACIA DE POLICIA E O MUNDO DO CABELEREIRO,BOA VIAGEM,COLISÃO,COM VITIMA,2,,,,,,,,,2,,,,,,,,,,,,,,,,,,
2018-06-24,14:20:00,COM VÍTIMA,FINALIZADA,BOA VIAGEM,AV HERCULANO BANDEIRA,0,,,INICIO DA DOMINGOS FERREIRA,AV HERCULANO BANDEIRA,,INICIO DA DOMINGOS FERREIRA,BOA VIAGEM,COLISÃO,COM VÍTIMA,1,1,,,,,,,,1,,,,,,,,,,,,,,,,,,
2018-06-24,14:21:00,COM VÍTIMA,FINALIZADA,BOA VIAGEM,RUA WALDEMAR NERY CARNEIRO MONTEIRO,3,500,,PROXIMO AO CAPS,RUA WALDEMAR NERY CARNEIRO MONTEIRO,500,PROXIMO AO CAPS,BOA VIAGEM,COLISÃO,COLISÃO COM VÍTIMA,,1,,,,1,,,,1,,,,,,,,,,,,,,,,,,
2018-06-24,15:38:00,COM VÍTIMA,FINALIZADA,IPUTINGA,EST DO BARBALHO,0,,,EM FRENTE A CONAB. PRÓXIMO AO DETRAN/PE,EST DO BARBALHO,,EM FRENTE A CONAB. PRÓXIMO AO DETRAN/PE,IPUTINGA,COLISÃO,COM VÍTIMA,1,1,,,,,,,,1,,,,,,,,,,,,,,,,,,
2018-06-25,06:50:00,COM VÍTIMA,FINALIZADA,BOA VISTA,AV GOVERNADOR CARLOS DE LIMA CAVALCANTI,2,75,,E/F AO EDF. QUATRO DE OUTUBRO,AV GOVERNADOR CARLOS DE LIMA CAVALCANTI,75,E/F AO EDF. QUATRO DE OUTUBRO,BOA VISTA,COLISÃO COM CICLISTA,COM UMA VÍTIMA,,,,1,,,,,,1,,,,,,,,,,,,,,,,,,
2018-06-25,08:57:00,COM VÍTIMA,FINALIZADA,IMBIRIBEIRA,AV MARECHAL MASCARENHAS DE MORAES,0,,,PROX A LOCALIZA SENTIDO PRAZERES EM BAIXO DA PASSARELA DO AEROPORTO,AV MARECHAL MASCARENHAS DE MORAES,,PROX A LOCALIZA SENTIDO PRAZERES EM BAIXO DA PASSARELA DO AEROPORTO,IMBIRIBEIRA,COLISÃO,COLISÃO COM VITIMA SOCORRIDO PELOS OS BOMBEIROS,1,1,,,,,,,,2,,,,,,,,,,,,,,,,,,
2018-06-26,16:48:00,COM VÍTIMA,FINALIZADA,SANTO AMARO,AV NORTE,0,,,EM RENTE A TV UNIVERSITARIA  SENTIDO CID/SUB,AV NORTE,,EM RENTE A TV UNIVERSITARIA  SENTIDO CID/SUB,SANTO AMARO,COLISÃO,AUTO E MOTO,1,1,,,,,,,,1,,,,,,,,,,,,,,,,,,
2018-06-26,17:56:00,COM VÍTIMA,FINALIZADA,CAXANGA,AV CAXANGA,0,,,EM FRENTE AO BANCO SANTANDER. VIA DO MEIO. SENTIDO CIDADE,AV CAXANGA,,EM FRENTE AO BANCO SANTANDER. VIA DO MEIO. SENTIDO CIDADE,CAXANGÁ,TOMBAMENTO,COM VÍTIMA,,1,,,,,,,,1,,,,,,,,,,,,,,,,,,
2018-06-26,18:53:00,COM VÍTIMA,FINALIZADA,PAISSANDU,AV GOVERNADOR AGAMENON MAGALHAES,0,,,SENTIDO OLINDA NA DESCIDA DO VIADUTO ENF - AO HOSPITAL PORTUGUES VIA PRINCIPAL,AV GOVERNADOR AGAMENON MAGALHAES,,SENTIDO OLINDA NA DESCIDA DO VIADUTO ENF - AO HOSPITAL PORTUGUES VIA PRINCIPAL,PAISSANDU,COLISÃO,MOTO X COROLA,1,1,,,,,,,,1,,,,,,,,,,,,,,,,,,
2018-06-26,22:52:00,COM VÍTIMA,FINALIZADA,SAO JOSE,RUA IMPERIAL,2,XX,RUA BONSUCESSO,CRUZAMENTO COM A RUA BONSUCESSO,RUA IMPERIAL,XX,CRUZAMENTO COM A RUA BONSUCESSO,SÃO JOSÉ,COLISÃO,AUTO E MOTO,1,1,,,,,,,,1,,,,,,,,,,,,,,,,,,
2018-06-27,10:35:00,COM VÍTIMA,FINALIZADA,JAQUEIRA,RUA DEPUTADO PEDRO PIRES FERREIRA,3,913,,EM FRENTE A GALERIA JAQUEIRA PARK CENTER,RUA DEPUTADO PEDRO PIRES FERREIRA,913,EM FRENTE A GALERIA JAQUEIRA PARK CENTER,JAQUEIRA,COLISÃO,MOTO E AUTO,1,1,,,,,,,,1,,,,,,,,,,,,,,,,,,
2018-06-27,10:55:00,COM VÍTIMA,FINALIZADA,AREIAS,AV DR JOSE RUFINO,0,,,NO SEMÁFORO 044,AV DR JOSE RUFINO,,NO SEMÁFORO 044,AREIAS,COLISÃO,COLISÃO COM VÍTIMA,1,1,,,,,,,,1,,,,,,,,,,,,,,,,,,
2018-06-27,19:40:00,COM VÍTIMA,FINALIZADA,BOA VISTA,AV CONDE DA BOA VISTA,4,1526,,PRÓX A C&A E E/F A IGREJA PRESBITERIANA DA BOA VISTA,AV CONDE DA BOA VISTA,1526,PRÓX A C&A E E/F A IGREJA PRESBITERIANA DA BOA VISTA,BOA VISTA,ATROPELAMENTO,PEDESTRE X AUTO. C-/V,1,,,,1,,,,,1,,,,,,,,,,,,,,,,,,
2018-06-28,06:19:00,COM VÍTIMA,FINALIZADA,BOA VISTA,AV VISCONDE DE SUASSUNA,0,,,AO LADO DA CAIXA ECONOMICA  SEMÁFORO 032,AV VISCONDE DE SUASSUNA,,AO LADO DA CAIXA ECONOMICA  SEMÁFORO 032,BOA VISTA,COLISÃO,COM DUAS VÍTIMAS SOCORRIDAS PELOS BOMBEIROS,,,,,,1,1,,,2,,,,,,,,,,,,,,,,,,
2018-06-28,07:48:00,COM VÍTIMA,FINALIZADA,IPSEP,AV RECIFE,0,,,SEMAFORO 247 / SENT BOA VIAGEM,AV RECIFE,,SEMAFORO 247 / SENT BOA VIAGEM,IPSEP,COLISÃO,MOTO E AUTO PASSEIO,1,1,,,,,,,,1,,,,,,,,,,,,,,,,,,
2018-06-28,08:50:00,COM VÍTIMA,FINALIZADA,CAXANGA,AV CAXANGA,0,,,LADO OPOSTO AO PARQUE DE EXPOSIÇÃO - SENTIDO CENTRO,AV CAXANGA,,LADO OPOSTO AO PARQUE DE EXPOSIÇÃO - SENTIDO CENTRO,CAXANGÁ,ACID. DE PERCURSO,,,1,,,,,,,,1,,,,,,,,,,,,,,,,,,
2018-06-28,08:56:00,COM VÍTIMA,FINALIZADA,IMBIRIBEIRA,AV MARECHAL MASCARENHAS DE MORAES,0,,,SENTIDO AFOGADOS AO LADO DA LOCALIZA,AV MARECHAL MASCARENHAS DE MORAES,,SENTIDO AFOGADOS AO LADO DA LOCALIZA,IMBIRIBEIRA,COLISÃO,COLISÃO COM VITIMA A ESPERA DO SAMU,2,,,,,,,,,1,,,,,,,,,,,,,,,,,,
2018-06-28,15:02:00,COM VÍTIMA,FINALIZADA,JORDAO,AV MARIA IRENE,3,865,,E/F POSTO TOTAL  EM JORDAO BAIXO,AV MARIA IRENE,865,E/F POSTO TOTAL  EM JORDAO BAIXO,JORDÃO,ATROPELAMENTO,MOTO E PEDESTRE,1,,,,1,,,,,2,,,,,,,,,,,,,,,,,,
2018-06-28,15:26:00,COM VÍTIMA,FINALIZADA,VARZEA,AV CAXANGA,0,,RUA RIBEIRO PESSOA,COM RUA RIBEIRO PESSOA,AV CAXANGA,,COM RUA RIBEIRO PESSOA,VÁRZEA,COLISÃO,,1,1,,,,,,,,1,,,,,,,,,,,,,,,,,,
2018-06-28,16:36:00,COM VÍTIMA,FINALIZADA,ENCRUZILHADA,AV BEBERIBE,3,111,,PROX. AO MERCADO DA ENCRUZILHADA,AV BEBERIBE,111,PROX. AO MERCADO DA ENCRUZILHADA,ENCRUZILHADA,COLISÃO,AUTO E MOTO,1,1,,,,,,,,1,,,,,,,,,,,,,,,,,,
2018-06-28,16:42:00,COM VÍTIMA,FINALIZADA,NOVA DESCOBERTA,RUA SANTA TEREZA,2,30,,NO TERMINAL DO ONIBUS DE NOVA DESCOBERTA/ CABUGA,RUA SANTA TEREZA,30,NO TERMINAL DO ONIBUS DE NOVA DESCOBERTA/ CABUGA,NOVA DESCOBERTA,COLISÃO,MOTO E ONIBUS,,1,,,,1,,,,1,,,,,,,,,,,,,,,,,,
2018-06-29,07:41:00,COM VÍTIMA,FINALIZADA,PAISSANDU,AV GOVERNADOR AGAMENON MAGALHAES,0,,,EM FRENTE AO RHP,AV GOVERNADOR AGAMENON MAGALHAES,,EM FRENTE AO RHP,PAISSANDU,ACID. DE PERCURSO,QUEDA ACIDENTAL ENVOLVENDO MOTOCICLISTA COM UMA VÍTIMA,,1,,,,,,,,1,,,,,,,,,,,,,,,,,,
2018-06-29,09:21:00,COM VÍTIMA,FINALIZADA,CASA AMARELA,RUA DA HARMONIA,0,,,NO SEMAFORO 598  PROX. A ESCOLA ESTADUAL PADRE MACHADO,RUA DA HARMONIA,,NO SEMAFORO 598  PROX. A ESCOLA ESTADUAL PADRE MACHADO,CASA AMARELA,COLISÃO,DUAS MOTOS,,2,,,,,,,,1,,,,,,,,,,,,,,,,,,
2018-06-29,09:25:00,COM VÍTIMA,FINALIZADA,BOA VIAGEM,RUA DR VICENTE GOMES,3,336,,APOS A LOCALIZA  SENTIDO CIDADE ANTES DO PARQUE DONA LINDU,RUA DR VICENTE GOMES,336,APOS A LOCALIZA  SENTIDO CIDADE ANTES DO PARQUE DONA LINDU,BOA VIAGEM,COLISÃO COM CICLISTA,ATROPELAMENTO A UM CICLISTA,1,,,1,,,,,,1,,,,,,,,,,,,,,,,,,
2018-06-29,10:08:00,COM VÍTIMA,FINALIZADA,AGUA FRIA,AV BEBERIBE,0,,,EM BAIXO DO SEMAFORO 064,AV BEBERIBE,,EM BAIXO DO SEMAFORO 064,ÁGUA FRIA,ATROPELAMENTO,VITIMA A ESPERA DO SAMU VT 08 QTH,,,,,1,1,,,,1,,,,,,,,,,,,,,,,,,
2018-06-29,12:28:00,COM VÍTIMA,FINALIZADA,BONGI,AV ENGENHEIRO ABDIAS DE CARVALHO,0,,,PRÓXIMO AO RESTAURANTE GALETU'S,AV ENGENHEIRO ABDIAS DE CARVALHO,,PRÓXIMO AO RESTAURANTE GALETU'S,BONGI,COLISÃO,COLISÃO ENTRE ÔNIBUS E AUTO COM DUAS VÍTMAS,,,,,,,,,,2,,,,,,,,,,,,,,,,,,
2018-06-29,13:55:00,COM VÍTIMA,FINALIZADA,SAO JOSE,C SANTA RITA,0,,,SOB O SEMÁFORO 076,C SANTA RITA,,SOB O SEMÁFORO 076,SÃO JOSÉ,COLISÃO,01 MOTOCICLETA E UM VEÍCULO  QUE EVADIU-SE DO LOCAL  SEGUNDO INFORMAÇÃO REPASSADA PELO BT,,,,,,,,,,1,,,,,,,,,,,,,,,,,,
2018-06-29,14:34:00,COM VÍTIMA,FINALIZADA,CAMPO GRANDE,RUA MARQUES DE BAIPENDI,0,,,PROXIMO A DISTRIBUIDORA DA COCA COLA,RUA MARQUES DE BAIPENDI,,PROXIMO A DISTRIBUIDORA DA COCA COLA,CAMPO GRANDE,COLISÃO,AUTO E MOTO C/V,1,1,,,,,,,,1,,,,,,,,,,,,,,,,,,
2018-06-29,14:54:00,COM VÍTIMA,FINALIZADA,BONGI,AV ENGENHEIRO ABDIAS DE CARVALHO,0,,,EM FRENTE AO GALETUS,AV ENGENHEIRO ABDIAS DE CARVALHO,,EM FRENTE AO GALETUS,BONGI,COLISÃO,ONIBUS E AUTO PASSEIO,1,,,,,1,,,,2,,,,,,,,,,,,,,,,,,
2018-06-29,16:58:00,COM VÍTIMA,FINALIZADA,BOA VIAGEM,AV DOM JOAO VI,0,,,EM FRENTE AO SHOPPING RECIFE / SENTIDO CANDEIAS,AV DOM JOAO VI,,EM FRENTE AO SHOPPING RECIFE / SENTIDO CANDEIAS,BOA VIAGEM,ATROPELAMENTO,COM VÍTIMA,1,,,,1,,,,,1,,,,,,,,,,,,,,,,,,
2018-06-29,20:56:00,COM VÍTIMA,FINALIZADA,AREIAS,AV DR JOSE RUFINO,0,,,SEMAFORO 044/EM FRENTE AO POSTO SHELL,AV DR JOSE RUFINO,,SEMAFORO 044/EM FRENTE AO POSTO SHELL,AREIAS,COLISÃO,MOTO E AUTO C/V,1,1,,,,,,,,1,,,,,,,,,,,,,,,,,,