data,hora,natureza_acidente,situacao,bairro,endereco,,numero,detalhe_endereco_acidente,complemento,endereco_cruzamento,numero_cruzamento,referencia_cruzamento,bairro_cruzamento,tipo,descricao,auto,moto,ciclom,ciclista,pedestre,onibus,caminhao,viatura,outros,vitimas,vitimasfatais,num_semaforo,sentido_via,acidente_verificado,tempo_clima,situacao_semaforo,sinalizacao,condicao_via,conservacao_via,ponto_controle,situacao_placa,velocidade_max_via,mao_direcao,divisao_via1,divisao_via2,divisao_via3,_id,Protocolo
2018-06-29,22:57:00,COM VÍTIMA,FINALIZADA,BOA VIAGEM,AV BOA VIAGEM,3,770,,PROXIMO AS QUADRA DE TENIS,AV BOA VIAGEM,770,PROXIMO AS QUADRA DE TENIS,BOA VIAGEM,COLISÃO,AUTO E MOTO,1,2,,,,,,,,2,,,,,,,,,,,,,,,,,,
2018-06-30,03:48:00,COM VÍTIMA,FINALIZADA,ESPINHEIRO,RUA CONS PORTELA,0,,,EM FRENTE A IGREJA DO ESPINHEIRO,RUA CONS PORTELA,,EM FRENTE A IGREJA DO ESPINHEIRO,ESPINHEIRO,CAPOTAMENTO,CONDUTOR PERDEU O CONTROLE DO VEÍCULO E CAPOTOU,1,,,,,,,,,1,,,,,,,,,,,,,,,,,,
2018-06-30,08:13:00,COM VÍTIMA,FINALIZADA,MACAXEIRA,AV NORTE,0,,,EM FRENTE A ANTIGA FABRICA DA MACAZEIRA,AV NORTE,,EM FRENTE A ANTIGA FABRICA DA MACAZEIRA,MACAXEIRA,COLISÃO,MOTO E ONIBUS,,1,,,,1,,,,1,,,,,,,,,,,,,,,,,,
2018-06-30,08:14:00,COM VÍTIMA,FINALIZADA,IMBIRIBEIRA,RUA PAMPULHA,0,,RUA ITAJAI,CRUZ COM A RUA ITAJAI EM FRENTE A PANIFICADORA VALE DO RIO DOCE,RUA PAMPULHA,,CRUZ COM A RUA ITAJAI EM FRENTE A PANIFICADORA VALE DO RIO DOCE,IMBIRIBEIRA,COLISÃO,COLISÃO COM VITIMAS A ESPERA DO SAMU,2,1,,,,,,,,2,,,,,,,,,,,,,,,,,,
2018-06-30,14:54:00,COM VÍTIMA,FINALIZADA,MADALENA,AV BEIRA RIO,4,1041,,EM FRENTE AO EDF. ENGENHO MADALENA,AV BEIRA RIO,1041,EM FRENTE AO EDF. ENGENHO MADALENA,MADALENA,COLISÃO,DOIS AUTOS,2,,,,,,,,,2,,,,,,,,,,,,,,,,,,
2018-07-01,04:43:00,COM VÍTIMA,FINALIZADA,AREIAS,AV RECIFE,3,S/N,,ENTRADA DA VILA TAMANDARÉ,AV RECIFE,S/N,ENTRADA DA VILA TAMANDARÉ,AREIAS,COLISÃO,POSTO DE COMBUSTÍVEL BR.,,1,,,,1,,,,1,,,,,,,,,,,,,,,,,,
2018-07-01,09:46:00,COM VÍTIMA,FINALIZADA,IBURA,RUA DOIS RIOS,0,,,IBURA DE BAIXO NA LADEIRA DA COAB,RUA DOIS RIOS,,IBURA DE BAIXO NA LADEIRA DA COAB,IBURA,COLISÃO,COLISÃO COM VITIMA GM QTH,1,1,,,,,,,,1,,,,,,,,,,,,,,,,,,
2018-07-01,18:40:00,COM VÍTIMA,FINALIZADA,JARDIM SAO PAULO,RUA LEANDRO BARRETO,0,,,ENCIMA DO VIADUTO SENTIDO AV SAO PAULO,RUA LEANDRO BARRETO,,ENCIMA DO VIADUTO SENTIDO AV SAO PAULO,JARDIM SÃO PAULO,ENGAVETAMENTO,SIENA X CELTA X UNO,3,,,,,,,,,2,,,,,,,,,,,,,,,,,,
2018-07-02,06:38:00,COM VÍTIMA,FINALIZADA,AGUA FRIA,RUA PROFESSOR JOSE AMARINO DOS REIS,2,15,,E/F AO CONJUNTO EDUARDO CAMPOS,RUA PROFESSOR JOSE AMARINO DOS REIS,15,E/F AO CONJUNTO EDUARDO CAMPOS,ÁGUA FRIA,COLISÃO,COM UMA VÍTIMA,1,1,,,,,,,,1,,,,,,,,,,,,,,,,,,
2018-07-02,10:39:00,COM VÍTIMA,FINALIZADA,BOA VIAGEM,RUA TENENTE JOAO CICERO,3,712,,EM FRENTE A ACADEMIA CORPO LIVRE,RUA TENENTE JOAO CICERO,712,EM FRENTE A ACADEMIA CORPO LIVRE,BOA VIAGEM,COLISÃO,MOTO E AUTO,1,1,,,,,,,,1,,,,,,,,,,,,,,,,,,
2018-07-02,11:06:00,COM VÍTIMA,FINALIZADA,VASCO DA GAMA,RUA AVIADOR REGO BARROS,0,,,PRÓXIMO AO TREZE DO VASCO,RUA AVIADOR REGO BARROS,,PRÓXIMO AO TREZE DO VASCO,VASCO DA GAMA,COLISÃO,COLISÃO COM VÍTIMA  ENTRE AUTO E MOTO,1,1,,,,,,,,1,,,,,,,,,,,,,,,,,,
2018-07-02,16:07:00,COM VÍTIMA,FINALIZADA,ILHA JOANA BEZERRA,RUA MIRANDOPOLIS,3,32A,,EM FRENTE AO DEPOSITO DE BEBIDA JOANA BEZERRA,RUA MIRANDOPOLIS,32A,EM FRENTE AO DEPOSITO DE BEBIDA JOANA BEZERRA,ILHA JOANA BEZERRA,COLISÃO,COLISÃO COM VÍTIMA,,1,,,,1,,,,1,,,,,,,,,,,,,,,,,,
2018-07-02,17:19:00,COM VÍTIMA,FINALIZADA,ILHA DO RETIRO,RUA SPORT CLUBE DO RECIFE,0,,,SEM. 367,RUA SPORT CLUBE DO RECIFE,,SEM. 367,ILHA DO RETIRO,COLISÃO,COM VÍTIMA,1,1,,,,,,,,1,,,,,,,,,,,,,,,,,,
2018-07-02,18:14:00,COM VÍTIMA,FINALIZADA,IPSEP,RUA JEAN EMILE FAVRE,0,,,E/F A FACULDADE BOA VIAGEM,RUA JEAN EMILE FAVRE,,E/F A FACULDADE BOA VIAGEM,IPSEP,COLISÃO,ENTRE AUTO E MOTO. C/V,1,1,,,,,,,,1,,,,,,,,,,,,,,,,,,
2018-07-03,00:58:00,COM VÍTIMA,FINALIZADA,IPUTINGA,AV CAXANGA,0,,,PROX DO HOSPITAL BARÃO DE LUCENA  EM BAIXO DO VIADUTO CAXANGÁ  SENTIDO RECIFE,AV CAXANGA,,PROX DO HOSPITAL BARÃO DE LUCENA  EM BAIXO DO VIADUTO CAXANGÁ  SENTIDO RECIFE,IPUTINGA,COLISÃO,COLISÃO ENTRE MOTO E AUTO C/V,1,1,,,,,,,,1,,,,,,,,,,,,,,,,,,
2018-07-03,07:44:00,COM VÍTIMA,FINALIZADA,BONGI,RUA DELMIRO GOUVEIA,3,333,,ENFRENTE A CHESF  SENTIDO CIDADE SUBURBIO,RUA DELMIRO GOUVEIA,333,ENFRENTE A CHESF  SENTIDO CIDADE SUBURBIO,BONGI,COLISÃO,COLISÃO COM VITIMA,1,1,,,,,,,,1,,,,,,,,,,,,,,,,,,
2018-07-03,12:15:00,COM VÍTIMA,FINALIZADA,BOA VISTA,RUA PRINCESA IZABEL,0,,,E/F A FACULDADE DE DIREITO,RUA PRINCESA IZABEL,,E/F A FACULDADE DE DIREITO,BOA VISTA,COLISÃO,,2,1,,,,,,,,1,,,,,,,,,,,,,,,,,,
2018-07-03,13:34:00,COM VÍTIMA,FINALIZADA,CAXANGA,AV CAXANGA,0,,,EM FRENTE AO RESIDENCIAL CAXANGA/S/SUBURBIO CIDADE,AV CAXANGA,,EM FRENTE AO RESIDENCIAL CAXANGA/S/SUBURBIO CIDADE,CAXANGÁ,COLISÃO,TRES AUTOS C/V,3,,,,,,,,,1,,,,,,,,,,,,,,,,,,
2018-07-03,17:34:00,COM VÍTIMA,FINALIZADA,SANTO AMARO,AV JOAO DE BARROS,0,,,E/B DO VIADUTO DA AV JOÃO DE BARROS SENTIDO CIDADE,AV JOAO DE BARROS,,E/B DO VIADUTO DA AV JOÃO DE BARROS SENTIDO CIDADE,SANTO AMARO,COLISÃO,COLISÃO ENTRE AUTO E MOTO C/V,1,1,,,,,,,,1,,,,,,,,,,,,,,,,,,
2018-07-03,17:36:00,COM VÍTIMA,FINALIZADA,CORDEIRO,RUA SALVADOR ALLENDE,0,,,PROX A CRECHE E LUTANDO QUE SE CONQUISTA/SEMAFORO 088,RUA SALVADOR ALLENDE,,PROX A CRECHE E LUTANDO QUE SE CONQUISTA/SEMAFORO 088,CORDEIRO,COLISÃO,CARRO E MOTO C / V,1,1,,,,,,,,1,,,,,,,,,,,,,,,,,,
2018-07-03,22:15:00,COM VÍTIMA,FINALIZADA,CAMPO GRANDE,EST DE BELEM,0,,RUA ODORIDO MENDES,CRUZAMENTO COM A RUA ODORICO MENDES // SEMAFORO 026,EST DE BELEM,,CRUZAMENTO COM A RUA ODORICO MENDES // SEMAFORO 026,CAMPO GRANDE,COLISÃO,FIESTA PRATA X MOTO,1,1,,,,,,,,1,,,,,,,,,,,,,,,,,,
2018-07-04,12:41:00,COM VÍTIMA,FINALIZADA,TORRE,RUA CONDE DE IRAJA,0,,PRC TORRE,COM PRACA DA TORRE  NO SEMAFORO 409,RUA CONDE DE IRAJA,,COM PRACA DA TORRE  NO SEMAFORO 409,TORRE,COLISÃO,AUTO E MOTO,1,1,,,,,,,,1,,,,,,,,,,,,,,,,,,
2018-07-04,13:03:00,COM VÍTIMA,FINALIZADA,BOA VIAGEM,AV CONSELHEIRO AGUIAR,4,1650,,AO LADO DA MC DONALD.S EM FRENTE A LOJA STUDIO MAISON,AV CONSELHEIRO AGUIAR,1650,AO LADO DA MC DONALD.S EM FRENTE A LOJA STUDIO MAISON,BOA VIAGEM,COLISÃO,COLISÃO COM VITIMA A ESPERA DO SAMU,1,1,,,,,,,,1,,,,,,,,,,,,,,,,,,
2018-07-04,17:14:00,COM VÍTIMA,FINALIZADA,ESTANCIA,AV RECIFE,0,,AV NOSSA SENHORA DE FATIMA,COM AV. NOSSA SENHORA DE FÁTIMA  EM FRENTE AO POSTO TOTAL SENTIDO AEROPORTO.,AV RECIFE,,COM AV. NOSSA SENHORA DE FÁTIMA  EM FRENTE AO POSTO TOTAL SENTIDO AEROPORTO.,ESTÂNCIA,COLISÃO,COLISÃO COM VÍTIMA  ENVOLVENDO 1 MOTO E 1 AUTO.,1,1,,,,,,,,1,,,,,,,,,,,,,,,,,,
2018-07-04,18:54:00,COM VÍTIMA,FINALIZADA,CORDEIRO,RUA CAPITAO ANTONIO DIAS,0,,,PROX AO BOIZINHO BAR/ARENA DO CAMARAO,RUA CAPITAO ANTONIO DIAS,,PROX AO BOIZINHO BAR/ARENA DO CAMARAO,CORDEIRO,COLISÃO,AUTO E MOTO S/V,1,1,,,,,,,,1,,,,,,,,,,,,,,,,,,
2018-07-04,19:25:00,COM VÍTIMA,FINALIZADA,IPUTINGA,AV CAXANGA,0,,,PROX. WAL MART,AV CAXANGA,,PROX. WAL MART,IPUTINGA,ATROPELAMENTO,,1,,,,2,,,,,1,,,,,,,,,,,,,,,,,,
2018-07-04,19:40:00,COM VÍTIMA,FINALIZADA,CAMPO GRANDE,AV GOVERNADOR AGAMENON MAGALHAES,0,,,EM FRENTE AO SHOPING TACARUNA SENTIDO OLINDA RECIFE/EM FRENTE A ANTIGA FABRICA DO TACARUNA,AV GOVERNADOR AGAMENON MAGALHAES,,EM FRENTE AO SHOPING TACARUNA SENTIDO OLINDA RECIFE/EM FRENTE A ANTIGA FABRICA DO TACARUNA,CAMPO GRANDE,COLISÃO,AUTO E MOTO,1,1,,,,,,,,1,,,,,,,,,,,,,,,,,,
2018-07-04,19:46:00,COM VÍTIMA,FINALIZADA,DERBY,RUA JOAO FERNANDES VIEIRA,0,,,EM FRENTE AO HOSPITAL DE FRATURAS,RUA JOAO FERNANDES VIEIRA,,EM FRENTE AO HOSPITAL DE FRATURAS,DERBY,COLISÃO,MOTORISTA BATEU EM UMA CARROÇA,1,,,,,,,,,1,,,,,,,,,,,,,,,,,,
2018-07-04,20:06:00,COM VÍTIMA,FINALIZADA,CORDEIRO,RUA GOMES TABORDA,0,,,PROX VAREJAO KENEDY/ATACAREJO IDEAL,RUA GOMES TABORDA,,PROX VAREJAO KENEDY/ATACAREJO IDEAL,CORDEIRO,COLISÃO,MOTO E PEDESTRE C/V,,1,,,,,,,,1,,,,,,,,,,,,,,,,,,
2018-07-04,00:00:00,COM VÍTIMA,FINALIZADA,ARRUDA,RUA DAS MOCAS,0,,,EM FRENTE AO RESTAURANTE CACULE,RUA DAS MOCAS,,EM FRENTE AO RESTAURANTE CACULE,ARRUDA,COLISÃO,AUTO E MOTO C/V,1,1,,,,,,,,1,,,,,,,,,,,,,,,,,,
2018-07-05,07:53:00,COM VÍTIMA,FINALIZADA,ENCRUZILHADA,AV NORTE,4,2459,,PROX. A JACAUNA,AV NORTE,2459,PROX. A JACAUNA,ENCRUZILHADA,COLISÃO COM CICLISTA,ONIBUS E CICLISTA,,,,1,,1,,,,1,,,,,,,,,,,,,,,,,,
2018-07-05,17:04:00,COM VÍTIMA,FINALIZADA,BOA VIAGEM,RUA BALTAZAR PASSOS,3,515,,E/F A ESCOLA FAZER EVOLUIR,RUA BALTAZAR PASSOS,515,E/F A ESCOLA FAZER EVOLUIR,BOA VIAGEM,COLISÃO,COLISAO ENTRE AUTO E MOTO COM UMA VITIMA,1,1,,,,,,,,1,,,,,,,,,,,,,,,,,,
2018-07-06,07:19:00,COM VÍTIMA,FINALIZADA,MADALENA,AV BEIRA RIO,2,51,,PROX A PRAÇA DA SAUDE / EM FRENTE AO EDF EQUIPAGE,AV BEIRA RIO,51,PROX A PRAÇA DA SAUDE / EM FRENTE AO EDF EQUIPAGE,MADALENA,COLISÃO,AUTO MOTO,1,1,,,,,,,,1,,,,,,,,,,,,,,,,,,
2018-07-06,11:15:00,COM VÍTIMA,FINALIZADA,CAMPO GRANDE,RUA ODORICO MENDES,0,,,EM FRENTE AO SUPERMERCADO STILLOS,RUA ODORICO MENDES,,EM FRENTE AO SUPERMERCADO STILLOS,CAMPO GRANDE,COLISÃO,MOTO E AUTO,1,1,,,,,,,,2,,,,,,,,,,,,,,,,,,
2018-07-06,12:58:00,COM VÍTIMA,FINALIZADA,VARZEA,RUA MARECHAL MANOEL LUIS OSORIO,3,447,,NA ESQUINA DO COLEGIO PONTUAL,RUA MARECHAL MANOEL LUIS OSORIO,447,NA ESQUINA DO COLEGIO PONTUAL,VÁRZEA,COLISÃO,MOTO E AUTO,1,1,,,,,,,,1,,,,,,,,,,,,,,,,,,
2018-07-06,13:03:00,COM VÍTIMA,FINALIZADA,SANTO AMARO,AV GOVERNADOR AGAMENON MAGALHAES,0,,,EM CIMA DO VIADUTO DA IDEPENDENCIA/ SENTIDO OLINDA,AV GOVERNADOR AGAMENON MAGALHAES,,EM CIMA DO VIADUTO DA IDEPENDENCIA/ SENTIDO OLINDA,SANTO AMARO,COLISÃO,COLISÃO COM VÍTIMA,,,,,,,,,,1,,,,,,,,,,,,,,,,,,
2018-07-06,13:50:00,COM VÍTIMA,FINALIZADA,AGUA FRIA,AV BEBERIBE,0,,,MERCADO DE ÁGUA FRIA,AV BEBERIBE,,MERCADO DE ÁGUA FRIA,ÁGUA FRIA,COLISÃO COM CICLISTA,,1,,,,,,,,,1,,,,,,,,,,,,,,,,,,
2018-07-06,14:28:00,COM VÍTIMA,FINALIZADA,MADALENA,AV VISCONDE DE ALBUQUERQUE,0,,,C/ RUA BEM FICA. SEM. 051,AV VISCONDE DE ALBUQUERQUE,,C/ RUA BEM FICA. SEM. 051,MADALENA,ATROPELAMENTO,COM VÍTIMA,1,,,,1,,,,,1,,,,,,,,,,,,,,,,,,
2018-07-06,14:39:00,COM VÍTIMA,FINALIZADA,CASA FORTE,RUA SILVEIRA LOBO,2,46,,PROXIMO A PAGUE MENOS,RUA SILVEIRA LOBO,46,PROXIMO A PAGUE MENOS,CASA FORTE,COLISÃO,COLISÃO COM VÍTIMA,1,1,,,,,,,,1,,,,,,,,,,,,,,,,,,
2018-07-06,14:48:00,COM VÍTIMA,FINALIZADA,BOA VISTA,AV GOVERNADOR CARLOS DE LIMA CAVALCANTI,0,,,EM FRENTE AO LABORATORIO LUCILO MARANHÃO,AV GOVERNADOR CARLOS DE LIMA CAVALCANTI,,EM FRENTE AO LABORATORIO LUCILO MARANHÃO,BOA VISTA,COLISÃO,COLISÃO COM VÍTIMA,1,1,,,,,,,,1,,,,,,,,,,,,,,,,,,
2018-07-06,14:48:00,COM VÍTIMA,FINALIZADA,AFOGADOS,RUA VINTE E UM DE ABRIL,0,,,AO LADO DA COMEDORIA DA PIZZA E FABRICA DO CAFE PETINHO,RUA VINTE E UM DE ABRIL,,AO LADO DA COMEDORIA DA PIZZA E FABRICA DO CAFE PETINHO,AFOGADOS,COLISÃO,AUTO E MOTO,1,1,,,,,,,,1,,,,,,,,,,,,,,,,,,
2018-07-06,23:18:00,COM VÍTIMA,FINALIZADA,ILHA JOANA BEZERRA,AV DES GUERRA BARRETO,0,,,AO LADO DO FORUM DE JOANA BEZERRA SENTIDO ILHA DO RETIRO SEMAFORO 038,AV DES GUERRA BARRETO,,AO LADO DO FORUM DE JOANA BEZERRA SENTIDO ILHA DO RETIRO SEMAFORO 038,JOANA BEZERRA,COLISÃO,MOTO X AUTO,1,1,,,,,,,,1,,,,,,,,,,,,,,,,,,
2018-07-07,09:16:00,COM VÍTIMA,FINALIZADA,CORDEIRO,RUA GOMES TABORDA,4,1645,,EM FRENTE A CASA DAS BATERIAS HERBO,RUA GOMES TABORDA,1645,EM FRENTE A CASA DAS BATERIAS HERBO,CORDEIRO,COLISÃO,COLISÃO COM VITIMA A ESPERA DO SAMU,1,1,,,,,,,,1,,,,,,,,,,,,,,,,,,
2018-07-07,20:04:00,COM VÍTIMA,FINALIZADA,TORROES,AV BICENTENARIO DA REVOLUCAO FRANCESA,0,,,E/F AO TERMINAL DE RODA DE FOGO,AV BICENTENARIO DA REVOLUCAO FRANCESA,,E/F AO TERMINAL DE RODA DE FOGO,TORRÕES,COLISÃO,ENTRE AUTO E MOTO. C/V,1,1,,,,,,,,1,,,,,,,,,,,,,,,,,,
2018-07-07,23:54:00,COM VÍTIMA,FINALIZADA,CASA FORTE,AV DEZESSETE DE AGOSTO,2,59,,E/F AO RESTAURANTE BARCHEF,AV DEZESSETE DE AGOSTO,59,E/F AO RESTAURANTE BARCHEF,CASA FORTE,COLISÃO,ENTRE TÁXI E MOTO. C/V,1,1,,,,,,,,1,,,,,,,,,,,,,,,,,,
2018-07-08,02:34:00,COM VÍTIMA,FINALIZADA,BOA VIAGEM,AV ENGENHEIRO DOMINGOS FERREIRA,0,,RUA BRUNO VELOSO,CRUZAMENTO COM A RUA BRUNO VELOSO // NA SAÍDA DO SHOPPING // EM FRENTE A FARMÁCIA DROGASIL E LAÇA BURGUER,AV ENGENHEIRO DOMINGOS FERREIRA,,CRUZAMENTO COM A RUA BRUNO VELOSO // NA SAÍDA DO SHOPPING // EM FRENTE A FARMÁCIA DROGASIL E LAÇA BURGUER,BOA VIAGEM,COLISÃO,COLISÃO ENTRE AUTO E VIATURA DA POLÍCIA MILITAR  COM VÍTIMAS,1,,,,,,,1,,3,,,,,,,,,,,,,,,,,,
2018-07-08,10:43:00,COM VÍTIMA,FINALIZADA,TAMARINEIRA,EST DO ARRAIAL,4,2224,RUA CONEGO BARATA,TRANSVERSAL COM A CONEGO BARATA EM FRENTE A CASAS JOSE ARAUJO,EST DO ARRAIAL,2224,TRANSVERSAL COM A CONEGO BARATA EM FRENTE A CASAS JOSE ARAUJO,TAMARINEIRA,COLISÃO,COLISÃO COM VITIMA SOCORRIDA PELO SAMU,2,,,,,,,,,1,,,,,,,,,,,,,,,,,,
2018-07-08,18:51:00,VÍTIMA FATAL,FINALIZADA,ILHA JOANA BEZERRA,RUA CAPITAO TEMUDO,0,,,POR CIMA DO VIADUTO  SNT BOA VIAGEM,VIADUTO CAPITAO TEMUDO,,POR CIMA DO VIADUTO  SNT BOA VIAGEM,ILHA JOANA BEZERRA,CHOQUE,SEGUNDO As INFORMAÇÕES DO SD  O VEÍCULO EM QUESTÃO PERDEU O CONTROLE E SE CHOCOU CONTRA UMA MURETA POR CIMA DO VIADUTO  CAUSANDO O ÓBITO DO CONDUTOR.,1,,,,,,1,,,,1,,,,,,,,,,,,,,,,,
2018-07-09,07:22:00,COM VÍTIMA,FINALIZADA,BONGI,EST DO BONGI,3,132,,PROX. AO POSTO BR  SENTIDO PRADO  SEMAFORO 100,EST DO BONGI,132,PROX. AO POSTO BR  SENTIDO PRADO  SEMAFORO 100,BONGI,COLISÃO,CARRETA E MOTO C/V,,1,,,,,1,,,1,,,,,,,,,,,,,,,,,,
2018-07-09,08:02:00,COM VÍTIMA,FINALIZADA,BEBERIBE,AV BEBERIBE,4,2740,,ENFRENTE AO MERCADINHO KLM,AV BEBERIBE,2740,ENFRENTE AO MERCADINHO KLM,BEBERIBE,COLISÃO COM CICLISTA,ONIBUS E CICLISTA  SAMU NO LOCAL,,,,1,,1,,,,1,,,,,,,,,,,,,,,,,,
2018-07-09,11:04:00,COM VÍTIMA,FINALIZADA,CASA AMARELA,EST DO ARRAIAL,0,,,LADO OPOSTO DO MERCADO DE CASA AMARELA,EST DO ARRAIAL,,LADO OPOSTO DO MERCADO DE CASA AMARELA,CASA AMARELA,COLISÃO COM CICLISTA,MOTO BICICLETA / VT 07 NO QTH,,1,,1,,,,,,1,,,,,,,,,,,,,,,,,,
2018-07-09,13:08:00,COM VÍTIMA,FINALIZADA,SANTO AMARO,AV NORTE,0,,,SEMAFORO 097 - EM FRENTE A IGREJA S. SEBASTIÃO,AV NORTE,,SEMAFORO 097 - EM FRENTE A IGREJA S. SEBASTIÃO,SANTO AMARO,COLISÃO,COLISÃO COM VITIMA,1,1,,,,,,,,1,,,,,,,,,,,,,,,,,,
2018-07-09,15:39:00,COM VÍTIMA,FINALIZADA,HIPODROMO,RUA MARQUES DE BAIPENDI,2,82,,E/F AO CALDINHO DA ZEZE VT 13 NO LOCAL,RUA MARQUES DE BAIPENDI,82,E/F AO CALDINHO DA ZEZE VT 13 NO LOCAL,HIPÓDROMO,COLISÃO,COLISAO ENTRE DOIS AUTOS COM UMA VITIMA,2,,,,,,,,,1,,,,,,,,,,,,,,,,,,
2018-07-09,18:30:00,COM VÍTIMA,FINALIZADA,SAN MARTIN,AV GENERAL SAN MARTIN,0,,,E/F A PRAÇA DE SAN MARTIN,AV GENERAL SAN MARTIN,,E/F A PRAÇA DE SAN MARTIN,SAN MARTIN,COLISÃO,ENTRE AUTO E MOTO. C/V,1,1,,,,,,,,1,,,,,,,,,,,,,,,,,,
2018-07-10,07:37:00,COM VÍTIMA,FINALIZADA,BOA VISTA,RUA BISPO CARDOSO AYRES,0,,,EM FRENTE A FACULDADE ESUDA,RUA BISPO CARDOSO AYRES,,EM FRENTE A FACULDADE ESUDA,BOA VISTA,COLISÃO,COLISÃO COM VITIMA A ESPERA DO SAMU,1,1,,,,,,,,1,,,,,,,,,,,,,,,,,,
2018-07-10,08:05:00,COM VÍTIMA,FINALIZADA,CAMPO GRANDE,EST DE BELEM,4,1795,,EM FRENTE AO POSTO DE GASOLINA TOTAL,EST DE BELEM,1795,EM FRENTE AO POSTO DE GASOLINA TOTAL,CAMPO GRANDE,COLISÃO,COLISÃO COM VITIMA A ESPERA DO SAMU,1,1,,,,,,,,1,,,,,,,,,,,,,,,,,,
2018-07-10,13:39:00,COM VÍTIMA,FINALIZADA,MADALENA,RUA JOSE BONIFACIO,3,272,,PRÓXIMO À IGREJA METODISTA E AO HOSPITAL DE ÁVILA,RUA JOSE BONIFACIO,272,PRÓXIMO À IGREJA METODISTA E AO HOSPITAL DE ÁVILA,MADALENA,COLISÃO,COLISÃO COM VÍTIMA,,,,,,,,,,1,,,,,,,,,,,,,,,,,,
2018-07-10,17:42:00,COM VÍTIMA,FINALIZADA,IMBIRIBEIRA,VDO PRESIDENTE TANCREDO NEVES,0,,,ALÇA DE ACESSO À IMBIRIBEIRA/AFOGADOS,VIADUTO TANCREDO NEVES,,ALÇA DE ACESSO À IMBIRIBEIRA/AFOGADOS,IMBIRIBEIRA,COLISÃO COM CICLISTA,COM VÍTIMA,,,,,,1,,,,1,,,,,,,,,,,,,,,,,,
2018-07-10,20:30:00,COM VÍTIMA,FINALIZADA,AFOGADOS,RUA COSME VIANA,0,,,APOS O CRUZAMENTO DA RUA VELHA COM O BOJI/EM FRENTE A SERTEL,RUA COSME VIANA,,APOS O CRUZAMENTO DA RUA VELHA COM O BOJI/EM FRENTE A SERTEL,AFOGADOS,COLISÃO,MOTO E AUTO C/V,1,1,,,,,,,,2,,,,,,,,,,,,,,,,,,
2018-07-10,21:10:00,COM VÍTIMA,FINALIZADA,TEJIPIO,RUA APRIGIO GUIMARAES,3,S/N,,EM FRENTE AO HOSPITAL OTAVIO DE FREITAS,RUA APRIGIO GUIMARAES,S/N,EM FRENTE AO HOSPITAL OTAVIO DE FREITAS,TEJIPIÓ,COLISÃO,XX,1,1,,,,,,,,2,,,,,,,,,,,,,,,,,,
2018-07-11,07:57:00,COM VÍTIMA,FINALIZADA,ALTO JOSE BONIFACIO,RUA ALTO JOSE BONIFACIO,0,,,NA SUBIDA DO ALTO JOSE BONIFACIO,RUA ALTO JOSE BONIFACIO,,NA SUBIDA DO ALTO JOSE BONIFACIO,ALTO JOSÉ BONIFÁCIO,COLISÃO,COLISÃO COM VITIMA A ESPERA DO SAMU,,1,,,,1,,,,1,,,,,,,,,,,,,,,,,,
2018-07-11,16:36:00,COM VÍTIMA,FINALIZADA,IPSEP,AV RAIMUNDO DINIZ,0,,AV RECIFE,SEMAFORO 247 - COM A AVENIDA RECIFE,AV RAIMUNDO DINIZ,,SEMAFORO 247 - COM A AVENIDA RECIFE,IPSEP,COLISÃO,COLISÃO COM VITIMA,,,,,,,,,,1,,,,,,,,,,,,,,,,,,
2018-07-11,16:43:00,COM VÍTIMA,FINALIZADA,CORDEIRO,RUA MAURICIO DE NASSAU,0,,RUA LUIZ CARLOS GUILHERME,COM A RUA LUIZ CARLOS GUILHERME,RUA MAURICIO DE NASSAU,,COM A RUA LUIZ CARLOS GUILHERME,CORDEIRO,ACID. DE PERCURSO,,,1,,,,,,,,1,,,,,,,,,,,,,,,,,,
2018-07-11,21:11:00,COM VÍTIMA,FINALIZADA,PAISSANDU,AV GOVERNADOR AGAMENON MAGALHAES,0,,RUA DO PAISSANDU,AO LADO DO HOSPITAL PORTUGUES SEMAFORO 069 COM A RUA DO PAISSANDU,AV GOVERNADOR AGAMENON MAGALHAES,,AO LADO DO HOSPITAL PORTUGUES SEMAFORO 069 COM A RUA DO PAISSANDU,PAISSANDU,CHOQUE,FOX X BARRA DE CONCRETO OBS:: TEM OLEO NA PISTA,1,,,,,,,,1,1,,,,,,,,,,,,,,,,,,
2018-07-12,06:14:00,COM VÍTIMA,FINALIZADA,BOA VIAGEM,AV ENGENHEIRO DOMINGOS FERREIRA,0,,,SEMAFORO 200 / EM FRENTE A ESCOLA MUNICIPAL OSVALDO LIMA FILHO,AV ENGENHEIRO DOMINGOS FERREIRA,,SEMAFORO 200 / EM FRENTE A ESCOLA MUNICIPAL OSVALDO LIMA FILHO,BOA VIAGEM,COLISÃO,ONIBUS E MOTO,,1,,,,1,,,,2,,,,,,,,,,,,,,,,,,
2018-07-12,07:18:00,COM VÍTIMA,FINALIZADA,CASA AMARELA,AV NORTE,0,,AV PROFESSOR JOSE DOS ANJOS,EM FRENTE AO SESC,AV NORTE,,EM FRENTE AO SESC,CASA AMARELA,COLISÃO COM CICLISTA,MOTO E BICICLETA VT 06 NOQTH,,1,,1,,,,,,1,,,,,,,,,,,,,,,,,,
2018-07-12,12:21:00,COM VÍTIMA,FINALIZADA,BOA VISTA,RUA PRINCESA IZABEL,3,410,,EM FRENTE A CAMARA MUNICIPAL E FACULDADE DE DIREITO,RUA PRINCESA IZABEL,410,EM FRENTE A CAMARA MUNICIPAL E FACULDADE DE DIREITO,BOA VISTA,ATROPELAMENTO,AUTO E PEDESTRE,1,,,,1,,,,,1,,,,,,,,,,,,,,,,,,
2018-07-12,13:53:00,COM VÍTIMA,FINALIZADA,CAMPO GRANDE,EST DE BELEM,4,1303,,APOS O COLEGIO JESUS CRUCIFICADO E/F A PADARIA PAN DOÇURA,EST DE BELEM,1303,APOS O COLEGIO JESUS CRUCIFICADO E/F A PADARIA PAN DOÇURA,CAMPO GRANDE,COLISÃO,COLISAO ENTRE AUTO E MOTO COM UMA VITIMA,1,1,,,,,,,,1,,,,,,,,,,,,,,,,,,
2018-07-12,15:02:00,COM VÍTIMA,FINALIZADA,SAO JOSE,RUA FLORIANO PEIXOTO,0,,,EM FRENTE AO PORTÃO DE SAÍDA DA ESTAÇÃO CENTRAL DO RECIFE,RUA FLORIANO PEIXOTO,,EM FRENTE AO PORTÃO DE SAÍDA DA ESTAÇÃO CENTRAL DO RECIFE,SÃO JOSÉ,ATROPELAMENTO,ATROPELAMENTO COM VÍTIMA,,,,,1,1,,,,1,,,,,,,,,,,,,,,,,,