data,hora,natureza_acidente,situacao,bairro,endereco,,numero,detalhe_endereco_acidente,complemento,endereco_cruzamento,numero_cruzamento,referencia_cruzamento,bairro_cruzamento,tipo,descricao,auto,moto,ciclom,ciclista,pedestre,onibus,caminhao,viatura,outros,vitimas,vitimasfatais,num_semaforo,sentido_via,acidente_verificado,tempo_clima,situacao_semaforo,sinalizacao,condicao_via,conservacao_via,ponto_controle,situacao_placa,velocidade_max_via,mao_direcao,divisao_via1,divisao_via2,divisao_via3,_id,Protocolo
2018-07-12,17:55:00,COM VÍTIMA,FINALIZADA,IMBIRIBEIRA,RUA ARQUITETO LUIZ NUNES,3,211,AV PINHEIROS,CRUZAMENTO AV PINHEIRO COM RUA ARQUITETO LUIZ NUNES,RUA ARQUITETO LUIZ NUNES,211,CRUZAMENTO AV PINHEIRO COM RUA ARQUITETO LUIZ NUNES,IMBIRIBEIRA,ATROPELAMENTO,ATROPELAMENTO COM VÍTIMA / VEICULO EVADIU DO QTH,1,,,,1,,,,,1,,,,,,,,,,,,,,,,,,
2018-07-12,19:51:00,COM VÍTIMA,FINALIZADA,CAXANGA,AV CAXANGA,0,,,CAXANGA ST CAMARAGIBE ENTRE A FACULDADE SANTA HELENA E A LOCALIZA SEME NOVOS,AV CAXANGA,,CAXANGA ST CAMARAGIBE ENTRE A FACULDADE SANTA HELENA E A LOCALIZA SEME NOVOS,CAXANGÁ,COLISÃO,MOTO E AUTO C/V,1,1,,,,,,,,1,,,,,,,,,,,,,,,,,,
2018-07-12,20:51:00,COM VÍTIMA,FINALIZADA,IBURA,AV DOIS RIOS,0,,RIO XINGU,CRUZAMENTO DA DOIS RIOS COM A RIO CHINGU,AV DOIS RIOS,,CRUZAMENTO DA DOIS RIOS COM A RIO CHINGU,IBURA,COLISÃO,MOTO E AUTO C/V,1,1,,,,,,,,1,,,,,,,,,,,,,,,,,,
2018-07-13,09:19:00,COM VÍTIMA,FINALIZADA,IMBIRIBEIRA,AV MARECHAL MASCARENHAS DE MORAES,4,7935,,EM FRENTE A MUNDIAL CAMINHÕES  SENT. PRAZERES,AV MARECHAL MASCARENHAS DE MORAES,7935,EM FRENTE A MUNDIAL CAMINHÕES  SENT. PRAZERES,IMBIRIBEIRA,COLISÃO,AUTO E MOTO,1,1,,,,,,,,1,,,,,,,,,,,,,,,,,,
2018-07-13,10:23:00,COM VÍTIMA,FINALIZADA,BEBERIBE,AV BEBERIBE,4,1253,,,AV BEBERIBE,1253,,BEBERIBE,COLISÃO,02 AUTOS E UMA MOTOCICLETA,2,1,,,,,,,,1,,,,,,,,,,,,,,,,,,
2018-07-13,14:16:00,COM VÍTIMA,FINALIZADA,MADALENA,RUA BENFICA,0,,,EM FRENTE AO CLUBE NTERNACIONAL,RUA BENFICA,,EM FRENTE AO CLUBE NTERNACIONAL,MADALENA,COLISÃO,COLISÃO COM VIATURA OFICIAL,1,1,,,,,,,,2,,,,,,,,,,,,,,,,,,
2018-07-13,18:56:00,COM VÍTIMA,FINALIZADA,ILHA JOANA BEZERRA,AV DES GUERRA BARRETO,0,,,AO LADO DO FÓRUM DE RECIFE / PRÓX AO VIADUTO,AV DES GUERRA BARRETO,,AO LADO DO FÓRUM DE RECIFE / PRÓX AO VIADUTO,ILHA JOANA BEZERRA,COLISÃO COM CICLISTA,MOTO X BICICLETA. C/V,,1,,1,,,,,,1,,,,,,,,,,,,,,,,,,
2018-07-14,03:16:00,COM VÍTIMA,FINALIZADA,IMBIRIBEIRA,RUA HELIO BRANDAO,0,,RUA PINTOR ANTONIO ALBUQUERQUE,PRÓX A SAÍDA DO IBURA ( NÚCLEO ) E IGREJA ADVENTISTA DO SÉTIMO DIA / SEMÁFORO 293 - CRUZ COM A RUA PINTOR ANTÔNIO ALBUQUERQUE,RUA HELIO BRANDAO,,PRÓX A SAÍDA DO IBURA ( NÚCLEO ) E IGREJA ADVENTISTA DO SÉTIMO DIA / SEMÁFORO 293 - CRUZ COM A RUA PINTOR ANTÔNIO ALBUQUERQUE,IMBIRIBEIRA,COLISÃO,ENTRE 2 AUTOS. C/V,2,,,,,,,,,1,,,,,,,,,,,,,,,,,,
2018-07-14,08:11:00,COM VÍTIMA,FINALIZADA,ILHA JOANA BEZERRA,AV GOVERNADOR AGAMENON MAGALHAES,0,,,NA DESCIDA DO VIADUTO JOANA BEZERRA,AV GOVERNADOR AGAMENON MAGALHAES,,NA DESCIDA DO VIADUTO JOANA BEZERRA,ILHA JOANA BEZERRA,COLISÃO,COLISÃO COM VITIMA A ESPERA DO SAMU VT 23 QTH,,1,,,,,,,,1,,,,,,,,,,,,,,,,,,
2018-07-14,10:15:00,COM VÍTIMA,FINALIZADA,ENGENHO DO MEIO,RUA ANTONIO CURADO,0,,,NO SEMÁFORO 395/ SENTIDO BR,RUA ANTONIO CURADO,,NO SEMÁFORO 395/ SENTIDO BR,ENGENHO DO MEIO,COLISÃO,COLISÃO COM VÍTIMA,1,1,,,,,,,,1,,,,,,,,,,,,,,,,,,
2018-07-14,12:16:00,COM VÍTIMA,FINALIZADA,BOA VISTA,RUA VELHA,3,160,RUA DA GLORIA,CRUZAMENTO COM A RUA DA GLORIA,RUA VELHA,160,CRUZAMENTO COM A RUA DA GLORIA,BOA VISTA,ATROPELAMENTO,COM VÍTIMA,1,,,,1,,,,,1,,,,,,,,,,,,,,,,,,
2018-07-14,15:08:00,COM VÍTIMA,FINALIZADA,IMBIRIBEIRA,AV MARECHAL MASCARENHAS DE MORAES,0,,,EM FRENTE AO POSTO IPIRANGA/ NO SEMÁFORO 396/ SENTIDO PRAZERES,AV MARECHAL MASCARENHAS DE MORAES,,EM FRENTE AO POSTO IPIRANGA/ NO SEMÁFORO 396/ SENTIDO PRAZERES,IMBIRIBEIRA,COLISÃO,COLISÃO COM VÍTIMA,1,1,,,,,,,,1,,,,,,,,,,,,,,,,,,
2018-07-14,17:16:00,COM VÍTIMA,FINALIZADA,SANTO AMARO,AV NORTE,0,,,NA SUBIDA DO VIADUTO S/T SUB,AV NORTE,,NA SUBIDA DO VIADUTO S/T SUB,SANTO AMARO,COLISÃO,COLISAO ENTRE AUTO E MOTO COM UMA VITIMA,1,1,,,,,,,,1,,,,,,,,,,,,,,,,,,
2018-07-14,19:30:00,COM VÍTIMA,FINALIZADA,MADALENA,EST DOS REMEDIOS,4,2216,,APÓS A DROGASIL E AO LADO DA NAGEM / CRUZANDO A AV ABDIAS,EST DOS REMEDIOS,2216,APÓS A DROGASIL E AO LADO DA NAGEM / CRUZANDO A AV ABDIAS,MADALENA,ENGAVETAMENTO,ENTRE 3 AUTOS. C/V,3,,,,,,,,,1,,,,,,,,,,,,,,,,,,
2018-07-15,07:17:00,COM VÍTIMA,FINALIZADA,CASA AMARELA,RUA PADRE LEMOS,0,,,AO LADO DO BOMPREÇO,RUA PADRE LEMOS,,AO LADO DO BOMPREÇO,CASA AMARELA,COLISÃO COM CICLISTA,COLISÃO ENTRE MOTO AUTO E CICLISTA. O AUTO PASSEIO EVADIU-SE DO LOCAL. AS DUAS VÍTIMAS FORAM SOCORRIDAS PELO SAMU E BOMBEIROS,,1,,1,,,,,,2,,,,,,,,,,,,,,,,,,
2018-07-15,21:40:00,COM VÍTIMA,FINALIZADA,BOA VIAGEM,RUA PROFESSOR JULIO FERREIRA DE MELO,0,,,ENF AO COLEGIO MOTIVO,RUA PROFESSOR JULIO FERREIRA DE MELO,,ENF AO COLEGIO MOTIVO,BOA VIAGEM,COLISÃO,VOYAGE X SIENA OBS:: CAPOTAMENTO,2,,,,,,,,,1,,,,,,,,,,,,,,,,,,
2018-07-16,16:28:00,COM VÍTIMA,FINALIZADA,PINA,AV BOA VIAGEM,0,,,E/F AO POSTO POLICIAL DO PINA E/F ANTIGO RECIFE PRAIA HOTEL,AV BOA VIAGEM,,E/F AO POSTO POLICIAL DO PINA E/F ANTIGO RECIFE PRAIA HOTEL,PINA,COLISÃO,COLISAO ENTRE AUTO E MOTO COM UMA VITIMA,1,1,,,,,,,,1,,,,,,,,,,,,,,,,,,
2018-07-16,17:01:00,COM VÍTIMA,FINALIZADA,MANGABEIRA,AV PROFESSOR JOSE DOS ANJOS,3,717,,EM FRENTE AO BAR DO JABA  SENTIDO ARRUDA,AV PROFESSOR JOSE DOS ANJOS,717,EM FRENTE AO BAR DO JABA  SENTIDO ARRUDA,MANGABEIRA,ATROPELAMENTO,AUTO E PEDESTRE,1,,,,1,,,,,1,,,,,,,,,,,,,,,,,,
2018-07-16,20:34:00,COM VÍTIMA,FINALIZADA,CAMPO GRANDE,RUA JERONIMO VILELA,3,403,,CRUZANDO A R FRANKLIN TÁVORA,RUA JERONIMO VILELA,403,CRUZANDO A R FRANKLIN TÁVORA,CAMPO GRANDE,COLISÃO,ENTRE AUTO E MOTO. C/V,1,1,,,,,,,,1,,,,,,,,,,,,,,,,,,
2018-07-17,05:25:00,COM VÍTIMA,FINALIZADA,IMBIRIBEIRA,AV MARECHAL MASCARENHAS DE MORAES,3,S/N,,PROX  DA PASARELA DO AEROPORTO (SENTIDO AFOGADO),AV MARECHAL MASCARENHAS DE MORAES,S/N,PROX  DA PASARELA DO AEROPORTO (SENTIDO AFOGADO),IMBIRIBEIRA,ATROPELAMENTO,CIDADÃO TENTOU SUICÍDIO FILMADO PELA CÂMERA DA CTTU,,,,,1,1,,,,1,,,,,,,,,,,,,,,,,,
2018-07-17,09:32:00,COM VÍTIMA,FINALIZADA,VARZEA,AV CAXANGA,0,,AV PROF CHAVES BATISTA,COM A AVENIDA PROFESSOR CHAVES BATISTA,AV CAXANGA,,COM A AVENIDA PROFESSOR CHAVES BATISTA,VÁRZEA,COLISÃO,COLISÃO COM VITIMA,1,1,,,,,,,,1,,,,,,,,,,,,,,,,,,
2018-07-17,11:23:00,COM VÍTIMA,FINALIZADA,IMBIRIBEIRA,RUA NORUEGA,0,,,EM FRENTE A GALERIA NORUEGA,RUA NORUEGA,,EM FRENTE A GALERIA NORUEGA,IMBIRIBEIRA,COLISÃO,COLISÃO COM VITIMA,1,1,,,,,,,,1,,,,,,,,,,,,,,,,,,
2018-07-17,15:19:00,COM VÍTIMA,FINALIZADA,CORDEIRO,AV INACIO MONTEIRO,3,458,,E/F A FARMACIA AKI FARMA,AV INACIO MONTEIRO,458,E/F A FARMACIA AKI FARMA,CORDEIRO,COLISÃO,COLISAO ENTRE MOTO E AUTO S/V,1,1,,,,,,,,1,,,,,,,,,,,,,,,,,,
2018-07-17,17:22:00,COM VÍTIMA,FINALIZADA,BOMBA DO HEMETERIO,RUA BOMBA DO HEMETERIO,0,,,NA ENTRADA DA BOMBA DO HEMETERIO/ APOS A GIRATORIA,RUA BOMBA DO HEMETERIO,,NA ENTRADA DA BOMBA DO HEMETERIO/ APOS A GIRATORIA,BOMBA DO HEMETÉRIO,COLISÃO,MOTO E AUTO C/V,1,1,,,,,,,,1,,,,,,,,,,,,,,,,,,
2018-07-17,18:22:00,COM VÍTIMA,FINALIZADA,ESTANCIA,RUA SAO MIGUEL,0,,,NA FRENTE DO POSTO IPIRANGA/NA FRENTE DO ABC OFICINA,RUA SAO MIGUEL,,NA FRENTE DO POSTO IPIRANGA/NA FRENTE DO ABC OFICINA,ESTÂNCIA,COLISÃO,MOTO E AUTOS S/V,1,1,,,,,,,,1,,,,,,,,,,,,,,,,,,
2018-07-17,18:44:00,COM VÍTIMA,FINALIZADA,TORRE,RUA REAL DA TORRE,0,,RUA DONDE DE IRAJA,CRUZAMENTO COM A RUA CONDE DE IRAJA SEMAFORO 106,RUA REAL DA TORRE,,CRUZAMENTO COM A RUA CONDE DE IRAJA SEMAFORO 106,TORRE,COLISÃO COM CICLISTA,VEICULO X CICLISTA OBS:: VEICULO SE EVADIU DO LOCAL,1,,,1,,,,,,1,,,,,,,,,,,,,,,,,,
2018-07-18,07:57:00,COM VÍTIMA,FINALIZADA,PINA,RUA MANOEL DE BRITO,0,,,TÚNEL MANOEL DE BRITO,,,TÚNEL MANOEL DE BRITO,PINA,ACID. DE PERCURSO,,,1,,,,,,,,1,,,,,,,,,,,,,,,,,,
2018-07-18,07:17:00,COM VÍTIMA,FINALIZADA,CAXANGA,AV CAXANGA,0,,,SENTIDO CIDADE EM BAIXO DO SEMAFORO 236,AV CAXANGA,,SENTIDO CIDADE EM BAIXO DO SEMAFORO 236,CAXANGÁ,COLISÃO,COLISÃO COM VITIMA A ESPERA DO SAMU,,2,,,,,,,,1,,,,,,,,,,,,,,,,,,
2018-07-18,10:39:00,COM VÍTIMA,FINALIZADA,CAXANGA,AV CAXANGA,0,,,SENTIDO CIDADE PROX AO GETULIO VARGAS SOBRE A FAIXA DO BRT,AV CAXANGA,,SENTIDO CIDADE PROX AO GETULIO VARGAS SOBRE A FAIXA DO BRT,CAXANGÁ,ATROPELAMENTO,VITIMA SOCORRIDA PELO SAMU,,,,,1,,,1,,1,,,,,,,,,,,,,,,,,,
2018-07-18,13:57:00,COM VÍTIMA,FINALIZADA,ENCRUZILHADA,RUA FREDERICO,3,191,RUA DONA ELVIRA,CRUZAMENTO COM A RUA DONA ELVIRA,RUA FREDERICO,191,CRUZAMENTO COM A RUA DONA ELVIRA,ENCRUZILHADA,COLISÃO,COLISÃO COM VÍTIMA,2,,,,,,,,,1,,,,,,,,,,,,,,,,,,
2018-07-18,23:29:00,COM VÍTIMA,FINALIZADA,TORRE,RUA JOSE BONIFACIO,0,,,EM FRENTE AO CARREFUR,RUA JOSE BONIFACIO,,EM FRENTE AO CARREFUR,TORRE,CHOQUE,AUTO/POSTE C/V (COM FIO NO CHAO),1,,,,,,,,,1,,,,,,,,,,,,,,,,,,
2018-07-19,08:03:00,COM VÍTIMA,FINALIZADA,SANTO ANTONIO,AV MARTINS DE BARROS,0,,,FORUM THOMAS DE AQUINO,AV MARTINS DE BARROS,,FORUM THOMAS DE AQUINO,SANTO ANTÔNIO,COLISÃO,COLISÃO COM VÍTIMA,1,1,,,,,,,,1,,,,,,,,,,,,,,,,,,
2018-07-19,15:32:00,COM VÍTIMA,FINALIZADA,RECIFE,C DO APOLO,0,,,AO LADO DO BANCO DO BRASIL,CAIS DO APOLO,,AO LADO DO BANCO DO BRASIL,BAIRRO DO RECIFE,ATROPELAMENTO,,1,,,,1,,,,,1,,,,,,,,,,,,,,,,,,
2018-07-19,16:16:00,COM VÍTIMA,FINALIZADA,CASA AMARELA,RUA PAULA BATISTA,0,,RUA CONS PERETI,COM A RUA CONSELHEIRO PERETI,RUA PAULA BATISTA,,COM A RUA CONSELHEIRO PERETI,CASA AMARELA,COLISÃO,COLISÃO COM VITIMA,2,,,,,,,,,1,,,,,,,,,,,,,,,,,,
2018-07-19,17:15:00,COM VÍTIMA,FINALIZADA,MADALENA,RUA BENFICA,0,,EST REMEDIOS,SEMAFORO 051  ESQUINA COM O BOMPREÇO,RUA BENFICA,,SEMAFORO 051  ESQUINA COM O BOMPREÇO,MADALENA,COLISÃO COM CICLISTA,MOTO E CICLISTA,,1,,1,,,,,,1,,,,,,,,,,,,,,,,,,
2018-07-19,20:54:00,COM VÍTIMA,FINALIZADA,IPUTINGA,RUA MAURICIO DE NASSAU,0,,,PRÓX A FUNDAÇÃO ALTINO VENTURA / AO LADO DA ALTO FILME LOCADORA,RUA MAURICIO DE NASSAU,,PRÓX A FUNDAÇÃO ALTINO VENTURA / AO LADO DA ALTO FILME LOCADORA,IPUTINGA,COLISÃO,ENTRE AUTO E MOTO. C/V,1,1,,,,,,,,1,,,,,,,,,,,,,,,,,,
2018-07-19,21:04:00,COM VÍTIMA,FINALIZADA,SAO JOSE,RUA IMPERIAL,4,2199,,E/F AO HOTEL LUA DE MEL,RUA IMPERIAL,2199,E/F AO HOTEL LUA DE MEL,SÃO JOSÉ,COLISÃO,ENTRE AUTO E MOTO. C/V,1,1,,,,,,,,1,,,,,,,,,,,,,,,,,,
2018-07-20,07:18:00,COM VÍTIMA,FINALIZADA,TORREAO,RUA AUGUSTO RODRIGUES,0,,,E/F A LOJA TORREAO AUTO PEÇAS,RUA AUGUSTO RODRIGUES,,E/F A LOJA TORREAO AUTO PEÇAS,TORREÃO,TOMBAMENTO,MOTO DE PLACA - COM UMA VÍTIMA A PASSAGEIRA,,1,,,,,,,,1,,,,,,,,,,,,,,,,,,
2018-07-20,08:29:00,COM VÍTIMA,FINALIZADA,IMBIRIBEIRA,AV MARECHAL MASCARENHAS DE MORAES,0,,,SEM. 532,AV MARECHAL MASCARENHAS DE MORAES,,SEM. 532,IMBIRIBEIRA,CHOQUE,O ÔNIBUS CHOCOUSSE COM UM POSTE. COM VÍTIMA,,,,,,1,,,,1,,,,,,,,,,,,,,,,,,
2018-07-20,10:45:00,COM VÍTIMA,FINALIZADA,TORREAO,AV NORTE,0,,,EM FRENTE A PREÇA DA PICANHA / SENT SUB,AV NORTE,,EM FRENTE A PREÇA DA PICANHA / SENT SUB,TORREÃO,COLISÃO,MOTO E AUTO /,1,1,,,,,,,,1,,,,,,,,,,,,,,,,,,
2018-07-20,14:19:00,COM VÍTIMA,FINALIZADA,ENCRUZILHADA,RUA CONS PORTELA,3,564,,EM FRENTE AO EDIFICIO PORTICO,RUA CONS PORTELA,564,EM FRENTE AO EDIFICIO PORTICO,ENCRUZILHADA,COLISÃO,COLISÃO SEM VÍTIMA,1,1,,,,,,,,1,,,,,,,,,,,,,,,,,,
2018-07-20,15:44:00,COM VÍTIMA,FINALIZADA,CASA AMARELA,RUA PADRE LEMOS,0,,,EM FRENTE AO MERCADO DE CASA AMARELA,RUA PADRE LEMOS,,EM FRENTE AO MERCADO DE CASA AMARELA,CASA AMARELA,COLISÃO,AUTO E MOTO C/V,1,1,,,,,,,,1,,,,,,,,,,,,,,,,,,
2018-07-20,22:52:00,COM VÍTIMA,FINALIZADA,IMBIRIBEIRA,AV GENERAL MAC ARTHUR,0,,,E/F A ESTAÇÃO ANTÕNIO FALCÃO  POR BAIXO DO PONTILHÃO,AV GENERAL MAC ARTHUR,,E/F A ESTAÇÃO ANTÕNIO FALCÃO  POR BAIXO DO PONTILHÃO,IMBIRIBEIRA,COLISÃO,ENTRE AUTO E MOTO. C/V,1,1,,,,,,,,1,,,,,,,,,,,,,,,,,,
2018-07-21,08:05:00,COM VÍTIMA,FINALIZADA,TAMARINEIRA,EST VELHA DE AGUA FRIA,3,637,,EM FRENTE AO BAR DO CHICO  SENTIDO AGUA FRIA,EST VELHA DE AGUA FRIA,637,EM FRENTE AO BAR DO CHICO  SENTIDO AGUA FRIA,TAMARINEIRA,COLISÃO,AUTO  MOTO E ONIBUS,1,1,,,,1,,,,1,,,,,,,,,,,,,,,,,,
2018-07-21,10:54:00,COM VÍTIMA,FINALIZADA,JAQUEIRA,AV CONS ROSA E SILVA,4,2177,,EM FRENTE AO CORE,AV CONS ROSA E SILVA,2177,EM FRENTE AO CORE,JAQUEIRA,ATROPELAMENTO,,1,,,,,,,,,1,,,,,,,,,,,,,,,,,,
2018-07-21,15:04:00,COM VÍTIMA,FINALIZADA,BOA VISTA,RUA AURORA,0,,,EM FRENTE AO CINEMA SAO LUIS,RUA AURORA,,EM FRENTE AO CINEMA SAO LUIS,BOA VISTA,COLISÃO,DUAS MOTOS,,2,,,,,,,,2,,,,,,,,,,,,,,,,,,
2018-07-21,17:20:00,VÍTIMA FATAL,FINALIZADA,GRACAS,AV GOVERNADOR AGAMENON MAGALHAES,0,,AV RUI BARBOSA,CRUZAMENTO COM A AV. RUI BARBOSA  SENTIDO OLINDA - BOA VIAGEM,AV GOVERNADOR AGAMENON MAGALHAES,,CRUZAMENTO COM A AV. RUI BARBOSA  SENTIDO OLINDA - BOA VIAGEM,GRAÇAS,COLISÃO,COLISÃO COM VÍTIMA,1,2,,,,,,,,1,1,,,,,,,,,,,,,,,,,
2018-07-21,20:02:00,COM VÍTIMA,FINALIZADA,PRADO,RUA GOMES TABORDA,0,,RUA ADEMAR TAVARES,CRUZAMENTO COM RUA ADEMAR TAVARES,RUA GOMES TABORDA,,CRUZAMENTO COM RUA ADEMAR TAVARES,PRADO,COLISÃO,AUTO X MOTO,1,1,,,,,,,,1,,,,,,,,,,,,,,,,,,
2018-07-22,18:35:00,COM VÍTIMA,FINALIZADA,PINA,AV ANTONIO DE GOES,0,,,C/ RUA MANOEL DE BRITO. SAÍDA DO TUNEL,AV ANTONIO DE GOES,,C/ RUA MANOEL DE BRITO. SAÍDA DO TUNEL,PINA,COLISÃO,COM VÍTIMA,1,1,,,,,,,,1,,,,,,,,,,,,,,,,,,
2018-07-22,21:15:00,COM VÍTIMA,FINALIZADA,CAXANGA,AV CAXANGA,0,,,APÓS O VIADUTO DA CAXANGÁ / SEMÁFORO 269,AV CAXANGA,,APÓS O VIADUTO DA CAXANGÁ / SEMÁFORO 269,CAXANGÁ,COLISÃO,ENTRE AUTO E ÔNIBUS. C/V,1,,,,,1,,,,2,,,,,,,,,,,,,,,,,,
2018-07-23,11:04:00,COM VÍTIMA,FINALIZADA,BOA VISTA,AV CONDE DA BOA VISTA,0,,,SEMAFÓRO 486,AV CONDE DA BOA VISTA,,SEMAFÓRO 486,BOA VISTA,ATROPELAMENTO,,1,,,,1,,,,,1,,,,,,,,,,,,,,,,,,
2018-07-23,18:52:00,COM VÍTIMA,FINALIZADA,PORTO DA MADEIRA,RUA DALVA DE OLIVEIRA,3,247,,PROX A IGREJA BATISTA DO VALE E CLINICA VETERINARIA MIAU & AUAU,RUA DALVA DE OLIVEIRA,247,PROX A IGREJA BATISTA DO VALE E CLINICA VETERINARIA MIAU & AUAU,PORTO DA MADEIRA,COLISÃO,BROSS X NISSAN,1,1,,,,,,,,1,,,,,,,,,,,,,,,,,,
2018-07-23,20:04:00,COM VÍTIMA,FINALIZADA,CIDADE UNIVERSITARIA,AV PROFESSOR ARTUR DE SA,4,1400,,ENF AO HOSPITAL DAS CLINICAS PROX A RUA PROF. ANTONIO COELHO,AV PROFESSOR ARTUR DE SA,1400,ENF AO HOSPITAL DAS CLINICAS PROX A RUA PROF. ANTONIO COELHO,CIDADE UNIVERSITÁRIA,COLISÃO,MOTO X CORSA,1,1,,,,,,,,1,,,,,,,,,,,,,,,,,,
2018-07-24,00:22:00,COM VÍTIMA,FINALIZADA,AFLITOS,AV SANTOS DUMONT,0,,,PROX A CASA ROSADA RECEPÇÕES  PROX A GALERIA D´BEL,AV SANTOS DUMONT,,PROX A CASA ROSADA RECEPÇÕES  PROX A GALERIA D´BEL,AFLITOS,COLISÃO,COLISÃO ENTRE AUTO E MOTO C/V,1,1,,,,,,,,2,,,,,,,,,,,,,,,,,,
2018-07-24,17:00:00,COM VÍTIMA,FINALIZADA,IPUTINGA,RUA ENGENHEIRO MOACYR PARAHYBA,0,,,PRÓXIMO A ESTRADA DO BARBALHO,RUA ENGENHEIRO MOACYR PARAHYBA,,PRÓXIMO A ESTRADA DO BARBALHO,IPUTINGA,COLISÃO,COM VÍTIMA  SOCORRIDA PELO SAMU,1,1,,,,,,,,1,,,,,,,,,,,,,,,,,,
2018-07-25,00:32:00,COM VÍTIMA,FINALIZADA,ENCRUZILHADA,RUA CASTRO ALVES,0,,EST BELEM,CRUZAMENTO COM A ESTR. DE BELÉM  EM FRENTE AO BANCO ITAÚ,RUA CASTRO ALVES,,CRUZAMENTO COM A ESTR. DE BELÉM  EM FRENTE AO BANCO ITAÚ,ENCRUZILHADA,COLISÃO,COLISÃO ENTRE AUTO E MOTO C/V,1,1,,,,,,,,1,,,,,,,,,,,,,,,,,,
2018-07-25,10:07:00,COM VÍTIMA,FINALIZADA,SAO JOSE,AV SUL,3,S/N,,SEMÁFORO Nº 311 / POSTO BR,AV SUL,S/N,SEMÁFORO Nº 311 / POSTO BR,SÃO JOSÉ,COLISÃO,COLISÃO COM VÍTIMA,1,,1,,,,,,,2,,,,,,,,,,,,,,,,,,
2018-07-25,12:04:00,COM VÍTIMA,FINALIZADA,BOA VIAGEM,RUA JOAO CARDOSO AIRES,3,501,,AO LADO DA PIZZARIA PARQUE DA PIZZA,RUA JOAO CARDOSO AIRES,501,AO LADO DA PIZZARIA PARQUE DA PIZZA,BOA VIAGEM,COLISÃO,COLISAO ENTRE DUAS MOTOS S/V,,2,,,,,,,,1,,,,,,,,,,,,,,,,,,
2018-07-25,14:36:00,COM VÍTIMA,FINALIZADA,ILHA DO LEITE,RUA GENERAL JOAQUIM INACIO,0,,,E/F A FARMACIA INDEPENDENTE,RUA GENERAL JOAQUIM INACIO,,E/F A FARMACIA INDEPENDENTE,ILHA DO LEITE,COLISÃO,COLISAO ENTRE MOTO E ONIBUS COM UMA VITIMA,,1,,,,1,,,,1,,,,,,,,,,,,,,,,,,
2018-07-26,07:14:00,COM VÍTIMA,FINALIZADA,SANTO AMARO,AV CRUZ CABUGA,0,,RUA FREI CASSIMIRO,CRUZAMENTO COM A RUA FREI CASSIMIRO,AV CRUZ CABUGA,,CRUZAMENTO COM A RUA FREI CASSIMIRO,SANTO AMARO,COLISÃO,COM UMA VITIMA REGISTRO FEITO COM O APOIO DO COORDENADOR,1,1,,,,,,,,1,,,,,,,,,,,,,,,,,,
2018-07-26,10:50:00,COM VÍTIMA,FINALIZADA,TAMARINEIRA,RUA CONEGO BARATA,0,,,AO LADO DA FERREIRA COSTA,RUA CONEGO BARATA,,AO LADO DA FERREIRA COSTA,TAMARINEIRA,ATROPELAMENTO,VITIMA SOCORRIDA PELO SAMU,1,,,,1,,,,,1,,,,,,,,,,,,,,,,,,
2018-07-26,11:08:00,COM VÍTIMA,FINALIZADA,AFOGADOS,RUA SAO MIGUEL,2,27,,E/F A CASA DO BOLO,RUA SAO MIGUEL,27,E/F A CASA DO BOLO,AFOGADOS,ATROPELAMENTO,COM UMA VÍTIMA,,,,,1,1,,,,1,,,,,,,,,,,,,,,,,,
2018-07-26,11:42:00,COM VÍTIMA,FINALIZADA,ENCRUZILHADA,RUA CASTRO ALVES,0,,AV JOAO DE BARROS,CRUZAMENTO COM A AV JOÃO DE BARROS SEMAFORO 042,RUA CASTRO ALVES,,CRUZAMENTO COM A AV JOÃO DE BARROS SEMAFORO 042,ENCRUZILHADA,COLISÃO,COM DUAS VITIMAS,,,,,,,1,,1,2,,,,,,,,,,,,,,,,,,
2018-07-26,13:30:00,COM VÍTIMA,FINALIZADA,DERBY,RUA JOAQUIM NABUCO,0,,,NA FRENTE DO DERBY CENTER,RUA JOAQUIM NABUCO,,NA FRENTE DO DERBY CENTER,DERBY,ATROPELAMENTO,A VITIMA ESTA PEDINDO NA VIA.,1,,,,1,,,,,1,,,,,,,,,,,,,,,,,,
2018-07-26,18:34:00,COM VÍTIMA,FINALIZADA,CASA AMARELA,AV NORTE,0,,,ENF AO REI DA PICANHA SENTIDO CIDADE,AV NORTE,,ENF AO REI DA PICANHA SENTIDO CIDADE,CASA AMARELA,ATROPELAMENTO,MOTO X PEDESTRE OBS:: VT 06 DA CTTU ESTA NO LOCAL,1,,,,1,,,,,1,,,,,,,,,,,,,,,,,,
2018-07-26,18:50:00,COM VÍTIMA,FINALIZADA,AREIAS,AV TENENTE FELIPE BANDEIRA DE MELO,4,3985,,E/F AO WALMART DA AV RECIFE,AV TENENTE FELIPE BANDEIRA DE MELO,3985,E/F AO WALMART DA AV RECIFE,AREIAS,COLISÃO,CARRO X MOTO COM DUAS VITIMAS,1,1,,,,,,,,2,,,,,,,,,,,,,,,,,,
2018-07-26,22:36:00,COM VÍTIMA,FINALIZADA,COQUEIRAL,RUA DA CUSTODIA,3,186,,ENF A LANCHONETE ZEQUINHA,RUA DA CUSTODIA,186,ENF A LANCHONETE ZEQUINHA,COQUEIRAL,ATROPELAMENTO,MOTO X CRIANÇA,,1,,,1,,,,,1,,,,,,,,,,,,,,,,,,
2018-07-27,08:27:00,COM VÍTIMA,FINALIZADA,BOA VIAGEM,RUA ERNESTO DE PAULA SANTOS,4,1277,,E/ F A AGENCIA DOS CORREIOS  SENTIDO PRAIA. APÓS O VIADUTO TANCREDO NEVES,RUA ERNESTO DE PAULA SANTOS,1277,E/ F A AGENCIA DOS CORREIOS  SENTIDO PRAIA. APÓS O VIADUTO TANCREDO NEVES,BOA VIAGEM,COLISÃO,COM UMA VÍTIMA.,,2,,,,,,,,1,,,,,,,,,,,,,,,,,,
2018-07-27,08:35:00,COM VÍTIMA,FINALIZADA,BARRO,AV DR JOSE RUFINO,0,,,E/F A IGREJA CATOLICA DO BARRO  E A PANIFICADORA TONNY ALBUQUERQUE,AV DR JOSE RUFINO,,E/F A IGREJA CATOLICA DO BARRO  E A PANIFICADORA TONNY ALBUQUERQUE,BARRO,COLISÃO,COM UMA VÍTIMA,1,1,,,,,,,,1,,,,,,,,,,,,,,,,,,
2018-07-27,09:35:00,COM VÍTIMA,FINALIZADA,MADALENA,RUA JOSE OSORIO,3,401,,EM FRENTE AO RM EXPRESS,RUA JOSE OSORIO,401,EM FRENTE AO RM EXPRESS,MADALENA,COLISÃO,AUTO E MOTO. VT 17 NO LOCAL,1,1,,,,,,,,1,,,,,,,,,,,,,,,,,,