data,hora,natureza_acidente,situacao,bairro,endereco,,numero,detalhe_endereco_acidente,complemento,endereco_cruzamento,numero_cruzamento,referencia_cruzamento,bairro_cruzamento,tipo,descricao,auto,moto,ciclom,ciclista,pedestre,onibus,caminhao,viatura,outros,vitimas,vitimasfatais,num_semaforo,sentido_via,acidente_verificado,tempo_clima,situacao_semaforo,sinalizacao,condicao_via,conservacao_via,ponto_controle,situacao_placa,velocidade_max_via,mao_direcao,divisao_via1,divisao_via2,divisao_via3,_id,Protocolo
2018-09-10,13:03:00,COM VÍTIMA,FINALIZADA,BARRO,RUA CAPITAO PONCIANO,0,,,EM FRENTE AO CLUBE UMUARAMA,RUA CAPITAO PONCIANO,,EM FRENTE AO CLUBE UMUARAMA,BARRO,COLISÃO,COM DUAS VITIMAS AGUARDANDO SAMU,,1,,,,,1,,,2,,,,,,,,,,,,,,,,,,
2018-09-10,17:57:00,COM VÍTIMA,FINALIZADA,TAMARINEIRA,EST DO ARRAIAL,0,,RUA GUIMARAES PEIXOTO,CRUZAMENTO COM A RUA GUIMARAES PEIXOTO,EST DO ARRAIAL,,CRUZAMENTO COM A RUA GUIMARAES PEIXOTO,TAMARINEIRA,COLISÃO,COLISÃO COM VÍTIMA,1,1,,,,,,,,1,,,,,,,,,,,,,,,,,,
2018-09-11,14:05:00,COM VÍTIMA,FINALIZADA,ESPINHEIRO,RUA CARNEIRO VILELA,0,,RUA QUARENTA E OITO,CRUZAMENTO COM A RUA QUARENTA E OITO,RUA CARNEIRO VILELA,,CRUZAMENTO COM A RUA QUARENTA E OITO,ESPINHEIRO,COLISÃO,COM DUAS VITIMAS,1,1,,,,,,,,2,,,,,,,,,,,,,,,,,,
2018-09-11,14:41:00,COM VÍTIMA,FINALIZADA,BONGI,RUA GOMES TABORDA,4,1507,,PROXIMO AO ATACAREJO IDEAL,RUA GOMES TABORDA,1507,PROXIMO AO ATACAREJO IDEAL,BONGI,ATROPELAMENTO,ATROPELAMENTO PEDESTRE,,1,,,1,,,,,1,,,,,,,,,,,,,,,,,,
2018-09-11,22:38:00,COM VÍTIMA,FINALIZADA,ILHA DO RETIRO,RUA TABAIARES,3,403,,ENFR AO GINASIO MARCELINO LOPES (CLUBE DO SPORT) // BEIRANDO O CANAL,RUA TABAIARES,403,ENFR AO GINASIO MARCELINO LOPES (CLUBE DO SPORT) // BEIRANDO O CANAL,ILHA DO RETIRO,COLISÃO,MOTO E AMBULANCIA,,1,,,,,1,,,1,,,,,,,,,,,,,,,,,,
2018-09-12,07:51:00,COM VÍTIMA,FINALIZADA,VARZEA,AV CAXANGA,0,,,APOS O CAXANGÁ GOLF CLUBE (CENTIDO CAMARAGIBE),AV CAXANGA,,APOS O CAXANGÁ GOLF CLUBE (CENTIDO CAMARAGIBE),VÁRZEA,COLISÃO,AUTO E MOTO - SENTIDO SUBÚRBIO,1,1,,,,,,,,1,,,,,,,,,,,,,,,,,,
2018-09-12,09:14:00,COM VÍTIMA,FINALIZADA,BOA VISTA,AV CONDE DA BOA VISTA,0,,,E/F A LOJA CATAN  SENTIDO AV. GUARARAPES. SEMÁFORO 023,AV CONDE DA BOA VISTA,,E/F A LOJA CATAN  SENTIDO AV. GUARARAPES. SEMÁFORO 023,BOA VISTA,COLISÃO,COM UMA VÍTIMA SENDO ATENDIDA PELO SAMU NO LOCAL.,1,1,,,,,,,,1,,,,,,,,,,,,,,,,,,
2018-09-12,10:05:00,COM VÍTIMA,FINALIZADA,IMBIRIBEIRA,RUA ITAJAI,0,,RUA ITACARI,COM RUA ITACARI,RUA ITAJAI,,COM RUA ITACARI,IMBIRIBEIRA,COLISÃO,COLISAO ENTRE AUTO E MOTO COM UMA VITIMA BATEDOR NO LOCAL,1,1,,,,,,,,1,,,,,,,,,,,,,,,,,,
2018-09-12,12:39:00,COM VÍTIMA,FINALIZADA,IMBIRIBEIRA,AV MARECHAL MASCARENHAS DE MORAES,0,,,NA ALÇA QUE DAR NO AEROPORTO,AV MARECHAL MASCARENHAS DE MORAES,,NA ALÇA QUE DAR NO AEROPORTO,IMBIRIBEIRA,COLISÃO COM CICLISTA,O VEÍCULO SE EVADIU E NÃO CONSEGUIRAM PEGAR A PLACA DO AUTOMÓVEL. O ESTADO DO CICLISTA: POSSÍVEL FRATURA DOS MEMBROS INFERIORES.- SAMU E BOMBEIROS ACIONADOS,1,,,1,,,,,,1,,,,,,,,,,,,,,,,,,
2018-09-12,16:47:00,COM VÍTIMA,FINALIZADA,CIDADE UNIVERSITARIA,AV PROFESSOR LUIZ FREIRE,4,1000,,EM FRENTE AO DEPARTAMENTO DE ENERGIA NUCLEAR E AO LADO DO IPEM,AV PROFESSOR LUIZ FREIRE,1000,EM FRENTE AO DEPARTAMENTO DE ENERGIA NUCLEAR E AO LADO DO IPEM,CIDADE UNIVERSITÁRIA,COLISÃO,COM UMA VITIMA AGUARDANDO SAMU,1,1,,,,,,,,1,,,,,,,,,,,,,,,,,,
2018-09-13,08:22:00,COM VÍTIMA,FINALIZADA,VASCO DA GAMA,AV VEREADOR OTACILIO AZEVEDO,4,3333,,SERRALHARIA JC - AQUI TEM,AV VEREADOR OTACILIO AZEVEDO,3333,SERRALHARIA JC - AQUI TEM,VASCO DA GAMA,ATROPELAMENTO,COLISÃO ENVOLVENDO MOTOCICLETA E PEDESTRE,,1,,,1,,,,,1,,,,,,,,,,,,,,,,,,
2018-09-13,08:29:00,COM VÍTIMA,FINALIZADA,IPSEP,AV RECIFE,0,,AV DOM HELDER CAMARA,COM DOM HÉLDER CÂMARA  EM FRENTE À CASA DAS BATERIAS.,AV RECIFE,,COM DOM HÉLDER CÂMARA  EM FRENTE À CASA DAS BATERIAS.,IPSEP,COLISÃO,COLISÃO COM VÍTIMA  ENVOLVENDO 2 MOTOCICLETAS- SENDO UMA VIATURA DA CTTU.,,2,,,,,,,,1,,,,,,,,,,,,,,,,,,
2018-09-13,13:44:00,COM VÍTIMA,FINALIZADA,ILHA DO RETIRO,RUA BENFICA,0,,,NA SAIDA DO TUNEL CHICO SCIENCE,RUA BENFICA,,NA SAIDA DO TUNEL CHICO SCIENCE,ILHA DO RETIRO,COLISÃO,CARRO OFICIAL DO TRIBUNAL DE JUSTIÇA E UMA MOTO  C/V,1,1,,,,,,,,1,,,,,,,,,,,,,,,,,,
2018-09-13,16:41:00,COM VÍTIMA,FINALIZADA,SANTO AMARO,AV CRUZ CABUGA,0,,RUA PEDRO AFONSO,CRUZAMENTO COM A RUA PEDRO AFONSO // NA RUA QUE DA ACESSO AO IML,AV CRUZ CABUGA,,CRUZAMENTO COM A RUA PEDRO AFONSO // NA RUA QUE DA ACESSO AO IML,SANTO AMARO,COLISÃO,VT DA CIVIL X CARROÇA,,,,,,,,1,1,1,,,,,,,,,,,,,,,,,,
2018-09-13,18:03:00,COM VÍTIMA,FINALIZADA,ILHA JOANA BEZERRA,AV BEIRA RIO,0,,,APÓS O FORUM DE JOANA BEZERRA / E/F AO CAMPO DA BEIRA RIO / AO LADO DA ACADEMIA DA CIDADE,AV BEIRA RIO,,APÓS O FORUM DE JOANA BEZERRA / E/F AO CAMPO DA BEIRA RIO / AO LADO DA ACADEMIA DA CIDADE,JOANA BEZERRA,COLISÃO COM CICLISTA,MOTO X CICLISTA,1,,,1,,,,,,1,,,,,,,,,,,,,,,,,,
2018-09-13,22:35:00,COM VÍTIMA,FINALIZADA,RECIFE,PTE DO LIMOEIRO,0,,,SNT CENTRO DO RECIFE / NA DESCIDA DA PTE DO LIMOEIRO,PTE DO LIMOEIRO,,SNT CENTRO DO RECIFE / NA DESCIDA DA PTE DO LIMOEIRO,BAIRRO DO RECIFE,COLISÃO,ENTRE 2 AUTOS. C/V,2,,,,,,,,,1,,,,,,,,,,,,,,,,,,
2018-09-13,23:34:00,COM VÍTIMA,FINALIZADA,ESTANCIA,AV RECIFE,0,,,SEMÁFORO 261,AV RECIFE,,SEMÁFORO 261,ESTÂNCIA,ENGAVETAMENTO,ENTRE 3 AUTOS. C/V ( UM DOS VEÍCULOS ENVOLVIDOS ESTAVA EM PERSEGUIÇÃO COM A POLÍCIA),3,,,,,,,,,1,,,,,,,,,,,,,,,,,,
2018-09-14,07:10:00,COM VÍTIMA,FINALIZADA,AREIAS,AV DR JOSE RUFINO,0,,,EM BAIXO DO SEMAFORO 044 EM FRENTE AO POSTO DE GASOLINA SHELL,AV DR JOSE RUFINO,,EM BAIXO DO SEMAFORO 044 EM FRENTE AO POSTO DE GASOLINA SHELL,AREIAS,COLISÃO,COLISÃO COM VITIMA A ESPERA DO SAMU,1,1,,,,,,,,1,,,,,,,,,,,,,,,,,,
2018-09-14,08:42:00,COM VÍTIMA,FINALIZADA,IPSEP,RUA ADERBAL DE MELO,3,281,RUA DAS PALMEIRAS,COM RUA DAS PALMEIRAS PROX A FEIJOADA DO JOAO,RUA ADERBAL DE MELO,281,COM RUA DAS PALMEIRAS PROX A FEIJOADA DO JOAO,IPSEP,COLISÃO,COLISAO ENTRE ONIBUS E AUTO S/V,1,,,,,1,,,,2,,,,,,,,,,,,,,,,,,
2018-09-14,11:33:00,COM VÍTIMA,FINALIZADA,BOA VIAGEM,AV BOA VIAGEM,0,,,E/F AO QUIOSQUE 08,AV BOA VIAGEM,,E/F AO QUIOSQUE 08,BOA VIAGEM,COLISÃO,COLISAO ENTRE VEICULO E MOTO C/ VÍTIMA,1,1,,,,,,,,1,,,,,,,,,,,,,,,,,,
2018-09-14,11:34:00,COM VÍTIMA,FINALIZADA,ARRUDA,RUA PROFESSOR JERONIMO GUEIROS,0,,,EM BAIXO DO SEMAFORO 495 EM FRENTE A DISTRIBUIDORA DA COCA COLA,RUA PROFESSOR JERONIMO GUEIROS,,EM BAIXO DO SEMAFORO 495 EM FRENTE A DISTRIBUIDORA DA COCA COLA,ARRUDA,COLISÃO,COLISÃO COM VITIMA A ESPERA DO SAMU,2,,,,,,,,,1,,,,,,,,,,,,,,,,,,
2018-09-14,12:16:00,VÍTIMA FATAL,FINALIZADA,MANGABEIRA,RUA GUIMARAES PEIXOTO,0,,,SEMAFORO 096,RUA GUIMARAES PEIXOTO,,SEMAFORO 096,MANGABEIRA,COLISÃO,,,1,,,,,1,,,,2,,,,,,,,,,,,,,,,,
2018-09-14,14:21:00,COM VÍTIMA,FINALIZADA,AFOGADOS,RUA COSME VIANA,0,,,EM FRENTE A TUPAM,RUA COSME VIANA,,EM FRENTE A TUPAM,AFOGADOS,COLISÃO,COLISAO ENVOLVENDO AUTO E MOTO,1,1,,,,,,,,1,,,,,,,,,,,,,,,,,,
2018-09-14,16:09:00,COM VÍTIMA,FINALIZADA,CASA FORTE,AV DEZESSETE DE AGOSTO,0,,,PROX AO CPOR EM FRENTE AO LABORATORIO CERPE,AV DEZESSETE DE AGOSTO,,PROX AO CPOR EM FRENTE AO LABORATORIO CERPE,CASA FORTE,COLISÃO,COLISÃO COM VITIMA A ESPERA DO SAMU,1,1,,,,,,,,1,,,,,,,,,,,,,,,,,,
2018-09-14,18:24:00,COM VÍTIMA,FINALIZADA,IMBIRIBEIRA,AV MARECHAL MASCARENHAS DE MORAES,0,,,JUNTO AO MURO DO AEROPORTO  SENTIDO JABOATÃO ( NO FINAL DO MURO),AV MARECHAL MASCARENHAS DE MORAES,,JUNTO AO MURO DO AEROPORTO  SENTIDO JABOATÃO ( NO FINAL DO MURO),IMBIRIBEIRA,COLISÃO COM CICLISTA,ATROPELAMENTO A UM CICLISTA,,,,1,,1,,,,1,,,,,,,,,,,,,,,,,,
2018-09-14,18:57:00,COM VÍTIMA,FINALIZADA,IPSEP,AV RECIFE,0,,,ENFRENTE AO POSTO PETROBRAS  SENTIDO AV RECIFE CAXANGÁ,AV RECIFE,,ENFRENTE AO POSTO PETROBRAS  SENTIDO AV RECIFE CAXANGÁ,IPSEP,COLISÃO,COLISÃO COM VÍTIMA  A VITIMA JA FOI LEVADA POLO SAMU,1,1,,,,,,,,1,,,,,,,,,,,,,,,,,,
2018-09-14,22:14:00,COM VÍTIMA,FINALIZADA,BOMBA DO HEMETERIO,RUA MUCURI,0,,,APOS A FUNERARIA CANAÃ,RUA MUCURI,,APOS A FUNERARIA CANAÃ,BOMBA DO HEMETÉRIO,COLISÃO,COLISÃO COM VITIMA,1,1,,,,,,,,1,,,,,,,,,,,,,,,,,,
2018-09-15,10:05:00,COM VÍTIMA,FINALIZADA,TAMARINEIRA,RUA CONEGO BARATA,3,671,,SENTIDO DENOC DE ESQUINA COM A PADARIA MANÁ,RUA CONEGO BARATA,671,SENTIDO DENOC DE ESQUINA COM A PADARIA MANÁ,TAMARINEIRA,COLISÃO,COLISÃO COM VITIMA,1,1,,,,,,,,1,,,,,,,,,,,,,,,,,,
2018-09-15,10:03:00,COM VÍTIMA,FINALIZADA,ENCRUZILHADA,AV BEBERIBE,2,XX,,EM FRENTE AO BANCO DO BRASIL / SEMÁFORO 238,AV BEBERIBE,XX,EM FRENTE AO BANCO DO BRASIL / SEMÁFORO 238,ENCRUZILHADA,COLISÃO,COLISÃO COM VÍTIMA,1,1,,,,,,,,2,,,,,,,,,,,,,,,,,,
2018-09-15,10:52:00,COM VÍTIMA,FINALIZADA,BOA VIAGEM,AV CONSELHEIRO AGUIAR,0,,RUA TOME GIBSON,COM RUA TOME GIBSON E/F A PADARIA MIRA MAR,AV CONSELHEIRO AGUIAR,,COM RUA TOME GIBSON E/F A PADARIA MIRA MAR,BOA VIAGEM,COLISÃO,COLISAO ENTRE AUTO E MOTO COM UMA VITIMA,1,1,,,,,,,,1,,,,,,,,,,,,,,,,,,
2018-09-15,14:38:00,COM VÍTIMA,FINALIZADA,AFOGADOS,RUA NICOLAU PEREIRA,0,,,EM BAIXO DO PONTILHAO,RUA NICOLAU PEREIRA,,EM BAIXO DO PONTILHAO,AFOGADOS,ATROPELAMENTO,ATROPELAMENTO COM DOIS PEDESTRE E MOTO VT 15 NO LOCAL,,1,,,1,,,,,2,,,,,,,,,,,,,,,,,,
2018-09-15,17:18:00,COM VÍTIMA,FINALIZADA,IPUTINGA,RUA MAURICIO DE NASSAU,0,,,EM FRENTE A PADARIA ATLANTICA,RUA MAURICIO DE NASSAU,,EM FRENTE A PADARIA ATLANTICA,IPUTINGA,COLISÃO,COLISÃO COM VÍTIMA,1,1,,,,,,,,1,,,,,,,,,,,,,,,,,,
2018-09-15,20:25:00,COM VÍTIMA,FINALIZADA,AFOGADOS,RUA VINTE E UM DE ABRIL,3,122,,PROX A MASTERBOI // E FABRICA DA PIPOCA,RUA VINTE E UM DE ABRIL,122,PROX A MASTERBOI // E FABRICA DA PIPOCA,AFOGADOS,COLISÃO COM CICLISTA,FOX X CICLISTA,1,,,1,,,,,,1,,,,,,,,,,,,,,,,,,
2018-09-16,00:54:00,COM VÍTIMA,FINALIZADA,ARRUDA,AV BEBERIBE,0,,RUA SÃO BENTO,CRUZAMENTO COM A RUA SÃO BENTO  SEMAFOR 064,AV BEBERIBE,,CRUZAMENTO COM A RUA SÃO BENTO  SEMAFOR 064,ARRUDA,COLISÃO,COLISÃO ENTRE DOIS AUTOS C/V,2,,,,,,,,,1,,,,,,,,,,,,,,,,,,
2018-09-16,09:17:00,COM VÍTIMA,FINALIZADA,IBURA,RUA RIO XINGU,3,621,,,RUA RIO XINGU,621,,IBURA,COLISÃO,HONDA 300 X FIAT/UNO,1,1,,,,,,,,1,,,,,,,,,,,,,,,,,,
2018-09-16,15:19:00,COM VÍTIMA,FINALIZADA,AFOGADOS,RUA MOTOCOLOMBO,3,190,,APOS A IGREJA DE AFOGADOS  SENTIDO BOA VIAGEM,RUA MOTOCOLOMBO,190,APOS A IGREJA DE AFOGADOS  SENTIDO BOA VIAGEM,AFOGADOS,COLISÃO,COLISAO AUTO E MOTO COM VITIMA,1,1,,,,,,,,1,,,,,,,,,,,,,,,,,,
2018-09-16,15:42:00,COM VÍTIMA,FINALIZADA,DERBY,AV GOVERNADOR AGAMENON MAGALHAES,0,,,APÓS O BANCO DO BRASIL E PROXIMOA DROGASIL/ SENTIDO OLINDA,AV GOVERNADOR AGAMENON MAGALHAES,,APÓS O BANCO DO BRASIL E PROXIMOA DROGASIL/ SENTIDO OLINDA,DERBY,COLISÃO,COLISÃO COM VÍTIMA,1,1,,,,,,,,1,,,,,,,,,,,,,,,,,,
2018-09-16,16:34:00,COM VÍTIMA,FINALIZADA,ESTANCIA,AV DR JOSE RUFINO,0,,,APOS O COLEGIO VISAO  SENTIDO SUB  EM FRENTE A PADARIA SITIENCE,AV DR JOSE RUFINO,,APOS O COLEGIO VISAO  SENTIDO SUB  EM FRENTE A PADARIA SITIENCE,ESTÂNCIA,COLISÃO,AUTO E MOTO C/V,1,1,,,,,,,,1,,,,,,,,,,,,,,,,,,
2018-09-16,19:04:00,COM VÍTIMA,FINALIZADA,BOA VISTA,PTE  BUARQUE DE MACEDO,0,,,PONTE BUARTE DE MACEDO  SENTIDO MARCO ZERO,,,PONTE BUARTE DE MACEDO  SENTIDO MARCO ZERO,BOA VISTA,ACID. DE PERCURSO,COLISÃO COM VITIMA/ VITIMA AGUARDANDO ATENDIMENTO NO LOCAL,,1,,,,,,,,1,,,,,,,,,,,,,,,,,,
2018-09-16,23:30:00,COM VÍTIMA,FINALIZADA,CIDADE UNIVERSITARIA,RUA ABATIA,3,295,,ENF AO SUPERMERCADO RIO CLARO,RUA ABATIA,295,ENF AO SUPERMERCADO RIO CLARO,CIDADE UNIVERSITÁRIA,ATROPELAMENTO,HB 20 X PEDESTRE,1,,,,1,,,,,1,,,,,,,,,,,,,,,,,,
2018-09-17,08:03:00,COM VÍTIMA,FINALIZADA,GUABIRABA,AV DA RECUPERACAO,4,1470,,EM FRENTE A MOLAS BOM JESUS,AV DA RECUPERACAO,1470,EM FRENTE A MOLAS BOM JESUS,GUABIRABA,COLISÃO,DUAS MOTOS,,2,,,,,,,,2,,,,,,,,,,,,,,,,,,
2018-09-17,13:20:00,COM VÍTIMA,FINALIZADA,BARRO,AV DR JOSE RUFINO,0,,,EM CIMA DO VIADUTO DO BARRO,AV DR JOSE RUFINO,,EM CIMA DO VIADUTO DO BARRO,BARRO,COLISÃO,COLISÃO COM VÍTIMA,2,1,,,,,,,,1,,,,,,,,,,,,,,,,,,
2018-09-18,11:46:00,COM VÍTIMA,FINALIZADA,SANTO AMARO,AV GOVERNADOR AGAMENON MAGALHAES,0,,,EM FRENTE AO CIRCULO MILITAR -,AV GOVERNADOR AGAMENON MAGALHAES,,EM FRENTE AO CIRCULO MILITAR -,SANTO AMARO,COLISÃO,COLISÃO ENTRE MOTO E AUTOMÓVEL -,,,,,,,,,,1,,,,,,,,,,,,,,,,,,
2018-09-18,12:01:00,COM VÍTIMA,FINALIZADA,AFOGADOS,RUA SAO MIGUEL,0,,,EM FRENTE AO DEPATRI,RUA SAO MIGUEL,,EM FRENTE AO DEPATRI,AFOGADOS,COLISÃO,COLISÃO COM VÍTIMA,1,1,,,,,,,,1,,,,,,,,,,,,,,,,,,
2018-09-18,17:56:00,COM VÍTIMA,FINALIZADA,BONGI,AV ENGENHEIRO ABDIAS DE CARVALHO,0,,,PRÓXIMO A CHESF NO SENTIDO BR,AV ENGENHEIRO ABDIAS DE CARVALHO,,PRÓXIMO A CHESF NO SENTIDO BR,BONGI,COLISÃO,COLISÃO ENTRE MOTO X AUTO,1,1,,,,,,,,1,,,,,,,,,,,,,,,,,,
2018-09-18,21:49:00,COM VÍTIMA,FINALIZADA,IPSEP,RUA ITACARI,0,,RUA ITAJAI,CRUZAMENTO COM A RUA ITAJAI // ENF A EMPRESA DRYFOR,RUA ITACARI,,CRUZAMENTO COM A RUA ITAJAI // ENF A EMPRESA DRYFOR,IPSEP,COLISÃO,PRISMA X MOTO,1,1,,,,,,,,1,,,,,,,,,,,,,,,,,,
2018-09-19,07:12:00,COM VÍTIMA,FINALIZADA,BOA VIAGEM,RUA TENENTE JOAO CICERO,0,,,EM FRENTE AO COLEGIO SANTA MARIA,RUA TENENTE JOAO CICERO,,EM FRENTE AO COLEGIO SANTA MARIA,BOA VIAGEM,COLISÃO,COM UMA VITIMA AGUARDANDO SAMU,1,1,,,,,,,,1,,,,,,,,,,,,,,,,,,
2018-09-19,07:47:00,COM VÍTIMA,FINALIZADA,ARRUDA,RUA ALEGRE,0,,,APÓS A AVENIDA BEBERIBE,RUA ALEGRE,,APÓS A AVENIDA BEBERIBE,ARRUDA,ACID. DE PERCURSO,QUEDA DE MOTO,,,,,,,,,,1,,,,,,,,,,,,,,,,,,
2018-09-19,08:58:00,COM VÍTIMA,FINALIZADA,TAMARINEIRA,AV NORTE,3,S/N,RUA CONEGO BARATA,CRUZAMENTO COM A RUA CÔNEGO BARATA,AV NORTE,S/N,CRUZAMENTO COM A RUA CÔNEGO BARATA,TAMARINEIRA,COLISÃO,COLISÃO COM VÍTIMA  ENVOLVENDO UM ÔNIBUS  UM AUTO E UMA MOTOCICLETA.,1,1,,,,1,,,,1,,,,,,,,,,,,,,,,,,
2018-09-19,12:13:00,COM VÍTIMA,FINALIZADA,PINA,AV CELSO FURTADO,0,,,NA VIA MANGUE S/T BOA VIAGEM,AVENIDA CELSO FURTADO (VIA MANGUE),,NA VIA MANGUE S/T BOA VIAGEM,PINA,COLISÃO,COLISAO ENTRE DOIS AUTOS S/V,1,1,,,,,,,,1,,,,,,,,,,,,,,,,,,
2018-09-19,14:04:00,COM VÍTIMA,FINALIZADA,MACAXEIRA,AV NORTE,0,,,FINAL DA AVENIDA NORTE  A 300METROS DA BR 101,AV NORTE,,FINAL DA AVENIDA NORTE  A 300METROS DA BR 101,MACAXEIRA,COLISÃO,COLISÃO COM VITIMA,1,1,,,,,,,,1,,,,,,,,,,,,,,,,,,
2018-09-19,16:05:00,VÍTIMA FATAL,FINALIZADA,VARZEA,AV CAXANGA,3,S/N,,EM FRENTE AO CAXANGÁ GOLFE CLUBE,AV CAXANGA,S/N,EM FRENTE AO CAXANGÁ GOLFE CLUBE,VÁRZEA,COLISÃO,COLISÃO ENTRE DUAS MOTOS. COM DUAS VÍTIMAS SENDO UMA FATAL.,,2,,,,,,,,1,1,,,,,,,,,,,,,,,,,
2018-09-19,17:39:00,COM VÍTIMA,FINALIZADA,SANTO AMARO,AV MARIO MELO,0,,RUA DA AURORA,E/F A ESCOLA DO TRIBUNAL DE CONTAS / SEMÁFORO 090 - CRUZ COM A R DA AURORA,AV MARIO MELO,,E/F A ESCOLA DO TRIBUNAL DE CONTAS / SEMÁFORO 090 - CRUZ COM A R DA AURORA,SANTO AMARO,ATROPELAMENTO,MOTO X PEDESTRE . C/V,,1,,,1,,,,,1,,,,,,,,,,,,,,,,,,
2018-09-19,17:43:00,COM VÍTIMA,FINALIZADA,GRACAS,RUA DA HORA,0,,RUA BARAO DE ITAMARACA,EM FRENTE AO ESPAÇO 285 SALÃO DE BELEZA (RUA DA HORA COM RUA BARÃO DE ITAMARACÁ),RUA DA HORA,,EM FRENTE AO ESPAÇO 285 SALÃO DE BELEZA (RUA DA HORA COM RUA BARÃO DE ITAMARACÁ),GRAÇAS,COLISÃO,CARRO E MOTO,1,1,,,,,,,,1,,,,,,,,,,,,,,,,,,
2018-09-20,09:26:00,COM VÍTIMA,FINALIZADA,NOVA DESCOBERTA,AV VEREADOR OTACILIO AZEVEDO,0,,,EM FRENTE A UPA DE NOVA DESCOBERTA,AV VEREADOR OTACILIO AZEVEDO,,EM FRENTE A UPA DE NOVA DESCOBERTA,NOVA DESCOBERTA,COLISÃO COM CICLISTA,COLISÃO COM VITIMA A ESPERA DO SAMU,,,,1,,1,,,,1,,,,,,,,,,,,,,,,,,
2018-09-20,11:37:00,COM VÍTIMA,FINALIZADA,ESTANCIA,AV DR JOSE RUFINO,3,539,,EM FRENTE A GALERIA MARGARIDA,AV DR JOSE RUFINO,539,EM FRENTE A GALERIA MARGARIDA,ESTÂNCIA,COLISÃO,MOTO E AUTO,1,1,,,,,,,,1,,,,,,,,,,,,,,,,,,
2018-09-20,12:22:00,COM VÍTIMA,FINALIZADA,CAXANGA,AV CAXANGA,0,,,PROX. AO CARTORIO DA VARZEA,AV CAXANGA,,PROX. AO CARTORIO DA VARZEA,CAXANGÁ,COLISÃO,AUTO E MOTO VT-24 NO LOCAL GM,1,1,,,,,,,,1,,,,,,,,,,,,,,,,,,
2018-09-20,12:40:00,COM VÍTIMA,FINALIZADA,JORDAO,AV MARIA IRENE,0,,,EM FRENTE AO SINDACTA,AV MARIA IRENE,,EM FRENTE AO SINDACTA,JORDÃO,COLISÃO,,,,,,,,,,,1,,,,,,,,,,,,,,,,,,
2018-09-20,13:06:00,COM VÍTIMA,FINALIZADA,SAO JOSE,RUA IMPERIAL,0,,,EM FRENTE PERNAMBUCO ALUMINIO,RUA IMPERIAL,,EM FRENTE PERNAMBUCO ALUMINIO,SÃO JOSÉ,CHOQUE,MOTO E POSTE,,,,,,,,,,1,,,,,,,,,,,,,,,,,,
2018-09-20,17:25:00,COM VÍTIMA,FINALIZADA,CASA FORTE,AV DEZESSETE DE AGOSTO,0,,,AO LADO DO MUSEU DO HOMEM DO NORDESTE PROX A PAGUE MENOS,AV DEZESSETE DE AGOSTO,,AO LADO DO MUSEU DO HOMEM DO NORDESTE PROX A PAGUE MENOS,CASA FORTE,COLISÃO,COLISAO ENTRE MOTO E AUTO S/V,1,1,,,,,,,,1,,,,,,,,,,,,,,,,,,
2018-09-20,20:24:00,COM VÍTIMA,FINALIZADA,SAN MARTIN,AV GENERAL SAN MARTIN,0,,,PRÓX A CAVALARIA / ENTRE A R JOSÉ VELOSO / E/F A DOCE SABOR PADARIA,AV GENERAL SAN MARTIN,,PRÓX A CAVALARIA / ENTRE A R JOSÉ VELOSO / E/F A DOCE SABOR PADARIA,SAN MARTIN,COLISÃO,ENTRE 2 MOTOS. C/V,,2,,,,,,,,1,,,,,,,,,,,,,,,,,,
2018-09-20,23:03:00,COM VÍTIMA,FINALIZADA,AFOGADOS,RUA SAO MIGUEL,0,,,AO LADO DO ARMAZÉM CORAL E PRÓX AO POSTO IPIRANGA,RUA SAO MIGUEL,,AO LADO DO ARMAZÉM CORAL E PRÓX AO POSTO IPIRANGA,AFOGADOS,COLISÃO,ENTRE AUTO E MOTO. C/V,1,1,,,,,,,,1,,,,,,,,,,,,,,,,,,
2018-09-21,07:14:00,COM VÍTIMA,FINALIZADA,SAN MARTIN,AV GENERAL SAN MARTIN,0,,RUA JOSE VELOSO,CRUZ COM A RUA JOSE VELOSO EM FRENTE A CAVALARIA,AV GENERAL SAN MARTIN,,CRUZ COM A RUA JOSE VELOSO EM FRENTE A CAVALARIA,SAN MARTIN,COLISÃO,COLISÃO COM VITIMA,1,,,,,,,1,,1,,,,,,,,,,,,,,,,,,
2018-09-21,12:14:00,COM VÍTIMA,FINALIZADA,MANGUEIRA,RUA SAO MIGUEL,0,,,PROXIMO AO BODE DO NÔ,RUA SAO MIGUEL,,PROXIMO AO BODE DO NÔ,MANGUEIRA,COLISÃO,COLISÃO COM VÍTIMA,1,1,,,,,,,,1,,,,,,,,,,,,,,,,,,
2018-09-21,12:59:00,COM VÍTIMA,FINALIZADA,VARZEA,RUA VALE DO SIRIJI,3,130,,EM FRENTE A FABRICA STUDIOS,RUA VALE DO SIRIJI,130,EM FRENTE A FABRICA STUDIOS,VÁRZEA,COLISÃO,COLISÃO COM VÍTIMA,1,1,,,,,,,,1,,,,,,,,,,,,,,,,,,
2018-09-21,14:01:00,COM VÍTIMA,FINALIZADA,IBURA,AV DOIS RIOS,4,1093,,PROXIMO A PAGUE MENOS/ SENTIDO IPSEP,AV DOIS RIOS,1093,PROXIMO A PAGUE MENOS/ SENTIDO IPSEP,IBURA,ATROPELAMENTO,COM VÍTIMA,,1,,,1,,,,,1,,,,,,,,,,,,,,,,,,
2018-09-21,15:44:00,COM VÍTIMA,FINALIZADA,ESPINHEIRO,AV CONS ROSA E SILVA,0,,,POR TRAZ DO CLUBE PORTUGUES,AV CONS ROSA E SILVA,,POR TRAZ DO CLUBE PORTUGUES,ESPINHEIRO,ATROPELAMENTO,ATROPELAMENTO COM CICLISTA,1,,,,1,,,,,1,,,,,,,,,,,,,,,,,,
2018-09-21,16:49:00,COM VÍTIMA,FINALIZADA,ILHA JOANA BEZERRA,RUA CAPITAO TEMUDO,0,,,EM CIMA DO VIADUTO/ SENTIDO PINA,VIADUTO CAPITAO TEMUDO,,EM CIMA DO VIADUTO/ SENTIDO PINA,JOANA BEZERRA,COLISÃO,COLISÃO COM VÍTIMA,1,1,,,,,,,,2,,,,,,,,,,,,,,,,,,
2018-09-21,18:20:00,COM VÍTIMA,FINALIZADA,SAO JOSE,AV SUL,0,,,FAIXA EXCLUSIVA DE ONIBUS,AV SUL,,FAIXA EXCLUSIVA DE ONIBUS,SÃO JOSÉ,ACID. DE PERCURSO,ACIDENTE COM MOTO 33 - BATEDOR DEYLTON,,,,,,,,,,1,,,,,,,,,,,,,,,,,,