data,hora,natureza_acidente,situacao,bairro,endereco,,numero,detalhe_endereco_acidente,complemento,endereco_cruzamento,numero_cruzamento,referencia_cruzamento,bairro_cruzamento,tipo,descricao,auto,moto,ciclom,ciclista,pedestre,onibus,caminhao,viatura,outros,vitimas,vitimasfatais,num_semaforo,sentido_via,acidente_verificado,tempo_clima,situacao_semaforo,sinalizacao,condicao_via,conservacao_via,ponto_controle,situacao_placa,velocidade_max_via,mao_direcao,divisao_via1,divisao_via2,divisao_via3,_id,Protocolo
2018-09-21,20:08:00,COM VÍTIMA,FINALIZADA,BEBERIBE,RUA URIEL DE HOLANDA,0,,RUA TAQUARITINGA,CRUZAMENTO C/A RUA TAGUATINGA - E/F A ESCOLA PEDRO CELSO,RUA URIEL DE HOLANDA,,CRUZAMENTO C/A RUA TAGUATINGA - E/F A ESCOLA PEDRO CELSO,BEBERIBE,COLISÃO,TAXI X MOTO,1,1,,,,,,,,1,,,,,,,,,,,,,,,,,,
2018-09-21,21:36:00,COM VÍTIMA,FINALIZADA,IPSEP,RUA JEAN EMILE FAVRE,0,,,EMFRENTE A UNIFBV,RUA JEAN EMILE FAVRE,,EMFRENTE A UNIFBV,IPSEP,COLISÃO,COLISÃO COM VITIMA,1,1,,,,,,,,1,,,,,,,,,,,,,,,,,,
2018-09-21,22:04:00,COM VÍTIMA,FINALIZADA,AREIAS,AV DR JOSE RUFINO,3,994,,ENF A HONDA SENTIDO RECIFE,AV DR JOSE RUFINO,994,ENF A HONDA SENTIDO RECIFE,AREIAS,COLISÃO,KOMBI X GOL,2,,,,,,,,,2,,,,,,,,,,,,,,,,,,
2018-09-22,11:21:00,COM VÍTIMA,FINALIZADA,BOA VIAGEM,AV HELIO FALCAO,0,,RUA DESEMBARGADOR JOAO PAES,COM RUA DESEMBARGADOR JOAO PAES VT 15 NO LOCAL,AV HELIO FALCAO,,COM RUA DESEMBARGADOR JOAO PAES VT 15 NO LOCAL,BOA VIAGEM,ATROPELAMENTO,ATROPELAMENTO COM UMA VITIMA,1,,,,1,,,,,1,,,,,,,,,,,,,,,,,,
2018-09-22,12:20:00,COM VÍTIMA,FINALIZADA,TORRE,RUA DOM MANOEL DA COSTA,0,,RUA PADRE LANDIN,ESQUINA COM A RUA PADRE LANDIN RUA DO COLEGIO CRISTO REI,RUA DOM MANOEL DA COSTA,,ESQUINA COM A RUA PADRE LANDIN RUA DO COLEGIO CRISTO REI,TORRE,COLISÃO,COM UMA VITIMA .AGUARDANDO SAMU,1,1,,,,,,,,1,,,,,,,,,,,,,,,,,,
2018-09-22,13:06:00,COM VÍTIMA,FINALIZADA,GRACAS,RUA JOAQUIM NABUCO,0,,,AO LADO DO HOSPITAL DA RESTAURACAO,RUA JOAQUIM NABUCO,,AO LADO DO HOSPITAL DA RESTAURACAO,GRAÇAS,ATROPELAMENTO,ATROPELAMENTO DE DEFICIENTE FÍSICO,1,,,,1,,,,,1,,,,,,,,,,,,,,,,,,
2018-09-22,14:42:00,COM VÍTIMA,FINALIZADA,TORREAO,AV GOVERNADOR AGAMENON MAGALHAES,1,X,,EM FRENTE AO POSTO BR DA UNICORDIS,AV GOVERNADOR AGAMENON MAGALHAES,X,EM FRENTE AO POSTO BR DA UNICORDIS,TORREÃO,COLISÃO,ACIDENTE CARRO E MOTO COM VÍTIMA,1,1,,,,,,,,1,,,,,,,,,,,,,,,,,,
2018-09-22,16:32:00,COM VÍTIMA,FINALIZADA,SANTO AMARO,AV GOVERNADOR AGAMENON MAGALHAES,0,,,EM FRENTE AO UNICORDIS/ SENTIDO BOA VIEGEM,AV GOVERNADOR AGAMENON MAGALHAES,,EM FRENTE AO UNICORDIS/ SENTIDO BOA VIEGEM,SANTO AMARO,COLISÃO,COLISÃO COM VÍTIMA,1,1,,,,,,,,2,,,,,,,,,,,,,,,,,,
2018-09-22,16:34:00,COM VÍTIMA,FINALIZADA,ENCRUZILHADA,AV NORTE,0,,,EM FRENTE AO SANTANDER SEMAFORO 043,AV NORTE,,EM FRENTE AO SANTANDER SEMAFORO 043,ENCRUZILHADA,COLISÃO,COM DUAS VITIMAS,1,1,,,,,,,,2,,,,,,,,,,,,,,,,,,
2018-09-22,22:00:00,COM VÍTIMA,FINALIZADA,CORDEIRO,RUA GOMES TABORDA,4,1100,RUA GREGORIO JUNIOR,ENF A JUNIO DA BATERIA // CRUZAMENTO COM A RUA GREGORIO JUNIOR,RUA GOMES TABORDA,1100,ENF A JUNIO DA BATERIA // CRUZAMENTO COM A RUA GREGORIO JUNIOR,CORDEIRO,COLISÃO,GROSSFOX X MOTO,1,1,,,,,,,,1,,,,,,,,,,,,,,,,,,
2018-09-23,00:15:00,COM VÍTIMA,FINALIZADA,CASA FORTE,AV DEZESSETE DE AGOSTO,4,1893,,EM FRENTE AO BAR CHEF,AV DEZESSETE DE AGOSTO,1893,EM FRENTE AO BAR CHEF,CASA FORTE,CHOQUE,AUTO CHOCOU-SE EM ALGUNS VEÍCULOS QUE E ESTAVAM PARADO E DEPOIS CHOCOU-SE EM UM MURO,1,,,,,,,,,1,,,,,,,,,,,,,,,,,,
2018-09-23,15:06:00,COM VÍTIMA,FINALIZADA,AREIAS,AV CAPITAO GREGORIO DE CALDAS,3,307,,PROX. AO HIPER  DA AV. RECIFE  EM FRENTE A FARMAVIDA,AV CAPITAO GREGORIO DE CALDAS,307,PROX. AO HIPER  DA AV. RECIFE  EM FRENTE A FARMAVIDA,AREIAS,COLISÃO,AUTO E MOTO,1,1,,,,,,,,1,,,,,,,,,,,,,,,,,,
2018-09-23,18:19:00,COM VÍTIMA,FINALIZADA,AGUA FRIA,AV BEBERIBE,0,,,EM FRENTE AO MERCADO DE AGUA FRIA,AV BEBERIBE,,EM FRENTE AO MERCADO DE AGUA FRIA,ÁGUA FRIA,ATROPELAMENTO,ONIBUS E PEDESTRE,,,,,1,1,,,,1,,,,,,,,,,,,,,,,,,
2018-09-24,08:56:00,COM VÍTIMA,FINALIZADA,MADALENA,RUA BENFICA,3,412,,EM FRENTE A PRAÇA DO CLUBE INTERNACIONAL  SENT/CAXANGA,RUA BENFICA,412,EM FRENTE A PRAÇA DO CLUBE INTERNACIONAL  SENT/CAXANGA,MADALENA,COLISÃO,COM UMA VITIMA AGUARDANDO SAMU LOCAL DESCARACTERIZADO,2,,,,,,,,,1,,,,,,,,,,,,,,,,,,
2018-09-24,08:59:00,COM VÍTIMA,FINALIZADA,DOIS IRMAOS,RUA DOIS IRMAOS,0,,,SENTIDO SUBURBIO  E/F A EXTENÇÃO DA PRÓ-REITORIA DA UFRPE. PORTARIA G2 A,RUA DOIS IRMAOS,,SENTIDO SUBURBIO  E/F A EXTENÇÃO DA PRÓ-REITORIA DA UFRPE. PORTARIA G2 A,DOIS IRMÃOS,COLISÃO,COM UMA VÍTIMA A ESPERA DO SAMU,1,1,,,,,,,,1,,,,,,,,,,,,,,,,,,
2018-09-24,10:31:00,COM VÍTIMA,FINALIZADA,BOA VISTA,RUA DO HOSPICIO,0,,RUA PRINCESA ISABEL,COM A RUA PRINCESA ISABEL. EM FRENTE A CAMARA.,RUA DO HOSPICIO,,COM A RUA PRINCESA ISABEL. EM FRENTE A CAMARA.,BOA VISTA,COLISÃO,,2,1,,,,,,,,1,,,,,,,,,,,,,,,,,,
2018-09-24,18:16:00,COM VÍTIMA,FINALIZADA,ENCRUZILHADA,AV NORTE,0,,,LADO OPOSTO DO HOSPITAL JORGE DE MEDEIROS  SNT SUB / PRÓX AO POSTO SHELL E MERCADO DA ENCRUZILHADA,AV NORTE,,LADO OPOSTO DO HOSPITAL JORGE DE MEDEIROS  SNT SUB / PRÓX AO POSTO SHELL E MERCADO DA ENCRUZILHADA,ENCRUZILHADA,COLISÃO,ENTRE AUTO E MOTO  C/V,1,1,,,,,,,,1,,,,,,,,,,,,,,,,,,
2018-09-24,21:52:00,COM VÍTIMA,FINALIZADA,BONGI,AV ENGENHEIRO ABDIAS DE CARVALHO,0,,,ENF A FACULDADE ESTACIO E POSTO DISLUB// SENTIDO CIDADE,AV ENGENHEIRO ABDIAS DE CARVALHO,,ENF A FACULDADE ESTACIO E POSTO DISLUB// SENTIDO CIDADE,BONGI,COLISÃO,CLASSIC X ONIBUS,1,,,,,1,,,,1,,,,,,,,,,,,,,,,,,
2018-09-25,07:28:00,COM VÍTIMA,FINALIZADA,CAMPO GRANDE,RUA PROFESSOR FRANCISCO DA TRINDADE,3,290,RUA SÃO CAETANO,E/F A RESIDENCIA. CRIZAMENTO COM A RUA SÃO CAETANO,RUA PROFESSOR FRANCISCO DA TRINDADE,290,E/F A RESIDENCIA. CRIZAMENTO COM A RUA SÃO CAETANO,CAMPO GRANDE,COLISÃO,COM UMA VÍTIMA.,1,1,,,,,,,,1,,,,,,,,,,,,,,,,,,
2018-09-25,08:00:00,COM VÍTIMA,FINALIZADA,DERBY,AV GOVERNADOR AGAMENON MAGALHAES,0,,,PISTA LOCAL  SENTIDO BOA VIAGEM E/F AO HAPVIDA,AV GOVERNADOR AGAMENON MAGALHAES,,PISTA LOCAL  SENTIDO BOA VIAGEM E/F AO HAPVIDA,DERBY,COLISÃO,COM UMA VITIMA. GM (PONTO FIXO) NO LOCAL.,2,,,,,,,,,1,,,,,,,,,,,,,,,,,,
2018-09-25,13:09:00,COM VÍTIMA,FINALIZADA,FUNDAO,AV BEBERIBE,4,3494,,PROX. AO POSTO BR,AV BEBERIBE,3494,PROX. AO POSTO BR,FUNDÃO,COLISÃO COM CICLISTA,ONIBUS E CICLISTA,,,,1,,1,,,,1,,,,,,,,,,,,,,,,,,
2018-09-25,14:10:00,COM VÍTIMA,FINALIZADA,SAO JOSE,RUA DO PEIXOTO,4,1320,AV DANTAS BARRETO,COM AV. DANTAS BARRETO  PROX. AO CAMELODROMO,RUA DO PEIXOTO,1320,COM AV. DANTAS BARRETO  PROX. AO CAMELODROMO,SÃO JOSÉ,COLISÃO,ONIBUS E MOTO,,1,,,,1,,,,1,,,,,,,,,,,,,,,,,,
2018-09-25,15:31:00,COM VÍTIMA,FINALIZADA,VARZEA,AV AFONSO OLINDENSE,4,1990,,NA PRAÇA DA VARZEA VT 18 NO LOCAL,AV AFONSO OLINDENSE,1990,NA PRAÇA DA VARZEA VT 18 NO LOCAL,VÁRZEA,COLISÃO,COLISAO ENTRE CAMINHAO E MOTO COM UMA VITIMA,,1,,,,,1,,,1,,,,,,,,,,,,,,,,,,
2018-09-25,15:43:00,COM VÍTIMA,FINALIZADA,PRADO,EST DO FORTE DO ARRAIAL N. DO B. JESUS,0,,RUA ADELINO FRUTUOSO,COM RUA ADELINO FRUTUOSO,EST DO FORTE DO ARRAIAL N. DO B. JESUS,,COM RUA ADELINO FRUTUOSO,PRADO,COLISÃO,COLISÃO COM VITIMA,1,1,,,,,,,,1,,,,,,,,,,,,,,,,,,
2018-09-25,17:11:00,COM VÍTIMA,FINALIZADA,IMBIRIBEIRA,RUA ARQUITETO LUIZ NUNES,0,,,SEMAFORO 634,RUA ARQUITETO LUIZ NUNES,,SEMAFORO 634,IMBIRIBEIRA,COLISÃO,AUTO E MOTO,1,1,,,,,,,,1,,,,,,,,,,,,,,,,,,
2018-09-25,18:52:00,COM VÍTIMA,FINALIZADA,SAO JOSE,AV DANTAS BARRETO,3,251,RUA SIQUEIRA CAMPOS,CRUZAMENTO COM A RUA SIQUEIRA CAMPOS,AV DANTAS BARRETO,251,CRUZAMENTO COM A RUA SIQUEIRA CAMPOS,SÃO JOSÉ,ATROPELAMENTO,ONIBUS X PEDESTRE,1,,,,1,,,,,1,,,,,,,,,,,,,,,,,,
2018-09-25,19:36:00,COM VÍTIMA,FINALIZADA,AREIAS,AV DR JOSE RUFINO,0,,,SEMAFORO 044 // ROX A ENTRADA DE JARDIM SAO PAULO,AV DR JOSE RUFINO,,SEMAFORO 044 // ROX A ENTRADA DE JARDIM SAO PAULO,AREIAS,COLISÃO,MOTO X UNO,1,1,,,,,,,,1,,,,,,,,,,,,,,,,,,
2018-09-25,20:02:00,COM VÍTIMA,FINALIZADA,ESPINHEIRO,RUA QUARENTA E OITO,3,630,,E/F AO RESTAURANTE CHINÊS / FINAL DA PRC 48,RUA QUARENTA E OITO,630,E/F AO RESTAURANTE CHINÊS / FINAL DA PRC 48,ESPINHEIRO,COLISÃO,ENTRE AUTO E MOTO. C/V,1,1,,,,,,,,1,,,,,,,,,,,,,,,,,,
2018-09-25,20:12:00,COM VÍTIMA,FINALIZADA,BOA VIAGEM,RUA BARAO DE SOUZA LEAO,0,,AV ENG DOMINGOS FERREIRA,CRUZAMENTO COM A DOMINGOS FERREIRA // SEMAFORO 190,RUA BARAO DE SOUZA LEAO,,CRUZAMENTO COM A DOMINGOS FERREIRA // SEMAFORO 190,BOA VIAGEM,COLISÃO,MOTO X SANDERO OBS:: BATEDORES 12 X 13 NO LOCAL,1,1,,,,,,,,1,,,,,,,,,,,,,,,,,,
2018-09-25,22:00:00,COM VÍTIMA,FINALIZADA,AFLITOS,AV CONS ROSA E SILVA,3,225,,E/F AO EDF ANGUSTURA PRINCE / PRÓX AO CAMPO DO NAUTICO,AV CONS ROSA E SILVA,225,E/F AO EDF ANGUSTURA PRINCE / PRÓX AO CAMPO DO NAUTICO,AFLITOS,COLISÃO,ENTRE AUTO E MOTO. C/V,1,1,,,,,,,,1,,,,,,,,,,,,,,,,,,
2018-09-26,08:13:00,COM VÍTIMA,FINALIZADA,BOMBA DO HEMETERIO,RUA BOMBA DO HEMETERIO,3,236,,HA 30 METROS DO MERCADINHO COMPRE MAIS,RUA BOMBA DO HEMETERIO,236,HA 30 METROS DO MERCADINHO COMPRE MAIS,BOMBA DO HEMETÉRIO,COLISÃO COM CICLISTA,COM UMA VITIMA AGUARDANDO O SAMU,,,,1,,1,,,,1,,,,,,,,,,,,,,,,,,
2018-09-26,16:07:00,COM VÍTIMA,FINALIZADA,MADALENA,RUA BENFICA,0,,,PROX AO EXTRA DA BENFICA DE ESQUINA COM O HOSPITAL LESSA DE ANDRADE,RUA BENFICA,,PROX AO EXTRA DA BENFICA DE ESQUINA COM O HOSPITAL LESSA DE ANDRADE,MADALENA,COLISÃO,COLISÃO COM VITIMA A ESPERA DO SAMU,,2,,,,,,,,1,,,,,,,,,,,,,,,,,,
2018-09-26,16:19:00,COM VÍTIMA,FINALIZADA,IPUTINGA,RUA SAO MATEUS,0,,,EM BAIXO DO SEMAFORO 239 PROX AO ALTINO VENTURA,RUA SAO MATEUS,,EM BAIXO DO SEMAFORO 239 PROX AO ALTINO VENTURA,IPUTINGA,COLISÃO,COLISÃO COM VITIMA A ESPERA DO SAMU,1,1,,,,,,,,1,,,,,,,,,,,,,,,,,,
2018-09-26,20:11:00,COM VÍTIMA,FINALIZADA,IPSEP,RUA ITACARI,0,,RUA ITAJAI,COM A ITAJAÍ... PROX. A GOCIL VIGILANCIA E SEGURANÇA,RUA ITACARI,,COM A ITAJAÍ... PROX. A GOCIL VIGILANCIA E SEGURANÇA,IPSEP,COLISÃO,COLISÃO COM VÍTIMA  AGUARDANDO NO LOCAL,1,1,,,,,,,,1,,,,,,,,,,,,,,,,,,
2018-09-26,21:49:00,COM VÍTIMA,FINALIZADA,SANTO AMARO,RUA TREZE DE MAIO,3,S/N,,AV NORTE,RUA TREZE DE MAIO,S/N,AV NORTE,SANTO AMARO,COLISÃO,,1,1,,,,,,,,1,,,,,,,,,,,,,,,,,,
2018-09-27,07:41:00,COM VÍTIMA,FINALIZADA,RECIFE,C DO APOLO,0,,,EM FRENTE A PREFEITURA,CAIS DO APOLO,,EM FRENTE A PREFEITURA,BAIRRO DO RECIFE,COLISÃO COM CICLISTA,ONIBUS E CICLISTA,,,,1,,1,,,,1,,,,,,,,,,,,,,,,,,
2018-09-27,09:22:00,COM VÍTIMA,FINALIZADA,CORDEIRO,EST DO FORTE DO ARRAIAL N. DO B. JESUS,3,937,,HA 50 METROS DA PRAÇA DO QUINZE/SENT AV ENG ABDIAS DE CARVALHO,EST DO FORTE DO ARRAIAL N. DO B. JESUS,937,HA 50 METROS DA PRAÇA DO QUINZE/SENT AV ENG ABDIAS DE CARVALHO,CORDEIRO,COLISÃO,COM UMA VITIMA/SAMU ACIONADO/GM NO LOCAL,1,1,,,,,,,,1,,,,,,,,,,,,,,,,,,
2018-09-27,10:32:00,COM VÍTIMA,FINALIZADA,SANTO AMARO,AV DR JAYME DA FONTE,2,16,,EM FRENTE AO PREDIO NOVO DA COMPESA,AV DR JAYME DA FONTE,16,EM FRENTE AO PREDIO NOVO DA COMPESA,SANTO AMARO,COLISÃO,COM UMA VITIMA SENDO ATENDIDA PELOS BOMBEIROS,2,,,,,,1,,,1,,,,,,,,,,,,,,,,,,
2018-09-27,10:39:00,COM VÍTIMA,FINALIZADA,CAMPO GRANDE,RUA FRANKLIN TAVORA,3,650,RUA OLIVEIRA FONSECA,COM A RUA OLIVEIRA FONSECA // EM FRENTE AO EDIFICIO CORÍNTIOS,RUA FRANKLIN TAVORA,650,COM A RUA OLIVEIRA FONSECA // EM FRENTE AO EDIFICIO CORÍNTIOS,CAMPO GRANDE,COLISÃO,COLISÃO ENTRE AUTO E MOTO C/V.,1,1,,,,,,,,1,,,,,,,,,,,,,,,,,,
2018-09-27,11:40:00,COM VÍTIMA,FINALIZADA,PINA,AV ANTONIO DE GOES,3,142,,PROX AO SHOPPING RIO MAR EM FRENTE AO POSTO DE GASOLINA BR,AV ANTONIO DE GOES,142,PROX AO SHOPPING RIO MAR EM FRENTE AO POSTO DE GASOLINA BR,PINA,COLISÃO,COLISÃO COM VITIMA A ESPERA SAMU,1,1,,,,,,,,1,,,,,,,,,,,,,,,,,,
2018-09-27,13:33:00,COM VÍTIMA,FINALIZADA,IMBIRIBEIRA,RUA ARQUITETO LUIZ NUNES,0,,,PROX AO RESTAURANTE JULIETTO,RUA ARQUITETO LUIZ NUNES,,PROX AO RESTAURANTE JULIETTO,IMBIRIBEIRA,COLISÃO,COLISAO ENTRE AUTO E MOTO COM VITIMA,1,1,,,,,,,,1,,,,,,,,,,,,,,,,,,
2018-09-27,14:28:00,COM VÍTIMA,FINALIZADA,SAN MARTIN,AV GENERAL SAN MARTIN,4,2072,,EM FRENTE AO HAPVIDA,AV GENERAL SAN MARTIN,2072,EM FRENTE AO HAPVIDA,SAN MARTIN,COLISÃO,COLISÃO COM VÍTIMA,2,,,,,,,,,1,,,,,,,,,,,,,,,,,,
2018-09-27,18:37:00,COM VÍTIMA,FINALIZADA,CORDEIRO,AV GENERAL SAN MARTIN,0,,RUA GOMES TABORDA,CRUZAMENTO COM A GOMES TABORDA // SEMAFORO 067,AV GENERAL SAN MARTIN,,CRUZAMENTO COM A GOMES TABORDA // SEMAFORO 067,CORDEIRO,COLISÃO,MOTO X GOL,1,1,,,,,,,,2,,,,,,,,,,,,,,,,,,
2018-09-27,20:57:00,COM VÍTIMA,FINALIZADA,CASA AMARELA,AV NORTE,0,,,ENF AO HOSPITAL PROF BARROS LIMA // SENTIDO BR,AV NORTE,,ENF AO HOSPITAL PROF BARROS LIMA // SENTIDO BR,CASA AMARELA,ENGAVETAMENTO,TRES AUTOS,3,,,,,,,,,2,,,,,,,,,,,,,,,,,,
2018-09-28,08:28:00,COM VÍTIMA,FINALIZADA,IBURA,RUA FRANCISCO BELTRAO,3,108,,PRÓX À PADARIA CLAUDINO PÃO,RUA FRANCISCO BELTRAO,108,PRÓX À PADARIA CLAUDINO PÃO,IBURA,COLISÃO,COLISÃO ENTRE AUTO E MOTO. C/V.,1,1,,,,,,,,1,,,,,,,,,,,,,,,,,,
2018-09-28,08:56:00,COM VÍTIMA,FINALIZADA,PINA,AV ANTONIO DE GOES,3,275,AV CONS AGUIAR,EM FRENTE À SECRETARIA DE ADMINISTRAÇÃO // FAIXA DA ESQUERDA // SEMÁFORO 226,AV ANTONIO DE GOES,275,EM FRENTE À SECRETARIA DE ADMINISTRAÇÃO // FAIXA DA ESQUERDA // SEMÁFORO 226,PINA,ATROPELAMENTO,MOTO E PEDESTRE,,1,,,1,,,,,1,,,,,,,,,,,,,,,,,,
2018-09-28,13:27:00,COM VÍTIMA,FINALIZADA,ROSARINHO,AV NORTE,4,3388,,EM FRENTE AO POSTO BR  SENTIDO MACAXEIRA,AV NORTE,3388,EM FRENTE AO POSTO BR  SENTIDO MACAXEIRA,ROSARINHO,COLISÃO,,1,1,,,,,,,,1,,,,,,,,,,,,,,,,,,
2018-09-28,17:00:00,COM VÍTIMA,FINALIZADA,BOA VIAGEM,AV CONSELHEIRO AGUIAR,0,,,NO SEMÁFORO 002. RUA THOMÉ GIBSON,AV CONSELHEIRO AGUIAR,,NO SEMÁFORO 002. RUA THOMÉ GIBSON,BOA VIAGEM,COLISÃO,COLISÃO COM VÍTIMA,2,,,,,,,,,1,,,,,,,,,,,,,,,,,,
2018-09-28,21:49:00,COM VÍTIMA,FINALIZADA,SAN MARTIN,AV CONSUL VILARES FRAGOSO,0,,,POR TRAZ DA CAVALARIA,AV CONSUL VILARES FRAGOSO,,POR TRAZ DA CAVALARIA,SAN MARTIN,COLISÃO,COLISÃO COM VITIMAS,1,,1,,,,,,,1,,,,,,,,,,,,,,,,,,
2018-09-29,09:27:00,COM VÍTIMA,FINALIZADA,IPUTINGA,RUA BOM PASTOR,4,1635,,E/F AO CONDOMINIO SONHO DOURADO  SENTIDO PRESIDIO BOM PASTOR,RUA BOM PASTOR,1635,E/F AO CONDOMINIO SONHO DOURADO  SENTIDO PRESIDIO BOM PASTOR,IPUTINGA,COLISÃO,COM UMA VÍTIMA SOORRIDA POR TERCEIROS.,,2,,,,,,,,1,,,,,,,,,,,,,,,,,,
2018-09-29,11:47:00,COM VÍTIMA,FINALIZADA,TAMARINEIRA,EST DO ARRAIAL,0,,,AO LADO DO POSTO DE GASOLINA SHELL EM FRENTE AO EDIFICIO BARÃO DE VERA CRUZ,EST DO ARRAIAL,,AO LADO DO POSTO DE GASOLINA SHELL EM FRENTE AO EDIFICIO BARÃO DE VERA CRUZ,TAMARINEIRA,COLISÃO,COLISÃO COM VITIMA A ESPERA DO SAMU,1,1,,,,,,,,1,,,,,,,,,,,,,,,,,,
2018-09-29,12:08:00,COM VÍTIMA,FINALIZADA,SAN MARTIN,RUA VINTE E UM DE ABRIL,4,2225,,EM FRENTE A MULTILAR,RUA VINTE E UM DE ABRIL,2225,EM FRENTE A MULTILAR,SAN MARTIN,COLISÃO COM CICLISTA,COM VÍTIMA,1,,,1,,,,,,1,,,,,,,,,,,,,,,,,,
2018-09-29,19:32:00,COM VÍTIMA,FINALIZADA,TEJIPIO,RUA FALCAO DE LACERDA,3,429,RUA QUINZE DE NOVEMBRO,SEMAFORO 285 // CRUZAMENTO COM A RUA 15 DE NOVEMBRO,RUA FALCAO DE LACERDA,429,SEMAFORO 285 // CRUZAMENTO COM A RUA 15 DE NOVEMBRO,TEJIPIÓ,COLISÃO,VOYGA X YAMAHA 150 /// OBS: SUSPEITA DE EMBRIAGUEZ,1,1,,,,,,,,2,,,,,,,,,,,,,,,,,,
2018-09-29,20:23:00,COM VÍTIMA,FINALIZADA,AFOGADOS,RUA TRES DE AGOSTO,0,,,ESQUINA COM O EROS HOTEL / PRÓX A ANTIGA BREMEN,RUA TRES DE AGOSTO,,ESQUINA COM O EROS HOTEL / PRÓX A ANTIGA BREMEN,AFOGADOS,COLISÃO,ENTRE AUTO E MOTO. C/V,1,1,,,,,,,,1,,,,,,,,,,,,,,,,,,
2018-09-30,07:20:00,COM VÍTIMA,FINALIZADA,AGUA FRIA,RUA BELO JARDIM,4,2115,,EM FRENTE A FARMACIA FARMA FORTE,RUA BELO JARDIM,2115,EM FRENTE A FARMACIA FARMA FORTE,ÁGUA FRIA,COLISÃO,COM DUAS VITIMAS SOCORRIDAS PELOS BOMBEIROS  CTTU NO LOCAL,,1,,,,,1,,,2,,,,,,,,,,,,,,,,,,
2018-09-30,14:47:00,COM VÍTIMA,FINALIZADA,CORDEIRO,AV CAXANGA,0,,,NO SEMÁFORO 080 / SENTIDO CAMARAGIBE,AV CAXANGA,,NO SEMÁFORO 080 / SENTIDO CAMARAGIBE,CORDEIRO,ATROPELAMENTO,COM VÍTIMA,,1,,,1,,,,,1,,,,,,,,,,,,,,,,,,
2018-10-01,07:36:00,COM VÍTIMA,FINALIZADA,JORDAO,AV MARIA IRENE,3,113,,PRÓX AO QUARTEL DA AERONAUTICA // PRÓX À EQUIPADORA ZEZINHO SOM,AV MARIA IRENE,113,PRÓX AO QUARTEL DA AERONAUTICA // PRÓX À EQUIPADORA ZEZINHO SOM,JORDÃO,COLISÃO,COLISÃO ENTRE AUTOS C/V.,1,,,,,1,,,,2,,,,,,,,,,,,,,,,,,
2018-10-01,07:42:00,COM VÍTIMA,FINALIZADA,PINA,AV ANTONIO DE GOES,3,254,,EM FRENTE A VENEZA NAUTICA / FAIXA DA ESQUERDA,AV ANTONIO DE GOES,254,EM FRENTE A VENEZA NAUTICA / FAIXA DA ESQUERDA,PINA,ATROPELAMENTO,COM UMA VITIMA SENDO ATENDIDA PELOS BOMBEIROS/CTTU NO LOCAL GM NO LOCAL,,1,,,1,,,,,1,,,,,,,,,,,,,,,,,,
2018-10-01,13:16:00,COM VÍTIMA,FINALIZADA,PRADO,AV ENGENHEIRO ABDIAS DE CARVALHO,0,,,E/F A DROGASIL NO SEMAFORO 052,AV ENGENHEIRO ABDIAS DE CARVALHO,,E/F A DROGASIL NO SEMAFORO 052,PRADO,COLISÃO,COLISAO ENTRE AUTO E MOTO S/V,1,1,,,,,,,,1,,,,,,,,,,,,,,,,,,
2018-10-01,13:51:00,COM VÍTIMA,FINALIZADA,ENCRUZILHADA,RUA INACIO GALVAO DOS SANTOS,3,465,RUA PROFESSOR OTAVIO DE FREITAS,COM A RUA PROFESSOR OTÁVIO DE FREITAS/ PROX. A PRAÇA DA ENCRUZILHADA,RUA INACIO GALVAO DOS SANTOS,465,COM A RUA PROFESSOR OTÁVIO DE FREITAS/ PROX. A PRAÇA DA ENCRUZILHADA,ENCRUZILHADA,COLISÃO,COLISÃO COM VITIMA,2,,,,,,,,,1,,,,,,,,,,,,,,,,,,
2018-10-01,16:00:00,COM VÍTIMA,FINALIZADA,PINA,AV ANTONIO DE GOES,0,,,EM FRENTE AO DENIT,AV ANTONIO DE GOES,,EM FRENTE AO DENIT,PINA,COLISÃO,COLISÃO COM VITIMA,,1,,,,1,,,,1,,,,,,,,,,,,,,,,,,
2018-10-01,16:04:00,COM VÍTIMA,FINALIZADA,CAXANGA,AV CAXANGA,4,2368,,APOS O PARQUE DE EXPOSIÇÕES,AV CAXANGA,2368,APOS O PARQUE DE EXPOSIÇÕES,CAXANGÁ,ACID. DE PERCURSO,QUEDA DE CICLISTA NA VIA- PASSOU MAL,,,,1,,,,,,1,,,,,,,,,,,,,,,,,,
2018-10-02,07:53:00,COM VÍTIMA,FINALIZADA,ESPINHEIRO,RUA DR GERALDO DE ANDRADE,3,100,,E/F A RESIDENCIA. PROX AO COLÉGIO NOVO MILÊNIO.,RUA DR GERALDO DE ANDRADE,100,E/F A RESIDENCIA. PROX AO COLÉGIO NOVO MILÊNIO.,ESPINHEIRO,COLISÃO,COM UMA VÍTIMA EM ATENDIMENTO PELO SAMU NO LOCAL.,2,,,,,,,,,1,,,,,,,,,,,,,,,,,,
2018-10-02,08:28:00,COM VÍTIMA,FINALIZADA,AGUA FRIA,EST VELHA DE AGUA FRIA,0,,AV PROFESSOR JOSE DOS ANJOS,COM AV PROFESSOR JOSÉ DOS ANJOS,EST VELHA DE AGUA FRIA,,COM AV PROFESSOR JOSÉ DOS ANJOS,ÁGUA FRIA,COLISÃO,,,,,,,,,,,1,,,,,,,,,,,,,,,,,,
2018-10-02,09:10:00,COM VÍTIMA,FINALIZADA,BOA VIAGEM,RUA WALDEMAR NERY CARNEIRO MONTEIRO,3,391,,TERMINAL DOS ONIBUS SETIUBAL/EM FRENTE A PADARIA SETUBAL,RUA WALDEMAR NERY CARNEIRO MONTEIRO,391,TERMINAL DOS ONIBUS SETIUBAL/EM FRENTE A PADARIA SETUBAL,BOA VIAGEM,COLISÃO,COLISÃO COM DUAS VITIMAS /SOCORRIDAS PELO SAMU,1,1,,,,,,,,2,,,,,,,,,,,,,,,,,,
2018-10-02,10:19:00,COM VÍTIMA,FINALIZADA,AFOGADOS,RUA SAO MIGUEL,0,,RUA SANTOS ARAUJO,COM SANTOS ARAÚJO,RUA SAO MIGUEL,,COM SANTOS ARAÚJO,AFOGADOS,COLISÃO,,1,,1,,,,,,,1,,,,,,,,,,,,,,,,,,
2018-10-02,10:20:00,COM VÍTIMA,FINALIZADA,CABANGA,RUA BITURI,3,281,,RUA EM FRENTE A COMPESA DO CABANGA,RUA BITURI,281,RUA EM FRENTE A COMPESA DO CABANGA,CABANGA,COLISÃO,SEM VITIMAS,,1,,,,,,1,,1,,,,,,,,,,,,,,,,,,