data,hora,natureza_acidente,situacao,bairro,endereco,,numero,detalhe_endereco_acidente,complemento,endereco_cruzamento,numero_cruzamento,referencia_cruzamento,bairro_cruzamento,tipo,descricao,auto,moto,ciclom,ciclista,pedestre,onibus,caminhao,viatura,outros,vitimas,vitimasfatais,num_semaforo,sentido_via,acidente_verificado,tempo_clima,situacao_semaforo,sinalizacao,condicao_via,conservacao_via,ponto_controle,situacao_placa,velocidade_max_via,mao_direcao,divisao_via1,divisao_via2,divisao_via3,_id,Protocolo
2018-10-02,10:21:00,COM VÍTIMA,FINALIZADA,BOA VIAGEM,AV CELSO FURTADO,0,,,SENTIDO AV BOA VIAGEM,AVENIDA CELSO FURTADO (VIA MANGUE),,SENTIDO AV BOA VIAGEM,BOA VIAGEM,COLISÃO,COM UMA VÍTIMA EM ATENDIMENTO PELO SAMU NO LCAL.,1,1,,,,,,,,1,,,,,,,,,,,,,,,,,,
2018-10-02,17:31:00,COM VÍTIMA,FINALIZADA,CAMPO GRANDE,AV ENGENHEIRO AGAMENON DE MAGALHAES MELO,0,,RUA ODORICO MENDES,COM A ODORICO MENDES // EM FRENTE AO INSTITUTO DE CRIMINALÍSTICA,AV ENGENHEIRO AGAMENON DE MAGALHAES MELO,,COM A ODORICO MENDES // EM FRENTE AO INSTITUTO DE CRIMINALÍSTICA,CAMPO GRANDE,COLISÃO,COLISÃO ENTRE AUTOS E MOTO C/V,2,1,,,,,,,,1,,,,,,,,,,,,,,,,,,
2018-10-02,19:07:00,COM VÍTIMA,FINALIZADA,PINA,AV ANTONIO DE GOES,0,,,E/F AO SEMAFORO 277,AV ANTONIO DE GOES,,E/F AO SEMAFORO 277,PINA,ATROPELAMENTO,ATTOPELAMENTO PEDESTRE,,1,,,1,,,,,1,,,,,,,,,,,,,,,,,,
2018-10-03,08:11:00,COM VÍTIMA,FINALIZADA,MADALENA,RUA LOPES DE CARVALHO,3,123,,APOS O BOM PREÇO EM FRENTE A GALERIA MADALENA CENTER,RUA LOPES DE CARVALHO,123,APOS O BOM PREÇO EM FRENTE A GALERIA MADALENA CENTER,MADALENA,COLISÃO,COLISÃO COM VITIMA A ESPERA DO SAMU,,1,,,,1,,,,1,,,,,,,,,,,,,,,,,,
2018-10-03,16:07:00,COM VÍTIMA,FINALIZADA,AFOGADOS,RUA BENFICA,0,,EST DOS REMEDIOS,COM ESTRADA DOS REMÉDIOS,RUA BENFICA,,COM ESTRADA DOS REMÉDIOS,AFOGADOS,COLISÃO COM CICLISTA,COLISÃO AUTO E CICLISTA,1,,,1,,,,,,1,,,,,,,,,,,,,,,,,,
2018-10-03,16:42:00,COM VÍTIMA,FINALIZADA,SANTO AMARO,AV NORTE,0,,,ANTES DA PRAÇA DA PICANHA S/T SUB COLISAO SOBRE VIADUTO,AV NORTE,,ANTES DA PRAÇA DA PICANHA S/T SUB COLISAO SOBRE VIADUTO,SANTO AMARO,COLISÃO,COLISAO ENTRE MOTO E DOIS AUTOS COM UMA VITIMA,2,1,,,,,,,,1,,,,,,,,,,,,,,,,,,
2018-10-03,18:38:00,COM VÍTIMA,FINALIZADA,BOA VIAGEM,RUA CORONEL ANIZIO RODRIGUES COELHO,0,,RUA MARQUES DE VALENCA,IGREJA NOSSA SENHORA DE FATIMA/ COM A MARQUES DE VALENÇA,RUA CORONEL ANIZIO RODRIGUES COELHO,,IGREJA NOSSA SENHORA DE FATIMA/ COM A MARQUES DE VALENÇA,BOA VIAGEM,COLISÃO,COLISÃO COM VÍTIMA,1,1,,,,,,,,1,,,,,,,,,,,,,,,,,,
2018-10-03,19:31:00,COM VÍTIMA,FINALIZADA,AFOGADOS,AV SUL GOV. CID SAMPAIO,0,,LARGO DA PAZ,PROX. A ESTAÇÃO LARGO DA PAZ  NO INÍCIO DA AV. SUL,LARGO DA PAZ,,PROX. A ESTAÇÃO LARGO DA PAZ  NO INÍCIO DA AV. SUL,AFOGADOS,COLISÃO,COLISÃO COM VÍTIMA,,1,,,,1,,,,1,,,,,,,,,,,,,,,,,,
2018-10-03,21:16:00,COM VÍTIMA,FINALIZADA,CAXANGA,AV JOAQUIM RIBEIRO,0,,RUA RIBEIRO PESSOA,CRUZAMENTO COM A RUA RIBEIRO PESSOA // SEMAFORO 281,AV JOAQUIM RIBEIRO,,CRUZAMENTO COM A RUA RIBEIRO PESSOA // SEMAFORO 281,CAXANGÁ,COLISÃO,CAMINHAO PIPA X MOTO,,1,,,,,1,,,1,,,,,,,,,,,,,,,,,,
2018-10-04,10:01:00,COM VÍTIMA,FINALIZADA,PORTO DA MADEIRA,AV CIDADE DE MONTEIRO,0,,,EM FRENTE AO ARMAZEM CORAL ACHAQUI,AV CIDADE DE MONTEIRO,,EM FRENTE AO ARMAZEM CORAL ACHAQUI,PORTO DA MADEIRA,COLISÃO,COLISÃO COM VITIMA SOCORRIDO PELOS BOMBEIROS,1,1,,,,,,,,1,,,,,,,,,,,,,,,,,,
2018-10-04,12:00:00,COM VÍTIMA,FINALIZADA,DERBY,RUA JOAQUIM NABUCO,0,,,AO LADO DA RESTAURAÇÃO,RUA JOAQUIM NABUCO,,AO LADO DA RESTAURAÇÃO,DERBY,COLISÃO,COLISÃO COM VÍTIMA,2,,,,,,,,,1,,,,,,,,,,,,,,,,,,
2018-10-05,08:13:00,COM VÍTIMA,FINALIZADA,IMBIRIBEIRA,AV MARECHAL MASCARENHAS DE MORAES,4,1485,,ASSEMBLEIA DE DEUS VITORIA EM CRISTO,AV MARECHAL MASCARENHAS DE MORAES,1485,ASSEMBLEIA DE DEUS VITORIA EM CRISTO,IMBIRIBEIRA,ATROPELAMENTO,MOTO E PEDESTRE,,1,,,1,,,,,1,,,,,,,,,,,,,,,,,,
2018-10-05,08:55:00,COM VÍTIMA,FINALIZADA,BOA VIAGEM,AV BOA VIAGEM,4,6732,,,AV BOA VIAGEM,6732,,BOA VIAGEM,COLISÃO,COLISÃO ENTRE AUTO E MOTO COM 2 VTOMAS,1,1,,,,,,,,2,,,,,,,,,,,,,,,,,,
2018-10-05,13:42:00,COM VÍTIMA,FINALIZADA,AREIAS,AV DR JOSE RUFINO,0,,,E/F AO SENAI,AV DR JOSE RUFINO,,E/F AO SENAI,AREIAS,COLISÃO,COLISAO ENTRE ONIBUS E MOTO COM UMA VITMA,,1,,,,1,,,,1,,,,,,,,,,,,,,,,,,
2018-10-05,15:02:00,COM VÍTIMA,FINALIZADA,CASA FORTE,AV DEZESSETE DE AGOSTO,0,,,EM FRENTE AO COLEGIO MOTIVO,AV DEZESSETE DE AGOSTO,,EM FRENTE AO COLEGIO MOTIVO,CASA FORTE,COLISÃO,COLISÃO COM VÍTIMA,1,1,,,,,,,,1,,,,,,,,,,,,,,,,,,
2018-10-05,18:55:00,COM VÍTIMA,FINALIZADA,ALTO JOSE BONIFACIO,RUA ALTO JOSE BONIFACIO,3,424,,POR CIMA DA '' LADEIRA DO BOI'' / PRÓX A QUADRA JOSÉ BONIFÁCIO,RUA ALTO JOSE BONIFACIO,424,POR CIMA DA '' LADEIRA DO BOI'' / PRÓX A QUADRA JOSÉ BONIFÁCIO,ALTO JOSÉ BONIFÁCIO,COLISÃO,ENTRE ONIBUS E MOTO . C/V,,1,,,,1,,,,1,,,,,,,,,,,,,,,,,,
2018-10-05,21:22:00,COM VÍTIMA,FINALIZADA,TEJIPIO,RUA APRIGIO GUIMARAES,3,466,,PROX AO HOSPITAL OTAVIO DE FREITAS // ENF AO SUPERMERCADO CUSTODIA,RUA APRIGIO GUIMARAES,466,PROX AO HOSPITAL OTAVIO DE FREITAS // ENF AO SUPERMERCADO CUSTODIA,TEJIPIÓ,COLISÃO,SIENA E MOTO,1,1,,,,,,,,1,,,,,,,,,,,,,,,,,,
2018-10-05,22:01:00,COM VÍTIMA,FINALIZADA,BOA VIAGEM,AV ENGENHEIRO DOMINGOS FERREIRA,3,467,,ENF A HDI SEGUROS,AV ENGENHEIRO DOMINGOS FERREIRA,467,ENF A HDI SEGUROS,BOA VIAGEM,COLISÃO,POLO BRANCO X MOTO,1,1,,,,,,,,1,,,,,,,,,,,,,,,,,,
2018-10-06,07:25:00,COM VÍTIMA,FINALIZADA,DERBY,RUA JENER DE SOUZA,0,,,EM FRENTE AO QUARTEL DO DERBY,RUA JENER DE SOUZA,,,DERBY,COLISÃO,COM UMA VITIMA AGUARDANDO SAMU,1,1,,,,,,,,1,,,,,,,,,,,,,,,,,,
2018-10-06,16:30:00,COM VÍTIMA,FINALIZADA,PRADO,AV ENGENHEIRO ABDIAS DE CARVALHO,0,,RUA DO FORTE,C/ AV DO FORTE,AV ENGENHEIRO ABDIAS DE CARVALHO,,C/ AV DO FORTE,PRADO,COLISÃO,MOTOCICLETA E AUTO PASSEIO,1,1,,,,,,,,1,,,,,,,,,,,,,,,,,,
2018-10-06,16:36:00,COM VÍTIMA,FINALIZADA,VASCO DA GAMA,RUA VASCO DA GAMA,0,,,SUPERMERCADO RENDE MAIS,RUA VASCO DA GAMA,,SUPERMERCADO RENDE MAIS,VASCO DA GAMA,COLISÃO,DUAS MOTOS,,2,,,,,,,,3,,,,,,,,,,,,,,,,,,
2018-10-06,18:55:00,COM VÍTIMA,FINALIZADA,JORDAO,AV MARIA IRENE,0,,,PRÓX A PRC DE JORDÃO BAIXO E POSTO BR / E/F A UPINHA / SNT AEROPORTO,AV MARIA IRENE,,PRÓX A PRC DE JORDÃO BAIXO E POSTO BR / E/F A UPINHA / SNT AEROPORTO,JORDÃO,COLISÃO,ENTRE AUTO E MOTO. C/V,1,1,,,,,,,,1,,,,,,,,,,,,,,,,,,
2018-10-06,20:42:00,COM VÍTIMA,FINALIZADA,AFOGADOS,RUA COSME VIANA,0,,RUA CORONEL ALFREDO DUARTE,SEMAFORO 430 CRUZAMENTO COM ARUA CORONEL AUFREDO DUARTE,RUA COSME VIANA,,SEMAFORO 430 CRUZAMENTO COM ARUA CORONEL AUFREDO DUARTE,AFOGADOS,COLISÃO,AUTO X MOTO,1,1,,,,,,,,1,,,,,,,,,,,,,,,,,,
2018-10-07,00:16:00,COM VÍTIMA,FINALIZADA,IPSEP,RUA HELIO BRANDAO,0,,RUA SAO NICOLAU,CRUZAMENTO COM A RUA SÃO NICOLAU  SEMAFORO 505,RUA HELIO BRANDAO,,CRUZAMENTO COM A RUA SÃO NICOLAU  SEMAFORO 505,IPSEP,COLISÃO,COLISÃO ENTRE CAMINHÃO E MOTO C/V,,1,,,,,1,,,1,,,,,,,,,,,,,,,,,,
2018-10-07,08:35:00,COM VÍTIMA,FINALIZADA,SANTO ANTONIO,AV GUARARAPES,0,,AV DANTAS BARRETO,COM DANTAS BARRETO,AV GUARARAPES,,COM DANTAS BARRETO,SANTO ANTÔNIO,COLISÃO COM CICLISTA,ATROPELAMENTO ENTRE ÔNIBUS E CICLISTA,,,,1,,1,,,,1,,,,,,,,,,,,,,,,,,
2018-10-07,09:32:00,COM VÍTIMA,FINALIZADA,IMBIRIBEIRA,AV MARECHAL MASCARENHAS DE MORAES,4,2657,,SEMAFORO 007/EM FRENTE A IMBIRIBEIRA DIESELSENT/AEROPORTO,AV MARECHAL MASCARENHAS DE MORAES,2657,SEMAFORO 007/EM FRENTE A IMBIRIBEIRA DIESELSENT/AEROPORTO,IMBIRIBEIRA,COLISÃO,COM UMA VITIMA SOCORRIDA PELO SAMU,2,,,,,,,,,1,,,,,,,,,,,,,,,,,,
2018-10-07,16:24:00,COM VÍTIMA,FINALIZADA,BEBERIBE,AV BEBERIBE,4,3785,,PROX. AO SESC,AV BEBERIBE,3785,PROX. AO SESC,BEBERIBE,COLISÃO,COLISÃO COM VITMA,2,,,,,,,,,1,,,,,,,,,,,,,,,,,,
2018-10-08,09:03:00,COM VÍTIMA,FINALIZADA,MADALENA,AV CAXANGA,3,731,,EM FRENTE A LOJA DE AUTOMOVEIS PRAZA VEÍCULOS PREMIUM/SENT CIDADE,AV CAXANGA,731,EM FRENTE A LOJA DE AUTOMOVEIS PRAZA VEÍCULOS PREMIUM/SENT CIDADE,MADALENA,COLISÃO,COM DUAS VITIMAS,1,2,,,,,,,,2,,,,,,,,,,,,,,,,,,
2018-10-08,09:53:00,COM VÍTIMA,FINALIZADA,BOA VISTA,AV CONDE DA BOA VISTA,0,,,SENT SUB / EM FRENTE A COPIADORA NASCIONAL,AV CONDE DA BOA VISTA,,SENT SUB / EM FRENTE A COPIADORA NASCIONAL,BOA VISTA,ATROPELAMENTO,ONIBUS E PEDESTRE,,,,,1,1,,,,1,,,,,,,,,,,,,,,,,,
2018-10-08,10:11:00,COM VÍTIMA,FINALIZADA,PINA,AV ANTONIO DE GOES,2,60,,AO LADO DO JCPM S/T CID,AV ANTONIO DE GOES,60,AO LADO DO JCPM S/T CID,PINA,COLISÃO,COLISAO ENTRE DUAS MOTO COM UMA VITIMA GM NO LOCAL,1,1,,,,,,,,1,,,,,,,,,,,,,,,,,,
2018-10-08,10:43:00,COM VÍTIMA,FINALIZADA,CASA AMARELA,EST DAS UBAIAS,2,75,,E/F AO EDF. LUAR DAS UBAIAS,EST DAS UBAIAS,75,E/F AO EDF. LUAR DAS UBAIAS,CASA AMARELA,COLISÃO,UMA DAS ENVOLVIDAS NA COLISÃO PASSOU MAL ENQUANTO DIRIGIA  OCASIONANDO O SINISTRO. ELA FOI SOCORRIDA POR TERCEIROS.,3,,,,,,,,,1,,,,,,,,,,,,,,,,,,
2018-10-08,11:17:00,COM VÍTIMA,FINALIZADA,AREIAS,AV RECIFE,0,,,SEMAFORO 620 /SENT BR 101/EM FRENTE AO POSTO BR E AO MAKRO,AV RECIFE,,SEMAFORO 620 /SENT BR 101/EM FRENTE AO POSTO BR E AO MAKRO,AREIAS,COLISÃO,COM UMA VITIMA SAMU ACIONADO,1,1,,,,,,,,1,,,,,,,,,,,,,,,,,,
2018-10-08,16:29:00,COM VÍTIMA,FINALIZADA,AFOGADOS,RUA SAO MIGUEL,3,426,,PROX AO BANCO DO BRASIL,RUA SAO MIGUEL,426,PROX AO BANCO DO BRASIL,AFOGADOS,COLISÃO COM CICLISTA,COLISAO ENTRE ONIBUS   AUTO E UM CICLISTA COM UMA VITIMA,1,,,1,,1,,,,1,,,,,,,,,,,,,,,,,,
2018-10-09,06:04:00,COM VÍTIMA,FINALIZADA,MADALENA,AV ENGENHEIRO ABDIAS DE CARVALHO,0,,,semaforo 052/AO LADO DA DROGASIL/SENT TORRE,AV ENGENHEIRO ABDIAS DE CARVALHO,,semaforo 052/AO LADO DA DROGASIL/SENT TORRE,MADALENA,COLISÃO,COM UMA VITIMA  SAMU NO LOCAL,1,1,,,,,,,,1,,,,,,,,,,,,,,,,,,
2018-10-09,08:26:00,COM VÍTIMA,FINALIZADA,APIPUCOS,AV DEZESSETE DE AGOSTO,3,355,,EM FRENTE A MORADA APIPUCOS,AV DEZESSETE DE AGOSTO,355,EM FRENTE A MORADA APIPUCOS,APIPUCOS,COLISÃO,MOTO E AUTO,1,1,,,,,,,,2,,,,,,,,,,,,,,,,,,
2018-10-09,09:52:00,COM VÍTIMA,FINALIZADA,SANTO AMARO,AV NORTE,0,,,SEMAFORO 097 - EM FRENTE A PAROQUIA SÃO SEBASTIÃO,AV NORTE,,SEMAFORO 097 - EM FRENTE A PAROQUIA SÃO SEBASTIÃO,SANTO AMARO,ATROPELAMENTO,ATROPELAMENTO DE PEDESTRE,1,,,,1,,,,,1,,,,,,,,,,,,,,,,,,
2018-10-09,14:27:00,COM VÍTIMA,FINALIZADA,SANTO AMARO,AV NORTE,0,,,EM FRENTE A IGREJA SAO SEBASTIAO,AV NORTE,,EM FRENTE A IGREJA SAO SEBASTIAO,SANTO AMARO,COLISÃO COM CICLISTA,AUTO E CICLISTA,1,,,1,,,,,,1,,,,,,,,,,,,,,,,,,
2018-10-09,17:27:00,COM VÍTIMA,FINALIZADA,MADALENA,AV ENGENHEIRO ABDIAS DE CARVALHO,3,S/N,EST DOS REMEDIOS,C/ ESTRADA DOS REMÉDIOS (FORTURIA),AV ENGENHEIRO ABDIAS DE CARVALHO,S/N,C/ ESTRADA DOS REMÉDIOS (FORTURIA),MADALENA,COLISÃO COM CICLISTA,COLISÃO ENVOLVENDO AUTO E BICICLETA COM VÍTIMA,1,,,1,,,,,,1,,,,,,,,,,,,,,,,,,
2018-10-09,18:58:00,COM VÍTIMA,FINALIZADA,SANTO AMARO,AV GOVERNADOR AGAMENON MAGALHAES,0,,,VIADUTO JAO DE BARROS // SENTIDO OLINDA,AV GOVERNADOR AGAMENON MAGALHAES,,VIADUTO JAO DE BARROS // SENTIDO OLINDA,SANTO AMARO,COLISÃO,HB 20 X MOTO,1,1,,,,,,,,1,,,,,,,,,,,,,,,,,,
2018-10-09,20:27:00,COM VÍTIMA,FINALIZADA,TAMARINEIRA,RUA CONEGO BARATA,3,908,,ENF DNOCS // SENTIDO ESTADIO DO SANTA CRUZ,RUA CONEGO BARATA,908,ENF DNOCS // SENTIDO ESTADIO DO SANTA CRUZ,TAMARINEIRA,COLISÃO,MOTO X CELTA,1,1,,,,,,,,1,,,,,,,,,,,,,,,,,,
2018-10-09,20:52:00,COM VÍTIMA,FINALIZADA,DOIS IRMAOS,RUA DOIS IRMAOS,0,,,PROX À PONTE DOIS IRMÃOS  ENTRADA DA CASA DO EX-GOV EDUARDO CAMPOS  SENTIDO CID/SUB,RUA DOIS IRMAOS,,PROX À PONTE DOIS IRMÃOS  ENTRADA DA CASA DO EX-GOV EDUARDO CAMPOS  SENTIDO CID/SUB,DOIS IRMÃOS,COLISÃO,AUTOS E MOTO C/VITIMA,1,1,,,,,,,,1,,,,,,,,,,,,,,,,,,
2018-10-10,07:50:00,COM VÍTIMA,FINALIZADA,SOLEDADE,RUA JOAQUIM FELIPE,2,60,AV JOAO DE BARROS,COM A AV JOÃO DE BARROS // EM FRENTE AO NUCE,RUA JOAQUIM FELIPE,60,COM A AV JOÃO DE BARROS // EM FRENTE AO NUCE,SOLEDADE,COLISÃO,COLISÃO ENTRE AUTO E MOTO C/V.,1,1,,,,,,,,1,,,,,,,,,,,,,,,,,,
2018-10-10,09:23:00,COM VÍTIMA,FINALIZADA,JAQUEIRA,RUA DO FUTURO,3,959,RUA DEPUTADO PEDRO PIRES FERREIRA,COM R. DEP. PEDRO PIRES FERREIRA // EM FRENTE AO LABORATÓRIO MARCELO MAGALHÃES E LIVRARIA JAQUEIRA,RUA DO FUTURO,959,COM R. DEP. PEDRO PIRES FERREIRA // EM FRENTE AO LABORATÓRIO MARCELO MAGALHÃES E LIVRARIA JAQUEIRA,JAQUEIRA,COLISÃO,COLISÃO ENTRE AUTO E MOTO C/V.,1,1,,,,,,,,2,,,,,,,,,,,,,,,,,,
2018-10-10,13:15:00,COM VÍTIMA,FINALIZADA,LINHA DO TIRO,RUA GUARAJA,0,,,NA RUA DO CALDINHO DO AMBRÓSIO E/F AO HABITACIONAL DA LINHA DO TIRO,RUA GUARAJA,,NA RUA DO CALDINHO DO AMBRÓSIO E/F AO HABITACIONAL DA LINHA DO TIRO,LINHA DO TIRO,COLISÃO,COLISAO ENTRE AUTO E MOTO COM UMA VITIMA,1,1,,,,,,,,1,,,,,,,,,,,,,,,,,,
2018-10-10,13:29:00,COM VÍTIMA,FINALIZADA,TORRE,RUA MARQUES DE MARICA,3,170,,NO SENTIDO AV MAURICIO DE NASSAU,RUA MARQUES DE MARICA,170,NO SENTIDO AV MAURICIO DE NASSAU,TORRE,COLISÃO,AUTO X MOTO,1,1,,,,,,,,1,,,,,,,,,,,,,,,,,,
2018-10-10,17:41:00,COM VÍTIMA,FINALIZADA,ENCRUZILHADA,AV BEBERIBE,0,,,POSTO SHELL,AV BEBERIBE,,POSTO SHELL,ENCRUZILHADA,COLISÃO,COLISÃO AUTO E MOTO COM VÍTIMA,1,1,,,,,,,,1,,,,,,,,,,,,,,,,,,
2018-10-10,18:21:00,COM VÍTIMA,FINALIZADA,ARRUDA,AV PROFESSOR JOSE DOS ANJOS,0,,,NA FRENTE DO ARRUDA AO LADO DA QUADRA BEIRA DO CANAL,AV PROFESSOR JOSE DOS ANJOS,,NA FRENTE DO ARRUDA AO LADO DA QUADRA BEIRA DO CANAL,ARRUDA,COLISÃO,COLISÃO COM VITIMA,1,1,,,,,,,,1,,,,,,,,,,,,,,,,,,
2018-10-10,19:55:00,COM VÍTIMA,FINALIZADA,IMBIRIBEIRA,RUA ITAJAI,0,,,COLISÃO MOTO E AUTO / RUA POR TRAZ DO BANCO ITAU,RUA ITAJAI,,COLISÃO MOTO E AUTO / RUA POR TRAZ DO BANCO ITAU,IMBIRIBEIRA,COLISÃO,COLISÃO COM VITIMA,1,1,,,,,,,,1,,,,,,,,,,,,,,,,,,
2018-10-11,08:00:00,COM VÍTIMA,FINALIZADA,TORRE,RUA JOSE DE HOLANDA,0,,RUA JOSE BONIFACIO,SEMAFORO 601/CRUZAMENTO COM A RUA JOSE BONIFACIO,RUA JOSE DE HOLANDA,,SEMAFORO 601/CRUZAMENTO COM A RUA JOSE BONIFACIO,TORRE,COLISÃO,COM UMA VITIMA AGUARDANDO SAMU,1,1,,,,,,,,1,,,,,,,,,,,,,,,,,,
2018-10-11,08:16:00,COM VÍTIMA,FINALIZADA,FUNDAO,AV BEBERIBE,4,2446,,PROXIMO A AUTO ESCOLA PILOTO,AV BEBERIBE,2446,PROXIMO A AUTO ESCOLA PILOTO,FUNDÃO,COLISÃO,COLISÃO COM VITIMA,1,1,,,,,,,,1,,,,,,,,,,,,,,,,,,
2018-10-11,08:42:00,COM VÍTIMA,FINALIZADA,CASA AMARELA,AV NORTE,4,5400,,APÓS A DESCIDA DO MORRO,AV NORTE,5400,APÓS A DESCIDA DO MORRO,CASA AMARELA,ATROPELAMENTO,MOCICLISTA E PEDESTRE. MOTOCICLISTA ESPERA O SOCORRO E ATROPELADO SEGUIU DESTINO IGNORADO,,1,,,1,,,,,1,,,,,,,,,,,,,,,,,,
2018-10-11,12:35:00,COM VÍTIMA,FINALIZADA,PINA,AV CONSUL JOSEPH NOUJAIM,2,40,,EM FRENTE AO EDF ESQUINA 40,AV CONSUL JOSEPH NOUJAIM,40,EM FRENTE AO EDF ESQUINA 40,PINA,COLISÃO,ONIBUS E MOTO,,1,,,,1,,,,2,,,,,,,,,,,,,,,,,,
2018-10-11,14:35:00,COM VÍTIMA,FINALIZADA,BOA VISTA,AV GOVERNADOR CARLOS DE LIMA CAVALCANTI,2,63,,PROX. AO POSTO IPIRANGA,AV GOVERNADOR CARLOS DE LIMA CAVALCANTI,63,PROX. AO POSTO IPIRANGA,BOA VISTA,COLISÃO,AUTO E MOTO C/V,1,1,,,,,,,,1,,,,,,,,,,,,,,,,,,
2018-10-11,14:59:00,COM VÍTIMA,FINALIZADA,BOA VIAGEM,AV BOA VIAGEM,4,2510,,EM FRENTE AO EDF RENATO BEZERRA DE MELO,AV BOA VIAGEM,2510,EM FRENTE AO EDF RENATO BEZERRA DE MELO,BOA VIAGEM,COLISÃO,CAMINHAO E MOTO,,1,,,,,1,,,1,,,,,,,,,,,,,,,,,,
2018-10-11,16:12:00,COM VÍTIMA,FINALIZADA,AREIAS,AV RECIFE,0,,,PONTE DO CAÇOTE,AV RECIFE,,PONTE DO CAÇOTE,AREIAS,ATROPELAMENTO,ATROPELAMENTO DE PEDESTRE,1,,,,1,,,,,1,,,,,,,,,,,,,,,,,,
2018-10-11,17:12:00,COM VÍTIMA,FINALIZADA,ILHA DO LEITE,PTE JOSE DE BARROS LIMA,0,,,SUBIDA DA PONTE JOSÉ DE BARROS LIMA  E/F AO HOSPITAL PORTUGUÊS,PTE JOSE DE BARROS LIMA,,SUBIDA DA PONTE JOSÉ DE BARROS LIMA  E/F AO HOSPITAL PORTUGUÊS,ILHA DO LEITE,COLISÃO,ACIDENTE COM VÍTIMA ENTRE CARRO E MOTOCICLISTA,1,1,,,,,,,,1,,,,,,,,,,,,,,,,,,
2018-10-11,21:52:00,COM VÍTIMA,FINALIZADA,ESTANCIA,AV DR JOSE RUFINO,3,754,,POR BAIXO DO VIADUTO / E/F A SOCORRO DOCES E SALGADOS / PRÓX AO ARMAZÉM CORAL,AV DR JOSE RUFINO,754,POR BAIXO DO VIADUTO / E/F A SOCORRO DOCES E SALGADOS / PRÓX AO ARMAZÉM CORAL,ESTÂNCIA,COLISÃO,ENTRE AUTO E MOTO. C/V,1,1,,,,,,,,2,,,,,,,,,,,,,,,,,,
2018-10-11,22:04:00,COM VÍTIMA,FINALIZADA,TAMARINEIRA,RUA DR JOSE MARIA,0,,,APOIS O PORTAL DA PICANHA // SENTIDO PARQUE DA JAQUEIRA,RUA DR JOSE MARIA,,APOIS O PORTAL DA PICANHA // SENTIDO PARQUE DA JAQUEIRA,TAMARINEIRA,COLISÃO,MOTO X RENO DUSTER,1,1,,,,,,,,1,,,,,,,,,,,,,,,,,,
2018-10-12,19:49:00,COM VÍTIMA,FINALIZADA,APIPUCOS,RUA DE APIPUCOS,0,,RUA CORONEL JOAO BATISTA DO REGO BARROS,COM RUA CEL. JOÃO BATISTA DO REGO BARROS  SEMÁFORO 540,RUA DE APIPUCOS,,COM RUA CEL. JOÃO BATISTA DO REGO BARROS  SEMÁFORO 540,APIPUCOS,COLISÃO,COLISÃO ENTRE AUTO E MOTO C/V,1,1,,,,,,,,1,,,,,,,,,,,,,,,,,,
2018-10-13,10:34:00,COM VÍTIMA,FINALIZADA,SAO JOSE,RUA IMPERIAL,3,981,,E/F A SAB EXPRESS  SEMÁFORO 510,RUA IMPERIAL,981,E/F A SAB EXPRESS  SEMÁFORO 510,SÃO JOSÉ,COLISÃO,SEM VÍTIMAS. HÁ UMA GESTANTE ENTRE OS ENVOLVIDOS NA COLISÃO.,2,,,,,,,,,1,,,,,,,,,,,,,,,,,,
2018-10-13,19:15:00,COM VÍTIMA,FINALIZADA,BARRO,AV DR JOSE RUFINO,0,,,JUNTO AO SEMÁFORO 044  POSTO SHELL...SENTIDO JABOATÃO,AV DR JOSE RUFINO,,JUNTO AO SEMÁFORO 044  POSTO SHELL...SENTIDO JABOATÃO,BARRO,COLISÃO,COLISÃO COM VÍTMA/ O SOLICITANTE ESTA AGUARDANDO O SAMU NO LOCAL  PESSOAS O SENTARAM EM UMA CADEIRA DENTRO DO POSTO E REMOVERAM OS VEÍCULOS DA VIA,1,1,,,,,,,,1,,,,,,,,,,,,,,,,,,
2018-10-13,22:38:00,COM VÍTIMA,FINALIZADA,BOA VIAGEM,AV DOM JOAO VI,0,,,POR TRÁS DO SHOPPING RECIFE  SNT PRAZERES,AV DOM JOAO VI,,POR TRÁS DO SHOPPING RECIFE  SNT PRAZERES,BOA VIAGEM,CHOQUE,ENTRE AUTO E POSTE. C/V,1,,,,,,,,,5,,,,,,,,,,,,,,,,,,
2018-10-14,10:02:00,COM VÍTIMA,FINALIZADA,ENCRUZILHADA,RUA ENGENHEIRO LUIZ VAUTHIER,0,,,PRÓX AO BANCO ITAÚ,RUA ENGENHEIRO LUIZ VAUTHIER,,PRÓX AO BANCO ITAÚ,ENCRUZILHADA,COLISÃO,COLISÃO ENTRE AUTO E MOTO C/V - VT07 NO QTH,1,1,,,,,,,,1,,,,,,,,,,,,,,,,,,
2018-10-14,10:34:00,COM VÍTIMA,FINALIZADA,BOA VIAGEM,AV CONSELHEIRO AGUIAR,3,960,,EM FRENTE A PADARIA MIRAMAR,AV CONSELHEIRO AGUIAR,960,EM FRENTE A PADARIA MIRAMAR,BOA VIAGEM,COLISÃO,COM UMA VITIMA  AGUARDANDO SAMU,1,1,,,,,,,,1,,,,,,,,,,,,,,,,,,
2018-10-14,22:17:00,COM VÍTIMA,FINALIZADA,TAMARINEIRA,RUA CONEGO BARATA,0,,AV NORTE,COM A AV. NORTE/ A VT 27 ESTA NO LOCAL,RUA CONEGO BARATA,,COM A AV. NORTE/ A VT 27 ESTA NO LOCAL,TAMARINEIRA,COLISÃO,COLISÃO COM VITIMA,1,1,,,,,,,,1,,,,,,,,,,,,,,,,,,
2018-10-15,07:33:00,COM VÍTIMA,FINALIZADA,ILHA DO LEITE,RUA FRANCISCO ALVES,3,325,,EM FRENTE A MULTI MED CENTER,RUA FRANCISCO ALVES,325,EM FRENTE A MULTI MED CENTER,ILHA DO LEITE,COLISÃO,MOTO E AUTO,1,1,,,,,,,,1,,,,,,,,,,,,,,,,,,
2018-10-15,07:57:00,COM VÍTIMA,FINALIZADA,BEBERIBE,RUA DALVA DE OLIVEIRA,2,91,,AO LADO DO SEST SENAT,RUA DALVA DE OLIVEIRA,91,AO LADO DO SEST SENAT,BEBERIBE,ATROPELAMENTO,,1,,,,1,,,,,1,,,,,,,,,,,,,,,,,,
2018-10-15,15:55:00,COM VÍTIMA,FINALIZADA,CASA AMARELA,RUA DA HARMONIA,4,3692,,E/F A CASA DOS DOCES,RUA DA HARMONIA,3692,PROXIMO A LANCHONETE PITIGIO E EM FRENTE A IGREJA BATISTA DO ALTO SANTA ISABEL,CASA AMARELA,COLISÃO,COLISAO ENTRE DOIS AUTOS E UMA MOTO COM UMA VITIMA,2,1,,,,,,,,1,,,,,,,,,,,,,,,,,,