data,hora,natureza_acidente,situacao,bairro,endereco,,numero,detalhe_endereco_acidente,complemento,endereco_cruzamento,numero_cruzamento,referencia_cruzamento,bairro_cruzamento,tipo,descricao,auto,moto,ciclom,ciclista,pedestre,onibus,caminhao,viatura,outros,vitimas,vitimasfatais,num_semaforo,sentido_via,acidente_verificado,tempo_clima,situacao_semaforo,sinalizacao,condicao_via,conservacao_via,ponto_controle,situacao_placa,velocidade_max_via,mao_direcao,divisao_via1,divisao_via2,divisao_via3,_id,Protocolo
2018-10-15,21:55:00,COM VÍTIMA,FINALIZADA,BOA VIAGEM,AV CONSELHEIRO AGUIAR,0,,RUA RIBEIRO DE BRITO,PROX AO HOLIDEY // CRUZAMENTO COM A RIBEIRO DE BRITO // SENTIDO SHOPPING RECIFE,AV CONSELHEIRO AGUIAR,,PROX AO HOLIDEY // CRUZAMENTO COM A RIBEIRO DE BRITO // SENTIDO SHOPPING RECIFE,BOA VIAGEM,COLISÃO,AUTO X MOTO,1,1,,,,,,,,2,,,,,,,,,,,,,,,,,,
2018-10-16,00:09:00,COM VÍTIMA,FINALIZADA,AFOGADOS,RUA SAO MIGUEL,3,685,,EM FRENTE AO PORTUGUÊS AUTO-PEÇAS // SENTIDO CIDADE/SUBÚRBIO  ANTES DO QUARTEL 14° BLOG,RUA SAO MIGUEL,685,EM FRENTE AO PORTUGUÊS AUTO-PEÇAS // SENTIDO CIDADE/SUBÚRBIO  ANTES DO QUARTEL 14° BLOG,AFOGADOS,COLISÃO,COLISÃO ENTRE AUTO E MOTO  C/V.,1,1,,,,,,,,1,,,,,,,,,,,,,,,,,,
2018-10-16,00:49:00,COM VÍTIMA,FINALIZADA,BOA VISTA,AV CONDE DA BOA VISTA,0,,RUA DO HOSPICIO,CRUZAMENTO COM A RUA DO HOSPÍCIO,AV CONDE DA BOA VISTA,,CRUZAMENTO COM A RUA DO HOSPÍCIO,BOA VISTA,COLISÃO,COLISÃO ENTRE ÔNIBUS E UM CICLOMOTOR  C/V.,1,,1,,,,,,,1,,,,,,,,,,,,,,,,,,
2018-10-16,09:49:00,COM VÍTIMA,FINALIZADA,IMBIRIBEIRA,AV MARECHAL MASCARENHAS DE MORAES,5,795-A,,MP MULTI MARCAS SENT/RECIFE,AV MARECHAL MASCARENHAS DE MORAES,795-A,MP MULTI MARCAS SENT/RECIFE,IMBIRIBEIRA,COLISÃO,COM UMA VITIMA  SAMU NO LOCAL,1,1,,,,,,,,1,,,,,,,,,,,,,,,,,,
2018-10-16,10:50:00,COM VÍTIMA,FINALIZADA,CASA FORTE,AV DEZESSETE DE AGOSTO,0,,,E/F AO PLAZA SHOPPING  SENTIDO SUBÚRBIO. SEMÁFORO 345,AV DEZESSETE DE AGOSTO,,E/F AO PLAZA SHOPPING  SENTIDO SUBÚRBIO. SEMÁFORO 345,CASA FORTE,ATROPELAMENTO,COM UMA VÍTIMA A ESPERA DO SAMU,1,,,,1,,,,,1,,,,,,,,,,,,,,,,,,
2018-10-16,11:04:00,COM VÍTIMA,FINALIZADA,IPSEP,RUA IRAPUA,3,467,RUA FRANCISCO BARRETO,COM RUA FRANCISCO BARRETO // EM FRENTE AO EDF. PARQUE BOQUEIRÃO,RUA IRAPUA,467,COM RUA FRANCISCO BARRETO // EM FRENTE AO EDF. PARQUE BOQUEIRÃO,IPSEP,COLISÃO,COLISÃO C/V.,1,1,,,,,,,,1,,,,,,,,,,,,,,,,,,
2018-10-16,14:03:00,COM VÍTIMA,FINALIZADA,SAO JOSE,AV DANTAS BARRETO,0,,,SENT/AFOGADOS AO LADO DO CAMELODROMO,AV DANTAS BARRETO,,SENT/AFOGADOS AO LADO DO CAMELODROMO,SÃO JOSÉ,COLISÃO COM CICLISTA,COM DUAS VITIMAS UMA SOCORRIDA PELO SAMU E A OUTRA AGUARDANDO SOCORRO,,,,1,,1,,,,2,,,,,,,,,,,,,,,,,,
2018-10-16,15:24:00,COM VÍTIMA,FINALIZADA,DERBY,AV GOVERNADOR AGAMENON MAGALHAES,0,,AV GOVERNADOR CARLOS DE LIMA CAVALCANTI,NO SEMÁFORO 075/ SENTIDO OLINDA,AV GOVERNADOR AGAMENON MAGALHAES,,NO SEMÁFORO 075/ SENTIDO OLINDA,DERBY,COLISÃO,COLISÃO COM VÍTIMA,1,1,,,,,,,,1,,,,,,,,,,,,,,,,,,
2018-10-16,17:19:00,COM VÍTIMA,FINALIZADA,IMBIRIBEIRA,RUA AUGUSTO CALHEIROS,0,,,EM FRENTE AO REI DOS FAROIS,RUA AUGUSTO CALHEIROS,,EM FRENTE AO REI DOS FAROIS,IMBIRIBEIRA,COLISÃO,COM VITIMA AGUARDANDO SAMU CTTU NO LOCAL,1,2,,,,,,,,1,,,,,,,,,,,,,,,,,,
2018-10-16,17:21:00,COM VÍTIMA,FINALIZADA,CAMPO GRANDE,RUA CORONEL URBANO RIBEIRO DE SENA,3,226,,E/F A PIZZARIA VICIU´S,RUA CORONEL URBANO RIBEIRO DE SENA,226,E/F A PIZZARIA VICIU´S,CAMPO GRANDE,COLISÃO,COLISAO ENTRE AUTO E MOTO COM UMA VITIMA,1,1,,,,,,,,1,,,,,,,,,,,,,,,,,,
2018-10-16,17:32:00,COM VÍTIMA,FINALIZADA,PINA,PTE GOVERNADOR PAULO GUERRA,0,,,sobre a ponte sent/pina,PTE GOVERNADOR PAULO GUERRA,,sobre a ponte sent/pina,PINA,COLISÃO,COM UMA VITIMA AGUARDANDO SAMU/,2,1,,,,,,,,1,,,,,,,,,,,,,,,,,,
2018-10-17,07:47:00,COM VÍTIMA,FINALIZADA,MADALENA,RUA REAL DA TORRE,3,637,,PRÓX. AO MERCADO DA MADALENA,RUA REAL DA TORRE,637,PRÓX. AO MERCADO DA MADALENA,MADALENA,COLISÃO,COLISÃO ENTRE AUTO E MOTO COM VÍTIMA,1,1,,,,,,,,1,,,,,,,,,,,,,,,,,,
2018-10-17,08:01:00,COM VÍTIMA,FINALIZADA,CAMPO GRANDE,RUA ODORICO MENDES,3,524,,PROX AO CLUBE DAS PÁS EM FRENTE A LOJA HIDEL MOVEIS,RUA ODORICO MENDES,524,PROX AO CLUBE DAS PÁS EM FRENTE A LOJA HIDEL MOVEIS,CAMPO GRANDE,COLISÃO,COLISÃO COM VITIMAS A ESPERA DO SAMU,1,1,,,,,,,,2,,,,,,,,,,,,,,,,,,
2018-10-17,15:33:00,COM VÍTIMA,FINALIZADA,CASA AMARELA,AV DR EURICO CHAVES,0,,RUA SANTA IZABEL,COM A RUA SANTA IZABEL,AV DR EURICO CHAVES,,COM A RUA SANTA IZABEL,CASA AMARELA,COLISÃO,COLISÃO COM MOTOS OFICIAIS,,3,,,,,,,,2,,,,,,,,,,,,,,,,,,
2018-10-18,09:35:00,COM VÍTIMA,FINALIZADA,IMBIRIBEIRA,RUA PAMPULHA,3,160,,EM FRENTE A CASA BRANCA RECEPÇÃO,RUA PAMPULHA,160,EM FRENTE A CASA BRANCA RECEPÇÃO,IMBIRIBEIRA,COLISÃO,COLISÃO COM VITIMA A ESPERA DO SAMU,1,1,,,,,,,,1,,,,,,,,,,,,,,,,,,
2018-10-18,11:36:00,COM VÍTIMA,FINALIZADA,TAMARINEIRA,EST VELHA DE AGUA FRIA,3,596,,EM FRENTE AO BAR DO CHICO,EST VELHA DE AGUA FRIA,596,EM FRENTE AO BAR DO CHICO,TAMARINEIRA,COLISÃO,COLISAO ENVOLVENDO MOTO E AUTO,1,1,,,,,,,,1,,,,,,,,,,,,,,,,,,
2018-10-18,14:04:00,COM VÍTIMA,FINALIZADA,NOVA DESCOBERTA,AV VEREADOR OTACILIO AZEVEDO,4,1145,,EM FRENTE AO CLUBE DA FAZENDA,AV VEREADOR OTACILIO AZEVEDO,1145,EM FRENTE AO CLUBE DA FAZENDA,NOVA DESCOBERTA,ATROPELAMENTO,VITIMA SOCORRIDA PELO SAMU VT 02 QTH,,1,,,1,,,,,1,,,,,,,,,,,,,,,,,,
2018-10-19,09:09:00,COM VÍTIMA,FINALIZADA,BOA VISTA,AV GOVERNADOR AGAMENON MAGALHAES,0,,,EM FRENTE AO MEMORIAL SÃO JOSÉ,AV GOVERNADOR AGAMENON MAGALHAES,,EM FRENTE AO MEMORIAL SÃO JOSÉ,BOA VISTA,COLISÃO,COLISÃO C/V. - MOTOS 19 E 20 NO QTH.,1,1,,,,,,,,1,,,,,,,,,,,,,,,,,,
2018-10-19,10:00:00,COM VÍTIMA,FINALIZADA,BOMBA DO HEMETERIO,RUA ARLINDO CISNEIRO,3,223,,AO LADO DA PADARIA PANIFICAÇÃO RECORD,RUA ARLINDO CISNEIRO,223,AO LADO DA PADARIA PANIFICAÇÃO RECORD,BOMBA DO HEMETÉRIO,COLISÃO,COLISÃO ENTRE AUTO E MOTO C/V,1,1,,,,,,,,1,,,,,,,,,,,,,,,,,,
2018-10-19,10:15:00,COM VÍTIMA,FINALIZADA,BOA VIAGEM,AV CONSELHEIRO AGUIAR,0,,,EM FRENTE AO NUCLEO DA POLICIA,AV CONSELHEIRO AGUIAR,,EM FRENTE AO NUCLEO DA POLICIA,BOA VIAGEM,COLISÃO,COLISÃO COM VITIMAS SOCORRIDAS PELO SAMU,,,,,,2,,,,3,,,,,,,,,,,,,,,,,,
2018-10-19,10:25:00,COM VÍTIMA,FINALIZADA,CASA AMARELA,RUA DA HARMONIA,0,,EST DO ARRAIAL,COM ESTR. DO ARRAIAL // EM FRENTE À IGREJA DA HARMONIA,RUA DA HARMONIA,,COM ESTR. DO ARRAIAL // EM FRENTE À IGREJA DA HARMONIA,CASA AMARELA,COLISÃO,COLISÃO C/V.,1,1,,,,,,,,1,,,,,,,,,,,,,,,,,,
2018-10-19,10:37:00,COM VÍTIMA,FINALIZADA,BOMBA DO HEMETERIO,RUA BOMBA DO HEMETERIO,3,135,,AO LADO DO DEPÓSITO EDVALDO BEBIDAS E PADARIA DA BOMBA,RUA BOMBA DO HEMETERIO,135,AO LADO DO DEPÓSITO EDVALDO BEBIDAS E PADARIA DA BOMBA,BOMBA DO HEMETÉRIO,COLISÃO COM CICLISTA,MOTO X CICLISTA - VT 04 NO QTH.,,1,,1,,,,,,1,,,,,,,,,,,,,,,,,,
2018-10-19,12:15:00,COM VÍTIMA,FINALIZADA,SANTO AMARO,RUA DOS PALMARES,0,,,APÓS O PROCAPE,RUA DOS PALMARES,,APÓS O PROCAPE,SANTO AMARO,COLISÃO,COLISÃO COM VITIMA,1,1,,,,,,,,1,,,,,,,,,,,,,,,,,,
2018-10-19,18:49:00,COM VÍTIMA,FINALIZADA,ILHA JOANA BEZERRA,AV BEIRA RIO,0,,,ANTES DO VIADUTO. SNT AV ABDIAS / E/F A ACADEMIA DA CIDADE / PRÓX AO FÓRUM,AV BEIRA RIO,,ANTES DO VIADUTO. SNT AV ABDIAS / E/F A ACADEMIA DA CIDADE / PRÓX AO FÓRUM,ILHA JOANA BEZERRA,COLISÃO,ENTRE AUTO E MOTO. C/V,1,1,,,,,,,,2,,,,,,,,,,,,,,,,,,
2018-10-20,04:08:00,COM VÍTIMA,FINALIZADA,ESPINHEIRO,RUA DO ESPINHEIRO,0,,RUA SANTO ELIAS,CRUZAMENTO COM A RUA SANTO ELIAS,RUA DO ESPINHEIRO,,CRUZAMENTO COM A RUA SANTO ELIAS,ESPINHEIRO,COLISÃO,COLISÃO ENTRE DOIS AUTOS C/V,2,,,,,,,,,2,,,,,,,,,,,,,,,,,,
2018-10-20,08:33:00,COM VÍTIMA,FINALIZADA,BOA VIAGEM,RUA GENERAL SALGADO,0,,RUA BISPO CARDOSO AYRES,CRUZ COM A RUA BISPO CARDOSO AYRES EM FRENTE AO EDIFICIO CHATON,RUA GENERAL SALGADO,,CRUZ COM A RUA BISPO CARDOSO AYRES EM FRENTE AO EDIFICIO CHATON,BOA VIAGEM,COLISÃO COM CICLISTA,AUTO CICLISTA VITIMAS SOCORRIDAS PELO SAMU,,1,,1,,,,,,2,,,,,,,,,,,,,,,,,,
2018-10-20,14:41:00,COM VÍTIMA,FINALIZADA,PRADO,AV ENGENHEIRO ABDIAS DE CARVALHO,0,,,E/F A SUBWAY,AV ENGENHEIRO ABDIAS DE CARVALHO,,E/F A SUBWAY,PRADO,COLISÃO,COILISÃO CARRO E MOTO C/ VÍTIMA,1,1,,,,,,,,1,,,,,,,,,,,,,,,,,,
2018-10-21,04:34:00,COM VÍTIMA,FINALIZADA,SAN MARTIN,AV GENERAL SAN MARTIN,0,,,PROXIMO O HOSPITAL GETULIO VARGAS,AV GENERAL SAN MARTIN,,PROXIMO O HOSPITAL GETULIO VARGAS,SAN MARTIN,COLISÃO,COLISÃO ENTRE MOTO E AUTO C/V,1,1,,,,,,,,1,,,,,,,,,,,,,,,,,,
2018-10-21,06:38:00,COM VÍTIMA,FINALIZADA,PAISSANDU,AV GOVERNADOR AGAMENON MAGALHAES,0,,,EM FRENTE AO CERPE,AV GOVERNADOR AGAMENON MAGALHAES,,EM FRENTE AO CERPE,PAISSANDU,COLISÃO,COLISÃO ENTRE AUTO E MOTO,1,1,,,,,,,,1,,,,,,,,,,,,,,,,,,
2018-10-21,11:51:00,COM VÍTIMA,FINALIZADA,CASA AMARELA,AV NORTE,0,,AV PROFESSOR JOSE DOS ANJOS,COM PROF JOSÉ DOS ANJOS,AV NORTE,,COM PROF JOSÉ DOS ANJOS,CASA AMARELA,COLISÃO,COLISÃO ENTRE AUTO E MOTO COM VÍTIMA,1,1,,,,,,,,1,,,,,,,,,,,,,,,,,,
2018-10-22,08:29:00,COM VÍTIMA,FINALIZADA,SAN MARTIN,AV GENERAL SAN MARTIN,4,1371,,EM FRENTE A CHESF E AO IPA,AV GENERAL SAN MARTIN,1371,EM FRENTE A CHESF E AO IPA,SAN MARTIN,ABALROAMENTO TRANSVERSAL,COLISÃO COM VITIMA,1,1,,,,,,,,1,,,SUB/CID,Longo da via,Bom,Não existe,Perfeito estado,Seca,Perfeito estado,Não existe,Não há placas,40 km/h,Dupla,faixa,,,,
2018-10-22,15:06:00,COM VÍTIMA,FINALIZADA,FUNDAO,AV BEBERIBE,4,2774,,EM FRENTE A PRAÇA DO FUNDAO,AV BEBERIBE,2774,EM FRENTE A PRAÇA DO FUNDAO,FUNDÃO,COLISÃO,DUAS MOTOS C/V,,2,,,,,,,,2,,,,,,,,,,,,,,,,,,
2018-10-22,16:23:00,COM VÍTIMA,FINALIZADA,ENGENHO DO MEIO,RUA ANTONIO CURADO,2,80,,EM FRENTE A ACADEMIA AG FITNESS  PROX. AO CLUBE DA SUDENE,RUA ANTONIO CURADO,80,EM FRENTE A ACADEMIA AG FITNESS  PROX. AO CLUBE DA SUDENE,ENGENHO DO MEIO,COLISÃO,AUTO E MOTO C/V,1,1,,,,,,,,1,,,,,,,,,,,,,,,,,,
2018-10-22,16:50:00,COM VÍTIMA,FINALIZADA,TORREAO,RUA OTHON PARAISO,3,299,,EM FRENTE A MORADA GERIATRICA / SENTIDO CAMPO GRANDE,RUA OTHON PARAISO,299,EM FRENTE A MORADA GERIATRICA / SENTIDO CAMPO GRANDE,TORREÃO,COLISÃO,COLISÃO COM VÍTIMA,1,1,,,,,,,,1,,,,,,,,,,,,,,,,,,
2018-10-22,19:21:00,COM VÍTIMA,FINALIZADA,SANTO AMARO,AV NORTE,0,,AV CRUZ CABUGA,SENTIDO PREFEITURA,AV NORTE,,SENTIDO PREFEITURA,SANTO AMARO,COLISÃO,COLISAO COM VITIMA,1,,,,,,,,,1,,,SUB/CID,,,,,,,,,,,,,,,
2018-10-22,20:41:00,COM VÍTIMA,FINALIZADA,CASA AMARELA,AV NORTE,0,,COR DO BARTOLOMEU,PROX A FARMACIA PAGUE MENOS,AV NORTE,,PROX A FARMACIA PAGUE MENOS,CASA AMARELA,COLISÃO COM CICLISTA,CAMINHAO GUINCHO X CICLISTA,,,,1,,,1,,,1,,,CID/SUB,,,,,,,,,,,,,,,
2018-10-23,07:47:00,COM VÍTIMA,FINALIZADA,AFOGADOS,RUA VINTE E UM DE ABRIL,4,1077,,EM FRENTE A PADARIA IPIRANGA,RUA VINTE E UM DE ABRIL,1077,EM FRENTE A PADARIA IPIRANGA,AFOGADOS,COLISÃO COM CICLISTA,VITIMAS AGUARDANDO SAMU,,1,,1,,,,,,2,,,,,,,,,,,,,,,,,,
2018-10-23,11:41:00,COM VÍTIMA,FINALIZADA,BOA VIAGEM,AV BOA VIAGEM,4,4988,,EM FRENTE AO EDIFICIO MARIA ANGELA LUCENA,AV BOA VIAGEM,4988,EM FRENTE AO EDIFICIO MARIA ANGELA LUCENA,BOA VIAGEM,COLISÃO,COLISÃO COM VITIMA SOCORRIDO PELOS BOMBEIROS,1,1,,,,,,,,1,,,,,,,,,,,,,,,,,,
2018-10-23,13:20:00,COM VÍTIMA,FINALIZADA,ILHA JOANA BEZERRA,AV BEIRA RIO,0,,,E/F AO FORUM JOANA BEZERRA,AV BEIRA RIO,,E/F AO FORUM JOANA BEZERRA,JOANA BEZERRA,COLISÃO,COLISAO ENTRE AMBULANCIA DO BOMBEIRO E MOTO COM VITIMA,,1,,,,,,,1,1,,,,,,,,,,,,,,,,,,
2018-10-23,14:30:00,COM VÍTIMA,FINALIZADA,AFOGADOS,RUA COSME VIANA,0,,TRV ESTRADA DO BONGI,E/F A IMBIRIBEIRA VEÍCULOS / PRÓX AO SEMÁFORO 100,RUA COSME VIANA,,E/F A IMBIRIBEIRA VEÍCULOS / PRÓX AO SEMÁFORO 100,AFOGADOS,COLISÃO,COLISÃO CARRO E MOTO COM VÍTIMA,1,1,,,,,,,,1,,,,,,,,,,,,,,,,,,
2018-10-23,17:56:00,COM VÍTIMA,FINALIZADA,AREIAS,AV RECIFE,4,1015,,LADO OPOSTO À EMLURB,AV RECIFE,1015,LADO OPOSTO À EMLURB,AREIAS,COLISÃO COM CICLISTA,COLISÃO ENTRE AUTO E CICLISTA,1,,,1,,,,,,2,,,CID/SUB,Longo da via,Bom,Não existe,Perfeito estado,Seca,Perfeito estado,Não existe,Outras,,Dupla,Canteiro central,,,,
2018-10-23,22:15:00,COM VÍTIMA,FINALIZADA,TORRE,RUA REAL DA TORRE,0,,,E/F AO POSTO SHELL  SNT CAXANGÁ / PRÓX AO ATACADO DOS PRESENTES E CARREFOUR,RUA REAL DA TORRE,,E/F AO POSTO SHELL  SNT CAXANGÁ / PRÓX AO ATACADO DOS PRESENTES E CARREFOUR,TORRE,ENGAVETAMENTO,ENTRE 3 AUTOS. C/V,3,,,,,,,,,1,,,,,,,,,,,,,,,,,,
2018-10-24,10:07:00,COM VÍTIMA,FINALIZADA,AFOGADOS,RUA IMPERIAL,4,2077,,EM FRENTE A SECRETARIA DA FAZENDA,RUA IMPERIAL,2077,EM FRENTE A SECRETARIA DA FAZENDA,AFOGADOS,COLISÃO,COLISÃO COM UMA VITIMA AGUARDANDO SAMU,1,1,,,,,,,,1,,,CID/SUB,,,,,,,,,,,,,,,
2018-10-24,10:55:00,COM VÍTIMA,FINALIZADA,ROSARINHO,AV NORTE,4,3015,,EM FRENTE A PADARIA ROSARINHO,AV NORTE,3015,EM FRENTE A PADARIA ROSARINHO,ROSARINHO,COLISÃO COM CICLISTA,VT 31 NO QTH CILISTA E AUTO,1,,,1,,,,,,1,,,SUB/CID,,,,,,,,,,,,,,,
2018-10-24,12:32:00,COM VÍTIMA,FINALIZADA,BOA VISTA,AV CONDE DA BOA VISTA,0,,,EM CIMA DA PONTE DUARTE COELHO  SENTIDO CENTRO,AV CONDE DA BOA VISTA,,EM CIMA DA PONTE DUARTE COELHO  SENTIDO CENTRO,BOA VISTA,COLISÃO COM CICLISTA,OINIBUS E CICLISTA C/V,,,,1,,1,,,,1,,,,,,,,,,,,,,,,,,
2018-10-24,21:21:00,COM VÍTIMA,FINALIZADA,CABANGA,RUA CAPITAO TEMUDO,0,,VIADUTO CAPITAO TEMUDO,EM FRENTE AO FORUM JOANA BEZERRA,VIADUTO CAPITAO TEMUDO,,EM FRENTE AO FORUM JOANA BEZERRA,CABANGA,ATROPELAMENTO,AUTO,1,,,,1,,,,,1,,,,,,,,,,,,,,,,,,
2018-10-24,21:49:00,COM VÍTIMA,FINALIZADA,SAN MARTIN,RUA VINTE E UM DE ABRIL,4,2155,,PROXIMIDADES DA COBAL / E/F A DSF DA SUCATA,RUA VINTE E UM DE ABRIL,2155,PROXIMIDADES DA COBAL / E/F A DSF DA SUCATA,SAN MARTIN,ATROPELAMENTO,ENTRE MOTO X PEDESTRE,,1,,,1,,,,,1,,,,Longo da via,Bom,Não existe,Perfeito estado,Seca,Perfeito estado,,,,Dupla,FAIXA,,,,
2018-10-25,10:25:00,COM VÍTIMA,FINALIZADA,CAXANGA,AV CAXANGA,0,,,EM FRENTE AO TERMINAL INTEGRADO DA CAXANGÁ,AV CAXANGA,,EM FRENTE AO TERMINAL INTEGRADO DA CAXANGÁ,CAXANGÁ,ATROPELAMENTO,,,1,,,1,,,,,1,,262,CID/SUB,Longo da via,Bom,Sem defeito,Perfeito estado,Seca,Perfeito estado,Faixa de pedestre,Outras,,Dupla,Canteiro central,,,,
2018-10-25,10:55:00,COM VÍTIMA,FINALIZADA,ENCRUZILHADA,RUA AMARO COUTINHO,3,255,RUA FERNANDO CESAR,PROX A ESQUINA GRILL / EM FRENTE A DONA COMEDORIA / PRAÇA DOS CAMINHONEIROS,RUA AMARO COUTINHO,255,PROX A ESQUINA GRILL / EM FRENTE A DONA COMEDORIA / PRAÇA DOS CAMINHONEIROS,ENCRUZILHADA,ABALROAMENTO TRANSVERSAL,AUTO E MOTO,1,1,,,,,,,,1,,,SUB/CID,Longo da via,Bom,Não existe,Perfeito estado,Seca,Perfeito estado,Não existe,Placas Pare,30 km/h,Dupla,Não existe,,,,
2018-10-25,11:54:00,COM VÍTIMA,FINALIZADA,ESPINHEIRO,AV NORTE,0,,,EM FRENTE AO CENTRO DA JUVENTUDE,AV NORTE,,EM FRENTE AO CENTRO DA JUVENTUDE,ESPINHEIRO,COLISÃO COM CICLISTA,VEÍCULO COLIDIU COM BICICLETA,1,,,1,,,,,,1,,,SUB/CID,Longo da via,Bom,Com defeito,Perfeito estado,Seca,Perfeito estado,Não existe,R6A e R6B,,Dupla,Canteiro central,,,,
2018-10-25,12:30:00,COM VÍTIMA,FINALIZADA,BOA VIAGEM,RUA VISCONDE DE JEQUITINHONHA,4,1656,RUA PROFESSOR MARIO CASTRO,,RUA VISCONDE DE JEQUITINHONHA,1656,,BOA VIAGEM,ABALROAMENTO LONGITUDINAL,COLISAO ENTRE AUTO E MOTO COM DUAS VITIMAS,1,1,,,,,,,,2,,158,SUB/CID,Longo da via,Bom,Sem defeito,Perfeito estado,Seca,Perfeito estado,Faixa de pedestre,R-19,60 km/h,Única,CANAL,,,,
2018-10-25,17:30:00,COM VÍTIMA,FINALIZADA,BOA VIAGEM,AV BOA VIAGEM,4,4820,RUA CORONEL SERGIO HENRIQUE CARDIM,EM FRENTE AO EDIFÍCIO BELLA VISTA,AV BOA VIAGEM,4820,EM FRENTE AO EDIFÍCIO BELLA VISTA,BOA VIAGEM,ABALROAMENTO LONGITUDINAL,COLISÃO COM VITIMA. MOTOCICLISTA AO SOLO   OUTRA PARTE SEGUIU DESTINO IGNORADO,1,1,,,,,,,,1,,4,SUB/CID,Longo da via,Bom,Não existe,Perfeito estado,Seca,Perfeito estado,Não existe,Não há placas,60 km/h,Única,FAIXA,,,,
2018-10-25,18:02:00,COM VÍTIMA,FINALIZADA,TAMARINEIRA,AV NORTE,4,4014,RUA MARIO BHERING,PROX AGILIZE PROX AO ANTIGO HOTEL VIA NORTE,AV NORTE,4014,PROX AGILIZE PROX AO ANTIGO HOTEL VIA NORTE,TAMARINEIRA,COLISÃO COM CICLISTA,ONIBUS PEDROSA X CICLISTA,,,,1,,1,,,,1,,,CID/SUB,Longo da via,Bom,Não existe,Perfeito estado,Seca,Perfeito estado,Não existe,Não há placas,60 km/h,Dupla,FAIXA,,,,
2018-10-25,18:35:00,COM VÍTIMA,FINALIZADA,IMBIRIBEIRA,AV MARECHAL MASCARENHAS DE MORAES,4,2671,RUA JATICY,DEPOIS DO GERALDAO,AV MARECHAL MASCARENHAS DE MORAES,2671,DEPOIS DO GERALDAO,IMBIRIBEIRA,ABALROAMENTO TRANSVERSAL,NISSAN MARCH X MOTO,1,1,,,,,,,,1,,289,CID/SUB,Longo da via,Bom,Não existe,Perfeito estado,Seca,Perfeito estado,Não existe,OUTRAS,60 km/h,Dupla,Canteiro central,,,,
2018-10-25,23:07:00,COM VÍTIMA,FINALIZADA,CASA FORTE,RUA DA HARMONIA,3,109,RUA CONS NABUCO,PROXIMIDADES DA IGREJA DA HARMONIA / E/F A IGREJA INDEPENDENTE,RUA DA HARMONIA,109,PROXIMIDADES DA IGREJA DA HARMONIA / E/F A IGREJA INDEPENDENTE,CASA FORTE,ABALROAMENTO TRANSVERSAL,ENTRE AUTO E MOTO. C/V,1,1,,,,,,,,1,,,SUB/CID,Cruzamento,Bom,Não existe,,Seca,Perfeito estado,,Outras,,Dupla,Faixa,,,,
2018-10-26,09:04:00,COM VÍTIMA,FINALIZADA,CORDEIRO,AV CAXANGA,0,,,SENTIDO SUBÚRBIO /CIDADE  EM FRENTE A ACADEMIA DA CIDADE,AV CAXANGA,,SENTIDO SUBÚRBIO /CIDADE  EM FRENTE A ACADEMIA DA CIDADE,CORDEIRO,COLISÃO COM CICLISTA,A AGENTE INFORMOU QUE O VEÍCULO EVADIU-SE DO LOCAL  O PÉRITO INFORMOU QUE O IC  NÃO IRIA AO LOCAL,1,,,1,,,,,,1,,,SUB/CID,Longo da via,Bom,Não existe,Não existente,Seca,Perfeito estado,,R6A,,Única,Faixa seccionada,,,,
2018-10-26,09:51:00,COM VÍTIMA,FINALIZADA,ILHA JOANA BEZERRA,PTE JOSE DE BARROS LIMA,0,,,SENTIDO OLINDA,PTE JOSE DE BARROS LIMA,,SENTIDO OLINDA,ILHA JOANA BEZERRA,COLISÃO TRASEIRA,A MOTOCICLETA COLIDIU NA TRAZEIRA DO AUTO,1,1,,,,,,,,1,,,,Ponte,Bom,Não existe,Incompleta,Seca,Mal conservada,Outros,Não há placas,60 km/h,Dupla,Canteiro central,,,,
2018-10-26,11:38:00,COM VÍTIMA,FINALIZADA,CAXANGA,AV CAXANGA,0,,,EM FRENTE AO HOSPITAL BARÃO DE LUCENA.,AV CAXANGA,,EM FRENTE AO HOSPITAL BARÃO DE LUCENA.,CAXANGÁ,ATROPELAMENTO,VITIMA AESPERA DO SAMU,,,,,1,1,,,,1,,,CID/SUB,Viaduto,Bom,Não existe,Não existente,Seca,Perfeito estado,Não existe,Não há placas,,Dupla,Canteiro central,,,,
2018-10-26,15:13:00,COM VÍTIMA,FINALIZADA,SANTO AMARO,AV CRUZ CABUGA,0,,,E/F AO HOSPITAL DO CANCER,AV CRUZ CABUGA,,E/F AO HOSPITAL DO CANCER,SANTO AMARO,ABALROAMENTO LONGITUDINAL,CLISAO ENTRE AUTO E MOTO COM UMA VITIMA,1,1,,,,,,,,1,,,SUB/CID,Longo da via,Bom,Sem defeito,Perfeito estado,Seca,Perfeito estado,Faixa de pedestre,R6A,,Dupla,Blocos,,,,
2018-10-26,17:19:00,COM VÍTIMA,FINALIZADA,ILHA DO LEITE,PRC MIGUEL DE CERVANTES,0,,,NO GIRADOR EM FRENTE A PRAÇA  PROX. AO COLEGIO POETA MANOEL BANDEIRA,PRC MIGUEL DE CERVANTES,,NO GIRADOR EM FRENTE A PRAÇA  PROX. AO COLEGIO POETA MANOEL BANDEIRA,ILHA DO LEITE,ABALROAMENTO LONGITUDINAL,AUTO E MOTO,1,1,,,,,,,,1,,,CID/SUB,Longo da via,Bom,Não existe,Perfeito estado,Seca,Perfeito estado,Faixa de retenção,Placas Pare,,Única,FAIXA,,,,
2018-10-26,20:55:00,COM VÍTIMA,FINALIZADA,AREIAS,AV TAPAJOS,0,,RUA UBERLANDIA,NA FRENTE DO MERCADINHO VITORIA,AV TAPAJOS,,NA FRENTE DO MERCADINHO VITORIA,AREIAS,ABALROAMENTO TRANSVERSAL,COLISÃO COM VITIMA,1,1,,,,,,,,1,,,SUB/CID,Esquina,Bom,Não existe,Perfeito estado,Seca,Perfeito estado,Não existe,Não há placas,,Dupla,FAIXA,,,,