data,hora,natureza_acidente,situacao,bairro,endereco,,numero,detalhe_endereco_acidente,complemento,endereco_cruzamento,numero_cruzamento,referencia_cruzamento,bairro_cruzamento,tipo,descricao,auto,moto,ciclom,ciclista,pedestre,onibus,caminhao,viatura,outros,vitimas,vitimasfatais,num_semaforo,sentido_via,acidente_verificado,tempo_clima,situacao_semaforo,sinalizacao,condicao_via,conservacao_via,ponto_controle,situacao_placa,velocidade_max_via,mao_direcao,divisao_via1,divisao_via2,divisao_via3,_id,Protocolo
2018-10-27,08:19:00,COM VÍTIMA,FINALIZADA,BONGI,AV ENGENHEIRO ABDIAS DE CARVALHO,4,2043,,EM FRENTE A RIO PISCINAS,AV ENGENHEIRO ABDIAS DE CARVALHO,2043,EM FRENTE A RIO PISCINAS,BONGI,ABALROAMENTO TRANSVERSAL,DUAS MOTOS,,2,,,,,,,,3,,,SUB/CID,Longo da via,Bom,Não existe,Perfeito estado,Seca,Perfeito estado,Faixa de pedestre,,,Dupla,Canteiro central,,,,
2018-10-27,12:48:00,COM VÍTIMA,FINALIZADA,RECIFE,C DO APOLO,0,,,EM FRENTE AO BANCO DO BRASIL,CAIS DO APOLO,,EM FRENTE AO BANCO DO BRASIL,BAIRRO DO RECIFE,ACID. DE PERCURSO,COM DUAS VITIMAS MOTO CAIU EM UM BURACO DE UMA OBRA,,1,,,,,,,,2,,19,,,,,,,,,,,,,,,,
2018-10-27,13:34:00,COM VÍTIMA,FINALIZADA,MANGUEIRA,RUA SAO MIGUEL,4,1343,RUA MANOEL FERNANDES DE ALBUQUERQUE,PROX AO BODE DO NÕ EM FRENTE A DROGARIA BONGI,RUA SAO MIGUEL,1343,PROX AO BODE DO NÕ EM FRENTE A DROGARIA BONGI,MANGUEIRA,ABALROAMENTO TRANSVERSAL,COLISÃO COM VITIMA SOCORRIDA PELO SAMU,1,1,,,,,,,,1,,,SUB/CID,Longo da via,Bom,Sem defeito,Perfeito estado,Seca,Perfeito estado,Não existe,Não há placas,,Dupla,FAIXA,,,,
2018-10-27,15:50:00,VÍTIMA FATAL,FINALIZADA,IBURA,AV RECIFE,0,,AV DOM HELDER CAMARA,SAÍDA DO IBURA,AV RECIFE,,SAÍDA DO IBURA,IBURA,ATROPELAMENTO,ATROPELAMENTO X PEDESTRE,,,,,1,1,,,,,1,55,,Longo da via,Bom,Sem defeito,Perfeito estado,Seca,Perfeito estado,,,,,,,,,
2018-10-27,16:29:00,COM VÍTIMA,FINALIZADA,ENGENHO DO MEIO,RUA ANTONIO CURADO,3,604,RUA VALDEMAR FALCAO,HA 50 METROS DO CLUBE DA COMPESA,RUA ANTONIO CURADO,604,HA 50 METROS DO CLUBE DA COMPESA,ENGENHO DO MEIO,COLISÃO,COM UMA VITIMA SOCORRIDA PELO SAMU,1,1,,,,,,,,1,,,,,,,,,,,,,,,,,,
2018-10-27,17:35:00,COM VÍTIMA,FINALIZADA,ENGENHO DO MEIO,RUA ANTONIO CURADO,3,604,RUA VALDEMAR FALCAO,HA 50 METROS DO CLUBE DA COMPESA,RUA ANTONIO CURADO,604,HA 50 METROS DO CLUBE DA COMPESA,ENGENHO DO MEIO,COLISÃO FRONTAL,COM UMA VITIMA SOCORRIDA PELO SAMU,1,1,,,,,,,,1,,,SUB/CID,Cruzamento,Bom,Não existe,Perfeito estado,Seca,Perfeito estado,Não existe,Não há placas,,Dupla,FAIXA,,,,
2018-10-27,20:52:00,COM VÍTIMA,FINALIZADA,TEJIPIO,RUA APRIGIO GUIMARAES,2,63,,ENF AO MULTIRIM,RUA APRIGIO GUIMARAES,63,ENF AO MULTIRIM,TEJIPIÓ,CHOQUE VEÍCULO PARADO,KIWID X PALIO,2,,,,,,,,,2,,,SUB/CID,Longo da via,Bom,Não existe,Incompleta,Seca,Perfeito estado,Não existe,R6A,,Dupla,Não existe,,,,
2018-10-27,21:26:00,COM VÍTIMA,FINALIZADA,BOA VIAGEM,AV ENGENHEIRO DOMINGOS FERREIRA,0,,RUA PEREIRA DA COSTA,ENF AO CLINICAL CENTER,AV ENGENHEIRO DOMINGOS FERREIRA,,ENF AO CLINICAL CENTER,BOA VIAGEM,ABALROAMENTO TRANSVERSAL,MOBI X MERIVA,2,,,,,,,,,5,,142,CID/SUB,Longo da via,Bom,Sem defeito,Perfeito estado,Seca,Perfeito estado,Faixa de pedestre,,,Dupla,Canteiro central,,,,
2018-10-28,10:11:00,COM VÍTIMA,FINALIZADA,BOA VIAGEM,AV VINTE DE JANEIRO,4,1000,,EM FRENTE A SOÇAITE CENTER SOCCER,AV VINTE DE JANEIRO,1000,EM FRENTE A SOÇAITE CENTER SOCCER,BOA VIAGEM,ABALROAMENTO TRANSVERSAL,COLISÃO COM VITIMA SOCORRIDA PELO SAMU,1,1,,,,,,,,2,,,SUB/CID,Longo da via,Bom,Não existe,Perfeito estado,Seca,Perfeito estado,Não existe,Não há placas,,Dupla,Não existe,,,,
2018-10-28,11:08:00,COM VÍTIMA,FINALIZADA,RECIFE,AV ALFREDO LISBOA,0,,,EM FRENTE AO TERMINAL MARÍTIMO,AV ALFREDO LISBOA,,EM FRENTE AO TERMINAL MARÍTIMO,BAIRRO DO RECIFE,ATROPELAMENTO ANIMAL,MOTOCICLETA E CAVALO,,1,,,,,,,,1,,,CID/SUB,Longo da via,Bom,Não existe,Perfeito estado,Seca,Perfeito estado,,R6A,40 km/h,Única,FAIXA,,,,
2018-10-28,14:02:00,COM VÍTIMA,FINALIZADA,ESPINHEIRO,RUA DO ESPINHEIRO,3,533,,APOS O POSTO IPIRANGA,RUA DO ESPINHEIRO,533,APOS O POSTO IPIRANGA,ESPINHEIRO,ATROPELAMENTO,AUTO E PEDESTRE  A VITIMA ESTA NO LOCAL AGUARDANDO ATENDIMENTO,1,,,,1,,,,,1,,,SUB/CID,Longo da via,Bom,Não existe,Perfeito estado,Seca,Perfeito estado,Não existe,Não há placas,40 km/h,Única,FAIXA,,,,
2018-10-28,17:26:00,COM VÍTIMA,FINALIZADA,ARRUDA,RUA BOM CONSELHO,0,,RUA DO TRIUNFO,PROX. AO CAMPO DO SANTA  POR TRAZ DO CAMPO,RUA BOM CONSELHO,,PROX. AO CAMPO DO SANTA  POR TRAZ DO CAMPO,ARRUDA,ABALROAMENTO TRANSVERSAL,COLISÃO COM VITIMA,1,1,,,,,,,,1,,,SUB/CID,Cruzamento,Bom,Não existe,Perfeito estado,Seca,Perfeito estado,Não existe,Não há placas,,,Não existe,,,,
2018-10-28,23:30:00,COM VÍTIMA,FINALIZADA,BOA VISTA,AV CONDE DA BOA VISTA,0,,RUA OSVALDO CRUZ,PROX AO ANTIGO HOSPITAL PSIQUIATRICO,AV CONDE DA BOA VISTA,,PROX AO ANTIGO HOSPITAL PSIQUIATRICO,BOA VISTA,ATROPELAMENTO,ONIBUS X PEDESTRE,,,,,1,1,,,,1,,,CID/SUB,Longo da via,Bom,Não existe,Perfeito estado,Seca,Perfeito estado,Não existe,Não há placas,60 km/h,,Faixa,,,,
2018-10-29,09:15:00,COM VÍTIMA,FINALIZADA,BOA VIAGEM,AV ENGENHEIRO DOMINGOS FERREIRA,4,4189,RUA ERNESTO DE PAULA SANTOS,,AV ENGENHEIRO DOMINGOS FERREIRA,4189,,BOA VIAGEM,CAPOTAMENTO,VEÍCULO SE CHOCOU COM UM POSTE E CAPOTOU,1,,,,,,,,,3,,,CID/SUB,Longo da via,Bom,Não existe,Perfeito estado,Seca,Perfeito estado,Não existe,Não há placas,60 km/h,Única,Canteiro central,,,,
2018-10-29,10:43:00,COM VÍTIMA,FINALIZADA,BOA VIAGEM,AV ENGENHEIRO DOMINGOS FERREIRA,3,683,,EM FRENTE AO IBIS HOTEL,AV ENGENHEIRO DOMINGOS FERREIRA,683,EM FRENTE AO IBIS HOTEL,BOA VIAGEM,ABALROAMENTO TRANSVERSAL,MOTO E AUTO,1,1,,,,,,,,1,,,CID/SUB,Longo da via,Bom,Não existe,Perfeito estado,Seca,Perfeito estado,,,60 km/h,Única,Canteiro central,,,,
2018-10-29,13:57:00,COM VÍTIMA,FINALIZADA,SANTO AMARO,RUA DO POMBAL,0,,RUA FREI CASSIMIRO,NA RUA DO IML,RUA DO POMBAL,,NA RUA DO IML,SANTO AMARO,ABALROAMENTO TRANSVERSAL,AUTO E MOTO C/V,1,1,,,,,,,,1,,,SUB/CID,Cruzamento,Bom,Não existe,Não existente,Seca,Perfeito estado,Não existe,Placas Dê a preferência,,Dupla,Canteiro central,,,,
2018-10-29,16:01:00,COM VÍTIMA,FINALIZADA,SANTO ANTONIO,RUA DO SOL,0,,,POR TRÁS DO TEATRO SANTA ISABEL,RUA DO SOL,,POR TRÁS DO TEATRO SANTA ISABEL,SANTO ANTÔNIO,ABALROAMENTO LONGITUDINAL,COLISÃO ENTRE AUTO E MOTO COM VÍTIMA,1,1,,,,,,,,2,,,SUB/CID,APÓS O TREVO,Bom,Não existe,Perfeito estado,Seca,Perfeito estado,Não existe,,,Única,Blocos,,,,
2018-10-29,16:15:00,COM VÍTIMA,FINALIZADA,IBURA,AV DOIS RIOS,4,1252,RUA RIBEIRAO VERMELHO,EM FRENTE A IGREJA SANTO EXPEDITO  AO LADO DA PAGUE MENOS,AV DOIS RIOS,1252,EM FRENTE A IGREJA SANTO EXPEDITO  AO LADO DA PAGUE MENOS,IBURA,ABALROAMENTO LONGITUDINAL,AUTO E MOTO C/V,1,1,,,,,,,,1,,323,CID/SUB,Longo da via,Bom,Não existe,Não existente,Seca,Não há,Não existe,Não há placas,,Dupla,Não existe,,,,
2018-10-29,18:05:00,COM VÍTIMA,FINALIZADA,VARZEA,AV PROFESSOR ARTUR DE SA,4,1182,AV DOS ECONOMISTAS,AO LADO DA UFPE,AV PROFESSOR ARTUR DE SA,1182,AO LADO DA UFPE,VÁRZEA,COLISÃO COM CICLISTA,MOTO E CICLISTA,,1,,1,,,,,,2,,,,Longo da via,Bom,Não existe,Perfeito estado,Seca,Perfeito estado,Não existe,Não há placas,,Dupla,FAIXA,,,,
2018-10-29,19:18:00,COM VÍTIMA,FINALIZADA,BOA VIAGEM,RUA BARAO DE SOUZA LEAO,3,425,,E/F AO BANCO DO BRASIL E MAR HOTEL,RUA BARAO DE SOUZA LEAO,425,E/F AO BANCO DO BRASIL E MAR HOTEL,BOA VIAGEM,COLISÃO TRASEIRA,MOTO X SANDERO,1,1,,,,,,,,1,,,CID/SUB,Longo da via,Bom,Não existe,Perfeito estado,Seca,Perfeito estado,Não existe,,,Única,FAIXA,,,,
2018-10-30,06:52:00,COM VÍTIMA,FINALIZADA,SANTO AMARO,RUA DA AURORA,0,,AV NORTE,PONTE DO LIMOEIRO,RUA DA AURORA,,PONTE DO LIMOEIRO,SANTO AMARO,ABALROAMENTO TRANSVERSAL,DOIS AUTOS - SENDO UMA VIATURA DE POLÍCIA DO MODELO GM SPIN POLÍCIA MILITAR,1,,,,,,,1,,3,,243,SUB/CID,Cruzamento,Bom,Sem defeito,Perfeito estado,Seca,Perfeito estado,Faixa de pedestre,Não há placas,,Única,Canteiro central,,,,
2018-10-30,11:13:00,COM VÍTIMA,FINALIZADA,IMBIRIBEIRA,AV MARECHAL MASCARENHAS DE MORAES,4,4896,,PROX AO POSTO DE GASOLINA SHELL   TOLENTINO ENGENHARIA,AV MARECHAL MASCARENHAS DE MORAES,4896,PROX AO POSTO DE GASOLINA SHELL   TOLENTINO ENGENHARIA,IMBIRIBEIRA,COLISÃO TRASEIRA,COLISÃO COM VITIMA GM QTH,2,,,,,,,,,2,,,CID/SUB,Longo da via,Bom,Sem defeito,Perfeito estado,Seca,Perfeito estado,Faixa de pedestre,Não há placas,60 km/h,Dupla,Canteiro central,,,,
2018-10-30,12:46:00,COM VÍTIMA,FINALIZADA,TAMARINEIRA,EST VELHA DE AGUA FRIA,0,,AV PROFESSOR JOSE DOS ANJOS,E/F AO DNOCS,EST VELHA DE AGUA FRIA,,E/F AO DNOCS,TAMARINEIRA,ABALROAMENTO LONGITUDINAL,COLISAO ENTRE AUTO E MOTO COM UMA VITIMA,1,1,,,,,,,,1,,306,CID/SUB,Cruzamento,Bom,Sem defeito,Perfeito estado,Seca,Perfeito estado,,Não há placas,,Dupla,Canteiro central,,,,
2018-10-30,13:08:00,COM VÍTIMA,FINALIZADA,MADALENA,AV VISCONDE DE ALBUQUERQUE,0,,RUA BENFICA,EM FRENTE AO BOMPREÇO,AV VISCONDE DE ALBUQUERQUE,,EM FRENTE AO BOMPREÇO,MADALENA,COLISÃO,CARROÇA TRANSITAVA NA FAIXA DE ONIBUS  QUANDO UM ONIBUS VEIO  E COLIDIU NA CARROÇA  ELA GIROU ATINGIDO UMA AMBULANCIA QUE ESTAVA PARADA.,,,,,,1,,1,1,1,,51,CID/SUB,Longo da via,Bom,Sem defeito,Perfeito estado,Seca,Perfeito estado,Faixa de pedestre,,,Única,,,,,
2018-10-26,13:30:00,COM VÍTIMA,FINALIZADA,ROSARINHO,AV NORTE,0,,AV JOAO DE BARROS,,AV NORTE,,,ROSARINHO,COLISÃO COM CICLISTA,COLISÃO ENTRE DOIS CAMINHÕES E UM CICLISTA.,,,,1,,,2,,,1,,43,CID/SUB,Longo da via,Bom,Sem defeito,Perfeito estado,Seca,Perfeito estado,Agente,,,Dupla,Canteiro central,,,,
2018-10-30,17:21:00,COM VÍTIMA,FINALIZADA,SANTO AMARO,AV GOVERNADOR AGAMENON MAGALHAES,0,,,UNICORDIS  ANTES DO SEMÁFORO 378,AV GOVERNADOR AGAMENON MAGALHAES,,UNICORDIS  ANTES DO SEMÁFORO 378,SANTO AMARO,ACID. DE PERCURSO,MOTOQUEIRO FOI ATINGIDO POR LINHA DE PIPA,,1,,,,,,,,1,,,CID/SUB,Longo da via,Bom,Sem defeito,Perfeito estado,Seca,Perfeito estado,Não existe,Não há placas,60 km/h,Única,Canteiro central,,,,
2018-10-30,18:23:00,COM VÍTIMA,FINALIZADA,CAMPO GRANDE,RUA FRANKLIN TAVORA,3,650,RUA OLIVEIRA FONSECA,E/F AO EDF CORINTHIOS  COLÉGIO MARIO MELO,RUA FRANKLIN TAVORA,650,E/F AO EDF CORINTHIOS  COLÉGIO MARIO MELO,CAMPO GRANDE,ABALROAMENTO TRANSVERSAL,ENTRE AUTO E MOTO. C/V,1,1,,,,,,,,1,,,,Cruzamento,Bom,Não existe,Não existente,Seca,Perfeito estado,,Não há placas,,Dupla,FAIXA,,,,
2018-10-31,07:36:00,COM VÍTIMA,FINALIZADA,MADALENA,RUA REAL DA TORRE,4,1121,RUA BENFICA,TUNÉL DA ABOLIÇÃO,RUA REAL DA TORRE,1121,TUNÉL DA ABOLIÇÃO,MADALENA,ABALROAMENTO LONGITUDINAL,COLISÃO COM VITIMA,,1,,,,1,,,,2,,257,,Longo da via,Bom,Sem defeito,Perfeito estado,Seca,Perfeito estado,Faixa de pedestre,Outras,,Dupla,Faixa contínua,,,,
2018-10-31,09:35:00,COM VÍTIMA,FINALIZADA,PINA,AV CELSO FURTADO,0,,,POR TRAS DO AEROCLUBE  SENTIDO RIOMAR,AVENIDA CELSO FURTADO (VIA MANGUE),,POR TRAS DO AEROCLUBE  SENTIDO RIOMAR,PINA,COLISÃO,AUTO E MOTO C/V,1,1,,,,,,,,1,,,,,,,,,,,,,,,,,,
2018-10-31,12:13:00,COM VÍTIMA,FINALIZADA,AFOGADOS,RUA SAO MIGUEL,3,685,,PROX A IGREJA BATISTA E/F AO COLEGIO PAN AMERICANO,RUA SAO MIGUEL,685,PROX A IGREJA BATISTA E/F AO COLEGIO PAN AMERICANO,AFOGADOS,ABALROAMENTO LONGITUDINAL,COLISAO ENTRE AUTO E MOTO COM UMA VITIMA,1,1,,,,,,,,1,,391,CID/SUB,Longo da via,Bom,Sem defeito,Perfeito estado,Seca,Perfeito estado,Faixa de pedestre,OUTRAS,,Dupla,FAIXA,,,,
2018-10-31,18:45:00,COM VÍTIMA,FINALIZADA,BOA VISTA,AV CONDE DA BOA VISTA,4,1482,,AO LADO DA POLITEC E COPE / PRÓX AO POSTO BR. AO LADO DA PARADA Nº 180309.,AV CONDE DA BOA VISTA,1482,AO LADO DA POLITEC E COPE / PRÓX AO POSTO BR. AO LADO DA PARADA Nº 180309.,BOA VISTA,ATROPELAMENTO,ENTRE ÕNIBUS E PEDESTRE. C/V,,,,,1,1,,,,1,,,CID/SUB,Longo da via,Bom,Não existe,Ilegível,Seca,Mal iluminada,Não existe,Não há placas,60 km/h,Dupla,Não existe,,,,
2018-10-31,19:00:00,COM VÍTIMA,FINALIZADA,SAN MARTIN,AV GENERAL SAN MARTIN,4,2450,RUA PROFESSOR SILVIO DA CUNHA SANTOS,AO LADO DA ESCOLA ADVENTISTA,AV GENERAL SAN MARTIN,2450,AO LADO DA ESCOLA ADVENTISTA,SAN MARTIN,ATROPELAMENTO,ONIBUS X MOTO,,1,,,1,1,,,,1,,,CID/SUB,Cruzamento,Bom,Não existe,Perfeito estado,Seca,Perfeito estado,,,,Dupla,FAIXA,,,,
2018-10-31,20:14:00,COM VÍTIMA,FINALIZADA,IPSEP,RUA ADERBAL DE MELO,3,260,RUA PROFESSOR JOSE VICENTE,PROX AO ANTIGO BATALHAO DECIMO NONO // FEIJOADA DO JOAO,RUA ADERBAL DE MELO,260,PROX AO ANTIGO BATALHAO DECIMO NONO // FEIJOADA DO JOAO,IPSEP,ATROPELAMENTO,GOL X PEDESTRE,1,,,,1,,,,,1,,,,Longo da via,Bom,Não existe,Incompleta,Seca,Perfeito estado,,Não há placas,30 km/h,Dupla,,,,,
2018-11-01,08:09:00,COM VÍTIMA,FINALIZADA,JARDIM SAO PAULO,RUA LORENA,4,1020,RUA LEANDRO BARRETO,NA SUBIDA DO VIADUTO DE JARDIM SAO PAULO,RUA LORENA,1020,NA SUBIDA DO VIADUTO DE JARDIM SAO PAULO,JARDIM SÃO PAULO,ABALROAMENTO TRANSVERSAL,MOTO / ONIBUS / AUTO PASSEIO,1,1,,,,1,,,,1,,,CIDADE,Cruzamento,Bom,Não existe,Perfeito estado,Seca,Perfeito estado,OUTROS,Não há placas,30 km/h,Dupla,Canteiro central,,,,
2018-11-01,08:47:00,COM VÍTIMA,FINALIZADA,BONGI,RUA SANTA EDWIRGES,0,,RUA PADRE TEOFILO TWORZ,EM FRENTE A IGREJA PRESBITERIANA DO PRADO,RUA SANTA EDWIRGES,,EM FRENTE A IGREJA PRESBITERIANA DO PRADO,BONGI,ABALROAMENTO TRANSVERSAL,COLISÃO COM VITIMA A ESPERA DO SAMU,2,,,,,,,,,1,,,SUBURBIO,Cruzamento,Bom,Não existe,Não existente,Seca,Perfeito estado,Não existe,Não há placas,,Única,,,,,
2018-10-31,10:00:00,COM VÍTIMA,FINALIZADA,PINA,AV CELSO FURTADO,0,,,ANTIGO AEROCLUBE,AVENIDA CELSO FURTADO (VIA MANGUE),,ANTIGO AEROCLUBE,PINA,COLISÃO TRASEIRA,COLISÃO AUTO E MOTO.,1,1,,,,,,,,1,,,CIDADE,Longo da via,Bom,Não existe,Perfeito estado,Seca,Perfeito estado,Não existe,Não há placas,,Dupla,Canteiro central,,,,
2018-10-31,18:15:00,COM VÍTIMA,FINALIZADA,SOLEDADE,AV OLIVEIRA LIMA,3,999,,EM FRENTE AO EDIFÍCIO ANA REGINA.,AV OLIVEIRA LIMA,999,EM FRENTE AO EDIFÍCIO ANA REGINA.,SOLEDADE,ABALROAMENTO TRANSVERSAL,COLISÃO AUTO E MOTO.,1,1,,,,,,,,1,,,CIDADE,Longo da via,Bom,Não existe,Perfeito estado,Seca,Perfeito estado,Não existe,R6A,,Única,Não existe,,,,
2018-11-01,16:48:00,COM VÍTIMA,FINALIZADA,TORROES,AV ENGENHEIRO ABDIAS DE CARVALHO,0,,,ENTRE A VLT E A UPA,AV ENGENHEIRO ABDIAS DE CARVALHO,,ENTRE A VLT E A UPA,TORRÕES,COLISÃO TRASEIRA,ENTRE AUTO E MOTO C/V.,1,1,,,,,,,,1,,272,CIDADE,Longo da via,Bom,Sem defeito,Perfeito estado,Seca,Perfeito estado,Faixa de pedestre,Não há placas,,Única,,,,,
2018-11-03,08:05:00,COM VÍTIMA,FINALIZADA,AGUA FRIA,EST VELHA DE AGUA FRIA,3,353,RUA BOMBA DO HEMETERIO,EM FRENTE AO POSTO DE GASOLINA NORTE BRAS,EST VELHA DE AGUA FRIA,353,EM FRENTE AO POSTO DE GASOLINA NORTE BRAS,ÁGUA FRIA,ABALROAMENTO TRANSVERSAL,COLISÃO COM VITIMA A ESPERA DO SAMU,,1,,,,1,,,,2,,,SUBURBIO,Cruzamento,Bom,Não existe,Perfeito estado,Seca,Perfeito estado,Outros,Outras,,Dupla,Blocos,,,,
2018-11-03,13:31:00,COM VÍTIMA,FINALIZADA,AGUA FRIA,AV BEBERIBE,4,2595,,EM FENTE À ESCOLA PROF. PEDRO AUGUSTO,AV BEBERIBE,2595,EM FENTE À ESCOLA PROF. PEDRO AUGUSTO,ÁGUA FRIA,COLISÃO COM CICLISTA,ÔNIBUS X CICLISTA,,,,1,,1,,,,1,,,CIDADE,Longo da via,Bom,Não existe,Não existente,Seca,Perfeito estado,Faixa de pedestre,,,Dupla,FAIXA,,,,
2018-11-03,16:35:00,COM VÍTIMA,FINALIZADA,PAISSANDU,AV GOVERNADOR AGAMENON MAGALHAES,0,,RUA PAISSANDU,PROX AO HOSPITAL PORTUGUES,AV GOVERNADOR AGAMENON MAGALHAES,,PROX AO HOSPITAL PORTUGUES,PAISSANDU,ABALROAMENTO LONGITUDINAL,COLISAO ENTRE AUTO E MOTO COM DUAS VITIMAS VT 22 NO LOCAL,1,1,,,,,,,,1,,69,,Cruzamento,Bom,Sem defeito,Perfeito estado,Seca,Perfeito estado,Faixa de pedestre,R-19,60 km/h,Dupla,CANAL,,,,
2018-11-03,18:58:00,COM VÍTIMA,FINALIZADA,NOVA DESCOBERTA,RUA CORREGO DA AREIA,3,835,,ENF AO ARMAZEM DOIS IRMAOS,RUA CORREGO DA AREIA,835,ENF AO ARMAZEM DOIS IRMAOS,NOVA DESCOBERTA,ABALROAMENTO LONGITUDINAL,TAXI X CARROÇA PARA CAVELO,1,,,,,,,,1,1,,,SUBURBIO,Longo da via,Bom,Não existe,Não existente,Seca,Perfeito estado,Não existe,Não há placas,,Dupla,Não existe,,,,
2018-11-03,22:15:00,COM VÍTIMA,FINALIZADA,BOA VIAGEM,RUA DES JOAO PAES,0,,AV DES JOSE NEVES,EM FRENTE à FERREIRA PINTO,RUA DES JOAO PAES,,EM FRENTE à FERREIRA PINTO,BOA VIAGEM,ABALROAMENTO TRANSVERSAL,ENTRE AUTO E MOTO C/V.,1,1,,,,,,,,1,,567,CIDADE,Cruzamento,Bom,Sem defeito,Perfeito estado,Seca,Perfeito estado,,,,Única,,,,,
2018-11-04,13:40:00,COM VÍTIMA,FINALIZADA,TAMARINEIRA,AV PROFESSOR JOSE DOS ANJOS,4,4200,RUA CABO ARAGAO,ENF AO HOTEL NEXOS,AV PROFESSOR JOSE DOS ANJOS,4200,ENF AO HOTEL NEXOS,TAMARINEIRA,COLISÃO COM CICLISTA,MOTO X CICLISTA,,1,,1,,,,,,1,,,CIDADE,Longo da via,Bom,Não existe,Perfeito estado,Seca,Perfeito estado,Não existe,Não há placas,50 km/h,Única,Faixa seccionada,,,,
2018-11-04,15:42:00,COM VÍTIMA,FINALIZADA,BOA VIAGEM,RUA VISCONDE DE JEQUITINHONHA,4,1140,,ANTES DO DONA LINDU,RUA VISCONDE DE JEQUITINHONHA,1140,ANTES DO DONA LINDU,BOA VIAGEM,COLISÃO TRASEIRA,COLISAÃO COM VITIMA,1,1,,,,,,,,2,,,SUBURBIO,Longo da via,Bom,Não existe,Perfeito estado,Seca,Perfeito estado,Faixa de pedestre,Não há placas,,Única,,,,,
2018-11-04,16:31:00,COM VÍTIMA,FINALIZADA,ARRUDA,AV BEBERIBE,0,,,PROX AO POSTO DE COMBUSTIVEL PETROBRAS E BOMPREÇO  EM FRENTE À PIZZARIA DO CHICÃO,AV BEBERIBE,,PROX AO POSTO DE COMBUSTIVEL PETROBRAS E BOMPREÇO  EM FRENTE À PIZZARIA DO CHICÃO,ARRUDA,COLISÃO TRASEIRA,DOIS AUTOS OBS:: SAMU ESTA QUERENDO REMOVER A VITIMA MAS ESTA TENDO DIFICULDADE DEVIDO O TRANSITO,1,1,,,,,,,,1,,,SUBURBIO,Longo da via,Bom,Não existe,Perfeito estado,Seca,Perfeito estado,Não existe,OUTROS,,Dupla,FAIXA,,,,
2018-11-04,20:37:00,COM VÍTIMA,FINALIZADA,PINA,AV ENGENHEIRO DOMINGOS FERREIRA,0,,RUA TOME GIBSON,PROXIMO AO SEMAFORO Nº200,AV ENGENHEIRO DOMINGOS FERREIRA,,PROXIMO AO SEMAFORO Nº200,PINA,ATROPELAMENTO,ATROPELAMENTO AUTO E PEDESTRE,1,,,,1,,,,,1,,200,SUBURBIO,Longo da via,Bom,Sem defeito,Perfeito estado,Seca,Perfeito estado,,R-32,,Única,Canteiro central,,,,
2018-11-04,20:40:00,VÍTIMA FATAL,FINALIZADA,BOA VISTA,RUA JOAO FERNANDES VIEIRA,3,S/N,,PROXIMIDADES DO HOSPITAL DE FRATURAS / APÓS A PRC PARQUE AMORIM,RUA JOAO FERNANDES VIEIRA,S/N,PROXIMIDADES DO HOSPITAL DE FRATURAS / APÓS A PRC PARQUE AMORIM,BOA VISTA,CHOQUE OBJETO FIXO,CHOQUE ENTRE AUTO E ÁRVORE NO LOCAL. C/V,1,,,,,,,,,1,1,,CIDADE,Longo da via,Bom,Não existe,Perfeito estado,Seca,Perfeito estado,,,,Única,,,,,
2018-11-05,07:33:00,COM VÍTIMA,FINALIZADA,BOA VIAGEM,RUA CACHOEIRA,3,101,,EM FRENTE AO RESTAURANTE FOGÃO A LENHA E A FACULDADE BOA VIAGEM,RUA CACHOEIRA,101,EM FRENTE AO RESTAURANTE FOGÃO A LENHA E A FACULDADE BOA VIAGEM,BOA VIAGEM,ABALROAMENTO LONGITUDINAL,COLISÃO COM VITIMA SOCORRIDA PELO SAMU,1,1,,,,,,,,1,,,SUBURBIO,Longo da via,Bom,Não existe,Não existente,Seca,Mal iluminada,Não existe,Não há placas,40 km/h,Dupla,Não existe,,,,