data,hora,natureza_acidente,situacao,bairro,endereco,,numero,detalhe_endereco_acidente,complemento,endereco_cruzamento,numero_cruzamento,referencia_cruzamento,bairro_cruzamento,tipo,descricao,auto,moto,ciclom,ciclista,pedestre,onibus,caminhao,viatura,outros,vitimas,vitimasfatais,num_semaforo,sentido_via,acidente_verificado,tempo_clima,situacao_semaforo,sinalizacao,condicao_via,conservacao_via,ponto_controle,situacao_placa,velocidade_max_via,mao_direcao,divisao_via1,divisao_via2,divisao_via3,_id,Protocolo
2018-11-12,08:39:00,COM VÍTIMA,FINALIZADA,CASA FORTE,AV DEZESSETE DE AGOSTO,0,,RUA JORGE DE ALBUQUERQUE,EM FRETE AO POSTO DISLUB,AV DEZESSETE DE AGOSTO,,EM FRETE AO POSTO DISLUB,CASA FORTE,ACID. DE PERCURSO,QUEDA DE PEDESTRE AO TENTAR DESCER DO COLETIVO.,,,,,,1,,,,1,,,,Longo da via,Bom,Não existe,Perfeito estado,Seca,Perfeito estado,Não existe,Não há placas,60 km/h,Dupla,Faixa contínua,,,,
2018-11-12,09:07:00,COM VÍTIMA,FINALIZADA,TAMARINEIRA,EST VELHA DE AGUA FRIA,3,596,RUA CONEGO BARATA,EM FRENTE A QUITANDA DO BAIRRO E PADARIA MANÁ,EST VELHA DE AGUA FRIA,596,EM FRENTE A QUITANDA DO BAIRRO E PADARIA MANÁ,TAMARINEIRA,ABALROAMENTO LONGITUDINAL,MOTO E ONIBUS,,1,,,,1,,,,1,,,SUBURBIO,Longo da via,Bom,Sem defeito,Perfeito estado,Seca,Perfeito estado,Não existe,Não há placas,,Dupla,Faixa,,,,
2018-11-12,09:24:00,COM VÍTIMA,FINALIZADA,BOA VISTA,RUA BARAO DE SAO BORJA,0,,RUA JOSE DE ALENCAR,EM FRENTE AO HOTEL BOA VISTA,RUA BARAO DE SAO BORJA,,EM FRENTE AO HOTEL BOA VISTA,BOA VISTA,ABALROAMENTO TRANSVERSAL,VITIMA SOCORRIDA PELO SAMU,1,1,,,,,,,,1,,,CIDADE,Cruzamento,Bom,Não existe,Não existente,Seca,Perfeito estado,Não existe,Placas Pare,30 km/h,Única,Faixa contínua,,,,
2018-11-12,10:43:00,COM VÍTIMA,FINALIZADA,SANTO ANTONIO,RUA FLORIANO PEIXOTO,0,,,PROX. AO METRO DO RECIFE  ANTES DA SECRETARIA DA FAZENDA,RUA FLORIANO PEIXOTO,,PROX. AO METRO DO RECIFE  ANTES DA SECRETARIA DA FAZENDA,SANTO ANTÔNIO,COLISÃO,AUTO E MOTO C/V,1,1,,,,,,,,1,,,,,,,,,,,,,,,,,,
2018-11-12,13:30:00,COM VÍTIMA,FINALIZADA,BOA VIAGEM,AV ARMINDO MOURA,3,500,,EM FRENTE AO SEGUNDO COMAR,AV ARMINDO MOURA,500,EM FRENTE AO SEGUNDO COMAR,BOA VIAGEM,ABALROAMENTO LONGITUDINAL,DOIS AUTOS E UMA MOTONETA,2,,1,,,,,,,1,,,,Longo da via,Bom,Não existe,Perfeito estado,Seca,Perfeito estado,,,40 km/h,Dupla,Faixa,,,,
2018-11-12,13:47:00,COM VÍTIMA,FINALIZADA,DERBY,AV GOVERNADOR CARLOS DE LIMA CAVALCANTI,0,,RUA MIGUEL COUTO,LUCILO MARANHÃO,AV GOVERNADOR CARLOS DE LIMA CAVALCANTI,,LUCILO MARANHÃO,DERBY,ABALROAMENTO LONGITUDINAL,COLISÃO ENTRE CARRO E MOTO/ COM VITIMA,1,1,,,,,,,,1,,,CIDADE,Longo da via,Bom,Não existe,Perfeito estado,Seca,Perfeito estado,,Outras,,Dupla,Canteiro central,,,,
2018-11-12,13:48:00,COM VÍTIMA,FINALIZADA,PARNAMIRIM,RUA JOAO TUDE DE MELO,0,,,EM FRENTE AO GUAIAMUM GIGANTE,RUA JOAO TUDE DE MELO,,EM FRENTE AO GUAIAMUM GIGANTE,PARNAMIRIM,ABALROAMENTO LONGITUDINAL,DOIS AUTOS E UMA MOTO C/V,2,1,,,,,,,,2,,,CIDADE,Longo da via,Bom,Não existe,Perfeito estado,Seca,Perfeito estado,Não existe,Não há placas,60 km/h,Única,Não existe,,,,
2018-11-12,16:02:00,COM VÍTIMA,FINALIZADA,VARZEA,AV JOAQUIM RIBEIRO,0,,AV CAXANGA,NA FRENTE DA UPA,AV JOAQUIM RIBEIRO,,NA FRENTE DA UPA,VÁRZEA,ABALROAMENTO TRANSVERSAL,COLISÃO COM VITMAS,1,1,,,,,,,,1,,281,SUBURBIO,Cruzamento,Bom,Sem defeito,Perfeito estado,Seca,Perfeito estado,Faixa de pedestre,Outras,,Dupla,Canteiro central,,,,
2018-11-12,19:47:00,COM VÍTIMA,FINALIZADA,ARRUDA,RUA DAS MOCAS,3,107,RUA DA REGENERACAO,PRÓX AO CALDINHO SEM NOME / AO LADO DA ARRUDA RAÇÕES E GRANJA MD,RUA DAS MOCAS,107,PRÓX AO CALDINHO SEM NOME / AO LADO DA ARRUDA RAÇÕES E GRANJA MD,ARRUDA,COLISÃO FRONTAL,ENTRE 2 MOTOS. C/V,,2,,,,,,,,3,,,,Cruzamento,Bom,Sem defeito,Incompleta,Seca,Mal iluminada,Faixa de pedestre,Não há placas,,Dupla,Faixa seccionada,,,,
2018-11-12,21:37:00,COM VÍTIMA,FINALIZADA,BONGI,AV ENGENHEIRO ABDIAS DE CARVALHO,0,,,ENF A FACULDADE ESTACIO,AV ENGENHEIRO ABDIAS DE CARVALHO,,ENF A FACULDADE ESTACIO,BONGI,COLISÃO TRASEIRA,VAN MASTER X MOTO,,1,,,,1,,,,1,,328,SUBURBIO,Longo da via,Bom,Sem defeito,Perfeito estado,Seca,Perfeito estado,Faixa de pedestre,Outras,,Dupla,Canteiro central,,,,
2018-11-13,00:14:00,COM VÍTIMA,FINALIZADA,TORRE,RUA REAL DA TORRE,0,,RUA VISCONDE DE ITAPARICA,PROXIMO A ESCOLA DESPERTAR  APÓS A CURVA DO CARREFOUR,RUA REAL DA TORRE,,PROXIMO A ESCOLA DESPERTAR  APÓS A CURVA DO CARREFOUR,TORRE,ABALROAMENTO TRANSVERSAL,ENTRE UM AUTO E MOTO,1,1,,,,,,,,1,,,CIDADE,Cruzamento,Bom,Não existe,Perfeito estado,Seca,Perfeito estado,Faixa de pedestre,Outras,50 km/h,Única,Não existe,,,,
2018-11-13,06:21:00,COM VÍTIMA,FINALIZADA,BOA VIAGEM,AV ENGENHEIRO DOMINGOS FERREIRA,0,,,EM FRENTE AO CARREFOUR / EM FRENTE AO EDF. CORINA,AV ENGENHEIRO DOMINGOS FERREIRA,,EM FRENTE AO CARREFOUR / EM FRENTE AO EDF. CORINA,BOA VIAGEM,ATROPELAMENTO,COM UMA VITIMA,1,,,,1,,,,,1,,,SUBURBIO,Longo da via,Bom,Não existe,Perfeito estado,Seca,Perfeito estado,,Não há placas,60 km/h,Única,Canteiro central,,,,
2018-11-13,06:23:00,COM VÍTIMA,FINALIZADA,SAO JOSE,AV SUL,0,,AV DANTAS BARRETO,PRÓX À PRAÇA SERGIO LORETO,AV SUL,,PRÓX À PRAÇA SERGIO LORETO,SÃO JOSÉ,COLISÃO TRASEIRA,AUTO X MOTO - VT-14 NO QTH,1,1,,,,,,,,1,,311,CIDADE,Cruzamento,Bom,Com defeito,,Seca,Perfeito estado,Outros,Outras,,Única,Canteiro central,,,,
2018-11-13,07:31:00,VÍTIMA FATAL,FINALIZADA,SAN MARTIN,AV ENGENHEIRO ABDIAS DE CARVALHO,0,,AV GENERAL SAN MARTIN,,AV ENGENHEIRO ABDIAS DE CARVALHO,,,SAN MARTIN,ABALROAMENTO TRANSVERSAL,,2,,,,,,,,,0,1,58,CIDADE,Cruzamento,Bom,Sem defeito,Perfeito estado,Seca,Perfeito estado,Faixa de pedestre,Não há placas,,Dupla,Canteiro central,,,,
2018-11-13,16:42:00,COM VÍTIMA,FINALIZADA,ALTO JOSE DO PINHO,AV NORTE,4,5050,,OPOSTO AO N.5067. EM FRENTE AO POSTO NORTE PETRÓLEO (BR),AV NORTE,5050,OPOSTO AO N.5067. EM FRENTE AO POSTO NORTE PETRÓLEO (BR),ALTO JOSÉ DO PINHO,ATROPELAMENTO,,,1,,,1,,,,,1,,,SUBURBIO,Longo da via,Bom,Não existe,Perfeito estado,Seca,Perfeito estado,Não existe,R-6a,,Dupla,Canteiro central,,,,
2018-11-13,17:45:00,COM VÍTIMA,FINALIZADA,SAO JOSE,C SANTA RITA,0,,,EM FRENTE AO ARMAZÉM 16 -,C SANTA RITA,,EM FRENTE AO ARMAZÉM 16 -,SÃO JOSÉ,ABALROAMENTO LONGITUDINAL,,,2,,,,,,,,3,,76,CIDADE,Longo da via,Bom,Não existe,Perfeito estado,Seca,Perfeito estado,Não existe,Não há placas,,Dupla,Faixa,,,,
2018-11-13,18:36:00,COM VÍTIMA,FINALIZADA,SAO JOSE,C SANTA RITA,0,,,CAIS DE SANTA RITA,C SANTA RITA,,CAIS DE SANTA RITA,SÃO JOSÉ,ACID. DE PERCURSO,MOTOQUEIRO PERDEU O CONTROLE DO VEÍCULO E CAIU NA VIA  SEGUNDO AS INFO DO GUARDA RINALDO,,1,,,,,,,,1,,76,CIDADE,Longo da via,Bom,Sem defeito,Incompleta,Seca,Perfeito estado,Não existe,Não há placas,,Dupla,Canteiro central,,,,
2018-11-14,11:41:00,COM VÍTIMA,FINALIZADA,ILHA DO LEITE,AV GOVERNADOR AGAMENON MAGALHAES,0,,RUA PAISSANDU,,AV GOVERNADOR AGAMENON MAGALHAES,,,ILHA DO LEITE,COLISÃO TRASEIRA,COLISÃO ENTRE DOIS AUTOS E MOTOCICLETA COM VÍTIMA.,1,1,,,,,,,,1,,69,SUB,Cruzamento,Bom,Sem defeito,Perfeito estado,Seca,Perfeito estado,Faixa de pedestre,,60 km/h,Dupla,Canteiro central,,,,
2018-11-14,12:43:00,COM VÍTIMA,FINALIZADA,IMBIRIBEIRA,AV MARECHAL MASCARENHAS DE MORAES,0,,RUA JOAO FONTES,EM FRENTE AO TRT- NA SAÍDA DOS ONIBUS TRANCREDO NEVES,AV MARECHAL MASCARENHAS DE MORAES,,EM FRENTE AO TRT- NA SAÍDA DOS ONIBUS TRANCREDO NEVES,IMBIRIBEIRA,ABALROAMENTO LONGITUDINAL,COLISÃO COM VITIMA,,1,,,,,1,,,2,,471,CIDADE,Longo da via,Bom,Sem defeito,Perfeito estado,Seca,Perfeito estado,,Não há placas,60 km/h,Única,Canteiro central,,,,
2018-11-14,13:36:00,COM VÍTIMA,FINALIZADA,BOA VIAGEM,RUA GENERAL EDSON AMANCIO RAMALHO,3,181,,NA FRENTE DO WALL MART INICIO DA VIA MANGUE,RUA GENERAL EDSON AMANCIO RAMALHO,181,NA FRENTE DO WALL MART INICIO DA VIA MANGUE,BOA VIAGEM,CHOQUE OBJETO FIXO,COLISÃO COM VITIMAS  VEICULOS ESTÃO COM VAZAMENTO DE OLEO NA PISTA,2,,,,,,,,,2,,544,CIDADE,Longo da via,Bom,Não existe,Perfeito estado,Seca,Perfeito estado,Não existe,Outras,,Dupla,Blocos,,,,
2018-11-14,16:59:00,COM VÍTIMA,FINALIZADA,CORDEIRO,RUA N S DA SAUDE,3,281,,E/F A CARLAO SOM E DA ULTRA GAS,RUA N S DA SAUDE,281,E/F A CARLAO SOM E DA ULTRA GAS,CORDEIRO,COLISÃO TRASEIRA,COLISAO ENTRE MOTO E AUTO COM UMA VITIMA,1,1,,,,,,,,1,,,CIDADE,Longo da via,Bom,Não existe,Perfeito estado,Seca,Perfeito estado,Não existe,Placas Dê a preferência,,Dupla,Faixa contínua,,,,
2018-11-14,17:06:00,COM VÍTIMA,FINALIZADA,BOA VIAGEM,RUA PADRE CARAPUCEIRO,3,590,RUA PROFESSOR JULIO FERREIRA DE MELO,ESQUINA COM O COLÉGIO MOTIVO,RUA PADRE CARAPUCEIRO,590,ESQUINA COM O COLÉGIO MOTIVO,BOA VIAGEM,ATROPELAMENTO,AUTO X PEDESTRE,1,,,,1,,,,,1,,,SUBURBIO,Cruzamento,Bom,Não existe,Perfeito estado,Seca,Perfeito estado,Outros,R-6a,60 km/h,Única,Faixa,,,,
2018-11-15,10:30:00,COM VÍTIMA,FINALIZADA,BRASILIA TEIMOSA,AV BRASILIA FORMOSA,2,12,RUA PARU,PROX AO POSTO 1 DO SALVA VIDA / NA ORLA. EM FRENTE A ARENA BRASÍLIA TEIMOSA,AV BRASILIA FORMOSA,12,PROX AO POSTO 1 DO SALVA VIDA / NA ORLA. EM FRENTE A ARENA BRASÍLIA TEIMOSA,BRASÍLIA TEIMOSA,COLISÃO COM CICLISTA,COLISAO COM CICLISTA,1,,,1,,,,,,1,,,,Longo da via,Bom,Não existe,Não existente,Seca,Mal conservada,Não existe,Não há placas,30 km/h,Dupla,Faixa,,,,
2018-11-15,10:33:00,COM VÍTIMA,FINALIZADA,DOIS IRMAOS,RUA DOIS IRMAOS,0,,,MOTEL SENZALA,RUA DOIS IRMAOS,,MOTEL SENZALA,DOIS IRMÃOS,ACID. DE PERCURSO,CONDUTORA CAIU APÓS PASSAR EM UM BURACO NA VIA.,,1,,,,,,,,1,,,SUBURBIO,Longo da via,Bom,Sem defeito,Perfeito estado,Seca,Mal conservada,Não existe,Não há placas,,Dupla,Faixa contínua,,,,
2018-11-15,17:18:00,COM VÍTIMA,FINALIZADA,AFLITOS,AV CONS ROSA E SILVA,4,1312,,AO LADO DO COUNTRY CLUB E PIZZARIA BENVINDA,AV CONS ROSA E SILVA,1312,AO LADO DO COUNTRY CLUB E PIZZARIA BENVINDA,AFLITOS,CHOQUE OBJETO FIXO,CONDUTOR PERDEU A DIREÇÃO SUBINDO A CALÇADA E FOI DE ENCONTRO AO MURO DA PIZZARIA BENVINDA. HOUVE UM SEGUNDO VEÍCULO ENVOLVIDO.,2,,,,,,,,,1,,,SUBURBIO,Longo da via,Bom,Não existe,Perfeito estado,Seca,Perfeito estado,,Outras,,Única,Faixa,,,,
2018-11-15,19:35:00,COM VÍTIMA,FINALIZADA,MANGABEIRA,AV NORTE,0,,AV PROFESSOR JOSE DOS ANJOS,SESC,AV NORTE,,SESC,MANGABEIRA,ABALROAMENTO TRANSVERSAL,COLISÃO COM VITIMA,1,1,,,,,,,,2,,364,CIDADE,Longo da via,Bom,Sem defeito,Perfeito estado,Seca,Perfeito estado,Faixa de pedestre,Outras,,Dupla,Canteiro central,,,,
2018-11-16,06:44:00,COM VÍTIMA,FINALIZADA,COQUEIRAL,RUA GUANABARA,3,424,RUA APRIGIO GUIMARAES,EM FRENTE AO MERCADINHO CUSTÓDIA,RUA GUANABARA,424,EM FRENTE AO MERCADINHO CUSTÓDIA,COQUEIRAL,ABALROAMENTO TRANSVERSAL,COM VÍTIMA.,,1,,,,1,,,,1,,157,SUBURBIO,Cruzamento,Bom,Sem defeito,Perfeito estado,Seca,Perfeito estado,Não existe,Não há placas,,Dupla,Não existe,,,,
2018-11-16,08:27:00,COM VÍTIMA,FINALIZADA,SAO JOSE,AV SUL,4,1022,,PRÓX À OFICINA ABELARDO,AV SUL,1022,PRÓX À OFICINA ABELARDO,SÃO JOSÉ,COLISÃO,COM VÍTIMA.,,1,,,,,,,,1,,205,,,,,,,,,,,,,,,,
2018-11-16,12:46:00,COM VÍTIMA,FINALIZADA,TORRE,RUA DOS OPERARIOS,3,321,,AO LADO DA HONDA,RUA DOS OPERARIOS,321,AO LADO DA HONDA,TORRE,ABALROAMENTO LONGITUDINAL,AUTO X MOTO COM VÍTIMA.,1,1,,,,,,,,1,,,,Longo da via,Bom,Não existe,Perfeito estado,Seca,Perfeito estado,Não existe,R-6a,,Dupla,Não existe,,,,
2018-11-16,14:09:00,COM VÍTIMA,FINALIZADA,MADALENA,RUA BENFICA,4,1116,,APÓS O MUSEU DA ABOLIÇÃO,RUA BENFICA,1116,APÓS O MUSEU DA ABOLIÇÃO,MADALENA,COLISÃO TRASEIRA,SEM VÍTIMAS,3,3,,,,,1,,,1,,,CIDADE,Longo da via,Bom,Não existe,Perfeito estado,Seca,Perfeito estado,,Outras,,Dupla,Canteiro central,,,,
2018-11-16,15:36:00,COM VÍTIMA,FINALIZADA,IMBIRIBEIRA,AV MARECHAL MASCARENHAS DE MORAES,4,7935,,LADO OPOSTO AO MURO DO AEROPORTO,AV MARECHAL MASCARENHAS DE MORAES,7935,LADO OPOSTO AO MURO DO AEROPORTO,IMBIRIBEIRA,COLISÃO TRASEIRA,AUTO E MOTO,1,1,,,,,,,,1,,626,CIDADE,Longo da via,Bom,Sem defeito,Perfeito estado,Seca,Perfeito estado,Faixa de pedestre,Não há placas,,Dupla,Faixa contínua,,,,
2018-11-16,19:54:00,COM VÍTIMA,FINALIZADA,SAO JOSE,RUA IMPERIAL,3,981,TRV DO RAPOSO,PROX AO VIADUTO,RUA IMPERIAL,981,PROX AO VIADUTO,SÃO JOSÉ,COLISÃO TRASEIRA,GOL X MOTO,1,1,,,,,,,,1,,510,SUBURBIO,Cruzamento,Bom,Sem defeito,Perfeito estado,Seca,Perfeito estado,Outros,Outras,,,,,,,
2018-11-17,01:36:00,COM VÍTIMA,FINALIZADA,MACAXEIRA,AV NORTE,0,,,PRÓX AO TERMINAL INTEGRADO DA MACAXEIRA . POSTE B040185.,AV NORTE,,PRÓX AO TERMINAL INTEGRADO DA MACAXEIRA . POSTE B040185.,MACAXEIRA,CHOQUE OBJETO FIXO,CONDUTOR PERDEU O CONTROLE DO VEÍCULO E CHOCOU-SE CONTRA UM POSTE,1,,,,,,,,,1,,,CIDADE,Longo da via,Bom,Não existe,Incompleta,Seca,Perfeito estado,Não existe,Não há placas,,Dupla,Canteiro central,,,,
2018-11-17,08:14:00,COM VÍTIMA,FINALIZADA,BOA VIAGEM,AV ENGENHEIRO DOMINGOS FERREIRA,3,202,RUA TENENTE JOAO CICERO,EM FRENTE AO ARCÁDIA,AV ENGENHEIRO DOMINGOS FERREIRA,202,EM FRENTE AO ARCÁDIA,BOA VIAGEM,COLISÃO TRASEIRA,COM UMA VITIMA AGUARDANDO SAMU/VT 02 CTTU NO LOCAL,1,1,,,,,,,,1,,,SUBURBIO,Longo da via,Bom,Não existe,Perfeito estado,Seca,Perfeito estado,Não existe,R-6a,60 km/h,Única,Faixa seccionada,,,,
2018-11-17,16:55:00,COM VÍTIMA,FINALIZADA,TAMARINEIRA,EST VELHA DE AGUA FRIA,4,3714,AV NORTE,,EST VELHA DE AGUA FRIA,3714,,TAMARINEIRA,ABALROAMENTO LONGITUDINAL,COM VÍTIMA,,2,,,,,,,,2,,,SUBURBIO,Longo da via,Bom,Sem defeito,Perfeito estado,Seca,Perfeito estado,,Outras,,Dupla,Canteiro central,,,,
2018-11-17,17:02:00,COM VÍTIMA,FINALIZADA,TEJIPIO,RUA SAO MIGUEL,0,,,EM FRENTE AO POSTO PETROISA,RUA SAO MIGUEL,,EM FRENTE AO POSTO PETROISA,TEJIPIÓ,COLISÃO TRASEIRA,COM VÍTIMA,,1,,,,,1,,,1,,,CIDADE,Longo da via,Bom,Não existe,Perfeito estado,Seca,Perfeito estado,Não existe,Não há placas,,Dupla,Faixa contínua,,,,
2018-11-17,17:27:00,COM VÍTIMA,FINALIZADA,ROSARINHO,AV NORTE,2,45,RUA ANDRE REBOUCAS,EM FRENTE A PRAÇA DO ROSARINHO,AV NORTE,45,EM FRENTE A PRAÇA DO ROSARINHO,ROSARINHO,ABALROAMENTO LONGITUDINAL,AUTO E MOTO C/V,1,1,,,,,,,,1,,,CIDADE,Esquina,Bom,Sem defeito,Perfeito estado,Seca,Perfeito estado,,Outras,,Dupla,Canteiro central,,,,
2018-11-17,17:37:00,COM VÍTIMA,FINALIZADA,BOA VIAGEM,AV BOA VIAGEM,4,1272,,NO SEGUNDO JARDIM. EM FRENTE AO EDIFÍCIO VITÓRIA,AV BOA VIAGEM,1272,NO SEGUNDO JARDIM. EM FRENTE AO EDIFÍCIO VITÓRIA,BOA VIAGEM,COLISÃO TRASEIRA,AUTO E MOTO C/V  O VEICULO SE EVADIU DO LOCAL,1,1,,,,,,,,1,,,CIDADE,Longo da via,Bom,Não existe,Perfeito estado,Seca,Perfeito estado,Não existe,R-6a,60 km/h,Única,Faixa seccionada,,,,
2018-11-17,20:33:00,COM VÍTIMA,FINALIZADA,IBURA,AV DOIS RIOS,0,,,NO INICIO DA LADEIRA DA COHAB / PRÓX A POLICLINICA DO IBURA / SNT BR,AV DOIS RIOS,,NO INICIO DA LADEIRA DA COHAB / PRÓX A POLICLINICA DO IBURA / SNT BR,IBURA,COLISÃO FRONTAL,ENTRE CAMINHÃO E MOTO. C/V,,1,,,,,1,,,1,,,SUBURBIO,Longo da via,Bom,Não existe,Perfeito estado,Seca,Perfeito estado,Não existe,Não há placas,,Dupla,Faixa contínua,,,,
2018-11-17,23:26:00,COM VÍTIMA,FINALIZADA,SANTO AMARO,AV NORTE,0,,RUA JOAQUIM RABELO,VT 06 DA CTTU ESTA NO LOCAL,AV NORTE,,VT 06 DA CTTU ESTA NO LOCAL,SANTO AMARO,ABALROAMENTO LONGITUDINAL,DUAS MOTOS X AUTO,1,2,,,,,,,,3,,97,SUBURBIO,Esquina,Bom,Sem defeito,Perfeito estado,Seca,Perfeito estado,,,,Dupla,Faixa,,,,
2018-11-18,00:48:00,COM VÍTIMA,FINALIZADA,AREIAS,AV RECIFE,0,,AV TAPAJOS,SENTIDO VARZEA  PROXIMO AO SUPERMERCADO MACRO  PROXIMO AO POSTO BR,AV RECIFE,,SENTIDO VARZEA  PROXIMO AO SUPERMERCADO MACRO  PROXIMO AO POSTO BR,AREIAS,ABALROAMENTO TRANSVERSAL,ENTRE UM AUTO E MOTO,1,1,,,,,,,,1,,620,CIDADE,Esquina,Bom,Intermitente,Perfeito estado,Seca,Perfeito estado,Faixa de pedestre,Outras,,Dupla,Faixa,,,,
2018-11-18,13:39:00,COM VÍTIMA,FINALIZADA,BARRO,AV DR JOSE RUFINO,4,1807,,APÓS A IGREJA DO BARRO. EM FRENTE AO CONDOMÍNIO MORADA DO BARRO.,AV DR JOSE RUFINO,1807,APÓS A IGREJA DO BARRO. EM FRENTE AO CONDOMÍNIO MORADA DO BARRO.,BARRO,COLISÃO COM CICLISTA,AUTO E CICLISTA,1,,,1,,,,,,1,,,CIDADE,Longo da via,Bom,Não existe,Perfeito estado,Seca,Perfeito estado,Faixa de pedestre,Placas Pare,40 km/h,Dupla,Faixa,,,,
2018-11-19,01:58:00,COM VÍTIMA,FINALIZADA,TORRE,RUA DOM MANOEL DA COSTA,3,405,RUA PADRE LANDIM,PRÓX A ESCOLA MUNICIPAL PAROQUIAL CRISTO REI,RUA DOM MANOEL DA COSTA,405,PRÓX A ESCOLA MUNICIPAL PAROQUIAL CRISTO REI,TORRE,ABALROAMENTO TRANSVERSAL,COLISÃO ENTRE DOIS AUTOS  SEM VÍTIMAS.,2,,,,,,,,,1,,252,CIDADE,Cruzamento,Bom,Sem defeito,Perfeito estado,Seca,Perfeito estado,,R-6b,,Dupla,Faixa,,,,
2018-11-19,12:53:00,COM VÍTIMA,FINALIZADA,AREIAS,AV RECIFE,4,1600,,SENTIDO BOA VIAGEM. SÃO PAULO VEÍCULOS,AV RECIFE,1600,SENTIDO BOA VIAGEM. SÃO PAULO VEÍCULOS,AREIAS,ATROPELAMENTO,AUTO E PEDESTRE C/V,1,,,,1,,,,,1,,212,BOA VIAGEM,Longo da via,Bom,Sem defeito,Perfeito estado,Seca,Perfeito estado,Agente,Não há placas,,Única,Canteiro central,,,,
2018-11-19,17:22:00,COM VÍTIMA,FINALIZADA,MANGUEIRA,RUA SAO MIGUEL,4,1343,,E/F A CESAR MOTOS  E DROGARIA BONGI,RUA SAO MIGUEL,1343,E/F A CESAR MOTOS  E DROGARIA BONGI,MANGUEIRA,ABALROAMENTO TRANSVERSAL,AUTO E MOTO S/V,1,1,,,,,,,,1,,,CIDADE,Longo da via,Bom,Não existe,Perfeito estado,Seca,Perfeito estado,Não existe,Não há placas,,Única,Faixa seccionada,,,,
2018-11-19,21:36:00,COM VÍTIMA,FINALIZADA,ENCRUZILHADA,AV BEBERIBE,0,,,POSTO SHELL E DROGASIL,AV BEBERIBE,,POSTO SHELL E DROGASIL,ENCRUZILHADA,COLISÃO FRONTAL,COLISÃO COM VITIMA/ VITIMA ENCONTRA-SE NO LOCAL AGUARDANDO ATENDIMENTO DO SAMU,1,1,,,,,,,,1,,186,SUBURBIO,Longo da via,Bom,Sem defeito,Perfeito estado,Seca,Perfeito estado,Faixa de pedestre,,,Dupla,Faixa contínua,,,,
2018-11-20,10:19:00,COM VÍTIMA,FINALIZADA,SANTO AMARO,AV PREFEITO ARTUR LIMA CAVALCANTI,0,,AV NORTE,DESCIDA DA PONTE DO LIMOEIRO,AV PREFEITO ARTUR LIMA CAVALCANTI,,DESCIDA DA PONTE DO LIMOEIRO,SANTO AMARO,ACID. DE PERCURSO,MOTOCICLISTA PERDEU O CONTROLE APÓS LIVRAR SE DE UM PEDESTRE,,1,,,,,,,,1,,243,SUBURBIO,Longo da via,Bom,Sem defeito,Perfeito estado,Seca,Perfeito estado,Faixa de pedestre,,,Dupla,Canteiro central,,,,
2018-11-16,08:40:00,COM VÍTIMA,FINALIZADA,SAO JOSE,AV SUL,4,1022,,,AV SUL,1022,,SÃO JOSÉ,ABALROAMENTO LONGITUDINAL,COLISÃO ENTRE DUAS MOTOCICLETAS.,,2,,,,,,,,1,,205,CIDADE,Outros,Bom,Sem defeito,Perfeito estado,Seca,Perfeito estado,Faixa de pedestre,Outras,,Única,Não existe,,,,
2018-11-20,15:56:00,COM VÍTIMA,FINALIZADA,ESTANCIA,AV DR JOSE RUFINO,0,,,EM FRENTE A IGREJA DE SANTA LUZIA,AV DR JOSE RUFINO,,EM FRENTE A IGREJA DE SANTA LUZIA,ESTÂNCIA,COLISÃO TRASEIRA,COLISÃO COM VITIMA,1,,,,,,1,,,1,,,CIDADE,Longo da via,Bom,Sem defeito,Perfeito estado,Seca,Perfeito estado,Faixa de pedestre,Outras,,Dupla,Faixa,,,,
2018-11-20,18:47:00,COM VÍTIMA,FINALIZADA,TORRE,AV BEIRA RIO,0,,,NA CURVA INDO PARA O CARREFUR,AV BEIRA RIO,,NA CURVA INDO PARA O CARREFUR,TORRE,COLISÃO TRASEIRA,COLISÃO SEM VITIMAS,1,1,,,,,,,,1,,,,Longo da via,Chuvoso,Não existe,Perfeito estado,Molhada,Perfeito estado,Não existe,,,Dupla,Faixa,,,,