data,hora,natureza_acidente,situacao,bairro,endereco,,numero,detalhe_endereco_acidente,complemento,endereco_cruzamento,numero_cruzamento,referencia_cruzamento,bairro_cruzamento,tipo,descricao,auto,moto,ciclom,ciclista,pedestre,onibus,caminhao,viatura,outros,vitimas,vitimasfatais,num_semaforo,sentido_via,acidente_verificado,tempo_clima,situacao_semaforo,sinalizacao,condicao_via,conservacao_via,ponto_controle,situacao_placa,velocidade_max_via,mao_direcao,divisao_via1,divisao_via2,divisao_via3,_id,Protocolo
2018-11-20,20:07:00,COM VÍTIMA,FINALIZADA,BARRO,RUA AMADOR ARAUJO,3,542,RUA ESPERANCA,APOS A IGREJA DO BARRO,RUA AMADOR ARAUJO,542,APOS A IGREJA DO BARRO,BARRO,ABALROAMENTO TRANSVERSAL,COLISÃO COM VITIMA/ VITIMA JA FOI LEVADA PELO SAMU,1,1,,,,,,,,1,,,CIDADE,Cruzamento,Bom,Não existe,Incompleta,Seca,Perfeito estado,Não existe,Placas Pare,30 km/h,Dupla,Não existe,,,,
2018-11-21,06:10:00,COM VÍTIMA,FINALIZADA,CASA AMARELA,RUA DA HARMONIA,3,460,,AO LADO DA PREVIDÊNCIA SOCIAL,RUA DA HARMONIA,460,AO LADO DA PREVIDÊNCIA SOCIAL,CASA AMARELA,COLISÃO TRASEIRA,COLISÃO COM 1 VÍTIMA,1,1,,,,,,,,1,,,SUBURBIO,Longo da via,Bom,Sem defeito,Perfeito estado,Seca,Perfeito estado,Faixa de pedestre,Não há placas,40 km/h,Dupla,Faixa,,,,
2018-11-21,06:47:00,COM VÍTIMA,FINALIZADA,BOA VIAGEM,RUA MINISTRO NELSON HUNGRIA,3,392,RUA PADRE BERNADINO PESSOA,EM FRENTE AO COLEGIO SANTA MARIA,RUA MINISTRO NELSON HUNGRIA,392,EM FRENTE AO COLEGIO SANTA MARIA,BOA VIAGEM,ABALROAMENTO LONGITUDINAL,DOIS AUTOS,2,,,,,,,,,2,,,,Cruzamento,Bom,Não existe,Perfeito estado,Seca,Perfeito estado,Faixa de pedestre,Outras,40 km/h,Única,Não existe,,,,
2018-11-21,11:34:00,COM VÍTIMA,FINALIZADA,SANTO AMARO,AV CRUZ CABUGA,0,,,HOSPITAL NAVAL DO RECIFE,AV CRUZ CABUGA,,HOSPITAL NAVAL DO RECIFE,SANTO AMARO,ABALROAMENTO LONGITUDINAL,ONIBUS E MOTO,1,1,,,,,,,,1,,,SUBURBIO,Longo da via,Bom,Não existe,Perfeito estado,Seca,Perfeito estado,Não existe,Não há placas,60 km/h,Dupla,Faixa,,,,
2018-11-21,12:50:00,COM VÍTIMA,FINALIZADA,VASCO DA GAMA,RUA DOIS DE FEVEREIRO,3,366,,EM FRENTE A IGREJA MISSIONÁRIA,RUA DOIS DE FEVEREIRO,366,EM FRENTE A IGREJA MISSIONÁRIA,VASCO DA GAMA,ATROPELAMENTO,PEDESTRE E ONIBUS,,,,,1,1,,,,1,,,SUBURBIO,Longo da via,Bom,Não existe,Não existente,Seca,Perfeito estado,Não existe,Não há placas,,Dupla,Não existe,,,,
2018-11-21,13:46:00,COM VÍTIMA,FINALIZADA,ILHA DO LEITE,AV LINS PETIT,0,,,EM FRENTE A PADARIA TRIUNFO,AV LINS PETIT,,EM FRENTE A PADARIA TRIUNFO,ILHA DO LEITE,COLISÃO TRASEIRA,COLISÃO COM 1 VÍTIMA,2,,,,,1,,,,1,,,SUBURBIO,Longo da via,Bom,Sem defeito,Perfeito estado,Seca,Perfeito estado,Faixa de pedestre,Outras,,Única,Faixa,,,,
2018-11-21,18:31:00,COM VÍTIMA,FINALIZADA,IMBIRIBEIRA,AV MARECHAL MASCARENHAS DE MORAES,4,2156,AV LUXEMBURGO,ENF A ITALIANA,AV MARECHAL MASCARENHAS DE MORAES,2156,ENF A ITALIANA,IMBIRIBEIRA,COLISÃO COM CICLISTA,,,,,1,,1,,,,1,,502,SUBURBIO,Longo da via,Bom,Não existe,Perfeito estado,Seca,Perfeito estado,Não existe,Não há placas,,Única,Faixa,,,,
2018-11-21,18:58:00,COM VÍTIMA,FINALIZADA,CORDEIRO,RUA DR MIGUEL VIEIRA FERREIRA,0,,RUA CLAUDIO BROTHERHOOD,AO LADO DO BETO BEBIDA,RUA DR MIGUEL VIEIRA FERREIRA,,AO LADO DO BETO BEBIDA,CORDEIRO,ABALROAMENTO TRANSVERSAL,MOTO X SIENA PRATA,1,1,,,,,,,,2,,,CIDADE,Cruzamento,Bom,Não existe,Incompleta,Seca,Perfeito estado,Não existe,Não há placas,,Dupla,Não existe,,,,
2018-11-22,07:31:00,COM VÍTIMA,FINALIZADA,MANGABEIRA,AV NORTE,4,4697,,ARMAZÉM CORAL,AV NORTE,4697,ARMAZÉM CORAL,MANGABEIRA,ABALROAMENTO LONGITUDINAL,COLISÃO ENTRE AUTO E MOTO,1,1,,,,,,,,1,,,CIDADE,Longo da via,Bom,Não existe,Ilegível,Seca,Perfeito estado,Não existe,,,,,,,,
2018-11-22,09:57:00,COM VÍTIMA,FINALIZADA,IBURA,AV DOIS RIOS,3,508,,E/F A BOMBONIERE DOIS RIOS,AV DOIS RIOS,508,E/F A BOMBONIERE DOIS RIOS,IBURA,COLISÃO TRASEIRA,COM UMA VÍTIMA. BATEDORES NO LOCAL. MT 13 MT 21,1,1,,,,,,,,1,,,CIDADE,Longo da via,Bom,Não existe,Não existente,Seca,Perfeito estado,Não existe,Placas Dê a preferência,,Dupla,Faixa,,,,
2018-11-22,12:02:00,COM VÍTIMA,FINALIZADA,CORDEIRO,RUA ODETE MONTEIRO,0,,AV PROFESSOR ESTEVAO FRANCISCO DA COSTA,EM FRENTE AO MARTELINHO DE OURO,RUA ODETE MONTEIRO,,EM FRENTE AO MARTELINHO DE OURO,CORDEIRO,ABALROAMENTO TRANSVERSAL,COLISÃO COM VITIMA A ESPERA DO SAMU,1,1,,,,,,,,1,,589,SUBURBIO,Cruzamento,Bom,Sem defeito,Perfeito estado,Seca,Perfeito estado,Faixa de pedestre,Outras,,Dupla,Faixa,,,,
2018-11-22,12:38:00,COM VÍTIMA,FINALIZADA,IBURA,RUA VALE DO ITAJAI,0,,,E/F COLEGIO MOVIMENTO CRIATIVO,RUA VALE DO ITAJAI,,E/F COLEGIO MOVIMENTO CRIATIVO,IBURA,COLISÃO,COLISÃO ENTRE AUTO E MOTO,,1,,,,,1,,,1,,,,,,,,,,,,,,,,,,
2018-11-20,09:40:00,COM VÍTIMA,FINALIZADA,IMBIRIBEIRA,AV MARECHAL MASCARENHAS DE MORAES,0,,,SOB O VIADUTO TANCREDO NEVES.,AV MARECHAL MASCARENHAS DE MORAES,,SOB O VIADUTO TANCREDO NEVES.,IMBIRIBEIRA,ATROPELAMENTO,ATROPELAMENTO ENTRE MOTO E PEDESTRE COM 2 VÍTIMAS. VÍTIMA DA MOTOCICLETA OPTOU NÃO SER SOCORRIDO E O PEDESTRE SEGUIU PARA A UPA DA IMBIRIBEIRA POR MEIOS PRÓPRIOS.,,1,,,1,,,,,2,,,CIDADE,Longo da via,Bom,Não existe,Perfeito estado,Seca,Perfeito estado,,Não há placas,60 km/h,Única,Canteiro central,,,,
2018-11-22,15:48:00,COM VÍTIMA,FINALIZADA,SANTO AMARO,AV GOVERNADOR AGAMENON MAGALHAES,0,,,LOGO APOS O MINISTERIO DO TRABALHO SENTIDO BOA VIAGEM,AV GOVERNADOR AGAMENON MAGALHAES,,LOGO APOS O MINISTERIO DO TRABALHO SENTIDO BOA VIAGEM,SANTO AMARO,ABALROAMENTO LONGITUDINAL,COLISAO ENTRE AUTO E MOTO COM VITIMA,1,1,,,,,,,,1,,,CIDADE,Longo da via,Bom,Sem defeito,Perfeito estado,Seca,Perfeito estado,Faixa de pedestre,Placas Dê a preferência,60 km/h,Dupla,Canteiro central,,,,
2018-11-22,20:02:00,COM VÍTIMA,FINALIZADA,AREIAS,RUA DR VILAS BOAS,3,530,,E/F AO EDF ECO VILE / PRÓX AO ANTIGO CARTÓRIO ELEITORAL DE AREIAS,RUA DR VILAS BOAS,530,E/F AO EDF ECO VILE / PRÓX AO ANTIGO CARTÓRIO ELEITORAL DE AREIAS,AREIAS,ABALROAMENTO TRANSVERSAL,ENTRE AUTO E MOTO. C/V,1,1,,,,,,,,1,,,CIDADE,Longo da via,Bom,Não existe,Ilegível,Seca,Perfeito estado,Não existe,Placas Dê a preferência,,Dupla,Não existe,,,,
2018-11-23,10:48:00,COM VÍTIMA,FINALIZADA,SANTO AMARO,AV GOVERNADOR AGAMENON MAGALHAES,0,,,EM FRENTE AO MINISTERIO DO TRABALHO,AV GOVERNADOR AGAMENON MAGALHAES,,EM FRENTE AO MINISTERIO DO TRABALHO,SANTO AMARO,ABALROAMENTO LONGITUDINAL,COLISÃO COM VITIMAS SOCORRIDAS PELOS BOMBEIROS,1,1,,,,,,,,2,,108,CIDADE,Longo da via,Bom,Sem defeito,Perfeito estado,Seca,Perfeito estado,Faixa de pedestre,R-19,60 km/h,Dupla,Canal,,,,
2018-11-23,12:43:00,COM VÍTIMA,FINALIZADA,MADALENA,AV BEIRA RIO,4,1219,RUA CLOVIS BEVILAQUA,ANTES DA PONTE E/F A PRAÇA DOMINGOS GIOVANETTI E AS BICICLETAS DO ITAU,AV BEIRA RIO,1219,ANTES DA PONTE E/F A PRAÇA DOMINGOS GIOVANETTI E AS BICICLETAS DO ITAU,MADALENA,ABALROAMENTO LONGITUDINAL,COLISAO ENTRE AUTO E MOTO COM UMA VITIMA,1,1,,,,,,,,1,,,CIDADE,Longo da via,Bom,Não existe,Perfeito estado,Seca,Perfeito estado,Outros,Outras,,Dupla,Faixa,,,,
2018-11-23,17:15:00,COM VÍTIMA,FINALIZADA,MADALENA,RUA JOSE OSORIO,0,,AV VISCONDE DE ALBUQUERQUE,,RUA JOSE OSORIO,,,MADALENA,ABALROAMENTO LONGITUDINAL,AUTO E MOTO C/V,1,1,,,,,,,,1,,50,SUBURBIO,Cruzamento,Bom,Sem defeito,Perfeito estado,Seca,Perfeito estado,Faixa de retenção,R-6a,50 km/h,Única,Faixa,,,,
2018-11-23,17:48:00,COM VÍTIMA,FINALIZADA,ILHA DO LEITE,AV GOVERNADOR AGAMENON MAGALHAES,4,4575,,E/F AO HOSPITAL PORTUGUES PISTA LOCAL S/T OLINDA  EMPRESARIAL NASSAU,AV GOVERNADOR AGAMENON MAGALHAES,4575,E/F AO HOSPITAL PORTUGUES PISTA LOCAL S/T OLINDA  EMPRESARIAL NASSAU,ILHA DO LEITE,COLISÃO TRASEIRA,COLISAO ENTRE DUAS MOTOS E DOIS AUTOS E UM CAMINHAO GM NO LOCAL,3,2,,,,,1,,,2,,,SUBURBIO,Longo da via,Bom,Sem defeito,Perfeito estado,Seca,Perfeito estado,Outros,Outras,60 km/h,Dupla,Faixa,,,,
2018-11-23,18:20:00,COM VÍTIMA,FINALIZADA,TEJIPIO,AV LIBERDADE,3,743,,ENF A IGREJA BIBLICA LIBERDADE,AV LIBERDADE,743,ENF A IGREJA BIBLICA LIBERDADE,TEJIPIÓ,ABALROAMENTO TRANSVERSAL,AUTO E MOTO,1,1,,,,,,,,1,,,SUBURBIO,Longo da via,Bom,Não existe,Perfeito estado,Seca,Mal iluminada,Não existe,Não há placas,,Dupla,Faixa contínua,,,,
2018-11-23,18:25:00,COM VÍTIMA,FINALIZADA,BOA VISTA,AV CONDE DA BOA VISTA,0,,,ENF A FACULDADE SAO MIGUEL,AV CONDE DA BOA VISTA,,ENF A FACULDADE SAO MIGUEL,BOA VISTA,COLISÃO COM CICLISTA,MOTO X CICLISTA,,1,,1,,,,,,2,,,SUBURBIO,Longo da via,Bom,Não existe,Perfeito estado,Seca,Perfeito estado,Não existe,Não há placas,,Dupla,Faixa,,,,
2018-11-23,19:25:00,COM VÍTIMA,FINALIZADA,SAO JOSE,AV DANTAS BARRETO,0,,,PRÓX AO BRADESCO / E/F AO EDF SÃO RAFAEL  SNT CENTRO,AV DANTAS BARRETO,,PRÓX AO BRADESCO / E/F AO EDF SÃO RAFAEL  SNT CENTRO,SÃO JOSÉ,ATROPELAMENTO,ENTRE ÕNIBUS E PEDTRES. C/V,,,,,1,1,,,,1,,54,SUBURBIO,Cruzamento,Bom,Sem defeito,Perfeito estado,Seca,Perfeito estado,Faixa de pedestre,Outras,,Dupla,Faixa,,,,
2018-11-24,03:08:00,COM VÍTIMA,FINALIZADA,SANTO AMARO,AV GOVERNADOR AGAMENON MAGALHAES,0,,,EM FRENTE AO 13º BATALHÃO  SENTIDO OLINDA // PRÓX AO POSTO DISLUB,AV GOVERNADOR AGAMENON MAGALHAES,,EM FRENTE AO 13º BATALHÃO  SENTIDO OLINDA // PRÓX AO POSTO DISLUB,SANTO AMARO,ATROPELAMENTO,ATROPELAMENTO DE CICLISTA. COM VÍTIMA.,1,,,,1,,,,,1,,378,SUBURBIO,Longo da via,Chuvoso,Sem defeito,Perfeito estado,Molhada,Perfeito estado,Faixa de pedestre,,60 km/h,Única,Faixa seccionada,,,,
2018-11-24,16:06:00,COM VÍTIMA,FINALIZADA,CAJUEIRO,AV CIDADE DE MONTEIRO,0,,,NA FRENTE DO ARMAZEM CORAL,AV CIDADE DE MONTEIRO,,NA FRENTE DO ARMAZEM CORAL,CAJUEIRO,ABALROAMENTO TRANSVERSAL,COLISÃO COM VITIMA  NO LOCAL AGUARDANDO ATENDIMENTO,1,1,,,,,,,,2,,,CIDADE,Longo da via,Chuvoso,Não existe,Incompleta,Molhada,Perfeito estado,Não existe,Outras,,Dupla,Outros,,,,
2018-11-24,22:49:00,COM VÍTIMA,FINALIZADA,ARRUDA,RUA DO MACHADO,3,886,RUA GUARUJA,PROX A VIVA LANCHE,RUA DO MACHADO,886,PROX A VIVA LANCHE,ARRUDA,ABALROAMENTO TRANSVERSAL,MOTO X MOTO,,2,,,,,,,,1,,,SUBURBIO,Cruzamento,Bom,Não existe,Perfeito estado,Seca,Perfeito estado,Outros,Placas Pare,,Dupla,Faixa,,,,
2018-11-24,23:05:00,COM VÍTIMA,FINALIZADA,BOA VIAGEM,AV ENGENHEIRO DOMINGOS FERREIRA,0,,RUA ERNESTO DE PAULA SANTOS,PROX A EXTRAFARMA,AV ENGENHEIRO DOMINGOS FERREIRA,,PROX A EXTRAFARMA,BOA VIAGEM,ABALROAMENTO TRANSVERSAL,FAIT BRANCO X YAMARA MOTO,1,1,,,,,,,,1,,217,SUBURBIO,Cruzamento,Bom,Sem defeito,Perfeito estado,Seca,Perfeito estado,Faixa de pedestre,Outras,60 km/h,Única,Faixa contínua,,,,
2018-11-24,23:20:00,COM VÍTIMA,FINALIZADA,PINA,RUA MANOEL DE BRITO,3,S/N,AV CONSUL JOSEPH NOUJAIM,PROX AO SHOPPING RIO MAR E AO 19 BATALHAO,RUA MANOEL DE BRITO,S/N,PROX AO SHOPPING RIO MAR E AO 19 BATALHAO,PINA,COLISÃO TRASEIRA,FAIT MOB X MOTO,1,1,,,,,,,,1,,659,CIDADE,Cruzamento,Bom,Sem defeito,Perfeito estado,Seca,Perfeito estado,Faixa de pedestre,R-6a,,Única,Faixa,,,,
2018-11-25,00:52:00,COM VÍTIMA,FINALIZADA,CASA AMARELA,AV DR EURICO CHAVES,0,,,EM FRENTE AO RESTAURANTE MÃO DE VACA DO BETO // PRÓX A FARMÁCIA MANDACARÚ,AV DR EURICO CHAVES,,EM FRENTE AO RESTAURANTE MÃO DE VACA DO BETO // PRÓX A FARMÁCIA MANDACARÚ,CASA AMARELA,COLISÃO COM CICLISTA,COLISÃO ENTRE AUTO E CICLISTA  COM VÍTIMA.,1,,,1,,,,,,1,,,,Longo da via,Bom,Sem defeito,Perfeito estado,Seca,Perfeito estado,Outros,Outras,,Dupla,Faixa,,,,
2018-11-25,02:56:00,COM VÍTIMA,FINALIZADA,AFOGADOS,AV SUL,0,,,CAIXA ECONÔMICA FEDERAL / POSTE 4016395,AV SUL,,CAIXA ECONÔMICA FEDERAL / POSTE 4016395,AFOGADOS,ATROPELAMENTO,ATROPELAMENTO DE PEDESTRE,1,,,,1,,,,,1,,,CIDADE,Longo da via,Bom,Não existe,Incompleta,Seca,Mal iluminada,Não existe,Outras,40 km/h,Única,Faixa,,,,
2018-11-25,04:52:00,COM VÍTIMA,FINALIZADA,IMBIRIBEIRA,AV MARECHAL MASCARENHAS DE MORAES,0,,RUA PAMPULHA,PROXIMO A EUROVIA E FERREIRA COSTA,AV MARECHAL MASCARENHAS DE MORAES,,PROXIMO A EUROVIA E FERREIRA COSTA,IMBIRIBEIRA,COLISÃO TRASEIRA,COLISÃO ENTRE DOIS AUTO,2,,,,,,,,,1,,534,CIDADE,Cruzamento,Bom,Sem defeito,Perfeito estado,Seca,Perfeito estado,Faixa de pedestre,Outras,60 km/h,Dupla,Canteiro central,,,,
2018-11-25,08:53:00,COM VÍTIMA,FINALIZADA,TEJIPIO,RUA FALCAO DE LACERDA,3,181,,E/F A IGREJA PRESBITERIANA DE TEJIPIÓ  SENTIDO JABOATÃO,RUA FALCAO DE LACERDA,181,E/F A IGREJA PRESBITERIANA DE TEJIPIÓ  SENTIDO JABOATÃO,TEJIPIÓ,ABALROAMENTO LONGITUDINAL,COM DUAS VÍTIMAS,1,1,,,,,,,,2,,,SUBURBIO,Longo da via,Bom,Não existe,Perfeito estado,Seca,Perfeito estado,Não existe,Não há placas,40 km/h,Dupla,Faixa contínua,,,,
2018-11-25,10:07:00,COM VÍTIMA,FINALIZADA,PINA,AV HERCULANO BANDEIRA,0,,,SENT BOA VIAGEM,AV HERCULANO BANDEIRA,,SENT BOA VIAGEM,PINA,COLISÃO TRASEIRA,CINQUENTINHA / AUTO,1,,1,,,,,,,1,,657,CIDADE,Longo da via,Bom,Sem defeito,Perfeito estado,Seca,Perfeito estado,Outros,Outras,,Única,Faixa,,,,
2018-11-25,12:17:00,COM VÍTIMA,FINALIZADA,SAN MARTIN,AV GENERAL SAN MARTIN,4,1208,,EM FRENTE AO COMPAZ,AV GENERAL SAN MARTIN,1208,EM FRENTE AO COMPAZ,SAN MARTIN,ABALROAMENTO LONGITUDINAL,AUTO E MOTO,1,1,,,,,,,,1,,,SUBURBIO,Longo da via,Bom,Não existe,Perfeito estado,Seca,Perfeito estado,Não existe,R-6a,40 km/h,Dupla,Faixa,,,,
2018-11-25,13:01:00,COM VÍTIMA,FINALIZADA,IMBIRIBEIRA,AV MARECHAL MASCARENHAS DE MORAES,4,4080,,EM FRENTE A VENEZA MATERIAL DE CONSTRUÇÃO,AV MARECHAL MASCARENHAS DE MORAES,4080,EM FRENTE A VENEZA MATERIAL DE CONSTRUÇÃO,IMBIRIBEIRA,ABALROAMENTO LONGITUDINAL,SEM VITIMA ENVOLVENDO 2 AUTOS,2,,,,,,,,,2,,310,SUBURBIO,Longo da via,Bom,Sem defeito,Perfeito estado,Seca,Perfeito estado,Faixa de pedestre,Outras,60 km/h,Única,Faixa seccionada,,,,
2018-11-25,17:59:00,COM VÍTIMA,FINALIZADA,SANCHO,AV LIBERDADE,0,,,EM FRENTE AO PRESÍDIO MARCELO FRANCISCO DE ARAÚJO,AV LIBERDADE,,EM FRENTE AO PRESÍDIO MARCELO FRANCISCO DE ARAÚJO,SANCHO,ATROPELAMENTO,ONIBUS E PEDESTRE,,,,,1,1,,,,1,,,SUBURBIO,Longo da via,Bom,Não existe,Incompleta,Seca,Mal iluminada,Não existe,Não há placas,40 km/h,Dupla,Faixa contínua,,,,
2018-11-25,18:06:00,COM VÍTIMA,FINALIZADA,VASCO DA GAMA,AV NORTE,0,,RUA TEIXEIRA,PIZZARIA PASSIRA AO LADO,AV NORTE,,PIZZARIA PASSIRA AO LADO,VASCO DA GAMA,ABALROAMENTO LONGITUDINAL,COLISÃO COM VITIMA   VITIMA AGUARDANDO ATENDIMENTO,1,2,,,,,,,,1,,66,CIDADE,Longo da via,Bom,Sem defeito,Perfeito estado,Seca,Perfeito estado,,Não há placas,60 km/h,Dupla,Canteiro central,,,,
2018-11-26,07:49:00,COM VÍTIMA,FINALIZADA,SANTO AMARO,AV GOVERNADOR AGAMENON MAGALHAES,0,,,SOBRE O VIADUTO INDEPENDÊNCIA,AV GOVERNADOR AGAMENON MAGALHAES,,SOBRE O VIADUTO INDEPENDÊNCIA,SANTO AMARO,ABALROAMENTO LONGITUDINAL,COLISÃO COM VITIMA A ESPERA DO SAMU,2,1,,,,,,,,1,,,CIDADE,Viaduto,Bom,Não existe,Perfeito estado,Seca,Perfeito estado,Outros,Outras,60 km/h,Dupla,Canteiro central,,,,
2018-11-26,08:14:00,COM VÍTIMA,FINALIZADA,SANTO AMARO,AV GOVERNADOR AGAMENON MAGALHAES,3,261,,LADO OPOSTO AO POSTO DISLUB,AV GOVERNADOR AGAMENON MAGALHAES,261,LADO OPOSTO AO POSTO DISLUB,SANTO AMARO,ABALROAMENTO LONGITUDINAL,TRES AUTOS PASSEIO DE DUAS MOTOS,3,2,,,,,,,,1,,,BOA VIAGEM,Longo da via,Bom,Não existe,Perfeito estado,Seca,Perfeito estado,Não existe,Outras,60 km/h,Dupla,Canteiro central,,,,
2018-11-26,08:34:00,COM VÍTIMA,FINALIZADA,TORRE,RUA REAL DA TORRE,4,1199,,ENTRE O EXTRABOM E O RESTAURANTE BOI NO BAFO,RUA REAL DA TORRE,1199,ENTRE O EXTRABOM E O RESTAURANTE BOI NO BAFO,TORRE,COLISÃO TRASEIRA,AUTO E MOTO,1,1,,,,,,,,1,,,,Longo da via,Bom,Não existe,Perfeito estado,Seca,Perfeito estado,Não existe,R-6a,,Única,Faixa seccionada,,,,
2018-11-26,10:47:00,COM VÍTIMA,FINALIZADA,AFOGADOS,RUA COSME VIANA,3,135,RUA ALFREDO DUARTE FILHO,,RUA COSME VIANA,135,,AFOGADOS,ABALROAMENTO LONGITUDINAL,COM VITIMA,,1,,,,,,,,1,,430,SUBURBIO,Cruzamento,Bom,Sem defeito,Perfeito estado,Seca,,Não existe,Placas Pare,,Dupla,Outros,,,,
2018-11-26,12:23:00,COM VÍTIMA,FINALIZADA,CORDEIRO,AV GENERAL SAN MARTIN,3,348,,APÓS O HOSPITAL GETÚLIO VARGAS,AV GENERAL SAN MARTIN,348,APÓS O HOSPITAL GETÚLIO VARGAS,CORDEIRO,ABALROAMENTO TRANSVERSAL,COLISÃO COM UMA VÍTIMA,1,1,,,,,,,,1,,,CIDADE,Longo da via,Nublado,Sem defeito,Perfeito estado,Molhada,Perfeito estado,Faixa de pedestre,R-6a,,Dupla,Faixa,,,,
2018-11-26,15:27:00,COM VÍTIMA,FINALIZADA,TAMARINEIRA,EST VELHA DE AGUA FRIA,3,637,,,EST VELHA DE AGUA FRIA,637,,TAMARINEIRA,ABALROAMENTO LONGITUDINAL,AUTO E MOTO  COM VÍTIMA.,1,1,,,,,,,,1,,,SUBURBIO,Longo da via,Bom,Não existe,Perfeito estado,Seca,Perfeito estado,Não existe,Não há placas,40 km/h,Dupla,Faixa contínua,,,,
2018-11-26,18:51:00,COM VÍTIMA,FINALIZADA,VASCO DA GAMA,AV NORTE,4,6140,RUA AVIADOR PINTO RIBEIRO,ENF AO DESKONTAO,AV NORTE,6140,ENF AO DESKONTAO,VASCO DA GAMA,COLISÃO COM CICLISTA,RENO X CICLISTA,1,,,1,,,,,,1,,,SUBURBIO,Longo da via,Bom,Não existe,Perfeito estado,Seca,Perfeito estado,Faixa de pedestre,Outras,,Única,Faixa seccionada,,,,
2018-11-26,20:59:00,COM VÍTIMA,FINALIZADA,BOA VIAGEM,RUA PROFESSOR JOAO MEDEIROS,3,S/N,RUA DR RAUL LAFAYETTE,GALERIA UNIVERSAL / ACADEMIA R2,RUA PROFESSOR JOAO MEDEIROS,S/N,GALERIA UNIVERSAL / ACADEMIA R2,BOA VIAGEM,COLISÃO TRASEIRA,COLISÃO COM VITIMA,,,1,,,1,,,,1,,,CIDADE,Longo da via,Chuvoso,Não existe,,Molhada,Mal iluminada,Não existe,Não há placas,,Única,Faixa seccionada,,,,
2018-11-27,09:50:00,COM VÍTIMA,FINALIZADA,BOA VIAGEM,AV BOA VIAGEM,4,2334,,E/F AO EDF CATAMARÃ,AV BOA VIAGEM,2334,E/F AO EDF CATAMARÃ,BOA VIAGEM,COLISÃO TRASEIRA,COM UMA VÍTIMA,1,1,,,,,,,,1,,,CIDADE,Longo da via,Chuvoso,Não existe,Ilegível,Molhada,Mal conservada,Não existe,Não há placas,,Única,Faixa seccionada,,,,
2018-11-27,11:30:00,COM VÍTIMA,FINALIZADA,JIQUIA,AV DR JOSE RUFINO,4,2113,,LADO OPOSTO AO POSTO IPIRANGA,AV DR JOSE RUFINO,2113,LADO OPOSTO AO POSTO IPIRANGA,JIQUIÁ,ABALROAMENTO LONGITUDINAL,COLISÃO ENTRE AUTO  MOTO E MOTONETA,1,1,1,,,,,,,1,,,CIDADE,Longo da via,Bom,Não existe,Perfeito estado,Seca,Perfeito estado,Não existe,Outras,,Dupla,Faixa contínua,,,,
2018-11-27,13:27:00,COM VÍTIMA,FINALIZADA,CAMPO GRANDE,RUA PROFESSOR FRANCISCO DA TRINDADE,0,,,ANTES DO CLUBE DAS PÁS NO FNAL DA RUA,RUA PROFESSOR FRANCISCO DA TRINDADE,,ANTES DO CLUBE DAS PÁS NO FNAL DA RUA,CAMPO GRANDE,ABALROAMENTO LONGITUDINAL,COLISÃO ENTRE AUTO  MOTO E CAMINHÃO.,1,1,,,,,1,,,2,,,,Longo da via,Bom,,Perfeito estado,Seca,Perfeito estado,Não existe,Não há placas,,Dupla,Faixa,,,,
2018-11-27,18:19:00,COM VÍTIMA,FINALIZADA,AFOGADOS,RUA JOAO IVO DA SILVA,0,,,FIORI,RUA JOAO IVO DA SILVA,,FIORI,AFOGADOS,COLISÃO TRASEIRA,COLISÃO COM VITIMA/ AGUARDANDO ATENDIMENTO NO LOCAL,1,1,,,,,,,,1,,,SUBURBIO,Longo da via,Bom,Não existe,Incompleta,Seca,Mal iluminada,Não existe,Outras,,Única,Faixa seccionada,,,,
2018-11-27,22:30:00,COM VÍTIMA,FINALIZADA,JARDIM SAO PAULO,RUA LEANDRO BARRETO,0,,RUA LORENA,POSTO DA CELPE Nº B07160D,RUA LEANDRO BARRETO,,POSTO DA CELPE Nº B07160D,JARDIM SÃO PAULO,COLISÃO COM CICLISTA,ONIBUS X CICLISTA,,,,1,,1,,,,1,,,SUBURBIO,Longo da via,Bom,Não existe,Ilegível,Seca,Mal iluminada,Não existe,Não há placas,30 km/h,Dupla,Canteiro central,,,,