data,hora,natureza_acidente,situacao,bairro,endereco,,numero,detalhe_endereco_acidente,complemento,endereco_cruzamento,numero_cruzamento,referencia_cruzamento,bairro_cruzamento,tipo,descricao,auto,moto,ciclom,ciclista,pedestre,onibus,caminhao,viatura,outros,vitimas,vitimasfatais,num_semaforo,sentido_via,acidente_verificado,tempo_clima,situacao_semaforo,sinalizacao,condicao_via,conservacao_via,ponto_controle,situacao_placa,velocidade_max_via,mao_direcao,divisao_via1,divisao_via2,divisao_via3,_id,Protocolo
2018-11-28,10:55:00,COM VÍTIMA,FINALIZADA,ESTANCIA,AV DR JOSE RUFINO,4,2059,,EM FRENTE AO POSTO DE GASOLINA IPIRANGA,AV DR JOSE RUFINO,2059,EM FRENTE AO POSTO DE GASOLINA IPIRANGA,ESTÂNCIA,COLISÃO FRONTAL,COLISÃO COM VITIMA A ESPERA DO SAMU,1,1,,,,,,,,1,,,SUBURBIO,Longo da via,Bom,Sem defeito,Perfeito estado,Seca,Perfeito estado,Faixa de pedestre,,,Dupla,Faixa,,,,
2018-11-28,16:27:00,COM VÍTIMA,FINALIZADA,BOA VIAGEM,RUA VISCONDE DE JEQUITINHONHA,3,455,,,RUA VISCONDE DE JEQUITINHONHA,455,,BOA VIAGEM,COLISÃO TRASEIRA,COLISAO ENTRE DOIS AUTOS S/V,1,,,,,,1,,,1,,,SUBURBIO,Longo da via,Bom,Não existe,,Seca,Perfeito estado,Não existe,Outras,60 km/h,Única,Canteiro central,,,,
2018-11-28,18:04:00,COM VÍTIMA,FINALIZADA,PINA,AV ANTONIO DE GOES,0,,,EM FRENTE AO DPRF,AV ANTONIO DE GOES,,EM FRENTE AO DPRF,PINA,COLISÃO TRASEIRA,COLISÃO ENTRE DUAS MOTOCICLETAS COM VÍTIMAS,,2,,,,,,,,1,,,CIDADE,Longo da via,Bom,Não existe,Perfeito estado,Seca,Perfeito estado,,Não há placas,,Única,Canteiro central,,,,
2018-11-28,18:07:00,COM VÍTIMA,FINALIZADA,BOA VIAGEM,RUA VISCONDE DE JEQUITINHONHA,0,,,POR TRÁS DO EDF. MAR MEDITERRÂNEO,RUA VISCONDE DE JEQUITINHONHA,,POR TRÁS DO EDF. MAR MEDITERRÂNEO,BOA VIAGEM,CAPOTAMENTO,AUTO,1,,,,,,,,,1,,,SUBURBIO,Longo da via,Bom,Não existe,Não existente,Seca,Perfeito estado,Não existe,Não há placas,,Única,Canteiro central,,,,
2018-11-28,18:15:00,COM VÍTIMA,FINALIZADA,TORRE,AV BEIRA RIO,0,,,RUA MARCOS ANDRE,AV BEIRA RIO,,RUA MARCOS ANDRE,TORRE,ABALROAMENTO TRANSVERSAL,COROLA X BROSS,1,1,,,,,,,,1,,,SUBURBIO,Longo da via,Bom,Não existe,Perfeito estado,Seca,Perfeito estado,Não existe,Não há placas,,Dupla,Faixa contínua,,,,
2018-11-28,20:08:00,COM VÍTIMA,FINALIZADA,SAO JOSE,RUA DO PEIXOTO,3,874,RUA DA CONCORDIA,EM FRENTE À CAMPOSFRIO REFRIGERAÇÃO,RUA DO PEIXOTO,874,EM FRENTE À CAMPOSFRIO REFRIGERAÇÃO,SÃO JOSÉ,COLISÃO COM CICLISTA,ÔNIBUS X CICLISTA,,,,1,,1,,,,1,,182,SUBURBIO,Cruzamento,Bom,Sem defeito,Perfeito estado,Seca,Perfeito estado,,R-6a,,Única,Não existe,,,,
2018-11-29,08:33:00,COM VÍTIMA,FINALIZADA,ILHA DO LEITE,AV GOVERNADOR AGAMENON MAGALHAES,0,,,EM FRNTE AO HOSPITAL PORTUGUES,AV GOVERNADOR AGAMENON MAGALHAES,,EM FRNTE AO HOSPITAL PORTUGUES,ILHA DO LEITE,ABALROAMENTO LONGITUDINAL,COM UMA VITIMA AGUARDANDO SAMU,1,1,,,,,,,,1,,69,CIDADE,Longo da via,Bom,Sem defeito,Perfeito estado,Seca,Perfeito estado,Outros,Outras,60 km/h,Dupla,Canteiro central,,,,
2018-11-29,13:54:00,COM VÍTIMA,FINALIZADA,CASA AMARELA,AV NORTE,4,5795,,AO LADO DA PARADA DE ÔNIBUS NÚMERO 110044.,AV NORTE,5795,AO LADO DA PARADA DE ÔNIBUS NÚMERO 110044.,CASA AMARELA,ATROPELAMENTO,COM VÍTIMA,,1,,,1,,,,,1,,95,SUBURBIO,Longo da via,Bom,Não existe,Perfeito estado,Seca,Perfeito estado,Não existe,Outras,,Dupla,Faixa seccionada,,,,
2018-11-29,14:52:00,COM VÍTIMA,FINALIZADA,COQUEIRAL,RUA PAULINO DE FARIAS,3,504,RUA ESCADA,PROXIMO A ESCOLA MORANGUINHO,RUA PAULINO DE FARIAS,504,PROXIMO A ESCOLA MORANGUINHO,COQUEIRAL,COLISÃO FRONTAL,COLISÃO COM VÍTIMA,1,1,,,,,,,,1,,,CIDADE,Cruzamento,Bom,Não existe,Incompleta,Seca,Perfeito estado,Outros,Outras,,Dupla,Não existe,,,,
2018-11-29,20:08:00,COM VÍTIMA,FINALIZADA,TORREAO,AV NORTE,0,,RUA GUADALUPE,,AV NORTE,,,TORREÃO,ABALROAMENTO TRANSVERSAL,PROXIMO A PRAÇA DA PICANHA,1,1,,,,,,,,1,,376,CIDADE,Cruzamento,Bom,Sem defeito,Perfeito estado,Seca,Perfeito estado,,Outras,,Dupla,Canteiro central,,,,
2018-11-30,03:50:00,COM VÍTIMA,FINALIZADA,PINA,AV HERCULANO BANDEIRA,0,,RUA ARQUITETO AUGUSTO REINALDO,EM FRENTE AO CONSULADO AMERICANO // PRÓX AO ATACADO DA CONSTRUÇÃO,AV HERCULANO BANDEIRA,,EM FRENTE AO CONSULADO AMERICANO // PRÓX AO ATACADO DA CONSTRUÇÃO,PINA,ABALROAMENTO TRANSVERSAL,COLISÃO ENTRE DOIS AUTOS  COM UMA VÍTIMA.,2,,,,,,,,,1,,660,SUBURBIO,Cruzamento,Bom,Intermitente,Perfeito estado,Seca,Perfeito estado,Faixa de pedestre,R-6a,,Única,Faixa,,,,
2018-11-30,04:15:00,COM VÍTIMA,FINALIZADA,VARZEA,AV AFONSO OLINDENSE,3,996,RUA JOSE NOYA,EM FRENTE A FARMACIA UNIÃO  PROX DO KIPREÇO MERCADO  PROX DA LOMBADA ELETRÔNICA,AV AFONSO OLINDENSE,996,EM FRENTE A FARMACIA UNIÃO  PROX DO KIPREÇO MERCADO  PROX DA LOMBADA ELETRÔNICA,VÁRZEA,ABALROAMENTO TRANSVERSAL,COLISÃO ENTRE ÔNIBUS E AUTO C/V,1,,,,,1,,,,1,,,SUBURBIO,Cruzamento,Bom,Não existe,Perfeito estado,Seca,Perfeito estado,Não existe,Não há placas,,Dupla,Faixa,,,,
2018-11-30,06:52:00,COM VÍTIMA,FINALIZADA,IMBIRIBEIRA,AV MARECHAL MASCARENHAS DE MORAES,4,1482,,E/F A LAZER ELETRO.,AV MARECHAL MASCARENHAS DE MORAES,1482,E/F A LAZER ELETRO.,IMBIRIBEIRA,COLISÃO TRASEIRA,COM DUAS VÍTIMAS.,1,1,,,,,,,,2,,287,CIDADE,Longo da via,Bom,Sem defeito,Perfeito estado,Seca,Perfeito estado,Não existe,Outras,60 km/h,Dupla,Faixa,,,,
2018-11-30,13:07:00,COM VÍTIMA,FINALIZADA,ENCRUZILHADA,RUA PROFESSOR OTAVIO DE FREITAS,3,256,,EM FRENTE AO Nº 256,RUA PROFESSOR OTAVIO DE FREITAS,256,EM FRENTE AO Nº 256,ENCRUZILHADA,ABALROAMENTO LONGITUDINAL,COLISAO ENTRE AUTO E MOTO COM UMA VITIMA,1,,1,,,,,,,1,,,,Longo da via,Bom,Não existe,Não existente,Seca,Perfeito estado,Não existe,Não há placas,,Dupla,Não existe,,,,
2018-11-30,13:08:00,COM VÍTIMA,FINALIZADA,VARZEA,RUA PROFESSOR ANTONIO COELHO,3,495,RUA MARECHAL RONDON,EM FRENTE AO COLÉGIO PONTUAL,RUA PROFESSOR ANTONIO COELHO,495,EM FRENTE AO COLÉGIO PONTUAL,VÁRZEA,ABALROAMENTO TRANSVERSAL,MOTO X TOYOTA X VT 21 DA CTTUNO LOCAL,1,1,,,,,,,,1,,,SUBURBIO,Cruzamento,Bom,Não existe,Não existente,Seca,Perfeito estado,,Não há placas,,Dupla,Não existe,,,,
2018-11-30,16:56:00,COM VÍTIMA,FINALIZADA,CIDADE UNIVERSITARIA,AV CAXANGA,0,,,AO LADO DO TERMINAL INTEGRADO,AV CAXANGA,,AO LADO DO TERMINAL INTEGRADO,CIDADE UNIVERSITÁRIA,ABALROAMENTO LONGITUDINAL,COLISÃO COM VITIMA. SEGUNDO VEÍCULO EVADIU-SE DO LOCAL DO ACIDDNTE  SEGUNDO POPULARES.,1,1,,,,,,,,1,,270,CIDADE,Longo da via,Bom,Sem defeito,Perfeito estado,Seca,Outros,Faixa de pedestre,R-6a,,Dupla,Canteiro central,,,,
2018-11-30,18:24:00,COM VÍTIMA,FINALIZADA,SAN MARTIN,AV GENERAL SAN MARTIN,3,134,RUA FLORA RICA,PROXA ESCOLA ADVENTISTA,AV GENERAL SAN MARTIN,134,PROXA ESCOLA ADVENTISTA,SAN MARTIN,ABALROAMENTO TRANSVERSAL,FAIT X MOTO,1,1,,,,,,,,1,,371,CIDADE,Cruzamento,Bom,Não existe,Perfeito estado,Seca,Perfeito estado,,Placas Pare,40 km/h,Dupla,Faixa contínua,,,,
2018-12-01,03:25:00,COM VÍTIMA,FINALIZADA,DOIS UNIDOS,RUA DIVISOPOLIS,2,21,,PRÓX A QUADRA DO ALTO DO CAPITÃO // PRÓX AO TERMINAL DE ÔNIBUS,RUA DIVISOPOLIS,21,PRÓX A QUADRA DO ALTO DO CAPITÃO // PRÓX AO TERMINAL DE ÔNIBUS,DOIS UNIDOS,COLISÃO FRONTAL,COLISÃO ENTRE ÔNIBUS E MOTO,,1,,,,1,,,,1,,,SUBURBIO,Longo da via,Bom,Não existe,Incompleta,Seca,Perfeito estado,Não existe,Não há placas,30 km/h,Dupla,Não existe,,,,
2018-12-01,09:24:00,COM VÍTIMA,FINALIZADA,VASCO DA GAMA,RUA VASCO DA GAMA,4,1296,RUA VILA UM POR TODOS,EM FRENTE A DELEGACIA DO VASCO DA GAMA,RUA VASCO DA GAMA,1296,EM FRENTE A DELEGACIA DO VASCO DA GAMA,VASCO DA GAMA,ABALROAMENTO TRANSVERSAL,COLISÃO COM VITIMA A ESPERA DO SAMU,1,1,,,,,,,,1,,,CIDADE,Longo da via,Bom,Não existe,Não existente,Seca,Perfeito estado,,R-6a,,Dupla,,,,,
2018-12-01,13:34:00,COM VÍTIMA,FINALIZADA,BOA VIAGEM,AV ENGENHEIRO DOMINGOS FERREIRA,2,40,,EM FRENTE AO ARMAZÉM BEIRA MAR,AV ENGENHEIRO DOMINGOS FERREIRA,40,EM FRENTE AO ARMAZÉM BEIRA MAR,BOA VIAGEM,ABALROAMENTO LONGITUDINAL,MOTO X AUTO,1,1,,,,,,,,1,,,SUBURBIO,Longo da via,Bom,Não existe,Perfeito estado,Seca,Perfeito estado,,Outras,60 km/h,Única,Faixa,,,,
2018-12-01,15:34:00,COM VÍTIMA,FINALIZADA,BOA VISTA,AV CONDE DA BOA VISTA,0,,,PRÓXIMO A RUA DA SOLEDADE,AV CONDE DA BOA VISTA,,PRÓXIMO A RUA DA SOLEDADE,BOA VISTA,ACID. DE PERCURSO,SEGUNDO INFORMAÇÃO DO AGENTE CTTU A VÍTIMA VINHA SURFANDO NO ONIBUS E CAIU NA VIA  ONIBUS NÃO IDENTIFIICADO,,,,,,1,,,,1,,,SUBURBIO,Longo da via,Bom,Não existe,Perfeito estado,Seca,Perfeito estado,Não existe,Não há placas,,Única,Faixa,,,,
2018-12-01,16:22:00,COM VÍTIMA,FINALIZADA,MADALENA,RUA LOPES DE CARVALHO,2,73,,PROX. AO RESTAURANTE JIN SAN,RUA LOPES DE CARVALHO,73,PROX. AO RESTAURANTE JIN SAN,MADALENA,COLISÃO TRASEIRA,AUTOS E MOTO C/V,1,1,,,,,,,,1,,,CIDADE,Longo da via,Bom,Não existe,Não existente,Seca,Perfeito estado,Não existe,Não há placas,,Única,Faixa seccionada,,,,
2018-12-02,01:45:00,COM VÍTIMA,FINALIZADA,MONTEIRO,AV DEZESSETE DE AGOSTO,2,50,,EM FRENTE A PRAÇA DE MONTEIRO,AV DEZESSETE DE AGOSTO,50,EM FRENTE A PRAÇA DE MONTEIRO,MONTEIRO,CHOQUE OBJETO FIXO,VEÍCULO CHOCOU-SE COM UM MURO C/V,1,,,,,,,,,4,,,CIDADE,Longo da via,Bom,Não existe,Perfeito estado,Seca,Perfeito estado,Não existe,Não há placas,60 km/h,Dupla,Faixa contínua,,,,
2018-12-02,06:20:00,COM VÍTIMA,FINALIZADA,PRADO,AV ENGENHEIRO ABDIAS DE CARVALHO,0,,,EM FRENTE A FACULDADE ESTACIO,AV ENGENHEIRO ABDIAS DE CARVALHO,,EM FRENTE A FACULDADE ESTACIO,PRADO,COLISÃO TRASEIRA,COLISÃO EM SEGUIDA DE ATROPELAMENTO VITIMA A ESPERA DO SAMU OBS SOLICITA ETILOMETRO NO LOCAL UM DOS CONDUTORES ENCONTRA SE COM SINTOMAS DE EMBRIAGUEZ,2,,,,1,,,,,1,,,SUBURBIO,Longo da via,Bom,Não existe,Perfeito estado,Seca,Perfeito estado,Outros,R-6a,,Dupla,Canteiro central,,,,
2018-12-02,12:54:00,COM VÍTIMA,FINALIZADA,CASA AMARELA,AV NORTE,4,5147,,ENFRENTE AO REI DA PICANHA,AV NORTE,5147,ENFRENTE AO REI DA PICANHA,CASA AMARELA,ABALROAMENTO LONGITUDINAL,COLISÃO COM VITIMA  ESTA EM ATENDIMENTO DO SAMU,1,1,,,,,,,,1,,,CIDADE,Longo da via,Bom,Não existe,Perfeito estado,Seca,Perfeito estado,,Outras,,Dupla,,,,,
2018-12-02,15:08:00,COM VÍTIMA,FINALIZADA,AFOGADOS,AV SUL,0,,RUA DOUTOR LEONIDAS CRAVO GAMA,NO SEMÁFORO 320  PONTE DE AFOGADOS,AV SUL,,NO SEMÁFORO 320  PONTE DE AFOGADOS,AFOGADOS,ABALROAMENTO TRANSVERSAL,COLISÃO COM VÍTIMA,1,1,,,,,,,,1,,320,CIDADE,Longo da via,Bom,Sem defeito,Perfeito estado,Seca,Perfeito estado,Faixa de retenção,Outras,,Dupla,Faixa seccionada,,Blocos,,
2018-12-02,15:42:00,COM VÍTIMA,FINALIZADA,PRADO,RUA PADRE TEOFILO TWORZ,3,295,RUA SANTA EDWIRGES,EM FRENTE A IGREJA PRESBITERIANA DO PRADO,RUA PADRE TEOFILO TWORZ,295,EM FRENTE A IGREJA PRESBITERIANA DO PRADO,PRADO,ABALROAMENTO TRANSVERSAL,COLISÃO COM VÍTIMA,2,,,,,,,,,2,,,CIDADE,Cruzamento,Bom,Não existe,Perfeito estado,Seca,Perfeito estado,Faixa de retenção,Não há placas,,Dupla,Outros,,,,
2018-12-02,15:45:00,COM VÍTIMA,FINALIZADA,BOA VIAGEM,AV ENGENHEIRO DOMINGOS FERREIRA,4,1187,RUA BALTAZAR PEREIRA,ESCOLA MUNICIPAL MENINO JESUS. CLÍNIA ESPECIALIDADE MÉDICA,AV ENGENHEIRO DOMINGOS FERREIRA,1187,ESCOLA MUNICIPAL MENINO JESUS. CLÍNIA ESPECIALIDADE MÉDICA,BOA VIAGEM,ACID. DE PERCURSO,QUEDA DE MOTOCICLETA - VÍTIMA SOCORRIDA PELOS BOMBEIROS. 2 VÍTIMAS.,,1,,,,,,,,2,,,SUBURBIO,Longo da via,Bom,Sem defeito,Perfeito estado,Seca,Perfeito estado,Não existe,Não há placas,60 km/h,Única,Canteiro central,,Faixa,,
2018-12-03,10:01:00,COM VÍTIMA,FINALIZADA,CAMPO GRANDE,AV PROFESSOR JOSE DOS ANJOS,0,,RUA JERONIMO VILELA,EM FRENTE A ASSEMBLEIA DE DEUS,AV PROFESSOR JOSE DOS ANJOS,,EM FRENTE A ASSEMBLEIA DE DEUS,CAMPO GRANDE,ABALROAMENTO LONGITUDINAL,COM UMA VITIMA SAMU NO LOCAL  CTTU NO LOCAL VT11,1,1,,,,,,,,1,,642,CIDADE,Cruzamento,Bom,Sem defeito,Perfeito estado,Seca,Perfeito estado,Faixa de pedestre,Outras,,Dupla,Canteiro central,,,,
2018-12-03,10:50:00,COM VÍTIMA,FINALIZADA,IMBIRIBEIRA,AV MARECHAL MASCARENHAS DE MORAES,0,,,EM FRENTE AO AEROPORTO E A LOCALIZA,AV MARECHAL MASCARENHAS DE MORAES,,EM FRENTE AO AEROPORTO E A LOCALIZA,IMBIRIBEIRA,ATROPELAMENTO,ATROPELAMENTO EM SEGUIDA DE COLISÃO VITIMA A ESPERA DO SAMU,1,1,,,1,,,,,1,,218,CIDADE,Longo da via,Bom,Sem defeito,Perfeito estado,Seca,Perfeito estado,Não existe,Outras,60 km/h,Dupla,Faixa,,Canteiro central,,
2018-12-03,12:31:00,COM VÍTIMA,FINALIZADA,BOA VISTA,RUA BISPO CARDOSO AYRES,0,,RUA FREI MIGUELINHO,EM FRENTE A FACULDADE ESUDA,RUA BISPO CARDOSO AYRES,,EM FRENTE A FACULDADE ESUDA,BOA VISTA,COLISÃO,COM UMA VITIMA AGUARDANDO SAMU,1,1,,,,,,,,1,,,,,,,,,,,,,,,,,,
2018-12-03,00:00:00,COM VÍTIMA,FINALIZADA,IMBIRIBEIRA,RUA ARQUITETO LUIZ NUNES,3,875,,EM FRENTE A PADARIA MAGIA DOS PÃES  BLUE SERVICE,RUA ARQUITETO LUIZ NUNES,875,EM FRENTE A PADARIA MAGIA DOS PÃES  BLUE SERVICE,IMBIRIBEIRA,ABALROAMENTO TRANSVERSAL,COLISÃO COM VÍTIMA,1,1,,,,,,,,1,,,CIDADE,Longo da via,Bom,Não existe,Perfeito estado,Seca,Perfeito estado,Não existe,Não há placas,40 km/h,Dupla,Faixa contínua,,,,
2018-12-03,12:53:00,COM VÍTIMA,FINALIZADA,AFOGADOS,RUA SAO MIGUEL,0,,,EM FRENTE AO DEPATRI,RUA SAO MIGUEL,,EM FRENTE AO DEPATRI,AFOGADOS,COLISÃO FRONTAL,COM UMA VITIMA SOCORRIDA PELO SAMU/IC NO LOCAL,,1,,,,,,1,,1,,,,Longo da via,Bom,Sem defeito,Perfeito estado,Seca,Perfeito estado,Não existe,Outras,,Dupla,Faixa contínua,,,,
2018-12-03,18:40:00,COM VÍTIMA,FINALIZADA,VARZEA,AV CAXANGA,4,5362,,ENF AO GOLF CLUBE,AV CAXANGA,5362,ENF AO GOLF CLUBE,VÁRZEA,COLISÃO TRASEIRA,ONIBBUS X MOTO,,1,,,,1,,,,1,,,SUBURBIO,Longo da via,Bom,Não existe,Perfeito estado,Seca,Perfeito estado,Não existe,Outras,,Dupla,Canteiro central,,,,
2018-12-03,19:02:00,COM VÍTIMA,FINALIZADA,PRADO,AV ENGENHEIRO ABDIAS DE CARVALHO,3,109,,SEDE DOS CORREIOS,AV ENGENHEIRO ABDIAS DE CARVALHO,109,SEDE DOS CORREIOS,PRADO,ABALROAMENTO LONGITUDINAL,COM VITIMA / AGUARDANDO ATENDIMENTO DO SAMU,,1,,,,1,,,,1,,,SUBURBIO,Longo da via,Bom,Não existe,Perfeito estado,Seca,Perfeito estado,,Outras,,Dupla,Canteiro central,,,,
2018-12-04,02:51:00,VÍTIMA FATAL,FINALIZADA,SANTO ANTONIO,AV DANTAS BARRETO,0,,RUA TOBIAS BARRETO,PROX DO CAMELODROMO  PROX DA GALERIA 910,AV DANTAS BARRETO,,PROX DO CAMELODROMO  PROX DA GALERIA 910,SANTO ANTÔNIO,COLISÃO COM CICLISTA,ATROPELAMENTO ENVOLVENDO ÔNIBUS E PEDESTRE C/V,,,,1,,1,,,,,1,382,SUBURBIO,Esquina,Bom,Sem defeito,Perfeito estado,Seca,Perfeito estado,Outros,Outras,,Dupla,Canteiro central,,,,
2018-12-04,18:43:00,COM VÍTIMA,FINALIZADA,JARDIM SAO PAULO,AV LIBERDADE,3,327,,EM FRENTE AO SUPERMERCADO SUPREMAIS E IGREJA DO AMOR.,AV LIBERDADE,327,EM FRENTE AO SUPERMERCADO SUPREMAIS E IGREJA DO AMOR.,JARDIM SÃO PAULO,ATROPELAMENTO,ATROPELAMENTO DE PEDESTRE.,1,,,,1,,,,,1,,,CIDADE,Longo da via,Bom,Não existe,Não existente,Seca,Perfeito estado,Não existe,R-6a,,Dupla,Faixa contínua,,,,
2018-12-04,18:46:00,COM VÍTIMA,FINALIZADA,SANTO AMARO,AV GOVERNADOR AGAMENON MAGALHAES,0,,,AO LADO DO SHOPPING TACARUNA. ANTIGA FÁBRICA TACARUNA  NA PISTA LOCAL.,AV GOVERNADOR AGAMENON MAGALHAES,,AO LADO DO SHOPPING TACARUNA. ANTIGA FÁBRICA TACARUNA  NA PISTA LOCAL.,SANTO AMARO,ATROPELAMENTO,LOGAN X PEDESTRE,1,,,,1,,,,,1,,,CIDADE,Longo da via,Bom,Não existe,Incompleta,Seca,Mal iluminada,Não existe,Não há placas,,Única,Faixa seccionada,,,,
2018-12-04,19:31:00,COM VÍTIMA,FINALIZADA,BOA VIAGEM,AV BOA VIAGEM,0,,RUA ARTUR MUNIZ,E/F AO RESTAURANTE ALFAIATE // SEGUNDO JARDIM,AV BOA VIAGEM,,E/F AO RESTAURANTE ALFAIATE // SEGUNDO JARDIM,BOA VIAGEM,ABALROAMENTO TRANSVERSAL,FORD K X MOTO,1,1,,,,,,,,1,,,SUBURBIO,Cruzamento,Bom,Não existe,Perfeito estado,Seca,Perfeito estado,Outros,Outras,,Dupla,Faixa,,,,
2018-12-05,10:57:00,COM VÍTIMA,FINALIZADA,ESPINHEIRO,AV JOAO DE BARROS,4,1629,RUA ALFREDO DE CASTRO,APOS O SUPERMERCADO COMPRE BEM EM FRENTE A FEDERAÇÃO ESPIRITA,AV JOAO DE BARROS,1629,APOS O SUPERMERCADO COMPRE BEM EM FRENTE A FEDERAÇÃO ESPIRITA,ESPINHEIRO,ABALROAMENTO LONGITUDINAL,MOTOCICLISTA A ESPERA DO SAMU,1,1,,,,,,,,1,,,,Esquina,Bom,Não existe,Perfeito estado,Seca,Perfeito estado,Não existe,R-6a,,Única,Faixa,,,,
2018-12-05,13:10:00,COM VÍTIMA,FINALIZADA,MACAXEIRA,AV NORTE,0,,,APOS A ACADEMIA DA CIDADE S/T CID,AV NORTE,,APOS A ACADEMIA DA CIDADE S/T CID,MACAXEIRA,ATROPELAMENTO,ATROPELAMENTO DE MOTO COM PEDESTRE,,1,,,1,,,,,1,,,CIDADE,Longo da via,Bom,Não existe,Perfeito estado,Seca,Perfeito estado,Não existe,R-6a,,Dupla,Faixa seccionada,,Canteiro central,,
2018-12-05,18:24:00,COM VÍTIMA,FINALIZADA,IPSEP,RUA IRAPUA,0,,RUA FRANCISCO BARRETO,PRÓX À FLAVINHO BAR  praça do ipê,RUA IRAPUA,,PRÓX À FLAVINHO BAR  praça do ipê,IPSEP,ABALROAMENTO TRANSVERSAL,AUTO X MOTO C/V.,1,1,,,,,,,,1,,,CIDADE,Cruzamento,Bom,Não existe,Não existente,Seca,Perfeito estado,Não existe,Não há placas,,Dupla,Não existe,,,,
2018-12-06,06:00:00,COM VÍTIMA,FINALIZADA,CASA AMARELA,EST DAS UBAIAS,3,763,RUA CONS NABUCO,EM FRENTE AO POSTO BR,EST DAS UBAIAS,763,EM FRENTE AO POSTO BR,CASA AMARELA,COLISÃO FRONTAL,COM UMA VITIMA AGUARDANDO SAMU,1,1,,,,,,,,1,,655,CIDADE,Longo da via,Chuvoso,Sem defeito,Perfeito estado,Seca,Perfeito estado,Não existe,Outras,,Dupla,Faixa contínua,,,,
2018-12-06,06:57:00,COM VÍTIMA,FINALIZADA,VASCO DA GAMA,RUA ALTO DO EUCALIPTO,2,86,,SUBIDA DA RUA ALTO DO EUCALIPTO,RUA ALTO DO EUCALIPTO,86,SUBIDA DA RUA ALTO DO EUCALIPTO,VASCO DA GAMA,CHOQUE VEÍCULO PARADO,MOTO R AUTO,1,1,,,,,,,,1,,,CIDADE,Longo da via,Bom,Não existe,Não existente,Molhada,Perfeito estado,Não existe,Não há placas,,Dupla,Não existe,,,,
2018-12-06,10:48:00,COM VÍTIMA,FINALIZADA,CASA AMARELA,EST DO ARRAIAL,4,4230,,EM FRENTE A COMERCIAL TOSCANO,EST DO ARRAIAL,4230,EM FRENTE A COMERCIAL TOSCANO,CASA AMARELA,COLISÃO COM CICLISTA,MOTO E CICLISTA,,1,,1,,,,,,2,,,SUBURBIO,Longo da via,Bom,Não existe,Perfeito estado,Seca,Perfeito estado,Não existe,Não há placas,40 km/h,Única,Faixa,,,,
2018-12-06,11:08:00,COM VÍTIMA,FINALIZADA,BOA VIAGEM,AV CONSELHEIRO AGUIAR,4,4221,RUA PEDRO BERGAMO,EM FRENTE AO GALETUS,AV CONSELHEIRO AGUIAR,4221,EM FRENTE AO GALETUS,BOA VIAGEM,ABALROAMENTO LONGITUDINAL,AUTO E MOTO C/V,1,1,,,,,,,,1,,,CIDADE,Longo da via,Bom,Não existe,Perfeito estado,Seca,Perfeito estado,Não existe,Não há placas,,Única,Faixa,,,,
2018-12-07,07:36:00,COM VÍTIMA,FINALIZADA,SAO JOSE,C DO APOLO,0,,,EM FRENTE AO TRIBUNAL REGIONAL FEDERAL E O ESTACIONAMENTO DA PCR.,CAIS DO APOLO,,EM FRENTE AO TRIBUNAL REGIONAL FEDERAL E O ESTACIONAMENTO DA PCR.,SÃO JOSÉ,ABALROAMENTO TRANSVERSAL,MOTO E AUTO,1,1,,,,,,,,1,,,CIDADE,Cruzamento,Bom,Sem defeito,Perfeito estado,Seca,Perfeito estado,Não existe,Outras,60 km/h,Única,Faixa seccionada,,,,
2018-12-07,08:20:00,COM VÍTIMA,FINALIZADA,APIPUCOS,RUA DE APIPUCOS,3,600,,EM FRENTE AO HOTEL SENZALA. ROSE BELTRÃO RECEPÇÕES.,RUA DE APIPUCOS,600,EM FRENTE AO HOTEL SENZALA. ROSE BELTRÃO RECEPÇÕES.,APIPUCOS,ACID. DE PERCURSO,MOTORISTA INFORMA QUE O ONIBUS ESTARIA MUITO E A MANGUEIRA DA PORTA ESTOUROU E UMA PASSAGEIRA CAIU SAMU NO LOCAL,,,,,,1,,,,1,,,CIDADE,Longo da via,Bom,Não existe,Perfeito estado,Seca,Perfeito estado,Não existe,Não há placas,60 km/h,Dupla,Faixa contínua,,,,