data,hora,natureza_acidente,situacao,bairro,endereco,,numero,detalhe_endereco_acidente,complemento,endereco_cruzamento,numero_cruzamento,referencia_cruzamento,bairro_cruzamento,tipo,descricao,auto,moto,ciclom,ciclista,pedestre,onibus,caminhao,viatura,outros,vitimas,vitimasfatais,num_semaforo,sentido_via,acidente_verificado,tempo_clima,situacao_semaforo,sinalizacao,condicao_via,conservacao_via,ponto_controle,situacao_placa,velocidade_max_via,mao_direcao,divisao_via1,divisao_via2,divisao_via3,_id,Protocolo
2018-12-07,12:33:00,COM VÍTIMA,FINALIZADA,IMBIRIBEIRA,RUA REMIGIO,0,,,PROX. AO RETORNO EM FRENTE AO CANAL SENT. JORDÃO,RUA REMIGIO,,PROX. AO RETORNO EM FRENTE AO CANAL SENT. JORDÃO,IMBIRIBEIRA,ABALROAMENTO LONGITUDINAL,MOTO E AUTO,1,1,,,,,,,,1,,,SUBURBIO,Longo da via,Bom,Não existe,Perfeito estado,Seca,Perfeito estado,Outros,Não há placas,,Única,Não existe,,,,
2018-12-05,08:00:00,COM VÍTIMA,FINALIZADA,COELHOS,RUA DOS COELHOS,0,,RUA FRANCISCO ALVES,EM FRENTE A ESCOLA MUNICIPAL DOS COELHOS,RUA DOS COELHOS,,EM FRENTE A ESCOLA MUNICIPAL DOS COELHOS,COELHOS,ATROPELAMENTO,ATROPELAMENTO ENTRE ÔNIBUS E PEDESTRE.,,,,,1,1,,,,1,,,SUBURBIO,Longo da via,Bom,Não existe,Perfeito estado,Seca,Perfeito estado,Outros,,,Dupla,Faixa,,,,
2018-12-07,20:42:00,COM VÍTIMA,FINALIZADA,VARZEA,AV CAXANGA,0,,,PROX. A INTEGRAÇÃO E O RESIDENCIAL CAXANGÁ,AV CAXANGA,,PROX. A INTEGRAÇÃO E O RESIDENCIAL CAXANGÁ,VÁRZEA,ATROPELAMENTO,AUTO E PEDESTRE,1,,,,1,,,,,1,,232,SUBURBIO,Longo da via,Bom,Sem defeito,Perfeito estado,Seca,Perfeito estado,Faixa de pedestre,,,Dupla,Canteiro central,,,,
2018-12-08,10:08:00,COM VÍTIMA,FINALIZADA,TORRE,RUA JOSE BONIFACIO,0,,RUA CONDE DE IRAJA,EM FRENTE A PADARIA NOVA ARMADA,RUA JOSE BONIFACIO,,EM FRENTE A PADARIA NOVA ARMADA,TORRE,ABALROAMENTO LONGITUDINAL,COM DUAS VITIMAS  SAMU NO LOCAL,1,1,,,,,,,,2,,191,CASA FORTE,Longo da via,Bom,Sem defeito,Perfeito estado,Seca,Perfeito estado,Faixa de pedestre,R-6a,,Única,Faixa seccionada,,,,
2018-12-08,16:15:00,COM VÍTIMA,FINALIZADA,IPSEP,AV PRESIDENTE DUTRA,0,,,NA DESCIDA DO VIATUDO TANCREDO NEVES  NO SENTIDO DA BR,AV PRESIDENTE DUTRA,,NA DESCIDA DO VIATUDO TANCREDO NEVES  NO SENTIDO DA BR,IPSEP,COLISÃO TRASEIRA,COLISÃO COM VITIMAS,1,1,,,,,,,,1,,,SUBURBIO,Longo da via,Bom,Não existe,Perfeito estado,Seca,Perfeito estado,Não existe,Não há placas,,Dupla,Faixa contínua,,,,
2018-12-08,16:45:00,COM VÍTIMA,FINALIZADA,CASA AMARELA,EST DO ARRAIAL,4,2949,,E/F AO COLEGIO REINO MAGICO,EST DO ARRAIAL,2949,E/F AO COLEGIO REINO MAGICO,CASA AMARELA,ABALROAMENTO LONGITUDINAL,COLISAO ENTRE AUTO E MOTO COM UMA VITIMA,2,1,,,,,,,,1,,,SUBURBIO,Longo da via,Bom,Não existe,Perfeito estado,Seca,Perfeito estado,Não existe,R-6a,,Única,Faixa seccionada,,,,
2018-12-09,06:32:00,COM VÍTIMA,FINALIZADA,MADALENA,RUA JOSE OSORIO,3,124,,DE FRONTE AO C.COSNI EM FRENTE AO POSTO DE GASOLINA CAPUNGA,RUA JOSE OSORIO,124,DE FRONTE AO C.COSNI EM FRENTE AO POSTO DE GASOLINA CAPUNGA,MADALENA,ABALROAMENTO LONGITUDINAL,COLISÃO COM VITIMA A ESPERA DO SAMU,1,1,,,,,,,,1,,,SUBURBIO,Longo da via,Bom,Não existe,Perfeito estado,Seca,Perfeito estado,Não existe,Outras,,Única,Faixa seccionada,,,,
2018-12-09,08:01:00,COM VÍTIMA,FINALIZADA,IMBIRIBEIRA,AV MARECHAL MASCARENHAS DE MORAES,0,,RUA JORNALISTA CLEOFHAS DE OLIVEIRA,E/F A VENEZA MAQUINAS  SENTIDO CABO DE SANTO AGOSTINHO E LADO OPOSTO AO GERALDÃO.,AV MARECHAL MASCARENHAS DE MORAES,,E/F A VENEZA MAQUINAS  SENTIDO CABO DE SANTO AGOSTINHO E LADO OPOSTO AO GERALDÃO.,IMBIRIBEIRA,ABALROAMENTO LONGITUDINAL,COM UMA VÍTIMA. O SAMU FOI ACIONADO POR UM DOS CONDUTORES MAS  FAMILIARES DA VÍTIMA OSOCORRERAM POR CONTA PROPRIA.,1,,,,,1,,,,1,,290,SUBURBIO,Longo da via,Bom,Sem defeito,Perfeito estado,Seca,Perfeito estado,Faixa de pedestre,Não há placas,,Única,Faixa,,,,
2018-12-09,10:53:00,COM VÍTIMA,FINALIZADA,TORROES,AV BICENTENARIO DA REVOLUCAO FRANCESA,4,1015,RUA ZUMBI DOS PALMARES,EM FRENTE AS LOJAS FRANCES,AV BICENTENARIO DA REVOLUCAO FRANCESA,1015,EM FRENTE AS LOJAS FRANCES,TORRÕES,CHOQUE VEÍCULO PARADO,AUTO E MOTO,1,1,,,,,,,,1,,,SUBURBIO,Cruzamento,Bom,Não existe,Incompleta,Seca,Perfeito estado,Outros,Outras,,Dupla,Não existe,,,,
2018-12-09,12:24:00,COM VÍTIMA,FINALIZADA,ESTANCIA,RUA ANTONIO CARNEIRO,3,151,AV DR JOSE RUFINO,AO LADO DA ASTROTUR,RUA ANTONIO CARNEIRO,151,AO LADO DA ASTROTUR,ESTÂNCIA,CHOQUE VEÍCULO PARADO,COLISÃO COM VÍTIMA,3,,,,,,,,,1,,,SUBURBIO,Longo da via,Bom,Não existe,Perfeito estado,Seca,Perfeito estado,Não existe,Outras,30 km/h,Única,Não existe,,,,
2018-12-09,15:50:00,COM VÍTIMA,FINALIZADA,SANTO AMARO,AV CRUZ CABUGA,0,,,EM FRENTE AO SHOPPING TACARUNA,AV CRUZ CABUGA,,EM FRENTE AO SHOPPING TACARUNA,SANTO AMARO,COLISÃO TRASEIRA,MOTO E AUTO,1,1,,,,,,,,1,,470,SUBURBIO,Longo da via,Bom,Sem defeito,Perfeito estado,Seca,Perfeito estado,Faixa de pedestre,Não há placas,,Dupla,Canteiro central,,,,
2018-12-10,05:36:00,COM VÍTIMA,FINALIZADA,SAO JOSE,AV SUL,0,,,NA ENTRADA DO CABANGA. PONTILHÃO.,AV SUL,,NA ENTRADA DO CABANGA. PONTILHÃO.,SÃO JOSÉ,ABALROAMENTO TRANSVERSAL,COLISÃO ENTRE AUTO E ÔNIBUS,1,,,,,1,,,,2,,,CIDADE,Cruzamento,Chuvoso,Sem defeito,Perfeito estado,Molhada,Perfeito estado,Faixa de pedestre,Outras,,Única,Canteiro central,,,,
2018-12-10,13:28:00,COM VÍTIMA,FINALIZADA,CORDEIRO,RUA N S DA SAUDE,3,219,RUA DR GASTAO DA SILVEIRA,ANTES DA ASSEMBLEIA DE DEUS  SENTIDO CAXANGA,RUA N S DA SAUDE,219,ANTES DA ASSEMBLEIA DE DEUS  SENTIDO CAXANGA,CORDEIRO,COLISÃO COM CICLISTA,AUTO E CICLISTA,1,,,1,,,,,,1,,,CAXANGÁ,Longo da via,Bom,Não existe,Perfeito estado,Seca,Perfeito estado,Outros,Não há placas,,Dupla,Faixa contínua,,,,
2018-12-10,13:31:00,COM VÍTIMA,FINALIZADA,AFLITOS,AV CONS ROSA E SILVA,4,1250,RUA TEIXEIRA PINTO,APOS O CAMPO DO NAUTICO.,AV CONS ROSA E SILVA,1250,APOS O CAMPO DO NAUTICO.,AFLITOS,ABALROAMENTO LONGITUDINAL,COLISAO ENTRE AUTO E MOTO COM UMA VITIMA,1,1,,,,,,,,1,,,,Não informado,Bom,Não existe,Perfeito estado,Seca,Perfeito estado,Não existe,Não há placas,60 km/h,Única,Faixa seccionada,,,,
2018-12-10,16:02:00,COM VÍTIMA,FINALIZADA,ENGENHO DO MEIO,RUA GOVERNADOR LOPO GARRO,3,353,,AO LADO DO COLEEGIO SOUZA VERAS. EM FRENTE AO EDIFÍCIO PARQUE DOS NOBRES.,RUA GOVERNADOR LOPO GARRO,353,AO LADO DO COLEEGIO SOUZA VERAS. EM FRENTE AO EDIFÍCIO PARQUE DOS NOBRES.,ENGENHO DO MEIO,CHOQUE VEÍCULO PARADO,COLISAO ENTRE DOIS AUTOS S/V,2,,,,,,,,,1,,,CIDADE,Longo da via,Bom,Não existe,Incompleta,Seca,Perfeito estado,Não existe,Placas Pare,30 km/h,Dupla,Faixa seccionada,,,,
2018-12-10,16:25:00,COM VÍTIMA,FINALIZADA,PINA,AV SATURNINO DE BRITO,0,,PTE GOVERNADOR PAULO GUERRA,EM FRENTE A COMPESA/ SENTIDO BOA VIAGEM,AV SATURNINO DE BRITO,,EM FRENTE A COMPESA/ SENTIDO BOA VIAGEM,PINA,COLISÃO TRASEIRA,COLISÃO SEM VÍTIMA,,2,,,,,,,,1,,,,Longo da via,Bom,Não existe,Perfeito estado,Seca,Perfeito estado,Não existe,Não há placas,,Única,Faixa,,,,
2018-12-10,20:02:00,COM VÍTIMA,FINALIZADA,DERBY,RUA DR SEVERINO PINHEIRO,0,,,AO LADO DO QUARTEL DA POLICIA MILITAR,RUA DR SEVERINO PINHEIRO,,AO LADO DO QUARTEL DA POLICIA MILITAR,DERBY,ABALROAMENTO LONGITUDINAL,COLISÃO ENTRE AUTO E MOTO C/V,1,1,,,,,,,,1,,,CIDADE,Longo da via,Bom,Não existe,Perfeito estado,Seca,Perfeito estado,,Não há placas,,Dupla,Blocos,,,,
2018-12-11,03:03:00,COM VÍTIMA,FINALIZADA,AGUA FRIA,RUA DA REGENERACAO,3,315,RUA BOM CONSELHO,,RUA DA REGENERACAO,315,,ÁGUA FRIA,ABALROAMENTO TRANSVERSAL,COLISÃO COM VITIMA.,2,,,,,,,,,1,,,CIDADE,Cruzamento,Bom,Não existe,Não existente,Seca,Perfeito estado,Não existe,Não há placas,,Dupla,Não existe,,,,
2018-12-11,07:06:00,COM VÍTIMA,FINALIZADA,CORDEIRO,AV CAXANGA,0,,,EM FRENTE AO RESIDENCIAL CAXANGA. LADO OPOSTO A IGREJA ASSEMBLÉIA DE DEUS.,AV CAXANGA,,EM FRENTE AO RESIDENCIAL CAXANGA. LADO OPOSTO A IGREJA ASSEMBLÉIA DE DEUS.,CORDEIRO,ABALROAMENTO LONGITUDINAL,,2,1,,,,,,,,1,,,CIDADE,Longo da via,Bom,Não existe,Perfeito estado,Seca,Perfeito estado,Não existe,R-6a,,Dupla,Canteiro central,,,,
2018-12-11,08:15:00,COM VÍTIMA,FINALIZADA,CAMPO GRANDE,EST DE BELEM,4,1555,,EM FRENTE A PRAÇA DE CAMPO GRANDE,EST DE BELEM,1555,EM FRENTE A PRAÇA DE CAMPO GRANDE,CAMPO GRANDE,ABALROAMENTO LONGITUDINAL,MOTO E AUTO,1,1,,,,,,,,2,,458,CIDADE,Longo da via,Bom,Sem defeito,Perfeito estado,Seca,Perfeito estado,Faixa de pedestre,R-6a,40 km/h,Dupla,Faixa seccionada,,,,
2018-12-11,11:25:00,COM VÍTIMA,FINALIZADA,TORRE,RUA REAL DA TORRE,0,,RUA CONDE DE IRAJA,XXX,RUA REAL DA TORRE,,XXX,TORRE,COLISÃO COM CICLISTA,COLISÃO ENTRE AUTO E CICLISTA.,1,,,1,,,,,,1,,106,SUBURBIO,Cruzamento,Bom,Sem defeito,Perfeito estado,Seca,Perfeito estado,Faixa de pedestre,R-6a,,Única,,Faixa contínua,,,
2018-12-11,11:49:00,COM VÍTIMA,FINALIZADA,IMBIRIBEIRA,AV MARECHAL MASCARENHAS DE MORAES,3,474,,EM FRENTE A SPORT CAR SOM E ACESSÓRIOS.,AV MARECHAL MASCARENHAS DE MORAES,474,EM FRENTE A SPORT CAR SOM E ACESSÓRIOS.,IMBIRIBEIRA,COLISÃO TRASEIRA,COM UMA VÍTIMA,1,1,,,,,,,,1,,279,CIDADE,Longo da via,Bom,Sem defeito,Perfeito estado,Seca,Perfeito estado,Não existe,Não há placas,,Única,Canteiro central,,,,
2018-12-11,16:53:00,COM VÍTIMA,FINALIZADA,DOIS IRMAOS,PRQ DE DOIS IRMAOS,0,,,EM FRENTE A FARMÁCIA DO LAFEPE.,PRQ DE DOIS IRMAOS,,EM FRENTE A FARMÁCIA DO LAFEPE.,DOIS IRMÃOS,ABALROAMENTO TRANSVERSAL,COLISA ENTRE AUTO E MOTO COM UMA VITIMA VT 11 NO LOCAL,1,1,,,,,,,,1,,,SUBURBIO,Longo da via,Bom,Não existe,Perfeito estado,Seca,Perfeito estado,Não existe,Não há placas,,Dupla,Faixa contínua,,,,
2018-12-12,02:11:00,VÍTIMA FATAL,FINALIZADA,IPSEP,AV RECIFE,4,1600,,PRÓXIMO AO WALMART,AV RECIFE,1600,PRÓXIMO AO WALMART,IPSEP,ATROPELAMENTO,O NÚMERO CITADO FICA NO LADO OPOSTO AO ATROPELAMENTO,1,,,,1,,,,,,1,212,SUBURBIO,Longo da via,Bom,Intermitente,Perfeito estado,Seca,Perfeito estado,,Outras,60 km/h,Dupla,Canteiro central,,,,
2018-12-12,07:52:00,COM VÍTIMA,FINALIZADA,CORDEIRO,RUA N S DA SAUDE,0,,RUA CORONEL FERNANDO FURTADO,EM FRENTE A CRECHE MUNICIPAL MENINO JESUS DA BOMBA GRANDE. GREMLURB (GRÊMIO RECREATIVO DOS FUNCIONÁRIOS DA EMLURB.,RUA N S DA SAUDE,,EM FRENTE A CRECHE MUNICIPAL MENINO JESUS DA BOMBA GRANDE. GREMLURB (GRÊMIO RECREATIVO DOS FUNCIONÁRIOS DA EMLURB.,CORDEIRO,COLISÃO COM CICLISTA,COLISÃO COM UMA VITIMA SENDO SOCORRIDA PELO SAMU,1,,,1,,,,,,1,,,,Esquina,Bom,Não existe,Incompleta,Seca,Perfeito estado,Não existe,Não há placas,,Dupla,Faixa contínua,,,,
2018-12-12,12:40:00,COM VÍTIMA,FINALIZADA,SAO JOSE,AV SUL,0,,,,AV SUL,,,SÃO JOSÉ,ACID. DE PERCURSO,QUEDA DE MOTOCOCLISTA,,1,,,,,,,,1,,76,CIDADE,Longo da via,Bom,Sem defeito,Perfeito estado,Seca,Perfeito estado,Não existe,Outras,,Dupla,Faixa,Canteiro central,,,
2018-12-12,14:04:00,COM VÍTIMA,FINALIZADA,TOTO,RUA ONZE DE AGOSTO,3,S/N,,ESCOLA MONSENHOR NEGRO MONTE,RUA ONZE DE AGOSTO,S/N,ESCOLA MONSENHOR NEGRO MONTE,TOTÓ,ATROPELAMENTO,ONIBUS E PEDESTRE/ PEDESTRE E ALUNA DA ESCOLA,,,,,1,1,,,,1,,440,CIDADE,Longo da via,Bom,Sem defeito,Perfeito estado,Seca,Perfeito estado,Faixa de pedestre,R-6a,,Dupla,Não existe,,,,
2018-12-12,17:28:00,COM VÍTIMA,FINALIZADA,MADALENA,AV BEIRA RIO,3,879,,EM FRENTE AO COLEGIO EQUIPE.,AV BEIRA RIO,879,EM FRENTE AO COLEGIO EQUIPE.,MADALENA,CHOQUE VEÍCULO PARADO,COLISAO ENTRE AUTO E MOTO COM VITIMA,1,1,,,,,,,,1,,,SUBURBIO,Longo da via,Bom,Não existe,Perfeito estado,Seca,Perfeito estado,Não existe,Outras,,Dupla,Faixa contínua,,,,
2018-12-13,07:58:00,COM VÍTIMA,FINALIZADA,PAISSANDU,AV GOVERNADOR AGAMENON MAGALHAES,0,,,EM FRENTE A CLINICA VETERINARIA VET MAIS,AV GOVERNADOR AGAMENON MAGALHAES,,EM FRENTE A CLINICA VETERINARIA VET MAIS,PAISSANDU,ABALROAMENTO LONGITUDINAL,ATROPELAMENTO SEGUIDO DE COLISÃO COM DUAS VITIMAS AGUARDANDO SAMU,1,1,,,1,,,,,2,,,SUBURBIO,Longo da via,Bom,Sem defeito,Perfeito estado,Seca,Perfeito estado,Não existe,Não há placas,60 km/h,Única,Faixa seccionada,,,,
2018-12-13,13:54:00,COM VÍTIMA,FINALIZADA,CORDEIRO,RUA ODETE MONTEIRO,3,450,,E/F AO COLEGIO MUNICIPAL DACI RIBEIRO,RUA ODETE MONTEIRO,450,E/F AO COLEGIO MUNICIPAL DACI RIBEIRO,CORDEIRO,ABALROAMENTO TRANSVERSAL,COLISAO ENTRE AUTO E MOTO S/V,1,1,,,,,,,,1,,219,SUBURBIO,Longo da via,Chuvoso,Sem defeito,Perfeito estado,Molhada,Perfeito estado,Faixa de pedestre,Outras,60 km/h,Dupla,Faixa contínua,,,,
2018-12-13,20:45:00,COM VÍTIMA,FINALIZADA,BARRO,AV DR JOSE RUFINO,0,,,PONTE DO BARRO // APÓS IGREJA DO BARRO,AV DR JOSE RUFINO,,PONTE DO BARRO // APÓS IGREJA DO BARRO,BARRO,ABALROAMENTO LONGITUDINAL,AUTO X MOTO,1,1,,,,,,,,1,,615,SUBURBIO,Longo da via,Bom,Não existe,Incompleta,Seca,Mal iluminada,Não existe,Não há placas,,Dupla,Não existe,,,,
2018-12-14,04:04:00,COM VÍTIMA,FINALIZADA,TEJIPIO,AV DR JOSE RUFINO,0,,RUA ITANHENGA,EM FRENTE AO 4 BPCON,AV DR JOSE RUFINO,,EM FRENTE AO 4 BPCON,TEJIPIÓ,ABALROAMENTO TRANSVERSAL,COLISÃO ENTRE AUTO E ÔNIBUS C/V,1,,,,,1,,,,2,,208,SUBURBIO,Cruzamento,Bom,Sem defeito,Perfeito estado,Seca,Perfeito estado,Faixa de pedestre,R-6a,40 km/h,Dupla,Faixa contínua,,,,
2018-12-14,07:31:00,COM VÍTIMA,FINALIZADA,SANTO AMARO,AV DA SAUDADE,0,,RUA TREZE DE MAIO,EM FRENTE AO CEMITERIO DE SANTO AMARO,AV DA SAUDADE,,EM FRENTE AO CEMITERIO DE SANTO AMARO,SANTO AMARO,COLISÃO,COLISÃO COM VITIMA A ESPERA DO SAMU,2,,,,,,,,,1,,,CIDADE,Cruzamento,Bom,Sem defeito,Perfeito estado,Seca,Perfeito estado,Faixa de pedestre,Placas Pare,40 km/h,Dupla,Faixa,,,,
2018-12-14,07:32:00,COM VÍTIMA,FINALIZADA,IMBIRIBEIRA,AV MARECHAL MASCARENHAS DE MORAES,0,,,EM FRENTE AO AEROPORTO / SENT JABOATAO / SOBRE OS TRILHOS DO TREM,AV MARECHAL MASCARENHAS DE MORAES,,EM FRENTE AO AEROPORTO / SENT JABOATAO / SOBRE OS TRILHOS DO TREM,IMBIRIBEIRA,ABALROAMENTO TRANSVERSAL,MOTO / CAVALO / CARROÇA,,1,,,,,,,1,1,,,SUBURBIO,Cruzamento,Bom,Não existe,Perfeito estado,Seca,Perfeito estado,Não existe,Placas Dê a preferência,60 km/h,Dupla,Canteiro central,,,,
2018-12-14,13:29:00,COM VÍTIMA,FINALIZADA,BOA VISTA,AV CONDE DA BOA VISTA,3,126,,ENTFRENTE AO BRADESCO,AV CONDE DA BOA VISTA,126,ENTFRENTE AO BRADESCO,BOA VISTA,ATROPELAMENTO,PEDESTRE E MOTOCICLISTA,,1,,,1,,,,,1,,,SUBURBIO,Longo da via,Bom,Não existe,Perfeito estado,Seca,Perfeito estado,Não existe,R-6c,40 km/h,Dupla,Canteiro central,,,,
2018-12-14,13:40:00,COM VÍTIMA,FINALIZADA,BOA VIAGEM,RUA DR JOSE PACIFICO PEREIRA,2,92,,E/F A PRISMA DISTRIBUIDORA DE RESINAS TERMOPLÁSTICA,RUA DR JOSE PACIFICO PEREIRA,92,E/F A PRISMA DISTRIBUIDORA DE RESINAS TERMOPLÁSTICA,BOA VIAGEM,COLISÃO TRASEIRA,COLISAO ENTRE AUTO E MOTO COM DUAS VITIMAS,1,1,,,,,,,,1,,,SUBURBIO,Longo da via,Bom,Não existe,Perfeito estado,Seca,Perfeito estado,Não existe,Placas Dê a preferência,,Dupla,Não existe,,,,
2018-12-14,16:59:00,VÍTIMA FATAL,FINALIZADA,IMBIRIBEIRA,AV MARECHAL MASCARENHAS DE MORAES,0,,,EM FRENTE A LOCALIZA - EM FRENTE AO AEROPORTO,AV MARECHAL MASCARENHAS DE MORAES,,EM FRENTE A LOCALIZA - EM FRENTE AO AEROPORTO,IMBIRIBEIRA,ABALROAMENTO LONGITUDINAL,COLISÃO- 3 MOTOS,,3,,,,,,,,2,1,,SUBURBIO,Longo da via,Bom,Não existe,Perfeito estado,Seca,Perfeito estado,Não existe,Não há placas,60 km/h,Dupla,Faixa seccionada,,,,
2018-12-14,20:06:00,COM VÍTIMA,FINALIZADA,ENGENHO DO MEIO,RUA ANTONIO CURADO,0,,RUA JOSE DOS SANTOS,PROX. AO CLUB DA COMPESA,RUA ANTONIO CURADO,,PROX. AO CLUB DA COMPESA,ENGENHO DO MEIO,COLISÃO FRONTAL,COLISÃO COM VITIMA,1,1,,,,,,,,1,,,,Cruzamento,Bom,Não existe,Incompleta,Seca,Perfeito estado,Não existe,Outras,30 km/h,Dupla,Não existe,,,,
2018-12-14,20:49:00,VÍTIMA FATAL,FINALIZADA,AFOGADOS,RUA SAO MIGUEL,3,176,,ENF AO DEPATRI E MINISTÉRIO PÚBLICO,RUA SAO MIGUEL,176,ENF AO DEPATRI E MINISTÉRIO PÚBLICO,AFOGADOS,COLISÃO COM CICLISTA,CAMINHAO X CICLISTA,,,,1,,,1,,,,1,,SUBURBIO,Longo da via,Bom,Sem defeito,Perfeito estado,Seca,Perfeito estado,Faixa de pedestre,,,Dupla,Faixa,,,,
2018-12-15,01:06:00,COM VÍTIMA,FINALIZADA,BEBERIBE,AV BEBERIBE,4,3333,RUA CAPITAO SALGUEIRO,PROX DA ARENA SHOW  PROX DO GIRADOURO,AV BEBERIBE,3333,PROX DA ARENA SHOW  PROX DO GIRADOURO,BEBERIBE,ABALROAMENTO TRANSVERSAL,COLISÃO ENTRE AUTO E MOTO C/V,1,,1,,,,,,,1,,388,SUBURBIO,Cruzamento,Bom,Intermitente,Perfeito estado,Seca,Perfeito estado,Faixa de pedestre,Outras,50 km/h,Dupla,Blocos,,,,
2018-12-15,03:55:00,VÍTIMA FATAL,FINALIZADA,TAMARINEIRA,RUA CONEGO BARATA,0,,AV NORTE,CRUZAMENTO DA FERRREIRA COSTA,RUA CONEGO BARATA,,CRUZAMENTO DA FERRREIRA COSTA,TAMARINEIRA,COLISÃO FRONTAL,COLISÃO ENTRE AUTO E VAN  COM VÍTIMA FATAL,1,,,,,1,,,,7,1,62,SUBURBIO,Cruzamento,Bom,Sem defeito,Incompleta,Seca,Perfeito estado,Faixa de pedestre,Não há placas,,Dupla,Faixa contínua,Faixa seccionada,Canteiro central,,
2018-12-15,06:37:00,COM VÍTIMA,FINALIZADA,BEBERIBE,AV BEBERIBE,4,4024,,E/F A PIZZARIA ROUCHE.,AV BEBERIBE,4024,E/F A PIZZARIA ROUCHE.,BEBERIBE,CAPOTAMENTO,DERRAMAMENTO DE OLEO NA PISTA. HOUVE DOIS ACIDENTES COM VÍTIMA DEVIDO A SITUAÇÃO. SAMU NO LOCAL FAZENDO O SOCORRO,,1,,,,,,,,2,,,,Longo da via,Bom,,,,,,,,,,,,,
2018-12-15,23:57:00,COM VÍTIMA,FINALIZADA,DERBY,AV GOVERNADOR AGAMENON MAGALHAES,0,,AV CONDE DA BOA VISTA,ENF A PRC DO DERBI // VIA PRINCIPAL // SENTIDO OLINDA,AV GOVERNADOR AGAMENON MAGALHAES,,ENF A PRC DO DERBI // VIA PRINCIPAL // SENTIDO OLINDA,DERBY,COLISÃO,MOTO X CITROEN,1,1,,,,,,,,1,,75,SUBURBIO,Longo da via,Bom,Sem defeito,Perfeito estado,Seca,Perfeito estado,Faixa de pedestre,Outras,60 km/h,Dupla,Canteiro central,Canal,,,
2018-12-16,15:49:00,COM VÍTIMA,FINALIZADA,PORTO DA MADEIRA,AV BEBERIBE,4,3467,RUA PASCOAL SIVINI,EM FRENTE AO POSTO SIVINI  QUASE EM FRENTE A INOCOOP,AV BEBERIBE,3467,EM FRENTE AO POSTO SIVINI  QUASE EM FRENTE A INOCOOP,PORTO DA MADEIRA,ABALROAMENTO TRANSVERSAL,COLISÃO COM VÍTIMA,2,1,,,,,,,,1,,3433,SUBURBIO,Esquina,Bom,Não existe,Perfeito estado,Seca,Perfeito estado,Não existe,Outras,30 km/h,Dupla,Faixa contínua,Faixa seccionada,,,
2018-12-16,19:09:00,COM VÍTIMA,FINALIZADA,BOA VIAGEM,RUA FELIX DE BRITO E MELO,4,1657,RUA DOS NAVEGANTES,POR TRÁS DO ACAIACA // AO LADO DA PADARIA GLOBO // ADF. MIRAGE,RUA FELIX DE BRITO E MELO,1657,POR TRÁS DO ACAIACA // AO LADO DA PADARIA GLOBO // ADF. MIRAGE,BOA VIAGEM,ABALROAMENTO TRANSVERSAL,AUTO X MOTO C/V.,1,1,,,,,,,,1,,,CIDADE,Longo da via,Chuvoso,Não existe,Perfeito estado,Molhada,Perfeito estado,Faixa de retenção,Placas Pare,,Única,Faixa,,,,
2018-12-16,21:44:00,COM VÍTIMA,FINALIZADA,BOA VIAGEM,RUA ERNESTO DE PAULA SANTOS,3,417,AV FERNANDO SIMOES BARBOSA,ENTRE A FARMACIA INDEPENDENTE E DROGASIL,RUA ERNESTO DE PAULA SANTOS,417,ENTRE A FARMACIA INDEPENDENTE E DROGASIL,BOA VIAGEM,ABALROAMENTO TRANSVERSAL,ECOSPORT X MOTO,1,1,,,,,,,,1,,329,SUBURBIO,Longo da via,Chuvoso,Não existe,Perfeito estado,Molhada,Perfeito estado,Não existe,Outras,,Única,Faixa seccionada,,,,