data,hora,natureza_acidente,situacao,bairro,endereco,,numero,detalhe_endereco_acidente,complemento,endereco_cruzamento,numero_cruzamento,referencia_cruzamento,bairro_cruzamento,tipo,descricao,auto,moto,ciclom,ciclista,pedestre,onibus,caminhao,viatura,outros,vitimas,vitimasfatais,num_semaforo,sentido_via,acidente_verificado,tempo_clima,situacao_semaforo,sinalizacao,condicao_via,conservacao_via,ponto_controle,situacao_placa,velocidade_max_via,mao_direcao,divisao_via1,divisao_via2,divisao_via3,_id,Protocolo
2018-12-17,02:55:00,COM VÍTIMA,FINALIZADA,MACAXEIRA,AV NORTE,3,138,,PROX AO TERMINAL DA MACAXEIRA,AV NORTE,138,PROX AO TERMINAL DA MACAXEIRA,MACAXEIRA,CHOQUE OBJETO FIXO,CONDUTOR PERDEU O CONTROLE DO VEÍCULO E CHOCOU-SE CONTRA UM POSTE,1,,,,,,,,,1,,,SUBURBIO,Longo da via,Chuvoso,Não existe,Ilegível,Molhada,Mal conservada,Não existe,Outras,,Única,Faixa seccionada,,,,
2018-12-17,09:28:00,COM VÍTIMA,FINALIZADA,AFOGADOS,RUA ALBATROZ,3,561,RUA VINTE E UM DE ABRIL,EM FRENTE A OFICINA JLX,RUA ALBATROZ,561,EM FRENTE A OFICINA JLX,AFOGADOS,COLISÃO FRONTAL,COM UMA VITIMA  SAMU NO LOCAL  CTTU VT 17,1,1,,,,,,,,1,,,CIDADE,Cruzamento,Bom,Não existe,Perfeito estado,Seca,Perfeito estado,Não existe,,,,,,,,
2018-12-17,13:00:00,COM VÍTIMA,FINALIZADA,BOA VIAGEM,RUA ERNESTO DE PAULA SANTOS,3,819,RUA DOS NAVEGANTES,EM FRENTE AO EDIFICIO VIANA DE CASTELO,RUA ERNESTO DE PAULA SANTOS,819,EM FRENTE AO EDIFICIO VIANA DE CASTELO,BOA VIAGEM,ABALROAMENTO TRANSVERSAL,COLISÃO COM VÍTIMA,1,1,,,,,,,,1,,,AV BOA VIAGEM,Cruzamento,Chuvoso,Não existe,Perfeito estado,Seca,Perfeito estado,Faixa de retenção,R-4b,30 km/h,Única,Faixa seccionada,,,,
2018-12-17,13:54:00,COM VÍTIMA,FINALIZADA,JARDIM SAO PAULO,AV LIBERDADE,3,612,EST DO CURADO,NA ENTRADA DO PLANETA DOS MACACOS,AV LIBERDADE,612,NA ENTRADA DO PLANETA DOS MACACOS,JARDIM SÃO PAULO,ABALROAMENTO TRANSVERSAL,AUTO E MOTO C/V,1,1,,,,,,,,1,,,,Cruzamento,Bom,Não existe,Perfeito estado,Seca,Perfeito estado,Não existe,Não há placas,,Dupla,Faixa contínua,,,,
2018-12-17,14:35:00,COM VÍTIMA,FINALIZADA,CASA AMARELA,RUA MANDACARU,3,680,AV NORTE,E/F A FARMACIA MANDACARU,RUA MANDACARU,680,E/F A FARMACIA MANDACARU,CASA AMARELA,ABALROAMENTO TRANSVERSAL,COLISAO ENTRE AUTO E MOTO COM UMA VITIMA,1,1,,,,,,,,1,,,CIDADE,Cruzamento,Bom,Não existe,Perfeito estado,Seca,Mal conservada,Outros,Outras,30 km/h,Dupla,Faixa seccionada,,,,
2018-12-17,18:08:00,COM VÍTIMA,FINALIZADA,VARZEA,AV CAXANGA,0,,AV AFONSO OLINDENSE,PROX AO CENTER CAXANGA,AV CAXANGA,,PROX AO CENTER CAXANGA,VÁRZEA,ABALROAMENTO TRANSVERSAL,VT DA CIVIL X MOTO,,1,,,,,,1,,1,,568,SUBURBIO,Cruzamento,Bom,Sem defeito,Perfeito estado,Seca,Perfeito estado,Faixa de pedestre,Outras,60 km/h,Dupla,Canteiro central,,,,
2018-12-17,20:52:00,COM VÍTIMA,FINALIZADA,DERBY,AV GOVERNADOR AGAMENON MAGALHAES,0,,RUA DOM BOSCO,PROX. A DOM BOSCO,AV GOVERNADOR AGAMENON MAGALHAES,,PROX. A DOM BOSCO,DERBY,ATROPELAMENTO,,,1,,,1,,,,,1,,174,SUBURBIO,Cruzamento,Bom,Sem defeito,Perfeito estado,Seca,Perfeito estado,Faixa de pedestre,Outras,60 km/h,Dupla,Faixa contínua,,,,
2018-12-17,22:00:00,COM VÍTIMA,FINALIZADA,TORRE,AV BEIRA RIO,3,701,,,AV BEIRA RIO,701,,TORRE,ABALROAMENTO LONGITUDINAL,MERIVA X MOTO,1,1,,,,,,,,1,,387,SUBURBIO,Longo da via,Bom,Sem defeito,Perfeito estado,Seca,Perfeito estado,,,,Dupla,Faixa contínua,,,,
2018-12-18,08:41:00,COM VÍTIMA,FINALIZADA,SAN MARTIN,AV ENGENHEIRO ABDIAS DE CARVALHO,4,1800,,EM FRENTE A FUNASE,AV ENGENHEIRO ABDIAS DE CARVALHO,1800,EM FRENTE A FUNASE,SAN MARTIN,ATROPELAMENTO,PEDESTRE SOCORRIDO PELO SAMU,1,,,,1,,,,,1,,,CIDADE,Longo da via,Bom,Não existe,Perfeito estado,Seca,Perfeito estado,Não existe,Outras,,Dupla,Faixa seccionada,Canteiro central,,,
2018-12-18,11:38:00,COM VÍTIMA,FINALIZADA,IMBIRIBEIRA,AV MARECHAL MASCARENHAS DE MORAES,4,1043,,EM FRENTE A CONCESSIONARIA MEIRA LINS,AV MARECHAL MASCARENHAS DE MORAES,1043,EM FRENTE A CONCESSIONARIA MEIRA LINS,IMBIRIBEIRA,COLISÃO TRASEIRA,COM UMA VITIMA  SAMU NO LOCAL LOCAL DESCARACTERIZADO,1,1,,,,,,,,1,,,CIDADE,Longo da via,Bom,Não existe,Perfeito estado,Seca,Perfeito estado,Não existe,Outras,,Dupla,Canteiro central,,,,
2018-12-18,13:09:00,COM VÍTIMA,FINALIZADA,CIDADE UNIVERSITARIA,AV PROFESSOR LUIZ FREIRE,0,,RUA ACADEMICO HELIO RAMOS,EM FRENTE A ESCOLA PAULO ROSAS  PROX. A UFPE,AV PROFESSOR LUIZ FREIRE,,EM FRENTE A ESCOLA PAULO ROSAS  PROX. A UFPE,CIDADE UNIVERSITÁRIA,COLISÃO FRONTAL,AUTO MOTO C/V,1,1,,,,,,,,1,,,SUBURBIO,Esquina,Bom,Não existe,Incompleta,Seca,Outros,Não existe,Placas Pare,,Dupla,Faixa,,,,
2018-12-18,15:29:00,COM VÍTIMA,FINALIZADA,CASA FORTE,AV DEZESSETE DE AGOSTO,3,223,,AO AO LADO DA CULTURA INGLESA,AV DEZESSETE DE AGOSTO,223,AO AO LADO DA CULTURA INGLESA,CASA FORTE,ATROPELAMENTO,VEICULO ATROPELOU UM PEDESTRE,1,,,,1,,,,,1,,,,,,,,,,,,,,,,,,
2018-12-18,18:11:00,COM VÍTIMA,FINALIZADA,AGUA FRIA,EST VELHA DE AGUA FRIA,3,703,,APOS DNCS S/T AV NORTE,EST VELHA DE AGUA FRIA,703,APOS DNCS S/T AV NORTE,ÁGUA FRIA,ABALROAMENTO LONGITUDINAL,COLISAO ENTRE AUTO E MOTO COM UMA VITIMA,1,1,,,,,,,,1,,,CIDADE,Longo da via,Bom,Não existe,Perfeito estado,Seca,Mal iluminada,Não existe,Outras,,Dupla,Faixa contínua,Faixa seccionada,,,
2018-12-19,00:17:00,COM VÍTIMA,FINALIZADA,BOA VIAGEM,AV ENGENHEIRO DOMINGOS FERREIRA,4,2041,RUA PROFESSOR OSIAS RIBEIRO,EM FRENTE AO LAÇA BURGUER . DELIKATA.,AV ENGENHEIRO DOMINGOS FERREIRA,2041,EM FRENTE AO LAÇA BURGUER . DELIKATA.,BOA VIAGEM,COLISÃO TRASEIRA,COLISÃO ENTRE MOTO E VIATURA DA PM  C/V,,1,,,,,,1,,3,,,SUBURBIO,Longo da via,Bom,Não existe,Perfeito estado,Seca,Perfeito estado,Não existe,,60 km/h,Única,Faixa seccionada,,,,
2018-12-19,01:39:00,COM VÍTIMA,FINALIZADA,PARNAMIRIM,AV DEZESSETE DE AGOSTO,0,,PRC RADIO JORNAL DO COMERCIO,PRÓX AO SHOPPING PLAZA,AV DEZESSETE DE AGOSTO,,PRÓX AO SHOPPING PLAZA,PARNAMIRIM,COLISÃO TRASEIRA,COLISÃO ENTRE AUTO E MOTO  C/V,1,1,,,,,,,,1,,345,CIDADE,Longo da via,Bom,Sem defeito,Perfeito estado,Seca,Mal iluminada,Faixa de pedestre,Outras,,Dupla,Faixa,,,,
2018-12-19,07:47:00,COM VÍTIMA,FINALIZADA,IMBIRIBEIRA,AV MARECHAL MASCARENHAS DE MORAES,5,7935A,,E/F A CONTINENTAL  SENTIDO PEAZERES. AEROPORTO INTERNACIONAL.,AV MARECHAL MASCARENHAS DE MORAES,7935A,E/F A CONTINENTAL  SENTIDO PEAZERES. AEROPORTO INTERNACIONAL.,IMBIRIBEIRA,COLISÃO TRASEIRA,COM UMA VÍTIMA JÁ SOCORRIDA. A MOTO NÃO ENCONTRA-SE NO LOCAL. (BATEDORES NO LOCAL. MT 27 MT 28),,1,,,,1,,,,1,,,SUBURBIO,Longo da via,Bom,Não existe,Perfeito estado,Seca,Perfeito estado,Não existe,Não há placas,60 km/h,Dupla,Canteiro central,,,,
2018-12-19,08:12:00,COM VÍTIMA,FINALIZADA,ILHA DO LEITE,AV GOVERNADOR AGAMENON MAGALHAES,4,4775,,EM FRFENTE AO EMPRESARIAL THOMAS EDSON,AV GOVERNADOR AGAMENON MAGALHAES,4775,EM FRFENTE AO EMPRESARIAL THOMAS EDSON,ILHA DO LEITE,COLISÃO TRASEIRA,COLISÃO COM VITIMA ENVOLVENDO UM AUTO E UMA MOTO,1,1,,,,,,,,2,,69,CIDADE,Longo da via,Bom,Sem defeito,Perfeito estado,Seca,Perfeito estado,,Não há placas,60 km/h,Dupla,Canal,,,,
2018-12-19,10:24:00,COM VÍTIMA,FINALIZADA,ENGENHO DO MEIO,RUA GOVERNADOR LOPO GARRO,3,338,,EM FRENTE A PRAÇA DO ENGENHO DO MEIO,RUA GOVERNADOR LOPO GARRO,338,EM FRENTE A PRAÇA DO ENGENHO DO MEIO,ENGENHO DO MEIO,ATROPELAMENTO,PEDESTRE A ESPERA DO SAMU,,,,,1,1,,,,1,,,SUBURBIO,Longo da via,Bom,Não existe,Não existente,Seca,Perfeito estado,Não existe,Não há placas,,Dupla,Não existe,,,,
2018-12-19,11:39:00,COM VÍTIMA,FINALIZADA,CAMPO GRANDE,EST DE BELEM,3,935,RUA BARAO DE VERA CRUZ,EM FRENTE AO SUPERMERCADO STTILOS,EST DE BELEM,935,EM FRENTE AO SUPERMERCADO STTILOS,CAMPO GRANDE,ATROPELAMENTO,AUTO E PEDESTRE,1,,,,1,,,,,1,,,CIDADE,Longo da via,Bom,Não existe,Perfeito estado,Seca,Perfeito estado,Faixa de pedestre,R-6a,60 km/h,Dupla,Faixa contínua,Faixa contínua,,,
2018-12-19,16:01:00,COM VÍTIMA,FINALIZADA,PINA,AV ENGENHEIRO DOMINGOS FERREIRA,0,,RUA TOME GIBSON,EM FRENTE A ESCOLA MUNICIPAL OSWALDO LIMA FILHO  SENTIDO BOA VIAGEM,AV ENGENHEIRO DOMINGOS FERREIRA,,EM FRENTE A ESCOLA MUNICIPAL OSWALDO LIMA FILHO  SENTIDO BOA VIAGEM,PINA,COLISÃO COM CICLISTA,AUTO E CICLISTA,1,,,1,,,,,,1,,200,,,,,,,,,,,,,,,,
2018-12-19,19:09:00,COM VÍTIMA,FINALIZADA,ILHA DO LEITE,AV GOVERNADOR AGAMENON MAGALHAES,0,,,EM FRENTE AO HOSPITAL REAL PORTUGUÊS,AV GOVERNADOR AGAMENON MAGALHAES,,EM FRENTE AO HOSPITAL REAL PORTUGUÊS,ILHA DO LEITE,ACID. DE PERCURSO,ÓLEO NA PISTA MOTOQUEIRO ACIDENTOU-SE,,1,,,,,,,,2,,69,SUBURBIO,Longo da via,Bom,Sem defeito,Perfeito estado,Oleosa,Perfeito estado,Não existe,Outras,,Dupla,Faixa seccionada,Canteiro central,,,
2018-12-19,19:20:00,COM VÍTIMA,FINALIZADA,IPUTINGA,AV CAXANGA,4,3489,RUA GENERAL CANDIDO BORGES CASTELO BRANCO,ENFRENTE AO PERNAMBUCO DA SORTE E O BANCO DO BRASIL,AV CAXANGA,3489,ENFRENTE AO PERNAMBUCO DA SORTE E O BANCO DO BRASIL,IPUTINGA,COLISÃO COM CICLISTA,COLISÃO COM VITIMA/ VITIMA AGUARDANDO ATENDIMENTO NO LOCAL,,,,1,,1,,,,1,,229,CIDADE,Cruzamento,Bom,Sem defeito,Perfeito estado,Seca,Perfeito estado,Faixa de pedestre,,60 km/h,Dupla,Canteiro central,,,,
2018-12-20,11:01:00,COM VÍTIMA,FINALIZADA,DERBY,PTE ESTACIO COIMBRA,0,,,SOBRE A PONTE DO DERBY. QUARTEL DO DERBY.,PTE ESTACIO COIMBRA,,SOBRE A PONTE DO DERBY. QUARTEL DO DERBY.,DERBY,COLISÃO TRASEIRA,DUAS MOTOS,,2,,,,,,,,1,,,CIDADE,Ponte,Bom,Não existe,Perfeito estado,Seca,Perfeito estado,Não existe,Não há placas,,Dupla,Faixa contínua,,,,
2018-12-20,13:42:00,COM VÍTIMA,FINALIZADA,AGUA FRIA,AV BEBERIBE,4,2243,RUA PROFESSORA LOURDES DUTRA,EM FRENTE AO SOBERANO. AO LADO DO MERCADINHO DOIS IRMÃOS.,AV BEBERIBE,2243,EM FRENTE AO SOBERANO. AO LADO DO MERCADINHO DOIS IRMÃOS.,ÁGUA FRIA,ABALROAMENTO TRANSVERSAL,COLISÃO COM VITIMA,1,1,,,,,,,,1,,,SUBURBIO,Esquina,Bom,Não existe,Perfeito estado,Molhada,Perfeito estado,Não existe,Outras,,Dupla,Faixa contínua,Faixa seccionada,,,
2018-12-20,13:54:00,COM VÍTIMA,FINALIZADA,PAISSANDU,AV GOVERNADOR AGAMENON MAGALHAES,0,,RUA PAISSANDU,SENTIDO OLINDA / BOA VIAGEM.,AV GOVERNADOR AGAMENON MAGALHAES,,SENTIDO OLINDA / BOA VIAGEM.,PAISSANDU,ABALROAMENTO LONGITUDINAL,,1,1,,,,,,,,1,,69,CIDADE,Longo da via,Bom,Sem defeito,Perfeito estado,Seca,Perfeito estado,Faixa de pedestre,R-19,60 km/h,Única,Faixa,,,,
2018-12-20,15:53:00,COM VÍTIMA,FINALIZADA,CASA AMARELA,RUA PADRE LEMOS,3,485,,EM FRENTE AO CORREIOS,RUA PADRE LEMOS,485,EM FRENTE AO CORREIOS,CASA AMARELA,ABALROAMENTO TRANSVERSAL,COLISÃO COM VÍTIMA,1,1,,,,,,,,1,,,SUBURBIO,Longo da via,Bom,Não existe,Perfeito estado,Seca,Perfeito estado,Não existe,Não há placas,40 km/h,Dupla,Faixa seccionada,,,,
2018-12-20,17:01:00,COM VÍTIMA,FINALIZADA,ZUMBI,RUA CONS THEODORO,2,25,,,RUA CONS THEODORO,25,,ZUMBI,COLISÃO COM CICLISTA,MOTO DA POLICIA E BICICLETA COM DUAS CRIANÇAS,,1,,1,,,,,,2,,,SUBURBIO,Longo da via,Bom,Não existe,Não existente,Seca,Perfeito estado,Não existe,Placas Pare,,Dupla,Faixa contínua,,,,
2018-12-20,19:51:00,COM VÍTIMA,FINALIZADA,TORRE,RUA JOSE BONIFACIO,0,,,EM FRENTE A IGREJA BATISTA,RUA JOSE BONIFACIO,,EM FRENTE A IGREJA BATISTA,TORRE,COLISÃO TRASEIRA,COLISÃO COM VITIMA,2,,,,,,,,,1,,576,,Longo da via,Bom,Sem defeito,Perfeito estado,Seca,Perfeito estado,Faixa de pedestre,Outras,,Única,Faixa seccionada,,,,
2018-12-20,21:08:00,COM VÍTIMA,FINALIZADA,JARDIM SAO PAULO,RUA LORENA,0,,RUA LEANDRO BARRETO,PROX ACADEMIA WM NA DECIDA DO VIADUTO DE JARDIM SAO PAULO,RUA LORENA,,PROX ACADEMIA WM NA DECIDA DO VIADUTO DE JARDIM SAO PAULO,JARDIM SÃO PAULO,ABALROAMENTO TRANSVERSAL,CHEVROLET CLASSIC X MOTO OBS::: VT 11 DA CTTU NO LOCAL,1,1,,,,,,,,1,,,SUBURBIO,Cruzamento,Bom,Não existe,Incompleta,Seca,Mal iluminada,Não existe,Não há placas,,Dupla,Não existe,,,,
2018-12-20,23:41:00,COM VÍTIMA,FINALIZADA,AREIAS,AV DR JOSE RUFINO,4,1243,,ENF AO SUPERMERCADO ARCO-MIX,AV DR JOSE RUFINO,1243,ENF AO SUPERMERCADO ARCO-MIX,AREIAS,COLISÃO TRASEIRA,PEUGEOT X MOTO,1,1,,,,,,,,1,,,CIDADE,Longo da via,Bom,Não existe,Incompleta,Seca,Perfeito estado,Não existe,Não há placas,,Dupla,Faixa seccionada,,,,
2018-12-19,08:11:00,COM VÍTIMA,FINALIZADA,ESPINHEIRO,RUA CONS PORTELA,3,504,RUA QUARENTA E OITO,E/F A FARMACIA PAGUE MENOS,RUA CONS PORTELA,504,E/F A FARMACIA PAGUE MENOS,ESPINHEIRO,ABALROAMENTO LONGITUDINAL,COM UMA VÍTIMA. VT 07,1,1,,,,,,,,1,,11,SUBURBIO,Cruzamento,Bom,Sem defeito,Perfeito estado,Seca,Perfeito estado,Faixa de pedestre,R-6a,40 km/h,Única,Faixa contínua,,,,
2018-12-21,11:11:00,COM VÍTIMA,FINALIZADA,PARNAMIRIM,AV PARNAMIRIM,0,,RUA JOAO TUDE DE MELO,AO LADO DO SHOPPING PARNAMIRIM.,AV PARNAMIRIM,,AO LADO DO SHOPPING PARNAMIRIM.,PARNAMIRIM,ABALROAMENTO LONGITUDINAL,DOIS AUTO E MOTO,2,1,,,,,,,,1,,,SUBURBIO,Longo da via,Bom,Não existe,Perfeito estado,Seca,Perfeito estado,Outros,Outras,,Dupla,Faixa seccionada,,,,
2018-12-21,15:51:00,COM VÍTIMA,FINALIZADA,SAO JOSE,RUA FLORIANO PEIXOTO,0,,,EM FRENTE A ESTAÇÃO FERROVIARIA.,RUA FLORIANO PEIXOTO,,EM FRENTE A ESTAÇÃO FERROVIARIA.,SÃO JOSÉ,ATROPELAMENTO,COM VÍTIMA,1,,,,1,,,,,1,,,SUBURBIO,Longo da via,Bom,Sem defeito,Perfeito estado,Seca,Perfeito estado,Não existe,Não há placas,,Única,Faixa seccionada,,,,
2018-12-21,15:56:00,COM VÍTIMA,FINALIZADA,CAXANGA,AV CAXANGA,4,2600,RUA N S DA SAUDE,,AV CAXANGA,2600,,CAXANGÁ,ABALROAMENTO LONGITUDINAL,UMA VT DA PMPE DE PLACA EM PERSEGUIÇÃO A UM HB 20 DE PLACA   ESTE ROUBADO  ONDE UM TERCEIRO VEÍCULO DE PLACA TAMBÉM FOI ATINGIDO  ONDE FORAM PRESOS 02 INDIVIDUOS E UM OUTRO FOI BALEADO E CONDUZIDO AO HGV  INFORMAÇÃO REPASSADA PELA TEN  A QUAL REGISTROU A OCORRENCIA,3,,,,,,,,,1,,234,CIDADE,Longo da via,Bom,Sem defeito,Perfeito estado,Seca,Perfeito estado,Faixa de retenção,Outras,,Única,Faixa contínua,,,,
2018-12-21,16:44:00,COM VÍTIMA,FINALIZADA,TAMARINEIRA,RUA ISAAC SALAZAR,3,145,RUA SEBASTIAO ALVES,NA RUA COLEGIO PARNAMIM,RUA ISAAC SALAZAR,145,NA RUA COLEGIO PARNAMIM,TAMARINEIRA,ABALROAMENTO TRANSVERSAL,COLISÃO COM VÍTIMA/ A OUTRA PARTE SE EVADIU,2,,,,,,,,,1,,,SUBURBIO,Cruzamento,Bom,Não existe,Perfeito estado,Seca,Perfeito estado,Não existe,R-34,20 km/h,Única,Faixa contínua,,,,
2018-12-21,20:32:00,COM VÍTIMA,FINALIZADA,BOA VIAGEM,RUA PADRE CARAPUCEIRO,0,,,ESQUINA DO SHOPPING RECIFE  PROX.AO WALLMART,RUA PADRE CARAPUCEIRO,,ESQUINA DO SHOPPING RECIFE  PROX.AO WALLMART,BOA VIAGEM,ABALROAMENTO TRANSVERSAL,COLISÃO COM VITIMA/ AUTO E MOTO,1,1,,,,,,,,1,,542,SUBURBIO,Longo da via,Bom,Sem defeito,Perfeito estado,Seca,Perfeito estado,,Outras,,Única,Faixa contínua,,,,
2018-12-22,13:17:00,COM VÍTIMA,FINALIZADA,BEBERIBE,AV BEBERIBE,4,4265,,EM FRENTE A BORRACHARIA SAO LUIS,AV BEBERIBE,4265,EM FRENTE A BORRACHARIA SAO LUIS,BEBERIBE,CHOQUE VEÍCULO PARADO,CARROÇA E AUTO,1,,,,,,,,1,1,,,CIDADE,Longo da via,Bom,Não existe,Incompleta,Seca,Perfeito estado,Não existe,,,Dupla,Faixa contínua,,,,
2018-12-22,13:49:00,COM VÍTIMA,FINALIZADA,BOA VIAGEM,AV VINTE DE JANEIRO,3,587,RUA DEZ DE JULHO,PROX. AO TERMINAL DE ONIBUS  PROX. AO AEROPORTO,AV VINTE DE JANEIRO,587,PROX. AO TERMINAL DE ONIBUS  PROX. AO AEROPORTO,BOA VIAGEM,ABALROAMENTO TRANSVERSAL,CAMINHAO PEQUENO E MOTO C/V,,1,,,,,1,,,1,,572,SUBURBIO,Cruzamento,Bom,Sem defeito,Perfeito estado,Seca,Perfeito estado,Faixa de pedestre,Outras,,Única,Faixa seccionada,,,,
2018-12-24,07:53:00,COM VÍTIMA,FINALIZADA,MANGABEIRA,AV NORTE,4,4413,AV PROFESSOR JOSE DOS ANJOS,POSTO DE COMBUSTÍVEL BR,AV NORTE,4413,POSTO DE COMBUSTÍVEL BR,MANGABEIRA,ABALROAMENTO LONGITUDINAL,COLISÃO ENVOLVENDO DUAS MOTOCICLETAS C/ VÍTIMA - SOCORRO PRESTADO PELOS BOMBEIROS E SAMU.,,2,,,,,,,,2,,364,CIDADE,Cruzamento,Bom,Sem defeito,Perfeito estado,Seca,Perfeito estado,,Outras,,Dupla,Canteiro central,,,,
2018-12-24,12:50:00,COM VÍTIMA,FINALIZADA,ESPINHEIRO,RUA AMELIA,0,,RUA DR VICENTE MEIRA,E/F AO ESPINHEIRO SHOPPING ESPINHEIRO,RUA AMELIA,,E/F AO ESPINHEIRO SHOPPING ESPINHEIRO,ESPINHEIRO,ABALROAMENTO TRANSVERSAL,COLISAO ENTRE AUTO E MOTO COM UMA VITIMA,1,1,,,,,,,,1,,,CIDADE,Esquina,Bom,Não existe,Perfeito estado,Seca,,Não existe,Outras,,Única,Faixa,,,,
2018-12-25,09:23:00,COM VÍTIMA,FINALIZADA,CAMPO GRANDE,RUA MARQUES DE BAIPENDI,3,766,RUA JERONIMO VILELA,EM FRENTE AO SUPERMERCADO DOIS E BOM.,RUA MARQUES DE BAIPENDI,766,EM FRENTE AO SUPERMERCADO DOIS E BOM.,CAMPO GRANDE,ABALROAMENTO LONGITUDINAL,COLISÃO COM VITIMA.,1,1,,,,,,,,1,,341,SUBURBIO,Cruzamento,Bom,Sem defeito,Perfeito estado,Seca,Perfeito estado,Faixa de pedestre,R-6a,,Dupla,Faixa,,,,
2018-12-25,23:54:00,COM VÍTIMA,FINALIZADA,AGUA FRIA,RUA DA REGENERACAO,3,107,RUA DAS MOCAS,JUNTO A PIZZARIA ATLÂNTICO,RUA DA REGENERACAO,107,JUNTO A PIZZARIA ATLÂNTICO,ÁGUA FRIA,ABALROAMENTO TRANSVERSAL,COLISÃO COM VITIMA / SAMU NO LOCAL,1,1,,,,,,,,1,,472,SUBURBIO,Cruzamento,Bom,Intermitente,Perfeito estado,Seca,Perfeito estado,Faixa de pedestre,Não há placas,,Dupla,Faixa,,,,
2018-12-26,13:05:00,COM VÍTIMA,FINALIZADA,PORTO DA MADEIRA,AV BEBERIBE,4,4216,,APOS A PIZZARIA HUTZ / BATERIAS HELIAR,AV BEBERIBE,4216,APOS A PIZZARIA HUTZ / BATERIAS HELIAR,PORTO DA MADEIRA,ABALROAMENTO LONGITUDINAL,COLISÃO COM VITIMA,1,1,,,,,,,,1,,,SUBURBIO,Longo da via,Bom,Sem defeito,Perfeito estado,Seca,Perfeito estado,Não existe,Não há placas,,Dupla,Faixa contínua,Faixa seccionada,,,
2018-12-26,15:42:00,COM VÍTIMA,FINALIZADA,VARZEA,AV CAXANGA,0,,,E/F AO GOLF CLUB S/T CID / FIAT ITALIANA,AV CAXANGA,,E/F AO GOLF CLUB S/T CID / FIAT ITALIANA,VÁRZEA,COLISÃO TRASEIRA,COLISAO ENTRE DUAS MOTOS COM UMA VITIMA,,2,,,,,,,,1,,,CIDADE,Longo da via,Bom,Não existe,Perfeito estado,Seca,Perfeito estado,Não existe,Outras,,Dupla,Faixa contínua,Faixa seccionada,Canteiro central,,
2018-12-26,16:15:00,COM VÍTIMA,FINALIZADA,DERBY,AV GOVERNADOR AGAMENON MAGALHAES,0,,,EM FRENTE AO BANCO BRADESCO NA PRAÇA DO DERBY,AV GOVERNADOR AGAMENON MAGALHAES,,EM FRENTE AO BANCO BRADESCO NA PRAÇA DO DERBY,DERBY,ATROPELAMENTO,ATROPELAMENTO ENTRE MOTO E PEDESTRE,,1,,,1,,,,,1,,,,Longo da via,Bom,Sem defeito,Perfeito estado,Seca,Perfeito estado,,R-6a,60 km/h,Única,Faixa,,,,
2018-12-26,16:37:00,COM VÍTIMA,FINALIZADA,DERBY,AV GOVERNADOR AGAMENON MAGALHAES,0,,,EM FRENTE A RESTAURAÇÃO,AV GOVERNADOR AGAMENON MAGALHAES,,EM FRENTE A RESTAURAÇÃO,DERBY,COLISÃO TRASEIRA,COLISÃO COM VITIMA,1,1,,,,,,,,1,,,BOA VIAGEM,Longo da via,Bom,Não existe,Perfeito estado,Seca,Perfeito estado,Não existe,Não há placas,,Dupla,Canteiro central,,,,
2018-12-26,16:49:00,COM VÍTIMA,FINALIZADA,IMBIRIBEIRA,AV MARECHAL MASCARENHAS DE MORAES,4,2666,,RUA DOUTOR TAVARES CORREIA/ LOJAS CENTER AÇO,AV MARECHAL MASCARENHAS DE MORAES,2666,RUA DOUTOR TAVARES CORREIA/ LOJAS CENTER AÇO,IMBIRIBEIRA,ABALROAMENTO LONGITUDINAL,COLISÃO COM VITIMA- VITMA AO SOLO. OUTRA PARTE SE AVADIU,1,1,,,,,,,,1,,289,CIDADE,Longo da via,Bom,Sem defeito,Perfeito estado,Seca,Perfeito estado,Não existe,Outras,60 km/h,Dupla,Canteiro central,,,,