data,hora,natureza_acidente,situacao,bairro,endereco,,numero,detalhe_endereco_acidente,complemento,endereco_cruzamento,numero_cruzamento,referencia_cruzamento,bairro_cruzamento,tipo,descricao,auto,moto,ciclom,ciclista,pedestre,onibus,caminhao,viatura,outros,vitimas,vitimasfatais,num_semaforo,sentido_via,acidente_verificado,tempo_clima,situacao_semaforo,sinalizacao,condicao_via,conservacao_via,ponto_controle,situacao_placa,velocidade_max_via,mao_direcao,divisao_via1,divisao_via2,divisao_via3,_id,Protocolo
2018-12-26,18:38:00,COM VÍTIMA,FINALIZADA,IPUTINGA,RUA MAURICIO DE NASSAU,0,,RUA SAO MATEUS,GALERIA AMANDA MARANHAO,RUA MAURICIO DE NASSAU,,GALERIA AMANDA MARANHAO,IPUTINGA,ABALROAMENTO LONGITUDINAL,MOTO X AUTO,1,1,,,,,,,,1,,,SUBURBIO,Cruzamento,Bom,Sem defeito,Incompleta,Seca,Perfeito estado,Faixa de pedestre,,,Dupla,Faixa,,,,
2018-12-26,21:25:00,COM VÍTIMA,FINALIZADA,BOA VIAGEM,AV CONSELHEIRO AGUIAR,4,3303,RUA FELIX DE BRITO E MELO,DE ESQUINA COM BRADESCO E FARMACIA INDEPENDENTE,AV CONSELHEIRO AGUIAR,3303,DE ESQUINA COM BRADESCO E FARMACIA INDEPENDENTE,BOA VIAGEM,ABALROAMENTO LONGITUDINAL,BROS X UP,1,1,,,,,,,,1,,546,CIDADE,Cruzamento,Bom,Sem defeito,Perfeito estado,Seca,Perfeito estado,Faixa de pedestre,R-25d,,Única,Faixa,,,,
2018-12-27,00:05:00,COM VÍTIMA,FINALIZADA,VARZEA,AV CAXANGA,0,,RUA RAUL MORAIS,EM FRENTE AO RESTAURANTE BOI E BRASA // PRÓX AO POSTO DISLUB,AV CAXANGA,,EM FRENTE AO RESTAURANTE BOI E BRASA // PRÓX AO POSTO DISLUB,VÁRZEA,COLISÃO TRASEIRA,COLISÃO ENTRE AUTO E MOTO  COM VÍTIMA.,1,1,,,,,,,,1,,230,CIDADE,Outros,Bom,Sem defeito,Perfeito estado,Seca,Perfeito estado,Outros,Outras,,Única,Não existe,,,,
2018-12-27,00:27:00,COM VÍTIMA,FINALIZADA,CABANGA,PRC GOVERNADOR PAULO GUERRA,0,,LARGO DO CABANGA,COM LARGO DO CABANGA   SEMAFORO Nº662,PRC GOVERNADOR PAULO GUERRA,,COM LARGO DO CABANGA   SEMAFORO Nº662,CABANGA,COLISÃO COM CICLISTA,AUTO E CICLISTA,1,,,1,,,,,,1,,662,SUBURBIO,Longo da via,Bom,Com defeito,Perfeito estado,Seca,Perfeito estado,Faixa de pedestre,Não há placas,,Dupla,Faixa contínua,Canteiro central,,,
2018-12-27,04:25:00,COM VÍTIMA,FINALIZADA,AGUA FRIA,AV BEBERIBE,0,,RUA ALEGRE,PRÓX A ANTIGA EMPRESA SÃO PAULO // PRÓX AO ARMAZÉN CANAL DA CONSTRUÇÃO,AV BEBERIBE,,PRÓX A ANTIGA EMPRESA SÃO PAULO // PRÓX AO ARMAZÉN CANAL DA CONSTRUÇÃO,ÁGUA FRIA,ABALROAMENTO TRANSVERSAL,COLISÃO ENTRE ÔNIBUS E CAMINHÃO  COM VÍTIMAS.,,,,,,1,1,,,4,,64,SUBURBIO,Cruzamento,Bom,Intermitente,Perfeito estado,Seca,Perfeito estado,Faixa de pedestre,Não há placas,,Dupla,Faixa contínua,Faixa seccionada,,,
2018-12-27,14:41:00,COM VÍTIMA,FINALIZADA,IPSEP,RUA HELIO BRANDAO,2,43,RUA ADERBAL DE MELO,ESQUINA COM A FEIJOADA DO JOAO,RUA HELIO BRANDAO,43,ESQUINA COM A FEIJOADA DO JOAO,IPSEP,ABALROAMENTO TRANSVERSAL,CAMINHAO E MOTO C/V,,1,,,,,1,,,1,,,,Longo da via,Bom,Não existe,Perfeito estado,Seca,Perfeito estado,,Placas Pare,,Dupla,Faixa,,,,
2018-12-27,15:44:00,COM VÍTIMA,FINALIZADA,CAMPO GRANDE,AV CORREIA DE BRITO,4,1092,,APOS O MERACADO DE SITIO NOVO  SENTIDO PEIXINHOS  ANTES DO PONTILHAO  EM FRENTE AO PONTO DE PARADA CENTRO AUTOMOTIVO,AV CORREIA DE BRITO,1092,APOS O MERACADO DE SITIO NOVO  SENTIDO PEIXINHOS  ANTES DO PONTILHAO  EM FRENTE AO PONTO DE PARADA CENTRO AUTOMOTIVO,CAMPO GRANDE,ABALROAMENTO LONGITUDINAL,AUTO E MOTO C/V,1,1,,,,,,,,1,,,SUBURBIO,Longo da via,Bom,Não existe,Perfeito estado,Seca,Perfeito estado,Não existe,Não há placas,30 km/h,Dupla,Não existe,,,,
2018-12-27,21:39:00,COM VÍTIMA,FINALIZADA,LINHA DO TIRO,RUA URIEL DE HOLANDA,4,1494,,TERMINAL DE ÔNIBUS,RUA URIEL DE HOLANDA,1494,TERMINAL DE ÔNIBUS,LINHA DO TIRO,ATROPELAMENTO,ATROPELAMENTO,,1,,,1,,,,,2,,,SUBURBIO,Longo da via,Bom,Não existe,Incompleta,Seca,Mal iluminada,Não existe,R-19,30 km/h,Dupla,Faixa contínua,,,,
2018-12-28,06:02:00,COM VÍTIMA,FINALIZADA,BOA VIAGEM,AV ENGENHEIRO DOMINGOS FERREIRA,3,205,RUA TENENTE JOAO CICERO,EM FRENTE AO RESTAURANTE EL TORO,AV ENGENHEIRO DOMINGOS FERREIRA,205,EM FRENTE AO RESTAURANTE EL TORO,BOA VIAGEM,ACID. DE PERCURSO,MOTOQUEIRO DERRAPOU COM A MOTO E ESTA AGUARDANDO SAMU/INSPETOR VAI FAZER O B.O,,1,,,,,,,,1,,,SUBURBIO,Longo da via,Chuvoso,Não existe,Perfeito estado,Molhada,Perfeito estado,Não existe,R-6a,60 km/h,Única,Faixa,Canteiro central,,,
2018-12-28,08:11:00,COM VÍTIMA,FINALIZADA,CASA AMARELA,RUA PADRE LEMOS,3,603,,EM FRENTE AO SUPERMERCADO KINITOS,RUA PADRE LEMOS,603,EM FRENTE AO SUPERMERCADO KINITOS,CASA AMARELA,ABALROAMENTO LONGITUDINAL,COLISÃO COM VITIMA A ESPERA DO SAMU,1,1,,,,,,,,1,,369,SUBURBIO,Longo da via,Bom,Sem defeito,Perfeito estado,Seca,Perfeito estado,Faixa de pedestre,Outras,30 km/h,Dupla,Faixa contínua,Faixa seccionada,,,
2018-12-28,08:41:00,COM VÍTIMA,FINALIZADA,DOIS IRMAOS,RUA MANUEL DE MEDEIROS,3,S/N,,50 METROS APÓS O HOSPITAL VETERINARIO SENTIDO LAFEPE. LADO OPOSTO UFRPE. PRO REITORIA DE EXTENSÃO.,RUA MANUEL DE MEDEIROS,S/N,50 METROS APÓS O HOSPITAL VETERINARIO SENTIDO LAFEPE. LADO OPOSTO UFRPE. PRO REITORIA DE EXTENSÃO.,DOIS IRMÃOS,ABALROAMENTO TRANSVERSAL,COLISÃO ENTRE AUTO E MOTO COM UMA VÍTIMA.,1,1,,,,,,,,1,,,CIDADE,Longo da via,Bom,Não existe,Incompleta,Seca,Perfeito estado,Não existe,Não há placas,,Dupla,Faixa contínua,,,,
2018-12-28,09:14:00,COM VÍTIMA,FINALIZADA,PAISSANDU,AV GOVERNADOR AGAMENON MAGALHAES,0,,,E/F AO HOSPITAL PORTUGUÊS  SENTIDO BOA VIAGEM,AV GOVERNADOR AGAMENON MAGALHAES,,E/F AO HOSPITAL PORTUGUÊS  SENTIDO BOA VIAGEM,PAISSANDU,ABALROAMENTO LONGITUDINAL,COM UMA VÍTIMA.,1,1,,,,,,,,1,,,SUBURBIO,Longo da via,Bom,Sem defeito,Perfeito estado,Seca,Perfeito estado,Outros,Não há placas,60 km/h,Dupla,Faixa,Canal,Blocos,,
2018-12-28,11:28:00,COM VÍTIMA,FINALIZADA,BOA VIAGEM,AV ENGENHEIRO DOMINGOS FERREIRA,4,1900,,AO LADO DA CASA DOS FRIOS. EM FRENTE A MEIRA LINS.,AV ENGENHEIRO DOMINGOS FERREIRA,1900,AO LADO DA CASA DOS FRIOS. EM FRENTE A MEIRA LINS.,BOA VIAGEM,COLISÃO TRASEIRA,COM UMA VITIMA AGUARDANDO O SAMU,1,1,,,,,,,,1,,,SUBURBIO,Longo da via,Bom,Sem defeito,Perfeito estado,Seca,Perfeito estado,Faixa de pedestre,Outras,60 km/h,Única,Canteiro central,,,,
2018-12-28,17:26:00,COM VÍTIMA,FINALIZADA,SAO JOSE,C SANTA RITA,0,,,ÁREA INTERNA DO TERMINAL DE ÔNIBUS.,C SANTA RITA,,ÁREA INTERNA DO TERMINAL DE ÔNIBUS.,SÃO JOSÉ,ATROPELAMENTO,ATROPELAMENTO COM UMA VITIMA,,,,,1,1,,,,1,,,CIDADE,Longo da via,Bom,Sem defeito,Não existente,Seca,Perfeito estado,Não existe,Não há placas,,Única,Canteiro central,,,,
2018-12-28,23:50:00,COM VÍTIMA,FINALIZADA,BARRO,AV DR JOSE RUFINO,0,,RUA JOSE NATARIO,E/F A IGREJA DE AREIAS / AO LADO DO POSTO SHELL  SNT JABOATÃO,AV DR JOSE RUFINO,,E/F A IGREJA DE AREIAS / AO LADO DO POSTO SHELL  SNT JABOATÃO,BARRO,ABALROAMENTO TRANSVERSAL,ENTRE AUTO E MOTO. C/V,1,1,,,,,,,,1,,44,SUBURBIO,Cruzamento,Bom,Sem defeito,Perfeito estado,Seca,Perfeito estado,Faixa de pedestre,Outras,,Dupla,Faixa seccionada,,,,
2018-12-29,00:11:00,COM VÍTIMA,FINALIZADA,VARZEA,AV AFONSO OLINDENSE,3,420,RUA CLAUDIO MANUEL,E/F A GARAGEM DOS ÔNIBUS COMP E ACADEMIA DA CLEO / PRÓX AO RESIDENCIAL CAXANGÁ,AV AFONSO OLINDENSE,420,E/F A GARAGEM DOS ÔNIBUS COMP E ACADEMIA DA CLEO / PRÓX AO RESIDENCIAL CAXANGÁ,VÁRZEA,COLISÃO FRONTAL,ENTRE AUTO E MOTO. C/V,1,1,,,,,,,,1,,,SUBURBIO,Longo da via,Bom,Não existe,Perfeito estado,Seca,Perfeito estado,Não existe,Outras,,Dupla,Faixa contínua,,,,
2018-12-29,08:45:00,COM VÍTIMA,FINALIZADA,IMBIRIBEIRA,AV MARECHAL MASCARENHAS DE MORAES,4,2061,RUA ITALIA,AO LADO DO ASSAÍ ATACADISTA.,AV MARECHAL MASCARENHAS DE MORAES,2061,AO LADO DO ASSAÍ ATACADISTA.,IMBIRIBEIRA,ABALROAMENTO TRANSVERSAL,COLISÃO COM VITIMA A ESPERA DO SAMU,1,1,,,,,,,,1,,,BOA VIAGEM,Longo da via,Bom,Não existe,Perfeito estado,Seca,Perfeito estado,Outros,R-6a,,Dupla,Faixa contínua,Faixa seccionada,Canteiro central,,
2018-12-29,15:24:00,COM VÍTIMA,FINALIZADA,CAMPO GRANDE,RUA JERONIMO VILELA,3,544,RUA LUIZ AVELINO DE ANDRADE,E/F A IGREJA EVAGELICA QUADRANGUAR,RUA JERONIMO VILELA,544,E/F A IGREJA EVAGELICA QUADRANGUAR,CAMPO GRANDE,ABALROAMENTO LONGITUDINAL,COLISÃO ENTRE AUTO E MOTONETA,1,1,,,,,,,,1,,,SUBURBIO,Longo da via,Bom,Não existe,Perfeito estado,Seca,Perfeito estado,Não existe,R-6a,,Dupla,Faixa seccionada,,,,
2018-12-29,21:16:00,COM VÍTIMA,FINALIZADA,IBURA,AV DOIS RIOS,0,,LAD DA COHAB,PROX A POLICLINICA ARNALDO MARQUES // IBURA DE BAIXO,AV DOIS RIOS,,PROX A POLICLINICA ARNALDO MARQUES // IBURA DE BAIXO,IBURA,COLISÃO FRONTAL,MOTO X AUTO // VT DO BOPE NO LOCAL,1,1,,,,,,,,1,,,SUBURBIO,Esquina,Bom,Não existe,Incompleta,Seca,Mal iluminada,,R-6a,,Dupla,Faixa,,,,
2018-12-30,12:28:00,COM VÍTIMA,FINALIZADA,CABANGA,AV SUL,4,1022,,EMBAIXO DO VIADUTO,AV SUL,1022,EMBAIXO DO VIADUTO,CABANGA,COLISÃO COM CICLISTA,ATROPELAMENTO ENVOLVENDO UMA CRIANÇA,1,,,1,,,,,,1,,205,CIDADE,Longo da via,Bom,Não existe,Não existente,Seca,Perfeito estado,Não existe,Não há placas,,Dupla,Canteiro central,,,,
2018-12-30,14:37:00,COM VÍTIMA,FINALIZADA,BOA VIAGEM,RUA ERNESTO DE PAULA SANTOS,3,550,AV FERNANDO SIMOES BARBOSA,EM FRENTE AO POSTO SHELL,RUA ERNESTO DE PAULA SANTOS,550,EM FRENTE AO POSTO SHELL,BOA VIAGEM,ABALROAMENTO LONGITUDINAL,COM VITIMA,,2,,,,,,,,1,,,,Longo da via,Bom,Sem defeito,Perfeito estado,Seca,Perfeito estado,Faixa de retenção,Não há placas,,Única,Não existe,,,,
2018-12-30,14:52:00,COM VÍTIMA,FINALIZADA,ENCRUZILHADA,AV BEBERIBE,3,301,,PROX. AO TRIBUNAL DO TRABALHO E BANCO DO BRASIL.,AV BEBERIBE,301,PROX. AO TRIBUNAL DO TRABALHO E BANCO DO BRASIL.,ENCRUZILHADA,ABALROAMENTO LONGITUDINAL,COLISÃO COM VITIMA,1,1,,,,,,,,1,,,,Longo da via,Bom,Sem defeito,Perfeito estado,Seca,Perfeito estado,Não existe,Não há placas,,Dupla,Faixa contínua,,,,
2018-12-30,18:08:00,COM VÍTIMA,FINALIZADA,PINA,AV HERCULANO BANDEIRA,3,376,AV ENGENHEIRO DOMINGOS FERREIRA,PROX A IGREJA DO PINA,AV HERCULANO BANDEIRA,376,PROX A IGREJA DO PINA,PINA,ABALROAMENTO LONGITUDINAL,MICRO-ONIBUS DO CORPO DE BOMBEIRO E MOTO,,1,,,,1,,,,1,,,SUBURBIO,Longo da via,Bom,Não existe,Perfeito estado,Seca,Perfeito estado,Não existe,R-6a,,Única,Faixa contínua,,,,
2018-12-30,20:44:00,COM VÍTIMA,FINALIZADA,BONGI,RUA CARLOS GOMES,0,,RUA PADRE TEOFILO TWORZ,E/F AO POSTO PROF ROMERO MARQUES / PRÓX A IGREJA EXÉRCITO DA SALVAÇÃO,RUA CARLOS GOMES,,E/F AO POSTO PROF ROMERO MARQUES / PRÓX A IGREJA EXÉRCITO DA SALVAÇÃO,BONGI,ABALROAMENTO TRANSVERSAL,ENTRE AUTO E MOTO. C/V,1,1,,,,,,,,2,,,CIDADE,Cruzamento,Bom,Não existe,Ilegível,Seca,Perfeito estado,Não existe,Outras,,,Não existe,,,,
2018-12-31,13:39:00,COM VÍTIMA,FINALIZADA,BOA VISTA,RUA DA SAUDADE,3,580,RUA JOAO LIRA,PROX. AO TREZE DE MAIO,RUA DA SAUDADE,580,PROX. AO TREZE DE MAIO,BOA VISTA,COLISÃO FRONTAL,DOIS AUTOS,2,,,,,,,,,1,,308,CIDADE,Cruzamento,Bom,Sem defeito,Perfeito estado,Seca,Perfeito estado,Faixa de pedestre,R-6a,,Única,Faixa seccionada,,,,
2018-12-31,14:45:00,COM VÍTIMA,FINALIZADA,PINA,AV HERCULANO BANDEIRA,0,,,E/F A IGREJA DO PINA,AV HERCULANO BANDEIRA,,E/F A IGREJA DO PINA,PINA,COLISÃO TRASEIRA,COLISAO ENTRE AUTO E MOTO COM UMA VITIMA,1,1,,,,,,,,1,,137,SUBURBIO,Longo da via,Bom,Sem defeito,Perfeito estado,Seca,Perfeito estado,Faixa de pedestre,R-32,60 km/h,Única,Faixa seccionada,,,,
2019-01-01,08:17:00,COM VÍTIMA,FINALIZADA,JAQUEIRA,RUA TITO ROSAS,2,63,,ED. JARDINS DA JAQUEIRA,RUA TITO ROSAS,63,ED. JARDINS DA JAQUEIRA,JAQUEIRA,COLISÃO COM CICLISTA,COLISÃO ENVOLVENDO ÔNIBUS E BICICLETA COM VÍTIMA. EQUIPE DEPAROU-SE COM O ACIDENTE.,,,,1,,1,,,,1,,,SUBURBIO,Longo da via,Bom,Não existe,Perfeito estado,Seca,Perfeito estado,Não existe,Não há placas,40 km/h,Única,Faixa seccionada,,,,
2019-01-01,09:30:00,COM VÍTIMA,FINALIZADA,IBURA,AV DOIS RIOS,4,1392,,IBURA DE BAIXO EM FRENTE A IGREJA PAZ E VIDA,AV DOIS RIOS,1392,IBURA DE BAIXO EM FRENTE A IGREJA PAZ E VIDA,IBURA,COLISÃO FRONTAL,COLISÃO VITIMAS SOCORRIDAS PELO SAMU,1,1,,,,,,,,2,,,SUBURBIO,Longo da via,Bom,Não existe,Perfeito estado,Seca,Perfeito estado,Não existe,Não há placas,30 km/h,Dupla,Faixa contínua,,,,
2019-01-01,09:54:00,COM VÍTIMA,FINALIZADA,SAN MARTIN,AV GENERAL SAN MARTIN,4,1622,,APÓS AO BATLHÃO DE CAVALARIA DA PMPE,AV GENERAL SAN MARTIN,1622,APÓS AO BATLHÃO DE CAVALARIA DA PMPE,SAN MARTIN,CHOQUE OBJETO FIXO,VEICULO SE CHOCOU COM UM MURO -D 619237,1,,,,,,,,,4,,,SUBURBIO,Longo da via,Bom,Sem defeito,Perfeito estado,Seca,Perfeito estado,Outros,R-6a,40 km/h,Única,Faixa contínua,,,,
2019-01-01,20:30:00,COM VÍTIMA,FINALIZADA,ESTANCIA,AV DR JOSE RUFINO,0,,,EM FRENTE AO COLÉGIO VISÃO,AV DR JOSE RUFINO,,EM FRENTE AO COLÉGIO VISÃO,ESTÂNCIA,COLISÃO FRONTAL,COLISÃO COM VITIMA/ SARGENTO FERIDA,3,,,,,,,,,1,,82,CIDADE,Cruzamento,Bom,Sem defeito,Perfeito estado,Seca,Perfeito estado,,Outras,,Dupla,Faixa,,,,
2019-01-02,08:07:00,COM VÍTIMA,FINALIZADA,SOLEDADE,RUA DA SOLEDADE,0,,AV OLIVEIRA LIMA,IGREJA DA SOLEDADE,RUA DA SOLEDADE,,IGREJA DA SOLEDADE,SOLEDADE,ABALROAMENTO LONGITUDINAL,COM VÍTIMA,1,1,,,,,,,,1,,222,CIDADE,Cruzamento,Bom,Sem defeito,Perfeito estado,Seca,Perfeito estado,Faixa de pedestre,Outras,,Única,Faixa contínua,,,,
2019-01-02,08:27:00,COM VÍTIMA,FINALIZADA,AREIAS,AV DR JOSE RUFINO,3,749,,LADO OPOSTO AO ARMAZÉM CORAL.,AV DR JOSE RUFINO,749,LADO OPOSTO AO ARMAZÉM CORAL.,AREIAS,ABALROAMENTO LONGITUDINAL,MOTO E AUTO,1,1,,,,,,,,1,,,CIDADE,Longo da via,Bom,Não existe,Perfeito estado,Seca,Perfeito estado,Outros,R-6a,,Dupla,Faixa contínua,,,,
2019-01-02,15:32:00,VÍTIMA FATAL,FINALIZADA,BONGI,EST DO BONGI,3,919,AV MANOEL GONCALVES DA LUZ,PROXIMO A DELEGACIA DO BONGI,EST DO BONGI,919,PROXIMO A DELEGACIA DO BONGI,BONGI,COLISÃO COM CICLISTA,COM VÍTIMA,,,,1,,,1,,,,1,,CIDADE,Cruzamento,Bom,Sem defeito,Perfeito estado,Seca,Mal conservada,Outros,,,Dupla,Faixa contínua,,,,
2019-01-02,17:05:00,COM VÍTIMA,FINALIZADA,TAMARINEIRA,AV PROFESSOR JOSE DOS ANJOS,4,1651,,EM FRENTE AO RESIDENCIAL NORTE,AV PROFESSOR JOSE DOS ANJOS,1651,EM FRENTE AO RESIDENCIAL NORTE,TAMARINEIRA,CHOQUE OBJETO FIXO,ÁRVORE,,,,,,,1,,,2,,,SUBURBIO,Longo da via,Bom,Não existe,Não existente,Seca,Perfeito estado,,Não há placas,,Dupla,Canteiro central,,,,
2019-01-03,06:11:00,COM VÍTIMA,FINALIZADA,SAN MARTIN,RUA VINTE E UM DE ABRIL,3,175,RUA MANOEL VIEIRA,NA ESQUINA DA BRASIL GAS,RUA VINTE E UM DE ABRIL,175,NA ESQUINA DA BRASIL GAS,SAN MARTIN,ABALROAMENTO TRANSVERSAL,COM UMA VITMA AGUARDANDO SAMU,1,1,,,,,,,,2,,,CIDADE,Cruzamento,Bom,Não existe,Perfeito estado,Seca,Perfeito estado,Não existe,Não há placas,,Dupla,Não existe,,,,
2019-01-03,07:17:00,COM VÍTIMA,FINALIZADA,SAN MARTIN,AV GENERAL SAN MARTIN,4,1449,,E/F AO COLÉGIO DOM BOSCO. EM FRENTE A FACULDADE ESTÁCIO.,AV GENERAL SAN MARTIN,1449,E/F AO COLÉGIO DOM BOSCO. EM FRENTE A FACULDADE ESTÁCIO.,SAN MARTIN,ABALROAMENTO TRANSVERSAL,COM DUAS VÍTIMAS,1,1,,,,,,,,2,,,CIDADE,Longo da via,Bom,Não existe,Perfeito estado,Seca,Perfeito estado,,Outras,,Dupla,Faixa seccionada,,,,
2019-01-03,07:20:00,COM VÍTIMA,FINALIZADA,BOA VISTA,RUA DO HOSPICIO,0,,RUA PRINCESA IZABEL,EM FRENTE A CASA JOSÉ MARIANO.,RUA DO HOSPICIO,,EM FRENTE A CASA JOSÉ MARIANO.,BOA VISTA,COLISÃO FRONTAL,COM UMA VITIMA AGUARDANDO SAMU,1,1,,,,,,,,1,,31,SUBURBIO,Cruzamento,Bom,Sem defeito,Perfeito estado,Seca,Perfeito estado,Não existe,R-6a,,Dupla,Faixa contínua,,,,
2019-01-03,07:54:00,COM VÍTIMA,FINALIZADA,MACAXEIRA,AV NORTE,2,82,,PROXIMO A ENTRADA DO CÓRREGO DO GENIPAPO,AV NORTE,82,PROXIMO A ENTRADA DO CÓRREGO DO GENIPAPO,MACAXEIRA,CHOQUE OBJETO FIXO,VEICULO CAIU NO BARRANCO,1,,,,,,,,,1,,,CIDADE,Longo da via,Bom,Não existe,Perfeito estado,Seca,Perfeito estado,Não existe,Não há placas,60 km/h,Dupla,Faixa seccionada,,,,
2019-01-03,11:01:00,COM VÍTIMA,FINALIZADA,SANTO ANTONIO,AV DANTAS BARRETO,0,,RUA PRIMEIRO DE MARCO,EM BAIXO DO SEMAFORO 015,AV DANTAS BARRETO,,EM BAIXO DO SEMAFORO 015,SANTO ANTÔNIO,ABALROAMENTO TRANSVERSAL,COLISÃO ENTRE AUTO E ÔNIBUS.,1,,,,,1,,,,1,,15,SUBURBIO,Cruzamento,Bom,Sem defeito,Perfeito estado,Seca,Perfeito estado,Faixa de pedestre,Não há placas,,Dupla,Faixa,,,,
2019-01-03,12:57:00,COM VÍTIMA,FINALIZADA,BOA VIAGEM,AV CONSELHEIRO AGUIAR,4,3197,RUA MAMANGUAPE,APÓS AO CARREFOUR. EM FRENTE AO BANCO SAFRA.,AV CONSELHEIRO AGUIAR,3197,APÓS AO CARREFOUR. EM FRENTE AO BANCO SAFRA.,BOA VIAGEM,COLISÃO,COLISÃO COM VITIMA,1,1,,,,,,,,1,,,CIDADE,Cruzamento,Bom,Não existe,Perfeito estado,Seca,Perfeito estado,Faixa de retenção,Placas Pare,,Única,Faixa contínua,,,,
2019-01-03,15:54:00,COM VÍTIMA,FINALIZADA,IMBIRIBEIRA,RUA ITAJAI,3,301,RUA ITACARI,RUA AO LADO DO BANCO ITAU,RUA ITAJAI,301,RUA AO LADO DO BANCO ITAU,IMBIRIBEIRA,ABALROAMENTO TRANSVERSAL,AUTO E MOTO C/V,1,1,,,,,,,,2,,,SUBURBIO,Cruzamento,Bom,Não existe,Incompleta,Seca,Perfeito estado,,Placas Pare,,Única,Faixa,,,,
2019-01-04,07:58:00,COM VÍTIMA,FINALIZADA,TOTO,RUA ONZE DE AGOSTO,3,283,,EM FRENTE A LOJA GE BIKE,RUA ONZE DE AGOSTO,283,EM FRENTE A LOJA GE BIKE,TOTÓ,ATROPELAMENTO,VITIMA A ESPERA DO SAMU,,1,,,1,,,,,1,,,CIDADE,Longo da via,Bom,Não existe,Perfeito estado,Seca,Perfeito estado,Não existe,R-6a,,Dupla,Não existe,,,,
2019-01-04,12:30:00,COM VÍTIMA,FINALIZADA,AFOGADOS,RUA MANOEL FERNANDES DE ALBUQUERQUE,2,53,,PROX AO BONDE DO NÓ NA ENTRADA DA MANGUEIRA,RUA MANOEL FERNANDES DE ALBUQUERQUE,53,PROX AO BONDE DO NÓ NA ENTRADA DA MANGUEIRA,AFOGADOS,COLISÃO FRONTAL,COLISAO ENTRE AUTO E MOTO COM UMA VITIMA,1,1,,,,,,,,1,,,,Longo da via,Bom,Não existe,Perfeito estado,Seca,Perfeito estado,Não existe,Não há placas,,Dupla,Não existe,,,,
2019-01-04,14:07:00,COM VÍTIMA,FINALIZADA,GRACAS,AV RUI BARBOSA,3,896,RUA AMELIA,EM FRENTE A GALERIA TOP CENTER GRAÇAS,AV RUI BARBOSA,896,EM FRENTE A GALERIA TOP CENTER GRAÇAS,GRAÇAS,COLISÃO,COLISÃO COM VÍTIMA,1,1,,,,,,,,1,,48,CIDADE,Cruzamento,Bom,Sem defeito,Perfeito estado,Seca,Perfeito estado,Faixa de pedestre,Não há placas,,Única,Faixa contínua,,,,
2019-01-04,18:41:00,COM VÍTIMA,FINALIZADA,SANTO ANTONIO,AV DANTAS BARRETO,0,,RUA SIQUEIRA CAMPOS,ENF AO INSS,AV DANTAS BARRETO,,ENF AO INSS,SANTO ANTÔNIO,ABALROAMENTO TRANSVERSAL,ONIBIUS CAXANGA X MOTO DA POLICIA,,1,,,,1,,,,1,,141,SUBURBIO,Esquina,Bom,Sem defeito,Perfeito estado,Seca,Perfeito estado,Faixa de pedestre,Outras,,,,,,,
2019-01-04,19:53:00,COM VÍTIMA,FINALIZADA,IMBIRIBEIRA,AV MARECHAL MASCARENHAS DE MORAES,4,1815,AV ENGENHEIRO ALVES DE SOUZA,E/F A HONDA  SNT AEROPORTO / PRÓX AO POSTO BR,AV MARECHAL MASCARENHAS DE MORAES,1815,E/F A HONDA  SNT AEROPORTO / PRÓX AO POSTO BR,IMBIRIBEIRA,COLISÃO TRASEIRA,ENTRE 3 AUTOS PASSEIO E MOTO. C/V,2,1,,,,,,,,2,,288,SUBURBIO,Cruzamento,Bom,Sem defeito,Perfeito estado,Seca,Perfeito estado,Faixa de pedestre,Não há placas,,Dupla,Canteiro central,,,,
2019-01-04,22:12:00,VÍTIMA FATAL,FINALIZADA,AFOGADOS,RUA COSME VIANA,3,142,RUA GURUPE,APOIS A TUPAN SENTIDO AFOGADOS,RUA COSME VIANA,142,APOIS A TUPAN SENTIDO AFOGADOS,AFOGADOS,ATROPELAMENTO,MOTO X PEDESTRE,,1,,,1,,,,,,1,,SUBURBIO,Longo da via,Bom,Não existe,,Seca,Perfeito estado,,R-32,,Única,Faixa seccionada,,,,