data,hora,natureza_acidente,situacao,bairro,endereco,,numero,detalhe_endereco_acidente,complemento,endereco_cruzamento,numero_cruzamento,referencia_cruzamento,bairro_cruzamento,tipo,descricao,auto,moto,ciclom,ciclista,pedestre,onibus,caminhao,viatura,outros,vitimas,vitimasfatais,num_semaforo,sentido_via,acidente_verificado,tempo_clima,situacao_semaforo,sinalizacao,condicao_via,conservacao_via,ponto_controle,situacao_placa,velocidade_max_via,mao_direcao,divisao_via1,divisao_via2,divisao_via3,_id,Protocolo
2019-01-14,08:37:00,COM VÍTIMA,FINALIZADA,PINA,AV ANTONIO DE GOES,0,,,EM FRENTE À PRF,AV ANTONIO DE GOES,,EM FRENTE À PRF,PINA,COLISÃO TRASEIRA,AUTO E MOTO S/V.,1,1,,,,,,,,1,,,,Longo da via,Bom,Não existe,Perfeito estado,Seca,Perfeito estado,Não existe,Não há placas,60 km/h,Única,Faixa seccionada,,,,
2019-01-14,10:54:00,COM VÍTIMA,FINALIZADA,CASA AMARELA,AV NORTE,4,6430,,EM FRENTE A OFICINA ARRAIAL PEÇAS E SERVIÇOS,AV NORTE,6430,EM FRENTE A OFICINA ARRAIAL PEÇAS E SERVIÇOS,CASA AMARELA,ABALROAMENTO LONGITUDINAL,AUTO PASSEIO E MOTOCICLETA,1,1,,,,,,,,1,,,SUBURBIO,Longo da via,Bom,Não existe,Perfeito estado,Seca,Perfeito estado,Não existe,Não há placas,60 km/h,Dupla,Canteiro central,,,,
2019-01-14,19:10:00,COM VÍTIMA,FINALIZADA,AREIAS,AV DR JOSE RUFINO,4,1315,RUA DA CAPIVARA,EM FRENTE A FARMACIA SANTA TEREZINHA  EM FRENTE AO PICANHA DOURADA  PROX DO SUPERMERCADO ARCO-MIX AREIAS,AV DR JOSE RUFINO,1315,EM FRENTE A FARMACIA SANTA TEREZINHA  EM FRENTE AO PICANHA DOURADA  PROX DO SUPERMERCADO ARCO-MIX AREIAS,AREIAS,COLISÃO FRONTAL,COLISÃO ENTRE AUTO E MOTO C/V,1,1,,,,,,,,1,,,,Esquina,Bom,Não existe,Perfeito estado,Seca,Perfeito estado,Não existe,Não há placas,,Dupla,Faixa contínua,,,,
2019-01-15,08:31:00,COM VÍTIMA,FINALIZADA,CAXANGA,AV CAXANGA,4,4695,,EM FRENTE AO GOLF CLUB,AV CAXANGA,4695,EM FRENTE AO GOLF CLUB,CAXANGÁ,ABALROAMENTO LONGITUDINAL,SEM VITIMAS,1,1,,,,,,,,2,,,CIDADE,Longo da via,Bom,Não existe,Perfeito estado,Seca,Perfeito estado,Não existe,R-6a,,Dupla,Faixa seccionada,,,,
2019-01-16,08:58:00,COM VÍTIMA,FINALIZADA,ROSARINHO,AV NORTE,4,3388,RUA TREZE DE JUNHO,LADO OPOSTO AO POSTO BR,AV NORTE,3388,LADO OPOSTO AO POSTO BR,ROSARINHO,ABALROAMENTO LONGITUDINAL,COM UMA VITIMA AGUARDANDO SOCORRO,1,1,,,,,,,,1,,453,CIDADE,Longo da via,Bom,Sem defeito,Perfeito estado,Seca,Perfeito estado,Faixa de pedestre,Outras,,Dupla,Canteiro central,,,,
2019-01-16,15:43:00,COM VÍTIMA,FINALIZADA,CASA AMARELA,RUA PADRE LEMOS,3,767,AV NORTE,AO LADO DO POSTO BR.,RUA PADRE LEMOS,767,AO LADO DO POSTO BR.,CASA AMARELA,COLISÃO FRONTAL,COLISAO ENTRE AUTO E MOTO COM UMA VITIMA,1,1,,,,,,,,1,,,SUBURBIO,Longo da via,Bom,Não existe,Perfeito estado,Seca,Perfeito estado,Outros,R-6a,,Dupla,Faixa seccionada,,,,
2019-01-16,22:53:00,COM VÍTIMA,FINALIZADA,ENCRUZILHADA,RUA INACIO GALVAO DOS SANTOS,3,290,RUA FERNANDO CESAR,NA RUA DO BANCO DO BRASIL,RUA INACIO GALVAO DOS SANTOS,290,NA RUA DO BANCO DO BRASIL,ENCRUZILHADA,ABALROAMENTO TRANSVERSAL,COLISÃO COM VÍTIMA,1,1,,,,,,,,1,,,SUBURBIO,Cruzamento,Bom,Não existe,Ilegível,Seca,Mal iluminada,Não existe,Placas Pare,30 km/h,,Não existe,,,,
2019-01-17,07:46:00,COM VÍTIMA,FINALIZADA,PAISSANDU,RUA PAISSANDU,3,550,,,RUA PAISSANDU,550,,PAISSANDU,ATROPELAMENTO,UMA VITIMA  VT15 CTTU NO LOCAL,1,,,,1,,,,,1,,69,SUBURBIO,Longo da via,Bom,Sem defeito,Perfeito estado,Seca,Perfeito estado,Faixa de pedestre,R-6a,,Dupla,Faixa seccionada,Canteiro central,,,
2019-01-17,08:42:00,COM VÍTIMA,FINALIZADA,CASA FORTE,AV DEZESSETE DE AGOSTO,3,117,,LADO OPOSTO AO 117,AV DEZESSETE DE AGOSTO,117,LADO OPOSTO AO 117,CASA FORTE,COLISÃO FRONTAL,COM UMA VITIMA,,1,,,,1,,,,1,,,SUBURBIO,Longo da via,Bom,Sem defeito,Perfeito estado,Seca,Perfeito estado,Não existe,,,,,,,,
2019-01-17,19:24:00,COM VÍTIMA,FINALIZADA,IBURA,AV DOIS RIOS,0,,,PROX. A POLICLINICA DO IBURA. LADEIRA DA COHAB.,AV DOIS RIOS,,PROX. A POLICLINICA DO IBURA. LADEIRA DA COHAB.,IBURA,COLISÃO FRONTAL,COLISÃO COM VITIMA,,1,,,,,1,,,1,,,SUBURBIO,Longo da via,Bom,Não existe,Incompleta,Seca,Perfeito estado,Não existe,Não há placas,,Dupla,Faixa,,,,
2019-01-18,09:12:00,COM VÍTIMA,FINALIZADA,TEJIPIO,AV DR JOSE RUFINO,0,,,EM FRENTE AO CONDOMINIO CASA SOLAR. EM FRENTE A ESCOLA ESTADUAL HUMBERTO CASTELO BRANCO.,AV DR JOSE RUFINO,,EM FRENTE AO CONDOMINIO CASA SOLAR. EM FRENTE A ESCOLA ESTADUAL HUMBERTO CASTELO BRANCO.,TEJIPIÓ,ABALROAMENTO TRANSVERSAL,COLISÃO COM VITIMA A ESPERA DO SAMU,2,,,,,,,,,1,,,SUBURBIO,Longo da via,Bom,Sem defeito,Perfeito estado,Seca,Perfeito estado,,Não há placas,,Dupla,Faixa,,,,
2019-01-15,09:10:00,COM VÍTIMA,FINALIZADA,DERBY,AV GOVERNADOR AGAMENON MAGALHAES,0,,AV GOVERNADOR CARLOS DE LIMA CAVALCANTI,,AV GOVERNADOR AGAMENON MAGALHAES,,,DERBY,ABALROAMENTO TRANSVERSAL,COLISÃO COM UMA VÍTIMA.,,1,,,,,1,,,1,,75,SUBURBIO,Cruzamento,Bom,Sem defeito,Perfeito estado,Seca,Perfeito estado,,,,Dupla,,,,,
2019-01-18,15:03:00,COM VÍTIMA,FINALIZADA,CASA AMARELA,EST DO ARRAIAL,4,4265,RUA RAIMUNDO FREIXEIRA,APOS O MERCADO DE CASA AMARELA  EM FRENTE A CASA FORTE DIAGNOSTICO,EST DO ARRAIAL,4265,APOS O MERCADO DE CASA AMARELA  EM FRENTE A CASA FORTE DIAGNOSTICO,CASA AMARELA,COLISÃO COM CICLISTA,AUTO E CICLISTA,1,,,1,,,,,,1,,,SUBURBIO,Longo da via,Bom,Sem defeito,Perfeito estado,Seca,Perfeito estado,Não existe,Não há placas,,Única,Faixa seccionada,,,,
2019-01-18,19:01:00,COM VÍTIMA,FINALIZADA,SANTO AMARO,AV CRUZ CABUGA,0,,,EM FRENTE AO HOSP. DO CÂNCER,AV CRUZ CABUGA,,EM FRENTE AO HOSP. DO CÂNCER,SANTO AMARO,COLISÃO TRASEIRA,COLISÃO COM VÍTIMA,,1,,,,1,,,,1,,,CIDADE,Longo da via,Bom,Sem defeito,Perfeito estado,Seca,Perfeito estado,Não existe,Outras,,Dupla,Canteiro central,,,,
2019-01-18,23:17:00,COM VÍTIMA,FINALIZADA,SANTO AMARO,AV CRUZ CABUGA,4,1200,,E/F AO HOSPITAL NAVAL E PRÓX A SETRA  snt recife / PRÓX A ÁREA MILITAR,AV CRUZ CABUGA,1200,E/F AO HOSPITAL NAVAL E PRÓX A SETRA  snt recife / PRÓX A ÁREA MILITAR,SANTO AMARO,CHOQUE VEÍCULO PARADO,ENTRE CAMINHÃO E MOTO. C/V,,1,,,,,1,,,1,,,CIDADE,Longo da via,Bom,Sem defeito,Perfeito estado,Seca,Perfeito estado,Não existe,Não há placas,,Dupla,Faixa seccionada,,,,
2019-01-19,10:09:00,COM VÍTIMA,FINALIZADA,PRADO,EST DOS REMEDIOS,0,,AV ENGENHEIRO ABDIAS DE CARVALHO,EM FRENTE A FARMACIA DROGASIL,EST DOS REMEDIOS,,EM FRENTE A FARMACIA DROGASIL,PRADO,ABALROAMENTO TRANSVERSAL,COLISÃO COM VITIMA A ESPERA DO SAMU,1,1,,,,,,,,2,,52,SUBURBIO,Cruzamento,Bom,Sem defeito,Perfeito estado,Seca,Perfeito estado,Faixa de pedestre,Outras,,Dupla,Canteiro central,,,,
2019-01-19,16:14:00,COM VÍTIMA,FINALIZADA,ROSARINHO,AV SANTOS DUMONT,3,815,,ANTES DA PADARIA DO ROSARINHO. EM FRENTE AO EDIFÍCIO PEDRA DO SÍTIO DAS ROSEIRAS.,AV SANTOS DUMONT,815,ANTES DA PADARIA DO ROSARINHO. EM FRENTE AO EDIFÍCIO PEDRA DO SÍTIO DAS ROSEIRAS.,ROSARINHO,CHOQUE VEÍCULO PARADO,COLISÃO COM VITIMAS,4,,,,,,,,,1,,,ARRUDA,Longo da via,Bom,Sem defeito,Perfeito estado,Seca,Perfeito estado,Faixa de pedestre,Não há placas,,Única,Faixa seccionada,,,,
2019-01-19,18:47:00,COM VÍTIMA,FINALIZADA,AGUA FRIA,AV BEBERIBE,0,,,E/F AO PAGODE DA PRESSÃO,AV BEBERIBE,,E/F AO PAGODE DA PRESSÃO,ÁGUA FRIA,COLISÃO FRONTAL,COLISÃO C/V,,2,,,,,,,,1,,153,CIDADE,Longo da via,Bom,Sem defeito,Perfeito estado,Seca,Perfeito estado,Faixa de pedestre,Não há placas,,Dupla,Faixa contínua,Faixa seccionada,,,
2019-01-20,00:21:00,COM VÍTIMA,FINALIZADA,CORDEIRO,AV GENERAL SAN MARTIN,0,,RUA GOMES TABORDA,PRÓX A DROGASIL // PRÓX AO ATAREJO IDEAL,AV GENERAL SAN MARTIN,,PRÓX A DROGASIL // PRÓX AO ATAREJO IDEAL,CORDEIRO,ABALROAMENTO LONGITUDINAL,COLISÃO ENTRE AUTO E MOTO  SEM VÍTIMAS.,1,1,,,,,,,,1,,67,,Cruzamento,Bom,Sem defeito,Perfeito estado,Seca,Perfeito estado,Faixa de pedestre,Outras,,Dupla,Não existe,,,,
2019-01-20,08:21:00,COM VÍTIMA,FINALIZADA,CABANGA,PTE GOVERNADOR PAULO GUERRA,0,,,SOBRE A PONTE DO CABANGA  AO LADO DO CABANGA IATE CLUBE,PTE GOVERNADOR PAULO GUERRA,,SOBRE A PONTE DO CABANGA  AO LADO DO CABANGA IATE CLUBE,CABANGA,COLISÃO TRASEIRA,COM UMA VÍTIMA HÁ SER SOCORRIDA PELO SAMU,1,1,,,,,,,,2,,,JOANA BEZERRA,Ponte,Bom,Não existe,Perfeito estado,Seca,Perfeito estado,Outros,Outras,40 km/h,Única,Faixa contínua,Faixa seccionada,,,
2019-01-20,14:12:00,COM VÍTIMA,FINALIZADA,ARRUDA,AV BEBERIBE,3,875,,PROX. AO CAMPO DO ARRUDA  E AO LADO DO LOJAO DO PETROLEO,AV BEBERIBE,875,PROX. AO CAMPO DO ARRUDA  E AO LADO DO LOJAO DO PETROLEO,ARRUDA,ABALROAMENTO LONGITUDINAL,AUTO E MOTO C/V,1,1,,,,,,,,1,,,CIDADE,Longo da via,Bom,Não existe,Perfeito estado,Seca,Perfeito estado,Não existe,R-6a,,Dupla,Faixa contínua,Faixa seccionada,,,
2019-01-20,15:07:00,COM VÍTIMA,FINALIZADA,ENCRUZILHADA,AV NORTE,0,,AV JOAO DE BARROS,EM FRENTE AO SANTADER,AV NORTE,,EM FRENTE AO SANTADER,ENCRUZILHADA,ABALROAMENTO TRANSVERSAL,AUTO E MOTO C/V,1,1,,,,,,,,1,,43,SUBURBIO,Cruzamento,Bom,Sem defeito,Perfeito estado,Seca,Perfeito estado,Faixa de pedestre,,60 km/h,Única,Faixa,Canteiro central,,,
2019-01-21,07:04:00,COM VÍTIMA,FINALIZADA,SANTO ANTONIO,PTE SEIS DE MARCO,0,,,SOBRE A PONTE VELHA,PTE SEIS DE MARCO,,SOBRE A PONTE VELHA,SANTO ANTÔNIO,ABALROAMENTO TRANSVERSAL,COM UMA VITIMA  JA SOCORRIDA PELOS BOMBEIROS CTTU NO LOCAL 11/13 MOTOS,1,1,,,,,,,,1,,,CIDADE,Longo da via,Bom,Não existe,Perfeito estado,Seca,Perfeito estado,Não existe,Outras,,Única,Faixa,,,,
2019-01-21,08:42:00,COM VÍTIMA,FINALIZADA,APIPUCOS,AV DEZESSETE DE AGOSTO,3,685,,LAGOA DE APIPUCOS.,AV DEZESSETE DE AGOSTO,685,LAGOA DE APIPUCOS.,APIPUCOS,ABALROAMENTO LONGITUDINAL,AUTO E MOTO,1,1,,,,,,,,1,,,SUBURBIO,Longo da via,Bom,Não existe,Perfeito estado,Seca,Perfeito estado,Não existe,R-6a,,Dupla,Faixa contínua,,,,
2019-01-21,09:26:00,COM VÍTIMA,FINALIZADA,SANTO ANTONIO,AV MARTINS DE BARROS,0,,PRC DA REPUBLICA,EM FRENTE A SECRETARIA DA FAZENDA ESTADUAL,AV MARTINS DE BARROS,,EM FRENTE A SECRETARIA DA FAZENDA ESTADUAL,SANTO ANTÔNIO,COLISÃO TRASEIRA,COLISÃO SEM VITIMAS,2,,,,,1,,,,1,,,SUBURBIO,Longo da via,Bom,Sem defeito,Perfeito estado,Seca,Perfeito estado,Faixa de pedestre,,,Única,Faixa,,,,
2019-01-21,10:25:00,COM VÍTIMA,FINALIZADA,PRADO,RUA PADRE TEOFILO TWORZ,3,295,RUA SANTA EDWIRGES,EM FRENTE A IGREJA PREBISTERIANA DO PRADO,RUA PADRE TEOFILO TWORZ,295,EM FRENTE A IGREJA PREBISTERIANA DO PRADO,PRADO,ABALROAMENTO TRANSVERSAL,COLISÃO COM VITIMA SOCORRIDO PELO SAMU,2,1,,,,,,,,1,,,CIDADE,Cruzamento,Bom,Não existe,Incompleta,Seca,Perfeito estado,Não existe,Não há placas,,Dupla,Não existe,,,,
2019-01-21,10:31:00,COM VÍTIMA,FINALIZADA,APIPUCOS,RUA DE APIPUCOS,0,,,PARQUE APIPUCOS.,RUA DE APIPUCOS,,PARQUE APIPUCOS.,APIPUCOS,COLISÃO TRASEIRA,COM UMA VITIMA  SAMU NO LOCAL VT 13 CTTU NO LOCAL,1,1,,,,,,,,1,,,CIDADE,Longo da via,Bom,Não existe,Perfeito estado,Seca,Perfeito estado,Não existe,Outras,60 km/h,Dupla,Faixa,,,,
2019-01-21,11:05:00,COM VÍTIMA,FINALIZADA,SANTO AMARO,AV DR JAYME DA FONTE,0,,,NA CURVA AO LADO DO HOSPITAL NAVAL/SENTIDO OLINDA,AV DR JAYME DA FONTE,,NA CURVA AO LADO DO HOSPITAL NAVAL/SENTIDO OLINDA,SANTO AMARO,COLISÃO COM CICLISTA,SAMU NO LOCAL,1,,,1,,,,,,1,,343,SUBURBIO,Longo da via,Bom,Sem defeito,Perfeito estado,Seca,Perfeito estado,Não existe,Não há placas,60 km/h,Dupla,Faixa seccionada,Canteiro central,,,
2019-01-21,16:50:00,VÍTIMA FATAL,FINALIZADA,TORRE,RUA COMPOSITOR JOAO SANTIAGO,1,6,,III DISTRITO SANITÁRIO,RUA COMPOSITOR JOAO SANTIAGO,6,III DISTRITO SANITÁRIO,TORRE,ATROPELAMENTO,AUTO E PEDESTRE,1,,,,2,,,,,1,1,,,Longo da via,Bom,Não existe,Perfeito estado,Seca,Perfeito estado,Não existe,Não há placas,,Dupla,Não existe,,,,
2019-01-21,17:47:00,COM VÍTIMA,FINALIZADA,AGUA FRIA,AV BEBERIBE,4,2491,,EM FRENTE AO POSTO BR,AV BEBERIBE,2491,EM FRENTE AO POSTO BR,ÁGUA FRIA,ABALROAMENTO LONGITUDINAL,AUTO E MOTO C/V,1,1,,,,,,,,1,,,,Longo da via,Bom,Não existe,Perfeito estado,Seca,Perfeito estado,Não existe,Outras,,Dupla,Faixa seccionada,,,,
2019-01-31,18:15:00,COM VÍTIMA,FINALIZADA,CORDEIRO,AV INACIO MONTEIRO,0,,RUA DR MIGUEL VIEIRA FERREIRA,SEMAFORO 566/ DROGARIA CORDEIRO,AV INACIO MONTEIRO,,SEMAFORO 566/ DROGARIA CORDEIRO,CORDEIRO,COLISÃO FRONTAL,COLISÃO COM VITIMA,1,1,,,,,,,,1,,566,SUBURBIO,Cruzamento,Bom,Sem defeito,Perfeito estado,Seca,,Faixa de pedestre,,40 km/h,Dupla,Faixa,,,,
2019-01-22,10:11:00,COM VÍTIMA,FINALIZADA,SANTO AMARO,RUA DO POMBAL,0,,RUA TUPINIQUINS,,RUA DO POMBAL,,,SANTO AMARO,ABALROAMENTO TRANSVERSAL,,2,,,,,,,,,1,,,indefinido,Cruzamento,Chuvoso,Não existe,Perfeito estado,Molhada,Perfeito estado,Não existe,Não há placas,30 km/h,Dupla,Faixa seccionada,,,,
2019-01-22,13:50:00,COM VÍTIMA,FINALIZADA,CORDEIRO,AV CAXANGA,0,,,EM FRENTE A IGREJA SÃO SEBASTIÃO/ SENTIDO SUBURBIO,AV CAXANGA,,EM FRENTE A IGREJA SÃO SEBASTIÃO/ SENTIDO SUBURBIO,CORDEIRO,ABALROAMENTO LONGITUDINAL,COLISÃO COM VÍTIMA,1,1,,,,,,,,1,,236,SUBURBIO,Longo da via,Chuvoso,Sem defeito,Perfeito estado,Molhada,Perfeito estado,Não existe,,,Dupla,Canteiro central,,,,
2019-01-22,15:15:00,COM VÍTIMA,FINALIZADA,IPUTINGA,RUA GASPAR PEREZ,3,465,,EM FRENTE A PAN GOLDEN E AO PREDIO DA OI,RUA GASPAR PEREZ,465,EM FRENTE A PAN GOLDEN E AO PREDIO DA OI,IPUTINGA,COLISÃO TRASEIRA,COLISÃO COM VÍTIMA,1,1,,,,,,,,1,,,CIDADE,Longo da via,Bom,Não existe,Incompleta,Seca,Perfeito estado,Não existe,Não há placas,,Dupla,Não existe,,,,
2019-01-22,17:38:00,COM VÍTIMA,FINALIZADA,ENGENHO DO MEIO,RUA ANTONIO CURADO,0,,,AO LADO DO CLUBE DA SUDENE.,RUA ANTONIO CURADO,,AO LADO DO CLUBE DA SUDENE.,ENGENHO DO MEIO,ABALROAMENTO TRANSVERSAL,,,1,,,,,1,,,1,,395,SUBURBIO,Cruzamento,Chuvoso,Sem defeito,Não existente,Molhada,Perfeito estado,Faixa de pedestre,Não há placas,,Dupla,Não existe,,,,
2019-01-22,18:08:00,COM VÍTIMA,FINALIZADA,MADALENA,AV ENGENHEIRO ABDIAS DE CARVALHO,0,,,APOS A HABIBS. LADO OPOSTO A ENGEFRIO.,AV ENGENHEIRO ABDIAS DE CARVALHO,,APOS A HABIBS. LADO OPOSTO A ENGEFRIO.,MADALENA,COLISÃO TRASEIRA,COLISÃO S/V,1,1,,,,,,,,2,,,SUBURBIO,Longo da via,Bom,Sem defeito,Perfeito estado,Seca,Perfeito estado,Não existe,R-6a,,Dupla,Canteiro central,,,,
2019-01-23,16:05:00,COM VÍTIMA,FINALIZADA,SAO JOSE,RUA SAO JOAO,4,1186,AV DANTAS BARRETO,EM FRENTE AO EDF. DA SECRETARIA DA FAZENDA,RUA SAO JOAO,1186,EM FRENTE AO EDF. DA SECRETARIA DA FAZENDA,SÃO JOSÉ,ATROPELAMENTO,AUTO E 2 PEDESTRES,1,,,,2,,,,,2,,,SUBURBIO,Cruzamento,Bom,Sem defeito,Perfeito estado,Seca,Perfeito estado,Faixa de pedestre,Não há placas,40 km/h,Única,Faixa,,,,
2019-01-24,11:21:00,COM VÍTIMA,FINALIZADA,SANTO AMARO,RUA TREZE DE MAIO,0,,RUA PEDRO AFONSO,AO LADO DA SOCIEDADE BIBLICA DO BRASIL,RUA TREZE DE MAIO,,AO LADO DA SOCIEDADE BIBLICA DO BRASIL,SANTO AMARO,ABALROAMENTO TRANSVERSAL,COM DUAS VITIMAS AGUARDANDO SOCORRO,1,1,,,,,,,,1,,427,,Cruzamento,Bom,Sem defeito,Perfeito estado,Seca,Perfeito estado,Não existe,Outras,,Dupla,Faixa contínua,,,,
2019-01-24,14:31:00,COM VÍTIMA,FINALIZADA,COELHOS,RUA DR JOSE MARIANO,3,445,,EM FRENTE A FERREIRA PINTO,RUA DR JOSE MARIANO,445,EM FRENTE A FERREIRA PINTO,COELHOS,ABALROAMENTO LONGITUDINAL,COLISÃO COM VÍTIMA,,,1,,,1,,,,1,,,,Longo da via,Bom,Não existe,Não existente,Outros,Mal conservada,Não existe,Não há placas,,Única,Não existe,,,,
2019-01-24,18:18:00,COM VÍTIMA,FINALIZADA,IMBIRIBEIRA,AV MARECHAL MASCARENHAS DE MORAES,4,7787,,E/F AO GINÁSIO DO GERALDÃO  SNT AEROPORTO / PRÓX AO HOME CENTER TEND TUDO E VENEZA MÁQUINAS.,AV MARECHAL MASCARENHAS DE MORAES,7787,E/F AO GINÁSIO DO GERALDÃO  SNT AEROPORTO / PRÓX AO HOME CENTER TEND TUDO E VENEZA MÁQUINAS.,IMBIRIBEIRA,COLISÃO COM CICLISTA,ENTRE AUTO E BIKE. C/V,1,,,1,,,,,,1,,,CIDADE,Longo da via,Bom,Sem defeito,Perfeito estado,Seca,Perfeito estado,Não existe,Não há placas,,Única,Faixa seccionada,,,,
2019-01-24,20:38:00,COM VÍTIMA,FINALIZADA,PINA,RUA MANOEL DE BRITO,0,,AV CONSUL JOSEPH NOUJAIM,EM FRENTE A CELPE,RUA MANOEL DE BRITO,,EM FRENTE A CELPE,PINA,ABALROAMENTO LONGITUDINAL,COLISÃO COM VITIMA  A VITIMA JA FOI LEVADA PELO SAMU,1,1,,,,,,,,1,,659,SUBURBIO,Cruzamento,Bom,Sem defeito,Perfeito estado,Seca,Perfeito estado,Faixa de pedestre,Não há placas,,Única,Faixa contínua,,,,
2019-01-25,12:16:00,COM VÍTIMA,FINALIZADA,RECIFE,AV ALFREDO LISBOA,0,,1 TRV JUSTICA E PAZ,EM FRENTE A RECEITA FEDERAL,AV ALFREDO LISBOA,,EM FRENTE A RECEITA FEDERAL,BAIRRO DO RECIFE,ABALROAMENTO LONGITUDINAL,,,1,,,,,,,,1,,,,Longo da via,Bom,Não existe,Perfeito estado,Seca,Perfeito estado,Não existe,Outras,,Única,Faixa seccionada,,,,
2019-01-25,17:44:00,COM VÍTIMA,FINALIZADA,BOA VISTA,AV CONDE DA BOA VISTA,0,,,ANTES DO SHOPPING BOA VISTA E/F A FIGUEIRAS CALÇADOS S/T SUB,AV CONDE DA BOA VISTA,,ANTES DO SHOPPING BOA VISTA E/F A FIGUEIRAS CALÇADOS S/T SUB,BOA VISTA,ATROPELAMENTO,ONIBUS A TROPELOU UM PEDESTRE,,,,,1,1,,,,1,,,SUBURBIO,Longo da via,Bom,Não existe,Perfeito estado,Seca,Perfeito estado,Não existe,Outras,40 km/h,Dupla,Canteiro central,,,,
2019-01-25,18:39:00,COM VÍTIMA,FINALIZADA,APIPUCOS,RUA DE APIPUCOS,3,452,,EM FRENTE AO ARCADIA,RUA DE APIPUCOS,452,EM FRENTE AO ARCADIA,APIPUCOS,ABALROAMENTO TRANSVERSAL,COLISÃO COM VITIMA,1,1,,,,,,,,1,,,,Longo da via,Bom,Não existe,Perfeito estado,Seca,Perfeito estado,Não existe,Não há placas,,Dupla,Faixa contínua,,,,
2019-01-25,18:48:00,COM VÍTIMA,FINALIZADA,DERBY,AV GOVERNADOR AGAMENON MAGALHAES,0,,,E/F AO HOSPITAL MEMORIAL. VIA PRINCPAL . ESTAC. SANPARK,AV GOVERNADOR AGAMENON MAGALHAES,,E/F AO HOSPITAL MEMORIAL. VIA PRINCPAL . ESTAC. SANPARK,DERBY,COLISÃO TRASEIRA,COLISÃO C/V,3,,,,,,,,,3,,,CIDADE,Longo da via,Bom,Sem defeito,Perfeito estado,Seca,Perfeito estado,Não existe,Outras,,Dupla,Faixa,Canteiro central,,,
2019-01-25,18:50:00,COM VÍTIMA,FINALIZADA,BOA VIAGEM,AV ENGENHEIRO DOMINGOS FERREIRA,3,107,,RESTAURANTE LAÇA BURGUE E A FARMACIA DROGASIL,AV ENGENHEIRO DOMINGOS FERREIRA,107,RESTAURANTE LAÇA BURGUE E A FARMACIA DROGASIL,BOA VIAGEM,ABALROAMENTO LONGITUDINAL,COLISÃO COM VITIMA,1,1,,,,,,,,1,,,SUBURBIO,Longo da via,Bom,Não existe,Perfeito estado,Seca,Perfeito estado,Não existe,,60 km/h,Única,Canteiro central,,,,
2019-01-25,22:13:00,COM VÍTIMA,FINALIZADA,SANTO ANTONIO,AV MARTINS DE BARROS,0,,,PRAÇA DA REPUBLICA/PONTE BUARQUE DE MACEDO.,AV MARTINS DE BARROS,,PRAÇA DA REPUBLICA/PONTE BUARQUE DE MACEDO.,SANTO ANTÔNIO,COLISÃO COM CICLISTA,COLISÃO C/V,,1,,1,,,,,,1,,164,SUBURBIO,Cruzamento,Bom,Sem defeito,Perfeito estado,Seca,Perfeito estado,Outros,Outras,,Única,Faixa contínua,,,,
2019-01-26,03:12:00,COM VÍTIMA,FINALIZADA,IMBIRIBEIRA,RUA PAMPULHA,0,,RUA ITAJAI,PRÓX A CONCESSIONÁRIA RENAULT // EM FRENTE A PANIFICADORA VALO DO RIO DOCE,RUA PAMPULHA,,PRÓX A CONCESSIONÁRIA RENAULT // EM FRENTE A PANIFICADORA VALO DO RIO DOCE,IMBIRIBEIRA,ABALROAMENTO TRANSVERSAL,COLISÃO ENTRE DOIS AUTOS ONDE UM DOS VEÍCULOS VEIO A CAPOTAR  COM VÍTIMAS,2,,,,,,,,,1,,,,Cruzamento,Bom,Não existe,Ilegível,Seca,Mal iluminada,,Placas Pare,,Única,Faixa,,,,