data,hora,natureza_acidente,situacao,bairro,endereco,,numero,detalhe_endereco_acidente,complemento,endereco_cruzamento,numero_cruzamento,referencia_cruzamento,bairro_cruzamento,tipo,descricao,auto,moto,ciclom,ciclista,pedestre,onibus,caminhao,viatura,outros,vitimas,vitimasfatais,num_semaforo,sentido_via,acidente_verificado,tempo_clima,situacao_semaforo,sinalizacao,condicao_via,conservacao_via,ponto_controle,situacao_placa,velocidade_max_via,mao_direcao,divisao_via1,divisao_via2,divisao_via3,_id,Protocolo
2019-01-26,07:38:00,COM VÍTIMA,FINALIZADA,JORDAO,RUA REMIGIO,0,,,NA SAÍDA DO TUNEL FELIPE CAMARÃO  SENTIDO AEROPORTO.,RUA REMIGIO,,NA SAÍDA DO TUNEL FELIPE CAMARÃO  SENTIDO AEROPORTO.,JORDÃO,ABALROAMENTO LONGITUDINAL,COM UMA VÍTIMA. UMA DAS PARTES EVADIU-SE DO LOCAL  POREM  O VEÍCULO QUE PERMANECE NO LOCAL ESTÁ IMPOSSIBILITADO DE SER RETIRADO DO MEIO DA VIA.,2,,,,,,,,,2,,,CIDADE,Outros,Bom,Não existe,Não existente,Seca,Perfeito estado,Não existe,Não há placas,,Única,Não existe,,,,
2019-01-26,07:38:00,COM VÍTIMA,FINALIZADA,MACAXEIRA,AV NORTE,4,8227,,NO INCIO DA AV NORTE PROX A INTEGRAÇÃO DA MACAXEIRA,AV NORTE,8227,NO INCIO DA AV NORTE PROX A INTEGRAÇÃO DA MACAXEIRA,MACAXEIRA,COLISÃO TRASEIRA,COLISÃO COM VITIMA SOCORRIDA PELA SAMU,1,1,,,,,1,,,1,,,CIDADE,Longo da via,Bom,Não existe,Perfeito estado,Seca,Perfeito estado,Não existe,R-19,60 km/h,Dupla,Canteiro central,,,,
2019-01-26,10:55:00,COM VÍTIMA,FINALIZADA,MADALENA,RUA REAL DA TORRE,3,682,,PRÓX À LOJA DO CONDOMÍNIO,RUA REAL DA TORRE,682,PRÓX À LOJA DO CONDOMÍNIO,MADALENA,ABALROAMENTO TRANSVERSAL,AUTO X MOTO C/V,1,1,,,,,,,,2,,,CIDADE,Longo da via,Bom,,Perfeito estado,Seca,Perfeito estado,Não existe,,,Única,Faixa contínua,,,,
2019-01-26,13:06:00,COM VÍTIMA,FINALIZADA,ESTANCIA,AV RECIFE,0,,,EM FRENTE AO MAKRO/ SENTIDO BR,AV RECIFE,,EM FRENTE AO MAKRO/ SENTIDO BR,ESTÂNCIA,ABALROAMENTO LONGITUDINAL,COLISÃO COM VÍTIMA,2,1,,,,,,,,1,,621,CIDADE,Outros,Bom,Sem defeito,Perfeito estado,Seca,Perfeito estado,Faixa de pedestre,Não há placas,,Única,Faixa contínua,Faixa seccionada,,,
2019-01-26,15:54:00,COM VÍTIMA,FINALIZADA,PINA,AV BOA VIAGEM,3,360,,EM FRENTE AO EDIFÍCIO MAR DO PORTO.,AV BOA VIAGEM,360,EM FRENTE AO EDIFÍCIO MAR DO PORTO.,PINA,ATROPELAMENTO,COM VÍTIMA,,,,,1,,1,,,1,,119,CIDADE,Longo da via,Bom,Sem defeito,Perfeito estado,Seca,Perfeito estado,Não existe,R-6b,60 km/h,Única,Faixa seccionada,,,,
2019-01-27,11:34:00,COM VÍTIMA,FINALIZADA,ILHA JOANA BEZERRA,RUA CAPITAO TEMUDO,3,S/N,,FÓRUM JOANA BEZERRA,VIADUTO CAPITAO TEMUDO,S/N,FÓRUM JOANA BEZERRA,ILHA JOANA BEZERRA,COLISÃO,,,,,,,,,,,1,,,,,,,,,,,,,,,,,,
2019-01-27,16:44:00,COM VÍTIMA,FINALIZADA,VARZEA,RUA VALE DO SIRIJI,0,,,EM FRENTE A ESCOLA MUNICIPAL JOÃO FRANCISCO DE SOUZA,RUA VALE DO SIRIJI,,EM FRENTE A ESCOLA MUNICIPAL JOÃO FRANCISCO DE SOUZA,VÁRZEA,COLISÃO FRONTAL,COLISÃO COM VÍTIMA,1,1,,,,,,,,1,,324,SUBURBIO,Longo da via,Bom,Não existe,Incompleta,Seca,Perfeito estado,Não existe,R-6a,,Dupla,Faixa seccionada,,,,
2019-01-27,20:05:00,COM VÍTIMA,FINALIZADA,CASA FORTE,AV  DEZESSETE DE AGOSTO,0,,,COLEGIO SILVA JARDIM,,,COLEGIO SILVA JARDIM,CASA FORTE,ATROPELAMENTO,COLISÃO COM VITIMA,,1,,,1,,,,,2,,370,CIDADE,Longo da via,Bom,Sem defeito,Perfeito estado,Seca,Perfeito estado,Faixa de pedestre,Outras,,Dupla,Faixa contínua,Faixa seccionada,,,
2019-01-27,21:22:00,COM VÍTIMA,FINALIZADA,BOA VIAGEM,RUA RIBEIRO DE BRITO,0,,RUA TENENTE DOMINGOS DE BRITO,ESQUINA COM A FARMMACIA DROGASIL / SEMÁFORO 331,RUA RIBEIRO DE BRITO,,ESQUINA COM A FARMMACIA DROGASIL / SEMÁFORO 331,BOA VIAGEM,ABALROAMENTO LONGITUDINAL,ENTRE AUTO E MOTO. C/V,1,1,,,,,,,,1,,331,SUBURBIO,Cruzamento,Bom,Sem defeito,Perfeito estado,Seca,Perfeito estado,Faixa de pedestre,R-6a,40 km/h,Única,,,,,
2019-01-27,21:49:00,COM VÍTIMA,FINALIZADA,CORDEIRO,AV GENERAL SAN MARTIN,0,,,E/F AO HOSPITAL GETULIO VARGAS  NA ENTRADA DELE.,AV GENERAL SAN MARTIN,,E/F AO HOSPITAL GETULIO VARGAS  NA ENTRADA DELE.,CORDEIRO,ABALROAMENTO TRANSVERSAL,ENTRE MOTO E AMBULÂNCIA. C/V,1,1,,,,,,,,1,,,,Longo da via,Bom,Não existe,Perfeito estado,Seca,Mal iluminada,Não existe,Outras,,Dupla,Faixa contínua,,,,
2019-01-28,07:01:00,COM VÍTIMA,FINALIZADA,BOA VIAGEM,AV RECIFE,0,,,SENTIDO AEROPORTO. PROX PADARIA VILA DO PÃO,AV RECIFE,,SENTIDO AEROPORTO. PROX PADARIA VILA DO PÃO,BOA VIAGEM,CAPOTAMENTO,CONDUTOR PERDEU O CONTROLE DO VEÍCULO  BATEU NUMA ÁRVORE E CAPOTOU.,1,,,,,,,,,1,,,AEROPORTO,Longo da via,Chuvoso,Não existe,Perfeito estado,Molhada,Perfeito estado,Não existe,Não há placas,60 km/h,Dupla,Canteiro central,,,,
2019-01-28,11:43:00,COM VÍTIMA,FINALIZADA,ENCRUZILHADA,RUA ALFREDO DE CASTRO,3,171,,AO LADO DA CONCESSIONARIA MITSUBISHI,RUA ALFREDO DE CASTRO,171,AO LADO DA CONCESSIONARIA MITSUBISHI,ENCRUZILHADA,CHOQUE VEÍCULO PARADO,COLISÃO COM VITIMA,1,1,,,,,,,,1,,,SUBURBIO,Longo da via,Chuvoso,Com defeito,Perfeito estado,Molhada,Perfeito estado,,Não há placas,,Única,,,,,
2019-01-27,11:00:00,COM VÍTIMA,FINALIZADA,ILHA JOANA BEZERRA,RUA CAPITAO TEMUDO,0,,,SOBRE O VIADUTO,VIADUTO CAPITAO TEMUDO,,SOBRE O VIADUTO,JOANA BEZERRA,COLISÃO TRASEIRA,COLISÃO ENVOLVENDO DOIS AUTOMÓVEIS E UMA MOTOCICLETA.,2,1,,,,,,,,1,,,SUBURBIO,Cruzamento,Bom,Não existe,Perfeito estado,Seca,Perfeito estado,,Outras,60 km/h,Dupla,Canteiro central,,,,
2019-01-29,07:53:00,COM VÍTIMA,FINALIZADA,IBURA,AV DOIS RIOS,3,181,,PROX. A JSS PNEUS BORRACHARIA. IGREJA BATISTA VALE DOS RIOS,AV DOIS RIOS,181,PROX. A JSS PNEUS BORRACHARIA. IGREJA BATISTA VALE DOS RIOS,IBURA,COLISÃO TRASEIRA,DUAS MOTOS,,2,,,,,,,,1,,,CIDADE,Longo da via,Chuvoso,Não existe,Perfeito estado,Molhada,Perfeito estado,Não existe,,40 km/h,Dupla,Faixa,,,,
2019-01-29,08:13:00,COM VÍTIMA,FINALIZADA,CAMPO GRANDE,RUA ODORICO MENDES,3,166,RUA VISCONDE DE CAIRU,PROX. AO CLUBE DAS PÁS,RUA ODORICO MENDES,166,PROX. AO CLUBE DAS PÁS,CAMPO GRANDE,ABALROAMENTO LONGITUDINAL,AUTO E MOTO,1,1,,,,,,,,1,,,SUBURBIO,Cruzamento,Bom,Não existe,Perfeito estado,Seca,Perfeito estado,Não existe,Placas Pare,,Dupla,Faixa seccionada,,,,
2019-01-29,11:25:00,COM VÍTIMA,FINALIZADA,IMBIRIBEIRA,AV MARECHAL MASCARENHAS DE MORAES,4,5905,,MOVIDA LOCADORA DE VEÍCULOS  SENTIDO PRAZERES. PROX A ALÇA DO AEROPORTO.,AV MARECHAL MASCARENHAS DE MORAES,5905,MOVIDA LOCADORA DE VEÍCULOS  SENTIDO PRAZERES. PROX A ALÇA DO AEROPORTO.,IMBIRIBEIRA,ABALROAMENTO TRANSVERSAL,COM UMA VÍTIMA A ESPERA DO SAMU,1,1,,,,,,,,1,,,CIDADE,Longo da via,Bom,Não existe,Perfeito estado,Seca,Perfeito estado,,Não há placas,40 km/h,Dupla,Faixa contínua,,,,
2019-01-29,19:10:00,COM VÍTIMA,FINALIZADA,PASSARINHO,EST DO PASSARINHO,4,3550,RUA ANDORINHA,INGREJA EVANGÉLICA QUADRANGULAR,EST DO PASSARINHO,3550,INGREJA EVANGÉLICA QUADRANGULAR,PASSARINHO,ABALROAMENTO LONGITUDINAL,AUTO X MOTO C/V,1,1,,,,,,,,1,,,SUBURBIO,Longo da via,Bom,Não existe,Perfeito estado,Seca,Perfeito estado,Não existe,Não há placas,,Dupla,Não existe,,,,
2019-01-29,20:07:00,COM VÍTIMA,FINALIZADA,SANTO AMARO,RUA RAMPA,0,,,PROX. AO SHOPPING TACARUNA,RUA RAMPA,,PROX. AO SHOPPING TACARUNA,SANTO AMARO,COLISÃO COM CICLISTA,MOTO X BICICLETA,,1,,1,,,,,,1,,,CIDADE,Longo da via,Bom,Sem defeito,Perfeito estado,Seca,Perfeito estado,,,,,,,,,
2019-01-30,07:41:00,COM VÍTIMA,FINALIZADA,CASA AMARELA,AV NORTE,4,5786,RUA VISCONDE DE TAUNAY,EM FRENTE AO NUCLEO DE CASA AMARELA E A AGENCIA DE EMPREGO.,AV NORTE,5786,EM FRENTE AO NUCLEO DE CASA AMARELA E A AGENCIA DE EMPREGO.,CASA AMARELA,ABALROAMENTO TRANSVERSAL,COLISÃO ENTRE AUTO E MOTOCICLETA.,1,1,,,,,,,,1,,,CIDADE,Longo da via,Bom,Sem defeito,Perfeito estado,Seca,Perfeito estado,Não existe,Não há placas,,Dupla,Canteiro central,,,,
2019-01-30,11:39:00,COM VÍTIMA,FINALIZADA,AFOGADOS,RUA JOAO IVO DA SILVA,0,,RUA PADRE TEOFILO TWORZ,PRÓXIMO A TUPAN.,RUA JOAO IVO DA SILVA,,PRÓXIMO A TUPAN.,AFOGADOS,ABALROAMENTO TRANSVERSAL,COLISÃO ENTRE AUTO E MOTOCICLETA.,1,1,,,,,,,,1,,503,SUBURBIO,Cruzamento,Bom,Sem defeito,Perfeito estado,Seca,Perfeito estado,Faixa de pedestre,Não há placas,,Única,Faixa seccionada,,,,
2019-01-30,11:58:00,COM VÍTIMA,FINALIZADA,SANTO AMARO,AV CRUZ CABUGA,0,,RUA FREI CASSIMIRO,COLISÃO COM VÍTIMA ÔNIBUS DA EMPRESA CIDADE ALTA X CICLISTA - UMA SENHORA QUE ESTÁ NA ESPERA DE SOCORRO SAMU OU BOMBEIROS,AV CRUZ CABUGA,,COLISÃO COM VÍTIMA ÔNIBUS DA EMPRESA X CICLISTA - UMA SENHORA QUE ESTÁ NA ESPERA DE SOCORRO SAMU OU BOMBEIROS,SANTO AMARO,COLISÃO COM CICLISTA,VW/ MARCO POLO TORINO PLACA - X BICICLETA,,,,1,,1,,,,1,,,CIDADE,Cruzamento,Bom,Não existe,Perfeito estado,Seca,Perfeito estado,Não existe,Não há placas,60 km/h,Dupla,Faixa contínua,,,,
2019-01-30,13:40:00,COM VÍTIMA,FINALIZADA,AFLITOS,AV SANTOS DUMONT,3,493,RUA TELES JUNIOR,LADO OPOSTO A FARMACIA EXTRA FARMA,AV SANTOS DUMONT,493,LADO OPOSTO A FARMACIA EXTRA FARMA,AFLITOS,ABALROAMENTO TRANSVERSAL,COLISÃO ENTRE AUTO E MOTO,1,1,,,,,,,,1,,,SUBURBIO,Cruzamento,Bom,Não existe,Perfeito estado,Seca,Perfeito estado,Não existe,R-6a,,Única,Faixa seccionada,,,,
2019-01-30,15:39:00,COM VÍTIMA,FINALIZADA,BOA VISTA,RUA DAS NINFAS,3,288,,EM FRENTE A FACULDADE SAO MIGUEL,RUA DAS NINFAS,288,EM FRENTE A FACULDADE SAO MIGUEL,BOA VISTA,CHOQUE VEÍCULO PARADO,AUTO E MOTO,1,1,,,,,,,,2,,,CIDADE,Longo da via,Bom,Não existe,Não existente,Seca,Perfeito estado,Não existe,Não há placas,,Dupla,Não existe,,,,
2019-01-30,18:05:00,COM VÍTIMA,FINALIZADA,AREIAS,RUA IPOJUCA,3,751,,PRAÇA DO HEROI,RUA IPOJUCA,751,PRAÇA DO HEROI,AREIAS,ABALROAMENTO TRANSVERSAL,COLISÃO COM VITIMA,1,1,,,,,,,,1,,,SUBURBIO,Longo da via,Bom,Não existe,Não existente,Seca,Perfeito estado,Não existe,Não há placas,,Dupla,Não existe,,,,
2019-01-30,18:09:00,COM VÍTIMA,FINALIZADA,MADALENA,AV VISCONDE DE ALBUQUERQUE,3,185,RUA ARNALDO BASTOS,E/F AO SANDUBA DO CARECA E AO LADO DA CULTURA INGLESA,AV VISCONDE DE ALBUQUERQUE,185,E/F AO SANDUBA DO CARECA E AO LADO DA CULTURA INGLESA,MADALENA,ABALROAMENTO TRANSVERSAL,COLISÃO ENTRE AUTO E MOTOCICLETA.,1,1,,,,,,,,1,,,BEIRA RIO,Esquina,Bom,Não existe,Perfeito estado,Seca,Perfeito estado,,,,,,,,,
2019-01-30,19:10:00,COM VÍTIMA,FINALIZADA,BOA VIAGEM,RUA DR LUIZ INACIO PESSOA DE MELO,3,390,RUA MAJOR ARMANDO DE SOUZA MELLO,NA RUA DA ACADEMIA VIP FITNESS E RECIFE FLET,RUA DR LUIZ INACIO PESSOA DE MELO,390,NA RUA DA ACADEMIA VIP FITNESS E RECIFE FLET,BOA VIAGEM,COLISÃO COM CICLISTA,AUTO E CICLISTA,1,,,1,,,,,,1,,,CIDADE,Longo da via,Bom,Não existe,Incompleta,Seca,Perfeito estado,Não existe,Não há placas,30 km/h,Dupla,Não existe,,,,
2019-01-31,00:07:00,COM VÍTIMA,FINALIZADA,JARDIM SAO PAULO,AV RECIFE,4,5635,RUA SENADOR ALBERTO PASQUALINI,PROX AO MOTEL ESTORIL  SENTIDO BOA VIAGEM,AV RECIFE,5635,PROX AO MOTEL ESTORIL  SENTIDO BOA VIAGEM,JARDIM SÃO PAULO,ABALROAMENTO TRANSVERSAL,COLISÃO ENTRE AUTO E MOTO C/V,1,1,,,,,,,,1,,259,,Cruzamento,Bom,Sem defeito,Perfeito estado,Seca,Perfeito estado,Faixa de pedestre,Outras,50 km/h,Única,Faixa contínua,Faixa seccionada,,,
2019-01-31,07:46:00,COM VÍTIMA,FINALIZADA,IMBIRIBEIRA,AV MARECHAL MASCARENHAS DE MORAES,4,6211,,EM FRENTE A INFRAERO  SENT. JABOATÃO,AV MARECHAL MASCARENHAS DE MORAES,6211,EM FRENTE A INFRAERO  SENT. JABOATÃO,IMBIRIBEIRA,COLISÃO TRASEIRA,AUTO E MOTO,1,1,,,,,,,,1,,625,SUBURBIO,Longo da via,Bom,Sem defeito,Perfeito estado,Seca,Perfeito estado,Faixa de pedestre,Não há placas,60 km/h,Dupla,Canteiro central,,,,
2019-01-31,09:31:00,COM VÍTIMA,FINALIZADA,SAO JOSE,AV GUARARAPES,0,,,EM FRENTE A CAIXA ECONOMICA,AV GUARARAPES,,EM FRENTE A CAIXA ECONOMICA,SÃO JOSÉ,ABALROAMENTO LONGITUDINAL,ONIBUS E MOTO,,1,,,,1,,,,1,,603,CIDADE,Longo da via,Bom,Sem defeito,Perfeito estado,Seca,Perfeito estado,Faixa de pedestre,Outras,,Dupla,Faixa contínua,,,,
2019-01-31,16:13:00,COM VÍTIMA,FINALIZADA,IPSEP,AV PRESIDENTE DUTRA,0,,,EM FRENTE AO POSTO BR/ SENTIDO IPSEP,AV PRESIDENTE DUTRA,,EM FRENTE AO POSTO BR/ SENTIDO IPSEP,IPSEP,COLISÃO TRASEIRA,COLISÃO SEM VÍTIMA,1,1,,,,,,,,1,,393,CIDADE,Longo da via,Bom,Sem defeito,Perfeito estado,Seca,Perfeito estado,Faixa de pedestre,Não há placas,,Dupla,Canteiro central,,,,
2019-01-31,18:34:00,COM VÍTIMA,FINALIZADA,MADALENA,RUA PROFESSOR BENEDITO MONTEIRO,0,,,EM FRENTE A ILHA DO RETIRO E AO LADO DA JURANDIR PIRES,RUA PROFESSOR BENEDITO MONTEIRO,,EM FRENTE A ILHA DO RETIRO E AO LADO DA JURANDIR PIRES,MADALENA,ABALROAMENTO LONGITUDINAL,COLISÃO COM VITIMA/ VITIMA JA FOI SOCORRIDA,1,1,,,,,,,,1,,481,CIDADE,Longo da via,Bom,,Perfeito estado,Seca,Perfeito estado,Faixa de pedestre,Não há placas,,Dupla,Faixa contínua,,,,
2019-02-01,10:26:00,COM VÍTIMA,FINALIZADA,CASA AMARELA,EST DO ARRAIAL,4,3491,,EM FRENTE AO INSS,EST DO ARRAIAL,3491,EM FRENTE AO INSS,CASA AMARELA,ABALROAMENTO LONGITUDINAL,,1,1,,,,,,,,2,,,SUBURBIO,Longo da via,Bom,Sem defeito,Incompleta,Seca,Perfeito estado,Faixa de pedestre,Outras,,Única,Faixa seccionada,,,,
2019-02-01,16:35:00,COM VÍTIMA,FINALIZADA,LINHA DO TIRO,RUA URIEL DE HOLANDA,4,1650,,PROX AO ARMAZEM OLIVEIRA.,RUA URIEL DE HOLANDA,1650,PROX AO ARMAZEM OLIVEIRA.,LINHA DO TIRO,COLISÃO COM CICLISTA,COLISAO ENTRE AUTO E CICLISTA,1,,,1,,,,,,1,,,SUBURBIO,Longo da via,Bom,Não existe,Não existente,Seca,Perfeito estado,Não existe,Não há placas,,Dupla,Não existe,,,,
2019-02-01,16:44:00,COM VÍTIMA,FINALIZADA,ROSARINHO,AV NORTE,4,3630,EST VELHA DE AGUA FRIA,E/F AO DISTRIBUIDORA ALARM CENTER,AV NORTE,3630,E/F AO DISTRIBUIDORA ALARM CENTER,ROSARINHO,COLISÃO TRASEIRA,COLISAO ENTRE ONIBUS E MOTO COM UMA VITIMA,,1,,,,1,,,,1,,,CIDADE,Longo da via,Bom,Sem defeito,Perfeito estado,Seca,Perfeito estado,Não existe,R-6a,,Dupla,Faixa,Canteiro central,,,
2019-02-01,21:04:00,COM VÍTIMA,FINALIZADA,ESPINHEIRO,RUA CONS PORTELA,0,,RUA QUARENTA E OITO,E/F A FARMACIA PAGUE MENOS,RUA CONS PORTELA,,E/F A FARMACIA PAGUE MENOS,ESPINHEIRO,ATROPELAMENTO,COM VITIMA,1,,,,1,,,,,1,,11,,Cruzamento,Bom,Sem defeito,Perfeito estado,Seca,Perfeito estado,Faixa de pedestre,,,Única,Faixa contínua,Faixa seccionada,,,
2019-02-01,23:38:00,COM VÍTIMA,FINALIZADA,IMBIRIBEIRA,RUA ARQUITETO LUIZ NUNES,3,201,RUA ENGENHEIRO JOSE BRANDAO CAVALCANTE,EM FRENTE AO EDIF. PINHEIROS,RUA ARQUITETO LUIZ NUNES,201,EM FRENTE AO EDIF. PINHEIROS,IMBIRIBEIRA,ABALROAMENTO TRANSVERSAL,COLISÃO COM VITIMA  SOLICITANTE TRATA-SE DE UM PARENTE (GENRO),,2,,,,,,,,1,,,CIDADE,Cruzamento,Bom,Não existe,Perfeito estado,Seca,Perfeito estado,Não existe,Outras,,Dupla,Faixa contínua,Faixa seccionada,,,
2019-02-02,00:08:00,COM VÍTIMA,FINALIZADA,BREJO DA GUABIRABA,AV VEREADOR OTACILIO AZEVEDO,0,,,EM FRENTE AO CLUBE DA FAZENDA  EM FRENTE AO GINASIO DO MARRETÃO,AV VEREADOR OTACILIO AZEVEDO,,EM FRENTE AO CLUBE DA FAZENDA  EM FRENTE AO GINASIO DO MARRETÃO,BREJO DA GUABIRABA,ABALROAMENTO LONGITUDINAL,COLISÃO ENTRE DUAS MOTOS  C/V,,2,,,,,,,,3,,,CIDADE,Longo da via,Bom,Não existe,Perfeito estado,Molhada,Perfeito estado,Não existe,Não há placas,,Única,Faixa seccionada,,,,
2019-02-02,00:45:00,COM VÍTIMA,FINALIZADA,CASA FORTE,AV DEZESSETE DE AGOSTO,4,2187,,EM FRENTE AO MUSEU DO HOMEM DO NORDESTE  EM FRENTE A CEF.,AV DEZESSETE DE AGOSTO,2187,EM FRENTE AO MUSEU DO HOMEM DO NORDESTE  EM FRENTE A CEF.,CASA FORTE,ABALROAMENTO TRANSVERSAL,COLISÃO ENTREAUTO E MOTO C/V,1,1,,,,,,,,1,,,SUBURBIO,Longo da via,Bom,Não existe,Perfeito estado,Seca,Perfeito estado,Faixa de pedestre,Não há placas,,Dupla,Faixa contínua,Faixa seccionada,,,
2019-02-02,07:18:00,COM VÍTIMA,FINALIZADA,ILHA DO LEITE,AV FREI MATIAS TEVES,0,,RUA SENADOR JOSE HENRIQUE,EM FRENTE AO HOSPITAL ALBERT SABIM,AV FREI MATIAS TEVES,,EM FRENTE AO HOSPITAL ALBERT SABIM,ILHA DO LEITE,ABALROAMENTO TRANSVERSAL,COLISÃO COM VITIMA,3,1,,,,,,,,1,,,SUBURBIO,Cruzamento,Bom,Não existe,Perfeito estado,Seca,Perfeito estado,Faixa de pedestre,Placas Pare,40 km/h,Única,Faixa seccionada,,,,
2019-02-02,17:41:00,COM VÍTIMA,FINALIZADA,DERBY,RUA JENER DE SOUZA,0,,PRC DO DERBY,EM FRENTE AO QUARTEL,RUA JENER DE SOUZA,,EM FRENTE AO QUARTEL,DERBY,COLISÃO,COLISÃO COM VÍTIMA,1,,1,,,,,,,1,,,SUBURBIO,Cruzamento,Bom,Não existe,Perfeito estado,Seca,Perfeito estado,Faixa de retenção,Não há placas,,Dupla,Canteiro central,,,,
2019-02-02,19:40:00,COM VÍTIMA,FINALIZADA,BARRO,AV DR JOSE RUFINO,4,2060,,E/F AO EDF PORTO DAS PALMEIRAS / PRÓX AO IMPERIO / SNT JABOATÃO,AV DR JOSE RUFINO,2060,E/F AO EDF PORTO DAS PALMEIRAS / PRÓX AO IMPERIO / SNT JABOATÃO,BARRO,ABALROAMENTO TRANSVERSAL,ENTRE AUTO E MOYO. C/V,1,1,,,,,,,,1,,213,CIDADE,Longo da via,Bom,Sem defeito,Perfeito estado,Seca,Perfeito estado,Faixa de pedestre,Não há placas,,Dupla,Faixa contínua,,,,
2019-02-03,13:44:00,COM VÍTIMA,FINALIZADA,IPUTINGA,RUA N S DA SAUDE,3,385,RUA JOAO ROSENDO,AO LADO DO TERMINAL DA TORRE,RUA N S DA SAUDE,385,AO LADO DO TERMINAL DA TORRE,IPUTINGA,ABALROAMENTO TRANSVERSAL,ENTRE DUAS MOTOS C/V,,2,,,,,,,,2,,,,Cruzamento,Bom,Não existe,Perfeito estado,Seca,Perfeito estado,Não existe,Não há placas,,Dupla,Faixa contínua,,,,
2019-02-03,17:25:00,COM VÍTIMA,FINALIZADA,AFOGADOS,RUA VINTE E UM DE ABRIL,0,,,EM FRENTE A JR. SUCATA,RUA VINTE E UM DE ABRIL,,EM FRENTE A JR. SUCATA,AFOGADOS,CHOQUE OBJETO FIXO,COM VÍTIMA/ A VÍTIMA FOI SOCORRIDA PELO SAMU E O RESPONSAVEL DA MOTO ESTA NO LOCAL,,1,,,,,,,,1,,,,Longo da via,Chuvoso,Não existe,Perfeito estado,Molhada,Perfeito estado,Faixa de pedestre,R-6a,,Única,Não existe,,,,
2019-02-03,22:11:00,COM VÍTIMA,FINALIZADA,PARNAMIRIM,EST DO ENCANAMENTO,0,,RUA FERREIRA LOPES,,EST DO ENCANAMENTO,,,PARNAMIRIM,ABALROAMENTO LONGITUDINAL,COLISÃO COM VÍTIMA,1,1,,,,,,,,1,,462,CIDADE,Cruzamento,Chuvoso,Sem defeito,Perfeito estado,Molhada,Perfeito estado,Outros,R-6a,,Única,Faixa seccionada,,,,
2019-02-04,06:13:00,COM VÍTIMA,FINALIZADA,CASA FORTE,EST DO ENCANAMENTO,3,277,,EM FRENTE À ESCOLA JOSÉ VILELA,EST DO ENCANAMENTO,277,EM FRENTE À ESCOLA JOSÉ VILELA,CASA FORTE,COLISÃO,ÔNIBUS X MOTO C/V.,,1,,,,1,,,,2,,462,,,,,,,,,,,,,,,,
2019-02-04,07:23:00,COM VÍTIMA,FINALIZADA,SAO JOSE,RUA IMPERIAL,3,981,TRV DO RAPOSO,EM FRENTE A CARDIF,RUA IMPERIAL,981,EM FRENTE A CARDIF,SÃO JOSÉ,ABALROAMENTO TRANSVERSAL,COLISÃO ENTRE AUTO E MOTO,1,1,,,,,,,,1,,510,SUBURBIO,Cruzamento,Chuvoso,Sem defeito,Perfeito estado,Molhada,Perfeito estado,Faixa de pedestre,Outras,60 km/h,Única,Faixa contínua,,,,
2019-02-04,11:35:00,COM VÍTIMA,FINALIZADA,IMBIRIBEIRA,AV MARECHAL MASCARENHAS DE MORAES,4,4741,RUA JOAO PEDRO DA SILVA,LADO OPOSTO AO HOTEL AEROPORTO,AV MARECHAL MASCARENHAS DE MORAES,4741,LADO OPOSTO AO HOTEL AEROPORTO,IMBIRIBEIRA,ABALROAMENTO LONGITUDINAL,COLISÃO ENTRE AUTO E MOTO.,1,1,,,,,,,,1,,,CIDADE,Longo da via,Chuvoso,Não existe,Perfeito estado,Molhada,Perfeito estado,,Não há placas,60 km/h,Única,Canteiro central,,,,
2019-02-04,12:52:00,COM VÍTIMA,FINALIZADA,BOA VIAGEM,AV VINTE DE JANEIRO,4,1156,,EM FRENTE AO COLEGIO DOURADO. POSTE B012063,AV VINTE DE JANEIRO,1156,EM FRENTE AO COLEGIO DOURADO. POSTE B012063,BOA VIAGEM,COLISÃO FRONTAL,COLISÃO ENTRE AUTO E MOTO.,1,1,,,,,,,,1,,,CIDADE,Cruzamento,Bom,Não existe,Incompleta,Seca,Mal conservada,Não existe,Placas Pare,,Dupla,Não existe,,,,