data,hora,natureza_acidente,situacao,bairro,endereco,,numero,detalhe_endereco_acidente,complemento,endereco_cruzamento,numero_cruzamento,referencia_cruzamento,bairro_cruzamento,tipo,descricao,auto,moto,ciclom,ciclista,pedestre,onibus,caminhao,viatura,outros,vitimas,vitimasfatais,num_semaforo,sentido_via,acidente_verificado,tempo_clima,situacao_semaforo,sinalizacao,condicao_via,conservacao_via,ponto_controle,situacao_placa,velocidade_max_via,mao_direcao,divisao_via1,divisao_via2,divisao_via3,_id,Protocolo
2019-02-04,13:31:00,COM VÍTIMA,FINALIZADA,PINA,AV ANTONIO DE GOES,3,275,,APOS O JCPM,AV ANTONIO DE GOES,275,APOS O JCPM,PINA,COLISÃO TRASEIRA,COLISAO ENTRE MOTO E CAMINHAO C/V,,1,,,,,1,,,1,,,CIDADE,Longo da via,Bom,Não existe,Perfeito estado,Seca,Perfeito estado,Outros,,60 km/h,Única,Faixa seccionada,,,,
2019-02-04,14:41:00,COM VÍTIMA,FINALIZADA,TOTO,RUA ONZE DE AGOSTO,0,,RUA MARIA AUGUSTA VILA CHAN,E/F A COMPESA,RUA ONZE DE AGOSTO,,E/F A COMPESA,TOTÓ,ABALROAMENTO LONGITUDINAL,COLISAO ENTRE AUTO E MOTO.,1,1,,,,,,,,1,,,SUBURBIO,Longo da via,Bom,Não existe,Não existente,Seca,Perfeito estado,Não existe,Não há placas,,Dupla,Não existe,,,,
2019-02-04,16:32:00,COM VÍTIMA,FINALIZADA,CAMPO GRANDE,EST DE BELEM,0,,RUA BARAO DE VERA CRUZ,,EST DE BELEM,,,CAMPO GRANDE,ABALROAMENTO TRANSVERSAL,COLISAO ENTRE AUTO E MOTO COM UMA VITIMA VT 10 NO LOCAL,1,1,,,,,,,,1,,,CIDADE,Cruzamento,Bom,Não existe,Perfeito estado,Seca,Perfeito estado,Faixa de pedestre,,,Dupla,,,,,
2019-02-04,18:09:00,COM VÍTIMA,FINALIZADA,BOA VIAGEM,AV DOM JOAO VI,0,,,,AV DOM JOAO VI,,,BOA VIAGEM,COLISÃO TRASEIRA,COLISÃO COM VITIMA,3,,,,,,,,,1,,639,SUBURBIO,,,,,,,,,,,,,,,
2019-02-04,18:52:00,COM VÍTIMA,FINALIZADA,CAXANGA,AV CAXANGA,0,,,E/F AO T.I CAXAGÁ,AV CAXANGA,,E/F AO T.I CAXAGÁ,CAXANGÁ,ATROPELAMENTO,COLISÃO COM VITIMA,,1,,,,,,,,2,,,,,,,,,,,,,,,,,,
2019-02-04,19:23:00,COM VÍTIMA,FINALIZADA,AFOGADOS,RUA SAO MIGUEL,0,,,PROX AO CORREIOS/IGREJA DA FÉ DO BRASIL,RUA SAO MIGUEL,,PROX AO CORREIOS/IGREJA DA FÉ DO BRASIL,AFOGADOS,COLISÃO,,1,1,,,,,,,,1,,,,,,,,,,,,,,,,,,
2019-02-05,05:33:00,VÍTIMA FATAL,FINALIZADA,TEJIPIO,AV DR JOSE RUFINO,4,3579,,PROX AO ARMAZEN CORAL  PROX DA ESTAÇÃO DE TEJIPIÓ. NA CURVA.,AV DR JOSE RUFINO,3579,PROX AO ARMAZEN CORAL  PROX DA ESTAÇÃO DE TEJIPIÓ. NA CURVA.,TEJIPIÓ,COLISÃO COM CICLISTA,COLISÃO ENTRE AUTO E CICLISTA C/V,1,,,1,,,,,,,1,,CIDADE,Longo da via,Chuvoso,Não existe,,Molhada,,Não existe,Outras,,Dupla,Faixa contínua,,,,
2019-02-05,08:17:00,VÍTIMA FATAL,FINALIZADA,BEBERIBE,AV BEBERIBE,4,4175,,EM FRENTE AO POSTO DE GASOLINA DESATIVADO,AV BEBERIBE,4175,EM FRENTE AO POSTO DE GASOLINA DESATIVADO,BEBERIBE,ABALROAMENTO LONGITUDINAL,ONIBUS E CINQUENTINHA,,,1,,,1,,,,,1,314,CIDADE,Longo da via,Bom,Sem defeito,Perfeito estado,Seca,Perfeito estado,Faixa de pedestre,R-6a,,Dupla,Faixa,,,,
2019-02-05,08:18:00,COM VÍTIMA,FINALIZADA,CABANGA,RUA CAPITAO TEMUDO,0,,,NA SUBIDA DO VIADUTO. SENTIDO OLINDA,VIADUTO CAPITAO TEMUDO,,NA SUBIDA DO VIADUTO. SENTIDO OLINDA,CABANGA,ABALROAMENTO LONGITUDINAL,COLISÃO ENTRE AUTO E MOTO COM VÍTIMA.,1,1,,,,,,,,1,,,CIDADE,Viaduto,Bom,Não existe,Perfeito estado,Seca,Perfeito estado,Não existe,Não há placas,,Dupla,Faixa seccionada,,,,
2019-02-05,08:31:00,COM VÍTIMA,FINALIZADA,CORDEIRO,AV CAXANGA,4,3217,,EM FRENTE À DISNOVE,AV CAXANGA,3217,EM FRENTE À DISNOVE,CORDEIRO,ABALROAMENTO LONGITUDINAL,COLISÃO ENTRE AUTO E MOTO COM VÍTIMA.,1,1,,,,,,,,1,,,CIDADE,Longo da via,Bom,Não existe,Perfeito estado,Seca,Perfeito estado,,Outras,,Dupla,Faixa contínua,Canteiro central,,,
2019-02-05,09:33:00,COM VÍTIMA,FINALIZADA,AREIAS,RUA AIRES BELO,3,72B,,AO LADO DO SUPERMERCADO MAKRO,RUA AIRES BELO,72B,AO LADO DO SUPERMERCADO MAKRO,AREIAS,COLISÃO FRONTAL,COILSÃO ENTRE AUTO E MOTO COM VÍTIMA,1,1,,,,,,,,1,,,SUBURBIO,Longo da via,Bom,Não existe,Incompleta,Seca,Perfeito estado,Não existe,Não há placas,,Dupla,Não existe,,,,
2019-02-05,09:36:00,COM VÍTIMA,FINALIZADA,IMBIRIBEIRA,AV MARECHAL MASCARENHAS DE MORAES,4,2967,,EM FRENTE A FERREIRA COSTA.,AV MARECHAL MASCARENHAS DE MORAES,2967,EM FRENTE A FERREIRA COSTA.,IMBIRIBEIRA,ABALROAMENTO LONGITUDINAL,MOTO E AUTO,1,1,,,,,,,,1,,386,CIDADE,Longo da via,Bom,Sem defeito,Perfeito estado,Seca,Perfeito estado,Faixa de pedestre,Outras,60 km/h,,Faixa,,,,
2019-02-05,15:57:00,COM VÍTIMA,FINALIZADA,PARNAMIRIM,RUA ANDRE CAVALCANTE,3,375,AV PARNAMIRIM,AO LADO DO BANCO SANTANDER,RUA ANDRE CAVALCANTE,375,AO LADO DO BANCO SANTANDER,PARNAMIRIM,ABALROAMENTO LONGITUDINAL,COLISÃO ENTRE AUTO E MOTO.,1,1,,,,,,,,1,,,SUBURBIO,Longo da via,Chuvoso,Não existe,Perfeito estado,Molhada,Perfeito estado,Outros,Outras,,Única,Faixa contínua,Faixa seccionada,,,
2019-02-05,18:14:00,COM VÍTIMA,FINALIZADA,CASA AMARELA,RUA DA HARMONIA,3,599,RUA DONA ROSA DA FONSECA,PROX. A IGREJA DA HARMÔNIA,RUA DA HARMONIA,599,PROX. A IGREJA DA HARMÔNIA,CASA AMARELA,ABALROAMENTO TRANSVERSAL,COLISÃO ENTRE AUTO E MOTO.,1,1,,,,,,,,1,,,CIDADE,Cruzamento,Chuvoso,Não existe,Incompleta,Molhada,Perfeito estado,Não existe,Placas Pare,,Dupla,Faixa,,,,
2019-02-05,18:49:00,COM VÍTIMA,FINALIZADA,CORDEIRO,RUA ODETE MONTEIRO,0,,,E/F AO CENTRO HABITACIONAL DO CORDEIRO. LADO OPOSTO AO COLÉGIO DARCY RIBEIRO.,RUA ODETE MONTEIRO,,E/F AO CENTRO HABITACIONAL DO CORDEIRO. LADO OPOSTO AO COLÉGIO DARCY RIBEIRO.,CORDEIRO,ABALROAMENTO TRANSVERSAL,COLISÃO ENTRE AUTO E MOTO.,1,1,,,,,,,,1,,,SUBURBIO,Longo da via,Bom,Sem defeito,Perfeito estado,Seca,Perfeito estado,Não existe,Não há placas,,Dupla,Faixa contínua,,,,
2019-02-05,20:20:00,COM VÍTIMA,FINALIZADA,BOA VIAGEM,RUA JOAO CARDOSO AIRES,3,764,RUA PROFESSOR AUGUSTO LINS E SILVA,EDIF. MARIA ELIZABETH.,RUA JOAO CARDOSO AIRES,764,EDIF. MARIA ELIZABETH.,BOA VIAGEM,ABALROAMENTO TRANSVERSAL,COLISÃO ENTRE AUTO E MOTO COM DUAS VÍTIMAS.,1,1,,,,,,,,2,,,SUBURBIO,Cruzamento,Bom,Não existe,Perfeito estado,Seca,Perfeito estado,Não existe,Outras,40 km/h,Única,Faixa contínua,,,,
2019-02-06,06:52:00,COM VÍTIMA,FINALIZADA,CASA AMARELA,RUA CONS PERETTI,3,270,RUA PAULA BATISTA,PRÓX AO CURSO FORMAÇÃO. EDF MORADA PAULA BATISTA.,RUA CONS PERETTI,270,PRÓX AO CURSO FORMAÇÃO. EDF MORADA PAULA BATISTA.,CASA AMARELA,ATROPELAMENTO,ATROPELAMENTO COM AUTOMÓVEL.,1,,,,1,,,,,1,,,,Cruzamento,Chuvoso,Não existe,Incompleta,Molhada,Perfeito estado,Não existe,Outras,,Única,Não existe,,,,
2019-02-06,09:39:00,COM VÍTIMA,FINALIZADA,IPUTINGA,EST DO BARBALHO,4,2471,,EM FRENTE AO RESTAURANTE NOVA FAMA DO BODE E AO SALÃO DO REINO.,EST DO BARBALHO,2471,EM FRENTE AO RESTAURANTE NOVA FAMA DO BODE E AO SALÃO DO REINO.,IPUTINGA,COLISÃO COM CICLISTA,COLISÃO ENTRE CAMINHONETE E CICLISTA.,1,,,1,,,,,,1,,,CIDADE,Esquina,Chuvoso,Não existe,Não existente,Molhada,Perfeito estado,Não existe,Não há placas,,Única,Não existe,,,,
2019-02-06,15:35:00,COM VÍTIMA,FINALIZADA,JORDAO,AV MARIA IRENE,3,865,,AO LADO DO POSTO TOTAL.,AV MARIA IRENE,865,AO LADO DO POSTO TOTAL.,JORDÃO,ABALROAMENTO LONGITUDINAL,COLISÃO ENTRE AUTO E MOTO.,1,1,,,,,,,,1,,,SUBURBIO,Longo da via,Chuvoso,Não existe,Incompleta,Molhada,Mal conservada,Não existe,Não há placas,60 km/h,Dupla,Não existe,,,,
2019-02-06,17:14:00,COM VÍTIMA,FINALIZADA,RECIFE,C DO APOLO,3,302,RUA ALVARES CABRAL,E/F AO DELTA CAFÉ. EDF. MAURÍCIO DE NASSAU.,CAIS DO APOLO,302,E/F AO DELTA CAFÉ. EDF. MAURÍCIO DE NASSAU.,BAIRRO DO RECIFE,ATROPELAMENTO,ATROPELAMENTO ENVOLVENDO ÔNIBUS E PEDESTRE.,,,,,1,1,,,,1,,,SUBURBIO,Longo da via,Chuvoso,Sem defeito,Perfeito estado,Molhada,Perfeito estado,Outros,R-6c,30 km/h,Única,Faixa,,,,
2019-02-06,18:38:00,COM VÍTIMA,FINALIZADA,BOA VIAGEM,AV CONSELHEIRO AGUIAR,0,,RUA CARLOS PEREIRA FALCAO,EXTRA SUPERMERCADO/ BANCO SANTANDER,AV CONSELHEIRO AGUIAR,,EXTRA SUPERMERCADO/ BANCO SANTANDER,BOA VIAGEM,ABALROAMENTO TRANSVERSAL,COLISÃO ENTRE CAMINHÃO E MOTOCICLETA.,,1,,,,,1,,,1,,,CIDADE,Longo da via,Bom,Não existe,Perfeito estado,Seca,Perfeito estado,Não existe,Outras,,Única,Faixa contínua,,,,
2019-02-06,18:44:00,COM VÍTIMA,FINALIZADA,BOA VISTA,RUA JOSE DE ALENCAR,3,264,RUA BARAO DE SAO BORJA,SHOPPING BOA VISTA,RUA JOSE DE ALENCAR,264,SHOPPING BOA VISTA,BOA VISTA,ABALROAMENTO TRANSVERSAL,COLISÃO ENTRE DOIS AUTOS.,2,,,,,,,,,1,,,SUBURBIO,Cruzamento,Bom,Não existe,Perfeito estado,Seca,Perfeito estado,Faixa de retenção,Placas Pare,,Única,Não existe,,,,
2019-02-06,19:55:00,COM VÍTIMA,FINALIZADA,GRACAS,RUA JOAQUIM NABUCO,0,,,EM FRENTE AO HOSPITAL SANTA JOANA,RUA JOAQUIM NABUCO,,EM FRENTE AO HOSPITAL SANTA JOANA,GRAÇAS,ABALROAMENTO LONGITUDINAL,COLISÃO ENTRE DOIS AUTOS E UMA MOTONETA.,2,,1,,,,,,,1,,,SUBURBIO,Longo da via,Bom,Sem defeito,Perfeito estado,Seca,,Não existe,Não há placas,,Única,Faixa seccionada,,,,
2019-02-07,16:00:00,COM VÍTIMA,FINALIZADA,SANTO AMARO,RUA CAPITAO LIMA,3,420,,EM FRENTE A UBER,RUA CAPITAO LIMA,420,EM FRENTE A UBER,SANTO AMARO,CHOQUE VEÍCULO PARADO,AUTO E MOTO,1,1,,,,,,,,1,,,CIDADE,,Bom,Não existe,Perfeito estado,Seca,Perfeito estado,Não existe,Não há placas,,,,,,,
2019-02-07,17:39:00,COM VÍTIMA,FINALIZADA,MADALENA,RUA PADRE ANCHIETA,0,,RUA JOSE BONIFACIO,E/F A IGREJA METODISTA,RUA PADRE ANCHIETA,,E/F A IGREJA METODISTA,MADALENA,ATROPELAMENTO,MOTO ATROPELOU UM PEDESTRE,,1,,,1,,,,,1,,,SUBURBIO,Longo da via,Bom,Sem defeito,Perfeito estado,Seca,Perfeito estado,Não existe,Não há placas,,Única,Faixa contínua,,,,
2019-02-07,18:37:00,COM VÍTIMA,FINALIZADA,BOA VISTA,RUA JOAO FERNANDES VIEIRA,3,356,,,RUA JOAO FERNANDES VIEIRA,356,,BOA VISTA,ATROPELAMENTO,HONDA FIT EIZ6287,1,,,,1,,,,,1,,,,Longo da via,Bom,Sem defeito,Perfeito estado,Seca,Perfeito estado,Faixa de pedestre,Outras,40 km/h,Única,Faixa seccionada,,,,
2019-02-07,20:16:00,COM VÍTIMA,FINALIZADA,MADALENA,RUA REAL DA TORRE,3,730,RUA DES LUIZ SALAZAR,E/F LOJA DO CONDOMINIO,RUA REAL DA TORRE,730,E/F LOJA DO CONDOMINIO,MADALENA,COLISÃO COM CICLISTA,COLISÃO COM VITIMA,1,,,1,,,,,,1,,,SUBURBIO,Esquina,Bom,Não existe,Incompleta,Seca,Perfeito estado,Não existe,Não há placas,30 km/h,Dupla,Faixa seccionada,,,,
2019-02-08,09:12:00,COM VÍTIMA,FINALIZADA,CASA AMARELA,RUA BELA VISTA,3,329,,RUA EM FRENTE AO SITIO DA TRINDADE. RESTAURANTE CANDELLABRO PIZZARIA.,RUA BELA VISTA,329,RUA EM FRENTE AO SITIO DA TRINDADE. RESTAURANTE CANDELLABRO PIZZARIA.,CASA AMARELA,ABALROAMENTO LONGITUDINAL,COLISÃO ENTRE DOIS AUTOMÓVEIS E UMA MOTOCICLETA.,2,1,,,,,,,,1,,,CIDADE,Esquina,Bom,Não existe,Perfeito estado,Seca,Perfeito estado,,Placas Pare,40 km/h,Dupla,Não existe,,,,
2019-02-08,11:19:00,COM VÍTIMA,FINALIZADA,IBURA,AV DOIS RIOS,3,692,,PROX. A EMPRESA SANTOS FERRO E AÇO,AV DOIS RIOS,692,PROX. A EMPRESA SANTOS FERRO E AÇO,IBURA,COLISÃO,MOTO E AUTO,1,1,,,,,,,,1,,,,,,,,,,,,,,,,,,
2019-02-08,11:42:00,COM VÍTIMA,FINALIZADA,CORDEIRO,AV CAXANGA,4,2117,,EM FRENTE AEXPOSIÇÃO DE ANIMAIS E A CAXANGA ACESSORIOS,AV CAXANGA,2117,EM FRENTE AEXPOSIÇÃO DE ANIMAIS E A CAXANGA ACESSORIOS,CORDEIRO,COLISÃO COM CICLISTA,COM UMA VITIMA SENDO ATENDIDA PELO SAMU,,,,1,,1,,,,1,,,CIDADE,Longo da via,Bom,Não existe,Perfeito estado,Seca,Perfeito estado,Agente,Não há placas,60 km/h,Dupla,Canteiro central,,,,
2019-02-08,12:22:00,COM VÍTIMA,FINALIZADA,IMBIRIBEIRA,RUA SARGENTO SILVINO DE MACEDO,3,445,,PROXIMO A FARMACIA DO TRABALHADOR E POSTO BR,RUA SARGENTO SILVINO DE MACEDO,445,PROXIMO A FARMACIA DO TRABALHADOR E POSTO BR,IMBIRIBEIRA,ATROPELAMENTO,ATROPELAMENTO ENTRE UM AUTO E UM PEDESTRE.,1,,,,1,,,,,1,,442,SUBURBIO,Longo da via,Bom,Não existe,Não existente,Seca,Perfeito estado,Não existe,Não há placas,,Dupla,Não existe,,,,
2019-02-08,16:25:00,COM VÍTIMA,FINALIZADA,TAMARINEIRA,EST VELHA DE AGUA FRIA,3,739,,EM FRENTE AO N 739,EST VELHA DE AGUA FRIA,739,EM FRENTE AO N 739,TAMARINEIRA,ABALROAMENTO LONGITUDINAL,COLISÃO ENTRE AUTO E MOTO.,1,1,,,,,,,,1,,,SUBURBIO,Longo da via,Bom,Não existe,Perfeito estado,Seca,Perfeito estado,,Não há placas,,Dupla,Faixa contínua,,,,
2019-02-08,16:32:00,COM VÍTIMA,FINALIZADA,IBURA,AV DOM HELDER CAMARA,3,400,,PROX. AO ARMAZEM FAMA,AV DOM HELDER CAMARA,400,PROX. AO ARMAZEM FAMA,IBURA,COLISÃO TRASEIRA,COLISÃO ENTRE AUTO E MOTONETA.,1,,1,,,,,,,1,,,SUBURBIO,Longo da via,Bom,Não existe,Perfeito estado,Seca,Perfeito estado,Não existe,Não há placas,,Dupla,Canteiro central,,,,
2019-02-08,16:33:00,COM VÍTIMA,FINALIZADA,TOTO,AV LIBERDADE,4,1546,,AO LADO DA PADARIA EMPORIO DOS PÃES,AV LIBERDADE,1546,AO LADO DA PADARIA EMPORIO DOS PÃES,TOTÓ,ABALROAMENTO LONGITUDINAL,COLISÃO ENTRE AUTO E MOTO.,1,1,,,,,,,,2,,,CIDADE,Longo da via,Bom,Não existe,Perfeito estado,Seca,Perfeito estado,Não existe,Não há placas,,Dupla,Não existe,,,,
2019-02-08,16:49:00,COM VÍTIMA,FINALIZADA,SAN MARTIN,AV JOAO CABRAL DE MELO NETO,4,1653,RUA ROCHA POMBO,EM FRENTE A GRAFICA ALENCAR/ SENTIDO SAN MARTIN.,AV JOAO CABRAL DE MELO NETO,1653,EM FRENTE A GRAFICA ALENCAR/ SENTIDO SAN MARTIN.,SAN MARTIN,ABALROAMENTO LONGITUDINAL,COLISÃO ENTRE AUTO E MOTO.,1,1,,,,,,,,1,,,CIDADE,Esquina,Bom,Não existe,Perfeito estado,Seca,Perfeito estado,Não existe,Outras,,Dupla,Canteiro central,,,,
2019-02-08,20:25:00,COM VÍTIMA,FINALIZADA,BOA VIAGEM,AV BOA VIAGEM,0,,,PROX. AO HOSPITAL DA AERONAUTICA. EM FRENTE AO TERRENO COMANDO DA AERONÁUTICA.,AV BOA VIAGEM,,PROX. AO HOSPITAL DA AERONAUTICA. EM FRENTE AO TERRENO COMANDO DA AERONÁUTICA.,BOA VIAGEM,COLISÃO TRASEIRA,COLISÃO ENTRE DOIS AUTOS E UMA MOTOCICLETA.,2,1,,,,,,,,2,,,CIDADE,Longo da via,Bom,Não existe,Perfeito estado,Seca,Perfeito estado,Não existe,Não há placas,,Única,Faixa seccionada,,,,
2019-02-09,18:24:00,COM VÍTIMA,FINALIZADA,ESPINHEIRO,AV JOAO DE BARROS,4,1179,AV GOVERNADOR AGAMENON MAGALHAES,AO LADO DO POSTO (BR) PASSIRA  SNT ENCRUZILHADA / APÓS O VIADUTO,AV JOAO DE BARROS,1179,AO LADO DO POSTO (BR) PASSIRA  SNT ENCRUZILHADA / APÓS O VIADUTO,ESPINHEIRO,COLISÃO TRASEIRA,COLISÃO ENTRE AUTO E MOTO. C/V,1,1,,,,,,,,1,,,SUBURBIO,Longo da via,Bom,Não existe,Perfeito estado,Seca,Perfeito estado,Não existe,Não há placas,,Única,Faixa seccionada,Blocos,,,
2019-02-09,23:33:00,COM VÍTIMA,FINALIZADA,ILHA JOANA BEZERRA,RUA CAPITAO TEMUDO,0,,,FORUM JOANA BEZERRA,VIADUTO CAPITAO TEMUDO,,FORUM JOANA BEZERRA,JOANA BEZERRA,COLISÃO TRASEIRA,COLISÃO ENTRE DOIS AUTOS.,2,,,,,,,,,1,,,CIDADE,Viaduto,Bom,Não existe,Perfeito estado,Seca,Perfeito estado,Não existe,Outras,60 km/h,Dupla,Canteiro central,,,,
2019-02-09,23:55:00,COM VÍTIMA,FINALIZADA,CORDEIRO,AV ENGENHEIRO ABDIAS DE CARVALHO,0,,AV GENERAL SAN MARTIN,SOB O SEMÁFORO 058,AV ENGENHEIRO ABDIAS DE CARVALHO,,SOB O SEMÁFORO 058,CORDEIRO,COLISÃO TRASEIRA,COLISÃO COM VITIMA,1,1,,,,,,,,1,,58,SUBURBIO,Cruzamento,Bom,Sem defeito,Perfeito estado,Seca,Perfeito estado,Faixa de pedestre,Outras,60 km/h,Dupla,Canteiro central,,,,
2019-02-10,03:32:00,COM VÍTIMA,FINALIZADA,ESPINHEIRO,RUA DR FERNANDO ALLAIN,0,,RUA MARQUES DO PARANA,,RUA DR FERNANDO ALLAIN,,,ESPINHEIRO,ABALROAMENTO TRANSVERSAL,COLISÃO COM VITIMA,2,,,,,,,,,1,,,,Cruzamento,Bom,Não existe,Perfeito estado,Seca,Perfeito estado,Não existe,Outras,,Dupla,Não existe,,,,
2019-02-10,05:28:00,COM VÍTIMA,FINALIZADA,CASA AMARELA,RUA CONEGO BARATA,0,,AV NORTE,PROX. FERREIRA COSTA,RUA CONEGO BARATA,,PROX. FERREIRA COSTA,CASA AMARELA,ABALROAMENTO TRANSVERSAL,COLISÃO ENTRE AUTO E MOTO.,1,1,,,,,,,,1,,62,SUBURBIO,Cruzamento,Bom,Sem defeito,Perfeito estado,Seca,Perfeito estado,Faixa de pedestre,Outras,,Dupla,Blocos,,,,
2019-02-10,10:51:00,COM VÍTIMA,FINALIZADA,AGUA FRIA,AV BEBERIBE,4,2171,,MERCADO DE ÁGUA FRIA,AV BEBERIBE,2171,MERCADO DE ÁGUA FRIA,ÁGUA FRIA,COLISÃO,COLISÃO COM VÍTIMA  ENVOLVENDO UMA VT DA PM E UMA MOTOCICLETA.,,1,,,,,,1,,1,,,,,,,,,,,,,,,,,,
2019-02-10,11:26:00,COM VÍTIMA,FINALIZADA,SAN MARTIN,RUA OUREM,2,61,,EM FRENTE AO CONDOMÍNIO QUINTA CASA FORTE,RUA OUREM,61,EM FRENTE AO CONDOMÍNIO QUINTA CASA FORTE,SAN MARTIN,ABALROAMENTO TRANSVERSAL,COLISÃO ENTRE AUTO E MOTO.,1,1,,,,,,,,2,,,SUBURBIO,Longo da via,Bom,Não existe,Não existente,Seca,Perfeito estado,Não existe,Não há placas,20 km/h,Única,Não existe,,,,
2019-02-10,13:00:00,COM VÍTIMA,FINALIZADA,IPUTINGA,RUA EMILIANO BRAGA,3,477,RUA PROFESSOR ANTONIO COELHO,EM FRENTE A INTEGRAÇÃO DA CAXANGA,RUA EMILIANO BRAGA,477,EM FRENTE A INTEGRAÇÃO DA CAXANGA,IPUTINGA,ABALROAMENTO LONGITUDINAL,COLISÃO ENTRE AUTO E MOTO.,1,1,,,,,,,,1,,,SUBURBIO,Longo da via,Bom,Não existe,Perfeito estado,Seca,Perfeito estado,Agente,Placas Pare,30 km/h,Única,Não existe,,,,
2019-02-10,19:09:00,COM VÍTIMA,FINALIZADA,BOA VIAGEM,RUA COSMORAMA,0,,RUA JOAO CARDOSO AIRES,E/F AO COLÉGIO MADRE DE DEUS - UNIDADE ll / PRÓX AO CANAL,RUA COSMORAMA,,E/F AO COLÉGIO MADRE DE DEUS - UNIDADE ll / PRÓX AO CANAL,BOA VIAGEM,ABALROAMENTO TRANSVERSAL,ENTRE AUTO E MOTO. C/V,1,1,,,,,,,,1,,,SUBURBIO,Cruzamento,Bom,Sem defeito,Perfeito estado,Seca,Perfeito estado,Faixa de pedestre,R-4a,,Dupla,Canal,,,,
2019-02-10,19:28:00,COM VÍTIMA,FINALIZADA,PARNAMIRIM,RUA SEBASTIAO ALVES,3,155,,PROX DO FAACA BOTECO E PARRILLA  EM FRENTE AO EDIFICIO DRACENAS,RUA SEBASTIAO ALVES,155,PROX DO FAACA BOTECO E PARRILLA  EM FRENTE AO EDIFICIO DRACENAS,PARNAMIRIM,ABALROAMENTO LONGITUDINAL,COLISÃO ENTRE MOTO E AUTO C/V,1,1,,,,,,,,2,,,CIDADE,Longo da via,Bom,Não existe,Incompleta,Seca,Mal iluminada,Não existe,R-19,20 km/h,Única,Não existe,,,,
2019-02-11,07:59:00,COM VÍTIMA,FINALIZADA,CAMPO GRANDE,RUA GUAIANAZES,3,239,RUA PROFESSOR FRANCISCO DA TRINDADE,E/F A RESIDENCIA.,RUA GUAIANAZES,239,E/F A RESIDENCIA.,CAMPO GRANDE,ABALROAMENTO LONGITUDINAL,COM UMA VÍTIMA A ESPERA DO SAMU,1,1,,,,,,,,1,,,CIDADE,Cruzamento,Bom,Não existe,Incompleta,Seca,Perfeito estado,Não existe,Não há placas,,Dupla,Faixa seccionada,,,,
2019-02-11,08:11:00,COM VÍTIMA,FINALIZADA,TEJIPIO,RUA DO SANCHO,3,235,,APOS A ESTAÇÃO DE TEJIPIO EM FRENTE AO EDIFICIO DAS PALMEIRAS,RUA DO SANCHO,235,APOS A ESTAÇÃO DE TEJIPIO EM FRENTE AO EDIFICIO DAS PALMEIRAS,TEJIPIÓ,COLISÃO COM CICLISTA,ATROPELAMENTO VITIMA SOCORRIDA PELO SAMU,1,,,1,,,,,,1,,,SUBURBIO,Longo da via,Bom,Não existe,Perfeito estado,Seca,Perfeito estado,Não existe,Outras,,Dupla,Não existe,,,,
2019-02-11,10:10:00,COM VÍTIMA,FINALIZADA,PARNAMIRIM,EST DO ARRAIAL,4,3107,RUA ARNOLDO MAGALHAES,EM FRENTE AO AMERICA FUTEBOL CLUBE,EST DO ARRAIAL,3107,EM FRENTE AO AMERICA FUTEBOL CLUBE,PARNAMIRIM,ABALROAMENTO TRANSVERSAL,COM VITIMA JA SOCORRIDA PELO SAMU,1,1,,,,,,,,1,,,SUBURBIO,Esquina,Bom,Não existe,Perfeito estado,Seca,Perfeito estado,Não existe,R-4a,40 km/h,Única,Faixa seccionada,,,,
2019-02-11,11:15:00,COM VÍTIMA,FINALIZADA,TEJIPIO,AV DR JOSE RUFINO,4,3152,,EM FRENTE AO QUARTEL DO EXERCITO,AV DR JOSE RUFINO,3152,EM FRENTE AO QUARTEL DO EXERCITO,TEJIPIÓ,COLISÃO TRASEIRA,COLISÃO COM VITIMA SOCORRIDA PELO SAMU,1,1,,,,,,,,1,,,CIDADE,Longo da via,Bom,Sem defeito,Perfeito estado,Seca,Perfeito estado,Faixa de pedestre,,,Dupla,Faixa,,,,