data,hora,natureza_acidente,situacao,bairro,endereco,,numero,detalhe_endereco_acidente,complemento,endereco_cruzamento,numero_cruzamento,referencia_cruzamento,bairro_cruzamento,tipo,descricao,auto,moto,ciclom,ciclista,pedestre,onibus,caminhao,viatura,outros,vitimas,vitimasfatais,num_semaforo,sentido_via,acidente_verificado,tempo_clima,situacao_semaforo,sinalizacao,condicao_via,conservacao_via,ponto_controle,situacao_placa,velocidade_max_via,mao_direcao,divisao_via1,divisao_via2,divisao_via3,_id,Protocolo
2019-02-11,11:31:00,COM VÍTIMA,FINALIZADA,IMBIRIBEIRA,AV MARECHAL MASCARENHAS DE MORAES,4,4080,,E/F A VENEZA MATERIAIS DE CONSTRUÇÃO  SENTIDO AEROPORTO.,AV MARECHAL MASCARENHAS DE MORAES,4080,E/F A VENEZA MATERIAIS DE CONSTRUÇÃO  SENTIDO AEROPORTO.,IMBIRIBEIRA,ABALROAMENTO LONGITUDINAL,COM UMA VÍTIMA. VT 29 NO LOCAL.,1,1,,,,,,,,1,,310,SUBURBIO,Longo da via,Bom,Sem defeito,Perfeito estado,Seca,Perfeito estado,,Não há placas,60 km/h,Única,Faixa,,,,
2019-02-11,12:31:00,COM VÍTIMA,FINALIZADA,AFOGADOS,RUA COSME VIANA,3,235,RUA TREZE DE AGOSTO,EM FRENTE A PINO CENTRO AUTOMOTIVO,RUA COSME VIANA,235,EM FRENTE A PINO CENTRO AUTOMOTIVO,AFOGADOS,COLISÃO TRASEIRA,AUTO E MOTO C/V,1,1,,,,,,,,1,,,CIDADE,Longo da via,Bom,Sem defeito,Perfeito estado,Seca,,Faixa de pedestre,Não há placas,,Única,Faixa contínua,,,,
2019-02-11,15:13:00,COM VÍTIMA,FINALIZADA,SAO JOSE,RUA IMPERIAL,3,677,,PROX. A MINEIRO RODAS,RUA IMPERIAL,677,PROX. A MINEIRO RODAS,SÃO JOSÉ,ABALROAMENTO TRANSVERSAL,AUTO E MOTO C/V,1,1,,,,,,,,2,,,SUBURBIO,Cruzamento,Bom,Não existe,Incompleta,Seca,Perfeito estado,Não existe,R-6a,,Única,Faixa seccionada,,,,
2019-02-11,15:19:00,COM VÍTIMA,FINALIZADA,ENCRUZILHADA,RUA CASTRO ALVES,3,199,,APÓS A PRAÇA DA PICANHA  edificio ilha de santo aleixo,RUA CASTRO ALVES,199,APÓS A PRAÇA DA PICANHA  edificio ilha de santo aleixo,ENCRUZILHADA,ATROPELAMENTO,,1,,,,2,,,,,2,,,,Longo da via,Bom,,Perfeito estado,Seca,Perfeito estado,Não existe,R-6a,,Única,Faixa seccionada,,,,
2019-02-11,17:46:00,COM VÍTIMA,FINALIZADA,ILHA JOANA BEZERRA,VDO PAPA JOAO PAULO II,0,,,EM CIMA DO VIADUTO/ SENTIDO OLINDA,VDO PAPA JOAO PAULO II,,EM CIMA DO VIADUTO/ SENTIDO OLINDA,JOANA BEZERRA,COLISÃO TRASEIRA,COLISAO ENTRE MOTO E AUTO COM UMA VITIMA,1,1,,,,,,,,1,,,SUBURBIO,Viaduto,Bom,Não existe,Perfeito estado,Seca,Perfeito estado,Não existe,Não há placas,60 km/h,Única,Faixa,,,,
2019-02-12,07:22:00,COM VÍTIMA,FINALIZADA,ILHA DO LEITE,AV GOVERNADOR AGAMENON MAGALHAES,4,4318,,EM FRENTE AO EMPRESARIAL RENATO DIAS,AV GOVERNADOR AGAMENON MAGALHAES,4318,EM FRENTE AO EMPRESARIAL RENATO DIAS,ILHA DO LEITE,ABALROAMENTO TRANSVERSAL,COLISÃO ENTRE DUAS MOTOCICLETAS.,,2,,,,,,,,1,,,SUBURBIO,Longo da via,Bom,Sem defeito,Perfeito estado,Seca,Perfeito estado,Agente,Não há placas,60 km/h,Dupla,Canal,Faixa,,,
2019-02-12,09:41:00,COM VÍTIMA,FINALIZADA,BONGI,AV MANOEL GONCALVES DA LUZ,3,344,,PROX AO SESI EM FRENTE AO SUPERMERCADO CESTÃO CHEIO,AV MANOEL GONCALVES DA LUZ,344,PROX AO SESI EM FRENTE AO SUPERMERCADO CESTÃO CHEIO,BONGI,ATROPELAMENTO,ATROPELAMENTO ENTRE ÔNIBUS E PEDESTRE.,,,,,1,1,,,,1,,,,Longo da via,Bom,Não existe,Perfeito estado,Seca,Perfeito estado,Não existe,R-6a,,Dupla,Faixa seccionada,,,,
2019-02-12,10:17:00,COM VÍTIMA,FINALIZADA,AFOGADOS,RUA COSME VIANA,0,,,EM FRENTE AO BC AUTO SERVICE,RUA COSME VIANA,,EM FRENTE AO BC AUTO SERVICE,AFOGADOS,COLISÃO COM CICLISTA,COLISÃO ENTRE AUTO E BICICLETA.,1,,,1,,,,,,1,,100,SUBURBIO,Longo da via,Bom,Sem defeito,Perfeito estado,Seca,Perfeito estado,Faixa de pedestre,R-6a,,Única,Faixa seccionada,,,,
2019-02-12,12:39:00,COM VÍTIMA,FINALIZADA,CASA AMARELA,RUA PADRE LEMOS,3,552,RUA CONS RIBAS,EM FRENTE AO KINITOS E FERREIRA PINTO.,RUA PADRE LEMOS,552,EM FRENTE AO KINITOS E FERREIRA PINTO.,CASA AMARELA,COLISÃO TRASEIRA,COLISÃO ENTRE AUTO E MOTO.,1,1,,,,,,,,1,,369,SUBURBIO,Esquina,Bom,Sem defeito,Perfeito estado,Seca,Perfeito estado,Não existe,Outras,,Dupla,Faixa seccionada,,,,
2019-02-12,12:42:00,COM VÍTIMA,FINALIZADA,GRACAS,RUA DAS CREOULAS,3,322,RUA JOAQUIM NABUCO,EM FRENTE A DROGARIA 4 CANTOS,RUA DAS CREOULAS,322,EM FRENTE A DROGARIA 4 CANTOS,GRAÇAS,ABALROAMENTO LONGITUDINAL,COLISÃO ENTRE AUTO E MOTO.,1,1,,,,,,,,1,,71,,Cruzamento,Bom,Sem defeito,Perfeito estado,Seca,Perfeito estado,Faixa de pedestre,Outras,,Única,Faixa contínua,,,,
2019-02-12,13:12:00,COM VÍTIMA,FINALIZADA,ARRUDA,AV BEBERIBE,2,68,,PROX. AO LOJÃO DO PETROLEO  SENT. ARRUDA,AV BEBERIBE,68,PROX. AO LOJÃO DO PETROLEO  SENT. ARRUDA,ARRUDA,ABALROAMENTO TRANSVERSAL,COLISÃO ENTRE AUTO E MOTO.,1,1,,,,,,,,1,,,SUBURBIO,Longo da via,Bom,Não existe,Perfeito estado,Seca,Perfeito estado,Não existe,Não há placas,60 km/h,Dupla,Faixa contínua,,,,
2019-02-12,20:12:00,COM VÍTIMA,FINALIZADA,BOA VIAGEM,RUA DR LUIZ CORREA DE OLIVEIRA,3,111,,PROX. AO ATACADÃO E GED - GRUPO EXECUTIVO DIGITAL,RUA DR LUIZ CORREA DE OLIVEIRA,111,PROX. AO ATACADÃO E GED - GRUPO EXECUTIVO DIGITAL,BOA VIAGEM,ABALROAMENTO LONGITUDINAL,COLISÃO COM VÍTIMA/ AGUARDANDO ATENDIMENTO DO SAMU NO LOCAL,1,1,,,,,,,,2,,,SUBURBIO,Longo da via,Bom,Não existe,Perfeito estado,Seca,Perfeito estado,Não existe,Placas Pare,,Dupla,Não existe,,,,
2019-02-12,20:23:00,COM VÍTIMA,FINALIZADA,ILHA DO LEITE,AV FREI MATIAS TEVES,0,,RUA SENADOR JOSE HENRIQUE,ESQUINA DO ALBERT SABIN,AV FREI MATIAS TEVES,,ESQUINA DO ALBERT SABIN,ILHA DO LEITE,ABALROAMENTO TRANSVERSAL,COLISÃO ENVOLVENDO AUTO E MOTO.,1,1,,,,,,,,1,,,SUBURBIO,Cruzamento,Bom,Não existe,Perfeito estado,Seca,Perfeito estado,,,,Única,,,,,
2019-02-12,21:29:00,COM VÍTIMA,FINALIZADA,IBURA,AV DOIS RIOS,0,,,PROX. A POLICLÍNICA  MAIS OU MENOS 300 METROS DA UNIDADE DE SAÚDE,AV DOIS RIOS,,PROX. A POLICLÍNICA  MAIS OU MENOS 300 METROS DA UNIDADE DE SAÚDE,IBURA,ABALROAMENTO TRANSVERSAL,COLISÃO ENVOLVENDO AUTO E MOTO.,1,1,,,,,,,,1,,,,Outros,Chuvoso,Não existe,Perfeito estado,Seca,Perfeito estado,Agente,,,,,,,,
2019-02-13,16:55:00,COM VÍTIMA,FINALIZADA,COELHOS,RUA DOS COELHOS,0,,,EM FRENTE AO IMIP,RUA DOS COELHOS,,EM FRENTE AO IMIP,COELHOS,ATROPELAMENTO,ATROPELAMENTO ENTRE AUTO E PEDESTRE.,1,,,,1,,,,,1,,,SUBURBIO,Longo da via,Bom,Sem defeito,Perfeito estado,Seca,Perfeito estado,Faixa de pedestre,Não há placas,,Dupla,Faixa,,,,
2019-02-13,17:02:00,COM VÍTIMA,FINALIZADA,PINA,RUA MANOEL DE BRITO,3,243,RUA BARAO DE SANTO ANGELO,,RUA MANOEL DE BRITO,243,,PINA,ATROPELAMENTO,ATROPELAMENTO ENTRE AUTO E PEDESTRE.,1,,,,1,,,,,1,,,CIDADE,Longo da via,Chuvoso,Não existe,Perfeito estado,Seca,Perfeito estado,Não existe,Não há placas,,Única,Faixa seccionada,,,,
2019-02-13,00:00:00,COM VÍTIMA,FINALIZADA,AGUA FRIA,RUA SAO SEBASTIAO,3,134,,POR TRAZ DO GIGANTE DO SAMBA,RUA SAO SEBASTIAO,134,POR TRAZ DO GIGANTE DO SAMBA,ÁGUA FRIA,ABALROAMENTO LONGITUDINAL,COLISÃO ENTRE AUTO E MOTO.,1,1,,,,,,,,1,,,SUBURBIO,Longo da via,Bom,Não existe,Perfeito estado,Seca,Perfeito estado,Não existe,Não há placas,,Dupla,Faixa contínua,,,,
2019-02-13,21:23:00,COM VÍTIMA,FINALIZADA,SANTO ANTONIO,RUA PRIMEIRO DE MARCO,0,,RUA IMPERADOR PEDRO SEGUNDO,,RUA PRIMEIRO DE MARCO,,,SANTO ANTÔNIO,ABALROAMENTO TRANSVERSAL,COLISÃO ENTRE VIATURA DA CTTU E MOTOCICLETA.,,1,,,,,,1,,1,,18,SUBURBIO,Cruzamento,Bom,Sem defeito,Ilegível,Seca,Perfeito estado,Faixa de pedestre,Outras,40 km/h,Única,Não existe,,,,
2019-02-13,22:22:00,COM VÍTIMA,FINALIZADA,IMBIRIBEIRA,AV MARECHAL MASCARENHAS DE MORAES,4,2350,,PROX AO DESCONTAO EN. A FERREIRA COSTA. EM FRENTE AO BANCO DO BRASIL.,AV MARECHAL MASCARENHAS DE MORAES,2350,PROX AO DESCONTAO EN. A FERREIRA COSTA. EM FRENTE AO BANCO DO BRASIL.,IMBIRIBEIRA,ATROPELAMENTO,ATROPELAMENTO ENTRE AUTO E PEDESTRE.,1,,,,1,,,,,1,,,SUBURBIO,Longo da via,Chuvoso,Sem defeito,Perfeito estado,Molhada,Perfeito estado,Faixa de pedestre,R-6a,60 km/h,Dupla,Canteiro central,,,,
2019-02-14,07:04:00,COM VÍTIMA,FINALIZADA,IMBIRIBEIRA,AV MARECHAL MASCARENHAS DE MORAES,0,,RUA ARQUITETO FERNANDO ALMEIDA,E/F A ARMAZÉM CORAL,AV MARECHAL MASCARENHAS DE MORAES,,E/F A ARMAZÉM CORAL,IMBIRIBEIRA,ABALROAMENTO TRANSVERSAL,COLISÃO ENTRE AUTO E MOTO.,1,1,,,,,,,,1,,286,,Cruzamento,Bom,Sem defeito,Perfeito estado,Seca,Perfeito estado,Faixa de retenção,Não há placas,50 km/h,Dupla,Canteiro central,,,,
2019-02-14,07:17:00,COM VÍTIMA,FINALIZADA,BOA VIAGEM,AV ENGENHEIRO DOMINGOS FERREIRA,4,3738,,EM FRENTE AO LAÇA BURGUER,AV ENGENHEIRO DOMINGOS FERREIRA,3738,EM FRENTE AO LAÇA BURGUER,BOA VIAGEM,ATROPELAMENTO,ATROPELAMENTO ENVOLVENDO ÔNIBUS E UM PEDESTRE.,,,,,1,1,,,,1,,,SUBURBIO,Longo da via,Bom,Não existe,Perfeito estado,Seca,Perfeito estado,Não existe,Outras,60 km/h,Dupla,Faixa seccionada,Canteiro central,,,
2019-02-14,08:52:00,COM VÍTIMA,FINALIZADA,TORROES,AV ENGENHEIRO ABDIAS DE CARVALHO,0,,,EM FRENTE AO POSTO SHELL,AV ENGENHEIRO ABDIAS DE CARVALHO,,EM FRENTE AO POSTO SHELL,TORRÕES,ABALROAMENTO LONGITUDINAL,COLISÃO ENVOLVENDO DUAS MOTOS E DOIS AUTOS.,2,2,,,,,,,,2,,,SUBURBIO,Longo da via,Bom,Não existe,Perfeito estado,Seca,Perfeito estado,,Outras,,Dupla,Canteiro central,,,,
2019-02-14,11:29:00,COM VÍTIMA,FINALIZADA,AFOGADOS,RUA SAO MIGUEL,3,293,RUA QUITERIO INACIO DE MELLO,EM FRENTE A LOJA SÃO MIGUEL AUTO PEÇAS,RUA SAO MIGUEL,293,EM FRENTE A LOJA SÃO MIGUEL AUTO PEÇAS,AFOGADOS,ABALROAMENTO LONGITUDINAL,COLISÃO ENVOLVENDO CAMIONETA E MOTOCICLETA.,1,1,,,,,,,,1,,333,,Esquina,Bom,Sem defeito,Perfeito estado,Seca,Perfeito estado,Faixa de pedestre,Outras,,Dupla,Faixa contínua,Faixa seccionada,,,
2019-02-14,11:33:00,COM VÍTIMA,FINALIZADA,SAO JOSE,AV DANTAS BARRETO,3,848,,EM FRENTE A FARMACIA DO TRABALHADOR,AV DANTAS BARRETO,848,EM FRENTE A FARMACIA DO TRABALHADOR,SÃO JOSÉ,ATROPELAMENTO,ATROPELAMENTO ENVOLVENDO MOTOCICLETA E PEDESTRE.,,1,,,1,,,,,1,,,SUBURBIO,Longo da via,Bom,Sem defeito,Perfeito estado,Seca,Perfeito estado,Outros,Outras,,Dupla,Faixa,,,,
2019-02-14,12:23:00,COM VÍTIMA,FINALIZADA,SANTO ANTONIO,RUA DA PALMA,3,311,,EM FRENTE A MILENA MÓVEIS.,RUA DA PALMA,311,EM FRENTE A MILENA MÓVEIS.,SANTO ANTÔNIO,CHOQUE VEÍCULO PARADO,CHOQUE EM VEÍCULOS QUE ESTAVAM ESTACIONADOS SEGUIDO DE VÁRIOS ATROPELAMENTOS.,4,,,,,,,,,4,,,SUBURBIO,Longo da via,Bom,Não existe,Perfeito estado,Seca,Perfeito estado,Agente,Outras,,Única,Faixa,,,,
2019-02-14,16:18:00,COM VÍTIMA,FINALIZADA,BOA VIAGEM,AV BOA VIAGEM,4,5030,,EM FRENTE AO EDF. LUIS DIAS LINS,AV BOA VIAGEM,5030,EM FRENTE AO EDF. LUIS DIAS LINS,BOA VIAGEM,COLISÃO COM CICLISTA,ENTRE CICLISTA E ONIBUS DA BORBOREMA.,,,,1,,1,,,,1,,483,CIDADE,Longo da via,Bom,Sem defeito,Perfeito estado,Seca,Perfeito estado,Faixa de pedestre,,,Única,Faixa,,,,
2019-02-14,16:07:00,COM VÍTIMA,FINALIZADA,ILHA DO RETIRO,AV ENGENHEIRO ABDIAS DE CARVALHO,3,362,EST DOS REMEDIOS,EM FRENTE A FARMACIA INDEPEDENTE,AV ENGENHEIRO ABDIAS DE CARVALHO,362,EM FRENTE A FARMACIA INDEPEDENTE,ILHA DO RETIRO,ABALROAMENTO LONGITUDINAL,COLISAO ENVOLVENDO AUTO E DUAS MOTOS,1,2,,,,,,,,1,,,SUBURBIO,Cruzamento,Bom,Sem defeito,Perfeito estado,Seca,Perfeito estado,Faixa de pedestre,R-6a,,Dupla,Faixa seccionada,,,,
2019-02-14,19:00:00,COM VÍTIMA,FINALIZADA,CASA AMARELA,AV NORTE,4,6756,,E/F A FARMACIA MADACARU  SNT CIDADE / AO LADO DO POSTO BR / PRÓX A MATERNIDADE BARROS LIMA. EM FRENTE AO CLUBE DA ESQUINA CONFRARIA.,AV NORTE,6756,E/F A FARMACIA MADACARU  SNT CIDADE / AO LADO DO POSTO BR / PRÓX A MATERNIDADE BARROS LIMA. EM FRENTE AO CLUBE DA ESQUINA CONFRARIA.,CASA AMARELA,ATROPELAMENTO,ATROPELAMENTO ENVOLVENDO ÔNIBUS E PEDESTRE.,,,,,1,1,,,,1,,,CIDADE,Longo da via,Bom,Não existe,Perfeito estado,Seca,Perfeito estado,Não existe,R-6a,,Única,Faixa seccionada,,,,
2019-02-14,19:50:00,COM VÍTIMA,FINALIZADA,AFOGADOS,RUA MOTOCOLOMBO,0,,,AO LADO DA IGREJINHA DE AFOGADOS  SNT PRA QUEM VAI DIREÇÃO A IMBIRIBEIRA / E/F AO BANCO SANTANDER,RUA MOTOCOLOMBO,,AO LADO DA IGREJINHA DE AFOGADOS  SNT PRA QUEM VAI DIREÇÃO A IMBIRIBEIRA / E/F AO BANCO SANTANDER,AFOGADOS,COLISÃO TRASEIRA,COLISÃO ENTRE AUTO E MOTO.,1,1,,,,,,,,1,,,SUBURBIO,Longo da via,Bom,Não existe,Perfeito estado,Seca,Perfeito estado,,,,,,,,,
2019-02-14,20:06:00,COM VÍTIMA,FINALIZADA,PINA,AV BOA VIAGEM,0,,,PRÓX A JCPM / E/F AO PRAIA HOTEL,AV BOA VIAGEM,,PRÓX A JCPM / E/F AO PRAIA HOTEL,PINA,COLISÃO,COLISÃO ENTRE AUTO E MOTO.,1,1,,,,,,,,1,,,CIDADE,Longo da via,Bom,Sem defeito,Perfeito estado,Seca,Perfeito estado,,Não há placas,60 km/h,Única,,,,,
2019-02-14,21:00:00,COM VÍTIMA,FINALIZADA,JAQUEIRA,RUA DO FUTURO,3,897,RUA JOSE CLEMENTINO,AABB - ASSOCIAÇÃO ATLÉTICA BANCO DO BRASIL.,RUA DO FUTURO,897,AABB - ASSOCIAÇÃO ATLÉTICA BANCO DO BRASIL.,JAQUEIRA,CHOQUE VEÍCULO PARADO,AUDI X X 35 X FOX OBS :: VEICULO CAPOTADO NO LOCAL,3,,,,,,,,,1,,,SUBURBIO,Longo da via,Bom,Não existe,Perfeito estado,Seca,Perfeito estado,Não existe,Outras,,Única,Outros,,,,
2019-02-14,21:22:00,COM VÍTIMA,FINALIZADA,ILHA DO RETIRO,RUA SPORT CLUBE DO RECIFE,0,,,ENF AO CLUBE DO SPORT,RUA SPORT CLUBE DO RECIFE,,ENF AO CLUBE DO SPORT,ILHA DO RETIRO,COLISÃO COM CICLISTA,COLISÃO ENTRE MOTO E CICLISTA.,,1,,1,,,,,,1,,481,SUBURBIO,Longo da via,Bom,Sem defeito,Perfeito estado,Seca,Perfeito estado,,R-6a,,Dupla,Canteiro central,,,,
2019-02-15,08:13:00,COM VÍTIMA,FINALIZADA,SANTO AMARO,RUA DOS PALMARES,3,124,,,RUA DOS PALMARES,124,,SANTO AMARO,ABALROAMENTO TRANSVERSAL,COM UMA VÍTIMA ATENDIDA PELOS BOMBEIROS NO LOCAL.,1,1,,,,,,,,1,,,CIDADE,Cruzamento,Bom,Sem defeito,Ilegível,Seca,Perfeito estado,Não existe,Não há placas,,Dupla,Canteiro central,,,,
2019-02-15,10:15:00,COM VÍTIMA,FINALIZADA,ENCRUZILHADA,AV NORTE,0,,,EM FRENTE AO SUPERMERCADO EXTRABOM.,AV NORTE,,EM FRENTE AO SUPERMERCADO EXTRABOM.,ENCRUZILHADA,ABALROAMENTO LONGITUDINAL,COLISÃO ENVOLVENDO DOIS AUTOMÓVEIS E UMA MOTO.,2,1,,,,,,,,1,,45,CIDADE,Longo da via,Bom,Sem defeito,Perfeito estado,Seca,Perfeito estado,Faixa de pedestre,Não há placas,60 km/h,Dupla,Canteiro central,,,,
2019-02-15,12:47:00,COM VÍTIMA,FINALIZADA,MANGABEIRA,AV NORTE,4,4341,,APOS O SESC  SENTIDO RECIFE  NA ESQUINA DO POSTO BR,AV NORTE,4341,APOS O SESC  SENTIDO RECIFE  NA ESQUINA DO POSTO BR,MANGABEIRA,COLISÃO COM CICLISTA,COLISÃO ENVOLVENDO ONIBUS E CICLISTA.,,,,1,,1,,,,1,,643,CIDADE,Longo da via,Bom,Sem defeito,Perfeito estado,Seca,Perfeito estado,Faixa de retenção,R-6a,,Dupla,Faixa seccionada,Canteiro central,,,
2019-02-14,08:00:00,COM VÍTIMA,FINALIZADA,IBURA,LAD DA COHAB,2,15,,EM FRENTE AO CASARÃO,LAD DA COHAB,15,EM FRENTE AO CASARÃO,IBURA,ABALROAMENTO LONGITUDINAL,COLISÃO ENTRE DUAS MOTOS,,2,,,,,,,,1,,,SUBURBIO,Longo da via,Bom,Não existe,Não existente,Seca,Mal conservada,Não existe,Não há placas,,Dupla,Faixa contínua,,,,
2019-02-15,17:46:00,COM VÍTIMA,FINALIZADA,SANTO ANTONIO,RUA DO LIVRAMENTO,2,20,AV N S DO CARMO,PRÓX À MARCOS CALÇADOS. LADO OPOSTO AO NÚMERO 20.,RUA DO LIVRAMENTO,20,PRÓX À MARCOS CALÇADOS. LADO OPOSTO AO NÚMERO 20.,SANTO ANTÔNIO,ATROPELAMENTO,ATROPELAMENTO ENVOLVENDO ÔNIBUS E PEDESTRE.,,,,,1,1,,,,1,,,CIDADE,Longo da via,Chuvoso,Sem defeito,Perfeito estado,Seca,Perfeito estado,,Outras,,Dupla,Faixa contínua,,,,
2019-02-15,17:49:00,COM VÍTIMA,FINALIZADA,SAO JOSE,C SANTA RITA,0,,,NO SEMÁFORO 076 E ARMAZEM AGEMAR,C SANTA RITA,,NO SEMÁFORO 076 E ARMAZEM AGEMAR,SÃO JOSÉ,CAPOTAMENTO,MOTOCICLISTA SE ACIDENTOU SOZINHO.,,1,,,,,,,,1,,76,SUBURBIO,Longo da via,Chuvoso,Sem defeito,Perfeito estado,Molhada,Perfeito estado,,Não há placas,,Dupla,Canteiro central,,,,
2019-02-15,19:32:00,COM VÍTIMA,FINALIZADA,DERBY,AV GOVERNADOR AGAMENON MAGALHAES,0,,AV GOVERNADOR CARLOS DE LIMA CAVALCANTI,SEMÁFORO 075 / E/F A PRC DO DERBY / SNT BV,AV GOVERNADOR AGAMENON MAGALHAES,,SEMÁFORO 075 / E/F A PRC DO DERBY / SNT BV,DERBY,ABALROAMENTO TRANSVERSAL,COLISÃO ENTRE DUAS MOTOS.,,2,,,,,,,,1,,75,SUBURBIO,Cruzamento,Bom,Sem defeito,Perfeito estado,Seca,Perfeito estado,Faixa de pedestre,Outras,60 km/h,Dupla,Canteiro central,,,,
2019-02-15,19:55:00,COM VÍTIMA,FINALIZADA,JORDAO,RUA EMILIO MONTEIRO FONSECA,4,1454,RUA VIRGINOPOLIS,PRÓX A IGREJA BATISTA CENTRAL DO JORDÃO / E/F AO DEPOSITO DE BEBIDAS,RUA EMILIO MONTEIRO FONSECA,1454,PRÓX A IGREJA BATISTA CENTRAL DO JORDÃO / E/F AO DEPOSITO DE BEBIDAS,JORDÃO,ABALROAMENTO TRANSVERSAL,COLISÃO ENVOLVENDO AUTO E MOTO.,1,1,,,,,,,,1,,,SUBURBIO,Esquina,Bom,Não existe,Perfeito estado,Seca,Perfeito estado,Não existe,Não há placas,,Dupla,Não existe,,,,
2019-02-15,20:16:00,COM VÍTIMA,FINALIZADA,PINA,AV CONSUL JOSEPH NOUJAIM,0,,,E/F AO SHOPPING RIO MAR / POR BAIXO DO VIADUTO. ALÇA INFERIOR DO VIADUTO.,AV CONSUL JOSEPH NOUJAIM,,E/F AO SHOPPING RIO MAR / POR BAIXO DO VIADUTO. ALÇA INFERIOR DO VIADUTO.,PINA,ABALROAMENTO LONGITUDINAL,ENTRE ÕNIBUS E MOTO. C/V,,1,,,,1,,,,1,,,SUBURBIO,Viaduto,Bom,Não existe,Perfeito estado,Seca,Perfeito estado,Não existe,Outras,30 km/h,Única,Faixa contínua,,,,
2019-02-15,21:14:00,COM VÍTIMA,FINALIZADA,RECIFE,AV ALFREDO LISBOA,0,,,E/F AO ARMAZÉM PORTO / APÓS A PONTE GIRATORIA / PRÓX AO CAIS DE SANTA RITA,AV ALFREDO LISBOA,,E/F AO ARMAZÉM PORTO / APÓS A PONTE GIRATORIA / PRÓX AO CAIS DE SANTA RITA,BAIRRO DO RECIFE,ABALROAMENTO LONGITUDINAL,COLISÃO ENTRE AUTO E MOTO.,1,1,,,,,,,,1,,,SUBURBIO,Longo da via,Bom,Não existe,Perfeito estado,Seca,Perfeito estado,Não existe,R-6a,,Única,Faixa,,,,
2019-02-15,23:36:00,COM VÍTIMA,FINALIZADA,GRACAS,RUA JOAQUIM NABUCO,3,677,RUA GUILHERME PINTO,ENF ACADEMIA TRENO,RUA JOAQUIM NABUCO,677,ENF ACADEMIA TRENO,GRAÇAS,ABALROAMENTO TRANSVERSAL,COLISÃO ENTRE AUTO E MOTO.,1,1,,,,,,,,1,,498,SUBURBIO,Cruzamento,Bom,Sem defeito,Perfeito estado,Seca,Perfeito estado,Faixa de pedestre,Não há placas,30 km/h,Única,Faixa contínua,,,,
2019-02-16,08:24:00,COM VÍTIMA,FINALIZADA,DERBY,AV GOVERNADOR AGAMENON MAGALHAES,0,,,SOBRE A PONTE DO DERBY,AV GOVERNADOR AGAMENON MAGALHAES,,SOBRE A PONTE DO DERBY,DERBY,COLISÃO TRASEIRA,COLISÃO ENVOLVENDO AUTO E MOTO.,1,1,,,,,,,,1,,75,CIDADE,Ponte,Bom,Sem defeito,Perfeito estado,Seca,Perfeito estado,Faixa de retenção,Outras,60 km/h,Dupla,Faixa contínua,,,,
2019-02-16,11:37:00,COM VÍTIMA,FINALIZADA,JARDIM SAO PAULO,AV SAO PAULO,0,,RUA LEANDRO BARRETO,E/F A FARMACIA DIAMANTE E A DELIICATESSEN SABORES DA PRAÇA,AV SAO PAULO,,E/F A FARMACIA DIAMANTE E A DELIICATESSEN SABORES DA PRAÇA,JARDIM SÃO PAULO,ATROPELAMENTO,ATROPELAMENTO ENTRE ÔNIBUS E PEDESTRE.,,,,,1,1,,,,1,,507,,Esquina,Bom,Sem defeito,Perfeito estado,Seca,Perfeito estado,Não existe,R-6a,,,Não existe,,,,
2019-02-16,16:05:00,COM VÍTIMA,FINALIZADA,COELHOS,RUA DOS COELHOS,0,,,EM FRENTE AO IMIP,RUA DOS COELHOS,,EM FRENTE AO IMIP,COELHOS,ABALROAMENTO LONGITUDINAL,COLISÃO ENVOLVENDO DOIS VEÍCULOS SEGUIDO DE ATROEPELAMENTO COM DOIS PEDESTRES.,2,,,,2,,,,,2,,359,SUBURBIO,Longo da via,Bom,Sem defeito,Perfeito estado,Seca,Perfeito estado,Faixa de pedestre,Outras,,Dupla,Faixa contínua,,,,
2019-02-16,19:38:00,COM VÍTIMA,FINALIZADA,CORDEIRO,AV INACIO MONTEIRO,3,280,RUA RIO CAPIBARIBE,PROX AO MERCADINHO TUDO DE BOM,AV INACIO MONTEIRO,280,PROX AO MERCADINHO TUDO DE BOM,CORDEIRO,ABALROAMENTO TRANSVERSAL,COLISÃO ENVOLVENDO AUTO E MOTO.,1,1,,,,,,,,2,,,SUBURBIO,Cruzamento,Bom,Não existe,Perfeito estado,Seca,Perfeito estado,,Não há placas,,Dupla,Faixa contínua,,,,