data,hora,natureza_acidente,situacao,bairro,endereco,,numero,detalhe_endereco_acidente,complemento,endereco_cruzamento,numero_cruzamento,referencia_cruzamento,bairro_cruzamento,tipo,descricao,auto,moto,ciclom,ciclista,pedestre,onibus,caminhao,viatura,outros,vitimas,vitimasfatais,num_semaforo,sentido_via,acidente_verificado,tempo_clima,situacao_semaforo,sinalizacao,condicao_via,conservacao_via,ponto_controle,situacao_placa,velocidade_max_via,mao_direcao,divisao_via1,divisao_via2,divisao_via3,_id,Protocolo
2019-02-16,20:09:00,COM VÍTIMA,FINALIZADA,CABANGA,AV SATURNINO DE BRITO,0,,,AO LADO DA COMPESA,AV SATURNINO DE BRITO,,AO LADO DA COMPESA,CABANGA,COLISÃO COM CICLISTA,COLISÃO ENVOLVENDO AUTO E CICLISTA.,1,,,1,,,,,,1,,,SUBURBIO,Longo da via,Bom,Sem defeito,Perfeito estado,Seca,Perfeito estado,Faixa de pedestre,Não há placas,,Única,Faixa seccionada,,,,
2019-02-17,12:58:00,COM VÍTIMA,FINALIZADA,ILHA DO RETIRO,AV BEIRA RIO,3,302,RUA HISBELO CAMPOS,AO LADO DO CAMPO DO SPORT. AO LADO DO CONDOMÍNIO VILLA BEIRA RIO.,AV BEIRA RIO,302,AO LADO DO CAMPO DO SPORT. AO LADO DO CONDOMÍNIO VILLA BEIRA RIO.,ILHA DO RETIRO,ABALROAMENTO LONGITUDINAL,COLISÃO ENVOLVENDO AUTO E MOTO.,1,1,,,,,,,,2,,,SUBURBIO,Longo da via,Bom,Não existe,Perfeito estado,Seca,Perfeito estado,Não existe,Não há placas,,Dupla,Faixa seccionada,,,,
2019-02-17,13:14:00,COM VÍTIMA,FINALIZADA,DERBY,RUA AMARO BEZERRA,3,458,,EM FRENTE AO EMPORIO VILLA GRANNO,RUA AMARO BEZERRA,458,EM FRENTE AO EMPORIO VILLA GRANNO,DERBY,ABALROAMENTO LONGITUDINAL,COLISÃO ENVOLVENDO AUTO E MOTO.,1,1,,,,,,,,1,,,SUBURBIO,Longo da via,Bom,Não existe,Perfeito estado,Seca,Perfeito estado,Não existe,R-6a,,Única,Não existe,,,,
2019-02-17,20:14:00,COM VÍTIMA,FINALIZADA,IPUTINGA,EST DO BARBALHO,0,,,E/F AO DETRAN ( SINCOR - PE ) PRÓX A RECIFE PLACAS,EST DO BARBALHO,,E/F AO DETRAN ( SINCOR - PE ) PRÓX A RECIFE PLACAS,IPUTINGA,COLISÃO FRONTAL,ENTRE AUTO E MOTO. C/V,1,,1,,,,,,,2,,,SUBURBIO,Longo da via,Bom,Não existe,Perfeito estado,Seca,Perfeito estado,Não existe,Não há placas,,Dupla,Não existe,,,,
2019-02-18,14:13:00,COM VÍTIMA,FINALIZADA,IMBIRIBEIRA,AV MARECHAL MASCARENHAS DE MORAES,0,,,EM FRENTE A TEND TUDO,AV MARECHAL MASCARENHAS DE MORAES,,EM FRENTE A TEND TUDO,IMBIRIBEIRA,ABALROAMENTO LONGITUDINAL,COLISÃO COM VITIMA/ O SAMU REMOVEU A VITIMA,1,1,,,,,,,,1,,,CIDADE,Longo da via,Bom,Sem defeito,Perfeito estado,Seca,Perfeito estado,Faixa de pedestre,R-6a,60 km/h,Única,Faixa,Canteiro central,,,
2019-02-19,07:03:00,COM VÍTIMA,FINALIZADA,CORDEIRO,RUA DR MIGUEL VIEIRA FERREIRA,3,210,RUA PRUDENTOPOLIS,ANTES DO COLEGIO GERAÇAO,RUA DR MIGUEL VIEIRA FERREIRA,210,ANTES DO COLEGIO GERAÇAO,CORDEIRO,ABALROAMENTO TRANSVERSAL,COLISÃO ENVOLVENDO AUTO E MOTO.,1,1,,,,,,,,2,,,SUBURBIO,Cruzamento,Bom,Não existe,Perfeito estado,Seca,Perfeito estado,Outros,Outras,,Dupla,Não existe,,,,
2019-02-19,07:05:00,COM VÍTIMA,FINALIZADA,IPUTINGA,RUA MAURICIO DE NASSAU,3,193,,PROX. AO SUPERMERCADO RENDE MAIS  APOS A LOMBADA ELETRONICA,RUA MAURICIO DE NASSAU,193,PROX. AO SUPERMERCADO RENDE MAIS  APOS A LOMBADA ELETRONICA,IPUTINGA,COLISÃO COM CICLISTA,COLISÃO ENVOLVENDO AUTO E CICLISTA.,1,,,1,,,,,,1,,,CIDADE,Longo da via,Bom,Não existe,Perfeito estado,Seca,Perfeito estado,Não existe,Não há placas,,Dupla,Faixa contínua,,,,
2019-02-19,09:07:00,COM VÍTIMA,FINALIZADA,IMBIRIBEIRA,RUA JOAQUIM BANDEIRA,3,492,,EM FRENTE A ANATEL,RUA JOAQUIM BANDEIRA,492,EM FRENTE A ANATEL,IMBIRIBEIRA,ATROPELAMENTO,VITIMA SOCORRIDA PELO SAMU,1,,,,1,,,,,1,,,SUBURBIO,,,,,,,,,,,,,,,
2019-02-19,13:38:00,COM VÍTIMA,FINALIZADA,IMBIRIBEIRA,RUA JOAQUIM BANDEIRA,0,,,SOB A ESTAÇÃO ANTÔNIO FALCÃO.,RUA JOAQUIM BANDEIRA,,SOB A ESTAÇÃO ANTÔNIO FALCÃO.,IMBIRIBEIRA,COLISÃO COM CICLISTA,COLISÃO ENVOLVENDO AUTO E CICLISTA.,1,,,1,,,,,,1,,,CIDADE,Longo da via,,Não existe,Perfeito estado,,Perfeito estado,Não existe,Não há placas,,Única,Faixa,,,,
2019-02-19,15:09:00,COM VÍTIMA,FINALIZADA,TAMARINEIRA,EST VELHA DE AGUA FRIA,3,908,AV PROFESSOR JOSE DOS ANJOS,NA ESQUINA DO DNOCS  EM FRENTE AO RESIDENCIAL VITA.,EST VELHA DE AGUA FRIA,908,NA ESQUINA DO DNOCS  EM FRENTE AO RESIDENCIAL VITA.,TAMARINEIRA,COLISÃO TRASEIRA,COLISÃO ENVOLVENDO AUTO E MOTO.,1,1,,,,,,,,1,,306,SUBURBIO,Longo da via,Bom,Sem defeito,Perfeito estado,Seca,Perfeito estado,Faixa de pedestre,Não há placas,40 km/h,Dupla,Faixa contínua,,,,
2019-02-19,18:37:00,COM VÍTIMA,FINALIZADA,SANTO AMARO,AV CRUZ CABUGA,0,,,EM FRENTE AO HOSPITAL DA MARINHA  CEMITERIO DOS INGLESES E DER.,AV CRUZ CABUGA,,EM FRENTE AO HOSPITAL DA MARINHA  CEMITERIO DOS INGLESES E DER.,SANTO AMARO,COLISÃO COM CICLISTA,COLISÃO ENVOLVENDO ÔNIBUS E CICLISTA.,,,,1,,1,,,,1,,,CIDADE,Longo da via,Bom,Não existe,Perfeito estado,Seca,Perfeito estado,Não existe,Outras,60 km/h,Dupla,Faixa seccionada,,,,
2019-02-20,08:26:00,COM VÍTIMA,FINALIZADA,IPSEP,AV RECIFE,4,3096,AV PRESIDENTE KENNEDY,LADO OPOSTO AO SUPERMERCADO ECONOMICO,AV RECIFE,3096,LADO OPOSTO AO SUPERMERCADO ECONOMICO,IPSEP,COLISÃO TRASEIRA,COLISÃO ENVOLVENDO AUTO E MOTO.,1,1,,,,,,,,1,,212,CIDADE,Longo da via,Bom,Sem defeito,Perfeito estado,Seca,Mal conservada,Outros,Outras,60 km/h,Dupla,Canteiro central,,,,
2019-02-20,16:35:00,COM VÍTIMA,FINALIZADA,IMBIRIBEIRA,RUA DR TAVARES CORREIA,2,93,RUA ALLAN KARDEC,EM FRENTE AO POSTO BR E EDF. CAPIBARIBE,RUA DR TAVARES CORREIA,93,EM FRENTE AO POSTO BR E EDF. CAPIBARIBE,IMBIRIBEIRA,ABALROAMENTO LONGITUDINAL,COLISÃO ENVOLVENDO AUTO E MOTO.,1,1,,,,,,,,1,,,SUBURBIO,Não informado,Bom,Não existe,Incompleta,Seca,Perfeito estado,Não existe,Outras,,Única,Não existe,,,,
2019-02-20,19:24:00,COM VÍTIMA,FINALIZADA,AREIAS,AV RECIFE,4,4200,,RESIDENCIAL INES ANDREAZZA,AV RECIFE,4200,RESIDENCIAL INES ANDREAZZA,AREIAS,COLISÃO TRASEIRA,ENTRE AUTO E MOTO. C/V,1,1,,,,,,,,1,,,SUBURBIO,Longo da via,Bom,Sem defeito,Perfeito estado,Seca,Perfeito estado,Faixa de pedestre,Não há placas,60 km/h,Dupla,Canteiro central,,,,
2019-02-20,20:29:00,COM VÍTIMA,FINALIZADA,ILHA DO LEITE,AV GOVERNADOR AGAMENON MAGALHAES,4,4525,RUA DONA BENVINDA,E/F AO INSTITUTO CERVANTES DO RECIFE  SNT OLINDA / PISTA LATERAL.,AV GOVERNADOR AGAMENON MAGALHAES,4525,E/F AO INSTITUTO CERVANTES DO RECIFE  SNT OLINDA / PISTA LATERAL.,ILHA DO LEITE,ABALROAMENTO TRANSVERSAL,COLISÃO ENVOLVENDO AUTO E MOTO.,1,1,,,,,,,,1,,,SUBURBIO,Cruzamento,Bom,Sem defeito,Perfeito estado,Seca,Perfeito estado,,R-6a,,Única,Faixa,,,,
2019-02-21,08:13:00,COM VÍTIMA,FINALIZADA,IMBIRIBEIRA,AV MARECHAL MASCARENHAS DE MORAES,4,7935,,NA ENTRADA DO JORDÃO EM FRENTE AO AEROPORTO. AO LADO DA LOJA MP MULTIMARCAS.,AV MARECHAL MASCARENHAS DE MORAES,7935,NA ENTRADA DO JORDÃO EM FRENTE AO AEROPORTO. AO LADO DA LOJA MP MULTIMARCAS.,IMBIRIBEIRA,ABALROAMENTO TRANSVERSAL,COLISÃO ENVOLVENDO MOTOCICLETA E CAMINHONETE.,,1,,,,,1,,,1,,626,CIDADE,Longo da via,Bom,Não existe,Perfeito estado,Seca,Perfeito estado,Não existe,Não há placas,,Única,Faixa seccionada,,,,
2019-02-21,12:33:00,COM VÍTIMA,FINALIZADA,BARRO,AV DR JOSE RUFINO,4,2533,RUA PERY,EM FRENTE A RECEPÇÃO SOCORRO VENANCIO,AV DR JOSE RUFINO,2533,EM FRENTE A RECEPÇÃO SOCORRO VENANCIO,BARRO,ABALROAMENTO TRANSVERSAL,COLISÃO ENVOLVENDO AUTO E MOTO.,1,1,,,,,,,,1,,,CIDADE,Esquina,Bom,Não existe,Perfeito estado,Seca,Perfeito estado,Não existe,Não há placas,,Dupla,Faixa seccionada,,,,
2019-02-21,13:40:00,COM VÍTIMA,FINALIZADA,DERBY,RUA AMAURI DE MEDEIROS,3,110,RUA BARAO DE GOIANA,EM FRENTE AO CONDOMINIO DERBY PARK,RUA AMAURI DE MEDEIROS,110,EM FRENTE AO CONDOMINIO DERBY PARK,DERBY,ABALROAMENTO TRANSVERSAL,COLISÃO ENVOLVENDO AUTO E MOTO.,1,1,,,,,,,,1,,,SUBURBIO,Cruzamento,Bom,Não existe,Ilegível,Seca,Perfeito estado,,Não há placas,,Única,Outros,,,,
2019-02-21,14:39:00,COM VÍTIMA,FINALIZADA,JIQUIA,RUA SAO MIGUEL,0,,RUA BELEM DE MARIA,NO SEMÁFORO 425,RUA SAO MIGUEL,,NO SEMÁFORO 425,JIQUIÁ,ABALROAMENTO LONGITUDINAL,COLISÃO ENVOLVENDO AUTO E MOTO.,1,1,,,,,,,,1,,425,CIDADE,Cruzamento,Bom,Sem defeito,Perfeito estado,Seca,Perfeito estado,Faixa de pedestre,Não há placas,50 km/h,Dupla,Faixa contínua,,,,
2019-02-21,15:39:00,COM VÍTIMA,FINALIZADA,BOA VISTA,RUA PRINCESA IZABEL,0,,RUA DO HOSPICIO,EM FRENTE A CÂMARA,RUA PRINCESA IZABEL,,EM FRENTE A CÂMARA,BOA VISTA,ABALROAMENTO LONGITUDINAL,COLISÃO ENVOLVENDO DUAS MOTOS.,,2,,,,,,,,1,,31,CIDADE,Cruzamento,Bom,Sem defeito,Perfeito estado,Seca,Perfeito estado,Agente,Outras,,Dupla,Faixa contínua,,,,
2019-02-21,15:42:00,COM VÍTIMA,FINALIZADA,CASA AMARELA,AV NORTE,4,4312,RUA GOMES COUTINHO,PRÓX AO SESC // EM FRENTE AO POSTO BR,AV NORTE,4312,PRÓX AO SESC // EM FRENTE AO POSTO BR,CASA AMARELA,ABALROAMENTO LONGITUDINAL,COLISÃO ENVOLVENDO AUTO E MOTO.,1,1,,,,,,,,1,,643,,Cruzamento,Bom,Sem defeito,Perfeito estado,Seca,Perfeito estado,Faixa de pedestre,R-6a,,Única,Faixa,,,,
2019-02-21,21:42:00,COM VÍTIMA,FINALIZADA,IPSEP,RUA HELIO BRANDAO,3,135,RUA ADERBAL DE MELO,PROX AO RESTAURANTE CHAMBARIL E FEIJOADA DO JOAO,RUA HELIO BRANDAO,135,PROX AO RESTAURANTE CHAMBARIL E FEIJOADA DO JOAO,IPSEP,ABALROAMENTO LONGITUDINAL,COLISÃO ENVOLVENDO AUTO E MOTO.,1,1,,,,,,,,1,,,SUBURBIO,Cruzamento,Bom,Não existe,Perfeito estado,Seca,Perfeito estado,Não existe,Placas Pare,30 km/h,Dupla,Faixa seccionada,,,,
2019-02-22,05:17:00,VÍTIMA FATAL,FINALIZADA,TEJIPIO,AV LIBERDADE,3,533,,PROX AO MERCADINHO COMPRE MAIS E PROX DA ANTIGA DELEGACIA DE ROUBOS E FURTOS,AV LIBERDADE,533,PROX AO MERCADINHO COMPRE MAIS E PROX DA ANTIGA DELEGACIA DE ROUBOS E FURTOS,TEJIPIÓ,CHOQUE OBJETO FIXO,COLISÃO ENTRE AUTO E MOTO COM VITIMA  AUTO EVADIU DO LOCAL,1,1,,,,,,,,1,1,,SUBURBIO,Longo da via,Chuvoso,Não existe,Perfeito estado,Molhada,Perfeito estado,Não existe,R-6a,,Dupla,Faixa,,,,
2019-02-22,09:29:00,COM VÍTIMA,FINALIZADA,AFOGADOS,RUA DA PAZ,0,,,EM FRENTE A INDUSTRIA ASA,RUA DA PAZ,,EM FRENTE A INDUSTRIA ASA,AFOGADOS,COLISÃO TRASEIRA,COM UMA VITIMA,1,1,,,,,,,,1,,73,SUBURBIO,Longo da via,Bom,Sem defeito,Perfeito estado,Seca,Perfeito estado,Faixa de retenção,Não há placas,,Única,Faixa seccionada,,,,
2019-02-22,10:37:00,COM VÍTIMA,FINALIZADA,ESTANCIA,AV RECIFE,4,3797,,LADO OPOSTO AO MAKRO  EM FRENTE A TAMBAÍ.,AV RECIFE,3797,LADO OPOSTO AO MAKRO  EM FRENTE A TAMBAÍ.,ESTÂNCIA,ABALROAMENTO LONGITUDINAL,COLISÃO ENVOLVENDO AUTO E MOTONETA.,1,,1,,,,,,,1,,,CEASA,Longo da via,Bom,Não existe,Perfeito estado,Seca,Perfeito estado,Não existe,Outras,,Dupla,Canteiro central,,,,
2019-02-22,14:47:00,COM VÍTIMA,FINALIZADA,GRACAS,RUA DAS CREOULAS,0,,RUA JOAQUIM NABUCO,EM FRENTE AO MACUNAÍMA  SENTIDO JAYME DA FONTE,RUA DAS CREOULAS,,EM FRENTE AO MACUNAÍMA  SENTIDO JAYME DA FONTE,GRAÇAS,ATROPELAMENTO,ATROPELAMENTO ENVOLVENDO MOTO E PEDESTRE.,,1,,,1,,,,,2,,,,Cruzamento,Bom,Sem defeito,Perfeito estado,Seca,Perfeito estado,Faixa de pedestre,Outras,,Única,Faixa contínua,,,,
2019-02-22,18:31:00,COM VÍTIMA,FINALIZADA,AFOGADOS,EST DOS REMEDIOS,4,1603,RUA PADRE TEOFILO TWORZ,CONCESSIONÁRIA HYUNDAI,EST DOS REMEDIOS,1603,CONCESSIONÁRIA HYUNDAI,AFOGADOS,COLISÃO COM CICLISTA,COLISÃO ENVOLVENDO AUTO E CICLISTA.,1,,,1,,,,,,1,,390,CIDADE,Cruzamento,Bom,Sem defeito,Perfeito estado,Seca,Perfeito estado,Faixa de pedestre,R-6a,,Única,Faixa contínua,,,,
2019-02-22,19:44:00,COM VÍTIMA,FINALIZADA,SAO JOSE,AV DANTAS BARRETO,0,,RUA DO PEIXOTO,PROX AOS CAMELODROMOS,AV DANTAS BARRETO,,PROX AOS CAMELODROMOS,SÃO JOSÉ,ABALROAMENTO TRANSVERSAL,COLISÃO ENVOLVENDO AUTO E MOTO.,1,1,,,,,,,,1,,181,SUBURBIO,Cruzamento,Bom,Sem defeito,Perfeito estado,Seca,Perfeito estado,Faixa de pedestre,Não há placas,,Única,Não existe,,,,
2019-02-23,07:10:00,COM VÍTIMA,FINALIZADA,IPSEP,AV RECIFE,0,,,EM FRENTE AO POSTO DE GASOLINA IPIRANGA,AV RECIFE,,EM FRENTE AO POSTO DE GASOLINA IPIRANGA,IPSEP,ABALROAMENTO TRANSVERSAL,COLISÃO ENVOLVENDO AUTO E MOTO.,1,1,,,,,,,,1,,393,SUBURBIO,Longo da via,Bom,Sem defeito,Perfeito estado,Seca,Perfeito estado,Faixa de pedestre,Outras,60 km/h,Única,Faixa contínua,,,,
2019-02-23,08:47:00,COM VÍTIMA,FINALIZADA,JORDAO,AV MARIA IRENE,3,261,RUA ANTONIO ROCHA,AO LADO DA BASE DA AERONAUTICA.,AV MARIA IRENE,261,AO LADO DA BASE DA AERONAUTICA.,JORDÃO,COLISÃO TRASEIRA,COLISÃO ENVOLVENDO CAMINHONETE  MICRO-ÔNIBUS E MOTO.,2,1,,,,,,,,1,,,CIDADE,Longo da via,Bom,Não existe,Não existente,Seca,Perfeito estado,Não existe,Não há placas,,Dupla,Não existe,,,,
2019-02-23,20:12:00,COM VÍTIMA,FINALIZADA,ESTANCIA,AV DR JOSE RUFINO,4,1488,,NA ENTRADA DA MUSTARDINHA / AO LADO DO BODE DO Nô / E/F AO ARMAZÉM CORAL / SNT CID-SUB / PRÓX AO POSTO BR,AV DR JOSE RUFINO,1488,NA ENTRADA DA MUSTARDINHA / AO LADO DO BODE DO Nô / E/F AO ARMAZÉM CORAL / SNT CID-SUB / PRÓX AO POSTO BR,ESTÂNCIA,ATROPELAMENTO,ATROPELAMENTO ENVOLVENDO AUTO E PEDESTRE.,1,,,,1,,,,,1,,,SUBURBIO,Longo da via,Bom,Não existe,Perfeito estado,Seca,,,Outras,,Dupla,Faixa contínua,,,,
2019-02-23,23:07:00,COM VÍTIMA,FINALIZADA,MUSTARDINHA,RUA VINTE E UM DE ABRIL,0,,RUA NOGUEIRA DE MELO,E/F AO CAFÉ PETINHO FÁBRICA,RUA VINTE E UM DE ABRIL,,E/F AO CAFÉ PETINHO FÁBRICA,MUSTARDINHA,ABALROAMENTO TRANSVERSAL,ENTRE 2 AUTOS. C/V,2,,,,,,,,,1,,,SUBURBIO,Longo da via,Bom,Não existe,Perfeito estado,Seca,Perfeito estado,Não existe,Não há placas,,Dupla,Não existe,,,,
2019-02-24,18:48:00,COM VÍTIMA,FINALIZADA,CASA FORTE,AV DEZESSETE DE AGOSTO,0,,,ENF A PRC DE CASA FORTE E O POSTO POLICIAL. LADO OPOSTO A PARADA DE ÔNIBUS Nº 100090,AV DEZESSETE DE AGOSTO,,ENF A PRC DE CASA FORTE E O POSTO POLICIAL. LADO OPOSTO A PARADA DE ÔNIBUS Nº 100090,CASA FORTE,COLISÃO COM CICLISTA,COLISÃO ENVOLVENDO MOTONETA E CICLISTA.,,,1,1,,,,,,1,,,CIDADE,Longo da via,Bom,Sem defeito,Perfeito estado,Seca,Perfeito estado,,R-6a,60 km/h,Dupla,Faixa contínua,,,,
2019-02-25,00:54:00,COM VÍTIMA,FINALIZADA,JORDAO,RUA DR ALVARO FERRAZ,0,,RUA JOSE MARTORANO,EM FRENTE AO TERMINAL DE ÔNIBUS DO JORDÃO BAIXO,RUA DR ALVARO FERRAZ,,EM FRENTE AO TERMINAL DE ÔNIBUS DO JORDÃO BAIXO,JORDÃO,ABALROAMENTO TRANSVERSAL,COLISÃO ENVOLVENDO DOIS AUTOMÓVEIS.,2,,,,,,,,,1,,,CIDADE,Cruzamento,Bom,Não existe,Perfeito estado,Seca,Perfeito estado,,,,Única,,,,,
2019-02-25,07:21:00,COM VÍTIMA,FINALIZADA,SANTO AMARO,AV GOVERNADOR AGAMENON MAGALHAES,3,317,,PISTA LOCAL  AO LADO DO POSTO DE GASOLINA BR SENT. DERBY EM FRENTE A IGREJA ASSEMBLEIA DE DEUS,AV GOVERNADOR AGAMENON MAGALHAES,317,PISTA LOCAL  AO LADO DO POSTO DE GASOLINA BR SENT. DERBY EM FRENTE A IGREJA ASSEMBLEIA DE DEUS,SANTO AMARO,ABALROAMENTO LONGITUDINAL,COLISÃO ENVOLVENDO DOIS AUTOMÓVEIS E UMA MOTOCICLETA.,2,1,,,,,,,,1,,,OLINDA,Longo da via,Bom,Não existe,Perfeito estado,Seca,Perfeito estado,Não existe,Não há placas,,Dupla,Não existe,,,,
2019-02-25,09:04:00,COM VÍTIMA,FINALIZADA,SANTO AMARO,RUA CAPITAO LIMA,3,434,AV CRUZ CABUGA,AO LADO DA ASSEMBLEIA DE DEUS EM FRENTE AO ESCRITORIO DA UBER,RUA CAPITAO LIMA,434,AO LADO DA ASSEMBLEIA DE DEUS EM FRENTE AO ESCRITORIO DA UBER,SANTO AMARO,ABALROAMENTO LONGITUDINAL,COLISÃO ENVOLVENDO AUTO E MOTO.,1,1,,,,,,,,1,,523,CIDADE,Cruzamento,Bom,Sem defeito,Perfeito estado,Seca,Perfeito estado,Não existe,Placas Pare,,Dupla,Canteiro central,,,,
2019-02-25,09:30:00,COM VÍTIMA,FINALIZADA,MADALENA,AV CAXANGA,3,731,,E/F AO PLAZA VEÍCULOS  SENTIDO DERBY. LADO OPOSTO A G1 VEÍCULOS.,AV CAXANGA,731,E/F AO PLAZA VEÍCULOS  SENTIDO DERBY. LADO OPOSTO A G1 VEÍCULOS.,MADALENA,ATROPELAMENTO,ATROPELAMENTO ENTRE CAMIONETE E PEDESTRE.,1,,,,1,,,,,1,,,CIDADE,Longo da via,Bom,Sem defeito,Perfeito estado,Seca,Perfeito estado,Faixa de pedestre,Outras,,Única,Faixa seccionada,Canteiro central,,,
2019-02-25,09:29:00,COM VÍTIMA,FINALIZADA,SAO JOSE,RUA FLORIANO PEIXOTO,3,308,RUA BARAO DA VITORIA,PRÓXIMO A CASA DA CULTURA. LADO OPOSTO A ESTAÇÃO FERROVIÁRIA.,RUA FLORIANO PEIXOTO,308,PRÓXIMO A CASA DA CULTURA. LADO OPOSTO A ESTAÇÃO FERROVIÁRIA.,SÃO JOSÉ,COLISÃO TRASEIRA,COLISÃO ENVOLVENDO AUTO E MOTO.,1,1,,,,,,,,1,,12,SUBURBIO,Longo da via,Bom,Sem defeito,Perfeito estado,Seca,Perfeito estado,Faixa de pedestre,R-6a,,Única,Não existe,,,,
2019-02-25,12:17:00,COM VÍTIMA,FINALIZADA,TAMARINEIRA,AV NORTE,0,,RUA CONEGO BARATA,,AV NORTE,,,TAMARINEIRA,ATROPELAMENTO,ATROPELAMENTO ENVOLVENDO MOTOCICLETA E PEDESTRE.,,1,,,1,,,,,1,,,SUBURBIO,Cruzamento,Bom,Sem defeito,Perfeito estado,Seca,Perfeito estado,Faixa de pedestre,Placas Pare,,Dupla,Canteiro central,,,,
2019-02-25,12:18:00,COM VÍTIMA,FINALIZADA,COELHOS,RUA DOS COELHOS,3,351,,EM FRENTE AO IMIP,RUA DOS COELHOS,351,EM FRENTE AO IMIP,COELHOS,COLISÃO COM CICLISTA,COLISÃO ENVOLVENDO MOTO E BICICLETA.,,1,,1,,,,,,1,,,CIDADE,Longo da via,Bom,Sem defeito,Perfeito estado,Seca,Perfeito estado,Faixa de pedestre,Não há placas,,Dupla,Faixa,,,,
2019-02-25,14:34:00,COM VÍTIMA,FINALIZADA,ENGENHO DO MEIO,RUA ANTONIO CURADO,3,170,RUA MANUEL ALVES DEUSDARA,EM FRENTE AO CAMINHO DA SORTE,RUA ANTONIO CURADO,170,EM FRENTE AO CAMINHO DA SORTE,ENGENHO DO MEIO,ABALROAMENTO TRANSVERSAL,COLISÃO ENVOLVENDO DOIS AUTOMÓVEIS.,2,,,,,,,,,1,,,,Esquina,Bom,Não existe,Não existente,Seca,Perfeito estado,Não existe,Não há placas,,Dupla,Não existe,,,,
2019-02-25,16:35:00,COM VÍTIMA,FINALIZADA,IMBIRIBEIRA,AV MARECHAL MASCARENHAS DE MORAES,0,,,EM FRENTE À MOVIDA,AV MARECHAL MASCARENHAS DE MORAES,,EM FRENTE À MOVIDA,IMBIRIBEIRA,ABALROAMENTO LONGITUDINAL,COLISÃO ENVOLVENDO AUTOMÓVEL E MOTOCICLETA.,1,1,,,,,,,,1,,,CIDADE,Longo da via,Bom,Não existe,Perfeito estado,Seca,Perfeito estado,Não existe,Não há placas,,Dupla,Canteiro central,,,,
2019-02-25,17:20:00,COM VÍTIMA,FINALIZADA,AFOGADOS,RUA SAO MIGUEL,0,,,EM FRENTE AO DEPATRI E B5 FIT.,RUA SAO MIGUEL,,EM FRENTE AO DEPATRI E B5 FIT.,AFOGADOS,ABALROAMENTO TRANSVERSAL,COLISÃO ENVOLVENDO AUTOMÓVEL E MOTOCICLETA.,1,1,,,,,,,,1,,,SUBURBIO,Longo da via,Bom,Não existe,Perfeito estado,Seca,Perfeito estado,Outros,Outras,,Dupla,Faixa seccionada,,,,
2019-02-25,17:29:00,COM VÍTIMA,FINALIZADA,SANTO AMARO,AV GOVERNADOR AGAMENON MAGALHAES,0,,,EM FRENTE A ACADEMIA DA CIDADE,AV GOVERNADOR AGAMENON MAGALHAES,,EM FRENTE A ACADEMIA DA CIDADE,SANTO AMARO,ABALROAMENTO LONGITUDINAL,COLISAO ENVOLVENDO AUTO E MOTO,1,1,,,,,,,,1,,,,Longo da via,Bom,Não existe,Perfeito estado,Seca,Perfeito estado,Não existe,,60 km/h,Única,Faixa,Canteiro central,,,
2019-02-25,18:24:00,COM VÍTIMA,FINALIZADA,BOA VISTA,AV CONDE DA BOA VISTA,0,,,EM FRENTE A FAFIRE,AV CONDE DA BOA VISTA,,EM FRENTE A FAFIRE,BOA VISTA,COLISÃO COM CICLISTA,COLISÃO ENVOLVENDO MOTO E BICICLETA.,,1,,1,,,,,,1,,,SUBURBIO,Longo da via,Bom,Não existe,Perfeito estado,Seca,Perfeito estado,Faixa de pedestre,Não há placas,,Dupla,Faixa contínua,,,,