data,hora,natureza_acidente,situacao,bairro,endereco,,numero,detalhe_endereco_acidente,complemento,endereco_cruzamento,numero_cruzamento,referencia_cruzamento,bairro_cruzamento,tipo,descricao,auto,moto,ciclom,ciclista,pedestre,onibus,caminhao,viatura,outros,vitimas,vitimasfatais,num_semaforo,sentido_via,acidente_verificado,tempo_clima,situacao_semaforo,sinalizacao,condicao_via,conservacao_via,ponto_controle,situacao_placa,velocidade_max_via,mao_direcao,divisao_via1,divisao_via2,divisao_via3,_id,Protocolo
2019-02-25,18:25:00,COM VÍTIMA,FINALIZADA,LINHA DO TIRO,RUA URIEL DE HOLANDA,0,,,ENF AO CALDINHO D´AMBROSIO E UPINHA DA LINHA DO TIRO,RUA URIEL DE HOLANDA,,ENF AO CALDINHO D´AMBROSIO E UPINHA DA LINHA DO TIRO,LINHA DO TIRO,COLISÃO FRONTAL,COLISÃO ENVOLVENDO AUTO E MOTO.,1,1,,,,,,,,2,,,CIDADE,Longo da via,Bom,Não existe,Perfeito estado,Seca,Perfeito estado,Não existe,Outras,30 km/h,Dupla,Faixa,,,,
2019-02-25,20:25:00,COM VÍTIMA,FINALIZADA,SAO JOSE,RUA FLORIANO PEIXOTO,3,582,,PROXIMO A ESTAÇÃO DO METRÔ,RUA FLORIANO PEIXOTO,582,PROXIMO A ESTAÇÃO DO METRÔ,SÃO JOSÉ,ATROPELAMENTO,ATROPELAMENTO ENTRE MOTO E PEDESTRE.,,1,,,1,,,,,2,,,SUBURBIO,Longo da via,Bom,Não existe,Perfeito estado,Seca,Perfeito estado,Não existe,Não há placas,,Única,Faixa seccionada,,,,
2019-02-25,21:02:00,COM VÍTIMA,FINALIZADA,PRADO,AV ENGENHEIRO ABDIAS DE CARVALHO,0,,,ENF A FACULDADE ESTACIO PROX A LOMBADA ELETRONICA // SENTIDO RECIFE,AV ENGENHEIRO ABDIAS DE CARVALHO,,ENF A FACULDADE ESTACIO PROX A LOMBADA ELETRONICA // SENTIDO RECIFE,PRADO,ABALROAMENTO LONGITUDINAL,COLISÃO ENVOLVENDO AUTO E MOTO.,1,1,,,,,,,,1,,327,CIDADE,Longo da via,Bom,Sem defeito,Perfeito estado,Seca,Perfeito estado,Faixa de pedestre,Outras,,Dupla,Faixa seccionada,,,,
2019-02-26,07:45:00,COM VÍTIMA,FINALIZADA,ESPINHEIRO,RUA DA HORA,3,285,RUA BARAO DE ITAMARACA,E/F A GALERI CHALÉ,RUA DA HORA,285,E/F A GALERI CHALÉ,ESPINHEIRO,ABALROAMENTO TRANSVERSAL,COLISÃO ENVOLVENDO AUTO E MOTO.,1,1,,,,,,,,1,,184,,Cruzamento,Chuvoso,Sem defeito,Perfeito estado,Molhada,Perfeito estado,Faixa de pedestre,Outras,,Dupla,Faixa contínua,,,,
2019-02-26,08:01:00,COM VÍTIMA,FINALIZADA,TORREAO,AV NORTE,4,1726,RUA AUGUSTO RODRIGUES,EM FRENTE A CHEVROLET  SENT. CIDADE. PRAÇA DA PICANHA.,AV NORTE,1726,EM FRENTE A CHEVROLET  SENT. CIDADE. PRAÇA DA PICANHA.,TORREÃO,COLISÃO TRASEIRA,COLISÃO ENVOLVENDO AUTO E MOTO.,1,1,,,,,,,,1,,,CIDADE,Longo da via,Bom,Sem defeito,Perfeito estado,Seca,Perfeito estado,Agente,,,Dupla,,,,,
2019-02-26,08:11:00,COM VÍTIMA,FINALIZADA,ILHA DO RETIRO,RUA JOAO ELISIO RAMOS,3,140,,EM FRENTE AO EDF. RITA DE CASSIA,RUA JOAO ELISIO RAMOS,140,EM FRENTE AO EDF. RITA DE CASSIA,ILHA DO RETIRO,ABALROAMENTO TRANSVERSAL,COLISÃO ENVOLVENDO AUTO E MOTO.,1,1,,,,,,,,1,,,CIDADE,Longo da via,Bom,Não existe,Perfeito estado,Seca,Perfeito estado,Agente,Não há placas,30 km/h,Única,Faixa seccionada,,,,
2019-02-26,09:39:00,COM VÍTIMA,FINALIZADA,BOA VIAGEM,RUA JOAO CARDOSO AIRES,0,,RUA COSMORAMA,EM FRENTE AO COLEGIO MADRE DEUS,RUA JOAO CARDOSO AIRES,,EM FRENTE AO COLEGIO MADRE DEUS,BOA VIAGEM,ABALROAMENTO LONGITUDINAL,COLISÃO ENVOLVENDO AUTO E MOTO.,1,1,,,,,,,,2,,478,CIDADE,Cruzamento,Bom,Sem defeito,Perfeito estado,Seca,Perfeito estado,Faixa de pedestre,Não há placas,40 km/h,Única,Faixa contínua,,,,
2019-02-26,17:20:00,COM VÍTIMA,FINALIZADA,TORRE,RUA JOSE BONIFACIO,0,,,EM FRENTE AO CARREFOUR,RUA JOSE BONIFACIO,,EM FRENTE AO CARREFOUR,TORRE,ABALROAMENTO TRANSVERSAL,COLISÃO ENVOLVENDO TRÊS AUTOMÓVEIS.,3,,,,,,,,,1,,487,CAXANGÁ,Longo da via,Bom,Sem defeito,Perfeito estado,Seca,Perfeito estado,Faixa de pedestre,R-6a,30 km/h,Única,Canteiro central,,,,
2019-02-27,02:35:00,COM VÍTIMA,FINALIZADA,SAO JOSE,RUA DO PEIXOTO,3,310,RUA IMPERIAL,E/F A IGREJA MATRIZ DE SÃO JOSÉ / PRÓX AO TRE E AO LADO DA PRAÇA DAS CINCO PONTAS,RUA DO PEIXOTO,310,E/F A IGREJA MATRIZ DE SÃO JOSÉ / PRÓX AO TRE E AO LADO DA PRAÇA DAS CINCO PONTAS,SÃO JOSÉ,ABALROAMENTO TRANSVERSAL,COLISÃO ENVOLVENDO DOIS ÔNIBUS.,,,,,,2,,,,1,,207,SUBURBIO,Cruzamento,Bom,Sem defeito,Perfeito estado,Seca,Perfeito estado,Não existe,Outras,,Única,Faixa contínua,,,,
2019-02-27,07:06:00,COM VÍTIMA,FINALIZADA,BOA VISTA,RUA DOM BOSCO,4,1367,AV GOVERNADOR AGAMENON MAGALHAES,PONTO DE IMPACTO  PONTE RAIMUNDO LEITÃO. SEMÁFORO NÚMERO 174.,RUA DOM BOSCO,1367,PONTO DE IMPACTO  PONTE RAIMUNDO LEITÃO. SEMÁFORO NÚMERO 174.,BOA VISTA,COLISÃO COM CICLISTA,COLISÃO ENVOLVENDO AUTO E BICICLETA.,1,,,1,,,,,,1,,174,CIDADE,Cruzamento,Bom,Sem defeito,Perfeito estado,Seca,Perfeito estado,Faixa de pedestre,Outras,60 km/h,Dupla,Faixa,Canteiro central,,,
2019-02-27,12:48:00,COM VÍTIMA,FINALIZADA,SAO JOSE,C SANTA RITA,3,595,,EM FRENTE ÀS TORRES GÊMEAS.,C SANTA RITA,595,EM FRENTE ÀS TORRES GÊMEAS.,SÃO JOSÉ,COLISÃO FRONTAL,COLISÃO ENVOLVENDO AUTO E MOTO.,1,1,,,,,,,,1,,,CIDADE,Longo da via,Bom,Não existe,Perfeito estado,Seca,Perfeito estado,Não existe,Não há placas,,Dupla,Canteiro central,,,,
2019-02-27,13:08:00,COM VÍTIMA,FINALIZADA,MADALENA,AV BEIRA RIO,4,1035,,EM FRENTE AO EDF. SHERIDAN,AV BEIRA RIO,1035,EM FRENTE AO EDF. SHERIDAN,MADALENA,COLISÃO TRASEIRA,COLISÃO ENVOLVENDO TRÊS VEÍCULOS.,3,,,,,,,,,1,,,TORRE,Longo da via,Bom,Não existe,Perfeito estado,Seca,Perfeito estado,Outros,R-6a,,Dupla,Faixa contínua,,,,
2019-02-27,15:33:00,COM VÍTIMA,FINALIZADA,IPSEP,RUA JEAN EMILE FAVRE,0,,RUA SATURNINO MEIRELES,EM FRENTE A DELEGACIA DE POLÍCIA DO IPSEP.,RUA JEAN EMILE FAVRE,,EM FRENTE A DELEGACIA DE POLÍCIA DO IPSEP.,IPSEP,ABALROAMENTO TRANSVERSAL,COLISÃO ENVOLVENDO ÔNIBUS E MOTO.,,1,,,,1,,,,1,,70,SUBURBIO,Cruzamento,Bom,Sem defeito,Perfeito estado,Seca,Perfeito estado,Faixa de pedestre,R-6a,,Dupla,Faixa contínua,,,,
2019-02-27,17:06:00,COM VÍTIMA,FINALIZADA,CASA AMARELA,AV NORTE,0,,,EM FRENTE À UPINHA,AV NORTE,,EM FRENTE À UPINHA,CASA AMARELA,ABALROAMENTO LONGITUDINAL,COLISÃO ENVOLVENDO AUTO E MOTO.,1,1,,,,,,,,1,,,SUBURBIO,Longo da via,Bom,Não existe,Perfeito estado,Seca,Perfeito estado,Não existe,Outras,,Dupla,Canteiro central,,,,
2019-02-27,18:28:00,COM VÍTIMA,FINALIZADA,ILHA DO RETIRO,RUA JOSE MUCIO MONTEIRO,0,,RUA PROFESSOR BENEDITO MONTEIRO,POR TRÁS DA FACULDADE FACAP / E/F A ACADEMIA SELFIT - NO RETORNO / PRÓX AO CAMPO DO SPORT,RUA JOSE MUCIO MONTEIRO,,POR TRÁS DA FACULDADE FACAP / E/F A ACADEMIA SELFIT - NO RETORNO / PRÓX AO CAMPO DO SPORT,ILHA DO RETIRO,ATROPELAMENTO,COLISÃO ENVOLVENDO VIATURA POLICIAL E UM PEDESTRE.,,,,,1,,,1,,1,,,CIDADE,Longo da via,Bom,Não existe,Perfeito estado,Seca,Perfeito estado,Não existe,Placas Pare,,Única,Faixa contínua,,,,
2019-02-27,19:00:00,COM VÍTIMA,FINALIZADA,PINA,AV HERCULANO BANDEIRA,2,73,,CURVA APÓS A IGREJA DO PINA,AV HERCULANO BANDEIRA,73,CURVA APÓS A IGREJA DO PINA,PINA,COLISÃO TRASEIRA,FIAT ARGO X ESPIN X CICLISTA,2,,,1,,,,,,1,,,SUBURBIO,Longo da via,Bom,Não existe,Perfeito estado,Seca,Perfeito estado,Não existe,Não há placas,,Única,Faixa contínua,Canteiro central,,,
2019-02-27,20:14:00,COM VÍTIMA,FINALIZADA,BOA VISTA,AV CONDE DA BOA VISTA,3,719,,E/F AO BRT DA GERVÁSIO PIRES  SNT SUB-CID / E/F A CLÍNICA SIM,AV CONDE DA BOA VISTA,719,E/F AO BRT DA GERVÁSIO PIRES  SNT SUB-CID / E/F A CLÍNICA SIM,BOA VISTA,ATROPELAMENTO,ENTRE ÔNIBUS E PEDESTRE. C/V,,,,,1,1,,,,1,,,CIDADE,Longo da via,Bom,Não existe,Perfeito estado,Seca,Perfeito estado,Faixa de pedestre,Não há placas,,Dupla,Faixa contínua,,,,
2019-02-28,09:40:00,COM VÍTIMA,FINALIZADA,IPSEP,RUA JEAN EMILE FAVRE,3,734,RUA POTENGI,EM FRENTE A FARMACIA DIARIAMENTE,RUA JEAN EMILE FAVRE,734,EM FRENTE A FARMACIA DIARIAMENTE,IPSEP,ABALROAMENTO TRANSVERSAL,COM UMA VITIMA,1,1,,,,,,,,1,,564,CIDADE,Cruzamento,Bom,Não existe,Perfeito estado,Seca,Perfeito estado,Faixa de pedestre,Não há placas,30 km/h,Dupla,Faixa contínua,,,,
2019-02-28,13:30:00,COM VÍTIMA,FINALIZADA,BOA VIAGEM,AV ARMINDO MOURA,3,500,RUA VISCONDE DE JEQUITINHONHA,EM FRENTE AO COMAR,AV ARMINDO MOURA,500,EM FRENTE AO COMAR,BOA VIAGEM,ABALROAMENTO LONGITUDINAL,AUTO X MOTO C/V,1,1,,,,,,,,1,,,CIDADE,Longo da via,Bom,Não existe,Perfeito estado,Seca,Perfeito estado,,,40 km/h,,Faixa,,,,
2019-02-28,17:47:00,COM VÍTIMA,FINALIZADA,BOA VIAGEM,AV CELSO FURTADO,0,,,100M ANTES DO VIADUTO PRINCIPAL  SENTIDO BOA VIAGEM,AVENIDA CELSO FURTADO (VIA MANGUE),,100M ANTES DO VIADUTO PRINCIPAL  SENTIDO BOA VIAGEM,BOA VIAGEM,ABALROAMENTO LONGITUDINAL,AUTO E MOTO C/V,1,1,,,,,,,,1,,,SUBURBIO,Longo da via,Bom,Não existe,Perfeito estado,Seca,Perfeito estado,Não existe,,60 km/h,,Faixa,,,,
2019-03-01,09:43:00,COM VÍTIMA,FINALIZADA,BOA VIAGEM,AV ENGENHEIRO DOMINGOS FERREIRA,0,,RUA ARTUR MUNIZ,EM FRENTE AO EXTRA SUPERMERCADO,AV ENGENHEIRO DOMINGOS FERREIRA,,EM FRENTE AO EXTRA SUPERMERCADO,BOA VIAGEM,COLISÃO TRASEIRA,MOTO E AUTO,1,1,,,,,,,,1,,380,SUBURBIO,Longo da via,Bom,Sem defeito,Perfeito estado,Seca,Perfeito estado,Faixa de pedestre,R-19,60 km/h,Única,Faixa contínua,Canteiro central,,,
2019-03-01,09:56:00,COM VÍTIMA,FINALIZADA,SAO JOSE,RUA FLORIANO PEIXOTO,0,,,EM FRENTE A CASA DA CULTURA,RUA FLORIANO PEIXOTO,,EM FRENTE A CASA DA CULTURA,SÃO JOSÉ,ATROPELAMENTO,ÔNIBUS Nº 725 - PLACA - EMPRESA,,,,,1,1,,,,1,,,SUBURBIO,Longo da via,Nublado,Sem defeito,Perfeito estado,Seca,Perfeito estado,Não existe,R-4a,,Única,Faixa seccionada,,,,
2019-03-01,10:25:00,COM VÍTIMA,FINALIZADA,ESPINHEIRO,RUA CONS PORTELA,3,602,,PROX. AO CHINA 48,RUA CONS PORTELA,602,PROX. AO CHINA 48,ESPINHEIRO,COLISÃO COM CICLISTA,AUTO E CICLISTA,1,,,1,,,,,,1,,,CIDADE,Longo da via,Bom,Não existe,Perfeito estado,Seca,Perfeito estado,Não existe,Outras,,Única,Faixa seccionada,,,,
2019-03-01,10:52:00,COM VÍTIMA,FINALIZADA,MADALENA,AV CAXANGA,3,487,,EM FRENTE O NUCLEO SAUDE,AV CAXANGA,487,EM FRENTE O NUCLEO SAUDE,MADALENA,ATROPELAMENTO,ATROPELAMENTO ENVOLVENDO AUTO E PEDESTRE.,,,,,1,,,1,,1,,,CIDADE,Longo da via,Bom,Sem defeito,Perfeito estado,Seca,Perfeito estado,Faixa de pedestre,Outras,,Única,Faixa seccionada,Canteiro central,,,
2019-03-01,17:00:00,COM VÍTIMA,FINALIZADA,CAJUEIRO,AV CIDADE DE MONTEIRO,3,380,,LADO OPOSTO AO ARMAZÉM CORAL ACHAQUI,AV CIDADE DE MONTEIRO,380,LADO OPOSTO AO ARMAZÉM CORAL ACHAQUI,CAJUEIRO,ABALROAMENTO TRANSVERSAL,COLISÃO ENVOLVENDO AUTO E MOTO.,1,1,,,,,,,,1,,,AV. BEBERIBE,Longo da via,Bom,Não existe,Perfeito estado,Seca,Perfeito estado,Não existe,Outras,,Dupla,Outros,,,,
2019-03-01,17:36:00,COM VÍTIMA,FINALIZADA,PAISSANDU,RUA PAISSANDU,0,,,INICIO DO VIADUTO  EM FRENTE AO HOSP. DO CAPIBARIBE...HAPVIDA,RUA PAISSANDU,,INICIO DO VIADUTO  EM FRENTE AO HOSP. DO CAPIBARIBE...HAPVIDA,PAISSANDU,ABALROAMENTO TRANSVERSAL,COLISÃO COM VITIMA/ CONDUTOR DO AUTO SE EVADIU,1,1,,,,,,,,1,,,SUBURBIO,Cruzamento,Bom,Não existe,Perfeito estado,Seca,Perfeito estado,Outros,Outras,,Única,Faixa seccionada,Canteiro central,,,
2019-03-01,22:23:00,COM VÍTIMA,FINALIZADA,VARZEA,RUA ARAPONGAS,0,,,PROX. AO TERMINAL INTEGRADO DE COSME E DAMIÃO,RUA ARAPONGAS,,PROX. AO TERMINAL INTEGRADO DE COSME E DAMIÃO,VÁRZEA,CHOQUE VEÍCULO PARADO,,,,,,,1,,,,1,,,SUBURBIO,Longo da via,Bom,Não existe,Perfeito estado,Seca,Perfeito estado,Não existe,Não há placas,,Dupla,Não existe,,,,
2019-03-02,16:31:00,COM VÍTIMA,FINALIZADA,ENCRUZILHADA,AV NORTE,4,2215,RUA JOSE DE SA CARNEIRO,EM FRENTE A RENAULT,AV NORTE,2215,EM FRENTE A RENAULT,ENCRUZILHADA,ABALROAMENTO TRANSVERSAL,COLISÃO ENVOLVENDO AUTO E MOTO.,1,1,,,,,,,,1,,665,SUBURBIO,Esquina,Bom,Sem defeito,Perfeito estado,Seca,Perfeito estado,Faixa de pedestre,Outras,,Dupla,Canteiro central,,,,
2019-03-02,17:23:00,COM VÍTIMA,FINALIZADA,SANTO AMARO,AV MARIO MELO,0,,RUA AURORA,,AV MARIO MELO,,,SANTO AMARO,ATROPELAMENTO,ATROPELAMENTO EM FRENTE TCE,,,,,1,1,,,,1,,,SUBURBIO,Longo da via,Bom,Não existe,,,,Não existe,Não há placas,,Única,Canteiro central,,,,
2019-03-02,17:49:00,COM VÍTIMA,FINALIZADA,BOA VISTA,AV CONDE DA BOA VISTA,0,,RUA DA SOLEDADE,LOJA MARIA SONECA / ENTRADA DA EMBELEZE,AV CONDE DA BOA VISTA,,LOJA MARIA SONECA / ENTRADA DA EMBELEZE,BOA VISTA,ATROPELAMENTO,ATROPELAMENTO A PEDESTRE,,,,,1,1,,,,1,,25,CIDADE,Cruzamento,Bom,Sem defeito,Incompleta,Seca,Perfeito estado,Agente,R-6c,60 km/h,Dupla,Faixa contínua,,,,
2019-03-02,19:26:00,COM VÍTIMA,FINALIZADA,CAMPO GRANDE,AV PROFESSOR JOSE DOS ANJOS,0,,,ENF A ECOESTAÇAO DO ARRUDA,AV PROFESSOR JOSE DOS ANJOS,,ENF A ECOESTAÇAO DO ARRUDA,CAMPO GRANDE,ABALROAMENTO LONGITUDINAL,VT DO CHOQUE X MOTO,,1,,,,,,1,,1,,,SUBURBIO,Longo da via,Bom,Não existe,Não existente,Seca,Perfeito estado,,Não há placas,40 km/h,Dupla,Não existe,,,,
2019-03-02,19:53:00,COM VÍTIMA,FINALIZADA,IPUTINGA,RUA ENGENHEIRO MOACYR PARAHYBA,3,179,RUA QUIPAPA,POR TRAS DO WALMART,RUA ENGENHEIRO MOACYR PARAHYBA,179,POR TRAS DO WALMART,IPUTINGA,COLISÃO FRONTAL,SANDERO X TAXI OBS: O MOTORISTA DO TAXI FOI VITIMA DE ROUBO E FOI ESFAQUEADO PERDEU O CONTROLE E COLIDIU NO SANDERO,2,,,,,,,,,1,,,SUBURBIO,Longo da via,Bom,Não existe,Incompleta,Seca,Mal iluminada,Não existe,Não há placas,,Dupla,Faixa seccionada,,,,
2019-03-03,19:26:00,COM VÍTIMA,FINALIZADA,CAMPO GRANDE,RUA ODORICO MENDES,3,524,,APÓS E DO LADO OPOSTO AO STTYLLO SUPERMERCADOS.,RUA ODORICO MENDES,524,APÓS E DO LADO OPOSTO AO STTYLLO SUPERMERCADOS.,CAMPO GRANDE,ATROPELAMENTO,ATROPELAMENTO ENVOLVENDO UM AUTOMÓVEL TÁXI E UM PEDESTRE DO SEXO FEMININO.,1,,,,1,,,,,1,,,CIDADE,Longo da via,Bom,Não existe,Perfeito estado,Seca,Perfeito estado,Não existe,Não há placas,,Única,Faixa contínua,Faixa seccionada,,,
2019-03-03,21:33:00,COM VÍTIMA,FINALIZADA,CASA FORTE,EST DO ENCANAMENTO,0,,RUA JADER DE ANDRADE,JUNTO AO EDIFICIO CAMILE FLAN MARION,EST DO ENCANAMENTO,,JUNTO AO EDIFICIO CAMILE FLAN MARION,CASA FORTE,ABALROAMENTO TRANSVERSAL,COLISÃO COM VITIMA,1,1,,,,,,,,1,,,CIDADE,Cruzamento,Bom,Não existe,Perfeito estado,Seca,Perfeito estado,Não existe,Placas Pare,,Única,Faixa,,,,
2019-03-04,10:11:00,COM VÍTIMA,FINALIZADA,BOA VIAGEM,AV DES JOSE NEVES,0,,RUA DES JOAO PAES,E/F A FERREIRA PINTO.,AV DES JOSE NEVES,,E/F A FERREIRA PINTO.,BOA VIAGEM,ABALROAMENTO LONGITUDINAL,COLISÃO COM DUAS VÍTIMAS.,1,1,,,,,,,,2,,567,CIDADE,Cruzamento,Chuvoso,Sem defeito,Perfeito estado,Molhada,Perfeito estado,Faixa de pedestre,Outras,,Única,,,,,
2019-03-04,14:33:00,COM VÍTIMA,FINALIZADA,SANTO AMARO,RUA JOAO LIRA,0,,RUA DA SAUDADE,AO LADO DO PARQUE TREZE DE MAIO,RUA JOAO LIRA,,AO LADO DO PARQUE TREZE DE MAIO,SANTO AMARO,COLISÃO COM CICLISTA,COLISÃO ENVOLVENDO UM AUTOMÓVEL E UMA BICICLETA.,1,,,1,,,,,,1,,308,SUBURBIO,Cruzamento,Chuvoso,Sem defeito,Perfeito estado,Molhada,Perfeito estado,Faixa de pedestre,Outras,,Única,Faixa contínua,,,,
2019-03-04,15:07:00,COM VÍTIMA,FINALIZADA,SANTO AMARO,AV CRUZ CABUGA,3,706,RUA FREI CASSIMIRO,APÓS A ESQUINA DA RUA FREI CASSIMIRO,AV CRUZ CABUGA,706,APÓS A ESQUINA DA RUA FREI CASSIMIRO,SANTO AMARO,ABALROAMENTO TRANSVERSAL,COLISÃO ENVOLVENDO UM AUTOMÓVEL E UMA MOTOCICLETA.,1,1,,,,,,,,2,,,CIDADE,Cruzamento,Chuvoso,Não existe,Perfeito estado,Molhada,Perfeito estado,Não existe,R-25b,,Dupla,Faixa contínua,,,,
2019-03-04,18:20:00,COM VÍTIMA,FINALIZADA,CAMPO GRANDE,RUA ODORICO MENDES,3,481,RUA ALICE GOMES,PRX AO SUPERMERCADO STTYLLO,RUA ODORICO MENDES,481,PRX AO SUPERMERCADO STTYLLO,CAMPO GRANDE,ABALROAMENTO LONGITUDINAL,MOTO X RENNO,1,1,,,,,,,,2,,,CIDADE,Longo da via,Bom,Não existe,Perfeito estado,Seca,Mal iluminada,Faixa de retenção,Outras,,Dupla,Faixa seccionada,,,,
2019-03-04,20:22:00,COM VÍTIMA,FINALIZADA,IPSEP,RUA ADOLFO FARO,3,178,RUA HELIO BRANDAO,EM FRENTE A ESCOLA PROFESSOR JOSE VICENTE BARBOSA,RUA ADOLFO FARO,178,EM FRENTE A ESCOLA PROFESSOR JOSE VICENTE BARBOSA,IPSEP,ABALROAMENTO TRANSVERSAL,COLISÃO ENVOLVENDO UM AUTOMÓVEL E UMA MOTOCICLETA. VEÍCULO AUTOMÓVEL EVADIU-SE DO LOCAL DO ACIDENTE.,1,1,,,,,,,,1,,,SUBURBIO,Cruzamento,Bom,Não existe,Não existente,Seca,Perfeito estado,Não existe,Não há placas,30 km/h,Dupla,Não existe,,,,
2019-03-05,14:50:00,COM VÍTIMA,FINALIZADA,VARZEA,AV AFONSO OLINDENSE,3,232,,PROX. AO TERMINAL DA CAXANGA  E DA ENTRADA DA VARZEA,AV AFONSO OLINDENSE,232,PROX. AO TERMINAL DA CAXANGA  E DA ENTRADA DA VARZEA,VÁRZEA,ABALROAMENTO LONGITUDINAL,AUTO E MOTO C/V,2,1,,,,,,,,1,,638,SUBURBIO,Longo da via,Bom,Sem defeito,Perfeito estado,Seca,Perfeito estado,Faixa de pedestre,R-6a,,Dupla,Faixa contínua,,,,
2019-03-05,19:56:00,COM VÍTIMA,FINALIZADA,ESPINHEIRO,RUA QUARENTA E OITO,3,434,,COLISÃO ENVOLVENDO DOIS AUTOMÓVEIS E UMA MOTOCICLETA.,RUA QUARENTA E OITO,434,COLISÃO ENVOLVENDO DOIS AUTOMÓVEIS E UMA MOTOCICLETA.,ESPINHEIRO,ABALROAMENTO LONGITUDINAL,,2,1,,,,,,,,1,,,CIDADE,Longo da via,Bom,Sem defeito,Perfeito estado,Seca,Perfeito estado,Faixa de pedestre,R-6a,,Única,Faixa seccionada,,,,
2019-03-06,03:01:00,COM VÍTIMA,FINALIZADA,COHAB,AV RIO SAO FRANCISCO,0,,AV PERNAMBUCO,PRÓX AO MERCADINHO MINI PREÇO  UR1 COHAB,AV RIO SAO FRANCISCO,,PRÓX AO MERCADINHO MINI PREÇO  UR1 COHAB,COHAB,ABALROAMENTO TRANSVERSAL,COLISÃO ENVOLVENDO AUTOMÓVEL E MOTOCICLETA.,1,1,,,,,,,,2,,,SUBURBIO,Esquina,Bom,Não existe,Perfeito estado,Seca,Perfeito estado,,,,Dupla,,,,,
2019-03-06,07:05:00,COM VÍTIMA,FINALIZADA,PRADO,AV ENGENHEIRO ABDIAS DE CARVALHO,0,,RUA JOAO IVO DA SILVA,SENT. CIDADE PROX. A HABIB´S,AV ENGENHEIRO ABDIAS DE CARVALHO,,SENT. CIDADE PROX. A HABIB´S,PRADO,ABALROAMENTO TRANSVERSAL,AUTO E MOTO,1,1,,,,,,,,2,,132,CIDADE,Cruzamento,Bom,Sem defeito,Perfeito estado,Seca,Perfeito estado,Faixa de pedestre,Outras,,Dupla,Canteiro central,,,,
2019-03-06,16:01:00,COM VÍTIMA,FINALIZADA,CORDEIRO,AV CAXANGA,4,2255,RUA DR AUGUSTO REINALDO SILVA,EM FRENTE A EXPOSIÇÃO DE ANIMAIS E AS LOJAS AMERICANAS,AV CAXANGA,2255,EM FRENTE A EXPOSIÇÃO DE ANIMAIS E AS LOJAS AMERICANAS,CORDEIRO,ABALROAMENTO LONGITUDINAL,COLISÃO ENVOLVENDO AUTOMÓVEL E MOTOCICLETA.,1,1,,,,,,,,1,,,CIDADE,Longo da via,Bom,Sem defeito,Perfeito estado,Seca,Perfeito estado,Não existe,Outras,,Dupla,Canteiro central,,,,
2019-03-07,09:07:00,COM VÍTIMA,FINALIZADA,COELHOS,RUA DR JOSE MARIANO,3,595,,EM FRENTE A LOJA MADER CENTER,RUA DR JOSE MARIANO,595,EM FRENTE A LOJA MADER CENTER,COELHOS,ABALROAMENTO LONGITUDINAL,COLISÃO ENVOLVENDO AUTOMÓVEL E MOTOCICLETA.,1,1,,,,,,,,2,,,CIDADE,Longo da via,Bom,Não existe,Incompleta,Seca,Mal conservada,Não existe,Não há placas,,Única,Não existe,,,,
2019-03-07,23:22:00,COM VÍTIMA,FINALIZADA,TORRE,RUA JOSE BONIFACIO,3,776,,EM FRENTE AO RESTAURANTE CANECA FINA,RUA JOSE BONIFACIO,776,EM FRENTE AO RESTAURANTE CANECA FINA,TORRE,COLISÃO COM CICLISTA,COLISÃO ENTRE AUTOMÓVEL E BICICLETA.,1,,,1,,,,,,1,,,TORRE,Longo da via,Bom,Não existe,Perfeito estado,Seca,Perfeito estado,Não existe,Outras,,Única,Faixa seccionada,,,,
2019-03-08,09:30:00,COM VÍTIMA,FINALIZADA,AFOGADOS,RUA AUGUSTO CALHEIROS,0,,,EM FRENTE A LOJA REI DOS FAROIS,RUA AUGUSTO CALHEIROS,,EM FRENTE A LOJA REI DOS FAROIS,AFOGADOS,COLISÃO TRASEIRA,COLISÃO ENTRE AUTOMÓVEL E MOTOCICLETA.,1,1,,,,,,,,1,,553,SUBURBIO,Longo da via,Bom,Sem defeito,Perfeito estado,Seca,Perfeito estado,Faixa de retenção,Não há placas,40 km/h,Única,Faixa,,,,