data,hora,natureza_acidente,situacao,bairro,endereco,,numero,detalhe_endereco_acidente,complemento,endereco_cruzamento,numero_cruzamento,referencia_cruzamento,bairro_cruzamento,tipo,descricao,auto,moto,ciclom,ciclista,pedestre,onibus,caminhao,viatura,outros,vitimas,vitimasfatais,num_semaforo,sentido_via,acidente_verificado,tempo_clima,situacao_semaforo,sinalizacao,condicao_via,conservacao_via,ponto_controle,situacao_placa,velocidade_max_via,mao_direcao,divisao_via1,divisao_via2,divisao_via3,_id,Protocolo
2019-03-08,09:58:00,COM VÍTIMA,FINALIZADA,SANTO ANTONIO,AV DANTAS BARRETO,0,,,LADO OPOSTO AO BANCO DO BRASIL  EM FRENTE AO ANTIGO BANCO SAFRA.,AV DANTAS BARRETO,,LADO OPOSTO AO BANCO DO BRASIL  EM FRENTE AO ANTIGO BANCO SAFRA.,SANTO ANTÔNIO,COLISÃO,COLISÃO ENTRE UM ÔNIBUS E UMA CARROÇA.,,,,,,1,,,1,1,,,,Longo da via,Bom,Sem defeito,Perfeito estado,Seca,Perfeito estado,Não existe,Não há placas,,Dupla,Canteiro central,,,,
2019-03-08,10:24:00,COM VÍTIMA,FINALIZADA,ESPINHEIRO,RUA DO ESPINHEIRO,3,151,,AO LADO DA CLINICA HAPVIDA,RUA DO ESPINHEIRO,151,AO LADO DA CLINICA HAPVIDA,ESPINHEIRO,ABALROAMENTO LONGITUDINAL,COLISÃO ENTRE AUTOMÓVEL E MOTOCICLETA.,1,1,,,,,,,,1,,,CIDADE,Longo da via,Bom,Não existe,Perfeito estado,Seca,Perfeito estado,Não existe,Outras,,Única,Faixa seccionada,,,,
2019-03-08,12:22:00,COM VÍTIMA,FINALIZADA,VARZEA,RUA MARECHAL MANOEL LUIS OSORIO,0,,RUA PROFESSOR ANTONIO COELHO,EM FRENTE AO COLÉGIO PONTUAL,RUA MARECHAL MANOEL LUIS OSORIO,,EM FRENTE AO COLÉGIO PONTUAL,VÁRZEA,ABALROAMENTO TRANSVERSAL,COLISÃO ENTRE AUTOMÓVEL E MOTOCICLETA.,1,1,,,,,,,,1,,,,Cruzamento,Bom,Não existe,Perfeito estado,Seca,Perfeito estado,Não existe,Não há placas,,Dupla,Faixa contínua,,,,
2019-03-08,13:15:00,COM VÍTIMA,FINALIZADA,TEJIPIO,AV DR JOSE RUFINO,4,3152,,EM FRENTE AO QUARTEL 4º BCOM,AV DR JOSE RUFINO,3152,EM FRENTE AO QUARTEL 4º BCOM,TEJIPIÓ,ABALROAMENTO LONGITUDINAL,COLISÃO COM VITIMA  AGUARDANDO ATENDIMENTO NO LOCAL,1,1,,,,,,,,1,,208,CIDADE,Longo da via,Bom,Sem defeito,Perfeito estado,Seca,Perfeito estado,Faixa de pedestre,Não há placas,,Dupla,Faixa contínua,Faixa seccionada,,,
2019-03-08,13:58:00,COM VÍTIMA,FINALIZADA,TAMARINEIRA,RUA DR JOSE MARIA,4,1096,,EM FRENTE AO COLÉGIO BOA VIAGEM,RUA DR JOSE MARIA,1096,EM FRENTE AO COLÉGIO BOA VIAGEM,TAMARINEIRA,ABALROAMENTO TRANSVERSAL,COLISÃO ENTRE AUTOMÓVEL E MOTOCICLETA.,1,1,,,,,,,,1,,,SUBURBIO,Longo da via,Bom,Não existe,Perfeito estado,Seca,Perfeito estado,Não existe,Outras,,Dupla,Não existe,,,,
2019-03-08,22:18:00,COM VÍTIMA,FINALIZADA,MADALENA,AV BEIRA RIO,3,825,RUA DOM JOAO DE SOUZA,PROX AO CONJUNTO RESIDENCIAL POWER,AV BEIRA RIO,825,PROX AO CONJUNTO RESIDENCIAL POWER,MADALENA,ABALROAMENTO LONGITUDINAL,COLISÃO ENTRE AUTOMÓVEL E MOTOCICLETA.,1,1,,,,,,,,1,,,SUBURBIO,Longo da via,Bom,Não existe,Perfeito estado,Seca,Perfeito estado,,Placas Pare,,Dupla,Faixa contínua,,,,
2019-03-09,01:57:00,VÍTIMA FATAL,FINALIZADA,ILHA JOANA BEZERRA,AV GOVERNADOR AGAMENON MAGALHAES,0,,PTE JOSE DE BARROS LIMA,SOBRE A PONTE JOSE DE BARROS LIMA,AV GOVERNADOR AGAMENON MAGALHAES,,SOBRE A PONTE JOSE DE BARROS LIMA,ILHA JOANA BEZERRA,COLISÃO COM CICLISTA,VEÍCULO COLIDIU COM DOIS CICLISTAS E EVADIU-SE DO LOCAL.,1,,,2,,,,,,1,1,,CIDADE,Viaduto,Bom,Não existe,Perfeito estado,Seca,Perfeito estado,Não existe,Não há placas,,Dupla,Faixa seccionada,Canteiro central,,,
2019-03-09,07:37:00,COM VÍTIMA,FINALIZADA,BOMBA DO HEMETERIO,RUA BOMBA DO HEMETERIO,3,192,RUA SAO SEBASTIAO,EM FRENTE AO MERCADO COMPRE MAIS,RUA BOMBA DO HEMETERIO,192,EM FRENTE AO MERCADO COMPRE MAIS,BOMBA DO HEMETÉRIO,ABALROAMENTO TRANSVERSAL,COLISÃO ENTRE UMA MOTOCICLETA E UMA MOTONETA.,,1,1,,,,,,,2,,,,Longo da via,Bom,Sem defeito,Perfeito estado,Seca,Perfeito estado,Não existe,Não há placas,,Dupla,Faixa seccionada,,,,
2019-03-09,09:13:00,COM VÍTIMA,FINALIZADA,BOA VIAGEM,AV DOM JOAO VI,0,,,PROX. AO TUNEL  EM FRENTE A SAIDA 3 DO SHOPPING CENTER RECIFE.,AV DOM JOAO VI,,PROX. AO TUNEL  EM FRENTE A SAIDA 3 DO SHOPPING CENTER RECIFE.,BOA VIAGEM,CHOQUE OBJETO FIXO,CONDUTOR SE CHOCOU EM UMA ARVORE. COM O IMPACTO ELE FICOU INCONSCIENTE.,,1,,,,,,,,1,,,SUBURBIO,Longo da via,Chuvoso,Não existe,Perfeito estado,Molhada,Perfeito estado,Não existe,Não há placas,50 km/h,Única,Faixa seccionada,Canteiro central,,,
2019-03-09,09:57:00,COM VÍTIMA,FINALIZADA,PAISSANDU,RUA PAISSANDU,3,738,,EM FRENTE AO HOSPITAL DO CAPIBARIBE.,RUA PAISSANDU,738,EM FRENTE AO HOSPITAL DO CAPIBARIBE.,PAISSANDU,ABALROAMENTO LONGITUDINAL,COLISÃO ENTRE AUTOMÓVEL E MOTOCICLETA.,1,1,,,,,,,,1,,,CIDADE,Longo da via,Bom,Não existe,Perfeito estado,Seca,Perfeito estado,,R-6a,,Dupla,Blocos,,,,
2019-03-09,10:07:00,COM VÍTIMA,FINALIZADA,BOA VISTA,AV GOVERNADOR AGAMENON MAGALHAES,0,,,EM FRENTE AO MINISTERIO DO TRABALHO E CÍRCULO MILITAR.,AV GOVERNADOR AGAMENON MAGALHAES,,EM FRENTE AO MINISTERIO DO TRABALHO E CÍRCULO MILITAR.,BOA VISTA,COLISÃO TRASEIRA,COLISÃO ENTRE AUTOMÓVEL E MOTOCICLETA.,1,1,,,,,,,,1,,,SUBURBIO,Longo da via,Bom,Não existe,Perfeito estado,Seca,Perfeito estado,Não existe,Outras,,Dupla,Faixa seccionada,Canal,,,
2019-03-09,15:10:00,COM VÍTIMA,FINALIZADA,ESTANCIA,AV RECIFE,4,5005,,EM FRENTE AO MACKO,AV RECIFE,5005,EM FRENTE AO MACKO,ESTÂNCIA,COLISÃO TRASEIRA,COLISÃO ENTRE AUTOMÓVEL E MOTOCICLETA.,1,1,,,,,,,,2,,461,SUBURBIO,Longo da via,Bom,Sem defeito,Perfeito estado,Seca,Perfeito estado,Faixa de pedestre,R-6a,,Dupla,Faixa seccionada,,,,
2019-03-09,17:07:00,COM VÍTIMA,FINALIZADA,PORTO DA MADEIRA,AV BEBERIBE,4,3377,,SEMÁFORO,AV BEBERIBE,3377,SEMÁFORO,PORTO DA MADEIRA,COLISÃO TRASEIRA,COLISÃO COM VITIMA A ESPERA DO SAMU,1,1,,,,,,,,1,,388,CIDADE,Longo da via,Bom,Sem defeito,Perfeito estado,Seca,Perfeito estado,Faixa de pedestre,R-6a,,Dupla,Faixa contínua,Faixa seccionada,,,
2019-03-09,17:21:00,COM VÍTIMA,FINALIZADA,IPUTINGA,AV CAXANGA,4,3372,,APOS O PARQUE DE EXPOSIÇÃO DO CORDEIRO EM FRENTE AO BANCO SANTANDER,AV CAXANGA,3372,APOS O PARQUE DE EXPOSIÇÃO DO CORDEIRO EM FRENTE AO BANCO SANTANDER,IPUTINGA,ABALROAMENTO LONGITUDINAL,COLISÃO ENTRE AUTOMÓVEL E MOTOCICLETA.,1,1,,,,,,,,1,,,SUBURBIO,Longo da via,Bom,Não existe,Perfeito estado,Seca,Perfeito estado,,R-25d,,Dupla,Faixa seccionada,,,,
2019-03-10,12:42:00,COM VÍTIMA,FINALIZADA,SANTO AMARO,RUA DOS PALMARES,3,547,,EM FRENTE AO COMANDO DA GUARDA CIVIL MUNICIPAL DO RECIFE.,RUA DOS PALMARES,547,EM FRENTE AO COMANDO DA GUARDA CIVIL MUNICIPAL DO RECIFE.,SANTO AMARO,COLISÃO COM CICLISTA,COLISÃO ENTRE AUTOMÓVEL E BICICLETA.,1,,,1,,,,,,1,,,CIDADE,Longo da via,Bom,Não existe,Perfeito estado,Seca,Perfeito estado,Não existe,Não há placas,,Dupla,Faixa seccionada,,,,
2019-03-10,16:11:00,COM VÍTIMA,FINALIZADA,AFOGADOS,RUA DA PAZ,3,388,,EM FRENTE AO BANCO ITAU,RUA DA PAZ,388,EM FRENTE AO BANCO ITAU,AFOGADOS,ATROPELAMENTO,ATROPELAMENTO ENTRE ÔNIBUS E UM PEDESTRE.,,,,,1,1,,,,1,,,SUBURBIO,Longo da via,Bom,Sem defeito,Perfeito estado,Seca,Perfeito estado,Não existe,R-6c,,Única,Faixa seccionada,,,,
2019-03-10,20:40:00,COM VÍTIMA,FINALIZADA,VASCO DA GAMA,AV NORTE,4,6174,,PRÓXIMO AO POSTO BR E EM FRENTE AO DESKONTÃO.,AV NORTE,6174,PRÓXIMO AO POSTO BR E EM FRENTE AO DESKONTÃO.,VASCO DA GAMA,ABALROAMENTO TRANSVERSAL,ENTRE 2 AUTOS. C/V,2,,,,,,,,,2,,,SUBURBIO,Longo da via,Bom,Não existe,Incompleta,,,Não existe,Outras,,Única,Faixa seccionada,,,,
2019-03-11,07:12:00,COM VÍTIMA,FINALIZADA,JARDIM SAO PAULO,RUA LEANDRO BARRETO,3,440,AV LIBERDADE,EM FREBNTE AO CONDOMINIO TORRES DA LIBERDADE,RUA LEANDRO BARRETO,440,EM FREBNTE AO CONDOMINIO TORRES DA LIBERDADE,JARDIM SÃO PAULO,ABALROAMENTO TRANSVERSAL,COM UMA VITIMA AGUARDANDO SAMU,1,1,,,,,,,,1,,,SUBURBIO,Cruzamento,Bom,Não existe,Perfeito estado,Seca,Perfeito estado,Outros,Outras,,Dupla,,,,,
2019-03-11,13:16:00,COM VÍTIMA,FINALIZADA,IPSEP,RUA ADERBAL DE MELO,3,168,RUA HELIO BRANDAO,EM FRENTE AO RESTURANTE CHAMBARIL FEIJOADA DO JOÃO,RUA ADERBAL DE MELO,168,EM FRENTE AO RESTURANTE CHAMBARIL FEIJOADA DO JOÃO,IPSEP,ABALROAMENTO TRANSVERSAL,AUTO X MOTO S/V,,1,,,,,1,,,1,,,SUBURBIO,Cruzamento,Bom,Não existe,Perfeito estado,Seca,Perfeito estado,Não existe,Placas Pare,,Dupla,Não existe,,,,
2019-03-11,13:19:00,COM VÍTIMA,FINALIZADA,DOIS IRMAOS,EST DOS PINTOS,4,1220,,PROX. AO TERMINAO DE ONIBUS DOS SITIO DOS PINTOS,EST DOS PINTOS,1220,PROX. AO TERMINAO DE ONIBUS DOS SITIO DOS PINTOS,DOIS IRMÃOS,COLISÃO FRONTAL,AUTO E MOTO S/V,1,1,,,,,,,,1,,,SUBURBIO,Longo da via,Bom,Não existe,Perfeito estado,Seca,Perfeito estado,Não existe,R-6a,,Dupla,Não existe,,,,
2019-03-11,22:48:00,COM VÍTIMA,FINALIZADA,BOA VIAGEM,RUA PROFESSOR MARIO CASTRO,0,,RUA VISCONDE DE JEQUITINHONHA,POR TRAS DO ATLANTICO PLAZA,RUA PROFESSOR MARIO CASTRO,,POR TRAS DO ATLANTICO PLAZA,BOA VIAGEM,ABALROAMENTO TRANSVERSAL,COLISÃO ENTRE UMA VIATURA E UM AUTOMÓVEL,1,,,,,,,1,,2,,158,SUBURBIO,Cruzamento,Bom,Sem defeito,Perfeito estado,Seca,Perfeito estado,Faixa de pedestre,Não há placas,,Dupla,Canteiro central,,,,
2019-03-12,11:56:00,COM VÍTIMA,FINALIZADA,TORREAO,AV NORTE,4,1716,,PROX. A PRAÇA DA PICANHA SENT. C SUBURBIO,AV NORTE,1716,PROX. A PRAÇA DA PICANHA SENT. C SUBURBIO,TORREÃO,TOMBAMENTO,MOTOCICLISTA DERRAPOU  PERDENDO O CONTROLE E CAIU.,,1,,,,,,,,1,,,SUBURBIO,Longo da via,Chuvoso,Não existe,Perfeito estado,Molhada,Perfeito estado,Não existe,Não há placas,60 km/h,Dupla,Faixa seccionada,,,,
2019-03-12,14:34:00,COM VÍTIMA,FINALIZADA,TEJIPIO,AV DR JOSE RUFINO,0,,,EM FRENTE AO EREM ALBERTO TORRES,AV DR JOSE RUFINO,,EM FRENTE AO EREM ALBERTO TORRES,TEJIPIÓ,ATROPELAMENTO,ATROPELAMENTO ENTRE AUTOMÓVEL E PEDESTRE.,1,,,,1,,,,,1,,156,CIDADE,Longo da via,Chuvoso,Sem defeito,Perfeito estado,Seca,Perfeito estado,Faixa de pedestre,Outras,40 km/h,Dupla,Faixa contínua,,,,
2019-03-12,17:34:00,COM VÍTIMA,FINALIZADA,BEBERIBE,RUA DO ANIL,4,3785,,AO LADO DO POSTO PETROL,RUA DO ANIL,3785,AO LADO DO POSTO PETROL,BEBERIBE,ATROPELAMENTO,ATROPELAMENTO ENTRE AUTOMÓVEL E PEDESTRE.,1,,,,1,,,,,1,,,CIDADE,Longo da via,Bom,Não existe,Não existente,Seca,Perfeito estado,Não existe,Não há placas,,Dupla,Não existe,,,,
2019-03-12,17:46:00,COM VÍTIMA,FINALIZADA,CASA AMARELA,RUA MAJOR NEREU GUERRA,3,186,RUA MAJOR AFONSO LEAL,BIBLIOTECA MUNICIPAL JORNALISTA ALCIDES LOPES.,RUA MAJOR NEREU GUERRA,186,BIBLIOTECA MUNICIPAL JORNALISTA ALCIDES LOPES.,CASA AMARELA,ABALROAMENTO LONGITUDINAL,COLISÃO ENTRE AUTOMÓVEL  CAMINHONETE E MOTOCICLETA.,2,1,,,,,,,,1,,,SUBURBIO,Longo da via,Bom,Não existe,Não existente,Seca,Perfeito estado,Não existe,Placas Pare,,Dupla,Não existe,,,,
2019-03-12,18:25:00,COM VÍTIMA,FINALIZADA,BOMBA DO HEMETERIO,RUA DR EUDES COSTA,3,284,,PRÓX AO GIGANTE DO SAMBA,RUA DR EUDES COSTA,284,PRÓX AO GIGANTE DO SAMBA,BOMBA DO HEMETÉRIO,ABALROAMENTO LONGITUDINAL,COLISÃO ENTRE AUTOMÓVEL E MOTOCICLETA.,1,1,,,,,,,,1,,,SUBURBIO,Longo da via,Bom,Não existe,Perfeito estado,Seca,Perfeito estado,Não existe,Não há placas,40 km/h,Dupla,Faixa seccionada,,,,
2019-03-13,03:38:00,COM VÍTIMA,FINALIZADA,IPSEP,RUA JEAN EMILE FAVRE,0,,RUA RIO TOCANTINS,PRÓX AO POSTO BR  EM FRENTE A FARMÁCIA SANTA LUZIA,RUA JEAN EMILE FAVRE,,PRÓX AO POSTO BR  EM FRENTE A FARMÁCIA SANTA LUZIA,IPSEP,ABALROAMENTO TRANSVERSAL,COLISÃO ENTRE ÔNIBUS E AUTOMÓVEL.,1,,,,,1,,,,1,,101,SUBURBIO,Cruzamento,Chuvoso,Sem defeito,Ilegível,Molhada,Mal iluminada,Faixa de pedestre,Placas Pare,,Dupla,Faixa contínua,,,,
2019-03-13,14:06:00,COM VÍTIMA,FINALIZADA,BOA VIAGEM,AV CELSO FURTADO,0,,,PRÓXIMO AO ACESSO A AV. ANTÔNIO FALCÃO.,AVENIDA CELSO FURTADO (VIA MANGUE),,PRÓXIMO AO ACESSO A AV. ANTÔNIO FALCÃO.,BOA VIAGEM,CHOQUE OBJETO FIXO,VEICULO SE CHOCOU NA MURETA QUE FAZ DIVISA DO ACESSO PARA BOA VIAGEM E A IMBIRIBEIRA.,1,,,,,,,,,1,,,SUBURBIO,Longo da via,Bom,Não existe,Perfeito estado,Seca,Perfeito estado,Não existe,Não há placas,,Única,Faixa seccionada,,,,
2019-03-13,15:16:00,COM VÍTIMA,FINALIZADA,BOA VISTA,RUA DA UNIAO,0,,,EM FRENTE AO ANEXO II DA ASSEMBLEIA LEGISLATIVA. EDF. GOVERNADOR MIGUEL ARRAES DE ALENCAR.,RUA DA UNIAO,,EM FRENTE AO ANEXO II DA ASSEMBLEIA LEGISLATIVA. EDF. GOVERNADOR MIGUEL ARRAES DE ALENCAR.,BOA VISTA,ABALROAMENTO LONGITUDINAL,COLISÃO ENVOLVENDO AUTOMÓVEL E MOTOCICLETA.,1,1,,,,,,,,1,,,SUBURBIO,Longo da via,Bom,Não existe,Perfeito estado,Seca,Perfeito estado,Não existe,,,Única,Não existe,,,,
2019-03-13,15:44:00,COM VÍTIMA,FINALIZADA,CASA FORTE,RUA AFONSO DE ALBUQUERQUE MELO,3,245,RUA AGRESTINA,,RUA AFONSO DE ALBUQUERQUE MELO,245,,CASA FORTE,COLISÃO FRONTAL,COLISÃO ENVOLVENDO AUTOMÓVEL E MOTOCICLETA.,1,1,,,,,,,,1,,,SUBURBIO,Longo da via,Bom,Não existe,Não existente,Seca,Perfeito estado,Não existe,Outras,,Dupla,Não existe,,,,
2019-03-14,08:58:00,COM VÍTIMA,FINALIZADA,CAMPO GRANDE,EST DE BELEM,0,,RUA PRUDENTE DE MORAES,EM FRENTE AO POSTO DE GASOLINA TOTAL,EST DE BELEM,,EM FRENTE AO POSTO DE GASOLINA TOTAL,CAMPO GRANDE,COLISÃO FRONTAL,COLISÃO ENVOLVENDO CAMINHÃO E MOTOCICLETA.,,1,,,,,1,,,1,,94,SUBURBIO,Cruzamento,Bom,Sem defeito,Perfeito estado,Seca,Perfeito estado,Faixa de pedestre,Outras,,Dupla,Faixa contínua,,,,
2019-03-14,13:23:00,COM VÍTIMA,FINALIZADA,ALTO SANTA TEREZINHA,AV ANIBAL BENEVOLO,3,533,,E/F AO CLUBE BELA VISTA,AV ANIBAL BENEVOLO,533,E/F AO CLUBE BELA VISTA,ALTO SANTA TERESINHA,COLISÃO FRONTAL,COLISÃO ENVOLVENDO AUTOMÓVEL E MOTOCICLETA.,1,1,,,,,,,,1,,,CIDADE,Longo da via,Bom,Não existe,Não existente,Seca,Perfeito estado,Não existe,Não há placas,30 km/h,Dupla,Não existe,,,,
2019-03-14,17:39:00,COM VÍTIMA,FINALIZADA,JARDIM SAO PAULO,AV LIBERDADE,3,110,,EM FRENTE AO CONDOMÍNIO CLUB VILA JARDIM,AV LIBERDADE,110,EM FRENTE AO CONDOMÍNIO CLUB VILA JARDIM,JARDIM SÃO PAULO,ABALROAMENTO LONGITUDINAL,COLISÃO ENVOLVENDO AUTOMÓVEL E MOTOCICLETA.,1,1,,,,,,,,1,,,SUBURBIO,Longo da via,Bom,Não existe,,Seca,Outros,Não existe,Outras,,Dupla,Faixa,,,,
2019-03-14,19:20:00,COM VÍTIMA,FINALIZADA,CAMPO GRANDE,RUA MARQUES DE BAIPENDI,3,160,RUA MATEUS TARTARUGA,PROX AO CALDINHO DA NENE E O ARRUDA E GIRATORIO,RUA MARQUES DE BAIPENDI,160,PROX AO CALDINHO DA NENE E O ARRUDA E GIRATORIO,CAMPO GRANDE,ABALROAMENTO TRANSVERSAL,COLISÃO ENVOLVENDO AUTOMÓVEL E CICLOMOTOR.,1,,1,,,,,,,1,,,CIDADE,Cruzamento,Bom,Não existe,Não existente,Seca,Perfeito estado,Não existe,Não há placas,,Dupla,Não existe,,,,
2019-03-14,21:12:00,COM VÍTIMA,FINALIZADA,ENCRUZILHADA,AV BEBERIBE,3,603,,EM FRENTE A ESCOLA DE ENFERMAGEM ATITUDE. FERREIRA PINTO,AV BEBERIBE,603,EM FRENTE A ESCOLA DE ENFERMAGEM ATITUDE. FERREIRA PINTO,ENCRUZILHADA,ABALROAMENTO TRANSVERSAL,COLISÃO COM VITIMA,,2,,,,,,,,2,,480,SUBURBIO,Longo da via,Bom,Sem defeito,Perfeito estado,Outros,Mal conservada,Faixa de pedestre,Não há placas,60 km/h,Dupla,Faixa contínua,Faixa seccionada,,,
2019-03-15,09:49:00,COM VÍTIMA,FINALIZADA,TAMARINEIRA,RUA CONEGO BARATA,4,2224,,EM FRENTE A LOJA CASA JOSE ARAUJO,RUA CONEGO BARATA,2224,EM FRENTE A LOJA CASA JOSE ARAUJO,TAMARINEIRA,COLISÃO TRASEIRA,COLISÃO COM VITIMA A ESPERA DO SAMU,2,1,,,,,,,,1,,61,SUBURBIO,Longo da via,Bom,Sem defeito,Perfeito estado,Seca,Perfeito estado,Faixa de pedestre,R-6a,,Dupla,Faixa seccionada,Canteiro central,,,
2019-03-15,13:34:00,COM VÍTIMA,FINALIZADA,MADALENA,RUA BENFICA,0,,RUA EUCLIDES DA CUNHA,EM FRENTE AO INTERNACIONAL,RUA BENFICA,,EM FRENTE AO INTERNACIONAL,MADALENA,ABALROAMENTO LONGITUDINAL,,1,1,,,,,,,,1,,,CIDADE,Cruzamento,Bom,Sem defeito,Perfeito estado,Seca,Perfeito estado,,Placas Pare,,Única,Faixa,,,,
2019-03-15,15:16:00,COM VÍTIMA,FINALIZADA,CASA FORTE,AV DEZESSETE DE AGOSTO,3,784,RUA SAMUEL FARIAS,EM FRENTE AO PARQUE REGIONAL,AV DEZESSETE DE AGOSTO,784,EM FRENTE AO PARQUE REGIONAL,CASA FORTE,ABALROAMENTO LONGITUDINAL,COLISÃO ENTRE TRÊS AUTOMÓVEIS.,3,,,,,,,,,2,,,CIDADE,Esquina,Bom,Não existe,Perfeito estado,Seca,Perfeito estado,Não existe,R-6a,60 km/h,Dupla,Faixa contínua,,,,
2019-03-15,17:06:00,COM VÍTIMA,FINALIZADA,VASCO DA GAMA,RUA VASCO DA GAMA,0,,RUA FREDERICO OZANAN,LADO OPOSTO A ASSEMBLÉIA DE DEUS,RUA VASCO DA GAMA,,LADO OPOSTO A ASSEMBLÉIA DE DEUS,VASCO DA GAMA,ATROPELAMENTO,ATROPELAMENTO DE ONIBUS COM PEDESTRE.,,,,,1,1,,,,1,,,SUBURBIO,Longo da via,Bom,Não existe,Perfeito estado,Seca,Perfeito estado,Não existe,Outras,,Dupla,Não existe,,,,
2019-03-15,21:51:00,COM VÍTIMA,FINALIZADA,SAO JOSE,C SANTA RITA,0,,,NO CAIS DE SANTA RITA. TERMINAL,C SANTA RITA,,NO CAIS DE SANTA RITA. TERMINAL,SÃO JOSÉ,ATROPELAMENTO,VITIMA NO LOCAL RECEBENDO ATENDIMENTO DO SAMU,,,,,1,1,,,,1,,571,,Longo da via,Bom,Sem defeito,Perfeito estado,Seca,Perfeito estado,Não existe,Não há placas,10 km/h,Única,Não existe,,,,
2019-03-16,02:05:00,COM VÍTIMA,FINALIZADA,BOA VIAGEM,RUA SA E SOUZA,0,,RUA LUIZ PIMENTEL,VERD FRUT,RUA SA E SOUZA,,VERD FRUT,BOA VIAGEM,COLISÃO TRASEIRA,COLISÃO ENTRE UTO E MOTO C/V,1,1,,,,,,,,1,,,CIDADE,Longo da via,Bom,Não existe,Perfeito estado,Seca,Perfeito estado,Não existe,Não há placas,,Dupla,Faixa contínua,Faixa seccionada,,,
2019-03-16,08:30:00,COM VÍTIMA,FINALIZADA,PONTO DE PARADA,AV BEBERIBE,3,441,RUA PROFESSOR JERONIMO GUEIROS,AO LADO DA ACADEMIA MEDICI,AV BEBERIBE,441,AO LADO DA ACADEMIA MEDICI,PONTO DE PARADA,ABALROAMENTO TRANSVERSAL,COM UMA VITIMA/VT 07 DA CTTU NO LOCAL,1,1,,,,,,,,1,,,SUBURBIO,,Bom,Sem defeito,Perfeito estado,Seca,Perfeito estado,Não existe,Não há placas,,Dupla,Faixa seccionada,,,,
2019-03-16,19:29:00,COM VÍTIMA,FINALIZADA,IPUTINGA,RUA MAURICIO DE NASSAU,3,500,RUA DR JOSE ANASTACIO DA SILVA GUIMARAES,PROX AO PARQUE CAIARA,RUA MAURICIO DE NASSAU,500,PROX AO PARQUE CAIARA,IPUTINGA,ABALROAMENTO LONGITUDINAL,ONIX X MOTO,1,1,,,,,,,,1,,,SUBURBIO,Longo da via,Bom,Não existe,,Seca,Perfeito estado,,Não há placas,,Dupla,Faixa,,,,
2019-03-16,21:17:00,VÍTIMA FATAL,FINALIZADA,SAO JOSE,RUA IMPERIAL,4,1210,RUA LOURENCO DA SILVA,PRÓX AO FEIRÃO E PADARIA PÃO PÃO / ANTES DO VIADUTO,RUA IMPERIAL,1210,PRÓX AO FEIRÃO E PADARIA PÃO PÃO / ANTES DO VIADUTO,SÃO JOSÉ,ABALROAMENTO TRANSVERSAL,ENTRE CARRETA E MOTO. C/V,,1,,,,,1,,,,1,,SUBURBIO,Cruzamento,Bom,Não existe,Não existente,Seca,Perfeito estado,,Não há placas,40 km/h,Única,,,,,
2019-03-16,22:14:00,COM VÍTIMA,FINALIZADA,CORDEIRO,AV GENERAL SAN MARTIN,0,,AV ENGENHEIRO ABDIAS DE CARVALHO,SEMÁFORO 058  SNT CURADO,AV GENERAL SAN MARTIN,,SEMÁFORO 058  SNT CURADO,CORDEIRO,COLISÃO TRASEIRA,ENTRE AUTO E MOTO. C/V,1,1,,,,,,,,1,,58,SUBURBIO,Longo da via,Bom,Sem defeito,Perfeito estado,Seca,Perfeito estado,Faixa de pedestre,Outras,,Única,Faixa seccionada,,,,
2019-03-17,08:54:00,COM VÍTIMA,FINALIZADA,AREIAS,AV RECIFE,4,1040,,EM FRENTE AO HIPER BOMPREÇO,AV RECIFE,1040,EM FRENTE AO HIPER BOMPREÇO,AREIAS,COLISÃO TRASEIRA,COM UMA VITIMA AGUARDANDO SAMU,1,1,,,,,,,,1,,494,CIDADE,Longo da via,Bom,Sem defeito,Perfeito estado,Seca,Perfeito estado,Não existe,Não há placas,,Dupla,Canteiro central,,,,