data,hora,natureza_acidente,situacao,bairro,endereco,,numero,detalhe_endereco_acidente,complemento,endereco_cruzamento,numero_cruzamento,referencia_cruzamento,bairro_cruzamento,tipo,descricao,auto,moto,ciclom,ciclista,pedestre,onibus,caminhao,viatura,outros,vitimas,vitimasfatais,num_semaforo,sentido_via,acidente_verificado,tempo_clima,situacao_semaforo,sinalizacao,condicao_via,conservacao_via,ponto_controle,situacao_placa,velocidade_max_via,mao_direcao,divisao_via1,divisao_via2,divisao_via3,_id,Protocolo
2019-03-17,19:47:00,COM VÍTIMA,FINALIZADA,ALTO JOSE BONIFACIO,RUA CORREGO DO EUCLIDES,3,127,,PROX A FEIRA DA RODINHA,RUA CORREGO DO EUCLIDES,127,PROX A FEIRA DA RODINHA,ALTO JOSÉ BONIFÁCIO,COLISÃO FRONTAL,COLISÃO ENTRE AUTOMÓVEL E MOTOCICLETA.,1,1,,,,,,,,1,,,SUBURBIO,Outros,Bom,Não existe,Incompleta,Seca,Mal iluminada,Outros,Não há placas,30 km/h,Dupla,Não existe,,,,
2019-03-17,20:09:00,COM VÍTIMA,FINALIZADA,BOMBA DO HEMETERIO,RUA JACYARA,3,408,RUA RIOLANDIA,,RUA JACYARA,408,,BOMBA DO HEMETÉRIO,COLISÃO FRONTAL,COLISÃO ENTRE AUTOMÓVEL E MOTOCICLETA. O VEÍCULO É UMA VIATURA POLICIAL. SEGUNDO INFORMAÇÕES  UM MOTOQUEIRO EM FUGA COLIDIU NELA.,,1,,,,,,1,,1,,,SUBURBIO,Cruzamento,Bom,Não existe,Perfeito estado,Seca,Perfeito estado,,,,Dupla,,,,,
2019-03-18,08:11:00,COM VÍTIMA,FINALIZADA,TEJIPIO,AV DR JOSE RUFINO,4,2984,,RUA DO COLEGIO CASTELO BRANCO,AV DR JOSE RUFINO,2984,RUA DO COLEGIO CASTELO BRANCO,TEJIPIÓ,ABALROAMENTO TRANSVERSAL,MOTO E AUTO,1,1,,,,,,,,1,,156,CIDADE,Longo da via,Chuvoso,Não existe,Perfeito estado,Molhada,Perfeito estado,Não existe,R-6a,,Dupla,Faixa,,,,
2019-03-18,09:20:00,COM VÍTIMA,FINALIZADA,APIPUCOS,RUA MANDACARU,3,738,RUA DE APIPUCOS,PROX. AO POSTO DE GASOLINA DE APIPUCOS E POINT DO GALETO,RUA MANDACARU,738,PROX. AO POSTO DE GASOLINA DE APIPUCOS E POINT DO GALETO,APIPUCOS,COLISÃO FRONTAL,AUTO E MOTO,1,1,,,,,,,,1,,,SUBURBIO,Longo da via,Chuvoso,Não existe,Perfeito estado,Molhada,Perfeito estado,Não existe,Não há placas,,Dupla,Não existe,,,,
2019-03-18,09:21:00,COM VÍTIMA,FINALIZADA,MONTEIRO,RUA DE APIPUCOS,3,644,RUA DR PEDRO CORREA,LADO OPOSTO AO NÚMERO INFORMADO NO CAMPO NÚMERO DESTE PROTOCOLO.,RUA DE APIPUCOS,644,LADO OPOSTO AO NÚMERO INFORMADO NO CAMPO NÚMERO DESTE PROTOCOLO.,MONTEIRO,COLISÃO FRONTAL,COLISÃO ENTRE AUTOMÓVEL E MOTOCICLETA.,1,1,,,,,,,,1,,,SUBURBIO,Longo da via,Chuvoso,Sem defeito,Perfeito estado,Molhada,Perfeito estado,Não existe,Não há placas,,Dupla,Faixa seccionada,,,,
2019-03-18,10:09:00,COM VÍTIMA,FINALIZADA,JAQUEIRA,PRC PROFESSOR FLEMING,0,,,EM FRENTE A LOJA CÃO Q RI,PRC PROFESSOR FLEMING,,EM FRENTE A LOJA CÃO Q RI,JAQUEIRA,ABALROAMENTO LONGITUDINAL,COM UMA VÍTIMA SAMU ACIONADO,1,1,,,,,,,,1,,,CIDADE,Longo da via,Bom,Não existe,Perfeito estado,Seca,Perfeito estado,Não existe,Não há placas,,Única,Faixa seccionada,,,,
2019-03-18,14:45:00,COM VÍTIMA,FINALIZADA,ESPINHEIRO,RUA SANTO ELIAS,3,462,RUA DO ESPINHEIRO,EM FRENTE AO POSTO DE COMBUSTÍVEL IPIRANGA.,RUA SANTO ELIAS,462,EM FRENTE AO POSTO DE COMBUSTÍVEL IPIRANGA.,ESPINHEIRO,ABALROAMENTO TRANSVERSAL,COLISÃO ENTRE AUTOMÓVEL E MOTOCICLETA.,1,1,,,,,,,,1,,,CIDADE,Cruzamento,Bom,Não existe,Perfeito estado,Seca,Perfeito estado,Faixa de pedestre,Outras,,Única,Faixa seccionada,,,,
2019-03-18,19:23:00,COM VÍTIMA,FINALIZADA,SAO JOSE,AV SUL,0,,TRV DO GASPAR,APÓS O VIADUTO DO METRÔ / PRÓX A OFICINA ABELARDO  SNT CID,AV SUL,,APÓS O VIADUTO DO METRÔ / PRÓX A OFICINA ABELARDO  SNT CID,SÃO JOSÉ,ABALROAMENTO TRANSVERSAL,ENTRE CARRETA E MOTOCICLISTA. C/V,,1,,,,,1,,,1,,,CIDADE,Esquina,Bom,Não existe,Incompleta,Seca,Perfeito estado,,Não há placas,50 km/h,Dupla,Canteiro central,,,,
2019-03-18,19:47:00,COM VÍTIMA,FINALIZADA,JORDAO,AV MARIA IRENE,0,,RUA ALBERTO LUNDGREN,E/F A PRAÇA DE JORDÃO BAIXO / SEMÁFORO 581,AV MARIA IRENE,,E/F A PRAÇA DE JORDÃO BAIXO / SEMÁFORO 581,JORDÃO,ABALROAMENTO LONGITUDINAL,ENTRE ÕNIBUS E MOTO. C/V,,1,,,,1,,,,1,,581,SUBURBIO,Cruzamento,Bom,Sem defeito,Não existente,Seca,Mal conservada,Não existe,Não há placas,,Dupla,Não existe,,,,
2019-03-18,20:21:00,COM VÍTIMA,FINALIZADA,COHAB,RUA EXP FRANCISCO VITORIANO,2,31,RUA DR BENIGNO JORDAO DE VASCONCELOS,NO TREVO E MERCADO TREVO // LOJA VITORIA,RUA EXP FRANCISCO VITORIANO,31,NO TREVO E MERCADO TREVO // LOJA VITORIA,COHAB,ABALROAMENTO TRANSVERSAL,NISSAN FRONTIER X MOTO,1,1,,,,,,,,1,,,,,Bom,Não existe,Incompleta,Seca,Perfeito estado,Não existe,Não há placas,,Dupla,Faixa seccionada,,,,
2019-03-18,22:35:00,COM VÍTIMA,FINALIZADA,TAMARINEIRA,RUA CONEGO BARATA,0,,,ENF AO HOSPITAL ULISSES PE. E FERREIRA COSTA // SENTIDO TORRE,RUA CONEGO BARATA,,AO LADO DO SHOPING RIO-MAR - ENTRADA 03,TAMARINEIRA,ABALROAMENTO LONGITUDINAL,AUTO E MOTO,1,1,,,,,,,,1,,,SUBURBIO,Longo da via,Bom,Não existe,Perfeito estado,Seca,Perfeito estado,,Não há placas,,Dupla,Faixa seccionada,Canteiro central,,,
2019-03-19,08:07:00,COM VÍTIMA,FINALIZADA,CASA AMARELA,RUA DA ESTRELA,0,,RUA ASTRONAUTA NEIL ARMSTRONG,EM FRENTE A VILA MILITAR RESIDENCIA COMANTE   MILITAR DO NORDESTE,RUA DA ESTRELA,,EM FRENTE A VILA MILITAR RESIDENCIA COMANTE   MILITAR DO NORDESTE,CASA AMARELA,ABALROAMENTO LONGITUDINAL,COLISÃO COM VITIMA A ESPERA DO SAMU,1,1,,,,,,,,2,,,,Esquina,Bom,Não existe,Perfeito estado,Seca,Perfeito estado,Não existe,R-6a,,Dupla,Não existe,,,,
2019-03-19,08:48:00,COM VÍTIMA,FINALIZADA,IPSEP,AV RECIFE,4,2967,RUA ADOLFO FARO,EM FRENTE AO POSTO FEDERAL,AV RECIFE,2967,EM FRENTE AO POSTO FEDERAL,IPSEP,ABALROAMENTO LONGITUDINAL,MOTO E AUTO,1,1,,,,,,,,1,,,BR 101,Longo da via,Bom,Não existe,Não existente,Seca,Perfeito estado,Não existe,Não há placas,,Dupla,Canteiro central,,,,
2019-03-19,09:04:00,COM VÍTIMA,FINALIZADA,PORTO DA MADEIRA,AV BEBERIBE,4,3359,,PRÓXIMO A GALERIA O TERRAÇO.,AV BEBERIBE,3359,PRÓXIMO A GALERIA O TERRAÇO.,PORTO DA MADEIRA,ATROPELAMENTO,ATROPELAMENTO ENTRE MOTOCICLETA E PEDESTRE. MOTOCICLISTA EVADIU-SE.,,1,,,1,,,,,1,,388,CIDADE,Longo da via,Bom,Sem defeito,Perfeito estado,Seca,Perfeito estado,Faixa de pedestre,R-19,30 km/h,Dupla,Faixa contínua,,,,
2019-03-19,12:08:00,COM VÍTIMA,FINALIZADA,SAO JOSE,RUA IMPERIAL,4,2237,,EM FRENTE A OFICINA SANTO ANTONIO E A BRASILGÁS.,RUA IMPERIAL,2237,EM FRENTE A OFICINA SANTO ANTONIO E A BRASILGÁS.,SÃO JOSÉ,COLISÃO,COLISÃO ENTRE AUTOMÓVEL E MOTOCICLETA.,1,1,,,,,,,,1,,,SUBURBIO,Cruzamento,Bom,Não existe,Perfeito estado,Seca,Perfeito estado,Não existe,Não há placas,60 km/h,Única,Não existe,,,,
2019-03-19,12:41:00,COM VÍTIMA,FINALIZADA,CASA FORTE,RUA LEONARDO BEZERRA CAVALCANTE,3,698,,RUA AO LADO DO SHOPPING PLAZA. EM FRENTE AO MUNDO DO CABELEIREIRO.,RUA LEONARDO BEZERRA CAVALCANTE,698,RUA AO LADO DO SHOPPING PLAZA. EM FRENTE AO MUNDO DO CABELEIREIRO.,CASA FORTE,ABALROAMENTO LONGITUDINAL,COLISÃO ENTRE DOIS AUTOMÓVEIS E UMA MOTOCICLETA.,2,1,,,,,,,,1,,,SUBURBIO,Longo da via,Bom,,Perfeito estado,Seca,Perfeito estado,Faixa de pedestre,Outras,,Única,Faixa contínua,,,,
2019-03-19,16:03:00,COM VÍTIMA,FINALIZADA,BOA VIAGEM,RUA BARAO DE SOUZA LEAO,4,1438,AV VINTE DE JANEIRO,CLASS CAR,RUA BARAO DE SOUZA LEAO,1438,CLASS CAR,BOA VIAGEM,COLISÃO TRASEIRA,COLISÃO ENTRE CAMINHÃO E MOTOCICLETA,,1,,,,,1,,,2,,644,CIDADE,Longo da via,Bom,Sem defeito,Perfeito estado,Seca,Perfeito estado,Faixa de pedestre,Não há placas,,Única,Faixa seccionada,,,,
2019-03-19,17:26:00,COM VÍTIMA,FINALIZADA,SAN MARTIN,RUA VINTE E UM DE ABRIL,4,2585,RUA DR TELESPHORO FRAGOSO,PROX. A FLORICULTURA FENIX E GIRADOR E DOMINGOS BAR.,RUA VINTE E UM DE ABRIL,2585,PROX. A FLORICULTURA FENIX E GIRADOR E DOMINGOS BAR.,SAN MARTIN,ABALROAMENTO LONGITUDINAL,COLISÃO ENTRE AUTOMÓVEL E MOTOCICLETA.,1,1,,,,,,,,1,,,SUBURBIO,Cruzamento,Bom,Não existe,Perfeito estado,Seca,Perfeito estado,Não existe,Não há placas,,Dupla,Faixa seccionada,,,,
2019-03-20,08:37:00,COM VÍTIMA,FINALIZADA,CASA FORTE,AV DEZESSETE DE AGOSTO,4,2144,RUA ENGENHEIRO OSCAR FERREIRA,EM FRENTE A CLINICA ARTE TIL,AV DEZESSETE DE AGOSTO,2144,EM FRENTE A CLINICA ARTE TIL,CASA FORTE,ABALROAMENTO LONGITUDINAL,COLISÃO COM VITIMA A ESPERA DO SAMU,1,1,,,,,,,,1,,646,CIDADE,Cruzamento,Bom,Sem defeito,Perfeito estado,Seca,Perfeito estado,Não existe,Não há placas,60 km/h,Dupla,Faixa contínua,,,,
2019-03-20,10:34:00,COM VÍTIMA,FINALIZADA,PINA,AV HERCULANO BANDEIRA,3,636,RUA SANTOS LEITE,PRÓXIMO AO INSS. VICENTE AUTOPEÇAS,AV HERCULANO BANDEIRA,636,PRÓXIMO AO INSS. VICENTE AUTOPEÇAS,PINA,ABALROAMENTO LONGITUDINAL,AUTO E MOTO COM VÍTIMAS CTTU NO LOCAL,1,1,,,,,,,,1,,,SUBURBIO,Cruzamento,Bom,Não existe,Perfeito estado,Seca,Perfeito estado,Não existe,R-6a,60 km/h,Única,Faixa seccionada,,,,
2019-03-20,11:05:00,COM VÍTIMA,FINALIZADA,CASA FORTE,AV DEZESSETE DE AGOSTO,4,2369,,EM FRENTE AO CENTRO MEDICO HERMIRIO DE MORAES,AV DEZESSETE DE AGOSTO,2369,EM FRENTE AO CENTRO MEDICO HERMIRIO DE MORAES,CASA FORTE,COLISÃO TRASEIRA,AUTO E MOTO COM VÍTIMA.,1,1,,,,,,,,1,,,SUBURBIO,,Bom,Não existe,Perfeito estado,Seca,Perfeito estado,Não existe,,60 km/h,Dupla,Faixa contínua,,,,
2019-03-20,13:13:00,COM VÍTIMA,FINALIZADA,ILHA DO LEITE,RUA FRANCISCO ALVES,0,,PRC MIGUEL DE CERVANTES,ESQUINA DO HOSPITAL ESPERANÇA,RUA FRANCISCO ALVES,,ESQUINA DO HOSPITAL ESPERANÇA,ILHA DO LEITE,ABALROAMENTO LONGITUDINAL,COLISAO ENTRE MOTO E ONIBUS S/V,,1,,,,1,,,,1,,508,CIDADE,Cruzamento,Bom,Sem defeito,Perfeito estado,Seca,Perfeito estado,Faixa de pedestre,R-6a,,Dupla,Faixa contínua,,,,
2019-03-20,16:14:00,COM VÍTIMA,FINALIZADA,IMBIRIBEIRA,RUA JALISCO,0,,,AO LADO DO GERALDÃO,RUA JALISCO,,AO LADO DO GERALDÃO,IMBIRIBEIRA,CHOQUE VEÍCULO PARADO,MOTO CHOCOU SE COM VEÍCULO PARADO E UM OUTRO VEÍCULO COLIDIU COM O MOTOCICLISTA,1,1,,,,,,,,1,,,SUBURBIO,Longo da via,Bom,Não existe,Ilegível,Seca,Perfeito estado,Não existe,Não há placas,,Dupla,Não existe,,,,
2019-03-20,16:18:00,COM VÍTIMA,FINALIZADA,BONGI,AV ENGENHEIRO ABDIAS DE CARVALHO,0,,RUA SANTA EDWIRGES,LADO OPOSTO AO POSTO BR,AV ENGENHEIRO ABDIAS DE CARVALHO,,LADO OPOSTO AO POSTO BR,BONGI,ABALROAMENTO TRANSVERSAL,COLISÃO ENTRE 2 MOTOCICLETAS  COM VÍTIMA.,,2,,,,,,,,2,,534,CIDADE,Cruzamento,Bom,Sem defeito,Perfeito estado,Seca,Perfeito estado,Faixa de pedestre,R-6a,,Dupla,Faixa contínua,Faixa seccionada,Canteiro central,,
2019-03-20,19:52:00,COM VÍTIMA,FINALIZADA,CAMPO GRANDE,RUA ODORICO MENDES,3,326,,EM FRENTE AO CLUBE DAS PAES. IGREJA EVANGÉLICA CRISTO VIVE.,RUA ODORICO MENDES,326,EM FRENTE AO CLUBE DAS PAES. IGREJA EVANGÉLICA CRISTO VIVE.,CAMPO GRANDE,COLISÃO TRASEIRA,COLISÃO ENTRE AUTOMÓVEL E MOTOCICLETA.,1,1,,,,,,,,1,,357,CIDADE,Longo da via,Bom,Sem defeito,,Seca,Perfeito estado,Faixa de pedestre,Não há placas,,Dupla,Faixa seccionada,,,,
2019-03-21,07:20:00,COM VÍTIMA,FINALIZADA,CASA AMARELA,EST DO ARRAIAL,4,3720,RUA ANTONIO DE CASTRO,E/F AO CONDOMINIO VALDIR PESSOA,EST DO ARRAIAL,3720,E/F AO CONDOMINIO VALDIR PESSOA,CASA AMARELA,COLISÃO COM CICLISTA,COLISÃO ENTRE TÁXI E BICICLETA.,1,,,1,,,,,,1,,,SUBURBIO,Esquina,Bom,Não existe,Perfeito estado,Seca,Perfeito estado,Outros,R-19,40 km/h,Única,Faixa seccionada,,,,
2019-03-21,08:11:00,COM VÍTIMA,FINALIZADA,COHAB,AV CHAPADA DO ARARIPE,2,53,,E/F A ESCOLA MUNICIPAL JARDIM MONTE VERDE,AV CHAPADA DO ARARIPE,53,E/F A ESCOLA MUNICIPAL JARDIM MONTE VERDE,COHAB,ATROPELAMENTO,ATROPELAMENTO ENTRE ÔNIBUS E UMA GAROTA DE 13 ANOS DE IDADE.,,,,,1,1,,,,1,,,,Longo da via,Bom,Não existe,Não existente,Seca,Mal conservada,Não existe,Não há placas,,Dupla,Canal,,,,
2019-03-21,08:20:00,COM VÍTIMA,FINALIZADA,ROSARINHO,RUA COUTO MAGALHAES,3,315,AV SANTOS DUMONT,E/F AO COLÉGIO FAZER CRESCER,RUA COUTO MAGALHAES,315,E/F AO COLÉGIO FAZER CRESCER,ROSARINHO,ABALROAMENTO LONGITUDINAL,COLISÃO ENTRE AUTOMÓVEL E MOTOCICLETA.,1,1,,,,,,,,1,,,CIDADE,Cruzamento,Bom,Não existe,Perfeito estado,Seca,Perfeito estado,Não existe,R-6a,30 km/h,Única,Não existe,,,,
2019-03-21,08:31:00,COM VÍTIMA,FINALIZADA,ILHA DO LEITE,AV GOVERNADOR AGAMENON MAGALHAES,4,4575,,EM FRENTE AO EMPRESARIAL NASSAU,AV GOVERNADOR AGAMENON MAGALHAES,4575,EM FRENTE AO EMPRESARIAL NASSAU,ILHA DO LEITE,ATROPELAMENTO,ATROPELAMENTO ENTRE AUTOMÓVEL  MOTOCICLETA E UM PEDESTRE.,1,1,,,1,,,,,1,,,OLINDA,Longo da via,Bom,Sem defeito,Perfeito estado,Seca,Perfeito estado,Faixa de pedestre,R-4a,60 km/h,Dupla,Canal,Faixa,,,
2019-03-21,08:43:00,COM VÍTIMA,FINALIZADA,ENCRUZILHADA,AV BEBERIBE,0,,,EM FRENTE A DISNOVE,AV BEBERIBE,,EM FRENTE A DISNOVE,ENCRUZILHADA,ABALROAMENTO LONGITUDINAL,COLISÃO ENTRE DUAS MOTOCICLETAS.,,2,,,,,,,,1,,,CIDADE,Longo da via,Bom,Não existe,Perfeito estado,Seca,Perfeito estado,Não existe,R-6a,,Dupla,Faixa contínua,Faixa seccionada,,,
2019-03-21,12:20:00,COM VÍTIMA,FINALIZADA,ESPINHEIRO,RUA QUARENTA E OITO,3,245,RUA SAMUEL CAMPELO,GALERIA QUARENTA E OITO.,RUA QUARENTA E OITO,245,GALERIA QUARENTA E OITO.,ESPINHEIRO,ABALROAMENTO LONGITUDINAL,COLISÃO ENTRE DUAS MOTOCICLETAS.,,2,,,,,,,,2,,,SUBURBIO,Cruzamento,Bom,Não existe,Perfeito estado,Seca,Perfeito estado,Não existe,R-6a,,Única,Faixa seccionada,,,,
2019-03-21,15:23:00,COM VÍTIMA,FINALIZADA,CAMPO GRANDE,RUA VOLUNTARIOS DA PATRIA,0,,RUA TENENTE AGRIPINO,COLÉGIO IMACULADA - ENTRA NA RUA DO RESTAURANTE JARDIM - EM FRENTE AO ANTIGO BANDEPE,RUA VOLUNTARIOS DA PATRIA,,COLÉGIO IMACULADA - ENTRA NA RUA DO RESTAURANTE JARDIM - EM FRENTE AO ANTIGO BANDEPE,CAMPO GRANDE,ABALROAMENTO TRANSVERSAL,COLISÃO ENTRE AUTOMÓVEL E MOTOCICLETA OFICIAL DA PM.,1,,,,,,,1,,1,,,,Cruzamento,Bom,Não existe,Perfeito estado,Seca,Perfeito estado,Não existe,Não há placas,,Dupla,Não existe,,,,
2019-03-22,10:10:00,COM VÍTIMA,FINALIZADA,DERBY,RUA BENFICA,3,285,,,RUA BENFICA,285,,DERBY,COLISÃO TRASEIRA,COLISÃO COM VITIMA A ESPERA DO SAMU,1,1,,,,,,,,1,,,CIDADE,Longo da via,Bom,Não existe,Perfeito estado,Seca,Perfeito estado,Faixa de pedestre,R-6a,,Única,Faixa seccionada,,,,
2019-03-22,12:21:00,COM VÍTIMA,FINALIZADA,IBURA,RUA EXP FRANCISCO VITORIANO,2,48,,EM FRENTE A MARCOS BOMBAS  UR5. EM FRENTE A IGREJA DE CRISTO PENTECOSTAL DO BRASIL.,RUA EXP FRANCISCO VITORIANO,48,EM FRENTE A MARCOS BOMBAS  UR5. EM FRENTE A IGREJA DE CRISTO PENTECOSTAL DO BRASIL.,IBURA,COLISÃO TRASEIRA,COLISÃO ENTRE AUTOMÓVEL E MOTOCICLETA.,1,1,,,,,,,,1,,,SUBURBIO,Longo da via,Bom,Não existe,Perfeito estado,Seca,Perfeito estado,Não existe,,40 km/h,Dupla,Não existe,,,,
2019-03-22,14:37:00,COM VÍTIMA,FINALIZADA,SAO JOSE,PRC DAS CINCO PONTAS,0,,RUA VIDAL DE NEGREIROS,EM FRENTE AO TRE,PRC DAS CINCO PONTAS,,EM FRENTE AO TRE,SÃO JOSÉ,ABALROAMENTO LONGITUDINAL,COLISÃO ENTRE AUTOMÓVEL E MOTOCICLETA.,1,1,,,,,,,,1,,,,Longo da via,Bom,Não existe,Não existente,Seca,Perfeito estado,Não existe,Não há placas,,Única,Blocos,,,,
2019-03-22,15:06:00,COM VÍTIMA,FINALIZADA,ESTANCIA,RUA MAESTRO ALCIDES LEAO,0,,,EM FRENTE AO HOTEL ESTORIL  E AO MULTI POSTO. AO LADO DA FLORICULTURA LAROUSSE FLORES.,RUA MAESTRO ALCIDES LEAO,,EM FRENTE AO HOTEL ESTORIL  E AO MULTI POSTO. AO LADO DA FLORICULTURA LAROUSSE FLORES.,ESTÂNCIA,CHOQUE VEÍCULO PARADO,CHOQUE ENTRE AUTOMÓVEL E MOTOCICLETA.,1,1,,,,,,,,1,,,,Longo da via,Bom,Não existe,Não existente,Seca,Perfeito estado,Não existe,Não há placas,,Única,Não existe,,,,
2019-03-22,15:12:00,COM VÍTIMA,FINALIZADA,TEJIPIO,RUA FALCAO DE LACERDA,0,,,EM FRENTE A IGREJA DE TEJIPIO,RUA FALCAO DE LACERDA,,EM FRENTE A IGREJA DE TEJIPIO,TEJIPIÓ,ATROPELAMENTO,ATROPELAMENTO DE MOTOCICLETA E PEDESTRE,,1,,,1,,,,,1,,91,CIDADE,Longo da via,Bom,Sem defeito,Ilegível,Seca,Perfeito estado,Faixa de pedestre,Não há placas,,Dupla,Faixa contínua,,,,
2019-03-23,00:51:00,COM VÍTIMA,FINALIZADA,IBURA,RUA RIO ACIMA,0,,RUA RIBEIRAO DAS NEVES,E/F A EDSON CONSTRUÇÕES / ESQUINA COM A PADARIA PAN RAQUEL E MERCADINHO SANTA FÉ,RUA RIO ACIMA,,E/F A EDSON CONSTRUÇÕES / ESQUINA COM A PADARIA PAN RAQUEL E MERCADINHO SANTA FÉ,IBURA,ABALROAMENTO TRANSVERSAL,COLISÃO ENTRE KOMBI E SHINERAY.,1,,1,,,,,,,2,,,SUBURBIO,Cruzamento,Bom,Não existe,Incompleta,Seca,Mal iluminada,,Não há placas,,Dupla,Não existe,,,,
2019-03-23,10:26:00,COM VÍTIMA,FINALIZADA,ILHA DO LEITE,AV BEIRA RIO,0,,,APÓS O HOSPITAL PORTUGuÊS. SOB O VIADUTO JOSÉ DE BARROS LIMA,AV BEIRA RIO,,APÓS O HOSPITAL PORTUGuÊS. SOB O VIADUTO JOSÉ DE BARROS LIMA,ILHA DO LEITE,ACID. DE PERCURSO,,,1,,,,,,,,1,,,CIDADE,Longo da via,Bom,Sem defeito,Perfeito estado,Seca,Perfeito estado,Não existe,Não há placas,,Única,Não existe,,,,
2019-03-23,12:18:00,COM VÍTIMA,FINALIZADA,PINA,RUA JOSE RODRIGUES,2,54,,PROXIMO AO CONVENTO FREI DAMIÃO,RUA JOSE RODRIGUES,54,PROXIMO AO CONVENTO FREI DAMIÃO,PINA,ABALROAMENTO LONGITUDINAL,COLISÃO ENTRE VEÍCULO DE PLACA QUE EVADIU-SE DO LOCAL SEGUNDO POPULARES E UMA MOTOCICLETA.,,1,,,,,,,,1,,,SUBURBIO,Longo da via,Bom,Não existe,Não existente,Seca,Mal conservada,Não existe,Não há placas,,Dupla,Não existe,,,,
2019-03-23,13:13:00,COM VÍTIMA,FINALIZADA,TAMARINEIRA,RUA DR JOSE MARIA,4,1038,RUA GENERAL ABREU E LIMA,PROX AO EDF QUINTA DA JAQUEIRA,RUA DR JOSE MARIA,1038,PROX AO EDF QUINTA DA JAQUEIRA,TAMARINEIRA,ABALROAMENTO LONGITUDINAL,HB 20 X MOTO,1,1,,,,,,,,1,,,SUBURBIO,Cruzamento,Bom,Não existe,Perfeito estado,Seca,Perfeito estado,Não existe,R-6a,40 km/h,Dupla,Não existe,,,,
2019-03-23,17:03:00,COM VÍTIMA,FINALIZADA,TAMARINEIRA,RUA DR JOSE MARIA,2,70,RUA GENERAL ABREU E LIMA,,RUA DR JOSE MARIA,70,,TAMARINEIRA,TOMBAMENTO,MOTOCICLISTA CAIU SOZINHO.,,1,,,,,,,,1,,,CIDADE,Longo da via,Bom,Não existe,Perfeito estado,Seca,Perfeito estado,Outros,R-6a,,Dupla,Faixa seccionada,,,,
2019-03-23,20:07:00,COM VÍTIMA,FINALIZADA,TEJIPIO,AV DR JOSE RUFINO,0,,,DE ESQUINA COM A ESTAÇAO TEJIPIO // PROX AO POSTO IPIRANGA,AV DR JOSE RUFINO,,DE ESQUINA COM A ESTAÇAO TEJIPIO // PROX AO POSTO IPIRANGA,TEJIPIÓ,ATROPELAMENTO,ATROPELAMENTO ENTRE MOTOCICLETA E PEDESTRE.,,1,,,1,,,,,1,,,SUBURBIO,Longo da via,Bom,Sem defeito,Perfeito estado,Seca,Perfeito estado,Faixa de pedestre,Não há placas,40 km/h,Dupla,Faixa seccionada,,,,
2019-03-24,13:22:00,COM VÍTIMA,FINALIZADA,TORRE,RUA JOSE BONIFACIO,4,1210,,EM FRENTE AO CARREFUR,RUA JOSE BONIFACIO,1210,EM FRENTE AO CARREFUR,TORRE,COLISÃO TRASEIRA,COLISÃO ENTRE QUATRO AUTOMÓVEIS.,4,,,,,,,,,1,,,SUBURBIO,Longo da via,Bom,Não existe,Perfeito estado,Seca,Perfeito estado,Não existe,Outras,30 km/h,Única,Faixa,,,,
2019-03-24,22:34:00,COM VÍTIMA,FINALIZADA,IMBIRIBEIRA,AV RECIFE,3,451,AV PRESIDENTE DUTRA,PROX AO SAL E BRASA BEM NA BIFURCAÇAO // SENTIDO IMBIRIBEIRA,AV RECIFE,451,PROX AO SAL E BRASA BEM NA BIFURCAÇAO // SENTIDO IMBIRIBEIRA,IMBIRIBEIRA,ABALROAMENTO LONGITUDINAL,COLISÃO ENTRE AUTOMÓVEL E MOTOCICLETA.,1,1,,,,,,,,1,,,CIDADE,Longo da via,Bom,Não existe,Perfeito estado,Seca,Perfeito estado,,,,Dupla,Canteiro central,,,,
2019-03-24,23:29:00,COM VÍTIMA,FINALIZADA,BOA VIAGEM,RUA FELIX DE BRITO E MELO,3,346,AV ENGENHEIRO DOMINGOS FERREIRA,ENF. A MEDICINA DIAGNOSTICO,RUA FELIX DE BRITO E MELO,346,ENF. A MEDICINA DIAGNOSTICO,BOA VIAGEM,COLISÃO TRASEIRA,TAXI X MOTO,1,1,,,,,,,,1,,,CIDADE,Longo da via,Bom,Sem defeito,Perfeito estado,Seca,Perfeito estado,Faixa de pedestre,Placas Pare,,Única,Faixa contínua,,,,