data,hora,natureza_acidente,situacao,bairro,endereco,,numero,detalhe_endereco_acidente,complemento,endereco_cruzamento,numero_cruzamento,referencia_cruzamento,bairro_cruzamento,tipo,descricao,auto,moto,ciclom,ciclista,pedestre,onibus,caminhao,viatura,outros,vitimas,vitimasfatais,num_semaforo,sentido_via,acidente_verificado,tempo_clima,situacao_semaforo,sinalizacao,condicao_via,conservacao_via,ponto_controle,situacao_placa,velocidade_max_via,mao_direcao,divisao_via1,divisao_via2,divisao_via3,_id,Protocolo
2019-03-25,20:42:00,COM VÍTIMA,FINALIZADA,PARNAMIRIM,AV PARNAMIRIM,0,,,PRÓX AO SHOPPING PARNAMIRIM E HOSPITAL MARIA LUCINDA / SEMÁFORO 010,AV PARNAMIRIM,,PRÓX AO SHOPPING PARNAMIRIM E HOSPITAL MARIA LUCINDA / SEMÁFORO 010,PARNAMIRIM,COLISÃO COM CICLISTA,COLISÃO ENTRE AUTOMÓVEL E MOTOCICLETA.,1,1,,1,,,,,,1,,,CIDADE,Longo da via,Bom,Sem defeito,Perfeito estado,Seca,Perfeito estado,Faixa de pedestre,R-6a,,Única,Faixa contínua,,,,
2019-03-26,07:43:00,COM VÍTIMA,FINALIZADA,SANTO AMARO,RUA TREZE DE MAIO,3,704,AV NORTE,,RUA TREZE DE MAIO,704,,SANTO AMARO,ATROPELAMENTO,ATROPELAMENTO ENTRE MOTOCICLETA E PEDESTRE.,,1,,,1,,,,,1,,36,CIDADE,Outros,Chuvoso,Sem defeito,Perfeito estado,Molhada,Perfeito estado,Faixa de pedestre,Não há placas,60 km/h,Dupla,Canteiro central,,,,
2019-03-26,08:51:00,COM VÍTIMA,FINALIZADA,BOA VISTA,AV GOVERNADOR AGAMENON MAGALHAES,0,,,NA SUBIDA DO VIADUTO DA INDEPENDÊNCIA  AO LADO DO CÍRCULO MILITAR.,AV GOVERNADOR AGAMENON MAGALHAES,,NA SUBIDA DO VIADUTO DA INDEPENDÊNCIA  AO LADO DO CÍRCULO MILITAR.,BOA VISTA,COLISÃO TRASEIRA,COLISÃO ENTRE DOIS AUTOMÓVEIS.,2,,,,,,,,,1,,78,SUBURBIO,Longo da via,Chuvoso,Sem defeito,Perfeito estado,Molhada,Perfeito estado,Faixa de pedestre,,,Dupla,Canal,,,,
2019-03-26,09:36:00,COM VÍTIMA,FINALIZADA,IBURA,AV DOIS RIOS,3,790,,EM FRENTE A VIDRAÇARIA RF E A IGREJA PRESBITERIANA CASA SUA E AQUARIUS PET SHOP.,AV DOIS RIOS,790,EM FRENTE A VIDRAÇARIA RF E A IGREJA PRESBITERIANA CASA SUA E AQUARIUS PET SHOP.,IBURA,COLISÃO FRONTAL,COLISÃO ENTRE CAMIONETA E MOTOCICLETA.,1,1,,,,,,,,1,,,CIDADE,Longo da via,Chuvoso,Não existe,Não existente,Seca,Perfeito estado,Não existe,Não há placas,60 km/h,Dupla,Faixa,,,,
2019-03-26,10:38:00,COM VÍTIMA,FINALIZADA,SAO JOSE,RUA IMPERIAL,4,1553,,EM FRENTE A JUNTA COMERCIAL,RUA IMPERIAL,1553,EM FRENTE A JUNTA COMERCIAL,SÃO JOSÉ,COLISÃO TRASEIRA,COLISÃO ENTRE AUTOMÓVEL E MOTOCICLETA.,1,1,,,,,,,,1,,,SUBURBIO,Longo da via,Bom,Não existe,Perfeito estado,Seca,Perfeito estado,Não existe,Não há placas,,Única,Faixa,,,,
2019-03-26,15:22:00,COM VÍTIMA,FINALIZADA,IPSEP,AV RECIFE,4,1277,RUA PINTOR LULA CARDOSO AYRES,PRÓX AO SAL E BRASA,AV RECIFE,1277,PRÓX AO SAL E BRASA,IPSEP,ABALROAMENTO TRANSVERSAL,COLISÃO ENTRE CAMIONETA E MOTOCICLETA.,1,1,,,,,,,,1,,,SUBURBIO,Cruzamento,Chuvoso,Com defeito,Perfeito estado,Molhada,Perfeito estado,Não existe,Placas Pare,60 km/h,Única,Canteiro central,,,,
2019-03-26,17:48:00,COM VÍTIMA,FINALIZADA,SANTO AMARO,AV DR JAYME DA FONTE,0,,,EM FRENTE AO CAMPO DO ONZE,AV DR JAYME DA FONTE,,EM FRENTE AO CAMPO DO ONZE,SANTO AMARO,ATROPELAMENTO,ATROPELAMENTO ENTRE MOTOCICLETA E PEDESTRE.,,1,,,1,,,,,1,,,CIDADE,Longo da via,Bom,Não existe,Perfeito estado,Seca,Perfeito estado,Não existe,Não há placas,,Dupla,Canteiro central,,,,
2019-03-27,07:35:00,COM VÍTIMA,FINALIZADA,BOA VIAGEM,RUA SERINHAEM,2,93,,PROX AO EDIFICIO HOLIDAY,RUA SERINHAEM,93,PROX AO EDIFICIO HOLIDAY,BOA VIAGEM,ABALROAMENTO LONGITUDINAL,COLISÃO COM VITIMA SOCORRIDO PELO SAMU,1,1,,,,,,,,1,,,,Longo da via,Bom,,Não existente,Seca,Perfeito estado,Não existe,Não há placas,30 km/h,Dupla,Não existe,,,,
2019-03-27,08:56:00,COM VÍTIMA,FINALIZADA,CAMPO GRANDE,EST DE BELEM,3,190,,EM FRENTE A IGREJA DE BELEM. EDF JULIO II,EST DE BELEM,190,EM FRENTE A IGREJA DE BELEM. EDF JULIO II,CAMPO GRANDE,ATROPELAMENTO,AUTO E PEDESTRE,1,,,,1,,,,,1,,,SUBURBIO,Longo da via,Bom,Não existe,Perfeito estado,Seca,Perfeito estado,Não existe,R-6a,,Dupla,Faixa contínua,,,,
2019-03-27,09:05:00,COM VÍTIMA,FINALIZADA,CAMPO GRANDE,RUA MADRE ROSA GATTORNO,3,107,1TR MARQUES DE BAIPENDI,RESIDENCIA PROX A ANTIGA FABRICA DA COCA COLA,RUA MADRE ROSA GATTORNO,107,RESIDENCIA PROX A ANTIGA FABRICA DA COCA COLA,CAMPO GRANDE,COLISÃO COM CICLISTA,VITIMA SOCORRIDO PELO SAMU,1,,,1,,,,,,1,,,CIDADE,Cruzamento,Chuvoso,Não existe,Ilegível,Seca,Perfeito estado,Não existe,Não há placas,,Dupla,,,,,
2019-03-27,11:55:00,COM VÍTIMA,FINALIZADA,CASA FORTE,AV DEZESSETE DE AGOSTO,4,1712,,EM FRENTE A EXTRAFARMA,AV DEZESSETE DE AGOSTO,1712,EM FRENTE A EXTRAFARMA,CASA FORTE,ABALROAMENTO LONGITUDINAL,CAMINHÃO E AUTO,1,,,,,,1,,,1,,469,SUBURBIO,Longo da via,Bom,Sem defeito,Perfeito estado,Seca,Perfeito estado,Faixa de pedestre,R-6a,60 km/h,Dupla,Faixa contínua,,,,
2019-03-28,10:39:00,COM VÍTIMA,FINALIZADA,SANTO ANTONIO,RUA SANTA RITA,3,600,RUA SANTA RITA,EM FRENTE A O GRANDE RECIFE,RUA SANTA RITA,600,EM FRENTE A O GRANDE RECIFE,SANTO ANTÔNIO,ABALROAMENTO LONGITUDINAL,COM UMA VITIMA,1,2,,,,,,,,1,,,SUBURBIO,Longo da via,Bom,Não existe,Incompleta,Seca,Perfeito estado,Não existe,Não há placas,60 km/h,Dupla,Não existe,,,,
2019-03-28,11:39:00,COM VÍTIMA,FINALIZADA,CORDEIRO,AV ENGENHEIRO ABDIAS DE CARVALHO,4,2880,,CAMARÃO DO LÉO,AV ENGENHEIRO ABDIAS DE CARVALHO,2880,CAMARÃO DO LÉO,CORDEIRO,COLISÃO COM CICLISTA,COLISÃO ENTRE AUTO E BICICLETA COM 1 VÍTIMA,1,,,1,,,,,,1,,,SUBURBIO,Longo da via,Bom,Não existe,Perfeito estado,Seca,Perfeito estado,Não existe,Não há placas,,Dupla,Faixa contínua,,,,
2019-03-28,14:11:00,COM VÍTIMA,FINALIZADA,TAMARINEIRA,AV PROFESSOR JOSE DOS ANJOS,3,521,RUA MARIO BHERING,PROXIMO A ESCOLA ESTAÇÃO DO SABER E IGREJA RHEMA/ SENTIDO ARRUDA,AV PROFESSOR JOSE DOS ANJOS,521,PROXIMO A ESCOLA ESTAÇÃO DO SABER E IGREJA RHEMA/ SENTIDO ARRUDA,TAMARINEIRA,COLISÃO COM CICLISTA,COLISÃO ENTRE MOTOCICLETA E BICICLETA.,,1,,1,,,,,,1,,,SUBURBIO,Esquina,Bom,Não existe,Perfeito estado,Seca,Perfeito estado,Faixa de pedestre,Placas Pare,40 km/h,Dupla,Canteiro central,,,,
2019-03-28,14:58:00,COM VÍTIMA,FINALIZADA,DERBY,PRC DO DERBY,0,,RUA JENER DE SOUZA,,PRC DO DERBY,,,DERBY,ABALROAMENTO TRANSVERSAL,COLISÃO ENTRE AUTOMÓVEL E MOTOCICLETA.,1,1,,,,,,,,1,,40,,Cruzamento,Bom,Com defeito,Perfeito estado,Seca,Perfeito estado,Faixa de pedestre,R-4a,,Única,Canteiro central,,,,
2019-03-28,17:05:00,COM VÍTIMA,FINALIZADA,VARZEA,RUA GENERAL POLIDORO,0,,,E/F AO RESTAURANTE KARPA DE OURO. LADO OPOSTO AO RESTAURANTE AZULZINHO.,RUA GENERAL POLIDORO,,E/F AO RESTAURANTE KARPA DE OURO. LADO OPOSTO AO RESTAURANTE AZULZINHO.,VÁRZEA,COLISÃO TRASEIRA,COLISAO ENTRE DOIS AUTOS COM UMA VITIMA,2,,,,,,,,,1,,711,CIDADE,Longo da via,Bom,Não existe,Perfeito estado,Seca,Perfeito estado,Não existe,Não há placas,,Dupla,Faixa contínua,,,,
2019-03-28,17:29:00,COM VÍTIMA,FINALIZADA,DERBY,AV GOVERNADOR AGAMENON MAGALHAES,0,,,EM FRENTE AO HOSPITAL DA RESTAURAÇÃO.,AV GOVERNADOR AGAMENON MAGALHAES,,EM FRENTE AO HOSPITAL DA RESTAURAÇÃO.,DERBY,ATROPELAMENTO,ATROPELAMENTO ENTRE MOTOCICLETA E PEDESTRE.,,1,,,1,,,,,1,,,CIDADE,Longo da via,Bom,Sem defeito,Perfeito estado,Seca,Perfeito estado,Não existe,Não há placas,,Única,Faixa,,,,
2019-03-28,18:53:00,COM VÍTIMA,FINALIZADA,AFOGADOS,RUA COSME VIANA,0,,EST DO BONGI,SEMÁFORO 100 / E/F A IMBIRIBEIRA VEÍCULOS,RUA COSME VIANA,,SEMÁFORO 100 / E/F A IMBIRIBEIRA VEÍCULOS,AFOGADOS,COLISÃO FRONTAL,COLISÃO ENTRE AUTOMÓVEL E MOTOCICLETA.,1,1,,,,,,,,1,,100,SUBURBIO,Cruzamento,Bom,Sem defeito,Perfeito estado,Seca,Perfeito estado,Faixa de pedestre,Outras,,Dupla,Outros,,,,
2019-03-28,19:13:00,COM VÍTIMA,FINALIZADA,SAO JOSE,AV DANTAS BARRETO,0,,RUA IMPERIAL,NO SEMAFORO 035,AV DANTAS BARRETO,,NO SEMAFORO 035,SÃO JOSÉ,ATROPELAMENTO ANIMAL,BATEDOR DA POLICIA ATROPELOU UM ANIMAL E CAIU NA VIA,,,,,,,,1,,1,,35,SUBURBIO,Cruzamento,Bom,Sem defeito,Perfeito estado,Seca,Perfeito estado,Faixa de pedestre,,,Dupla,Faixa contínua,,,,
2019-03-28,22:22:00,COM VÍTIMA,FINALIZADA,CABANGA,AV SATURNINO DE BRITO,3,371,,EM FRENTE AO BAR ESTELITA / ANTES DO VIADUTO DO RIO MAR,AV SATURNINO DE BRITO,371,EM FRENTE AO BAR ESTELITA / ANTES DO VIADUTO DO RIO MAR,CABANGA,CHOQUE VEÍCULO PARADO,CHOQUE ENTRE AUTOMÓVEL E MOTOCICLETA.,1,1,,,,,,,,1,,,SUBURBIO,Longo da via,Bom,Não existe,Perfeito estado,Seca,Mal iluminada,Não existe,Não há placas,,Única,Não existe,,,,
2019-03-29,05:26:00,COM VÍTIMA,FINALIZADA,SANTO AMARO,AV CRUZ CABUGA,0,,,EM FRENTE A ANTIGA HONDA MOTOSHOP.,AV CRUZ CABUGA,,EM FRENTE A ANTIGA HONDA MOTOSHOP.,SANTO AMARO,ATROPELAMENTO,ATROPELAMENTO ENTRE MOTOCICLETA E PEDESTRE.,,1,,,2,,,,,3,,,CIDADE,Longo da via,Chuvoso,Sem defeito,Perfeito estado,Molhada,Perfeito estado,,R-6a,40 km/h,Dupla,Faixa contínua,,,,
2019-03-29,07:08:00,COM VÍTIMA,FINALIZADA,AREIAS,AV DR JOSE RUFINO,4,1244,,EM FRENTE AO SUPERMERCADO ARCOMIX,AV DR JOSE RUFINO,1244,EM FRENTE AO SUPERMERCADO ARCOMIX,AREIAS,COLISÃO TRASEIRA,COLISÃO ENTRE AUTOMÓVEL E MOTOCICLETA.,1,1,,,,,,,,1,,,SUBURBIO,Longo da via,Bom,Não existe,Perfeito estado,Seca,Perfeito estado,Não existe,Não há placas,,Dupla,Faixa contínua,,,,
2019-03-29,08:48:00,COM VÍTIMA,FINALIZADA,SAO JOSE,AV MARTINS DE BARROS,3,S/N,C SANTA RITA,EM FRETE AO TERMINAL DE ÔNIBUS DE SANTA RITA. PISTA LOCAL DA SAÍDA DOS ÔNIBUS.,AV MARTINS DE BARROS,S/N,EM FRETE AO TERMINAL DE ÔNIBUS DE SANTA RITA. PISTA LOCAL DA SAÍDA DOS ÔNIBUS.,SÃO JOSÉ,ATROPELAMENTO,FATO UMA MOTO CONDUZIDA PELO SR. - ATROPELOU  UMA JOVEM SENHORA DE 40 ANOS. QUE ATRAVESSA FORA DA FAIXA. VITIMA GRAVE SEM CONSCIÊNCIA PORÉM COM SINAIS VITAIS.,,1,,,1,,,,,1,,,SUBURBIO,Longo da via,Bom,Sem defeito,Perfeito estado,Seca,Perfeito estado,,R-6c,,Dupla,Canteiro central,,,,
2019-03-29,09:27:00,COM VÍTIMA,FINALIZADA,PRADO,EST DOS REMEDIOS,4,2034,AV ENGENHEIRO ABDIAS DE CARVALHO,RECIFE NÁUTICA.,EST DOS REMEDIOS,2034,RECIFE NÁUTICA.,PRADO,COLISÃO TRASEIRA,COLISÃO ENTRE CAMINHÃO E MOTOCICLETA.,,1,,,,,1,,,1,,,CIDADE,Longo da via,Bom,Sem defeito,Perfeito estado,Seca,Perfeito estado,Agente,Outras,,Única,Faixa,,,,
2019-03-29,09:40:00,COM VÍTIMA,FINALIZADA,ILHA DO LEITE,PTE JOSE DE BARROS LIMA,3,S/N,AV GOVERNADOR AGAMENON MAGALHAES,INICIO DA PONTE JOSÉ DE BARROS LIMA LOGO APÓS O HOSP. PORTUGUÊS,PTE JOSE DE BARROS LIMA,S/N,INICIO DA PONTE JOSÉ DE BARROS LIMA LOGO APÓS O HOSP. PORTUGUÊS,ILHA DO LEITE,ABALROAMENTO LONGITUDINAL,COLISÃO ENTRE DUAS MOTOCICLETAS.,,2,,,,,,,,1,,,SUBURBIO,Longo da via,Bom,Não existe,Perfeito estado,Seca,Perfeito estado,,Não há placas,60 km/h,Dupla,Canteiro central,,,,
2019-03-29,12:18:00,COM VÍTIMA,FINALIZADA,ENGENHO DO MEIO,RUA ANTONIO CURADO,3,448,,PROX. A PRAÇA DE ENGENHO DO MEIO. EM FRENTE A IGREJA EVANGÉLICA JESUS É A ESPERANÇA.,RUA ANTONIO CURADO,448,PROX. A PRAÇA DE ENGENHO DO MEIO. EM FRENTE A IGREJA EVANGÉLICA JESUS É A ESPERANÇA.,ENGENHO DO MEIO,ATROPELAMENTO,ATROPELAMENTO ENTRE MOTOCICLETA E PEDESTRE.,,1,,,1,,,,,1,,,SUBURBIO,Longo da via,Bom,Não existe,Perfeito estado,Seca,Perfeito estado,,Outras,30 km/h,Dupla,Não existe,,,,
2019-03-29,12:54:00,COM VÍTIMA,FINALIZADA,IMBIRIBEIRA,RUA BARAO DE AGUA BRANCA,0,,RUA DUQUE ESTRADA,EM FRENTE A POUSADA SOL E MAR,RUA BARAO DE AGUA BRANCA,,EM FRENTE A POUSADA SOL E MAR,IMBIRIBEIRA,ABALROAMENTO TRANSVERSAL,COLISÃO ENTRE CAMIONETA E AUTOMÓVEL PASSEIO.,2,,,,,,,,,1,,,BOA VIAGEM,Cruzamento,Bom,Não existe,Perfeito estado,Seca,Perfeito estado,Não existe,Não há placas,,Dupla,Não existe,,,,
2019-03-29,13:23:00,COM VÍTIMA,FINALIZADA,MADALENA,RUA JOSE OSORIO,3,111,RUA DEMOCRITO DE SOUZA FILHO,PRÓX AO EMPÓRIO DOCE. LADO OPOSTO A DUNLOP PNEUS.,RUA JOSE OSORIO,111,PRÓX AO EMPÓRIO DOCE. LADO OPOSTO A DUNLOP PNEUS.,MADALENA,ABALROAMENTO LONGITUDINAL,COLISÃO ENTRE AUTOMÓVEL E MOTOCICLETA.,1,1,,,,,,,,1,,,SUBURBIO,Longo da via,Bom,Não existe,Perfeito estado,Seca,Perfeito estado,Não existe,R-6a,40 km/h,Única,,,,,
2019-03-29,15:00:00,COM VÍTIMA,FINALIZADA,ARRUDA,RUA DAS MOCAS,3,600,RUA DO TRIUNFO,POR TRAS DO CAMPO DO ARRUDA,RUA DAS MOCAS,600,POR TRAS DO CAMPO DO ARRUDA,ARRUDA,ABALROAMENTO LONGITUDINAL,COLISÃO ENTRE AUTOMÓVEL E MOTOCICLETA.,1,1,,,,,,,,1,,,SUBURBIO,Esquina,Bom,Não existe,Perfeito estado,Seca,Perfeito estado,,R-6a,30 km/h,Dupla,Faixa seccionada,,,,
2019-03-29,15:10:00,COM VÍTIMA,FINALIZADA,SANTO AMARO,AV CRUZ CABUGA,0,,,EM FRENTE A CASA DA INDUSTRIA,AV CRUZ CABUGA,,EM FRENTE A CASA DA INDUSTRIA,SANTO AMARO,ATROPELAMENTO,ATROPELAMENTO ENTRE MOTOCICLETA E PEDESTRE.,,1,,,1,,,,,1,,,CIDADE,Longo da via,Bom,Não existe,Perfeito estado,Seca,Perfeito estado,Não existe,Outras,60 km/h,Dupla,Faixa contínua,,,,
2019-03-29,15:54:00,COM VÍTIMA,FINALIZADA,CASA AMARELA,AV NORTE,4,6472,,EM FRENTE A MATERNIDADE BARROS LIMA,AV NORTE,6472,EM FRENTE A MATERNIDADE BARROS LIMA,CASA AMARELA,ATROPELAMENTO,ATROPELAMENTO ENTRE MOTOCICLETA E PEDESTRE.,,1,,,1,,,,,1,,,CIDADE,Longo da via,Bom,Não existe,Perfeito estado,Seca,Perfeito estado,Outros,R-6a,,Dupla,Faixa seccionada,Canteiro central,,,
2019-03-29,16:27:00,COM VÍTIMA,FINALIZADA,ENCRUZILHADA,RUA DONA ELVIRA,3,110,,E/F AO EDF ALDEIA IMPERIAL,RUA DONA ELVIRA,110,E/F AO EDF ALDEIA IMPERIAL,ENCRUZILHADA,COLISÃO COM CICLISTA,COLISÃO ENTRE AUTOMÓVEL E BICICLETA.,1,,,1,,,,,,1,,,,Longo da via,Bom,Não existe,Perfeito estado,Seca,Perfeito estado,,,40 km/h,Dupla,Não existe,,,,
2019-03-29,17:09:00,COM VÍTIMA,FINALIZADA,COELHOS,RUA DOS COELHOS,3,351,,E/F AO IMIP,RUA DOS COELHOS,351,E/F AO IMIP,COELHOS,ATROPELAMENTO,ATROPELAMENTO ENTRE ÔNIBUS E PEDESTRE.,,,,,1,1,,,,1,,,CIDADE,Longo da via,Bom,Não existe,Perfeito estado,Seca,Perfeito estado,Não existe,Não há placas,,Dupla,Faixa seccionada,,,,
2019-03-29,19:18:00,COM VÍTIMA,FINALIZADA,IPSEP,AV RECIFE,0,,AV DOM HELDER CAMARA,PROX AO CHAMBARIL DO JOAO  SENTIDO CEASA,AV RECIFE,,PROX AO CHAMBARIL DO JOAO  SENTIDO CEASA,IPSEP,ABALROAMENTO TRANSVERSAL,COLISÃO ENTRE AUTOMÓVEL E MOTOCICLETA.,1,1,,,,,,,,1,,,CIDADE,Longo da via,Chuvoso,Não existe,Perfeito estado,Molhada,Perfeito estado,Outros,R-32,60 km/h,Dupla,Faixa seccionada,,,,
2019-03-30,09:10:00,COM VÍTIMA,FINALIZADA,BOA VIAGEM,RUA DEZ DE JULHO,3,481,RUA CAMBOIM,PROX. A ESTAÇÃO AEROPORTO,RUA DEZ DE JULHO,481,PROX. A ESTAÇÃO AEROPORTO,BOA VIAGEM,COLISÃO TRASEIRA,COLISÃO ENTRE DOIS AUTOMÓVEIS.,2,,,,,,,,,1,,,SUBURBIO,Longo da via,Bom,Não existe,Perfeito estado,Seca,Perfeito estado,Não existe,Outras,,Única,Faixa seccionada,,,,
2019-03-30,09:38:00,COM VÍTIMA,FINALIZADA,BOA VIAGEM,RUA ERNESTO DE PAULA SANTOS,3,652,RUA VISCONDE DE JEQUITINHONHA,EM FRENTE DO EDF PAPILON.,RUA ERNESTO DE PAULA SANTOS,652,EM FRENTE DO EDF PAPILON.,BOA VIAGEM,ABALROAMENTO LONGITUDINAL,COLISÃO ENTRE AUTOMÓVEL E MOTOCICLETA.,1,1,,,,,,,,1,,304,,Cruzamento,Bom,Sem defeito,Perfeito estado,Seca,Perfeito estado,Faixa de pedestre,Placas Pare,,Única,,,,,
2019-03-30,11:18:00,COM VÍTIMA,FINALIZADA,RECIFE,AV MILITAR,0,,,EM FRENTE AOS POSTO BR E SHELL,AV MILITAR,,EM FRENTE AOS POSTO BR E SHELL,BAIRRO DO RECIFE,ABALROAMENTO LONGITUDINAL,COLISÃO ENTRE CAMINHÃO ARTICULADO E MOTOCICLETA.,,1,,,,,1,,,1,,,SUBURBIO,Outros,Bom,Não existe,Perfeito estado,Seca,Perfeito estado,,Não há placas,,Dupla,Faixa seccionada,Canteiro central,,,
2019-03-30,13:28:00,COM VÍTIMA,FINALIZADA,PARNAMIRIM,AV DEZESSETE DE AGOSTO,3,317,,,AV DEZESSETE DE AGOSTO,317,,PARNAMIRIM,TOMBAMENTO,MOTOCICLISTA DERRAPOU NA VIA.,,1,,,,,,,,1,,,SUBURBIO,Longo da via,Bom,Não existe,Perfeito estado,Seca,Perfeito estado,Não existe,Não há placas,60 km/h,Dupla,Faixa contínua,,,,
2019-03-30,16:24:00,COM VÍTIMA,FINALIZADA,PINA,RUA MANOEL DE BRITO,0,,,EM FRENTE AO NUCLEO DE POLICIA BATALHÃO 19º. AO LADO DO RIOMAR .,RUA MANOEL DE BRITO,,EM FRENTE AO NUCLEO DE POLICIA BATALHÃO 19º. AO LADO DO RIOMAR .,PINA,ATROPELAMENTO,ONIBUS ATROPELOU UM PEDESTRE,,,,,1,1,,,,1,,659,SUBURBIO,Longo da via,Bom,Não existe,Perfeito estado,Seca,Perfeito estado,Faixa de pedestre,Outras,,Única,Não existe,,,,
2019-03-31,08:40:00,COM VÍTIMA,FINALIZADA,SAO JOSE,AV SUL,0,,,PRÓXIMO AS TORRE GÊMEAS. EM FRENTE AO ARMAZÉM 16,AV SUL,,PRÓXIMO AS TORRE GÊMEAS. EM FRENTE AO ARMAZÉM 16,SÃO JOSÉ,TOMBAMENTO,O GM -  QUE ESTAVA EM SERVIÇO NO EVENTO DA CORRIDAS DAS PONTES  DERRAPOU NO TRILHO DE TREM.,,1,,,,,,,,1,,26,CIDADE,Longo da via,Chuvoso,Sem defeito,Perfeito estado,Molhada,Mal conservada,Outros,Outras,60 km/h,Dupla,Canteiro central,,,,
2019-03-31,12:21:00,COM VÍTIMA,FINALIZADA,IPSEP,RUA JEAN EMILE FAVRE,4,1338,RUA DR RAPOSO PINTO,EM FRENTE A DOMINO'S PIZZARIA,RUA JEAN EMILE FAVRE,1338,EM FRENTE A DOMINO'S PIZZARIA,IPSEP,ATROPELAMENTO,VEICULO PERDEU O CONTROLE  INVADIU UMA LOJA E ATROPELOU UMA PESSOA.,1,,,,1,,,,,1,,,SUBURBIO,Esquina,Chuvoso,Não existe,Perfeito estado,Molhada,Perfeito estado,,R-6a,40 km/h,Dupla,Faixa contínua,,,,
2019-04-01,08:35:00,COM VÍTIMA,FINALIZADA,PINA,AV HERCULANO BANDEIRA,3,949,RUA ARQUITETO AUGUSTO REINALDO,AO LADO DO CENTRO DE SOLICITAÇÃO DE VISTO AMERICANO E JBS VEÍCULOS.,AV HERCULANO BANDEIRA,949,AO LADO DO CENTRO DE SOLICITAÇÃO DE VISTO AMERICANO E JBS VEÍCULOS.,PINA,ABALROAMENTO TRANSVERSAL,COLISÃO ENTRE AUTOMÓVEL E MOTOCICLETA.,1,1,,,,,,,,1,,660,SUBURBIO,Cruzamento,Bom,Sem defeito,Perfeito estado,Seca,Perfeito estado,Faixa de pedestre,Não há placas,60 km/h,Única,Faixa seccionada,,,,
2019-04-01,14:11:00,COM VÍTIMA,FINALIZADA,IPSEP,AV RECIFE,4,2330,AV DOM HELDER CAMARA,NA ENTRADA DO IBURA NO SEMAFORO 016,AV RECIFE,2330,NA ENTRADA DO IBURA NO SEMAFORO 016,IPSEP,COLISÃO COM CICLISTA,ATROPELAMENTO ENTRE ÔNIBUS E CICLISTA,,,,1,,1,,,,1,,,SUBURBIO,Longo da via,Bom,,Perfeito estado,Seca,Perfeito estado,Agente,Não há placas,,Dupla,Canteiro central,,,,
2019-04-01,16:09:00,COM VÍTIMA,FINALIZADA,IPSEP,RUA IRAPUA,3,420,RUA DR RAPOSO PINTO,PROX AO ANTIGO 19 BATALHAO,RUA IRAPUA,420,PROX AO ANTIGO 19 BATALHAO,IPSEP,ABALROAMENTO TRANSVERSAL,COLISAO ENTRE AUTO E MOTO COM UMA VITIMA,1,1,,,,,,,,1,,,,Cruzamento,Bom,Não existe,Perfeito estado,Seca,Perfeito estado,Faixa de retenção,Placas Pare,,Dupla,Faixa,,,,
2019-04-02,10:59:00,COM VÍTIMA,FINALIZADA,DERBY,AV GOVERNADOR AGAMENON MAGALHAES,0,,RUA HENRIQUE DIAS,EM FRENTE AO SPETTOS,AV GOVERNADOR AGAMENON MAGALHAES,,EM FRENTE AO SPETTOS,DERBY,ABALROAMENTO LONGITUDINAL,COLISÃO ENTRE AUTOMÓVEL E MOTOCICLETA.,1,1,,,,,,,,1,,68,SUBURBIO,Cruzamento,Bom,Sem defeito,Incompleta,Seca,Perfeito estado,Faixa de pedestre,R-19,60 km/h,Dupla,Canal,,,,
2019-04-02,13:25:00,COM VÍTIMA,FINALIZADA,SANTO ANTONIO,AV DANTAS BARRETO,3,321,AV GUARARAPES,PRAÇA DO DIARIO. EM FRENTE A SUBWAY.,AV DANTAS BARRETO,321,PRAÇA DO DIARIO. EM FRENTE A SUBWAY.,SANTO ANTÔNIO,ATROPELAMENTO,ATROPELAMENTO ENTRE ÔNIBUS E PEDESTRE.,,,,,1,1,,,,1,,15,SUBURBIO,Longo da via,Bom,Não existe,Perfeito estado,Seca,Perfeito estado,Faixa de pedestre,R-6a,,Dupla,Canteiro central,,,,