data,hora,natureza_acidente,situacao,bairro,endereco,,numero,detalhe_endereco_acidente,complemento,endereco_cruzamento,numero_cruzamento,referencia_cruzamento,bairro_cruzamento,tipo,descricao,auto,moto,ciclom,ciclista,pedestre,onibus,caminhao,viatura,outros,vitimas,vitimasfatais,num_semaforo,sentido_via,acidente_verificado,tempo_clima,situacao_semaforo,sinalizacao,condicao_via,conservacao_via,ponto_controle,situacao_placa,velocidade_max_via,mao_direcao,divisao_via1,divisao_via2,divisao_via3,_id,Protocolo
2019-04-02,17:13:00,COM VÍTIMA,FINALIZADA,CAXANGA,RUA ENGENHO POETA,0,,AV CAXANGA,AO LADO DA MULT AVE SAUDE AMBIENTAL. PRÓXIMO AO CAXANGÁ COUNTRY GOLF CLUB.,RUA ENGENHO POETA,,AO LADO DA MULT AVE SAUDE AMBIENTAL. PRÓXIMO AO CAXANGÁ COUNTRY GOLF CLUB.,CAXANGÁ,ABALROAMENTO LONGITUDINAL,COLISÃO ENTRE DUAS MOTOCICLETAS.,,2,,,,,,,,1,,,SUBURBIO,Longo da via,Bom,Não existe,Perfeito estado,Seca,Perfeito estado,Não existe,Não há placas,,Dupla,Canteiro central,,,,
2019-04-02,17:17:00,COM VÍTIMA,FINALIZADA,CABANGA,RUA CAPITAO TEMUDO,0,,,SOBRE O VIADUTO,VIADUTO CAPITAO TEMUDO,,SOBRE O VIADUTO,CABANGA,COLISÃO TRASEIRA,DOIS AUTOS PASSEIO,2,,,,,,,,,2,,,,Viaduto,Bom,Não existe,Perfeito estado,Seca,Perfeito estado,Não existe,Não há placas,40 km/h,Única,Faixa seccionada,,,,
2019-04-02,18:10:00,COM VÍTIMA,FINALIZADA,SANTO ANTONIO,AV GUARARAPES,0,,RUA DO SOL,EM FRENTE AOS CORREIOS,AV GUARARAPES,,EM FRENTE AOS CORREIOS,SANTO ANTÔNIO,ABALROAMENTO TRANSVERSAL,COLISÃO ENTRE AUTOMÓVEL E MOTOCICLETA.,1,1,,,,,,,,1,,14,CIDADE,Longo da via,Bom,Sem defeito,Perfeito estado,Seca,Perfeito estado,Não existe,Não há placas,,Dupla,Não existe,,,,
2019-04-02,19:14:00,COM VÍTIMA,FINALIZADA,CASA FORTE,RUA DONA ADA VIEIRA,3,120,RUA SANT'ANNA,BUFFET PORTO FINO,RUA DONA ADA VIEIRA,120,BUFFET PORTO FINO,CASA FORTE,COLISÃO COM CICLISTA,COLISÃO ENTRE AUTOMÓVEL E BICICLETA.,1,,,1,,,,,,2,,,SUBURBIO,Cruzamento,Bom,Não existe,Perfeito estado,Seca,Perfeito estado,Não existe,Placas Pare,,Dupla,Faixa seccionada,,,,
2019-04-03,06:51:00,COM VÍTIMA,FINALIZADA,BOA VISTA,RUA JOSE DE ALENCAR,3,137,RUA BARAO DE SAO BORJA,EM FRENTE AO EDF JOSE DE ALENCAR,RUA JOSE DE ALENCAR,137,EM FRENTE AO EDF JOSE DE ALENCAR,BOA VISTA,ABALROAMENTO TRANSVERSAL,COLISÃO ENTRE DOIS AUTOMÓVEIS.,2,,,,,,,,,1,,,SUBURBIO,Cruzamento,Bom,Não existe,Perfeito estado,Seca,Perfeito estado,Faixa de retenção,Placas Pare,,Única,,,,,
2019-04-03,10:50:00,COM VÍTIMA,FINALIZADA,IMBIRIBEIRA,AV MARECHAL MASCARENHAS DE MORAES,0,,,EM FRENTE AO AEROPORTO INTERNACIONAL DO RECIFE.,AV MARECHAL MASCARENHAS DE MORAES,,EM FRENTE AO AEROPORTO INTERNACIONAL DO RECIFE.,IMBIRIBEIRA,CHOQUE OBJETO FIXO,CHOQUE ENTRE MOTOCICLETA E OBJETO FIXO NÃO INFORMADO.,,1,,,,,,,,1,,,SUBURBIO,Viaduto,Bom,Não existe,Perfeito estado,Seca,Perfeito estado,Não existe,Não há placas,,Dupla,Canteiro central,,,,
2019-04-03,18:47:00,COM VÍTIMA,FINALIZADA,ENCRUZILHADA,RUA INACIO GALVAO DOS SANTOS,0,,RUA FERNANDO CESAR,PRAÇA DON MIGUEL VALVERDE,RUA INACIO GALVAO DOS SANTOS,,PRAÇA DON MIGUEL VALVERDE,ENCRUZILHADA,ABALROAMENTO TRANSVERSAL,COLISÃO ENTRE AUTOMÓVEL E MOTOCICLETA.,1,1,,,,,,,,1,,,,Cruzamento,Bom,Não existe,Incompleta,Seca,,,Placas Pare,,Única,Não existe,,,,
2019-04-04,07:14:00,COM VÍTIMA,FINALIZADA,BOMBA DO HEMETERIO,RUA BOMBA DO HEMETERIO,3,155,,EM FRENTE A EDVALDO BEBIDAS. PARADA DE ÔNIBUS Nº 120029,RUA BOMBA DO HEMETERIO,155,EM FRENTE A EDVALDO BEBIDAS. PARADA DE ÔNIBUS Nº 120029,BOMBA DO HEMETÉRIO,ABALROAMENTO LONGITUDINAL,COLISÃO ENTRE AUTOMÓVEL  ÔNIBUS E MOTOCICLETA.,1,1,,,,1,,,,1,,,CIDADE,Longo da via,Bom,Não existe,Perfeito estado,Seca,Perfeito estado,Não existe,Não há placas,,Dupla,Faixa seccionada,,,,
2019-04-04,10:18:00,COM VÍTIMA,FINALIZADA,IMBIRIBEIRA,RUA ITAJAI,3,162,RUA ITACARI,RUA DO INOVE,RUA ITAJAI,162,RUA DO INOVE,IMBIRIBEIRA,ABALROAMENTO TRANSVERSAL,MOTO / AUTO PASSEIO,1,1,,,,,,,,1,,,SUBURBIO,Cruzamento,Bom,Não existe,Perfeito estado,Seca,Perfeito estado,Faixa de pedestre,Placas Pare,,Única,Faixa contínua,Faixa seccionada,,,
2019-04-04,19:08:00,COM VÍTIMA,FINALIZADA,VARZEA,RUA ACADEMICO HELIO RAMOS,0,,RUA JOAO FRANCISCO LISBOA,PROX AO TERMINAL DE ONIBUS CDU CAXANGA,RUA ACADEMICO HELIO RAMOS,,PROX AO TERMINAL DE ONIBUS CDU CAXANGA,VÁRZEA,ABALROAMENTO TRANSVERSAL,MOTO X JETTA,1,1,,,,,,,,1,,,SUBURBIO,Longo da via,Bom,Não existe,Incompleta,Seca,,Não existe,Placas Dê a preferência,,Dupla,Faixa seccionada,,,,
2019-04-04,19:41:00,COM VÍTIMA,FINALIZADA,AGUA FRIA,AV BEBERIBE,0,,,PROX A FEIRA NOVA DE AGUA FRIA E MAGAZINE LUIZA,AV BEBERIBE,,PROX A FEIRA NOVA DE AGUA FRIA E MAGAZINE LUIZA,ÁGUA FRIA,COLISÃO COM CICLISTA,AUTO E CICLISTA,1,,,1,,,,,,1,,405,CIDADE,Cruzamento,Bom,Sem defeito,Perfeito estado,Seca,Perfeito estado,Faixa de pedestre,Não há placas,,Dupla,Faixa contínua,,,,
2019-04-05,09:22:00,COM VÍTIMA,FINALIZADA,BOA VIAGEM,RUA CORONEL BENEDITO CHAVES,3,801,RUA DOS NAVEGANTES,POR TRAS DO CASTELINHO,RUA CORONEL BENEDITO CHAVES,801,POR TRAS DO CASTELINHO,BOA VIAGEM,ABALROAMENTO TRANSVERSAL,MOTO E AUTO,1,1,,,,,,,,1,,,SUBURBIO,Cruzamento,Bom,Não existe,Perfeito estado,Seca,Perfeito estado,Não existe,Não há placas,40 km/h,Única,Não existe,,,,
2019-04-05,09:26:00,COM VÍTIMA,FINALIZADA,PINA,AV ANTONIO DE GOES,0,,,EM FRENTE AO JCPM,AV ANTONIO DE GOES,,EM FRENTE AO JCPM,PINA,ABALROAMENTO LONGITUDINAL,COM UMA VITIMA/CTTU NO LOCAL,1,1,,,,,,,,1,,226,CIDADE,Longo da via,Bom,Sem defeito,Perfeito estado,Seca,Perfeito estado,Agente,Não há placas,60 km/h,Única,Canteiro central,,,,
2019-04-05,11:20:00,COM VÍTIMA,FINALIZADA,ILHA DO LEITE,AV FREI MATIAS TEVES,3,210,RUA JORNALISTA TRAJANO CHACON,EM FRENTE AO EMPRESARIAL ALFREDO NOBEL,AV FREI MATIAS TEVES,210,EM FRENTE AO EMPRESARIAL ALFREDO NOBEL,ILHA DO LEITE,ABALROAMENTO TRANSVERSAL,DUAS MOTOS,,2,,,,,,,,1,,,SUBURBIO,Cruzamento,Bom,Não existe,Não existente,Seca,Perfeito estado,Não existe,Placas Pare,30 km/h,Única,Faixa,,,,
2019-04-05,20:04:00,COM VÍTIMA,FINALIZADA,ILHA DO RETIRO,RUA TABAIARES,3,360,RUA JOAO ELISIO RAMOS,E/F AO SEBRAE / PRÓX AO CAMPO DA ILHA DO RETIRO E LUAN PROMOÇÕES E EVENTOS,RUA TABAIARES,360,E/F AO SEBRAE / PRÓX AO CAMPO DA ILHA DO RETIRO E LUAN PROMOÇÕES E EVENTOS,ILHA DO RETIRO,ABALROAMENTO TRANSVERSAL,ENTRE AUTO E MOTO. C/V,1,1,,,,,,,,1,,,SUBURBIO,Cruzamento,Bom,Não existe,Não existente,Seca,Mal iluminada,Não existe,Não há placas,,Dupla,Não existe,,,,
2019-04-06,08:44:00,COM VÍTIMA,FINALIZADA,MADALENA,AV CAXANGA,3,917,,PROX. ANTES DO BANCO BARDESCO  SENT. CIDADE,AV CAXANGA,917,PROX. ANTES DO BANCO BARDESCO  SENT. CIDADE,MADALENA,ABALROAMENTO LONGITUDINAL,AUTO E MOTO,1,1,,,,,,,,1,,,CIDADE,Longo da via,Bom,Não existe,Perfeito estado,Seca,Perfeito estado,Não existe,Outras,,Dupla,Faixa contínua,,,,
2019-04-06,16:31:00,COM VÍTIMA,FINALIZADA,IMBIRIBEIRA,RUA ITACARI,3,162,RUA ITAJAI,EM FRENTE A I9,RUA ITACARI,162,EM FRENTE A I9,IMBIRIBEIRA,ABALROAMENTO LONGITUDINAL,COLISÃO COM VÍTIMA,1,1,,,,,,,,1,,,indefinido,Cruzamento,Bom,Não existe,Perfeito estado,Seca,Perfeito estado,Faixa de pedestre,Placas Pare,,Única,Faixa contínua,,,,
2019-04-07,08:11:00,COM VÍTIMA,FINALIZADA,CASA AMARELA,RUA OSCAR DE BARROS,3,136,RUA CONS PERETTI,PROXIMO A CAIXA ECONOMICA DE CASA AMARELA,RUA OSCAR DE BARROS,136,PROXIMO A CAIXA ECONOMICA DE CASA AMARELA,CASA AMARELA,ABALROAMENTO TRANSVERSAL,UM ONIBUS E UM AUTO,1,,,,,1,,,,1,,,SUBURBIO,Cruzamento,Bom,Não existe,Perfeito estado,Seca,Perfeito estado,Não existe,Não há placas,40 km/h,Dupla,Não existe,,,,
2019-04-07,14:54:00,COM VÍTIMA,FINALIZADA,PRADO,RUA SANTA EDWIRGES,0,,RUA PADRE TEOFILO TWORZ,EM FRENTE A IGREJA PRESBITERIANA DO PRADO,RUA SANTA EDWIRGES,,EM FRENTE A IGREJA PRESBITERIANA DO PRADO,PRADO,ABALROAMENTO TRANSVERSAL,COLISÃO COM VÍTIMA,1,1,,,,,,,,1,,,CIDADE,Cruzamento,Bom,Não existe,Ilegível,Seca,Perfeito estado,Não existe,Não há placas,,Dupla,Não existe,,,,
2019-04-07,21:06:00,COM VÍTIMA,FINALIZADA,CASA FORTE,EST DO ENCANAMENTO,0,,RUA MARECHAL RONDON,,EST DO ENCANAMENTO,,,CASA FORTE,ABALROAMENTO TRANSVERSAL,COLISÃO ENTRE DOIS AUTOS C/V,2,,,,,,,,,2,,,SUBURBIO,Cruzamento,Bom,Não existe,Incompleta,Seca,Perfeito estado,,Placas Pare,,Única,Faixa seccionada,,,,
2019-04-08,01:08:00,COM VÍTIMA,FINALIZADA,ESPINHEIRO,RUA MARQUES DO PARANA,0,,RUA GOMES PACHECO,PROX DA PRAÇA CASTRO ALVES  PROX DO RESTAURANTE PRAÇA DA PICANHA,RUA MARQUES DO PARANA,,PROX DA PRAÇA CASTRO ALVES  PROX DO RESTAURANTE PRAÇA DA PICANHA,ESPINHEIRO,ABALROAMENTO TRANSVERSAL,COLISÃO ENTRE DOIS AUTOS C/V,2,,,,,,,,,1,,,CIDADE,Cruzamento,Bom,Não existe,Ilegível,Seca,Perfeito estado,Não existe,Placas Pare,,Dupla,Faixa seccionada,,,,
2019-04-08,11:14:00,COM VÍTIMA,FINALIZADA,MANGUEIRA,RUA SAO MIGUEL,4,1162,,EM FRENTE A CLINICA JAIME CORDEIRO,RUA SAO MIGUEL,1162,EM FRENTE A CLINICA JAIME CORDEIRO,MANGUEIRA,COLISÃO TRASEIRA,COLISÃO ENTRE AUTOMÓVEL E MOTOCICLETA.,1,1,,,,,,,,1,,,SUBURBIO,Longo da via,Bom,Não existe,Não existente,Seca,Perfeito estado,Não existe,Não há placas,,Dupla,Faixa contínua,,,,
2019-04-08,15:12:00,COM VÍTIMA,FINALIZADA,IBURA,RUA RIO TAPADO,0,,RUA RIBEIRAO DO PINHAL,PROX AO ARMAZEM DA RIO XINGU NO SEMAFORO 351,RUA RIO TAPADO,,PROX AO ARMAZEM DA RIO XINGU NO SEMAFORO 351,IBURA,ABALROAMENTO TRANSVERSAL,COLISAO ENTRE DOIS AUTOS S/V,1,1,,,,,,,,1,,,,Cruzamento,Bom,Sem defeito,Perfeito estado,Seca,Perfeito estado,Outros,Outras,,Dupla,Não existe,,,,
2019-04-08,18:11:00,COM VÍTIMA,FINALIZADA,IMBIRIBEIRA,RUA JAMAICA,0,,RUA CACHOEIRA,E/F UNIFBV,RUA JAMAICA,,E/F UNIFBV,IMBIRIBEIRA,ABALROAMENTO TRANSVERSAL,AUTO E MOTO COM VITIMAS,1,1,,,,,,,,1,,,CIDADE,Cruzamento,Bom,Não existe,Incompleta,Seca,Perfeito estado,Não existe,R-6a,,Única,Faixa seccionada,,,,
2019-04-08,18:40:00,COM VÍTIMA,FINALIZADA,TORRE,RUA REAL DA TORRE,0,,RUA PROFESSOR TRAJANO DE MENDONCA,E/F AO ATACADO DOS PRRESENTE DA TORRE,RUA REAL DA TORRE,,E/F AO ATACADO DOS PRRESENTE DA TORRE,TORRE,ABALROAMENTO LONGITUDINAL,AUTO E MOTO,1,1,,,,,,,,1,,,CIDADE,Cruzamento,Bom,Não existe,Perfeito estado,Seca,Perfeito estado,Não existe,Não há placas,,Única,Não existe,,,,
2019-04-09,08:42:00,COM VÍTIMA,FINALIZADA,ROSARINHO,RUA DES MARTINS PEREIRA,3,359,,ESQ COM O BANCO ITAU,RUA DES MARTINS PEREIRA,359,ESQ COM O BANCO ITAU,ROSARINHO,COLISÃO,MOTO E AUTO,1,1,,,,,,,,1,,,,,,,,,,,,,,,,,,
2019-04-09,10:07:00,COM VÍTIMA,FINALIZADA,CASA AMARELA,RUA XAVANTES,3,150,RUA OSCAR DE BARROS,EM FRENTE A CLINICA CUNSULTA MEDICA OFTALMOLOGICA,RUA XAVANTES,150,EM FRENTE A CLINICA CUNSULTA MEDICA OFTALMOLOGICA,CASA AMARELA,ABALROAMENTO LONGITUDINAL,COLISÃO ENTRE AUTOMÓVEL E MOTOCICLETA,1,1,,,,,,,,1,,,SUBURBIO,Cruzamento,Bom,Não existe,Perfeito estado,Seca,Perfeito estado,Não existe,Placas Pare,,Dupla,Não existe,,,,
2019-04-09,12:10:00,COM VÍTIMA,FINALIZADA,BOA VISTA,RUA DA SOLEDADE,3,249,,EM FRENTE AO POSTO DE ATENDIMENTO DO VEM GRANDE RECIFE.,RUA DA SOLEDADE,249,EM FRENTE AO POSTO DE ATENDIMENTO DO VEM GRANDE RECIFE.,BOA VISTA,ABALROAMENTO LONGITUDINAL,COLISÃO ENTRE AUTOMÓVEL E MOTOCICLETA,1,,1,,,,,,,1,,,CIDADE,Longo da via,Bom,Não existe,Perfeito estado,Seca,Perfeito estado,Não existe,Outras,,Única,Faixa seccionada,,,,
2019-04-09,13:49:00,COM VÍTIMA,FINALIZADA,AGUA FRIA,EST VELHA DE AGUA FRIA,4,1413,,EM FRENTE AO Nº 1413,EST VELHA DE AGUA FRIA,1413,EM FRENTE AO Nº 1413,ÁGUA FRIA,ABALROAMENTO TRANSVERSAL,COLISAO ENTRE AUTO E MOTO COM UMA VITIMA,1,1,,,,,,,,1,,,CIDADE,Longo da via,Bom,Não existe,Incompleta,Seca,Perfeito estado,Não existe,Não há placas,,Única,Não existe,,,,
2019-04-09,14:11:00,COM VÍTIMA,FINALIZADA,ARRUDA,AV BEBERIBE,0,,AV PROFESSOR JOSE DOS ANJOS,POSTO BR,AV BEBERIBE,,POSTO BR,ARRUDA,COLISÃO TRASEIRA,COLISÃO SEM VITIMAS,2,,,,,,1,,,,,131,CIDADE,Cruzamento,Bom,Sem defeito,Perfeito estado,Seca,Perfeito estado,Faixa de pedestre,Outras,,Dupla,Faixa contínua,,,,
2019-04-09,15:57:00,COM VÍTIMA,FINALIZADA,MUSTARDINHA,AV MANOEL GONCALVES DA LUZ,3,763,,,AV MANOEL GONCALVES DA LUZ,763,,MUSTARDINHA,ATROPELAMENTO,ATROPELAMENTO ENTRE MOTO E PEDESTRE.,1,,,,1,,,,,1,,,SUBURBIO,Longo da via,Bom,Não existe,Incompleta,Seca,Perfeito estado,Não existe,R-6a,,Dupla,Faixa seccionada,,,,
2019-04-09,16:33:00,COM VÍTIMA,FINALIZADA,BOA VIAGEM,RUA JOSE HIPOLITO CARDOSO,0,,,PROX. AO CLUBE DAS ÁGUIAS. ANTIGA DELEGACIA DE SETÚBAL.,RUA JOSE HIPOLITO CARDOSO,,PROX. AO CLUBE DAS ÁGUIAS. ANTIGA DELEGACIA DE SETÚBAL.,BOA VIAGEM,COLISÃO FRONTAL,COLISÃO ENTRE AUTOMÓVEL E MOTOCICLETA,1,1,,,,,,,,1,,,,Longo da via,Bom,Não existe,Incompleta,Seca,Perfeito estado,Não existe,Não há placas,,Dupla,Faixa seccionada,,,,
2019-04-09,16:57:00,COM VÍTIMA,FINALIZADA,CAJUEIRO,RUA DR ALBERTO WANDERLEY,3,418,AV SEBASTIAO SALAZAR,ESQUINA DO BAR DA FAVA,RUA DR ALBERTO WANDERLEY,418,ESQUINA DO BAR DA FAVA,CAJUEIRO,COLISÃO COM CICLISTA,COLISÃO ENTRE AUTOMÓVEL E BICICLETA.,1,,,1,,,,,,1,,,CIDADE,Longo da via,Bom,Não existe,Não existente,Seca,Perfeito estado,Faixa de pedestre,Outras,,Dupla,Não existe,,,,
2019-04-09,17:20:00,COM VÍTIMA,FINALIZADA,AREIAS,AV CAPITAO GREGORIO DE CALDAS,0,,RUA DEPUTADO MANOEL PAES,AO LADO DO WALMART,AV CAPITAO GREGORIO DE CALDAS,,AO LADO DO WALMART,AREIAS,ABALROAMENTO LONGITUDINAL,COLISÃO ENTRE AUTOMÓVEL E MOTOCICLETA,1,1,,,,,,,,1,,,CIDADE,Esquina,Bom,Não existe,Incompleta,Seca,Perfeito estado,Não existe,Não há placas,,Dupla,Faixa seccionada,,,,
2019-04-10,12:41:00,COM VÍTIMA,FINALIZADA,GRACAS,RUA JOAQUIM NABUCO,3,600,,EM FRENTE AO BLOCO D DO CENTRO UNIVERSITÁRIO MAURÍCIO DE NASSAU.,RUA JOAQUIM NABUCO,600,EM FRENTE AO BLOCO D DO CENTRO UNIVERSITÁRIO MAURÍCIO DE NASSAU.,GRAÇAS,ABALROAMENTO LONGITUDINAL,COLISÃO ENTRE DOIS AUTOMÓVEIS E UMA MOTOCICLETA.,2,1,,,,,,,,1,,,SUBURBIO,Longo da via,Bom,Sem defeito,Perfeito estado,Seca,Perfeito estado,Faixa de pedestre,Outras,40 km/h,Única,Faixa,,,,
2019-04-10,15:28:00,COM VÍTIMA,FINALIZADA,IMBIRIBEIRA,AV MARECHAL MASCARENHAS DE MORAES,0,,,E/F AO JUÍZADO ESPECIAL D PEQUENAS CAUSAS. HYUNDAI,AV MARECHAL MASCARENHAS DE MORAES,,E/F AO JUÍZADO ESPECIAL D PEQUENAS CAUSAS. HYUNDAI,IMBIRIBEIRA,COLISÃO COM CICLISTA,ONIBUS DA EMPRESA - NÚMERO DE ORDEM - E BICICLETA,,,,1,,1,,,,1,,,SUBURBIO,Longo da via,Bom,Não existe,Perfeito estado,Seca,Perfeito estado,Não existe,Não há placas,,Dupla,Faixa seccionada,,,,
2019-04-11,12:56:00,COM VÍTIMA,FINALIZADA,BOA VISTA,RUA BISPO CARDOSO AYRES,3,321,,EM FRENTE A BANCA DE REVISTA UNIVERSIDADE.,RUA BISPO CARDOSO AYRES,321,EM FRENTE A BANCA DE REVISTA UNIVERSIDADE.,BOA VISTA,ABALROAMENTO LONGITUDINAL,ACIDENTE ENVOLVENDO AUTOMÓVEL E MOTOCICLETA.,1,1,,,,,,,,1,,,CIDADE,Longo da via,Bom,Não existe,Perfeito estado,Seca,Perfeito estado,Não existe,Outras,30 km/h,Única,Não existe,,,,
2019-04-11,14:05:00,COM VÍTIMA,FINALIZADA,MADALENA,AV CAXANGA,3,642,,LADO OPOSTO A G1 VEICULOS,AV CAXANGA,642,LADO OPOSTO A G1 VEICULOS,MADALENA,COLISÃO TRASEIRA,ACIDENTE ENVOLVENDO AUTOMÓVEL E MOTOCICLETA.,1,1,,,,,,,,1,,,CIDADE,Longo da via,Bom,Não existe,Perfeito estado,Seca,Perfeito estado,Não existe,Não há placas,,Dupla,Canteiro central,,,,
2019-04-11,14:47:00,COM VÍTIMA,FINALIZADA,IMBIRIBEIRA,RUA SARGENTO SILVINO DE MACEDO,0,,RUA JOAQUIM BANDEIRA,E/F A ANATEL BATEDOR 26/09 NO LOCAL,RUA SARGENTO SILVINO DE MACEDO,,E/F A ANATEL BATEDOR 26/09 NO LOCAL,IMBIRIBEIRA,ABALROAMENTO TRANSVERSAL,COLISAO ENTRE AUTO E MOTO,1,1,,,,,,,,1,,,,Cruzamento,Bom,Não existe,Não existente,Seca,Perfeito estado,Não existe,Não há placas,40 km/h,Dupla,Não existe,,,,
2019-04-11,18:30:00,COM VÍTIMA,FINALIZADA,SOLEDADE,RUA AFONSO PENA,3,387,AV VISCONDE DE SUASSUNA,PROX A CEAPE CREDITOS PARA PEQUENOS NEGOCIOS. LADO OPOSTO A DELÍCIAS CATÓLICA.,RUA AFONSO PENA,387,PROX A CEAPE CREDITOS PARA PEQUENOS NEGOCIOS. LADO OPOSTO A DELÍCIAS CATÓLICA.,SOLEDADE,COLISÃO TRASEIRA,ACIDENTE ENVOLVENDO DOIS AUTOMÓVEIS E UMA MOTOCICLETA.,2,1,,,,,,,,1,,,SUBURBIO,Longo da via,Bom,Não existe,Perfeito estado,Seca,Perfeito estado,Não existe,Outras,,Única,Não existe,,,,
2019-04-12,06:46:00,COM VÍTIMA,FINALIZADA,MADALENA,RUA BENFICA,4,1015,,EM FRENTE A MAXTROC,RUA BENFICA,1015,EM FRENTE A MAXTROC,MADALENA,COLISÃO COM CICLISTA,COLISÃO ENTRE ÔNIBUS E BICICLETA.,,,,1,,1,,,,1,,,CIDADE,Longo da via,Bom,Não existe,Perfeito estado,Seca,Perfeito estado,Não existe,Não há placas,,Dupla,Faixa contínua,,,,
2019-04-12,07:45:00,COM VÍTIMA,FINALIZADA,CORDEIRO,RUA PIERRE CURIE,3,158,RUA ODETE MONTEIRO,EM FRENTE AO POSTO BR DE COMBUSTÍVEIS.,RUA PIERRE CURIE,158,EM FRENTE AO POSTO BR DE COMBUSTÍVEIS.,CORDEIRO,ABALROAMENTO LONGITUDINAL,ACIDENTE ENVOLVENDO AUTOMÓVEL E MOTOCICLETA.,1,1,,,,,,,,2,,,CIDADE,Cruzamento,Chuvoso,Não existe,Incompleta,Molhada,Perfeito estado,Não existe,Não há placas,40 km/h,Dupla,Faixa seccionada,,,,
2019-04-12,08:29:00,COM VÍTIMA,FINALIZADA,PINA,AV ANTONIO DE GOES,0,,,EM FRENTE DE DNIT,AV ANTONIO DE GOES,,EM FRENTE DE DNIT,PINA,TOMBAMENTO,CONDUTOR DA MOTOCICLETA PERDEU O CONTROLE E CAIU NA VIA SEM OUTRO VEÍCULO ENVOLVIDO NO ACIDENTE.,,1,,,,,,,,1,,,,Longo da via,Chuvoso,Desligado,Perfeito estado,Molhada,Perfeito estado,Não existe,Não há placas,60 km/h,Única,Faixa contínua,,,,
2019-04-12,12:35:00,COM VÍTIMA,FINALIZADA,TORRE,RUA REAL DA TORRE,4,1645,RUA VISCONDE DE ITAPARICA,EM FRENTE A ESCOLA DESPERTAR,RUA REAL DA TORRE,1645,EM FRENTE A ESCOLA DESPERTAR,TORRE,ABALROAMENTO TRANSVERSAL,ACIDENTE ENVOLVENDO AUTOMÓVEL E MOTOCICLETA.,1,1,,,,,,,,1,,,CIDADE,Cruzamento,Chuvoso,Não existe,Perfeito estado,Molhada,Perfeito estado,Faixa de pedestre,Placas Pare,,Única,Não existe,,,,
2019-04-12,15:20:00,COM VÍTIMA,FINALIZADA,TEJIPIO,RUA FALCAO DE LACERDA,3,511,RUA QUEIRA DEUS,PROXIMO A PRAÇA DA ENTRADA DO PACHECO,RUA FALCAO DE LACERDA,511,PROXIMO A PRAÇA DA ENTRADA DO PACHECO,TEJIPIÓ,COLISÃO FRONTAL,COLISÃO COM VITIMA ENTRE DOIS AUTOMÓVEIS E UMA MOTOCICLETA.,2,1,,,,,,,,1,,,,Esquina,Bom,Não existe,Não existente,Seca,Perfeito estado,Não existe,Não há placas,,Dupla,Faixa seccionada,,,,
2019-04-12,17:30:00,COM VÍTIMA,FINALIZADA,BOA VIAGEM,AV FERNANDO SIMOES BARBOSA,3,572,AV FERNANDO SIMOES BARBOSA,NA SAIDA DO SHOPPING RECIFE,,572,NA SAIDA DO SHOPPING RECIFE,BOA VIAGEM,ACID. DE PERCURSO,COM MOTO E ONIBUS,,1,,,,,,,,1,,,,Cruzamento,Bom,Sem defeito,Perfeito estado,Seca,Perfeito estado,Faixa de pedestre,R-6a,,Dupla,Canteiro central,Canal,,,
2019-04-13,07:56:00,COM VÍTIMA,FINALIZADA,SANTO AMARO,AV GOVERNADOR AGAMENON MAGALHAES,0,,,EM FRENTE AO TACARUNA  SENTIDO OLINDA,AV GOVERNADOR AGAMENON MAGALHAES,,EM FRENTE AO TACARUNA  SENTIDO OLINDA,SANTO AMARO,COLISÃO TRASEIRA,COM VITIMA,3,,,,,,,,,1,,,OLINDA,Longo da via,Chuvoso,Não existe,,Molhada,,,Outras,60 km/h,Única,Faixa,Canteiro central,Canal,,