data,hora,natureza_acidente,situacao,bairro,endereco,,numero,detalhe_endereco_acidente,complemento,endereco_cruzamento,numero_cruzamento,referencia_cruzamento,bairro_cruzamento,tipo,descricao,auto,moto,ciclom,ciclista,pedestre,onibus,caminhao,viatura,outros,vitimas,vitimasfatais,num_semaforo,sentido_via,acidente_verificado,tempo_clima,situacao_semaforo,sinalizacao,condicao_via,conservacao_via,ponto_controle,situacao_placa,velocidade_max_via,mao_direcao,divisao_via1,divisao_via2,divisao_via3,_id,Protocolo
2019-04-13,13:05:00,COM VÍTIMA,FINALIZADA,DERBY,AV GOVERNADOR AGAMENON MAGALHAES,0,,,E/F AO BRADESCO S/T BOA VIAGEM,AV GOVERNADOR AGAMENON MAGALHAES,,E/F AO BRADESCO S/T BOA VIAGEM,DERBY,ATROPELAMENTO,ONIBUS ATROPELOU UM PEDESTRE,,,,,1,1,,,,1,,75,BOA VIAGEM,Longo da via,Bom,Sem defeito,Perfeito estado,Seca,Perfeito estado,Faixa de pedestre,Outras,,Dupla,Faixa seccionada,,,,
2019-04-13,14:34:00,COM VÍTIMA,FINALIZADA,AFOGADOS,EST DOS REMEDIOS,0,,RUA PADRE TEOFILO TWORZ,PROXIMO A CONCESSIONARIA PEGOUT,EST DOS REMEDIOS,,PROXIMO A CONCESSIONARIA PEGOUT,AFOGADOS,COLISÃO TRASEIRA,ACIDENTE ENVOLVENDO AUTOMÓVEL E MOTOCICLETA.,1,1,,,,,,,,1,,390,MADALENA,Longo da via,Chuvoso,Sem defeito,Perfeito estado,Seca,Perfeito estado,Faixa de pedestre,R-6c,,Única,Faixa contínua,Faixa seccionada,,,
2019-04-14,01:56:00,COM VÍTIMA,FINALIZADA,ESPINHEIRO,AV GOVERNADOR AGAMENON MAGALHAES,0,,,EM FRENTE A MEDICAL // PRÓX AO CLUBE PORTUGUÊS,AV GOVERNADOR AGAMENON MAGALHAES,,EM FRENTE A MEDICAL // PRÓX AO CLUBE PORTUGUÊS,ESPINHEIRO,COLISÃO TRASEIRA,COLISÃO ENTRE AUTO E MOTO  COM VÍTIMAS,1,1,,,,,,,,1,,,CIDADE,Longo da via,Bom,Não existe,Perfeito estado,Seca,Perfeito estado,Não existe,Outras,,Dupla,Canal,Faixa seccionada,,,
2019-04-14,16:30:00,COM VÍTIMA,FINALIZADA,ESPINHEIRO,RUA AMELIA,0,,RUA DR VICENTE MEIRA,AO LADO ESPINHEIRO SHOPPING,RUA AMELIA,,AO LADO ESPINHEIRO SHOPPING,ESPINHEIRO,COLISÃO TRASEIRA,ACIDENTE ENVOLVENDO AUTOMÓVEL E MOTOCICLETA.,1,1,,,,,,,,1,,,CIDADE,Cruzamento,Bom,Não existe,Perfeito estado,Seca,Perfeito estado,Não existe,Placas Pare,40 km/h,,Faixa seccionada,,,,
2019-04-14,17:09:00,COM VÍTIMA,FINALIZADA,CORDEIRO,AV CAXANGA,0,,,,AV CAXANGA,,,CORDEIRO,ATROPELAMENTO,,,,,,1,,,,,1,,234,CIDADE,Cruzamento,Bom,Sem defeito,Perfeito estado,Seca,Perfeito estado,,Não há placas,,Dupla,Canteiro central,,,,
2019-04-14,19:14:00,COM VÍTIMA,FINALIZADA,MADALENA,RUA MONSENHOR JULIO MARIA,0,,RUA NOBRE DE LACERDA,PROX AO CENTRO COMERCIAL NOBRE DE LACERDA,RUA MONSENHOR JULIO MARIA,,PROX AO CENTRO COMERCIAL NOBRE DE LACERDA,MADALENA,ABALROAMENTO TRANSVERSAL,ACIDENTE ENVOLVENDO DOIS AUTOMÓVEIS.,2,,,,,,,,,1,,,CIDADE,Cruzamento,Bom,Não existe,Perfeito estado,Seca,Perfeito estado,,Placas Pare,,Única,Não existe,,,,
2019-04-14,22:42:00,COM VÍTIMA,FINALIZADA,IPSEP,RUA JEAN EMILE FAVRE,3,S/N,RUA ARACATUBA,PRAÇA DA MAURICÉA,RUA JEAN EMILE FAVRE,S/N,PRAÇA DA MAURICÉA,IPSEP,ABALROAMENTO LONGITUDINAL,ACIDENTE ENVOLVENDO AUTOMÓVEL E MOTOCICLETA.,1,1,,,,,,,,1,,,SUBURBIO,Longo da via,Bom,Não existe,Perfeito estado,Seca,Perfeito estado,Não existe,Placas Pare,,Dupla,Faixa contínua,Faixa seccionada,,,
2019-04-15,07:33:00,COM VÍTIMA,FINALIZADA,BEBERIBE,AV BEBERIBE,4,1753,,LADO OPOSTO AO COLÉGIO E HOTELZINHO QI,AV BEBERIBE,1753,LADO OPOSTO AO COLÉGIO E HOTELZINHO QI,BEBERIBE,ABALROAMENTO LONGITUDINAL,ACIDENTE ENVOLVENDO AUTOMÓVEL E MOTOCICLETA.,1,1,,,,,,,,1,,,CIDADE,Longo da via,Bom,Não existe,Perfeito estado,Seca,Perfeito estado,,Outras,,Dupla,Faixa contínua,,,,
2019-04-15,08:00:00,COM VÍTIMA,FINALIZADA,AFOGADOS,EST DO BONGI,0,,RUA COSME VIANA,EM FRENTE A IMBIRIBEIRA VEICULOS,EST DO BONGI,,EM FRENTE A IMBIRIBEIRA VEICULOS,AFOGADOS,ABALROAMENTO LONGITUDINAL,ACIDENTE ENVOLVENDO AUTOMÓVEL E MOTOCICLETA.,1,1,,,,,,,,1,,100,SUBURBIO,Cruzamento,Bom,Sem defeito,Perfeito estado,Seca,Perfeito estado,Faixa de pedestre,Outras,,Única,Faixa seccionada,,,,
2019-04-15,11:38:00,COM VÍTIMA,FINALIZADA,IPSEP,AV RECIFE,0,,RUA PINTOR ANTONIO ALBUQUERQUE,LADO OPOSTO AO POSTE DE NÚMERO B034053,AV RECIFE,,LADO OPOSTO AO POSTE DE NÚMERO B034053,IPSEP,ATROPELAMENTO,ATROPELAMENTO ENTRE ÔNIBUS E PEDESTRE.,,,,,1,1,,,,1,,,SUBURBIO,Longo da via,Bom,Não existe,Perfeito estado,Seca,Perfeito estado,Não existe,Não há placas,60 km/h,Única,Faixa seccionada,,,,
2019-04-15,13:19:00,COM VÍTIMA,FINALIZADA,BOA VIAGEM,RUA FELIX DE BRITO E MELO,0,,RUA GENERAL EDSON AMANCIO RAMALHO,,RUA FELIX DE BRITO E MELO,,,BOA VIAGEM,ABALROAMENTO TRANSVERSAL,COLISÃO COM VITIMAS,2,,,,,,,,,1,,,,Cruzamento,Bom,Sem defeito,Perfeito estado,Seca,Perfeito estado,,R-6a,,Única,Faixa contínua,,,,
2019-04-15,14:55:00,COM VÍTIMA,FINALIZADA,CORDEIRO,AV PROFESSOR ESTEVAO FRANCISCO DA COSTA,0,,RUA 10 DE NOVEMBRO,AO LADO DA PADARIA RAINHA DA TORRE NO SEMAFORO,AV PROFESSOR ESTEVAO FRANCISCO DA COSTA,,AO LADO DA PADARIA RAINHA DA TORRE NO SEMAFORO,CORDEIRO,ABALROAMENTO TRANSVERSAL,COLISAO ENTRE DOIS AUTOS S/V,2,,,,,,,,,2,,280,SUBURBIO,Esquina,Bom,Sem defeito,Incompleta,Seca,Perfeito estado,Não existe,Outras,,Única,Não existe,,,,
2019-04-15,16:59:00,COM VÍTIMA,FINALIZADA,BARRO,AV DR JOSE RUFINO,4,2642,,MERCADINHO OTIMO PREÇO. ANTES DO VIADUTO DA BR 101. LADO OPOSTO AO NÚMERO INFORMADO.,AV DR JOSE RUFINO,2642,MERCADINHO OTIMO PREÇO. ANTES DO VIADUTO DA BR 101. LADO OPOSTO AO NÚMERO INFORMADO.,BARRO,COLISÃO FRONTAL,ACIDENTE ENVOLVENDO AUTOMÓVEL E MOTOCICLETA.,1,1,,,,,,,,1,,,SUBURBIO,Longo da via,Bom,Não existe,Não existente,Seca,Perfeito estado,Não existe,Não há placas,,Dupla,Faixa contínua,,,,
2019-04-15,18:02:00,COM VÍTIMA,FINALIZADA,SANTO ANTONIO,RUA PRINCESA IZABEL,0,,,EM FRENTE A FACULDADE DE DIREITO.,RUA PRINCESA IZABEL,,EM FRENTE A FACULDADE DE DIREITO.,SANTO ANTÔNIO,ABALROAMENTO LONGITUDINAL,ACIDENTE ENVOLVENDO DOIS AUTOMÓVEIS E UMA MOTOCICLETA.,2,1,,,,,,,,1,,,CIDADE,Longo da via,Bom,Não existe,Perfeito estado,Seca,Perfeito estado,Não existe,Outras,40 km/h,Única,Faixa seccionada,,,,
2019-04-15,22:08:00,COM VÍTIMA,FINALIZADA,GRACAS,RUA ALBERTO PAIVA,3,192,RUA ANTONIO NOVAIS,PRÓXIMO A PIZZARIA HUT,RUA ALBERTO PAIVA,192,PRÓXIMO A PIZZARIA HUT,GRAÇAS,ABALROAMENTO LONGITUDINAL,ACIDENTE ENVOLVENDO AUTOMÓVEL E MOTOCICLETA.,1,1,,,,,,,,1,,360,SUBURBIO,Cruzamento,Bom,Sem defeito,Perfeito estado,Seca,Perfeito estado,,R-6a,,Única,Faixa seccionada,,,,
2019-04-16,06:31:00,COM VÍTIMA,FINALIZADA,BOA VIAGEM,RUA RIBEIRO DE BRITO,4,1034,,AO LADO POSTO DE GASOLINA BR,RUA RIBEIRO DE BRITO,1034,AO LADO POSTO DE GASOLINA BR,BOA VIAGEM,COLISÃO TRASEIRA,COLISÃO ENTRE ÔNIBUS E AUTOMÓVEL.,1,,,,,1,,,,1,,,SUBURBIO,Longo da via,Bom,Não existe,Perfeito estado,Seca,Perfeito estado,Não existe,Não há placas,,Única,Faixa seccionada,,,,
2019-04-16,07:39:00,COM VÍTIMA,FINALIZADA,BOA VIAGEM,AV ENGENHEIRO DOMINGOS FERREIRA,4,3067,,EM FRENTE AO CARREFOUR,AV ENGENHEIRO DOMINGOS FERREIRA,3067,EM FRENTE AO CARREFOUR,BOA VIAGEM,ATROPELAMENTO,DOIS AUTOS COLISÃO SEGUIDO DE ATROPELAMENTO,2,,,,,,,,,1,,,,,,,,,,,,,,,,,,
2019-04-16,09:44:00,COM VÍTIMA,FINALIZADA,HIPODROMO,RUA DONA ELVIRA,3,215,RUA PROFESSOR MIRANDA CURIO,EM FRENTE AO EDF DIPLOMATA,RUA DONA ELVIRA,215,EM FRENTE AO EDF DIPLOMATA,HIPÓDROMO,ABALROAMENTO LONGITUDINAL,COLISÃO ENTRE AUTOMÓVEL E MOTOCICLETA.,1,1,,,,,,,,1,,,,Longo da via,Bom,Não existe,Não existente,Seca,Outros,Não existe,Outras,,Dupla,Não existe,,,,
2019-04-16,12:24:00,COM VÍTIMA,FINALIZADA,TAMARINEIRA,RUA GOMES COUTINHO,3,164,RUA TREINADOR CLAUDIO COUTINHO,UMA RUA AO LADO AO EXTRA BOM,RUA GOMES COUTINHO,164,UMA RUA AO LADO AO EXTRA BOM,TAMARINEIRA,ABALROAMENTO LONGITUDINAL,COLISÃO COM VITIMAS ( VT 09 NO LOCAL),1,1,,,,,,,,1,,,SUBURBIO,Esquina,Bom,Sem defeito,Perfeito estado,Seca,Perfeito estado,,R-4b,30 km/h,Única,Faixa seccionada,,,,
2019-04-16,16:26:00,COM VÍTIMA,FINALIZADA,JIQUIA,RUA SAO MIGUEL,4,1357,RUA MANOEL DE ALBUQUERQUE FERNANDES,PANIFICADORA LISBOA,RUA SAO MIGUEL,1357,PANIFICADORA LISBOA,JIQUIÁ,ABALROAMENTO TRANSVERSAL,COLISÃO ENTRE AUTOMÓVEL E MOTOCICLETA.,1,1,,,,,,,,1,,,CIDADE,Longo da via,Bom,Sem defeito,Perfeito estado,Seca,Perfeito estado,Faixa de pedestre,Não há placas,,Dupla,Faixa contínua,,,,
2019-04-17,07:02:00,COM VÍTIMA,FINALIZADA,BARRO,AV DR JOSE RUFINO,0,,RUA ANDRE DE ALBUQUERQUE,EM FRENTE À IGREJA DO BARRO,AV DR JOSE RUFINO,,EM FRENTE À IGREJA DO BARRO,BARRO,ABALROAMENTO LONGITUDINAL,COLISÃO AUTO X MOTO,1,1,,,,,,,,1,,539,CIDADE,Esquina,Bom,Sem defeito,Perfeito estado,Seca,Perfeito estado,Faixa de pedestre,R-6a,,Dupla,Faixa contínua,Faixa seccionada,,,
2019-04-17,07:59:00,COM VÍTIMA,FINALIZADA,DOIS IRMAOS,RUA MANUEL DE MEDEIROS,0,,,EM FRENTE A UNIVERSIDADE FEDERAL RURAL DE PERNAMBUCO.,RUA MANUEL DE MEDEIROS,,EM FRENTE A UNIVERSIDADE FEDERAL RURAL DE PERNAMBUCO.,DOIS IRMÃOS,ABALROAMENTO TRANSVERSAL,COLISÃO COM VÍTIMA ENTRE AUTO E MOTO,1,1,,,,,,,,1,,,CIDADE,Longo da via,Chuvoso,Não existe,Perfeito estado,Molhada,Perfeito estado,Não existe,Outras,,Dupla,Faixa contínua,,,,
2019-04-17,12:39:00,COM VÍTIMA,FINALIZADA,CIDADE UNIVERSITARIA,AV PROFESSOR LUIZ FREIRE,0,,,AO LADO DO IF  APOS O HOSPITAL DAS CLINICAS. 7ª RM,AV PROFESSOR LUIZ FREIRE,,AO LADO DO IF  APOS O HOSPITAL DAS CLINICAS. 7ª RM,CIDADE UNIVERSITÁRIA,ATROPELAMENTO,AUTO E PEDESTRE,1,,,,1,,,,,1,,,SUBURBIO,Longo da via,Bom,Não existe,Perfeito estado,Seca,Perfeito estado,Não existe,,,Dupla,,Faixa contínua,,,
2019-04-17,13:05:00,COM VÍTIMA,FINALIZADA,SAO JOSE,C SANTA RITA,0,,,EM FRENTE AO ARMZEM 16. GALPÃO AGEMAR,C SANTA RITA,,EM FRENTE AO ARMZEM 16. GALPÃO AGEMAR,SÃO JOSÉ,TOMBAMENTO,MOTOCICLISTA SOFREU UMA QUEDA  AO PASSAR POR UMA POÇA DE ÁGUA NA PISTA.,,1,,,,,,,,1,,76,CIDADE,Longo da via,Chuvoso,Sem defeito,Perfeito estado,Molhada,Mal conservada,Não existe,Outras,,Dupla,Canteiro central,,,,
2019-04-17,21:36:00,VÍTIMA FATAL,FINALIZADA,AFOGADOS,PTE DO MOTOCOLOMBO,0,,,POR CIMA DA PTE  SNT IMBIRIBEIRA / ESQUINA COM A OFICINA TROCÃO. STI - SECRETARIA DE TECNOLOGIA DA INFORMAÇÃO - TRT 6ª REGIÃO.,PTE DO MOTOCOLOMBO,,POR CIMA DA PTE  SNT IMBIRIBEIRA / ESQUINA COM A OFICINA TROCÃO. STI - SECRETARIA DE TECNOLOGIA DA INFORMAÇÃO - TRT 6ª REGIÃO.,AFOGADOS,TOMBAMENTO,MOTOQUEIRO PERDEU O CONTROLE DO VEÍCULO E ACABOU CAINDO NA VIA. O MESMO SE ENCONTRA DESACORDADO E COM A MOTO BASTANTE DANIFICADA. SD SOLICITA O APOIO DA CTTU NO LOCAL.,,1,,,,,,,,,1,,SUBURBIO,Ponte,Bom,Não existe,Incompleta,Seca,Perfeito estado,,Não há placas,40 km/h,Dupla,Canteiro central,,,,
2019-04-18,06:48:00,COM VÍTIMA,FINALIZADA,IMBIRIBEIRA,AV MARECHAL MASCARENHAS DE MORAES,4,2755,,EM FRENTE AO BANCO BRADESCO E NEO BLINDADOS  SENT. AFOGADOS.,AV MARECHAL MASCARENHAS DE MORAES,2755,EM FRENTE AO BANCO BRADESCO E NEO BLINDADOS  SENT. AFOGADOS.,IMBIRIBEIRA,COLISÃO TRASEIRA,COLISÃO ENTRE TRÊS AUTOMÓVEIS.,3,,,,,,,,,1,,631,CIDADE,Longo da via,Bom,Intermitente,Perfeito estado,Seca,Perfeito estado,Faixa de pedestre,R-6a,60 km/h,Dupla,Faixa seccionada,Canteiro central,,,
2019-04-18,15:14:00,COM VÍTIMA,FINALIZADA,CASA FORTE,AV DEZESSETE DE AGOSTO,4,1256,,EM FRENTE A DROGASIL,AV DEZESSETE DE AGOSTO,1256,EM FRENTE A DROGASIL,CASA FORTE,ABALROAMENTO LONGITUDINAL,COLISÃO ENTRE AUTOMÓVEL E MOTOCICLETA.,1,1,,,,,,,,1,,,CIDADE,Longo da via,Bom,Não existe,Perfeito estado,Seca,Perfeito estado,Não existe,Outras,,Dupla,Faixa contínua,Faixa seccionada,,,
2019-04-18,15:47:00,COM VÍTIMA,FINALIZADA,BOA VIAGEM,AV BOA VIAGEM,4,3870,,POINT DO AÇAÍ.,AV BOA VIAGEM,3870,POINT DO AÇAÍ.,BOA VIAGEM,ATROPELAMENTO,VEÍCULO EVADIU-SE DO LOCAL  NÃO SENDO POSSÍVEL IDENTIFICÁ-LO.,1,,,,1,,,,,1,,,CIDADE,Longo da via,Bom,Sem defeito,Perfeito estado,Seca,Perfeito estado,Outros,Outras,60 km/h,Única,Faixa seccionada,,,,
2019-04-18,21:27:00,COM VÍTIMA,FINALIZADA,ENCRUZILHADA,RUA FERNANDO CESAR,0,,RUA AMARO COUTINHO,E/F A PRAÇA MIGUEL VALVERDE,RUA FERNANDO CESAR,,E/F A PRAÇA MIGUEL VALVERDE,ENCRUZILHADA,ABALROAMENTO TRANSVERSAL,AUTO E MOTO COM VITIMAS (MOTOQUEIRO COM SITOMAS DE EMBRIAGUEZ),1,1,,,,,,,,1,,,CIDADE,Cruzamento,Bom,Não existe,Perfeito estado,Seca,Perfeito estado,Não existe,Placas Pare,,Única,Não existe,,,,
2019-04-19,05:48:00,COM VÍTIMA,FINALIZADA,AREIAS,AV DR JOSE RUFINO,4,1688,,EM FRENTE A ANTIGA FABRICA MANUCHAR,AV DR JOSE RUFINO,1688,EM FRENTE A ANTIGA FABRICA MANUCHAR,AREIAS,CHOQUE VEÍCULO PARADO,CHOQUE ENTRE AUTOMÓVEL E MOTOCICLETA.,1,1,,,,,,,,2,,557,CIDADE,Longo da via,Bom,Sem defeito,Perfeito estado,Seca,Perfeito estado,Faixa de pedestre,Não há placas,,Dupla,Faixa,,,,
2019-04-19,17:00:00,COM VÍTIMA,FINALIZADA,DOIS UNIDOS,AV HILDEBRANDO DE VASCONCELOS,3,845,RUA DA BELA VISTA,EM FRENTE A ASINHA DO TONHO.,AV HILDEBRANDO DE VASCONCELOS,845,EM FRENTE A ASINHA DO TONHO.,DOIS UNIDOS,ABALROAMENTO TRANSVERSAL,COLISÃO ENTRE DOIS AUTOS E UMA MOTO.,2,1,,,,,,,,1,,,SUBURBIO,Longo da via,Bom,Não existe,Perfeito estado,Seca,Perfeito estado,Não existe,Não há placas,40 km/h,Dupla,Faixa seccionada,,,,
2019-04-19,17:23:00,COM VÍTIMA,FINALIZADA,CASA AMARELA,RUA TAQUARITINGA,3,149,RUA PADRE LEMOS,DE ESQUINA COM A LOJA TROPICAL,RUA TAQUARITINGA,149,DE ESQUINA COM A LOJA TROPICAL,CASA AMARELA,CHOQUE VEÍCULO PARADO,DOIS AUTO COM VITIMAS,2,,,,,,,,,1,,,,Longo da via,Bom,Não existe,Perfeito estado,Seca,Perfeito estado,Não existe,Não há placas,,Única,Não existe,,,,
2019-04-20,07:18:00,COM VÍTIMA,FINALIZADA,ILHA DO LEITE,RUA SENADOR JOSE HENRIQUE,3,141,AV FREI MATIAS TEVES,EM FRENTE AO HOSPITAL ALBERT SABIN,RUA SENADOR JOSE HENRIQUE,141,EM FRENTE AO HOSPITAL ALBERT SABIN,ILHA DO LEITE,ABALROAMENTO LONGITUDINAL,COLISÃO ENTRE DUAS MOTOS.,,2,,,,,,,,1,,,SUBURBIO,Cruzamento,Chuvoso,Não existe,Perfeito estado,Molhada,Perfeito estado,Faixa de pedestre,Placas Pare,,Única,Faixa seccionada,,,,
2019-04-22,07:16:00,COM VÍTIMA,FINALIZADA,DOIS UNIDOS,AV HILDEBRANDO DE VASCONCELOS,4,3121,,APÓS O FORRÓ DO ARLINDO 100 METROS,AV HILDEBRANDO DE VASCONCELOS,3121,APÓS O FORRÓ DO ARLINDO 100 METROS,DOIS UNIDOS,ABALROAMENTO LONGITUDINAL,COLISÃO ENTRE ÔNIBUS E MOTOCICLETA.,,1,,,,1,,,,1,,,SUBURBIO,Longo da via,Bom,Não existe,Não existente,Seca,Mal conservada,Não existe,Não há placas,,Dupla,Não existe,,,,
2019-04-22,10:12:00,COM VÍTIMA,FINALIZADA,RECIFE,AV MILITAR,0,,,AO LADO DO FORTE DO BRUM,AV MILITAR,,AO LADO DO FORTE DO BRUM,BAIRRO DO RECIFE,ABALROAMENTO LONGITUDINAL,COLISÃO ENTRE AUTOMÓVEL E MOTOCICLETA.,1,1,,,,,,,,1,,,SUBURBIO,Longo da via,Bom,Não existe,Perfeito estado,Seca,Perfeito estado,Não existe,Não há placas,60 km/h,Dupla,Canteiro central,,,,
2019-04-22,17:42:00,COM VÍTIMA,FINALIZADA,BOA VIAGEM,RUA COSMORAMA,4,1234,,EM FRENTE AO COLEGIO ALGUSTO SEVERO,RUA COSMORAMA,1234,EM FRENTE AO COLEGIO ALGUSTO SEVERO,BOA VIAGEM,COLISÃO TRASEIRA,COLISÃO ENTRE AUTOMÓVEL E MOTOCICLETA.,1,1,,,,,,,,1,,,CIDADE,Longo da via,Bom,Não existe,Perfeito estado,Seca,Perfeito estado,Não existe,A-33a,40 km/h,Dupla,Faixa contínua,,,,
2019-04-22,21:55:00,COM VÍTIMA,FINALIZADA,BOA VIAGEM,RUA VISCONDE DE JEQUITINHONHA,3,280,,PRÓX AO PARQUE DONA LINDU  EM FRENTE AO EDF CHARLON  NA FAIXA DA DIREITA .,RUA VISCONDE DE JEQUITINHONHA,280,PRÓX AO PARQUE DONA LINDU  EM FRENTE AO EDF CHARLON  NA FAIXA DA DIREITA .,BOA VIAGEM,ABALROAMENTO LONGITUDINAL,COLISÃO ENTRE AUTOMÓVEL E MOTOCICLETA.,1,1,,,,,,,,1,,,SUBURBIO,Longo da via,Chuvoso,Não existe,Perfeito estado,Molhada,Perfeito estado,Não existe,Não há placas,60 km/h,Única,Faixa contínua,Faixa seccionada,Canteiro central,,
2019-04-23,15:50:00,COM VÍTIMA,FINALIZADA,IPSEP,AV RECIFE,4,3376,,SAÍDA DO IPSEP- APÓS O CRUZAMENTO DA RAIMUNDO DINIZ. AÇO RECIFE.,AV RECIFE,3376,SAÍDA DO IPSEP- APÓS O CRUZAMENTO DA RAIMUNDO DINIZ. AÇO RECIFE.,IPSEP,COLISÃO TRASEIRA,COLISÃO ENTRE AUTOMÓVEL E MOTOCICLETA.,1,1,,,,,,,,2,,,SUBURBIO,Longo da via,Bom,Não existe,Perfeito estado,Seca,Perfeito estado,Não existe,Outras,60 km/h,Dupla,Canteiro central,,,,
2019-04-23,19:22:00,COM VÍTIMA,FINALIZADA,BOA VIAGEM,AV ENGENHEIRO DOMINGOS FERREIRA,4,1360,,NA FAIXA DA ESQUERDA ENF GALERIA CENTRO SUL,AV ENGENHEIRO DOMINGOS FERREIRA,1360,NA FAIXA DA ESQUERDA ENF GALERIA CENTRO SUL,BOA VIAGEM,COLISÃO TRASEIRA,COLISÃO ENTRE AUTOMÓVEL E MOTOCICLETA.,1,1,,,,,,,,2,,303,SUBURBIO,Longo da via,Chuvoso,Sem defeito,Perfeito estado,Molhada,Perfeito estado,Faixa de pedestre,,60 km/h,,Faixa seccionada,,,,
2019-04-23,20:20:00,COM VÍTIMA,FINALIZADA,TORREAO,AV GOVERNADOR AGAMENON MAGALHAES,0,,,E/F AO ANTIGO UNICORDIS E AO LADO DA IGREJA JESUS CRISTO DOS ÚLTIMOS SÉTIMO DIAS / PRÓX AO POSTO BR/ SNT BV. AO LADO DA ACADEMIA DA CIDADE.,AV GOVERNADOR AGAMENON MAGALHAES,,E/F AO ANTIGO UNICORDIS E AO LADO DA IGREJA JESUS CRISTO DOS ÚLTIMOS SÉTIMO DIAS / PRÓX AO POSTO BR/ SNT BV. AO LADO DA ACADEMIA DA CIDADE.,TORREÃO,ABALROAMENTO LONGITUDINAL,COLISÃO ENTRE AUTOMÓVEL E MOTOCICLETA.,1,1,,,,,,,,1,,,,Longo da via,Bom,Sem defeito,Ilegível,Seca,Perfeito estado,Não existe,Não há placas,,Dupla,Canteiro central,,,,
2019-04-24,00:21:00,COM VÍTIMA,FINALIZADA,RECIFE,RUA MADRE DEUS,3,170,AV MARQUES DE OLINDA,SEMÁFORO Nº020,RUA MADRE DEUS,170,SEMÁFORO Nº020,BAIRRO DO RECIFE,ABALROAMENTO TRANSVERSAL,COLISÃO ENTRE VIATURA DA PM E UM CAMINHÃO.,,,,,,,1,1,,2,,20,,Cruzamento,Bom,Intermitente,Perfeito estado,Seca,Perfeito estado,Faixa de pedestre,,,Única,Faixa seccionada,,,,
2019-04-24,06:31:00,COM VÍTIMA,FINALIZADA,CASA AMARELA,AV NORTE,4,1049,RUA IMBIRIBA,SENT. CIDADE  NA ENTRADA DO LARGO DONA REGINA. LADO OPOSTO A ENTRADA DE NOVA DESCOBERTA.,AV NORTE,1049,SENT. CIDADE  NA ENTRADA DO LARGO DONA REGINA. LADO OPOSTO A ENTRADA DE NOVA DESCOBERTA.,CASA AMARELA,COLISÃO COM CICLISTA,COLISÃO ENTRE ÔNIBUS E BICICLETA.,,,,1,,1,,,,1,,65,CIDADE,Longo da via,Bom,Sem defeito,Perfeito estado,Seca,Perfeito estado,Faixa de pedestre,R-6a,,Dupla,Canteiro central,,,,
2019-04-24,08:44:00,COM VÍTIMA,FINALIZADA,ARRUDA,RUA DO MACHADO,3,904,RUA MANOEL SILVA,PROX. AO CLUBE DOS IRRESPONSAVEIS,RUA DO MACHADO,904,PROX. AO CLUBE DOS IRRESPONSAVEIS,ARRUDA,ABALROAMENTO LONGITUDINAL,COLISÃO ENTRE AUTOMÓVEL E MOTOCICLETA.,1,1,,,,,,,,2,,,,Esquina,Bom,Não existe,Perfeito estado,Seca,Perfeito estado,Faixa de pedestre,Placas Pare,,Dupla,Não existe,,,,
2019-04-24,11:01:00,COM VÍTIMA,FINALIZADA,ENCRUZILHADA,AV NORTE,4,2141,RUA AFONSO BATISTA,EM FRENTE A CONCESSIONARIA RENAULT E CHINA BAR.,AV NORTE,2141,EM FRENTE A CONCESSIONARIA RENAULT E CHINA BAR.,ENCRUZILHADA,ABALROAMENTO TRANSVERSAL,COLISÃO ENTRE AUTOMÓVEL E MOTOCICLETA.,1,1,,,,,,,,2,,,CIDADE,Esquina,Chuvoso,Não existe,Perfeito estado,Molhada,Perfeito estado,Não existe,R-6a,60 km/h,Dupla,Canteiro central,,,,
2019-04-24,11:58:00,COM VÍTIMA,FINALIZADA,PRADO,RUA GOMES TABORDA,3,676,RUA ABDIAS DE OLIVEIRA,PROXIMO AO SALÃO STUDIOK E AO BAR DA MAGA.,RUA GOMES TABORDA,676,PROXIMO AO SALÃO STUDIOK E AO BAR DA MAGA.,PRADO,ABALROAMENTO TRANSVERSAL,COLISÃO ENTRE AUTOMÓVEL E MOTOCICLETA.,1,1,,,,,,,,1,,,CIDADE,Cruzamento,Bom,Não existe,Perfeito estado,Seca,Perfeito estado,Outros,Outras,,Dupla,Faixa seccionada,,,,