data,hora,natureza_acidente,situacao,bairro,endereco,,numero,detalhe_endereco_acidente,complemento,endereco_cruzamento,numero_cruzamento,referencia_cruzamento,bairro_cruzamento,tipo,descricao,auto,moto,ciclom,ciclista,pedestre,onibus,caminhao,viatura,outros,vitimas,vitimasfatais,num_semaforo,sentido_via,acidente_verificado,tempo_clima,situacao_semaforo,sinalizacao,condicao_via,conservacao_via,ponto_controle,situacao_placa,velocidade_max_via,mao_direcao,divisao_via1,divisao_via2,divisao_via3,_id,Protocolo
2019-04-24,18:02:00,COM VÍTIMA,FINALIZADA,BOA VISTA,AV VISCONDE DE SUASSUNA,3,651,RUA DOM MANOEL PEREIRA,EM FRETE AO POSTO DE COMBUSTIVEL ROMANGUEIRA E A URBANO VITALINO ADVOGADOS.,AV VISCONDE DE SUASSUNA,651,EM FRETE AO POSTO DE COMBUSTIVEL ROMANGUEIRA E A URBANO VITALINO ADVOGADOS.,BOA VISTA,ABALROAMENTO LONGITUDINAL,COLISÃO ENTRE CAMINHÃO E MOTOCICLETA.,,1,,,,,1,,,1,,,SUBURBIO,Cruzamento,Chuvoso,Não existe,Perfeito estado,Molhada,Perfeito estado,Não existe,Placas Pare,,Única,Faixa seccionada,,,,
2019-04-25,17:08:00,COM VÍTIMA,FINALIZADA,ROSARINHO,RUA GERSON DE BARROS PINANGE,3,145,RUA ALMIRANTE NORONHA DE CARVALHO,,RUA GERSON DE BARROS PINANGE,145,,ROSARINHO,ABALROAMENTO LONGITUDINAL,COLISÃO ENTRE AUTOMÓVEL E MOTOCICLETA  ONDE O AUTOMÓVEL EVADIU-SE DO LOCAL..,1,1,,,,,,,,1,,,CIDADE,Cruzamento,Chuvoso,Não existe,Não existente,Molhada,Perfeito estado,Não existe,Não há placas,,Dupla,,,,,
2019-04-25,17:26:00,COM VÍTIMA,FINALIZADA,CIDADE UNIVERSITARIA,AV PROFESSOR ARTUR DE SA,3,140,,AO LADO DO HOSPITAL DAS CLÍNICAS.,AV PROFESSOR ARTUR DE SA,140,AO LADO DO HOSPITAL DAS CLÍNICAS.,CIDADE UNIVERSITÁRIA,ATROPELAMENTO,ATROPELAMENTO ENTRE UM ÔNIBUS  DOIS AUTOMÓVEIS E UM PEDESTRE.,2,,,,1,1,,,,1,,,BR101,Longo da via,Chuvoso,Não existe,Perfeito estado,Molhada,Perfeito estado,Não existe,Não há placas,,Dupla,Faixa seccionada,,,,
2019-04-25,22:19:00,COM VÍTIMA,FINALIZADA,BREJO DE BEBERIBE,AV VEREADOR OTACILIO AZEVEDO,3,928,,NO TERMINAL DO ONIBUS DO BREJO DE BEBERIBE. APÓS A UPA.,AV VEREADOR OTACILIO AZEVEDO,928,NO TERMINAL DO ONIBUS DO BREJO DE BEBERIBE. APÓS A UPA.,BREJO DE BEBERIBE,COLISÃO FRONTAL,COLISÃO ENTRE DOIS AUTOMÓVEIS.,2,,,,,,,,,1,,,CIDADE,Longo da via,Chuvoso,Não existe,Não existente,Molhada,Perfeito estado,,Não há placas,,Dupla,,,,,
2019-04-26,07:46:00,COM VÍTIMA,FINALIZADA,TORRE,RUA JOSE BONIFACIO,4,1356,,AOS O CARREFOUR,RUA JOSE BONIFACIO,1356,AOS O CARREFOUR,TORRE,CAPOTAMENTO,C/V,1,,,,,,,,,1,,,CID/SUB,Ponte,Bom,Não existe,Não existente,Seca,Perfeito estado,Não existe,Não há placas,60 km/h,Dupla,Canteiro central,,,,
2019-04-26,07:59:00,COM VÍTIMA,FINALIZADA,IPSEP,AV RECIFE,0,,,LADO OPOSTO AO POSTO DE GASOLINA FEDERAL.,AV RECIFE,,LADO OPOSTO AO POSTO DE GASOLINA FEDERAL.,IPSEP,COLISÃO COM CICLISTA,COLISÃO ENTRE E CICLISTA AUTO.,1,,,1,,,,,,1,,,AEROPORTO,Longo da via,Bom,Não existe,Perfeito estado,Molhada,Perfeito estado,Não existe,Não há placas,60 km/h,Dupla,Canteiro central,,,,
2019-04-26,12:09:00,COM VÍTIMA,FINALIZADA,CASA AMARELA,AV DR EURICO CHAVES,3,962,,EM FRENTE A FARMACIA DO TRABALHADOR E CASA MÃE (LOJA DE MÓVEIS).,AV DR EURICO CHAVES,962,EM FRENTE A FARMACIA DO TRABALHADOR E CASA MÃE (LOJA DE MÓVEIS).,CASA AMARELA,ATROPELAMENTO,ATROPELAMENTO ENTRE AUTOMÓVEL E PEDESTRE.,1,,,,1,,,,,1,,,CIDADE,Longo da via,Bom,Não existe,Ilegível,Seca,Mal conservada,Não existe,R-6a,,Única,Faixa,,,,
2019-04-26,13:18:00,COM VÍTIMA,FINALIZADA,IBURA,AV DOIS RIOS,3,652,,E/F MR SUPERMERCADO,AV DOIS RIOS,652,E/F MR SUPERMERCADO,IBURA,CHOQUE VEÍCULO PARADO,COLISÃO ENTRE AUTOMÓVEL E MOTOCICLETA.,1,1,,,,,,,,1,,325,SUBURBIO,Longo da via,Bom,Sem defeito,Perfeito estado,Seca,Perfeito estado,Faixa de pedestre,,,Dupla,Faixa contínua,,,,
2019-04-26,14:40:00,COM VÍTIMA,FINALIZADA,ESPINHEIRO,AV JOAO DE BARROS,2,44,RUA ALFREDO DE MEDEIROS,NA ESQUINA DO POSTO SHELL,AV JOAO DE BARROS,44,NA ESQUINA DO POSTO SHELL,ESPINHEIRO,ABALROAMENTO LONGITUDINAL,COLISÃO ENTRE AUTOMÓVEL E MOTOCICLETA.,1,1,,,,,,,,1,,,CIDADE,Longo da via,Bom,Não existe,Perfeito estado,Seca,Perfeito estado,,Não há placas,40 km/h,Dupla,Faixa,,,,
2019-04-26,15:47:00,COM VÍTIMA,FINALIZADA,IBURA,AV DOIS RIOS,0,,RUA PINTOR AGENOR DE ALBUQUERQUE CESAR,EM FRENTE AO SENA SAÚDE.,AV DOIS RIOS,,EM FRENTE AO SENA SAÚDE.,IBURA,ABALROAMENTO TRANSVERSAL,COLISAO ENTRE AUTO E MOTO COM UMA VITIMA,1,1,,,,,,,,1,,561,,Longo da via,Bom,Sem defeito,Perfeito estado,Seca,Perfeito estado,Não existe,Não há placas,,Dupla,Faixa contínua,,,,
2019-04-26,15:54:00,COM VÍTIMA,FINALIZADA,SANTO AMARO,AV NORTE,3,539,,LADO OPOSTO AO SENAI  Nº 539.,AV NORTE,539,LADO OPOSTO AO SENAI  Nº 539.,SANTO AMARO,COLISÃO COM CICLISTA,COLISAO AUTO COM UM CICLISTA,1,,,1,,,,,,1,,34,SUBURBIO,Longo da via,Bom,Sem defeito,Perfeito estado,Seca,Perfeito estado,Faixa de pedestre,R-4a,,Dupla,Faixa seccionada,Canteiro central,,,
2019-04-26,16:14:00,COM VÍTIMA,FINALIZADA,ILHA JOANA BEZERRA,RUA CAPITAO TEMUDO,0,,,NA SUBIDA DO VIADUTO E/F ACADEMIA DA CIDADE,RUA CAPITAO TEMUDO,,NA SUBIDA DO VIADUTO E/F ACADEMIA DA CIDADE,JOANA BEZERRA,COLISÃO,COLISAO ENTRE AUTO E MOTO COM UMA VITIMA,1,1,,,,,,,,1,,,,,,,,,,,,,,,,,,
2019-04-26,18:55:00,COM VÍTIMA,FINALIZADA,ARRUDA,AV PROFESSOR JOSE DOS ANJOS,4,1029,EST VELHA DE AGUA FRIA,PROX AO MERCADINHO DOIS E BOM. RESIDENCIAL VILA COIMBRA.,AV PROFESSOR JOSE DOS ANJOS,1029,PROX AO MERCADINHO DOIS E BOM. RESIDENCIAL VILA COIMBRA.,ARRUDA,ABALROAMENTO LONGITUDINAL,COLISÃO ENTRE DOIS AUTOMÓVEIS.,2,,,,,,,,,1,,306,SUBURBIO,Cruzamento,Bom,Sem defeito,Perfeito estado,Seca,Perfeito estado,Faixa de pedestre,Outras,40 km/h,Dupla,Faixa contínua,Faixa seccionada,Canteiro central,,
2019-04-26,20:13:00,COM VÍTIMA,FINALIZADA,CORDEIRO,RUA GOMES TABORDA,0,,EST DO FORTE DO ARRAIAL N. DO B. JESUS,EM FRENTE A HIDRO VITAL,RUA GOMES TABORDA,,EM FRENTE A HIDRO VITAL,CORDEIRO,ABALROAMENTO TRANSVERSAL,COLISÃO ENTRE AUTOMÓVEL E MOTOCICLETA.,1,1,,,,,,,,1,,249,SUBURBIO,Cruzamento,Bom,Sem defeito,Perfeito estado,Seca,,Faixa de pedestre,Não há placas,,Dupla,,,,,
2019-04-27,07:38:00,COM VÍTIMA,FINALIZADA,PARNAMIRIM,RUA SEBASTIAO MALTA ARCOVERDE,3,129,,RENAUX SERVICE,RUA SEBASTIAO MALTA ARCOVERDE,129,RENAUX SERVICE,PARNAMIRIM,CHOQUE OBJETO FIXO,CHOQUE ENTRE AUTOMÓVEL E UM OBJETO FIXO.,1,,,,,,,,,1,,,SUBURBIO,Longo da via,Chuvoso,Não existe,Perfeito estado,Molhada,Perfeito estado,,Outras,,Única,Faixa,,,,
2019-04-27,07:39:00,COM VÍTIMA,FINALIZADA,ESPINHEIRO,RUA CONS PORTELA,3,525,RUA QUARENTA E OITO,AO LADO DA FARMACIA PAGUE MENOS,RUA CONS PORTELA,525,AO LADO DA FARMACIA PAGUE MENOS,ESPINHEIRO,ABALROAMENTO LONGITUDINAL,COLISÃO ENTRE AUTOMÓVEL E MOTOCICLETA.,1,1,,,,,,,,1,,11,CIDADE,Cruzamento,Bom,Sem defeito,Perfeito estado,Seca,Perfeito estado,Faixa de pedestre,Outras,,Única,Faixa seccionada,,,,
2019-04-27,08:16:00,COM VÍTIMA,FINALIZADA,SANTO AMARO,AV CRUZ CABUGA,3,665,RUA FREI CASSIMIRO,EM FRENTE A CASA DA INDUSTRIA E SECRETARIA DE DESENVOLVIMENTO SOCIAL.,AV CRUZ CABUGA,665,EM FRENTE A CASA DA INDUSTRIA E SECRETARIA DE DESENVOLVIMENTO SOCIAL.,SANTO AMARO,COLISÃO TRASEIRA,COLISÃO ENTRE AUTOMÓVEL E MOTOCICLETA.,1,1,,,,,,,,1,,,CIDADE,Longo da via,Bom,Sem defeito,Perfeito estado,Seca,Perfeito estado,Faixa de pedestre,,,Dupla,Faixa,,,,
2019-04-27,08:17:00,COM VÍTIMA,FINALIZADA,BOA VIAGEM,RUA MARIA CAROLINA,3,586,RUA MINISTRO NELSON HUNGRIA,EM FRENTE AO HOTEL BRISTOL,RUA MARIA CAROLINA,586,EM FRENTE AO HOTEL BRISTOL,BOA VIAGEM,COLISÃO COM CICLISTA,COLISÃO ENTRE AUTOMÓVEL E BICICLETA.,1,,,1,,,,,,1,,,SUBURBIO,Cruzamento,Bom,Não existe,Perfeito estado,Seca,Perfeito estado,Não existe,Não há placas,,Única,Não existe,,,,
2019-04-27,08:54:00,COM VÍTIMA,FINALIZADA,SANTO AMARO,AV GOVERNADOR AGAMENON MAGALHAES,3,S/N,RUA DR LEOPOLDO LINS,CAIXA ECONÔMICA FEDERAL.,AV GOVERNADOR AGAMENON MAGALHAES,S/N,CAIXA ECONÔMICA FEDERAL.,SANTO AMARO,ABALROAMENTO TRANSVERSAL,COLISÃO ENVOLVENDO AUTO E MOTOCICLETA. AUTO PASSEIO EVADIU DO LOCAL,1,1,,,,,,,,2,,78,SUBURBIO,Esquina,Bom,Sem defeito,Perfeito estado,Seca,Perfeito estado,Faixa de pedestre,Outras,,Dupla,Canal,Canteiro central,,,
2019-04-27,12:22:00,COM VÍTIMA,FINALIZADA,IPUTINGA,RUA AMBROSIO MACHADO,0,,AV MARIO ALVARES PEREIRA DE LYRA,CANAL DO CAVOCO,RUA AMBROSIO MACHADO,,CANAL DO CAVOCO,IPUTINGA,COLISÃO,COM DUAS VITIMAS AGUARDANDO SAMU,1,1,,,,,,,,2,,134,,,,,,,,,,,,,,,,
2019-04-27,12:50:00,COM VÍTIMA,FINALIZADA,IMBIRIBEIRA,AV MARECHAL MASCARENHAS DE MORAES,4,2156,,EM FRENTE A FIAT ITALIANA,AV MARECHAL MASCARENHAS DE MORAES,2156,EM FRENTE A FIAT ITALIANA,IMBIRIBEIRA,ABALROAMENTO LONGITUDINAL,COLISÃO ENTRE AUTOMÓVEL E MOTOCICLETA.,1,1,,,,,,,,1,,,SUBURBIO,Longo da via,Bom,Não existe,Perfeito estado,Seca,Perfeito estado,Não existe,Outras,,Dupla,Faixa seccionada,Canteiro central,,,
2019-04-27,13:24:00,COM VÍTIMA,FINALIZADA,PRADO,AV ENGENHEIRO ABDIAS DE CARVALHO,0,,,EM FRENTE A FACULDADE ESTACIO,AV ENGENHEIRO ABDIAS DE CARVALHO,,EM FRENTE A FACULDADE ESTACIO,PRADO,ABALROAMENTO LONGITUDINAL,COLISÃO ENTRE AUTOMÓVEL E MOTOCICLETA.,1,1,,,,,,,,1,,,SUBURBIO,Longo da via,Bom,Não existe,Perfeito estado,Seca,Perfeito estado,Não existe,Outras,60 km/h,Dupla,Canteiro central,,,,
2019-04-27,16:23:00,COM VÍTIMA,FINALIZADA,SANTO AMARO,RUA MARQUÊS DO POMBAL,3,783,RUA TUPINAMBAS,EM FRENTE COLEGIO ANIBAL FERNANDES,RUA MARQUÊS DO POMBAL,783,EM FRENTE COLEGIO ANIBAL FERNANDES,SANTO AMARO,ABALROAMENTO TRANSVERSAL,COLISÃO ENTRE AUTOMÓVEL E MOTOCICLETA.,1,1,,,,,,,,1,,,CIDADE,Cruzamento,Bom,Não existe,Ilegível,Seca,Perfeito estado,Não existe,Não há placas,,Dupla,Faixa,,,,
2019-04-27,18:58:00,COM VÍTIMA,FINALIZADA,BOA VIAGEM,AV BOA VIAGEM,4,2514,,ENF AO EDF MARIA EDUARDA,AV BOA VIAGEM,2514,ENF AO EDF MARIA EDUARDA,BOA VIAGEM,COLISÃO TRASEIRA,COLISÃO ENTRE DOIS AUTOMÓVEIS E MOTOCICLETA. UM DOS AUTOMÓVEIS EVADIU-SE DO LOCAL.,2,1,,,,,,,,1,,,CIDADE,Longo da via,Bom,,Perfeito estado,Seca,Perfeito estado,Não existe,Não há placas,60 km/h,Única,Faixa seccionada,,,,
2019-04-27,23:04:00,COM VÍTIMA,FINALIZADA,TEJIPIO,RUA FALCAO DE LACERDA,3,451,RUA PAPA JOAO VINTE E TRES,PROX A ASA MOTOS PEÇAS,RUA FALCAO DE LACERDA,451,PROX A ASA MOTOS PEÇAS,TEJIPIÓ,COLISÃO FRONTAL,COLISÃO ENTRE DOIS AUTOMÓVEIS.,2,,,,,,,,,1,,285,,Longo da via,Bom,Sem defeito,Perfeito estado,Seca,Perfeito estado,Faixa de pedestre,Outras,,Dupla,Faixa contínua,,,,
2019-04-28,16:57:00,COM VÍTIMA,FINALIZADA,BOA VIAGEM,RUA TOME GIBSON,3,154,RUA AMAZONAS,EDF. ENCANTA MOÇA.,RUA TOME GIBSON,154,EDF. ENCANTA MOÇA.,BOA VIAGEM,ABALROAMENTO LONGITUDINAL,COLISÃO ENTRE AUTOMÓVEL E MOTONETA.,1,1,,,,,,,,1,,,SUBURBIO,Cruzamento,Bom,Não existe,Incompleta,Seca,Perfeito estado,Não existe,Outras,,Dupla,Não existe,,,,
2019-04-28,17:55:00,COM VÍTIMA,FINALIZADA,SANTO AMARO,RUA DOS PALMARES,3,124,RUA GERVASIO PIRES,PRÓXIMO AO TEMPLO CENTRAL DA ASSEMBLÉIA DE DEUS.,RUA DOS PALMARES,124,PRÓXIMO AO TEMPLO CENTRAL DA ASSEMBLÉIA DE DEUS.,SANTO AMARO,ABALROAMENTO LONGITUDINAL,COLISÃO ENTRE AUTOMÓVEL E MOTOCICLETA.,1,1,,,,,,,,1,,,SUBURBIO,Longo da via,Bom,Não existe,Perfeito estado,Seca,Perfeito estado,Não existe,Outras,,Dupla,Canteiro central,,,,
2019-04-28,21:55:00,COM VÍTIMA,FINALIZADA,IPUTINGA,AV MAURICIO DE NASSAU,2,31,,E/F A IGREJA CONGREGAÇÃO CRISTÃ NO BRASIL,AV MAURICIO DE NASSAU,31,E/F A IGREJA CONGREGAÇÃO CRISTÃ NO BRASIL,IPUTINGA,COLISÃO TRASEIRA,ENTRE 2 AUTOS E MOTO. C.V,2,1,,,,,,,,1,,,BR-101,Longo da via,Bom,Não existe,Perfeito estado,Seca,Perfeito estado,,R-6a,,Dupla,Faixa contínua,Faixa seccionada,,,
2019-04-29,08:48:00,COM VÍTIMA,FINALIZADA,BOA VISTA,RUA MARQUES AMORIM,3,220,RUA VISCONDE DE GOIANA,EM FRENTE AO ESCRITORIO DE ADOVOCACIA DE MARCOS AUGUSTO FREIRE,RUA MARQUES AMORIM,220,EM FRENTE AO ESCRITORIO DE ADOVOCACIA DE MARCOS AUGUSTO FREIRE,BOA VISTA,ABALROAMENTO TRANSVERSAL,COLISAO ENTRE UM AUTO E UMA MOTO,1,1,,,,,,,,1,,,SUBURBIO,Cruzamento,Bom,Não existe,Não existente,Seca,Perfeito estado,Não existe,Não há placas,40 km/h,Única,Não existe,,,,
2019-04-29,12:46:00,COM VÍTIMA,FINALIZADA,IPSEP,RUA SAO NICOLAU,3,362,RUA HELIO BRANDAO,EM BAIXO DO SEMAFORO 505,RUA SAO NICOLAU,362,EM BAIXO DO SEMAFORO 505,IPSEP,ABALROAMENTO TRANSVERSAL,COLISAO ENTRE ONIBUS E MOTO COM UMA VITIMA,,1,,,,1,,,,1,,505,,Cruzamento,Bom,Sem defeito,Perfeito estado,Seca,Perfeito estado,Faixa de pedestre,Outras,,Única,Faixa seccionada,,,,
2019-04-29,14:03:00,COM VÍTIMA,FINALIZADA,PAISSANDU,RUA SPORT CLUBE DO RECIFE,0,,,PROX AO SPORT SOBRE A PONTE S/T CURADO,RUA SPORT CLUBE DO RECIFE,,PROX AO SPORT SOBRE A PONTE S/T CURADO,PAISSANDU,COLISÃO TRASEIRA,COLISAO ENTRE DOIS AUTOS COM UMA VUTIMA,2,,,,,,,,,1,,,SUBURBIO,Ponte,Bom,Sem defeito,Perfeito estado,Seca,Perfeito estado,Não existe,R-6a,,Dupla,Faixa contínua,,,,
2019-04-29,14:10:00,COM VÍTIMA,FINALIZADA,IPSEP,AV RECIFE,4,2220,,PROX. AO PAN DE AREIAS. EM FRENTE A IGREJA KADOSH.,AV RECIFE,2220,PROX. AO PAN DE AREIAS. EM FRENTE A IGREJA KADOSH.,IPSEP,COLISÃO TRASEIRA,COLISÃO ENTRE AUTOMÓVEL E MOTOCICLETA.,1,1,,,,,,,,1,,,SUBURBIO,Longo da via,Bom,Não existe,Perfeito estado,Seca,Perfeito estado,Agente,Não há placas,60 km/h,Dupla,Canteiro central,,,,
2019-04-29,16:28:00,COM VÍTIMA,FINALIZADA,CORDEIRO,AV CAXANGA,4,1916,,PRÓXIMO À EXPOSIÇÃO DE ANIMAIS DO CORDEIRO.,AV CAXANGA,1916,PRÓXIMO À EXPOSIÇÃO DE ANIMAIS DO CORDEIRO.,CORDEIRO,ATROPELAMENTO,ATROPELAMENTO ENVOLVENDO UMA VT DA PM E 2 PEDESTRES.,,,,,2,,,1,,2,,,SUBURBIO,Longo da via,Bom,Não existe,Perfeito estado,Seca,Perfeito estado,Não existe,R-6a,,Dupla,Canteiro central,,,,
2019-04-29,18:02:00,COM VÍTIMA,FINALIZADA,PARNAMIRIM,EST DO ARRAIAL,4,2900,RUA RODRIGUES SETE,PROX AO ESPAÇO CULTURAL ARIANO SUASSUNA,EST DO ARRAIAL,2900,PROX AO ESPAÇO CULTURAL ARIANO SUASSUNA,PARNAMIRIM,ABALROAMENTO TRANSVERSAL,COLISÃO ENTRE MOTOCICLETA E ÔNIBUS.,,1,,,,1,,,,1,,,SUBURBIO,Longo da via,Bom,Sem defeito,Perfeito estado,Seca,Perfeito estado,Não existe,Outras,50 km/h,Dupla,Não existe,,,,
2019-04-29,18:32:00,COM VÍTIMA,FINALIZADA,GRACAS,RUA CARDEAL ARCOVERDE,0,,RUA DAS PERNAMBUCANAS,AO LADO DA PADARIA PAO E VINHO,RUA CARDEAL ARCOVERDE,,AO LADO DA PADARIA PAO E VINHO,GRAÇAS,ABALROAMENTO LONGITUDINAL,COLISÃO ENTRE AUTOMÓVEL E MOTOCICLETA.,1,1,,,,,,,,1,,600,,Cruzamento,Bom,Sem defeito,Perfeito estado,Seca,Perfeito estado,Faixa de pedestre,Outras,,Única,Não existe,,,,
2019-04-30,05:21:00,COM VÍTIMA,FINALIZADA,BOA VIAGEM,RUA ERNESTO DE PAULA SANTOS,0,,RUA AMALIA BERNARDINO DE SOUZA,EM FRENTE AO POSTO BR,RUA ERNESTO DE PAULA SANTOS,,EM FRENTE AO POSTO BR,BOA VIAGEM,ABALROAMENTO TRANSVERSAL,COLISÃO ENTRE DOIS AUTOS C/V,2,,,,,,,,,1,,,CIDADE,Cruzamento,Bom,Não existe,Não existente,Seca,,,Não há placas,,Única,Faixa seccionada,,,,
2019-04-30,10:47:00,COM VÍTIMA,FINALIZADA,AFOGADOS,RUA VINTE E UM DE ABRIL,4,1056,RUA FELICIANO DE MELLO,AO LADO DA FABRICA DA PETINHO,RUA VINTE E UM DE ABRIL,1056,AO LADO DA FABRICA DA PETINHO,AFOGADOS,ABALROAMENTO TRANSVERSAL,MOTO E AUTO,1,1,,,,,,,,1,,,SUBURBIO,Longo da via,Bom,Não existe,Perfeito estado,Seca,Perfeito estado,Não existe,,,Dupla,Não existe,,,,
2019-04-30,11:16:00,COM VÍTIMA,FINALIZADA,IBURA,AV DOIS RIOS,4,1182,,EM FRENTE AO MERCADINHO DO POVO. PROX CRUZAMENTO COM A RUA RIO XINGU,AV DOIS RIOS,1182,EM FRENTE AO MERCADINHO DO POVO. PROX CRUZAMENTO COM A RUA RIO XINGU,IBURA,ABALROAMENTO LONGITUDINAL,COM UMA VITIMA SENDO SOCORRIDA PELO SAMU,2,1,,,,,,,,1,,,SUBURBIO,Longo da via,Bom,Não existe,Perfeito estado,Seca,Mal conservada,Não existe,R-6a,,Dupla,Faixa contínua,,,,
2019-04-30,12:57:00,COM VÍTIMA,FINALIZADA,VASCO DA GAMA,RUA ALTO DO EUCALIPTO,3,102,,EM FRENTE AO REND MAIS,RUA ALTO DO EUCALIPTO,102,EM FRENTE AO REND MAIS,VASCO DA GAMA,ABALROAMENTO LONGITUDINAL,COLISÃO COM VITIMA,,1,,,,,1,,,1,,,,Longo da via,Bom,Não existe,Não existente,Seca,Perfeito estado,,R-6a,30 km/h,Dupla,,,,,
2019-04-30,13:24:00,COM VÍTIMA,FINALIZADA,SANTO AMARO,RUA LEAO FALCAO,0,,AV CRUZ CABUGA,E/F AO DER,RUA LEAO FALCAO,,E/F AO DER,SANTO AMARO,COLISÃO,COLISAO ENTRE DUAS MOTOS COM UMA VITIMA,,2,,,,,,,,1,,,,,,,,,,,,,,,,,,
2019-04-30,14:28:00,COM VÍTIMA,FINALIZADA,MADALENA,AV BEIRA RIO,3,741,RUA PADRE ANCHIETA,E/F ACADEMIA DA CIDADE,AV BEIRA RIO,741,E/F ACADEMIA DA CIDADE,MADALENA,ABALROAMENTO TRANSVERSAL,COLISAO ENTRE AUTO E MOTO COM UMA VITIMA,1,1,,,,,,,,1,,77,SUBURBIO,Longo da via,Bom,Não existe,Perfeito estado,Seca,Perfeito estado,Não existe,,,Única,Faixa seccionada,,,,
2019-04-30,16:54:00,COM VÍTIMA,FINALIZADA,MADALENA,AV BEIRA RIO,0,,RUA JOSE OSORIO,SOBRE A PONTE DA CAPUNGA,AV BEIRA RIO,,SOBRE A PONTE DA CAPUNGA,MADALENA,COLISÃO COM CICLISTA,COLISÃO COM VITIMA,1,,,1,,,,,,1,,387,SUBURBIO,Longo da via,Bom,Sem defeito,Perfeito estado,Seca,Perfeito estado,Faixa de pedestre,Outras,,Dupla,Faixa seccionada,,,,
2019-05-01,15:19:00,COM VÍTIMA,FINALIZADA,BEBERIBE,AV BEBERIBE,0,,,APÓS A PIZZARIA DO GORDO,AV BEBERIBE,,APÓS A PIZZARIA DO GORDO,BEBERIBE,COLISÃO TRASEIRA,COLISÃO ENTRE AUTO E MOTO.,1,1,,,,,,,,1,,314,CIDADE,Outros,Bom,Sem defeito,Perfeito estado,Seca,Perfeito estado,Faixa de pedestre,Não há placas,60 km/h,Dupla,Faixa,,,,
2019-05-01,15:30:00,COM VÍTIMA,FINALIZADA,IPSEP,AV RECIFE,4,2967,,POSTO FEDERAL. LADO OPOSTO AO NÚMERO INFORMADO.,AV RECIFE,2967,POSTO FEDERAL. LADO OPOSTO AO NÚMERO INFORMADO.,IPSEP,ATROPELAMENTO,AUTO E PEDESTRE,1,,,,1,,,,,1,,,SUBURBIO,Longo da via,Bom,Não existe,Perfeito estado,Seca,Perfeito estado,Não existe,Não há placas,,Dupla,Canteiro central,,,,
2019-05-01,17:08:00,COM VÍTIMA,FINALIZADA,BOA VISTA,RUA JOAO FERNANDES VIEIRA,2,73,,LADO OPOSTO A UNI SÃO MIGUEL,RUA JOAO FERNANDES VIEIRA,73,LADO OPOSTO A UNI SÃO MIGUEL,BOA VISTA,CHOQUE OBJETO FIXO,AUTO CHOCOU-SE COM UMA ARVORE,1,,,,,,,,,1,,,CIDADE,Longo da via,Bom,Não existe,Perfeito estado,Seca,Perfeito estado,Faixa de pedestre,Outras,,Única,Faixa seccionada,,,,
2019-05-01,21:14:00,COM VÍTIMA,FINALIZADA,BOA VISTA,AV GOVERNADOR AGAMENON MAGALHAES,0,,RUA DR BANDEIRA FILHO,NA ESQUINA DO MC DONALD´S,AV GOVERNADOR AGAMENON MAGALHAES,,NA ESQUINA DO MC DONALD´S,BOA VISTA,ABALROAMENTO LONGITUDINAL,COLISÃO ENTRE ÔNIBUS E MOTO.,,1,,,,1,,,,1,,,SUBURBIO,Esquina,Bom,Sem defeito,Perfeito estado,Seca,Perfeito estado,Faixa de pedestre,Outras,,Dupla,Canteiro central,,,,
2019-05-02,06:25:00,COM VÍTIMA,FINALIZADA,TORRE,RUA REAL DA TORRE,2,62,RUA DOM MANOEL DA COSTA,,RUA REAL DA TORRE,62,,TORRE,COLISÃO COM CICLISTA,ÔNIBUS E CICLISTA.,,,,1,,1,,,,1,,192,CIDADE,Cruzamento,Bom,Sem defeito,Perfeito estado,Seca,Perfeito estado,Agente,,30 km/h,Única,Faixa,,,,
2019-05-02,06:59:00,COM VÍTIMA,FINALIZADA,PINA,AV HERCULANO BANDEIRA,3,950,,EM FRENTE A JBS VEICULOS,AV HERCULANO BANDEIRA,950,EM FRENTE A JBS VEICULOS,PINA,CHOQUE OBJETO FIXO,VEICULO CHOCU-SE COM A LOJA.,1,,,,,,,,,1,,660,SUBURBIO,Longo da via,Bom,Sem defeito,Perfeito estado,Seca,Perfeito estado,Não existe,Outras,,Única,Faixa seccionada,,,,