data,hora,natureza_acidente,situacao,bairro,endereco,,numero,detalhe_endereco_acidente,complemento,endereco_cruzamento,numero_cruzamento,referencia_cruzamento,bairro_cruzamento,tipo,descricao,auto,moto,ciclom,ciclista,pedestre,onibus,caminhao,viatura,outros,vitimas,vitimasfatais,num_semaforo,sentido_via,acidente_verificado,tempo_clima,situacao_semaforo,sinalizacao,condicao_via,conservacao_via,ponto_controle,situacao_placa,velocidade_max_via,mao_direcao,divisao_via1,divisao_via2,divisao_via3,_id,Protocolo
2019-05-10,12:42:00,COM VÍTIMA,FINALIZADA,ARRUDA,RUA ZEFERINO AGRA,0,,RUA DO MACHADO,EM FRENTE A IGREJA SANTO ANTÔNIO,RUA ZEFERINO AGRA,,EM FRENTE A IGREJA SANTO ANTÔNIO,ARRUDA,ABALROAMENTO TRANSVERSAL,AUTO E MOTO.,1,1,,,,,,,,1,,,CIDADE,Cruzamento,Chuvoso,Não existe,Perfeito estado,Molhada,Perfeito estado,Faixa de retenção,Placas Pare,,Dupla,Faixa seccionada,,,,
2019-05-10,15:18:00,COM VÍTIMA,FINALIZADA,BOA VIAGEM,AV CONSELHEIRO AGUIAR,4,3197,RUA MAMANGUAPE,EM FRENTE A DROGASIL,AV CONSELHEIRO AGUIAR,3197,EM FRENTE A DROGASIL,BOA VIAGEM,ABALROAMENTO TRANSVERSAL,AUTO E MOTO.,1,1,,,,,,,,1,,,CIDADE,Cruzamento,Bom,Não existe,Perfeito estado,Seca,Perfeito estado,Outros,Outras,60 km/h,Única,Faixa contínua,Faixa seccionada,,,
2019-05-10,20:54:00,COM VÍTIMA,FINALIZADA,JORDAO,AV MARIA IRENE,0,,,SEMÁFORO 584 / PRÓX AO POSTO TOTAL E PRÓX. RUA CAFARNAUM,AV MARIA IRENE,,SEMÁFORO 584 / PRÓX AO POSTO TOTAL E PRÓX. RUA CAFARNAUM,JORDÃO,COLISÃO,AUTO E MOTO,1,1,,,,,,,,2,,584,SUBURBIO,Longo da via,Bom,Sem defeito,,Seca,Perfeito estado,,Não há placas,,Dupla,Não existe,,,,
2019-05-10,22:34:00,COM VÍTIMA,FINALIZADA,BREJO DE BEBERIBE,AV VEREADOR OTACILIO AZEVEDO,3,843,RUA JOSE REBOUCAS,PROX AO TERMINAL BREJO DE BEBERIBE,AV VEREADOR OTACILIO AZEVEDO,843,PROX AO TERMINAL BREJO DE BEBERIBE,BREJO DE BEBERIBE,ABALROAMENTO TRANSVERSAL,AUTO E MOTO,1,1,,,,,,,,1,,,SUBURBIO,Esquina,Bom,Não existe,Perfeito estado,Seca,Perfeito estado,Não existe,Não há placas,,Dupla,Não existe,,,,
2019-05-11,07:53:00,COM VÍTIMA,FINALIZADA,IMBIRIBEIRA,AV MARECHAL MASCARENHAS DE MORAES,0,,RUA JOEL CASSIO - MISSIONARIO,,AV MARECHAL MASCARENHAS DE MORAES,,,IMBIRIBEIRA,ATROPELAMENTO,ENTRE MOTO E PEDESTRE.,,1,,,1,,,,,2,,287,CIDADE,Longo da via,Bom,Sem defeito,Perfeito estado,Seca,Perfeito estado,Faixa de pedestre,Outras,60 km/h,Dupla,Canteiro central,,,,
2019-05-11,09:09:00,COM VÍTIMA,FINALIZADA,NOVA DESCOBERTA,RUA CORREGO DA AREIA,3,317,,,RUA CORREGO DA AREIA,317,,NOVA DESCOBERTA,ABALROAMENTO LONGITUDINAL,DUAS MOTOS.,,2,,,,,,,,1,,,CIDADE,Longo da via,Bom,Não existe,Não existente,Seca,Perfeito estado,Não existe,Não há placas,,Dupla,Não existe,,,,
2019-05-11,09:32:00,COM VÍTIMA,FINALIZADA,VARZEA,AV AFONSO OLINDENSE,2,96,,EM FRENTE AO ATACADAO FERREIRA,AV AFONSO OLINDENSE,96,EM FRENTE AO ATACADAO FERREIRA,VÁRZEA,COLISÃO TRASEIRA,AUTO E MOTO.,1,1,,,,,,,,1,,,SUBURBIO,Longo da via,Bom,Não existe,Perfeito estado,Seca,Perfeito estado,Faixa de retenção,Não há placas,,Dupla,Faixa,,,,
2019-05-11,13:25:00,COM VÍTIMA,FINALIZADA,CASA FORTE,RUA AFONSO DE ALBUQUERQUE MELO,2,48,RUA JOAO TUDE DE MELO,PRAÇA BARÃO DE CAIARA,RUA AFONSO DE ALBUQUERQUE MELO,48,PRAÇA BARÃO DE CAIARA,CASA FORTE,ABALROAMENTO TRANSVERSAL,AUTO E MOTO.,1,1,,,,,,,,1,,,CIDADE,Longo da via,Bom,Não existe,Perfeito estado,Seca,Perfeito estado,Outros,Placas Pare,,,Faixa contínua,,,,
2019-05-11,15:35:00,COM VÍTIMA,FINALIZADA,SANTO AMARO,AV GOVERNADOR AGAMENON MAGALHAES,0,,,ANTES DO TACARUNA  PROX. DO POSTO BR...SENTIDO OLINDA.,AV GOVERNADOR AGAMENON MAGALHAES,,ANTES DO TACARUNA  PROX. DO POSTO BR...SENTIDO OLINDA.,SANTO AMARO,COLISÃO,COLISÃO COM VITIMA/ CONDUTOR DO AUTO SE EVADIU DO LOCAL,,1,,,,,,,,1,,,SUBURBIO,,Bom,Não existe,Perfeito estado,Seca,Perfeito estado,Não existe,Não há placas,,Dupla,Canal,,,,
2019-05-11,19:09:00,COM VÍTIMA,FINALIZADA,CAMPO GRANDE,EST DE BELEM,3,226,RUA ELIAS GOMES,PRÓX AO POSTO TOTAL E RECIFE SILL / E/F A PARÓQUIA NOSSA SENHORA DE BELÉM,EST DE BELEM,226,PRÓX AO POSTO TOTAL E RECIFE SILL / E/F A PARÓQUIA NOSSA SENHORA DE BELÉM,CAMPO GRANDE,ABALROAMENTO TRANSVERSAL,AUTO E MOTO.,1,1,,,,,,,,1,,,,Cruzamento,Bom,Não existe,Ilegível,Seca,Mal iluminada,Não existe,Não há placas,,Dupla,Faixa seccionada,,,,
2019-05-12,00:39:00,COM VÍTIMA,FINALIZADA,SAO JOSE,RUA IMPERIAL,3,363,RUA DO PEIXOTO,IGREJA MATRIZ BAIRRO E SÃO JOSÉ.,RUA IMPERIAL,363,IGREJA MATRIZ BAIRRO E SÃO JOSÉ.,SÃO JOSÉ,ABALROAMENTO TRANSVERSAL,DOIS AUTOS.,2,,,,,,,,,1,,414,CIDADE,Cruzamento,Bom,Sem defeito,Perfeito estado,Seca,Perfeito estado,Faixa de pedestre,,40 km/h,Única,,,,,
2019-05-12,11:40:00,COM VÍTIMA,FINALIZADA,ARRUDA,AV BEBERIBE,0,,RUA BOLIVAR,EM FRENTE AO CAMPO DO SANTA,AV BEBERIBE,,EM FRENTE AO CAMPO DO SANTA,ARRUDA,ABALROAMENTO TRANSVERSAL,AUTO E MOTO.,1,1,,,,,,,,1,,,CIDADE,Esquina,Bom,Não existe,Não existente,Seca,Perfeito estado,Não existe,Não há placas,,Dupla,Não existe,,,,
2019-05-12,17:48:00,COM VÍTIMA,FINALIZADA,AGUA FRIA,RUA LADEIRA DE PEDRA,3,303,,PRÓX AO TERMINAL DO ALTO DO PASCAL,RUA LADEIRA DE PEDRA,303,PRÓX AO TERMINAL DO ALTO DO PASCAL,ÁGUA FRIA,ATROPELAMENTO,ATROPELAMENTO COM DUAS MOTOCICLETAS ENVOLVIDAS.,,2,,,1,,,,,1,,,CIDADE,Longo da via,Bom,Não existe,Não existente,Seca,Perfeito estado,Não existe,Não há placas,,Dupla,Não existe,,,,
2019-05-12,17:57:00,COM VÍTIMA,FINALIZADA,IMBIRIBEIRA,RUA REMIGIO,0,,,APÓS O TUNEL SENTIDO SENTIDO AEROPORTO. NO GIRADOURO FELIPE CAMARÃO.,RUA REMIGIO,,APÓS O TUNEL SENTIDO SENTIDO AEROPORTO. NO GIRADOURO FELIPE CAMARÃO.,IMBIRIBEIRA,TOMBAMENTO,TOMBAMENTO DE UMA MOTOCICLETA.,,1,,,,,,,,1,,,CIDADE,Longo da via,Bom,Não existe,Perfeito estado,Seca,Mal conservada,Não existe,Não há placas,,Única,Canteiro central,,,,
2019-05-12,22:21:00,COM VÍTIMA,FINALIZADA,BONGI,RUA DONA MARIA AUGUSTA NOGUEIRA,2,76,,AO LADO DO POSTO DE GASOLINA BR,RUA DONA MARIA AUGUSTA NOGUEIRA,76,AO LADO DO POSTO DE GASOLINA BR,BONGI,ATROPELAMENTO,ATROPELAMENTO DE PEDESTRE,1,,,,1,,,,,1,,,SUBURBIO,Longo da via,Bom,Não existe,Perfeito estado,Seca,Perfeito estado,Não existe,Não há placas,,Dupla,Não existe,,,,
2019-05-12,23:09:00,COM VÍTIMA,FINALIZADA,AFOGADOS,RUA MOTOCOLOMBO,0,,RUA PROFESSOR AUGUSTO WANDERLEY FILHO,SEMÁFORO 039 / E/F AO TROCÃO,RUA MOTOCOLOMBO,,SEMÁFORO 039 / E/F AO TROCÃO,AFOGADOS,ABALROAMENTO TRANSVERSAL,ENTRE 2 AUTOS. C/V,2,,,,,,,,,4,,39,CIDADE,Cruzamento,Bom,Sem defeito,Perfeito estado,Seca,Perfeito estado,Outros,R-6c,,Única,Faixa seccionada,,,,
2019-05-13,07:36:00,COM VÍTIMA,FINALIZADA,CASA AMARELA,RUA ARNOLDO MAGALHAES,2,22,,EDF ALIANÇA,RUA ARNOLDO MAGALHAES,22,EDF ALIANÇA,CASA AMARELA,ABALROAMENTO TRANSVERSAL,MOTO E AUTO,1,,,,,,,,,1,,,CIDADE,Longo da via,Bom,Não existe,Perfeito estado,Seca,Perfeito estado,Não existe,R-6a,,Dupla,Não existe,,,,
2019-05-13,13:21:00,COM VÍTIMA,FINALIZADA,NOVA DESCOBERTA,AV VEREADOR OTACILIO AZEVEDO,0,,,PRÓXIMO À UPA  CLUBE DA PISCINA DO BREJO,AV VEREADOR OTACILIO AZEVEDO,,PRÓXIMO À UPA  CLUBE DA PISCINA DO BREJO,NOVA DESCOBERTA,ABALROAMENTO TRANSVERSAL,COLISÃO ENTRE AUTO E MOTO COM VÍTIMA,1,1,,,,,,,,1,,,SUBURBIO,Longo da via,Bom,Não existe,Perfeito estado,Seca,Perfeito estado,Não existe,Não há placas,40 km/h,Dupla,Faixa contínua,,,,
2019-05-13,17:03:00,COM VÍTIMA,FINALIZADA,NOVA DESCOBERTA,AV VEREADOR OTACILIO AZEVEDO,4,2480,RUA NOVA DESCOBERTA,,AV VEREADOR OTACILIO AZEVEDO,2480,,NOVA DESCOBERTA,ATROPELAMENTO,,,,,,1,1,,,,1,,,SUBURBIO,Esquina,Bom,Não existe,Perfeito estado,Seca,Perfeito estado,Não existe,Outras,,Dupla,Não existe,,,,
2019-05-14,07:13:00,COM VÍTIMA,FINALIZADA,AFOGADOS,AV SUL,2,21,,EM FRENTE A CAIXA ECONOMICA. NA SAÍDA DO TERMINAL DE LARGO DA PAZ.,AV SUL,21,EM FRENTE A CAIXA ECONOMICA. NA SAÍDA DO TERMINAL DE LARGO DA PAZ.,AFOGADOS,ABALROAMENTO LONGITUDINAL,AUTO E ÔNIBUS.,1,,,,,1,,,,1,,,CIDADE,Outros,,,Perfeito estado,Seca,Perfeito estado,,Outras,,Única,Faixa,,,,
2019-05-14,10:09:00,COM VÍTIMA,FINALIZADA,IPUTINGA,AV CAXANGA,4,3124,,EM FRENTE A MOVIDA,AV CAXANGA,3124,EM FRENTE A MOVIDA,IPUTINGA,ATROPELAMENTO,ATROPELAMENTO ENTRE MOTO E PEDESTRE.,,1,,,1,,,,,1,,,SUBURBIO,Longo da via,Bom,Sem defeito,Perfeito estado,Seca,Perfeito estado,Não existe,Outras,,Única,Faixa seccionada,Canteiro central,,,
2019-05-14,10:16:00,COM VÍTIMA,FINALIZADA,AFOGADOS,RUA SAO MIGUEL,3,893,RUA ODILON TUCUMAN,EM FRENTE AO EXERCITO 14° BATALHÃO  SENT. CIDADE,RUA SAO MIGUEL,893,EM FRENTE AO EXERCITO 14° BATALHÃO  SENT. CIDADE,AFOGADOS,ABALROAMENTO TRANSVERSAL,CAMINHÃO E MOTO,,1,,,,,1,,,1,,,CIDADE,Esquina,Bom,Não existe,Não existente,Seca,Perfeito estado,Não existe,Não há placas,50 km/h,Dupla,Faixa contínua,,,,
2019-05-14,14:51:00,VÍTIMA FATAL,FINALIZADA,AGUA FRIA,AV BEBERIBE,0,,EST VELHA DE AGUA FRIA,E/F A MILENA MOVEIS S/T SUB VT 12 NO LOCAL,AV BEBERIBE,,E/F A MILENA MOVEIS S/T SUB VT 12 NO LOCAL,ÁGUA FRIA,ATROPELAMENTO,ATROPELAMENTO ENTRE ONIBUS E PEDESTRE,,,,,1,1,,,,,1,405,CIDADE,Longo da via,Bom,Sem defeito,Perfeito estado,Seca,Perfeito estado,Faixa de pedestre,R-6a,,Única,Não existe,,,,
2019-05-14,15:43:00,COM VÍTIMA,FINALIZADA,SAO JOSE,RUA IMPERIAL,0,,TRV DO RAPOSO,E/F O ARQUIVO PUBLICO,RUA IMPERIAL,,E/F O ARQUIVO PUBLICO,SÃO JOSÉ,COLISÃO,COLISAO ENTRE DUAS MOTOS S/V,,2,,,,,,,,1,,,,,,,,,,,,,,,,,,
2019-05-14,17:34:00,COM VÍTIMA,FINALIZADA,PINA,AV CELSO FURTADO,0,,,ANTES DO VIADUTO S/T CID PROX AO TUNEL DO RIOMAR,AVENIDA CELSO FURTADO (VIA MANGUE),,ANTES DO VIADUTO S/T CID PROX AO TUNEL DO RIOMAR,PINA,ABALROAMENTO LONGITUDINAL,COLISAO ENTRE AUTO E MOTO COM UMA VITIMA,1,1,,,,,,,,1,,,CIDADE,Longo da via,Bom,Não existe,Perfeito estado,Seca,Perfeito estado,Outros,Não há placas,60 km/h,Dupla,Canteiro central,,,,
2019-05-15,05:57:00,COM VÍTIMA,FINALIZADA,BOA VIAGEM,RUA VISCONDE DE JEQUITINHONHA,0,,AV ARMINDO MOURA,,RUA VISCONDE DE JEQUITINHONHA,,,BOA VIAGEM,ABALROAMENTO TRANSVERSAL,COLISÃO ENVOLVENDO AUTOMÓVEL E MOTOCICLETA,1,1,,,,,,,,1,,258,CIDADE,Cruzamento,Bom,Sem defeito,Perfeito estado,Seca,Perfeito estado,,,,Dupla,Faixa,,,,
2019-05-15,09:10:00,COM VÍTIMA,FINALIZADA,ARRUDA,RUA SAO BENTO,2,46,,EM FRENTE A SERRALHARIA NOSSA SENHORA DA CONCEIÇÃO,RUA SAO BENTO,46,EM FRENTE A SERRALHARIA NOSSA SENHORA DA CONCEIÇÃO,ARRUDA,CHOQUE VEÍCULO PARADO,CHOQUE ENVOLVENDO DOIS AUTOMÓVEIS.,2,,,,,,,,,1,,,CIDADE,Longo da via,Chuvoso,Não existe,Perfeito estado,Molhada,Perfeito estado,Não existe,R-6a,,Única,Faixa,,,,
2019-05-15,11:44:00,COM VÍTIMA,FINALIZADA,BOA VISTA,AV JOAO DE BARROS,3,408,,EM FRENTE AO CORPO DE BOMBEIRO,AV JOAO DE BARROS,408,EM FRENTE AO CORPO DE BOMBEIRO,BOA VISTA,COLISÃO TRASEIRA,COLISÃO ENVOLVENDO AUTOMÓVEL E MOTOCICLETA,1,1,,,,,,,,1,,,CIDADE,Longo da via,Bom,Não existe,Perfeito estado,Seca,Perfeito estado,Faixa de pedestre,R-6a,,Única,Faixa contínua,,,,
2019-05-15,12:28:00,COM VÍTIMA,FINALIZADA,SANTO AMARO,RUA AURORA,0,,,EM FRENTE AO TRIBUNAL DE CONTAS,RUA AURORA,,EM FRENTE AO TRIBUNAL DE CONTAS,SANTO AMARO,ABALROAMENTO LONGITUDINAL,COLISÃO ENVOLVENDO AUTOMÓVEL E MOTOCICLETA,1,1,,,,,,,,1,,,SUBURBIO,Longo da via,Bom,Não existe,Perfeito estado,Seca,Perfeito estado,,,,Dupla,Canteiro central,,,,
2019-05-15,13:31:00,COM VÍTIMA,FINALIZADA,GRACAS,RUA GUILHERME PINTO,3,155,,AO LADO INSTITUTO ANTONIO PESSOAS DE QUEIROZ,RUA GUILHERME PINTO,155,AO LADO INSTITUTO ANTONIO PESSOAS DE QUEIROZ,GRAÇAS,CHOQUE VEÍCULO PARADO,CHOQUE ENVOLVENDO AUTOMÓVEL E MOTOCICLETA.,1,1,,,,,,,,1,,432,CIDADE,Longo da via,Bom,Sem defeito,Perfeito estado,Seca,Perfeito estado,Agente,Outras,,Única,,,,,
2019-05-15,15:14:00,COM VÍTIMA,FINALIZADA,BOA VISTA,RUA DO RIACHUELO,0,,,EM FRENTE AO ESTACIONAMENTO SANPARK,RUA DO RIACHUELO,,EM FRENTE AO ESTACIONAMENTO SANPARK,BOA VISTA,ABALROAMENTO LONGITUDINAL,COLISÃO ENVOLVENDO AUTOMÓVEL E MOTOCICLETA,1,1,,,,,,,,1,,,SUBURBIO,Longo da via,Bom,Não existe,Perfeito estado,Seca,Perfeito estado,Faixa de pedestre,,,Dupla,Canteiro central,,,,
2019-05-15,15:51:00,COM VÍTIMA,FINALIZADA,ARRUDA,RUA PROFESSOR JERONIMO GUEIROS,0,,RUA DR EDUARDO WANDERLEY,PERTO DO CANAL DO ARRUDA,RUA PROFESSOR JERONIMO GUEIROS,,PERTO DO CANAL DO ARRUDA,ARRUDA,ABALROAMENTO LONGITUDINAL,COLISÃO ENVOLVENDO AUTOMÓVEL E MOTOCICLETA,1,1,,,,,,,,1,,,SUBURBIO,Esquina,Bom,Não existe,Perfeito estado,Seca,Perfeito estado,Não existe,Não há placas,,Dupla,Não existe,,,,
2019-05-15,17:34:00,COM VÍTIMA,FINALIZADA,AFOGADOS,RUA MOTOCOLOMBO,3,143,,AO LADO DO BANCO SANTANDER,RUA MOTOCOLOMBO,143,AO LADO DO BANCO SANTANDER,AFOGADOS,ATROPELAMENTO,ATROPELAMENTO ENVOLVENDO ÔNIBUS E PEDESTRE.,,,,,1,1,,,,1,,,SUBURBIO,Longo da via,Bom,Não existe,Perfeito estado,Seca,Perfeito estado,Não existe,Não há placas,,Única,Faixa,,,,
2019-05-15,19:22:00,COM VÍTIMA,FINALIZADA,SANTO AMARO,AV PREFEITO ARTUR LIMA CAVALCANTI,0,,AV NORTE,,AV PREFEITO ARTUR LIMA CAVALCANTI,,,SANTO AMARO,ATROPELAMENTO,ATROPELAMENTO ENVOLVENDO MOTO E PEDESTRE.,,1,,,1,,,,,1,,243,SUBURBIO,Longo da via,Bom,Não existe,Incompleta,Seca,Perfeito estado,Não existe,Não há placas,,Única,Faixa seccionada,,,,
2019-05-15,22:06:00,COM VÍTIMA,FINALIZADA,BEBERIBE,AV BEBERIBE,4,3530,RUA CONS BARROS BARRETO,E/F AO SEST SENAT E AO CONDOMINIO DO CONJUNTO JOÃO PAULO II,AV BEBERIBE,3530,E/F AO SEST SENAT E AO CONDOMINIO DO CONJUNTO JOÃO PAULO II,BEBERIBE,ABALROAMENTO TRANSVERSAL,COLISÃO ENTRE ÔNIBUS E CAMINHÃO.,,,,,,1,1,,,4,,,SUBURBIO,Longo da via,Bom,Não existe,Perfeito estado,Seca,Perfeito estado,Não existe,Outras,,Dupla,Faixa contínua,,,,
2019-05-16,07:06:00,COM VÍTIMA,FINALIZADA,ESPINHEIRO,RUA QUARENTA E OITO,3,560,RUA CONS PORTELA,EM FRENTE A FARMACIA PAGUE MENOS,RUA QUARENTA E OITO,560,EM FRENTE A FARMACIA PAGUE MENOS,ESPINHEIRO,CHOQUE VEÍCULO PARADO,CHOQUE ENVOLVENDO AUTOMÓVEL E MOTOCICLETA.,1,1,,,,,,,,1,,11,CIDADE,Longo da via,Bom,Sem defeito,Perfeito estado,Seca,Perfeito estado,Faixa de pedestre,R-4a,,Única,Faixa contínua,,,,
2019-05-17,06:28:00,COM VÍTIMA,FINALIZADA,DOIS UNIDOS,AV HILDEBRANDO DE VASCONCELOS,3,786,,EM FRENTE A ACADAMEIA TOP FITNESS,AV HILDEBRANDO DE VASCONCELOS,786,EM FRENTE A ACADAMEIA TOP FITNESS,DOIS UNIDOS,COLISÃO FRONTAL,AUTO E MOTO.,1,1,,,,,,,,2,,,SUBURBIO,Longo da via,Bom,Não existe,,Seca,,Não existe,R-6a,,Dupla,Faixa seccionada,,,,
2019-05-17,11:20:00,COM VÍTIMA,FINALIZADA,DERBY,AV GOVERNADOR AGAMENON MAGALHAES,2,41,,LADO OPOSTO AO NÚMERO INFORMADO.,,,,,ABALROAMENTO LONGITUDINAL,AUTO E MOTO.,1,1,,,,,,,,1,,,,Longo da via,Bom,Sem defeito,Perfeito estado,Seca,Perfeito estado,Agente,R-19,60 km/h,Dupla,Faixa contínua,Canteiro central,,,
2019-05-17,07:48:00,COM VÍTIMA,FINALIZADA,SANTO AMARO,VDO ENG ROBERTO PEREIRA DE CARVALHO,0,,,NO INICIO DO VIADUTO EM FRENTE AO SHOPPING TACARUNA  SENT. OLINDA,VDO ENG ROBERTO PEREIRA DE CARVALHO,,NO INICIO DO VIADUTO EM FRENTE AO SHOPPING TACARUNA  SENT. OLINDA,SANTO AMARO,CHOQUE VEÍCULO PARADO,AUTO E MOTO.,1,1,,,,,,,,1,,,SUBURBIO,Viaduto,Bom,Não existe,Perfeito estado,Seca,Perfeito estado,Não existe,Não há placas,,Única,Faixa seccionada,,,,
2019-05-17,09:22:00,COM VÍTIMA,FINALIZADA,DERBY,PRC DO DERBY,2,40,RUA JENER DE SOUZA,LADO OPOSTO AO QUARTEL DO DERBY,PRC DO DERBY,40,LADO OPOSTO AO QUARTEL DO DERBY,DERBY,ABALROAMENTO TRANSVERSAL,COLISÃO C/ VITIMA ENTRE MOTO E AUTO,1,1,,,,,,,,1,,40,CIDADE,Cruzamento,Bom,Sem defeito,Perfeito estado,Seca,Perfeito estado,Faixa de pedestre,Outras,40 km/h,Dupla,Faixa,,,,
2019-05-17,10:03:00,COM VÍTIMA,FINALIZADA,MACAXEIRA,AV NORTE,0,,,NA ROTATORIA DA INTEGRAÇÃO DA MACAXEIRA. SOB VIADUTO.,AV NORTE,,NA ROTATORIA DA INTEGRAÇÃO DA MACAXEIRA. SOB VIADUTO.,MACAXEIRA,ABALROAMENTO LONGITUDINAL,AUTO E MOTO.,1,1,,,,,,,,1,,,SUBURBIO,Longo da via,Bom,Não existe,Não existente,Seca,Perfeito estado,Não existe,Não há placas,,Dupla,Canteiro central,,,,
2019-05-17,12:04:00,COM VÍTIMA,FINALIZADA,PINA,RUA MANOEL DE BRITO,0,,AV REPUBLICA DO LIBANO,TERMINO DA VIA MANGUE/ NUCLEO DA POLICIA,RUA MANOEL DE BRITO,,TERMINO DA VIA MANGUE/ NUCLEO DA POLICIA,PINA,COLISÃO TRASEIRA,AUTO E MOTO.,1,1,,,,,,,,1,,659,CIDADE,Longo da via,Bom,Sem defeito,Perfeito estado,Seca,Perfeito estado,,Outras,,Única,Outros,,,,
2019-05-17,13:24:00,COM VÍTIMA,FINALIZADA,MADALENA,RUA REAL DA TORRE,3,868,,PRÓXIMO AO MERCADO DA MADALENA.,RUA REAL DA TORRE,868,PRÓXIMO AO MERCADO DA MADALENA.,MADALENA,ABALROAMENTO TRANSVERSAL,AUTO E MOTO.,1,1,,,,,,,,1,,,SUBURBIO,Longo da via,Bom,Não existe,Perfeito estado,Seca,Perfeito estado,Não existe,Não há placas,,Única,Faixa seccionada,,,,
2019-05-17,15:37:00,COM VÍTIMA,FINALIZADA,SANTO ANTONIO,PRC SERGIO LORETO,0,,RUA IMPERIAL,LADO OPOSTO A PRAÇA SÉRGIO LORETO.,PRC SERGIO LORETO,,LADO OPOSTO A PRAÇA SÉRGIO LORETO.,SANTO ANTÔNIO,ABALROAMENTO LONGITUDINAL,MOTOCICLETA E CARROÇA.,,1,,,,,,,1,1,,,SUBURBIO,Longo da via,Bom,Não existe,Perfeito estado,Seca,Perfeito estado,Não existe,Outras,60 km/h,Única,Faixa seccionada,,,,
2019-05-17,16:24:00,COM VÍTIMA,FINALIZADA,PRADO,RUA AUSTRO COSTA,3,119,,PROX AO BAILE PERFUMADO,RUA AUSTRO COSTA,119,PROX AO BAILE PERFUMADO,PRADO,COLISÃO FRONTAL,AUTO E MOTO.,1,1,,,,,,,,1,,,SUBURBIO,Longo da via,Bom,Não existe,Não existente,Seca,Perfeito estado,Não existe,Não há placas,,Dupla,Não existe,,,,
2019-05-17,18:19:00,COM VÍTIMA,FINALIZADA,BOA VIAGEM,RUA VISCONDE DE JEQUITINHONHA,0,,RUA PROFESSOR MARIO CASTRO,SEMÁFORO 158  SNT PIEDADE. EDF. ISLAMORADA.,RUA VISCONDE DE JEQUITINHONHA,,SEMÁFORO 158  SNT PIEDADE. EDF. ISLAMORADA.,BOA VIAGEM,ABALROAMENTO LONGITUDINAL,AUTO E MOTO.,1,1,,,,,,,,1,,,SUBURBIO,Longo da via,Bom,Sem defeito,Perfeito estado,Seca,Perfeito estado,Faixa de pedestre,R-19,60 km/h,Única,Canal,,,,
2019-05-17,22:27:00,COM VÍTIMA,FINALIZADA,MADALENA,RUA JOAO IVO DA SILVA,3,294,,E/F A ESQUINA DA PICANHA / AO LADO DO CANAL E PRÓX AO HABBIBS,RUA JOAO IVO DA SILVA,294,E/F A ESQUINA DA PICANHA / AO LADO DO CANAL E PRÓX AO HABBIBS,MADALENA,ABALROAMENTO LONGITUDINAL,ENTRE AUTO E MOTO. C/V,1,1,,,,,,,,1,,,SUBURBIO,Longo da via,Bom,Não existe,Perfeito estado,Seca,Perfeito estado,Não existe,R-6a,,Única,Faixa seccionada,,,,
2019-05-18,00:10:00,COM VÍTIMA,FINALIZADA,BOA VIAGEM,RUA VISCONDE DE JEQUITINHONHA,0,,RUA CAPITAO ZUZINHA,,RUA VISCONDE DE JEQUITINHONHA,,,BOA VIAGEM,ABALROAMENTO TRANSVERSAL,COLISÃO ENTRE DOIS AUTOS C/V,2,,,,,,,,,1,,433,SUBURBIO,Cruzamento,Bom,Sem defeito,Perfeito estado,Seca,Perfeito estado,Faixa de pedestre,R-6a,60 km/h,Única,Canteiro central,,,,
2019-05-18,00:20:00,COM VÍTIMA,FINALIZADA,TEJIPIO,AV DR JOSE RUFINO,0,,RUA LUIZ SOARES,PRÓX A ESCOLA PAULO PESSOA GUERRA,AV DR JOSE RUFINO,,PRÓX A ESCOLA PAULO PESSOA GUERRA,TEJIPIÓ,ABALROAMENTO LONGITUDINAL,COLISÃO ENTRE AUTO E MOTO  COM VÍTIMA.,1,1,,,,,,,,1,,,SUBURBIO,Longo da via,Bom,Não existe,Perfeito estado,Seca,Perfeito estado,Não existe,Não há placas,60 km/h,Dupla,Faixa contínua,Faixa seccionada,,,