data,hora,natureza_acidente,situacao,bairro,endereco,,numero,detalhe_endereco_acidente,complemento,endereco_cruzamento,numero_cruzamento,referencia_cruzamento,bairro_cruzamento,tipo,descricao,auto,moto,ciclom,ciclista,pedestre,onibus,caminhao,viatura,outros,vitimas,vitimasfatais,num_semaforo,sentido_via,acidente_verificado,tempo_clima,situacao_semaforo,sinalizacao,condicao_via,conservacao_via,ponto_controle,situacao_placa,velocidade_max_via,mao_direcao,divisao_via1,divisao_via2,divisao_via3,_id,Protocolo
2019-05-18,09:52:00,COM VÍTIMA,FINALIZADA,ESPINHEIRO,RUA DO ESPINHEIRO,3,280,RUA AMELIA,AO LADO DO HOSPITAL ESPINHEIRO,RUA DO ESPINHEIRO,280,AO LADO DO HOSPITAL ESPINHEIRO,ESPINHEIRO,ABALROAMENTO LONGITUDINAL,COM UMA VITIMA  JÁ SOCORRIDA PELO SAMU,1,1,,,,,,,,1,,195,SUBURBIO,Cruzamento,Bom,Sem defeito,Perfeito estado,Seca,Perfeito estado,Faixa de pedestre,R-6a,,Única,Faixa seccionada,,,,
2019-05-18,11:46:00,COM VÍTIMA,FINALIZADA,CURADO,AV LIBERDADE,4,1389,,EM FRENTE AO ANIBAL BRUNO,AV LIBERDADE,1389,EM FRENTE AO ANIBAL BRUNO,CURADO,ABALROAMENTO LONGITUDINAL,COLISÃO COM VITIMA,1,1,,,,,,,,1,,,,Longo da via,Bom,Não existe,Incompleta,Seca,,Não existe,Não há placas,,Dupla,Faixa contínua,,,,
2019-05-18,12:15:00,COM VÍTIMA,FINALIZADA,CAMPO GRANDE,EST DE BELEM,4,1244,,EM FRENTE A IGREJA EVANGELICA BRASILEIRA,EST DE BELEM,1244,EM FRENTE A IGREJA EVANGELICA BRASILEIRA,CAMPO GRANDE,ABALROAMENTO LONGITUDINAL,COLISÃO COM VÍTIMA,1,1,,,,,,,,1,,26,CIDADE,Longo da via,Bom,,Perfeito estado,Seca,Perfeito estado,Não existe,R-6a,,Dupla,Faixa contínua,Faixa seccionada,,,
2019-05-18,13:36:00,COM VÍTIMA,FINALIZADA,CASA AMARELA,RUA BELA VISTA,0,,RUA OSCAR PINTO,NA ESQUINA DA PADARIA E PASTELARIA BELA VISTA,RUA BELA VISTA,,NA ESQUINA DA PADARIA E PASTELARIA BELA VISTA,CASA AMARELA,ABALROAMENTO TRANSVERSAL,COLISÃO COM VITIMA/ OS VEICULOS FORAM RETIRADOS DO LOCAL POR ORIENTAÇÃO DO SAMU,1,1,,,,,,,,1,,,SUBURBIO,Cruzamento,Bom,Não existe,Incompleta,Seca,Perfeito estado,Não existe,Outras,,Dupla,Não existe,,,,
2019-05-18,20:13:00,COM VÍTIMA,FINALIZADA,CORDEIRO,RUA AMBROSIO MACHADO,3,420,RUA XAVIER DE BRITO,ESQUINA COM O CANAL DO CAVOUCO/ SEMÁFORO 134,RUA AMBROSIO MACHADO,420,ESQUINA COM O CANAL DO CAVOUCO/ SEMÁFORO 134,CORDEIRO,ABALROAMENTO LONGITUDINAL,AUTO E MOTO.,1,1,,,,,,,,1,,134,CIDADE,Longo da via,Bom,Não existe,Perfeito estado,Seca,Perfeito estado,Não existe,Não há placas,,Dupla,Canteiro central,,,,
2019-05-18,23:52:00,COM VÍTIMA,FINALIZADA,RECIFE,AV MILITAR,0,,,FABRICA DA PILAR,AV MILITAR,,FABRICA DA PILAR,BAIRRO DO RECIFE,CHOQUE OBJETO FIXO,MOTO CHOCOU-SE COM OBJETO FIXO CONDUTOR SOCORRIDO PELO SAMU,,1,,,,,,,,1,,,SUBURBIO,Longo da via,Bom,Não existe,Perfeito estado,Seca,Perfeito estado,Não existe,R-6a,,Única,Faixa seccionada,,,,
2019-05-19,10:29:00,COM VÍTIMA,FINALIZADA,CASA AMARELA,EST DO ARRAIAL,3,930,RUA CASA AMARELA,EM FRENTE AO ANTIGO MERCADO DE CASA AMARELA,EST DO ARRAIAL,930,EM FRENTE AO ANTIGO MERCADO DE CASA AMARELA,CASA AMARELA,ABALROAMENTO LONGITUDINAL,AUTO E MOTO.,1,1,,,,,,,,1,,,SUBURBIO,Longo da via,Bom,Não existe,Perfeito estado,Seca,Mal conservada,Não existe,R-6a,,Única,Faixa seccionada,,,,
2019-05-19,14:04:00,COM VÍTIMA,FINALIZADA,SANTO ANTONIO,RUA PRIMEIRO DE MARCO,0,,RUA IMPERADOR PEDRO SEGUNDO,,RUA PRIMEIRO DE MARCO,,,SANTO ANTÔNIO,ABALROAMENTO TRANSVERSAL,DOIS AUTOS.,2,,,,,,,,,1,,,CIDADE,Cruzamento,Bom,Sem defeito,Perfeito estado,Seca,Perfeito estado,,Não há placas,,Única,Não existe,,,,
2019-05-19,15:15:00,COM VÍTIMA,FINALIZADA,AFOGADOS,EST DOS REMEDIOS,0,,RUA VINTE E UM DE ABRIL,EM FRENTE AO TERMINAL INTEGRADO DE AFOGADOS,EST DOS REMEDIOS,,EM FRENTE AO TERMINAL INTEGRADO DE AFOGADOS,AFOGADOS,COLISÃO COM CICLISTA,COLISÃO ENTRE ÔNIBUS E BICICLETA.,,,,1,,1,,,,1,,,CIDADE,Longo da via,Bom,Não existe,Perfeito estado,Seca,Perfeito estado,Faixa de pedestre,Outras,40 km/h,Única,Não existe,,,,
2019-05-19,19:16:00,COM VÍTIMA,FINALIZADA,ROSARINHO,RUA DR JOSE MARIA,3,792,,EM FRENTE A FARMÁCIA DROGASIL,RUA DR JOSE MARIA,792,EM FRENTE A FARMÁCIA DROGASIL,ROSARINHO,ABALROAMENTO TRANSVERSAL,AUTO E MOTO.,1,1,,,,,,,,1,,362,CIDADE,Longo da via,Bom,Sem defeito,Perfeito estado,Seca,Perfeito estado,Faixa de pedestre,R-6a,30 km/h,Dupla,Faixa seccionada,,,,
2019-05-20,10:47:00,COM VÍTIMA,FINALIZADA,PRADO,AV ENGENHEIRO ABDIAS DE CARVALHO,0,,RUA JOAO IVO DA SILVA,EM FRENTE A GRANVIA SEMINOVOS.,AV ENGENHEIRO ABDIAS DE CARVALHO,,EM FRENTE A GRANVIA SEMINOVOS.,PRADO,COLISÃO TRASEIRA,AUTO E MOTO.,1,1,,,,,,,,1,,132,CIDADE,Cruzamento,Bom,Sem defeito,Perfeito estado,Seca,Perfeito estado,Faixa de pedestre,Não há placas,,Dupla,Canteiro central,,,,
2019-05-20,11:34:00,COM VÍTIMA,FINALIZADA,IPSEP,AV RECIFE,4,2305,,APOS A PIZZARIA ATLANTICO  EM FRENTE A PRAÇA.,AV RECIFE,2305,APOS A PIZZARIA ATLANTICO  EM FRENTE A PRAÇA.,IPSEP,ABALROAMENTO LONGITUDINAL,MOTO E AUTO,1,1,,,,,,,,1,,,CIDADE,Longo da via,Bom,Não existe,Perfeito estado,Seca,Perfeito estado,Não existe,Não há placas,,Dupla,Canteiro central,,,,
2019-05-20,16:07:00,COM VÍTIMA,FINALIZADA,IMBIRIBEIRA,AV MARECHAL MASCARENHAS DE MORAES,0,,,EM FRENTE A TOYOLEX.,AV MARECHAL MASCARENHAS DE MORAES,,EM FRENTE A TOYOLEX.,IMBIRIBEIRA,TOMBAMENTO,ACIDENTE COM APENAS UMA MOTOCICLETA ENVOLVIDA.,,1,,,,,,,,1,,,CIDADE,Longo da via,Chuvoso,Não existe,Perfeito estado,Molhada,Perfeito estado,Não existe,Não há placas,60 km/h,Dupla,Canteiro central,,,,
2019-05-20,16:16:00,COM VÍTIMA,FINALIZADA,SANTO AMARO,AV GOVERNADOR AGAMENON MAGALHAES,0,,,EM FRENTE A UPE SENT OLINDA / PROX AO MINISTERI DO TRABALHO,AV GOVERNADOR AGAMENON MAGALHAES,,EM FRENTE A UPE SENT OLINDA / PROX AO MINISTERI DO TRABALHO,SANTO AMARO,COLISÃO TRASEIRA,ONIBUS E AUTO,1,,,,,1,,,,1,,,SUBURBIO,Viaduto,Chuvoso,Não existe,Perfeito estado,Molhada,Perfeito estado,,Outras,60 km/h,Dupla,Faixa seccionada,Canal,,,
2019-05-20,19:18:00,VÍTIMA FATAL,FINALIZADA,MACAXEIRA,RUA ANITA,1,9,,PROX AO CAMPO DA UNIÃO. SUBIDA ALTO SÃO SEBASTIÃO.,RUA ANITA,9,PROX AO CAMPO DA UNIÃO. SUBIDA ALTO SÃO SEBASTIÃO.,MACAXEIRA,ATROPELAMENTO,ENVOLVENDO TRATOR E UM PEDESTRE.,,,,,1,,,,1,,1,,SUBURBIO,Longo da via,Chuvoso,Não existe,Não existente,Molhada,Mal conservada,Não existe,Não há placas,,Dupla,Não existe,,,,
2019-05-21,08:18:00,COM VÍTIMA,FINALIZADA,SANTO AMARO,AV NORTE,0,,,EM FRENTE AO CENTRO DA JUVENTUDE,AV NORTE,,EM FRENTE AO CENTRO DA JUVENTUDE,SANTO AMARO,TOMBAMENTO,ACIDENTE DE PERCURSO  ENVOLVENDO UMA MOTOCICLETA.,,1,,,,,,,,1,,397,CIDADE,Longo da via,Chuvoso,Sem defeito,Perfeito estado,Molhada,Perfeito estado,Faixa de pedestre,Não há placas,60 km/h,Dupla,Canteiro central,,,,
2019-05-21,09:07:00,COM VÍTIMA,FINALIZADA,SAN MARTIN,RUA PEDRO MELO,3,620,RUA DR GOMES PORTO,EM FRENTE A IGREJA ADVENTISTA,RUA PEDRO MELO,620,EM FRENTE A IGREJA ADVENTISTA,SAN MARTIN,ABALROAMENTO TRANSVERSAL,AUTO E MOTO.,1,1,,,,,,,,1,,,,Cruzamento,Nublado,Não existe,Não existente,Seca,Perfeito estado,Não existe,Não há placas,,Dupla,Não existe,,,,
2019-05-21,13:05:00,COM VÍTIMA,FINALIZADA,SAO JOSE,AV DANTAS BARRETO,0,,RUA DO PEIXOTO,NO FINAL DAS DANTAS BARRETO JUNTO AO TERMINAL DOS ONIBUS 1002,AV DANTAS BARRETO,,NO FINAL DAS DANTAS BARRETO JUNTO AO TERMINAL DOS ONIBUS 1002,SÃO JOSÉ,COLISÃO COM CICLISTA,ÔNIBUS E BICICLETA.,,,,1,,1,,,,1,,181,SUBURBIO,Cruzamento,Bom,Sem defeito,Perfeito estado,Seca,Perfeito estado,Faixa de pedestre,Não há placas,,Única,,,,,
2019-05-22,06:54:00,COM VÍTIMA,FINALIZADA,BOA VIAGEM,RUA TOME GIBSON,3,315,,NA ENTRADA DO CONVENTO FREI DAMIÃO. EM FRENTE AO POSTE DE ILUMINAÇÃO B002306.,RUA TOME GIBSON,315,NA ENTRADA DO CONVENTO FREI DAMIÃO. EM FRENTE AO POSTE DE ILUMINAÇÃO B002306.,BOA VIAGEM,COLISÃO TRASEIRA,AUTO E MOTO.,1,1,,,1,,,,,1,,,,Longo da via,Bom,Não existe,Incompleta,Seca,Perfeito estado,Não existe,R-6a,,Dupla,Não existe,,,,
2019-05-22,07:38:00,COM VÍTIMA,FINALIZADA,ILHA JOANA BEZERRA,VDO PAPA JOAO PAULO II,0,,,SENTIDO BOA VIAGEM. SOBRE O VIADUTO.,VDO PAPA JOAO PAULO II,,SENTIDO BOA VIAGEM. SOBRE O VIADUTO.,ILHA JOANA BEZERRA,COLISÃO TRASEIRA,AUTO E MOTO,1,1,,,,,,,,2,,,SUBURBIO,Viaduto,Bom,Não existe,Perfeito estado,Seca,Perfeito estado,Não existe,Não há placas,60 km/h,Única,Faixa seccionada,,,,
2019-05-22,11:18:00,COM VÍTIMA,FINALIZADA,BOA VIAGEM,RUA JOAQUIM BANDEIRA,0,,AV SUL,EM FRENTE A ESTAÇÃO ANTONIO FALCÃO,RUA JOAQUIM BANDEIRA,,EM FRENTE A ESTAÇÃO ANTONIO FALCÃO,BOA VIAGEM,ABALROAMENTO TRANSVERSAL,COM UMA VITIMA,1,1,,,,,,,,1,,,SUBURBIO,Cruzamento,Bom,Não existe,Ilegível,Seca,Mal iluminada,Não existe,Não há placas,,Dupla,Não existe,,,,
2019-05-22,12:45:00,COM VÍTIMA,FINALIZADA,IMBIRIBEIRA,AV MARECHAL MASCARENHAS DE MORAES,0,,,EM FRENTE A FERREIRA COSTA/ SENTIDO CIDADE,AV MARECHAL MASCARENHAS DE MORAES,,EM FRENTE A FERREIRA COSTA/ SENTIDO CIDADE,IMBIRIBEIRA,CHOQUE VEÍCULO PARADO,AUTO E MOTO.,1,1,,,,,,,,1,,,CIDADE,Longo da via,Bom,Sem defeito,Perfeito estado,Seca,Perfeito estado,Não existe,Não há placas,60 km/h,Única,Faixa contínua,,,,
2019-05-22,14:27:00,COM VÍTIMA,FINALIZADA,IMBIRIBEIRA,RUA PAMPULHA,4,2555,,EM FRENTE A MITSUBISHI MOTOS,RUA PAMPULHA,2555,EM FRENTE A MITSUBISHI MOTOS,IMBIRIBEIRA,ABALROAMENTO LONGITUDINAL,MOTO E ÔNIBUS.,1,1,,,,,,,,1,,534,CIDADE,Cruzamento,Bom,Sem defeito,Perfeito estado,Seca,Perfeito estado,Faixa de pedestre,Não há placas,60 km/h,Dupla,Canteiro central,,,,
2019-05-22,15:07:00,COM VÍTIMA,FINALIZADA,IPSEP,RUA ADERBAL DE MELO,3,135,RUA HELIO BRANDAO,E/F A CHAMBARIL E FEIJOADA DO JOAO,RUA ADERBAL DE MELO,135,E/F A CHAMBARIL E FEIJOADA DO JOAO,IPSEP,ABALROAMENTO TRANSVERSAL,COLISAO ENTRE AUTO E MOTO COM UMA VITIMA,1,1,,,,,,,,1,,,CIDADE,Cruzamento,Bom,Não existe,Perfeito estado,Seca,Perfeito estado,Não existe,Placas Pare,,Dupla,Faixa seccionada,,,,
2019-05-22,19:52:00,COM VÍTIMA,FINALIZADA,IMBIRIBEIRA,AV MARECHAL MASCARENHAS DE MORAES,4,1511,,E/F A JCB E PRÓX A CAMINHOES E ÔNIBUS DA VW / SNT AFOGADOS,AV MARECHAL MASCARENHAS DE MORAES,1511,E/F A JCB E PRÓX A CAMINHOES E ÔNIBUS DA VW / SNT AFOGADOS,IMBIRIBEIRA,ATROPELAMENTO,ÔNIBUS E PEDESTRE.,,,,,1,1,,,,1,,,SUBURBIO,Longo da via,Bom,Sem defeito,Perfeito estado,Seca,Perfeito estado,Não existe,R-6a,,Dupla,Canteiro central,,,,
2019-05-23,07:47:00,COM VÍTIMA,FINALIZADA,AREIAS,AV RECIFE,4,1040,,PROXIMO A CHURRASCARIA PAJUÇARA,AV RECIFE,1040,PROXIMO A CHURRASCARIA PAJUÇARA,AREIAS,COLISÃO,COLISÃO COM VITIMA,1,1,,,,,,,,1,,,AEROPORTO,,,,,,,,,,,,,,,
2019-05-23,09:02:00,COM VÍTIMA,FINALIZADA,SAO JOSE,AV SUL,0,,RUA NOVA DA CABANGA,APÓS O SEMÁFORO 260,AV SUL,,APÓS O SEMÁFORO 260,SÃO JOSÉ,ABALROAMENTO LONGITUDINAL,COLISÃO COM VÍTIMA ENVOLVENDO 2 MOTOCICLETAS. UMA DAS PARTES EVADIU-SE.,,2,,,,,,,,1,,260,CIDADE,Longo da via,Bom,Sem defeito,Perfeito estado,Seca,Perfeito estado,Não existe,Outras,,Única,Faixa seccionada,,,,
2019-05-23,11:47:00,COM VÍTIMA,FINALIZADA,BOA VIAGEM,AV ENGENHEIRO DOMINGOS FERREIRA,4,1195,RUA ANTONIO PEDRO DE FIGUEIREDO,EM FRENTE A CONSECIONARIA AUTOPARVI. LADO OPOSTO AO NÚMERO INFORMADO.,AV ENGENHEIRO DOMINGOS FERREIRA,1195,EM FRENTE A CONSECIONARIA AUTOPARVI. LADO OPOSTO AO NÚMERO INFORMADO.,BOA VIAGEM,COLISÃO TRASEIRA,AUTO E MOTO.,1,1,,,,,,,,1,,324,SUBURBIO,Cruzamento,Bom,Sem defeito,Perfeito estado,Seca,,,Não há placas,,Única,Faixa seccionada,Canteiro central,,,
2019-05-23,12:07:00,COM VÍTIMA,FINALIZADA,CASA AMARELA,AV NORTE,0,,AV PROFESSOR JOSE DOS ANJOS,E/F AO SESC DE CASA AMARELA,AV NORTE,,E/F AO SESC DE CASA AMARELA,CASA AMARELA,ABALROAMENTO TRANSVERSAL,AUTO E MOTO COM VITIMAS,1,1,,,,,,,,1,,364,SUBURBIO,Cruzamento,Bom,Sem defeito,Perfeito estado,Seca,Perfeito estado,Não existe,,60 km/h,Dupla,Faixa contínua,,,,
2019-05-23,12:19:00,COM VÍTIMA,FINALIZADA,TORRE,RUA JOSE BONIFACIO,0,,,E/F AO CARREFOUR. VIADUTO GOVERNADOR CORDEIRO DE FARIAS.,RUA JOSE BONIFACIO,,E/F AO CARREFOUR. VIADUTO GOVERNADOR CORDEIRO DE FARIAS.,TORRE,ABALROAMENTO LONGITUDINAL,AUTO E MOTO COM VITIMAS,1,1,,,,,,,,1,,,SUBURBIO,Viaduto,Bom,Não existe,Perfeito estado,Seca,Perfeito estado,Outros,Não há placas,,Dupla,Faixa seccionada,,,,
2019-05-23,13:00:00,COM VÍTIMA,FINALIZADA,SANTO AMARO,RUA FREI CASSIMIRO,0,,RUA DO POMBAL,FARMACIA POPULAR,RUA FREI CASSIMIRO,,FARMACIA POPULAR,SANTO AMARO,COLISÃO FRONTAL,AUTO E MOTO.,1,1,,,,,,,,1,,,CIDADE,Cruzamento,Bom,Não existe,,Seca,Perfeito estado,Não existe,Não há placas,,Dupla,Faixa seccionada,,,,
2019-05-23,13:05:00,COM VÍTIMA,FINALIZADA,IMBIRIBEIRA,AV MARECHAL MASCARENHAS DE MORAES,0,,,EM FRENTE A FAC UNIVERSO,AV MARECHAL MASCARENHAS DE MORAES,,EM FRENTE A FAC UNIVERSO,IMBIRIBEIRA,COLISÃO COM CICLISTA,CICLISTA E AUTO,1,,,1,,,,,,1,,,CIDADE,Longo da via,Bom,Sem defeito,Perfeito estado,Seca,Perfeito estado,Outros,Não há placas,60 km/h,Dupla,Canteiro central,,,,
2019-05-23,22:29:00,COM VÍTIMA,FINALIZADA,CORDEIRO,AV GENERAL SAN MARTIN,0,,RUA GOMES TABORDA,ENF A FARMACIA DROGASIL // SEMAFORO 067,AV GENERAL SAN MARTIN,,ENF A FARMACIA DROGASIL // SEMAFORO 067,CORDEIRO,COLISÃO TRASEIRA,DOIS AUTOS E UMA MOTO.,2,1,,,,,,,,1,,67,CIDADE,Longo da via,Bom,Sem defeito,Ilegível,Seca,Perfeito estado,Faixa de pedestre,,,Única,Faixa contínua,,,,
2019-05-24,08:09:00,COM VÍTIMA,FINALIZADA,ESTANCIA,AV DR JOSE RUFINO,3,548,RUA MORAIS E SILVA,EM FRENTE A GALERIA MARGARIDA,AV DR JOSE RUFINO,548,EM FRENTE A GALERIA MARGARIDA,ESTÂNCIA,ABALROAMENTO TRANSVERSAL,MOTO E AUTO,1,1,,,,,,,,1,,,SUBURBIO,Cruzamento,Bom,Não existe,Perfeito estado,Seca,Perfeito estado,Outros,Outras,60 km/h,Dupla,Faixa contínua,Faixa seccionada,,,
2019-05-24,11:27:00,COM VÍTIMA,FINALIZADA,VARZEA,RUA GENERAL POLIDORO,3,422,RUA MARECHAL MANOEL LUIS OSORIO,EM FRENTE AO EDF TANGARA,RUA GENERAL POLIDORO,422,EM FRENTE AO EDF TANGARA,VÁRZEA,ABALROAMENTO TRANSVERSAL,ÔNIBUS E MOTOCICLETA.,,1,,,,1,,,,1,,,,,Bom,,Perfeito estado,Seca,Perfeito estado,Não existe,Não há placas,,Dupla,Faixa contínua,,,,
2019-05-24,12:04:00,COM VÍTIMA,FINALIZADA,JARDIM SAO PAULO,AV CENTRAL,4,6568,,ESTAÇÃO DO BARRO,AV CENTRAL,6568,ESTAÇÃO DO BARRO,JARDIM SÃO PAULO,ABALROAMENTO LONGITUDINAL,COLISÃO COM VITIMA,1,1,,,,,,,,1,,,SUBURBIO,Longo da via,Bom,Não existe,Não existente,Seca,Mal conservada,Não existe,Não há placas,,Dupla,Não existe,,,,
2019-05-24,17:25:00,COM VÍTIMA,FINALIZADA,CORDEIRO,AV CAXANGA,0,,,LADO OPOSTO A EXPOSIÇÃO DE ANIMAIS/ SENTIDO CIDADE,AV CAXANGA,,LADO OPOSTO A EXPOSIÇÃO DE ANIMAIS/ SENTIDO CIDADE,CORDEIRO,COLISÃO COM CICLISTA,COLISÃO COM VÍTIMA,,1,,1,,,,,,1,,,CIDADE,Longo da via,Bom,Não existe,Perfeito estado,Seca,Perfeito estado,Não existe,Não há placas,,Dupla,Canteiro central,,,,
2019-05-25,14:06:00,COM VÍTIMA,FINALIZADA,IMBIRIBEIRA,AV MARECHAL MASCARENHAS DE MORAES,3,396,RUA OLIVIA MENELAU,E/F A GRILLO FLORES S/T AFOGADOS,AV MARECHAL MASCARENHAS DE MORAES,396,E/F A GRILLO FLORES S/T AFOGADOS,IMBIRIBEIRA,ABALROAMENTO LONGITUDINAL,COLISAO ENTRE DOIS AUTOS S/V,2,,,,,,,,,1,,,CIDADE,Longo da via,Bom,Sem defeito,Perfeito estado,Seca,Perfeito estado,Faixa de pedestre,R-6a,60 km/h,Única,Faixa,,,,
2019-05-25,14:14:00,COM VÍTIMA,FINALIZADA,JARDIM SAO PAULO,RUA LEANDRO BARRETO,3,104,RUA TIETE,PROX AO EDF TORRE DA LIBERDADE,RUA LEANDRO BARRETO,104,PROX AO EDF TORRE DA LIBERDADE,JARDIM SÃO PAULO,ABALROAMENTO LONGITUDINAL,MOTO E AUTO COM VITIMAS,1,1,,,,,,,,1,,,SUBURBIO,Longo da via,Bom,Não existe,Ilegível,Seca,Perfeito estado,Não existe,Não há placas,40 km/h,Dupla,Faixa seccionada,,,,
2019-05-25,16:14:00,COM VÍTIMA,FINALIZADA,IMBIRIBEIRA,AV MARECHAL MASCARENHAS DE MORAES,0,,,EM FRENTE A LOCALIZA,AV MARECHAL MASCARENHAS DE MORAES,,EM FRENTE A LOCALIZA,IMBIRIBEIRA,ATROPELAMENTO,AUTO E PEDESTRE,,,,,1,,1,,,1,,,CIDADE,Longo da via,Bom,Sem defeito,Perfeito estado,Seca,Perfeito estado,Não existe,R-6c,60 km/h,Única,Faixa,,,,
2019-05-25,18:15:00,COM VÍTIMA,FINALIZADA,SAO JOSE,RUA IMPERIAL,4,1217,RUA LOURENCO DA SILVA,PROX AO VIADUTO,RUA IMPERIAL,1217,PROX AO VIADUTO,SÃO JOSÉ,COLISÃO,DOIS AUTO COM VITIMAS,2,,,,,,,,,1,,,,Cruzamento,Bom,Não existe,Perfeito estado,Seca,Perfeito estado,,R-6a,40 km/h,Única,,,,,
2019-05-25,18:47:00,COM VÍTIMA,FINALIZADA,IMBIRIBEIRA,AV MARECHAL MASCARENHAS DE MORAES,0,,,E/F FACULDADE PERNAMBUCANA DE SAUDE,AV MARECHAL MASCARENHAS DE MORAES,,E/F FACULDADE PERNAMBUCANA DE SAUDE,IMBIRIBEIRA,ATROPELAMENTO,MOTO E PEDESTRE COM VITIMAS,,1,,,1,,,,,1,,531,AEROPORTO,Longo da via,Bom,Sem defeito,Perfeito estado,Seca,Perfeito estado,Faixa de pedestre,Não há placas,,Dupla,Canteiro central,,,,
2019-05-25,21:41:00,COM VÍTIMA,FINALIZADA,JORDAO,RUA EMILIO MONTEIRO FONSECA,2,72,,E/F PIZZARIA ALTO ASTRAL,RUA EMILIO MONTEIRO FONSECA,72,E/F PIZZARIA ALTO ASTRAL,JORDÃO,COLISÃO FRONTAL,COLISÃO ENTRE DUAS MOTOS COM VITIMAS,,2,,,,,,,,1,,,SUBURBIO,Longo da via,Bom,Não existe,Ilegível,Seca,Perfeito estado,Não existe,Outras,,Dupla,Não existe,,,,
2019-05-26,09:30:00,COM VÍTIMA,FINALIZADA,DOIS IRMAOS,RUA MANUEL DE MEDEIROS,4,1448,,EM FRENTE AO DEPARTAMENTO DE ZOOTECNIA UFRPE,RUA MANUEL DE MEDEIROS,1448,EM FRENTE AO DEPARTAMENTO DE ZOOTECNIA UFRPE,DOIS IRMÃOS,COLISÃO TRASEIRA,COLISAO C/ VITIMA ENTRE UMA MOTO E UM CARRO,1,1,,,,,,,,1,,,CIDADE,Longo da via,Bom,Não existe,Perfeito estado,Seca,Perfeito estado,Não existe,R-6c,,Dupla,Faixa seccionada,,,,
2019-05-26,14:45:00,COM VÍTIMA,FINALIZADA,CASA FORTE,AV DEZESSETE DE AGOSTO,3,209,RUA JOSE DE GODOY VASCONCELOS,E/F CULTURA INGLESA,AV DEZESSETE DE AGOSTO,209,E/F CULTURA INGLESA,CASA FORTE,COLISÃO COM CICLISTA,AUTO PASSEIO E CICLISTA COM VITIMAS,1,,,1,,,,,,1,,,SUBURBIO,Longo da via,Bom,Sem defeito,Perfeito estado,Seca,Perfeito estado,Faixa de pedestre,R-6a,60 km/h,Dupla,Faixa contínua,,,,
2019-05-26,18:19:00,COM VÍTIMA,FINALIZADA,IBURA,AV SERRA DA MANTIQUEIRA,3,115,,NA LADEIRA DE MONTE VERDE,AV SERRA DA MANTIQUEIRA,115,NA LADEIRA DE MONTE VERDE,IBURA,COLISÃO FRONTAL,ÔNIBUS E MOTO.,,1,,,,1,,,,1,,,SUBURBIO,Longo da via,Bom,Não existe,Perfeito estado,Seca,Perfeito estado,,,,Dupla,,,,,
2019-05-27,06:25:00,COM VÍTIMA,FINALIZADA,IPUTINGA,AV CAXANGA,4,3665,RUA BOM PASTOR,EM FRENTE A GT AUTOS,AV CAXANGA,3665,EM FRENTE A GT AUTOS,IPUTINGA,COLISÃO,COM DUAS VITIMAS,1,1,,,,,,,,2,,8,CIDADE,Longo da via,Chuvoso,Sem defeito,Perfeito estado,Molhada,Perfeito estado,Faixa de pedestre,R-6a,,Dupla,Faixa,Canteiro central,,,
2019-05-27,06:40:00,COM VÍTIMA,FINALIZADA,SANTO AMARO,AV GOVERNADOR AGAMENON MAGALHAES,0,,AV DR JAYME DA FONTE,NO CRUZAMENTO DA AGAMENON X JAYME DA FONTE ( 200 METROS APÓS POSTO DISLUB),AV GOVERNADOR AGAMENON MAGALHAES,,NO CRUZAMENTO DA AGAMENON X JAYME DA FONTE ( 200 METROS APÓS POSTO DISLUB),SANTO AMARO,COLISÃO TRASEIRA,COLISÃO C/ VITIMAS ENTRE AUTO E MOTO,1,1,,,,,,,,1,,49,OLINDA,Longo da via,Chuvoso,Sem defeito,Perfeito estado,Molhada,Perfeito estado,Faixa de pedestre,Não há placas,,Dupla,Canal,,,,