data,hora,natureza_acidente,situacao,bairro,endereco,,numero,detalhe_endereco_acidente,complemento,endereco_cruzamento,numero_cruzamento,referencia_cruzamento,bairro_cruzamento,tipo,descricao,auto,moto,ciclom,ciclista,pedestre,onibus,caminhao,viatura,outros,vitimas,vitimasfatais,num_semaforo,sentido_via,acidente_verificado,tempo_clima,situacao_semaforo,sinalizacao,condicao_via,conservacao_via,ponto_controle,situacao_placa,velocidade_max_via,mao_direcao,divisao_via1,divisao_via2,divisao_via3,_id,Protocolo
2019-05-27,06:43:00,COM VÍTIMA,FINALIZADA,IPSEP,AV RECIFE,4,3060,,PROX. AO MERCADINHO ECONOMICO  SENT. BOA VIAGEM,AV RECIFE,3060,PROX. AO MERCADINHO ECONOMICO  SENT. BOA VIAGEM,IPSEP,ABALROAMENTO LONGITUDINAL,DUAS MOTOS,,2,,,,,,,,2,,,BOA VIAGEM,Longo da via,,Não existe,Perfeito estado,Molhada,Perfeito estado,Não existe,Não há placas,60 km/h,Dupla,Canteiro central,,,,
2019-05-27,08:25:00,COM VÍTIMA,FINALIZADA,SANTO AMARO,RUA ARNOBIO MARQUES,0,,RUA MAJOR CODECEIRA,EM FRENTE AO JULIÃO. LABORATÓRIO MUNICIPAL DE SAÚDE PÚBLICA,RUA ARNOBIO MARQUES,,EM FRENTE AO JULIÃO (MOTO 23 E 29 NO QTH). LABORATÓRIO MUNICIPAL DE SAÚDE PÚBLICA,SANTO AMARO,ABALROAMENTO LONGITUDINAL,COLISÃO C/VITIMA ENTRE AUTO E MOTO,1,1,,,,,,,,1,,,SUBURBIO,Cruzamento,Chuvoso,Não existe,Incompleta,Molhada,Perfeito estado,,Não há placas,,Única,Não existe,,,,
2019-05-28,08:06:00,COM VÍTIMA,FINALIZADA,BOA VIAGEM,RUA VISCONDE DE JEQUITINHONHA,4,1228,RUA BARAO DE SOUZA LEAO,EM FRENTE A POUSADA DIPLOMATA,RUA VISCONDE DE JEQUITINHONHA,1228,EM FRENTE A POUSADA DIPLOMATA,BOA VIAGEM,ATROPELAMENTO,AUTO E PEDESTRE.,1,,,,1,,,,,1,,129,SUBURBIO,Cruzamento,Bom,Sem defeito,Perfeito estado,Seca,Perfeito estado,Não existe,Não há placas,60 km/h,Única,Canteiro central,Canal,,,
2019-05-28,09:05:00,COM VÍTIMA,FINALIZADA,CASA AMARELA,AV NORTE,0,,,EM FREMTE AO PALÁCIO ATACADO,AV NORTE,,EM FREMTE AO PALÁCIO ATACADO,CASA AMARELA,CHOQUE VEÍCULO PARADO,AUTO E MOTO.,1,1,,,,,,,,1,,,CIDADE,Longo da via,Bom,Não existe,Incompleta,Seca,Mal conservada,Não existe,Não há placas,,Dupla,Faixa seccionada,,,,
2019-05-28,12:58:00,COM VÍTIMA,FINALIZADA,BOA VIAGEM,AV BOA VIAGEM,4,6636,RUA PADRE LEANDRO CAMELO,ANTES O DONA LINDÚ EDF PORTO DE ALEXANDRIA,AV BOA VIAGEM,6636,ANTES O DONA LINDÚ EDF PORTO DE ALEXANDRIA,BOA VIAGEM,ABALROAMENTO LONGITUDINAL,MOTO E ÔNIBUS.,,1,,,,1,,,,1,,190,CIDADE,Longo da via,Bom,Sem defeito,Perfeito estado,Seca,Perfeito estado,Faixa de pedestre,Outras,60 km/h,,,,,,
2019-05-28,13:00:00,COM VÍTIMA,FINALIZADA,SANTO AMARO,RUA DO POMBAL,3,870,RUA FREI CASSIMIRO,,RUA DO POMBAL,870,,SANTO AMARO,ABALROAMENTO TRANSVERSAL,DOIS AUTOS.,2,,,,,,,,,2,,,CIDADE,Cruzamento,Bom,Não existe,Ilegível,Seca,Perfeito estado,Não existe,Não há placas,,Dupla,Faixa seccionada,,,,
2019-05-28,13:50:00,COM VÍTIMA,FINALIZADA,IMBIRIBEIRA,RUA ITAJAI,0,,RUA ITACARI,EM FRENTE AO COCIL VIGILANCIA E O INOBY,RUA ITAJAI,,EM FRENTE AO COCIL VIGILANCIA E O INOBY,IMBIRIBEIRA,ABALROAMENTO LONGITUDINAL,AUTO E MOTO.,1,1,,,,,,,,1,,,SUBURBIO,Cruzamento,Bom,Não existe,Perfeito estado,Seca,Perfeito estado,Faixa de pedestre,Placas Pare,,Dupla,Não existe,,,,
2019-05-29,06:56:00,COM VÍTIMA,FINALIZADA,DERBY,AV GOVERNADOR AGAMENON MAGALHAES,0,,,EM FRENTE AO Nº 107,AV GOVERNADOR AGAMENON MAGALHAES,,EM FRENTE AO Nº 107,DERBY,COLISÃO TRASEIRA,COLISÃO COM VITIMA,1,1,,,,,,,,1,,,,Longo da via,Bom,Sem defeito,Perfeito estado,Seca,Perfeito estado,Faixa de pedestre,,60 km/h,Dupla,Canal,,,,
2019-05-28,17:05:00,COM VÍTIMA,FINALIZADA,TORRE,RUA PADRE LANDIM,3,104,RUA DOM MANOEL DA COSTA,POR TRÁS DA MATRIZ DA IGREJA DA TORRE,RUA PADRE LANDIM,104,POR TRÁS DA MATRIZ DA IGREJA DA TORRE,TORRE,ABALROAMENTO TRANSVERSAL,AUTO E CAMINHÃO,1,,,,,,1,,,1,,252,,Cruzamento,Bom,Sem defeito,Incompleta,Seca,Perfeito estado,Faixa de retenção,Não há placas,,Única,Faixa seccionada,,,,
2019-05-29,08:01:00,COM VÍTIMA,FINALIZADA,CABANGA,RUA CAPITAO TEMUDO,0,,,NA DESCIDA DO VIADUTO QUE DÁ ACESSO À RUA IMPERIAL,VIADUTO CAPITAO TEMUDO,,NA DESCIDA DO VIADUTO QUE DÁ ACESSO À RUA IMPERIAL,CABANGA,COLISÃO TRASEIRA,MOTOCICLISTA CAIU DA MOTOCICLETA EM VIRTUDE DE ÓLEO NA PISTA E COLIDIU COM UM VEÍCULO.,1,1,,,,,,,,1,,,SUBURBIO,Viaduto,Chuvoso,Não existe,Perfeito estado,Oleosa,Perfeito estado,Não existe,Não há placas,,Única,Não existe,,,,
2019-05-29,08:10:00,COM VÍTIMA,FINALIZADA,PRADO,RUA GERVASIO CAMPELO,2,80,RUA RODRIGUES DE MENDONCA,POR TRAS DO HABIBS DA ABDIAS DE CARVALHO,RUA GERVASIO CAMPELO,80,POR TRAS DO HABIBS DA ABDIAS DE CARVALHO,PRADO,ABALROAMENTO TRANSVERSAL,AUTO E MOTO.,1,1,,,,,,,,1,,,CIDADE,Cruzamento,Bom,Não existe,Perfeito estado,Seca,Perfeito estado,Faixa de pedestre,R-6a,30 km/h,Única,Não existe,,,,
2019-05-29,09:49:00,COM VÍTIMA,FINALIZADA,CASA AMARELA,RUA XAVANTES,3,150,RUA OSCAR DE BARROS,RUA POR TRÁS DO CANELA SUPERMERCADOS DA PADRE LEMOS,RUA XAVANTES,150,RUA POR TRÁS DO CANELA SUPERMERCADOS DA PADRE LEMOS,CASA AMARELA,ABALROAMENTO TRANSVERSAL,AUTO E MOTO.,1,1,,,,,,,,1,,,SUBURBIO,Cruzamento,Chuvoso,Não existe,Perfeito estado,Molhada,Perfeito estado,Não existe,Placas Pare,,Dupla,Não existe,,,,
2019-05-29,11:10:00,COM VÍTIMA,FINALIZADA,ENCRUZILHADA,AV NORTE,0,,,PRÓXIMO AO EXTRABOM DA ENCRUZILHADA. LADO OPOSTO AO FREIO TESTE - CENTRO AUTOMOTIVO.,AV NORTE,,PRÓXIMO AO EXTRABOM DA ENCRUZILHADA. LADO OPOSTO AO FREIO TESTE - CENTRO AUTOMOTIVO.,ENCRUZILHADA,CAPOTAMENTO,CAPOTAMENTO ENTRE UMA MOTOCICLETA.,,1,,,,,,,,1,,,CIDADE,Longo da via,Chuvoso,Não existe,Perfeito estado,Molhada,Perfeito estado,Não existe,Outras,,Dupla,Canteiro central,,,,
2019-05-30,07:10:00,COM VÍTIMA,FINALIZADA,VARZEA,AV CAXANGA,3,230,RUA PAUL HARRIS,EM FRENTE AO HOSPITAL SANTA TEREZINHA,AV CAXANGA,230,EM FRENTE AO HOSPITAL SANTA TEREZINHA,VÁRZEA,ATROPELAMENTO,AUTO E PEDESTRE.,1,,,,1,,,,,1,,230,CIDADE,Cruzamento,Chuvoso,Sem defeito,Perfeito estado,Molhada,Perfeito estado,Faixa de pedestre,R-6a,60 km/h,Única,Canteiro central,,,,
2019-05-30,08:26:00,COM VÍTIMA,FINALIZADA,TORROES,AV ENGENHEIRO ABDIAS DE CARVALHO,0,,,LADO OPOSTO AO POSTO BR PRÓXIMO AO RESTAURANTE YOKI.,AV ENGENHEIRO ABDIAS DE CARVALHO,,LADO OPOSTO AO POSTO BR PRÓXIMO AO RESTAURANTE YOKI.,TORRÕES,ATROPELAMENTO,MOTO E PEDESTRE.,,1,,,1,,,,,1,,375,CIDADE,Longo da via,Bom,Não existe,Perfeito estado,Seca,Perfeito estado,Não existe,Não há placas,,Dupla,Canteiro central,,,,
2019-05-30,12:00:00,COM VÍTIMA,FINALIZADA,PINA,RUA MANOEL DE BRITO,0,,,PROX. DO TUNEL DO RIO MAR,RUA MANOEL DE BRITO,,PROX. DO TUNEL DO RIO MAR,PINA,ABALROAMENTO LONGITUDINAL,AUTO E MOTO.,1,1,,,,,,,,1,,659,CIDADE,Longo da via,Chuvoso,Sem defeito,Perfeito estado,Molhada,Perfeito estado,Não existe,Outras,,Única,Faixa contínua,,,,
2019-05-30,12:17:00,COM VÍTIMA,FINALIZADA,TAMARINEIRA,RUA DR JOSE MARIA,4,1096,,EM FRENTE AO COLÉGIO BOA VIAGEM.,RUA DR JOSE MARIA,1096,EM FRENTE AO COLÉGIO BOA VIAGEM.,TAMARINEIRA,ABALROAMENTO LONGITUDINAL,AUTO E MOTO.,1,1,,,,,,,,1,,,,Longo da via,Chuvoso,Sem defeito,Perfeito estado,Molhada,Perfeito estado,Faixa de pedestre,R-6a,30 km/h,Dupla,Faixa seccionada,,,,
2019-05-30,15:56:00,COM VÍTIMA,FINALIZADA,BOA VIAGEM,RUA VISCONDE DE JEQUITINHONHA,0,,RUA CAPITAO ZUZINHA,EM FRENTE A LOCALIZA. PISTA OESTE.,RUA VISCONDE DE JEQUITINHONHA,,EM FRENTE A LOCALIZA. PISTA OESTE.,BOA VIAGEM,ABALROAMENTO TRANSVERSAL,AUTO E MOTO.,1,1,,,,,,,,1,,433,SUBURBIO,Cruzamento,Bom,Sem defeito,Perfeito estado,Seca,Perfeito estado,Faixa de pedestre,R-4a,60 km/h,Única,Faixa contínua,Canteiro central,,,
2019-05-30,17:00:00,COM VÍTIMA,FINALIZADA,SANTO ANTONIO,PRC DA REPUBLICA,0,,,PROXIMO AO SEMÁFORO 164,PRC DA REPUBLICA,,PROXIMO AO SEMÁFORO 164,SANTO ANTÔNIO,CAPOTAMENTO,MOTO ENVOLVIDA.,,1,,,,,,,,1,,164,SUBURBIO,Longo da via,Bom,Sem defeito,Perfeito estado,Seca,Perfeito estado,Não existe,Não há placas,,Única,Faixa,,,,
2019-05-30,17:28:00,COM VÍTIMA,FINALIZADA,BONGI,AV ENGENHEIRO ABDIAS DE CARVALHO,2,12,RUA CARLOS GOMES,EM FRENTE A BIG CAR,AV ENGENHEIRO ABDIAS DE CARVALHO,12,EM FRENTE A BIG CAR,BONGI,COLISÃO TRASEIRA,AUTO E MOTO.,1,1,,,,,,,,1,,57,CIDADE,,Bom,Sem defeito,Perfeito estado,Seca,Perfeito estado,Não existe,Não há placas,,Dupla,Canteiro central,,,,
2019-05-30,18:27:00,COM VÍTIMA,FINALIZADA,JARDIM SAO PAULO,RUA LEANDRO BARRETO,0,,AV SAO PAULO,SEMÁFORO 507,RUA LEANDRO BARRETO,,SEMÁFORO 507,JARDIM SÃO PAULO,ATROPELAMENTO,ÕNIBUS E PEDESTRE. C/V,,,,,1,1,,,,1,,507,CIDADE,Cruzamento,Bom,Sem defeito,Incompleta,Seca,Perfeito estado,,Não há placas,,Dupla,Não existe,,,,
2019-05-31,08:54:00,COM VÍTIMA,FINALIZADA,BOA VISTA,RUA DOM BOSCO,3,767,RUA PAISSANDU,,RUA DOM BOSCO,767,,BOA VISTA,ATROPELAMENTO,VITIMA EM ATENDIMENTO PELO SAMU,1,,,,1,,,,,1,,,CID/SUB,Longo da via,Bom,Sem defeito,Perfeito estado,Seca,Perfeito estado,,R-6a,,Única,Faixa,,,,
2019-05-31,11:00:00,COM VÍTIMA,FINALIZADA,AFOGADOS,RUA SAO MIGUEL,0,,,EM FRENTE AO QUARTEL DE AFOGADOS 14º BL 06,RUA SAO MIGUEL,,EM FRENTE AO QUARTEL DE AFOGADOS 14º BL 06,AFOGADOS,COLISÃO TRASEIRA,COM UMA VITIMA AGUARDANDO SAMU,1,,1,,,,,,,1,,,SUBURBIO,Longo da via,Bom,Não existe,Perfeito estado,Seca,Perfeito estado,Não existe,Não há placas,,Dupla,Faixa contínua,,,,
2019-05-31,11:52:00,COM VÍTIMA,FINALIZADA,SANTO AMARO,AV MARIO MELO,3,242,RUA DO VEIGA,EM FRENTE A ESCOLA SILVIO RABELO/NO RETORNO,AV MARIO MELO,242,EM FRENTE A ESCOLA SILVIO RABELO/NO RETORNO,SANTO AMARO,ABALROAMENTO LONGITUDINAL,AUTO E MOTO.,1,1,,,,,,,,1,,,SUBURBIO,Cruzamento,Bom,Não existe,Incompleta,Seca,Mal conservada,Não existe,Não há placas,40 km/h,Dupla,Canteiro central,,,,
2019-05-31,12:11:00,COM VÍTIMA,FINALIZADA,DOIS IRMAOS,RUA MANUEL DE MEDEIROS,0,,,EM FRENTE A PORTARIA Z 1 A UFRPE,RUA MANUEL DE MEDEIROS,,EM FRENTE A PORTARIA Z 1 A UFRPE,DOIS IRMÃOS,ABALROAMENTO TRANSVERSAL,AUTO E MOTO COM VITIMAS,1,1,,,,,,,,1,,224,SUBURBIO,Longo da via,Bom,Sem defeito,Perfeito estado,Seca,Perfeito estado,Não existe,Não há placas,,Dupla,Não existe,,,,
2019-05-31,14:40:00,COM VÍTIMA,FINALIZADA,TORROES,EST DO FORTE DO ARRAIAL N. DO B. JESUS,0,,RUA PROFESSORA LAURA FERREIRA DA COSTA,,EST DO FORTE DO ARRAIAL N. DO B. JESUS,,,TORRÕES,ABALROAMENTO LONGITUDINAL,COLISÃO COM VÍTIMA,1,1,,,,,,,,1,,,,,Chuvoso,Não existe,Perfeito estado,Molhada,Perfeito estado,Não existe,Outras,,Dupla,Faixa contínua,,,,
2019-05-31,17:38:00,COM VÍTIMA,FINALIZADA,PORTO DA MADEIRA,RUA DALVA DE OLIVEIRA,3,175,,,RUA DALVA DE OLIVEIRA,175,,PORTO DA MADEIRA,ABALROAMENTO TRANSVERSAL,COLISÃO COM VÍTIMA,1,1,,,,,,,,1,,,SUBURBIO,Longo da via,Bom,Não existe,Perfeito estado,Seca,Perfeito estado,Não existe,Não há placas,,Dupla,Faixa contínua,,,,
2019-06-01,09:22:00,COM VÍTIMA,FINALIZADA,ILHA JOANA BEZERRA,VDO PAPA JOAO PAULO II,0,,,SOB O VIADUTO,VDO PAPA JOAO PAULO II,,SOB O VIADUTO,JOANA BEZERRA,COLISÃO TRASEIRA,COLISÃO COM VITIMA SOCORRIDA PELO SAMU,1,1,,,,,,,,1,,,CIDADE,Viaduto,Bom,Não existe,Perfeito estado,Seca,Perfeito estado,Outros,Outras,60 km/h,Única,Faixa seccionada,,,,
2019-06-01,10:05:00,COM VÍTIMA,FINALIZADA,VARZEA,AV AFONSO OLINDENSE,4,1524,,EM FRENTE AO RESTAURANTE PICUÍ,AV AFONSO OLINDENSE,1524,EM FRENTE AO RESTAURANTE PICUÍ,VÁRZEA,ABALROAMENTO LONGITUDINAL,PRISMA X HONDA TITAN 150,1,1,,,,,,,,1,,,SUBURBIO,Longo da via,Bom,Não existe,Perfeito estado,Seca,Perfeito estado,Outros,Não há placas,30 km/h,Dupla,Faixa contínua,,,,
2019-06-01,12:15:00,COM VÍTIMA,FINALIZADA,IMBIRIBEIRA,RUA ITACARI,3,340,RUA CACHOEIRA,,RUA ITACARI,340,,IMBIRIBEIRA,ABALROAMENTO TRANSVERSAL,COLISÃO COM VITIMA,1,1,,,,,,,,1,,,SUBURBIO,Cruzamento,Bom,Não existe,Incompleta,Seca,Perfeito estado,Não existe,Não há placas,,Única,Faixa seccionada,,,,
2019-06-01,14:35:00,COM VÍTIMA,FINALIZADA,APIPUCOS,RUA DOIS IRMAOS,3,371,,PRÓXIMO A ROSE BELTRÃO RECEPÇÕES,RUA DOIS IRMAOS,371,PRÓXIMO A ROSE BELTRÃO RECEPÇÕES,APIPUCOS,COLISÃO TRASEIRA,COLISAO ENTRE MOTO E AUTOS COM UMA VITIMA,1,1,,,,,,,,1,,535,CIDADE,Longo da via,Bom,Sem defeito,Perfeito estado,Seca,Perfeito estado,Faixa de pedestre,R-6a,,Dupla,Faixa contínua,,,,
2019-06-02,09:14:00,COM VÍTIMA,FINALIZADA,TEJIPIO,AV DR JOSE RUFINO,0,,,EM FRENTE AO 4 BCOM,AV DR JOSE RUFINO,,EM FRENTE AO 4 BCOM,TEJIPIÓ,ABALROAMENTO LONGITUDINAL,AUTO/MOTO COM VÍTIMA,1,1,,,,,,,,1,,,SUBURBIO,Longo da via,Bom,Não existe,Perfeito estado,Seca,Perfeito estado,Não existe,Não há placas,,Dupla,Faixa contínua,,,,
2019-06-02,09:55:00,COM VÍTIMA,FINALIZADA,BOA VIAGEM,AV BOA VIAGEM,4,5740,,EM FRENTE AO EDF MANOEL DE BRITO,AV BOA VIAGEM,5740,EM FRENTE AO EDF MANOEL DE BRITO,BOA VIAGEM,TOMBAMENTO,BICICLETA ELÉTRICA TRAVOU E O CICLISTA FOI ARREMEÇADO À FRENTE  VINDO A SER SOCORRIDO PELO SAMU,,,,1,,,,,,1,,,SUB/CID,Longo da via,Bom,Sem defeito,Perfeito estado,Seca,Perfeito estado,Faixa de pedestre,Não há placas,60 km/h,Única,Não existe,,,,
2019-06-02,15:02:00,COM VÍTIMA,FINALIZADA,ENCRUZILHADA,AV NORTE,4,1858,AV JOAO DE BARROS,CRUZAMENTO DAS VIAS,AV NORTE,1858,CRUZAMENTO DAS VIAS,ENCRUZILHADA,ABALROAMENTO TRANSVERSAL,COLISÃO COM VITIMA,2,,,,,,,,,1,,,,Cruzamento,Bom,Sem defeito,Perfeito estado,Seca,,Faixa de pedestre,Outras,,Dupla,Faixa contínua,Canteiro central,,,
2019-06-02,18:49:00,COM VÍTIMA,FINALIZADA,ROSARINHO,RUA TREZE DE JUNHO,0,,,EM FRENTE AO IMÓVEL 589,RUA TREZE DE JUNHO,,EM FRENTE AO IMÓVEL 589,ROSARINHO,CHOQUE OBJETO FIXO,ONIBUS X ARVORE OBS: ARVORE CAIU SOBRE O ONIBUS E UM PEDESTRE,,,,,,1,,,,1,,,CID/SUB,Longo da via,Bom,Não existe,Perfeito estado,Seca,Mal iluminada,,R-6a,20 km/h,Única,,,,,
2019-06-02,19:25:00,COM VÍTIMA,FINALIZADA,IMBIRIBEIRA,RUA ARQUITETO LUIZ NUNES,0,,AV ENGENHEIRO ALVES DE SOUZA,EM FRENTE A JULIETTO,RUA ARQUITETO LUIZ NUNES,,EM FRENTE A JULIETTO,IMBIRIBEIRA,COLISÃO,COLISÃO COM VITIMA/ CONDUTOR DO AUTO EVADIU DO LOCAL,,1,,,,,,,,1,,,,Cruzamento,Bom,Sem defeito,Incompleta,Seca,Mal iluminada,Faixa de pedestre,Outras,,Dupla,Faixa contínua,,,,
2019-06-02,19:46:00,COM VÍTIMA,FINALIZADA,CAMPINA DO BARRETO,RUA IGUATU,0,,RUA CONEGO OLIMPIO TORRES,,RUA IGUATU,,,CAMPINA DO BARRETO,COLISÃO COM CICLISTA,MOTO X CICLISTA,,1,,1,,,,,,1,,,SUBURBIO,Longo da via,Bom,Não existe,Perfeito estado,Seca,Perfeito estado,Outros,Outras,,Dupla,Outros,,,,
2019-06-02,21:19:00,COM VÍTIMA,FINALIZADA,ARRUDA,AV PROFESSOR JOSE DOS ANJOS,0,,RUA PETRONILA BOTELHO,,AV PROFESSOR JOSE DOS ANJOS,,,ARRUDA,ABALROAMENTO LONGITUDINAL,AUTO X MOTO,1,1,,,,,,,,1,,,SUB/CID,Cruzamento,Bom,Sem defeito,Perfeito estado,Seca,Perfeito estado,Faixa de pedestre,,,Dupla,Canal,,,,
2019-06-03,14:37:00,COM VÍTIMA,FINALIZADA,BOA VISTA,AV CONDE DA BOA VISTA,0,,RUA GONCALVES MAIA,POSTO DE COMBUSTÍVEL SHELL,AV CONDE DA BOA VISTA,,POSTO DE COMBUSTÍVEL SHELL,BOA VISTA,ABALROAMENTO TRANSVERSAL,AUTO PASSEIO E MOTOCICLETA COM UMA VÍTIMA,1,1,,,,,,,,1,,299,CIDADE,Longo da via,Bom,Sem defeito,Perfeito estado,Seca,Perfeito estado,Não existe,Outras,60 km/h,Dupla,Faixa contínua,,,,
2019-06-03,16:13:00,COM VÍTIMA,FINALIZADA,VASCO DA GAMA,RUA VASCO DA GAMA,0,,,,RUA VASCO DA GAMA,,,VASCO DA GAMA,COLISÃO FRONTAL,AUTO E MOTO COM VITIMAS,1,1,,,,,,,,1,,,SUBURBIO,Longo da via,Bom,Não existe,Perfeito estado,Seca,Perfeito estado,Não existe,R-6a,30 km/h,,Não existe,,,,
2019-06-03,19:24:00,COM VÍTIMA,FINALIZADA,SANTO AMARO,AV CRUZ CABUGA,0,,RUA VINTE E QUATRO DE AGOSTO,,AV CRUZ CABUGA,,,SANTO AMARO,ABALROAMENTO TRANSVERSAL,MOTO E COLETIVO,,1,,,,1,,,,1,,,SUBURBIO,Cruzamento,Bom,Não existe,Incompleta,Seca,Perfeito estado,Não existe,Outras,,Dupla,Faixa contínua,,,,
2019-06-04,03:11:00,COM VÍTIMA,FINALIZADA,CORDEIRO,AV CAXANGA,0,,,POSTE Nº B 058761 / EM FRENTE AO CENTRO PASTORAL PE OSCAR MARTINS,AV CAXANGA,,POSTE Nº B 058761 / EM FRENTE AO CENTRO PASTORAL PE OSCAR MARTINS,CORDEIRO,CHOQUE OBJETO FIXO,CONDUTOR PERDEU O CONTROLE DO VEÍCULO E CHOCOU-SE CONTRA O POSTE,1,,,,,,,,,1,,,CIDADE,Longo da via,Chuvoso,Não existe,Perfeito estado,Molhada,Perfeito estado,Não existe,Outras,60 km/h,Dupla,Canteiro central,,,,
2019-06-04,07:37:00,COM VÍTIMA,FINALIZADA,BOA VIAGEM,AV ARMINDO MOURA,3,500,,GAP GRUPO DE APOIO DO RECIFE,AV ARMINDO MOURA,500,GAP GRUPO DE APOIO DO RECIFE,BOA VIAGEM,ABALROAMENTO TRANSVERSAL,COLISÃO C/VITIMA ENTRE UMA MOTO E UM AUTO,1,1,,,,,,,,1,,,,Longo da via,Bom,Não existe,Perfeito estado,Molhada,Perfeito estado,Não existe,Não há placas,40 km/h,Dupla,Faixa seccionada,,,,
2019-06-04,09:21:00,COM VÍTIMA,FINALIZADA,IBURA,LAD DA COHAB,0,,,PROX. A PICLINA ARNALDO MARQUES,LAD DA COHAB,,PROX. A PICLINA ARNALDO MARQUES,IBURA,COLISÃO COM CICLISTA,AUTO E CICLISTA (PONTO FIXO),1,,,1,,,,,,1,,,SUBURBIO,Longo da via,Bom,Não existe,Perfeito estado,Seca,Mal conservada,Agente,Não há placas,,Dupla,Faixa contínua,,,,
2019-06-04,10:12:00,COM VÍTIMA,FINALIZADA,BOA VISTA,AV CONDE DA BOA VISTA,4,1482,,EM FRENTE AO EDF SANTA TEREZINHA,AV CONDE DA BOA VISTA,1482,EM FRENTE AO EDF SANTA TEREZINHA,BOA VISTA,ATROPELAMENTO,MOTO E PEDESTRE BATEDORES NO LOCAL,,1,,,1,,,,,1,,,,Longo da via,Bom,Não existe,Perfeito estado,Seca,Perfeito estado,Faixa de pedestre,R-6c,,Dupla,Faixa contínua,,,,
2019-06-04,16:40:00,COM VÍTIMA,FINALIZADA,ESPINHEIRO,AV GOVERNADOR AGAMENON MAGALHAES,4,2764,RUA BUENOS AYRES,PISTA PRINCIPAL,AV GOVERNADOR AGAMENON MAGALHAES,2764,PISTA PRINCIPAL,ESPINHEIRO,COLISÃO COM CICLISTA,COLISÃO ENTRE AUTO E BICICLETA,,1,,1,,,,,,1,,78,SUBURBIO,Cruzamento,Bom,Sem defeito,Perfeito estado,Seca,Perfeito estado,Faixa de pedestre,Outras,,Dupla,Canteiro central,,,,
2019-06-04,16:57:00,COM VÍTIMA,FINALIZADA,IBURA,RUA VALE DO ITAJAI,0,,,EM FRENTE AO Nº 161,RUA VALE DO ITAJAI,,EM FRENTE AO Nº 161,IBURA,ATROPELAMENTO,ONIBUS E PEDESTRE,,,,,1,1,,,,1,,,SUBURBIO,Longo da via,Bom,Não existe,Perfeito estado,Seca,Perfeito estado,Não existe,Não há placas,,Dupla,Não existe,,,,
2019-06-04,17:39:00,COM VÍTIMA,FINALIZADA,AGUA FRIA,RUA SAO SEBASTIAO,3,270,,COLEGIO FUTURO,RUA SAO SEBASTIAO,270,COLEGIO FUTURO,ÁGUA FRIA,ABALROAMENTO LONGITUDINAL,ENTRE AUTO E MOTO. C/V,1,1,,,,,,,,1,,,SUBURBIO,Longo da via,Bom,,,Seca,Perfeito estado,Não existe,Não há placas,,Dupla,Faixa seccionada,,,,
2019-06-04,21:37:00,COM VÍTIMA,FINALIZADA,TEJIPIO,AV DR JOSE RUFINO,0,,,E/F AO QUARTEL 4º BCOM,AV DR JOSE RUFINO,,E/F AO QUARTEL 4º BCOM,TEJIPIÓ,CHOQUE OBJETO FIXO,CONDUTOR PERDEU O CONTROLE DO VEÍCULO E OCASIONOU UM CHOQUE ENTRE O POSTE. SOLICITAM O ATENDIMENTO DA CTTU NO LOCAL,1,,,,,,,,,1,,3220,CIDADE,Longo da via,Bom,Sem defeito,Perfeito estado,Seca,Perfeito estado,Outros,Outras,,Dupla,Faixa contínua,,,,
2019-06-05,07:46:00,COM VÍTIMA,FINALIZADA,SAO JOSE,C DO APOLO,3,925,,PRÓX AO PRÉDIO DA PREFEITURA DO RECIFE,CAIS DO APOLO,925,PRÓX AO PRÉDIO DA PREFEITURA DO RECIFE,SÃO JOSÉ,COLISÃO TRASEIRA,COLISÃO EM SEGUIDA DE ATROPELAMENTO VITIMA A ESPERA DO SAMU,1,1,,,,1,,,,1,,436,SUBURBIO,Longo da via,Chuvoso,Sem defeito,Perfeito estado,Molhada,Perfeito estado,Faixa de pedestre,,,Dupla,,,,,