data,hora,natureza_acidente,situacao,bairro,endereco,,numero,detalhe_endereco_acidente,complemento,endereco_cruzamento,numero_cruzamento,referencia_cruzamento,bairro_cruzamento,tipo,descricao,auto,moto,ciclom,ciclista,pedestre,onibus,caminhao,viatura,outros,vitimas,vitimasfatais,num_semaforo,sentido_via,acidente_verificado,tempo_clima,situacao_semaforo,sinalizacao,condicao_via,conservacao_via,ponto_controle,situacao_placa,velocidade_max_via,mao_direcao,divisao_via1,divisao_via2,divisao_via3,_id,Protocolo
2019-06-05,08:27:00,COM VÍTIMA,FINALIZADA,MADALENA,EST DOS REMEDIOS,0,,,EM FRENTE AO POSTO DE COMBUSTÍVEL EXTRA,EST DOS REMEDIOS,,EM FRENTE AO POSTO DE COMBUSTÍVEL EXTRA,MADALENA,COLISÃO TRASEIRA,INFORMAÇÃO REPASSDA QUE A MOTOCICLETA EVADIU-SE DO LOCAL E O MESMO NÃO PEGOU O NOME DO PÉRITO,,1,,,,,,,,1,,,,Longo da via,Chuvoso,Sem defeito,Não existente,Molhada,,Agente,Não há placas,,Única,,,,,
2019-06-05,11:54:00,COM VÍTIMA,FINALIZADA,BARRO,AV DR JOSE RUFINO,4,1926,,,AV DR JOSE RUFINO,1926,,BARRO,ABALROAMENTO LONGITUDINAL,COLISÃO COM VITIMA A ESPERA DO SAMU,1,2,,,,,,,,2,,,SUBURBIO,Longo da via,Bom,Não existe,Não existente,Seca,Perfeito estado,Não existe,Não há placas,,Dupla,Faixa contínua,,,,
2019-06-05,13:16:00,COM VÍTIMA,FINALIZADA,CASA AMARELA,RUA OSCAR DE BARROS,0,,RUA XAVANTES,,RUA OSCAR DE BARROS,,,CASA AMARELA,ABALROAMENTO TRANSVERSAL,CLISÃO C/VITIMAS ENTRE AUTO E MOTO,1,1,,,,,,,,1,,,SUBURBIO,Cruzamento,Bom,Não existe,Ilegível,Seca,Perfeito estado,Não existe,Placas Pare,,Dupla,Faixa contínua,,,,
2019-06-05,15:02:00,COM VÍTIMA,FINALIZADA,MADALENA,RUA REAL DA TORRE,0,,,TUNEL DA ABOLIÇÃO,RUA REAL DA TORRE,,TUNEL DA ABOLIÇÃO,MADALENA,COLISÃO TRASEIRA,ENTRE TRES AUTOS,2,1,,,,,,,,1,,,SUBURBIO,Viaduto,Bom,Não existe,Perfeito estado,Seca,Perfeito estado,Não existe,Não há placas,,Única,Faixa contínua,,,,
2019-06-05,16:02:00,COM VÍTIMA,FINALIZADA,BARRO,AV DR JOSE RUFINO,0,,,LADO OPOSTO A IGREJA PRESBITERINA DE AREIAS,AV DR JOSE RUFINO,,LADO OPOSTO A IGREJA PRESBITERINA DE AREIAS,BARRO,ABALROAMENTO LONGITUDINAL,AUTO X MOTO PEZ5610 . KLA2669,1,1,,,,,,,,1,,,SUBURBIO,Longo da via,Bom,Sem defeito,Perfeito estado,Seca,Perfeito estado,Não existe,Outras,,Dupla,Faixa seccionada,,,,
2019-06-05,18:03:00,COM VÍTIMA,FINALIZADA,IMBIRIBEIRA,AV MARECHAL MASCARENHAS DE MORAES,0,,,UNIDAS SEMINOVOS,AV MARECHAL MASCARENHAS DE MORAES,,UNIDAS SEMINOVOS,IMBIRIBEIRA,ATROPELAMENTO ANIMAL,MOTO COLIDIU COM UM CACHORRO NA VIA,,1,,,,,,,,1,,631,CIDADE,Longo da via,Bom,Sem defeito,Perfeito estado,Seca,Perfeito estado,Faixa de pedestre,R-6a,,Dupla,Canteiro central,,,,
2019-06-05,18:18:00,COM VÍTIMA,FINALIZADA,PRADO,RUA GOMES TABORDA,0,,RUA DES ADOLFO CIRIACO,PRÓXIMO AO BAILE PERFUMADO,RUA GOMES TABORDA,,PRÓXIMO AO BAILE PERFUMADO,PRADO,ABALROAMENTO LONGITUDINAL,DOIS AUTO COM VITIMAS  UM DOS AUTO COLIDIU COM UMA ARVORE QUE VEIO À CAIR,2,,,,,,,,,1,,,SUBURBIO,Longo da via,Bom,Não existe,Perfeito estado,Seca,Perfeito estado,Não existe,Outras,,Dupla,Faixa seccionada,,,,
2019-06-05,20:15:00,COM VÍTIMA,FINALIZADA,IPSEP,RUA JEAN EMILE FAVRE,0,,,LADO OPOSTO A FARMÁCIA DIARIAMENTE,RUA JEAN EMILE FAVRE,,LADO OPOSTO A FARMÁCIA DIARIAMENTE,IPSEP,ATROPELAMENTO,MOTO E PEDESTRE,,1,,,1,,,,,1,,564,SUBURBIO,Longo da via,Bom,Sem defeito,Perfeito estado,Seca,Perfeito estado,Faixa de pedestre,Outras,,,Faixa contínua,,,,
2019-06-06,06:28:00,COM VÍTIMA,FINALIZADA,BOA VISTA,AV CONDE DA BOA VISTA,4,1377,RUA GONCALVES MAIA,POSTO SHELL,AV CONDE DA BOA VISTA,1377,POSTO SHELL,BOA VISTA,ABALROAMENTO TRANSVERSAL,COM TRES VITIMAS SAMU NO LOCAL,1,,,,,1,,,,5,,299,CIDADE,Cruzamento,Bom,Sem defeito,Perfeito estado,Seca,Perfeito estado,Faixa de pedestre,,,Dupla,Faixa,,,,
2019-06-06,06:59:00,COM VÍTIMA,FINALIZADA,JORDAO,AV MARIA IRENE,0,,RUA TUPINANCY,BASE AÉREA DO RECIFE,AV MARIA IRENE,,BASE AÉREA DO RECIFE,JORDÃO,ABALROAMENTO LONGITUDINAL,,1,1,,,,,,,,2,,,CIDADE,Cruzamento,Bom,Não existe,Incompleta,Seca,Perfeito estado,Não existe,Não há placas,30 km/h,Dupla,Não existe,,,,
2019-06-06,09:16:00,COM VÍTIMA,FINALIZADA,AGUA FRIA,AV BEBERIBE,4,1692,,MERCADO DO ÓLEO,AV BEBERIBE,1692,MERCADO DO ÓLEO,ÁGUA FRIA,ABALROAMENTO LONGITUDINAL,COLISÃO COM VÍTIMA  ENVOLVENDO AUTO E MOTO.,1,1,,,,,,,,1,,,CIDADE,Longo da via,Bom,Não existe,Perfeito estado,Seca,Perfeito estado,Não existe,R-6a,,Dupla,Faixa contínua,,,,
2019-06-06,12:13:00,COM VÍTIMA,FINALIZADA,BOA VISTA,RUA JOSE DE ALENCAR,3,137,RUA BARAO DE SAO BORJA,,RUA JOSE DE ALENCAR,137,,BOA VISTA,ABALROAMENTO LONGITUDINAL,COLISÃO COM VÍTIMA,1,1,,,,,,,,1,,,SUB/CID,Cruzamento,Bom,Não existe,Perfeito estado,Seca,Perfeito estado,,Placas Pare,30 km/h,Única,,,,,
2019-06-06,13:16:00,COM VÍTIMA,FINALIZADA,ENCRUZILHADA,AV JOAO DE BARROS,0,,,E/F FARMACIA DO TRABALHADOR,AV JOAO DE BARROS,,E/F FARMACIA DO TRABALHADOR,ENCRUZILHADA,ATROPELAMENTO,MOTO E PEDESTRE COM VITIMAS,,1,,,1,,,,,2,,664,,Longo da via,Bom,Sem defeito,Perfeito estado,Seca,Perfeito estado,Faixa de pedestre,,,Única,,,,,
2019-06-06,15:31:00,COM VÍTIMA,FINALIZADA,CASA FORTE,AV DEZESSETE DE AGOSTO,0,,EST DAS UBAIAS,,AV DEZESSETE DE AGOSTO,,,CASA FORTE,ABALROAMENTO TRANSVERSAL,COLISÃO COM VÍTIMA,1,1,,,,,,,,1,,169,SUBURBIO,Cruzamento,Bom,Sem defeito,Perfeito estado,Seca,Perfeito estado,Faixa de pedestre,R-6a,,Dupla,Faixa contínua,,,,
2019-06-06,16:58:00,COM VÍTIMA,FINALIZADA,IPSEP,RUA HELIO BRANDAO,3,135,RUA ADERBAL DE MELO,E/F AO CHAMBARIL DO JOÃO,RUA HELIO BRANDAO,135,E/F AO CHAMBARIL DO JOÃO,IPSEP,ABALROAMENTO TRANSVERSAL,TRES AUTO SEM VITIMAS,3,,,,,,,,,1,,,CIDADE,Cruzamento,Bom,Não existe,Incompleta,Seca,Perfeito estado,Não existe,Não há placas,,Única,Não existe,,,,
2019-06-06,17:56:00,COM VÍTIMA,FINALIZADA,IMBIRIBEIRA,RUA ITACARI,3,299,RUA ITAJAI,AO LADO BANCO ITAU,RUA ITACARI,299,AO LADO BANCO ITAU,IMBIRIBEIRA,ABALROAMENTO TRANSVERSAL,AUTO E MOTO COM VITIMAS,1,1,,,,,,,,1,,,SUBURBIO,Longo da via,Bom,Não existe,Perfeito estado,Seca,Perfeito estado,Não existe,Não há placas,,Dupla,Não existe,,,,
2019-06-06,18:32:00,COM VÍTIMA,FINALIZADA,CAMPO GRANDE,RUA JERONIMO VILELA,0,,,,RUA JERONIMO VILELA,,,CAMPO GRANDE,ABALROAMENTO TRANSVERSAL,MOTO X PALIO,1,1,,,,,,,,1,,,,Longo da via,Bom,Não existe,Perfeito estado,Seca,Perfeito estado,Não existe,Outras,,Dupla,Faixa seccionada,,,,
2019-06-07,05:32:00,COM VÍTIMA,FINALIZADA,MACAXEIRA,AV NORTE,0,,,EM FRENTE A PRAÇA DA MACAXEIRA // PRÓX A ANTIGA FÁBRICA,AV NORTE,,EM FRENTE A PRAÇA DA MACAXEIRA // PRÓX A ANTIGA FÁBRICA,MACAXEIRA,COLISÃO,COLISÃO ENTRE ÔNIBUS E AUTO  COM VÍTIMAS.,1,,,,,1,,,,2,,671,CIDADE,Longo da via,Bom,Sem defeito,Perfeito estado,Seca,Perfeito estado,Faixa de pedestre,R-6a,50 km/h,Dupla,Canteiro central,,,,
2019-06-07,07:19:00,COM VÍTIMA,FINALIZADA,CAXANGA,AV CAXANGA,4,4515,,SENT. CAMARAGIBE EM FRENTE A ITALIANA,AV CAXANGA,4515,SENT. CAMARAGIBE EM FRENTE A ITALIANA,CAXANGÁ,COLISÃO COM CICLISTA,MOTO E CICLISTA BATEDORES NO LOCAL,,1,,1,,,,,,2,,,SUBURBIO,Longo da via,Bom,Não existe,Perfeito estado,Seca,Perfeito estado,Não existe,R-6a,,Dupla,Canteiro central,,,,
2019-06-07,10:40:00,COM VÍTIMA,FINALIZADA,CORDEIRO,AV GENERAL SAN MARTIN,0,,,AO LADO DO COMPAZ,AV GENERAL SAN MARTIN,,AO LADO DO COMPAZ,CORDEIRO,ABALROAMENTO TRANSVERSAL,DUAS MOTOS,,1,1,,,,,,,1,,,CIDADE,Longo da via,Bom,Não existe,Perfeito estado,Seca,Perfeito estado,Não existe,Outras,,Dupla,Faixa contínua,,,,
2019-06-07,12:29:00,COM VÍTIMA,FINALIZADA,IMBIRIBEIRA,AV MARECHAL MASCARENHAS DE MORAES,4,5001,,OPOSTO AO GESSO E CIA MATERIAIS E SERVIÇOS,AV MARECHAL MASCARENHAS DE MORAES,5001,OPOSTO AO GESSO E CIA MATERIAIS E SERVIÇOS,IMBIRIBEIRA,COLISÃO TRASEIRA,COLISAO ENTRE CAMINHAO AUTO E MOTO COM UMA VITIMA,1,,,,,,1,,,1,,,CIDADE,Longo da via,Bom,Não existe,Perfeito estado,Seca,Perfeito estado,Outros,R-6a,,Dupla,Faixa seccionada,Canteiro central,,,
2019-06-07,13:17:00,COM VÍTIMA,FINALIZADA,ESTANCIA,AV RECIFE,4,5005,,EM FRENTE AO SEMÁFORO 461   AO LADO DO MAKRO,AV RECIFE,5005,EM FRENTE AO SEMÁFORO 461   AO LADO DO MAKRO,ESTÂNCIA,CHOQUE VEÍCULO PARADO,COLISAO ENTRE AUTO E MOTO COM UMA VITIMA,1,1,,,,,,,,1,,461,CIDADE,Longo da via,Bom,Com defeito,Ilegível,Seca,Perfeito estado,Faixa de pedestre,Não há placas,60 km/h,Única,Faixa contínua,,,,
2019-06-07,14:46:00,COM VÍTIMA,FINALIZADA,AFOGADOS,RUA DA PAZ,3,315,,,RUA DA PAZ,315,,AFOGADOS,ABALROAMENTO TRANSVERSAL,COLISÃO COM VITIMA,1,1,,,,,,,,1,,,SUBURBIO,Longo da via,Bom,Não existe,Perfeito estado,Seca,Perfeito estado,Não existe,Não há placas,,Única,Faixa seccionada,,,,
2019-06-07,14:59:00,COM VÍTIMA,FINALIZADA,AFOGADOS,RUA MOTOCOLOMBO,2,97,,EM FRENTE AO BANCO SANTANDER,RUA MOTOCOLOMBO,97,EM FRENTE AO BANCO SANTANDER,AFOGADOS,COLISÃO,COLISÃO COM VÍTIMA,1,1,,,,,,,,1,,,SUBURBIO,Longo da via,Bom,Não existe,Perfeito estado,Seca,Perfeito estado,Outros,Outras,,Única,Faixa seccionada,,,,
2019-06-08,06:40:00,COM VÍTIMA,FINALIZADA,BEBERIBE,AV BEBERIBE,3,431,,,AV BEBERIBE,431,,BEBERIBE,COLISÃO TRASEIRA,COLISÃO C/ VITIMAS ENTRE MOTO E AUTO,1,1,,,,,,,,1,,,CID/SUB,Longo da via,Bom,Sem defeito,Perfeito estado,Seca,Perfeito estado,Faixa de pedestre,Não há placas,,Dupla,,,,,
2019-06-08,12:24:00,COM VÍTIMA,FINALIZADA,SANTO AMARO,RUA TREZE DE MAIO,3,207,,,RUA TREZE DE MAIO,207,,SANTO AMARO,ABALROAMENTO LONGITUDINAL,COLISÃO ENTRE AUTO E MOTOCICLETA COM VÍTIMAS,1,1,,,,,,,,2,,,CIDADE,Longo da via,Bom,Não existe,Perfeito estado,Seca,Perfeito estado,Não existe,Não há placas,,Dupla,Faixa contínua,,,,
2019-06-08,13:40:00,COM VÍTIMA,FINALIZADA,BEBERIBE,RUA URIEL DE HOLANDA,0,,,EM FRENTE A ESCOLA PEDRO CELSO,RUA URIEL DE HOLANDA,,EM FRENTE A ESCOLA PEDRO CELSO,BEBERIBE,ABALROAMENTO LONGITUDINAL,COLISÃO COM VITIMA,,1,,,,1,,,,1,,,SUBURBIO,Longo da via,Bom,Não existe,Perfeito estado,Seca,Perfeito estado,Faixa de pedestre,R-6a,,Dupla,Faixa contínua,,,,
2019-06-08,14:01:00,COM VÍTIMA,FINALIZADA,IMBIRIBEIRA,AV MARECHAL MASCARENHAS DE MORAES,4,4080,,EM FRENTE A VENEA MATERIAL DE CONSTRUÇÃO,AV MARECHAL MASCARENHAS DE MORAES,4080,EM FRENTE A VENEA MATERIAL DE CONSTRUÇÃO,IMBIRIBEIRA,ABALROAMENTO TRANSVERSAL,COLISAO ENTRE AUTO E DUAS MOTOS COM DUAS VITIMAS,1,2,,,,,,,,2,,310,SUBURBIO,Longo da via,Bom,Sem defeito,Perfeito estado,Seca,Perfeito estado,Faixa de retenção,Não há placas,,Dupla,Canteiro central,,,,
2019-06-09,05:51:00,COM VÍTIMA,FINALIZADA,BOA VIAGEM,AV ENGENHEIRO DOMINGOS FERREIRA,3,636,RUA PEREIRA DA COSTA,EM FRENTE AO CLINICCAL CENTER,AV ENGENHEIRO DOMINGOS FERREIRA,636,EM FRENTE AO CLINICCAL CENTER,BOA VIAGEM,COLISÃO TRASEIRA,COLISÃO ENTRE DOIS AUTOS  COM VÍTIMA,2,,,,,,,,,2,,142,SUBURBIO,Longo da via,Bom,Sem defeito,Perfeito estado,Seca,Perfeito estado,Faixa de pedestre,,60 km/h,Única,Canteiro central,,,,
2019-06-09,16:58:00,COM VÍTIMA,FINALIZADA,APIPUCOS,RUA CORONEL JOAO BATISTA DO REGO BARROS,0,,,PROX. AO PARQUE   SOBRE A PONTE,RUA CORONEL JOAO BATISTA DO REGO BARROS,,PROX. AO PARQUE   SOBRE A PONTE,APIPUCOS,COLISÃO COM CICLISTA,COLISÃO COM VITIMA,,1,,1,,,,,,1,,540,SUBURBIO,Longo da via,Bom,Sem defeito,Perfeito estado,Seca,Perfeito estado,Não existe,Não há placas,,Dupla,Não existe,,,,
2019-06-09,18:10:00,COM VÍTIMA,FINALIZADA,VARZEA,RUA VALE DO SIRIJI,0,,,E/F AO COLÉGIO ESTADUAL MARIA DA CONC E AO LADO DA IGREJA CATÓLICA,RUA VALE DO SIRIJI,,E/F AO COLÉGIO ESTADUAL MARIA DA CONC E AO LADO DA IGREJA CATÓLICA,VÁRZEA,COLISÃO TRASEIRA,ENTRE MOTO E AUTO. C/V,1,1,,,,,,,,1,,,SUBURBIO,Longo da via,Bom,Não existe,Não existente,Seca,Perfeito estado,Não existe,Não há placas,,Dupla,Faixa,,,,
2019-06-10,07:49:00,COM VÍTIMA,FINALIZADA,CASA AMARELA,AV NORTE,4,5600,,AO LADO DA UPINHA,AV NORTE,5600,AO LADO DA UPINHA,CASA AMARELA,ABALROAMENTO LONGITUDINAL,AUTO E MOTO,1,1,,,,,,,,1,,,SUBURBIO,Longo da via,Bom,Não existe,Perfeito estado,Seca,Perfeito estado,Não existe,Outras,,Dupla,Canteiro central,,,,
2019-06-10,08:51:00,COM VÍTIMA,FINALIZADA,SANTO AMARO,RUA DOS PALMARES,0,,RUA MAJOR CODECEIRA,APOS O PROCAPE. em frente ao laboratório municipal de saúde púbica,RUA DOS PALMARES,,APOS O PROCAPE. em frente ao laboratório municipal de saúde púbica,SANTO AMARO,ABALROAMENTO LONGITUDINAL,MOTO E AUTO,1,1,,,,,,,,1,,,SUBURBIO,Longo da via,Bom,Não existe,Perfeito estado,Seca,Perfeito estado,Não existe,Não há placas,,Única,,,,,
2019-06-10,12:05:00,COM VÍTIMA,FINALIZADA,AFOGADOS,AV SUL,0,,,E/F A DISMAR ANTES DO VIADUTO DA AV SUL,AV SUL,,E/F A DISMAR ANTES DO VIADUTO DA AV SUL,AFOGADOS,COLISÃO COM CICLISTA,DOIS AUTO E CICLISTA COM VITIMAS,2,,,1,,,,,,1,,320,CIDADE,Longo da via,Bom,Sem defeito,Perfeito estado,Seca,Mal iluminada,Não existe,Não há placas,,Única,Faixa,,,,
2019-06-10,12:44:00,COM VÍTIMA,FINALIZADA,ESPINHEIRO,RUA SANTO ELIAS,0,,RUA DO ESPINHEIRO,EM FRENTE AO POSTO IPIRANGA,RUA SANTO ELIAS,,EM FRENTE AO POSTO IPIRANGA,ESPINHEIRO,ABALROAMENTO TRANSVERSAL,COLISÃO COM VITIMA,1,1,,,,,,,,1,,,CIDADE,Cruzamento,Bom,Não existe,Perfeito estado,Seca,Perfeito estado,Faixa de pedestre,Placas Pare,,Única,Faixa seccionada,,,,
2019-06-10,17:20:00,COM VÍTIMA,FINALIZADA,DERBY,PRC DO DERBY,0,,RUA JENER DE SOUZA,EM FRENTE AO QUARTEL DO DERBY,PRC DO DERBY,,EM FRENTE AO QUARTEL DO DERBY,DERBY,ATROPELAMENTO,ONIBUS E PEDESTRE,,,,,1,1,,,,1,,,,Longo da via,Bom,Não existe,Perfeito estado,Seca,Perfeito estado,Não existe,Não há placas,,Única,Não existe,,,,
2019-06-10,18:25:00,COM VÍTIMA,FINALIZADA,BOA VISTA,RUA AURORA,0,,AV CONDE DA BOA VISTA,EM FRENTE AO CINE SÃO LUIZ,RUA AURORA,,EM FRENTE AO CINE SÃO LUIZ,BOA VISTA,COLISÃO TRASEIRA,COLISÃO COM VÍTIMA  ENTRE CAMINHÃO E MOTO,,1,,,,,1,,,1,,162,,Longo da via,Bom,Sem defeito,Perfeito estado,Seca,Perfeito estado,Faixa de retenção,Não há placas,,Única,Faixa seccionada,,,,
2019-06-10,20:28:00,COM VÍTIMA,FINALIZADA,CAXANGA,AV CAXANGA,4,1440,,PROX AO HOSPITAL GETULIO VARGAS  SNT CAMARAGIBE / SEMÁFORO 80 ----- VT 02 NO LOCAL - EDVAN,AV CAXANGA,1440,PROX AO HOSPITAL GETULIO VARGAS  SNT CAMARAGIBE / SEMÁFORO 80 ----- VT 02 NO LOCAL - EDVAN,CAXANGÁ,ABALROAMENTO LONGITUDINAL,ENTRE MOTO E AUTO. C/V,1,1,,,,,,,,1,,80,SUBURBIO,Longo da via,Bom,Sem defeito,Perfeito estado,Seca,Perfeito estado,Agente,Outras,,Dupla,Canteiro central,,,,
2019-06-11,01:41:00,COM VÍTIMA,FINALIZADA,DERBY,AV GOVERNADOR AGAMENON MAGALHAES,0,,,SEMÁFORO 078,AV GOVERNADOR AGAMENON MAGALHAES,,SEMÁFORO 078,DERBY,CAPOTAMENTO,MOTORISTA PERDEU O CONTROLE DO VEÍCULO E CAIU DENTRO DO CANAL COM O MESMO  C/V,1,,,,,,,,,1,,78,SUBURBIO,Longo da via,Bom,Sem defeito,Perfeito estado,Seca,Perfeito estado,Outros,Outras,,Única,Canteiro central,,,,
2019-06-11,08:15:00,COM VÍTIMA,FINALIZADA,AGUA FRIA,AV BEBERIBE,0,,RUA ZEFERINO AGRA,,AV BEBERIBE,,,ÁGUA FRIA,ABALROAMENTO LONGITUDINAL,COLISÃO COM VITIMA,1,1,,,,,,,,1,,,CIDADE,Longo da via,Bom,Não existe,Perfeito estado,Seca,Perfeito estado,Faixa de pedestre,R-6a,,Dupla,Não existe,,,,
2019-06-11,14:38:00,COM VÍTIMA,FINALIZADA,BONGI,RUA ITAPEMIRIM,0,,RUA PIO MUNIZ FARIAS,,RUA ITAPEMIRIM,,,BONGI,ABALROAMENTO TRANSVERSAL,COLISÃO COM VITIMA,1,,,,,,1,,,1,,,SUBURBIO,,Bom,Não existe,Não existente,Seca,Perfeito estado,Não existe,Não há placas,,Dupla,Não existe,,,,
2019-06-11,18:16:00,COM VÍTIMA,FINALIZADA,ESPINHEIRO,AV GOVERNADOR AGAMENON MAGALHAES,0,,,,AV GOVERNADOR AGAMENON MAGALHAES,,,ESPINHEIRO,ABALROAMENTO LONGITUDINAL,AUTO E MOTO COM VITIMAS,1,1,,,,,,,,1,,,SUBURBIO,Longo da via,Bom,Não existe,Não existente,Seca,Perfeito estado,Não existe,Não há placas,,Única,Faixa contínua,,,,
2019-06-12,10:13:00,COM VÍTIMA,FINALIZADA,TAMARINEIRA,AV NORTE,4,3798,,,AV NORTE,3798,,TAMARINEIRA,ABALROAMENTO LONGITUDINAL,COLISÃO COM VÍTIMA  ENVOLVENDO 2 MOTOCICLETAS.,,2,,,,,,,,1,,62,SUBURBIO,Longo da via,Bom,Sem defeito,Perfeito estado,Seca,Perfeito estado,Faixa de pedestre,Outras,,Dupla,Faixa seccionada,Canteiro central,,,
2019-06-12,11:21:00,COM VÍTIMA,FINALIZADA,CASA AMARELA,EST DAS UBAIAS,3,105,,MERCADO BOM DE +,EST DAS UBAIAS,105,MERCADO BOM DE +,CASA AMARELA,ABALROAMENTO TRANSVERSAL,COM UMA VITIMA AGUARDANDO SAMU,1,1,,,,,,,,1,,,CID/SUB,Longo da via,Bom,Não existe,Perfeito estado,Seca,Perfeito estado,Outros,Outras,,Dupla,,,,,
2019-06-12,12:15:00,COM VÍTIMA,FINALIZADA,AGUA FRIA,RUA CONEGO BARATA,0,,,PRÓXIMO AO DNOCS,RUA CONEGO BARATA,,PRÓXIMO AO DNOCS,ÁGUA FRIA,ABALROAMENTO TRANSVERSAL,COLISÃO COM VÍTIMA,1,1,,,,,,,,1,,,,Longo da via,Bom,Não existe,Perfeito estado,Seca,Perfeito estado,,,,,,,,,
2019-06-12,13:34:00,COM VÍTIMA,FINALIZADA,BOA VISTA,RUA DOM BOSCO,0,,AV GOVERNADOR CARLOS DE LIMA CAVALCANTI,,RUA DOM BOSCO,,,BOA VISTA,ABALROAMENTO TRANSVERSAL,COLISÃO ENTRE UM ANO E UMA MOTO,1,1,,,,,,,,1,,27,SUBURBIO,Cruzamento,Bom,Sem defeito,Perfeito estado,Seca,Perfeito estado,Faixa de pedestre,R-6c,,Dupla,Faixa seccionada,,,,
2019-06-12,19:18:00,COM VÍTIMA,FINALIZADA,IMBIRIBEIRA,RUA GONCALVES DE MAGALHAES,3,196,,,RUA GONCALVES DE MAGALHAES,196,,IMBIRIBEIRA,COLISÃO TRASEIRA,COLISÃO ENTRE DOIS AUTOS S/V,2,,,,,,,,,2,,,SUBURBIO,Longo da via,Chuvoso,Não existe,Não existente,Molhada,Mal conservada,Não existe,Não há placas,,Dupla,Não existe,,,,
2019-06-13,10:30:00,COM VÍTIMA,FINALIZADA,BEBERIBE,AV BEBERIBE,0,,,EM FRENTE A PARADA DE ÔNIBUS Nº 120058,AV BEBERIBE,,EM FRENTE A PARADA DE ÔNIBUS Nº 120058,BEBERIBE,COLISÃO TRASEIRA,COM VÍTIMA,,1,,,,1,,,,1,,559,SUBURBIO,Longo da via,Chuvoso,Sem defeito,Perfeito estado,Molhada,Perfeito estado,Faixa de pedestre,Não há placas,,Dupla,Faixa contínua,,,,
2019-06-13,14:48:00,COM VÍTIMA,FINALIZADA,IMBIRIBEIRA,AV MARECHAL MASCARENHAS DE MORAES,4,7935,,EM FRENTE AO FOTON,AV MARECHAL MASCARENHAS DE MORAES,7935,EM FRENTE AO FOTON,IMBIRIBEIRA,ABALROAMENTO TRANSVERSAL,,1,1,,,,,,,,1,,,CIDADE,Longo da via,Chuvoso,Não existe,Não existente,Molhada,Perfeito estado,Não existe,Não há placas,,Dupla,Canteiro central,,,,
2019-06-13,15:11:00,COM VÍTIMA,FINALIZADA,BOA VIAGEM,AV ENGENHEIRO DOMINGOS FERREIRA,0,,,EM FRENTE A DELEGACIA DE BOA VIAGEM  PISTA DA DIREITA,AV ENGENHEIRO DOMINGOS FERREIRA,,EM FRENTE A DELEGACIA DE BOA VIAGEM  PISTA DA DIREITA,BOA VIAGEM,COLISÃO,UMA MOTOCICLETA E AUTO PASEIO,1,1,,,,,,,,1,,,,,,,,,,,,,,,,,,
2019-06-13,17:05:00,COM VÍTIMA,FINALIZADA,ARRUDA,RUA MARQUES DE BAIPENDI,0,,RUA MADRE ROSA GATTORNO,PRAÇA ULISSES LEONS DE OLIVEIRA,RUA MARQUES DE BAIPENDI,,PRAÇA ULISSES LEONS DE OLIVEIRA,ARRUDA,ABALROAMENTO LONGITUDINAL,,,1,,,,,1,,,1,,,,Cruzamento,Chuvoso,Não existe,Não existente,Molhada,Perfeito estado,Não existe,Não há placas,,Dupla,Não existe,,,,
2019-06-13,17:22:00,VÍTIMA FATAL,FINALIZADA,PAISSANDU,AV GOVERNADOR AGAMENON MAGALHAES,0,,RUA PAISSANDU,SOB O SEMÁFORO 69/ SENTIDO OLINDA,AV GOVERNADOR AGAMENON MAGALHAES,,SOB O SEMÁFORO 69/ SENTIDO OLINDA,PAISSANDU,ATROPELAMENTO,CADEIRANTE NA FAIXA DE PEDESTRE DO SEMÁFORO 069,1,,,,1,,,,,,1,,SUB/CID,Cruzamento,Chuvoso,Sem defeito,Perfeito estado,Molhada,Perfeito estado,,Outras,60 km/h,Dupla,Canal,,,,
2019-06-14,10:26:00,COM VÍTIMA,FINALIZADA,IMBIRIBEIRA,RUA BARAO DE AGUA BRANCA,3,376,RUA DUQUE ESTRADA,SOB O POSTE H 034872,RUA BARAO DE AGUA BRANCA,376,SOB O POSTE H 034872,IMBIRIBEIRA,ABALROAMENTO LONGITUDINAL,COM DUAS VITIMAS AGUARDANDO SAMU,1,1,,,,,,,,2,,,SUB/CID,Cruzamento,Bom,Não existe,Não existente,Seca,Perfeito estado,,Não há placas,30 km/h,Dupla,,,,,