data,hora,natureza_acidente,situacao,bairro,endereco,,numero,detalhe_endereco_acidente,complemento,endereco_cruzamento,numero_cruzamento,referencia_cruzamento,bairro_cruzamento,tipo,descricao,auto,moto,ciclom,ciclista,pedestre,onibus,caminhao,viatura,outros,vitimas,vitimasfatais,num_semaforo,sentido_via,acidente_verificado,tempo_clima,situacao_semaforo,sinalizacao,condicao_via,conservacao_via,ponto_controle,situacao_placa,velocidade_max_via,mao_direcao,divisao_via1,divisao_via2,divisao_via3,_id,Protocolo
2019-06-14,10:30:00,COM VÍTIMA,FINALIZADA,COELHOS,RUA DOS COELHOS,0,,,EM FRENTE AO IMIP,RUA DOS COELHOS,,EM FRENTE AO IMIP,COELHOS,ATROPELAMENTO,COM UMA VITIMA AGUARDANDO O SAMU,1,,,,1,,,,,1,,359,CIDADE,Longo da via,Bom,Sem defeito,Perfeito estado,Seca,Perfeito estado,Faixa de pedestre,,,Dupla,Faixa contínua,Faixa seccionada,,,
2019-06-14,15:19:00,COM VÍTIMA,FINALIZADA,SANTO AMARO,AV CRUZ CABUGA,3,343,RUA DR JOAO VIEIRA DE MENEZES,,AV CRUZ CABUGA,343,,SANTO AMARO,CAPOTAMENTO,QUEDA MOTOCICLISTA,,1,,,,,,,,1,,,CIDADE,Longo da via,Bom,Sem defeito,Perfeito estado,Seca,,Não existe,Outras,,Dupla,Faixa contínua,,,,
2019-06-14,16:09:00,COM VÍTIMA,FINALIZADA,CASA FORTE,RUA SANTANA,3,136,,PROXIMO AO IBAMA,RUA SANTANA,136,PROXIMO AO IBAMA,CASA FORTE,COLISÃO,COLISÃO COM VÍTIMA,1,1,,,,,,,,1,,,,,,,,,,,,,,,,,,
2019-06-15,15:37:00,COM VÍTIMA,FINALIZADA,CORDEIRO,RUA ADELINO FRUTUOSO,5,378-A,,NA ESQUINA DO COLEGIO SANTA EMILIA,RUA ADELINO FRUTUOSO,378-A,NA ESQUINA DO COLEGIO SANTA EMILIA,CORDEIRO,COLISÃO COM CICLISTA,AUTO PASSEIO E CICLISTA,1,,,1,,,,,,1,,,SUBURBIO,Cruzamento,Bom,Não existe,Perfeito estado,Seca,Perfeito estado,Não existe,R-4a,,Dupla,Não existe,,,,
2019-06-15,19:01:00,COM VÍTIMA,FINALIZADA,TORRE,RUA JOSE BONIFACIO,0,,,APÓS O SUPERMERCADO CARREFOUR,RUA JOSE BONIFACIO,,APÓS O SUPERMERCADO CARREFOUR,TORRE,ATROPELAMENTO,ENTRE ÕNIBUS E PEDESTRE. C/V,,,,,1,1,,,,1,,487,CIDADE,Longo da via,Bom,Sem defeito,Perfeito estado,Seca,Perfeito estado,Faixa de pedestre,Não há placas,,Única,Faixa seccionada,Canteiro central,,,
2019-06-16,00:12:00,COM VÍTIMA,FINALIZADA,JARDIM SAO PAULO,AV SAO PAULO,0,,,COLÉGIO 2001,AV SAO PAULO,,COLÉGIO 2001,JARDIM SÃO PAULO,ATROPELAMENTO,MOTO E PEDESTRE,,1,,,1,,,,,2,,,SUBURBIO,Longo da via,Bom,,Perfeito estado,Seca,Perfeito estado,Não existe,Placas Pare,,Dupla,Não existe,,,,
2019-06-16,10:00:00,COM VÍTIMA,FINALIZADA,PARNAMIRIM,RUA JOAO TUDE DE MELO,0,,,LADO OPOSTO AO SHOPPING PARNAMIRIM,RUA JOAO TUDE DE MELO,,LADO OPOSTO AO SHOPPING PARNAMIRIM,PARNAMIRIM,ABALROAMENTO LONGITUDINAL,DOIS AUTOS E UMA MOTO,2,1,,,,,,,,1,,,CIDADE,Longo da via,Chuvoso,Não existe,Perfeito estado,Molhada,Perfeito estado,Não existe,Não há placas,60 km/h,Única,Faixa seccionada,,,,
2019-06-16,18:08:00,COM VÍTIMA,FINALIZADA,CASA FORTE,AV DEZESSETE DE AGOSTO,0,,,EM FRENTE AO LABORATÓRIO MARCELO MAGALHÃES,AV DEZESSETE DE AGOSTO,,EM FRENTE AO LABORATÓRIO MARCELO MAGALHÃES,CASA FORTE,ACID. DE PERCURSO,QUEDA DE MOTO,,1,,,,,,,,1,,,SUBURBIO,Longo da via,Chuvoso,Não existe,Perfeito estado,Molhada,Perfeito estado,Não existe,Não há placas,60 km/h,Dupla,Faixa contínua,,,,
2019-06-16,21:14:00,COM VÍTIMA,FINALIZADA,BOA VIAGEM,RUA PROFESSOR AUGUSTO LINS E SILVA,3,861,,E/F A EXTRAFARMA,RUA PROFESSOR AUGUSTO LINS E SILVA,861,E/F A EXTRAFARMA,BOA VIAGEM,ABALROAMENTO LONGITUDINAL,ENTRE AUTO E MOTO. C/V,1,1,,,,,,,,1,,,SUBURBIO,Longo da via,Chuvoso,Não existe,Perfeito estado,Molhada,Perfeito estado,Outros,Placas Pare,,Única,Não existe,,,,
2019-06-16,22:29:00,COM VÍTIMA,FINALIZADA,IMBIRIBEIRA,AV ENGENHEIRO ALVES DE SOUZA,0,,RUA ARQUITETO LUIZ NUNES,,AV ENGENHEIRO ALVES DE SOUZA,,,IMBIRIBEIRA,ABALROAMENTO TRANSVERSAL,ENTRE AUTO E MOTO. C/V,1,1,,,,,,,,1,,634,,Cruzamento,,Com defeito,,Molhada,Perfeito estado,Outros,Outras,,Dupla,Faixa contínua,,,,
2019-06-17,08:54:00,COM VÍTIMA,FINALIZADA,PARNAMIRIM,RUA CONEGO BARATA,0,,,EM FRENTE A FERREIRA COSTA,RUA CONEGO BARATA,,EM FRENTE A FERREIRA COSTA,PARNAMIRIM,COLISÃO TRASEIRA,AUTO E MOTO,1,1,,,,,,,,1,,,SUBURBIO,Longo da via,Chuvoso,Não existe,Perfeito estado,Molhada,Perfeito estado,Não existe,Não há placas,,Única,Faixa seccionada,,,,
2019-06-17,11:01:00,COM VÍTIMA,FINALIZADA,MADALENA,AV CAXANGA,4,3095,RUA AMBROSIO MACHADO,EM FRENTE A AUTO ESCOLA PILOTO,AV CAXANGA,3095,EM FRENTE A AUTO ESCOLA PILOTO,MADALENA,CHOQUE VEÍCULO PARADO,COM UMA VÍTIMA   AGUARDANDO SAMU,1,1,,,,,,,,1,,610,CIDADE,Longo da via,Chuvoso,Sem defeito,Perfeito estado,Molhada,Perfeito estado,,Não há placas,60 km/h,Única,Faixa contínua,,,,
2019-06-17,19:36:00,COM VÍTIMA,FINALIZADA,LINHA DO TIRO,RUA URIEL DE HOLANDA,0,,RUA GUARAJA,EM FRENTE AO Nº 1034,RUA URIEL DE HOLANDA,,EM FRENTE AO Nº 1034,LINHA DO TIRO,COLISÃO FRONTAL,AUTO E MOTO COM VITIMAS ( MOTORISTA DO AUTO COM SUSPEITA DE EMBRIAGUEZ),1,1,,,,,,,,1,,,SUBURBIO,,Chuvoso,Não existe,Perfeito estado,Molhada,Perfeito estado,Não existe,Não há placas,,Dupla,Faixa seccionada,,,,
2019-06-17,20:50:00,COM VÍTIMA,FINALIZADA,BOA VIAGEM,RUA ANTONIO FALCAO,4,1013,AV DOM JOAO VI,,RUA ANTONIO FALCAO,1013,,BOA VIAGEM,COLISÃO FRONTAL,ENTRE AUTO E MOTO. C/V,1,1,,,,,,,,1,,,SUBURBIO,Cruzamento,Chuvoso,Não existe,Perfeito estado,Molhada,Perfeito estado,Não existe,Outras,,Única,Faixa seccionada,,,,
2019-06-18,09:49:00,COM VÍTIMA,FINALIZADA,SAO JOSE,AV SUL,3,867,,LADO OPOSTO AO CRIS HOTEL,AV SUL,867,LADO OPOSTO AO CRIS HOTEL,SÃO JOSÉ,ATROPELAMENTO,VITIMA SENDO SOCORRIDA BOMBEIROS,,,,,1,1,,,,1,,,CIDADE,Longo da via,Chuvoso,Não existe,Não existente,Molhada,Mal conservada,Não existe,Não há placas,,Dupla,Canteiro central,,,,
2019-06-18,09:59:00,COM VÍTIMA,FINALIZADA,SAN MARTIN,AV GENERAL SAN MARTIN,4,1941,,,AV GENERAL SAN MARTIN,1941,,SAN MARTIN,CAPOTAMENTO,,,1,,,,,,,,1,,,CIDADE,Longo da via,Nublado,Não existe,Perfeito estado,Seca,Perfeito estado,Não existe,R-6a,,Dupla,Faixa contínua,,,,
2019-06-18,10:12:00,COM VÍTIMA,FINALIZADA,ESTANCIA,AV DR JOSE RUFINO,3,476,RUA BARAO DE BUIQUE,,AV DR JOSE RUFINO,476,,ESTÂNCIA,ABALROAMENTO LONGITUDINAL,VITIMA SOCORRIDA PELO SAMU,1,1,,,,,,,,1,,,SUBURBIO,Longo da via,Nublado,Não existe,Incompleta,Seca,Perfeito estado,Não existe,R-6a,,Dupla,Faixa contínua,,,,
2019-06-18,11:42:00,COM VÍTIMA,FINALIZADA,TORRE,RUA JOSE BONIFACIO,3,944,,EM FRENTE AO ATACADO DOS PRESENTES,RUA JOSE BONIFACIO,944,EM FRENTE AO ATACADO DOS PRESENTES,TORRE,COLISÃO TRASEIRA,MOTO E AUTO PASSEIO,1,1,,,,,,,,1,,,SUBURBIO,Longo da via,Bom,Não existe,Perfeito estado,Seca,Perfeito estado,Não existe,R-6a,,Única,Faixa seccionada,,,,
2019-06-18,16:24:00,COM VÍTIMA,FINALIZADA,BOA VISTA,AV CONDE DA BOA VISTA,0,,,EM FRENTE AO ATACADO DOS PRESSENTES,AV CONDE DA BOA VISTA,,EM FRENTE AO ATACADO DOS PRESSENTES,BOA VISTA,ATROPELAMENTO,,1,,,,1,,,,,1,,,CIDADE,Longo da via,Bom,Não existe,Não existente,Seca,Perfeito estado,Não existe,Não há placas,,Dupla,Faixa contínua,,,,
2019-06-18,20:01:00,COM VÍTIMA,FINALIZADA,SANTO AMARO,RUA BARROS BARRETO,2,19,RUA TIMBIRAS,,RUA BARROS BARRETO,19,,SANTO AMARO,CHOQUE VEÍCULO PARADO,COLISÃO SEM VÍTIMA,2,,,,,,,,1,2,,,CIDADE,Longo da via,Bom,Não existe,Não existente,Seca,Perfeito estado,Não existe,Não há placas,,Dupla,Não existe,,,,
2019-06-19,08:04:00,COM VÍTIMA,FINALIZADA,MADALENA,AV ENGENHEIRO ABDIAS DE CARVALHO,3,351,RUA SENADOR FABIO DE BARROS,EM FRENTE A LOJA PIRELLI CAMPNEUS,AV ENGENHEIRO ABDIAS DE CARVALHO,351,EM FRENTE A LOJA PIRELLI CAMPNEUS,MADALENA,COLISÃO TRASEIRA,AUTO E MOTO.,1,1,,,,,,,,1,,,CIDADE,Longo da via,Bom,Não existe,Não existente,Seca,Perfeito estado,Não existe,Não há placas,,Única,Faixa seccionada,,,,
2019-06-19,09:04:00,COM VÍTIMA,FINALIZADA,VARZEA,RUA MARECHAL MANOEL LUIS OSORIO,3,495,RUA PROFESSOR ANTONIO COELHO,EM FRENTE AO COLÉGIO PONTUAL,RUA MARECHAL MANOEL LUIS OSORIO,495,EM FRENTE AO COLÉGIO PONTUAL,VÁRZEA,ABALROAMENTO TRANSVERSAL,COLISÃO C/ VITIMAS ENTRE UM AUTO (EVADIU-SE DO LOCAL) E UMA MOTO,,1,,,,,,,,1,,,SUBURBIO,Cruzamento,Bom,Não existe,Não existente,Seca,,Não existe,Não há placas,40 km/h,Dupla,Não existe,,,,
2019-06-19,13:19:00,COM VÍTIMA,FINALIZADA,NOVA DESCOBERTA,RUA NOVA DESCOBERTA,4,2276,AV VEREADOR OTACILIO AZEVEDO,MERCADINHO VAREJÃO OURO VERDE.,RUA NOVA DESCOBERTA,2276,MERCADINHO VAREJÃO OURO VERDE.,NOVA DESCOBERTA,ABALROAMENTO LONGITUDINAL,DOIS ÔNIBUS E UMA MOTOCICLETA.,,1,,,,2,,,,1,,,CIDADE,Longo da via,Bom,Não existe,Perfeito estado,Seca,Perfeito estado,Não existe,R-19,30 km/h,Dupla,Faixa contínua,,,,
2019-06-19,13:36:00,COM VÍTIMA,FINALIZADA,SANCHO,AV LIBERDADE,3,156,,EM FRENTE DOS ANJOS AUTO PEÇAS,AV LIBERDADE,156,EM FRENTE DOS ANJOS AUTO PEÇAS,SANCHO,ATROPELAMENTO,COM VÍTIMA,1,,,,1,,,,,1,,,SUBURBIO,Longo da via,Bom,Não existe,Não existente,Seca,Perfeito estado,Não existe,Não há placas,,Dupla,Não existe,,,,
2019-06-19,13:41:00,COM VÍTIMA,FINALIZADA,IMBIRIBEIRA,AV MARECHAL MASCARENHAS DE MORAES,0,,,E/F A JUSTIÇA DO TRABALHO S/T CID,AV MARECHAL MASCARENHAS DE MORAES,,E/F A JUSTIÇA DO TRABALHO S/T CID,IMBIRIBEIRA,COLISÃO FRONTAL,COLISAO ENTRE MOTO E AUTO COM UMA VITIMA,1,1,,,,,,,,1,,471,CIDADE,Longo da via,Bom,Sem defeito,Ilegível,Seca,Perfeito estado,Outros,Outras,,Dupla,Canteiro central,,,,
2019-06-19,17:20:00,COM VÍTIMA,FINALIZADA,SANTO AMARO,VDO INDEPENDENCIA,0,,,DECIDA DO VIADUTO QUE PASSA POR CIMA DA JOAO DE BARROS SENTINDO OLINDA,VDO INDEPENDENCIA,,DECIDA DO VIADUTO QUE PASSA POR CIMA DA JOAO DE BARROS SENTINDO OLINDA,SANTO AMARO,TOMBAMENTO,MOTOQUEIRO CAIDO NO LOCAL,,1,,,,,,,,2,,,SUBURBIO,Viaduto,Bom,Não existe,Perfeito estado,Seca,Perfeito estado,Não existe,Não há placas,,Única,Faixa contínua,,,,
2019-06-19,17:44:00,COM VÍTIMA,FINALIZADA,CIDADE UNIVERSITARIA,AV PROFESSOR LUIZ FREIRE,3,500,,EM FRENTE IFPE,AV PROFESSOR LUIZ FREIRE,500,EM FRENTE IFPE,CIDADE UNIVERSITÁRIA,COLISÃO FRONTAL,,1,1,,,,,,,,1,,,,Longo da via,Bom,Não existe,Perfeito estado,Seca,Perfeito estado,Não existe,Não há placas,40 km/h,Dupla,Faixa seccionada,,,,
2019-06-20,10:27:00,COM VÍTIMA,FINALIZADA,ESTANCIA,AV JOAO CABRAL DE MELO NETO,0,,AV RECIFE,,AV JOAO CABRAL DE MELO NETO,,,ESTÂNCIA,COLISÃO TRASEIRA,MOTOCICLETA E MOTONETA.,,2,,,,,,,,1,,259,SUBURBIO,Cruzamento,Bom,Sem defeito,Perfeito estado,Seca,Perfeito estado,Faixa de pedestre,,,Dupla,Faixa contínua,Faixa seccionada,Canteiro central,,
2019-06-20,10:40:00,COM VÍTIMA,FINALIZADA,COHAB,AV SAO PAULO,3,134,,PRÓXIMO AO TERMINAL DE TRÊS CARNEIROS,AV SAO PAULO,134,PRÓXIMO AO TERMINAL DE TRÊS CARNEIROS,COHAB,ATROPELAMENTO,AUTO  ÔNIBUS E PEDESTRE.,1,,,,1,1,,,,2,,,SUBURBIO,Longo da via,Bom,Não existe,Incompleta,Seca,Perfeito estado,Não existe,R-6a,,Dupla,,,,,
2019-06-20,15:45:00,COM VÍTIMA,FINALIZADA,CAMPO GRANDE,RUA ODORICO MENDES,3,536,,PRÓXIMO AO CLUBE DAS PÁS.,RUA ODORICO MENDES,536,PRÓXIMO AO CLUBE DAS PÁS.,CAMPO GRANDE,COLISÃO COM CICLISTA,COLISÃO COM VITIMAS,1,,,1,,,,,,1,,,SUBURBIO,Longo da via,Bom,Não existe,Não existente,Seca,Perfeito estado,Não existe,Não há placas,,Dupla,Faixa seccionada,,,,
2019-06-21,09:58:00,COM VÍTIMA,FINALIZADA,BOA VIAGEM,RUA DEZ DE JULHO,0,,RUA CAMBOIM,AO LADO DO MAISON CRISTAL,RUA DEZ DE JULHO,,AO LADO DO MAISON CRISTAL,BOA VIAGEM,ABALROAMENTO TRANSVERSAL,COLISÃO COM VITIMA,1,1,,,,,,,,1,,,CIDADE,Cruzamento,Bom,Não existe,Incompleta,Seca,,Não existe,Placas Pare,,Única,Faixa seccionada,,,,
2019-06-21,12:53:00,COM VÍTIMA,FINALIZADA,TORREAO,RUA OTHON PARAISO,0,,RUA DJALMA FARIAS,,RUA OTHON PARAISO,,,TORREÃO,ABALROAMENTO TRANSVERSAL,COLISÃO COM VITIMAS,,1,,,,,,,,1,,,,Cruzamento,Bom,Não existe,Perfeito estado,Seca,Perfeito estado,Faixa de retenção,Placas Pare,,Dupla,Faixa seccionada,Blocos,,,
2019-06-21,15:08:00,COM VÍTIMA,FINALIZADA,HIPODROMO,RUA MARQUES DE BAIPENDI,3,184,RUA MADRE ROSA GATTORNO,EM FRENTE AO Nº 184,RUA MARQUES DE BAIPENDI,184,EM FRENTE AO Nº 184,HIPÓDROMO,ABALROAMENTO LONGITUDINAL,COLISAO ENTRE AUTO E MOTO S/V,1,1,,,,,,,,1,,,,Cruzamento,Bom,Não existe,Não existente,Seca,Perfeito estado,,Não há placas,,Dupla,,,,,
2019-06-21,15:26:00,COM VÍTIMA,FINALIZADA,JARDIM SAO PAULO,AV LIBERDADE,3,172,RUA PROFESSOR HENRIQUE DE LUCENA,,AV LIBERDADE,172,,JARDIM SÃO PAULO,ABALROAMENTO LONGITUDINAL,,1,1,,,,,,,,1,,,,,Bom,Não existe,Perfeito estado,Seca,Perfeito estado,,,,Dupla,Faixa contínua,,,,
2019-06-21,16:56:00,COM VÍTIMA,FINALIZADA,JORDAO,AV MARIA IRENE,0,,,E/F AO POSTO IPIRANGA,AV MARIA IRENE,,E/F AO POSTO IPIRANGA,JORDÃO,ABALROAMENTO LONGITUDINAL,COLISAO ENTRE AUTO E MOTO COM UMA VITIMA,1,1,,,,,,,,1,,,SUB/CID,Longo da via,Bom,Não existe,Perfeito estado,Seca,Perfeito estado,Não existe,Não há placas,40 km/h,Dupla,,,,,
2019-06-21,17:47:00,COM VÍTIMA,FINALIZADA,AFOGADOS,RUA SAO MIGUEL,4,1166,RUA DONA MARIA DE ANGELIS,,RUA SAO MIGUEL,1166,,AFOGADOS,ABALROAMENTO LONGITUDINAL,COLISÃO COM VITIMAS,1,1,,,,,,,,1,,,SUBURBIO,Cruzamento,Bom,Não existe,Incompleta,Seca,Perfeito estado,,Não há placas,,Dupla,Faixa contínua,,,,
2019-06-21,18:18:00,COM VÍTIMA,FINALIZADA,ROSARINHO,AV NORTE,0,,,EM FRENTE A DELICATESSEN ROSARINHO,AV NORTE,,EM FRENTE A DELICATESSEN ROSARINHO,ROSARINHO,ABALROAMENTO LONGITUDINAL,ENTRE VAN E MOTO. C/V,,1,,,,,,,,1,,81,CIDADE,Longo da via,Bom,Sem defeito,Perfeito estado,Seca,Perfeito estado,Faixa de pedestre,Outras,,Única,Faixa seccionada,,,,
2019-06-22,12:02:00,COM VÍTIMA,FINALIZADA,CASA AMARELA,AV NORTE,4,5600,,EM FRENTE A BORRACHARIA GHR PNEUS,AV NORTE,5600,EM FRENTE A BORRACHARIA GHR PNEUS,CASA AMARELA,COLISÃO TRASEIRA,COLISÃO ENTRE AUTO E MOTO.,1,1,,,,,,,,1,,,SUBURBIO,Longo da via,Bom,Não existe,Perfeito estado,Seca,Perfeito estado,Não existe,R-6a,,Dupla,Canteiro central,,,,
2019-06-22,14:51:00,COM VÍTIMA,FINALIZADA,JARDIM SAO PAULO,RUA NOSSA SENHORA DE FATIMA,0,,RUA MAESTRO ALCIDES LEAO,POR TRAS DO POSTO TOTAL NA ANTIGA FABRICA DO CAFE ROYAL S/T BOA VIAGEM,RUA NOSSA SENHORA DE FATIMA,,POR TRAS DO POSTO TOTAL NA ANTIGA FABRICA DO CAFE ROYAL S/T BOA VIAGEM,JARDIM SÃO PAULO,ABALROAMENTO LONGITUDINAL,AUTO E MOTO.,1,1,,,,,,,,1,,,AV. RECIFE,Longo da via,Bom,Não existe,Não existente,Seca,Mal conservada,Não existe,Não há placas,,Única,Não existe,,,,
2019-06-22,15:49:00,COM VÍTIMA,FINALIZADA,PRADO,AV ENGENHEIRO ABDIAS DE CARVALHO,0,,RUA CARLOS GOMES,APOS A FACULDADE ESTACIO. EM FRENTE A BIG CAR.,AV ENGENHEIRO ABDIAS DE CARVALHO,,APOS A FACULDADE ESTACIO. EM FRENTE A BIG CAR.,PRADO,COLISÃO TRASEIRA,COLISAO ENTRE DOIS AUTOS COM UMA VITIMA,2,,,,,,,,,1,,57,CIDADE,Cruzamento,Bom,Sem defeito,Perfeito estado,Seca,Perfeito estado,Faixa de retenção,R-6a,60 km/h,Dupla,Canteiro central,,,,
2019-06-23,05:42:00,COM VÍTIMA,FINALIZADA,AFOGADOS,EST DOS REMEDIOS,0,,,EMBAIXO DO PONTILHÃO DE AFOGADOS. EM FRENTE A FEIRA LIVRE DE AFOGADOS.,EST DOS REMEDIOS,,EMBAIXO DO PONTILHÃO DE AFOGADOS. EM FRENTE A FEIRA LIVRE DE AFOGADOS.,AFOGADOS,ABALROAMENTO TRANSVERSAL,COLISÃO ENTRE UM ÔNIBUS E MOTO C/V,,1,,,,1,,,,1,,,CIDADE,Longo da via,Bom,Não existe,Perfeito estado,Molhada,Perfeito estado,,R-6a,30 km/h,Dupla,Faixa,,,,
2019-06-23,10:07:00,COM VÍTIMA,FINALIZADA,BARRO,AV DR JOSE RUFINO,4,2984,,ESCOLA ESTADUAL PRESIDENTE HUMBERTO CASTELO BRANCO,AV DR JOSE RUFINO,2984,ESCOLA ESTADUAL PRESIDENTE HUMBERTO CASTELO BRANCO,BARRO,ABALROAMENTO TRANSVERSAL,AUTO E MOTO.,1,1,,,,,,,,1,,156,SUBURBIO,Longo da via,Bom,Sem defeito,Perfeito estado,Seca,Perfeito estado,Faixa de pedestre,Não há placas,40 km/h,Dupla,Faixa contínua,,,,
2019-06-23,23:18:00,COM VÍTIMA,FINALIZADA,BOA VIAGEM,AV VINTE DE JANEIRO,3,513,RUA SIDERAL,PRÓX AO TERMINAL SETUBAL / E/F A FEIJOADA LEAL DO LEOPOLDO,AV VINTE DE JANEIRO,513,PRÓX AO TERMINAL SETUBAL / E/F A FEIJOADA LEAL DO LEOPOLDO,BOA VIAGEM,ABALROAMENTO TRANSVERSAL,AUTO E MOTO.,1,1,,,,,,,,1,,,SUBURBIO,Cruzamento,Bom,Não existe,Incompleta,Seca,Perfeito estado,Não existe,Não há placas,,Dupla,Não existe,,,,
2019-06-24,14:11:00,COM VÍTIMA,FINALIZADA,BOA VISTA,AV GOVERNADOR AGAMENON MAGALHAES,0,,RUA DR BANDEIRA FILHO,ENTRE A MC DONALD´S E A EMBRATEL PISTA LOCAL S/T BOA VIAGEM,AV GOVERNADOR AGAMENON MAGALHAES,,ENTRE A MC DONALD´S E A EMBRATEL PISTA LOCAL S/T BOA VIAGEM,BOA VISTA,ABALROAMENTO LONGITUDINAL,COLISAO ENTRE AUTO E MOTO COM UMA VITIMA,1,1,,,,,,,,1,,173,SUBURBIO,Longo da via,Bom,Sem defeito,Perfeito estado,Seca,Perfeito estado,Não existe,Não há placas,,Única,Faixa,,,,
2019-06-24,20:00:00,COM VÍTIMA,FINALIZADA,BARRO,AV DR JOSE RUFINO,0,,,SOBRE A PONTE DO BARRO / PROX A INTEGRAÇÃO DO BARRO,AV DR JOSE RUFINO,,SOBRE A PONTE DO BARRO / PROX A INTEGRAÇÃO DO BARRO,BARRO,ABALROAMENTO LONGITUDINAL,AUTO E MOTO COM VITIMAS,1,1,,,,,,,,2,,,SUBURBIO,Viaduto,Bom,Não existe,Incompleta,Seca,Mal iluminada,Não existe,Não há placas,60 km/h,Dupla,Faixa contínua,,,,
2019-06-25,07:33:00,COM VÍTIMA,FINALIZADA,CAXANGA,AV CAXANGA,4,2117,RUA DO FORTE,EM FRENTE A CAXANGÁ ACESSÓRIOS,AV CAXANGA,2117,EM FRENTE A CAXANGÁ ACESSÓRIOS,CAXANGÁ,ATROPELAMENTO,AUTO E PEDESTRE.,1,,,,1,,,,,1,,,CIDADE,Longo da via,Bom,Não existe,Perfeito estado,Seca,Perfeito estado,Não existe,Não há placas,,Dupla,Canteiro central,,,,
2019-06-25,12:07:00,COM VÍTIMA,FINALIZADA,SANTO AMARO,AV CRUZ CABUGA,3,585,RUA DOIS DE JULHO,EM FRENTE AO BANCO SANTANDER,AV CRUZ CABUGA,585,EM FRENTE AO BANCO SANTANDER,SANTO AMARO,ABALROAMENTO TRANSVERSAL,COLISÃO ENTRE MOTO E AUTO PASSEIO,1,1,,,,,,,,1,,,SUBURBIO,Longo da via,Bom,Não existe,Perfeito estado,Seca,Perfeito estado,Não existe,Não há placas,,Dupla,Faixa contínua,,,,
2019-06-25,15:47:00,COM VÍTIMA,FINALIZADA,ALTO JOSE BONIFACIO,RUA ALTO DA SERRINHA,1,7,RUA ALTO JOSE BONIFACIO,EM FRENTE A QUADRA POLIESPORTIVA DO ALTO JOSE BONIFACIO,RUA ALTO DA SERRINHA,7,EM FRENTE A QUADRA POLIESPORTIVA DO ALTO JOSE BONIFACIO,ALTO JOSÉ BONIFÁCIO,ABALROAMENTO LONGITUDINAL,COLISÃO COM VÍTIMA / CAMINHÃO EVADIU-SE DO LOCAL E VÍTIMA SOCORRIDA PELO SAMU,,1,,,,,1,,,1,,,,Esquina,Bom,Não existe,Ilegível,Seca,Perfeito estado,Não existe,Placas Pare,,Dupla,Faixa seccionada,,,,
2019-06-25,19:37:00,COM VÍTIMA,FINALIZADA,IPUTINGA,RUA LEAL DE BARROS,3,404,RUA MARIA DE FATIMA SOARES,ENF AO COLEGIO EXPOENTE,RUA LEAL DE BARROS,404,ENF AO COLEGIO EXPOENTE,IPUTINGA,ABALROAMENTO TRANSVERSAL,MOTO X HILUX,1,1,,,,,,,,1,,,SUBURBIO,Cruzamento,Bom,Não existe,Não existente,Seca,Perfeito estado,Não existe,Não há placas,,Dupla,Não existe,,,,
2019-06-25,20:06:00,COM VÍTIMA,FINALIZADA,ESPINHEIRO,RUA QUARENTA E OITO,0,,RUA CONS PORTELA,DE ESQUINA COM A FARMACIA PAGUE MENOS,RUA QUARENTA E OITO,,DE ESQUINA COM A FARMACIA PAGUE MENOS,ESPINHEIRO,ABALROAMENTO LONGITUDINAL,AUTO E MOTO COM VITIMAS.,1,1,,,,,,,,1,,11,SUBURBIO,Cruzamento,Bom,Sem defeito,Perfeito estado,Seca,Perfeito estado,Faixa de pedestre,R-6a,60 km/h,Única,Faixa seccionada,,,,