data,hora,natureza_acidente,situacao,bairro,endereco,,numero,detalhe_endereco_acidente,complemento,endereco_cruzamento,numero_cruzamento,referencia_cruzamento,bairro_cruzamento,tipo,descricao,auto,moto,ciclom,ciclista,pedestre,onibus,caminhao,viatura,outros,vitimas,vitimasfatais,num_semaforo,sentido_via,acidente_verificado,tempo_clima,situacao_semaforo,sinalizacao,condicao_via,conservacao_via,ponto_controle,situacao_placa,velocidade_max_via,mao_direcao,divisao_via1,divisao_via2,divisao_via3,_id,Protocolo
2019-06-25,22:16:00,COM VÍTIMA,FINALIZADA,CAXANGA,AV CAXANGA,0,,,EM FRENTE AO GOLF CLUB OBS: MOTORISTA PRESO NAS FERRAGENS,AV CAXANGA,,EM FRENTE AO GOLF CLUB OBS: MOTORISTA PRESO NAS FERRAGENS,CAXANGÁ,ABALROAMENTO LONGITUDINAL,HB 20 X SAVERO,2,,,,,,,,,1,,,SUBURBIO,Longo da via,Bom,Não existe,Perfeito estado,Seca,Perfeito estado,Não existe,Não há placas,,Dupla,Canteiro central,,,,
2019-06-25,22:55:00,COM VÍTIMA,FINALIZADA,BOA VIAGEM,RUA PEDRO PAES DE MENDONCA,3,120,AV FERNANDO SIMOES BARBOSA,AO LADO DO WALMART,RUA PEDRO PAES DE MENDONCA,120,AO LADO DO WALMART,BOA VIAGEM,COLISÃO TRASEIRA,AUTO E MOTO COM VITIMAS,1,1,,,,,,,,3,,,SUBURBIO,Cruzamento,Bom,Sem defeito,Perfeito estado,Seca,Perfeito estado,Faixa de pedestre,Não há placas,60 km/h,Única,Faixa contínua,Faixa seccionada,,,
2019-06-26,05:29:00,COM VÍTIMA,FINALIZADA,TORRE,RUA JOSE BONIFACIO,0,,RUA PADRE ANCHIETA,AO LADO DA PADARIA MASSA NOBRE,RUA JOSE BONIFACIO,,AO LADO DA PADARIA MASSA NOBRE,TORRE,ABALROAMENTO TRANSVERSAL,COLISÃO ENTRE AUTO E MOTO  C/V,1,1,,,,,,,,1,,193,CIDADE,,Chuvoso,Sem defeito,Perfeito estado,Molhada,Perfeito estado,Faixa de pedestre,,,Única,Faixa contínua,,,,
2019-06-26,06:10:00,COM VÍTIMA,FINALIZADA,CASA FORTE,AV DEZESSETE DE AGOSTO,3,342,,EM FRENTE A FARMACIA PAGUE MENOS E BURGUER KING,AV DEZESSETE DE AGOSTO,342,EM FRENTE A FARMACIA PAGUE MENOS E BURGUER KING,CASA FORTE,COLISÃO TRASEIRA,AUTO E MOTO,1,1,,,,,,,,1,,614,CIDADE,Longo da via,Chuvoso,Sem defeito,Perfeito estado,Molhada,Perfeito estado,,R-6a,,Dupla,Faixa contínua,Faixa seccionada,,,
2019-06-26,12:38:00,COM VÍTIMA,FINALIZADA,SANTO AMARO,AV CRUZ CABUGA,3,421,,EM FRENTE AO ARMAZÉM CORAL,AV CRUZ CABUGA,421,EM FRENTE AO ARMAZÉM CORAL,SANTO AMARO,COLISÃO TRASEIRA,COLISÃO ENTRE AUTO E MOTO COM VÍTIMA,1,1,,,,,,,,1,,,SUBURBIO,Longo da via,Bom,Não existe,Perfeito estado,Seca,Perfeito estado,Não existe,Não há placas,,Dupla,Não existe,,,,
2019-06-28,14:58:00,COM VÍTIMA,FINALIZADA,CORDEIRO,AV ENGENHEIRO ABDIAS DE CARVALHO,4,1909,,PROX AO COMPAZ S/T BR NO SEMAFORO 058,AV ENGENHEIRO ABDIAS DE CARVALHO,1909,PROX AO COMPAZ S/T BR NO SEMAFORO 058,CORDEIRO,ABALROAMENTO LONGITUDINAL,COLISAO ENTRE AUTO E MOTO COM UMA VITIMA,1,1,,,,,,,,1,,58,SUBURBIO,Longo da via,Bom,Não existe,Perfeito estado,Seca,Perfeito estado,Não existe,R-6a,,Dupla,Faixa seccionada,Canteiro central,,,
2019-06-26,19:51:00,COM VÍTIMA,FINALIZADA,CORREGO DO JENIPAPO,AV DA RECUPERACAO,3,280,,E/F A OFICINA DEL MOTOS / PRÓX A UPINHA. POSTE DE ILUMINAÇÃO PÚBLICA B088464.,AV DA RECUPERACAO,280,E/F A OFICINA DEL MOTOS / PRÓX A UPINHA. POSTE DE ILUMINAÇÃO PÚBLICA B088464.,CÓRREGO DO JENIPAPO,ABALROAMENTO LONGITUDINAL,ENTRE AUTO E MOTO. C/V,1,1,,,,,,,,2,,,SUBURBIO,Longo da via,Bom,Não existe,Não existente,Seca,Mal iluminada,Não existe,Não há placas,,Dupla,Não existe,,,,
2019-06-27,08:51:00,COM VÍTIMA,FINALIZADA,BOA VIAGEM,RUA JOSE DOMINGUES DA SILVA,2,86,RUA PADRE CABRAL,NA RUA DO POSTO DE SAUDE BOA VIAGEM,RUA JOSE DOMINGUES DA SILVA,86,NA RUA DO POSTO DE SAUDE BOA VIAGEM,BOA VIAGEM,ABALROAMENTO TRANSVERSAL,COLISÃO COM VITIMA SOCORRIDA PELO SAMU,1,1,,,,,,,,1,,,,Cruzamento,Bom,,Não existente,Seca,,Não existe,R-6a,,Dupla,Não existe,,,,
2019-06-27,09:11:00,COM VÍTIMA,FINALIZADA,CASA AMARELA,RUA PADRE LEMOS,3,716,,ACIDENTE DE PERCURSO MOTOQUEIRO  PLACA: PEW4504-PE  TRICICLO HONDA,RUA PADRE LEMOS,716,ACIDENTE DE PERCURSO MOTOQUEIRO  PLACA: PEW4504-PE  TRICICLO HONDA,CASA AMARELA,TOMBAMENTO,,,1,,,,,,,,1,,,SUBURBIO,Longo da via,Bom,Não existe,Perfeito estado,Seca,Perfeito estado,Não existe,R-6a,,Dupla,Faixa seccionada,,,,
2019-06-27,13:40:00,COM VÍTIMA,FINALIZADA,RECIFE,C DO APOLO,0,,,PRÓXIMO AO BANCO DO BRASIL,CAIS DO APOLO,,PRÓXIMO AO BANCO DO BRASIL,BAIRRO DO RECIFE,COLISÃO TRASEIRA,COLISÃO COM VITIMAS,1,1,,,,,,,,1,,,SUBURBIO,Longo da via,Bom,Não existe,Perfeito estado,Seca,Perfeito estado,Não existe,Não há placas,,Única,Faixa contínua,,,,
2019-06-27,18:05:00,COM VÍTIMA,FINALIZADA,AREIAS,AV DR JOSE RUFINO,0,,,E/F AO SENAI DE AREIAS S/T CID,AV DR JOSE RUFINO,,E/F AO SENAI DE AREIAS S/T CID,AREIAS,COLISÃO COM CICLISTA,COLISAO ENTRE AUTO E CICLISTA S/V,1,,,1,,,,,,1,,,CIDADE,Longo da via,Bom,Não existe,Perfeito estado,Seca,Perfeito estado,Não existe,R-6a,50 km/h,Dupla,Faixa contínua,,,,
2019-06-27,18:43:00,COM VÍTIMA,FINALIZADA,IPUTINGA,AV CAXANGA,0,,,EM FRENTE A ESTAÇÃO DO BRT BR 101,AV CAXANGA,,EM FRENTE A ESTAÇÃO DO BRT BR 101,IPUTINGA,ATROPELAMENTO,ATROPELAMENTO COM UMA VITIMA,1,,,,,,,,,1,,270,CIDADE,Longo da via,Bom,Sem defeito,,Seca,Mal conservada,Faixa de pedestre,R-6a,,Única,Não existe,,,,
2019-06-27,19:03:00,COM VÍTIMA,FINALIZADA,BOA VIAGEM,AV ENGENHEIRO DOMINGOS FERREIRA,4,1967,,PET SHOP PETLAND,AV ENGENHEIRO DOMINGOS FERREIRA,1967,PET SHOP PETLAND,BOA VIAGEM,COLISÃO TRASEIRA,COLISAO ENTRE DOIS AUTOS E UMA MOTO S/V,2,1,,,,,,,,1,,,SUBURBIO,Longo da via,Bom,Não existe,Perfeito estado,Seca,Perfeito estado,Não existe,Não há placas,60 km/h,Única,Canteiro central,,,,
2019-06-27,19:26:00,COM VÍTIMA,FINALIZADA,,RUA VISCONDE DE JEQUITINHONHA,0,,,,RUA VISCONDE DE JEQUITINHONHA,,,,ABALROAMENTO TRANSVERSAL,COLISAO ENTRE MOTO E CICLISTA COM UMA VITIMA,,1,,1,,,,,,1,,154,,Cruzamento,Bom,Sem defeito,Perfeito estado,Seca,Perfeito estado,Faixa de pedestre,,,Única,Canteiro central,,,,
2019-06-28,14:36:00,COM VÍTIMA,FINALIZADA,DERBY,AV GOVERNADOR AGAMENON MAGALHAES,0,,,EM FRENTE A RESTAURAÇÃO,AV GOVERNADOR AGAMENON MAGALHAES,,EM FRENTE A RESTAURAÇÃO,DERBY,COLISÃO TRASEIRA,COLISÃO COM VÍTIMA,1,1,,,,,,,,1,,,,Longo da via,Bom,Não existe,Perfeito estado,Seca,,Outros,Não há placas,60 km/h,Dupla,Canal,,,,
2019-06-28,15:33:00,COM VÍTIMA,FINALIZADA,BOA VIAGEM,AV CONSELHEIRO AGUIAR,4,1748,,EM FRENTE KICOS. EM FRENTE AO EMPRESARIAL ITALO BRASIL,AV CONSELHEIRO AGUIAR,1748,EM FRENTE KICOS. EM FRENTE AO EMPRESARIAL ITALO BRASIL,BOA VIAGEM,ABALROAMENTO TRANSVERSAL,AUTO E MOTO.,1,1,,,,,,,,1,,,CIDADE,Longo da via,Bom,Não existe,Perfeito estado,Seca,Perfeito estado,Não existe,Não há placas,,Única,Faixa seccionada,,,,
2019-06-28,15:57:00,COM VÍTIMA,FINALIZADA,SANTO AMARO,AV GOVERNADOR AGAMENON MAGALHAES,0,,,MINISTERIO DO TRABALHO,AV GOVERNADOR AGAMENON MAGALHAES,,MINISTERIO DO TRABALHO,SANTO AMARO,ATROPELAMENTO,ONIBUS E PEDRESTRE,,,,,1,1,,,,1,,108,CIDADE,Longo da via,Bom,Sem defeito,Perfeito estado,Seca,Perfeito estado,Faixa de pedestre,Não há placas,60 km/h,Dupla,Canteiro central,,,,
2019-06-28,17:47:00,COM VÍTIMA,FINALIZADA,SAO JOSE,AV SUL,2,67,,PRÓX A LOTERIA MONTE CARLO,AV SUL,67,PRÓX A LOTERIA MONTE CARLO,SÃO JOSÉ,ABALROAMENTO TRANSVERSAL,COLISÃO COM VÍTIMA,,1,,,,,,,,1,,,,Longo da via,Bom,Sem defeito,Perfeito estado,Seca,Perfeito estado,Não existe,Não há placas,60 km/h,Dupla,Canteiro central,,,,
2019-06-28,18:05:00,COM VÍTIMA,FINALIZADA,AREIAS,AV TAPAJOS,4,1093,,RESIDENCIAL IGNEZ ANDREAZZA,AV TAPAJOS,1093,RESIDENCIAL IGNEZ ANDREAZZA,AREIAS,COLISÃO FRONTAL,2 AUTOS. 1 MOTO. C/V,2,1,,,,,,,,1,,,,,Bom,Não existe,Perfeito estado,Seca,Perfeito estado,Outros,Não há placas,,Dupla,Faixa seccionada,,,,
2019-06-28,21:54:00,COM VÍTIMA,FINALIZADA,BOA VIAGEM,AV BOA VIAGEM,4,3628,,E/F AO EDF D SYLVIA,AV BOA VIAGEM,3628,E/F AO EDF D SYLVIA,BOA VIAGEM,ATROPELAMENTO,ENTRE AUTO E PEDESTRE. C/V,1,,,,1,,,,,1,,,SUB/CID,Longo da via,Chuvoso,Não existe,Perfeito estado,Molhada,Perfeito estado,,Não há placas,60 km/h,Única,,,,,
2019-06-28,22:11:00,COM VÍTIMA,FINALIZADA,BOMBA DO HEMETERIO,RUA BOMBA DO HEMETERIO,2,46,,,RUA BOMBA DO HEMETERIO,46,,BOMBA DO HEMETÉRIO,ABALROAMENTO LONGITUDINAL,ENTRE ÕNIBUS E MOTO. C/V EMP CAXANGÁ,,1,,,,1,,,,1,,,SUBURBIO,Longo da via,Chuvoso,Não existe,Ilegível,Molhada,Mal iluminada,Não existe,Não há placas,,Dupla,Faixa seccionada,,,,
2019-06-29,14:29:00,COM VÍTIMA,FINALIZADA,PRADO,RUA GOMES TABORDA,4,1247,,ARMAZEM PHIEL,RUA GOMES TABORDA,1247,ARMAZEM PHIEL,PRADO,COLISÃO FRONTAL,COLISÃO S/VITIMAS ENTRE DOIS AUTOS,2,,,,,,,,,1,,,CIDADE,Longo da via,Bom,Sem defeito,,Seca,,Não existe,Outras,,Dupla,Faixa seccionada,,,,
2019-06-29,14:33:00,COM VÍTIMA,FINALIZADA,JORDAO,RUA DR ALVARO FERRAZ,3,210,,PRÓX AO TERMINAL DE ÔNIBUS DO JORDÃO,RUA DR ALVARO FERRAZ,210,PRÓX AO TERMINAL DE ÔNIBUS DO JORDÃO,JORDÃO,ABALROAMENTO LONGITUDINAL,ENTRE 4 VEÍCULOS ( CAMINHÃO QUE CAUSOU O ENGAVETAMENTO  ACABOU SE EVADINDO DO LOCAL ) C/V,1,2,,,,,,,,1,,,CIDADE,Longo da via,Bom,Não existe,Incompleta,Seca,Perfeito estado,,,30 km/h,Única,,,,,
2019-06-30,07:06:00,COM VÍTIMA,FINALIZADA,IPSEP,AV RECIFE,4,3081,,ALINHAUTO,AV RECIFE,3081,ALINHAUTO,IPSEP,CHOQUE OBJETO FIXO,CAMINHÃO CHOCOU-SE COM UMA ÁRVORE E DEPOIS COLIDIU COM CICLISTA.,,,,,,,1,,,3,,,SUBURBIO,Longo da via,Bom,Não existe,Perfeito estado,Seca,Perfeito estado,Não existe,Não há placas,60 km/h,Dupla,Canteiro central,,,,
2019-06-30,19:35:00,VÍTIMA FATAL,FINALIZADA,SANTO AMARO,AV GOVERNADOR AGAMENON MAGALHAES,0,,,SOB O VIADUTO AV NORTE MIGUEL ARRAES DE ALENCAR,AV GOVERNADOR AGAMENON MAGALHAES,,SOB O VIADUTO AV NORTE MIGUEL ARRAES DE ALENCAR,SANTO AMARO,COLISÃO COM CICLISTA,ÔNIBUS E CICLISTA. C/VF,,,,1,,1,,,,,1,,,Longo da via,Bom,Não existe,Perfeito estado,Seca,Perfeito estado,,,60 km/h,Dupla,Faixa contínua,Canal,,,
2019-07-01,06:14:00,COM VÍTIMA,FINALIZADA,BOA VIAGEM,AV ENGENHEIRO DOMINGOS FERREIRA,4,1818,RUA DR GILSON MACHADO GUIMARAES,EM FRENTE AO SUPERMERCADO EXTRA,AV ENGENHEIRO DOMINGOS FERREIRA,1818,EM FRENTE AO SUPERMERCADO EXTRA,BOA VIAGEM,COLISÃO TRASEIRA,COLISÃO C/ VITIMAS ENTRE DOIS ONIBUS,,,,,,2,,,,2,,297,SUBURBIO,Longo da via,Chuvoso,Sem defeito,Perfeito estado,Molhada,Perfeito estado,Não existe,Outras,60 km/h,Única,Canteiro central,,,,
2019-07-01,08:10:00,COM VÍTIMA,FINALIZADA,PINA,AV ANTONIO DE GOES,0,,,LADO OPOSTO AO Nº 275,AV ANTONIO DE GOES,,LADO OPOSTO AO Nº 275,PINA,COLISÃO TRASEIRA,DOIS ONIBUS PONTO FIXO,,,,,,2,,,,1,,,CIDADE,Longo da via,Chuvoso,Não existe,Perfeito estado,Molhada,Perfeito estado,Agente,Outras,60 km/h,Única,Faixa contínua,Faixa seccionada,Canteiro central,,
2019-07-01,12:13:00,COM VÍTIMA,FINALIZADA,IMBIRIBEIRA,AV PRESIDENTE DUTRA,3,347,,ACESSO AO VIADUTO TANCREDO NEVES,AV PRESIDENTE DUTRA,347,ACESSO AO VIADUTO TANCREDO NEVES,IMBIRIBEIRA,CAPOTAMENTO,,2,,,,,,,,,5,,,,Longo da via,Bom,Não existe,Perfeito estado,Seca,Perfeito estado,Não existe,Outras,60 km/h,Dupla,Canteiro central,,,,
2019-07-01,12:30:00,COM VÍTIMA,FINALIZADA,BOA VIAGEM,RUA BALTAZAR PASSOS,3,515,RUA JOSE HIPOLITO CARDOSO,PROX A PADARIA PAN JOVEM,RUA BALTAZAR PASSOS,515,PROX A PADARIA PAN JOVEM,BOA VIAGEM,COLISÃO,COLISAO ENTRE DOIS AUTOS E UM ONIBUS,2,,,,,1,,,,1,,,SUL,Cruzamento,Bom,Não existe,,,,Faixa de pedestre,Placas Pare,,Única,Faixa seccionada,,,,
2019-07-01,13:31:00,COM VÍTIMA,FINALIZADA,SAN MARTIN,AV GENERAL SAN MARTIN,3,163,,TERMINAL DE ÔNIBUS SAN MARTIN,AV GENERAL SAN MARTIN,163,TERMINAL DE ÔNIBUS SAN MARTIN,SAN MARTIN,ABALROAMENTO TRANSVERSAL,AUTO E MOTO COM VITIMAS,1,1,,,,,,,,1,,,SUBURBIO,Longo da via,Bom,Não existe,Perfeito estado,Seca,Perfeito estado,Não existe,Placas Dê a preferência,,Dupla,Canteiro central,,,,
2019-07-01,14:14:00,COM VÍTIMA,FINALIZADA,BARRO,AV DR JOSE RUFINO,0,,,SOBRE O VIADUTO DA BR 101,AV DR JOSE RUFINO,,SOBRE O VIADUTO DA BR 101,BARRO,ABALROAMENTO LONGITUDINAL,COLISAO ENTRE CAMINHAO E MOTO COM UMA VITIMA,,1,,,,,,,,1,,,SUBURBIO,Cruzamento,Bom,Não existe,Não existente,Seca,Mal conservada,Não existe,Não há placas,,Dupla,Faixa contínua,,,,
2019-07-01,15:42:00,COM VÍTIMA,FINALIZADA,ALTO JOSE BONIFACIO,RUA ALTO JOSE BONIFACIO,3,450,,NA LADEIRA DO BOI,RUA ALTO JOSE BONIFACIO,450,NA LADEIRA DO BOI,ALTO JOSÉ BONIFÁCIO,ABALROAMENTO LONGITUDINAL,COLISAO ENTRE ONIBUS E MOTO COM UMA VITIMA,,1,,,,1,,,,1,,,,Longo da via,Bom,Não existe,Perfeito estado,Seca,Perfeito estado,Não existe,R-6a,,Dupla,Faixa seccionada,,,,
2019-07-01,16:40:00,COM VÍTIMA,FINALIZADA,BOMBA DO HEMETERIO,RUA CORREGO DO EUCLIDES,3,104,,NA LADEIRA DO BOI E/F A PANIFICADORA PAN LUNA,RUA CORREGO DO EUCLIDES,104,NA LADEIRA DO BOI E/F A PANIFICADORA PAN LUNA,BOMBA DO HEMETÉRIO,ATROPELAMENTO,MOTO ATROPELOU UM PEDESTRE VT 08 NO LOCAL.,,1,,,1,,,,,1,,,SUBURBIO,Longo da via,Bom,Não existe,Perfeito estado,Seca,Perfeito estado,Não existe,Não há placas,30 km/h,Dupla,Faixa contínua,,,,
2019-07-01,18:10:00,COM VÍTIMA,FINALIZADA,AFOGADOS,AV SUL,0,,,ENF AO POSTO DE SAUDE E A ESTAÇAO LARGO DA PAZ,AV SUL,,ENF AO POSTO DE SAUDE E A ESTAÇAO LARGO DA PAZ,AFOGADOS,ABALROAMENTO LONGITUDINAL,2 MOTOS,,2,,,,,,,,1,,,CIDADE,Longo da via,Bom,Não existe,Perfeito estado,Seca,Perfeito estado,Agente,Não há placas,40 km/h,Única,Faixa seccionada,,,,
2019-07-01,19:45:00,COM VÍTIMA,FINALIZADA,BOA VISTA,RUA DO RIACHUELO,0,,RUA DO HOSPICIO,EM FRENTE AO EDF GARAGEM DO HMAR,RUA DO RIACHUELO,,EM FRENTE AO EDF GARAGEM DO HMAR,BOA VISTA,TOMBAMENTO,MOTOCICLETA,,1,,,,,,,,1,,92,SUBURBIO,Cruzamento,Bom,Sem defeito,Perfeito estado,Seca,Perfeito estado,Não existe,Não há placas,40 km/h,Dupla,Canteiro central,,,,
2019-07-01,20:48:00,COM VÍTIMA,FINALIZADA,ESPINHEIRO,RUA DA HORA,3,628,RUA AMELIA,,RUA DA HORA,628,,ESPINHEIRO,CHOQUE OBJETO FIXO,,1,,,,,,,,,1,,361,CIDADE,Cruzamento,Bom,Sem defeito,Perfeito estado,Seca,Perfeito estado,Faixa de pedestre,,,Única,Faixa seccionada,,,,
2019-07-02,00:30:00,COM VÍTIMA,FINALIZADA,ESPINHEIRO,AV JOAO DE BARROS,0,,RUA DO ESPINHEIRO,FARMÁCIA PAGUE MENOS,AV JOAO DE BARROS,,FARMÁCIA PAGUE MENOS,ESPINHEIRO,ABALROAMENTO TRANSVERSAL,COLISÃO ENTRE DOIS AUTOS C/V,2,,,,,,,,,2,,89,SUBURBIO,Cruzamento,Chuvoso,Sem defeito,Perfeito estado,Molhada,Perfeito estado,,Outras,,Única,Faixa contínua,,,,
2019-07-02,08:33:00,COM VÍTIMA,FINALIZADA,BOA VIAGEM,RUA JACK AYRES,3,198,RUA PROFESSOR JULIO FERREIRA DE MELO,EDF SÃO TIAGO,RUA JACK AYRES,198,EDF SÃO TIAGO,BOA VIAGEM,ABALROAMENTO LONGITUDINAL,COLISÃO SEM VITIMAS,1,1,,,,,,,,1,,,,Cruzamento,Bom,Não existe,Perfeito estado,Seca,Perfeito estado,Faixa de retenção,Placas Pare,,Única,Não existe,,,,
2019-07-02,08:59:00,COM VÍTIMA,FINALIZADA,SAO JOSE,RUA BARAO DA VITORIA,0,,RUA FLORIANO PEIXOTO,,RUA BARAO DA VITORIA,,,SÃO JOSÉ,ABALROAMENTO LONGITUDINAL,COLISÃO COM VITIMA A ESPERA DO SAMU,1,1,,,,,,,,1,,12,SUBURBIO,Cruzamento,Bom,Sem defeito,Perfeito estado,Seca,Perfeito estado,Faixa de retenção,Outras,,Única,Não existe,,,,
2019-07-02,09:31:00,COM VÍTIMA,FINALIZADA,VARZEA,RUA AGRICOLANDIA,0,,RUA PROFESSOR ANTONIO COELHO,,RUA AGRICOLANDIA,,,VÁRZEA,ABALROAMENTO TRANSVERSAL,COLISÃO COM VITIMA A ESPERA DO SAMU,1,1,,,,,,,,1,,,CIDADE,Cruzamento,Bom,Não existe,Não existente,Seca,Perfeito estado,Não existe,Não há placas,,Dupla,Não existe,,,,
2019-07-02,16:33:00,COM VÍTIMA,FINALIZADA,PAISSANDU,AV GOVERNADOR AGAMENON MAGALHAES,0,,RUA PAISSANDU,EM FRENTE AO HOSPITAL PORTUGUÊS,AV GOVERNADOR AGAMENON MAGALHAES,,EM FRENTE AO HOSPITAL PORTUGUÊS,PAISSANDU,ABALROAMENTO TRANSVERSAL,COLISÃO COM VÍTIMA. UM SEGUNDO VEÍCULO EVADIU-SE DO LOCAL DO ACIDENTE.,,1,,,,,,,,1,,69,CIDADE,Cruzamento,Bom,Sem defeito,Perfeito estado,Seca,Perfeito estado,Faixa de retenção,Não há placas,,Única,Faixa,,,,
2019-07-02,19:55:00,COM VÍTIMA,FINALIZADA,AFOGADOS,RUA SAO MIGUEL,0,,RUA PEDRO CABRAL DE OLIVEIRA,,RUA SAO MIGUEL,,,AFOGADOS,ATROPELAMENTO,ENTRE AUTO E PEDESTRE ( A VÍTIMA JÁ FOI SOCORRIDA ) C/V,1,,,,1,,,,,1,,,SUBURBIO,Longo da via,Bom,Não existe,Perfeito estado,Seca,Perfeito estado,Não existe,Outras,,Dupla,Faixa contínua,Faixa seccionada,,,
2019-07-03,04:14:00,COM VÍTIMA,FINALIZADA,CAMPO GRANDE,EST DE BELEM,4,1481,,PRÓX AO ANTIGO TERMINAL DE CAMPO GRANDE // EM FRENTE AO ARMAZEN DE CONSTRUÇÃO MACHADO,EST DE BELEM,1481,PRÓX AO ANTIGO TERMINAL DE CAMPO GRANDE // EM FRENTE AO ARMAZEN DE CONSTRUÇÃO MACHADO,CAMPO GRANDE,COLISÃO FRONTAL,COLISÃO ENTRE DOIS AUTOS  COM VÍTIMA,2,,,,,,,,,2,,,SUBURBIO,Longo da via,Chuvoso,Sem defeito,Perfeito estado,Molhada,Perfeito estado,Não existe,Outras,,Dupla,Faixa contínua,,,,
2019-07-03,12:05:00,COM VÍTIMA,FINALIZADA,AGUA FRIA,EST VELHA DE AGUA FRIA,3,671,RUA CABO HONORIO,PROXIMO A LOJA ORTOBOM E ESPAÇO TAMARINEIRA.,EST VELHA DE AGUA FRIA,671,PROXIMO A LOJA ORTOBOM E ESPAÇO TAMARINEIRA.,ÁGUA FRIA,ABALROAMENTO TRANSVERSAL,AUTO E MOTO.,1,1,,,,,,,,1,,,SUBURBIO,Cruzamento,Chuvoso,Não existe,Perfeito estado,Molhada,Perfeito estado,Não existe,Outras,,Dupla,Faixa contínua,,,,
2019-07-03,13:50:00,COM VÍTIMA,FINALIZADA,CORDEIRO,AV CAXANGA,4,1417,,AUTOPARTI EQUIPADORA,AV CAXANGA,1417,AUTOPARTI EQUIPADORA,CORDEIRO,ABALROAMENTO TRANSVERSAL,COLISAO COM VITIMA DADOS PESSOAIS DA VITIMA NOME DA VITIMA,,1,,,,,,,,1,,,CIDADE,Longo da via,Chuvoso,Sem defeito,Perfeito estado,Seca,Perfeito estado,Outros,Outras,60 km/h,Única,Faixa contínua,Faixa seccionada,,,
2019-07-03,17:07:00,COM VÍTIMA,FINALIZADA,AFOGADOS,EST DOS REMEDIOS,0,,,E/F AO BAR CABOBLINHO. LADO OPOSTO AO POSTO IPIRANGA.,EST DOS REMEDIOS,,E/F AO BAR CABOBLINHO. LADO OPOSTO AO POSTO IPIRANGA.,AFOGADOS,COLISÃO FRONTAL,COLISAO ENTRE AUTO E CINQUENTINHA COM UMA VITIMA,1,,1,,,,,,,1,,,SUBURBIO,Longo da via,Bom,Não existe,Perfeito estado,Seca,Perfeito estado,Não existe,Outras,,Única,Faixa seccionada,,,,
2019-07-03,17:45:00,COM VÍTIMA,FINALIZADA,IMBIRIBEIRA,AV MARECHAL MASCARENHAS DE MORAES,4,4555,AV RECIFE,OPOSTO A TOYOLEX,AV MARECHAL MASCARENHAS DE MORAES,4555,OPOSTO A TOYOLEX,IMBIRIBEIRA,CAPOTAMENTO,MOTOCICLETA,,1,,,,,,,,1,,,SUBURBIO,,Bom,Não existe,Perfeito estado,Seca,Perfeito estado,Não existe,R-6a,60 km/h,Dupla,Faixa seccionada,Canteiro central,,,
2019-07-03,18:13:00,COM VÍTIMA,FINALIZADA,BOMBA DO HEMETERIO,RUA BOMBA DO HEMETERIO,3,127,RUA JACOB,PROX A ENTRADA DO GIGANTE DO SAMBA. EM FRENTE AO DEPÓSITO DE BEBIDAS,RUA BOMBA DO HEMETERIO,127,PROX A ENTRADA DO GIGANTE DO SAMBA. EM FRENTE AO DEPÓSITO DE BEBIDAS,BOMBA DO HEMETÉRIO,ABALROAMENTO TRANSVERSAL,AUTO E CICLOMOTOR.,1,,1,,,,,,,1,,,CIDADE,Cruzamento,Bom,Não existe,Perfeito estado,Seca,Perfeito estado,Não existe,Não há placas,,Dupla,Faixa seccionada,,,,
2019-07-03,21:11:00,COM VÍTIMA,FINALIZADA,ALTO DO MANDU,AV DR EURICO CHAVES,3,270,,FRENTE A PASADARIA MANDACARU,AV DR EURICO CHAVES,270,FRENTE A PASADARIA MANDACARU,ALTO DO MANDU,ABALROAMENTO LONGITUDINAL,MOTO X ONIBUS,,1,,,,1,,,,1,,,CIDADE,Longo da via,Chuvoso,Não existe,Perfeito estado,Molhada,Perfeito estado,Não existe,R-6a,,Única,Faixa seccionada,,,,