data,hora,natureza_acidente,situacao,bairro,endereco,,numero,detalhe_endereco_acidente,complemento,endereco_cruzamento,numero_cruzamento,referencia_cruzamento,bairro_cruzamento,tipo,descricao,auto,moto,ciclom,ciclista,pedestre,onibus,caminhao,viatura,outros,vitimas,vitimasfatais,num_semaforo,sentido_via,acidente_verificado,tempo_clima,situacao_semaforo,sinalizacao,condicao_via,conservacao_via,ponto_controle,situacao_placa,velocidade_max_via,mao_direcao,divisao_via1,divisao_via2,divisao_via3,_id,Protocolo
2019-07-17,06:29:00,COM VÍTIMA,FINALIZADA,JIQUIA,AV DR JOSE RUFINO,3,301,,AUTO ESCOLA MAP,AV DR JOSE RUFINO,301,AUTO ESCOLA MAP,JIQUIÁ,COLISÃO TRASEIRA,MOTO E AUTO,1,1,,,,,,,,1,,82,CIDADE,Longo da via,Bom,Sem defeito,Perfeito estado,Seca,Perfeito estado,Não existe,Outras,60 km/h,Dupla,Faixa contínua,,,,
2019-07-17,08:35:00,COM VÍTIMA,FINALIZADA,PINA,AV ANTONIO DE GOES,0,,,EM FRENTE AO CLUBE LÍBANO BRASILEIRO / PONTE DO PINA,AV ANTONIO DE GOES,,EM FRENTE AO CLUBE LÍBANO BRASILEIRO / PONTE DO PINA,PINA,COLISÃO TRASEIRA,COLISÃO SEM VITIMAS,4,,,,,,,,,1,,,CIDADE,Longo da via,Bom,Não existe,Perfeito estado,Seca,Perfeito estado,Não existe,Não há placas,60 km/h,Única,Faixa seccionada,Canteiro central,,,
2019-07-17,09:19:00,COM VÍTIMA,FINALIZADA,DERBY,AV GOVERNADOR AGAMENON MAGALHAES,0,,,EM FRENTE A ODONTOCAPE - VIA PRINCIPAL,AV GOVERNADOR AGAMENON MAGALHAES,,EM FRENTE A ODONTOCAPE - VIA PRINCIPAL,DERBY,ABALROAMENTO TRANSVERSAL,AUTO E MOTO,1,1,,,,,,,,2,,,CID/SUB,,Bom,Sem defeito,Perfeito estado,Seca,Perfeito estado,,Não há placas,60 km/h,Dupla,Faixa,Canteiro central,Blocos,,
2019-07-17,10:33:00,COM VÍTIMA,FINALIZADA,BOA VIAGEM,AV ENGENHEIRO DOMINGOS FERREIRA,4,1450,,GALERIA TRADE CENTER,AV ENGENHEIRO DOMINGOS FERREIRA,1450,GALERIA TRADE CENTER,BOA VIAGEM,COLISÃO TRASEIRA,MOTO E AUTO,1,1,,,,,,,,1,,,SUBURBIO,Longo da via,Bom,Não existe,Perfeito estado,Seca,Perfeito estado,Não existe,Não há placas,60 km/h,Única,Faixa seccionada,,,,
2019-07-17,11:24:00,COM VÍTIMA,FINALIZADA,DERBY,AV GOVERNADOR AGAMENON MAGALHAES,0,,,EM FRENTE A ODONTO CAP,AV GOVERNADOR AGAMENON MAGALHAES,,EM FRENTE A ODONTO CAP,DERBY,COLISÃO,AUTO E MOTO,1,1,,,,,,,,2,,,,,,,,,,,,,,,,,,
2019-07-17,12:26:00,COM VÍTIMA,FINALIZADA,BOA VIAGEM,RUA TENENTE JOAO CICERO,3,638,RUA MINISTRO NELSON HUNGRIA,CORPO LIVRE,RUA TENENTE JOAO CICERO,638,CORPO LIVRE,BOA VIAGEM,ABALROAMENTO TRANSVERSAL,COLISÃO COM VÍTIMA,2,,,,,,,,,1,,,,Longo da via,Bom,Não existe,Perfeito estado,Seca,Perfeito estado,Faixa de pedestre,,,Única,,,,,
2019-07-17,12:39:00,COM VÍTIMA,FINALIZADA,IMBIRIBEIRA,AV PRESIDENTE DUTRA,0,,,SOBRE O VIADUTO TANCREDO NEVES,AV PRESIDENTE DUTRA,,SOBRE O VIADUTO TANCREDO NEVES,IMBIRIBEIRA,COLISÃO COM CICLISTA,COLISAO ENTRE AUTO E CICLISTA,1,,,1,,,,,,1,,,,Viaduto,Bom,Não existe,Perfeito estado,Seca,Perfeito estado,Não existe,Não há placas,,Única,,,,,
2019-07-17,13:07:00,COM VÍTIMA,FINALIZADA,PINA,AV ENGENHEIRO DOMINGOS FERREIRA,3,636,,EM FRENTE AO CLINICAL CENTER,AV ENGENHEIRO DOMINGOS FERREIRA,636,EM FRENTE AO CLINICAL CENTER,PINA,ATROPELAMENTO,VEICULO ATROPELOU UM PEDESTRE,1,,,,1,,,,,1,,,SUBURBIO,Longo da via,Bom,Não existe,Perfeito estado,Seca,Perfeito estado,Não existe,R-6a,60 km/h,Dupla,Canteiro central,,,,
2019-07-17,18:35:00,COM VÍTIMA,FINALIZADA,RECIFE,PTE GIRATORIA,0,,,SOBRE A PONTE GIRATÓRIA,PTE GIRATORIA,,SOBRE A PONTE GIRATÓRIA,BAIRRO DO RECIFE,COLISÃO TRASEIRA,ENTRE AUTO E MOTO. C/V,1,1,,,,,,,,1,,,SUBURBIO,Viaduto,Bom,Não existe,Perfeito estado,Seca,Perfeito estado,Não existe,Não há placas,,Dupla,Faixa seccionada,Canteiro central,,,
2019-07-17,20:52:00,COM VÍTIMA,FINALIZADA,SANTO AMARO,AV MARIO MELO,0,,AV CRUZ CABUGA,SEMÁFORO 171,AV MARIO MELO,,SEMÁFORO 171,SANTO AMARO,ABALROAMENTO TRANSVERSAL,ENTRE AUTO E MOTO. C/V,1,1,,,,,,,,1,,171,SUBURBIO,Cruzamento,Bom,Sem defeito,Perfeito estado,Seca,Perfeito estado,Faixa de pedestre,Não há placas,,Dupla,Canteiro central,,,,
2019-07-17,21:43:00,COM VÍTIMA,FINALIZADA,ILHA DO RETIRO,AV BEIRA RIO,3,400,,,AV BEIRA RIO,400,,ILHA DO RETIRO,ABALROAMENTO LONGITUDINAL,ENTRE AUTO E MOTO. C/V,1,1,,,,,,,,1,,,CIDADE,Longo da via,Bom,Não existe,Perfeito estado,Seca,Perfeito estado,Não existe,Não há placas,,Dupla,Faixa seccionada,,,,
2019-07-17,21:56:00,COM VÍTIMA,FINALIZADA,AGUA FRIA,EST VELHA DE AGUA FRIA,4,1311,,EM FRENTE AO Nº 1311,EST VELHA DE AGUA FRIA,1311,EM FRENTE AO Nº 1311,ÁGUA FRIA,COLISÃO TRASEIRA,CAMINHÃO E CICLISTA. C/V,,,,1,,,1,,,1,,,,Longo da via,Chuvoso,Não existe,Incompleta,Molhada,Mal conservada,Não existe,Não há placas,,Única,Faixa seccionada,,,,
2019-07-18,07:42:00,COM VÍTIMA,FINALIZADA,DOIS IRMAOS,RUA MANUEL DE MEDEIROS,3,71A,,APÓS O SEMÁFORO DE Nº 224 / PORTARIA DA REITORIA DA UFRPE,RUA MANUEL DE MEDEIROS,71A,APÓS O SEMÁFORO DE Nº 224 / PORTARIA DA REITORIA DA UFRPE,DOIS IRMÃOS,ABALROAMENTO LONGITUDINAL,COLISÃO COM VITIMA A ESPERA DO SAMU,1,1,,,,,,,,1,,224,,Longo da via,Bom,Sem defeito,Perfeito estado,Seca,Perfeito estado,Não existe,Não há placas,,Dupla,Não existe,,,,
2019-07-18,09:21:00,COM VÍTIMA,FINALIZADA,TOTO,AV LIBERDADE,4,1223,,EM FRENTE A PLANALTO PEÇAS,AV LIBERDADE,1223,EM FRENTE A PLANALTO PEÇAS,TOTÓ,ABALROAMENTO TRANSVERSAL,COM UMA VITIMA AGUARDANDO SAMU,1,1,,,,,,,,1,,,SUBURBIO,Longo da via,Bom,Não existe,Perfeito estado,Seca,Perfeito estado,Não existe,Outras,40 km/h,Dupla,Faixa contínua,,,,
2019-07-18,09:43:00,COM VÍTIMA,FINALIZADA,AGUA FRIA,AV BEBERIBE,0,,RUA SAO BENTO,SEMÁFORO 064,AV BEBERIBE,,SEMÁFORO 064,ÁGUA FRIA,ABALROAMENTO TRANSVERSAL,COLISÃO ENVOLVENDO UMA MOTOCICLETA E UMA BICICLETA,,1,,1,,,,,,2,,64,CIDADE,Cruzamento,Bom,Sem defeito,Perfeito estado,Seca,Perfeito estado,Faixa de pedestre,,,Dupla,Faixa contínua,,,,
2019-07-18,09:54:00,COM VÍTIMA,FINALIZADA,BOA VIAGEM,AV ENGENHEIRO DOMINGOS FERREIRA,4,1761,,SUPERMERCADO EXTRA,AV ENGENHEIRO DOMINGOS FERREIRA,1761,SUPERMERCADO EXTRA,BOA VIAGEM,COLISÃO TRASEIRA,COLISÃO COM VÍTIMA,1,1,,,,,,,,2,,,SUBURBIO,Longo da via,Bom,Não existe,Perfeito estado,Seca,Perfeito estado,Não existe,Não há placas,60 km/h,Única,Faixa seccionada,Canteiro central,,,
2019-07-18,13:48:00,COM VÍTIMA,FINALIZADA,POCO,RUA DOS ARCOS,3,202,RUA PAULO INOJOSA,PRÓXIMO AO ARCOS DO POÇO CORPORATE,RUA DOS ARCOS,202,PRÓXIMO AO ARCOS DO POÇO CORPORATE,POÇO DA PANELA,COLISÃO COM CICLISTA,ENTRE UM AUTO E BICICLETA,1,,,1,,,,,,2,,,,Longo da via,Bom,Não existe,Não existente,Seca,Perfeito estado,Não existe,Placas Pare,,Única,Não existe,,,,
2019-07-18,14:52:00,COM VÍTIMA,FINALIZADA,CASA AMARELA,AV NORTE,0,,,LADO OPOSTO A AGÊNCIA DE EMPREGO DO RECIFE,AV NORTE,,LADO OPOSTO A AGÊNCIA DE EMPREGO DO RECIFE,CASA AMARELA,COLISÃO TRASEIRA,AUTO E MOTO COM UMA VITIMA,1,1,,,,,,,,1,,,CIDADE,Longo da via,Bom,Não existe,Perfeito estado,Seca,Perfeito estado,Não existe,Não há placas,60 km/h,Dupla,Canteiro central,,,,
2019-07-18,21:42:00,COM VÍTIMA,FINALIZADA,ROSARINHO,RUA DR JOSE MARIA,0,,RUA GENERAL ABREU E LIMA,EM FRENTE A PRAÇA NOSSA SENHORA DE FÁTIMA,RUA DR JOSE MARIA,,EM FRENTE A PRAÇA NOSSA SENHORA DE FÁTIMA,ROSARINHO,ABALROAMENTO LONGITUDINAL,ENTRE TÁXI E MOTO. C/V,1,1,,,,,,,,1,,,,Cruzamento,Bom,Não existe,Ilegível,Molhada,Mal iluminada,Não existe,Placas Pare,,Dupla,Faixa seccionada,,,,
2019-07-19,07:39:00,COM VÍTIMA,FINALIZADA,CASA AMARELA,AV NORTE,4,5071,,LADO OPOSTO AO REI DA PICANHA,AV NORTE,5071,LADO OPOSTO AO REI DA PICANHA,CASA AMARELA,ABALROAMENTO LONGITUDINAL,COLISÃO C/VITIMAS ENTRE AUTO E MOTO,1,1,,,,,,,,1,,,CIDADE,Longo da via,Bom,Sem defeito,Perfeito estado,Seca,Perfeito estado,Faixa de pedestre,,,Dupla,Faixa seccionada,Canteiro central,,,
2019-07-19,09:52:00,COM VÍTIMA,FINALIZADA,IPUTINGA,AV MAURICIO DE NASSAU,3,268,RUA ENGENHEIRO MOACYR PARAHYBA,EQUIPADORA AUTO FILME,AV MAURICIO DE NASSAU,268,EQUIPADORA AUTO FILME,IPUTINGA,COLISÃO FRONTAL,COLISÃO COM VITIMA SOCORRIDO PELO SAMU,,1,,,,1,,,,1,,,CIDADE,Cruzamento,Chuvoso,Não existe,,Molhada,,Não existe,Não há placas,,Dupla,Faixa contínua,,,,
2019-07-19,18:24:00,COM VÍTIMA,FINALIZADA,BOA VIAGEM,AV DOM JOAO VI,0,,AV ANTONIO TORRES GALVAO,WALMART,AV DOM JOAO VI,,WALMART,BOA VIAGEM,ABALROAMENTO LONGITUDINAL,HONDA CIVIC X MOTO,1,1,,,,,,,,1,,543,SUBURBIO,Cruzamento,Bom,Sem defeito,Perfeito estado,Seca,Perfeito estado,Faixa de pedestre,Não há placas,,Dupla,Canteiro central,,,,
2019-07-19,18:49:00,COM VÍTIMA,FINALIZADA,CASA AMARELA,AV NORTE,0,,AV PEDRO ALLAIN,,AV NORTE,,,CASA AMARELA,ABALROAMENTO TRANSVERSAL,MOTO E PRISMA,1,1,,,,,,,,2,,95,SUBURBIO,Cruzamento,Bom,Sem defeito,Perfeito estado,Seca,Perfeito estado,Faixa de pedestre,,,Dupla,Canteiro central,,,,
2019-07-20,10:38:00,COM VÍTIMA,FINALIZADA,IBURA,AV SANTOS,7,160 - A,AV SANTOS,NA CURVA ACENTUADA A ESQUERDA,AV SANTOS,160 - A,NA CURVA ACENTUADA A ESQUERDA,IBURA,ABALROAMENTO TRANSVERSAL,COLISÃO C/VITIMAS ENTRE DUAS MOTOS,,2,,,,,,,,1,,,SUBURBIO,Cruzamento,Chuvoso,Não existe,Incompleta,Molhada,Mal iluminada,Outros,Placas Pare,,Dupla,Faixa seccionada,,,,
2019-07-20,22:19:00,COM VÍTIMA,FINALIZADA,IBURA,AV DOIS RIOS,0,,,LADEIRA DA COHAB,AV DOIS RIOS,,LADEIRA DA COHAB,IBURA,ABALROAMENTO TRANSVERSAL,KOMBI X MOTO,1,1,,,,,,,,1,,,SUBURBIO,Longo da via,Chuvoso,Não existe,Perfeito estado,Molhada,Perfeito estado,Não existe,Não há placas,,Dupla,Faixa contínua,Faixa seccionada,,,
2019-07-20,23:54:00,COM VÍTIMA,FINALIZADA,IPSEP,AV RECIFE,0,,RUA SAO NICOLAU,CASA DA BATERIA,AV RECIFE,,CASA DA BATERIA,IPSEP,ABALROAMENTO TRANSVERSAL,ENTRE UM AUTO PASSEIO E MOTO COM VITIMA,1,1,,,,,,,,2,,16,SUBURBIO,Cruzamento,Chuvoso,Sem defeito,Perfeito estado,Molhada,Perfeito estado,Faixa de pedestre,,,Dupla,Canteiro central,,,,
2019-07-21,10:15:00,COM VÍTIMA,FINALIZADA,PINA,AV HERCULANO BANDEIRA,3,825,,SENTIDO DOMINGOS FERREIRA,AV HERCULANO BANDEIRA,825,SENTIDO DOMINGOS FERREIRA,PINA,ABALROAMENTO TRANSVERSAL,AUTO E MOTO,1,1,,,,,,,,1,,,SUBURBIO,Longo da via,Bom,Sem defeito,Perfeito estado,Seca,Perfeito estado,Outros,Outras,60 km/h,Única,Faixa seccionada,,,,
2019-07-21,10:35:00,COM VÍTIMA,FINALIZADA,IMBIRIBEIRA,AV MARECHAL MASCARENHAS DE MORAES,0,,,LADO OPOSTO AO AEROPORTO,AV MARECHAL MASCARENHAS DE MORAES,,LADO OPOSTO AO AEROPORTO,IMBIRIBEIRA,ABALROAMENTO LONGITUDINAL,COM DUAS VITIMAS CTTU NO LOCAL/VT28,1,1,,,,,,,,2,,,CID/SUB,Longo da via,Bom,Não existe,Perfeito estado,Seca,Perfeito estado,Não existe,Não há placas,60 km/h,Única,,,,,
2019-07-21,16:15:00,COM VÍTIMA,FINALIZADA,CAMPO GRANDE,RUA DONA ELVIRA,3,194,RUA FREDERICO,,RUA DONA ELVIRA,194,,CAMPO GRANDE,ABALROAMENTO TRANSVERSAL,COLISÃO SEM VÍTIMA,1,1,,,,,,,,2,,,SUBURBIO,Cruzamento,Bom,Não existe,Incompleta,Seca,Mal conservada,Não existe,Placas Pare,,Dupla,Não existe,,,,
2019-07-21,17:25:00,COM VÍTIMA,FINALIZADA,VARZEA,AV AFONSO OLINDENSE,0,,,APÓS A LOMBADA ELETRÔNICA,AV AFONSO OLINDENSE,,APÓS A LOMBADA ELETRÔNICA,VÁRZEA,ABALROAMENTO TRANSVERSAL,01 AUTO E 01 MOTOCICLETA,1,,1,,,,,,,1,,,SUBURBIO,Longo da via,Bom,Não existe,Perfeito estado,Seca,Perfeito estado,Não existe,Não há placas,,Dupla,Faixa seccionada,,,,
2019-07-21,20:35:00,COM VÍTIMA,FINALIZADA,BOA VIAGEM,RUA PROFESSOR JOAO MEDEIROS,3,457,RUA RIBEIRO DE BRITO,NA ESQUINA DA LOJA TIDELLI E LOJA HONDA BEIRA CANAL,RUA PROFESSOR JOAO MEDEIROS,457,NA ESQUINA DA LOJA TIDELLI E LOJA HONDA BEIRA CANAL,BOA VIAGEM,COLISÃO COM CICLISTA,AUTO X CICLISTA,1,,,1,,,,,,1,,332,CIDADE,Cruzamento,Bom,Sem defeito,Perfeito estado,Seca,Perfeito estado,Faixa de pedestre,Não há placas,,Única,Faixa seccionada,Canteiro central,Blocos,,
2019-07-21,20:54:00,COM VÍTIMA,FINALIZADA,IMBIRIBEIRA,AV MARECHAL MASCARENHAS DE MORAES,0,,,SEMAFORO 626,AV MARECHAL MASCARENHAS DE MORAES,,SEMAFORO 626,IMBIRIBEIRA,COLISÃO TRASEIRA,AUTO X MOTO OBS: SUSPEITA DE EMBRIAGUEZ,1,1,,,,,,,,1,,,CIDADE,Longo da via,Bom,Sem defeito,Perfeito estado,Seca,,Faixa de pedestre,,,Dupla,Canteiro central,,,,
2019-07-22,07:45:00,COM VÍTIMA,FINALIZADA,TEJIPIO,RUA APRIGIO GUIMARAES,3,585,,EM FRENTE AO HOSPITAL OTAVIO DE FREITAS,RUA APRIGIO GUIMARAES,585,EM FRENTE AO HOSPITAL OTAVIO DE FREITAS,TEJIPIÓ,COLISÃO TRASEIRA,AUTO E MOTO C/V LOCAL DESCARACTERIZADO,1,1,,,,,,,,1,,,SUBURBIO,Longo da via,Chuvoso,Não existe,Não existente,Molhada,Perfeito estado,Não existe,Não há placas,40 km/h,Dupla,Não existe,,,,
2019-07-22,07:48:00,COM VÍTIMA,FINALIZADA,MADALENA,AV VISCONDE DE ALBUQUERQUE,3,474,,EM FRENTE A LOJA PROJETOS MOVEIS PLANEJADOS. LADO OPOSTO AO PET SHOT KERO KOLO.,AV VISCONDE DE ALBUQUERQUE,474,EM FRENTE A LOJA PROJETOS MOVEIS PLANEJADOS. LADO OPOSTO AO PET SHOT KERO KOLO.,MADALENA,ABALROAMENTO LONGITUDINAL,COLISÃO COM UMA VITIMA AGUARDANDO SOCORRO,1,1,,,,,,,,1,,,SUBURBIO,Longo da via,Chuvoso,Não existe,Perfeito estado,Molhada,Perfeito estado,Não existe,Não há placas,,Única,Faixa seccionada,,,,
2019-07-22,18:10:00,COM VÍTIMA,FINALIZADA,ARRUDA,RUA DO MACHADO,3,886,RUA MANOEL SILVA,E/F AO BAR SANTO DOM,RUA DO MACHADO,886,E/F AO BAR SANTO DOM,ARRUDA,ABALROAMENTO TRANSVERSAL,ENTRE AUTO E MOTO. C/V,1,1,,,,,,,,1,,,SUBURBIO,Cruzamento,Chuvoso,Não existe,Perfeito estado,Molhada,Perfeito estado,Faixa de pedestre,Placas Pare,,Dupla,Faixa contínua,,,,
2019-07-22,21:04:00,COM VÍTIMA,FINALIZADA,TORRE,RUA JOSE BONIFACIO,0,,RUA REAL DA TORRE,POR TRÁS DO ATACADO DOS PRESENTES / E/F A DROGASIL,RUA JOSE BONIFACIO,,POR TRÁS DO ATACADO DOS PRESENTES / E/F A DROGASIL,TORRE,COLISÃO TRASEIRA,AUTO E MOTO.,1,1,,,,,,,,2,,,SUBURBIO,Outros,Chuvoso,Não existe,Perfeito estado,Molhada,Perfeito estado,,R-6a,40 km/h,Única,,,,,
2019-07-22,21:51:00,COM VÍTIMA,FINALIZADA,IBURA,AV DOIS RIOS,0,,,PROX A POLICLINICA NA LADEIRA DA COHAB / GIRADOR HOTEL.,AV DOIS RIOS,,PROX A POLICLINICA NA LADEIRA DA COHAB / GIRADOR HOTEL.,IBURA,COLISÃO FRONTAL,MOTO X AUTO,1,1,,,,,,,,1,,,SUBURBIO,Longo da via,Chuvoso,Não existe,Não existente,Molhada,Mal iluminada,Não existe,Não há placas,40 km/h,Dupla,Faixa contínua,,,,
2019-07-23,06:02:00,COM VÍTIMA,FINALIZADA,APIPUCOS,RUA CORONEL JOAO BATISTA DO REGO BARROS,0,,AV NORTE,SEMAFORO Nº 671,RUA CORONEL JOAO BATISTA DO REGO BARROS,,SEMAFORO Nº 671,APIPUCOS,CHOQUE OBJETO FIXO,CHOQUE AUTO PASSEIO E PRISMA E O SEMAFORO Nº671,1,,,,,,,,,1,,,CIDADE,Longo da via,Chuvoso,Desligado,Perfeito estado,Molhada,Perfeito estado,,Outras,,Dupla,Canteiro central,,,,
2019-07-23,08:16:00,COM VÍTIMA,FINALIZADA,DERBY,AV GOVERNADOR AGAMENON MAGALHAES,4,3849,,EM FRENTE AO MC DONALDS,AV GOVERNADOR AGAMENON MAGALHAES,3849,EM FRENTE AO MC DONALDS,DERBY,ABALROAMENTO LONGITUDINAL,COM UMA VITIMA. CTTU NO LOCAL,1,1,,,,,,,,2,,,OLINDA,Longo da via,Chuvoso,Sem defeito,Perfeito estado,Molhada,Perfeito estado,Faixa de pedestre,Outras,60 km/h,Dupla,Canteiro central,,,,
2019-07-23,14:24:00,COM VÍTIMA,FINALIZADA,SAO JOSE,AV SUL,0,,,EM FRENTE A GERALDO ARAÚJO TECIDOS,AV SUL,,EM FRENTE A GERALDO ARAÚJO TECIDOS,SÃO JOSÉ,ATROPELAMENTO,ATROPELAMENTO ENTRE ÔNIBUS E PEDESTRE,,,,,1,1,,,,1,,,CIDADE,Longo da via,Bom,Não existe,Não existente,Seca,Mal conservada,Não existe,Não há placas,,Dupla,Canteiro central,,,,
2019-07-23,15:27:00,COM VÍTIMA,FINALIZADA,CASA AMARELA,RUA XAVANTES,3,150,RUA OSCAR DE BARROS,EM FRENTE AO CONSULTORIO MÉDICO DE OFTALMOLOGIA,RUA XAVANTES,150,EM FRENTE AO CONSULTORIO MÉDICO DE OFTALMOLOGIA,CASA AMARELA,ABALROAMENTO TRANSVERSAL,AUTO E MOTO.,1,1,,,,,,,,2,,,SUBURBIO,Cruzamento,Chuvoso,Não existe,Perfeito estado,Molhada,Perfeito estado,Não existe,Placas Pare,,Dupla,Não existe,,,,
2019-07-23,16:57:00,COM VÍTIMA,FINALIZADA,IMBIRIBEIRA,AV MARECHAL MASCARENHAS DE MORAES,0,,,APÓS O VIADUTO TANCREDO NEVES,AV MARECHAL MASCARENHAS DE MORAES,,APÓS O VIADUTO TANCREDO NEVES,IMBIRIBEIRA,COLISÃO COM CICLISTA,COLISÃO AUTOMÓVEL E BICICLETA.,1,,,1,,,,,,1,,,CIDADE,Longo da via,Bom,Não existe,Perfeito estado,Seca,Perfeito estado,Não existe,Não há placas,60 km/h,Dupla,Faixa seccionada,,,,
2019-07-23,18:58:00,COM VÍTIMA,FINALIZADA,BOA VIAGEM,RUA VISCONDE DE JEQUITINHONHA,0,,RUA BARAO DE SOUZA LEAO,EM FRENTE A POUSADA DIPLOMATA,RUA VISCONDE DE JEQUITINHONHA,,EM FRENTE A POUSADA DIPLOMATA,BOA VIAGEM,ATROPELAMENTO,ATROPELAMENTO DE PEDESTRE,1,,,,1,,,,,1,,129,SUBURBIO,Cruzamento,Chuvoso,Sem defeito,Perfeito estado,Molhada,Perfeito estado,Faixa de pedestre,Não há placas,,Única,Canal,,,,
2019-07-24,09:44:00,COM VÍTIMA,FINALIZADA,BOA VIAGEM,RUA BALTAZAR PASSOS,3,441,RUA SA E SOUZA,EM FRENTE A CULTURA INGLESA E MAISON SETÚBAL RECEPÇÕES.,RUA BALTAZAR PASSOS,441,EM FRENTE A CULTURA INGLESA E MAISON SETÚBAL RECEPÇÕES.,BOA VIAGEM,ABALROAMENTO TRANSVERSAL,COLISÃO C/VITIMAS ENTRE UMA MOTO E UM AUTO,1,1,,,,,,,,1,,,CIDADE,Cruzamento,Chuvoso,Não existe,Perfeito estado,Molhada,Perfeito estado,Não existe,Placas Pare,,Única,,,,,
2019-07-24,11:25:00,COM VÍTIMA,FINALIZADA,JARDIM SAO PAULO,AV SAO PAULO,3,270,,EM FRENTE A FACULDADE 2001,AV SAO PAULO,270,EM FRENTE A FACULDADE 2001,JARDIM SÃO PAULO,COLISÃO TRASEIRA,COLISÃO C/VITIMA ENTRE UMA MOTO E UM AUTO,1,1,,,,,,,,1,,,SUBURBIO,Longo da via,Chuvoso,Não existe,Incompleta,Molhada,Mal conservada,Não existe,R-6a,40 km/h,Dupla,Faixa contínua,,,,
2019-07-24,17:23:00,COM VÍTIMA,FINALIZADA,PINA,AV HERCULANO BANDEIRA,0,,RUA MANOEL DE BRITO,,AV HERCULANO BANDEIRA,,,PINA,COLISÃO FRONTAL,COLISÃO COM VÍTIMA,1,1,,,,,,,,1,,,SUBURBIO,Cruzamento,Bom,Não existe,Perfeito estado,Seca,Perfeito estado,Não existe,,,,,,,,
2019-07-25,09:11:00,COM VÍTIMA,FINALIZADA,BOA VIAGEM,RUA AVIADOR SEVERIANO LINS,3,226,RUA JOSE MARIA DE MIRANDA,DE ESQUINA COM O HOSPITAL DO BOA VIAGEM,RUA AVIADOR SEVERIANO LINS,226,DE ESQUINA COM O HOSPITAL DO BOA VIAGEM,BOA VIAGEM,ABALROAMENTO LONGITUDINAL,AUTO E MOTO,1,1,,,,,,,,2,,,PRAIA,Cruzamento,Bom,Não existe,Perfeito estado,Seca,Perfeito estado,Faixa de retenção,Placas Pare,,Única,Não existe,,,,
2019-07-25,12:09:00,COM VÍTIMA,FINALIZADA,CORDEIRO,AV CAXANGA,4,1142,,BAP AUTOPEÇAS,AV CAXANGA,1142,BAP AUTOPEÇAS,CORDEIRO,ABALROAMENTO LONGITUDINAL,MOTOCICLETA E ONIBUS,,,,,,1,,,,2,,236,,Longo da via,Bom,Sem defeito,Perfeito estado,Seca,Perfeito estado,Agente,,,Dupla,Faixa contínua,Faixa seccionada,Canteiro central,,
2019-07-25,12:58:00,COM VÍTIMA,FINALIZADA,CAXANGA,AV CAXANGA,0,,,EM FRENTE AO CAXANGÁ COUNTRY GOLF CLUBE,AV CAXANGA,,EM FRENTE AO CAXANGÁ COUNTRY GOLF CLUBE,CAXANGÁ,COLISÃO TRASEIRA,COLISÃO ENTRE ÔNIBUS E MOTOCICLETA.,,1,,,,1,,,,1,,,SUBURBIO,Longo da via,Bom,Não existe,Perfeito estado,Seca,Perfeito estado,Não existe,Não há placas,,Dupla,Canteiro central,,,,
2019-07-25,14:42:00,COM VÍTIMA,FINALIZADA,DERBY,RUA JENER DE SOUZA,3,206,,PROXIMO AO QUARTEL DERBY. AO LADO DA PRAÇA OCTÁVIO DE FREITAS,RUA JENER DE SOUZA,206,PROXIMO AO QUARTEL DERBY. AO LADO DA PRAÇA OCTÁVIO DE FREITAS,DERBY,COLISÃO COM CICLISTA,COLISÃO ENTRE AUTOMÓVEL E BICICLETA.,1,,,1,,,,,,1,,,SUBURBIO,Longo da via,Bom,Sem defeito,Perfeito estado,Seca,Perfeito estado,Não existe,Outras,40 km/h,Dupla,Faixa,Canteiro central,,,