data,hora,natureza_acidente,situacao,bairro,endereco,,numero,detalhe_endereco_acidente,complemento,endereco_cruzamento,numero_cruzamento,referencia_cruzamento,bairro_cruzamento,tipo,descricao,auto,moto,ciclom,ciclista,pedestre,onibus,caminhao,viatura,outros,vitimas,vitimasfatais,num_semaforo,sentido_via,acidente_verificado,tempo_clima,situacao_semaforo,sinalizacao,condicao_via,conservacao_via,ponto_controle,situacao_placa,velocidade_max_via,mao_direcao,divisao_via1,divisao_via2,divisao_via3,_id,Protocolo
2019-07-25,17:05:00,COM VÍTIMA,FINALIZADA,BEBERIBE,RUA URIEL DE HOLANDA,0,,,EM FRENTE A ASSEMBLEIA DE DEUS E PROXIMO A UPINHA,RUA URIEL DE HOLANDA,,EM FRENTE A ASSEMBLEIA DE DEUS E PROXIMO A UPINHA,BEBERIBE,COLISÃO,COLISÃO COM VÍTIMA,1,1,,,,,,,,1,,,,,,,,,,,,,,,,,,
2019-07-26,07:24:00,COM VÍTIMA,FINALIZADA,BONGI,AV GENERAL SAN MARTIN,0,,AV ENGENHEIRO ABDIAS DE CARVALHO,SEMÁFORO 58,AV GENERAL SAN MARTIN,,SEMÁFORO 58,BONGI,COLISÃO COM CICLISTA,COLISÃO CICLISTA X AUTO PASSEIO,1,,,1,,,,,,1,,58,SUBURBIO,Longo da via,Chuvoso,Sem defeito,Perfeito estado,Molhada,Perfeito estado,Agente,Outras,60 km/h,Dupla,Faixa contínua,Canteiro central,,,
2019-07-26,11:01:00,COM VÍTIMA,FINALIZADA,IBURA,RUA EMILIO MONTEIRO FONSECA,2,31,,100 METROS ANTES DA ESCOLA MUNICIPAL VILA OPERÁRIA. EM FRENTE A IGREJA ASSEMBLÉIA DE DEUS.,RUA EMILIO MONTEIRO FONSECA,31,100 METROS ANTES DA ESCOLA MUNICIPAL VILA OPERÁRIA. EM FRENTE A IGREJA ASSEMBLÉIA DE DEUS.,IBURA,ATROPELAMENTO,ATROPELAMENTO C/ DUAS VITIMAS (CRIANÇAS),,1,,,2,,,,,3,,,,Longo da via,Bom,Não existe,Incompleta,Seca,Perfeito estado,Não existe,Não há placas,30 km/h,Dupla,Não existe,,,,
2019-07-26,12:11:00,COM VÍTIMA,FINALIZADA,IPSEP,AV RECIFE,4,1405,,LADO OPOSTO À CENTRAL DAS BATERIAS / SENTIDO BOA VIAGEM,AV RECIFE,1405,LADO OPOSTO À CENTRAL DAS BATERIAS / SENTIDO BOA VIAGEM,IPSEP,COLISÃO TRASEIRA,AUTO E MOTO.,1,1,,,,,,,,1,,,CIDADE,Longo da via,Bom,Não existe,Perfeito estado,Molhada,Perfeito estado,Não existe,Não há placas,60 km/h,Dupla,Faixa seccionada,Canteiro central,,,
2019-07-26,17:18:00,COM VÍTIMA,FINALIZADA,TORROES,RUA TAMBORIL,0,,EST DO FORTE DO ARRAIAL N. DO B. JESUS,EM FRENTE AO CAMPO DO QUINZE,RUA TAMBORIL,,EM FRENTE AO CAMPO DO QUINZE,TORRÕES,COLISÃO FRONTAL,COLISÃO COM VÍTIMA  ENTRE CICLISTA E KOMBI,1,,,1,,,,,,1,,482,SUBURBIO,Longo da via,Chuvoso,Sem defeito,Incompleta,Molhada,Mal conservada,Não existe,R-6a,40 km/h,Dupla,Faixa contínua,,,,
2019-07-27,00:06:00,COM VÍTIMA,FINALIZADA,TORRE,RUA JOSE BONIFACIO,3,894,,E/F A HONDA / PRÓX AO ATACADÃO,RUA JOSE BONIFACIO,894,E/F A HONDA / PRÓX AO ATACADÃO,TORRE,COLISÃO TRASEIRA,AUTO E MOTO.,1,1,,,,,,,,1,,,CIDADE,Longo da via,Bom,Não existe,Ilegível,Seca,Mal iluminada,Não existe,Não há placas,,Única,Faixa,,,,
2019-07-27,11:26:00,COM VÍTIMA,FINALIZADA,CASA AMARELA,AV NORTE,0,,AV PROFESSOR JOSE DOS ANJOS,LADO OPOSTO AO SESC,AV NORTE,,LADO OPOSTO AO SESC,CASA AMARELA,ATROPELAMENTO,ATROPELAMENTO ENVOLVENDO AUTO E PEDESTRE.,1,,,,1,,,,,1,,364,SUBURBIO,Cruzamento,Chuvoso,Sem defeito,Perfeito estado,Molhada,Perfeito estado,Faixa de pedestre,R-6a,,Dupla,Faixa seccionada,Canteiro central,,,
2019-07-27,17:06:00,COM VÍTIMA,FINALIZADA,MANGABEIRA,AV NORTE,0,,,ENTRADA DA MANGABEIRA,AV NORTE,,ENTRADA DA MANGABEIRA,MANGABEIRA,COLISÃO TRASEIRA,COLISÃO COM VÍTIMA,1,1,,,,,,,,1,,96,SUBURBIO,Longo da via,Chuvoso,Sem defeito,Perfeito estado,Molhada,Perfeito estado,Faixa de pedestre,Outras,,Dupla,Canteiro central,,,,
2019-07-28,02:57:00,COM VÍTIMA,FINALIZADA,LINHA DO TIRO,RUA URIEL DE HOLANDA,0,,,EM FRENTE O Nº 614,RUA URIEL DE HOLANDA,,EM FRENTE O Nº 614,LINHA DO TIRO,CHOQUE OBJETO FIXO,VEÍCULO CHOCOU-SE EM UMA ÁRVORE,1,,,,,,,,,2,,,,Longo da via,Chuvoso,Não existe,Incompleta,Molhada,Perfeito estado,Não existe,Outras,,Dupla,Não existe,,,,
2019-07-28,14:16:00,COM VÍTIMA,FINALIZADA,CORDEIRO,AV CAXANGA,0,,AV GENERAL SAN MARTIN,EM FRENTE A INTEGRAÇÃO DE GETULIO VARGAS,AV CAXANGA,,EM FRENTE A INTEGRAÇÃO DE GETULIO VARGAS,CORDEIRO,ABALROAMENTO LONGITUDINAL,AUTO E MOTO.,1,1,,,,,,,,1,,80,,Cruzamento,Bom,Sem defeito,Perfeito estado,Seca,Perfeito estado,Não existe,R-6a,,Dupla,Canteiro central,,,,
2019-07-28,19:13:00,COM VÍTIMA,FINALIZADA,VARZEA,AV PROFESSOR LUIZ FREIRE,0,,RUA ACADEMICO HELIO RAMOS,PROX A IFPE (INSTITUTO FEDERAL DE PERNAMBUCO) E RICARDO BRENNAND,AV PROFESSOR LUIZ FREIRE,,PROX A IFPE (INSTITUTO FEDERAL DE PERNAMBUCO) E RICARDO BRENNAND,VÁRZEA,ABALROAMENTO TRANSVERSAL,MOTO X PALIO,1,1,,,,,,,,1,,,SUBURBIO,Esquina,Bom,Não existe,Perfeito estado,Seca,Perfeito estado,,,,Dupla,,,,,
2019-07-28,20:59:00,COM VÍTIMA,FINALIZADA,VARZEA,RUA ACADEMICO HELIO RAMOS,3,336,RUA AMARO GOMES POROCA,ENF AO COLEGIO DE APLICAÇAO UFPE,RUA ACADEMICO HELIO RAMOS,336,ENF AO COLEGIO DE APLICAÇAO UFPE,VÁRZEA,ABALROAMENTO TRANSVERSAL,MOTO X GOL,1,1,,,,,,,,1,,520,BR 101,Cruzamento,Chuvoso,Com defeito,Perfeito estado,Molhada,Perfeito estado,Faixa de pedestre,R-19,30 km/h,Dupla,Faixa seccionada,,,,
2019-07-28,22:51:00,COM VÍTIMA,FINALIZADA,MUSTARDINHA,PRC A B C,0,,AV MANOEL GONCALVES DA LUZ,E/F A ACADEMIA DA CIDADE,PRC A B C,,E/F A ACADEMIA DA CIDADE,MUSTARDINHA,COLISÃO COM CICLISTA,ENTRE AUTO E CICLISTA. C/V,1,,,1,,,,,,1,,,SUBURBIO,Longo da via,Chuvoso,Não existe,Perfeito estado,Molhada,Perfeito estado,Faixa de pedestre,R-6a,30 km/h,Dupla,Faixa seccionada,,,,
2019-07-29,06:05:00,COM VÍTIMA,FINALIZADA,MACAXEIRA,AV NORTE,4,7696,,EM FRENTE AO PARQUE DA MACAXEIRA E ESCOLA MUNICIPAL DIÁCONO ABEL,AV NORTE,7696,EM FRENTE AO PARQUE DA MACAXEIRA E ESCOLA MUNICIPAL DIÁCONO ABEL,MACAXEIRA,CHOQUE OBJETO FIXO,VEÍCULO CHOCOU-SE CONTRA UM POSTE.,1,,,,,,,,,1,,,SUBURBIO,Longo da via,Chuvoso,Não existe,Perfeito estado,Molhada,Perfeito estado,Não existe,Outras,,Dupla,Canteiro central,,,,
2019-07-29,06:57:00,COM VÍTIMA,FINALIZADA,IBURA,AV PERNAMBUCO,3,348,,EM FRENTE A PRAÇA DA UR-01,AV PERNAMBUCO,348,EM FRENTE A PRAÇA DA UR-01,IBURA,ABALROAMENTO LONGITUDINAL,ONIBUS  AUTO E MOTO,1,1,,,,1,,,,2,,,CIDADE,Longo da via,Bom,Não existe,Perfeito estado,Seca,Perfeito estado,Não existe,R-6a,,Dupla,Faixa seccionada,,,,
2019-07-29,10:11:00,COM VÍTIMA,FINALIZADA,MUSTARDINHA,RUA VINTE E UM DE ABRIL,4,2141,,PROX. AO COLEGIO ANTONIO FARIAS  PRÓXIMO AO TERMINAL DE MUSTARDINHA.,RUA VINTE E UM DE ABRIL,2141,PROX. AO COLEGIO ANTONIO FARIAS  PRÓXIMO AO TERMINAL DE MUSTARDINHA.,MUSTARDINHA,ATROPELAMENTO,AUTO E PEDESTRE,1,,,,1,,,,,1,,,SAN MARTNI,Longo da via,Bom,Não existe,Incompleta,Seca,Perfeito estado,Não existe,Não há placas,,Dupla,Não existe,,,,
2019-07-29,11:55:00,COM VÍTIMA,FINALIZADA,BOA VIAGEM,AV ENGENHEIRO DOMINGOS FERREIRA,4,2886,,E/F AO REI DOS GALETOS,AV ENGENHEIRO DOMINGOS FERREIRA,2886,E/F AO REI DOS GALETOS,BOA VIAGEM,ABALROAMENTO TRANSVERSAL,COLISAO ENTRE AUTO E ONIBUS C/V,1,,,,,1,,,,1,,,SUBURBIO,Longo da via,Bom,Sem defeito,Perfeito estado,Seca,Perfeito estado,Não existe,Não há placas,,Única,Faixa seccionada,,,,
2019-07-29,12:28:00,COM VÍTIMA,FINALIZADA,CAXANGA,AV CAXANGA,0,,EST DO BARBALHO,NO SEMAFORO 533,AV CAXANGA,,NO SEMAFORO 533,CAXANGÁ,ATROPELAMENTO,ATROPELAMENTO COM UMA VITIMA.,,,,,1,1,,,,1,,533,SUBURBIO,Longo da via,Bom,Sem defeito,Perfeito estado,Seca,Perfeito estado,Agente,Outras,,Única,Faixa seccionada,,,,
2019-07-30,08:40:00,COM VÍTIMA,FINALIZADA,ESPINHEIRO,AV GOVERNADOR AGAMENON MAGALHAES,4,3158,RUA SAO SALVADOR,EM FRENTE A UNIMED RECIFE (URGÊNCIA PEDIÁTRICA) / (SENTIDO BOA VIAGEM),AV GOVERNADOR AGAMENON MAGALHAES,3158,EM FRENTE A UNIMED RECIFE (URGÊNCIA PEDIÁTRICA) / (SENTIDO BOA VIAGEM),ESPINHEIRO,ENGAVETAMENTO,COLISÃO C/VITIMAS ENTRE DOIS AUTOS E DUAS MOTOS,2,2,,,,,,,,2,,,SUBURBIO,Longo da via,Bom,Sem defeito,Perfeito estado,Seca,Perfeito estado,Outros,Outras,,Única,Faixa seccionada,,,,
2019-07-30,13:59:00,COM VÍTIMA,FINALIZADA,DERBY,RUA DR SEVERINO PINHEIRO,0,,,LADO OPOSTO AO QUARTEL DO DERBY.,RUA DR SEVERINO PINHEIRO,,LADO OPOSTO AO QUARTEL DO DERBY.,DERBY,COLISÃO COM CICLISTA,COLISÃO COM VÍTIMA  ENTRE AUTO E BICICLETA.,1,,,1,,,,,,1,,,CIDADE,Longo da via,Bom,Não existe,Perfeito estado,Seca,Perfeito estado,Não existe,R-6a,,Única,Faixa seccionada,,,,
2019-07-30,18:07:00,COM VÍTIMA,FINALIZADA,RECIFE,RUA DO APOLO,3,235,,AO LADO DA TORRE MALAKOFF. PRÓXIMO AO MARCO ZERO.,RUA DO APOLO,235,AO LADO DA TORRE MALAKOFF. PRÓXIMO AO MARCO ZERO.,BAIRRO DO RECIFE,ATROPELAMENTO,VEICULO ATROPELOU UM PEDESTRE,1,,,,1,,,,,1,,,CIDADE,Longo da via,Bom,Não existe,Perfeito estado,Seca,Perfeito estado,Não existe,Não há placas,,Dupla,Não existe,,,,
2019-07-30,20:37:00,COM VÍTIMA,FINALIZADA,BARRO,AV CENTRAL,0,,,DENTRO DA INTEGRAÇAO DA ESTAÇAO DO BARRO,AV CENTRAL,,DENTRO DA INTEGRAÇAO DA ESTAÇAO DO BARRO,BARRO,ATROPELAMENTO,ONIBUS,,,,,1,1,,,,1,,,SUBURBIO,Longo da via,Chuvoso,Não existe,,Molhada,Perfeito estado,Outros,Outras,,Única,Faixa seccionada,,,,
2019-07-31,11:54:00,COM VÍTIMA,FINALIZADA,GRACAS,RUA JOAO RAMOS,3,260,RUA DONA ANUNCIADA,PROX A PIZZARIA ATLANTICO,RUA JOAO RAMOS,260,PROX A PIZZARIA ATLANTICO,GRAÇAS,ABALROAMENTO TRANSVERSAL,COLISAO ENTRE AUTO E MOTO COM UMA VITIMA,1,1,,,,,,,,1,,,SUBURBIO,Cruzamento,Bom,Não existe,Perfeito estado,Seca,Perfeito estado,Outros,Placas Pare,,Única,,,,,
2019-07-31,15:10:00,COM VÍTIMA,FINALIZADA,AREIAS,AV TENENTE FELIPE BANDEIRA DE MELO,2,97,,PROXIMO A WALMART,AV TENENTE FELIPE BANDEIRA DE MELO,97,PROXIMO A WALMART,AREIAS,ATROPELAMENTO,ATROPELAMENTO COM VITIMA,1,,,,1,,,,,1,,,,Longo da via,Bom,Não existe,,Seca,Perfeito estado,Outros,Não há placas,,Dupla,Não existe,,,,
2019-07-31,15:44:00,COM VÍTIMA,FINALIZADA,IPUTINGA,AV MAURICIO DE NASSAU,2,29,,EM FRENTE A ASINHA MASTER  PRÓXIMO A LOMBADA ELETRÔNICA,AV MAURICIO DE NASSAU,29,EM FRENTE A ASINHA MASTER  PRÓXIMO A LOMBADA ELETRÔNICA,IPUTINGA,COLISÃO COM CICLISTA,COLISÃO COM VÍTIMA,1,,,1,,,,,,1,,,SUBURBIO,Longo da via,Bom,Não existe,Perfeito estado,Seca,Perfeito estado,Não existe,Não há placas,,Dupla,Faixa seccionada,,,,
2019-07-31,17:12:00,COM VÍTIMA,FINALIZADA,ESPINHEIRO,RUA BUENOS AYRES,0,,AV GOVERNADOR AGAMENON MAGALHAES,PARALELA COM A CAIXA ECONOMICA SENTIDO OLINDA,RUA BUENOS AYRES,,PARALELA COM A CAIXA ECONOMICA SENTIDO OLINDA,ESPINHEIRO,ABALROAMENTO TRANSVERSAL,COLISAO COM VITIMA ENVOLVENDO AUTO MOTO,1,2,,,,,,,,1,,78,OLINDA,Cruzamento,Bom,Sem defeito,Perfeito estado,Seca,Perfeito estado,Faixa de pedestre,Outras,,Única,Faixa contínua,Faixa seccionada,Canteiro central,,
2019-07-31,20:10:00,COM VÍTIMA,FINALIZADA,CORDEIRO,AV MAURICIO DE NASSAU,2,27,AV CAXANGA,APÓS A LOMBADA ELETRONICA,AV MAURICIO DE NASSAU,27,APÓS A LOMBADA ELETRONICA,CORDEIRO,COLISÃO COM CICLISTA,CICLISTA X AUTO PASSEIO,1,,,1,,,,,,1,,,CIDADE,Longo da via,Chuvoso,Não existe,Perfeito estado,Molhada,Perfeito estado,Não existe,Não há placas,40 km/h,Dupla,Não existe,,,,
2019-08-01,07:56:00,COM VÍTIMA,FINALIZADA,MADALENA,RUA BENFICA,0,,,APOS O CLUB INTERNACIONAL. PRAÇA EUCLIDES DA CUNHA.,RUA BENFICA,,APOS O CLUB INTERNACIONAL. PRAÇA EUCLIDES DA CUNHA.,MADALENA,ABALROAMENTO LONGITUDINAL,COLISÃO COM VITIMA,1,1,,,,,,,,1,,590,SUBURBIO,Longo da via,Bom,Sem defeito,Perfeito estado,Seca,Perfeito estado,Faixa de pedestre,R-6a,,Dupla,Canteiro central,,,,
2019-08-01,11:25:00,COM VÍTIMA,FINALIZADA,ROSARINHO,RUA DR JOSE MARIA,0,,RUA TEOFILO DE VASCONCELOS,EM FRENTE AO RESTAURANTE CHINA DRAGON,RUA DR JOSE MARIA,,EM FRENTE AO RESTAURANTE CHINA DRAGON,ROSARINHO,ABALROAMENTO TRANSVERSAL,COLISÃO COM VITIMA,1,1,,,,,,,,1,,,,Longo da via,Bom,Não existe,Perfeito estado,Seca,Perfeito estado,Não existe,Outras,,Dupla,Faixa contínua,,,,
2019-08-01,14:36:00,COM VÍTIMA,FINALIZADA,CAXANGA,AV CAXANGA,0,,,PRÓXIMO AO VIADUTA DA BR-101,AV CAXANGA,,PRÓXIMO AO VIADUTA DA BR-101,CAXANGÁ,ATROPELAMENTO,,,1,,,1,,,,,1,,,,,,,,,,,,,,,,,,
2019-08-01,17:26:00,COM VÍTIMA,FINALIZADA,PORTO DA MADEIRA,AV BEBERIBE,4,4175,,ANTES DA PRC DA CONVENÇÃO,AV BEBERIBE,4175,ANTES DA PRC DA CONVENÇÃO,PORTO DA MADEIRA,TOMBAMENTO,MOTOCICLISTA DESEQUILIBROU E CAIU,,1,,,,,,,,1,,,SUBURBIO,Longo da via,Chuvoso,Não existe,Incompleta,Molhada,Mal conservada,Não existe,Não há placas,,Dupla,Faixa contínua,,,,
2019-08-02,08:15:00,COM VÍTIMA,FINALIZADA,SAN MARTIN,AV GENERAL SAN MARTIN,4,1910,RUA EDUARDO DE ANDRADE,PASSIRA,AV GENERAL SAN MARTIN,1910,PASSIRA,SAN MARTIN,ABALROAMENTO TRANSVERSAL,AUTO E MOTO,1,1,,,,,,,,1,,,SUBURBIO,Cruzamento,Nublado,Não existe,Perfeito estado,Seca,Perfeito estado,Não existe,Não há placas,,Dupla,Faixa contínua,,,,
2019-08-02,10:40:00,COM VÍTIMA,FINALIZADA,IMBIRIBEIRA,AV MARECHAL MASCARENHAS DE MORAES,0,,,EM FRENTE A LOJA GRILLO,AV MARECHAL MASCARENHAS DE MORAES,,EM FRENTE A LOJA GRILLO,IMBIRIBEIRA,ATROPELAMENTO,ONIBUS / PEDESTRE,,,,,1,1,,,,1,,,CIDADE,Longo da via,Chuvoso,Sem defeito,Perfeito estado,Molhada,Perfeito estado,Não existe,Não há placas,60 km/h,Dupla,Faixa contínua,Faixa seccionada,Canteiro central,,
2019-08-02,13:01:00,COM VÍTIMA,FINALIZADA,ARRUDA,AV BEBERIBE,3,433,,EM FRENTE AO BAR DO DRAGÃO,AV BEBERIBE,433,EM FRENTE AO BAR DO DRAGÃO,ARRUDA,COLISÃO TRASEIRA,COLISÃO COM VÍTIMA,1,1,,,,,,,,1,,,,Longo da via,Bom,Sem defeito,Perfeito estado,Seca,Perfeito estado,Não existe,Não há placas,,Única,Faixa seccionada,,,,
2019-08-02,14:21:00,COM VÍTIMA,FINALIZADA,ESPINHEIRO,RUA DO ESPINHEIRO,3,468,AV CONS ROSA E SILVA,AO LADO DO HOSPTAL DO SERVIDOR,RUA DO ESPINHEIRO,468,AO LADO DO HOSPTAL DO SERVIDOR,ESPINHEIRO,ATROPELAMENTO,ONIBUS ATROPELOU UMA VITIMA,,,,,1,1,,,,1,,,CID/SUB,Longo da via,Nublado,Não existe,,Seca,,Faixa de pedestre,Outras,,Única,Faixa seccionada,,,,
2019-08-02,15:39:00,COM VÍTIMA,FINALIZADA,JIQUIA,AV DR JOSE RUFINO,0,,,EM FRENTE AO POSTE Nº B 065273,AV DR JOSE RUFINO,,EM FRENTE AO POSTE Nº B 065273,JIQUIÁ,ABALROAMENTO TRANSVERSAL,COM VÍTIMA,1,1,,,,,,,,1,,,SUB/CID,Longo da via,Bom,Não existe,Perfeito estado,Seca,Perfeito estado,,Outras,60 km/h,Dupla,Faixa,,,,
2019-08-02,16:23:00,COM VÍTIMA,FINALIZADA,SANTO AMARO,RUA DO HOSPICIO,0,,,EM FRENTE A CÂMARA MUNICIPAL DO RECIFE,RUA DO HOSPICIO,,EM FRENTE A CÂMARA MUNICIPAL DO RECIFE,SANTO AMARO,ABALROAMENTO LONGITUDINAL,COLISÃO COM VÍTIMA,1,1,,,,,,,,2,,,CIDADE,Longo da via,Bom,Sem defeito,Perfeito estado,Seca,Perfeito estado,Faixa de pedestre,Não há placas,,Dupla,Blocos,,,,
2019-08-02,17:53:00,COM VÍTIMA,FINALIZADA,AREIAS,AV RECIFE,3,810,,HOSPITAL GERAL DE AREIAS,AV RECIFE,810,HOSPITAL GERAL DE AREIAS,AREIAS,ATROPELAMENTO,MOTO E PEDESTRE,,1,,,1,,,,,1,,,CIDADE,Longo da via,Bom,Sem defeito,Perfeito estado,Seca,Perfeito estado,Não existe,Outras,60 km/h,Dupla,Blocos,,,,
2019-08-02,20:05:00,COM VÍTIMA,FINALIZADA,IBURA,AV DOIS RIOS,0,,,,AV DOIS RIOS,,,IBURA,COLISÃO TRASEIRA,ENTRE AUTO E MOTO. C/V,1,1,,,,,,,,1,,,CIDADE,Longo da via,Bom,Não existe,Perfeito estado,Seca,Perfeito estado,Outros,Não há placas,,Dupla,Faixa contínua,,,,
2019-08-02,21:56:00,COM VÍTIMA,FINALIZADA,,AV VISCONDE DE ALBUQUERQUE,2,58,,LADO OPOSTO AO BOMPREÇO,AV VISCONDE DE ALBUQUERQUE,58,LADO OPOSTO AO BOMPREÇO,,ATROPELAMENTO,MOTO,,1,,,1,,,,,1,,,SUBURBIO,Longo da via,Bom,Não existe,Perfeito estado,Seca,Perfeito estado,Não existe,R-6a,,Única,Faixa seccionada,,,,
2019-08-03,22:48:00,COM VÍTIMA,FINALIZADA,BEBERIBE,AV BEBERIBE,0,,RUA ARAPARI,,AV BEBERIBE,,,BEBERIBE,ABALROAMENTO TRANSVERSAL,CLASSIC X MOTO OBS: SUSPEITA DE EMBRIAGUEZ,1,1,,,,,,,,1,,,,,Bom,Não existe,Incompleta,Seca,Perfeito estado,Não existe,,,Dupla,Faixa contínua,Faixa seccionada,,,
2019-08-04,00:48:00,COM VÍTIMA,FINALIZADA,BOA VIAGEM,RUA ARTUR MUNIZ,0,,AV CONSELHEIRO AGUIAR,POSTO BR / MC DONALD'S,RUA ARTUR MUNIZ,,POSTO BR / MC DONALD'S,BOA VIAGEM,ABALROAMENTO TRANSVERSAL,COLISÃO ENTRE AUTO E MOTO C/V,1,1,,,,,,,,1,,5,SUBURBIO,Cruzamento,Bom,Sem defeito,Perfeito estado,Seca,,Faixa de pedestre,Outras,,Dupla,Faixa seccionada,,,,
2019-08-04,09:36:00,COM VÍTIMA,FINALIZADA,BARRO,AV DR JOSE RUFINO,4,2984,,EM FRENTE AO COLÉGIO ESCOLA PRES HUMBERTO CASTELLO BRANCO,AV DR JOSE RUFINO,2984,EM FRENTE AO COLÉGIO ESCOLA PRES HUMBERTO CASTELLO BRANCO,BARRO,COLISÃO COM CICLISTA,ATROPELAMENTO DE CICLISTA,,,,1,,1,,,,1,,156,SUBURBIO,Longo da via,Bom,Sem defeito,Perfeito estado,Seca,Perfeito estado,Faixa de pedestre,Outras,,Dupla,Faixa contínua,,,,
2019-08-04,13:02:00,COM VÍTIMA,FINALIZADA,IPSEP,AV RECIFE,0,,,OPOSTO AO Nº 2447 - POSTE B 034053,AV RECIFE,,OPOSTO AO Nº 2447 - POSTE B 034053,IPSEP,ATROPELAMENTO,MOTO E PEDESTRE,,1,,,1,,,,,1,,,CIDADE,Longo da via,Bom,Sem defeito,Perfeito estado,Seca,Perfeito estado,Não existe,R-6a,,Dupla,Faixa seccionada,,,,
2019-08-04,13:04:00,COM VÍTIMA,FINALIZADA,ARRUDA,RUA DR JOSE FULCO,3,109,,,RUA DR JOSE FULCO,109,,ARRUDA,COLISÃO FRONTAL,COLISÃO C/VITIMAS ENTRE DUAS MOTOS,,2,,,,,,,,1,,,SUB/CID,Longo da via,Nublado,Não existe,Perfeito estado,Molhada,,Não existe,R-6a,,Única,,,,,
2019-08-04,16:31:00,COM VÍTIMA,FINALIZADA,CORDEIRO,AV CAXANGA,4,1274,,LADO EXAO BANCO BRADESCO,AV CAXANGA,1274,LADO EXAO BANCO BRADESCO,CORDEIRO,COLISÃO COM CICLISTA,COLISÃO COM VITIMAS,1,1,,,,,,,,2,,,SUBURBIO,Longo da via,Bom,Sem defeito,Perfeito estado,Seca,Perfeito estado,Outros,Outras,60 km/h,Única,Faixa seccionada,Canteiro central,,,
2019-08-04,20:41:00,COM VÍTIMA,FINALIZADA,ROSARINHO,AV SANTOS DUMONT,0,,RUA TELES JUNIOR,,AV SANTOS DUMONT,,,ROSARINHO,ABALROAMENTO TRANSVERSAL,AUTO X MOTO S/V,1,1,,,,,,,,1,,,SUBURBIO,Cruzamento,Bom,Não existe,Incompleta,Seca,Perfeito estado,Não existe,R-6a,,Única,Não existe,,,,
2019-08-04,23:18:00,COM VÍTIMA,FINALIZADA,PRADO,RUA GOMES TABORDA,3,945,,,RUA GOMES TABORDA,945,,PRADO,ATROPELAMENTO,AUTO X PEDESTRE. C/V,1,,,,1,,,,,1,,,CIDADE,Longo da via,Bom,Sem defeito,Perfeito estado,Seca,Perfeito estado,,,,Dupla,,,,,
2019-08-05,00:58:00,COM VÍTIMA,FINALIZADA,CORDEIRO,AV INACIO MONTEIRO,3,413,RUA EURICO DE SOUZA LEAO,JURAS BAR,AV INACIO MONTEIRO,413,JURAS BAR,CORDEIRO,ABALROAMENTO LONGITUDINAL,COLISÃO ENTRE DUAS MOTOS C/V,,2,,,,,,,,1,,,SUBURBIO,Cruzamento,Chuvoso,Não existe,Perfeito estado,Molhada,Perfeito estado,Não existe,Placas Pare,,Dupla,Faixa contínua,,,,
2019-08-05,01:24:00,COM VÍTIMA,FINALIZADA,BOA VIAGEM,AV ENGENHEIRO DOMINGOS FERREIRA,0,,RUA RIBEIRO DE BRITO,SEMÁFORO 155,AV ENGENHEIRO DOMINGOS FERREIRA,,SEMÁFORO 155,BOA VIAGEM,COLISÃO TRASEIRA,COLISÃO ENTRE DOIS AUTOS  C/V.,2,,,,,,,,,1,,155,SUBURBIO,Cruzamento,Bom,Sem defeito,Perfeito estado,Seca,Perfeito estado,Faixa de pedestre,R-6a,,Única,Faixa seccionada,,,,
2019-08-05,13:22:00,COM VÍTIMA,FINALIZADA,BEBERIBE,AV BEBERIBE,0,,,EM FRENTE AO POSTO SAUDE GONÇALVES MONTEIRO DE MORAIS,AV BEBERIBE,,EM FRENTE AO POSTO SAUDE GONÇALVES MONTEIRO DE MORAIS,BEBERIBE,COLISÃO FRONTAL,,,2,,,,,,,,1,,398,CIDADE,Longo da via,Bom,Sem defeito,Perfeito estado,Seca,Perfeito estado,Faixa de pedestre,Não há placas,,Dupla,Faixa contínua,,,,