data,hora,natureza_acidente,situacao,bairro,endereco,,numero,detalhe_endereco_acidente,complemento,endereco_cruzamento,numero_cruzamento,referencia_cruzamento,bairro_cruzamento,tipo,descricao,auto,moto,ciclom,ciclista,pedestre,onibus,caminhao,viatura,outros,vitimas,vitimasfatais,num_semaforo,sentido_via,acidente_verificado,tempo_clima,situacao_semaforo,sinalizacao,condicao_via,conservacao_via,ponto_controle,situacao_placa,velocidade_max_via,mao_direcao,divisao_via1,divisao_via2,divisao_via3,_id,Protocolo
2019-08-05,20:21:00,COM VÍTIMA,FINALIZADA,AFOGADOS,RUA SAO MIGUEL,0,,,PRÓXIMO AO BODE DO NÔ,RUA SAO MIGUEL,,PRÓXIMO AO BODE DO NÔ,AFOGADOS,ABALROAMENTO TRANSVERSAL,ONIX X PALIO,3,,,,,,,,,2,,,SUBURBIO,Longo da via,Bom,Não existe,Perfeito estado,Seca,Perfeito estado,Outros,Outras,,Dupla,Faixa seccionada,,,,
2019-08-05,22:09:00,COM VÍTIMA,FINALIZADA,BOA VISTA,RUA MARQUES AMORIM,3,335,,POR TRAS DA UNIMED 3,RUA MARQUES AMORIM,335,POR TRAS DA UNIMED 3,BOA VISTA,COLISÃO FRONTAL,MOTO X AUTO,1,1,,,,,,,,1,,,CIDADE,Longo da via,Bom,Não existe,Incompleta,Seca,Mal conservada,Não existe,R-6a,,Dupla,Não existe,,,,
2019-08-06,05:47:00,COM VÍTIMA,FINALIZADA,TORROES,AV ENGENHEIRO ABDIAS DE CARVALHO,0,,,EM FRENTE A UPA,AV ENGENHEIRO ABDIAS DE CARVALHO,,EM FRENTE A UPA,TORRÕES,COLISÃO TRASEIRA,COLISÃO ENTRE MOTO E ÔNIBUS  COM VÍTIMA.,,1,,,,1,,,,1,,272,CIDADE,Longo da via,Bom,Sem defeito,Perfeito estado,Seca,Perfeito estado,Faixa de pedestre,R-6a,60 km/h,Única,Faixa contínua,,,,
2019-08-06,12:10:00,COM VÍTIMA,FINALIZADA,SAO JOSE,RUA IMPERIAL,3,134,,PROXIMO A IGREJA MATRIZ DE SAO JOSE,RUA IMPERIAL,134,PROXIMO A IGREJA MATRIZ DE SAO JOSE,SÃO JOSÉ,CHOQUE VEÍCULO PARADO,COLISAO COM VITIMA,1,1,,,,,,,,1,,,SUBURBIO,Longo da via,Bom,Não existe,Perfeito estado,Seca,Perfeito estado,,Placas Pare,,Única,Faixa seccionada,,,,
2019-08-06,17:24:00,COM VÍTIMA,FINALIZADA,BOA VISTA,RUA PRINCESA IZABEL,0,,,PARADA DE ÔNIBUS - AO LADO DA DELEGACIA,RUA PRINCESA IZABEL,,PARADA DE ÔNIBUS - AO LADO DA DELEGACIA,BOA VISTA,ACID. DE PERCURSO,HOUVE UM ACIDENTE. UM ÔNIBUS DEU UMA FREADA BRUSCA E UMA PASSAGEIRA SE FERIU,,,,,,1,,,,1,,22,CIDADE,Longo da via,Bom,Sem defeito,Perfeito estado,Seca,Perfeito estado,Faixa de pedestre,,,Única,Faixa contínua,,,,
2019-08-07,10:21:00,COM VÍTIMA,FINALIZADA,ILHA JOANA BEZERRA,RUA DES GUERRA BARRETO,0,,,EM FRENTE AO FORUM,RUA DES GUERRA BARRETO,,EM FRENTE AO FORUM,ILHA JOANA BEZERRA,COLISÃO COM CICLISTA,ONIBUS E CICLISTA,,,,1,,1,,,,1,,,,,,,,,,,,,,,,,,
2019-08-07,10:27:00,COM VÍTIMA,FINALIZADA,BOMBA DO HEMETERIO,COR DO BARTOLOMEU,3,563,,NA RODINHA DA BOMBA. PRÓXIMO A PANIFICADORA SENHOR DO BONFIM.,COR DO BARTOLOMEU,563,NA RODINHA DA BOMBA. PRÓXIMO A PANIFICADORA SENHOR DO BONFIM.,BOMBA DO HEMETÉRIO,CHOQUE OBJETO FIXO,CHOQUE EM OBJETO FIXO ENVOLVENDO MOTOCICLETA DA CTTU.,,1,,,,,,,,1,,,SUBURBIO,Longo da via,Bom,Não existe,Perfeito estado,Seca,Perfeito estado,Não existe,Placas Dê a preferência,,Dupla,Blocos,,,,
2019-08-07,10:40:00,COM VÍTIMA,FINALIZADA,CABANGA,AV ENGENHEIRO JOSE ESTELITA,0,,,APÓS O CABANGA,AV ENGENHEIRO JOSE ESTELITA,,APÓS O CABANGA,CABANGA,CAPOTAMENTO,COLISÃO COM VÍTIMA,1,,,,,,,,,1,,,CIDADE,Longo da via,Chuvoso,Não existe,Perfeito estado,Seca,Perfeito estado,Não existe,Outras,60 km/h,Dupla,Canteiro central,,,,
2019-08-07,12:35:00,COM VÍTIMA,FINALIZADA,CASA AMARELA,EST DO ARRAIAL,4,4086,,EM FRENTE A GRANJA ARRAIAL E COLEGIO DOM VITAL,EST DO ARRAIAL,4086,EM FRENTE A GRANJA ARRAIAL E COLEGIO DOM VITAL,CASA AMARELA,ENGAVETAMENTO,COLISÃO COM VÍTIMA,4,,,,,,,,,1,,,SUBURBIO,Longo da via,Chuvoso,Sem defeito,Perfeito estado,Molhada,Perfeito estado,Outros,Outras,,Única,Faixa seccionada,,,,
2019-08-07,15:07:00,COM VÍTIMA,FINALIZADA,JARDIM SAO PAULO,RUA LORENA,3,271,,E/F A MOTORFRIO REFRIGERAÇÃO,RUA LORENA,271,E/F A MOTORFRIO REFRIGERAÇÃO,JARDIM SÃO PAULO,ABALROAMENTO LONGITUDINAL,COLISAO ENTRE AUTO E MOTO COM UMA VITIMA,1,1,,,,,,,,1,,,SUBURBIO,Longo da via,Bom,Não existe,Não existente,Seca,Perfeito estado,Não existe,Não há placas,,Dupla,Não existe,,,,
2019-08-07,16:18:00,COM VÍTIMA,FINALIZADA,BOA VIAGEM,RUA PROFESSOR ARNALDO CARNEIRO LEAO,0,,RUA PADRE CARAPUCEIRO,,RUA PROFESSOR ARNALDO CARNEIRO LEAO,,,BOA VIAGEM,ABALROAMENTO LONGITUDINAL,COLISÃO AUTO E MOTO,1,1,,,,,,,,1,,321,SUBURBIO,Cruzamento,Bom,Sem defeito,Perfeito estado,Seca,Perfeito estado,Faixa de pedestre,Outras,,Dupla,Canal,,,,
2019-08-07,20:54:00,COM VÍTIMA,FINALIZADA,JORDAO,AV MARIA IRENE,4,1542,,PROX E AO POSTE JARDIM JORDAO EM FRENTE AO EDF JAYME RAMALHO.,AV MARIA IRENE,1542,PROX E AO POSTE JARDIM JORDAO EM FRENTE AO EDF JAYME RAMALHO.,JORDÃO,ABALROAMENTO LONGITUDINAL,PALIO X MOTO,1,1,,,,,,,,2,,,SUBURBIO,Longo da via,Bom,Não existe,Incompleta,Molhada,Mal conservada,,Não há placas,40 km/h,Dupla,Não existe,,,,
2019-08-08,06:30:00,COM VÍTIMA,FINALIZADA,CASA FORTE,PRC DR LULA CABRAL DE MELO,0,,,E/F PRAÇA DO PARNAMIRIM E FARMÁCIA DROGASIL,PRC DR LULA CABRAL DE MELO,,E/F PRAÇA DO PARNAMIRIM E FARMÁCIA DROGASIL,CASA FORTE,ABALROAMENTO LONGITUDINAL,COLISÃO C/VITIMA - AUTO X MOTO,1,1,,,,,,,,1,,,CIDADE,Outros,Bom,Não existe,Não existente,Seca,Perfeito estado,Não existe,R-6a,,Única,Não existe,,,,
2019-08-08,08:30:00,COM VÍTIMA,FINALIZADA,CORDEIRO,RUA DR MIGUEL VIEIRA FERREIRA,3,325,,LADO OPOSTO AO COLEGIO NOVA GERAÇÃO 2000,RUA DR MIGUEL VIEIRA FERREIRA,325,LADO OPOSTO AO COLEGIO NOVA GERAÇÃO 2000,CORDEIRO,COLISÃO TRASEIRA,COLISÃO ENTRE AUTO EM MOTO,1,1,,,,,,,,1,,,CIDADE,Longo da via,Chuvoso,Não existe,Perfeito estado,Molhada,Perfeito estado,Faixa de pedestre,R-6a,,Dupla,Faixa contínua,,,,
2019-08-08,08:57:00,COM VÍTIMA,FINALIZADA,SANTO AMARO,AV JOAO DE BARROS,3,960,,EM FRENTE AO EMPRESARIAL BURLE MARX,AV JOAO DE BARROS,960,EM FRENTE AO EMPRESARIAL BURLE MARX,SANTO AMARO,ABALROAMENTO LONGITUDINAL,COLISÃO COM VITIMA - EVASÃO DE UMA DAS PARTES ENVOLVIDAS NO ACIDENTE.,1,1,,,,,,,,1,,,SUBURBIO,Longo da via,Chuvoso,Não existe,Perfeito estado,Molhada,Perfeito estado,Não existe,R-6a,,Dupla,Faixa seccionada,,,,
2019-08-08,09:03:00,COM VÍTIMA,FINALIZADA,SANTO AMARO,AV GOVERNADOR AGAMENON MAGALHAES,0,,,SOBRE O VIADUTO DA INDEPENDÊNCIA,AV GOVERNADOR AGAMENON MAGALHAES,,SOBRE O VIADUTO DA INDEPENDÊNCIA,SANTO AMARO,COLISÃO TRASEIRA,COLISAO COM VITIMAS,1,1,,,,,,,,1,,,CIDADE,Viaduto,Chuvoso,Não existe,Não existente,Molhada,Perfeito estado,Não existe,Não há placas,60 km/h,Dupla,Faixa contínua,Canteiro central,,,
2019-08-08,09:31:00,COM VÍTIMA,FINALIZADA,BOA VIAGEM,AV CELSO FURTADO,0,,,NA ENTRADA DA AREA MILITAR DA MARINHA,AVENIDA CELSO FURTADO (VIA MANGUE),,NA ENTRADA DA AREA MILITAR DA MARINHA,BOA VIAGEM,COLISÃO TRASEIRA,COLISÃO ENTRE AUTO E MOTO,1,1,,,,,,,,1,,,SUBURBIO,Longo da via,Chuvoso,Não existe,Perfeito estado,Molhada,Perfeito estado,Outros,Outras,,Dupla,Canteiro central,,,,
2019-08-08,13:10:00,COM VÍTIMA,FINALIZADA,AGUA FRIA,AV ANIBAL BENEVOLO,4,1338,,EM FRENTE AO COMPAZ,AV ANIBAL BENEVOLO,1338,EM FRENTE AO COMPAZ,ÁGUA FRIA,ATROPELAMENTO,COM VÍTIMA SOCORRIDA PELO SAMU,,,,,1,1,,,,1,,,SUBURBIO,Longo da via,Bom,Não existe,Não existente,,Perfeito estado,,Não há placas,,Dupla,Não existe,,,,
2019-08-08,17:40:00,COM VÍTIMA,FINALIZADA,BEBERIBE,AV BEBERIBE,4,4293,,EM FRENTE A BEBERIBE AUTO PEÇAS,AV BEBERIBE,4293,EM FRENTE A BEBERIBE AUTO PEÇAS,BEBERIBE,ABALROAMENTO LONGITUDINAL,COM VÍTIMA,1,1,,,,,,,,1,,514,CIDADE,Longo da via,Bom,Sem defeito,,Seca,Outros,Faixa de pedestre,Outras,,Dupla,Faixa contínua,,,,
2019-08-08,20:22:00,COM VÍTIMA,FINALIZADA,DOIS UNIDOS,AV HILDEBRANDO DE VASCONCELOS,0,,,APOIS O CANIL DA POLICIA MILITAR. EM FRENTE À ESCOLA DOUTOR FRANCISCO PESSOA DE QUEIROZ,AV HILDEBRANDO DE VASCONCELOS,,APOIS O CANIL DA POLICIA MILITAR. EM FRENTE À ESCOLA DOUTOR FRANCISCO PESSOA DE QUEIROZ,DOIS UNIDOS,ABALROAMENTO LONGITUDINAL,MOTO X RENAULT CLIO OBS: VEICULO COM EIXO QUEBRADO NO MEIO DA VIA,1,1,,,,,,,,1,,,CIDADE,Longo da via,Bom,Não existe,Não existente,Seca,Mal iluminada,,Não há placas,,Dupla,Faixa contínua,,,,
2019-08-08,23:22:00,COM VÍTIMA,FINALIZADA,CAMPO GRANDE,RUA FRANKLIN TAVORA,0,,RUA JERONIMO VILELA,PROX AO QUEIROGAS BAR,RUA FRANKLIN TAVORA,,PROX AO QUEIROGAS BAR,CAMPO GRANDE,COLISÃO FRONTAL,SIENA X MOTO,1,1,,,,,,,,1,,282,SUBURBIO,Cruzamento,Bom,Não existe,Perfeito estado,Seca,Perfeito estado,Não existe,Não há placas,60 km/h,Dupla,Canteiro central,,,,
2019-08-08,23:46:00,COM VÍTIMA,FINALIZADA,ILHA JOANA BEZERRA,VDO PAPA JOAO PAULO II,0,,,ENCIMA DO VIADUTO DA JOANA BEZERRA // SENTIDO AGAMENON DEPOIS DA PASSARELA DE FERRO,VDO PAPA JOAO PAULO II,,ENCIMA DO VIADUTO DA JOANA BEZERRA // SENTIDO AGAMENON DEPOIS DA PASSARELA DE FERRO,ILHA JOANA BEZERRA,CHOQUE OBJETO FIXO,MOTO X GELO-BAIANO,,1,,,,,,,1,1,,,,Ponte,Bom,Não existe,Perfeito estado,Seca,Perfeito estado,Não existe,Não há placas,60 km/h,Dupla,Canteiro central,,,,
2019-08-09,07:34:00,COM VÍTIMA,FINALIZADA,IBURA,AV DOIS RIOS,0,,LAD DA COHAB,PRÓXIMO A POLICLÍNICA DO IBURA.,AV DOIS RIOS,,PRÓXIMO A POLICLÍNICA DO IBURA.,IBURA,TOMBAMENTO,VITIMA SOCORRIDA PELO SAMU,,1,,,,,,,,1,,,CIDADE,Longo da via,Bom,Não existe,Ilegível,Molhada,Mal conservada,Agente,Não há placas,,Dupla,Não existe,,,,
2019-08-09,09:06:00,COM VÍTIMA,FINALIZADA,BOA VIAGEM,RUA JONATHAS DE VASCONCELOS,4,1368,RUA ERNESTO DE PAULA SANTOS,EM FRENTE AO POSTO DE GASOLINA BR,RUA JONATHAS DE VASCONCELOS,1368,EM FRENTE AO POSTO DE GASOLINA BR,BOA VIAGEM,ABALROAMENTO TRANSVERSAL,AUTO E MOTO,1,1,,,,,,,,1,,,PRAIA,Cruzamento,Bom,Não existe,Incompleta,Seca,Perfeito estado,Não existe,Não há placas,40 km/h,Única,Faixa seccionada,,,,
2019-08-09,09:16:00,COM VÍTIMA,FINALIZADA,PONTO DE PARADA,RUA MEM DE SA,2,90,RUA DEPUTADO PEDRO VELHO,COM A RUA MENDES SÁ  PROX. A FABRICA DA COCA-COLA,RUA MEM DE SA,90,COM A RUA MENDES SÁ  PROX. A FABRICA DA COCA-COLA,PONTO DE PARADA,ABALROAMENTO TRANSVERSAL,COLISÃO COM VITIMA A ESPERA DO SAMU,1,1,,,,,,,,1,,,,Cruzamento,Bom,Não existe,Perfeito estado,Seca,Perfeito estado,Não existe,R-6a,,Dupla,Não existe,,,,
2019-08-09,15:28:00,COM VÍTIMA,FINALIZADA,IMBIRIBEIRA,AV GENERAL MAC ARTHUR,3,100,,EM FRENTE AO LE PARQUE,AV GENERAL MAC ARTHUR,100,EM FRENTE AO LE PARQUE,IMBIRIBEIRA,ABALROAMENTO LONGITUDINAL,ENTRE AUTO PASSEIO X MOTO,1,1,,,,,,,,1,,,SUBURBIO,Longo da via,Bom,Não existe,Não existente,Seca,Perfeito estado,Não existe,Não há placas,40 km/h,Única,Faixa seccionada,,,,
2019-08-09,17:09:00,COM VÍTIMA,FINALIZADA,PINA,AV CONSELHEIRO AGUIAR,3,600,RUA PEREIRA DA COSTA,ESQUINA COM ARUA PERERIA DA COSTA,AV CONSELHEIRO AGUIAR,600,ESQUINA COM ARUA PERERIA DA COSTA,PINA,COLISÃO TRASEIRA,COLISAO COM VITIMA,1,1,,,,,,,,1,,,CIDADE,Longo da via,Bom,Sem defeito,Perfeito estado,Seca,Perfeito estado,Não existe,Não há placas,,Única,Faixa seccionada,,,,
2019-08-09,20:42:00,COM VÍTIMA,FINALIZADA,TOTO,AV LIBERDADE,4,1533,,E/F A PADARIA EMPORIO DOS PÃES E ARMAZÉM SEVERINO PONTES // SNT BR- 232 EM FRENTE A ACADEMIA STAR FIT.,AV LIBERDADE,1533,E/F A PADARIA EMPORIO DOS PÃES E ARMAZÉM SEVERINO PONTES // SNT BR- 232 EM FRENTE A ACADEMIA STAR FIT.,TOTÓ,ATROPELAMENTO,MOTO X PEDESTRE ( MOTOQUEIRO APRESENTA SINAIS DE EMBRIAGUEZ. USUÁRIO SOLICITA A PRESENÇA DO BAFÔMETRO NO LOCAL ) C/V,,1,,,1,,,,,2,,,SUBURBIO,Longo da via,Bom,Não existe,Perfeito estado,Seca,Perfeito estado,Não existe,Não há placas,50 km/h,Dupla,Não existe,,,,
2019-08-10,01:02:00,COM VÍTIMA,FINALIZADA,IPSEP,RUA HELIO BRANDAO,0,,RUA PINTOR ANTONIO ALBUQUERQUE,EM FRENTE A IGREJA ADVENTISTA DO SÉTIMO DIA,RUA HELIO BRANDAO,,EM FRENTE A IGREJA ADVENTISTA DO SÉTIMO DIA,IPSEP,ABALROAMENTO TRANSVERSAL,COLISÃO ENTRE DOIS AUTOS  COM VÍTIMAS.,2,,,,,,,,,1,,293,,Cruzamento,Bom,Desligado,Perfeito estado,Seca,Perfeito estado,Faixa de pedestre,R-6a,,Única,,,,,
2019-08-10,04:05:00,COM VÍTIMA,FINALIZADA,TORRE,RUA JOSE BONIFACIO,0,,,NA DESCIDA DA PONTE DA TORRE  PRÓX AO GUAIAMUM GIGANTE,RUA JOSE BONIFACIO,,NA DESCIDA DA PONTE DA TORRE  PRÓX AO GUAIAMUM GIGANTE,TORRE,CHOQUE OBJETO FIXO,CONDUTOR CHOCOU-SE CONTRA A MURETA DA PONTE,,1,,,,,,,,1,,,CIDADE,Viaduto,Bom,Não existe,Perfeito estado,Seca,Perfeito estado,Outros,Outras,,Única,Faixa seccionada,,,,
2019-08-10,07:14:00,COM VÍTIMA,FINALIZADA,ILHA DO RETIRO,EST DOS REMEDIOS,0,,AV ENGENHEIRO ABDIAS DE CARVALHO,FARMÁCIA INDEPENDENTE,EST DOS REMEDIOS,,FARMÁCIA INDEPENDENTE,ILHA DO RETIRO,COLISÃO COM CICLISTA,AUTO E BICICLETA,1,,,1,,,,,,1,,52,SUBURBIO,Cruzamento,Bom,Sem defeito,Perfeito estado,Seca,Perfeito estado,Não existe,R-6a,,Única,Não existe,,,,
2019-08-10,08:12:00,COM VÍTIMA,FINALIZADA,BOA VISTA,AV JOAO DE BARROS,2,25,RUA CONDE D'EU,EM FRENTE AO ESTACIONAMENTO DO NUCE,AV JOAO DE BARROS,25,EM FRENTE AO ESTACIONAMENTO DO NUCE,BOA VISTA,ABALROAMENTO TRANSVERSAL,COLISAO COM VITIMAS,1,1,,,,,,,,1,,,CIDADE,Cruzamento,Bom,Não existe,Perfeito estado,Seca,Perfeito estado,Não existe,R-6a,,Única,Faixa seccionada,,,,
2019-08-10,09:34:00,COM VÍTIMA,FINALIZADA,TAMARINEIRA,RUA CONEGO BARATA,0,,AV NORTE,NO CRUZAMENTO,RUA CONEGO BARATA,,NO CRUZAMENTO,TAMARINEIRA,ABALROAMENTO TRANSVERSAL,COLISAO COM VITIMAS,1,1,,,,,,,,1,,62,SUBURBIO,Longo da via,Bom,Sem defeito,Perfeito estado,Seca,Perfeito estado,Faixa de pedestre,R-6a,,Dupla,Blocos,,,,
2019-08-10,11:56:00,COM VÍTIMA,FINALIZADA,IMBIRIBEIRA,AV MARECHAL MASCARENHAS DE MORAES,4,2778,,EM FRENTE A VENEZA MÁQUINAS. LADO OPOSTO AO GERALDÃO.,AV MARECHAL MASCARENHAS DE MORAES,2778,EM FRENTE A VENEZA MÁQUINAS. LADO OPOSTO AO GERALDÃO.,IMBIRIBEIRA,COLISÃO TRASEIRA,COLISÃO C/ CAMINHÃO E UM AUTO,1,,,,,,1,,,2,,290,SUBURBIO,Longo da via,Bom,Sem defeito,Perfeito estado,Seca,Perfeito estado,Faixa de retenção,R-6a,60 km/h,Única,Faixa contínua,,,,
2019-08-10,17:33:00,COM VÍTIMA,FINALIZADA,AREIAS,AV RECIFE,0,,,EM FRENTE AO WALMART,AV RECIFE,,EM FRENTE AO WALMART,AREIAS,COLISÃO TRASEIRA,COLISAO COM VITIMAS.,1,1,,,,,,,,2,,,BOA VIAGEM,Longo da via,Bom,Sem defeito,Perfeito estado,Seca,Perfeito estado,Não existe,Não há placas,60 km/h,Dupla,Canteiro central,,,,
2019-08-10,21:47:00,COM VÍTIMA,FINALIZADA,SAN MARTIN,RUA COMENDADOR FRANCO FERREIRA,0,,,EM FRENTE A FARMACIA DROGASIL/ PRC SAN MARTIN,RUA COMENDADOR FRANCO FERREIRA,,EM FRENTE A FARMACIA DROGASIL/ PRC SAN MARTIN,SAN MARTIN,COLISÃO COM CICLISTA,AUTO E BICICLETA.,1,,,1,,,,,,1,,,SUBURBIO,Longo da via,Bom,Não existe,Perfeito estado,Seca,Perfeito estado,Não existe,Outras,,Única,Não existe,,,,
2019-08-11,04:53:00,COM VÍTIMA,FINALIZADA,COQUEIRAL,RUA DA CUSTODIA,3,293,,PRÓX AO HOSPITAL OTÁVIO DE FREITAS / EM FRENTE AO MERCADINHO CUSTÓDIA,RUA DA CUSTODIA,293,PRÓX AO HOSPITAL OTÁVIO DE FREITAS / EM FRENTE AO MERCADINHO CUSTÓDIA,COQUEIRAL,ATROPELAMENTO,ATROPELAMENTO DE PEDESTRE.,1,,,,1,,,,,1,,157,SUBURBIO,Longo da via,Bom,Não existe,Não existente,Seca,Perfeito estado,Não existe,Não há placas,,Única,Não existe,,,,
2019-08-11,13:41:00,COM VÍTIMA,FINALIZADA,CASA FORTE,AV DEZESSETE DE AGOSTO,0,,,EM FRENTE AO CPOR,AV DEZESSETE DE AGOSTO,,EM FRENTE AO CPOR,CASA FORTE,COLISÃO TRASEIRA,MOTO X AUTO PASSEIO,1,1,,,,,,,,1,,389,CIDADE,Longo da via,Bom,Sem defeito,Perfeito estado,Seca,Perfeito estado,Faixa de pedestre,R-6a,,Dupla,Faixa contínua,,,,
2019-08-11,21:08:00,COM VÍTIMA,FINALIZADA,BOA VIAGEM,AV CONSELHEIRO AGUIAR,0,,RUA PEREIRA DA COSTA,SEMÁFORO 140,AV CONSELHEIRO AGUIAR,,SEMÁFORO 140,BOA VIAGEM,ABALROAMENTO TRANSVERSAL,ENTRE AUTO E MOTO. C/V,1,1,,,,,,,,1,,140,CIDADE,Cruzamento,Bom,Sem defeito,Perfeito estado,Seca,Perfeito estado,,Outras,,Única,Faixa seccionada,,,,
2019-08-12,00:41:00,COM VÍTIMA,FINALIZADA,COHAB,RUA VALE DO ITAJAI,1,1,,AO LADO DA UPA DE LAGOA ENCANTADA E GM CONFECÇÕES.,RUA VALE DO ITAJAI,1,AO LADO DA UPA DE LAGOA ENCANTADA E GM CONFECÇÕES.,COHAB,COLISÃO FRONTAL,COLISÃO ENTRE DOIS AUTOS  COM VÍTIMAS,2,,,,,,,,,3,,,,Longo da via,Bom,Não existe,Não existente,Seca,Mal iluminada,Não existe,Não há placas,,Dupla,Não existe,,,,
2019-08-12,08:20:00,COM VÍTIMA,FINALIZADA,BOA VIAGEM,RUA CAMBOIM,3,210,RUA DEZ DE JULHO,EM FRENTE A MAISON CHRISTAL,RUA CAMBOIM,210,EM FRENTE A MAISON CHRISTAL,BOA VIAGEM,ABALROAMENTO TRANSVERSAL,COLISÃO COM VÍTIMA,2,,,,,,,,,1,,,CIDADE,Cruzamento,Chuvoso,Não existe,Perfeito estado,Seca,Perfeito estado,Não existe,Placas Pare,,Única,Faixa seccionada,,,,
2019-08-12,10:59:00,COM VÍTIMA,FINALIZADA,ILHA DO LEITE,RUA SENADOR JOSE HENRIQUE,2,53,RUA ESTADO DE ISRAEL,EM FRENTE A CLINICA DO TRABALHADOR,RUA SENADOR JOSE HENRIQUE,53,EM FRENTE A CLINICA DO TRABALHADOR,ILHA DO LEITE,ABALROAMENTO LONGITUDINAL,COLISÃO C/VITIMAS ENTRE UMA MOTO E UM AUTO,1,1,,,,,,,,1,,,CIDADE,Cruzamento,Bom,Não existe,Ilegível,Seca,Perfeito estado,Outros,Outras,,Única,Faixa seccionada,,,,
2019-08-12,11:28:00,COM VÍTIMA,FINALIZADA,IBURA,AV DOIS RIOS,3,S/N,LAD DA COHAB,200 METROS APOS O MALICE HOTEL. PRÓXIMO AO PONTILHÃO DO IBURA,AV DOIS RIOS,S/N,200 METROS APOS O MALICE HOTEL. PRÓXIMO AO PONTILHÃO DO IBURA,IBURA,ABALROAMENTO LONGITUDINAL,COLISÃO C/VITIMAS ENTRE UMA MOTO E UM AUTO,1,1,,,,,,,,1,,,SUBURBIO,Longo da via,Chuvoso,Não existe,Incompleta,Molhada,Mal conservada,Não existe,Não há placas,,Dupla,Faixa contínua,,,,
2019-08-12,12:42:00,COM VÍTIMA,FINALIZADA,SANTO ANTONIO,PRC DA REPUBLICA,0,,,EM FRENTE AO PALACIO DO CAMPO DAS PRINCESAS  PALACIO DO GOVERNO,PRC DA REPUBLICA,,EM FRENTE AO PALACIO DO CAMPO DAS PRINCESAS  PALACIO DO GOVERNO,SANTO ANTÔNIO,COLISÃO TRASEIRA,COLISAO COM VITIMA  SEGUNDO A INFORMACAO DO USUARIO QUE LIGOU PARA FAZER A OCORRENCIA A MOTO FOI ATINGIDA POR UMA VIATURA DA POLICIA DA PM QUE SE EVADIU.,1,1,,,,,,,,1,,,SUBURBIO,Longo da via,Chuvoso,Não existe,Perfeito estado,Seca,Perfeito estado,,Não há placas,,Única,,,,,
2019-08-12,14:42:00,COM VÍTIMA,FINALIZADA,CASA AMARELA,AV NORTE,0,,COR DO BARTOLOMEU,,AV NORTE,,,CASA AMARELA,TOMBAMENTO,ACIDENTE DE PERCURSO - 02 VÍTIMAS - NOME: -  IDADE 21 ANOS / -  IDADE 30 ANOS,,1,,,,,,,,2,,79,SUBURBIO,Esquina,Chuvoso,Sem defeito,Perfeito estado,Molhada,,Faixa de pedestre,Outras,,Dupla,Canteiro central,,,,
2019-08-12,17:59:00,COM VÍTIMA,FINALIZADA,IPSEP,AV RECIFE,4,2739,,EM FRENTE A PIZZARIA ATLANTICO SENTIDO BOA VIAGEM E LADO OPOSTO AO NÚMERO INFORMADO.,AV RECIFE,2739,EM FRENTE A PIZZARIA ATLANTICO SENTIDO BOA VIAGEM E LADO OPOSTO AO NÚMERO INFORMADO.,IPSEP,COLISÃO TRASEIRA,COLISAO ENVOLVENDO AUTO E MOTO COM VITIMA,1,1,,,,,,,,1,,,AEROPORTO,Longo da via,Bom,Não existe,Perfeito estado,Seca,Perfeito estado,,R-6a,60 km/h,Dupla,Canteiro central,Faixa contínua,Faixa seccionada,,
2019-08-12,18:34:00,COM VÍTIMA,FINALIZADA,BRASILIA TEIMOSA,RUA MEDUSA,3,695,RUA CARAPEBA,ANTIGA RUA C E A PRIMEIRA IGREJA BATISTA,RUA MEDUSA,695,ANTIGA RUA C E A PRIMEIRA IGREJA BATISTA,BRASÍLIA TEIMOSA,TOMBAMENTO,VT DA PM X MOTO,,1,,,,,,1,,1,,,SUBURBIO,Longo da via,Bom,Não existe,Não existente,Seca,Mal conservada,Não existe,Não há placas,,Dupla,Não existe,,,,