data,hora,natureza_acidente,situacao,bairro,endereco,,numero,detalhe_endereco_acidente,complemento,endereco_cruzamento,numero_cruzamento,referencia_cruzamento,bairro_cruzamento,tipo,descricao,auto,moto,ciclom,ciclista,pedestre,onibus,caminhao,viatura,outros,vitimas,vitimasfatais,num_semaforo,sentido_via,acidente_verificado,tempo_clima,situacao_semaforo,sinalizacao,condicao_via,conservacao_via,ponto_controle,situacao_placa,velocidade_max_via,mao_direcao,divisao_via1,divisao_via2,divisao_via3,_id,Protocolo
2019-08-19,13:44:00,COM VÍTIMA,FINALIZADA,MADALENA,RUA PROFESSOR BENEDITO MONTEIRO,3,252,,AO LADO DO CLUBE INTERNACIONAL. FACULDADE DE CIÊNCIAS DA ADMINISTRAÇÃO DE PERNAMBUCO,RUA PROFESSOR BENEDITO MONTEIRO,252,AO LADO DO CLUBE INTERNACIONAL. FACULDADE DE CIÊNCIAS DA ADMINISTRAÇÃO DE PERNAMBUCO,MADALENA,ABALROAMENTO LONGITUDINAL,COLISÃI COM VITIMA,1,1,,,,,,,,1,,,SUBURBIO,Longo da via,Bom,Sem defeito,Perfeito estado,Seca,Perfeito estado,Não existe,Outras,,Dupla,Faixa contínua,Faixa seccionada,,,
2019-08-19,14:45:00,COM VÍTIMA,FINALIZADA,BOA VIAGEM,AV ENGENHEIRO DOMINGOS FERREIRA,0,,,EM FRENTE AO POSTO TOTAL E A SAMSUNG/ PISTA DA DIREITA,AV ENGENHEIRO DOMINGOS FERREIRA,,EM FRENTE AO POSTO TOTAL E A SAMSUNG/ PISTA DA DIREITA,BOA VIAGEM,COLISÃO COM CICLISTA,COLISÃO COM VÍTIMA,,,,1,,1,,,,1,,,,,,,,,,,,,,,,,,
2019-08-19,15:00:00,COM VÍTIMA,FINALIZADA,SAO JOSE,AV SUL,0,,RUA BOM SUCESSO,EM BAIXO DO VIADUTO DO CABANAGA S/T CID,AV SUL,,EM BAIXO DO VIADUTO DO CABANAGA S/T CID,SÃO JOSÉ,COLISÃO COM CICLISTA,COLISAO ENTRE AUTO E CICLISTA COM UMA VITIMA,1,,,1,,,,,,1,,,CIDADE,Longo da via,Bom,Não existe,Perfeito estado,Seca,Perfeito estado,Não existe,Não há placas,,Única,Faixa seccionada,,,,
2019-08-19,21:35:00,COM VÍTIMA,FINALIZADA,VASCO DA GAMA,RUA VASCO DA GAMA,4,1052,,,RUA VASCO DA GAMA,1052,,VASCO DA GAMA,COLISÃO FRONTAL,ENTRE AUTO E MOTO. C/V,1,1,,,,,,,,2,,,,Longo da via,Bom,Não existe,,Seca,,Não existe,Outras,30 km/h,Dupla,Não existe,,,,
2019-08-20,07:03:00,COM VÍTIMA,FINALIZADA,TOTO,RUA ONZE DE AGOSTO,0,,,PROXIMO AO BAR DO AMARELINHO,RUA ONZE DE AGOSTO,,PROXIMO AO BAR DO AMARELINHO,TOTÓ,COLISÃO FRONTAL,COLISAO COM VITIMAS,1,1,,,,,,,,1,,,,Cruzamento,Bom,Não existe,,Seca,Perfeito estado,Não existe,Não há placas,,Dupla,Não existe,,,,
2019-08-20,08:28:00,COM VÍTIMA,FINALIZADA,IPSEP,RUA ITACARI,3,162,RUA ITAJAI,EM FRENTE AS LOJAS INOVE,RUA ITACARI,162,EM FRENTE AS LOJAS INOVE,IPSEP,ABALROAMENTO LONGITUDINAL,MOTO E AUTO,1,1,,,,,,,,1,,,CIDADE,Cruzamento,Bom,Não existe,Perfeito estado,Seca,Perfeito estado,Faixa de pedestre,Placas Pare,,Dupla,Faixa,,,,
2019-08-20,09:03:00,COM VÍTIMA,FINALIZADA,AGUA FRIA,AV BEBERIBE,4,1772,RUA ZEFERINO AGRA,EM FRENTE A IGREJA BATISTA,AV BEBERIBE,1772,EM FRENTE A IGREJA BATISTA,ÁGUA FRIA,ABALROAMENTO LONGITUDINAL,COLISÃO ENTRE DUAS MOTOS,,2,,,,,,,,2,,,,Esquina,Bom,Não existe,Perfeito estado,Seca,Perfeito estado,Faixa de pedestre,R-6a,,Dupla,Faixa contínua,Faixa seccionada,,,
2019-08-20,12:15:00,COM VÍTIMA,FINALIZADA,BOA VIAGEM,AV CONSELHEIRO AGUIAR,4,3423,,EM FRENTE DA CAIXA ECONOMICA. PLANET DELICATESSEN,AV CONSELHEIRO AGUIAR,3423,EM FRENTE DA CAIXA ECONOMICA. PLANET DELICATESSEN,BOA VIAGEM,ABALROAMENTO LONGITUDINAL,COLISÃO COM VITIMA,1,,,,,1,,,,1,,,CIDADE,Longo da via,Bom,Não existe,Não existente,Seca,Perfeito estado,Não existe,Não há placas,60 km/h,Única,Faixa seccionada,,,,
2019-08-20,21:33:00,COM VÍTIMA,FINALIZADA,MADALENA,RUA DEMOCRITO DE SOUZA FILHO,0,,RUA PROFESSOR JOSE TORRES PIRES,BELEZA CAFÉ MODA & BARBEARIA,RUA DEMOCRITO DE SOUZA FILHO,,BELEZA CAFÉ MODA & BARBEARIA,MADALENA,ABALROAMENTO LONGITUDINAL,AUTO E MOTO,1,1,,,,,,,,1,,,CIDADE,Cruzamento,Bom,Não existe,Perfeito estado,Seca,Perfeito estado,Faixa de retenção,Placas Pare,,Única,Não existe,,,,
2019-08-21,06:18:00,COM VÍTIMA,FINALIZADA,CORDEIRO,AV CAXANGA,4,2191,,EM FRENTE A EXPOSIÇÃO DE ANIMAIS,AV CAXANGA,2191,EM FRENTE A EXPOSIÇÃO DE ANIMAIS,CORDEIRO,ABALROAMENTO LONGITUDINAL,AUTO E MOTO,1,1,,,,,,,,2,,,CIDADE,Longo da via,Bom,Não existe,Perfeito estado,Molhada,Perfeito estado,Não existe,Outras,,Dupla,Canteiro central,,,,
2019-08-21,06:57:00,COM VÍTIMA,FINALIZADA,ILHA DO RETIRO,RUA SPORT CLUBE DO RECIFE,0,,RUA BENFICA,SEDE DO SPORT CLUBE DO RECIFE,RUA SPORT CLUBE DO RECIFE,,SEDE DO SPORT CLUBE DO RECIFE,ILHA DO RETIRO,ABALROAMENTO LONGITUDINAL,AUTO E MOTO,1,1,,,,,,,,1,,,CIDADE,Longo da via,Bom,Não existe,Perfeito estado,Seca,Perfeito estado,Não existe,Não há placas,60 km/h,Dupla,Faixa contínua,,,,
2019-08-21,07:45:00,COM VÍTIMA,FINALIZADA,SAN MARTIN,RUA GEOLANDIA,0,,,PRÓXIMO AO BOPE,RUA GEOLANDIA,,PRÓXIMO AO BOPE,SAN MARTIN,COLISÃO TRASEIRA,COLISÃO ENTRE AUTO E MOTO COM VÍTIMA,1,1,,,,,,,,1,,,SUBURBIO,Longo da via,Bom,Não existe,Não existente,Seca,Perfeito estado,Não existe,Não há placas,,Dupla,Não existe,,,,
2019-08-21,09:04:00,COM VÍTIMA,FINALIZADA,IPUTINGA,AV CAXANGA,4,2925,RUA CAPITAO ARAUJO MIRANDA,LADO OPOSTO AO EXTRA,AV CAXANGA,2925,LADO OPOSTO AO EXTRA,IPUTINGA,ATROPELAMENTO,AUTO E PEDESTRE,1,,,,1,,,,,1,,,SUBURBIO,Longo da via,Bom,Sem defeito,Perfeito estado,Seca,Perfeito estado,Outros,R-6a,,Dupla,Faixa seccionada,Canteiro central,,,
2019-08-21,09:58:00,COM VÍTIMA,FINALIZADA,CASA AMARELA,RUA PAULA BATISTA,3,517,,AO LADO DO BANCO BRADESCO,RUA PAULA BATISTA,517,AO LADO DO BANCO BRADESCO,CASA AMARELA,ABALROAMENTO LONGITUDINAL,AUTO E MOTO,1,1,,,,,,,,1,,,SUBURBIO,Longo da via,Bom,Não existe,Perfeito estado,Seca,Perfeito estado,Não existe,Outras,40 km/h,Única,Não existe,,,,
2019-08-21,14:21:00,COM VÍTIMA,FINALIZADA,DERBY,AV GOVERNADOR AGAMENON MAGALHAES,0,,PRC DO DERBY,CRUZAMENTO COM PRC DERBY,AV GOVERNADOR AGAMENON MAGALHAES,,CRUZAMENTO COM PRC DERBY,DERBY,ATROPELAMENTO,MOTO X PEDESTRE,,1,,,1,,,,,1,,75,SUBURBIO,Cruzamento,Bom,Sem defeito,Perfeito estado,Seca,Perfeito estado,Faixa de pedestre,,60 km/h,Única,Canal,,,,
2019-08-21,16:23:00,COM VÍTIMA,FINALIZADA,CASA FORTE,AV DEZESSETE DE AGOSTO,0,,,EM FRENTE AO Nº 1316,AV DEZESSETE DE AGOSTO,,EM FRENTE AO Nº 1316,CASA FORTE,ABALROAMENTO LONGITUDINAL,COLISÃO COM VITIMA/ os veiculos foram removidos do local,1,1,,,,,,,,2,,,CIDADE,Longo da via,Bom,Sem defeito,Perfeito estado,Seca,Perfeito estado,Não existe,Não há placas,,Dupla,Faixa contínua,,,,
2019-08-21,19:41:00,COM VÍTIMA,FINALIZADA,BOA VISTA,RUA JOSE DE ALENCAR,0,,RUA BARAO DE SAO BORJA,PROX AO HOTEL BOA VISTA,RUA JOSE DE ALENCAR,,PROX AO HOTEL BOA VISTA,BOA VISTA,ABALROAMENTO TRANSVERSAL,AUTO E MOTO,1,1,,,,,,,,1,,,CIDADE,Cruzamento,Bom,Não existe,Perfeito estado,Seca,Perfeito estado,Faixa de retenção,Placas Pare,30 km/h,Única,,,,,
2019-08-21,20:05:00,COM VÍTIMA,FINALIZADA,AFOGADOS,AV SUL,0,,,E/F A ESTAÇÃO DO METRÔ LARGO DA PAZ E POLICLINICA DE AFOGADOS,AV SUL,,E/F A ESTAÇÃO DO METRÔ LARGO DA PAZ E POLICLINICA DE AFOGADOS,AFOGADOS,ABALROAMENTO TRANSVERSAL,AUTO E ÔNIBUS,1,,,,,1,,,,2,,,CIDADE,Longo da via,Bom,Não existe,Perfeito estado,Seca,Perfeito estado,Não existe,Não há placas,60 km/h,Única,Faixa seccionada,,,,
2019-08-22,07:39:00,COM VÍTIMA,FINALIZADA,DOIS IRMAOS,RUA MANUEL DE MEDEIROS,0,,,EM FRENTE A ZOOTECNIA DA UFRPE  SENT. CAMARAGIBE,RUA MANUEL DE MEDEIROS,,EM FRENTE A ZOOTECNIA DA UFRPE  SENT. CAMARAGIBE,DOIS IRMÃOS,ABALROAMENTO LONGITUDINAL,DOIS AUTOS E UMA MOTO,2,1,,,,,,,,1,,,SUBURBIO,Longo da via,Chuvoso,Não existe,Incompleta,Seca,Outros,Não existe,Outras,,Dupla,Faixa seccionada,,,,
2019-08-22,17:37:00,COM VÍTIMA,FINALIZADA,ESPINHEIRO,RUA ALBERTO PAIVA,3,213,,BOUTIQUE. mind senglish school,RUA ALBERTO PAIVA,213,BOUTIQUE. mind senglish school,ESPINHEIRO,COLISÃO TRASEIRA,COLISÃO COM VITIMA,1,1,,,,,,,,1,,360,SUBURBIO,Longo da via,Bom,Sem defeito,Perfeito estado,,Mal conservada,Faixa de pedestre,Outras,,Única,Faixa contínua,,,,
2019-08-23,06:21:00,COM VÍTIMA,FINALIZADA,PINA,AV BOA VIAGEM,3,100,,EM FRENTE AO EDF MARIA KARLA,AV BOA VIAGEM,100,EM FRENTE AO EDF MARIA KARLA,PINA,ABALROAMENTO LONGITUDINAL,COLISÃO COM UMA VÍTIMA SENDO SOCORRIDA PELOS BOMBEIROS.,1,1,,,,,,,,1,,,CIDADE,Longo da via,Bom,Não existe,Perfeito estado,Seca,Perfeito estado,Não existe,Outras,,Única,Faixa seccionada,,,,
2019-08-26,11:18:00,COM VÍTIMA,FINALIZADA,,RUA PROFESSOR JOAQUIM XAVIER DE BRITO,3,134,,PRÓXIMO AO CANAL DO CAVUCO,RUA PROFESSOR JOAQUIM XAVIER DE BRITO,134,PRÓXIMO AO CANAL DO CAVUCO,,ABALROAMENTO LONGITUDINAL,COLISÃO COM VÍTIMA ENTRE QUATRO VEÍCULOS,4,,,,,,,,,1,,134,CIDADE,Longo da via,Bom,Sem defeito,Perfeito estado,Seca,Perfeito estado,Faixa de pedestre,Outras,,Dupla,Canteiro central,,,,
2019-08-24,08:00:00,COM VÍTIMA,FINALIZADA,IPUTINGA,AV CAXANGA,4,3222,,EM FRENTE AO SUPERMERCADO ARCO IRIS,AV CAXANGA,3222,EM FRENTE AO SUPERMERCADO ARCO IRIS,IPUTINGA,COLISÃO,MOTO E AUTO / MOTO FICOU CARBONIZADA,1,1,,,,,,,,1,,,CIDADE,Longo da via,Bom,Sem defeito,Perfeito estado,Seca,Perfeito estado,,Outras,,Única,Canteiro central,Faixa seccionada,,,
2019-08-24,14:58:00,COM VÍTIMA,FINALIZADA,CASA AMARELA,RUA DA HARMONIA,3,305,RUA MAJOR NEREU GUERRA,COLGIO PADRE DE MACHADO,RUA DA HARMONIA,305,COLGIO PADRE DE MACHADO,CASA AMARELA,ABALROAMENTO TRANSVERSAL,AUTO E MOTO,1,1,,,,,,,,1,,598,SUBURBIO,Cruzamento,Bom,Sem defeito,Perfeito estado,Seca,Perfeito estado,Faixa de pedestre,Outras,,Dupla,Faixa contínua,,,,
2019-08-24,17:18:00,COM VÍTIMA,FINALIZADA,GRACAS,RUA AMELIA,0,,,PROX AO POSTO SHELL E/F A GERENCIA OPERACIONAL DE FISCALIZAÇAO DO RECIFE NA DESCIDA PONTE,RUA AMELIA,,PROX AO POSTO SHELL E/F A GERENCIA OPERACIONAL DE FISCALIZAÇAO DO RECIFE NA DESCIDA PONTE,GRAÇAS,ATROPELAMENTO,ATROPELAMENTO COM UMA VITIMA,1,,,,1,,,,,1,,48,CIDADE,Longo da via,Bom,Sem defeito,Perfeito estado,Seca,Perfeito estado,Faixa de pedestre,Outras,,Única,Faixa seccionada,,,,
2019-08-24,18:39:00,COM VÍTIMA,FINALIZADA,CORDEIRO,AV MARIO ALVARES PEREIRA DE LYRA,0,,AV CAMARAO,CANAL DO CAVOCO,AV MARIO ALVARES PEREIRA DE LYRA,,CANAL DO CAVOCO,CORDEIRO,ABALROAMENTO TRANSVERSAL,AUTO PASSEIO X MOTO COM VÍTIMA,1,1,,,,,,,,1,,,CIDADE,Cruzamento,Chuvoso,Não existe,Incompleta,Molhada,Perfeito estado,Não existe,Outras,,Dupla,Canal,,,,
2019-08-25,20:31:00,COM VÍTIMA,FINALIZADA,BOA VIAGEM,AV BOA VIAGEM,0,,,ENF AO PARQUE DONA LINDU,AV BOA VIAGEM,,ENF AO PARQUE DONA LINDU,BOA VIAGEM,ABALROAMENTO LONGITUDINAL,DUAS MOTOS,,2,,,,,,,,1,,1,CIDADE,Longo da via,Bom,Sem defeito,Perfeito estado,Seca,Perfeito estado,Faixa de pedestre,Outras,,Única,Faixa contínua,,,,
2019-08-26,07:50:00,COM VÍTIMA,FINALIZADA,RECIFE,AV ALFREDO LISBOA,0,,,POR TRAS DA FABRICA DA PILAR EM FRENTE AO GRADIL DO PORTO DO RECIFE . BASE DA GUARDA PORTUÁRIA,AV ALFREDO LISBOA,,POR TRAS DA FABRICA DA PILAR EM FRENTE AO GRADIL DO PORTO DO RECIFE . BASE DA GUARDA PORTUÁRIA,BAIRRO DO RECIFE,CHOQUE OBJETO FIXO,CONDUTOR COLIDIU NO GRADIL DO PORTO DO RECIFE SEM VITIMAS,1,,,,,,,,,1,,,SUBURBIO,Longo da via,Chuvoso,Não existe,,Molhada,Perfeito estado,Não existe,Outras,,Única,Faixa seccionada,,,,
2019-08-26,09:35:00,COM VÍTIMA,FINALIZADA,PINA,AV CELSO FURTADO,0,,,PROX AO ANTIGO AERO CLUBE,AVENIDA CELSO FURTADO (VIA MANGUE),,PROX AO ANTIGO AERO CLUBE,PINA,TOMBAMENTO,MOTO,,1,,,,,,,,1,,,SUBURBIO,Longo da via,Bom,Não existe,Perfeito estado,Seca,Perfeito estado,Agente,Outras,,Dupla,Canteiro central,,,,
2019-08-26,18:41:00,COM VÍTIMA,FINALIZADA,TORRE,AV BEIRA RIO,4,1305,RUA DOMINGOS DE BARROS MELO,PRAÇA JOSÉ SALES // PROX AO MARTELINHO DE OURO,AV BEIRA RIO,1305,PRAÇA JOSÉ SALES // PROX AO MARTELINHO DE OURO,TORRE,COLISÃO TRASEIRA,MOTO X CLIO,1,1,,,,,,,,1,,,,Esquina,Bom,Não existe,Perfeito estado,Seca,Perfeito estado,Não existe,Outras,,Dupla,Faixa contínua,,,,
2019-08-26,19:00:00,COM VÍTIMA,FINALIZADA,IMBIRIBEIRA,VDO PRESIDENTE TANCREDO NEVES,0,,,POR CIMA DO VIADUTO TANCREDO NEVES  SNT BV,VIADUTO TANCREDO NEVES,,POR CIMA DO VIADUTO TANCREDO NEVES  SNT BV,IMBIRIBEIRA,ABALROAMENTO LONGITUDINAL,ENTRE AUTO E MOTO. C/V,1,1,,,,,,,,1,,,BOA VIAGEM,Longo da via,Bom,Não existe,Perfeito estado,Seca,Perfeito estado,,Não há placas,60 km/h,,Faixa seccionada,,,,
2019-08-27,09:32:00,COM VÍTIMA,FINALIZADA,CORDEIRO,RUA DR MIGUEL VIEIRA FERREIRA,3,114,,EM FRENTE A LOJA SERV PRINT,RUA DR MIGUEL VIEIRA FERREIRA,114,EM FRENTE A LOJA SERV PRINT,CORDEIRO,ATROPELAMENTO,AUTO E PEDESTRE.,1,,,,1,,,,,1,,,SUBURBIO,Longo da via,Bom,Não existe,Perfeito estado,Seca,Perfeito estado,Não existe,R-6a,,Dupla,Faixa contínua,,,,
2019-08-27,11:24:00,COM VÍTIMA,FINALIZADA,PINA,AV ANTONIO DE GOES,2,60,,EM FRENTE AO JCPM,AV ANTONIO DE GOES,60,EM FRENTE AO JCPM,PINA,ATROPELAMENTO,ATROPELAMENTO / AUTO E PEDESTRE.,1,,,,1,,,,,1,,,CIDADE,Longo da via,Bom,Não existe,Perfeito estado,Seca,Perfeito estado,Não existe,,60 km/h,Única,Faixa contínua,Canteiro central,,,
2019-08-27,12:15:00,COM VÍTIMA,FINALIZADA,SANTO AMARO,AV NORTE,0,,,PRAÇA GENERAL ABREU E LIMA. EM FRENTE AO EXÉRCITO BRASILEIRO.,AV NORTE,,PRAÇA GENERAL ABREU E LIMA. EM FRENTE AO EXÉRCITO BRASILEIRO.,SANTO AMARO,TOMBAMENTO,TOMBAMENTO DE UMA MOTOCICLETA.,,1,,,,,,,,1,,,,Longo da via,Bom,Sem defeito,Perfeito estado,Seca,Perfeito estado,,Outras,,Dupla,Canteiro central,,,,
2019-08-27,14:51:00,COM VÍTIMA,FINALIZADA,ILHA JOANA BEZERRA,VDO PAPA JOAO PAULO II,0,,,SOBRE O VIADUTO,VDO PAPA JOAO PAULO II,,SOBRE O VIADUTO,JOANA BEZERRA,COLISÃO,COLISÃO COM VITIMA,1,1,,,,,,,,1,,,BOA VIAGEM,Viaduto,Bom,Não existe,Perfeito estado,Seca,Perfeito estado,Não existe,Não há placas,60 km/h,Dupla,Canteiro central,,,,
2019-08-27,15:26:00,COM VÍTIMA,FINALIZADA,SANTO AMARO,RUA DO HOSPICIO,0,,AV VISCONDE DE SUASSUNA,,RUA DO HOSPICIO,,,SANTO AMARO,ABALROAMENTO LONGITUDINAL,AUTO E MOTO.,1,1,,,,,,,,1,,32,CIDADE,Longo da via,Bom,Sem defeito,Perfeito estado,Seca,Perfeito estado,,,,,,,,,
2019-08-27,15:51:00,COM VÍTIMA,FINALIZADA,PARNAMIRIM,RUA DA HARMONIA,0,,EST DO ENCANAMENTO,EM FRENTE AO VERDFRUT/ EXTRAFARMA,RUA DA HARMONIA,,EM FRENTE AO VERDFRUT/ EXTRAFARMA,PARNAMIRIM,ABALROAMENTO LONGITUDINAL,AUTO PASSEIO X MOTO COM VÍTIMAS,1,1,,,,,,,,1,,,CIDADE,Cruzamento,Bom,Sem defeito,Perfeito estado,Seca,Perfeito estado,Faixa de pedestre,Outras,40 km/h,Única,Não existe,,,,
2019-08-27,17:47:00,COM VÍTIMA,FINALIZADA,CASA AMARELA,AV NORTE,4,5600,,LADO OPOSTO A PRAÇA DO TRABALHO. EM FRENTE A ASSOCIAÇÃO DAS COSTUREIRAS DE CASA AMARELA.,AV NORTE,5600,LADO OPOSTO A PRAÇA DO TRABALHO. EM FRENTE A ASSOCIAÇÃO DAS COSTUREIRAS DE CASA AMARELA.,CASA AMARELA,ABALROAMENTO LONGITUDINAL,AUTO E MOTO.,1,1,,,,,,,,1,,,SUBURBIO,Longo da via,Bom,Não existe,Perfeito estado,Seca,Perfeito estado,Não existe,Outras,60 km/h,Dupla,Faixa seccionada,Canteiro central,,,
2019-08-27,19:39:00,COM VÍTIMA,FINALIZADA,CAXANGA,AV CAXANGA,0,,AV AFONSO OLINDENSE,SEMÁFORO 568,AV CAXANGA,,SEMÁFORO 568,CAXANGÁ,ABALROAMENTO LONGITUDINAL,AUTO E MOTO.,1,1,,,,,,,,1,,568,CIDADE,Cruzamento,Bom,Sem defeito,Perfeito estado,Seca,Perfeito estado,Faixa de retenção,Não há placas,,Dupla,Canteiro central,,,,
2019-08-27,20:23:00,COM VÍTIMA,FINALIZADA,CAXANGA,AV CAXANGA,0,,,E/F A CAXANGÁ VEÍCULOS,AV CAXANGA,,E/F A CAXANGÁ VEÍCULOS,CAXANGÁ,ABALROAMENTO TRANSVERSAL,ÔNIBUS E MOTO,,1,,,,1,,,,1,,,CIDADE,Longo da via,Chuvoso,Não existe,Perfeito estado,Molhada,Perfeito estado,Faixa de pedestre,R-24a,,Única,Faixa seccionada,,,,
2019-08-28,09:24:00,COM VÍTIMA,FINALIZADA,ENGENHO DO MEIO,RUA LINDOLFO COLOR,2,65,,EM FRENTE A A O SERVIÇO INTEGRADO DE SAUDE UFPE AO LADO DO CLUBE DA SUDENE,RUA LINDOLFO COLOR,65,EM FRENTE A A O SERVIÇO INTEGRADO DE SAUDE UFPE AO LADO DO CLUBE DA SUDENE,ENGENHO DO MEIO,ABALROAMENTO TRANSVERSAL,COM UMA VITIMA SOCORRIDA PELO SAMU,1,1,,,,,,,,1,,,BR101,Longo da via,Bom,Não existe,Incompleta,Seca,Perfeito estado,Não existe,Não há placas,,Dupla,Não existe,,,,
2019-08-28,13:43:00,COM VÍTIMA,FINALIZADA,MADALENA,EST DOS REMEDIOS,4,2416,AV JOSE GONCALVES DE MEDEIROS,EM FRENTE A POLICLINICA LESSA DE ANDRADE,EST DOS REMEDIOS,2416,EM FRENTE A POLICLINICA LESSA DE ANDRADE,MADALENA,ABALROAMENTO LONGITUDINAL,AUTO E MOTO,1,1,,,,,,,,1,,313,TORRE,Cruzamento,Bom,Não existe,Perfeito estado,Seca,Perfeito estado,Faixa de pedestre,Não há placas,,Única,Faixa seccionada,,,,
2019-08-28,14:56:00,COM VÍTIMA,FINALIZADA,CASA AMARELA,RUA PAULA BATISTA,4,3824,EST DO ARRAIAL,AO LADO DA AGÊNCIA NACIONAL DE MINERAÇÃO.,RUA PAULA BATISTA,3824,AO LADO DA AGÊNCIA NACIONAL DE MINERAÇÃO.,CASA AMARELA,COLISÃO TRASEIRA,AUTO E MOTO,1,1,,,,,,,,1,,283,SUBURBIO,Cruzamento,Chuvoso,Sem defeito,Perfeito estado,Molhada,Perfeito estado,Faixa de pedestre,R-6a,,Dupla,Faixa contínua,Faixa seccionada,,,
2019-08-28,16:51:00,COM VÍTIMA,FINALIZADA,BOA VIAGEM,AV CELSO FURTADO,0,,,SENTIDO SHOPPING RECIFE,AVENIDA CELSO FURTADO (VIA MANGUE),,SENTIDO SHOPPING RECIFE,BOA VIAGEM,COLISÃO,COM VÍTIMA  SEGUNDO O OR A VÍTIMA FOI SOCORRIDA PELO SAMU. A OUTRA PARTE SE EVADIU E A PRÓPRIA VÍTIMA ACIONOU GUINCHO PARTICULAR E NÃO DESEJA REALIZAR O B.O.,,1,,,,,,,,1,,,SUBURBIO,,,,,,,,,,,,,,,
2019-08-28,18:49:00,COM VÍTIMA,FINALIZADA,CASA AMARELA,RUA PADRE LEMOS,0,,,LADO OPOSTO A IGREJA UNIVERSAL,RUA PADRE LEMOS,,LADO OPOSTO A IGREJA UNIVERSAL,CASA AMARELA,ABALROAMENTO TRANSVERSAL,AUTO PASSEIO X MOTO COM VÍTIMA,1,1,,,,,,,,1,,,SUBURBIO,Longo da via,Bom,Sem defeito,Perfeito estado,Seca,Perfeito estado,,,,Dupla,,,,,
2019-08-28,22:37:00,COM VÍTIMA,FINALIZADA,CORDEIRO,RUA GOMES TABORDA,0,,RUA CAPITAO JOAO ROMA,ATACAREJO IDEAL,RUA GOMES TABORDA,,ATACAREJO IDEAL,CORDEIRO,ABALROAMENTO TRANSVERSAL,AUTO PASSEIO X MOTO COM VÍTIMA,1,1,,,,,,,,1,,,SUBURBIO,Esquina,Bom,Não existe,Perfeito estado,Seca,Perfeito estado,Não existe,Não há placas,,Dupla,Faixa seccionada,,,,
2019-08-29,13:25:00,COM VÍTIMA,FINALIZADA,SAO JOSE,RUA FLORIANO PEIXOTO,3,671,,E/F AO GALPÃO APOS A ESTAÇAO DO METRO. AO LADO DO LAVA JATO,RUA FLORIANO PEIXOTO,671,E/F AO GALPÃO APOS A ESTAÇAO DO METRO. AO LADO DO LAVA JATO,SÃO JOSÉ,CHOQUE VEÍCULO PARADO,CHOQUE ENVOLVENDO DOIS AUTOMÓVEIS.,2,,,,,,,,,1,,,SUBURBIO,Longo da via,Bom,Não existe,Perfeito estado,Seca,Perfeito estado,Não existe,R-6a,,Única,Faixa seccionada,,,,
2019-08-29,14:12:00,COM VÍTIMA,FINALIZADA,IBURA,AV DOIS RIOS,0,,,EM FRENTE AO SESI DO IBURA,AV DOIS RIOS,,EM FRENTE AO SESI DO IBURA,IBURA,COLISÃO COM CICLISTA,KOMBI X CICLISTA COM VÍTIMA,1,,,1,,,,,,1,,561,,,,,,,,,,,,,,,,
2019-08-29,15:31:00,COM VÍTIMA,FINALIZADA,VARZEA,AV AFONSO OLINDENSE,3,344,,EM FRENTE AO COLISEU,AV AFONSO OLINDENSE,344,EM FRENTE AO COLISEU,VÁRZEA,COLISÃO COM CICLISTA,COLISÃO COM VITIMA,,1,,1,,,,,,1,,,SUBURBIO,Longo da via,Bom,Não existe,Perfeito estado,Seca,Perfeito estado,Não existe,R-6a,,Dupla,Faixa seccionada,,,,
2019-08-29,19:13:00,COM VÍTIMA,FINALIZADA,SANTO AMARO,AV GOVERNADOR AGAMENON MAGALHAES,4,2615,,NO VIADUTO JOAO DE BARROS. EM FRENTE AO EMPRESARIAL BURLEMARX,AV GOVERNADOR AGAMENON MAGALHAES,2615,NO VIADUTO JOAO DE BARROS. EM FRENTE AO EMPRESARIAL BURLEMARX,SANTO AMARO,ABALROAMENTO TRANSVERSAL,COLISAO ENTRE AUTO E MOTO COM VITIMA,1,1,,,,,,,,1,,,CIDADE,Longo da via,Bom,Não existe,Perfeito estado,Seca,Perfeito estado,Não existe,Não há placas,,Única,Faixa seccionada,,,,