data,hora,natureza_acidente,situacao,bairro,endereco,,numero,detalhe_endereco_acidente,complemento,endereco_cruzamento,numero_cruzamento,referencia_cruzamento,bairro_cruzamento,tipo,descricao,auto,moto,ciclom,ciclista,pedestre,onibus,caminhao,viatura,outros,vitimas,vitimasfatais,num_semaforo,sentido_via,acidente_verificado,tempo_clima,situacao_semaforo,sinalizacao,condicao_via,conservacao_via,ponto_controle,situacao_placa,velocidade_max_via,mao_direcao,divisao_via1,divisao_via2,divisao_via3,_id,Protocolo
2019-09-08,12:11:00,COM VÍTIMA,FINALIZADA,ENCRUZILHADA,AV BEBERIBE,3,335,RUA FERNANDO CESAR,EM FRENTE AO BANCO DO BRASIL,AV BEBERIBE,335,EM FRENTE AO BANCO DO BRASIL,ENCRUZILHADA,ABALROAMENTO LONGITUDINAL,COM UMA VITIMA /SAMU NO LOCAL,1,1,,,,,,,,1,,238,,Cruzamento,Chuvoso,Sem defeito,Perfeito estado,Molhada,,Faixa de pedestre,R-6a,,Dupla,Faixa contínua,,,,
2019-09-09,09:54:00,COM VÍTIMA,FINALIZADA,SAO JOSE,RUA IMPERIAL,4,2218,,EM FRENTE AO MOTEL LUA DE MEL,RUA IMPERIAL,2218,EM FRENTE AO MOTEL LUA DE MEL,SÃO JOSÉ,ATROPELAMENTO,COLISÃO COM VITIMA A ESPERA DO SAMU,,1,,,1,,,,,1,,,,Longo da via,Bom,Não existe,Perfeito estado,Seca,Perfeito estado,Não existe,Não há placas,50 km/h,Única,Faixa seccionada,,,,
2019-09-09,16:47:00,COM VÍTIMA,FINALIZADA,TORRE,RUA SOUZA BANDEIRA,2,11,,EM FRENTE A LOJA BOMBONS E CIA,RUA SOUZA BANDEIRA,11,EM FRENTE A LOJA BOMBONS E CIA,TORRE,ATROPELAMENTO,ATROPELAMENTO,1,,,,1,,,,,1,,,,Longo da via,Bom,Não existe,Incompleta,Seca,Mal conservada,Outros,Outras,30 km/h,Dupla,Não existe,,,,
2019-09-09,19:43:00,COM VÍTIMA,FINALIZADA,MADALENA,AV VISCONDE DE ALBUQUERQUE,3,232,RUA DEMOSTENES DE OLINDA,CONDOMINIO VILA BARRILOCHE,AV VISCONDE DE ALBUQUERQUE,232,CONDOMINIO VILA BARRILOCHE,MADALENA,COLISÃO,AUTO PASSEIO X MOTO COM VÍTIMA,1,1,,,,,,,,1,,,SUBURBIO,Esquina,Bom,Não existe,Não existente,Seca,Perfeito estado,Não existe,R-6a,,Única,Não existe,,,,
2019-09-10,07:55:00,COM VÍTIMA,FINALIZADA,DOIS IRMAOS,RUA MANUEL DE MEDEIROS,0,,,EM FRENTE A COMPESA,RUA MANUEL DE MEDEIROS,,EM FRENTE A COMPESA,DOIS IRMÃOS,COLISÃO,COM UMA VITIMA  SAMU ACIONADO,1,1,,,,,,,,1,,,CIDADE,Esquina,Bom,Não existe,Ilegível,Seca,Perfeito estado,Não existe,R-6a,,Dupla,Faixa contínua,,,,
2019-09-10,11:34:00,COM VÍTIMA,FINALIZADA,ENCRUZILHADA,EST DE BELEM,3,190,,EM FRENTE AO EDF JULIO II,EST DE BELEM,190,EM FRENTE AO EDF JULIO II,ENCRUZILHADA,ABALROAMENTO LONGITUDINAL,MOTO E AUTO,1,1,,,,,,,,1,,,SUBURBIO,Longo da via,Bom,Não existe,Perfeito estado,Seca,Perfeito estado,Não existe,Outras,,Dupla,Faixa contínua,,,,
2019-09-10,12:02:00,COM VÍTIMA,FINALIZADA,BOA VISTA,AV CONDE DA BOA VISTA,0,,RUA DOM BOSCO,NO SEMÁFORO 027,AV CONDE DA BOA VISTA,,NO SEMÁFORO 027,BOA VISTA,ABALROAMENTO TRANSVERSAL,COLISÃO COM VÍTIMA,,1,,,,,,,1,1,,27,SUBURBIO,Cruzamento,Bom,Sem defeito,Perfeito estado,Seca,Perfeito estado,Faixa de pedestre,Não há placas,,Dupla,Canteiro central,,,,
2019-09-10,13:40:00,COM VÍTIMA,FINALIZADA,SAO JOSE,C SANTA RITA,0,,,EM FRENTE AS TORRE GEMEAS,C SANTA RITA,,EM FRENTE AS TORRE GEMEAS,SÃO JOSÉ,ABALROAMENTO LONGITUDINAL,MOTO X AUTO PASSEIO COM VÍTIMA,1,1,,,,,,,,2,,,CIDADE,Longo da via,Bom,Não existe,Perfeito estado,Seca,Perfeito estado,Não existe,Não há placas,,Dupla,Canteiro central,,,,
2019-09-10,18:10:00,COM VÍTIMA,FINALIZADA,CORDEIRO,AV GENERAL SAN MARTIN,2,73,,AO LADO DA ESTAÇAO BRT // PROX AO GETULIO VARGAS,AV GENERAL SAN MARTIN,73,AO LADO DA ESTAÇAO BRT // PROX AO GETULIO VARGAS,CORDEIRO,ATROPELAMENTO,PEDESTRE X SHINERAY,,,1,,1,,,,,1,,,SUBURBIO,Longo da via,Bom,Não existe,Ilegível,Seca,Perfeito estado,Não existe,Não há placas,,Única,Faixa seccionada,,,,
2019-09-10,18:33:00,COM VÍTIMA,FINALIZADA,BOA VIAGEM,RUA BARAO DE SOUZA LEAO,0,,,PROX A ESCOLA SANTOS DUMONT,RUA BARAO DE SOUZA LEAO,,PROX A ESCOLA SANTOS DUMONT,BOA VIAGEM,COLISÃO COM CICLISTA,CICLISTA X HONDA CIT X VT DA PM ESTA NO LOCAL,1,,,1,,,,,,2,,,CIDADE,Longo da via,Bom,Sem defeito,Perfeito estado,Seca,Perfeito estado,Não existe,,,Única,,,,,
2019-09-10,20:33:00,COM VÍTIMA,FINALIZADA,ILHA JOANA BEZERRA,AV BEIRA RIO,0,,,APÓS O FORUM DE RECIFE  POR BAIXO DO VIADUTO DA AGAMENON,AV BEIRA RIO,,APÓS O FORUM DE RECIFE  POR BAIXO DO VIADUTO DA AGAMENON,ILHA JOANA BEZERRA,COLISÃO FRONTAL,MOTO X AUTO PASSEIO COM VÍTIMA,1,1,,,,,,,,1,,,,Longo da via,Bom,Não existe,Incompleta,Seca,Mal iluminada,,Outras,,Dupla,Faixa contínua,Faixa seccionada,,,
2019-09-11,07:23:00,COM VÍTIMA,FINALIZADA,BOA VIAGEM,RUA DEZ DE JULHO,3,481,RUA CAMBUI,PROX A ESTAÇAO DO AEROPORTO / EM FRENTE A CASA DE FESTA CRISTAL,RUA DEZ DE JULHO,481,PROX A ESTAÇAO DO AEROPORTO / EM FRENTE A CASA DE FESTA CRISTAL,BOA VIAGEM,ABALROAMENTO TRANSVERSAL,DOIS AUTOS,2,,,,,,,,,2,,,SUBURBIO,Cruzamento,Bom,Não existe,Perfeito estado,Seca,Perfeito estado,Outros,Placas Pare,,Dupla,Faixa seccionada,,,,
2019-09-11,10:18:00,COM VÍTIMA,FINALIZADA,BOA VIAGEM,RUA JACK AYRES,2,73,RUA FRANCISCO DA CUNHA,EM FRENTE AO EDIFICIO SALAMANCA,RUA JACK AYRES,73,EM FRENTE AO EDIFICIO SALAMANCA,BOA VIAGEM,COLISÃO,COLISÃO COM VITIMA A ESPERA DO SAMU,2,,,,,,,,,1,,,,Cruzamento,Bom,Não existe,Perfeito estado,Seca,Perfeito estado,Não existe,Placas Pare,30 km/h,Única,Não existe,,,,
2019-09-11,11:01:00,COM VÍTIMA,FINALIZADA,PRADO,AV ENGENHEIRO ABDIAS DE CARVALHO,4,1055,RUA JOAO IVO DA SILVA,APOS A ENGENFRIO EM FRENTE AO POSTO DE GASOLINA BR,AV ENGENHEIRO ABDIAS DE CARVALHO,1055,APOS A ENGENFRIO EM FRENTE AO POSTO DE GASOLINA BR,PRADO,COLISÃO COM CICLISTA,VITIMA ESPERA DO SAMU,,,,1,,1,,,,1,,132,CIDADE,Cruzamento,Bom,Sem defeito,Perfeito estado,Seca,Perfeito estado,Faixa de pedestre,Não há placas,60 km/h,Dupla,Canteiro central,,,,
2019-09-11,13:24:00,COM VÍTIMA,FINALIZADA,SANTO AMARO,AV CRUZ CABUGA,0,,,EM FRENTE A SANTA CASA DE MISERICORDIA/ SENTIDO OLINDA,AV CRUZ CABUGA,,EM FRENTE A SANTA CASA DE MISERICORDIA/ SENTIDO OLINDA,SANTO AMARO,ABALROAMENTO TRANSVERSAL,COLISÃO COM VÍTIMA,1,1,,,,,,,,1,,,,Longo da via,Bom,Não existe,Perfeito estado,Seca,Perfeito estado,Outros,Outras,,,Faixa contínua,Faixa seccionada,,,
2019-09-11,14:51:00,COM VÍTIMA,FINALIZADA,DERBY,AV GOVERNADOR AGAMENON MAGALHAES,0,,,E/F A PRAÇA DO DERBY NO SEMAFORO 417,AV GOVERNADOR AGAMENON MAGALHAES,,E/F A PRAÇA DO DERBY NO SEMAFORO 417,DERBY,COLISÃO TRASEIRA,COLISAO ENTRE DUAS MOTOS COM UMA VITIMA,,2,,,,,,,,1,,417,,Longo da via,Bom,Sem defeito,Perfeito estado,Seca,Perfeito estado,Outros,,60 km/h,Dupla,Canal,,,,
2019-09-11,16:19:00,COM VÍTIMA,FINALIZADA,CASA AMARELA,AV NORTE,4,5600,,PROX. A ESCOLA PROFISSIONALIZANTE DOM BOSCO,AV NORTE,5600,PROX. A ESCOLA PROFISSIONALIZANTE DOM BOSCO,CASA AMARELA,COLISÃO TRASEIRA,COLISÃO COM VITIMA,1,,1,,,,,,,1,,,SUBURBIO,Longo da via,Chuvoso,Não existe,Perfeito estado,Molhada,Perfeito estado,Não existe,R-6a,60 km/h,Dupla,Faixa seccionada,Canteiro central,,,
2019-09-11,17:45:00,COM VÍTIMA,FINALIZADA,ROSARINHO,AV NORTE,4,2295,,APÓS A PADARIA ROSARINHO SENTIDO CIDADE,AV NORTE,2295,APÓS A PADARIA ROSARINHO SENTIDO CIDADE,ROSARINHO,ACID. DE PERCURSO,,,1,,,,,,,,1,,,CIDADE,,,,,,,,,,,,,,,
2019-09-11,20:24:00,COM VÍTIMA,FINALIZADA,APIPUCOS,RUA DE APIPUCOS,4,1060,RUA CORONEL JOAO BATISTA DO REGO BARROS,PROX AO AÇUDE DE APIPUCOS,RUA DE APIPUCOS,1060,PROX AO AÇUDE DE APIPUCOS,APIPUCOS,COLISÃO,SIENA X CORSA OBS: SUSPEITA DE EMBRIAGUEZ,2,,,,,,,,,1,,540,,Longo da via,Bom,Sem defeito,Perfeito estado,Seca,Perfeito estado,,,,Dupla,,,,,
2019-09-12,07:00:00,COM VÍTIMA,FINALIZADA,DERBY,AV GOVERNADOR AGAMENON MAGALHAES,0,,,EM FRENTE AO HOSPITAL DA RESTAURAÇÃO,AV GOVERNADOR AGAMENON MAGALHAES,,EM FRENTE AO HOSPITAL DA RESTAURAÇÃO,DERBY,ACID. DE PERCURSO,QUEDA DE MOTO,,1,,,,,,,,1,,,BOA VIAGEM,,,,,,,,,,,,,,,
2019-09-12,08:39:00,COM VÍTIMA,FINALIZADA,FUNDAO,AV BEBERIBE,4,2442,,EM FRENTE AO PAGODE DA PRESSÃO,AV BEBERIBE,2442,EM FRENTE AO PAGODE DA PRESSÃO,FUNDÃO,COLISÃO,COLISÃO COM VITIMA A ESPERA DO SAMU,1,1,,,,,,,,1,,153,SUBURBIO,Longo da via,Bom,Sem defeito,Perfeito estado,Seca,Perfeito estado,Faixa de pedestre,,,Dupla,Faixa contínua,Faixa seccionada,,,
2019-09-12,09:31:00,COM VÍTIMA,FINALIZADA,HIPODROMO,EST DE BELEM,3,313,RUA DONA ELVIRA,EM FRENTE A QUITANDARIA/,EST DE BELEM,313,EM FRENTE A QUITANDARIA/,HIPÓDROMO,COLISÃO,COM UMA VITIMA AGUARDANDO SAMU,1,,,,,1,,,,1,,201,CIDADE,Cruzamento,Bom,Sem defeito,Perfeito estado,Seca,Perfeito estado,Faixa de pedestre,Outras,,Dupla,Faixa,,,,
2019-09-12,09:44:00,COM VÍTIMA,FINALIZADA,PINA,AV ENGENHEIRO DOMINGOS FERREIRA,0,,RUA JORNALISTA ADETH LEITE,EM FRENTE AO SUPERMERCADO BIG BOM PREÇO E AO EMPRESARIAL TRADE CENTER,AV ENGENHEIRO DOMINGOS FERREIRA,,EM FRENTE AO SUPERMERCADO BIG BOM PREÇO E AO EMPRESARIAL TRADE CENTER,PINA,COLISÃO,COLISÃO COM VITIMA A ESPERA DO SAMU,1,1,,,,,,,,1,,,,Longo da via,Bom,Sem defeito,Perfeito estado,Seca,Perfeito estado,Faixa de pedestre,Não há placas,60 km/h,Única,Faixa contínua,Canteiro central,,,
2019-09-12,19:30:00,COM VÍTIMA,FINALIZADA,BOA VISTA,AV GOVERNADOR AGAMENON MAGALHAES,0,,VDO INDEPENDENCIA,NA SUSBIDA DO VIADUTO JOAO DE BARROS // SENTIDO OLINDA,AV GOVERNADOR AGAMENON MAGALHAES,,NA SUSBIDA DO VIADUTO JOAO DE BARROS // SENTIDO OLINDA,BOA VISTA,COLISÃO TRASEIRA,DOIS ONIBUS CAXANGA E BORBOREMA,,,,,,2,,,,2,,,,Viaduto,Bom,Não existe,Perfeito estado,Seca,Perfeito estado,,,,Dupla,Canal,,,,
2019-09-12,20:59:00,COM VÍTIMA,FINALIZADA,BOA VIAGEM,AV ENGENHEIRO DOMINGOS FERREIRA,4,4140,,ENF AO BANCO BRADESCO,AV ENGENHEIRO DOMINGOS FERREIRA,4140,ENF AO BANCO BRADESCO,BOA VIAGEM,COLISÃO,ONIX X MOTO,1,1,,,,,,,,1,,,SUBURBIO,Longo da via,Bom,Não existe,Perfeito estado,Seca,Perfeito estado,Não existe,Não há placas,,Única,Canteiro central,,,,
2019-09-12,21:33:00,COM VÍTIMA,FINALIZADA,VARZEA,AV PROFESSOR ARTUR DE SA,0,,,E/F A ENTRADA DO DERPATAMENTO DE ENGENHARIA QUIMICA,AV PROFESSOR ARTUR DE SA,,E/F A ENTRADA DO DERPATAMENTO DE ENGENHARIA QUIMICA,VÁRZEA,COLISÃO COM CICLISTA,ENTRE AUTO E DOIS CICLISTAS. C/V,1,,,2,,,,,,2,,,SUBURBIO,Longo da via,Bom,Não existe,Perfeito estado,Seca,Perfeito estado,Outros,Outras,,Dupla,Faixa seccionada,,,,
2019-09-13,07:39:00,COM VÍTIMA,FINALIZADA,PINA,AV CELSO FURTADO,0,,,LADO OPOSTO AO ANTIGO AEROCLUBE,AVENIDA CELSO FURTADO (VIA MANGUE),,LADO OPOSTO AO ANTIGO AEROCLUBE,PINA,CHOQUE,VÍTIMA SAMU NO SOCORRO - MOTO PLACA,,1,,,,,,,,1,,,,Longo da via,Bom,Não existe,Perfeito estado,Seca,Perfeito estado,Não existe,Não há placas,,Dupla,Canteiro central,,,,
2019-09-13,10:51:00,COM VÍTIMA,FINALIZADA,CASA AMARELA,RUA PADRE LEMOS,3,674,,EM FRENTE A LOJA DA KINITOS,RUA PADRE LEMOS,674,EM FRENTE A LOJA DA KINITOS,CASA AMARELA,ACID. DE PERCURSO,VITIMA A ESPERA DO SAMU,,1,,,,,,,,1,,,SUBURBIO,Longo da via,Bom,Não existe,Perfeito estado,Seca,Perfeito estado,,,,Dupla,Faixa seccionada,,,,
2019-09-13,13:48:00,COM VÍTIMA,FINALIZADA,CAXANGA,AV CAXANGA,0,,,E/F AO BOMPREÇO PROX AO VIADUTO DA CAXANGA,AV CAXANGA,,E/F AO BOMPREÇO PROX AO VIADUTO DA CAXANGA,CAXANGÁ,ATROPELAMENTO,MOTOQUEIRO TROPELOU UM PEDESTRE,,1,,,1,,,,,1,,,SUBURBIO,Longo da via,Bom,Não existe,Perfeito estado,Seca,Perfeito estado,Não existe,Não há placas,,Dupla,Canteiro central,,,,
2019-09-13,16:18:00,COM VÍTIMA,FINALIZADA,PINA,PTE GOVERNADOR PAULO GUERRA,0,,,ANTES DO ATACADO DA CONSTRUÇÃO SENTIDO PINA,PTE GOVERNADOR PAULO GUERRA,,ANTES DO ATACADO DA CONSTRUÇÃO SENTIDO PINA,PINA,COLISÃO,AUTO E UMA MOTOCICLETA,1,,1,,,,,,,1,,,SUBURBIO,Ponte,Bom,Não existe,Perfeito estado,Seca,Perfeito estado,Não existe,Não há placas,60 km/h,Única,Faixa seccionada,,,,
2019-09-13,18:37:00,COM VÍTIMA,FINALIZADA,BOA VIAGEM,RUA BARAO DE SOUZA LEAO,4,1544,AV VINTE E TRES DE OUTUBRO,POR BAIXO DO PONTILHAO DO METRO,RUA BARAO DE SOUZA LEAO,1544,POR BAIXO DO PONTILHAO DO METRO,BOA VIAGEM,COLISÃO TRASEIRA,MOTO X HB 20,1,1,,,,,,,,1,,,CIDADE,Longo da via,Bom,Não existe,Incompleta,Seca,Perfeito estado,Não existe,Outras,30 km/h,Única,Faixa seccionada,,,,
2019-09-14,00:36:00,COM VÍTIMA,FINALIZADA,ENCRUZILHADA,EST DE BELEM,0,,RUA DONA ELVIRA,200 METROS APÓS O BANCO ITAÚ  SENTIDO PEIXINHOS // ESQUINA DA QUITANDARIA,EST DE BELEM,,200 METROS APÓS O BANCO ITAÚ  SENTIDO PEIXINHOS // ESQUINA DA QUITANDARIA,ENCRUZILHADA,COLISÃO,COLISÃO ENTRE AUTO E MOTO  C/V.,1,1,,,,,,,,1,,201,SUBURBIO,Cruzamento,Bom,Sem defeito,Perfeito estado,Seca,Perfeito estado,Faixa de pedestre,Não há placas,,Dupla,Faixa contínua,,,,
2019-09-14,05:43:00,COM VÍTIMA,FINALIZADA,DOIS UNIDOS,RUA PADRE CICERO,2,40,,PRÓX AO MOTEL SÉCULO 20 // PRÓX AO CÓRREGO JOSÉ AMARINO REIS,RUA PADRE CICERO,40,PRÓX AO MOTEL SÉCULO 20 // PRÓX AO CÓRREGO JOSÉ AMARINO REIS,DOIS UNIDOS,CHOQUE VEÍCULO PARADO,COLISÃO ENTRE AUTO E MOTO  C/V.,1,1,,,,,,,,1,,,SUBURBIO,Longo da via,Bom,Não existe,Não existente,Seca,Perfeito estado,Não existe,Não há placas,,Dupla,Não existe,,,,
2019-09-14,14:23:00,COM VÍTIMA,FINALIZADA,IPSEP,AV PRESIDENTE DUTRA,0,,,PROX. DO SAL E BRASA,AV PRESIDENTE DUTRA,,PROX. DO SAL E BRASA,IPSEP,ABALROAMENTO LONGITUDINAL,COLISÃO COM VITIMA/ AGUARDANDO O SAMU NO LOCAL,1,1,,,,,,,,1,,,,Longo da via,Bom,Sem defeito,Perfeito estado,Seca,Perfeito estado,,Outras,,Dupla,Canteiro central,,,,
2019-09-14,14:50:00,COM VÍTIMA,FINALIZADA,TAMARINEIRA,RUA DR JOSE MARIA,2,23,RUA NETO DE MENDONCA,ENF AO EDF. QUINTA DAS PALNEIRAS E QUINTA DA JAQUEIRA,RUA DR JOSE MARIA,23,ENF AO EDF. QUINTA DAS PALNEIRAS E QUINTA DA JAQUEIRA,TAMARINEIRA,ABALROAMENTO TRANSVERSAL,MOTO X FAIT UNO,1,1,,,,,,,,1,,,CIDADE,Longo da via,Bom,Não existe,Perfeito estado,Seca,Perfeito estado,Não existe,Outras,,Dupla,Faixa seccionada,,,,
2019-09-14,16:48:00,COM VÍTIMA,FINALIZADA,SANTO AMARO,AV GOVERNADOR AGAMENON MAGALHAES,0,,RUA ODORICO MENDES,,AV GOVERNADOR AGAMENON MAGALHAES,,,SANTO AMARO,ABALROAMENTO TRANSVERSAL,COLISAO ENTRE AUTO E MOTO COM VITIMA,1,1,,,,,,,,1,,49,SUBURBIO,Cruzamento,Bom,Desligado,Perfeito estado,Seca,Perfeito estado,Faixa de pedestre,Outras,60 km/h,Única,Faixa seccionada,,,,
2019-09-14,20:13:00,COM VÍTIMA,FINALIZADA,SAO JOSE,RUA IMPERIAL,0,,RUA LOURENCO DA SILVA,PROX AO VIADUTO CAPITÃO TEMUDO,RUA IMPERIAL,,PROX AO VIADUTO CAPITÃO TEMUDO,SÃO JOSÉ,ABALROAMENTO TRANSVERSAL,ENTRE AUTO PASSEIO X MOTO COM VÍTIMAS,1,1,,,,,,,,2,,,SUBURBIO,Cruzamento,Bom,Não existe,Perfeito estado,Seca,Perfeito estado,Não existe,Placas Pare,,Única,Faixa seccionada,,,,
2019-09-15,00:04:00,COM VÍTIMA,FINALIZADA,MADALENA,RUA BENFICA,0,,,EM FRENTE AO MUSEU DA ABOLIÇÃO,RUA BENFICA,,EM FRENTE AO MUSEU DA ABOLIÇÃO,MADALENA,COLISÃO,ENTRE AUTO PASSEIO X MOTO COM VÍTIMA,1,1,,,,,,,,1,,257,,Longo da via,Bom,Sem defeito,Incompleta,Seca,Perfeito estado,Outros,Placas Dê a preferência,,Dupla,Não existe,,,,
2019-09-15,07:19:00,COM VÍTIMA,FINALIZADA,IBURA,RUA QUINZE DE NOVEMBRO,3,421,AV ENGENHO SERRA VERDE,EM FRENTE A LOJA DE COMIDA JAPONESA CHINA MAKAM,RUA QUINZE DE NOVEMBRO,421,EM FRENTE A LOJA DE COMIDA JAPONESA CHINA MAKAM,IBURA,ABALROAMENTO TRANSVERSAL,MOTO E AUTO,1,1,,,,,,,,1,,,CIDADE,Longo da via,Bom,Não existe,Incompleta,Seca,,,,,,,,,,
2019-09-15,10:42:00,COM VÍTIMA,FINALIZADA,GUABIRABA,AV EMBAIXADOR ASSIS CHATEAUBRIAND,2,30,,LAVANDERIA NAPOLITANA,AV EMBAIXADOR ASSIS CHATEAUBRIAND,30,LAVANDERIA NAPOLITANA,GUABIRABA,CHOQUE OBJETO FIXO,CHOQUE COM O MURO DA LAVANDERIA,1,,,,,,,,,1,,,CIDADE,Longo da via,Bom,Não existe,Incompleta,Seca,Outros,Não existe,Não há placas,,Dupla,Não existe,,,,
2019-09-15,13:05:00,COM VÍTIMA,FINALIZADA,ESPINHEIRO,RUA DO ESPINHEIRO,0,,RUA SANTO ELIAS,POSTO DE COMBUSTIVEL AMPM ...IPIRANGA,RUA DO ESPINHEIRO,,POSTO DE COMBUSTIVEL AMPM ...IPIRANGA,ESPINHEIRO,ABALROAMENTO LONGITUDINAL,COLISÃO COM VITIMA,1,1,,,,,,,,1,,,,Cruzamento,Bom,Não existe,Perfeito estado,Seca,Perfeito estado,Faixa de pedestre,Placas Pare,,Única,,,,,
2019-09-15,14:33:00,COM VÍTIMA,FINALIZADA,CASA FORTE,AV DEZESSETE DE AGOSTO,0,,AV FLOR DE SANTANA,EM FRENTE A BURGER KING,AV DEZESSETE DE AGOSTO,,EM FRENTE A BURGER KING,CASA FORTE,COLISÃO FRONTAL,COLISÃO COM VÍTIMA,1,1,,,,,,,,2,,,CIDADE,Cruzamento,Bom,Sem defeito,Perfeito estado,Seca,Perfeito estado,Faixa de pedestre,Outras,,Dupla,Faixa contínua,,,,
2019-09-15,16:33:00,COM VÍTIMA,FINALIZADA,BOA VIAGEM,AV CONSELHEIRO AGUIAR,4,2525,,EM FRENTE A URGÊNCIA DO HOSPITAL PORTUGUES,AV CONSELHEIRO AGUIAR,2525,EM FRENTE A URGÊNCIA DO HOSPITAL PORTUGUES,BOA VIAGEM,ATROPELAMENTO,COM VÍTIMA,,,,,1,1,,,,1,,,,Longo da via,Bom,Não existe,Perfeito estado,Seca,Perfeito estado,Não existe,Não há placas,,Dupla,Faixa seccionada,,,,
2019-09-15,19:17:00,COM VÍTIMA,FINALIZADA,ILHA JOANA BEZERRA,PTE JOAQUIM CARDOSO,0,,,CABEÇERA DO VIADUTO MESMO,PTE JOAQUIM CARDOSO,,CABEÇERA DO VIADUTO MESMO,JOANA BEZERRA,COLISÃO,COLISAO COM VITIMAS,1,1,,,,,,,,2,,,,Ponte,Bom,Não existe,Perfeito estado,Seca,Perfeito estado,Não existe,Outras,40 km/h,Dupla,Faixa seccionada,,,,
2019-09-15,21:06:00,COM VÍTIMA,FINALIZADA,MANGABEIRA,AV NORTE,0,,,SEMÁFORO 96 / PRÓX AO SESC,AV NORTE,,SEMÁFORO 96 / PRÓX AO SESC,MANGABEIRA,COLISÃO COM CICLISTA,ENTRE AUTO E CICLISTA. C.V,1,,,1,,,,,,1,,96,CIDADE,Cruzamento,Bom,Sem defeito,Perfeito estado,Seca,Perfeito estado,Faixa de pedestre,Não há placas,60 km/h,Dupla,Canteiro central,,,,
2019-09-16,07:19:00,COM VÍTIMA,FINALIZADA,MADALENA,AV VISCONDE DE ALBUQUERQUE,3,422,,EM FRENTE A GALERIA MADALENA CENTER,AV VISCONDE DE ALBUQUERQUE,422,EM FRENTE A GALERIA MADALENA CENTER,MADALENA,ABALROAMENTO LONGITUDINAL,COLISÃO COM VITIMA A ESPERA DO SAMU,1,1,,,,,,,,1,,,CIDADE,Longo da via,Bom,Não existe,Perfeito estado,Seca,Perfeito estado,Não existe,R-6a,,Única,Faixa seccionada,,,,
2019-09-16,09:33:00,COM VÍTIMA,FINALIZADA,CASA AMARELA,RUA PADRE LEMOS,3,629,,PROX. A KINITOS,RUA PADRE LEMOS,629,PROX. A KINITOS,CASA AMARELA,COLISÃO,COLISÃO C/ VITIMA ENTRE UMA MOTO E UM AUTO,1,1,,,,,,,,1,,,SUBURBIO,Longo da via,Bom,,Perfeito estado,Seca,Perfeito estado,Não existe,Outras,,Dupla,Faixa seccionada,,,,
2019-09-16,10:45:00,COM VÍTIMA,FINALIZADA,CASA AMARELA,RUA BELA VISTA,3,212,RUA ENGENHEIRO DOMBER,RUA EM FRENTE AO RI DA PICANHA,RUA BELA VISTA,212,RUA EM FRENTE AO RI DA PICANHA,CASA AMARELA,ABALROAMENTO LONGITUDINAL,MOTO E AUTO,1,1,,,,,,,,1,,,SUBURBIO,Cruzamento,Bom,Não existe,Perfeito estado,Seca,Outros,Outros,Placas Pare,,Dupla,Não existe,,,,
2019-09-16,15:04:00,COM VÍTIMA,FINALIZADA,PRADO,RUA PADRE TEOFILO TWORZ,0,,RUA SANTA EDWIRGES,POR TRAS DA BIG CAR AO LADO NO CANAL,RUA PADRE TEOFILO TWORZ,,POR TRAS DA BIG CAR AO LADO NO CANAL,PRADO,ABALROAMENTO TRANSVERSAL,COLISAO ENTRE DOIS AUTOS S/V,2,,,,,,,,,1,,,,Cruzamento,Bom,Não existe,Não existente,Seca,Mal conservada,Não existe,Não há placas,,Única,Não existe,,,,
2019-09-16,17:34:00,COM VÍTIMA,FINALIZADA,PORTO DA MADEIRA,AV BEBERIBE,4,3530,,EM FRENTE AO CONJUNTO JOÃO PAULO II,AV BEBERIBE,3530,EM FRENTE AO CONJUNTO JOÃO PAULO II,PORTO DA MADEIRA,ABALROAMENTO LONGITUDINAL,COLISÃO COM VÍTIMA,1,1,,,,,,,,1,,,S,Longo da via,Bom,Não existe,Perfeito estado,Seca,Perfeito estado,Não existe,Outras,60 km/h,Dupla,Faixa contínua,,,,