data,hora,natureza_acidente,situacao,bairro,endereco,,numero,detalhe_endereco_acidente,complemento,endereco_cruzamento,numero_cruzamento,referencia_cruzamento,bairro_cruzamento,tipo,descricao,auto,moto,ciclom,ciclista,pedestre,onibus,caminhao,viatura,outros,vitimas,vitimasfatais,num_semaforo,sentido_via,acidente_verificado,tempo_clima,situacao_semaforo,sinalizacao,condicao_via,conservacao_via,ponto_controle,situacao_placa,velocidade_max_via,mao_direcao,divisao_via1,divisao_via2,divisao_via3,_id,Protocolo
2019-09-16,18:44:00,COM VÍTIMA,FINALIZADA,MADALENA,AV VISCONDE DE ALBUQUERQUE,3,401,RUA LOPES DE CARVALHO,ENF A GALERIA MADALENA CENTER,AV VISCONDE DE ALBUQUERQUE,401,ENF A GALERIA MADALENA CENTER,MADALENA,COLISÃO,RENAULT LOGAN X MOTO,1,1,,,,,,,,1,,,SUBURBIO,Cruzamento,Bom,Não existe,Perfeito estado,Seca,Perfeito estado,Faixa de retenção,Placas Pare,,Única,Faixa seccionada,,,,
2019-09-16,18:47:00,COM VÍTIMA,FINALIZADA,BOA VISTA,AV CONDE DA BOA VISTA,3,962,,COLEGIO SÃO JOSÉ,AV CONDE DA BOA VISTA,962,COLEGIO SÃO JOSÉ,BOA VISTA,ATROPELAMENTO,MOTO X PEDESTRE COM VÍTIMA,,1,,,1,,,,,1,,,SUBURBIO,Longo da via,Bom,Sem defeito,Perfeito estado,Seca,Perfeito estado,Não existe,,,Dupla,Faixa contínua,,,,
2019-09-16,21:21:00,COM VÍTIMA,FINALIZADA,CORDEIRO,RUA DR MIGUEL VIEIRA FERREIRA,4,409A,,EM FRENTE A ESCOLA PROF. FONTAINHA DE ABREU,RUA DR MIGUEL VIEIRA FERREIRA,409A,EM FRENTE A ESCOLA PROF. FONTAINHA DE ABREU,CORDEIRO,COLISÃO FRONTAL,ENTRE DOIS AUTO PASSEIO COM VÍTIMA ( MOTORISTA POSSIVELMENTE EMBREAGADO) VEICULO JAC ABANDONADO PELO PROPRIETARIO,2,,,,,,,,,2,,,SUBURBIO,Longo da via,Bom,Não existe,Perfeito estado,Seca,,,,,,,,,,
2019-09-16,22:00:00,COM VÍTIMA,FINALIZADA,IPSEP,AV RECIFE,4,3321,AV RAIMUNDO DINIZ,PROX AO MARTELINHO DE OURO // SENTIDO BOA VIAGEM,AV RECIFE,3321,PROX AO MARTELINHO DE OURO // SENTIDO BOA VIAGEM,IPSEP,ABALROAMENTO TRANSVERSAL,MOTO X TAXI,1,1,,,,,,,,1,,247,CIDADE,Cruzamento,Bom,Sem defeito,Ilegível,Seca,Mal iluminada,Faixa de retenção,Não há placas,60 km/h,Dupla,Canteiro central,,,,
2019-09-17,06:52:00,COM VÍTIMA,FINALIZADA,IMBIRIBEIRA,AV MARECHAL MASCARENHAS DE MORAES,4,4745,,EM FRENTE IGREJA PETECOSTAL ASSEMBLEIA DE DEUS,AV MARECHAL MASCARENHAS DE MORAES,4745,EM FRENTE IGREJA PETECOSTAL ASSEMBLEIA DE DEUS,IMBIRIBEIRA,COLISÃO,COLISÃO DE UMA MOTO COM UM CARRO,1,1,,,,,,,,1,,,CIDADE,Longo da via,Bom,Não existe,Perfeito estado,Seca,Perfeito estado,Não existe,Outras,,Dupla,Canteiro central,,,,
2019-09-17,08:20:00,COM VÍTIMA,FINALIZADA,IMBIRIBEIRA,AV MARECHAL MASCARENHAS DE MORAES,4,5109,,EM FRENTE AO ESTACIONAMENTO CLIC PARK,AV MARECHAL MASCARENHAS DE MORAES,5109,EM FRENTE AO ESTACIONAMENTO CLIC PARK,IMBIRIBEIRA,COLISÃO COM CICLISTA,COLISÃO C/VITIMA ENTRE MOTO E BICICLETA,,1,,1,,,,,,1,,,SUBURBIO,Longo da via,Bom,Sem defeito,Perfeito estado,Seca,Perfeito estado,,Não há placas,60 km/h,Dupla,Canteiro central,,,,
2019-09-17,08:48:00,COM VÍTIMA,FINALIZADA,GRACAS,RUA DR BANDEIRA FILHO,3,990,AV GOVERNADOR AGAMENON MAGALHAES,AO LADO DA MAC DONALD DA AV. AGAMENON MAGALHÃES,RUA DR BANDEIRA FILHO,990,AO LADO DA MAC DONALD DA AV. AGAMENON MAGALHÃES,GRAÇAS,COLISÃO COM CICLISTA,COLISÃO DE ÔNIBUS COM CICLISTA,,,,1,,1,,,,1,,,CIDADE,Longo da via,Bom,Não existe,Perfeito estado,Seca,Perfeito estado,Agente,Outras,40 km/h,Única,Faixa seccionada,,,,
2019-09-17,10:10:00,COM VÍTIMA,FINALIZADA,BOA VISTA,AV CONDE DA BOA VISTA,4,1512,,EM FRENTE AO COPE,AV CONDE DA BOA VISTA,1512,EM FRENTE AO COPE,BOA VISTA,ATROPELAMENTO,VITIMA A ESPERA DO SAMU,,,,1,1,,,,,1,,,,Longo da via,Chuvoso,Não existe,Perfeito estado,Seca,Perfeito estado,Faixa de pedestre,R-6a,40 km/h,Dupla,Outros,,,,
2019-09-17,10:33:00,COM VÍTIMA,FINALIZADA,SANTO ANTONIO,AV N S DO CARMO,2,99,,EM FRENTE A CASA PIO,AV N S DO CARMO,99,EM FRENTE A CASA PIO,SANTO ANTÔNIO,ATROPELAMENTO,COLISÃO COM VITIMA,,1,,,1,,,,,1,,,SUBURBIO,Longo da via,Bom,Sem defeito,Perfeito estado,Seca,Perfeito estado,Outros,Outras,,Dupla,Faixa,,,,
2019-09-17,11:25:00,COM VÍTIMA,FINALIZADA,PARNAMIRIM,AV DEZESSETE DE AGOSTO,3,125,RUA JOAO DA SILVA TELES,EM FRENTE A FRUTARIA,AV DEZESSETE DE AGOSTO,125,EM FRENTE A FRUTARIA,PARNAMIRIM,ABALROAMENTO LONGITUDINAL,COLISÃO COM VITIMA A ESPERA DO SAMU,1,1,,,,,,,,1,,,SUBURBIO,Esquina,Chuvoso,Não existe,Perfeito estado,Molhada,Perfeito estado,Não existe,R-6a,,Dupla,Faixa contínua,,,,
2019-09-17,11:38:00,COM VÍTIMA,FINALIZADA,ILHA DO LEITE,AV GOVERNADOR AGAMENON MAGALHAES,0,,,EM FRENTE A CAIXA ECONOMICA,AV GOVERNADOR AGAMENON MAGALHAES,,EM FRENTE A CAIXA ECONOMICA,ILHA DO LEITE,ATROPELAMENTO,VITIMA SOCORRIDA PELOS BOMBEIROS,,1,,,1,,,,,1,,69,OLINDA,,,,,,,,,,,,,,,
2019-09-17,14:45:00,COM VÍTIMA,FINALIZADA,IPUTINGA,RUA SAO MATEUS,4,1060,,RESIDENCIAL JARDIM RENASCENÇA,RUA SAO MATEUS,1060,RESIDENCIAL JARDIM RENASCENÇA,IPUTINGA,ABALROAMENTO TRANSVERSAL,COLISÃO COM VÍTIMA,1,1,,,,,,,,1,,,SUBURBIO,Longo da via,Bom,Não existe,Incompleta,Seca,Mal conservada,Não existe,Não há placas,,Dupla,Não existe,,,,
2019-09-17,15:00:00,COM VÍTIMA,FINALIZADA,ENCRUZILHADA,RUA DONA JULIETA,3,360,RUA PROFESSOR JERONIMO GUEIROS,PROX. AO CANAL   EDIF. SOLAR PORTINARI,RUA DONA JULIETA,360,PROX. AO CANAL   EDIF. SOLAR PORTINARI,ENCRUZILHADA,ABALROAMENTO TRANSVERSAL,COLISÃO COM VITIMA  JA ENCAMINHADA PARA O HOSP PELO SAMU,1,1,,,,,,,,1,,,CIDADE,Cruzamento,Nublado,Não existe,Não existente,Outros,Mal conservada,Não existe,Não há placas,40 km/h,Dupla,Não existe,,,,
2019-09-17,15:26:00,COM VÍTIMA,FINALIZADA,BOA VIAGEM,RUA VISCONDE DE JEQUITINHONHA,4,1294,,EM FRENTE AO EDIFICIO PAULA MARINA RODRIGUES E POR TRAS DONA LINDU,RUA VISCONDE DE JEQUITINHONHA,1294,EM FRENTE AO EDIFICIO PAULA MARINA RODRIGUES E POR TRAS DONA LINDU,BOA VIAGEM,COLISÃO COM CICLISTA,COLISÃO COM VÍTIMA,1,,,1,,,,,,1,,,,Longo da via,Chuvoso,Não existe,Perfeito estado,Molhada,Perfeito estado,Não existe,Não há placas,,Única,Faixa seccionada,,,,
2019-09-17,20:09:00,COM VÍTIMA,FINALIZADA,JAQUEIRA,RUA MUNIZ TAVARES,2,81,,PROX A PRAÇA FLEMING // EDF. PRINCIPE DE ASTURIA,RUA MUNIZ TAVARES,81,PROX A PRAÇA FLEMING // EDF. PRINCIPE DE ASTURIA,JAQUEIRA,COLISÃO FRONTAL,S 10 X MARCH X AUTO,3,,,,,,,,,1,,,SUBURBIO,Longo da via,Chuvoso,Não existe,,Molhada,,Faixa de pedestre,Outras,30 km/h,Dupla,Não existe,,,,
2019-09-17,21:20:00,COM VÍTIMA,FINALIZADA,MADALENA,RUA JOSE OSORIO,3,401,,PROX AO MERCADO DA MADALENA,RUA JOSE OSORIO,401,PROX AO MERCADO DA MADALENA,MADALENA,ABALROAMENTO LONGITUDINAL,ONIBUS BORBOREMA X MOTO,,1,,,,1,,,,1,,,SUBURBIO,Longo da via,Chuvoso,Não existe,Perfeito estado,Molhada,Perfeito estado,Não existe,Não há placas,,Única,Faixa seccionada,,,,
2019-09-18,10:45:00,COM VÍTIMA,FINALIZADA,IMBIRIBEIRA,AV MARECHAL MASCARENHAS DE MORAES,3,474,,LADO OPOSSTO A FLOR E ARTE (SENTIDO BOA VIAGEM),AV MARECHAL MASCARENHAS DE MORAES,474,LADO OPOSSTO A FLOR E ARTE (SENTIDO BOA VIAGEM),IMBIRIBEIRA,ABALROAMENTO LONGITUDINAL,COLISÃO C/VITIMAS ENTRE UM AUTO E E MOTO,1,1,,,,,,,,1,,279,SUBURBIO,Cruzamento,Bom,Sem defeito,Perfeito estado,Seca,Perfeito estado,Faixa de pedestre,Não há placas,60 km/h,Dupla,Faixa contínua,,,,
2019-09-18,14:21:00,VÍTIMA FATAL,FINALIZADA,VARZEA,AV CAXANGA,0,,,EMFRENTE A UPA,AV CAXANGA,,EMFRENTE A UPA,VÁRZEA,ABALROAMENTO LONGITUDINAL,COLISÃO COM VITIMA/ SAMU JA RECOLHEU A VITIMA,1,,,,,,,,,,1,281,CIDADE,Longo da via,Bom,Sem defeito,Perfeito estado,Seca,Perfeito estado,Outros,R-6a,,Dupla,Canteiro central,,,,
2019-09-18,15:11:00,COM VÍTIMA,FINALIZADA,BOA VISTA,RUA DO HOSPICIO,0,,RUA PRINCESA IZABEL,,RUA DO HOSPICIO,,,BOA VISTA,COLISÃO,COLISÃO ENTRE AUTO E MOTO COM VÍTIMA,1,1,,,,,,,,1,,31,,Cruzamento,Bom,Sem defeito,Perfeito estado,Seca,Perfeito estado,Faixa de pedestre,Não há placas,,Dupla,Faixa contínua,,,,
2019-09-18,19:33:00,COM VÍTIMA,FINALIZADA,CASA FORTE,AV DEZESSETE DE AGOSTO,4,2388,,ENF AO MUSEU DO HOMEM DO NORDESTE,AV DEZESSETE DE AGOSTO,2388,ENF AO MUSEU DO HOMEM DO NORDESTE,CASA FORTE,ATROPELAMENTO,MOTO X PEDESTRE,,1,,,1,,,,,2,,251,SUBURBIO,Longo da via,Bom,Sem defeito,Perfeito estado,Seca,Perfeito estado,Faixa de pedestre,R-6a,,Dupla,Faixa contínua,,,,
2019-09-18,20:02:00,COM VÍTIMA,FINALIZADA,BOA VISTA,RUA JOAO FERNANDES VIEIRA,3,145,RUA JOAQUIM FELIPE,E/F A UNIBRA,RUA JOAO FERNANDES VIEIRA,145,E/F A UNIBRA,BOA VISTA,ABALROAMENTO TRANSVERSAL,ENTRE AUTO E MOTO ( O ENVOLVIDO ACIDENTADO É SD DA PM ) C/V,1,1,,,,,,,,1,,,CIDADE,Esquina,Bom,Não existe,Perfeito estado,Seca,Perfeito estado,Não existe,R-6a,30 km/h,Única,,,,,
2019-09-19,08:01:00,COM VÍTIMA,FINALIZADA,ESPINHEIRO,RUA QUARENTA E OITO,3,165,,EM FRENTE AO EDIFICIO CORINTHUS,RUA QUARENTA E OITO,165,EM FRENTE AO EDIFICIO CORINTHUS,ESPINHEIRO,COLISÃO COM CICLISTA,VITIMA A ESPERA DO SAMU,1,,,1,,,,,,1,,,CIDADE,Longo da via,Bom,Não existe,Perfeito estado,Seca,Perfeito estado,Não existe,R-6a,30 km/h,Única,Faixa seccionada,,,,
2019-09-19,08:41:00,COM VÍTIMA,FINALIZADA,IPSEP,RUA SAO NICOLAU,0,,AV RECIFE,SEMÁFORO 016,RUA SAO NICOLAU,,SEMÁFORO 016,IPSEP,ABALROAMENTO TRANSVERSAL,COLISÃO COM VÍTIMA,,1,1,,,,,,,1,,16,SUBURBIO,Cruzamento,Bom,Sem defeito,Perfeito estado,Seca,Perfeito estado,Agente,Não há placas,40 km/h,Única,Blocos,,,,
2019-09-19,12:03:00,COM VÍTIMA,FINALIZADA,CAMPO GRANDE,RUA JERONIMO VILELA,3,164,RUA MARQUES DE ABRANTES,ESQUINA DA HAMBURGUERIA E LANCHONETE LA BODEGUITA . APÓS A GALERIA CAZÉ.,RUA JERONIMO VILELA,164,ESQUINA DA HAMBURGUERIA E LANCHONETE LA BODEGUITA . APÓS A GALERIA CAZÉ.,CAMPO GRANDE,ABALROAMENTO LONGITUDINAL,COLISAO ENTRE AUTO E MOTO COM UMA VITIMA,1,1,,,,,,,,1,,,CIDADE,Longo da via,Bom,Não existe,Perfeito estado,Seca,Perfeito estado,Não existe,Não há placas,,Dupla,Faixa seccionada,,,,
2019-09-19,17:17:00,COM VÍTIMA,FINALIZADA,PAISSANDU,AV GOVERNADOR AGAMENON MAGALHAES,0,,RUA PAISSANDU,,AV GOVERNADOR AGAMENON MAGALHAES,,,PAISSANDU,COLISÃO,ACIDENTE DE PERCURSO,,2,,,,,,,,1,,69,,Longo da via,Bom,Sem defeito,Perfeito estado,Seca,Perfeito estado,Agente,Não há placas,60 km/h,Única,Faixa seccionada,,,,
2019-09-19,17:31:00,COM VÍTIMA,FINALIZADA,PINA,AV ANTONIO DE GOES,3,434,,EM FRENTE AO JCPM. LADO OPOSTO À RECEITA FEDERAL,AV ANTONIO DE GOES,434,EM FRENTE AO JCPM. LADO OPOSTO À RECEITA FEDERAL,PINA,COLISÃO TRASEIRA,COLISÃO COM VITIMA,1,1,,,,,,,,1,,277,CIDADE,Longo da via,Bom,Sem defeito,Perfeito estado,Seca,Perfeito estado,Faixa de pedestre,,60 km/h,Dupla,Canteiro central,,,,
2019-09-19,23:46:00,COM VÍTIMA,FINALIZADA,BOA VIAGEM,RUA BARAO DE SOUZA LEAO,3,451,,ENF AO MAR HOTEL  DROGARIA DROGAMAR E BOA VIAGEM MEDICAL CENTER.,RUA BARAO DE SOUZA LEAO,451,ENF AO MAR HOTEL  DROGARIA DROGAMAR E BOA VIAGEM MEDICAL CENTER.,BOA VIAGEM,ATROPELAMENTO,GOLF X PEDESTRE SE JOGOU SOBRE O VEICULO,1,,,,1,,,,,1,,,SUBURBIO,Longo da via,Bom,Sem defeito,Perfeito estado,Seca,Perfeito estado,,Não há placas,,Única,Faixa seccionada,,,,
2019-09-20,07:29:00,COM VÍTIMA,FINALIZADA,IMBIRIBEIRA,AV MARECHAL MASCARENHAS DE MORAES,5,7935A,,EM FRENTE A AUTOPEÇAS CONTINENTAL,AV MARECHAL MASCARENHAS DE MORAES,7935A,EM FRENTE A AUTOPEÇAS CONTINENTAL,IMBIRIBEIRA,ABALROAMENTO LONGITUDINAL,COM DUAS VITIMAS,2,1,,,,,,,,2,,626,CIDADE,Longo da via,Bom,Não existe,Perfeito estado,Seca,Perfeito estado,Não existe,Outras,,Dupla,Canteiro central,,,,
2019-09-20,08:17:00,COM VÍTIMA,FINALIZADA,PAISSANDU,AV GOVERNADOR AGAMENON MAGALHAES,3,141,,EM FRENTE A CLINICA VETERINARIA VET MAIS,AV GOVERNADOR AGAMENON MAGALHAES,141,EM FRENTE A CLINICA VETERINARIA VET MAIS,PAISSANDU,ABALROAMENTO LONGITUDINAL,COM UMA VITMA SENDO SOCORRIDA PELO SAMU CTTU NO LOCAL,1,1,,,,,,,,1,,,BOA VIAGEM,Longo da via,Chuvoso,Não existe,Perfeito estado,Molhada,Perfeito estado,,,60 km/h,Dupla,,,,,
2019-09-20,10:37:00,COM VÍTIMA,FINALIZADA,GRACAS,PRC DO ENTRONCAMENTO,3,132,,EM FRENTE A PHARMAPELE,PRC DO ENTRONCAMENTO,132,EM FRENTE A PHARMAPELE,GRAÇAS,ATROPELAMENTO,ATROPELAMENTO (ONIBUS X PEDESTRE),,,,,1,1,,,,1,,,CIDADE,Longo da via,Bom,Não existe,Perfeito estado,Seca,Perfeito estado,Outros,Outras,40 km/h,Única,Não existe,,,,
2019-09-20,14:04:00,COM VÍTIMA,FINALIZADA,DOIS UNIDOS,RUA BACHAREL SEVERINO T.G.DO NASCIMENTO,3,38B,,ANTES DO TERMINAL DE DOIS UNIDOS NA BEIRA CANAL,RUA BACHAREL SEVERINO T.G.DO NASCIMENTO,38B,ANTES DO TERMINAL DE DOIS UNIDOS NA BEIRA CANAL,DOIS UNIDOS,ATROPELAMENTO,ONIBUS ATROPELOU UM PEDESTRE,,,,,1,1,,,,1,,,CIDADE,Longo da via,Bom,Não existe,Não existente,Seca,Perfeito estado,Não existe,Não há placas,40 km/h,Única,Não existe,,,,
2019-09-20,16:02:00,COM VÍTIMA,FINALIZADA,CAMPO GRANDE,RUA PETRONILA BOTELHO,0,,AV PROFESSOR JOSE DOS ANJOS,POR TRAZ DO CAMPO DO ARRUDA,RUA PETRONILA BOTELHO,,POR TRAZ DO CAMPO DO ARRUDA,CAMPO GRANDE,ABALROAMENTO LONGITUDINAL,COLISÃO COM VITIMA,,1,,,,,1,,,1,,554,SUBURBIO,Cruzamento,Chuvoso,Sem defeito,Perfeito estado,Molhada,Perfeito estado,Faixa de pedestre,R-6a,,Única,Faixa contínua,,,,
2019-09-20,18:05:00,COM VÍTIMA,FINALIZADA,BOA VIAGEM,RUA VISCONDE DE JEQUITINHONHA,4,1140,,EDF MONTE PILHATUS,RUA VISCONDE DE JEQUITINHONHA,1140,EDF MONTE PILHATUS,BOA VIAGEM,ABALROAMENTO LONGITUDINAL,ENTRE AUTO E MOTO. C/V,1,1,,,,,,,,1,,,SUBURBIO,Longo da via,Chuvoso,Não existe,Perfeito estado,Molhada,Perfeito estado,Não existe,Não há placas,60 km/h,Única,Faixa seccionada,,,,
2019-09-20,23:52:00,COM VÍTIMA,FINALIZADA,PRADO,AV ENGENHEIRO ABDIAS DE CARVALHO,0,,RUA CARLOS GOMES,AO LADO DO POSTO BR ( E/F A BIG CAR),AV ENGENHEIRO ABDIAS DE CARVALHO,,AO LADO DO POSTO BR ( E/F A BIG CAR),PRADO,ABALROAMENTO TRANSVERSAL,AUTO E MOTO,1,1,,,,,,,,1,,57,,Cruzamento,Chuvoso,Sem defeito,Perfeito estado,Molhada,Perfeito estado,Faixa de pedestre,R-6a,60 km/h,Dupla,Canteiro central,,,,
2019-09-21,07:23:00,COM VÍTIMA,FINALIZADA,SANTO AMARO,AV CRUZ CABUGA,0,,AV NORTE,ONIBUS DA EMPRESA CIDADE ALTA DE PLACA PCV2895  NÚMERO DE ORDEM 1169. MERCADO DE SANTO AMARO.,AV CRUZ CABUGA,,ONIBUS DA EMPRESA CIDADE ALTA DE PLACA PCV2895  NÚMERO DE ORDEM 1169. MERCADO DE SANTO AMARO.,SANTO AMARO,CHOQUE OBJETO FIXO,,,,,,,1,,,,1,,455,CIDADE,Longo da via,Bom,Sem defeito,Perfeito estado,Seca,Perfeito estado,Faixa de pedestre,,,Dupla,Faixa contínua,,,,
2019-09-21,10:11:00,COM VÍTIMA,FINALIZADA,IPSEP,RUA JEAN EMILE FAVRE,0,,,EM FRENTE AO SUPERMERCADO ARCO MIX,RUA JEAN EMILE FAVRE,,EM FRENTE AO SUPERMERCADO ARCO MIX,IPSEP,ATROPELAMENTO,MOTO E PEDESTRE,,1,,,1,,,,,2,,,SUBURBIO,Longo da via,Bom,Sem defeito,Perfeito estado,Seca,Perfeito estado,,,,,,,,,
2019-09-21,12:42:00,COM VÍTIMA,FINALIZADA,BOA VIAGEM,RUA SA E SOUZA,3,480,RUA BALTAZAR PASSOS,ESQUINA DA CULTURA INGLESA / PADARIA PAN JOVEM,RUA SA E SOUZA,480,ESQUINA DA CULTURA INGLESA / PADARIA PAN JOVEM,BOA VIAGEM,COLISÃO COM CICLISTA,COLISAO ENTRE AUTO E CICLISTA,1,,,1,,,,,,1,,,,Cruzamento,Bom,Não existe,Não existente,Seca,Perfeito estado,Não existe,Não há placas,,Dupla,Faixa seccionada,,,,
2019-09-21,14:49:00,COM VÍTIMA,FINALIZADA,SANTO AMARO,AV CRUZ CABUGA,3,304,RUA AFONSO COSTA,EM FRENTE A CTTU,AV CRUZ CABUGA,304,EM FRENTE A CTTU,SANTO AMARO,ABALROAMENTO LONGITUDINAL,COLISÃO C/VITIMAS ENTRE DUAS MOTOS ( A OUTRA MOTO EVADIU-SE DO LOCAL),,2,,,,,,,,2,,523,SUBURBIO,Cruzamento,Bom,Sem defeito,Perfeito estado,Seca,Perfeito estado,Faixa de pedestre,Placas Pare,,Dupla,Faixa contínua,Faixa seccionada,,,
2019-09-21,16:48:00,COM VÍTIMA,FINALIZADA,SAN MARTIN,RUA APULCRO DE ASSUNCAO,3,439,RUA MOSSORO,RUA DA ENTRADA DO BPTRAN,RUA APULCRO DE ASSUNCAO,439,RUA DA ENTRADA DO BPTRAN,SAN MARTIN,ATROPELAMENTO,AUTO E PEDESTRE,1,,,,1,,,,,1,,,ABDIAS DE CARVALHO,Longo da via,Bom,Não existe,Não existente,Seca,Perfeito estado,Não existe,Não há placas,30 km/h,Dupla,Não existe,,,,
2019-09-21,17:47:00,COM VÍTIMA,FINALIZADA,SAN MARTIN,RUA VINTE E UM DE ABRIL,3,631,,PROX. DA FARMACIA DROGASIL/ JUNTO AO GIRADOURO,RUA VINTE E UM DE ABRIL,631,PROX. DA FARMACIA DROGASIL/ JUNTO AO GIRADOURO,SAN MARTIN,ATROPELAMENTO,MOTO E PEDESTRE,,1,,,1,,,,,1,,,,Longo da via,Bom,Não existe,,,,Não existe,,,Dupla,,,,,
2019-09-21,22:01:00,COM VÍTIMA,FINALIZADA,SAN MARTIN,RUA VINTE E UM DE ABRIL,4,2857,,,RUA VINTE E UM DE ABRIL,2857,,SAN MARTIN,COLISÃO COM CICLISTA,COLISAO ENTRE UMA BICICLETA E UMA MOTO,,1,,1,,,,,,2,,,CIDADE,Cruzamento,Bom,Não existe,Perfeito estado,Seca,Perfeito estado,Não existe,Não há placas,,Dupla,Faixa seccionada,,,,
2019-09-22,08:51:00,COM VÍTIMA,FINALIZADA,ILHA DO LEITE,RUA FRANCISCO ALVES,3,325,,EM FRENTE AO EMPRESARIAL MULT MED ILHA CENTER,RUA FRANCISCO ALVES,325,EM FRENTE AO EMPRESARIAL MULT MED ILHA CENTER,ILHA DO LEITE,COLISÃO TRASEIRA,AUTO E MOTO,1,1,,,,,,,,1,,,CIDADE,Longo da via,Bom,Não existe,Incompleta,Seca,Perfeito estado,Não existe,Outras,,Dupla,Faixa seccionada,,,,
2019-09-22,18:44:00,COM VÍTIMA,FINALIZADA,JARDIM SAO PAULO,RUA LORENA,3,104,RUA BRAGANCA,APÓS O VIADUTO DE JARDIM SÃ0 PAULO,RUA LORENA,104,APÓS O VIADUTO DE JARDIM SÃ0 PAULO,JARDIM SÃO PAULO,ABALROAMENTO TRANSVERSAL,ENTRE 2 MOTOS. C/V,2,,,,,,,,,3,,,SUBURBIO,Cruzamento,Bom,Não existe,Perfeito estado,Seca,Perfeito estado,,Placas Pare,,Dupla,Não existe,,,,
2019-09-23,05:40:00,COM VÍTIMA,FINALIZADA,CASA FORTE,AV DEZESSETE DE AGOSTO,0,,,E/F AO CPOR E PRAÇA FLOR DE SANTANA.,AV DEZESSETE DE AGOSTO,,E/F AO CPOR E PRAÇA FLOR DE SANTANA.,CASA FORTE,CHOQUE VEÍCULO PARADO,ÔNIBUS E AUTO.,1,,,,,1,,,,1,,,CIDADE,Longo da via,Chuvoso,Sem defeito,Perfeito estado,Molhada,Perfeito estado,Faixa de pedestre,Outras,,Dupla,Faixa contínua,,,,
2019-09-23,07:14:00,COM VÍTIMA,FINALIZADA,ENGENHO DO MEIO,AV MUCIO UCHOA CAVALCANTE,3,415,,EM FRENTE AO RESIDENCIAL ITALIA,AV MUCIO UCHOA CAVALCANTE,415,EM FRENTE AO RESIDENCIAL ITALIA,ENGENHO DO MEIO,ABALROAMENTO TRANSVERSAL,AUTO E MOTO,1,1,,,,,,,,1,,,SUBURBIO,Longo da via,Bom,Não existe,Perfeito estado,Seca,Perfeito estado,Não existe,Não há placas,,Dupla,Não existe,,,,
2019-09-23,12:23:00,COM VÍTIMA,FINALIZADA,TAMARINEIRA,RUA JUNDIA,0,,,AO LADO DA FERREIRA COSTA,RUA JUNDIA,,AO LADO DA FERREIRA COSTA,TAMARINEIRA,COLISÃO COM CICLISTA,AUTO E BICICLETA.,1,,,1,,,,,,1,,,SUBURBIO,Longo da via,Bom,Não existe,Perfeito estado,Seca,Perfeito estado,Não existe,Placas Pare,30 km/h,Dupla,Não existe,,,,
2019-09-23,21:09:00,COM VÍTIMA,FINALIZADA,ESPINHEIRO,RUA AMELIA,3,280,RUA DO ESPINHEIRO,E/F A GALERIA,RUA AMELIA,280,E/F A GALERIA,ESPINHEIRO,ABALROAMENTO LONGITUDINAL,COLIAO ENTRE MOTO E AUTO COM UMA VITIMA,1,1,,,,,,,,1,,195,CIDADE,Cruzamento,Bom,Sem defeito,Perfeito estado,Seca,Perfeito estado,Faixa de pedestre,R-6a,,Única,Faixa seccionada,,,,
2019-09-24,07:30:00,COM VÍTIMA,FINALIZADA,IMBIRIBEIRA,RUA BARAO DE AGUA BRANCA,3,160,RUA DUQUE ESTRADA,EM FRENTE A POUSADA SOL E MAR,RUA BARAO DE AGUA BRANCA,160,EM FRENTE A POUSADA SOL E MAR,IMBIRIBEIRA,ABALROAMENTO TRANSVERSAL,AUTO E MOTO,1,1,,,,,,,,1,,,SUBURBIO,Cruzamento,Bom,Não existe,Incompleta,Seca,Perfeito estado,Não existe,Placas Pare,30 km/h,Dupla,Não existe,,,,