data,hora,natureza_acidente,situacao,bairro,endereco,,numero,detalhe_endereco_acidente,complemento,endereco_cruzamento,numero_cruzamento,referencia_cruzamento,bairro_cruzamento,tipo,descricao,auto,moto,ciclom,ciclista,pedestre,onibus,caminhao,viatura,outros,vitimas,vitimasfatais,num_semaforo,sentido_via,acidente_verificado,tempo_clima,situacao_semaforo,sinalizacao,condicao_via,conservacao_via,ponto_controle,situacao_placa,velocidade_max_via,mao_direcao,divisao_via1,divisao_via2,divisao_via3,_id,Protocolo
2019-09-24,08:21:00,COM VÍTIMA,FINALIZADA,ILHA JOANA BEZERRA,VDO PAPA JOAO PAULO II,0,,,SOBRE O VIADUTO JOANA BEZERRA,VDO PAPA JOAO PAULO II,,SOBRE O VIADUTO JOANA BEZERRA,ILHA JOANA BEZERRA,TOMBAMENTO,A MOTOCICLETA FOI ATINGIDA PELA CARGA QUE ESTAVA NO OUTRO VEÍCULO,,1,,,,,,,,1,,,SUBURBIO,Viaduto,Bom,Não existe,Perfeito estado,Seca,Perfeito estado,Não existe,Não há placas,,Dupla,Faixa seccionada,,,,
2019-09-24,11:30:00,COM VÍTIMA,FINALIZADA,PINA,AV CELSO FURTADO,0,,,SOBRE A PONTE ESTAIADA,AVENIDA CELSO FURTADO (VIA MANGUE),,SOBRE A PONTE ESTAIADA,PINA,ABALROAMENTO LONGITUDINAL,AUTO E MOTO,1,1,,,,,,,,1,,,SUBURBIO,Ponte,Bom,Não existe,Perfeito estado,Seca,Perfeito estado,Não existe,Não há placas,,Única,Faixa seccionada,,,,
2019-09-24,15:21:00,COM VÍTIMA,FINALIZADA,VARZEA,RUA MARECHAL MANOEL LUIS OSORIO,2,85,,E/F AO HAPVIDA CAXANGÁ,RUA MARECHAL MANOEL LUIS OSORIO,85,E/F AO HAPVIDA CAXANGÁ,VÁRZEA,ABALROAMENTO TRANSVERSAL,COLISAO ENTRE DOIS AUTOS E UMA MOTO COM UMA VITIMA,2,1,,,,,,,,1,,,SUBURBIO,Longo da via,Bom,Não existe,Perfeito estado,Seca,Perfeito estado,Não existe,R-6a,,Dupla,Não existe,,,,
2019-09-24,15:50:00,COM VÍTIMA,FINALIZADA,CABANGA,AV SUL,3,209,RUA ITAPIRA,EM FRENTE A EMPRESA PORTELA,AV SUL,209,EM FRENTE A EMPRESA PORTELA,CABANGA,COLISÃO TRASEIRA,AUTO E MOTO,1,1,,,,,,,,1,,,CIDADE,Longo da via,Bom,Sem defeito,Perfeito estado,Seca,Perfeito estado,Não existe,Não há placas,,Única,Faixa seccionada,,,,
2019-09-24,18:35:00,COM VÍTIMA,FINALIZADA,SANTO AMARO,AV GOVERNADOR AGAMENON MAGALHAES,0,,RUA ODORICO MENDES,E/F A CENTRAL DE FLAGRANTES,AV GOVERNADOR AGAMENON MAGALHAES,,E/F A CENTRAL DE FLAGRANTES,SANTO AMARO,COLISÃO COM CICLISTA,AUTO E BICICLETA,1,,,1,,,,,,1,,49,,Cruzamento,Bom,Sem defeito,Perfeito estado,Seca,Perfeito estado,Faixa de retenção,Outras,60 km/h,Única,Faixa seccionada,,,,
2019-09-24,20:30:00,COM VÍTIMA,FINALIZADA,BOA VIAGEM,RUA ERNESTO DE PAULA SANTOS,0,,RUA AMALIA BERNARDINO DE SOUZA,EM FRENTE AO POSTO BR,RUA ERNESTO DE PAULA SANTOS,,EM FRENTE AO POSTO BR,BOA VIAGEM,ABALROAMENTO TRANSVERSAL,ENTRE DUAS MOTOS COM VÍTIMA,,2,,,,,,,,2,,,SUBURBIO,Cruzamento,Bom,Não existe,Incompleta,Seca,Perfeito estado,Não existe,R-6a,,Única,Faixa seccionada,,,,
2019-09-25,08:47:00,COM VÍTIMA,FINALIZADA,BOA VISTA,RUA DO HOSPICIO,0,,AV MARIO MELO,EM FRENTE AO IEP,RUA DO HOSPICIO,,EM FRENTE AO IEP,BOA VISTA,ATROPELAMENTO,ATROPELAMENTO COM UMA VITIMA.,1,,,,1,,,,,1,,171,CIDADE,Cruzamento,Bom,Sem defeito,Perfeito estado,Seca,Perfeito estado,Não existe,Outras,,Dupla,Faixa contínua,,,,
2019-09-25,08:57:00,COM VÍTIMA,FINALIZADA,MACAXEIRA,AV NORTE,0,,,PROX AORESTAURANTE BOI NORTE GRILL. LADO OPOSTO A ACADEMIA DA CIDADE.,AV NORTE,,PROX AORESTAURANTE BOI NORTE GRILL. LADO OPOSTO A ACADEMIA DA CIDADE.,MACAXEIRA,COLISÃO TRASEIRA,TRÊS AUTOS E UM CAMINHÃO.,3,,,,,,1,,,1,,,CIDADE,Longo da via,Bom,Não existe,Perfeito estado,Seca,Perfeito estado,Não existe,Não há placas,60 km/h,Dupla,Canteiro central,,,,
2019-09-25,09:14:00,COM VÍTIMA,FINALIZADA,BONGI,RUA SANTA EDWIRGES,3,295,RUA PADRE TEOFILO TWORZ,RUA DA IGREJA PRESBITERIANA DO PREDO / RUA DO CANAL,RUA SANTA EDWIRGES,295,RUA DA IGREJA PRESBITERIANA DO PREDO / RUA DO CANAL,BONGI,ABALROAMENTO TRANSVERSAL,MOTO E AUTO,1,1,,,,,,,,1,,,CIDADE,Cruzamento,Bom,Não existe,Ilegível,Seca,Mal conservada,Outros,Outras,,Única,Não existe,,,,
2019-09-25,09:57:00,COM VÍTIMA,FINALIZADA,SANTO AMARO,AV DR JAYME DA FONTE,3,420,,EM FRENTE A COMPESA/NO RETORNO,AV DR JAYME DA FONTE,420,EM FRENTE A COMPESA/NO RETORNO,SANTO AMARO,ABALROAMENTO TRANSVERSAL,AUTO E MOTO. HOUVE EVASÃO DE UMA DAS PARTES ENVOLVIDAS.,1,1,,,,,,,,1,,,SUBURBIO,Longo da via,Bom,Não existe,Perfeito estado,Seca,Perfeito estado,Não existe,Não há placas,,Dupla,Canteiro central,,,,
2019-09-25,11:21:00,COM VÍTIMA,FINALIZADA,AFOGADOS,PTE DO MOTOCOLOMBO,0,,,SOBRE A PONTE.,PTE DO MOTOCOLOMBO,,SOBRE A PONTE.,AFOGADOS,COLISÃO TRASEIRA,COLISAO ENTRE CAMINHÃO E DUAS MOTOS,,2,,,,,1,,,2,,,CIDADE,Ponte,Bom,Sem defeito,Perfeito estado,Seca,Perfeito estado,Outros,Outras,60 km/h,Única,Canteiro central,,,,
2019-09-25,15:46:00,COM VÍTIMA,FINALIZADA,IMBIRIBEIRA,AV MARECHAL MASCARENHAS DE MORAES,4,4080,,LADO OPOSTO A VENEZA MATERIAL DE CONSTRUÇÃO.,AV MARECHAL MASCARENHAS DE MORAES,4080,LADO OPOSTO A VENEZA MATERIAL DE CONSTRUÇÃO.,IMBIRIBEIRA,ABALROAMENTO TRANSVERSAL,COLISAO ENTRE AUTO E MOTO COM UMA VITIMA,1,1,,,,,,,,1,,310,SUBURBIO,Longo da via,Bom,Sem defeito,Perfeito estado,Seca,Perfeito estado,Outros,R-6a,,Dupla,Faixa seccionada,Canteiro central,,,
2019-09-25,20:50:00,COM VÍTIMA,FINALIZADA,ARRUDA,RUA MEM DE SA,3,234,,E/F A COCA COLA,RUA MEM DE SA,234,E/F A COCA COLA,ARRUDA,ABALROAMENTO LONGITUDINAL,AUTO E MOTO.,1,1,,,,,,,,1,,,CIDADE,Longo da via,Bom,Sem defeito,Não existente,Seca,Perfeito estado,Não existe,Não há placas,,,Não existe,,,,
2019-09-26,01:37:00,COM VÍTIMA,FINALIZADA,BOA VIAGEM,RUA BARAO DE SOUZA LEAO,0,,RUA RIO AZUL,EM FRENTE AO MERCADO TREVO,RUA BARAO DE SOUZA LEAO,,EM FRENTE AO MERCADO TREVO,BOA VIAGEM,ABALROAMENTO TRANSVERSAL,COLISÃO ENTRE DOIS AUTOS  C/V.,2,,,,,,,,,1,,,CIDADE,Cruzamento,Bom,Sem defeito,Incompleta,Seca,Perfeito estado,,Outras,,Única,Faixa seccionada,,,,
2019-09-26,08:18:00,COM VÍTIMA,FINALIZADA,PINA,AV ENGENHEIRO DOMINGOS FERREIRA,2,40,,EM FRENTE AO ARMAZEM BEIRA MAR,AV ENGENHEIRO DOMINGOS FERREIRA,40,EM FRENTE AO ARMAZEM BEIRA MAR,PINA,ABALROAMENTO LONGITUDINAL,AUTO E MOTO,1,1,,,,,,,,1,,,SUBURBIO,Longo da via,Bom,Sem defeito,Perfeito estado,Seca,Perfeito estado,Não existe,Não há placas,60 km/h,Única,Faixa contínua,,,,
2019-09-26,15:34:00,COM VÍTIMA,FINALIZADA,IPSEP,AV RECIFE,4,2309,,MARTELINHO DE OURO.,AV RECIFE,2309,MARTELINHO DE OURO.,IPSEP,ABALROAMENTO LONGITUDINAL,AUTO E MOTO COM UMA VÍTIMA,1,1,,,,,,,,1,,16,SUBURBIO,Longo da via,Bom,Sem defeito,Perfeito estado,Seca,Mal conservada,Agente,R-6a,60 km/h,Dupla,Canteiro central,,,,
2019-09-26,16:35:00,COM VÍTIMA,FINALIZADA,BONGI,AV ENGENHEIRO ABDIAS DE CARVALHO,0,,RUA TIJUCAS,E/F A PRAÇA DA CHESF S/T SUB,AV ENGENHEIRO ABDIAS DE CARVALHO,,E/F A PRAÇA DA CHESF S/T SUB,BONGI,COLISÃO COM CICLISTA,COLISAO ENTRE AUTO E CICLISTA COM UMA VITIMA,1,,,1,,,,,,1,,,,Cruzamento,Bom,Sem defeito,Perfeito estado,Seca,Perfeito estado,Faixa de pedestre,R-4a,,Dupla,Canteiro central,,,,
2019-10-04,14:57:00,COM VÍTIMA,FINALIZADA,PAISSANDU,AV GOVERNADOR AGAMENON MAGALHAES,4,4386,,EM FRENTE A CLINICA VIP SAÚDE.,,,,,COLISÃO TRASEIRA,UMA MOTOCICLETA ENVOLVIDA  SEM INFORMAÇÕES DO OUTRO VEÍCULO (CONFORME BOLETIM FÍSICO).,,1,,,,,,,,1,,,BOA VIAGEM,Longo da via,Bom,Não existe,Perfeito estado,Seca,Perfeito estado,Outros,Outras,60 km/h,Dupla,Canteiro central,,,,
2019-09-27,09:50:00,COM VÍTIMA,FINALIZADA,TORRE,RUA PROFESSOR TRAJANO DE MENDONCA,3,320,RUA FLORIANO FRANCISCO DE OLIVEIRA,DEPOIS DO ATACADÃO  EM FRENTE AO DOM GALETU'S DELIVERY,RUA PROFESSOR TRAJANO DE MENDONCA,320,DEPOIS DO ATACADÃO  EM FRENTE AO DOM GALETU'S DELIVERY,TORRE,ABALROAMENTO LONGITUDINAL,O PRIMEIRO CARRO (-) QUE SE EVADIO PAROU O CARRO EM PLENA A AVENIDA PARA TENTAR ENTRAR A ESQUERDA  CAUSANDO A COLISÃO DA MOTO COM O SEGUNDO CARRO.,2,,,,,,,,,2,,,SUBURBIO,Esquina,Bom,Não existe,Perfeito estado,Seca,Perfeito estado,Não existe,Outras,,Única,Não existe,,,,
2019-09-27,10:39:00,COM VÍTIMA,FINALIZADA,VARZEA,AV AFONSO OLINDENSE,4,1060,RUA DIVINOLANDIA,EM FRENTE A LOJA BELA NATI  PROXIMA A LOMBADA ELETRONICA,AV AFONSO OLINDENSE,1060,EM FRENTE A LOJA BELA NATI  PROXIMA A LOMBADA ELETRONICA,VÁRZEA,COLISÃO COM CICLISTA,COLISÃO DE UM CARRO COM UM CICLISTA,1,,,1,,,,,,1,,,SUBURBIO,Cruzamento,Bom,Não existe,Perfeito estado,Seca,Perfeito estado,Outros,Placas Pare,40 km/h,Dupla,Faixa contínua,Faixa seccionada,,,
2019-09-27,12:58:00,COM VÍTIMA,FINALIZADA,CORDEIRO,AV GENERAL SAN MARTIN,0,,,EM FRENTE AOS CORREIOS,AV GENERAL SAN MARTIN,,EM FRENTE AOS CORREIOS,CORDEIRO,ABALROAMENTO TRANSVERSAL,COLISÃO C/VITIMA ENTRE UMA MOTO E UM CARRO,1,1,,,,,,,,1,,,CIDADE,Longo da via,Bom,Não existe,Perfeito estado,Seca,Perfeito estado,Agente,Não há placas,,Dupla,Faixa contínua,,,,
2019-09-27,13:16:00,COM VÍTIMA,FINALIZADA,CORDEIRO,AV CAXANGA,0,,AV INACIO MONTEIRO,LADO OPOSTO A FARMACIA DROGASIL,AV CAXANGA,,LADO OPOSTO A FARMACIA DROGASIL,CORDEIRO,COLISÃO COM CICLISTA,COLISÃO C/VITIMA ENTRE UM CARRO E UMA BICICLETA,1,,,1,,,,,,1,,234,CIDADE,Cruzamento,Bom,Sem defeito,Perfeito estado,Seca,Perfeito estado,Faixa de pedestre,,60 km/h,Dupla,Canteiro central,,,,
2019-09-27,14:31:00,COM VÍTIMA,FINALIZADA,MADALENA,AV BEIRA RIO,4,1059,,EDIFICIO IARUGA,AV BEIRA RIO,1059,EDIFICIO IARUGA,MADALENA,ABALROAMENTO LONGITUDINAL,COLISÃO COM VÍTIMA,1,1,,,,,,,,1,,,SUBURBIO,Longo da via,Bom,Não existe,Perfeito estado,Seca,Perfeito estado,,R-6c,,Única,Faixa contínua,Faixa seccionada,,,
2019-09-27,15:37:00,COM VÍTIMA,FINALIZADA,TEJIPIO,RUA DO SANCHO,2,90,,PROX. DA ESTAÇÃO TEJIPIO,RUA DO SANCHO,90,PROX. DA ESTAÇÃO TEJIPIO,TEJIPIÓ,COLISÃO COM CICLISTA,COLISÃO COM VITIMA/ SAMU NO LOCAL,1,,,1,,,,,,1,,,SUBURBIO,Longo da via,Bom,Não existe,Perfeito estado,Seca,Perfeito estado,Outros,Outras,,Dupla,Não existe,,,,
2019-09-27,17:40:00,COM VÍTIMA,FINALIZADA,DERBY,AV GOVERNADOR AGAMENON MAGALHAES,0,,,EM FRENTE AO BANCO DO BRASIL. FAIXA PRINCIPAL.,AV GOVERNADOR AGAMENON MAGALHAES,,EM FRENTE AO BANCO DO BRASIL. FAIXA PRINCIPAL.,DERBY,ABALROAMENTO LONGITUDINAL,COLISAO ENTRE AUTO E MOTO COM UMA VITIMA,1,1,,,,,,,,1,,,NORTE,Longo da via,Bom,Não existe,Perfeito estado,Seca,Perfeito estado,Outros,R-19,60 km/h,Dupla,Canal,,,,
2019-09-27,18:21:00,COM VÍTIMA,FINALIZADA,SANTO AMARO,RUA DOS PALMARES,3,189,,ACIDENTE DE PERCURSO. CICLISTA CAIU DA BICICLETA.,RUA DOS PALMARES,189,ACIDENTE DE PERCURSO. CICLISTA CAIU DA BICICLETA.,SANTO AMARO,ACID. DE PERCURSO,,,,,1,,,,,,1,,,,Outros,Bom,Não existe,Perfeito estado,Seca,Perfeito estado,Não existe,R-34,,Dupla,Canteiro central,,,,
2019-09-28,08:31:00,COM VÍTIMA,FINALIZADA,JARDIM SAO PAULO,RUA LEANDRO BARRETO,0,,RUA LORENA,EM FRENTE A ACADEMIA WM,RUA LEANDRO BARRETO,,EM FRENTE A ACADEMIA WM,JARDIM SÃO PAULO,COLISÃO,COLISÃO COM VITIMA SOCORRIDA PELO SAMU OBS CONDUTOR DO AUTO PASSEIO SE EVADIU DO LOCAL,1,1,,,,,,,,1,,,SUBURBIO,Esquina,Bom,Não existe,Incompleta,Seca,Perfeito estado,,Outras,,Dupla,Não existe,,,,
2019-09-28,09:38:00,COM VÍTIMA,FINALIZADA,ARRUDA,RUA DAS MOCAS,4,1176,,EM FRENTE A PIZZARIA ATLANTICA,RUA DAS MOCAS,1176,EM FRENTE A PIZZARIA ATLANTICA,ARRUDA,ABALROAMENTO LONGITUDINAL,DOIS AUTOS E UMA CARROÇA CHICO CITY,3,,,,,,,,,1,,,CIDADE,Longo da via,Bom,Não existe,Perfeito estado,Seca,Perfeito estado,Não existe,Não há placas,40 km/h,Dupla,Faixa seccionada,,,,
2019-09-28,12:21:00,COM VÍTIMA,FINALIZADA,ILHA DO RETIRO,AV JOSE GONCALVES DE MEDEIROS,0,,AV ENGENHEIRO ABDIAS DE CARVALHO,E/F A MC DONALD´S S/T,AV JOSE GONCALVES DE MEDEIROS,,E/F A MC DONALD´S S/T,ILHA DO RETIRO,ACID. DE PERCURSO,[[[,,1,,,,,,,,1,,,CIDADE,Longo da via,Bom,Sem defeito,Ilegível,Seca,Perfeito estado,Não existe,Outras,40 km/h,Dupla,Não existe,,,,
2019-09-28,12:22:00,COM VÍTIMA,FINALIZADA,IMBIRIBEIRA,AV MARECHAL MASCARENHAS DE MORAES,0,,,LADO OPOSTO AO AEROPORTO/ SENTIDO CIDADE (VIA LOCAL SOBRE A LINHA FERREA),AV MARECHAL MASCARENHAS DE MORAES,,LADO OPOSTO AO AEROPORTO/ SENTIDO CIDADE (VIA LOCAL SOBRE A LINHA FERREA),IMBIRIBEIRA,COLISÃO TRASEIRA,COLISÃO COM VÍTIMA,1,,1,,,,,,,1,,,,Longo da via,Bom,Não existe,Não existente,Seca,Perfeito estado,,Não há placas,60 km/h,Única,Canteiro central,,,,
2019-09-28,15:05:00,COM VÍTIMA,FINALIZADA,AFOGADOS,RUA NICOLAU PEREIRA,3,410,,EM FRENTE AO ARAMAZEM CORAL,RUA NICOLAU PEREIRA,410,EM FRENTE AO ARAMAZEM CORAL,AFOGADOS,ABALROAMENTO LONGITUDINAL,COLISÃO COM VÍTIMA,,1,,,,,,,,1,,,CIDADE,Longo da via,Bom,Não existe,Perfeito estado,Seca,Perfeito estado,Não existe,R-6a,,Única,Faixa seccionada,,,,
2019-09-28,21:24:00,COM VÍTIMA,FINALIZADA,CAMPO GRANDE,RUA ODORICO MENDES,0,,RUA VISCONDE DE CAIRU,PRÓX AO CLUBE DAS PÁS  SNT CID,RUA ODORICO MENDES,,PRÓX AO CLUBE DAS PÁS  SNT CID,CAMPO GRANDE,ABALROAMENTO TRANSVERSAL,ENTRE AUTO E MOTO. C/V,1,1,,,,,,,,1,,,SUBURBIO,Cruzamento,Bom,Não existe,Perfeito estado,Seca,Perfeito estado,Faixa de retenção,Placas Pare,,Dupla,Faixa seccionada,,,,
2019-09-28,22:59:00,COM VÍTIMA,FINALIZADA,SANTO AMARO,RUA DOS PALMARES,0,,,ENF. AO PROCAP,RUA DOS PALMARES,,ENF. AO PROCAP,SANTO AMARO,CHOQUE,MOTORISTA ALCOOLIZADO CHOCA VEICULO NO POSTE OBS: POSTO COM TRANSFORMADOR INCLINADO PARA VIA,1,,,,,,,,1,1,,,SUBURBIO,Longo da via,Bom,Não existe,Perfeito estado,Seca,Mal iluminada,Outros,Outras,,Dupla,Faixa seccionada,,,,
2019-09-29,00:36:00,COM VÍTIMA,FINALIZADA,IBURA,RUA VALE DO ITAJAI,3,107,,HA 100 METROS DA UPA LAGOA ENCANTADA,RUA VALE DO ITAJAI,107,HA 100 METROS DA UPA LAGOA ENCANTADA,IBURA,ABALROAMENTO LONGITUDINAL,COLISÃO DUAS MOTOS - COM DUAS VITIMAS,,2,,,,,,,,1,,,SUBURBIO,Longo da via,Bom,Não existe,Incompleta,Seca,Perfeito estado,,Não há placas,30 km/h,Dupla,Não existe,,,,
2019-09-29,01:22:00,COM VÍTIMA,FINALIZADA,BOA VIAGEM,AV CONSELHEIRO AGUIAR,4,2696,RUA PROFESSOR JOSE BRANDAO,EM FRENTE A FARMACIA EXTRA FARMA,AV CONSELHEIRO AGUIAR,2696,EM FRENTE A FARMACIA EXTRA FARMA,BOA VIAGEM,ABALROAMENTO TRANSVERSAL,COLISÃO AUTO X MOTO - COM UMA VITIMA SENDO SOCORRIDA PELO SAMU,1,1,,,,,,,,1,,549,C,Cruzamento,Bom,Sem defeito,Perfeito estado,Seca,Perfeito estado,Faixa de pedestre,R-6a,,Única,Faixa contínua,,,,
2019-09-29,01:47:00,COM VÍTIMA,FINALIZADA,SAN MARTIN,RUA VINTE E UM DE ABRIL,4,2320,,EM FRENTE A NIDA MODAS/SENTIDO GIRADOURO DE SAN MARTIN,RUA VINTE E UM DE ABRIL,2320,EM FRENTE A NIDA MODAS/SENTIDO GIRADOURO DE SAN MARTIN,SAN MARTIN,COLISÃO COM CICLISTA,COM TRES VITIMAS AGUARDANDO SAMU COLISÃO MOTO E BICICLETA,,1,,1,,,,,,3,,,,,,,,,,,,,,,,,,
2019-09-29,17:46:00,COM VÍTIMA,FINALIZADA,IBURA,AV DOIS RIOS,0,,LAD DA COHAB,EM FRENTE DA POLICLINICA,AV DOIS RIOS,,EM FRENTE DA POLICLINICA,IBURA,ABALROAMENTO LONGITUDINAL,COLISÃO COM VITIMA/ SAMU NO LOCAL,,1,,,,1,,,,1,,,,Longo da via,Bom,Não existe,Incompleta,Seca,Mal iluminada,Não existe,Outras,,Dupla,Faixa contínua,,,,
2019-09-29,21:30:00,COM VÍTIMA,FINALIZADA,MADALENA,RUA REAL DA TORRE,3,292,,APÓS O MERCADO DA MADALENA/ E/F AO CENTRO DE FORMAÇÃO DE EDUCADORES,RUA REAL DA TORRE,292,APÓS O MERCADO DA MADALENA/ E/F AO CENTRO DE FORMAÇÃO DE EDUCADORES,MADALENA,COLISÃO TRASEIRA,MOTO X AUTO PASSEIO COM VÍTIMA,1,1,,,,,,,,1,,,SUBURBIO,Longo da via,Bom,Não existe,Perfeito estado,Seca,Perfeito estado,Outros,Outras,50 km/h,Única,Faixa seccionada,,,,
2019-09-30,07:18:00,COM VÍTIMA,FINALIZADA,AFOGADOS,RUA VINTE E UM DE ABRIL,0,,RUA VISCONDE DE PELOTAS,E/F LOJA PIPOQUEIRA,RUA VINTE E UM DE ABRIL,,E/F LOJA PIPOQUEIRA,AFOGADOS,COLISÃO COM CICLISTA,AUTO E CICLISTA,1,,,1,,,,,,1,,334,,Cruzamento,Bom,Sem defeito,Perfeito estado,Seca,Perfeito estado,Faixa de pedestre,R-6a,,Única,Não existe,,,,
2019-09-30,07:39:00,COM VÍTIMA,FINALIZADA,MACAXEIRA,AV NORTE,4,7487,RUA TIJUCAL,EM FRENTE A ESCOLA TECNICA MIGUEL BATISTA,AV NORTE,7487,EM FRENTE A ESCOLA TECNICA MIGUEL BATISTA,MACAXEIRA,COLISÃO TRASEIRA,ENTRE DOIS AUTOS PASSEIO  COM UMA VITIMA SAMU NO LOCAL,2,,,,,,,,,1,,451,CIDADE,Longo da via,Bom,Sem defeito,Perfeito estado,Seca,Perfeito estado,Outros,R-6a,,Dupla,Faixa contínua,Canteiro central,,,
2019-09-30,08:53:00,COM VÍTIMA,FINALIZADA,SAO JOSE,AV DANTAS BARRETO,0,,,EM FRENTE AO TERMINAL DE ONIBUS DA 1002,AV DANTAS BARRETO,,EM FRENTE AO TERMINAL DE ONIBUS DA 1002,SÃO JOSÉ,ABALROAMENTO LONGITUDINAL,COLISÃO COM VITIMA SOCORRIDOS PELO SAMU,1,1,,,,,,,,1,,,CIDADE,Longo da via,Bom,Não existe,Perfeito estado,Seca,Perfeito estado,Não existe,Não há placas,,Dupla,Canteiro central,,,,
2019-09-30,10:01:00,COM VÍTIMA,FINALIZADA,SANTO AMARO,RUA TREZE DE MAIO,3,954,RUA FREI CASSIMIRO,EM FRENTE A BORRACHARIA MODESTO BORRACHARIA,RUA TREZE DE MAIO,954,EM FRENTE A BORRACHARIA MODESTO BORRACHARIA,SANTO AMARO,ABALROAMENTO LONGITUDINAL,COLISÃO DE UM CARRO COM UMA MOTO. / LOCAL DESCARACTERIZADO.,1,1,,,,,,,,1,,,SUBURBIO,Cruzamento,Bom,Não existe,Perfeito estado,Seca,Perfeito estado,Outros,Outras,60 km/h,Dupla,Faixa contínua,,,,
2019-09-30,12:37:00,COM VÍTIMA,FINALIZADA,BOA VISTA,RUA JOSE DE ALENCAR,3,438,,EM FRENTE A DEFENSORIA PUBLICA,RUA JOSE DE ALENCAR,438,EM FRENTE A DEFENSORIA PUBLICA,BOA VISTA,ATROPELAMENTO,AUTO E PEDESTRE,1,,,,1,,,,,1,,,CIDADE,Longo da via,Bom,Não existe,Perfeito estado,Seca,Perfeito estado,Não existe,Não há placas,,Única,Não existe,,,,
2019-09-30,18:36:00,COM VÍTIMA,FINALIZADA,IPSEP,RUA PAMPULHA,0,,RUA CACHOEIRA,,RUA PAMPULHA,,,IPSEP,ABALROAMENTO TRANSVERSAL,COLISAO ENVOLVENDO DOIS AUTOS,2,,,,,,,,,1,,,,Cruzamento,Bom,Não existe,Perfeito estado,Seca,Perfeito estado,Não existe,Placas Pare,,Única,Faixa contínua,Faixa seccionada,,,
2019-09-30,18:36:00,COM VÍTIMA,FINALIZADA,VARZEA,AV PROFESSOR ARTUR DE SA,3,572,,CEMITERIO DA VÁRZEA,AV PROFESSOR ARTUR DE SA,572,CEMITERIO DA VÁRZEA,VÁRZEA,ABALROAMENTO LONGITUDINAL,COLISÃO COM VITIMA / AGUARDANDO SAMU NO LOCAL,1,1,,,,,,,,1,,,SUBURBIO,Longo da via,Bom,Não existe,Ilegível,Seca,Perfeito estado,Não existe,Não há placas,,Dupla,Faixa seccionada,,,,
2019-10-01,07:07:00,COM VÍTIMA,FINALIZADA,SAO JOSE,AV SUL,3,457,,PROX A SAIDA DO GALO EM FRENTE AO POSTO DE GASOLINA PETROBRÁS.,AV SUL,457,PROX A SAIDA DO GALO EM FRENTE AO POSTO DE GASOLINA PETROBRÁS.,SÃO JOSÉ,ABALROAMENTO LONGITUDINAL,AUTO E MOTO,1,1,,,,,,,,1,,,CIDADE,Longo da via,Bom,Não existe,Não existente,Seca,Perfeito estado,Não existe,Não há placas,60 km/h,Única,Faixa seccionada,,,,
2019-10-01,08:26:00,COM VÍTIMA,FINALIZADA,IBURA,AV DOM HELDER CAMARA,3,351,,NA LINHA DO TREM ( NOS TRILHOS),AV DOM HELDER CAMARA,351,NA LINHA DO TREM ( NOS TRILHOS),IBURA,COLISÃO TRASEIRA,MOTOCICLETA ENVOLVIDA NO ACIDENTE COM UM SEGUNDO VEÍCULO NÃO IDENTIFICADO POR TER SE EVADIDO DO LOCAL.,1,1,,,,,,,,1,,,,Longo da via,Bom,Não existe,Não existente,Seca,Mal conservada,Não existe,Não há placas,40 km/h,Dupla,Canteiro central,,,,
2019-10-01,08:28:00,COM VÍTIMA,FINALIZADA,CAXANGA,AV CAXANGA,4,4435,,EM FRENTE AO BOI E BRASA,AV CAXANGA,4435,EM FRENTE AO BOI E BRASA,CAXANGÁ,COLISÃO TRASEIRA,AUTO E MOTO,1,1,,,,,,,,1,,230,CIDADE,Longo da via,Bom,Sem defeito,Perfeito estado,Seca,Perfeito estado,Faixa de retenção,Outras,,Dupla,Canteiro central,,,,