data,hora,natureza_acidente,situacao,bairro,endereco,,numero,detalhe_endereco_acidente,complemento,endereco_cruzamento,numero_cruzamento,referencia_cruzamento,bairro_cruzamento,tipo,descricao,auto,moto,ciclom,ciclista,pedestre,onibus,caminhao,viatura,outros,vitimas,vitimasfatais,num_semaforo,sentido_via,acidente_verificado,tempo_clima,situacao_semaforo,sinalizacao,condicao_via,conservacao_via,ponto_controle,situacao_placa,velocidade_max_via,mao_direcao,divisao_via1,divisao_via2,divisao_via3,_id,Protocolo
2019-10-01,10:03:00,COM VÍTIMA,FINALIZADA,IBURA,RUA RIO TAPADO,0,,,EM FRENTE EMPRESA ECO ESTAÇÃO. ALÇA DE SAÍDA DA BR 101.,RUA RIO TAPADO,,EM FRENTE EMPRESA ECO ESTAÇÃO. ALÇA DE SAÍDA DA BR 101.,IBURA,CHOQUE OBJETO FIXO,VITIMA SOCORRIDA PELO SAMU,1,,,,,,,,,1,,,SUBURBIO,Longo da via,Bom,Não existe,Não existente,Seca,Perfeito estado,Não existe,Não há placas,,Única,Não existe,,,,
2019-10-01,13:36:00,COM VÍTIMA,FINALIZADA,JARDIM SAO PAULO,RUA JOSE NATARIO,2,52,,EM FRENTE A PREVIDENCIA SOCIAL E AO LADO DA IGREJA PRESBITERIANA.,RUA JOSE NATARIO,52,EM FRENTE A PREVIDENCIA SOCIAL E AO LADO DA IGREJA PRESBITERIANA.,JARDIM SÃO PAULO,COLISÃO,CAMINHÃO E CARROÇA,,,,,,,1,,1,1,,,SUBURBIO,Longo da via,Bom,Sem defeito,Perfeito estado,Seca,Perfeito estado,Outros,Outras,50 km/h,Única,Faixa seccionada,,,,
2019-10-01,16:49:00,COM VÍTIMA,FINALIZADA,ROSARINHO,RUA TELES JUNIOR,0,,AV SANTOS DUMONT,EM FRENTE A EXTRAFARMA,RUA TELES JUNIOR,,EM FRENTE A EXTRAFARMA,ROSARINHO,ABALROAMENTO LONGITUDINAL,COLISÃO COM VÍTIMA,1,1,,,,,,,,2,,,,Cruzamento,Bom,Não existe,Perfeito estado,Seca,Perfeito estado,Não existe,R-6a,,Única,Não existe,,,,
2019-10-01,18:18:00,COM VÍTIMA,FINALIZADA,VARZEA,RUA BARAO DE MURIBECA,3,115,,ESCOLA MUNICIPAL DE ARTES JOÃO PERNAMBUCO.,RUA BARAO DE MURIBECA,115,ESCOLA MUNICIPAL DE ARTES JOÃO PERNAMBUCO.,VÁRZEA,ATROPELAMENTO,MOTO E PEDESTRE.,,1,,,1,,,,,1,,,,Longo da via,Bom,Não existe,Perfeito estado,Seca,Perfeito estado,Não existe,Não há placas,,Dupla,Faixa seccionada,,,,
2019-10-01,18:23:00,COM VÍTIMA,FINALIZADA,IPSEP,AV RECIFE,0,,,LADO OPOSTO AO MARTELINHO DE OURO,AV RECIFE,,LADO OPOSTO AO MARTELINHO DE OURO,IPSEP,ABALROAMENTO LONGITUDINAL,MOTO X 2 AUTO,2,1,,,,,,,,1,,,SUBURBIO,Longo da via,Bom,Sem defeito,Perfeito estado,Seca,Perfeito estado,Outros,Outras,60 km/h,Dupla,Canteiro central,,,,
2019-10-01,18:34:00,COM VÍTIMA,FINALIZADA,RECIFE,C SANTA RITA,0,,,AO LADO OPOSTO AO GALPAO AGEMAR,C SANTA RITA,,AO LADO OPOSTO AO GALPAO AGEMAR,BAIRRO DO RECIFE,TOMBAMENTO,MOTOQUEIRO DERRAPOU NA JUNÇAO DA PISTA COM A LINHA DO TREM,,1,,,,,,,,1,,76,CIDADE,Longo da via,Bom,Sem defeito,Perfeito estado,Seca,Perfeito estado,Não existe,Não há placas,60 km/h,Dupla,Canteiro central,,,,
2019-10-02,06:52:00,COM VÍTIMA,FINALIZADA,APIPUCOS,RUA DE APIPUCOS,3,193,,EM FRENTE AO EDF. JARDINS APIPUCOS,RUA DE APIPUCOS,193,EM FRENTE AO EDF. JARDINS APIPUCOS,APIPUCOS,ABALROAMENTO TRANSVERSAL,AUTO E MOTO.,1,1,,,,,,,,1,,,,Longo da via,Bom,Não existe,Incompleta,Seca,,Não existe,R-6a,,Dupla,Faixa contínua,,,,
2019-10-02,07:03:00,COM VÍTIMA,FINALIZADA,APIPUCOS,RUA DE APIPUCOS,4,1230,RUA CAETES,,RUA DE APIPUCOS,1230,,APIPUCOS,ATROPELAMENTO,AUTO E PEDESTRE,1,,,,1,,,,,1,,248,SUBURBIO,Longo da via,Bom,Sem defeito,Perfeito estado,Seca,Perfeito estado,Faixa de pedestre,Outras,,Dupla,Faixa contínua,,,,
2019-10-02,09:27:00,COM VÍTIMA,FINALIZADA,IMBIRIBEIRA,RUA DEZ DE JULHO,0,,AV VINTE E TRES DE OUTUBRO,SOB A ESTAÇÃO DO METRO,RUA DEZ DE JULHO,,SOB A ESTAÇÃO DO METRO,IMBIRIBEIRA,ATROPELAMENTO,AUTO E PEDESTRE,1,,,,1,,,,,1,,,CIDADE,Longo da via,Bom,Não existe,Incompleta,Seca,Perfeito estado,Não existe,Outras,,Única,Faixa seccionada,,,,
2019-10-02,11:17:00,VÍTIMA FATAL,FINALIZADA,IPUTINGA,RUA MAURICIO DE NASSAU,0,,,,RUA MAURICIO DE NASSAU,,,IPUTINGA,COLISÃO COM CICLISTA,CAMINHÃO E CICLISTA,,,,1,,,,,,1,1,,,,,,,,,,,,,,,,,
2019-10-02,12:36:00,COM VÍTIMA,FINALIZADA,ILHA JOANA BEZERRA,RUA CAPITAO TEMUDO,0,,1SB DA BRASILEIRA,SOBRE O VIADUTO CAPITAO TEMUDO S/T OLINDA,VIADUTO CAPITAO TEMUDO,,SOBRE O VIADUTO CAPITAO TEMUDO S/T OLINDA,JOANA BEZERRA,COLISÃO,COLISAO ENTRE AUTO E MOTO COM UMA VITIMA,1,1,,,,,,,,1,,,,,,,,,,,,,,,,,,
2019-10-02,15:19:00,COM VÍTIMA,FINALIZADA,CORDEIRO,AV CAXANGA,4,1592,,AO LADO DO HOSP. GERTULIO VARGAS  SENTIDO OPOSTO DO BANCO ITAU,AV CAXANGA,1592,AO LADO DO HOSP. GERTULIO VARGAS  SENTIDO OPOSTO DO BANCO ITAU,CORDEIRO,COLISÃO TRASEIRA,COLISÃO ENTRE DUAS MOTOS,,2,,,,,,,,1,,,SUBURBIO,Longo da via,Bom,Não existe,Perfeito estado,Seca,Perfeito estado,Não existe,Outras,,Dupla,Faixa contínua,Faixa seccionada,Canteiro central,,
2019-10-02,17:10:00,COM VÍTIMA,FINALIZADA,AFOGADOS,RUA SAO MIGUEL,4,1541,,EM FRENTE AO ARMAZEM CORAL. LADO OPOSTO AO NÚMERO INFORMADO.,RUA SAO MIGUEL,1541,EM FRENTE AO ARMAZEM CORAL. LADO OPOSTO AO NÚMERO INFORMADO.,AFOGADOS,ABALROAMENTO TRANSVERSAL,AUTO PASSEIO X MOTO COM UMA VÍTIMA,1,1,,,,,,,,1,,,,Longo da via,Bom,Não existe,Não existente,Seca,Perfeito estado,Não existe,Não há placas,60 km/h,Dupla,Faixa contínua,,,,
2019-10-02,19:21:00,COM VÍTIMA,FINALIZADA,BOA VIAGEM,RUA ERNESTO DE PAULA SANTOS,0,,RUA AMALIA BERNARDINO DE SOUZA,E/F AO POSTO BR E FACULDADE UNINASSAU,RUA ERNESTO DE PAULA SANTOS,,E/F AO POSTO BR E FACULDADE UNINASSAU,BOA VIAGEM,ABALROAMENTO TRANSVERSAL,AUTO E MOTO.,1,1,,,,,,,,1,,,SUBURBIO,Cruzamento,Bom,Não existe,Ilegível,Seca,Perfeito estado,Não existe,R-6a,,Única,Faixa seccionada,,,,
2019-10-03,08:29:00,COM VÍTIMA,FINALIZADA,CASA AMARELA,RUA BELA VISTA,3,152,RUA OSCAR PINTO,AO LADO DA PADARIA BELA VISTA DELICATESSEN.,RUA BELA VISTA,152,AO LADO DA PADARIA BELA VISTA DELICATESSEN.,CASA AMARELA,ABALROAMENTO TRANSVERSAL,AUTO E MOTO,1,1,,,,,,,,1,,,SUBURBIO,Cruzamento,Bom,Não existe,Perfeito estado,Seca,Perfeito estado,,,,Dupla,,,,,
2019-10-03,12:26:00,COM VÍTIMA,FINALIZADA,SANTO AMARO,AV VISCONDE DE SUASSUNA,3,372,,PROX. DO SENAC,AV VISCONDE DE SUASSUNA,372,PROX. DO SENAC,SANTO AMARO,ATROPELAMENTO,PEDESTRE E ONIBUS,,,,,1,1,,,,1,,,SUBURBIO,Longo da via,Bom,Sem defeito,Perfeito estado,Seca,Perfeito estado,Outros,Outras,40 km/h,Única,Faixa,,,,
2019-10-03,12:38:00,COM VÍTIMA,FINALIZADA,APIPUCOS,RUA DOIS IRMAOS,3,484,,50 METROS ANTES DO MOTEL SENZALA (SENT. DOIS IRMÃOS). ROSE BELTRÃO.,RUA DOIS IRMAOS,484,50 METROS ANTES DO MOTEL SENZALA (SENT. DOIS IRMÃOS). ROSE BELTRÃO.,APIPUCOS,COLISÃO FRONTAL,COLISÃO C/VITIMAS ENTRE QUATRO CARROS,4,,,,,,,,,1,,416,SUBURBIO,Longo da via,Bom,Não existe,Perfeito estado,Seca,Perfeito estado,Agente,Não há placas,40 km/h,Dupla,Faixa contínua,,,,
2019-10-03,15:04:00,COM VÍTIMA,FINALIZADA,SAO JOSE,AV SUL,0,,,PROX. AO QUARTEL 7º DESUPE. NO PONTILHÃO.,AV SUL,,PROX. AO QUARTEL 7º DESUPE. NO PONTILHÃO.,SÃO JOSÉ,COLISÃO FRONTAL,MOTO E ÔNIBUS.,,1,,,,1,,,,1,,260,CIDADE,Longo da via,Bom,Sem defeito,Perfeito estado,Seca,Perfeito estado,Não existe,Não há placas,,Dupla,Canteiro central,,,,
2019-10-03,15:46:00,COM VÍTIMA,FINALIZADA,IMBIRIBEIRA,AV MARECHAL MASCARENHAS DE MORAES,4,4204,,LADO OPOSTO A UPA DA IMBIRIBEIRA,AV MARECHAL MASCARENHAS DE MORAES,4204,LADO OPOSTO A UPA DA IMBIRIBEIRA,IMBIRIBEIRA,COLISÃO FRONTAL,DUAS MOTOS.,,2,,,,,,,,2,,,SUBURBIO,Longo da via,Bom,Sem defeito,Perfeito estado,Seca,Perfeito estado,Outros,Outras,60 km/h,Dupla,Canteiro central,,,,
2019-10-03,18:33:00,COM VÍTIMA,FINALIZADA,CASA AMARELA,EST DO ARRAIAL,0,,RUA PAULA BATISTA,PRÓX AO MERCADO DE CASA AMARELA,EST DO ARRAIAL,,PRÓX AO MERCADO DE CASA AMARELA,CASA AMARELA,ATROPELAMENTO,ATROPELAMENTO ENVOLVENDO UMA SENHORA DE 62 ANOS DE IDADE. A MESMA TEVE UM TRAUMATISMO CRANIANO  SEGUNDO AS INFOS REPASSADAS PELO AGENTE. C/V,1,,,,1,,,,,1,,283,SUBURBIO,Cruzamento,Bom,Sem defeito,Perfeito estado,Seca,Perfeito estado,Faixa de pedestre,Outras,,Dupla,Faixa contínua,,,,
2019-10-03,18:48:00,COM VÍTIMA,FINALIZADA,IBURA,AV DOIS RIOS,0,,,,AV DOIS RIOS,,,IBURA,ACID. DE PERCURSO,,,1,,,,,,,,1,,,,,,,,,,,,,,,,,,
2019-10-03,19:30:00,COM VÍTIMA,FINALIZADA,RECIFE,AV ALFREDO LISBOA,0,,,E/F AO CAIS DO SERTAO,AV ALFREDO LISBOA,,GRAÇAS FOOD PARK,BAIRRO DO RECIFE,COLISÃO TRASEIRA,AUTO E MOTO.,1,1,,,,,,,,1,,196,SUBURBIO,Longo da via,Bom,Sem defeito,Perfeito estado,Seca,Perfeito estado,Faixa de pedestre,Não há placas,60 km/h,Única,Faixa contínua,,,,
2019-10-03,19:30:00,COM VÍTIMA,FINALIZADA,RECIFE,AV ALFREDO LISBOA,0,,,E/F AO CAIS DO SERTAO,AV ALFREDO LISBOA,,E/F AO CAIS DO SERTAO,BAIRRO DO RECIFE,COLISÃO TRASEIRA,MOTO - I/RATO BRAVAX 250 / UMA SEGUNDA MOTOCICLETA ENVOLVIDA EVADIU-SE DO LOCAL E NÃO FOI PEGO A PLACA DELA.,,2,,,,,,,,1,,196,SUBURBIO,Longo da via,Bom,Sem defeito,Perfeito estado,Seca,Perfeito estado,Faixa de pedestre,Outras,60 km/h,Única,Faixa contínua,Faixa seccionada,,,
2019-10-04,16:42:00,COM VÍTIMA,FINALIZADA,MORRO DA CONCEICAO,AV NORTE,4,5600,,ASSOCIAÇÃO DAS COSTUREIRAS DE CASA AMARELA,AV NORTE,5600,ASSOCIAÇÃO DAS COSTUREIRAS DE CASA AMARELA,MORRO DA CONCEIÇÃO,ABALROAMENTO LONGITUDINAL,COLISÃO COM VÍTIMA/ VÍTIMA SOCORRIDA PELO SAMU/ VEÍCULO EVADIU DO LOCAL,,1,,,,,,,,1,,,SUBURBIO,Longo da via,Bom,Não existe,Perfeito estado,Seca,Perfeito estado,Não existe,Outras,,Dupla,Canteiro central,,,,
2019-10-05,07:20:00,COM VÍTIMA,FINALIZADA,IMBIRIBEIRA,AV MARECHAL MASCARENHAS DE MORAES,4,1920,,EM FRENTE A HYUNDAI.,AV MARECHAL MASCARENHAS DE MORAES,1920,EM FRENTE A HYUNDAI.,IMBIRIBEIRA,ABALROAMENTO LONGITUDINAL,COLISÃO C/VITIMAS ENTRE CAMINHÃO E UMA MOTO,,1,,,,,1,,,2,,,SUBURBIO,Longo da via,Bom,Não existe,Perfeito estado,Seca,Perfeito estado,Outros,R-6a,,Dupla,Faixa seccionada,Canteiro central,Outros,,
2019-10-05,07:22:00,COM VÍTIMA,FINALIZADA,AFOGADOS,RUA VISCONDE DE PELOTAS,3,185,,EMBAIXO DO VIADUTO  AO LADO DA OFICINA NANDO MOTOS,RUA VISCONDE DE PELOTAS,185,EMBAIXO DO VIADUTO  AO LADO DA OFICINA NANDO MOTOS,AFOGADOS,ABALROAMENTO LONGITUDINAL,CAMINHÃO E MOTONETA,,1,,,,,1,,,1,,,SUBURBIO,Longo da via,Bom,Não existe,Perfeito estado,Seca,Perfeito estado,Não existe,Não há placas,,Única,,,,,
2019-10-05,09:12:00,COM VÍTIMA,FINALIZADA,AFOGADOS,EST DOS REMEDIOS,4,1235,EST DO BONGI,E/F AO POSTO BR,EST DOS REMEDIOS,1235,E/F AO POSTO BR,AFOGADOS,ABALROAMENTO TRANSVERSAL,COLISAO C/VITIMA ENTRE DUAS MOTOS,,2,,,,,,,,2,,394,CIDADE,Longo da via,Bom,Sem defeito,Perfeito estado,Seca,Perfeito estado,Faixa de pedestre,R-6a,,Única,Faixa contínua,,,,
2019-10-05,11:22:00,COM VÍTIMA,FINALIZADA,SANTO AMARO,AV CRUZ CABUGA,0,,RUA DOS CASADOS,NA SAIDA DO SHOPPING TACARUNA EM FRENTE A O HOSPITAL DO CANCER SEMAFORO 202,AV CRUZ CABUGA,,NA SAIDA DO SHOPPING TACARUNA EM FRENTE A O HOSPITAL DO CANCER SEMAFORO 202,SANTO AMARO,ABALROAMENTO LONGITUDINAL,AUTO E MOTO.,1,1,,,,,,,,1,,202,LESTE,Cruzamento,Bom,Sem defeito,Incompleta,Seca,Perfeito estado,Faixa de pedestre,R-6a,,Única,Não existe,,,,
2019-10-05,14:35:00,COM VÍTIMA,FINALIZADA,ESPINHEIRO,RUA DO ESPINHEIRO,3,800,,EM FRENTE AO EDIF. PIO X12 E A ESCOLA SABER VIVER. LADO OPOSTO A GALERIA FRANCISCO ACCIOLY.,RUA DO ESPINHEIRO,800,EM FRENTE AO EDIF. PIO X12 E A ESCOLA SABER VIVER. LADO OPOSTO A GALERIA FRANCISCO ACCIOLY.,ESPINHEIRO,ABALROAMENTO LONGITUDINAL,AUTO E MOTO.,1,1,,,,,,,,1,,,,Longo da via,Bom,Não existe,Perfeito estado,Seca,Perfeito estado,Não existe,R-6a,40 km/h,Única,Faixa seccionada,,,,
2019-10-05,16:57:00,COM VÍTIMA,FINALIZADA,IPUTINGA,AV MAURICIO DE NASSAU,2,31,,BORRACHARIA DO ALEMÃO,AV MAURICIO DE NASSAU,31,BORRACHARIA DO ALEMÃO,IPUTINGA,COLISÃO,COLISÃO COM VITIMA,1,1,,,,,,,,1,,,,,,,,,,,,,,,,,,
2019-10-05,22:27:00,COM VÍTIMA,FINALIZADA,MADALENA,RUA BENFICA,0,,RUA JOAO IVO DA SILVA,EM FRENTE AO MUSEU DA ABOLIÇÃO,RUA BENFICA,,EM FRENTE AO MUSEU DA ABOLIÇÃO,MADALENA,COLISÃO TRASEIRA,AUTO PASSEIO X MOTO COM VÍTIMA,1,1,,,,,,,,1,,257,SUBURBIO,Esquina,Bom,Sem defeito,Perfeito estado,Seca,Perfeito estado,Não existe,Outras,,Dupla,Faixa contínua,Canteiro central,,,
2019-10-05,22:32:00,COM VÍTIMA,FINALIZADA,ESPINHEIRO,RUA BARAO DE ITAMARACA,0,,RUA DO ESPINHEIRO,,RUA BARAO DE ITAMARACA,,,ESPINHEIRO,ABALROAMENTO TRANSVERSAL,AUTO PASSEIO X MOTO COM VÍTIMA,1,1,,,,,,,,1,,86,CIDADE,Cruzamento,Bom,Sem defeito,Perfeito estado,Seca,Perfeito estado,Faixa de pedestre,Não há placas,40 km/h,Dupla,Faixa contínua,,,,
2019-10-06,04:26:00,COM VÍTIMA,FINALIZADA,BOA VIAGEM,AV ENGENHEIRO DOMINGOS FERREIRA,4,2600,RUA PROFESSOR JOSE BRANDAO,AO LADO DA FARMACIA INDEPENDENTE,AV ENGENHEIRO DOMINGOS FERREIRA,2600,AO LADO DA FARMACIA INDEPENDENTE,BOA VIAGEM,ABALROAMENTO TRANSVERSAL,AUTO E MOTO,1,1,,,,,,,,1,,550,SUBURBIO,Cruzamento,Bom,Sem defeito,Perfeito estado,Seca,Perfeito estado,,Não há placas,,Única,Faixa seccionada,,,,
2019-10-06,07:50:00,COM VÍTIMA,FINALIZADA,TORREAO,AV NORTE,0,,,EM FRENTE A PRAÇA DA PÍNCANHA,AV NORTE,,EM FRENTE A PRAÇA DA PÍNCANHA,TORREÃO,CHOQUE OBJETO FIXO,VITIMAS SOCORRIDAS PELO SAMU,1,,,,,,,,,2,,376,CIDADE,Longo da via,Bom,Sem defeito,Perfeito estado,Seca,Perfeito estado,Faixa de pedestre,Outras,,Dupla,Faixa seccionada,,,,
2019-10-06,18:16:00,COM VÍTIMA,FINALIZADA,IPSEP,RUA RIO TOCANTINS,3,777,RUA JEAN EMILE FAVRE,ENF A FARMACIA SANTA LUZIA E FARMACIOA PERMANENTE,RUA RIO TOCANTINS,777,ENF A FARMACIA SANTA LUZIA E FARMACIOA PERMANENTE,IPSEP,ABALROAMENTO TRANSVERSAL,AUTO E MOTO,1,1,,,,,,,,2,,101,,Cruzamento,Bom,Sem defeito,Ilegível,Seca,Mal iluminada,Faixa de pedestre,R-6a,60 km/h,Dupla,Faixa contínua,,,,
2019-10-06,19:39:00,COM VÍTIMA,FINALIZADA,CASA AMARELA,EST DAS UBAIAS,3,105,RUA RAIMUNDO FREIXEIRA,PROX AO SUPERMERCADO BOM DE MAIS E EDIFICIO AKHINOS.,EST DAS UBAIAS,105,PROX AO SUPERMERCADO BOM DE MAIS E EDIFICIO AKHINOS.,CASA AMARELA,COLISÃO FRONTAL,AUTO E MOTO.,1,1,,,,,,,,1,,,LESTE,Esquina,Bom,Não existe,Perfeito estado,Seca,Perfeito estado,,,,Dupla,Faixa seccionada,,,,
2019-10-07,07:06:00,COM VÍTIMA,FINALIZADA,RECIFE,AV MILITAR,0,,,PRÓXIMO AO PORTO DO RECIFE. NO TERMINAL MARÍTIMO.,AV MILITAR,,PRÓXIMO AO PORTO DO RECIFE. NO TERMINAL MARÍTIMO.,BAIRRO DO RECIFE,COLISÃO COM CICLISTA,AUTO E BICICLETA,1,,,1,,,,,,1,,,SUBURBIO,Longo da via,Bom,Não existe,Perfeito estado,Seca,Perfeito estado,Agente,Não há placas,40 km/h,Única,Faixa seccionada,,,,
2019-10-07,14:10:00,COM VÍTIMA,FINALIZADA,CASA AMARELA,AV NORTE,0,,,EM FRENTE A PRAÇA DO TRABALHO E A UPINHA,AV NORTE,,EM FRENTE A PRAÇA DO TRABALHO E A UPINHA,CASA AMARELA,TOMBAMENTO,MOTOCICLISTA DERRAPOU NO OLEO DERRAMADO NA VIA E SERÁ SOCORRIDO PELO SAMU,,1,,,,,,,,1,,,CIDADE,Longo da via,Bom,Não existe,Perfeito estado,Oleosa,Perfeito estado,Não existe,Não há placas,60 km/h,Dupla,Canteiro central,,,,
2019-10-07,14:26:00,COM VÍTIMA,FINALIZADA,APIPUCOS,RUA DE APIPUCOS,3,420,RUA GOVERNADOR SEABRA,CAMA TEX - LOJA DE COLCHÕES  CAMAS E ACESSÓRIOS.,RUA DE APIPUCOS,420,CAMA TEX - LOJA DE COLCHÕES  CAMAS E ACESSÓRIOS.,APIPUCOS,ABALROAMENTO TRANSVERSAL,AUTO E MOTO.,1,1,,,,,,,,1,,,SUBURBIO,Cruzamento,Bom,Não existe,Perfeito estado,Seca,Perfeito estado,Não existe,R-6a,60 km/h,Dupla,Faixa contínua,,,,
2019-10-07,18:05:00,COM VÍTIMA,FINALIZADA,IPSEP,AV RECIFE,4,105A,,EM FRENTE AO SAL E BRASA / SENT. BR. EM FRENTE TAMBÉM A MARCENARIA GT,AV RECIFE,105A,EM FRENTE AO SAL E BRASA / SENT. BR. EM FRENTE TAMBÉM A MARCENARIA GT,IPSEP,COLISÃO COM CICLISTA,MOTO E BICICLETA.,,1,,1,,,,,,2,,393,BR 101,Longo da via,Bom,Sem defeito,Perfeito estado,Seca,Perfeito estado,Faixa de pedestre,,60 km/h,,Canteiro central,,,,
2019-10-08,08:45:00,VÍTIMA FATAL,FINALIZADA,NOVA DESCOBERTA,AV VEREADOR OTACILIO AZEVEDO,4,2239,,EM FRENTE A KINITOS,AV VEREADOR OTACILIO AZEVEDO,2239,EM FRENTE A KINITOS,NOVA DESCOBERTA,COLISÃO FRONTAL,AUTO E MOTO,1,1,,,,,,,,1,1,,SUBURBIO,Longo da via,Bom,Não existe,Incompleta,Seca,Perfeito estado,Não existe,Outras,40 km/h,Dupla,Faixa seccionada,,,,
2019-10-08,09:00:00,COM VÍTIMA,FINALIZADA,CAMPO GRANDE,RUA JERONIMO VILELA,0,,EST DE BELEM,AO LADO DO COLEGIO JESUS CRUCIFICADO,RUA JERONIMO VILELA,,AO LADO DO COLEGIO JESUS CRUCIFICADO,CAMPO GRANDE,ABALROAMENTO LONGITUDINAL,MOTO E CAMINHAO,1,1,,,,,,,,1,,26,CIDADE,Cruzamento,Bom,Sem defeito,Perfeito estado,Seca,,Faixa de pedestre,Placas Pare,,Dupla,Faixa seccionada,,,,
2019-10-08,09:17:00,COM VÍTIMA,FINALIZADA,VARZEA,RUA EMILIANO BRAGA,3,425,RUA PROFESSOR ANTONIO COELHO,EM FRENTE AO RESIDENSIAL JOAO NOBREGA/ EM FRENTE AO TERMINAL,RUA EMILIANO BRAGA,425,EM FRENTE AO RESIDENSIAL JOAO NOBREGA/ EM FRENTE AO TERMINAL,VÁRZEA,ABALROAMENTO TRANSVERSAL,AUTO E MOTO,1,1,,,,,,,,1,,,SUBURBIO,Cruzamento,Bom,Não existe,Perfeito estado,Seca,Perfeito estado,Faixa de pedestre,Placas Pare,,Única,Faixa contínua,Faixa seccionada,,,
2019-10-08,11:21:00,COM VÍTIMA,FINALIZADA,ILHA JOANA BEZERRA,RUA CONCEICAO DE MACABU,0,,,AO LADO DO POSTO DE SAUDE SAO JOSE DO COPE. NA SAÍDA DO TERMINAL DE INTEGRAÇÃO DA JOANA BEZERRA.,RUA CONCEICAO DE MACABU,,AO LADO DO POSTO DE SAUDE SAO JOSE DO COPE. NA SAÍDA DO TERMINAL DE INTEGRAÇÃO DA JOANA BEZERRA.,ILHA JOANA BEZERRA,COLISÃO COM CICLISTA,ONIBUS E CICLISTA.,,,,1,,1,,,,1,,,CIDADE,Longo da via,Bom,Não existe,Incompleta,Seca,Perfeito estado,Não existe,R-6a,,Única,Não existe,,,,
2019-10-08,14:29:00,COM VÍTIMA,FINALIZADA,AFOGADOS,RUA IMPERIAL,4,1485,,APOS O VIADUTO PROX AO FEIRAO DE CARROS S/T AFOGADOS COM UMA VITIMA,RUA IMPERIAL,1485,APOS O VIADUTO PROX AO FEIRAO DE CARROS S/T AFOGADOS COM UMA VITIMA,AFOGADOS,ABALROAMENTO LONGITUDINAL,COLISAO ENTRE AUTO E MOTO.,1,1,,,,,,,,1,,,SUBURBIO,Longo da via,Bom,Não existe,,Seca,Perfeito estado,Não existe,Outras,,,Faixa contínua,Faixa seccionada,,,
2019-10-08,15:40:00,COM VÍTIMA,FINALIZADA,IPUTINGA,AV CAXANGA,4,3243,,EM FRENTE AO ARCO MIX,AV CAXANGA,3243,EM FRENTE AO ARCO MIX,IPUTINGA,ABALROAMENTO LONGITUDINAL,COLISÃO COM VÍTIMA  ENVOLVENDO CAMINHÃO E MOTOCICLETA (CAMINHÃO EVADIU-SE  DE ACORDO COM A VÍTIMA E CONDUTORA DA MOTOCICLETA).,,1,,,,,1,,,1,,,CIDADE,Longo da via,Bom,Não existe,Perfeito estado,Seca,Perfeito estado,Não existe,R-6a,,Dupla,Canteiro central,,,,
2019-10-08,18:36:00,COM VÍTIMA,FINALIZADA,DERBY,AV GOVERNADOR AGAMENON MAGALHAES,3,287,,E/F AO HOSPITAL HAPVIDA  SNT BV. PISTA LOCAL.,AV GOVERNADOR AGAMENON MAGALHAES,287,E/F AO HOSPITAL HAPVIDA  SNT BV. PISTA LOCAL.,DERBY,ABALROAMENTO LONGITUDINAL,ENTRE AUTO E MOTO. C/V,1,1,,,,,,,,1,,,SUBURBIO,Longo da via,Bom,Não existe,Perfeito estado,Seca,Perfeito estado,Não existe,R-6a,,Dupla,Canal,,,,
2019-10-09,06:56:00,COM VÍTIMA,FINALIZADA,BOA VIAGEM,RUA PROFESSOR JOSE BRANDAO,3,168,RUA ANTONIO DE SA LEITAO,POR TRAS DO COLEGIO BOA VIAGEM / AO LADO DO ANTIGO NELSON CHAVES,RUA PROFESSOR JOSE BRANDAO,168,POR TRAS DO COLEGIO BOA VIAGEM / AO LADO DO ANTIGO NELSON CHAVES,BOA VIAGEM,ABALROAMENTO TRANSVERSAL,AUTO E MOTO.,1,1,,,,,,,,1,,,SUBURBIO,Longo da via,Bom,Não existe,Perfeito estado,Seca,Perfeito estado,Não existe,Não há placas,,Única,Faixa seccionada,,,,