data,hora,natureza_acidente,situacao,bairro,endereco,,numero,detalhe_endereco_acidente,complemento,endereco_cruzamento,numero_cruzamento,referencia_cruzamento,bairro_cruzamento,tipo,descricao,auto,moto,ciclom,ciclista,pedestre,onibus,caminhao,viatura,outros,vitimas,vitimasfatais,num_semaforo,sentido_via,acidente_verificado,tempo_clima,situacao_semaforo,sinalizacao,condicao_via,conservacao_via,ponto_controle,situacao_placa,velocidade_max_via,mao_direcao,divisao_via1,divisao_via2,divisao_via3,_id,Protocolo
2019-11-09,06:46:00,COM VÍTIMA,FINALIZADA,IMBIRIBEIRA,AV MARECHAL MASCARENHAS DE MORAES,4,6211,,E/F A INFRAERO,AV MARECHAL MASCARENHAS DE MORAES,6211,E/F A INFRAERO,IMBIRIBEIRA,ABALROAMENTO LONGITUDINAL,COLISÃO C/VITIMA ENTRE UM ÔNIBUS E UMA MOTO,,1,,,,1,,,,1,,,CIDADE,Longo da via,Bom,Não existe,Perfeito estado,Seca,Perfeito estado,Não existe,Outras,,Dupla,Canteiro central,,,,
2019-11-09,09:26:00,COM VÍTIMA,FINALIZADA,BOMBA DO HEMETERIO,RUA BOMBA DO HEMETERIO,3,484,,EM FRENTE A GRANJA,RUA BOMBA DO HEMETERIO,484,EM FRENTE A GRANJA,BOMBA DO HEMETÉRIO,COLISÃO TRASEIRA,MOTO E AUTO,1,1,,,,,,,,1,,,SUBURBIO,Longo da via,Bom,Não existe,Perfeito estado,Seca,Perfeito estado,Não existe,R-6a,,Dupla,Faixa seccionada,,,,
2019-11-09,14:40:00,COM VÍTIMA,FINALIZADA,JARDIM SAO PAULO,AV SAO PAULO,0,,RUA LEANDRO BARRETO,FARMACIA DIARIAMENTE,AV SAO PAULO,,FARMACIA DIARIAMENTE,JARDIM SÃO PAULO,ABALROAMENTO LONGITUDINAL,COLISAO ENTRE ONIBUS E MOTO COM UMA VITIMA,,1,,,,1,,,,1,,507,SUBURBIO,Longo da via,Bom,Sem defeito,,Seca,Perfeito estado,,Não há placas,,Dupla,,,,,
2019-11-09,19:14:00,COM VÍTIMA,FINALIZADA,IPSEP,RUA RIO DOCE,2,24,RUA PINTOR ANTONIO ALBUQUERQUE,ENF A IGREJA BATISTA CENTRAL DO IPSEP,RUA RIO DOCE,24,ENF A IGREJA BATISTA CENTRAL DO IPSEP,IPSEP,COLISÃO FRONTAL,MOTO X CELTA,1,1,,,,,,,,1,,,SUBURBIO,Cruzamento,Bom,Não existe,,Seca,Perfeito estado,Não existe,,,Dupla,,,,,
2019-11-09,21:07:00,COM VÍTIMA,FINALIZADA,APIPUCOS,RUA MANDACARU,3,371,RUA HUMAITA,PROX AO INSTITUTO RAQUEL DE QUEIROZ,RUA MANDACARU,371,PROX AO INSTITUTO RAQUEL DE QUEIROZ,APIPUCOS,ABALROAMENTO LONGITUDINAL,MOTO X FOX BRANCO,1,1,,,,,,,,1,,371,SUBURBIO,Longo da via,Bom,Não existe,Incompleta,Seca,Mal conservada,Não existe,Não há placas,,Dupla,Não existe,,,,
2019-11-10,09:28:00,COM VÍTIMA,FINALIZADA,ALTO SANTA TEREZINHA,AV ANIBAL BENEVOLO,4,1890,,,AV ANIBAL BENEVOLO,1890,,ALTO SANTA TERESINHA,ATROPELAMENTO,,,1,,,1,,,,,1,,,SUBURBIO,Longo da via,Bom,Não existe,Incompleta,Seca,Perfeito estado,Não existe,Outras,,Dupla,Não existe,,,,
2019-11-10,14:19:00,COM VÍTIMA,FINALIZADA,CAXANGA,AV CAXANGA,0,,,EM FRENTE A EXPOSIÇÃO DE ANIMAIS,AV CAXANGA,,EM FRENTE A EXPOSIÇÃO DE ANIMAIS,CAXANGÁ,ABALROAMENTO LONGITUDINAL,COLISAO COM VITIMA JA SOCORRIDA,1,1,,,,,,,,1,,,,Longo da via,Bom,Sem defeito,Perfeito estado,Seca,Perfeito estado,Não existe,Não há placas,60 km/h,Dupla,Faixa seccionada,Canteiro central,,,
2019-11-10,15:12:00,COM VÍTIMA,FINALIZADA,CASA AMARELA,AV NORTE,0,,RUA DEPUTADO MARIO MONTEIRO,EM FRENTE A FARMACIA PAQUE MENOS,AV NORTE,,EM FRENTE A FARMACIA PAQUE MENOS,CASA AMARELA,COLISÃO TRASEIRA,MOTO E AUTO,1,1,,,,,,,,1,,79,CIDADE,Longo da via,Bom,Sem defeito,Perfeito estado,Seca,Outros,Faixa de pedestre,Outras,,Única,Canteiro central,,,,
2019-11-10,17:11:00,COM VÍTIMA,FINALIZADA,ARRUDA,AV BEBERIBE,4,1253,RUA DAS MOCAS,EM FRENTE AO CAMPO E AO ARMAZEM CORAL,AV BEBERIBE,1253,EM FRENTE AO CAMPO E AO ARMAZEM CORAL,ARRUDA,ABALROAMENTO TRANSVERSAL,MOTO E AUTO,1,1,,,,,,,,2,,,,Cruzamento,Bom,Não existe,Perfeito estado,Seca,Perfeito estado,Não existe,Placas Pare,60 km/h,Dupla,Faixa seccionada,,,,
2019-11-10,17:25:00,COM VÍTIMA,FINALIZADA,BEBERIBE,AV ANIBAL BENEVOLO,0,,,EM FRENTE AO CLUB BELA VISTA,AV ANIBAL BENEVOLO,,EM FRENTE AO CLUB BELA VISTA,BEBERIBE,ATROPELAMENTO,ATROPELAMENTO PEDESTRE/MOTO,,1,,,1,,,,,1,,,,Longo da via,Bom,Não existe,Perfeito estado,Seca,Perfeito estado,Não existe,R-6a,30 km/h,,Faixa seccionada,,,,
2019-11-10,18:20:00,COM VÍTIMA,FINALIZADA,BOA VIAGEM,AV CONSELHEIRO AGUIAR,3,712,RUA VICENCIA,PROX AO OFTALM CENTER OBS: VT DA CTTU 02 ESTA NO LOCAL,AV CONSELHEIRO AGUIAR,712,PROX AO OFTALM CENTER OBS: VT DA CTTU 02 ESTA NO LOCAL,BOA VIAGEM,ATROPELAMENTO,HB 20 X PEDESTRE,1,,,,1,,,,,1,,,CIDADE,Longo da via,Bom,Não existe,Perfeito estado,Seca,Perfeito estado,Não existe,R-6a,,Única,Faixa seccionada,,,,
2019-11-10,20:13:00,COM VÍTIMA,FINALIZADA,PINA,AV CELSO FURTADO,0,,,POR CIMA DO VIADUTO DA VIA MANGUE ENF. AO BATALHAO DA POLICIA // SENTIDO PINA,AVENIDA CELSO FURTADO (VIA MANGUE),,POR CIMA DO VIADUTO DA VIA MANGUE ENF. AO BATALHAO DA POLICIA // SENTIDO PINA,PINA,CHOQUE,VEICULO CAPOTOU AO CHOCAR-SE COM A MURETA,1,,,,,,,,,1,,,CIDADE,Ponte,Bom,Não existe,Perfeito estado,Seca,Perfeito estado,Não existe,Não há placas,,Dupla,,,,,
2019-11-11,10:10:00,COM VÍTIMA,FINALIZADA,ENGENHO DO MEIO,RUA ANTONIO CURADO,3,183,,E/F AO ARMAZÉM SÃO LUIS (E/F A PRAÇA DO ENGENHO DO MEIO),RUA ANTONIO CURADO,183,E/F AO ARMAZÉM SÃO LUIS (E/F A PRAÇA DO ENGENHO DO MEIO),ENGENHO DO MEIO,ABALROAMENTO LONGITUDINAL,COLISÃO C/VITIMA,1,1,,,,,,,,1,,,,Longo da via,Bom,Não existe,Perfeito estado,Seca,Perfeito estado,Não existe,Não há placas,,Dupla,Faixa seccionada,,,,
2019-11-11,12:16:00,COM VÍTIMA,FINALIZADA,PARNAMIRIM,RUA TITO ROSAS,0,,,SEMAFORO 010,RUA TITO ROSAS,,SEMAFORO 010,PARNAMIRIM,ATROPELAMENTO,COLISÃO COM VITIMA A ESPERA DO SAMU,1,,,,1,,,,,1,,10,SUBURBIO,Longo da via,Bom,Sem defeito,Perfeito estado,Seca,Perfeito estado,Agente,Outras,40 km/h,Única,Não existe,,,,
2019-11-11,16:31:00,COM VÍTIMA,FINALIZADA,ENCRUZILHADA,RUA AMARO COUTINHO,3,475,,EM FRENTE AO BAR DO TONHÃO,RUA AMARO COUTINHO,475,EM FRENTE AO BAR DO TONHÃO,ENCRUZILHADA,CHOQUE VEÍCULO PARADO,COLISÃO COM VITIMA,1,1,,,,,,,,1,,,SUBURBIO,Longo da via,Bom,Não existe,Perfeito estado,Seca,Perfeito estado,Agente,R-34,,Dupla,Não existe,,,,
2019-11-11,16:36:00,COM VÍTIMA,FINALIZADA,ILHA JOANA BEZERRA,AV ADVOGADO JOSE PAULO CAVALCANTI,0,,,EM FRENTE AO FORUM NA RUA LATERAL/AACD,AV ADVOGADO JOSE PAULO CAVALCANTI,,EM FRENTE AO FORUM NA RUA LATERAL/AACD,ILHA JOANA BEZERRA,ATROPELAMENTO,VITIMA A ESPERA DO SAMU,1,,,,1,,,,,1,,,CIDADE,Longo da via,Bom,Não existe,Perfeito estado,Seca,Perfeito estado,Não existe,Não há placas,40 km/h,Dupla,Canteiro central,,,,
2019-11-11,18:01:00,COM VÍTIMA,FINALIZADA,IPUTINGA,RUA SAO MATEUS,3,182,,E/F AO DEPOSITO DOS CORREIOS E EDF IPUTINGA RESIDENCE,RUA SAO MATEUS,182,E/F AO DEPOSITO DOS CORREIOS E EDF IPUTINGA RESIDENCE,IPUTINGA,ABALROAMENTO TRANSVERSAL,ENTRE AUTO E MOTO. C/V,1,1,,,,,,,,1,,,SUBURBIO,Longo da via,Bom,Não existe,Perfeito estado,Seca,Perfeito estado,Não existe,Não há placas,,Dupla,Não existe,,,,
2019-11-12,12:19:00,COM VÍTIMA,FINALIZADA,CAXANGA,RUA JOSE OSORIO,3,803,,EM FRENTE A ZEUS MULTIMARCAS,RUA JOSE OSORIO,803,EM FRENTE A ZEUS MULTIMARCAS,CAXANGÁ,ABALROAMENTO TRANSVERSAL,ENTRE CARRO/MOTO SAMU JA ESTA NO LOCAL,1,1,,,,,,,,1,,,SUBURBIO,Cruzamento,Bom,,Perfeito estado,Seca,Perfeito estado,,,40 km/h,Dupla,Faixa contínua,Faixa seccionada,,,
2019-11-12,15:03:00,COM VÍTIMA,FINALIZADA,BOA VIAGEM,RUA ERNESTO DE PAULA SANTOS,4,1365,,AO LADO DA UNINASSAU,RUA ERNESTO DE PAULA SANTOS,1365,AO LADO DA UNINASSAU,BOA VIAGEM,ABALROAMENTO LONGITUDINAL,COLISAO ENTRE AUTO E MOTO S/V,1,1,,,,,,,,2,,,CIDADE,Cruzamento,Bom,Não existe,Incompleta,Seca,Perfeito estado,Não existe,Não há placas,60 km/h,Única,Faixa seccionada,,,,
2019-11-12,16:46:00,COM VÍTIMA,FINALIZADA,IBURA,AV DOIS RIOS,0,,,EM BAIXO DO VIADUTO DA BR 101.,AV DOIS RIOS,,EM BAIXO DO VIADUTO DA BR 101.,IBURA,ABALROAMENTO LONGITUDINAL,AUTO E MOTO - BATEDOR NO LOCAL,1,1,,,,,,,,1,,,CIDADE,Longo da via,Bom,Não existe,Perfeito estado,Seca,Perfeito estado,Não existe,Não há placas,,Dupla,Faixa contínua,,,,
2019-11-12,20:29:00,COM VÍTIMA,FINALIZADA,BOA VIAGEM,RUA AMALIA BERNARDINO DE SOUZA,3,286,RUA ERNESTO DE PAULA SANTOS,AO LADO DO POSTO PETROBRAS,RUA AMALIA BERNARDINO DE SOUZA,286,AO LADO DO POSTO PETROBRAS,BOA VIAGEM,ABALROAMENTO TRANSVERSAL,AUTO E MOTO.,1,1,,,,,,,,1,,,SUBURBIO,Longo da via,Bom,Não existe,Perfeito estado,Seca,Perfeito estado,Não existe,Outras,,Dupla,Não existe,,,,
2019-11-13,07:31:00,COM VÍTIMA,FINALIZADA,DERBY,AV GOVERNADOR AGAMENON MAGALHAES,0,,,AO LADO DA PRAÇA DO DERBY. EM FRENTE AO BRADESCO.,AV GOVERNADOR AGAMENON MAGALHAES,,AO LADO DA PRAÇA DO DERBY. EM FRENTE AO BRADESCO.,DERBY,ATROPELAMENTO,MOTO E PEDESTRE.,,,1,,1,,,,,2,,,BOA VIAGEM,Longo da via,Bom,Sem defeito,Perfeito estado,Seca,Perfeito estado,,,60 km/h,,,,,,
2019-11-13,07:44:00,COM VÍTIMA,FINALIZADA,GUABIRABA,EST DOS MACACOS,2,60,,300 METROS APÓS O USF /SÍTIO DOS MACACOS (SENT. RECIFE),EST DOS MACACOS,60,300 METROS APÓS O USF /SÍTIO DOS MACACOS (SENT. RECIFE),GUABIRABA,COLISÃO FRONTAL,COLISÃO C/ VITIMA ENTRE DOIS AUTOS,2,,,,,,,,,1,,,CIDADE,Longo da via,Bom,Não existe,Perfeito estado,Seca,Perfeito estado,Não existe,Não há placas,40 km/h,Dupla,Faixa seccionada,,,,
2019-11-13,08:38:00,COM VÍTIMA,FINALIZADA,BOA VISTA,RUA DO HOSPICIO,3,751,,E/F A SECRETARIA DE RESSOCIALIZAÇÃO - SERES,RUA DO HOSPICIO,751,E/F A SECRETARIA DE RESSOCIALIZAÇÃO - SERES,BOA VISTA,ABALROAMENTO LONGITUDINAL,COLISÃO C/VITIMAS ENTRE UMA MOTO E UM AUTO,1,1,,,,,,,,2,,,CIDADE,Longo da via,Bom,Não existe,Perfeito estado,Seca,Perfeito estado,Faixa de pedestre,R-6a,,Dupla,Faixa contínua,Canteiro central,Blocos,,
2019-11-13,09:04:00,COM VÍTIMA,FINALIZADA,AFOGADOS,RUA DA PAZ,0,,RUA NICOLAU PEREIRA,EM FRENTE A CAIXA ECONOMICA,RUA DA PAZ,,EM FRENTE A CAIXA ECONOMICA,AFOGADOS,ABALROAMENTO TRANSVERSAL,VEICULO OFICIAL EXERCITO E MOTO,1,1,,,,,,,,1,,73,SUBURBIO,Cruzamento,Bom,Sem defeito,Perfeito estado,Seca,Perfeito estado,Agente,R-6a,,Única,Faixa seccionada,,,,
2019-11-13,09:05:00,COM VÍTIMA,FINALIZADA,CORDEIRO,EST DO FORTE DO ARRAIAL N. DO B. JESUS,4,1499,RUA URUBA,EM FRENTE AO ARMAZEM DONA CECILIA,EST DO FORTE DO ARRAIAL N. DO B. JESUS,1499,EM FRENTE AO ARMAZEM DONA CECILIA,CORDEIRO,ABALROAMENTO LONGITUDINAL,COLISÃO COM VITIMA AUTO E MOTO.,1,1,,,,,,,,1,,,SUBURBIO,Longo da via,Bom,Não existe,Ilegível,Seca,Perfeito estado,Não existe,Não há placas,,Dupla,Faixa,,,,
2019-11-13,11:14:00,COM VÍTIMA,FINALIZADA,IMBIRIBEIRA,AV MARECHAL MASCARENHAS DE MORAES,3,291,PTE DO MOTOCOLOMBO,EM FRENTE A FLOR ARTE. APÓS A MORELATE DISTRIBUIDORA DE PEÇAS.,AV MARECHAL MASCARENHAS DE MORAES,291,EM FRENTE A FLOR ARTE. APÓS A MORELATE DISTRIBUIDORA DE PEÇAS.,IMBIRIBEIRA,COLISÃO TRASEIRA,AUTO E MOTO.,1,1,,,,,,,,1,,,CIDADE,Longo da via,Bom,Não existe,Não existente,Seca,Perfeito estado,Não existe,Não há placas,,Dupla,Faixa seccionada,Canteiro central,,,
2019-11-13,12:03:00,COM VÍTIMA,FINALIZADA,AFOGADOS,RUA GENERAL SOUZA DOCA,0,,,PROX A ESTACAO IPIRANGA EM FRENTE A ESCOLA CARMELA DUTRA,RUA GENERAL SOUZA DOCA,,PROX A ESTACAO IPIRANGA EM FRENTE A ESCOLA CARMELA DUTRA,AFOGADOS,ATROPELAMENTO,AUTO PASSEIO X PEDESTRE,1,,,,1,,,,,1,,,,Longo da via,Bom,Não existe,Não existente,Seca,Perfeito estado,Não existe,Não há placas,30 km/h,Dupla,Não existe,,,,
2019-11-13,12:03:00,COM VÍTIMA,FINALIZADA,TAMARINEIRA,RUA PADRE ROMA,0,,AV CONS ROSA E SILVA,EM BAIXO DO SEMAFORO 061,RUA PADRE ROMA,,EM BAIXO DO SEMAFORO 061,TAMARINEIRA,COLISÃO TRASEIRA,COLISÃO ENTRE UMA MOTOCICLETA E UM VEÍCULO NÃO IDENTIFICADO  VEÍCULO ESTE QUE SE EVADIU DO LOCAL.,,1,,,,,,,,1,,61,SUBURBIO,Cruzamento,Bom,Sem defeito,Perfeito estado,Seca,Perfeito estado,Faixa de pedestre,Outras,,Dupla,Canteiro central,,,,
2019-11-13,16:53:00,COM VÍTIMA,FINALIZADA,SANTO AMARO,RUA DO POMBAL,0,,RUA DOS PALMARES,,RUA DO POMBAL,,,SANTO AMARO,ABALROAMENTO TRANSVERSAL,DOIS AUTOS,2,,,,,,,,,2,,,CIDADE,Cruzamento,Bom,Não existe,Perfeito estado,Seca,Perfeito estado,Faixa de pedestre,Outras,,Dupla,Canteiro central,,,,
2019-11-13,19:33:00,COM VÍTIMA,FINALIZADA,CORDEIRO,AV MAURICIO DE NASSAU,0,,,,AV MAURICIO DE NASSAU,,,CORDEIRO,ATROPELAMENTO ANIMAL,CAMINHÃO ACABOU COLIDINDO CONTRA O ANIMAL NA VIA,,,,,,,1,,,1,,,SUBURBIO,Longo da via,Bom,Não existe,Perfeito estado,Seca,Mal conservada,Não existe,R-6a,,Dupla,Faixa contínua,,,,
2019-11-13,19:40:00,COM VÍTIMA,FINALIZADA,PINA,PTE GOVERNADOR PAULO GUERRA,0,,,ALÇA DE ACESSO AO SHOPPING RIO MAR.,PTE GOVERNADOR PAULO GUERRA,,ALÇA DE ACESSO AO SHOPPING RIO MAR.,PINA,COLISÃO COM CICLISTA,AUTO E BICICLETA.,1,,,1,,,,,,1,,,SUBURBIO,Ponte,Bom,Não existe,Perfeito estado,Seca,Perfeito estado,,Não há placas,60 km/h,Única,,,,,
2019-11-13,19:43:00,COM VÍTIMA,FINALIZADA,BOA VIAGEM,AV CONSELHEIRO AGUIAR,3,242,,E/F AO COLÉGIO DELMIRO GOUVEIA,AV CONSELHEIRO AGUIAR,242,E/F AO COLÉGIO DELMIRO GOUVEIA,BOA VIAGEM,COLISÃO TRASEIRA,ENTRE AUTO E MOTO. C/V. SEGUNDO INFORMAÇÕES DO BOLETIM FÍSICO  A CONDUTORA DO VEÍCULO DE NÃO QUIS PERMANECER NO LOCAL DO ACIDENTE E REGISTRAR A OCORRÊNCIA.,1,1,,,,,,,,2,,,CIDADE,Longo da via,Bom,Não existe,Perfeito estado,Seca,Perfeito estado,Não existe,Outras,,Única,Faixa seccionada,,,,
2019-11-13,21:21:00,COM VÍTIMA,FINALIZADA,CASA AMARELA,RUA RAIMUNDO FREIXEIRA,3,251,RUA IRMA LUCIA,NA RUA DO SUPERMERCADO BOM DEMAIS,RUA RAIMUNDO FREIXEIRA,251,NA RUA DO SUPERMERCADO BOM DEMAIS,CASA AMARELA,COLISÃO COM CICLISTA,ENTRE AUTO E CICLISTA. C/V,1,,,1,,,,,,1,,,SUBURBIO,Esquina,Bom,Não existe,Incompleta,Seca,Perfeito estado,Não existe,,,Única,Não existe,,,,
2019-11-13,22:11:00,COM VÍTIMA,FINALIZADA,BOA VIAGEM,RUA VISCONDE DE JEQUITINHONHA,3,396,RUA ERNESTO DE PAULA SANTOS,ENF. AO SUPERMERCADO SOBERANO,RUA VISCONDE DE JEQUITINHONHA,396,ENF. AO SUPERMERCADO SOBERANO,BOA VIAGEM,ABALROAMENTO LONGITUDINAL,POLO X MOTO,1,1,,,,,,,,1,,,CIDADE,Longo da via,Bom,Sem defeito,Perfeito estado,Seca,Perfeito estado,,R-6a,30 km/h,Única,,,,,
2019-11-14,12:10:00,COM VÍTIMA,FINALIZADA,BOA VIAGEM,AV CELSO FURTADO,0,,AV FERNANDO SIMOES BARBOSA,,AVENIDA CELSO FURTADO (VIA MANGUE),,,BOA VIAGEM,COLISÃO,SEGUNDO INFORMAÇÕES DO BOLETIM FÍSICO CONFECCIONADO PELO INSPETOR FORAM FEITAS VÁRIAS VARREDURAS NAS REDONDEZAS DO LOCAL DO ACIDENTE SEM ÊXITO AO SE TENTAR ENCONTRAR OS VEÍCULOS ENVOLVIDOS  SENDO A VÍTIMA RESGATADA PELO CORPO DE BOMBEIROS DE DENTRO DO MANGUE QUE FICA SOB O VIADUTO.,,,,,,,,,,1,,,SUBURBIO,Viaduto,Bom,Não existe,Perfeito estado,Seca,Perfeito estado,,,,Única,,,,,
2019-11-14,14:44:00,COM VÍTIMA,FINALIZADA,IMBIRIBEIRA,AV MARECHAL MASCARENHAS DE MORAES,0,,,EM FRENTE AO JUIZADO ESPECIAL /AO LADO DA FACULDADE UNIVERSO,AV MARECHAL MASCARENHAS DE MORAES,,EM FRENTE AO JUIZADO ESPECIAL /AO LADO DA FACULDADE UNIVERSO,IMBIRIBEIRA,ABALROAMENTO LONGITUDINAL,ACIDENTE COM VÍTIMA. SEGUNDO INFORMAÇÕES DO BOLETIM FÍSICO  O CONDUTOR DO VEÍCULO DE PLACA - APÓS A COLISÃO  INFORMOU QUE IRIA BUSCAR ÁGUA E EVADIU-SE DO LOCAL.,1,1,,,,,,,,1,,,CIDADE,Longo da via,Bom,Sem defeito,Perfeito estado,Seca,Perfeito estado,Não existe,Não há placas,60 km/h,Dupla,Faixa contínua,Faixa seccionada,Canteiro central,,
2019-11-14,16:31:00,COM VÍTIMA,FINALIZADA,BOA VISTA,RUA DOM BOSCO,4,1650,AV CONDE DA BOA VISTA,PRÓX. AO COLÉGIO AMERICANO BATISTA,RUA DOM BOSCO,1650,PRÓX. AO COLÉGIO AMERICANO BATISTA,BOA VISTA,ABALROAMENTO TRANSVERSAL,COLISÃO C/VITIMA ENTRE DOIS AUTOS E UMA MOTO,2,1,,,,,,,,1,,27,SUBURBIO,Cruzamento,Bom,Sem defeito,Perfeito estado,Seca,Perfeito estado,Faixa de pedestre,R-26,,Dupla,Faixa,Canteiro central,,,
2019-11-14,20:54:00,COM VÍTIMA,FINALIZADA,CASA FORTE,AV DEZESSETE DE AGOSTO,4,2345,,E/F A DELICATESSEN ENGENHO CASA FORTE / AO LADO DO LABORATÓRIO EDMAR VICTOR,AV DEZESSETE DE AGOSTO,2345,E/F A DELICATESSEN ENGENHO CASA FORTE / AO LADO DO LABORATÓRIO EDMAR VICTOR,CASA FORTE,ABALROAMENTO LONGITUDINAL,ENTRE AUTO E MOTO. C/V,1,1,,,,,,,,1,,,SUBURBIO,Longo da via,Bom,Não existe,Perfeito estado,Seca,Perfeito estado,Não existe,Não há placas,,Dupla,Faixa contínua,,,,
2019-11-15,19:14:00,COM VÍTIMA,FINALIZADA,CORDEIRO,AV CAXANGA,4,1214,RUA GREGORIO JUNIOR,PROX A DROGASIL,AV CAXANGA,1214,PROX A DROGASIL,CORDEIRO,ABALROAMENTO TRANSVERSAL,DUAS MOTOS X AUTO PASSEIO COM VÍTIMAS,1,2,,,,,,,,3,,236,SUBURBIO,Cruzamento,Bom,Sem defeito,Perfeito estado,Seca,Perfeito estado,Faixa de pedestre,R-6a,,Dupla,Canteiro central,,,,
2019-11-15,23:52:00,COM VÍTIMA,FINALIZADA,SAN MARTIN,RUA VINTE E UM DE ABRIL,0,,RUA PEDRO MELO,PROX AO BPRV,RUA VINTE E UM DE ABRIL,,PROX AO BPRV,SAN MARTIN,COLISÃO COM CICLISTA,BICICLETA E AUTO PASSEIO COM VÍTIMA,1,,,1,,,,,,1,,,CIDADE,Cruzamento,Bom,Não existe,Ilegível,Seca,Perfeito estado,Não existe,Não há placas,,Dupla,Faixa seccionada,,,,
2019-11-16,00:06:00,COM VÍTIMA,FINALIZADA,IPSEP,AV RECIFE,4,3045,,AO LADO DO POSTO FEDERAL,AV RECIFE,3045,AO LADO DO POSTO FEDERAL,IPSEP,CHOQUE OBJETO FIXO,ARVORE X AUTO PASSEIO,1,,,,,,,,,1,,,SUBURBIO,Longo da via,Bom,Não existe,Perfeito estado,Seca,Perfeito estado,Não existe,Não há placas,,Dupla,Canteiro central,,,,
2019-11-16,05:47:00,COM VÍTIMA,FINALIZADA,MADALENA,AV CAXANGA,3,731,,EM FRENTE A OFICINA PARAIBA  EM FRENTE A PLAZA VEÍCULOS PREMIUM,AV CAXANGA,731,EM FRENTE A OFICINA PARAIBA  EM FRENTE A PLAZA VEÍCULOS PREMIUM,MADALENA,COLISÃO TRASEIRA,COLISÃO ENTRE DOIS ÔNIBUS  UM AUTO E UMA MOTO.,1,1,,,,2,,,,2,,,CIDADE,Longo da via,Bom,Não existe,Perfeito estado,Seca,Perfeito estado,Não existe,Não há placas,,Dupla,Canteiro central,,,,
2019-11-16,13:15:00,COM VÍTIMA,FINALIZADA,BOA VIAGEM,RUA BARAO DE SOUZA LEAO,4,1544,,AO LADO DA ESTAÇÃO DE METRÔ AEROPORTO. EM FRENTE AO IMPÉRIO DOS PÃES,RUA BARAO DE SOUZA LEAO,1544,AO LADO DA ESTAÇÃO DE METRÔ AEROPORTO. EM FRENTE AO IMPÉRIO DOS PÃES,BOA VIAGEM,TOMBAMENTO,COLISÃO COM VITIMA. SEGUNDO INFORMAÇÕES DE AMBAS AS PARTES  O CONDUTOR DA MOTOCICLETA FOI SURPREENDIDO POR UMA POSSÍVEL MANOBRA DO ÔNIBUS  ASSUSTANDO-SE  OCASIONANDO A SUA QUEDA. NÃO HOUVE CONTATO ENTRE OS VEÍCULOS.,,1,,,,1,,,,1,,,SUBURBIO,Longo da via,Bom,Não existe,Não existente,Seca,Perfeito estado,Não existe,Não há placas,,Única,Faixa seccionada,,,,
2019-11-17,05:42:00,COM VÍTIMA,FINALIZADA,CURADO,RUA DR GEORGE WILLIAM BUTLER,3,663,,AO LADO DA GARAGEM DA BORBOREMA  PROX DA CHURRASCARIA DO GAUCHO,RUA DR GEORGE WILLIAM BUTLER,663,AO LADO DA GARAGEM DA BORBOREMA  PROX DA CHURRASCARIA DO GAUCHO,CURADO,COLISÃO,COLISÃO ENTRE ÔNIBUS E MOTO C/V,,1,,,,1,,,,1,,,CIDADE,Longo da via,Bom,Não existe,Não existente,Seca,Perfeito estado,Não existe,Não há placas,,Dupla,,,,,
2019-11-17,10:54:00,COM VÍTIMA,FINALIZADA,ARRUDA,RUA DAS MOCAS,2,32,,EM FRENTE AO ARMAZEM SÃO JOÃO,RUA DAS MOCAS,32,EM FRENTE AO ARMAZEM SÃO JOÃO,ARRUDA,COLISÃO COM CICLISTA,COM UMA VITIMA AGUARDANDO SAMU/,,1,,1,,,,,,1,,,,,,,,,,,,,,,,,,
2019-11-17,12:26:00,COM VÍTIMA,FINALIZADA,TORRE,RUA DOM MANOEL DA COSTA,3,321,RUA PADRE LANDIM,PROX A IGREJA DA TORRE,RUA DOM MANOEL DA COSTA,321,PROX A IGREJA DA TORRE,TORRE,COLISÃO TRASEIRA,COLISAO ENTRE AUTO/MOTO,1,1,,,,,,,,1,,,CIDADE,Longo da via,Bom,Não existe,Perfeito estado,Seca,Perfeito estado,Não existe,Não há placas,40 km/h,Única,Faixa seccionada,,,,