data,hora,natureza_acidente,situacao,bairro,endereco,,numero,detalhe_endereco_acidente,complemento,endereco_cruzamento,numero_cruzamento,referencia_cruzamento,bairro_cruzamento,tipo,descricao,auto,moto,ciclom,ciclista,pedestre,onibus,caminhao,viatura,outros,vitimas,vitimasfatais,num_semaforo,sentido_via,acidente_verificado,tempo_clima,situacao_semaforo,sinalizacao,condicao_via,conservacao_via,ponto_controle,situacao_placa,velocidade_max_via,mao_direcao,divisao_via1,divisao_via2,divisao_via3,_id,Protocolo
2019-11-17,14:59:00,COM VÍTIMA,FINALIZADA,BOA VIAGEM,AV BOA VIAGEM,4,2530,,EDIF. MARIA EDUARDA,AV BOA VIAGEM,2530,EDIF. MARIA EDUARDA,BOA VIAGEM,ABALROAMENTO LONGITUDINAL,COLISÃO COM VITIMA ENTRE DOIS AUTOS E UMA MOTO,2,1,,,,,,,,1,,,CIDADE,Longo da via,Bom,,Perfeito estado,Seca,Perfeito estado,Não existe,Não há placas,,Única,Faixa seccionada,,,,
2019-11-17,19:19:00,COM VÍTIMA,FINALIZADA,SAN MARTIN,RUA ARSENIO CALACA,4,3010,RUA VINTE E UM DE ABRIL,PRÓX AO BPTRAN,RUA ARSENIO CALACA,3010,PRÓX AO BPTRAN,SAN MARTIN,ABALROAMENTO TRANSVERSAL,AUTO E MOTO,1,1,,,,,,,,1,,,SUBURBIO,Cruzamento,Bom,Não existe,Não existente,Seca,Perfeito estado,Não existe,Não há placas,,Dupla,Faixa seccionada,,,,
2019-11-17,19:51:00,COM VÍTIMA,FINALIZADA,ILHA JOANA BEZERRA,RUA CAPITAO TEMUDO,0,,,SOBRE O VIADUTO  NO LADO OPOSTO AO FÓRUM JOANA BEZERRA.,VIADUTO CAPITAO TEMUDO,,SOBRE O VIADUTO  NO LADO OPOSTO AO FÓRUM JOANA BEZERRA.,JOANA BEZERRA,COLISÃO COM CICLISTA,AUTO E BICICLETA.,1,,,1,,,,,,1,,,SUBURBIO,Longo da via,Bom,Não existe,Perfeito estado,Seca,Perfeito estado,Não existe,Não há placas,,Dupla,Faixa seccionada,,,,
2019-11-18,00:27:00,COM VÍTIMA,FINALIZADA,SAN MARTIN,RUA SANTO ANGELO,3,461,RUA TENENTE MINDELO,NA RUA DO ANTIGO CIOE,RUA SANTO ANGELO,461,NA RUA DO ANTIGO CIOE,SAN MARTIN,CHOQUE OBJETO FIXO,DURANTE UMA PERSEGUIÇÃO POLICIAL  A VT DA PM ACABOU SE CHOCANDO CONTRA O MURO DA RESIDÊNCIA. C/V,1,,,,,,,1,,1,,,SUBURBIO,Longo da via,Bom,Não existe,Não existente,Seca,Mal conservada,,Não há placas,20 km/h,Dupla,Não existe,,,,
2019-11-18,08:09:00,COM VÍTIMA,FINALIZADA,PINA,AV ENGENHEIRO DOMINGOS FERREIRA,0,,AV HERCULANO BANDEIRA,EM FRENTE AO ARMAZEM BEIRA MAR / LADO ESQUERDO DA VIA,AV ENGENHEIRO DOMINGOS FERREIRA,,EM FRENTE AO ARMAZEM BEIRA MAR / LADO ESQUERDO DA VIA,PINA,ATROPELAMENTO,AUTO E PEDESTRE.,1,,,,1,,,,,1,,,SUBURBIO,Longo da via,Bom,Não existe,Perfeito estado,Seca,Perfeito estado,Não existe,Não há placas,60 km/h,Única,Faixa contínua,,,,
2019-11-18,08:19:00,COM VÍTIMA,FINALIZADA,DOIS IRMAOS,RUA MANUEL DE MEDEIROS,0,,,PRÓXIMO AO DEPARTAMENTO DE ZOOTECNIA DA UFRPE.,RUA MANUEL DE MEDEIROS,,PRÓXIMO AO DEPARTAMENTO DE ZOOTECNIA DA UFRPE.,DOIS IRMÃOS,COLISÃO FRONTAL,ÔNIBUS E MOTO.,,1,,,,1,,,,1,,,CAMARAGIBE,Longo da via,Bom,Não existe,Ilegível,Molhada,Mal conservada,Não existe,R-6a,,Dupla,Faixa seccionada,,,,
2019-11-18,11:30:00,COM VÍTIMA,FINALIZADA,DERBY,AV GOVERNADOR AGAMENON MAGALHAES,4,241A,AV GOVERNADOR CARLOS DE LIMA CAVALCANTI,EM FRENTE A PRAÇA DO DERBY  PRÓXIMO AO CRUZAMENTO CITADO ANTERIORMENTE.,AV GOVERNADOR AGAMENON MAGALHAES,241A,EM FRENTE A PRAÇA DO DERBY  PRÓXIMO AO CRUZAMENTO CITADO ANTERIORMENTE.,DERBY,COLISÃO TRASEIRA,DUAS MOTOS,,2,,,,,,,,2,,,SUBURBIO,Longo da via,Bom,Sem defeito,Perfeito estado,Seca,Perfeito estado,Agente,Outras,60 km/h,Dupla,Faixa,,,,
2019-11-18,15:48:00,COM VÍTIMA,FINALIZADA,AFOGADOS,EST DOS REMEDIOS,0,,,EM FRENTE DO TODO DIA,EST DOS REMEDIOS,,EM FRENTE DO TODO DIA,AFOGADOS,COLISÃO FRONTAL,AUTO E MOTO,1,1,,,,,,,,1,,,CIDADE,Longo da via,Bom,Não existe,Ilegível,Seca,Perfeito estado,Faixa de pedestre,Não há placas,40 km/h,Dupla,Faixa contínua,,,,
2019-11-18,16:19:00,COM VÍTIMA,FINALIZADA,SAN MARTIN,AV GENERAL SAN MARTIN,3,801,RUA PEREIRA DE MORAES,EDIF. SANTA BARBARA,AV GENERAL SAN MARTIN,801,EDIF. SANTA BARBARA,SAN MARTIN,ABALROAMENTO TRANSVERSAL,COLISÃO COM VITIMA,1,1,,,,,,,,1,,,,Cruzamento,Bom,Não existe,Perfeito estado,Seca,Perfeito estado,Agente,R-6a,,Dupla,Faixa contínua,Faixa seccionada,,,
2019-11-19,04:13:00,COM VÍTIMA,FINALIZADA,SAO JOSE,RUA IMPERIAL,3,694,TRV DO RAPOSO,ANTES DA PONTE DE AFOGADOS/PROXIMO AO COLEGIO JOAQUIM NABUCO,RUA IMPERIAL,694,ANTES DA PONTE DE AFOGADOS/PROXIMO AO COLEGIO JOAQUIM NABUCO,SÃO JOSÉ,ABALROAMENTO TRANSVERSAL,VIATURA E ÔNIBUS,,,,,,1,,1,,2,,510,,Cruzamento,Bom,Sem defeito,Perfeito estado,Seca,Perfeito estado,Faixa de pedestre,Outras,,Única,Faixa seccionada,,,,
2019-11-19,07:16:00,COM VÍTIMA,FINALIZADA,SANCHO,AV LIBERDADE,3,824,AV PADRE IBIAPINA,EM FRENTE A FARMACIA TRIUNFO,AV LIBERDADE,824,EM FRENTE A FARMACIA TRIUNFO,SANCHO,COLISÃO TRASEIRA,AUTO E MOTO,1,1,,,,,,,,1,,,SUBURBIO,Cruzamento,Bom,Não existe,Perfeito estado,Seca,Perfeito estado,Não existe,R-6a,,Dupla,Não existe,,,,
2019-11-19,08:16:00,COM VÍTIMA,FINALIZADA,BOA VISTA,RUA MIGUEL COUTO,3,158,RUA HENRIQUE DIAS,EM FRENTE AO LABORATORIO ROBERTO FLORENCIO,RUA MIGUEL COUTO,158,EM FRENTE AO LABORATORIO ROBERTO FLORENCIO,BOA VISTA,CHOQUE OBJETO FIXO,VEICULO CHOCOU-SE COM MURO,1,,,,,,,,,2,,,SENTIDO SUL,Longo da via,Bom,Não existe,Não existente,Seca,Perfeito estado,Não existe,Não há placas,,Dupla,Não existe,,,,
2019-11-19,11:48:00,COM VÍTIMA,FINALIZADA,CASA AMARELA,RUA ANTONIO DE CASTRO,2,27,EST DO ARRAIAL,EM FRENTE AO EDF ESMERALDA,RUA ANTONIO DE CASTRO,27,EM FRENTE AO EDF ESMERALDA,CASA AMARELA,COLISÃO FRONTAL,AUTO E MOTO,1,1,,,,,,,,1,,,,Longo da via,Bom,Não existe,Perfeito estado,Seca,Perfeito estado,Não existe,,,Única,Não existe,,,,
2019-11-19,18:07:00,COM VÍTIMA,FINALIZADA,AFOGADOS,RUA DA PAZ,0,,RUA NICOLAU PEREIRA,BANCO BRADESCO,RUA DA PAZ,,BANCO BRADESCO,AFOGADOS,ABALROAMENTO LONGITUDINAL,COLISAO SEM VITIMAS,1,,,,,1,,,,,,73,SUBURBIO,Longo da via,Bom,Sem defeito,Perfeito estado,Seca,Perfeito estado,,,,Única,,,,,
2019-11-19,21:47:00,COM VÍTIMA,FINALIZADA,TORROES,AV ENGENHEIRO ABDIAS DE CARVALHO,3,617,,E/F A DLP,AV ENGENHEIRO ABDIAS DE CARVALHO,617,E/F A DLP,TORRÕES,COLISÃO COM CICLISTA,COM VITIMAS,1,,,1,,,,,,1,,,CIDADE,Longo da via,Bom,Não existe,Perfeito estado,Seca,Mal iluminada,Não existe,,,Dupla,Faixa seccionada,Canteiro central,,,
2019-11-20,07:40:00,COM VÍTIMA,FINALIZADA,ARRUDA,AV BEBERIBE,3,896,,AO LADO DA CORRETORA UNIAO. LOJÃO DO PETRÓLEO,AV BEBERIBE,896,AO LADO DA CORRETORA UNIAO. LOJÃO DO PETRÓLEO,ARRUDA,ABALROAMENTO LONGITUDINAL,MOTO E AUTO,1,1,,,,,,,,1,,,CIDADE,Longo da via,Bom,Não existe,Perfeito estado,Seca,Perfeito estado,Não existe,Não há placas,60 km/h,Dupla,Faixa seccionada,,,,
2019-11-20,10:11:00,COM VÍTIMA,FINALIZADA,GRACAS,RUA ALBERTO PAIVA,4,1105,,EM FRENTE A TOYOLEX. POR TRAZ DA PEDRAGON,RUA ALBERTO PAIVA,1105,EM FRENTE A TOYOLEX. POR TRAZ DA PEDRAGON,GRAÇAS,COLISÃO COM CICLISTA,COM UMA VITIMA AGUARDANDO SAMU LOCAL DESCARACTERIZADO,1,,,1,,,,,,1,,,SUBURBIO,Longo da via,Bom,Não existe,Perfeito estado,Seca,Perfeito estado,,,,Única,,,,,
2019-11-20,10:38:00,COM VÍTIMA,FINALIZADA,CASA AMARELA,EST DO ARRAIAL,4,3585,,EM FRENTE AO EDIFICIO BARÃO DE VERA CRUZ . CONJUNTO ARRIAL,EST DO ARRAIAL,3585,EM FRENTE AO EDIFICIO BARÃO DE VERA CRUZ . CONJUNTO ARRIAL,CASA AMARELA,ABALROAMENTO LONGITUDINAL,COLISÃO COM VITIMA,1,1,,,,,,,,1,,,SUBURBIO,Longo da via,Bom,Não existe,Perfeito estado,Seca,Perfeito estado,Não existe,R-6a,40 km/h,Única,Faixa seccionada,,,,
2019-11-20,12:14:00,COM VÍTIMA,FINALIZADA,VASCO DA GAMA,RUA VASCO DA GAMA,3,399,,EM FRENTE A ESCOLA PROF. ADERBAU GALVÃO,RUA VASCO DA GAMA,399,EM FRENTE A ESCOLA PROF. ADERBAU GALVÃO,VASCO DA GAMA,ATROPELAMENTO,AUTO E PEDESTRE( CRIANÇA)  SAMU JA NO LOCAL,1,,,,1,,,,,1,,,CIDADE,Longo da via,Bom,Não existe,Perfeito estado,Seca,Perfeito estado,Outros,Outras,,Dupla,Não existe,,,,
2019-11-20,12:35:00,COM VÍTIMA,FINALIZADA,TORRE,AV BEIRA RIO,2,51,,ANTES DA PONTE DA TORRE... EM AO EDIF. EQUIPAGEM,AV BEIRA RIO,51,ANTES DA PONTE DA TORRE... EM AO EDIF. EQUIPAGEM,TORRE,ABALROAMENTO LONGITUDINAL,COM VITIMA  AGUARDANDO O SAMU NO LOCAL,1,1,,,,,,,,1,,,,Longo da via,Bom,Não existe,Perfeito estado,Seca,Perfeito estado,Não existe,Não há placas,,Dupla,,,,,
2019-11-20,13:50:00,COM VÍTIMA,FINALIZADA,DERBY,PRC DO DERBY,2,85,,AO LADO DO ESTACIONAMENTO DO BRADESCO,PRC DO DERBY,85,AO LADO DO ESTACIONAMENTO DO BRADESCO,DERBY,ATROPELAMENTO,ATROPELAMENTO,1,,,,1,,,,,1,,,SUBURBIO,Longo da via,Bom,Não existe,Perfeito estado,Seca,Perfeito estado,Não existe,,,Dupla,,Faixa seccionada,,,
2019-11-20,14:40:00,COM VÍTIMA,FINALIZADA,BOA VIAGEM,AV CONSELHEIRO AGUIAR,0,,RUA CORONEL BENEDITO CHAVES,ANTES DO BANCO ITAÚ  EM FRENTE AO PONTO DO AÇAI,AV CONSELHEIRO AGUIAR,,ANTES DO BANCO ITAÚ  EM FRENTE AO PONTO DO AÇAI,BOA VIAGEM,COLISÃO TRASEIRA,COLISÃO COM VITIMA,1,1,,,,,,,,1,,114,CIDADE,Cruzamento,Bom,Sem defeito,Perfeito estado,Seca,Perfeito estado,Faixa de pedestre,R-6a,,Única,Faixa contínua,,,,
2019-11-20,19:57:00,COM VÍTIMA,FINALIZADA,TAMARINEIRA,RUA CONEGO BARATA,0,,,E/F A FERREIRA COSTA,RUA CONEGO BARATA,,E/F A FERREIRA COSTA,TAMARINEIRA,ABALROAMENTO LONGITUDINAL,AUTO PASSEIO X MOTO COM VÍTIMA,1,1,,,,,,,,1,,,SUBURBIO,Longo da via,Bom,Não existe,Não existente,Seca,Perfeito estado,Não existe,Não há placas,,Única,Faixa seccionada,,,,
2019-11-20,22:19:00,COM VÍTIMA,FINALIZADA,ILHA DO RETIRO,RUA PROFESSOR BENEDITO MONTEIRO,0,,,JURANDI PIRES,RUA PROFESSOR BENEDITO MONTEIRO,,JURANDI PIRES,ILHA DO RETIRO,COLISÃO TRASEIRA,COLISAO COM VITIMAS,1,1,,,,,,,,1,,,SUBURBIO,Longo da via,Bom,Não existe,Incompleta,Seca,,Não existe,R-6a,,Única,Faixa contínua,,,,
2019-11-21,09:46:00,COM VÍTIMA,FINALIZADA,IPSEP,AV PRESIDENTE DUTRA,3,600,RUA GONCALVES DE MAGALHAES,E/F AO POSTO PETROBRAS (SENT. BR 101),AV PRESIDENTE DUTRA,600,E/F AO POSTO PETROBRAS (SENT. BR 101),IPSEP,COLISÃO TRASEIRA,COLISÃO C/VITIMA ENTRE UM ATUO E UMA MOTO,1,1,,,,,,,,1,,393,BR 101,Longo da via,Bom,Não existe,Perfeito estado,Seca,Perfeito estado,Não existe,Não há placas,60 km/h,Dupla,Canteiro central,,,,
2019-11-21,09:49:00,COM VÍTIMA,FINALIZADA,MADALENA,RUA BENFICA,3,107,RUA SENADOR FABIO DE BARROS,EM FRENTE AO SUPERMERCADO EXTRA,RUA BENFICA,107,EM FRENTE AO SUPERMERCADO EXTRA,MADALENA,ABALROAMENTO TRANSVERSAL,COLISÃO COM VITIMAS A ESPERA DO SAMU,1,1,,,,,,,,1,,,SUBURBIO,Esquina,Bom,Não existe,Perfeito estado,Seca,Perfeito estado,,Não há placas,,Dupla,Faixa,,,,
2019-11-21,14:17:00,COM VÍTIMA,FINALIZADA,BREJO DA GUABIRABA,AV VEREADOR OTACILIO AZEVEDO,4,3018,,EM FRENTE A TORNADO MOTOS,AV VEREADOR OTACILIO AZEVEDO,3018,EM FRENTE A TORNADO MOTOS,BREJO DA GUABIRABA,ATROPELAMENTO,OCORRÊNCIA GERADA PELA VT QUE SE DEPAROU COM O FATO,,1,,,1,,,,,1,,,SUBURBIO,Longo da via,Bom,Não existe,Não existente,Seca,Perfeito estado,Não existe,Não há placas,,Dupla,Não existe,,,,
2019-11-21,16:41:00,COM VÍTIMA,FINALIZADA,IPSEP,RUA BLUMENAU,0,,,E/F A ODONTOCLIN,RUA BLUMENAU,,E/F A ODONTOCLIN,IPSEP,ABALROAMENTO TRANSVERSAL,MOTO X AUTO PASSEIO COM VÍTIMA,1,1,,,,,,,,1,,111,SUBURBIO,Cruzamento,Bom,Sem defeito,Perfeito estado,Seca,Perfeito estado,Não existe,Não há placas,40 km/h,,Não existe,,,,
2019-11-21,22:11:00,COM VÍTIMA,FINALIZADA,BOMBA DO HEMETERIO,RUA BOMBA DO HEMETERIO,3,138,RUA DAS CRIANCAS,PROX AO GIGANTE DO SAMBA,RUA BOMBA DO HEMETERIO,138,PROX AO GIGANTE DO SAMBA,BOMBA DO HEMETÉRIO,ABALROAMENTO TRANSVERSAL,JAC X MOTO,1,1,,,,,,,,1,,,SUBURBIO,Cruzamento,Bom,Não existe,Ilegível,Seca,Mal conservada,Não existe,R-6a,,Dupla,Faixa seccionada,,,,
2019-11-21,22:20:00,COM VÍTIMA,FINALIZADA,SANTO AMARO,AV DR JAYME DA FONTE,2,88,AV CRUZ CABUGA,SENTIDO AGAMENON,AV DR JAYME DA FONTE,88,SENTIDO AGAMENON,SANTO AMARO,ATROPELAMENTO,PRISMA X PEDESTRE,1,,,,1,,,,,1,,,SUBURBIO,Longo da via,Bom,Não existe,Perfeito estado,Seca,Perfeito estado,Não existe,Não há placas,,Dupla,Canteiro central,,,,
2019-11-22,04:33:00,COM VÍTIMA,FINALIZADA,SAO JOSE,RUA IMPERIAL,3,476,TRV DO GUSMAO,DEPOIS DO POSTO BR/DEPOIS DA SEDE DO GALO,RUA IMPERIAL,476,DEPOIS DO POSTO BR/DEPOIS DA SEDE DO GALO,SÃO JOSÉ,CHOQUE OBJETO FIXO,CHOQUE ENTRE ONIBUS / POSTE   VITIMAS JA SOCORRIDAS,,,,,,1,,,,3,,,SUBURBIO,Longo da via,Bom,Não existe,Perfeito estado,Seca,Perfeito estado,,R-6a,40 km/h,Única,,,,,
2019-11-22,06:48:00,COM VÍTIMA,FINALIZADA,IMBIRIBEIRA,AV MARECHAL MASCARENHAS DE MORAES,4,5089,,EM FRENTE AO PALACIO DOS RADIADORES  APÓS O VIADUTO DO AEROPORTO.,AV MARECHAL MASCARENHAS DE MORAES,5089,EM FRENTE AO PALACIO DOS RADIADORES  APÓS O VIADUTO DO AEROPORTO.,IMBIRIBEIRA,COLISÃO TRASEIRA,DOIS AUTOS.,2,,,,,,,,,4,,,CIDADE,Longo da via,Bom,Não existe,Perfeito estado,Seca,Perfeito estado,Não existe,R-6a,60 km/h,Única,Faixa seccionada,,,,
2019-11-22,09:20:00,COM VÍTIMA,FINALIZADA,MADALENA,RUA JOSE OSORIO,3,568,,EM FRENTE A MURAIS MULTIMARCAS.,RUA JOSE OSORIO,568,EM FRENTE A MURAIS MULTIMARCAS.,MADALENA,COLISÃO COM CICLISTA,AUTO E BICICLETA.,1,,,1,,,,,,1,,,SUBURBIO,Longo da via,Bom,Não existe,Perfeito estado,Seca,Perfeito estado,Não existe,Não há placas,40 km/h,Dupla,Faixa contínua,Faixa seccionada,,,
2019-11-22,10:20:00,COM VÍTIMA,FINALIZADA,BOA VIAGEM,RUA VISCONDE DE JEQUITINHONHA,2,82,RUA DR VICENTE GOMES,AO LADO DA LOCALIZA,RUA VISCONDE DE JEQUITINHONHA,82,AO LADO DA LOCALIZA,BOA VIAGEM,ATROPELAMENTO,PEDESTRE E ONIBUS,,,,,1,1,,,,1,,433,SUBURBIO,Longo da via,Bom,Sem defeito,Perfeito estado,Seca,Perfeito estado,Agente,Não há placas,,Única,Faixa seccionada,,,,
2019-11-22,10:59:00,COM VÍTIMA,FINALIZADA,IPSEP,AV RECIFE,4,2677,,E/F AO RESTAURANTE ATLANTICO (SENT. BR 101),AV RECIFE,2677,E/F AO RESTAURANTE ATLANTICO (SENT. BR 101),IPSEP,COLISÃO TRASEIRA,COLISÃO C/VITIMA ENTRE UMA MOTO E UM AUTO,1,1,,,,,,,,1,,,CIDADE,Longo da via,Bom,Não existe,Perfeito estado,Seca,Perfeito estado,Não existe,Não há placas,,Dupla,Faixa seccionada,,,,
2019-11-22,12:27:00,COM VÍTIMA,FINALIZADA,MACAXEIRA,AV NORTE,4,7750,RUA TIJUCAL,EM FRENTE AO MEGA ÓLEO,AV NORTE,7750,EM FRENTE AO MEGA ÓLEO,MACAXEIRA,ABALROAMENTO TRANSVERSAL,AUTO E CAMINHÃO,1,,,,,,1,,,2,,451,SUBURBIO,Cruzamento,Bom,Sem defeito,Perfeito estado,Seca,Perfeito estado,Não existe,Outras,,Dupla,Canteiro central,,,,
2019-11-22,13:12:00,COM VÍTIMA,FINALIZADA,BOA VISTA,AV MANOEL BORBA,3,738,,EM FRENTE AO EDIFICIO VILA LOBOS,AV MANOEL BORBA,738,EM FRENTE AO EDIFICIO VILA LOBOS,BOA VISTA,COLISÃO TRASEIRA,COLISÃO COM VITIMA. ENTRE AUTO E MOTO,1,1,,,,,,,,1,,,,Longo da via,Bom,Não existe,Perfeito estado,Seca,Perfeito estado,Não existe,R-6a,40 km/h,Única,Não existe,,,,
2019-11-22,14:03:00,COM VÍTIMA,FINALIZADA,ROSARINHO,AV NORTE,4,3015,,APOS A PADARIA ROSARINHO S/T CID,AV NORTE,3015,APOS A PADARIA ROSARINHO S/T CID,ROSARINHO,ABALROAMENTO LONGITUDINAL,AUTO E MOTO,1,1,,,,,,,,1,,,CIDADE,Longo da via,Bom,Sem defeito,Perfeito estado,Seca,Perfeito estado,Outros,Outras,,Dupla,Canteiro central,,,,
2019-11-22,14:18:00,COM VÍTIMA,FINALIZADA,CAMPO GRANDE,EST DE BELEM,3,564,RUA LARGA DO FEITOZA,EM FRENTE A ACADEMIA HI,EST DE BELEM,564,EM FRENTE A ACADEMIA HI,CAMPO GRANDE,COLISÃO FRONTAL,AUTO E MOTO,1,1,,,,,,,,1,,,SUBURBIO,Cruzamento,Bom,Não existe,Perfeito estado,Seca,Perfeito estado,Não existe,Não há placas,60 km/h,Dupla,Faixa seccionada,,,,
2019-11-22,17:48:00,COM VÍTIMA,FINALIZADA,IMBIRIBEIRA,AV MARECHAL MASCARENHAS DE MORAES,0,,RUA NORUEGA,EM FRENTE A MARAVILHA MOTOS ...BRADESCO,AV MARECHAL MASCARENHAS DE MORAES,,EM FRENTE A MARAVILHA MOTOS ...BRADESCO,IMBIRIBEIRA,ABALROAMENTO LONGITUDINAL,COLISÃO COM VITIMA  UMA SENHORA FOI ATENDIDA NO LOCAL PELO SAMU.,1,,,,,1,,,,1,,631,SUBURBIO,Cruzamento,Bom,Sem defeito,Perfeito estado,Seca,Perfeito estado,Faixa de retenção,R-4b,,Dupla,Faixa seccionada,,,,
2019-11-22,18:15:00,COM VÍTIMA,FINALIZADA,MADALENA,AV ENGENHEIRO ABDIAS DE CARVALHO,2,30,,ENF AO POSTO IPIRANGA E CLASSE A MAX BENEFÍCIOS. PROX A BOBS.,AV ENGENHEIRO ABDIAS DE CARVALHO,30,ENF AO POSTO IPIRANGA E CLASSE A MAX BENEFÍCIOS. PROX A BOBS.,MADALENA,ABALROAMENTO LONGITUDINAL,MOTO E AUTO,1,1,,,,,,,,1,,,CIDADE,Longo da via,Bom,Não existe,Perfeito estado,Seca,Mal conservada,,Não há placas,60 km/h,Única,Faixa,Canteiro central,,,
2019-11-22,18:40:00,COM VÍTIMA,FINALIZADA,VASCO DA GAMA,RUA VASCO DA GAMA,3,208,RUA JAPARATUBA,E/F AO SESI DO VASCO,RUA VASCO DA GAMA,208,E/F AO SESI DO VASCO,VASCO DA GAMA,ABALROAMENTO LONGITUDINAL,AUTO E MOTO,1,1,,,,,,,,1,,,SUBURBIO,Cruzamento,Bom,Não existe,,Seca,Perfeito estado,Outros,Outras,,Dupla,Não existe,,,,
2019-11-23,09:24:00,COM VÍTIMA,FINALIZADA,IMBIRIBEIRA,AV MARECHAL MASCARENHAS DE MORAES,4,2931,,EM FRENTE A HONDA E NEO BLINDADOS  SENT. CIDADE.,AV MARECHAL MASCARENHAS DE MORAES,2931,EM FRENTE A HONDA E NEO BLINDADOS  SENT. CIDADE.,IMBIRIBEIRA,COLISÃO TRASEIRA,AUTO E MOTO/ COM DUAS VITIMAS SAMU ACIONADO,1,1,,,,,,,,2,,631,CIDADE,Longo da via,Bom,Sem defeito,Perfeito estado,Seca,Perfeito estado,Faixa de pedestre,,,Dupla,Faixa contínua,Faixa seccionada,Canteiro central,,
2019-11-23,13:01:00,COM VÍTIMA,FINALIZADA,TORRE,AV BEIRA RIO,4,1219,,PROX: A PONTE DA TORRE E A ACADEMIA DA CIDADE.,AV BEIRA RIO,1219,PROX: A PONTE DA TORRE E A ACADEMIA DA CIDADE.,TORRE,ABALROAMENTO LONGITUDINAL,AUTO E MOTO,1,1,,,,,,,,1,,,SUBURBIO,Longo da via,Bom,Não existe,Perfeito estado,Seca,Perfeito estado,Outros,Outras,,Dupla,Faixa seccionada,,,,
2019-11-23,23:25:00,COM VÍTIMA,FINALIZADA,PRADO,RUA PANDIA CALOGERAS,0,,RUA RODRIGUES DE MENDONCA,NO CRUZAMENTO DAS DUAS RUAS,RUA PANDIA CALOGERAS,,NO CRUZAMENTO DAS DUAS RUAS,PRADO,COLISÃO COM CICLISTA,UM AUTO E UMA BICICLETA,1,,,1,,,,,,1,,,SUBURBIO,Cruzamento,Bom,Não existe,Perfeito estado,Seca,Perfeito estado,Não existe,Não há placas,,Dupla,Não existe,,,,
2019-11-24,00:43:00,COM VÍTIMA,FINALIZADA,IMBIRIBEIRA,AV MARECHAL MASCARENHAS DE MORAES,0,,AV GENERAL MAC ARTHUR,NO CRUZAMENTO MESMO,AV MARECHAL MASCARENHAS DE MORAES,,NO CRUZAMENTO MESMO,IMBIRIBEIRA,ABALROAMENTO TRANSVERSAL,AUTO E CAMINHÃO.,1,,,,,1,,,,1,,225,SUBURBIO,Cruzamento,Bom,Sem defeito,Perfeito estado,Seca,Perfeito estado,Faixa de pedestre,Não há placas,,Única,Faixa contínua,,,,
2019-11-24,08:27:00,COM VÍTIMA,FINALIZADA,SAO JOSE,RUA SAO JOAO,3,504,,EM FRENTE DO EDF DA GUARDA PATRIMONIAL,RUA SAO JOAO,504,EM FRENTE DO EDF DA GUARDA PATRIMONIAL,SÃO JOSÉ,TOMBAMENTO,AUTO E MOTO,1,1,,,,,,,,1,,,CIDADE,Longo da via,Bom,Não existe,Não existente,Seca,Perfeito estado,Não existe,Não há placas,,Única,Não existe,,,,
2019-11-24,10:42:00,COM VÍTIMA,FINALIZADA,IBURA,AV DOIS RIOS,3,550,,IBURA DE BAIXO EM FRENTE AO POSTO DE GASOLINA PETRONAC. IGREJA EL SHADAY.,AV DOIS RIOS,550,IBURA DE BAIXO EM FRENTE AO POSTO DE GASOLINA PETRONAC. IGREJA EL SHADAY.,IBURA,ABALROAMENTO TRANSVERSAL,AUTO E MOTO,1,1,,,,,,,,1,,,SUBURBIO,Longo da via,Bom,,Perfeito estado,Seca,Perfeito estado,Não existe,Não há placas,,Dupla,Faixa contínua,,,,
2019-11-24,13:37:00,COM VÍTIMA,FINALIZADA,IMBIRIBEIRA,AV MARECHAL MASCARENHAS DE MORAES,5,7935D,,PRÓX. DO TÚNEL FELIPE CAMARÃO/SENT. JABOATÃO,AV MARECHAL MASCARENHAS DE MORAES,7935D,PRÓX. DO TÚNEL FELIPE CAMARÃO/SENT. JABOATÃO,IMBIRIBEIRA,COLISÃO COM CICLISTA,MOTO E BICICLETA,,1,,1,,,,,,2,,,SUBURBIO,Longo da via,Bom,Não existe,Não existente,Seca,Perfeito estado,Não existe,Não há placas,60 km/h,Única,Canteiro central,,,,