data,hora,natureza_acidente,situacao,bairro,endereco,,numero,detalhe_endereco_acidente,complemento,endereco_cruzamento,numero_cruzamento,referencia_cruzamento,bairro_cruzamento,tipo,descricao,auto,moto,ciclom,ciclista,pedestre,onibus,caminhao,viatura,outros,vitimas,vitimasfatais,num_semaforo,sentido_via,acidente_verificado,tempo_clima,situacao_semaforo,sinalizacao,condicao_via,conservacao_via,ponto_controle,situacao_placa,velocidade_max_via,mao_direcao,divisao_via1,divisao_via2,divisao_via3,_id,Protocolo
2019-11-24,16:00:00,COM VÍTIMA,FINALIZADA,SAO JOSE,RUA IMPERIAL,4,1217,RUA BOM SUCESSO,PROX: AO VIADUTO DA AGAMENOM. PADARIA PÃO PÃO.,RUA IMPERIAL,1217,PROX: AO VIADUTO DA AGAMENOM. PADARIA PÃO PÃO.,SÃO JOSÉ,ABALROAMENTO TRANSVERSAL,COLISÃO COM VITIMA ENTRE DOIS AUTOS,2,,,,,,,,,2,,,SUBURBIO,Cruzamento,Bom,Sem defeito,Perfeito estado,Seca,Perfeito estado,Não existe,Outras,,Única,Faixa seccionada,,,,
2019-11-24,16:33:00,COM VÍTIMA,FINALIZADA,CORDEIRO,RUA DR JOAO LACERDA,2,82,RUA 10 DE NOVEMBRO,EM FRENTE AO REI DA CHARQUE,RUA DR JOAO LACERDA,82,EM FRENTE AO REI DA CHARQUE,CORDEIRO,ABALROAMENTO LONGITUDINAL,AUTO E MOTO.,1,1,,,,,,,,1,,,,Longo da via,Bom,Não existe,Perfeito estado,Seca,Perfeito estado,Faixa de pedestre,Não há placas,,Dupla,Faixa seccionada,,,,
2019-11-24,19:26:00,COM VÍTIMA,FINALIZADA,AGUA FRIA,EST VELHA DE AGUA FRIA,3,739,,PROX AO DENOCS,EST VELHA DE AGUA FRIA,739,PROX AO DENOCS,ÁGUA FRIA,ATROPELAMENTO,ATROPELAMENTO COM VITIMA ENTRE AUTO E PEDESTRE.,1,,,,1,,,,,1,,,SUBURBIO,Longo da via,Bom,Não existe,Perfeito estado,Seca,Perfeito estado,Não existe,R-6a,,Dupla,Faixa contínua,,,,
2019-11-24,20:20:00,COM VÍTIMA,FINALIZADA,AGUA FRIA,AV BEBERIBE,4,2446,RUA FERNANDO DA VEIGA PESSOA,E/F AO PAGODE DA PRESSAO,AV BEBERIBE,2446,E/F AO PAGODE DA PRESSAO,ÁGUA FRIA,ABALROAMENTO TRANSVERSAL,AUTO E MOTO.,1,1,,,,,,,,1,,,SUBURBIO,Longo da via,Bom,Não existe,Perfeito estado,Seca,Perfeito estado,Não existe,Não há placas,,Dupla,Faixa contínua,,,,
2019-11-24,22:48:00,COM VÍTIMA,FINALIZADA,AFLITOS,AV SANTOS DUMONT,3,490,RUA TELES JUNIOR,FARMÁCIA EXTRAFARMA,AV SANTOS DUMONT,490,FARMÁCIA EXTRAFARMA,AFLITOS,ABALROAMENTO TRANSVERSAL,AUTO E MOTO.,1,1,,,,,,,,1,,,SUBURBIO,Cruzamento,Bom,Não existe,Incompleta,Seca,Mal iluminada,Não existe,Não há placas,,Única,Não existe,,,,
2019-11-25,08:40:00,COM VÍTIMA,FINALIZADA,CORDEIRO,AV CAXANGA,0,,,E/F A ESTAÇÃO DO BRT GETÚLIO VARGAS.,AV CAXANGA,,E/F A ESTAÇÃO DO BRT GETÚLIO VARGAS.,CORDEIRO,COLISÃO TRASEIRA,COLISÃO C/VITIMA ENTRE UMA MOTO E AUTO,1,1,,,,,,,,1,,266,CIDADE,Longo da via,Bom,Sem defeito,Perfeito estado,Seca,Perfeito estado,Faixa de pedestre,,,Dupla,Canteiro central,,,,
2019-11-25,09:17:00,COM VÍTIMA,FINALIZADA,IMBIRIBEIRA,AV MARECHAL MASCARENHAS DE MORAES,0,,,APÓS A JACAÚNA DECORAÇÕES.,AV MARECHAL MASCARENHAS DE MORAES,,APÓS A JACAÚNA DECORAÇÕES.,IMBIRIBEIRA,ATROPELAMENTO,MOTO E PEDESTRE.,,1,,,1,,,,,2,,,SUBURBIO,Longo da via,Bom,Não existe,Perfeito estado,Seca,Perfeito estado,Não existe,R-6a,,Dupla,Faixa seccionada,Canteiro central,,,
2019-11-25,16:39:00,COM VÍTIMA,FINALIZADA,AFOGADOS,RUA SAO MIGUEL,4,1545,RUA MANOEL DE ALBUQUERQUE FERNANDES,E/F AO BODE DO NÔ. LADO OPOSTO A DROGARIA BONGI.,RUA SAO MIGUEL,1545,E/F AO BODE DO NÔ. LADO OPOSTO A DROGARIA BONGI.,AFOGADOS,ABALROAMENTO TRANSVERSAL,AUTO E MOTONETA,1,1,,,,,,,,1,,,CIDADE,Esquina,Bom,Não existe,Perfeito estado,Seca,Perfeito estado,Não existe,Não há placas,,Dupla,Faixa seccionada,,,,
2019-11-25,19:52:00,COM VÍTIMA,FINALIZADA,IMBIRIBEIRA,AV MARECHAL MASCARENHAS DE MORAES,4,4223,,EM FRENTE A UPA DA IMBIRIBEIRA,AV MARECHAL MASCARENHAS DE MORAES,4223,EM FRENTE A UPA DA IMBIRIBEIRA,IMBIRIBEIRA,ABALROAMENTO LONGITUDINAL,HONDA CRV X MOTO,1,1,,,,,,,,1,,310,CIDADE,Longo da via,Bom,Sem defeito,Perfeito estado,Seca,Perfeito estado,Não existe,Outras,,Única,Faixa seccionada,,,,
2019-11-26,07:59:00,COM VÍTIMA,FINALIZADA,RECIFE,AV MARQUES DE OLINDA,4,1817,RUA MARIZ E BARROS,AO LADO LOTERICA. EM FRENTE AO CAFÉ LIBERAL,AV MARQUES DE OLINDA,1817,AO LADO LOTERICA. EM FRENTE AO CAFÉ LIBERAL,BAIRRO DO RECIFE,ABALROAMENTO TRANSVERSAL,AUTO E MOTO.,1,1,,,,,,,,1,,,SUBURBIO,Cruzamento,Bom,Não existe,Incompleta,Seca,Perfeito estado,Não existe,Placas Pare,,,,,,,
2019-11-26,09:59:00,COM VÍTIMA,FINALIZADA,AREIAS,AV DR JOSE RUFINO,4,1099,RUA ENGENHEIRO ARNALDO LIMA,EM FRENTE AO SENAI,AV DR JOSE RUFINO,1099,EM FRENTE AO SENAI,AREIAS,ABALROAMENTO TRANSVERSAL,AUTO E MOTO,1,1,,,,,,,,1,,,SUBURBIO,Longo da via,Bom,Sem defeito,Perfeito estado,Seca,Perfeito estado,Faixa de pedestre,Não há placas,,Dupla,Faixa contínua,,,,
2019-11-26,12:26:00,COM VÍTIMA,FINALIZADA,IMBIRIBEIRA,RUA ITACARI,3,162,RUA ITAJAI,POR TRAS DO BANCO ITAU DA IMBIRIBEIRA. INOVE,RUA ITACARI,162,POR TRAS DO BANCO ITAU DA IMBIRIBEIRA. INOVE,IMBIRIBEIRA,ABALROAMENTO TRANSVERSAL,COLISÃO COM VITIMA. ENTRE CARRO E MOTO,1,1,,,,,,,,1,,,SUBURBIO,Cruzamento,Bom,Não existe,Perfeito estado,Seca,Perfeito estado,Faixa de pedestre,Placas Pare,,Única,Faixa contínua,,,,
2019-11-26,13:02:00,COM VÍTIMA,FINALIZADA,PINA,AV ANTONIO DE GOES,3,565,,EMPRESARIAL NEWTON LEMOS   FAIXA DA DIREITA,AV ANTONIO DE GOES,565,EMPRESARIAL NEWTON LEMOS   FAIXA DA DIREITA,PINA,COLISÃO TRASEIRA,AUTO E MOTO.,1,1,,,,,,,,1,,,CIDADE,Longo da via,Bom,Sem defeito,Perfeito estado,Seca,Perfeito estado,Agente,Outras,60 km/h,Única,Faixa seccionada,,,,
2019-11-26,14:50:00,COM VÍTIMA,FINALIZADA,ILHA DO RETIRO,AV BEIRA RIO,3,260,,PROX AO TUNEL E/F A EMPRESA DE SEGURANÇA GRUPO PRADO PARTICIPAÇÕES.,AV BEIRA RIO,260,PROX AO TUNEL E/F A EMPRESA DE SEGURANÇA GRUPO PRADO PARTICIPAÇÕES.,ILHA DO RETIRO,COLISÃO FRONTAL,COLISAO ENTRE AUTO E MOTO COM UMA VITIMA,1,1,,,,,,,,1,,,,Longo da via,Bom,Não existe,Perfeito estado,Seca,Perfeito estado,Não existe,R-6a,40 km/h,Dupla,Faixa seccionada,,,,
2019-11-26,15:48:00,COM VÍTIMA,FINALIZADA,BOA VISTA,AV CONDE DA BOA VISTA,4,1546,RUA PADRE INGLES,E/F A POLITEC GM,AV CONDE DA BOA VISTA,1546,E/F A POLITEC GM,BOA VISTA,COLISÃO COM CICLISTA,COLISAO ENTRE AUTO E CICLISTA,1,,,1,,,,,,1,,,,Esquina,Bom,Não existe,,Seca,Perfeito estado,,Placas Pare,40 km/h,Dupla,Canteiro central,,,,
2019-11-26,16:27:00,COM VÍTIMA,FINALIZADA,BOA VISTA,AV CONDE DA BOA VISTA,0,,RUA DOM BOSCO,AO LADO DO POSTO IPIRANGA,AV CONDE DA BOA VISTA,,AO LADO DO POSTO IPIRANGA,BOA VISTA,ABALROAMENTO LONGITUDINAL,COLISAO ENTRE AUTO E MOTO COM UMA VITIMA,1,1,,,,,,,,1,,27,SUBURBIO,Longo da via,Bom,Sem defeito,Perfeito estado,Seca,Perfeito estado,Outros,Outras,40 km/h,Única,Faixa contínua,,,,
2019-11-27,07:20:00,COM VÍTIMA,FINALIZADA,BEBERIBE,AV BEBERIBE,3,247,RUA PROFESSOR MIRANDA CURIO,AUTO ESCOLA NOVA BRLÉM,AV BEBERIBE,247,AUTO ESCOLA NOVA BRLÉM,BEBERIBE,ABALROAMENTO LONGITUDINAL,AUTO E MOTO,1,1,,,,,,,,1,,,SUBURBIO,Cruzamento,Bom,Não existe,Perfeito estado,Seca,Perfeito estado,Outros,Outras,,Dupla,Faixa seccionada,,,,
2019-11-27,08:22:00,COM VÍTIMA,FINALIZADA,PINA,AV HERCULANO BANDEIRA,3,480,,E/F A IGREJINHA DO PINA,AV HERCULANO BANDEIRA,480,E/F A IGREJINHA DO PINA,PINA,COLISÃO TRASEIRA,COLISÃO C/ VITIMA ENTRE UM CAMINHÃO  UMA MOTO E UM AUTO,1,1,,,,,1,,,1,,137,SUBURBIO,Longo da via,Bom,Sem defeito,Perfeito estado,Seca,Perfeito estado,Não existe,Outras,,Única,Faixa contínua,,,,
2019-11-27,12:04:00,COM VÍTIMA,FINALIZADA,ESPINHEIRO,RUA QUARENTA E OITO,0,,RUA DO ESPINHEIRO,EM FRENTE A DELICATESSEN ESPINHEIRO,RUA QUARENTA E OITO,,EM FRENTE A DELICATESSEN ESPINHEIRO,ESPINHEIRO,COLISÃO COM CICLISTA,MOTO E BICICLETA.,,1,,1,,,,,,1,,166,SUBURBIO,Cruzamento,Bom,Sem defeito,Perfeito estado,Seca,Perfeito estado,Agente,Placas Dê a preferência,40 km/h,Única,Faixa seccionada,,,,
2019-11-27,13:32:00,COM VÍTIMA,FINALIZADA,COELHOS,RUA DOS COELHOS,3,123,,APOS O IMIP PROX AO VIADUTO JOAQUIM CARDOSO. LADO OPOSTO A UNIDADE DE SAÚDE DA FAMÍLIA COELHOS I,RUA DOS COELHOS,123,APOS O IMIP PROX AO VIADUTO JOAQUIM CARDOSO. LADO OPOSTO A UNIDADE DE SAÚDE DA FAMÍLIA COELHOS I,COELHOS,COLISÃO FRONTAL,COLISAO ENTRE AUTO E MOTO COM UMA VITIMA,1,1,,,,,,,,1,,,SUBURBIO,Longo da via,Bom,Não existe,Perfeito estado,Seca,Perfeito estado,Não existe,R-6a,,Dupla,Faixa contínua,,,,
2019-11-27,20:51:00,COM VÍTIMA,FINALIZADA,CAMPO GRANDE,EST DE BELEM,4,1795,RUA HERMILIO GOMES,E/F AO POSTO PETRONAL,EST DE BELEM,1795,E/F AO POSTO PETRONAL,CAMPO GRANDE,ABALROAMENTO TRANSVERSAL,ENTRE AUTO X MOTO COM VÍTIMA,1,1,,,,,,,,1,,,SUBURBIO,Longo da via,Bom,Não existe,,Seca,Perfeito estado,Não existe,,,Dupla,Faixa contínua,Faixa seccionada,,,
2019-11-28,08:28:00,COM VÍTIMA,FINALIZADA,CASA AMARELA,RUA BELA VISTA,0,,RUA DES MOTTA JUNIOR,NO CRUZAMENTO COM A RUA DESEMBARGADOR MOTA JUNIOR,RUA BELA VISTA,,NO CRUZAMENTO COM A RUA DESEMBARGADOR MOTA JUNIOR,CASA AMARELA,ABALROAMENTO TRANSVERSAL,COLISÃO COM VITIMA SOCORRIDO PELO SAMU,1,1,,,,,,,,1,,,SUBURBIO,Cruzamento,Bom,Não existe,Perfeito estado,Seca,Perfeito estado,,,,Dupla,,,,,
2019-11-28,08:42:00,COM VÍTIMA,FINALIZADA,APIPUCOS,RUA DE APIPUCOS,3,235,,EM FRENTE AO EDIFICIO SARDENHA,RUA DE APIPUCOS,235,EM FRENTE AO EDIFICIO SARDENHA,APIPUCOS,COLISÃO TRASEIRA,COLISÃO COM VITIMA SOCORRIDA PELO SAMU,4,,,,,,,,,1,,,CIDADE,Longo da via,Bom,Não existe,Perfeito estado,Seca,Perfeito estado,Não existe,R-6a,60 km/h,Dupla,Faixa contínua,,,,
2019-11-28,09:24:00,COM VÍTIMA,FINALIZADA,IBURA,AV DOIS RIOS,4,1392,RUA RIO XINGU,EM FRENTE AO CONSULTORIO MEDICO DO IBURA . IRGEJA PENTECOSTAL,AV DOIS RIOS,1392,EM FRENTE AO CONSULTORIO MEDICO DO IBURA . IRGEJA PENTECOSTAL,IBURA,ATROPELAMENTO,COLISÃO COM VITIMA A ESPERA DO SAMU,,1,,,1,,,,,1,,,CIDADE,Longo da via,Bom,Não existe,Perfeito estado,Seca,Perfeito estado,Não existe,Placas Dê a preferência,,Dupla,Faixa contínua,Faixa seccionada,,,
2019-11-28,12:14:00,COM VÍTIMA,FINALIZADA,MADALENA,RUA DEMOCRITO DE SOUZA FILHO,2,17,RUA PROFESSOR JOSE TORRES PIRES,APOS A PONTE DA CAPUNGA GM NO LOCAL GERANDO O B.O,RUA DEMOCRITO DE SOUZA FILHO,17,APOS A PONTE DA CAPUNGA GM NO LOCAL GERANDO O B.O,MADALENA,ABALROAMENTO TRANSVERSAL,COLISAO ENTRE AUTO E MOTO,1,1,,,,,,,,1,,,SUBURBIO,Cruzamento,Bom,Não existe,Perfeito estado,Seca,Perfeito estado,Não existe,Placas Pare,40 km/h,Única,Não existe,,,,
2019-11-28,14:07:00,COM VÍTIMA,FINALIZADA,DERBY,RUA BENFICA,3,480,,EM FRENTE A ACADEMIA FERNANDES BELTRÃO E A PRAÇA DO INTERNACIONAL,RUA BENFICA,480,EM FRENTE A ACADEMIA FERNANDES BELTRÃO E A PRAÇA DO INTERNACIONAL,DERBY,COLISÃO TRASEIRA,COLISÃO COM VITIMA/ CONDUTOR DO AUTO SE AVADIU,1,1,,,,,,,,1,,,SUBURBIO,Longo da via,Bom,Sem defeito,Ilegível,Seca,Perfeito estado,Não existe,R-6a,,Dupla,,,,,
2019-11-28,14:15:00,COM VÍTIMA,FINALIZADA,CAXANGA,AV CAXANGA,4,1332,,EM FRENTE A CASA DO CONSTRUTOR  SENTIDO CAMARAGIBE,AV CAXANGA,1332,EM FRENTE A CASA DO CONSTRUTOR  SENTIDO CAMARAGIBE,CAXANGÁ,ABALROAMENTO LONGITUDINAL,COLISÃO COM VITIMA,1,1,,,,,,,,2,,,SUBURBIO,Longo da via,Bom,Não existe,Perfeito estado,Seca,Perfeito estado,Não existe,Não há placas,,Dupla,Canteiro central,,,,
2019-11-28,16:47:00,COM VÍTIMA,FINALIZADA,MADALENA,AV VISCONDE DE ALBUQUERQUE,3,205,,EM FRENTE A CULTURA INGLESA... APOS O ITAU,AV VISCONDE DE ALBUQUERQUE,205,EM FRENTE A CULTURA INGLESA... APOS O ITAU,MADALENA,COLISÃO,COLISÃO COM VITIMA,1,1,,,,,,,,2,,,SUBURBIO,Longo da via,Bom,Sem defeito,Perfeito estado,Seca,Perfeito estado,Faixa de pedestre,Outras,,Única,Faixa seccionada,,,,
2019-11-29,06:45:00,COM VÍTIMA,FINALIZADA,ILHA JOANA BEZERRA,AV DES GUERRA BARRETO,0,,,EM FRENTE AO FORUM RODOLFO AURELIANO,AV DES GUERRA BARRETO,,EM FRENTE AO FORUM RODOLFO AURELIANO,ILHA JOANA BEZERRA,COLISÃO COM CICLISTA,AUTO E CICLISTA,1,,,1,,,,,,1,,38,CIDADE,Longo da via,Bom,Sem defeito,Incompleta,Seca,Mal conservada,Não existe,Não há placas,,Dupla,Faixa contínua,,,,
2019-11-29,07:44:00,COM VÍTIMA,FINALIZADA,APIPUCOS,RUA DE APIPUCOS,0,,,AÇUDE DE APIPUCOS,RUA DE APIPUCOS,,AÇUDE DE APIPUCOS,APIPUCOS,ABALROAMENTO TRANSVERSAL,COLISÃO ENTRE AUTO E MOTO,1,1,,,,,,,,1,,,CIDADE,Longo da via,Bom,Não existe,Perfeito estado,Seca,Perfeito estado,,Placas Pare,,Dupla,Faixa seccionada,,,,
2019-11-29,07:57:00,COM VÍTIMA,FINALIZADA,JORDAO,AV MARIA IRENE,4,1672,,PROX AO POSTO IPIRANGA,AV MARIA IRENE,1672,PROX AO POSTO IPIRANGA,JORDÃO,ABALROAMENTO TRANSVERSAL,AUTO E MOTO.,1,1,,,,,,,,1,,,CIDADE,Longo da via,Bom,Não existe,Não existente,Seca,Perfeito estado,Não existe,Não há placas,,Dupla,Faixa contínua,,,,
2019-11-29,10:07:00,COM VÍTIMA,FINALIZADA,IPSEP,RUA JEAN EMILE FAVRE,4,1586,RUA CRUZ E SOUZA,E/F AO SUPERMERCADO QUALIPREÇO (SENT. AV. RECIFE),RUA JEAN EMILE FAVRE,1586,E/F AO SUPERMERCADO QUALIPREÇO (SENT. AV. RECIFE),IPSEP,ABALROAMENTO LONGITUDINAL,COLISÃO C/VITIMAS ENTRE UMA MOTO E UM AUTO,1,1,,,,,,,,2,,135,CIDADE,Longo da via,Bom,Não existe,Perfeito estado,Seca,Perfeito estado,Não existe,Não há placas,40 km/h,Dupla,Faixa contínua,Faixa seccionada,,,
2019-11-29,12:48:00,COM VÍTIMA,FINALIZADA,BOA VIAGEM,AV DOM JOAO VI,0,,,APOS O TUNEL AUGUSTO LUCENA. LADO OPOSTO AO SHOPPING RECIFE.,AV DOM JOAO VI,,APOS O TUNEL AUGUSTO LUCENA. LADO OPOSTO AO SHOPPING RECIFE.,BOA VIAGEM,COLISÃO TRASEIRA,DOIS AUTOS.,2,,,,,,,,,1,,,SUBURBIO,Longo da via,Bom,Não existe,Perfeito estado,Seca,Perfeito estado,,Não há placas,60 km/h,,Faixa seccionada,,,,
2019-11-29,14:30:00,COM VÍTIMA,FINALIZADA,AFOGADOS,RUA COSME VIANA,3,135,RUA CORONEL ALFREDO DUARTE,PROX AO POSTO SETTA NO SEMAFORO 430. CHURRASCARIA FULL HOUSE.,RUA COSME VIANA,135,PROX AO POSTO SETTA NO SEMAFORO 430. CHURRASCARIA FULL HOUSE.,AFOGADOS,TOMBAMENTO,ACID DE PERCURSO COM VITIMA,,1,,,,,,,,1,,430,SUBURBIO,Longo da via,Bom,Sem defeito,Perfeito estado,Seca,Perfeito estado,Faixa de retenção,Outras,,Dupla,Não existe,,,,
2019-11-29,15:34:00,COM VÍTIMA,FINALIZADA,BOA VIAGEM,AV ENGENHEIRO DOMINGOS FERREIRA,0,,RUA ALEXANDRINO MARTINS RODRIGUES,E/F AO CENTRO SUL,AV ENGENHEIRO DOMINGOS FERREIRA,,E/F AO CENTRO SUL,BOA VIAGEM,ABALROAMENTO LONGITUDINAL,AUTO E MOTO.,1,1,,,,,,,,1,,303,SUBURBIO,Cruzamento,Bom,Sem defeito,Perfeito estado,Seca,Perfeito estado,Faixa de pedestre,Outras,60 km/h,Única,Canteiro central,,,,
2019-11-29,16:54:00,COM VÍTIMA,FINALIZADA,MADALENA,RUA LOPES DE CARVALHO,3,400,AV VISCONDE DE ALBUQUERQUE,E/F A GALERIA MADALENA CENTER,RUA LOPES DE CARVALHO,400,E/F A GALERIA MADALENA CENTER,MADALENA,ABALROAMENTO TRANSVERSAL,COLISAO ENTRE AUTO E MOTO COM UMA VITIMA,1,1,,,,,,,,1,,,SUBURBIO,Cruzamento,Bom,Não existe,Perfeito estado,Seca,Perfeito estado,Não existe,R-24a,,Única,Faixa seccionada,,,,
2019-11-29,18:35:00,COM VÍTIMA,FINALIZADA,CORDEIRO,AV GENERAL SAN MARTIN,0,,RUA CLOTILDE DE OLIVEIRA,PROX. DO GERTULIO VARGAS,AV GENERAL SAN MARTIN,,PROX. DO GERTULIO VARGAS,CORDEIRO,ABALROAMENTO TRANSVERSAL,AUTO E MOTO.,1,1,,,,,,,,1,,185,SUBURBIO,Cruzamento,Bom,Sem defeito,Perfeito estado,Outros,Outros,Faixa de pedestre,R-6a,,Dupla,Faixa seccionada,,,,
2019-11-30,03:36:00,COM VÍTIMA,FINALIZADA,CABANGA,AV ENGENHEIRO JOSE ESTELITA,0,,,NO VIADUTO DAS CINCO PONTAS,AV ENGENHEIRO JOSE ESTELITA,,NO VIADUTO DAS CINCO PONTAS,CABANGA,COLISÃO TRASEIRA,COLISAO COM VITIMAS ENTRE DOIS AUTOS.,2,,,,,,,,,1,,,CIDADE,Longo da via,Bom,Não existe,Perfeito estado,Seca,Perfeito estado,Não existe,Não há placas,60 km/h,Única,Faixa seccionada,,,,
2019-11-30,04:43:00,COM VÍTIMA,FINALIZADA,SAO JOSE,AV SUL,2,48,,POR TRAS DO FORTE DAS CINCO PONTAS,AV SUL,48,POR TRAS DO FORTE DAS CINCO PONTAS,SÃO JOSÉ,ATROPELAMENTO,AUTO E PEDESTRE.,1,,,,1,,,,,1,,,CIDADE,Longo da via,Bom,Não existe,Perfeito estado,Seca,Perfeito estado,Não existe,Não há placas,,Única,,,,,
2019-11-30,06:04:00,COM VÍTIMA,FINALIZADA,IBURA,AV DOIS RIOS,3,673,,PROXIMO AO SESI DO IBURA. LADO OPOSTO AO NÚMERO INFORMADO.,AV DOIS RIOS,673,PROXIMO AO SESI DO IBURA. LADO OPOSTO AO NÚMERO INFORMADO.,IBURA,CHOQUE OBJETO FIXO,ONIBUS CHOCOU-SE COM UM POSTE,,,,,,1,,,,3,,,CIDADE,Longo da via,Bom,Sem defeito,Perfeito estado,Seca,Perfeito estado,Não existe,R-6c,,Dupla,Faixa contínua,,,,
2019-11-30,12:50:00,COM VÍTIMA,FINALIZADA,IBURA,AV DOM HELDER CAMARA,0,,,AO LADO DO NUCLEO DA POLICIA MILITAR.,AV DOM HELDER CAMARA,,AO LADO DO NUCLEO DA POLICIA MILITAR.,IBURA,COLISÃO TRASEIRA,COLISÃO COM VITIMA ENTRE DUAS MOTOS.,,2,,,,,,,,1,,,SUBURBIO,Longo da via,Bom,Não existe,Ilegível,Seca,Perfeito estado,Outros,Não há placas,,,Faixa seccionada,,,,
2019-11-30,15:56:00,COM VÍTIMA,FINALIZADA,SAO JOSE,RUA DA CONCORDIA,3,871,RUA DO PEIXOTO,EM FRENTE A JOSÉ DE LEMOS VASCONCELOS.,RUA DA CONCORDIA,871,EM FRENTE A JOSÉ DE LEMOS VASCONCELOS.,SÃO JOSÉ,ABALROAMENTO TRANSVERSAL,COLISÃO COM VÍTIMA ENTRE MOTO E ÔNIBUS.,,1,,,,1,,,,1,,182,CIDADE,Cruzamento,Bom,Sem defeito,Perfeito estado,Seca,Perfeito estado,Não existe,R-6a,,Única,Não existe,,,,
2019-11-30,19:09:00,COM VÍTIMA,FINALIZADA,FUNDAO,RUA CORONEL URBANO RIBEIRO DE SENA,0,,AV BEBERIBE,NO CRUZAMENTO MESMO,RUA CORONEL URBANO RIBEIRO DE SENA,,NO CRUZAMENTO MESMO,FUNDÃO,ABALROAMENTO LONGITUDINAL,AUTO E MOTO,1,1,,,,,,,,1,,307,SUBURBIO,Longo da via,Bom,Sem defeito,Perfeito estado,Seca,Perfeito estado,Faixa de pedestre,Não há placas,,Dupla,Faixa contínua,Faixa seccionada,,,
2019-12-01,00:17:00,COM VÍTIMA,FINALIZADA,SAO JOSE,RUA IMPERIAL,0,,TRV PADRE AZEVEDO,NO PRIMEIRO SEMAFORO DA IMPERIAL DEPOIS DO POSTO BR // PROX AO HOTEL CRISTAL,RUA IMPERIAL,,NO PRIMEIRO SEMAFORO DA IMPERIAL DEPOIS DO POSTO BR // PROX AO HOTEL CRISTAL,SÃO JOSÉ,ABALROAMENTO TRANSVERSAL,SIENA X MOTO,1,1,,,,,,,,1,,511,SUBURBIO,Cruzamento,Bom,Intermitente,Perfeito estado,Seca,Perfeito estado,Faixa de pedestre,Não há placas,,Única,Faixa contínua,,,,
2019-12-01,12:44:00,COM VÍTIMA,FINALIZADA,VARZEA,AV PROFESSOR MORAES REGO,0,,RUA EMILIANO BRAGA,AO LADO DO TERMINAL DE CDU/ PROX AO VDT DA CAXANGA,AV PROFESSOR MORAES REGO,,AO LADO DO TERMINAL DE CDU/ PROX AO VDT DA CAXANGA,VÁRZEA,COLISÃO,AUTO PASSEIO X MOTO COM VÍTIMA,1,1,,,,,,,,2,,,SUBURBIO,,,,,,,,,,,,,,,
2019-12-01,13:24:00,COM VÍTIMA,FINALIZADA,CORDEIRO,RUA CLOTILDE DE OLIVEIRA,0,,AV GENERAL SAN MARTIN,EM FRENTE DO HOSP. GERTULIO VARGAS,RUA CLOTILDE DE OLIVEIRA,,EM FRENTE DO HOSP. GERTULIO VARGAS,CORDEIRO,COLISÃO FRONTAL,COLISÃO COM VÍTIMA ENTRE MOTO E AUTO.,1,1,,,,,,,,1,,185,,Cruzamento,Bom,Sem defeito,Ilegível,Seca,Mal conservada,Outros,R-6a,,Dupla,Faixa contínua,,,,
2019-12-01,13:46:00,COM VÍTIMA,FINALIZADA,BOA VIAGEM,RUA PROFESSOR JOAO MEDEIROS,0,,,E/F AO EXTRABOM/ PROX AO PAPACAPIM,RUA PROFESSOR JOAO MEDEIROS,,E/F AO EXTRABOM/ PROX AO PAPACAPIM,BOA VIAGEM,ABALROAMENTO LONGITUDINAL,ENTRE AUTO PASSEIO E MOTO COM VÍTIMA,1,1,,,,,,,,1,,,,Longo da via,Bom,Não existe,Perfeito estado,Seca,Perfeito estado,Não existe,Não há placas,,Única,Faixa seccionada,,,,