data,hora,natureza_acidente,situacao,bairro,endereco,,numero,detalhe_endereco_acidente,complemento,endereco_cruzamento,numero_cruzamento,referencia_cruzamento,bairro_cruzamento,tipo,descricao,auto,moto,ciclom,ciclista,pedestre,onibus,caminhao,viatura,outros,vitimas,vitimasfatais,num_semaforo,sentido_via,acidente_verificado,tempo_clima,situacao_semaforo,sinalizacao,condicao_via,conservacao_via,ponto_controle,situacao_placa,velocidade_max_via,mao_direcao,divisao_via1,divisao_via2,divisao_via3,_id,Protocolo
2019-12-01,18:49:00,COM VÍTIMA,FINALIZADA,SANTO AMARO,AV GOVERNADOR AGAMENON MAGALHAES,0,,AV DR JAYME DA FONTE,SENTIDO OLINDA,AV GOVERNADOR AGAMENON MAGALHAES,,SENTIDO OLINDA,SANTO AMARO,ATROPELAMENTO,MOTO X PEDESTRE,,1,,,1,,,,,1,,49,SUBURBIO,Cruzamento,Bom,Sem defeito,Perfeito estado,Seca,Perfeito estado,Faixa de pedestre,Outras,,Dupla,Faixa seccionada,Canteiro central,,,
2019-12-02,07:37:00,COM VÍTIMA,FINALIZADA,ESTANCIA,RUA MORAIS E SILVA,3,540,AV DR JOSE RUFINO,PROX AO CENTRO COMERCIAL EM FRENTE A GALERIA MARGARIDA,RUA MORAIS E SILVA,540,PROX AO CENTRO COMERCIAL EM FRENTE A GALERIA MARGARIDA,ESTÂNCIA,ABALROAMENTO TRANSVERSAL,AUTO E MOTO.,1,1,,,,,,,,1,,,SUBURBIO,Cruzamento,Bom,Não existe,Incompleta,Seca,Mal conservada,Não existe,R-6a,,Dupla,Faixa contínua,,,,
2019-12-02,07:44:00,COM VÍTIMA,FINALIZADA,CORDEIRO,AV PROFESSOR ESTEVAO FRANCISCO DA COSTA,3,121,RUA 10 DE NOVEMBRO,EM FRENTE A ANTIGA PADARIA RAINHA DA TORRE. MERC FRUTI.,AV PROFESSOR ESTEVAO FRANCISCO DA COSTA,121,EM FRENTE A ANTIGA PADARIA RAINHA DA TORRE. MERC FRUTI.,CORDEIRO,COLISÃO TRASEIRA,AUTO E MOTO,1,1,,,,,,,,1,,280,AV. CAXANGÁ,Cruzamento,Bom,Sem defeito,Perfeito estado,Seca,Perfeito estado,Outros,R-4b,40 km/h,Dupla,Canteiro central,Canal,,,
2019-12-02,08:03:00,COM VÍTIMA,FINALIZADA,MADALENA,EST DOS REMEDIOS,0,,RUA BENFICA,SEMAFORO 051 PROX AO POSTO DE SAUDE LESSA DE ANDRADE,EST DOS REMEDIOS,,SEMAFORO 051 PROX AO POSTO DE SAUDE LESSA DE ANDRADE,MADALENA,COLISÃO COM CICLISTA,ÔNIBUS E BICICLETA.,,,,1,,1,,,,1,,51,CIDADE,Cruzamento,Bom,Sem defeito,Perfeito estado,Seca,Perfeito estado,Agente,R-4a,60 km/h,Dupla,Faixa,,,,
2019-12-02,13:44:00,COM VÍTIMA,FINALIZADA,RECIFE,AV ALFREDO LISBOA,4,1168,,EM FRENTE AO MINISTERIO DA FAZENDA,AV ALFREDO LISBOA,1168,EM FRENTE AO MINISTERIO DA FAZENDA,BAIRRO DO RECIFE,COLISÃO TRASEIRA,CONDUTOR DA MOTOCICLETA COLIDIU NA TRASEIRA DE UM SEGUNDO VEÍCULO QUE NÃO TEVE SUA PLACA IDENTIFICADA.,1,1,,,,,,,,1,,,SUBURBIO,Longo da via,Bom,Não existe,Perfeito estado,Seca,Perfeito estado,,,,,,,,,
2019-12-02,15:09:00,COM VÍTIMA,FINALIZADA,BOA VIAGEM,AV ENGENHEIRO DOMINGOS FERREIRA,0,,,E/F AO EXTRA S/T PIEDADE,AV ENGENHEIRO DOMINGOS FERREIRA,,E/F AO EXTRA S/T PIEDADE,BOA VIAGEM,COLISÃO TRASEIRA,ACIDENTE ENVOLVENDO TRÊS MOTOS E UM AUTO.,1,3,,,,,,,,2,,,SUBURBIO,Longo da via,Bom,Não existe,Perfeito estado,Seca,Perfeito estado,Não existe,R-32,,Única,Faixa contínua,Faixa seccionada,Canteiro central,,
2019-12-02,15:23:00,COM VÍTIMA,FINALIZADA,MUSTARDINHA,AV ENGENHEIRO ABDIAS DE CARVALHO,4,1793,,E/F A FACULDADE ESTÁCIO (SENT. BR 232),AV ENGENHEIRO ABDIAS DE CARVALHO,1793,E/F A FACULDADE ESTÁCIO (SENT. BR 232),MUSTARDINHA,COLISÃO TRASEIRA,COLISÃO C/VITIMA UMA MOTO E UM AUTO,1,1,,,,,,,,1,,328,SUBURBIO,Longo da via,Bom,Sem defeito,Perfeito estado,Seca,Perfeito estado,Faixa de pedestre,Outras,,Dupla,Faixa seccionada,Canteiro central,,,
2019-12-02,15:56:00,COM VÍTIMA,FINALIZADA,ENCRUZILHADA,AV JOAO DE BARROS,0,,,,AV JOAO DE BARROS,,,ENCRUZILHADA,COLISÃO TRASEIRA,COLISAO ENTRE AUTOS E MOTO COM UMA VITIMA,1,1,,,,,,,,1,,,CIDADE,Longo da via,Bom,Sem defeito,Perfeito estado,Seca,Perfeito estado,Faixa de pedestre,,,Única,,,,,
2019-12-02,16:19:00,COM VÍTIMA,FINALIZADA,AFOGADOS,RUA DA PAZ,2,82,RUA NICOLAU PEREIRA,EM FRENTE A CAIXA ECONOMICA E FÁBRICA DA INDÚSTRIA E COMÉRCIO.,RUA DA PAZ,82,EM FRENTE A CAIXA ECONOMICA E FÁBRICA DA INDÚSTRIA E COMÉRCIO.,AFOGADOS,COLISÃO COM CICLISTA,CAMINHÃO E BICICLETA.,,,,1,,,1,,,1,,73,SUBURBIO,Cruzamento,Bom,Sem defeito,Perfeito estado,Seca,Perfeito estado,Agente,R-6a,40 km/h,Única,,,,,
2019-12-02,18:16:00,COM VÍTIMA,FINALIZADA,CASA AMARELA,RUA PADRE LEMOS,0,,,EM FRENTE A IGREJA UNIVERSAL,RUA PADRE LEMOS,,EM FRENTE A IGREJA UNIVERSAL,CASA AMARELA,ABALROAMENTO LONGITUDINAL,COLISAO COM VITIMAS,,1,,,,,,,1,1,,,CIDADE,Longo da via,Bom,Não existe,Perfeito estado,Seca,Perfeito estado,,,,Dupla,,,,,
2019-12-02,21:55:00,COM VÍTIMA,FINALIZADA,IMBIRIBEIRA,AV DOM JOAO VI,0,,RUA SOLDADO SINESIO DE ARAGAO,E/F A SAÍDA DO SHOPPING RECIFE/ PARCÃO SHOPPING RECIFE,AV DOM JOAO VI,,E/F A SAÍDA DO SHOPPING RECIFE/ PARCÃO SHOPPING RECIFE,IMBIRIBEIRA,ABALROAMENTO LONGITUDINAL,AUTO E MOTO.,1,1,,,,,,,,1,,639,SUBURBIO,Esquina,Bom,Sem defeito,Perfeito estado,Seca,Perfeito estado,Faixa de pedestre,Não há placas,,Única,Canal,,,,
2019-12-03,08:39:00,COM VÍTIMA,FINALIZADA,IBURA,RUA RIO XINGU,4,555A,,RUA DO QUALITY VIDRO,RUA RIO XINGU,555A,RUA DO QUALITY VIDRO,IBURA,ATROPELAMENTO,MOTO E PEDESTRE,,1,,,1,,,,,1,,,OESTE,Longo da via,Bom,Não existe,Não existente,Seca,Perfeito estado,Não existe,Não há placas,30 km/h,Dupla,Faixa seccionada,,,,
2019-12-03,11:03:00,COM VÍTIMA,FINALIZADA,BARRO,AV DR JOSE RUFINO,4,2221,,E/F A IGREJA CATÓLICA DO BARRO. LADO OPOSTO À ESCOLA IMACULADA CONCEIÇÃO.,AV DR JOSE RUFINO,2221,E/F A IGREJA CATÓLICA DO BARRO. LADO OPOSTO À ESCOLA IMACULADA CONCEIÇÃO.,BARRO,ABALROAMENTO TRANSVERSAL,COLISÃO C/VITIMA ENTRE UM ONIBUS E UM AUTO,1,,,,,1,,,,1,,539,CIDADE,Longo da via,Bom,,Perfeito estado,Seca,Perfeito estado,,Outras,40 km/h,Dupla,Faixa,,,,
2019-12-03,08:46:00,COM VÍTIMA,FINALIZADA,SANTO ANTONIO,RUA SIQUEIRA CAMPOS,0,,AV DANTAS BARRETO,CRUZ COM A AV DANTAS BARRETOS,RUA SIQUEIRA CAMPOS,,CRUZ COM A AV DANTAS BARRETOS,SANTO ANTÔNIO,ABALROAMENTO TRANSVERSAL,COLISÃO EM SEGUIDA DE ATROPELAMENTO VITIMA SOCORRIDA PELO SAMU BT 13 QTH. DOIS AUTOS E UM ÔNIBUS ENVOLVIDOS.,2,,,,1,,,1,,1,,141,CIDADE,Cruzamento,Bom,Sem defeito,Perfeito estado,Seca,Perfeito estado,Faixa de pedestre,R-6a,,Única,Faixa contínua,,,,
2019-12-03,08:52:00,COM VÍTIMA,FINALIZADA,MADALENA,RUA BENFICA,4,1008,RUA DR NAPOLEAO LAUREANO,EM FRENTE A DELEGACIA GPCA. PRÓXIMO AO CRUZAMENTO CITADO NESTE PROTOCOLO.,RUA BENFICA,1008,EM FRENTE A DELEGACIA GPCA. PRÓXIMO AO CRUZAMENTO CITADO NESTE PROTOCOLO.,MADALENA,ABALROAMENTO LONGITUDINAL,COLISÃO ENTRE AUTO  ÔNIBUS E MOTO.,1,1,,,,1,,,,1,,,CIDADE,Longo da via,Bom,Sem defeito,Perfeito estado,Seca,Perfeito estado,Não existe,Outras,,Dupla,Faixa contínua,Faixa seccionada,,,
2019-12-03,17:11:00,COM VÍTIMA,FINALIZADA,SAO JOSE,PTE GIRATORIA,0,,,SOBRE A PONTE.,PTE GIRATORIA,,SOBRE A PONTE.,SÃO JOSÉ,ABALROAMENTO LONGITUDINAL,COLISAO ENTRE MOTO E DOIS AUTOS COM UMA VITIMA,2,1,,,,,,,,1,,473,SUBURBIO,Ponte,Bom,Sem defeito,Perfeito estado,Seca,Perfeito estado,Não existe,Não há placas,,Dupla,Faixa seccionada,Canteiro central,,,
2019-12-03,18:11:00,COM VÍTIMA,FINALIZADA,ILHA DO RETIRO,AV ENGENHEIRO ABDIAS DE CARVALHO,0,,RUA SENADOR FABIO DE BARROS,NA ROTATÓRIA. EM FRENTE AO POSTO IPIRANGA.,AV ENGENHEIRO ABDIAS DE CARVALHO,,NA ROTATÓRIA. EM FRENTE AO POSTO IPIRANGA.,ILHA DO RETIRO,ABALROAMENTO LONGITUDINAL,DOIS AUTOS E UMA MOTO.,2,1,,,,,,,,1,,,SUBURBIO,Longo da via,Bom,Não existe,Incompleta,Seca,Outros,Não existe,R-6a,,Dupla,Canteiro central,,,,
2019-12-03,18:59:00,COM VÍTIMA,FINALIZADA,FUNDAO,AV BEBERIBE,4,2442,RUA SAO JOAQUIM DO MONTE,ENTRE POSTO DE GASOLINA BR E DISK GAS,AV BEBERIBE,2442,ENTRE POSTO DE GASOLINA BR E DISK GAS,FUNDÃO,ABALROAMENTO TRANSVERSAL,PALIO X MOTO,1,1,,,,,,,,1,,153,,Esquina,Bom,Sem defeito,Perfeito estado,Seca,Perfeito estado,Não existe,Outras,,Dupla,Faixa seccionada,Faixa contínua,,,
2019-12-03,20:02:00,COM VÍTIMA,FINALIZADA,JAQUEIRA,RUA SIMAO MENDES,3,200,,PROXIMO AO PARQUE DA JAQUEIRA,RUA SIMAO MENDES,200,PROXIMO AO PARQUE DA JAQUEIRA,JAQUEIRA,ABALROAMENTO LONGITUDINAL,COLISÃO AUTO X MOTO C/VITIMA,1,1,,,,,,,,1,,,SUBURBIO,Longo da via,Bom,Não existe,Ilegível,Seca,Mal iluminada,Não existe,R-6a,40 km/h,Dupla,Não existe,,,,
2019-12-03,20:32:00,COM VÍTIMA,FINALIZADA,BOA VIAGEM,AV ENGENHEIRO DOMINGOS FERREIRA,0,,RUA ANTONIO FALCAO,E/F AO CARREFOUR,AV ENGENHEIRO DOMINGOS FERREIRA,,E/F AO CARREFOUR,BOA VIAGEM,ABALROAMENTO LONGITUDINAL,DOIS ONIBUS X AUTO PASSEIO X MOTO COM VÍTIMA,1,1,,,,2,,,,7,,145,SUBURBIO,Cruzamento,Bom,Sem defeito,Perfeito estado,Seca,Perfeito estado,Faixa de pedestre,R-25d,,Única,Faixa seccionada,,,,
2019-12-03,22:36:00,COM VÍTIMA,FINALIZADA,DOIS IRMAOS,RUA MANUEL DE MEDEIROS,4,1360,,E/F AO CENTRO DE ZOOTECNIA,RUA MANUEL DE MEDEIROS,1360,E/F AO CENTRO DE ZOOTECNIA,DOIS IRMÃOS,COLISÃO FRONTAL,DOIS AUTOS COM VÍTIMA,2,1,,,,,,,,2,,,SUBURBIO,Longo da via,Bom,Não existe,Não existente,Seca,Perfeito estado,Não existe,Não há placas,,Dupla,Faixa seccionada,,,,
2019-12-04,05:50:00,COM VÍTIMA,FINALIZADA,AGUA FRIA,RUA ALEGRE,3,355,,PROX DA J E C MOTO PEÇAS SERVIÇOS,RUA ALEGRE,355,PROX DA J E C MOTO PEÇAS SERVIÇOS,ÁGUA FRIA,CHOQUE OBJETO FIXO,AUTO CHOCOU-SE EM MURO DA RESIDÊNCIA,1,,,,,,,,,1,,,SUBURBIO,Longo da via,Bom,,Perfeito estado,Seca,Perfeito estado,,,,Única,Faixa seccionada,,,,
2019-12-04,06:33:00,COM VÍTIMA,FINALIZADA,ESPINHEIRO,VDO INDEPENDENCIA,0,,,SOBRE O VIADUTO INDEPENDENCIA  SENTIDO BOA VIAGEM,VDO INDEPENDENCIA,,SOBRE O VIADUTO INDEPENDENCIA  SENTIDO BOA VIAGEM,ESPINHEIRO,ACID. DE PERCURSO,OLÉO NA VIA,,2,,,,,,,,2,,,CIDADE,Longo da via,Bom,Não existe,Perfeito estado,Oleosa,Perfeito estado,Não existe,Não há placas,,Única,Faixa contínua,,,,
2019-12-04,07:59:00,COM VÍTIMA,FINALIZADA,MADALENA,RUA NOBRE DE LACERDA,3,176,RUA MONSENHOR JULIO MARIA,RUA EM FRENTE A NAGEM,RUA NOBRE DE LACERDA,176,RUA EM FRENTE A NAGEM,MADALENA,ABALROAMENTO TRANSVERSAL,AUTO E MOTO,1,1,,,,,,,,1,,,,Cruzamento,Bom,Não existe,Perfeito estado,Seca,Perfeito estado,Não existe,Placas Pare,,,Não existe,,,,
2019-12-04,08:43:00,COM VÍTIMA,FINALIZADA,AGUA FRIA,AV BEBERIBE,0,,RUA ALEGRE,CRUZAMENTO COM A RUA ALEGRE,AV BEBERIBE,,CRUZAMENTO COM A RUA ALEGRE,ÁGUA FRIA,ABALROAMENTO TRANSVERSAL,COLISÃO COM VITIMA SOCORRIDO PELOS BOMBEIROS,1,1,,,,,,,,1,,64,CIDADE,Cruzamento,Bom,Sem defeito,Perfeito estado,Seca,Perfeito estado,Faixa de pedestre,,,Dupla,,,,,
2019-12-04,11:13:00,COM VÍTIMA,FINALIZADA,SAN MARTIN,AV GENERAL SAN MARTIN,0,,,LADO OPOSTO A CAVALARIA DIAS CARDOSO,AV GENERAL SAN MARTIN,,LADO OPOSTO A CAVALARIA DIAS CARDOSO,SAN MARTIN,COLISÃO COM CICLISTA,COLISÃO COM VÍTIMA/ O VEÍCULO EVADIU-SE DO LOCAL,1,,,1,,,,,,1,,,,Longo da via,Bom,Não existe,Perfeito estado,Seca,Perfeito estado,Não existe,R-6a,,Dupla,Faixa contínua,Faixa seccionada,,,
2019-12-04,12:30:00,COM VÍTIMA,FINALIZADA,ENCRUZILHADA,AV NORTE,4,2383,,E/F AO EDF. SÃO PEDRO,AV NORTE,2383,E/F AO EDF. SÃO PEDRO,ENCRUZILHADA,ABALROAMENTO LONGITUDINAL,COLISÃO C/VITIMA ENTRE UM AUTO E UMA MOTO,1,1,,,,,,,,1,,,CIDADE,Longo da via,Bom,Sem defeito,Perfeito estado,Seca,Perfeito estado,,,,Dupla,,,,,
2019-12-04,17:41:00,COM VÍTIMA,FINALIZADA,DERBY,AV GOVERNADOR AGAMENON MAGALHAES,4,2291,,EM FRENTE AO MEMORIAL SÃO JOSÉ  COLISÃO ENTRE DUAS MOTOCICLETAS  O ORIENTADOR INFORMOU QUE UMA DAS MOTOCOCLETAS EVADIU-SE DO LOCAL PERMANECENDO A DE PLACA: ---  NOME DA VÍTIMA NÃO INFORMADO.,AV GOVERNADOR AGAMENON MAGALHAES,2291,EM FRENTE AO MEMORIAL SÃO JOSÉ  COLISÃO ENTRE DUAS MOTOCICLETAS  O ORIENTADOR INFORMOU QUE UMA DAS MOTOCOCLETAS EVADIU-SE DO LOCAL PERMANECENDO A DE PLACA: -  NOME DA VÍTIMA NÃO INFORMADO.,DERBY,COLISÃO,,,1,,,,,,,,1,,,CIDADE,Longo da via,Bom,,Perfeito estado,Seca,Perfeito estado,,Não há placas,60 km/h,Única,Faixa seccionada,,,,
2019-12-05,13:58:00,COM VÍTIMA,FINALIZADA,BOA VIAGEM,RUA VISCONDE DE JEQUITINHONHA,3,138,RUA DONA MAGINA PONTUAL,EM FRENTE AO PONTEIO E SO CALDISSIMO,RUA VISCONDE DE JEQUITINHONHA,138,EM FRENTE AO PONTEIO E SO CALDISSIMO,BOA VIAGEM,ATROPELAMENTO,AUTO E PEDESTRE.,1,,,,1,,,,,1,,,SUBURBIO,Cruzamento,Bom,Não existe,Perfeito estado,Seca,Perfeito estado,,Não há placas,60 km/h,Única,Canteiro central,,,,
2019-12-05,16:20:00,COM VÍTIMA,FINALIZADA,MADALENA,RUA BENFICA,4,1150,,EM FRENTE AO MUSEU DA ABOLIÇÃO,RUA BENFICA,1150,EM FRENTE AO MUSEU DA ABOLIÇÃO,MADALENA,COLISÃO TRASEIRA,COLISÃO COM VÍTIMA ENTRE DOIS AUTOS.,2,,,,,,,,,1,,257,CIDADE,Longo da via,Bom,Sem defeito,Perfeito estado,Seca,Perfeito estado,Faixa de pedestre,Outras,,Dupla,Faixa contínua,Faixa seccionada,,,
2019-12-05,21:13:00,COM VÍTIMA,FINALIZADA,PORTO DA MADEIRA,AV BEBERIBE,0,,,AO LADO DO SEST SENAT E PIZZARIA PASSIRA.,AV BEBERIBE,,AO LADO DO SEST SENAT E PIZZARIA PASSIRA.,PORTO DA MADEIRA,COLISÃO FRONTAL,COLISAO COM VITIMAS ENTRE DUAS MOTOS.,,2,,,,,,,,1,,575,SUBURBIO,Longo da via,Bom,Sem defeito,Ilegível,Seca,Perfeito estado,Faixa de pedestre,R-6a,,Dupla,Faixa contínua,,,,
2019-12-05,23:02:00,COM VÍTIMA,FINALIZADA,IMBIRIBEIRA,AV MARECHAL MASCARENHAS DE MORAES,0,,RUA JORNALISTA CLEOFHAS DE OLIVEIRA,E/F AO GERALDÃO,AV MARECHAL MASCARENHAS DE MORAES,,E/F AO GERALDÃO,IMBIRIBEIRA,COLISÃO TRASEIRA,ACIDENTE COM TRÊS AUTOS.,3,,,,,,,,,1,,290,CIDADE,Cruzamento,Bom,Sem defeito,Perfeito estado,Seca,Perfeito estado,Faixa de pedestre,Outras,,Dupla,Canteiro central,,,,
2019-12-06,11:46:00,COM VÍTIMA,FINALIZADA,JORDAO,AV CENTENARIO ALBERTO SANTOS DUMONT,3,S/N,,PISTA DE ACESSO BASE AÉREA DO JORDÃO,AV CENTENARIO ALBERTO SANTOS DUMONT,S/N,PISTA DE ACESSO BASE AÉREA DO JORDÃO,JORDÃO,ABALROAMENTO LONGITUDINAL,COM UMA VITIMA AGUARDANDO SAMU,1,1,,,,,,,,1,,,SUBURBIO,Longo da via,Bom,Não existe,Perfeito estado,Seca,Perfeito estado,Outros,Outras,,Única,Faixa seccionada,,,,
2019-12-06,12:32:00,COM VÍTIMA,FINALIZADA,MANGABEIRA,AV NORTE,0,,,ARMAZEM CORAL,AV NORTE,,ARMAZEM CORAL,MANGABEIRA,TOMBAMENTO,COM VÍTIMA,,1,,,,,,,,1,,,CIDADE,Longo da via,Bom,Não existe,Perfeito estado,Seca,Perfeito estado,Não existe,Outras,,Dupla,Canteiro central,,,,
2019-12-06,12:57:00,COM VÍTIMA,FINALIZADA,AREIAS,AV DR JOSE RUFINO,4,1122,,LADO OPOSTO AO SENAI.,AV DR JOSE RUFINO,1122,LADO OPOSTO AO SENAI.,AREIAS,COLISÃO TRASEIRA,AUTO E MOTO.,1,1,,,,,,,,1,,,SUBURBIO,Longo da via,Bom,Sem defeito,Perfeito estado,Seca,Perfeito estado,Não existe,Não há placas,40 km/h,Dupla,Faixa seccionada,,,,
2019-12-06,14:50:00,COM VÍTIMA,FINALIZADA,TORRE,RUA PROFESSOR TRAJANO DE MENDONCA,0,,RUA VERMELHA,POR TRAS DO ATACADO DOS PRESENTES,RUA PROFESSOR TRAJANO DE MENDONCA,,POR TRAS DO ATACADO DOS PRESENTES,TORRE,ABALROAMENTO TRANSVERSAL,COLISAO ENTRE DUAS MOTO COM UMA VITIMA. HOUVE EVASÃO DE UM VEÍCULO FIAT UNO DE PLACA -,1,2,,,,,,,,1,,,CIDADE,Longo da via,Bom,Não existe,Incompleta,Seca,Perfeito estado,Não existe,Não há placas,,Única,,,,,
2019-12-06,15:55:00,COM VÍTIMA,FINALIZADA,BOA VISTA,AV CONDE DA BOA VISTA,0,,,EM FRENTE A MICROLINS/ SENTIDO CENTRO,AV CONDE DA BOA VISTA,,EM FRENTE A MICROLINS/ SENTIDO CENTRO,BOA VISTA,ATROPELAMENTO,MOTO E PEDESTRES.,,1,,,2,,,,,2,,,CIDADE,Longo da via,Bom,Não existe,Ilegível,Seca,Perfeito estado,Faixa de pedestre,Não há placas,,Dupla,Faixa contínua,,,,
2019-12-06,17:01:00,COM VÍTIMA,FINALIZADA,BOA VISTA,PRC OSWALDO CRUZ,0,,,EM FRENTE A FUSAN.,PRC OSWALDO CRUZ,,EM FRENTE A FUSAN.,BOA VISTA,ABALROAMENTO LONGITUDINAL,AUTO E MOTO.,1,1,,,,,,,,1,,,,Longo da via,Bom,Não existe,Não existente,Seca,Perfeito estado,Não existe,Outras,,Única,Não existe,,,,
2019-12-06,17:13:00,COM VÍTIMA,FINALIZADA,SANTANA,RUA AFONSO DE ALBUQUERQUE MELO,3,420,RUA AGRESTINA,PROX AO COLEGIO EXIMIUS POR TRAS DO BOMPREÇO DE CASA FORTE. EDF BARONEZA GURJAHÚ.,RUA AFONSO DE ALBUQUERQUE MELO,420,PROX AO COLEGIO EXIMIUS POR TRAS DO BOMPREÇO DE CASA FORTE. EDF BARONEZA GURJAHÚ.,SANTANA,COLISÃO FRONTAL,COLISAO ENTRE AUTO E MOTO COM UMA VITIMA,1,1,,,,,,,,1,,,SUBURBIO,Cruzamento,Bom,Não existe,Não existente,Seca,Perfeito estado,Não existe,R-25d,30 km/h,Dupla,Não existe,,,,
2019-12-06,17:44:00,COM VÍTIMA,FINALIZADA,IPSEP,AV RECIFE,0,,AV DOM HELDER CAMARA,EM FRENTE AO NUCLEO DA PM. AO LADO DA CASA DA BETERIA.,AV RECIFE,,EM FRENTE AO NUCLEO DA PM. AO LADO DA CASA DA BETERIA.,IPSEP,ABALROAMENTO LONGITUDINAL,AUTO E MOTO.,1,1,,,,,,,,1,,16,CIDADE,Cruzamento,Bom,Sem defeito,Perfeito estado,Seca,Perfeito estado,Faixa de pedestre,Não há placas,,Dupla,Canteiro central,,,,
2019-12-06,19:42:00,COM VÍTIMA,FINALIZADA,IMBIRIBEIRA,AV MARECHAL MASCARENHAS DE MORAES,4,7935,,ENF ANAC AGENCIA NACIONAL DE AVIAÇAO CIVIL //SENTIDO AEROPORTO,AV MARECHAL MASCARENHAS DE MORAES,7935,ENF ANAC AGENCIA NACIONAL DE AVIAÇAO CIVIL //SENTIDO AEROPORTO,IMBIRIBEIRA,ABALROAMENTO LONGITUDINAL,AUTO E MOTO.,1,1,,,,,,,,1,,,CIDADE,Longo da via,Bom,Não existe,Perfeito estado,Seca,Perfeito estado,,,,,,,,,
2019-12-06,21:31:00,COM VÍTIMA,FINALIZADA,SANTO AMARO,AV JOAO DE BARROS,0,,,POR BAIXO DO VIADUTO JOAO DE BARROS,AV JOAO DE BARROS,,POR BAIXO DO VIADUTO JOAO DE BARROS,SANTO AMARO,COLISÃO,AUTO X MOTO OBS VEICULO SE EVADIU,,1,,,,,,,,1,,,,,,,,,,,,,,,,,,
2019-12-06,21:38:00,COM VÍTIMA,FINALIZADA,IPSEP,RUA ITACARI,0,,RUA ITAMARACA,ESQUINA Nº 369,RUA ITACARI,,ESQUINA Nº 369,IPSEP,ABALROAMENTO TRANSVERSAL,DOIS AUTOS,2,,,,,,,,,1,,,SUBURBIO,Cruzamento,Bom,Não existe,Perfeito estado,Seca,Perfeito estado,Não existe,Não há placas,,Única,Não existe,,,,
2019-12-06,22:14:00,COM VÍTIMA,FINALIZADA,AFOGADOS,RUA SAO MIGUEL,4,113C,RUA PEDRO CABRAL DE OLIVEIRA,PROX AO DEPATRI,RUA SAO MIGUEL,113C,PROX AO DEPATRI,AFOGADOS,ABALROAMENTO TRANSVERSAL,AUTO E MOTO.,,1,,,,1,,,,1,,,CIDADE,Cruzamento,Bom,Não existe,Perfeito estado,Seca,Perfeito estado,Outros,Não há placas,,Dupla,Faixa contínua,,,,
2019-12-07,07:51:00,COM VÍTIMA,FINALIZADA,BOA VIAGEM,RUA BALTAZAR PASSOS,0,,RUA VISCONDE DE JEQUITINHONHA,APOS O LINDU,RUA BALTAZAR PASSOS,,APOS O LINDU,BOA VIAGEM,ABALROAMENTO TRANSVERSAL,AUTO E MOTO.,1,1,,,,,,,,1,,154,ORLA BV,Cruzamento,Bom,Sem defeito,Perfeito estado,Seca,Perfeito estado,Faixa de pedestre,,,Dupla,Faixa contínua,,,,
2019-12-07,07:54:00,COM VÍTIMA,FINALIZADA,CAMPO GRANDE,EST DE BELEM,3,516,,PROX DO ARMAZEM DA STAMPA. EDF. AQUILES.,EST DE BELEM,516,PROX DO ARMAZEM DA STAMPA. EDF. AQUILES.,CAMPO GRANDE,COLISÃO COM CICLISTA,AUTO E BICICLETA.,1,,,1,,,,,,1,,,SUBURBIO,Longo da via,Bom,Não existe,Perfeito estado,Seca,Perfeito estado,Não existe,R-6a,,Dupla,Faixa contínua,,,,
2019-12-07,10:41:00,COM VÍTIMA,FINALIZADA,PASSARINHO,EST DO PASSARINHO,4,1238,,PROX AO TRMINAL,EST DO PASSARINHO,1238,PROX AO TRMINAL,PASSARINHO,ABALROAMENTO LONGITUDINAL,DUAS MOTOS,,2,,,,,,,,2,,,SUBURBIO,Longo da via,Bom,Não existe,Incompleta,Seca,Perfeito estado,Não existe,Não há placas,,Dupla,Não existe,,,,
2019-12-07,11:57:00,COM VÍTIMA,FINALIZADA,BOA VISTA,AV CONDE DA BOA VISTA,3,770,,EM FRENTE A LOJAS LEADER.,AV CONDE DA BOA VISTA,770,EM FRENTE A LOJAS LEADER.,BOA VISTA,ABALROAMENTO LONGITUDINAL,ÔNIBUS E MOTONETA.,,1,,,,1,,,,1,,,SUBURBIO,Longo da via,Bom,Não existe,Perfeito estado,Seca,Perfeito estado,Não existe,R-6c,,Dupla,Faixa contínua,,,,