data,hora,natureza_acidente,situacao,bairro,endereco,,numero,detalhe_endereco_acidente,complemento,endereco_cruzamento,numero_cruzamento,referencia_cruzamento,bairro_cruzamento,tipo,descricao,auto,moto,ciclom,ciclista,pedestre,onibus,caminhao,viatura,outros,vitimas,vitimasfatais,num_semaforo,sentido_via,acidente_verificado,tempo_clima,situacao_semaforo,sinalizacao,condicao_via,conservacao_via,ponto_controle,situacao_placa,velocidade_max_via,mao_direcao,divisao_via1,divisao_via2,divisao_via3,_id,Protocolo
2019-12-07,16:29:00,COM VÍTIMA,FINALIZADA,BOMBA DO HEMETERIO,AV PROFESSOR JOSE DOS ANJOS,0,,EST VELHA DE AGUA FRIA,,AV PROFESSOR JOSE DOS ANJOS,,,BOMBA DO HEMETÉRIO,ABALROAMENTO LONGITUDINAL,AUTO PASSEIO X MOTO COM VÍTIMA,1,1,,,,,,,,1,,306,SUBURBIO,Cruzamento,Bom,Sem defeito,Perfeito estado,Seca,Perfeito estado,Faixa de pedestre,R-4a,40 km/h,Dupla,Canal,,,,
2019-12-07,17:25:00,COM VÍTIMA,FINALIZADA,SAO JOSE,AV SUL,0,,PRC SERGIO LORETO,PROX A SEDE DO GALO. PRAÇA SÉRGIO LORETO.,AV SUL,,PROX A SEDE DO GALO. PRAÇA SÉRGIO LORETO.,SÃO JOSÉ,ABALROAMENTO LONGITUDINAL,COLISAO ENTRE AUTO E MOTO.,1,1,,,,,,,,1,,311,CIDADE,Longo da via,Bom,Sem defeito,Perfeito estado,Seca,Perfeito estado,,Outras,,Dupla,Canteiro central,,,,
2019-12-08,01:34:00,COM VÍTIMA,FINALIZADA,BOA VIAGEM,RUA PROFESSOR JULIO FERREIRA DE MELO,3,474,RUA FELIX DE BRITO E MELO,EDF. GAGO COUTINHO,RUA PROFESSOR JULIO FERREIRA DE MELO,474,EDF. GAGO COUTINHO,BOA VIAGEM,CHOQUE OBJETO FIXO,VEÍCULO CHOCOU-SE CONTRA UM POSTE  EM SEGUIDA COM UM SEGUNDO VEÍCULO.,2,,,,,,,,,1,,,,Longo da via,Bom,Não existe,Incompleta,Seca,Mal iluminada,Não existe,Outras,,Única,Não existe,,,,
2019-12-08,00:00:00,COM VÍTIMA,FINALIZADA,BOA VIAGEM,AV BOA VIAGEM,4,3278,RUA FELIX DE BRITO E MELO,EM FRENTE AO EDIFICIO MARIA HILDA,AV BOA VIAGEM,3278,EM FRENTE AO EDIFICIO MARIA HILDA,BOA VIAGEM,ABALROAMENTO LONGITUDINAL,DOIS AUTOS E UMA MOTO.,2,1,,,,,,,,1,,547,CIDADE,Cruzamento,Bom,Sem defeito,Perfeito estado,Seca,Perfeito estado,Faixa de pedestre,Outras,40 km/h,Única,Faixa seccionada,,,,
2019-12-08,09:32:00,COM VÍTIMA,FINALIZADA,ALTO JOSE DO PINHO,COR DO BARTOLOMEU,3,170,,AO LADO DA PADARIA ANDREIA E ENTRADA DO BECO DO PAVÃO,COR DO BARTOLOMEU,170,AO LADO DA PADARIA ANDREIA E ENTRADA DO BECO DO PAVÃO,ALTO JOSÉ DO PINHO,ABALROAMENTO LONGITUDINAL,COM UMA VITIMA,1,1,,,,,,,,1,,,SUBURBIO,Longo da via,Bom,Não existe,Perfeito estado,Seca,Perfeito estado,,,,Dupla,,,,,
2019-12-08,13:29:00,COM VÍTIMA,FINALIZADA,IMBIRIBEIRA,AV MARECHAL MASCARENHAS DE MORAES,4,2716,RUA JORNALISTA CLEOFHAS DE OLIVEIRA,EM FRENTE A FARMACIA PAGUE MENOS. INTER HOTEL.,AV MARECHAL MASCARENHAS DE MORAES,2716,EM FRENTE A FARMACIA PAGUE MENOS. INTER HOTEL.,IMBIRIBEIRA,COLISÃO TRASEIRA,AUTO E MOTO.,1,1,,,,,,,,1,,290,SUBURBIO,Longo da via,Bom,Sem defeito,Perfeito estado,Seca,Perfeito estado,Faixa de pedestre,R-32,60 km/h,Dupla,Canteiro central,,,,
2019-12-08,15:00:00,COM VÍTIMA,FINALIZADA,VARZEA,RUA GASTAO VIDIGAL,4,1060,,,RUA GASTAO VIDIGAL,1060,,VÁRZEA,COLISÃO TRASEIRA,COLISÃO COM VITIMA,1,1,,,,,,,,1,,,SUBURBIO,Longo da via,Bom,Não existe,Perfeito estado,Seca,Perfeito estado,Outros,Outras,,Dupla,Faixa contínua,,,,
2019-12-08,15:04:00,COM VÍTIMA,FINALIZADA,IBURA,AV DOIS RIOS,3,191,RUA RIO UNA,E/F IGREJA BATISTA VALE DOIS RIOS. AUTOESCOLA ARCO-ÍRIS,AV DOIS RIOS,191,E/F IGREJA BATISTA VALE DOIS RIOS. AUTOESCOLA ARCO-ÍRIS,IBURA,ABALROAMENTO LONGITUDINAL,COLISÃO C/VITIMA ENTRE UM AUTO E UMA MOTO,1,1,,,,,,,,1,,,SUBURBIO,Cruzamento,Bom,Sem defeito,Perfeito estado,Seca,Perfeito estado,Não existe,R-6a,,Dupla,Faixa contínua,,,,
2019-12-08,21:34:00,COM VÍTIMA,FINALIZADA,BOA VIAGEM,RUA RIBEIRO DE BRITO,3,397,RUA HELIO BRANDAO,PROX AO EMPRESARIAL BLUE TOWER,RUA RIBEIRO DE BRITO,397,PROX AO EMPRESARIAL BLUE TOWER,BOA VIAGEM,COLISÃO,VAN X MOTO COM VÍTIMA. PLACA DE UM DOS VEÍCULO NÃO FOI IDENTIFICADA.,,1,,,,,,,1,1,,,SUBURBIO,Longo da via,Bom,Não existe,Não existente,Seca,Perfeito estado,Não existe,Não há placas,,Única,Faixa seccionada,,,,
2019-12-09,07:39:00,COM VÍTIMA,FINALIZADA,SANTO ANTONIO,RUA IMPERADOR PEDRO SEGUNDO,0,,,SECRETARIA DA FAZENDA DO ESTADO,RUA IMPERADOR PEDRO SEGUNDO,,SECRETARIA DA FAZENDA DO ESTADO,SANTO ANTÔNIO,ABALROAMENTO LONGITUDINAL,MOTO E AUTO PASSEIO,1,1,,,,,,,,1,,,CIDADE,Longo da via,Bom,Não existe,Perfeito estado,Seca,Perfeito estado,Não existe,Outras,,Única,Faixa seccionada,,,,
2019-12-09,08:46:00,COM VÍTIMA,FINALIZADA,SAN MARTIN,AV JOAO CABRAL DE MELO NETO,4,2702,RUA TENENTE MINDELO,RUA RESIDENCIAL,AV JOAO CABRAL DE MELO NETO,2702,RUA RESIDENCIAL,SAN MARTIN,ABALROAMENTO LONGITUDINAL,COLISÃO C/ VITIMAS ENTRE UM AUTO E UMA MOTO,1,1,,,,,,,,2,,250,CIDADE,Cruzamento,Bom,Sem defeito,Perfeito estado,Seca,Perfeito estado,Faixa de pedestre,Não há placas,,Dupla,Não existe,,,,
2019-12-09,09:29:00,COM VÍTIMA,FINALIZADA,SAN MARTIN,AV GENERAL SAN MARTIN,0,,RUA SIGISMUNDO CABRAL DE MELO,AO LADO DO COLÉGIO ADVENTISTA DE SAN MARTIN.,AV GENERAL SAN MARTIN,,AO LADO DO COLÉGIO ADVENTISTA DE SAN MARTIN.,SAN MARTIN,COLISÃO COM CICLISTA,MOTO E BICICLETA.,,1,,1,,,,,,1,,371,SUBURBIO,Cruzamento,Bom,Sem defeito,Incompleta,Seca,Perfeito estado,Faixa de pedestre,R-6a,,Dupla,Faixa contínua,,,,
2019-12-09,13:24:00,COM VÍTIMA,FINALIZADA,BOA VISTA,AV GOVERNADOR AGAMENON MAGALHAES,0,,RUA HENRIQUE DIAS,PROX AO COLEGIO DA PM,AV GOVERNADOR AGAMENON MAGALHAES,,PROX AO COLEGIO DA PM,BOA VISTA,ABALROAMENTO LONGITUDINAL,MOTO X AUTO PASSEIO COM VÍTIMA (LOCAL NÃO PRESERVADO),1,1,,,,,,,,1,,68,CIDADE,Cruzamento,Bom,Sem defeito,Perfeito estado,Seca,Perfeito estado,Faixa de retenção,,,Única,Faixa,,,,
2019-12-09,15:49:00,COM VÍTIMA,FINALIZADA,BOA VIAGEM,AV FERNANDO SIMOES BARBOSA,0,,RUA PEDRO PAES DE MENDONCA,PROX AO BIG BOMPRECO,AV FERNANDO SIMOES BARBOSA,,PROX AO BIG BOMPRECO,BOA VIAGEM,ABALROAMENTO TRANSVERSAL,AUTO E MOTO.,1,1,,,,,,,,1,,544,SUBURBIO,Cruzamento,Bom,Sem defeito,Perfeito estado,Seca,Perfeito estado,Faixa de pedestre,Outras,,Dupla,Canteiro central,,,,
2019-12-09,16:09:00,COM VÍTIMA,FINALIZADA,SAN MARTIN,RUA VINTE E UM DE ABRIL,0,,RUA ALEXANDRE RODRIGUES FERREIRA,PROX IGREJA ASSEMBLEIA DE DEUS DA BOA IDEIA,RUA VINTE E UM DE ABRIL,,PROX IGREJA ASSEMBLEIA DE DEUS DA BOA IDEIA,SAN MARTIN,ABALROAMENTO LONGITUDINAL,COLISAO ENTRE AUTO E MOTO COM UMA VITIMA.,1,1,,,,,,,,1,,,CIDADE,Cruzamento,Bom,Não existe,Incompleta,Seca,Perfeito estado,Não existe,Não há placas,,Dupla,Não existe,,,,
2019-12-09,16:09:00,COM VÍTIMA,FINALIZADA,DOIS IRMAOS,RUA MANUEL DE MEDEIROS,4,200C,AV LUIZ ANTONIO DE ARAUJO,AO LADO DO RESTAURANTE GUARIBA/ PROX AO JUNIOR SOM,RUA MANUEL DE MEDEIROS,200C,AO LADO DO RESTAURANTE GUARIBA/ PROX AO JUNIOR SOM,DOIS IRMÃOS,ABALROAMENTO LONGITUDINAL,DOIS AUTOS PASSEIO X MOTO COM VÍTIMA,2,1,,,,,,,,1,,,,Longo da via,Bom,Não existe,Incompleta,Seca,Mal conservada,Não existe,Não há placas,,Dupla,Não existe,,,,
2019-12-09,19:42:00,COM VÍTIMA,FINALIZADA,CASA AMARELA,AV NORTE,0,,COR DO BARTOLOMEU,E/F AO REI DA PICANHA,AV NORTE,,E/F AO REI DA PICANHA,CASA AMARELA,ABALROAMENTO LONGITUDINAL,DOIS AUTOS X MOTO X ONIBUS COM VÍTIMA,2,1,,,,1,,,,1,,79,SUBURBIO,Cruzamento,Bom,Sem defeito,Perfeito estado,Seca,Perfeito estado,Faixa de pedestre,R-6a,,Dupla,Blocos,,,,
2019-12-09,22:50:00,COM VÍTIMA,FINALIZADA,BOMBA DO HEMETERIO,RUA TAMBOARA,3,197,,E/F A PERNAMBUCO PIZZA,RUA TAMBOARA,197,E/F A PERNAMBUCO PIZZA,BOMBA DO HEMETÉRIO,COLISÃO FRONTAL,AUTO E MOTO.,1,1,,,,,,,,1,,,SUBURBIO,Longo da via,Bom,Não existe,Não existente,Seca,Mal iluminada,Não existe,Não há placas,,Dupla,Não existe,,,,
2019-12-10,12:48:00,COM VÍTIMA,FINALIZADA,BOA VIAGEM,RUA RIO AZUL,4,232A,,LADO OPOSTO AO MARINHU'S BAR,RUA RIO AZUL,232A,LADO OPOSTO AO MARINHU'S BAR,BOA VIAGEM,ATROPELAMENTO,MOTO X PEDESTRE,,1,,,1,,,,,1,,437,SUBURBIO,Longo da via,Bom,Sem defeito,Perfeito estado,Seca,Perfeito estado,Não existe,Não há placas,,Dupla,Canal,,,,
2019-12-10,13:31:00,COM VÍTIMA,FINALIZADA,AFOGADOS,EST DOS REMEDIOS,3,352,,EM FRENTE AO ARMAZEM CORAL,EST DOS REMEDIOS,352,EM FRENTE AO ARMAZEM CORAL,AFOGADOS,ATROPELAMENTO,CAMINHONETE E PEDESTRE.,1,,,,1,,,,,1,,,,Longo da via,Bom,Sem defeito,Perfeito estado,Seca,Perfeito estado,Não existe,Não há placas,40 km/h,Única,Faixa seccionada,,,,
2019-12-10,15:13:00,COM VÍTIMA,FINALIZADA,IPUTINGA,EST DO BARBALHO,3,960,,E/F A CONAB,EST DO BARBALHO,960,E/F A CONAB,IPUTINGA,COLISÃO COM CICLISTA,AUTO E BICICLETA.,1,,,1,,,,,,1,,,,Longo da via,Bom,Não existe,Não existente,Seca,Perfeito estado,Não existe,Não há placas,,Dupla,Não existe,,,,
2019-12-10,15:37:00,COM VÍTIMA,FINALIZADA,BOA VIAGEM,RUA DOS NAVEGANTES,4,3962,RUA RIBEIRO DE BRITO,AO LADO DO EDF. QUEEN MARY.,RUA DOS NAVEGANTES,3962,AO LADO DO EDF. QUEEN MARY.,BOA VIAGEM,ABALROAMENTO TRANSVERSAL,COLISAO ENTRE AUTO E MOTO COM UMA VITIMA,1,1,,,,,,,,1,,,SUBURBIO,Cruzamento,Bom,Não existe,Perfeito estado,Seca,Perfeito estado,Faixa de retenção,Placas Pare,,Única,Faixa seccionada,,,,
2019-12-10,16:13:00,COM VÍTIMA,FINALIZADA,AFOGADOS,RUA SAO MIGUEL,0,,RUA MANOEL DE ALBUQUERQUE FERNANDES,PANIFICADORA LISBOA.,RUA SAO MIGUEL,,PANIFICADORA LISBOA.,AFOGADOS,ABALROAMENTO TRANSVERSAL,COLISÃO COM VÍTIMA ENTRE AUTO E MOTO.,1,1,,,,,,,,1,,,,Cruzamento,Bom,Não existe,Ilegível,Seca,Perfeito estado,Não existe,Não há placas,,Dupla,Faixa contínua,,,,
2019-12-10,19:32:00,COM VÍTIMA,FINALIZADA,IMBIRIBEIRA,RUA ITACARI,3,130,RUA CACHOEIRA,OBS: O LOCAL SO TEM RESIDENCIA,RUA ITACARI,130,OBS: O LOCAL SO TEM RESIDENCIA,IMBIRIBEIRA,ABALROAMENTO TRANSVERSAL,GOL X MOTO,1,1,,,,,,,,2,,,SUBURBIO,Cruzamento,Bom,Não existe,Perfeito estado,Seca,Perfeito estado,,,,Única,Faixa seccionada,,,,
2019-12-10,22:03:00,COM VÍTIMA,FINALIZADA,ARRUDA,AV BEBERIBE,0,,,EM FRENTE AO ESTÁDIO DO ARRUDA.,AV BEBERIBE,,EM FRENTE AO ESTÁDIO DO ARRUDA.,ARRUDA,ABALROAMENTO TRANSVERSAL,AUTO PASSEIO X MOTO COM VÍTIMA,1,1,,,,,,,,2,,,,Longo da via,Bom,Não existe,Perfeito estado,Seca,Perfeito estado,Não existe,Não há placas,,Dupla,Faixa contínua,,,,
2019-12-10,22:48:00,COM VÍTIMA,FINALIZADA,SANTO AMARO,AV CRUZ CABUGA,0,,RUA DR JOAO VIEIRA DE MENEZES,E/F A FACULDADE FAMAS,AV CRUZ CABUGA,,E/F A FACULDADE FAMAS,SANTO AMARO,ABALROAMENTO TRANSVERSAL,AUTO PASSEIO X MOTO COM VÍTIMA,1,1,,,,,,,,1,,,CIDADE,Cruzamento,Bom,Não existe,Perfeito estado,Seca,Perfeito estado,,,,Dupla,,,,,
2019-12-11,01:43:00,COM VÍTIMA,FINALIZADA,VARZEA,RUA RODRIGO DELAMARE,3,202,,EM FRENTE A PRAÇA DA PERIQUITA,RUA RODRIGO DELAMARE,202,EM FRENTE A PRAÇA DA PERIQUITA,VÁRZEA,CHOQUE OBJETO FIXO,MOTO CHOCOU-SE CONTRA GELO-BAIANO  C/V SOCORRIDA PELO SAMU,,1,,,,,,,,1,,,CIDADE,Longo da via,Bom,Não existe,Incompleta,Seca,Perfeito estado,Não existe,Outras,,Dupla,Faixa seccionada,,,,
2019-12-11,05:52:00,COM VÍTIMA,FINALIZADA,ILHA DO LEITE,RUA SENADOR JOSE HENRIQUE,0,,AV FREI MATIAS TEVES,,RUA SENADOR JOSE HENRIQUE,,,ILHA DO LEITE,ABALROAMENTO TRANSVERSAL,COLISÃO ENTRE DOIS AUTOS C/V,2,,,,,,,,,1,,,CIDADE,Cruzamento,Bom,Não existe,Perfeito estado,Seca,Perfeito estado,Faixa de retenção,Não há placas,,Única,Faixa seccionada,,,,
2019-12-11,08:28:00,COM VÍTIMA,FINALIZADA,IMBIRIBEIRA,AV MARECHAL MASCARENHAS DE MORAES,0,,PRC MINISTRO SALGADO FILHO,EM FRENTE AO ANTIGO AEROPORTO.,AV MARECHAL MASCARENHAS DE MORAES,,EM FRENTE AO ANTIGO AEROPORTO.,IMBIRIBEIRA,TOMBAMENTO,MOTOCICLISTA PERDEU O CONTROLE NA CURVA,,1,,,,,,,,1,,,SUBURBIO,Longo da via,Bom,Não existe,Perfeito estado,Seca,Perfeito estado,Não existe,R-6a,,Única,Não existe,,,,
2019-12-11,09:34:00,COM VÍTIMA,FINALIZADA,APIPUCOS,RUA DE APIPUCOS,0,,RUA MANDACARU,EM BAIXO DO SEMAFORO 500,RUA DE APIPUCOS,,EM BAIXO DO SEMAFORO 500,APIPUCOS,COLISÃO TRASEIRA,COLISÃO COM VITIMA SOCORRIDA PELOS BOMBEIROS,1,1,,,,,,,,1,,500,CIDADE,Longo da via,Bom,Sem defeito,Perfeito estado,Seca,Perfeito estado,Faixa de pedestre,R-6a,,Dupla,Faixa contínua,,,,
2019-12-11,09:43:00,COM VÍTIMA,FINALIZADA,SANTO ANTONIO,RUA DO SOL,3,143,,EM FRENTE A PROCURADORIA,RUA DO SOL,143,EM FRENTE A PROCURADORIA,SANTO ANTÔNIO,ATROPELAMENTO,MOTO E PEDESTRE- PEDESTRE ATROPELADO SE EVADIU,,1,,,1,,,,,1,,,CIDADE,Longo da via,Bom,Sem defeito,Perfeito estado,Seca,,,,,Única,Faixa seccionada,,,,
2019-12-11,12:08:00,COM VÍTIMA,FINALIZADA,IBURA,AV DOIS RIOS,5,790-A,,PROX AO SUPERMERCADO SERVE BEM,AV DOIS RIOS,790-A,PROX AO SUPERMERCADO SERVE BEM,IBURA,TOMBAMENTO,CONDUTOR PERDEU O CONTROLE E CAIU DA MOTOCICLETA,,1,,,,,,,,2,,,CIDADE,Longo da via,Bom,Não existe,Perfeito estado,Seca,Mal conservada,Não existe,R-6a,,Dupla,Faixa contínua,,,,
2019-12-11,12:26:00,COM VÍTIMA,FINALIZADA,TORRE,RUA ANA NERY,1,6,,PROX. AO ATACADO DOS PRESENTES. AO LADO DA BARBEARIA MEU CHEFE.,RUA ANA NERY,6,PROX. AO ATACADO DOS PRESENTES. AO LADO DA BARBEARIA MEU CHEFE.,TORRE,ABALROAMENTO LONGITUDINAL,AUTO E MOTO.,1,1,,,,,,,,1,,,NORTE,Longo da via,Bom,Não existe,Incompleta,Seca,Perfeito estado,Outros,Não há placas,,Dupla,Não existe,,,,
2019-12-11,13:04:00,COM VÍTIMA,FINALIZADA,ARRUDA,AV PROFESSOR JOSE DOS ANJOS,3,186,RUA PETRONILA BOTELHO,NO SEMÁFORO 554/ SENTIDO AV NORTE,AV PROFESSOR JOSE DOS ANJOS,186,NO SEMÁFORO 554/ SENTIDO AV NORTE,ARRUDA,COLISÃO TRASEIRA,COLISÃO COM VÍTIMA ENTRE MICRO-ÔNIBUS E MOTOCICLETA.,,1,,,,1,,,,1,,554,CIDADE,Cruzamento,Bom,Sem defeito,Perfeito estado,Seca,Perfeito estado,Faixa de pedestre,R-6a,40 km/h,Dupla,Faixa seccionada,,,,
2019-12-12,07:09:00,COM VÍTIMA,FINALIZADA,TAMARINEIRA,RUA CONEGO BARATA,0,,,EM FRENTE A FERRERA COSTA / SENT AFOGADOS,RUA CONEGO BARATA,,EM FRENTE A FERRERA COSTA / SENT AFOGADOS,TAMARINEIRA,COLISÃO COM CICLISTA,MOTO E BICICLETA,1,,,1,,,,,,1,,,SUBURBIO,Longo da via,Bom,Não existe,Perfeito estado,Seca,Perfeito estado,,,,Dupla,Canteiro central,,,,
2019-12-12,08:09:00,COM VÍTIMA,FINALIZADA,TAMARINEIRA,RUA CONEGO BARATA,0,,,E/F AO HOSPITAL CORREIA PICANSSO,RUA CONEGO BARATA,,E/F AO HOSPITAL CORREIA PICANSSO,TAMARINEIRA,COLISÃO COM CICLISTA,COLISÃO C/VITIMA ENTRE UMA MOTO E UM CICLISTA,,1,,1,,,,,,1,,,,,,,,,,,,,,,,,,
2019-12-12,10:45:00,COM VÍTIMA,FINALIZADA,IMBIRIBEIRA,PRC MINISTRO SALGADO FILHO,0,,,EM FRENTE AO AEROPORTO ANTIGO,PRC MINISTRO SALGADO FILHO,,EM FRENTE AO AEROPORTO ANTIGO,IMBIRIBEIRA,ABALROAMENTO LONGITUDINAL,COM DUAS VITIMAS CTTU NO LOCAL  O SEGUNDO VEÍCULO EVADIU-SE DO LOCAL.,,1,,,,,,,,2,,,SUBURBIO,Longo da via,Bom,Não existe,Perfeito estado,Seca,Perfeito estado,,Não há placas,40 km/h,Única,Faixa seccionada,,,,
2019-12-12,11:44:00,COM VÍTIMA,FINALIZADA,TAMARINEIRA,EST DO ARRAIAL,4,2405,RUA JOSEPH TURTON,EM FRENTE AO EDIFICIO VITORIA COLONIAL,EST DO ARRAIAL,2405,EM FRENTE AO EDIFICIO VITORIA COLONIAL,TAMARINEIRA,ABALROAMENTO LONGITUDINAL,AUTO X MOTO,1,1,,,,,,,,1,,,SUBURBIO,Longo da via,Bom,Não existe,Perfeito estado,Seca,Perfeito estado,Não existe,R-6a,40 km/h,,Faixa seccionada,,,,
2019-12-12,14:51:00,COM VÍTIMA,FINALIZADA,SANTO AMARO,AV CRUZ CABUGA,4,1200,,EM FRENTE AO HOSPITAL NAVAL.,AV CRUZ CABUGA,1200,EM FRENTE AO HOSPITAL NAVAL.,SANTO AMARO,ABALROAMENTO TRANSVERSAL,COLISAO ENTRE AUTO E MOTO COM VITIMA,1,1,,,,,,,,1,,,SUBURBIO,Longo da via,Bom,Não existe,Perfeito estado,Seca,Perfeito estado,Não existe,Não há placas,,Dupla,Faixa contínua,Faixa seccionada,,,
2019-12-13,00:57:00,COM VÍTIMA,FINALIZADA,PAISSANDU,RUA PAISSANDU,0,,AV GOVERNADOR AGAMENON MAGALHAES,SENTIDO BOA VIAGEM,RUA PAISSANDU,,SENTIDO BOA VIAGEM,PAISSANDU,COLISÃO FRONTAL,COLISÃO ENTRE AUTO E MOTO C/V,1,1,,,,,,,,1,,69,SUBURBIO,Cruzamento,Bom,Sem defeito,Perfeito estado,Seca,Perfeito estado,Faixa de pedestre,,60 km/h,Dupla,Canal,,,,
2019-12-13,01:22:00,COM VÍTIMA,FINALIZADA,BOA VIAGEM,AV CONSELHEIRO AGUIAR,0,,RUA FELIX DE BRITO E MELO,,AV CONSELHEIRO AGUIAR,,,BOA VIAGEM,ABALROAMENTO TRANSVERSAL,COLISÃO ENTRE DOIS AUTOS C/V  UM DOS VEÍCULOS VEIO A CAPOTAR,2,,,,,,,,,4,,546,CIDADE,Cruzamento,Bom,Sem defeito,Perfeito estado,Seca,Perfeito estado,Faixa de pedestre,Não há placas,,Única,Faixa contínua,,,,
2019-12-13,18:03:00,COM VÍTIMA,FINALIZADA,IPSEP,AV RECIFE,3,657,AV TAPAJOS,ANTES DO CRUZAMENTO PROX AOS CONDOMINIOS RESIDENCIAL,AV RECIFE,657,ANTES DO CRUZAMENTO PROX AOS CONDOMINIOS RESIDENCIAL,IPSEP,COLISÃO,ONIX X MOTO,1,1,,,,,,,,2,,,CIDADE,,,,,,,,,,,,,,,
2019-12-13,19:13:00,VÍTIMA FATAL,FINALIZADA,SOLEDADE,AV CONDE DA BOA VISTA,0,,RUA DAS NINFAS,EM FRENTE A PARADA DO BRT - SOLEDADE 1,AV CONDE DA BOA VISTA,,EM FRENTE A PARADA DO BRT - SOLEDADE 1,SOLEDADE,ATROPELAMENTO,COLISÃO COM VÍTIMA FATAL ENTRE ÔNIBUS E PEDESTRE.,,,,,1,1,,,,0,1,,CIDADE,Longo da via,Bom,Não existe,Perfeito estado,Seca,Perfeito estado,Não existe,Não há placas,40 km/h,Dupla,Faixa contínua,,,,
2019-12-14,08:33:00,COM VÍTIMA,FINALIZADA,IMBIRIBEIRA,RUA JOAQUIM BANDEIRA,0,,AV SUL,EMBAIXO DO PONTILHÃO DA ESTAÇÃO ANTONIO FALCÃO  SENT. BOA VIAGEM,RUA JOAQUIM BANDEIRA,,EMBAIXO DO PONTILHÃO DA ESTAÇÃO ANTONIO FALCÃO  SENT. BOA VIAGEM,IMBIRIBEIRA,ABALROAMENTO TRANSVERSAL,DOIS AUTOS E MOTO,2,1,,,,,,,,1,,,,Cruzamento,Bom,Não existe,Não existente,Seca,Perfeito estado,Não existe,Não há placas,,Única,Faixa seccionada,,,,
2019-12-14,09:18:00,COM VÍTIMA,FINALIZADA,SAN MARTIN,AV CONSUL VILARES FRAGOSO,3,380,RUA ITAPEMIRIM,AO LADO DO BATALHÃO DA CAVALARIA,AV CONSUL VILARES FRAGOSO,380,AO LADO DO BATALHÃO DA CAVALARIA,SAN MARTIN,ABALROAMENTO LONGITUDINAL,COLISÃO COM VITIMA A ESPERA DO SAMU,,1,,,,,1,,,1,,,SUBURBIO,,,,,,,,,,,,,,,
2019-12-14,10:04:00,COM VÍTIMA,FINALIZADA,JIQUIA,AV DR JOSE RUFINO,3,392,,EM FRENTE AO COLEGIO ESPAÇO ABERTO.,AV DR JOSE RUFINO,392,EM FRENTE AO COLEGIO ESPAÇO ABERTO.,JIQUIÁ,ABALROAMENTO LONGITUDINAL,AUTO E MOTO.,1,1,,,,,,,,1,,,SUBURBIO,Longo da via,Bom,Não existe,Perfeito estado,Seca,Perfeito estado,Não existe,Outras,,Dupla,Faixa contínua,,,,
2019-12-14,10:40:00,COM VÍTIMA,FINALIZADA,CASA AMARELA,AV NORTE,0,,AV PROFESSOR JOSE DOS ANJOS,EM FRENTE AO SESC  SENTIDO CIDADE SUBÚRBIO,AV NORTE,,EM FRENTE AO SESC  SENTIDO CIDADE SUBÚRBIO,CASA AMARELA,ABALROAMENTO LONGITUDINAL,AUTO E MOTO.,1,1,,,,,,,,2,,364,SUBURBIO,Cruzamento,Bom,Sem defeito,Perfeito estado,Seca,Perfeito estado,Faixa de pedestre,R-6a,,Dupla,Canteiro central,,,,
2019-12-14,13:12:00,COM VÍTIMA,FINALIZADA,BEBERIBE,AV BEBERIBE,4,3780,RUA DALVA DE OLIVEIRA,EM FRENTE AO POSTO DE COMBUSTÍVEIS PETROL,AV BEBERIBE,3780,EM FRENTE AO POSTO DE COMBUSTÍVEIS PETROL,BEBERIBE,ABALROAMENTO TRANSVERSAL,AUTO E MOTO.,1,1,,,,,,,,2,,575,SUBURBIO,Longo da via,Bom,Sem defeito,Ilegível,Seca,Perfeito estado,Faixa de pedestre,R-6a,,Dupla,Faixa contínua,,,,
2019-12-14,15:57:00,COM VÍTIMA,FINALIZADA,IPSEP,RUA JEAN EMILE FAVRE,4,1212,RUA RIO AMAZONAS,AO LADO DA FARMACIA EXTRAFARMA. MENOR PREÇO LUBRIFICANTES / CENTRO AUTOMOTIVO.,RUA JEAN EMILE FAVRE,1212,AO LADO DA FARMACIA EXTRAFARMA. MENOR PREÇO LUBRIFICANTES / CENTRO AUTOMOTIVO.,IPSEP,COLISÃO COM CICLISTA,AUTO E BICICLETA.,1,,,1,,,,,,1,,527,SUBURBIO,Longo da via,Bom,Não existe,Perfeito estado,Seca,Perfeito estado,Não existe,R-6a,,Dupla,Faixa seccionada,,,,