data,hora,natureza_acidente,situacao,bairro,endereco,,numero,detalhe_endereco_acidente,complemento,endereco_cruzamento,numero_cruzamento,referencia_cruzamento,bairro_cruzamento,tipo,descricao,auto,moto,ciclom,ciclista,pedestre,onibus,caminhao,viatura,outros,vitimas,vitimasfatais,num_semaforo,sentido_via,acidente_verificado,tempo_clima,situacao_semaforo,sinalizacao,condicao_via,conservacao_via,ponto_controle,situacao_placa,velocidade_max_via,mao_direcao,divisao_via1,divisao_via2,divisao_via3,_id,Protocolo
2019-12-14,18:29:00,COM VÍTIMA,FINALIZADA,BOA VISTA,AV VISCONDE DE SUASSUNA,3,196,RUA DO SOSSEGO,E/F A SAUDENTAL,AV VISCONDE DE SUASSUNA,196,E/F A SAUDENTAL,BOA VISTA,ABALROAMENTO LONGITUDINAL,ENTRE DOIS AUTOS COM VITIMA,2,,,,,,,,,1,,,SUBURBIO,Esquina,Bom,Não existe,Perfeito estado,Seca,Perfeito estado,,,,,,,,,
2019-12-14,19:46:00,COM VÍTIMA,FINALIZADA,BOA VISTA,AV CONDE DA BOA VISTA,0,,RUA GERVASIO PIRES,PRÓXIMO AO SHOPPING BOA VISTA,AV CONDE DA BOA VISTA,,PRÓXIMO AO SHOPPING BOA VISTA,BOA VISTA,ATROPELAMENTO,ATROPELAMENTO ENTRE ÔNIBUS E PEDESTRE.,,,,,1,1,,,,1,,24,CIDADE,Cruzamento,Bom,Sem defeito,Perfeito estado,Seca,Perfeito estado,Não existe,Não há placas,,Dupla,Faixa contínua,,,,
2019-12-14,20:36:00,COM VÍTIMA,FINALIZADA,SANTO AMARO,RUA DOS PALMARES,0,,,EM FRENTE AO RM EXPRESS.,RUA DOS PALMARES,,EM FRENTE AO RM EXPRESS.,SANTO AMARO,COLISÃO TRASEIRA,ENTRE DOIS AUTOS COM VÍTIMA,2,,,,,,,,,2,,,CIDADE,Longo da via,Bom,Não existe,Perfeito estado,Seca,Perfeito estado,Não existe,Não há placas,40 km/h,Dupla,Canteiro central,,,,
2019-12-15,08:42:00,COM VÍTIMA,FINALIZADA,MONTEIRO,AV DEZESSETE DE AGOSTO,2,50,,EM FRENTE AO CONDOMINIO ALAMEDA IMPERIAL,AV DEZESSETE DE AGOSTO,50,EM FRENTE AO CONDOMINIO ALAMEDA IMPERIAL,MONTEIRO,TOMBAMENTO,VEÍCULO  APÓS O CONDUTOR PERDER O CONTROLE NA VIA  TOMBOU  ATINGINDO UM PEDESTRE.,1,,,,1,,,,,1,,,SUBURBIO,Longo da via,Bom,Não existe,Perfeito estado,Seca,Perfeito estado,Não existe,Outras,,Dupla,Faixa seccionada,,,,
2019-12-15,12:10:00,COM VÍTIMA,FINALIZADA,DERBY,RUA JENER DE SOUZA,0,,RUA DA BAIXA VERDE,E/F AO QUARTEL DO DERBY/ PROX A PRC DO DERBY,RUA JENER DE SOUZA,,E/F AO QUARTEL DO DERBY/ PROX A PRC DO DERBY,DERBY,ABALROAMENTO TRANSVERSAL,AUTO PASSEIO X MOTO COM VÍTIMA,1,1,,,,,,,,1,,,,Cruzamento,Bom,Não existe,Perfeito estado,Seca,Perfeito estado,Faixa de pedestre,Não há placas,,Dupla,Faixa seccionada,,,,
2019-12-15,12:56:00,COM VÍTIMA,FINALIZADA,PINA,RUA MANOEL DE BRITO,0,,,SOB TÚNEL DO PINA.,RUA MANOEL DE BRITO,,SOB TÚNEL DO PINA.,PINA,COLISÃO TRASEIRA,AUTO E MOTO.,1,1,,,,,,,,1,,,CIDADE,Outros,Bom,Não existe,Perfeito estado,Seca,Perfeito estado,,Não há placas,,Única,Faixa,,,,
2019-12-15,15:20:00,COM VÍTIMA,FINALIZADA,ENCRUZILHADA,AV NORTE,0,,,EM FRENTE AO EXTRABOM  SENT. RECIFE,AV NORTE,,EM FRENTE AO EXTRABOM  SENT. RECIFE,ENCRUZILHADA,CHOQUE OBJETO FIXO,VEICULO CHOCOU-SE COM PRISMA E MOTO,1,1,,,,,,,,1,,45,CIDADE,Longo da via,Bom,Sem defeito,Perfeito estado,Seca,Perfeito estado,Faixa de pedestre,R-6a,,Dupla,Faixa contínua,Faixa seccionada,Canteiro central,,
2019-12-15,21:36:00,COM VÍTIMA,FINALIZADA,ARRUDA,RUA PROFESSOR JERONIMO GUEIROS,0,,RUA MEM DE SA,CRUZAMENTO COM A RUA MEN DE SÁ / PROX AO CANAL DO ARRUDA,RUA PROFESSOR JERONIMO GUEIROS,,CRUZAMENTO COM A RUA MEN DE SÁ / PROX AO CANAL DO ARRUDA,ARRUDA,COLISÃO FRONTAL,GOL X PALIO,2,,,,,,,,,1,,495,SUBURBIO,Longo da via,Bom,Sem defeito,Não existente,Seca,Mal iluminada,Não existe,Não há placas,,Dupla,Não existe,,,,
2019-12-16,06:54:00,VÍTIMA FATAL,FINALIZADA,IPSEP,AV RECIFE,4,3021,,LADO OPOSTO AO POSTO FEDERAL - PROXIMO AO ANTIGO BOMPREÇO,AV RECIFE,3021,LADO OPOSTO AO POSTO FEDERAL - PROXIMO AO ANTIGO BOMPREÇO,IPSEP,COLISÃO COM CICLISTA,COLISÃO 2 AUTOS + BICICLETA - C/VITIMA,2,,,1,,,,,,3,1,,SUBURBIO,Longo da via,Bom,Não existe,Perfeito estado,Seca,Perfeito estado,Não existe,Não há placas,,Dupla,Canteiro central,,,,
2019-12-16,07:17:00,COM VÍTIMA,FINALIZADA,BOA VIAGEM,AV ENGENHEIRO DOMINGOS FERREIRA,0,,RUA PADRE CARAPUCEIRO,EM FRENTE A FAMARCIA DO TRABALHADOR E SORVETES FRI-SABOR,AV ENGENHEIRO DOMINGOS FERREIRA,,EM FRENTE A FAMARCIA DO TRABALHADOR E SORVETES FRI-SABOR,BOA VIAGEM,ABALROAMENTO TRANSVERSAL,VÍTIMA SOCORRIDO POR FAMILIARES PARA A UPA,1,1,,,,,,,,1,,216,SUBURBIO,Cruzamento,Chuvoso,Sem defeito,Perfeito estado,Molhada,Perfeito estado,Faixa de pedestre,Não há placas,60 km/h,Única,Canteiro central,,,,
2019-12-16,07:58:00,COM VÍTIMA,FINALIZADA,ILHA DO LEITE,AV FREI MATIAS TEVES,0,,,AO LADO DO HOSPITAL ALBERTO SABIN,AV FREI MATIAS TEVES,,AO LADO DO HOSPITAL ALBERTO SABIN,ILHA DO LEITE,CHOQUE OBJETO FIXO,MOTORISTA CHOCOU-SE COM UM POSTE,1,,,,,,,,,1,,,,Longo da via,Bom,Não existe,Perfeito estado,Seca,Perfeito estado,Faixa de pedestre,R-6a,30 km/h,Única,Faixa seccionada,,,,
2019-12-16,09:00:00,COM VÍTIMA,FINALIZADA,ESPINHEIRO,RUA SANTO ELIAS,2,38,,PROX. AO POSTO DE GASOLINA PORTELA. EM FRENTE A ORTTA SALADERIA.,RUA SANTO ELIAS,38,PROX. AO POSTO DE GASOLINA PORTELA. EM FRENTE A ORTTA SALADERIA.,ESPINHEIRO,COLISÃO FRONTAL,MOTO E AUTO,1,1,,,,,,,,2,,,SUBURBIO,Longo da via,Chuvoso,Não existe,Incompleta,Molhada,Mal conservada,Não existe,R-6a,30 km/h,Dupla,Não existe,,,,
2019-12-16,12:42:00,COM VÍTIMA,FINALIZADA,TAMARINEIRA,RUA CONEGO BARATA,0,,,EM FRENTE A FERREIRA COSTA,RUA CONEGO BARATA,,EM FRENTE A FERREIRA COSTA,TAMARINEIRA,ATROPELAMENTO,GM INFORMOU QUE: O CONDUTOR DO VEICULO PASSOU POR CIMA DA SENHORA E SE EVADIU DO LOCAL ...,1,,,,1,,,,,1,,,SUBURBIO,Longo da via,Bom,Não existe,Perfeito estado,Seca,Perfeito estado,Não existe,R-6a,50 km/h,Dupla,Canteiro central,,,,
2019-12-16,17:13:00,COM VÍTIMA,FINALIZADA,SAO JOSE,AV SUL,3,783,,EM FRENTE A ACRI SUL E PROXIMO AO GALPÃO DO GALO. EM FRENTE A CRIS HOTEL.,AV SUL,783,EM FRENTE A ACRI SUL E PROXIMO AO GALPÃO DO GALO. EM FRENTE A CRIS HOTEL.,SÃO JOSÉ,COLISÃO COM CICLISTA,COLISÃO ENTRE ÔNIBUS E BICICLETA.,,,,1,,1,,,,1,,,SUBURBIO,Longo da via,Bom,Não existe,Perfeito estado,Seca,Perfeito estado,Não existe,Não há placas,,Dupla,Canteiro central,,,,
2019-12-16,18:30:00,COM VÍTIMA,FINALIZADA,BOA VISTA,RUA DO HOSPICIO,0,,RUA PRINCESA IZABEL,CÂMARA MUNICIPAL DO RECIFE,RUA DO HOSPICIO,,CÂMARA MUNICIPAL DO RECIFE,BOA VISTA,ATROPELAMENTO,ATROPELAMENTO COM CHOQUE,1,1,,,1,,,,,1,,31,CIDADE,Cruzamento,Bom,Sem defeito,Incompleta,Seca,Perfeito estado,Agente,Não há placas,,Dupla,Faixa contínua,,,,
2019-12-16,18:43:00,COM VÍTIMA,FINALIZADA,IMBIRIBEIRA,RUA JACY,0,,RUA JOAQUIM BANDEIRA,PROX A UNIBLOCO ALINHAMENTO TÉCNICO. POR TRÁS DA MITSUBISHI.,RUA JACY,,PROX A UNIBLOCO ALINHAMENTO TÉCNICO. POR TRÁS DA MITSUBISHI.,IMBIRIBEIRA,ABALROAMENTO LONGITUDINAL,MOTO X ONIBUS COM VÍTIMA,,1,,,,1,,,,1,,,SUBURBIO,Longo da via,Bom,Não existe,Perfeito estado,Seca,Perfeito estado,Não existe,Não há placas,,Única,Não existe,,,,
2019-12-16,19:43:00,COM VÍTIMA,FINALIZADA,AFOGADOS,RUA SAO MIGUEL,4,1758,,LADO OPOSTO AO ATACAREJO SHOP.,RUA SAO MIGUEL,1758,LADO OPOSTO AO ATACAREJO SHOP.,AFOGADOS,COLISÃO TRASEIRA,ENTRE AUTO PASSEIO X MOTO COM VÍTIMA,1,1,,,,,,,,1,,,CIDADE,Longo da via,Bom,Não existe,Perfeito estado,Seca,Perfeito estado,Não existe,Não há placas,,Dupla,Faixa contínua,Faixa seccionada,,,
2019-12-16,20:00:00,COM VÍTIMA,FINALIZADA,SAO JOSE,RUA DOS COELHOS,0,,,E/F AO IMIP,RUA DOS COELHOS,,E/F AO IMIP,SÃO JOSÉ,ABALROAMENTO LONGITUDINAL,ENTRE AUTO PASSEIO X MOTO COM VÍTIMA,1,1,,,,,,,,1,,359,CIDADE,Longo da via,Bom,Sem defeito,Perfeito estado,Seca,Perfeito estado,Faixa de pedestre,Não há placas,,Dupla,Faixa contínua,,,,
2019-12-16,20:16:00,COM VÍTIMA,FINALIZADA,IPUTINGA,EST DO BARBALHO,0,,,AO LADO DO DETRAN,EST DO BARBALHO,,AO LADO DO DETRAN,IPUTINGA,COLISÃO COM CICLISTA,MOTO X CICLISTA COM VÍTIMA,,1,,1,,,,,,3,,,CIDADE,Longo da via,Bom,Não existe,Incompleta,Seca,Perfeito estado,Não existe,R-6a,,Dupla,Não existe,,,,
2019-12-17,07:28:00,COM VÍTIMA,FINALIZADA,IPSEP,RUA CACHOEIRA,2,10,RUA JAMAICA,EM FRENTE A FACULDADE DE BOA VIAGEM E A OFICINA CENTRO AUTOMOTIVO MECANICA E GERAL,RUA CACHOEIRA,10,EM FRENTE A FACULDADE DE BOA VIAGEM E A OFICINA CENTRO AUTOMOTIVO MECANICA E GERAL,IPSEP,ABALROAMENTO TRANSVERSAL,AUTO E MOTO.,1,1,,,,,,,,1,,,CIDADE,Cruzamento,Bom,Não existe,Perfeito estado,Seca,Perfeito estado,Não existe,Não há placas,,Única,Faixa seccionada,,,,
2019-12-17,09:53:00,COM VÍTIMA,FINALIZADA,IMBIRIBEIRA,AV ENGENHEIRO ALVES DE SOUZA,0,,RUA ARQUITETO LUIZ NUNES,FARMÁCIA DROGASIL,AV ENGENHEIRO ALVES DE SOUZA,,FARMÁCIA DROGASIL,IMBIRIBEIRA,ABALROAMENTO TRANSVERSAL,COLISÃO COM VITIMA A ESPERA DO SAMU,1,1,,,,,,,,1,,634,SUBURBIO,Cruzamento,Bom,Sem defeito,Perfeito estado,Seca,Perfeito estado,Faixa de pedestre,Não há placas,,Dupla,Faixa contínua,,,,
2019-12-17,10:56:00,COM VÍTIMA,FINALIZADA,IMBIRIBEIRA,AV MARECHAL MASCARENHAS DE MORAES,4,1818,AV ENGENHEIRO ALVES DE SOUZA,EM FRENTE A CONCESSIONARIA AUTOLINE E JUIZADOS ESPECIAIS DO RECIFE.,AV MARECHAL MASCARENHAS DE MORAES,1818,EM FRENTE A CONCESSIONARIA AUTOLINE E JUIZADOS ESPECIAIS DO RECIFE.,IMBIRIBEIRA,ATROPELAMENTO,AUTO E PEDESTRE.,1,,,,1,,,,,1,,288,CIDADE,Longo da via,Bom,Sem defeito,Perfeito estado,Seca,Perfeito estado,Faixa de pedestre,Não há placas,60 km/h,Dupla,Canteiro central,,,,
2019-12-17,11:10:00,COM VÍTIMA,FINALIZADA,CAMPO GRANDE,RUA PROFESSOR FRANCISCO DA TRINDADE,0,,RUA CATULO DA PAIXAO CEARENSE,PROX. A IGREJA UNIVERSAL E A PRAÇA DE CAMPO GRANDE,RUA PROFESSOR FRANCISCO DA TRINDADE,,PROX. A IGREJA UNIVERSAL E A PRAÇA DE CAMPO GRANDE,CAMPO GRANDE,ABALROAMENTO TRANSVERSAL,ONIBUS E AUTO,1,,,,,1,,,,2,,,SUBURBIO,Cruzamento,Bom,Não existe,Perfeito estado,Seca,Perfeito estado,Faixa de pedestre,Placas Pare,,Dupla,Faixa seccionada,,,,
2019-12-17,11:20:00,COM VÍTIMA,FINALIZADA,MADALENA,EST DOS REMEDIOS,4,2464,RUA BENFICA,EM FRENTE AO POSTO EXTRA.,EST DOS REMEDIOS,2464,EM FRENTE AO POSTO EXTRA.,MADALENA,ABALROAMENTO LONGITUDINAL,COLISÃO COM VÍTIMA. A OUTRA PARTE SE EVADIU DO LOCAL SEGUNDO O GCM MARCILIO,,1,,,,,,,,1,,51,SUBURBIO,Esquina,Bom,Sem defeito,Perfeito estado,Seca,Perfeito estado,Agente,R-4a,60 km/h,Única,Faixa contínua,,,,
2019-12-17,16:26:00,COM VÍTIMA,FINALIZADA,GUABIRABA,AV DA RECUPERACAO,4,2691,,EM FRENTE AO ARMAZEM DE CONSTRUÇÃO JENIPAPO,AV DA RECUPERACAO,2691,EM FRENTE AO ARMAZEM DE CONSTRUÇÃO JENIPAPO,GUABIRABA,COLISÃO,COLISÃO COM VÍTIMA,1,1,,,,,,,,1,,,,,,,,,,,,,,,,,,
2019-12-17,16:30:00,COM VÍTIMA,FINALIZADA,MADALENA,RUA JOSE OSORIO,3,680,RUA ERNANI BRAGA,E/F A TEIXEIRA VEICULOS,RUA JOSE OSORIO,680,E/F A TEIXEIRA VEICULOS,MADALENA,ABALROAMENTO LONGITUDINAL,COLISAO ENTRE DUAS MOTOS COM DUAS VITIMAS,,2,,,,,,,,2,,,SUBURBIO,Esquina,Bom,Não existe,Perfeito estado,Seca,Perfeito estado,Não existe,Placas Pare,30 e 40 km/h,Dupla,Faixa contínua,Faixa seccionada,,,
2019-12-17,19:46:00,COM VÍTIMA,FINALIZADA,CAMPO GRANDE,RUA JERONIMO VILELA,3,581,,PROX AO CLUBE DAS PAS. CLUBE SOCIETY VITAL.,RUA JERONIMO VILELA,581,PROX AO CLUBE DAS PAS. CLUBE SOCIETY VITAL.,CAMPO GRANDE,COLISÃO FRONTAL,COLISAO COM DUAS VITIMAS ENTRE AUTO E MOTO.,1,1,,,,,,,,2,,,,Longo da via,Bom,Não existe,Incompleta,Seca,Perfeito estado,Não existe,R-6a,,Dupla,Faixa seccionada,,,,
2019-12-18,07:56:00,COM VÍTIMA,FINALIZADA,BOA VISTA,AV VISCONDE DE SUASSUNA,3,923,RUA DO HOSPICIO,EM FRENTE A ESCOLA SIZENANDO SILVEIRA.,AV VISCONDE DE SUASSUNA,923,EM FRENTE A ESCOLA SIZENANDO SILVEIRA.,BOA VISTA,ABALROAMENTO LONGITUDINAL,COLIÃO ENTRE DUAS MOTOS. COM VITIMA. GM NO LOCAL,,2,,,,,,,,2,,32,CIDADE,Longo da via,Bom,Sem defeito,Perfeito estado,Seca,Perfeito estado,Agente,Outras,,Dupla,Faixa contínua,,,,
2019-12-18,13:49:00,COM VÍTIMA,FINALIZADA,ROSARINHO,RUA DR JOSE MARIA,3,900,RUA CAPITAO SAMPAIO XAVIER,E/F AO PORTAL DA PICANHA,RUA DR JOSE MARIA,900,E/F AO PORTAL DA PICANHA,ROSARINHO,ABALROAMENTO TRANSVERSAL,COLISAO ENTRE AUTO E MOTO COM UMA VITIMA,1,1,,,,,,,,1,,,SUBURBIO,Cruzamento,Bom,Não existe,Perfeito estado,Seca,Perfeito estado,Não existe,R-19,30 km/h,Dupla,Faixa seccionada,,,,
2019-12-18,16:42:00,COM VÍTIMA,FINALIZADA,TORROES,AV ENGENHEIRO ABDIAS DE CARVALHO,4,3311,,EM FRENTE AO PLANETA SHOW/ CIDADE,AV ENGENHEIRO ABDIAS DE CARVALHO,3311,EM FRENTE AO PLANETA SHOW/ CIDADE,TORRÕES,ATROPELAMENTO,COM VÍTIMA,1,,,,1,,,,,1,,,CIDADE,Longo da via,Bom,Sem defeito,Perfeito estado,Seca,Perfeito estado,Não existe,Não há placas,60 km/h,Dupla,Canteiro central,,,,
2019-12-18,16:49:00,COM VÍTIMA,FINALIZADA,AFOGADOS,RUA SAO MIGUEL,0,,EST DOS REMEDIOS,SOB O SEMÁFORO 053,RUA SAO MIGUEL,,SOB O SEMÁFORO 053,AFOGADOS,COLISÃO,01 VÍTIMA CONDUTORA DA MOTOCICLETA,,1,,,,1,,,,1,,53,CIDADE,Cruzamento,Bom,Sem defeito,Perfeito estado,Seca,Perfeito estado,Faixa de pedestre,Outras,,Dupla,Faixa seccionada,,,,
2019-12-18,19:12:00,COM VÍTIMA,FINALIZADA,SANTO ANTONIO,RUA SIQUEIRA CAMPOS,0,,AV DANTAS BARRETO,E/F AO ANTIGO PRÉDIO DO INSS JK / SICREDI.,RUA SIQUEIRA CAMPOS,,E/F AO ANTIGO PRÉDIO DO INSS JK / SICREDI.,SANTO ANTÔNIO,ATROPELAMENTO,AUTO PASSEIO E PEDESTRE. C/V,1,,,,1,,,,,1,,141,SUBURBIO,Cruzamento,Bom,Sem defeito,Perfeito estado,Seca,Perfeito estado,Não existe,Não há placas,,Dupla,Canteiro central,,,,
2019-12-18,20:44:00,COM VÍTIMA,FINALIZADA,MADALENA,RUA BENFICA,4,1103,,E/F AO MUSEU DA ABOLIÇÃO E DPCA.,RUA BENFICA,1103,E/F AO MUSEU DA ABOLIÇÃO E DPCA.,MADALENA,COLISÃO COM CICLISTA,ÔNIBUS E BICICLETA.,,,,1,,1,,,,1,,,SUBURBIO,Longo da via,Bom,Não existe,Perfeito estado,Seca,Perfeito estado,Não existe,Não há placas,,Dupla,Faixa contínua,,,,
2019-12-19,06:13:00,COM VÍTIMA,FINALIZADA,AREIAS,AV DR JOSE RUFINO,4,1495,RUA IPOJUCA,E/F A IGREJA PRESBITERIANA DE AREIAS,AV DR JOSE RUFINO,1495,E/F A IGREJA PRESBITERIANA DE AREIAS,AREIAS,ABALROAMENTO LONGITUDINAL,COLISÃO C/VITIMA ENTRE UM AUTO E UM CAMINHÃO,1,,,,,,1,,,1,,44,CIDADE,Longo da via,Bom,Sem defeito,Perfeito estado,Seca,Perfeito estado,Faixa de pedestre,Não há placas,60 km/h,Dupla,Faixa contínua,,,,
2019-12-19,09:33:00,COM VÍTIMA,FINALIZADA,SANTO AMARO,AV GOVERNADOR AGAMENON MAGALHAES,0,,,APÓS O VIADUTO DA AV. NORTE,AV GOVERNADOR AGAMENON MAGALHAES,,APÓS O VIADUTO DA AV. NORTE,SANTO AMARO,COLISÃO TRASEIRA,ÔNIBUS E MOTO,,1,,,,1,,,,1,,,OLINDA,Longo da via,Bom,Não existe,Perfeito estado,Seca,Perfeito estado,Não existe,Não há placas,,Dupla,Canal,,,,
2019-12-19,13:43:00,COM VÍTIMA,FINALIZADA,SANTO AMARO,AV GOVERNADOR AGAMENON MAGALHAES,0,,,E/F AO MINISTERIO DO TRABALHO S/T BOA VIAGEM,AV GOVERNADOR AGAMENON MAGALHAES,,E/F AO MINISTERIO DO TRABALHO S/T BOA VIAGEM,SANTO AMARO,ABALROAMENTO LONGITUDINAL,COLISAO ENTRE AUTO E MOTO COM DUAS VITIMAS,1,1,,,,,,,,2,,108,CIDADE,Longo da via,Bom,Sem defeito,Perfeito estado,Seca,Perfeito estado,Faixa de pedestre,Não há placas,60 km/h,Dupla,Canal,,,,
2019-12-19,14:45:00,COM VÍTIMA,FINALIZADA,CORDEIRO,AV CAXANGA,0,,RUA GREGORIO JUNIOR,E/F A DROGASIL,AV CAXANGA,,E/F A DROGASIL,CORDEIRO,CHOQUE VEÍCULO PARADO,CAMINHÃO X MOTO COM VÍTIMA,,1,,,,,1,,,1,,236,CIDADE,Cruzamento,Bom,Sem defeito,Perfeito estado,Seca,Perfeito estado,Faixa de pedestre,R-6a,,Única,Não existe,,,,
2019-12-19,14:49:00,COM VÍTIMA,FINALIZADA,VASCO DA GAMA,RUA VASCO DA GAMA,3,106,RUA DR AUGUSTO CHACON,AO LADO DO SESI. EM FRENTE A GD CELL,RUA VASCO DA GAMA,106,AO LADO DO SESI. EM FRENTE A GD CELL,VASCO DA GAMA,ABALROAMENTO LONGITUDINAL,MOTO X AUTO PASSEIO COM VÍTIMA,1,1,,,,,,,,1,,,CIDADE,Esquina,Bom,Não existe,Perfeito estado,Seca,Perfeito estado,Não existe,R-6a,,Dupla,Não existe,,,,
2019-12-19,18:23:00,COM VÍTIMA,FINALIZADA,SANTO ANTONIO,AV MARTINS DE BARROS,0,,,E/ F AO FORUM THOMAZ DE AQUINO,AV MARTINS DE BARROS,,E/ F AO FORUM THOMAZ DE AQUINO,SANTO ANTÔNIO,ATROPELAMENTO,AUTO E PEDESTRE.,1,,,,1,,,,,1,,,CIDADE,Longo da via,Bom,Não existe,Perfeito estado,Seca,Perfeito estado,Não existe,Outras,40 km/h,Única,Faixa seccionada,,,,
2019-12-19,19:45:00,COM VÍTIMA,FINALIZADA,BOA VIAGEM,AV CONSELHEIRO AGUIAR,4,4510,RUA DES JOAO PAES,SUPERMERCADO EXTRA,AV CONSELHEIRO AGUIAR,4510,SUPERMERCADO EXTRA,BOA VIAGEM,COLISÃO TRASEIRA,ENTRE 2 AUTOS. S/V,2,,,,,,,,,,,241,CIDADE,Cruzamento,Bom,Sem defeito,Perfeito estado,Seca,Perfeito estado,Não existe,,,Única,Faixa seccionada,,,,
2019-12-20,06:13:00,COM VÍTIMA,FINALIZADA,SANTO AMARO,AV GOVERNADOR AGAMENON MAGALHAES,0,,RUA ODORICO MENDES,INSTITUTO DE CRIMINALÍSTICA,AV GOVERNADOR AGAMENON MAGALHAES,,INSTITUTO DE CRIMINALÍSTICA,SANTO AMARO,ABALROAMENTO TRANSVERSAL,COLISÃO COM VITIMA. UM CARRO E MOTO. GM NO LOCAL,1,1,,,,,,,,1,,49,CIDADE,Cruzamento,Bom,Sem defeito,Perfeito estado,Seca,Perfeito estado,Faixa de pedestre,Outras,60 km/h,Dupla,Faixa contínua,,,,
2019-12-20,07:45:00,COM VÍTIMA,FINALIZADA,BONGI,AV ENGENHEIRO ABDIAS DE CARVALHO,4,2082,,PROX. TROCAO DO ÓLEO,AV ENGENHEIRO ABDIAS DE CARVALHO,2082,PROX. TROCAO DO ÓLEO,BONGI,COLISÃO TRASEIRA,COLISAO COM VITIMA.E UMA DAS PARTE FOI EMBORA. GM NO LOCAL.,,1,,,,,,,,1,,,SUBURBIO,Longo da via,Bom,Não existe,Perfeito estado,Seca,Perfeito estado,Não existe,Outras,60 km/h,Dupla,Canteiro central,,,,
2019-12-20,08:41:00,COM VÍTIMA,FINALIZADA,MADALENA,AV CAXANGA,3,975,RUA JOSE OSORIO,PROX: AVS,AV CAXANGA,975,PROX: AVS,MADALENA,ABALROAMENTO TRANSVERSAL,COLISAO COM VITIMA. UMA CAMINHONETE E UMA MOTO.,1,1,,,,,,,,1,,,,Longo da via,Bom,Não existe,Perfeito estado,Seca,Perfeito estado,Não existe,Não há placas,,Dupla,Faixa contínua,Faixa seccionada,,,
2019-12-20,08:52:00,COM VÍTIMA,FINALIZADA,CORDEIRO,AV CAXANGA,4,2414,,APOS O PARUQE DO CORDEIRO  SENT. CAMARAGIBE. EM FRENTE A AUTO FUTURA.,AV CAXANGA,2414,APOS O PARUQE DO CORDEIRO  SENT. CAMARAGIBE. EM FRENTE A AUTO FUTURA.,CORDEIRO,COLISÃO TRASEIRA,AUTO E MOTO NO LOCAL GM,1,1,,,,,,,,1,,275,SUBURBIO,Longo da via,Chuvoso,Sem defeito,Perfeito estado,Seca,Mal conservada,Faixa de pedestre,Outras,,Única,Faixa contínua,Canteiro central,,,
2019-12-20,18:10:00,COM VÍTIMA,FINALIZADA,SAO JOSE,C SANTA RITA,0,,,PRÓXIMO AO ARMAZÉM AGEMAR.,C SANTA RITA,,PRÓXIMO AO ARMAZÉM AGEMAR.,SÃO JOSÉ,TOMBAMENTO,ACIDENTE DE PERCUSO COM VITIMA,,1,,,,,,,,1,,97,CIDADE,Longo da via,Bom,Sem defeito,Perfeito estado,Seca,Perfeito estado,Não existe,Não há placas,,Dupla,Canteiro central,,,,
2019-12-20,19:01:00,COM VÍTIMA,FINALIZADA,PINA,AV ENGENHEIRO DOMINGOS FERREIRA,3,890,,,AV ENGENHEIRO DOMINGOS FERREIRA,890,,PINA,ATROPELAMENTO,,,1,,,3,,,,,4,,,SUBURBIO,Longo da via,Bom,Não existe,Perfeito estado,Seca,Perfeito estado,Não existe,Não há placas,60 km/h,Única,Faixa seccionada,,,,
2019-12-20,20:26:00,COM VÍTIMA,FINALIZADA,IPSEP,RUA JEAN EMILE FAVRE,4,1717,RUA DAVID PERNETA,E/F A PANIFICADORA VILA DO PAO,RUA JEAN EMILE FAVRE,1717,E/F A PANIFICADORA VILA DO PAO,IPSEP,ABALROAMENTO LONGITUDINAL,COLISAO COM VITIMAS,1,1,,,,,,,,1,,,SUBURBIO,Esquina,Bom,Não existe,Perfeito estado,Seca,Perfeito estado,Não existe,Não há placas,,Dupla,Faixa seccionada,,,,