data,hora,natureza_acidente,situacao,bairro,endereco,,numero,detalhe_endereco_acidente,complemento,endereco_cruzamento,numero_cruzamento,referencia_cruzamento,bairro_cruzamento,tipo,descricao,auto,moto,ciclom,ciclista,pedestre,onibus,caminhao,viatura,outros,vitimas,vitimasfatais,num_semaforo,sentido_via,acidente_verificado,tempo_clima,situacao_semaforo,sinalizacao,condicao_via,conservacao_via,ponto_controle,situacao_placa,velocidade_max_via,mao_direcao,divisao_via1,divisao_via2,divisao_via3,_id,Protocolo
2019-12-20,23:32:00,COM VÍTIMA,FINALIZADA,IMBIRIBEIRA,RUA ANTONIO FALCAO,2,80,,E/F A MUNDO CABELEREIRO E LAFITTE.,RUA ANTONIO FALCAO,80,E/F A MUNDO CABELEREIRO E LAFITTE.,IMBIRIBEIRA,ABALROAMENTO TRANSVERSAL,COLISAO COM VITIMAS,1,1,,,,,,,,1,,,SUBURBIO,Longo da via,Bom,Não existe,Perfeito estado,Seca,Perfeito estado,Não existe,,,Única,Faixa seccionada,Canteiro central,,,
2019-12-21,09:16:00,COM VÍTIMA,FINALIZADA,IMBIRIBEIRA,RUA JULIO VERNE,2,71,RUA ENGENHEIRO JOSE APOLINARIO,SINDICATO DOS TAXISTAS,RUA JULIO VERNE,71,SINDICATO DOS TAXISTAS,IMBIRIBEIRA,ABALROAMENTO LONGITUDINAL,AUTO E MOTO,1,1,,,,,,,,1,,,CIDADE,Longo da via,Bom,Não existe,Perfeito estado,Seca,Perfeito estado,,,,Dupla,,,,,
2019-12-21,11:50:00,COM VÍTIMA,FINALIZADA,VARZEA,AV AFONSO OLINDENSE,3,962,RUA APULEU VIEIRA,PROX A LOMBADA ELETRONICA EM FRENTE A IGREJA BATISTA DA VARZEA,AV AFONSO OLINDENSE,962,PROX A LOMBADA ELETRONICA EM FRENTE A IGREJA BATISTA DA VARZEA,VÁRZEA,ABALROAMENTO LONGITUDINAL,COLISÃO COM VITIMA,2,1,,,,,,,,1,,,SUBURBIO,Longo da via,Bom,,Perfeito estado,Seca,Perfeito estado,Outros,Outras,,Dupla,Faixa seccionada,,,,
2019-12-21,12:51:00,COM VÍTIMA,FINALIZADA,SAO JOSE,AV SUL,3,619,,E/F A MINEIRO RODAS,AV SUL,619,E/F A MINEIRO RODAS,SÃO JOSÉ,ABALROAMENTO LONGITUDINAL,COLISAO ENTRE AUTO E MOTO COM DUAS VITIMAS,1,1,,,,,,,,2,,,CIDADE,Longo da via,Bom,Não existe,Perfeito estado,Seca,Perfeito estado,Não existe,Outras,,Única,Faixa seccionada,Canteiro central,,,
2019-12-21,13:49:00,COM VÍTIMA,FINALIZADA,VARZEA,RUA AGRICOLANDIA,0,,RUA PROFESSOR ANTONIO COELHO,PROXIMO A PADARIA CDU,RUA AGRICOLANDIA,,PROXIMO A PADARIA CDU,VÁRZEA,ABALROAMENTO TRANSVERSAL,COLISÃO COM VÍTIMA,1,1,,,,,,,,1,,,SUBURBIO,Cruzamento,Bom,Não existe,Perfeito estado,Seca,Perfeito estado,,,,Dupla,,,,,
2019-12-21,15:33:00,COM VÍTIMA,FINALIZADA,TEJIPIO,AV DR JOSE RUFINO,0,,,EM CIMA DO VIADUTO DA AV DR JOSE RUFINO QUE CRUZA A BR 101,AV DR JOSE RUFINO,,EM CIMA DO VIADUTO DA AV DR JOSE RUFINO QUE CRUZA A BR 101,TEJIPIÓ,ABALROAMENTO TRANSVERSAL,COLISÃO ENTRE ATO E MOTO C/V,1,1,,,,,,,,1,,,SUBURBIO,Longo da via,Bom,Não existe,Perfeito estado,Seca,Perfeito estado,Não existe,Não há placas,,Dupla,Faixa seccionada,,,,
2019-12-21,15:45:00,COM VÍTIMA,FINALIZADA,JAQUEIRA,RUA DEPUTADO PEDRO PIRES FERREIRA,2,95,,EM FRENTE AO EDIFICIO STUDIO PARQUE PRINCE  AO LADO DO AÇAI NO PONTO,RUA DEPUTADO PEDRO PIRES FERREIRA,95,EM FRENTE AO EDIFICIO STUDIO PARQUE PRINCE  AO LADO DO AÇAI NO PONTO,JAQUEIRA,COLISÃO COM CICLISTA,COLISÃO ENTRE AUTO E CICLISTA C/V. NO Q11857BOLETIM FÍSICO CONSTA COMO NATUREZA: COLISÃO TRASEIRA E NÃO HOUVE IDENTIFICAÇÃO DA VÍTIMA NEM DO OUTRO VEÍCULO ENVOLVIDO.,1,,,1,,,,,,1,,,SUBURBIO,Longo da via,Bom,Não existe,Perfeito estado,Seca,Perfeito estado,Não existe,Não há placas,40 km/h,Dupla,Faixa seccionada,,,,
2019-12-21,17:27:00,COM VÍTIMA,FINALIZADA,JIQUIA,AV JOAO CABRAL DE MELO NETO,3,271,,PROX DA PIZZARIA JARDIM DO ÉDEN,AV JOAO CABRAL DE MELO NETO,271,PROX DA PIZZARIA JARDIM DO ÉDEN,JIQUIÁ,ATROPELAMENTO,ATROPELAMENTO ENVOLVENDO MOTO E PEDESTRE,,1,,,1,,,,,1,,,CIDADE,Longo da via,Bom,Não existe,Perfeito estado,Seca,Perfeito estado,Não existe,,,Dupla,Canteiro central,,,,
2019-12-21,23:10:00,COM VÍTIMA,FINALIZADA,IMBIRIBEIRA,AV MARECHAL MASCARENHAS DE MORAES,0,,,E/F AO GERALDÃO,AV MARECHAL MASCARENHAS DE MORAES,,E/F AO GERALDÃO,IMBIRIBEIRA,ABALROAMENTO LONGITUDINAL,ENTRE 2 AUTOS. C/V,2,,,,,,,,,2,,,SUBURBIO,Longo da via,Bom,Não existe,Perfeito estado,Seca,Perfeito estado,Não existe,R-6a,60 km/h,Única,Faixa seccionada,,,,
2019-12-22,08:31:00,COM VÍTIMA,FINALIZADA,IPSEP,AV RECIFE,4,2586,RUA PINTOR ANTONIO ALBUQUERQUE,EM FRENTE AO POSTO SHELL,AV RECIFE,2586,EM FRENTE AO POSTO SHELL,IPSEP,COLISÃO TRASEIRA,DUAS MOTOS,,2,,,,,,,,1,,55,,Cruzamento,Bom,Sem defeito,Perfeito estado,Seca,Perfeito estado,Faixa de pedestre,Não há placas,,Dupla,Canteiro central,,,,
2019-12-22,11:09:00,COM VÍTIMA,FINALIZADA,COHAB,RUA VALE DO ITAJAI,3,115,,E/F AO DEPÓSITO DE BEBIBAS. BENTO CONSTRUÇÃO,RUA VALE DO ITAJAI,115,E/F AO DEPÓSITO DE BEBIBAS. BENTO CONSTRUÇÃO,COHAB,ABALROAMENTO LONGITUDINAL,COLISÃO C/VITIMA ENTRE UMA MOTO E UM AUTO (CONDUTOR DO AUTO EVADIU-SE DO LOCAL). A EVASÃO NÃO É CONFIRMADA NA CONFERÊNCIA COM O BOLETIM FÍSICO  TAMBÉM NÃO É NEGADA. NO BOLETIM FÍSICO TAMBÉM CONSTAM APENAS DOIS VEÍCULOS  SENDO: PEM0873 E PCW0498.,2,1,,,,,,,,1,,,SUBURBIO,Longo da via,Bom,Não existe,Ilegível,Seca,Perfeito estado,Não existe,R-19,,Dupla,Não existe,,,,
2019-12-22,15:52:00,COM VÍTIMA,FINALIZADA,PINA,AV HERCULANO BANDEIRA,3,399,AV ENGENHEIRO DOMINGOS FERREIRA,,AV HERCULANO BANDEIRA,399,,PINA,ATROPELAMENTO,SEGUNDO O INSP O VEÍCULO SE EVADIU DO LOCAL - SEM IDENTIFICAÇÃO,1,,,,1,,,,,1,,,SUBURBIO,Longo da via,Bom,Não existe,Perfeito estado,Seca,Perfeito estado,Não existe,Não há placas,,Única,Faixa contínua,,,,
2019-12-22,16:14:00,COM VÍTIMA,FINALIZADA,TAMARINEIRA,EST DO ARRAIAL,0,,RUA CONEGO BARATA,EM FRENTE A CASAS JOSE ARAUJO,EST DO ARRAIAL,,EM FRENTE A CASAS JOSE ARAUJO,TAMARINEIRA,COLISÃO TRASEIRA,COLISÃO COM VÍTIMA,2,,,,,,,,,1,,61,ÁGUA FRIA,Cruzamento,Bom,Sem defeito,Perfeito estado,Seca,Outros,Faixa de pedestre,Outras,,Única,Faixa seccionada,Canteiro central,,,
2019-12-22,17:16:00,COM VÍTIMA,FINALIZADA,IBURA,AV ENGENHO SERRA VERDE,3,660,RUA ENGENHO BOM DESTINO,PROX A PADARIA MARAJO E IDEAL RAÇÕES.,AV ENGENHO SERRA VERDE,660,PROX A PADARIA MARAJO E IDEAL RAÇÕES.,IBURA,ABALROAMENTO LONGITUDINAL,COLISAO COM VITIMAS,1,1,,,,,,,,1,,,SUBURBIO,Cruzamento,Bom,Não existe,Não existente,Seca,Perfeito estado,Não existe,Não há placas,,Única,Não existe,,,,
2019-12-22,18:44:00,COM VÍTIMA,FINALIZADA,AREIAS,AV RECIFE,0,,,E/F AO BIG BROMPREÇO E BLOCO 3968  MÓDULO 1 DO CONJUNTO IGNÊS ANDREAZZA.,AV RECIFE,,E/F AO BIG BROMPREÇO E BLOCO 3968  MÓDULO 1 DO CONJUNTO IGNÊS ANDREAZZA.,AREIAS,COLISÃO TRASEIRA,DOIS AUTOS.,2,,,,,,,,,1,,,BR101,Longo da via,Bom,Sem defeito,Perfeito estado,Seca,Perfeito estado,,,60 km/h,Dupla,Canteiro central,,,,
2019-12-22,21:14:00,COM VÍTIMA,FINALIZADA,PRADO,RUA GERVASIO CAMPELO,3,136,RUA SANTA EDWIRGES,POR TRAS DO HABIBS,RUA GERVASIO CAMPELO,136,POR TRAS DO HABIBS,PRADO,ABALROAMENTO TRANSVERSAL,COLISAO COM VITIMAS,1,1,,,,,,,,1,,,CIDADE,Cruzamento,Bom,Não existe,Perfeito estado,Seca,Perfeito estado,Faixa de pedestre,Outras,,Única,Faixa seccionada,,,,
2019-12-23,00:17:00,COM VÍTIMA,FINALIZADA,AFOGADOS,RUA PROFESSOR AUGUSTO WANDERLEY FILHO,0,,RUA MOTOCOLOMBO,EM FRENTE A JUCA MÓVEIS,RUA PROFESSOR AUGUSTO WANDERLEY FILHO,,EM FRENTE A JUCA MÓVEIS,AFOGADOS,COLISÃO FRONTAL,COLISÃO ENTRE AUTO E MOTO C/V,1,1,,,,,,,,1,,39,SUBURBIO,Cruzamento,Bom,Sem defeito,Perfeito estado,Seca,Perfeito estado,Faixa de pedestre,,,Única,Faixa seccionada,,,,
2019-12-23,07:33:00,COM VÍTIMA,FINALIZADA,ARRUDA,RUA ZEFERINO AGRA,3,364,RUA BOM CONSELHO,EM FRENTE A PADARIA BOA ESPERANÇA,RUA ZEFERINO AGRA,364,EM FRENTE A PADARIA BOA ESPERANÇA,ARRUDA,ABALROAMENTO LONGITUDINAL,COLISÃO ENVOLVENDO DUAS MOTOS,,2,,,,,,,,1,,,SUBURBIO,Cruzamento,Bom,Não existe,Perfeito estado,Seca,Perfeito estado,Não existe,Outras,,Dupla,Faixa seccionada,,,,
2019-12-23,08:05:00,COM VÍTIMA,FINALIZADA,IMBIRIBEIRA,AV MARECHAL MASCARENHAS DE MORAES,0,,,LADO OPOSTO A ANAC,AV MARECHAL MASCARENHAS DE MORAES,,LADO OPOSTO A ANAC,IMBIRIBEIRA,COLISÃO TRASEIRA,AUTO E MOTO.,1,1,,,,,,,,1,,625,SUBURBIO,Longo da via,Bom,Sem defeito,Perfeito estado,Seca,Perfeito estado,Faixa de pedestre,Outras,60 km/h,Dupla,Canteiro central,,,,
2019-12-23,08:10:00,COM VÍTIMA,FINALIZADA,BOA VIAGEM,RUA VISCONDE DE JEQUITINHONHA,0,,AV ARMINDO MOURA,EM FRENTE AO LAVA JATO DAS MENINA/PISTA LESTE,RUA VISCONDE DE JEQUITINHONHA,,EM FRENTE AO LAVA JATO DAS MENINA/PISTA LESTE,BOA VIAGEM,ABALROAMENTO TRANSVERSAL,AUTO E MOTO.,1,1,,,,,,,,1,,258,SUBURBIO,Cruzamento,Bom,Sem defeito,Perfeito estado,Seca,Perfeito estado,Faixa de pedestre,Não há placas,,Dupla,Faixa contínua,,,,
2019-12-23,11:59:00,COM VÍTIMA,FINALIZADA,CASA AMARELA,RUA BELA VISTA,3,152,RUA OSCAR PINTO,EM FRENTE A BELA VISTA PADARIA E PASTELARIA,RUA BELA VISTA,152,EM FRENTE A BELA VISTA PADARIA E PASTELARIA,CASA AMARELA,ABALROAMENTO TRANSVERSAL,COLISÃO COM VÍTIMA,2,,,,,,,,,2,,,,Cruzamento,Bom,Não existe,Não existente,Seca,Perfeito estado,Não existe,Não há placas,40 km/h,Dupla,Não existe,,,,
2019-12-23,17:02:00,COM VÍTIMA,FINALIZADA,CORDEIRO,AV CAXANGA,4,1319,,E/F AO BRADESCO S/T CID,AV CAXANGA,1319,E/F AO BRADESCO S/T CID,CORDEIRO,TOMBAMENTO,AUTO E MOTO.,1,1,,,,,,,,1,,,CIDADE,Longo da via,Bom,Sem defeito,Perfeito estado,Seca,Perfeito estado,Não existe,Não há placas,50 km/h,Dupla,Canteiro central,,,,
2019-12-23,19:19:00,COM VÍTIMA,FINALIZADA,IMBIRIBEIRA,AV MARECHAL MASCARENHAS DE MORAES,0,,,NO FINAL DO MURO DO AEROPORTO,AV MARECHAL MASCARENHAS DE MORAES,,NO FINAL DO MURO DO AEROPORTO,IMBIRIBEIRA,ABALROAMENTO TRANSVERSAL,COLISAO COM VITIMAS. UM SEGUNDO VEÍCULO NÃO PRESTOU SOCORRO ÀS VÍTIMAS E EVADIU-SE DO LOCAL.,,1,,,,,,,,2,,,SUBURBIO,Outros,Bom,Não existe,Perfeito estado,Seca,Perfeito estado,Não existe,Não há placas,60 km/h,Única,Faixa seccionada,,,,
2019-12-23,23:21:00,COM VÍTIMA,FINALIZADA,BOA VIAGEM,AV BOA VIAGEM,4,2846,,AO LADO DA PADARIA BOA VIAGEM / SEMÁFORO 548,AV BOA VIAGEM,2846,AO LADO DA PADARIA BOA VIAGEM / SEMÁFORO 548,BOA VIAGEM,COLISÃO TRASEIRA,ENTRE AUTO E MOTO. C/V,1,1,,,,,,,,2,,,CIDADE,Longo da via,Bom,Sem defeito,Perfeito estado,Seca,Perfeito estado,Faixa de pedestre,,60 km/h,Única,Faixa seccionada,,,,
2019-12-24,10:58:00,COM VÍTIMA,FINALIZADA,ROSARINHO,AV NORTE,0,,AV SANTOS DUMONT,PADARIA ROSARINHO,AV NORTE,,PADARIA ROSARINHO,ROSARINHO,ATROPELAMENTO,CARRO SE EVADIU E NÃO PEGARAM A PLACA,1,,,,1,,,,,1,,81,CIDADE,Cruzamento,Bom,Sem defeito,Perfeito estado,Seca,Perfeito estado,Faixa de pedestre,Outras,,Dupla,Canteiro central,,,,
2019-12-24,13:11:00,COM VÍTIMA,FINALIZADA,CAMPO GRANDE,RUA FRANKLIN TAVORA,3,650,RUA OLIVEIRA FONSECA,PROXIMO A ESCOLA MARIO MELO. EDF. KORINTHIOS.,RUA FRANKLIN TAVORA,650,PROXIMO A ESCOLA MARIO MELO. EDF. KORINTHIOS.,CAMPO GRANDE,ABALROAMENTO TRANSVERSAL,COLISÃO COM VÍTIMA,1,1,,,,,,,,1,,,SUBURBIO,Cruzamento,Bom,Não existe,Perfeito estado,Seca,Perfeito estado,Faixa de pedestre,Placas Pare,,Dupla,Não existe,,,,
2019-12-24,00:00:00,COM VÍTIMA,FINALIZADA,BOA VISTA,AV VISCONDE DE SUASSUNA,3,164,,APOS O MINISTERIO PUBLICO E/F A DELEGACIA DE POLICIA,AV VISCONDE DE SUASSUNA,164,APOS O MINISTERIO PUBLICO E/F A DELEGACIA DE POLICIA,BOA VISTA,ABALROAMENTO LONGITUDINAL,COLISAO ENTRE AUTO E MOTO COM DUAS VITIMAS,1,1,,,,,,,,2,,,SUBURBIO,Longo da via,Bom,Sem defeito,Perfeito estado,Seca,Perfeito estado,Outros,Outras,40 km/h,Única,Faixa seccionada,,,,
2019-12-24,16:11:00,COM VÍTIMA,FINALIZADA,BOA VIAGEM,RUA FRANCISCO DA CUNHA,3,440,RUA PROFESSOR JOSE BRANDAO,PROX. AO RESTAURANTE AMADEU,RUA FRANCISCO DA CUNHA,440,PROX. AO RESTAURANTE AMADEU,BOA VIAGEM,ABALROAMENTO TRANSVERSAL,AUTO E MOTO.,1,1,,,,,,,,1,,,CIDADE,Cruzamento,Bom,Não existe,Incompleta,Seca,Perfeito estado,Não existe,Placas Pare,,Única,Faixa seccionada,,,,
2019-12-24,19:01:00,COM VÍTIMA,FINALIZADA,SANTO ANTONIO,AV GUARARAPES,3,120,,E/F A FARMACIA SUPER FARMA,AV GUARARAPES,120,E/F A FARMACIA SUPER FARMA,SANTO ANTÔNIO,ATROPELAMENTO,ATROPELAMENTO ENTRE ONIBUS E PEDESTRE,,,,,1,1,,,,1,,,,Longo da via,Bom,Sem defeito,Perfeito estado,Seca,Perfeito estado,Faixa de pedestre,Outras,,Dupla,Canteiro central,,,,
2019-12-25,04:59:00,COM VÍTIMA,FINALIZADA,BOA VIAGEM,RUA PROFESSOR ARNALDO CARNEIRO LEAO,0,,RUA PEDRO PAES MENDONCA,EM FRENTE AO BIG BOMPREÇO,RUA PROFESSOR ARNALDO CARNEIRO LEAO,,EM FRENTE AO BIG BOMPREÇO,BOA VIAGEM,COLISÃO TRASEIRA,AUTO E MOTO,1,1,,,,,,,,2,,544,SUBURBIO,Longo da via,Bom,Sem defeito,Perfeito estado,Seca,Perfeito estado,,Não há placas,,Única,Faixa contínua,,,,
2019-12-25,05:27:00,COM VÍTIMA,FINALIZADA,ESTANCIA,AV ESTANCIA,2,43,RUA MORAIS E SILVA,PROX DA PADARIA SITIENCE,AV ESTANCIA,43,PROX DA PADARIA SITIENCE,ESTÂNCIA,ABALROAMENTO TRANSVERSAL,COLISÃO ENTRE DOIS CARROS C/V,2,,,,,,,,,2,,,SUBURBIO,Cruzamento,Bom,Não existe,Ilegível,Seca,Perfeito estado,Não existe,,,Única,Faixa seccionada,,,,
2019-12-25,07:16:00,COM VÍTIMA,FINALIZADA,GRACAS,AV RUI BARBOSA,3,500,,EM FRENTE AO EXTRABOM SUPERMERCADOS.,AV RUI BARBOSA,500,EM FRENTE AO EXTRABOM SUPERMERCADOS.,GRAÇAS,COLISÃO TRASEIRA,DOIS AUTOS E MOTO,2,1,,,,,,,,1,,126,,Cruzamento,Bom,Sem defeito,Perfeito estado,Seca,Perfeito estado,Faixa de pedestre,Outras,,Única,Faixa contínua,,,,
2019-12-25,07:49:00,COM VÍTIMA,FINALIZADA,IBURA,RUA DR OTAVIO DE MORAES VASCONCELOS,2,5B,RUA VALE DO ITAJAI,EM FRENTE A PANIFICADORA DOIS RIOS E PRAÇA DO UR-05,RUA DR OTAVIO DE MORAES VASCONCELOS,5B,EM FRENTE A PANIFICADORA DOIS RIOS E PRAÇA DO UR-05,IBURA,COLISÃO FRONTAL,MOTO E AUTO,1,1,,,,,,,,1,,,SUBURBIO,Esquina,Bom,Não existe,Não existente,Seca,Mal conservada,,Não há placas,,Dupla,Não existe,,,,
2019-12-25,19:13:00,COM VÍTIMA,FINALIZADA,IMBIRIBEIRA,RUA ARQUITETO LUIZ NUNES,3,511,AV ENGENHEIRO ALVES DE SOUZA,E/F A DROGASIL // SEMÁFORO 634 // EDF MARIA LUÍZA.,RUA ARQUITETO LUIZ NUNES,511,E/F A DROGASIL // SEMÁFORO 634 // EDF MARIA LUÍZA.,IMBIRIBEIRA,ABALROAMENTO TRANSVERSAL,ENTRE AUTO E MOTO. C/V,1,1,,,,,,,,1,,634,SUBURBIO,Longo da via,Bom,Não existe,Incompleta,Seca,Perfeito estado,Não existe,Outras,,Dupla,Faixa contínua,Faixa seccionada,,,
2019-12-25,21:09:00,COM VÍTIMA,FINALIZADA,SANCHO,AV LIBERDADE,3,612,AV PIRACICABA,ENTRADA DO PLANETA DOS MACACOS,AV LIBERDADE,612,ENTRADA DO PLANETA DOS MACACOS,SANCHO,CHOQUE,ENTRE 2 AUTOS. C/V,2,,,,,,,,,1,,,SUBURBIO,Longo da via,Bom,Não existe,Ilegível,Seca,Mal iluminada,Não existe,Não há placas,,Dupla,Faixa seccionada,,,,
2019-12-26,05:00:00,COM VÍTIMA,FINALIZADA,CAXANGA,AV CAXANGA,0,,AV AFONSO OLINDENSE,NA PONTE DA CAXANGÁ  PROX DA UPA DA CAXAGÁ. SUPER CENTER CAXANGÁ.,AV CAXANGA,,NA PONTE DA CAXANGÁ  PROX DA UPA DA CAXAGÁ. SUPER CENTER CAXANGÁ.,CAXANGÁ,ABALROAMENTO TRANSVERSAL,COLISÃO ENTRE ÔNIBUS E MOTO C/V,,1,,,,1,,,,1,,568,SUBURBIO,Cruzamento,Chuvoso,Sem defeito,Perfeito estado,Molhada,Perfeito estado,Faixa de pedestre,,,Dupla,Canteiro central,,,,
2019-12-26,07:45:00,COM VÍTIMA,FINALIZADA,SANTO ANTONIO,RUA DO SOL,0,,,,RUA DO SOL,,,SANTO ANTÔNIO,TOMBAMENTO,COM UMA VITIMA AGUARDANDO SAMU/GM DA CTTU VAI FAZER O B.O/,,1,,,,,,,,1,,,AV GUARARAPES,Longo da via,Bom,,,Oleosa,Perfeito estado,,,,Única,Faixa seccionada,,,,
2019-12-26,08:32:00,COM VÍTIMA,FINALIZADA,PARNAMIRIM,RUA ABELARDO CARNEIRO LEAO,0,,,NA DESCIDA DA PONTE DO CARREFOUR. LADO OPOSTO AO POSTO IPIRANGA.,RUA ABELARDO CARNEIRO LEAO,,NA DESCIDA DA PONTE DO CARREFOUR. LADO OPOSTO AO POSTO IPIRANGA.,PARNAMIRIM,TOMBAMENTO,COM DUAS VITIMAS  SENDO SOCORRIDAS PELO SAMU,,1,,,,,,,,2,,,SUBURBIO,Longo da via,Bom,Não existe,Perfeito estado,Seca,Perfeito estado,Não existe,Não há placas,,,Faixa seccionada,,,,
2019-12-26,09:02:00,COM VÍTIMA,FINALIZADA,PARNAMIRIM,RUA JOAO TUDE DE MELO,0,,RUA VIRGINIA LORETO,AO LADO DO GAIAMUM GIGANTE. EM FRENTE AO POSTO IPIRANGA,RUA JOAO TUDE DE MELO,,AO LADO DO GAIAMUM GIGANTE. EM FRENTE AO POSTO IPIRANGA,PARNAMIRIM,ABALROAMENTO LONGITUDINAL,AUTO E MOTO.,1,1,,,,,,,,1,,649,TORRE,Cruzamento,Bom,Sem defeito,Perfeito estado,Seca,Perfeito estado,Faixa de pedestre,Outras,,Única,Faixa seccionada,,,,
2019-12-26,11:56:00,COM VÍTIMA,FINALIZADA,BOA VIAGEM,RUA VISCONDE DE JEQUITINHONHA,0,,RUA BALTAZAR PASSOS,,RUA VISCONDE DE JEQUITINHONHA,,,BOA VIAGEM,ABALROAMENTO LONGITUDINAL,COLISAO COM VITIMA. UM VEICULO E UMA MOTO,1,1,,,,,,,,1,,154,,Cruzamento,Bom,Sem defeito,Perfeito estado,Seca,Perfeito estado,Faixa de pedestre,Não há placas,60 km/h,Única,Canal,,,,
2019-12-26,13:19:00,COM VÍTIMA,FINALIZADA,TORRE,RUA JOSE BONIFACIO,4,1296,,LADO OPOSTO AO CARREFOUR,RUA JOSE BONIFACIO,1296,LADO OPOSTO AO CARREFOUR,TORRE,COLISÃO TRASEIRA,COLISAO ENTRE UTO E MOTO COM UMA VITIMA,1,1,,,,,,,,1,,,CIDADE,Longo da via,Bom,Não existe,Perfeito estado,Seca,Perfeito estado,Não existe,R-6a,,Dupla,Canteiro central,,,,
2019-12-26,16:44:00,COM VÍTIMA,FINALIZADA,ILHA DO LEITE,RUA JOSE DE ALENCAR,3,959,,E/F NA PRAÇA FERNANDO FIGUEIRA,RUA JOSE DE ALENCAR,959,E/F NA PRAÇA FERNANDO FIGUEIRA,ILHA DO LEITE,ABALROAMENTO TRANSVERSAL,COLISAO ENTRE AUTO E MOTO DA POLICIA S/V,1,1,,,,,,,,1,,,CIDADE,Longo da via,Bom,Não existe,Perfeito estado,Seca,Perfeito estado,Não existe,Placas Dê a preferência,,Dupla,Faixa seccionada,,,,
2019-12-27,07:27:00,COM VÍTIMA,FINALIZADA,SANTO AMARO,AV GOVERNADOR AGAMENON MAGALHAES,3,S/N,,E/F AO POSTO BR (SENT. BOA VIAGEM),AV GOVERNADOR AGAMENON MAGALHAES,S/N,E/F AO POSTO BR (SENT. BOA VIAGEM),SANTO AMARO,COLISÃO,COLISÃO C/VITIMA ENTRE DUAS MOTOS E UM TERCEIRO VEÍCULO QUE SE EVADIU DO LOCAL.,1,2,,,,,,,,1,,379,BOA VIAGEM,Longo da via,Bom,Sem defeito,Perfeito estado,Seca,Perfeito estado,Faixa de pedestre,Não há placas,,Dupla,Canal,,,,
2019-12-27,13:56:00,COM VÍTIMA,FINALIZADA,BOA VIAGEM,AV CELSO FURTADO,0,,,PROX AO RIO MAR,AVENIDA CELSO FURTADO (VIA MANGUE),,PROX AO RIO MAR,BOA VIAGEM,CHOQUE OBJETO FIXO,CHOQUE CONTRA ESTRUTURA DA VIA MANGUE,1,,,,,,,,,1,,,CIDADE,Longo da via,Bom,Não existe,Perfeito estado,Seca,Perfeito estado,Não existe,Não há placas,60 km/h,Dupla,Canteiro central,,,,
2019-12-27,17:21:00,COM VÍTIMA,FINALIZADA,ENCRUZILHADA,AV NORTE,3,148,RUA CEARA,PROX AO EDF PORTAL DO ROSARINHO. LADO OPOSTO AOS CORREIOS.,AV NORTE,148,PROX AO EDF PORTAL DO ROSARINHO. LADO OPOSTO AOS CORREIOS.,ENCRUZILHADA,COLISÃO TRASEIRA,AUTO PASSEIO X MOTO COM VÍTIMA,1,1,,,,,,,,2,,,SUBURBIO,Esquina,Bom,Não existe,Perfeito estado,Seca,Perfeito estado,Não existe,Outras,,Dupla,Canteiro central,,,,
2019-12-27,18:57:00,COM VÍTIMA,FINALIZADA,ARRUDA,AV BEBERIBE,0,,RUA DO TRIUNFO,SEMÁFORO 064,AV BEBERIBE,,SEMÁFORO 064,ARRUDA,COLISÃO FRONTAL,ENTRE AUTO E MOTO. C/V,1,1,,,,,,,,1,,,SUBURBIO,Esquina,Bom,Sem defeito,Perfeito estado,Seca,Perfeito estado,Faixa de pedestre,Não há placas,,Dupla,,,,,
2019-12-27,19:00:00,COM VÍTIMA,FINALIZADA,CAXANGA,RUA RIBEIRO PESSOA,3,142,,PROX A UPA DA CAXANGA,RUA RIBEIRO PESSOA,142,PROX A UPA DA CAXANGA,CAXANGÁ,ABALROAMENTO LONGITUDINAL,COLISAO COM VITIMAS,1,1,,,,,,,,1,,,SUBURBIO,Longo da via,Bom,Não existe,Perfeito estado,Seca,Perfeito estado,Não existe,Outras,,Dupla,Não existe,,,,