data,hora,natureza_acidente,situacao,bairro,endereco,,numero,detalhe_endereco_acidente,complemento,endereco_cruzamento,numero_cruzamento,referencia_cruzamento,bairro_cruzamento,tipo,descricao,auto,moto,ciclom,ciclista,pedestre,onibus,caminhao,viatura,outros,vitimas,vitimasfatais,num_semaforo,sentido_via,acidente_verificado,tempo_clima,situacao_semaforo,sinalizacao,condicao_via,conservacao_via,ponto_controle,situacao_placa,velocidade_max_via,mao_direcao,divisao_via1,divisao_via2,divisao_via3,_id,Protocolo
2019-12-28,00:45:00,COM VÍTIMA,FINALIZADA,BOA VISTA,RUA DOM BOSCO,4,1216,AV CONDE DA BOA VISTA,PRÓX AO POSTO IPIRANGA E COLÉGIO AMERICANO BATISTA,RUA DOM BOSCO,1216,PRÓX AO POSTO IPIRANGA E COLÉGIO AMERICANO BATISTA,BOA VISTA,ABALROAMENTO LONGITUDINAL,COLISÃO ENTRE TÁXI E MOTO  C/V,1,1,,,,,,,,1,,,SUBURBIO,Longo da via,Bom,Não existe,Perfeito estado,Seca,Perfeito estado,Não existe,Não há placas,,Única,Faixa seccionada,,,,
2019-12-28,10:39:00,COM VÍTIMA,FINALIZADA,IPSEP,AV PRESIDENTE DUTRA,4,1405,,E/F A BATERIAS MOURA (SENT. BOA VIAGEM),AV PRESIDENTE DUTRA,1405,E/F A BATERIAS MOURA (SENT. BOA VIAGEM),IPSEP,COLISÃO TRASEIRA,COLISÃO C/VITIMA ENTRE UM AUTO E UMA MOTO,1,1,,,,,,,,1,,,,Longo da via,Bom,Não existe,Perfeito estado,Seca,Perfeito estado,Não existe,Não há placas,,Única,Faixa seccionada,,,,
2019-12-28,11:26:00,COM VÍTIMA,FINALIZADA,BOA VIAGEM,RUA DES JOAO PAES,4,1000,,ED: PONTO BELO,RUA DES JOAO PAES,1000,ED: PONTO BELO,BOA VIAGEM,ABALROAMENTO LONGITUDINAL,COLISAO COM VITIMA CARRO E MOTO,1,1,,,,,,,,1,,,,Longo da via,Bom,Não existe,Perfeito estado,Seca,Perfeito estado,Não existe,R-6a,,Única,Não existe,,,,
2019-12-28,23:11:00,COM VÍTIMA,FINALIZADA,BOA VIAGEM,RUA JOSE DOMINGUES DA SILVA,3,113,RUA BELMONTE,E/F AO EDIFICIO VIA SPAZIO,RUA JOSE DOMINGUES DA SILVA,113,E/F AO EDIFICIO VIA SPAZIO,BOA VIAGEM,COLISÃO FRONTAL,TAXI X MOTO COM VÍTIMA,1,1,,,,,1,,,1,,,SUBURBIO,Cruzamento,Bom,Não existe,Perfeito estado,Seca,Perfeito estado,Outros,Placas Pare,,Dupla,Faixa seccionada,,,,
2019-12-29,06:45:00,COM VÍTIMA,FINALIZADA,AGUA FRIA,RUA DO MACHADO,3,862,RUA MANOEL SILVA,EM FRENTE AO EMPÓRIO DA CERVEJA,RUA DO MACHADO,862,EM FRENTE AO EMPÓRIO DA CERVEJA,ÁGUA FRIA,ABALROAMENTO TRANSVERSAL,AUTO E MOTO,1,1,,,,,,,,1,,,,Cruzamento,Bom,Não existe,Perfeito estado,Seca,Perfeito estado,Faixa de retenção,Placas Pare,40 km/h,Dupla,Faixa seccionada,,,,
2019-12-29,08:32:00,COM VÍTIMA,FINALIZADA,CAMPO GRANDE,RUA ODORICO MENDES,3,166,RUA VISCONDE DE CAIRU,RESIDENCIA PROX AO CLUBE DAS PÁS,RUA ODORICO MENDES,166,RESIDENCIA PROX AO CLUBE DAS PÁS,CAMPO GRANDE,ABALROAMENTO LONGITUDINAL,COLISÃO COM VITIMAS SOCORRIDA PELO SAMU,1,1,,,,,,,,1,,,CIDADE,Cruzamento,Bom,Não existe,Perfeito estado,Seca,Perfeito estado,Não existe,Outras,,Dupla,Não existe,,,,
2019-12-29,13:28:00,COM VÍTIMA,FINALIZADA,TORRE,RUA REAL DA TORRE,4,1485,,EM FRENTE AO EDIFICIO CAROLANS. JOANA D'ARC CABELEIREIRA,RUA REAL DA TORRE,1485,EM FRENTE AO EDIFICIO CAROLANS. JOANA D'ARC CABELEIREIRA,TORRE,ABALROAMENTO LONGITUDINAL,COLISÃO COM VÍTIMA,1,1,,,,,,,,1,,,SUL,Longo da via,Bom,Não existe,Não existente,Seca,Perfeito estado,,,,,,,,,
2019-12-29,17:32:00,COM VÍTIMA,FINALIZADA,DOIS IRMAOS,RUA DOIS IRMAOS,3,414,,PRÓX A ROSE BELTRÃO,EST DO BARBALHO,414,PRÓX A ROSE BELTRÃO,DOIS IRMÃOS,ABALROAMENTO LONGITUDINAL,ENTRE AUTO E MOTO. C/V,1,1,,,,,,,,1,,535,SUBURBIO,Longo da via,Bom,Sem defeito,Perfeito estado,Seca,Perfeito estado,Outros,Outras,,Dupla,Faixa seccionada,,,,
2019-12-30,01:22:00,COM VÍTIMA,FINALIZADA,IBURA,RUA RIO XINGU,3,262,,PRÓX A BIG VALE  NA RUA DO POSTO BR,RUA RIO XINGU,262,PRÓX A BIG VALE  NA RUA DO POSTO BR,IBURA,COLISÃO TRASEIRA,COLISÃO ENTRE AUTO E MOTO  C/V,1,1,,,,,,,,1,,,CIDADE,Longo da via,Bom,Não existe,Perfeito estado,Seca,Perfeito estado,Não existe,Não há placas,30 km/h,Dupla,Faixa seccionada,,,,
2019-12-30,11:26:00,COM VÍTIMA,FINALIZADA,ROSARINHO,RUA CONEGO BARATA,0,,AV NORTE,PROX: TRIALTO,RUA CONEGO BARATA,,PROX: TRIALTO,ROSARINHO,COLISÃO TRASEIRA,COLISAO COM VTIMA. ENTRE VEICULO E MOTO. VT 06 NO LOCAL,1,1,,,,,,,,1,,62,SUBURBIO,Cruzamento,Bom,Sem defeito,Perfeito estado,Seca,Perfeito estado,Agente,Outras,60 km/h,Dupla,Canteiro central,,,,
2019-12-30,12:46:00,COM VÍTIMA,FINALIZADA,COELHOS,LGO DOS COELHOS,2,84,,AO LADO DA ANTIGA FABRIGA MATARAZO E PROX. ADO IMIP,LGO DOS COELHOS,84,AO LADO DA ANTIGA FABRIGA MATARAZO E PROX. ADO IMIP,COELHOS,COLISÃO COM CICLISTA,ATROPELAMENTO A CICLISTA,1,,,1,,,,,,1,,,SUBURBIO,Longo da via,Bom,Não existe,,,,Não existe,Não há placas,,Dupla,Faixa seccionada,,,,
2019-12-30,17:19:00,COM VÍTIMA,FINALIZADA,JORDAO,RUA EMILIO MONTEIRO FONSECA,4,1560,RUA MUNIZ FERREIRA,EM FRENTE A OFICINA MECANICA DO IRMAO SANDRO,RUA EMILIO MONTEIRO FONSECA,1560,EM FRENTE A OFICINA MECANICA DO IRMAO SANDRO,JORDÃO,ABALROAMENTO LONGITUDINAL,COLISÃO COM VÍTIMA,,1,,,,1,,,,1,,,BR 101,Longo da via,Bom,Não existe,Perfeito estado,Seca,Perfeito estado,Não existe,R-6a,30 km/h,Dupla,Faixa seccionada,,,,
2019-12-31,00:48:00,COM VÍTIMA,FINALIZADA,AFOGADOS,RUA MOTOCOLOMBO,0,,RUA PROFESSOR AUGUSTO WANDERLEY FILHO,AO LADO DO JUCA MÓVEIS,RUA MOTOCOLOMBO,,AO LADO DO JUCA MÓVEIS,AFOGADOS,ABALROAMENTO TRANSVERSAL,COLISÃO ENTRE AUTO E VIATURA DO SAMU C/V,1,,,,,,,1,,1,,39,SUBURBIO,Cruzamento,Bom,Sem defeito,Perfeito estado,Seca,Perfeito estado,Faixa de pedestre,,,,Faixa seccionada,,,,
2019-12-31,03:59:00,COM VÍTIMA,FINALIZADA,BOA VIAGEM,AV ENGENHEIRO DOMINGOS FERREIRA,4,2655,RUA PROFESSOR JOSE BRANDAO,LADO OPOSTO AO POSTO BR,AV ENGENHEIRO DOMINGOS FERREIRA,2655,LADO OPOSTO AO POSTO BR,BOA VIAGEM,CHOQUE OBJETO FIXO,AUTO CHOCOU-SE EM UMA ÁRVORE C/V  VEÍCULO ESTÁ ATRAVESSADO NA VIA,1,,,,,,,,,1,,550,SUBURBIO,Longo da via,Bom,Sem defeito,Perfeito estado,Seca,Perfeito estado,Outros,Não há placas,,Única,Faixa seccionada,,,,
2019-12-31,22:17:00,COM VÍTIMA,FINALIZADA,PORTO DA MADEIRA,LAD DO SAPOTI,3,105,,PRÓX AO SESC SENAC E PADARIA ALTO CÉU,LAD DO SAPOTI,105,PRÓX AO SESC SENAC E PADARIA ALTO CÉU,PORTO DA MADEIRA,ATROPELAMENTO,SEGUNDO AS INFORMAÇÕES REPASSADAS PELO USUÁRIO  AS DUAS PEDESTRES SE ENCONTRAVAM PARADAS NA CALÇADA E O CARRO BASTANTE ACELERADO E SEM CONTROLE  ACABOU SE CHOCANDO CONTRA AMBAS. AS DUAS SE MACHUCARAM  PORÉM APENAS UMA FOI SOCORRIDA.,1,,,,2,,,,,2,,,SUBURBIO,Longo da via,Chuvoso,Não existe,Não existente,Molhada,Perfeito estado,Não existe,Não há placas,,Dupla,Não existe,,,,
2020-01-01,09:06:00,COM VÍTIMA,FINALIZADA,PINA,AV CELSO FURTADO,0,,,PROX: SHOPPING RIO MAR . ULTIMA CURVA ANTES DO SHPPING RIO MAR,,,,PINA,CHOQUE OBJETO FIXO,COLISAO COM DUAS VITIMA. MOTO COM GLADIO  DA VIA,,1,,,,,,,,2,,,BOA VIAGEM,Longo da via,Bom,Não existe,Perfeito estado,Seca,Perfeito estado,,Não há placas,60 km/h,Dupla,Faixa seccionada,,,,
2020-01-01,10:07:00,COM VÍTIMA,FINALIZADA,MADALENA,EST DOS REMEDIOS,4,2328,,LADO OPOSTO AO LESSA DE ANDRADE,,,,MADALENA,CHOQUE OBJETO FIXO,PEGEOUT SE CHOCOU COM POSTE E COM O GRADIL DA LOJA DE VEÍCULOS PROVOCANDO AVARIAS EM UM VEÍCULO,1,,,,,,,,,1,,,SUBURBIO,Longo da via,Bom,Sem defeito,Perfeito estado,Seca,Perfeito estado,Faixa de pedestre,Placas Pare,,Única,Faixa seccionada,,,,
2020-01-01,23:46:00,COM VÍTIMA,FINALIZADA,BOA VIAGEM,RUA DEZ DE JULHO,3,210,RUA CAMBOIM,APÓS A ESTAÇÃO AEROPORTO / NA RUA DO SALÃO DE FESTA MAISON CRISTAL,,,,BOA VIAGEM,COLISÃO FRONTAL,ENTRE AUTO E MOTO. C/V,1,1,,,,,,,,1,,,BEIRA MAR,Cruzamento,Bom,Não existe,Perfeito estado,Seca,Perfeito estado,Outros,Placas Pare,,Única,Faixa seccionada,,,,
2020-01-02,06:14:00,COM VÍTIMA,FINALIZADA,AREIAS,AV RECIFE,2,63,RUA GONCALVES DE MAGALHAES,E/F A AMERICA FILM E POSTO IPIRANGA,,,,AREIAS,ABALROAMENTO LONGITUDINAL,COLISÃO C/VITIMA ENTRE UMA MOTO E UM ONIBUS,,1,,,,1,,,,1,,393,CIDADE,Cruzamento,Bom,Sem defeito,Perfeito estado,Seca,Perfeito estado,Faixa de pedestre,Não há placas,60 km/h,Dupla,Canteiro central,,,,
2020-01-02,10:33:00,COM VÍTIMA,FINALIZADA,BARRO,AV DR JOSE RUFINO,2,67,RUA MAJOR CHAGAS DE OLIVEIRA,NA ENTRADA DA BR 101 (AUTO ELÉTRICA VAL),,,,BARRO,ABALROAMENTO TRANSVERSAL,COLISÃO C/VITIMA ENTRE UMA MOTO E UM AUTO,1,1,,,,,,,,1,,,CIDADE,Cruzamento,Bom,Não existe,,Seca,Mal conservada,Não existe,Não há placas,,Dupla,Faixa contínua,,,,
2020-01-02,12:21:00,COM VÍTIMA,FINALIZADA,BOA VIAGEM,RUA VISCONDE DE JEQUITINHONHA,3,410,,E/F AO SOBERANO,,,,BOA VIAGEM,COLISÃO TRASEIRA,ENTRE AUTO PASSEIO X MOTO COM VÍTIMA,1,1,,,,,,,,1,,,CIDADE,Longo da via,Bom,Sem defeito,Perfeito estado,Seca,Perfeito estado,,Não há placas,,Única,,,,,
2020-01-02,14:36:00,COM VÍTIMA,FINALIZADA,PRADO,RUA JOAO IVO DA SILVA,3,181,,E/F A HONDA,,,,PRADO,COLISÃO COM CICLISTA,COLISAO ENTRE MOTO E CICLISTA VT 15 NO LOCAL,,1,,1,,,,,,1,,,SUBURBIO,Longo da via,Bom,Não existe,Perfeito estado,Seca,Perfeito estado,Não existe,Outras,,Única,Faixa contínua,Faixa seccionada,Canal,,
2020-01-02,16:01:00,COM VÍTIMA,FINALIZADA,IPUTINGA,AV CAXANGA,0,,AV LUIZ DE LACERDA,E/F AO TERMINAL TI CDU EM FRENTE A FORD GRANVIA,,,,IPUTINGA,COLISÃO TRASEIRA,COLISAO ENTRE TAXI E MOTO COM UMA VITIMA,1,1,,,,,,,,1,,,SUBURBIO,Esquina,Bom,Não existe,Incompleta,Seca,Perfeito estado,Não existe,R-6a,,Dupla,Canteiro central,,,,
2020-01-02,16:07:00,COM VÍTIMA,FINALIZADA,FUNDAO,AV BEBERIBE,4,2697,RUA CORONEL URBANO RIBEIRO DE SENA,NA ENTRADA DA BARRIGUDA NO SEMAFORO 307,,,,FUNDÃO,ABALROAMENTO TRANSVERSAL,AUTO E MOTO.,1,1,,,,,,,,1,,307,SUBURBIO,Cruzamento,Bom,Sem defeito,Perfeito estado,Seca,Perfeito estado,Faixa de pedestre,Outras,,Dupla,Não existe,,,,
2020-01-02,20:13:00,COM VÍTIMA,FINALIZADA,MADALENA,RUA JOSE OSORIO,3,937,,E/F A UNICAR AUTOMOVES,,,,MADALENA,CHOQUE VEÍCULO PARADO,CONDUTORA DO GM/ONIX DESMAIOU E CAPOTOU O VEICULO QUE- SE CHOCOU CONTRA DOIS OUTROS AUTOS PASSEIO QUE ESTAVAM ESTACIONADOS NA VIA,3,,,,,,,,,1,,,SUBURBIO,Longo da via,Bom,Não existe,Perfeito estado,Seca,Perfeito estado,Não existe,,,Dupla,Faixa contínua,,,,
2020-01-02,23:55:00,COM VÍTIMA,FINALIZADA,BONGI,AV ENGENHEIRO ABDIAS DE CARVALHO,4,1480,,E/F A ESTACIO / PROX AO POSTO DISLUB,,,,BONGI,COLISÃO TRASEIRA,ENTRE AUTO PASSEIO E MOTO COM VÍTIMA,1,1,,,,,,,,2,,,SUBURBIO,Longo da via,Bom,Não existe,Perfeito estado,Seca,Perfeito estado,Não existe,,,Única,Faixa seccionada,,,,
2020-01-03,07:53:00,COM VÍTIMA,FINALIZADA,BOA VISTA,RUA AURORA,0,,AV MARIO MELO,E/F AO TRIBUNAL DE CONTAS DO ESTADO,,,,BOA VISTA,COLISÃO COM CICLISTA,COLISÃO C/VITIMA ENTRE UMA MOTO E UMA BICICLETA (V.T NO 29),,1,,1,,,,,,1,,600,SUBURBIO,Longo da via,Bom,Sem defeito,Perfeito estado,Seca,Perfeito estado,Faixa de pedestre,,,Única,Faixa,Canteiro central,,,
2020-01-03,08:08:00,COM VÍTIMA,FINALIZADA,IBURA,LAD DA COHAB,0,,,PROX. A POLICLINICA E ANTIGO MOTEL GIRADOR,,,,IBURA,COLISÃO TRASEIRA,CAMINHÃO- AUTO E MOTO PONTO FIXO GM TORRES,1,1,,,,,1,,,1,,,CIDADE,Longo da via,Bom,Não existe,Perfeito estado,Seca,Perfeito estado,Não existe,Não há placas,,Dupla,Faixa contínua,,,,
2020-01-03,08:44:00,COM VÍTIMA,FINALIZADA,CABANGA,RUA NOVA DA CABANGA,2,10,AV SATURNINO DE BRITO,EMBAIXO DO VIADUTO CAP. TEMUDO,,,,CABANGA,ABALROAMENTO LONGITUDINAL,MOTO E AUTO,1,1,,,,,,,,2,,,SUBURBIO,Longo da via,Bom,Não existe,Perfeito estado,Seca,Perfeito estado,,,,,,,,,
2020-01-03,09:06:00,COM VÍTIMA,FINALIZADA,BOA VIAGEM,AV ENGENHEIRO DOMINGOS FERREIRA,4,3920,,EM FRENTE AO RESTAURANTE FAMILIA JULIANO,,,,BOA VIAGEM,COLISÃO TRASEIRA,COLISÃO SEM VITIMAS GM EDSON E DECIO QTH,1,,,,,1,,,,1,,,SUBURBIO,Longo da via,Bom,Não existe,Perfeito estado,Seca,Perfeito estado,Não existe,R-6a,,Única,Faixa seccionada,,,,
2020-01-03,14:04:00,COM VÍTIMA,FINALIZADA,BOA VIAGEM,AV CELSO FURTADO,0,,RUA TOME GIBSON,NA ENTRADA PARA A CAPELA DO FREI DAMIÃO / ENTRADA DO GTO,,,,BOA VIAGEM,ABALROAMENTO LONGITUDINAL,COLISÃO COM VITIMA/ 2 VITIMAS ...EQUIPE DO BOMBEIRO NO LOCAL,1,1,,,,,,,,2,,,CIDADE,Cruzamento,Bom,Não existe,Perfeito estado,Seca,Perfeito estado,Não existe,Não há placas,60 km/h,Dupla,Canteiro central,,,,
2020-01-03,14:19:00,COM VÍTIMA,FINALIZADA,APIPUCOS,RUA DOIS IRMAOS,3,371,,AO LADO DO COLEGIO CANDIDO DUARTE,,,,APIPUCOS,COLISÃO TRASEIRA,COLISÃO COM VITIMA...AGUARDANDO SAMU,1,1,,,,,,,,1,,535,CIDADE,Longo da via,Bom,Sem defeito,Perfeito estado,Seca,Perfeito estado,Faixa de pedestre,Não há placas,,Dupla,Faixa contínua,,,,
2020-01-03,15:46:00,COM VÍTIMA,FINALIZADA,DERBY,RUA HENRIQUE DIAS,0,,AV GOVERNADOR AGAMENON MAGALHAES,,,,,DERBY,ABALROAMENTO LONGITUDINAL,AUTO E MOTO.,1,1,,,,,,,,1,,68,CIDADE,Cruzamento,Bom,Sem defeito,Perfeito estado,Seca,Perfeito estado,Agente,R-6a,,Única,Faixa,,,,
2020-01-04,09:06:00,COM VÍTIMA,FINALIZADA,HIPODROMO,RUA PRUDENTE DE MORAES,3,158,RUA MARQUES DE ABRANTES,EM FRENTE AO DEPOSITO SUPER GÁS,,,,HIPÓDROMO,ABALROAMENTO TRANSVERSAL,COLISÃO COM VITIMA,1,1,,,,,,,,1,,,SUBURBIO,Cruzamento,Bom,Sem defeito,Perfeito estado,Seca,Perfeito estado,Não existe,Placas Pare,30 km/h,Dupla,Não existe,,,,
2020-01-04,15:12:00,COM VÍTIMA,FINALIZADA,IMBIRIBEIRA,RUA ARQUITETO LUIZ NUNES,3,822,,EM FRENTE AO RESIDENCIAL PINHEIROS,,,,IMBIRIBEIRA,ABALROAMENTO TRANSVERSAL,COLISÃO COM VITIMA ENTRE AUTO E MOTO.,1,1,,,,,,,,1,,,,Longo da via,Bom,Não existe,Perfeito estado,Seca,Perfeito estado,Não existe,Não há placas,40 km/h,Dupla,Faixa contínua,,,,
2020-01-04,18:08:00,COM VÍTIMA,FINALIZADA,BOA VIAGEM,AV GENERAL MAC ARTHUR,3,301,RUA DUQUE ESTRADA,E/F AO LE PARK --- VT 05 E 26 NO LOCAl,,,,BOA VIAGEM,ABALROAMENTO LONGITUDINAL,ENTRE AUTO E MOTO COM VÍTIMA,1,1,,,,,,,,1,,,SUBURBIO,Longo da via,Bom,Não existe,Perfeito estado,Seca,Perfeito estado,Outros,Não há placas,40 km/h,Única,Faixa seccionada,,,,
2020-01-05,16:05:00,COM VÍTIMA,FINALIZADA,MADALENA,RUA PROFESSOR BENEDITO MONTEIRO,0,,,RUA AO LADO DO INTERNACIONAL- JUNTO A ESCOLA POLITECNICA DE PE,,,,MADALENA,COLISÃO TRASEIRA,COLISÃO COM VITIMA,1,1,,,,,,,,1,,,,Longo da via,Bom,Não existe,Perfeito estado,Seca,Perfeito estado,Não existe,R-6a,,Única,Faixa seccionada,,,,
2020-01-05,19:23:00,COM VÍTIMA,FINALIZADA,MUSTARDINHA,RUA VINTE E UM DE ABRIL,3,711,RUA JOAO LEITE,E/F A CAPELA DE SÃO JOSÉ / PRÓX A MT-MOTOS,,,,MUSTARDINHA,ATROPELAMENTO,ENTRE MOTO E PEDESTRE. C/V,,1,,,1,,,,,2,,,SUBURBIO,Longo da via,Bom,Não existe,Não existente,Seca,Perfeito estado,Não existe,Não há placas,,Dupla,Não existe,,,,
2020-01-05,19:35:00,COM VÍTIMA,FINALIZADA,LINHA DO TIRO,RUA PROFESSOR JOSE AMARINO DOS REIS,3,117,,E/F A ASSEMBLEIA DE DEUS,,,,LINHA DO TIRO,ATROPELAMENTO,ENTRE MOTO E PEDESTRE. C/V,,1,,,1,,,,,1,,,SUBURBIO,Longo da via,Bom,Não existe,Não existente,Seca,Perfeito estado,Não existe,Não há placas,,Dupla,Não existe,,,,
2020-01-05,19:49:00,COM VÍTIMA,FINALIZADA,IBURA,AV DOIS RIOS,0,,LAD DA COHAB,AO LADO DA POLICLINICA ARNALDO BARROS. LADO OPOSTO AO POSTE B041617.,,,,IBURA,ABALROAMENTO TRANSVERSAL,ENTRE AUTO E MOTO. C/V,1,1,,,,,,,,2,,,SUBURBIO,Esquina,Bom,Não existe,Perfeito estado,Seca,Perfeito estado,Não existe,Não há placas,,Dupla,Canteiro central,,,,
2020-01-05,22:35:00,COM VÍTIMA,FINALIZADA,CASA FORTE,EST DO ENCANAMENTO,0,,EST DAS UBAIAS-,NO CRUZAMENTO MESMO,,,,CASA FORTE,ABALROAMENTO TRANSVERSAL,COLISAO COM VITIMAS,1,1,,,,,,,,1,,593,SUBURBIO,Cruzamento,Bom,Sem defeito,Perfeito estado,Seca,Perfeito estado,Faixa de pedestre,Outras,,Única,Faixa contínua,,,,
2020-01-06,07:31:00,COM VÍTIMA,FINALIZADA,PRADO,AV ENGENHEIRO ABDIAS DE CARVALHO,0,,RUA CARLOS GOMES,PRÓXIMO A FARMÁCIA PAGUE MENOS,,,,PRADO,COLISÃO COM CICLISTA,AUTO E BICICLETA.,1,,,1,,,,,,1,,57,CIDADE,Esquina,Bom,Sem defeito,Perfeito estado,Seca,Perfeito estado,,Outras,,Única,,,,,
2020-01-06,09:03:00,COM VÍTIMA,FINALIZADA,MANGABEIRA,AV NORTE,4,4681,RUA RODRIGUES SETE,PROX. TOTAL CAR,,,,MANGABEIRA,ABALROAMENTO TRANSVERSAL,COLISAO COM VITIMA ENTRE VEICULO E MOTO,1,1,,,,,,,,1,,,CIDADE,Longo da via,Bom,Sem defeito,Perfeito estado,Seca,Perfeito estado,Outros,Não há placas,,Dupla,Canteiro central,,,,
2020-01-06,13:14:00,COM VÍTIMA,FINALIZADA,IMBIRIBEIRA,RUA ARQUITETO LUIZ NUNES,4,1650,,AO LADO DA DROGASIL,,,,IMBIRIBEIRA,ABALROAMENTO LONGITUDINAL,COLISAO COM VITIMA ENTRE VEICULO E MOTO,1,1,,,,,,,,1,,,SUBURBIO,Longo da via,Bom,Não existe,Ilegível,Seca,Mal iluminada,Não existe,Outras,,Dupla,Faixa seccionada,,,,
2020-01-06,13:44:00,COM VÍTIMA,FINALIZADA,PINA,AV REPUBLICA DO LIBANO,0,,,VIADUTO SHOPPING RIO MAR.,,,,PINA,ABALROAMENTO LONGITUDINAL,COLISAO COM VITIMA ENTRE VEICULO E MOTO,1,1,,,,,,,,1,,,SUBURBIO,Longo da via,Bom,Não existe,Perfeito estado,Seca,Perfeito estado,Agente,Não há placas,,Única,Faixa contínua,,,,
2020-01-06,14:02:00,COM VÍTIMA,FINALIZADA,AREIAS,AV DR JOSE RUFINO,4,1501,,E/F A IGREJA PRESBITERIANA,,,,AREIAS,COLISÃO TRASEIRA,COLISAO ENTRE AUTO E MOTO,1,1,,,,,,,,2,,44,CIDADE,Longo da via,Bom,Sem defeito,Incompleta,Seca,Perfeito estado,Faixa de pedestre,R-6a,,Dupla,Faixa contínua,,,,
2020-01-06,18:58:00,COM VÍTIMA,FINALIZADA,SANTO ANTONIO,RUA DO SOL,0,,AV GUARARAPES,CRUZAMENTO C/AV GUARARAPES,,,,SANTO ANTÔNIO,ATROPELAMENTO,ATROPELAMENTO ENTRE CAMINHONETE E PEDESTRE.,1,,,,2,,,,,2,,14,SUBURBIO,Cruzamento,Bom,Sem defeito,Perfeito estado,Seca,Perfeito estado,Agente,R-6a,,Única,,,,,
2020-01-07,11:27:00,COM VÍTIMA,FINALIZADA,IPUTINGA,RUA EMILIANO BRAGA,3,163,RUA MANOEL JOAQUIM DE ALMEIDA,ED NOVA ESPERANÇA,,,,IPUTINGA,ABALROAMENTO TRANSVERSAL,COLISAO COM VITIMA. ENTRE CARRO E MOTO,1,1,,,,,,,,1,,,,Cruzamento,Bom,Não existe,Incompleta,Seca,Perfeito estado,Não existe,Não há placas,,Dupla,Não existe,,,,
2020-01-07,17:37:00,COM VÍTIMA,FINALIZADA,BOA VIAGEM,RUA VISCONDE DE JEQUITINHONHA,3,652,RUA ERNESTO DE PAULA SANTOS,NO SEMAFORO 304,,,,BOA VIAGEM,COLISÃO COM CICLISTA,COLISAO COM CICLISTA,1,,,1,,,,,,1,,304,CIDADE,Cruzamento,Bom,Sem defeito,Perfeito estado,Seca,Perfeito estado,Faixa de pedestre,R-6a,30 km/h,Única,Não existe,,,,
2020-01-08,07:14:00,COM VÍTIMA,FINALIZADA,IPUTINGA,RUA MAURICIO DE NASSAU,2,43,,EM FRENTE A IGREJA CONGREGAÇÃO CRISTÃ,,,,IPUTINGA,COLISÃO TRASEIRA,COLISÃO COM VITIMA A ESPERA  DO SAMU,1,1,,,,,,,,1,,,CIDADE,Longo da via,Bom,,,Seca,Perfeito estado,,,,Dupla,,,,,
2020-01-08,10:28:00,COM VÍTIMA,FINALIZADA,COELHOS,RUA DOS COELHOS,3,123,PTE JOAQUIM CARDOSO,AO LADO DO IMIP,,,,COELHOS,ABALROAMENTO LONGITUDINAL,COM DUAS VITIMAS /SAMU ACIONADO/VT 05 NO QTH,,2,,,,,,,,2,,,SUBURBIO,Longo da via,Bom,Não existe,Perfeito estado,Seca,Perfeito estado,Não existe,R-6a,,Dupla,Faixa contínua,,,,
2020-01-08,11:07:00,COM VÍTIMA,FINALIZADA,ARRUDA,RUA SAO BENTO,3,340,EST VELHA DE AGUA FRIA,APÓS O POSTO NORTE BRAZ,,,,ARRUDA,ABALROAMENTO LONGITUDINAL,COLISAO COM VITIMA. ENTRE DUAS MOTOS,,2,,,,,,,,1,,,SUBURBIO,Longo da via,Bom,Não existe,Perfeito estado,Seca,Perfeito estado,Não existe,Não há placas,,Única,Faixa seccionada,,,,