data,hora,natureza_acidente,situacao,bairro,endereco,,numero,detalhe_endereco_acidente,complemento,endereco_cruzamento,numero_cruzamento,referencia_cruzamento,bairro_cruzamento,tipo,descricao,auto,moto,ciclom,ciclista,pedestre,onibus,caminhao,viatura,outros,vitimas,vitimasfatais,num_semaforo,sentido_via,acidente_verificado,tempo_clima,situacao_semaforo,sinalizacao,condicao_via,conservacao_via,ponto_controle,situacao_placa,velocidade_max_via,mao_direcao,divisao_via1,divisao_via2,divisao_via3,_id,Protocolo
2020-02-17,15:49:00,COM VÍTIMA,FINALIZADA,SAO JOSE,VDO DAS CINCO PONTAS,2,18,,16º BATALHAO,,,,SÃO JOSÉ,ABALROAMENTO LONGITUDINAL,COLISAO COM VITIMA ENTRE CARRO E MOTO. CARRO FOI EMBORA DO LOCAL,1,1,,,,,,,,1,,,SUBURBIO,Viaduto,Bom,Não existe,Perfeito estado,Seca,Perfeito estado,Não existe,Outras,40 km/h,Única,Faixa seccionada,,,,
2020-02-17,17:23:00,COM VÍTIMA,FINALIZADA,ENCRUZILHADA,AV BEBERIBE,4,575B,,E/F A FERREIRA PINTO E ESTRELINHA KIDS.,,,,ENCRUZILHADA,COLISÃO,COLISAO COM VITIMA,,1,,,,1,,,,1,,480,CIDADE,Longo da via,Bom,Sem defeito,Perfeito estado,Seca,Perfeito estado,,R-6a,,Dupla,Faixa contínua,Faixa seccionada,,,
2020-02-17,19:49:00,COM VÍTIMA,FINALIZADA,VARZEA,AV CAXANGA,0,,,SOBRE A PONTE MAL. HUMBERTO CASTELO BRANCO SENTIDO CAMARAGIBE,,,,VÁRZEA,ABALROAMENTO LONGITUDINAL,AUTO E MOTO.,1,1,,,,,,,,1,,,SUBURBIO,Longo da via,Bom,Não existe,Perfeito estado,Seca,Perfeito estado,Não existe,Não há placas,,Dupla,Faixa seccionada,Canteiro central,,,
2020-02-17,20:03:00,COM VÍTIMA,FINALIZADA,DOIS IRMAOS,RUA DOIS IRMAOS,3,523,,PROX A ROSE BELTRAO RECEPÇOES,,,,DOIS IRMÃOS,CHOQUE OBJETO FIXO,VEICULO CHOCOU-SE COM ARVORE,1,,,,,,,,,1,,,CIDADE,Longo da via,Bom,Não existe,Ilegível,Seca,Mal iluminada,Não existe,Não há placas,,Dupla,Faixa contínua,,,,
2020-02-17,22:20:00,COM VÍTIMA,FINALIZADA,IBURA,RUA RIO DA PRATA,3,244,,PRÓX AO CANAL. PRÓXIMO A LEO CAR.,,,,IBURA,ABALROAMENTO LONGITUDINAL,ENTRE VT DA POLÍCIA E MOTO. C/V,,1,,,,,,1,,1,,,,Longo da via,Bom,Não existe,Ilegível,Seca,Perfeito estado,Não existe,Não há placas,,Dupla,Não existe,,,,
2020-02-18,05:35:00,COM VÍTIMA,FINALIZADA,ARRUDA,AV BEBERIBE,0,,AV PROFESSOR JOSE DOS ANJOS,EM FRENTE AO POSTO BR,,,,ARRUDA,ABALROAMENTO LONGITUDINAL,ABALROAMENTO SEGUIDO DE ATROPELAMENTO ENVOLVENDO ÔNIBUS- AUTO E PEDESTRE C/V,1,,,,1,1,,,,1,,131,CIDADE,Longo da via,Bom,Sem defeito,Perfeito estado,Seca,Perfeito estado,Faixa de pedestre,Não há placas,,Dupla,Faixa contínua,,,,
2020-02-18,08:33:00,COM VÍTIMA,FINALIZADA,ENGENHO DO MEIO,RUA ANTONIO CURADO,2,80,RUA FRANCISCO BEZERRA MONTEIRO,EM FRENTE ACADEMIA  AG FITNESS,,,,ENGENHO DO MEIO,COLISÃO COM CICLISTA,VITIMA A ESPERA  DO SAMU,1,,,1,,,,,,1,,,,Esquina,Bom,Não existe,Perfeito estado,Seca,Perfeito estado,Não existe,Não há placas,,Dupla,Faixa seccionada,,,,
2020-02-18,09:36:00,COM VÍTIMA,FINALIZADA,ILHA JOANA BEZERRA,RUA CONCEICAO DE MACABU,0,,,ENTRADA DA TI JOANA BEZERRA,,,,JOANA BEZERRA,ATROPELAMENTO,ONIBUS E PEDESTRE,,,,,1,1,,,,1,,,CIDADE,Longo da via,Bom,Não existe,Perfeito estado,Seca,Perfeito estado,Não existe,Não há placas,20 km/h,Única,Faixa seccionada,,,,
2020-02-18,09:53:00,COM VÍTIMA,FINALIZADA,PINA,AV ANTONIO DE GOES,3,275,,EM FRENTE  AO ITC  INTERNACIONAL  TRADE CENTER,,,,PINA,COLISÃO COM CICLISTA,COLISÃO ENTRE AUTO- MOTO E BICICLETA NÃO IDENTIFICADA POIS FOI RETIRADA DO LOCAL POR POPULARES.,1,1,,1,,,,,,1,,,CIDADE,Longo da via,Bom,Não existe,Perfeito estado,Seca,Perfeito estado,Não existe,Não há placas,60 km/h,Única,Faixa seccionada,,,,
2020-02-18,14:53:00,COM VÍTIMA,FINALIZADA,PINA,AV CELSO FURTADO,0,,,NA SUBIDA DO VIATUDO/ SENTIDO RIO MAR,,,,PINA,COLISÃO,COLISÃO COM VÍTIMA,2,1,,,,,,,,1,,,CIDADE,Longo da via,Bom,Não existe,Perfeito estado,Seca,Perfeito estado,Não existe,Não há placas,60 km/h,Dupla,Canteiro central,,,,
2020-02-18,17:44:00,COM VÍTIMA,FINALIZADA,PINA,AV ENGENHEIRO DOMINGOS FERREIRA,3,170,,E/F A ASISTENCIA TÉCNICA DA SAMSUNG,,,,PINA,COLISÃO TRASEIRA,COLISÃO C/VITIMA ENTRE UMA MOTO E UM AUTO,1,1,,,,,,,,1,,,SUBURBIO,Longo da via,Bom,Não existe,Perfeito estado,Seca,Perfeito estado,Não existe,R-6a,,Única,Faixa seccionada,,,,
2020-02-18,18:54:00,COM VÍTIMA,FINALIZADA,SANTO AMARO,AV GOVERNADOR AGAMENON MAGALHAES,0,,AV DR JAYME DA FONTE,AO LADO DO INSTITUTO CRIMINALISTA- SNT OLINDA,,,,SANTO AMARO,COLISÃO TRASEIRA,MOTO X AUTO. C/V,1,1,,,,,,,,1,,49,SUBURBIO,Longo da via,Bom,Sem defeito,Perfeito estado,Seca,Perfeito estado,Faixa de pedestre,Não há placas,,Dupla,Canal,,,,
2020-02-19,06:25:00,COM VÍTIMA,FINALIZADA,ESPINHEIRO,AV GOVERNADOR AGAMENON MAGALHAES,4,2764,RUA BUENOS AYRES,E/F AO BANCO DO NORDESTE (SNET. BOA VIAGEM) / VIA PRINCIPAL,,,,ESPINHEIRO,COLISÃO TRASEIRA,COLISÃO C/VITIMAS ENTRE DUAS MOTOS,,2,,,,,,,,2,,78,BOA VIAGEM,Cruzamento,Bom,Sem defeito,Perfeito estado,Seca,Perfeito estado,Faixa de pedestre,Outras,60 km/h,Dupla,Canteiro central,,,,
2020-02-19,08:29:00,COM VÍTIMA,FINALIZADA,BOA VIAGEM,RUA MARQUES DE VALENCA,3,300,RUA JOAO DIAS MARTINS,ESQ DA IGREJA NS DE FATIMA,,,,BOA VIAGEM,ABALROAMENTO TRANSVERSAL,MOTO E AUTO,1,1,,,,,,,,1,,,SUBURBIO,Cruzamento,Bom,Não existe,Incompleta,Seca,Perfeito estado,,R-4a,,Dupla,Não existe,,,,
2020-02-19,08:32:00,COM VÍTIMA,FINALIZADA,MADALENA,AV VISCONDE DE ALBUQUERQUE,3,401,RUA LOPES DE CARVALHO,EM FRENTE A GALERIA MADALENA CENTER,,,,MADALENA,ABALROAMENTO LONGITUDINAL,COLISÃO COM VITIMA SOCORRIDA PELO SAMU,1,1,,,,,,,,1,,,SUBURBIO,Longo da via,Bom,Não existe,Perfeito estado,Seca,Perfeito estado,Não existe,Outras,,Única,Faixa contínua,Faixa seccionada,,,
2020-02-19,11:57:00,COM VÍTIMA,FINALIZADA,MORRO DA CONCEICAO,COR DO BARTOLOMEU,3,179,,PROXIMO HAIKAI SUSHIBAR BURGUER,,,,MORRO DA CONCEIÇÃO,ABALROAMENTO TRANSVERSAL,COLISAO COM VITIMAS,,2,,,,,,,,2,,,SUBURBIO,Longo da via,Bom,Não existe,Perfeito estado,Seca,Perfeito estado,Não existe,Outras,,Dupla,Faixa seccionada,,,,
2020-02-19,18:42:00,COM VÍTIMA,FINALIZADA,PINA,AV ENGENHEIRO DOMINGOS FERREIRA,0,,RUA PEREIRA DA COSTA,ENF AO CLINICAL CENTER,,,,PINA,COLISÃO TRASEIRA,MMC/L200 MITSUBISHI X FAN 160,1,1,,,,,,,,1,,142,SUBURBIO,Cruzamento,Bom,Sem defeito,Perfeito estado,Seca,Perfeito estado,Faixa de pedestre,Não há placas,,Única,Faixa seccionada,Canteiro central,,,
2020-02-19,18:59:00,COM VÍTIMA,FINALIZADA,IPSEP,RUA HELIO BRANDAO,3,362,RUA SAO NICOLAU,PROX A V8 VEICULOS,,,,IPSEP,COLISÃO,COLISAO COM VITIMAS,,1,,,,,1,,,1,,565,,Cruzamento,Bom,Sem defeito,Perfeito estado,Seca,Perfeito estado,Faixa de pedestre,Outras,,Única,Não existe,,,,
2020-02-20,07:51:00,COM VÍTIMA,FINALIZADA,IMBIRIBEIRA,AV MARECHAL MASCARENHAS DE MORAES,4,3930,,E/F A O LOCALIZA,,,,IMBIRIBEIRA,COLISÃO COM CICLISTA,COLISÃO C/VITIMAS ENTRE UMA MOTO E UMA BICICLETA,,1,,1,,,,,,2,,218,CIDADE,Longo da via,Bom,Sem defeito,Perfeito estado,Seca,Perfeito estado,Faixa de pedestre,Outras,,,Canteiro central,,,,
2020-02-20,08:41:00,COM VÍTIMA,FINALIZADA,BONGI,RUA CARLOS GOMES,3,914,RUA PADRE TEOFILO TWORZ,EM FRENTE AO CANAL / PROX AO CENTRO DE SAUDE ROMERO MARQUES,,,,BONGI,COLISÃO,AUTO E MOTO,1,1,,,,,,,,1,,,SUBURBIO,Cruzamento,Bom,Não existe,Incompleta,Seca,Perfeito estado,Não existe,Não há placas,,Única,Faixa seccionada,,,,
2020-02-20,08:49:00,COM VÍTIMA,FINALIZADA,SANTO AMARO,AV GOVERNADOR AGAMENON MAGALHAES,0,,,EM FRENTE A UPE SENT. OLINDA. LADO OPOSTO AO POSTO DE COMBUSTÍVEL BR,,,,SANTO AMARO,COLISÃO TRASEIRA,DOIS AUTOS E MOTO,2,1,,,,,,,,1,,378,OLINDA,Longo da via,Bom,Sem defeito,Perfeito estado,Seca,Perfeito estado,Faixa de pedestre,Não há placas,60 km/h,Única,Faixa seccionada,,,,
2020-02-20,11:41:00,COM VÍTIMA,FINALIZADA,MADALENA,RUA BENFICA,3,411,,EM FRENTE A PRAÇA DO CLUBE INTERNACIONAL,,,,MADALENA,COLISÃO TRASEIRA,MOTO E AUTO,1,1,,,,,,,,1,,590,CIDADE,Cruzamento,Bom,Sem defeito,Perfeito estado,Seca,Perfeito estado,Faixa de pedestre,,60 km/h,Única,,,,,
2020-02-20,11:58:00,COM VÍTIMA,FINALIZADA,TORRE,RUA REAL DA TORRE,3,308,,EM FRENTE A JÚNIOR EQUIPADORA,,,,TORRE,ABALROAMENTO LONGITUDINAL,ONIBUS E CAMINHÃO,,,,,,1,1,,,1,,179,ABDIAS,Longo da via,Bom,Sem defeito,Perfeito estado,Seca,Perfeito estado,Agente,,,Única,Faixa seccionada,Canteiro central,,,
2020-02-20,12:37:00,COM VÍTIMA,FINALIZADA,PINA,PTE AGAMENON MAGALHAES,0,,,EM CIMA DA PONTE DO PINA S/T CID PROX AO RESTAURANTE BARGAÇO,,,,PINA,COLISÃO TRASEIRA,COLISAO ENTRE AUTO E MOTO COM UMA VITIMA,1,1,,,,,,,,1,,,CIDADE,Ponte,Chuvoso,Não existe,Perfeito estado,Molhada,Perfeito estado,,,60 km/h,Única,Canteiro central,,,,
2020-02-20,13:00:00,COM VÍTIMA,FINALIZADA,JORDAO,AV CENTENARIO ALBERTO SANTOS DUMONT,3,261,,EMPRESA MINUSA,,,,JORDÃO,ABALROAMENTO LONGITUDINAL,COLISAO COM VITIMA ENTRE CARRO E MOTO,1,1,,,,,,,,1,,,SUBURBIO,Longo da via,Bom,Não existe,Perfeito estado,Seca,Perfeito estado,Não existe,R-6a,,Dupla,Faixa contínua,,,,
2020-02-20,13:09:00,COM VÍTIMA,FINALIZADA,BOA VISTA,RUA AURORA,0,,RUA JOAO LIRA,AO LADO DA COMPESA,,,,BOA VISTA,ABALROAMENTO TRANSVERSAL,COLISAO ENTRE AUTO E MOTO COM UMA VITIMA,1,1,,,,,,,,1,,,,Esquina,Chuvoso,Não existe,Incompleta,Molhada,Mal conservada,Não existe,Outras,,Única,Canteiro central,,,,
2020-02-20,14:26:00,COM VÍTIMA,FINALIZADA,AFOGADOS,RUA SAO MIGUEL,4,1635,RUA ALEXANDRE RODRIGUES FERREIRA,PROXIMO AO LABORATORIO CERPE,,,,AFOGADOS,ABALROAMENTO TRANSVERSAL,COLISÃO COM VÍTIMA,1,1,,,,,,,,1,,,SUBURBIO,Esquina,Chuvoso,Não existe,Perfeito estado,Molhada,Perfeito estado,Não existe,Não há placas,,Dupla,Faixa contínua,,,,
2020-02-20,14:47:00,COM VÍTIMA,FINALIZADA,DERBY,RUA JENER DE SOUZA,0,,,EM FRENTE A FUNDAÇÃO JOAQUIM NABUCO,,,,DERBY,COLISÃO,COLISÃO COM VÍTIMA,1,1,,,,,,,,1,,,,,,,,,,,,,,,,,,
2020-02-20,15:47:00,COM VÍTIMA,FINALIZADA,SAN MARTIN,RUA PROFESSOR SILVIO DA CUNHA SANTOS,3,254,RUA ARSENIO CALACA,PROXIMO A IGREJA NOSSA SENHORA DE FATIMA,,,,SAN MARTIN,ABALROAMENTO TRANSVERSAL,COLISÃO COM VÍTIMA,1,1,,,,,,,,1,,,SUBURBIO,Longo da via,Bom,Não existe,Perfeito estado,Seca,Perfeito estado,Não existe,Não há placas,,Dupla,Não existe,,,,
2020-02-21,03:11:00,COM VÍTIMA,FINALIZADA,IBURA,AV RECIFE,0,,RUA SAO NICOLAU,PRÓX A CASA DAS BATERIAS // MARAVILHA MOTOS,,,,IBURA,ABALROAMENTO TRANSVERSAL,COLISÃO ENTRE DOIS AUTOS- C/V,2,,,,,,,,,1,,16,CIDADE,Cruzamento,Bom,Sem defeito,Perfeito estado,Seca,Perfeito estado,Faixa de pedestre,R-6a,,Dupla,Canteiro central,,,,
2020-02-21,11:59:00,COM VÍTIMA,FINALIZADA,CORREGO DO JENIPAPO,AV NORTE,0,,,PRÓX. AO TERMINAL DA MACAXEIRA. LADO OPOSTO AO PONTO DE ÔNIBUS Nº 110001.,,,,CÓRREGO DO JENIPAPO,COLISÃO TRASEIRA,COLISÃO C/VITIMA ENTRE TRES AUTOS E MOTO (V.T06 NO QTH),3,1,,,,,,,,1,,,CIDADE,Longo da via,Bom,Não existe,Perfeito estado,Seca,Perfeito estado,Não existe,Não há placas,60 km/h,Dupla,Canteiro central,,,,
2020-02-21,15:32:00,COM VÍTIMA,FINALIZADA,SITIO DOS PINTOS,EST DOS PINTOS,0,,,GRANJA DE DONA LOLA. PANIFICADORA NOVA OPÇÃO.,,,,SÍTIO DOS PINTOS,COLISÃO COM CICLISTA,COLISAO COM VITIMA ENTRE ONIBUS E CICLISTA,,,,1,,1,,,,1,,,SUBURBIO,Longo da via,Bom,Não existe,Perfeito estado,Seca,Perfeito estado,Não existe,Outras,,Dupla,Não existe,,,,
2020-02-21,15:59:00,COM VÍTIMA,FINALIZADA,ENCRUZILHADA,EST DE BELEM,0,,RUA DONA JULIETA,EM FRENTE A IGREJA DE BELEM,,,,ENCRUZILHADA,ABALROAMENTO TRANSVERSAL,COLISÃO COM VÍTIMA,1,1,,,,,,,,1,,,SUBURBIO,Longo da via,Bom,Não existe,Perfeito estado,Seca,Perfeito estado,Não existe,Outras,40 km/h,Dupla,Faixa contínua,,,,
2020-02-21,21:15:00,COM VÍTIMA,FINALIZADA,ENCRUZILHADA,AV BEBERIBE,3,600,RUA DR EDUARDO WANDERLEY,ENF A FERREIRA PINTO,,,,ENCRUZILHADA,ABALROAMENTO LONGITUDINAL,DUAS MOTOS ( XRE X HONDA CB),,2,,,,,,,,2,,,SUBURBIO,Esquina,Bom,Sem defeito,Perfeito estado,Seca,Perfeito estado,,Não há placas,40 km/h,Dupla,Faixa contínua,,,,
2020-02-22,06:57:00,COM VÍTIMA,FINALIZADA,CASA AMARELA,RUA PAULA BATISTA,0,,RUA MAJOR NEREU GUERRA,PROX. A IGREJA DA HARMONIA,,,,CASA AMARELA,COLISÃO COM CICLISTA,AUTO E CICLISTA,1,,,1,,,,,,1,,136,SUBURBIO,Cruzamento,Chuvoso,Sem defeito,Perfeito estado,Molhada,Perfeito estado,Faixa de pedestre,R-31,,Dupla,Não existe,,,,
2020-02-22,07:45:00,COM VÍTIMA,FINALIZADA,PARNAMIRIM,RUA JOAO TUDE DE MELO,2,91,RUA VIRGINIA LORETO,EM BAIXO DO SEMAFORO  649 EM FRENTE AO GUAIAMUM GIGANTE,,,,PARNAMIRIM,ABALROAMENTO TRANSVERSAL,COLISÃO COM VITIMA A ESPERA DO SAMU,1,1,,,,,,,,1,,649,SUBURBIO,Longo da via,Bom,Sem defeito,Perfeito estado,Seca,Perfeito estado,Faixa de pedestre,Não há placas,,Dupla,Canal,,,,
2020-02-22,11:16:00,COM VÍTIMA,FINALIZADA,PINA,AV ANTONIO DE GOES,3,534,,LADO OPOSTO A SUL AMERICA,,,,PINA,ATROPELAMENTO,COLISAO COM VITIMAS,1,1,,,1,,,,,1,,,CIDADE,Longo da via,Bom,Não existe,Perfeito estado,Seca,Perfeito estado,Não existe,R-4a,60 km/h,Única,Faixa seccionada,,,,
2020-02-22,13:45:00,COM VÍTIMA,FINALIZADA,BOA VIAGEM,RUA PADRE CARAPUCEIRO,3,444,RUA FRANCISCO DA CUNHA,E/F AO EDF RICARDO PRIMEIRO E OFICINA DESIGN.,,,,BOA VIAGEM,ABALROAMENTO TRANSVERSAL,COLISAO ENTRE ONIBUS E AUTO COM UMA VITIMA,1,,,,,1,,,,4,,,SUBURBIO,Cruzamento,Bom,Não existe,Perfeito estado,Seca,Perfeito estado,Não existe,R-6a,,Única,Faixa seccionada,,,,
2020-02-22,15:37:00,COM VÍTIMA,FINALIZADA,MADALENA,AV VISCONDE DE ALBUQUERQUE,3,401,RUA LOPES DE CARVALHO,E/F A GALERIA DA MADALENA CENTER,,,,MADALENA,ABALROAMENTO TRANSVERSAL,COLISAO ENTRE AUTO E MOTO COM UMA VITIMA,1,1,,,,,,,,1,,,SUBURBIO,Cruzamento,Bom,Não existe,Incompleta,Seca,Perfeito estado,Não existe,Não há placas,,Única,Faixa seccionada,,,,
2020-02-23,08:04:00,COM VÍTIMA,FINALIZADA,CASA AMARELA,AV NORTE,0,,,EM FRENTE A PAGUE MENOS,,,,CASA AMARELA,TOMBAMENTO,MOTO DESVIA DO BURACO E CAI NA AVENIDA,,1,,,,,,,,1,,79,SUBURBIO,Longo da via,Chuvoso,Sem defeito,Perfeito estado,Molhada,Perfeito estado,Faixa de pedestre,Outras,,Dupla,Canteiro central,,,,
2020-02-23,14:20:00,COM VÍTIMA,FINALIZADA,IMBIRIBEIRA,RUA JOAQUIM BANDEIRA,3,136,RUA JACY,GALPAO TARGET. LADO OPOSTO AO POSTE B029384,,,,IMBIRIBEIRA,ABALROAMENTO LONGITUDINAL,COLISAO COM VITIMA ENTRE MOTO E ONIBUS,,1,,,,1,,,,1,,,BOA VIAGEM,Longo da via,Bom,Não existe,Não existente,Seca,,Não existe,Não há placas,,Única,Faixa seccionada,,,,
2020-02-23,19:22:00,COM VÍTIMA,FINALIZADA,SANTO ANTONIO,RUA NOVA,0,,AV DANTAS BARRETO,ENF. MARIZA E FARMACIA DEPENDENTE,,,,SANTO ANTÔNIO,ATROPELAMENTO,VAN X PEDESTRE (IDOSO),,,,,1,1,,,,1,,,CIDADE,Longo da via,Bom,Não existe,Ilegível,Seca,Mal iluminada,Não existe,Não há placas,,Única,Não existe,,,,
2020-02-24,04:06:00,COM VÍTIMA,FINALIZADA,BOA VIAGEM,AV CELSO FURTADO,0,,,PRIMEIRO RETORNO APOS O SUPERMERCADO EXTRA- SENT. BOA VIAGEM,,,,BOA VIAGEM,CHOQUE OBJETO FIXO,VEICULO CHOCOU-SE COM MEIO FIO,1,,,,,,,,,1,,,SUBURBIO,Longo da via,Bom,Não existe,Perfeito estado,Seca,Perfeito estado,Não existe,Não há placas,,Dupla,Faixa,,,,
2020-02-24,04:32:00,COM VÍTIMA,FINALIZADA,IBURA,AV ENGENHO SERRA VERDE,3,570,AV RIO LARGO,AO LADO DO ARMAZEM ESQUINA DA CONSTRUÇÃO,,,,IBURA,COLISÃO FRONTAL,ONIBUS E MOTO,,1,,,,1,,,,1,,,SUBURBIO,Esquina,Bom,Não existe,Ilegível,Seca,Mal iluminada,Outros,R-24a,,Dupla,Não existe,,,,
2020-02-24,13:38:00,COM VÍTIMA,FINALIZADA,IPUTINGA,RUA BOM PASTOR,3,670,RUA MAURICEIA,E/F MERCADINHO MERCOFRUIT,,,,IPUTINGA,ABALROAMENTO LONGITUDINAL,COLISÃO C/VITIMA ENTRE UMA MOTO E UM ONIBUS,,1,,,,1,,,,1,,652,SUBURBIO,Cruzamento,Bom,Sem defeito,Perfeito estado,Seca,Perfeito estado,Faixa de pedestre,Outras,,Dupla,Faixa contínua,,,,
2020-02-25,05:21:00,COM VÍTIMA,FINALIZADA,SANTO AMARO,AV GOVERNADOR AGAMENON MAGALHAES,0,,RUA ODORICO MENDES,E/F A DELEGACIA 13° BATALHÃO / SEMÁFORO 049 ---- VT 13 NO LOCAL,,,,SANTO AMARO,ABALROAMENTO TRANSVERSAL,ENTRE 2 TÁXIS. C/V,2,,,,,,,,,1,,49,CIDADE,Cruzamento,Bom,Sem defeito,Perfeito estado,Seca,Perfeito estado,Faixa de pedestre,,60 km/h,Dupla,Canal,,,,
2020-02-25,19:50:00,COM VÍTIMA,FINALIZADA,IMBIRIBEIRA,AV MARECHAL MASCARENHAS DE MORAES,4,5905,,UNIDAS,,,,IMBIRIBEIRA,CHOQUE OBJETO FIXO,VEICULO COLIDIU COM A MURETA,1,,,,,,,,,1,,,,Viaduto,Bom,Não existe,Perfeito estado,Seca,Perfeito estado,Não existe,Não há placas,,,Não existe,,,,
2020-02-26,04:03:00,COM VÍTIMA,FINALIZADA,BEBERIBE,AV BEBERIBE,3,111,RUA DA CORAGEM,PROX AO POSTO SHELL,,,,BEBERIBE,ABALROAMENTO LONGITUDINAL,SANDERO BRANCO X MOTO,1,1,,,,,,,,1,,186,CIDADE,Longo da via,Bom,Sem defeito,Incompleta,Molhada,Mal conservada,Faixa de pedestre,Não há placas,,Dupla,Faixa contínua,,,,
2020-02-26,06:31:00,COM VÍTIMA,FINALIZADA,MADALENA,RUA REAL DA TORRE,3,361,RUA LOPES DE CARVALHO,EM FRENTE A LOJA DE CENTRO DE TRATAMENTO PARA OS PES,,,,MADALENA,CHOQUE OBJETO FIXO,AUTO E POSTE,1,,,,,,,,,1,,,CIDADE,Longo da via,Bom,Não existe,Perfeito estado,Seca,Perfeito estado,Não existe,,,Dupla,Faixa seccionada,,,,
2020-02-26,18:31:00,COM VÍTIMA,FINALIZADA,CURADO,RUA DR GEORGE WILLIAM BUTLER,0,,AV PREFEITO ANTONIO PEREIRA,NA RUA ACESSO AO TIP RUA DA KIMBOM POR TRAS DA NAGEM,,,,CURADO,ABALROAMENTO TRANSVERSAL,COLISAO ENTRE MOTO CINQUENTINHA E AUTO COM UMA VITIMA,1,,1,,,,,,,1,,,TIP,Longo da via,Bom,Não existe,Não existente,Seca,Mal conservada,Não existe,Não há placas,,Dupla,Faixa contínua,,,,
2020-02-27,08:22:00,COM VÍTIMA,FINALIZADA,MADALENA,RUA BENFICA,0,,,AO LADO DO MUSEU DA ABOLIÇÃO,,,,MADALENA,ABALROAMENTO LONGITUDINAL,COLISÃO COM VÍTIMAS,1,,,,,1,,,,1,,257,SUBURBIO,Longo da via,Bom,Sem defeito,Perfeito estado,Seca,Perfeito estado,Faixa de pedestre,R-6a,60 km/h,Dupla,Faixa contínua,,,,
2020-02-27,11:30:00,COM VÍTIMA,FINALIZADA,ENCRUZILHADA,AV NORTE,4,2160,,EM FRENTE A RENAULT- SENT. SUB,,,,ENCRUZILHADA,COLISÃO TRASEIRA,TRES AUTOS E UM ÔNIBUS - VT-21 SUB. FATIMA NO LOCAL,3,,,,,1,,,,2,,,SUBURBIO,Longo da via,Bom,Sem defeito,Perfeito estado,Seca,Perfeito estado,Faixa de pedestre,R-6a,,Única,Faixa seccionada,Canteiro central,,,
2020-02-27,12:49:00,COM VÍTIMA,FINALIZADA,ILHA JOANA BEZERRA,AV BEIRA RIO,3,S/N,,NA DESCIDA DO VIADUTO PROX AO FORUM DESEMBARGADOR RODOLFO AURELIANO S/T CID. AO LADO DA ACADEMIA DA CIDADE,,,,ILHA JOANA BEZERRA,ABALROAMENTO TRANSVERSAL,COLISAO ENTRE AUTO E MOTO COM UMA VITIMA,1,1,,,,,,,,1,,,CIDADE,Cruzamento,Bom,Não existe,Perfeito estado,Seca,Perfeito estado,Não existe,Placas Pare,40 km/h,Dupla,Faixa contínua,,,,
2020-02-27,13:12:00,COM VÍTIMA,FINALIZADA,TORRE,RUA REAL DA TORRE,4,1309,,DROGARIA SAO PAULO// MARTELINHO DE OURO,,,,TORRE,ABALROAMENTO TRANSVERSAL,COLISAO COM VITIMA. ENTRE MOTO E VEICULO,1,1,,,,,,,,1,,,CIDADE,Longo da via,Bom,Não existe,Perfeito estado,Seca,Perfeito estado,Outros,Outras,,,,,,,
2020-02-28,13:06:00,COM VÍTIMA,FINALIZADA,CASA AMARELA,AV NORTE,4,6149,,,,,,CASA AMARELA,COLISÃO TRASEIRA,COM VÍTIMA,1,1,,,,,,,,1,,,CIDADE,Longo da via,Bom,Não existe,Perfeito estado,Seca,Perfeito estado,Faixa de pedestre,Não há placas,60 km/h,Única,Faixa seccionada,,,,
2020-02-28,15:04:00,COM VÍTIMA,FINALIZADA,MADALENA,AV BEIRA RIO,0,,RUA DEMOSTENES DE OLINDA,,,,,MADALENA,ABALROAMENTO TRANSVERSAL,COM VÍTIMA,1,1,,,,,,,,1,,,CIDADE,Esquina,Bom,Não existe,Perfeito estado,Seca,Perfeito estado,Faixa de pedestre,Placas Pare,,Dupla,Faixa,,,,