data,hora,natureza_acidente,situacao,bairro,endereco,,numero,detalhe_endereco_acidente,complemento,endereco_cruzamento,numero_cruzamento,referencia_cruzamento,bairro_cruzamento,tipo,descricao,auto,moto,ciclom,ciclista,pedestre,onibus,caminhao,viatura,outros,vitimas,vitimasfatais,num_semaforo,sentido_via,acidente_verificado,tempo_clima,situacao_semaforo,sinalizacao,condicao_via,conservacao_via,ponto_controle,situacao_placa,velocidade_max_via,mao_direcao,divisao_via1,divisao_via2,divisao_via3,_id,Protocolo
2020-02-28,18:13:00,COM VÍTIMA,FINALIZADA,CAXANGA,AV CAXANGA,4,5335,,EM FRENTE AO GOLF CLUBE,,,,CAXANGÁ,COLISÃO COM CICLISTA,COLISÃO COM VÍTIMA,1,,,1,,,,,,1,,,CIDADE,Longo da via,Bom,Não existe,Perfeito estado,Seca,Perfeito estado,Não existe,R-6a,,Dupla,Canteiro central,,,,
2020-02-28,19:28:00,COM VÍTIMA,FINALIZADA,BOA VIAGEM,RUA MARIA CAROLINA,0,,RUA MINISTRO NELSON HUNGRIA,,,,,BOA VIAGEM,ABALROAMENTO TRANSVERSAL,DOIS AUTOS,2,,,,,,,,,2,,,SUBURBIO,Longo da via,Bom,Não existe,Não existente,Seca,Perfeito estado,Faixa de retenção,Não há placas,,Única,Faixa seccionada,,,,
2020-02-29,07:47:00,COM VÍTIMA,FINALIZADA,IMBIRIBEIRA,AV SUL,0,,,TERMINAL INTEGRADO TANCREDO NEVES,,,,IMBIRIBEIRA,ABALROAMENTO LONGITUDINAL,ONIBUS E MOTO C/V,,1,,,,1,,,,1,,,,,Bom,Não existe,Perfeito estado,Seca,Perfeito estado,Não existe,Não há placas,20 km/h,Única,Não existe,,,,
2020-02-29,12:43:00,COM VÍTIMA,FINALIZADA,PASSARINHO,EST DE PASSARINHO,4,3260,,E/F AO BAR DO LABAREDAS,,,,PASSARINHO,ABALROAMENTO LONGITUDINAL,COLISAO ENTRE AUTO E MOTO COM UMA VITIMA,1,1,,,,,,,,1,,,,Longo da via,Bom,Não existe,Perfeito estado,Seca,Perfeito estado,Não existe,,30 km/h,Dupla,Faixa seccionada,,,,
2020-02-29,19:46:00,COM VÍTIMA,FINALIZADA,AFOGADOS,RUA SAO MIGUEL,3,558,RUA OLIMPIO CHACON,NA ENTRADA DA VILA SÃO MIGUEL / E/F A AUTO PEÇAS PREMIER,,,,AFOGADOS,ABALROAMENTO TRANSVERSAL,ENTRE MOTO E AUTO. C/V,1,1,,,,,,,,1,,,SUBURBIO,Esquina,Bom,Sem defeito,Perfeito estado,Seca,Perfeito estado,,R-6a,40 km/h,Dupla,Faixa contínua,,,,
2020-03-02,08:18:00,COM VÍTIMA,FINALIZADA,BOA VIAGEM,RUA PROFESSOR JOSE BRANDAO,0,,RUA FRANCISCO DA CUNHA,EM FRENTE AO BAR MANHATTAN,,,,BOA VIAGEM,ABALROAMENTO TRANSVERSAL,COLISÃO COM VITIMA A ESPERA DO SAMU,1,1,,,,,,,,1,,,SUBURBIO,Cruzamento,Bom,Não existe,Perfeito estado,Seca,Perfeito estado,Outros,Placas Pare,,Única,Faixa seccionada,,,,
2020-03-02,08:36:00,COM VÍTIMA,FINALIZADA,CAMPO GRANDE,RUA JERONIMO VILELA,0,,RUA MANUEL DE BARROS LIMA,AO  LADO DA FARMACIA DROGASIL,,,,CAMPO GRANDE,ABALROAMENTO LONGITUDINAL,COLISÃO COM VITIMAS,1,1,,,,,,,,2,,,SUBURBIO,Longo da via,Bom,Não existe,Perfeito estado,Seca,Perfeito estado,Não existe,Outras,,Dupla,Faixa seccionada,,,,
2020-03-02,11:13:00,COM VÍTIMA,FINALIZADA,DOIS IRMAOS,RUA DOIS IRMAOS,0,,,EM FRENTE A UNIVERSIDADE RURAL DE PERNAMBUCO,,,,DOIS IRMÃOS,ABALROAMENTO TRANSVERSAL,COLISAO COM VITIMAS,1,1,,,,,,,,1,,,SUBURBIO,Longo da via,Bom,,Incompleta,Seca,Perfeito estado,Não existe,Não há placas,,Dupla,Não existe,,,,
2020-03-02,11:42:00,COM VÍTIMA,FINALIZADA,CORDEIRO,AV CAXANGA,0,,RUA ANTERO MOTA,E/F EXPOSIÇÃO DE ANIMAIS,,,,CORDEIRO,ABALROAMENTO TRANSVERSAL,COLISÃO C/VITIMA ENTRE DOIS AUTOS,2,,,,,,,,,2,,,SUBURBIO,Cruzamento,Bom,Sem defeito,Perfeito estado,Seca,Perfeito estado,Faixa de pedestre,Outras,,,Faixa contínua,,,,
2020-03-02,13:29:00,COM VÍTIMA,FINALIZADA,SANTO AMARO,RUA MAJOR CODECEIRA,0,,RUA DOS PALMARES,E/F AO LABOARATORIO JULIAO AO LADO DO PROCAPE,,,,SANTO AMARO,ABALROAMENTO TRANSVERSAL,COLISAO ENTRE AUTO E MOTO COM UMA VITIMA,1,1,,,,,,,,1,,,,Cruzamento,Bom,Não existe,Perfeito estado,Seca,Perfeito estado,Não existe,R-6a,,Única,Faixa seccionada,,,,
2020-03-02,20:20:00,COM VÍTIMA,FINALIZADA,SANTO AMARO,AV NORTE,3,141,RUA VINTE E QUATRO DE AGOSTO,RUA VINTE E QUATRO DE AGOSTO - PROXIMO À CONTAX,,,,SANTO AMARO,ABALROAMENTO TRANSVERSAL,OCOLISÃO ONIBUS X MOTO C/VITIMA,,1,,,,1,,,,1,,463,SUBURBIO,Cruzamento,Bom,Sem defeito,Perfeito estado,Seca,Perfeito estado,Não existe,Outras,,Dupla,Faixa seccionada,,,,
2020-03-02,23:34:00,COM VÍTIMA,FINALIZADA,IBURA,AV DOIS RIOS,0,,RUA RIO XINGU,EM FRENTE AO POSTO DE GASOLINA BR,,,,IBURA,ABALROAMENTO TRANSVERSAL,COLISÃO ENTRE DOIS AUTOS COM VÍTIMA- UM DOS AUTOS VEIO A CAPOTAR- UM DOS ENVOLVIDOS APRESENTA SINTOMAS DE EMBRIAGUEZ,2,,,,,,,,,2,,351,SUBURBIO,Cruzamento,Bom,Sem defeito,Perfeito estado,Seca,Perfeito estado,Faixa de pedestre,Não há placas,,Dupla,Faixa contínua,,,,
2020-03-03,07:39:00,COM VÍTIMA,FINALIZADA,AFOGADOS,EST DOS REMEDIOS,0,,POSTE Nº BO20959,EM FRENTE A PIGALLE. Nº1481,,,,AFOGADOS,ABALROAMENTO LONGITUDINAL,ACIDENTE LONGITUDINAL ENTRE DUAS MOTOS- FLAGRADO PELA CÂMARA DA CTTU.,,2,,,,,,,,1,,,CIDADE,Longo da via,Bom,Sem defeito,Perfeito estado,Seca,Perfeito estado,Outros,Outras,60 km/h,Única,Faixa seccionada,,,,
2020-03-03,08:34:00,COM VÍTIMA,FINALIZADA,AFOGADOS,RUA VISCONDE DE PELOTAS,2,42,,SOB O PONTILHÃO DO METRÔ DE AFOGADOS,,,,AFOGADOS,ACID. DE PERCURSO,QUEDA DE MOTOQUEIRO NA VIA DEVIDO A ÓLEO NA PISTA (GM KELVIN E DIEGO CARVALHO NO QTH),,1,,,,,,,,1,,,,Longo da via,Bom,Não existe,Perfeito estado,Oleosa,Perfeito estado,Não existe,Não há placas,,Única,Faixa seccionada,,,,
2020-03-03,12:49:00,COM VÍTIMA,FINALIZADA,CASA AMARELA,AV NORTE,4,6349,,NA ENTRADA DO VASCO DA GAMA NO SEMAFORO 066,,,,CASA AMARELA,COLISÃO COM CICLISTA,CAMINHAO COLIDIU COM DOIS AUTOS E UM CICLISTA COM UMA VITIMA,2,,,1,,,1,,,1,,66,CIDADE,Longo da via,Bom,Sem defeito,Perfeito estado,Seca,Perfeito estado,Faixa de retenção,Outras,60 km/h,Única,Canteiro central,,,,
2020-03-03,15:50:00,COM VÍTIMA,FINALIZADA,APIPUCOS,RUA DE APIPUCOS,3,866,RUA MANDACARU,E/F AO AÇUDE DE APIPUCOS,,,,APIPUCOS,COLISÃO COM CICLISTA,COLISAO ENTRE AUTO -MOTO E CICLISTA,1,1,,1,,,,,,1,,500,CIDADE,Cruzamento,Bom,Sem defeito,Perfeito estado,Seca,Perfeito estado,Faixa de pedestre,R-6a,,Dupla,Faixa contínua,,,,
2020-03-03,15:51:00,COM VÍTIMA,FINALIZADA,ILHA DO LEITE,AV JOSE GONCALVES DE MEDEIROS,3,149,,FARMACIA PAGUE MENOS,,,,ILHA DO LEITE,ABALROAMENTO TRANSVERSAL,COLISAO COM VITIMA ENTRE UM VEICULO E UMA MOTO. GCM: PONTO FIXO,1,1,,,,,,,,1,,,ILHA DO RETIRO,Longo da via,Bom,Não existe,Perfeito estado,Seca,Perfeito estado,,Não há placas,,Dupla,Faixa,,,,
2020-03-03,17:19:00,COM VÍTIMA,FINALIZADA,BOA VIAGEM,RUA HENRIQUE DIAS,0,,,AO LADO DO MEMORIAL SÃO JOSÉ,,,,BOA VIAGEM,ATROPELAMENTO,,,,,,1,1,,,,1,,,CIDADE,Longo da via,Bom,Sem defeito,Perfeito estado,Seca,Perfeito estado,Faixa de pedestre,Outras,,Única,Não existe,,,,
2020-03-03,17:45:00,COM VÍTIMA,FINALIZADA,VARZEA,AV JOAQUIM RIBEIRO,3,733,,PROX A BORRACHARIA DO NADO PROX A PONTE S/T DOIS IRMAOS,,,,VÁRZEA,ABALROAMENTO LONGITUDINAL,COLISAO ENTRE DOIS AUTOS S/V,1,1,,,,,,,,1,,,SUBURBIO,Longo da via,Bom,Não existe,Ilegível,Seca,Perfeito estado,Não existe,Não há placas,,Dupla,,,,,
2020-03-04,07:18:00,COM VÍTIMA,FINALIZADA,ENCRUZILHADA,EST DE BELEM,2,44,,EM FRENTE AO BANCO ITAU,,,,ENCRUZILHADA,ABALROAMENTO TRANSVERSAL,COLISÃO COM VITIMA A ESPERA DO BOMBEIROS,1,1,,,,,,,,2,,,SUBURBIO,Longo da via,Bom,Não existe,Perfeito estado,Seca,Perfeito estado,Não existe,Placas Pare,40 km/h,Dupla,Faixa seccionada,,,,
2020-03-04,07:35:00,COM VÍTIMA,FINALIZADA,ARRUDA,RUA ZEFERINO AGRA,3,268,,EM FRENTE AO COLEGIO ADVENTISTA,,,,ARRUDA,COLISÃO FRONTAL,COLISAO COM VITIMAS,1,1,,,,,,,,1,,,SUBURBIO,Longo da via,Bom,Não existe,Perfeito estado,Seca,Perfeito estado,Faixa de pedestre,Outras,,Dupla,Faixa contínua,,,,
2020-03-04,07:43:00,COM VÍTIMA,FINALIZADA,CORDEIRO,RUA TIJUCAS,3,198,,PROX AO RESTAURANTE JOÃO  DA CARNE DE SOL,,,,CORDEIRO,ABALROAMENTO TRANSVERSAL,COLISÃO COM VITIMA  GM JOÃO RICARDO QTH,1,1,,,,,,,,1,,,,Cruzamento,Bom,Não existe,Ilegível,Seca,Perfeito estado,Não existe,Placas Pare,,Dupla,Não existe,,,,
2020-03-04,07:53:00,COM VÍTIMA,FINALIZADA,BOA VIAGEM,RUA RIBEIRO DE BRITO,3,590,,EM FRENTE AO LABORATORIO  BORIS  BERENSTEIN,,,,BOA VIAGEM,ABALROAMENTO LONGITUDINAL,COLISÃO COM VITIMA GM  ADELSON QTH,1,1,,,,,,,,1,,,SUBURBIO,Longo da via,Bom,Não existe,Perfeito estado,Seca,Perfeito estado,Não existe,Outras,,Única,Faixa seccionada,,,,
2020-03-04,09:00:00,COM VÍTIMA,FINALIZADA,TORRE,RUA MARQUES DE MARICA,3,147,,EM FRENTE AO CONDOMINIO PRAÇA DAS CARMELIA,,,,TORRE,ABALROAMENTO LONGITUDINAL,COLISÃO COM VITIMA A ESPERA DO SAMU,1,1,,,,,,,,1,,,SUBURBIO,Longo da via,Bom,Não existe,Perfeito estado,Seca,Perfeito estado,Não existe,Não há placas,,Dupla,Faixa seccionada,,,,
2020-03-04,09:10:00,COM VÍTIMA,FINALIZADA,CORDEIRO,EST DO FORTE DO ARRAIAL N. DO B. JESUS,5,341 A,RUA AUREO XAVIER,EM FRENTE AO RESTAURANTE O PESCADOR,,,,CORDEIRO,COLISÃO COM CICLISTA,MOTO E CICLISTA C/V,,1,,1,,,,,,2,,,CIDADE,Cruzamento,Bom,Não existe,Perfeito estado,Seca,Perfeito estado,Não existe,Placas Pare,,Dupla,Faixa contínua,Faixa seccionada,,,
2020-03-04,16:04:00,COM VÍTIMA,FINALIZADA,BOA VIAGEM,RUA CARLOS PEREIRA FALCAO,4,1145,,EM FRENTE AO EDIFICIO RENATA DIAS,,,,BOA VIAGEM,COLISÃO,COLISÃO COM VÍTIMA/ VÍTIMA ATENDIDA NO LOCAL PELO SAMU E NÃO FOI NECESSARIO LEVAR A VITIMA PARA O HOSPITAL,1,1,,,,,,,,1,,,,,,,,,,,,,,,,,,
2020-03-04,21:27:00,COM VÍTIMA,FINALIZADA,BOA VIAGEM,AV ARMINDO MOURA,3,581,,E/F A VILA DA AERONAUTICA,,,,BOA VIAGEM,ABALROAMENTO LONGITUDINAL,ENTRE AUTO E MOTO. C/V,1,1,,,,,,,,1,,,SUBURBIO,Longo da via,Bom,Sem defeito,Perfeito estado,Seca,Perfeito estado,Faixa de pedestre,Placas Pare,,Dupla,Faixa contínua,,,,
2020-03-04,22:27:00,COM VÍTIMA,FINALIZADA,AFOGADOS,RUA SAO MIGUEL,3,176,RUA JACIRA,E/F AO DEPATRI,,,,AFOGADOS,ABALROAMENTO LONGITUDINAL,AUTO X MOTO. C/V,1,1,,,,,,,,1,,,SUBURBIO,Cruzamento,Bom,Sem defeito,Perfeito estado,Seca,Perfeito estado,Faixa de pedestre,,,Dupla,Faixa seccionada,,,,
2020-03-05,09:14:00,COM VÍTIMA,FINALIZADA,BOA VISTA,RUA DR LEOPOLDO LINS,0,,AV GOVERNADOR AGAMENON MAGALHAES,SOB O SEMÁFORO 078,,,,BOA VISTA,ATROPELAMENTO,MOTOCICLETA E PEDESTRE,,1,,,1,,,,,2,,78,SUBURBIO,Cruzamento,Bom,Sem defeito,Perfeito estado,Seca,Perfeito estado,Faixa de pedestre,Não há placas,60 km/h,Dupla,Faixa seccionada,Canteiro central,,,
2020-03-05,10:44:00,COM VÍTIMA,FINALIZADA,DERBY,AV GOVERNADOR AGAMENON MAGALHAES,4,3850,PRC DO DERBY,EM FRENTE AO BANCO BRADESCO- VIA LOCAL,,,,DERBY,ABALROAMENTO LONGITUDINAL,MOTO E AUTO C/V,1,1,,,,,,,,1,,,SUBURBIO,Longo da via,Bom,Não existe,Perfeito estado,Seca,Perfeito estado,Não existe,Outras,,Dupla,Canteiro central,,,,
2020-03-05,11:35:00,COM VÍTIMA,FINALIZADA,ILHA JOANA BEZERRA,AV DES GUERRA BARRETO,0,,,AO LADO DO FORUM RODOLFO AURELIANO,,,,ILHA JOANA BEZERRA,ATROPELAMENTO,DOIS AUTOS E PEDESTRE,2,,,,1,,,,,1,,,CIDADE,Longo da via,Bom,Sem defeito,Perfeito estado,Seca,Perfeito estado,Faixa de pedestre,Não há placas,,Dupla,Faixa contínua,,,,
2020-03-05,11:52:00,COM VÍTIMA,FINALIZADA,IPUTINGA,AV CAXANGA,4,4490,,EM FRENTE A VISTORIA DO DETRAN,,,,IPUTINGA,COLISÃO TRASEIRA,DUAS MOTOS E UM AUTO PASSEIO / GM ALMEIDA VELOSO P.O CAXANGA,1,2,,,,,,,,3,,230,SUBURBIO,Longo da via,Bom,Sem defeito,Perfeito estado,Seca,Perfeito estado,Agente,Não há placas,,Dupla,Canteiro central,,,,
2020-03-05,13:20:00,COM VÍTIMA,FINALIZADA,AREIAS,AV CAPITAO GREGORIO DE CALDAS,3,132,,E/F AO BIG BOMPREÇO S/T SUB,,,,AREIAS,ABALROAMENTO TRANSVERSAL,COLISAO ENTRE AUTO E MOTO S/V,1,1,,,,,,,,1,,,SUBURBIO,Longo da via,Bom,Não existe,Perfeito estado,Seca,Perfeito estado,Não existe,Não há placas,,Dupla,Canteiro central,,,,
2020-03-05,14:27:00,COM VÍTIMA,FINALIZADA,ENCRUZILHADA,RUA AMARO COUTINHO,3,474,RUA PROFESSOR OTAVIO DE FREITAS,,,,,ENCRUZILHADA,ABALROAMENTO TRANSVERSAL,COLISÃO COM VÍTIMA,1,1,,,,,,,,1,,,SUBURBIO,Cruzamento,Bom,Não existe,Incompleta,Seca,Perfeito estado,Não existe,Não há placas,30 km/h,Dupla,Não existe,,,,
2020-03-05,15:20:00,COM VÍTIMA,FINALIZADA,BOA VISTA,RUA DO HOSPICIO,0,,,EM FRENTE A CÂMARA DOS VEREADORES,,,,BOA VISTA,COLISÃO,COLISÃO COM VÍTIMA,1,1,,,,,,,,1,,,,,,,,,,,,,,,,,,
2020-03-05,19:26:00,COM VÍTIMA,FINALIZADA,DOIS IRMAOS,RUA DOIS IRMAOS,0,,,E/F A REITORIA DA UFRPE,,,,DOIS IRMÃOS,ABALROAMENTO LONGITUDINAL,ENTRE AUTO E MOTO. C/V,1,1,,,,,,,,1,,,SUBURBIO,Cruzamento,Bom,Não existe,Perfeito estado,Seca,Perfeito estado,Não existe,Não há placas,,Dupla,Faixa contínua,Faixa seccionada,Canteiro central,,
2020-03-05,22:44:00,COM VÍTIMA,FINALIZADA,CASA AMARELA,EST DO ARRAIAL,0,,RUA DA HARMONIA,PROX A IGREJA DA HARMONIA,,,,CASA AMARELA,ABALROAMENTO LONGITUDINAL,HB 20 X MOTO,1,1,,,,,,,,2,,,SUBURBIO,Cruzamento,Bom,Sem defeito,Perfeito estado,Seca,Perfeito estado,Não existe,Não há placas,,Única,Faixa contínua,,,,
2020-03-06,08:53:00,COM VÍTIMA,FINALIZADA,ARRUDA,AV BEBERIBE,3,896,,AO LADO DO LOJAO DO PETROLEO,,,,ARRUDA,ABALROAMENTO TRANSVERSAL,COLISAO COM VITIMAS,1,1,,,,,,,,1,,,CIDADE,Longo da via,Bom,Não existe,Perfeito estado,Seca,Perfeito estado,,Outras,,Dupla,Faixa seccionada,,,,
2020-03-06,19:23:00,COM VÍTIMA,FINALIZADA,PARNAMIRIM,RUA DES GOIS CAVALCANTE,3,303,RUA MIZAEL MONTENEGRO,ESQUINA COM O PÃO DE AÇUCAR,,,,PARNAMIRIM,ABALROAMENTO LONGITUDINAL,ENTRE AUTO E MOTO. C/V,1,1,,,,,,,,2,,,SUBURBIO,Esquina,Bom,Não existe,Ilegível,Seca,Mal iluminada,Não existe,Não há placas,,Única,Faixa seccionada,,,,
2020-03-07,03:41:00,COM VÍTIMA,FINALIZADA,AGUA FRIA,RUA DA REGENERACAO,3,333,RUA BOM CONSELHO,EM FRENTE AO SKINA DO CUPIM- AO LADO DO VERTICAL AUTOMOTIVO- PROX DO LÉO CHOPP,,,,ÁGUA FRIA,ABALROAMENTO LONGITUDINAL,COLISÃO ENTRE AUTO E MOTO C/V,1,1,,,,,,,,1,,,,Cruzamento,Bom,Não existe,Não existente,Seca,Perfeito estado,,Não há placas,30 km/h,Dupla,Não existe,,,,
2020-03-07,10:38:00,COM VÍTIMA,FINALIZADA,VARZEA,RUA VALE DO SIRIJI,2,23,,PROX A PRAÇA DA PIRIQUITA,,,,VÁRZEA,COLISÃO FRONTAL,MOTO E AUTO,1,,1,,,,,,,1,,,SUBURBIO,Longo da via,Bom,Não existe,Não existente,Seca,Perfeito estado,Não existe,Não há placas,,Dupla,Não existe,,,,
2020-03-07,11:52:00,COM VÍTIMA,FINALIZADA,BOA VIAGEM,AV ENGENHEIRO DOMINGOS FERREIRA,4,1818,,EM FRENTE AO EXTRA SUPERMERCADO,,,,BOA VIAGEM,COLISÃO TRASEIRA,MOTO E AUTO,1,1,,,,,,,,1,,,SUBURBIO,Longo da via,Bom,Não existe,Perfeito estado,Seca,Perfeito estado,Não existe,Não há placas,60 km/h,Única,Faixa seccionada,,,,
2020-03-07,16:49:00,COM VÍTIMA,FINALIZADA,CASA FORTE,AV DEZESSETE DE AGOSTO,3,892,RUA DONA ADA VIEIRA,EDF CASA GRANDE,,,,CASA FORTE,ABALROAMENTO LONGITUDINAL,COLISAO COM VITIMA ENTRE VEICULO E MOTO. VT 29 GCM: PAULO VANDERLEI E LEONARDO MESEIS,1,1,,,,,,,,1,,,CIDADE,Longo da via,Bom,Não existe,Perfeito estado,Seca,Perfeito estado,Não existe,R-6a,,Dupla,Faixa,,,,
2020-03-08,05:27:00,COM VÍTIMA,FINALIZADA,BOA VIAGEM,AV CONSELHEIRO AGUIAR,4,2892,RUA PADRE BERNADINO PESSOA,,,,,BOA VIAGEM,ABALROAMENTO TRANSVERSAL,COLISÃO ENTRE DOIS AUTOS C/V,2,,,,,,,,,1,,125,CIDADE,Cruzamento,Bom,Sem defeito,Perfeito estado,Seca,Perfeito estado,Faixa de pedestre,Não há placas,60 km/h,Única,Faixa seccionada,,,,
2020-03-08,09:01:00,COM VÍTIMA,FINALIZADA,CAXANGA,AV CAXANGA,4,5717,,EM BAIXO DO SEMAFORO 262,,,,CAXANGÁ,COLISÃO TRASEIRA,COLISÃO COM VITIMA A ESPERA DO SAMU  CRISTIANO QTH,1,1,,,,,,,,1,,262,CIDADE,Longo da via,Bom,Sem defeito,Perfeito estado,Seca,Perfeito estado,,,,Dupla,Faixa contínua,Faixa seccionada,Canteiro central,,
2020-03-08,13:04:00,COM VÍTIMA,FINALIZADA,MADALENA,RUA BENFICA,4,1150,,EM FRENTE AO MUSEU DA ABOLIÇÃO,,,,MADALENA,COLISÃO COM CICLISTA,COLISAO COM VITIMA ENTRE ONIBUS E BICICLETA,,,,1,,1,,,,1,,257,SUBURBIO,Longo da via,Bom,Sem defeito,Perfeito estado,Seca,Perfeito estado,Faixa de pedestre,R-26,40 km/h,Dupla,Faixa contínua,,,,
2020-03-08,17:11:00,COM VÍTIMA,FINALIZADA,AFOGADOS,RUA SAO MIGUEL,3,558,,BRANCO DO BRASIL,,,,AFOGADOS,COLISÃO TRASEIRA,COLISAO COM VITIMA ENTRE MOTO E VEICULO,1,1,,,,,,,,1,,,SUBURBIO,Longo da via,Bom,Não existe,,,,Não existe,,50 km/h,Dupla,Faixa contínua,,,,
2020-03-08,19:39:00,COM VÍTIMA,FINALIZADA,AREIAS,AV RECIFE,3,657,,PROX AO MAKRO,,,,AREIAS,COLISÃO,COLISAO COM VITIMAS,,1,,,,1,,,,1,,,BR 101,Longo da via,Bom,Não existe,Perfeito estado,Seca,Perfeito estado,Não existe,Não há placas,,Dupla,Canteiro central,,,,
2020-03-08,20:51:00,COM VÍTIMA,FINALIZADA,AGUA FRIA,EST VELHA DE AGUA FRIA,0,,,PROX AO DNOCS,,,,ÁGUA FRIA,COLISÃO TRASEIRA,COLISAO COM VITIMAS,,2,,,,,,,,2,,306,SUBURBIO,Cruzamento,Bom,Sem defeito,Perfeito estado,Seca,Perfeito estado,Faixa de pedestre,,,Dupla,Canteiro central,,,,
2020-03-08,20:56:00,COM VÍTIMA,FINALIZADA,AREIAS,AV DR JOSE RUFINO,4,1508,RUA JOSE NATARIO,ENF. AO POSTO SHELL E FARMACIA DROGASIL,,,,AREIAS,ABALROAMENTO TRANSVERSAL,ONIX X UNO MILLE    OBS: VT DA CTTU N:10 ESTA NO LOCAL,2,,,,,,,,,2,,44,,Cruzamento,Bom,Sem defeito,Perfeito estado,Seca,Perfeito estado,Faixa de pedestre,R-6a,40 km/h,Dupla,Faixa contínua,,,,
2020-03-08,21:24:00,COM VÍTIMA,FINALIZADA,IBURA,AV DOIS RIOS,0,,RUA FERNANDO TOMAZ DA SILVA,EM FRENTE A FARMACIA INDEPENDENTE,,,,IBURA,CAPOTAMENTO,COLISÃO SEGUIDO DE CAPOTAMENTO,6,,,,,,,,,1,,323,SUBURBIO,Longo da via,Bom,Sem defeito,Perfeito estado,Seca,Perfeito estado,Faixa de pedestre,Outras,,Dupla,Faixa contínua,,,,
2020-03-09,00:11:00,COM VÍTIMA,FINALIZADA,TORROES,AV ENGENHEIRO ABDIAS DE CARVALHO,3,240,,EM FRENTE A DROGARIA BONGI- AO LADO DA TECOMAT,,,,TORRÕES,COLISÃO,COLISÃO ENTRE AUTO E MOTO C/V,,1,,,,,,,,2,,,SUBURBIO,,,,,,,,,,,,,,,
2020-03-09,11:59:00,COM VÍTIMA,FINALIZADA,IPUTINGA,AV MAURICIO DE NASSAU,0,,RUA DR JOSE ANASTACIO DA SILVA GUIMARAES,EM FRENTE AO PARQUE DO CAIARA,,,,IPUTINGA,ABALROAMENTO LONGITUDINAL,MOTO E VT DA PM,,1,,,,,,1,,2,,,CIDADE,Longo da via,Bom,Sem defeito,Incompleta,Seca,Perfeito estado,Não existe,Não há placas,,Dupla,Não existe,,,,
2020-03-09,14:48:00,COM VÍTIMA,FINALIZADA,BOA VISTA,AV CONDE DA BOA VISTA,4,1370,RUA GONCALVES MAIA,EM FRENTE AO POSTO BR/ SENTIDO AGAMENON,,,,BOA VISTA,ATROPELAMENTO,ATROPELAMENTO COM VÍTIMA,1,,,,1,,,,,1,,299,SUBURBIO,Longo da via,Bom,Sem defeito,Perfeito estado,Seca,Perfeito estado,Faixa de pedestre,Outras,,Dupla,Canteiro central,,,,
2020-03-09,18:35:00,COM VÍTIMA,FINALIZADA,IPSEP,RUA JEAN EMILE FAVRE,3,539,,PROX A FACULDADE BOA VIAGEM,,,,IPSEP,ABALROAMENTO LONGITUDINAL,COLISAO COM VITIMAS,1,1,,,,,,,,1,,,CIDADE,Longo da via,Bom,Não existe,Perfeito estado,Seca,Perfeito estado,Não existe,Outras,,Dupla,Faixa contínua,Faixa seccionada,,,
2020-03-09,20:01:00,COM VÍTIMA,FINALIZADA,DOIS UNIDOS,AV HILDEBRANDO DE VASCONCELOS,4,1017,,E/F A FABRICA DA MINEVA,,,,DOIS UNIDOS,ABALROAMENTO LONGITUDINAL,COLISAO COM VITIMAS,,2,,,,,,,,3,,,SUBURBIO,Longo da via,Bom,Não existe,Perfeito estado,Seca,,Não existe,Outras,,Dupla,Não existe,,,,
2020-03-09,20:04:00,COM VÍTIMA,FINALIZADA,TORRE,RUA JOAO TUDE DE MELO,0,,,SOBRE A PONTE DA TORRE SENTIDO DE CASA AMARELA,,,,TORRE,COLISÃO TRASEIRA,MOTO X AUTO   OBS: VT DA CTTU 13 ESTA NO LOCAL,1,1,,,,,,,,1,,,SUBURBIO,Viaduto,Bom,Não existe,Não existente,Seca,Perfeito estado,,Não há placas,,Dupla,Canteiro central,,,,