data,hora,natureza_acidente,situacao,bairro,endereco,,numero,detalhe_endereco_acidente,complemento,endereco_cruzamento,numero_cruzamento,referencia_cruzamento,bairro_cruzamento,tipo,descricao,auto,moto,ciclom,ciclista,pedestre,onibus,caminhao,viatura,outros,vitimas,vitimasfatais,num_semaforo,sentido_via,acidente_verificado,tempo_clima,situacao_semaforo,sinalizacao,condicao_via,conservacao_via,ponto_controle,situacao_placa,velocidade_max_via,mao_direcao,divisao_via1,divisao_via2,divisao_via3,_id,Protocolo
2020-03-10,06:49:00,COM VÍTIMA,FINALIZADA,PINA,AV HERCULANO BANDEIRA,0,,,,,,,PINA,COLISÃO TRASEIRA,COLISÃO ENTRE AOUTO E MOTO COM 1 VÍTIMA,1,1,,,,,,,,1,,657,SUBURBIO,Longo da via,Bom,Sem defeito,Perfeito estado,Seca,Perfeito estado,Faixa de pedestre,Outras,,Única,Faixa contínua,,,,
2020-03-10,06:59:00,COM VÍTIMA,FINALIZADA,CORDEIRO,RUA FRANCISCO CORTEZ,2,50,RUA WALFRIDO DE MEDEIROS,APOS O SUPERMERCADO IDEAL SEGUNDA A ESQ.,,,,CORDEIRO,ABALROAMENTO TRANSVERSAL,MOTO E AUTO C/V,1,1,,,,,,,,1,,,,Cruzamento,Bom,Não existe,,Seca,,Não existe,Não há placas,,Dupla,Não existe,,,,
2020-03-10,07:51:00,COM VÍTIMA,FINALIZADA,CAMPO GRANDE,EST DE BELEM,3,848,RUA PRUDENTE DE MORAES,CLINICA CENTRAL,,,,CAMPO GRANDE,ATROPELAMENTO,COM VITIMAS,1,,,,1,,,,,1,,94,SUBURBIO,Cruzamento,Bom,Sem defeito,Perfeito estado,Seca,Perfeito estado,Faixa de pedestre,Outras,,Dupla,Faixa contínua,,,,
2020-03-10,15:05:00,COM VÍTIMA,FINALIZADA,ESPINHEIRO,RUA DO ESPINHEIRO,3,468,AV CONS ROSA E SILVA,HOSPITAL DO SERVIDOR,,,,ESPINHEIRO,ATROPELAMENTO,COLISAO COM VITIMA ENTRE MOTO E PEDESTRE. VT 13,,1,,,1,,,,,1,,,,Esquina,Bom,Não existe,Perfeito estado,Seca,Perfeito estado,Não existe,,,Única,Faixa seccionada,,,,
2020-03-10,15:28:00,COM VÍTIMA,FINALIZADA,AGUA FRIA,RUA ALEGRE,0,,RUA ZEFERINO AGRA,COLEGIO ALFREDO FREIRE,,,,ÁGUA FRIA,ABALROAMENTO TRANSVERSAL,COLISAO COM VITIMA ENTRE MOTO E VEICULO,1,1,,,,,,,,1,,431,SUBURBIO,Cruzamento,Bom,Sem defeito,Perfeito estado,Seca,Perfeito estado,Faixa de pedestre,Placas Pare,40 km/h,Única,Não existe,,,,
2020-03-10,15:31:00,COM VÍTIMA,FINALIZADA,MADALENA,AV JOSE GONCALVES DE MEDEIROS,3,138,RUA COMENDADOR BENTO AGUIAR,PROXIMO A PAGUE MENOS,,,,MADALENA,ABALROAMENTO LONGITUDINAL,COLISÃO COM VÍTIMA,1,1,,,,,,,,1,,,SUBURBIO,Cruzamento,Bom,Não existe,Perfeito estado,Seca,Perfeito estado,Não existe,Não há placas,,Dupla,Faixa contínua,,,,
2020-03-10,16:16:00,COM VÍTIMA,FINALIZADA,ILHA DO LEITE,AV GOVERNADOR AGAMENON MAGALHAES,3,550,RUA PAISSANDU,HOSPITAL PORTUGUES,,,,ILHA DO LEITE,ABALROAMENTO TRANSVERSAL,COLISAO COM VITIMA ENTRE AMBULANCIA E MOTO. GCM: MILE E JACSON ROBERTO. RESERVA 02,,1,,,,,1,,,1,,69,SUBURBIO,Cruzamento,Bom,Sem defeito,Perfeito estado,Seca,Perfeito estado,Faixa de pedestre,Outras,,Única,Canteiro central,,,,
2020-03-10,17:32:00,COM VÍTIMA,FINALIZADA,CAXANGA,AV CAXANGA,3,893,,E/F A ESTAÇAO ZUMBI,,,,CAXANGÁ,COLISÃO COM CICLISTA,COLISAO DE MOTO COM CICLISTA,,1,,1,,,,,,1,,,SUBURBIO,Longo da via,Bom,Sem defeito,Perfeito estado,Seca,Perfeito estado,Faixa de pedestre,Outras,,Única,Faixa seccionada,,,,
2020-03-10,18:55:00,COM VÍTIMA,FINALIZADA,JORDAO,AV MARIA IRENE,0,,,E/F AO POSTO IPIRANGA E NA FEIRA DO JORDÃO- SNT AEROPORTO,,,,JORDÃO,ABALROAMENTO LONGITUDINAL,ENTRE MOTO E AUTO. C/V,1,1,,,,,,,,1,,,SUBURBIO,Longo da via,Bom,Não existe,Ilegível,Seca,Mal iluminada,Não existe,Não há placas,,Dupla,Faixa contínua,,,,
2020-03-10,19:54:00,COM VÍTIMA,FINALIZADA,MADALENA,AV JOSE GONCALVES DE MEDEIROS,2,84,RUA SENADOR FABIO DE BARROS,ENF. AO EXTRA,,,,MADALENA,ATROPELAMENTO,MOTO X PEDESTRE,,1,,,1,,,,,2,,,SUBURBIO,Longo da via,Bom,Não existe,,Seca,Perfeito estado,Não existe,,,Dupla,Faixa contínua,,,,
2020-03-11,10:00:00,COM VÍTIMA,FINALIZADA,TORRE,RUA CONS THEODORO,2,25,RUA DIOGO ALVARES,EM FRENTE A PRAÇA DA TORRE,,,,TORRE,ABALROAMENTO TRANSVERSAL,AUTO E MOTO C/V,1,1,,,,,,,,1,,,,Esquina,Chuvoso,Não existe,Incompleta,Molhada,Perfeito estado,Não existe,Placas Pare,,Dupla,Não existe,,,,
2020-03-11,10:55:00,COM VÍTIMA,FINALIZADA,BONGI,RUA SANTA EDWIRGES,0,,RUA PADRE TEOFILO TWORZ,EM FRENTE A FACULDADE NOVA ROMA SENT. CIDADE,,,,BONGI,ABALROAMENTO TRANSVERSAL,ONIBUS E MOTO C/V,,1,,,,1,,,,1,,,CIDADE,Cruzamento,Bom,Não existe,Perfeito estado,Seca,Perfeito estado,Faixa de pedestre,Placas Pare,,Única,Não existe,,,,
2020-03-11,11:26:00,COM VÍTIMA,FINALIZADA,CASA AMARELA,EST DO ARRAIAL,4,3407,RUA BENTO LOYOLA,PROX AO SITIO DA TRINDADE,,,,CASA AMARELA,ABALROAMENTO TRANSVERSAL,MOTO E CAMINHAO VT 11 NO QTH,,1,,,,,1,,,1,,,SUBURBIO,Esquina,Bom,Não existe,Ilegível,Seca,Perfeito estado,Faixa de retenção,Placas Pare,,Única,Faixa seccionada,,,,
2020-03-11,11:35:00,COM VÍTIMA,FINALIZADA,IMBIRIBEIRA,AV MARECHAL MASCARENHAS DE MORAES,4,4900,,EM  FRENTE A PARVI LOCADORA,,,,IMBIRIBEIRA,COLISÃO TRASEIRA,COLISÃO COM VITIMA A ESPERA DO SAMU,1,1,,,,,,,,1,,531,SUBURBIO,Longo da via,Bom,Sem defeito,Perfeito estado,Seca,Perfeito estado,Faixa de pedestre,,60 km/h,Dupla,Faixa contínua,Faixa seccionada,Canteiro central,,
2020-03-11,12:24:00,COM VÍTIMA,FINALIZADA,TORROES,AV ENGENHEIRO ABDIAS DE CARVALHO,0,,,E/F AO POSTO BR S/T CURADO,,,,TORRÕES,ABALROAMENTO LONGITUDINAL,COLISAO ENTRE DUAS MOTO COM UMA VITIMA,,2,,,,,,,,1,,,SUBURBIO,Longo da via,Bom,Sem defeito,Perfeito estado,Seca,Perfeito estado,Não existe,Não há placas,60 km/h,Dupla,Canteiro central,,,,
2020-03-11,22:28:00,COM VÍTIMA,FINALIZADA,CORDEIRO,AV ENGENHEIRO ABDIAS DE CARVALHO,0,,,LADO OPOSTO DO ESPETINHO LEGAL PRIME - SNT CID / SEMÁFORO 422,,,,CORDEIRO,COLISÃO COM CICLISTA,ENTRE MOTO DO BPTRAN E CICLISTA. C/V],,1,,1,,,,,,1,,422,CIDADE,Longo da via,Bom,Sem defeito,Perfeito estado,Seca,Perfeito estado,Faixa de pedestre,Outras,,Dupla,Faixa seccionada,,,,
2020-03-11,23:38:00,COM VÍTIMA,FINALIZADA,ILHA JOANA BEZERRA,RUA IMPERIAL,0,,RUA LOURENCO DA SILVA,APÓS O HOTEL CRISTAL,,,,JOANA BEZERRA,ABALROAMENTO TRANSVERSAL,ENTRE ÔNIBUS E MOTO. C/V,,1,,,,1,,,,1,,,SUBURBIO,Cruzamento,Bom,Não existe,Perfeito estado,Seca,Perfeito estado,Não existe,Não há placas,,Única,Faixa seccionada,,,,
2020-03-12,11:41:00,COM VÍTIMA,FINALIZADA,BOA VIAGEM,RUA BALTAZAR PASSOS,0,,RUA JOSE HIPOLITO CARDOSO,EM FRENTE A SAO BRAS,,,,BOA VIAGEM,ABALROAMENTO TRANSVERSAL,MOTO E AUTO,1,1,,,,,,,,1,,,CIDADE,Cruzamento,Chuvoso,Não existe,Perfeito estado,Molhada,Perfeito estado,Não existe,Placas Pare,30 km/h,Dupla,Não existe,,,,
2020-03-12,12:45:00,COM VÍTIMA,FINALIZADA,AFOGADOS,RUA COSME VIANA,3,550,,E/F A CEMAUTO SERVIÇOS AUTOMOTIVOS PROX AO EROS HOTEL,,,,AFOGADOS,ATROPELAMENTO,ONIBUS ATROPELOU UM PEDESTRE,,,,,1,1,,,,1,,,SUBURBIO,Longo da via,Bom,Não existe,Perfeito estado,Seca,Perfeito estado,,Outras,,Única,,,,,
2020-03-12,17:22:00,COM VÍTIMA,FINALIZADA,CASA FORTE,AV DEZESSETE DE AGOSTO,4,2184,,LADO OPOSTO A FUNDAÇÃO JOAQUIM NABUCO,,,,CASA FORTE,CHOQUE VEÍCULO PARADO,UM DOS VEÍCULOS SE EVADIU DO LOCAL,,1,,,,,,,,1,,,SUBURBIO,Longo da via,Bom,Não existe,Perfeito estado,Seca,Perfeito estado,Faixa de pedestre,R-6a,,Dupla,Faixa seccionada,,,,
2020-03-12,17:25:00,COM VÍTIMA,FINALIZADA,JAQUEIRA,RUA RICARDO HARDMAN,2,68,,PROX AO PONTO DO AÇAI,,,,JAQUEIRA,ABALROAMENTO TRANSVERSAL,COLISAO COM VITIMAS,1,1,,,,,,,,1,,,SUBURBIO,Longo da via,Bom,Não existe,Perfeito estado,Seca,Perfeito estado,Não existe,Outras,30 km/h,Dupla,Faixa seccionada,,,,
2020-03-12,19:44:00,COM VÍTIMA,FINALIZADA,CASA AMARELA,AV NORTE,0,,PRC DO TRABALHO,ENF. A UPINHA,,,,CASA AMARELA,ABALROAMENTO TRANSVERSAL,,,2,,,,,,,,2,,,CIDADE,Longo da via,Bom,Não existe,Perfeito estado,Seca,Perfeito estado,Faixa de pedestre,R-6a,60 km/h,Dupla,Canteiro central,,,,
2020-03-12,21:59:00,COM VÍTIMA,FINALIZADA,BOA VIAGEM,RUA FRANCISCO DA CUNHA,3,881,RUA TENENTE JOAO CICERO,AO LADO DO RESTAURANTE MANHATTAN CAFÉ TEATRO,,,,BOA VIAGEM,ABALROAMENTO TRANSVERSAL,ENTRE 2 AUTOS. C/V UM DOS VEÍCULOS CAPOTOU NO LOCAL,2,,,,,,,,,1,,,SUBURBIO,Cruzamento,Bom,Não existe,Incompleta,Seca,Perfeito estado,Faixa de retenção,Placas Pare,,Única,Não existe,,,,
2020-03-13,07:02:00,COM VÍTIMA,FINALIZADA,ESPINHEIRO,RUA QUARENTA E OITO,3,443,,PROX A PADARIA DO ESPINHEIRO,,,,ESPINHEIRO,ABALROAMENTO TRANSVERSAL,COLISÃO COM VITIMA GM RODRIGO DIAS QTH,1,1,,,,,,,,1,,,CIDADE,Longo da via,Bom,Não existe,Perfeito estado,Seca,Perfeito estado,Não existe,Outras,40 km/h,Única,Não existe,,,,
2020-03-13,08:36:00,COM VÍTIMA,FINALIZADA,JIQUIA,RUA SAO MIGUEL,0,,,EM FRENTE AO BODE,,,,JIQUIÁ,ABALROAMENTO LONGITUDINAL,AUTO E MOTO /  VT 10 NO QTH,1,1,,,,,,,,1,,392,,Longo da via,Bom,Sem defeito,Perfeito estado,Seca,Perfeito estado,Faixa de pedestre,Outras,60 km/h,Dupla,Faixa contínua,,,,
2020-03-13,08:46:00,COM VÍTIMA,FINALIZADA,BONGI,RUA ISAAC MARKMAN,0,,,EM FRENTE A SECRETARIA DA SAUDE,,,,BONGI,ABALROAMENTO TRANSVERSAL,COLISÃO COM VITIMA  SOCORRIDO PELO SAMU,1,1,,,,,,,,1,,,,Cruzamento,Bom,Não existe,Perfeito estado,Seca,Perfeito estado,Não existe,R-3,30 km/h,Dupla,,,,,
2020-03-13,13:59:00,COM VÍTIMA,FINALIZADA,BARRO,AV DR JOSE RUFINO,0,,,E/F AO POSTO BR E AO QUARTEL DO EXERCITO 4 BCOM S/T TEJIPIO,,,,BARRO,ABALROAMENTO LONGITUDINAL,COLISAOENTRE DUAS MOTOS COM UMA VITIMA,,2,,,,,,,,2,,,SUBURBIO,Longo da via,Bom,Não existe,Perfeito estado,Seca,Perfeito estado,Não existe,Não há placas,60 km/h,Dupla,Faixa contínua,,,,
2020-03-13,14:27:00,COM VÍTIMA,FINALIZADA,BONGI,AV ENGENHEIRO ABDIAS DE CARVALHO,3,480,,E/F AO HABIB´S,,,,BONGI,ABALROAMENTO LONGITUDINAL,COLISAO ENTRE AUTO E MOTO COM UMA VITIMA GM WILIAN DE PO NO LOCAL,1,1,,,,,,,,1,,,SUBURBIO,Longo da via,Bom,,Perfeito estado,Seca,Perfeito estado,,,60 km/h,Dupla,Canteiro central,,,,
2020-03-13,14:41:00,COM VÍTIMA,FINALIZADA,DERBY,RUA DOM BOSCO,4,1329,AV GOVERNADOR AGAMENON MAGALHAES,FARMACIA DROGASIL,,,,DERBY,ATROPELAMENTO,ATROPELAMENTO COM VITIMA ENTRE ONIBUS E MOTO. PONTO FIXO: RUAN,,1,,,1,1,,,,1,,,SUBURBIO,,Bom,Sem defeito,Perfeito estado,Seca,Perfeito estado,Agente,,,Única,Faixa,,,,
2020-03-13,16:46:00,COM VÍTIMA,FINALIZADA,IBURA,RUA RIO XINGU,4,1515,AV DOIS RIOS,AO LADO DA AUTO ESCOLA PILOTO,,,,IBURA,ABALROAMENTO LONGITUDINAL,COLISÃO C/VITIMAS ENTRE UMA CARRETA E UMA MOTO,,1,,,,,1,,,1,,351,SUBURBIO,Cruzamento,Bom,Sem defeito,Perfeito estado,Seca,Perfeito estado,Não existe,Outras,,Dupla,Faixa contínua,,,,
2020-03-13,18:53:00,COM VÍTIMA,FINALIZADA,ESPINHEIRO,RUA QUARENTA E OITO,3,395,RUA DO ESPINHEIRO,E/F A PADARIA ESPINHEIRO,,,,ESPINHEIRO,ABALROAMENTO LONGITUDINAL,COLISAO SEM VITIMAS,1,1,,,,,,,,1,,,,Cruzamento,Bom,Sem defeito,Perfeito estado,Seca,Perfeito estado,,Outras,,Única,Faixa seccionada,,,,
2020-03-13,21:05:00,COM VÍTIMA,FINALIZADA,BOA VIAGEM,1BE DONA BENVINDA DE FARIAS,3,435,,E/F AO RESTAURATE UDON,,,,BOA VIAGEM,ABALROAMENTO TRANSVERSAL,COLISAO COM VITIMAS,2,,,,,,,,,1,,,SUBURBIO,Longo da via,Bom,Não existe,Perfeito estado,Seca,Perfeito estado,Não existe,Não há placas,,Única,Não existe,,,,
2020-03-14,08:35:00,COM VÍTIMA,FINALIZADA,TAMARINEIRA,EST VELHA DE AGUA FRIA,3,571,AV NORTE,E/F ATALANTA COLCHÕES ORTOBOM,,,,TAMARINEIRA,CHOQUE OBJETO FIXO,CHOQUE COM PRISMAS DE CONCRETO - DELTA I.C.,1,,,,,,,,,1,,,SUBURBIO,Longo da via,Bom,Não existe,Perfeito estado,Seca,Perfeito estado,Não existe,R-6a,,Dupla,Faixa seccionada,,,,
2020-03-15,13:16:00,COM VÍTIMA,FINALIZADA,IPUTINGA,AV MAURICIO DE NASSAU,3,501,,EM FRENTE AO PARQUE CAIARA,,,,IPUTINGA,ABALROAMENTO TRANSVERSAL,COLISAO COM VITIMA ENTRE VEICULO E MOTO,1,1,,,,,,,,1,,,CIDADE,Longo da via,Bom,Sem defeito,Perfeito estado,Seca,Perfeito estado,Faixa de pedestre,R-19,40 km/h,Dupla,Faixa contínua,,,,
2020-03-15,23:31:00,COM VÍTIMA,FINALIZADA,BOA VIAGEM,RUA ERNESTO DE PAULA SANTOS,3,398,,ENF. A FARMACIA INDEPENDENTE E DROGASIL // SENTIDO ORLA,,,,BOA VIAGEM,ABALROAMENTO TRANSVERSAL,HB 20 X MOTO,1,1,,,,,,,,2,,271,SUBURBIO,Longo da via,Chuvoso,,Perfeito estado,Molhada,Perfeito estado,Não existe,Não há placas,,Única,Faixa seccionada,,,,
2020-03-16,08:01:00,COM VÍTIMA,FINALIZADA,ROSARINHO,AV SANTOS DUMONT,4,1011,,EM FRENTE A  FARMACIA BONGI,,,,ROSARINHO,ABALROAMENTO TRANSVERSAL,COLISÃO COM VITIMA VT 13 GM JARBAS OLIVEIRA QTH,1,1,,,,,,,,1,,,,Esquina,Chuvoso,Não existe,Perfeito estado,Seca,Perfeito estado,Não existe,Outras,,Única,Faixa seccionada,,,,
2020-03-16,08:08:00,COM VÍTIMA,FINALIZADA,DERBY,AV GOVERNADOR AGAMENON MAGALHAES,0,,,LADO OPOSTO AO HOSPITAL DA RESTAURAÇÃO,,,,DERBY,ATROPELAMENTO,,,1,,,1,,,,,1,,,OLINDA,Longo da via,Chuvoso,Sem defeito,Perfeito estado,Molhada,Perfeito estado,Agente,Outras,60 km/h,Dupla,Canteiro central,,,,
2020-03-16,09:00:00,COM VÍTIMA,FINALIZADA,TAMARINEIRA,EST VELHA DE AGUA FRIA,0,,,EM FRENTE AO DNOCS,,,,TAMARINEIRA,COLISÃO TRASEIRA,COLISÃO ENTRE UM AUTO E MOTO,1,1,,,,,,,,1,,306,,Longo da via,Chuvoso,Sem defeito,Perfeito estado,Seca,Perfeito estado,,R-6a,,Dupla,Faixa contínua,Faixa seccionada,,,
2020-03-16,12:07:00,COM VÍTIMA,FINALIZADA,BOA VIAGEM,TRV DR PEDRO DE MELO CAHU,3,201,RUA PROFESSOR JOSE BRANDAO,NA RUA POR TRAS DO COLEGIO BOA VIAGEM,,,,BOA VIAGEM,ABALROAMENTO TRANSVERSAL,COLISAO ENTRE AUTO E MOTO S/V,1,1,,,,,,,,1,,,,Cruzamento,Bom,Não existe,Incompleta,Seca,Perfeito estado,Não existe,Não há placas,,Dupla,Faixa seccionada,,,,
2020-03-16,12:38:00,COM VÍTIMA,FINALIZADA,MADALENA,AV CAXANGA,0,,,E/F AO COMPAZ S/T CID,,,,MADALENA,COLISÃO COM CICLISTA,COLISAO ENTRE ONIBUS E CICLISTA COM UMA VITIMA,,,,1,,1,,,,1,,439,CIDADE,Longo da via,Chuvoso,Sem defeito,Perfeito estado,Molhada,Perfeito estado,Faixa de pedestre,Outras,,Dupla,Faixa contínua,,,,
2020-03-16,12:51:00,COM VÍTIMA,FINALIZADA,IMBIRIBEIRA,AV SUL,3,268,RUA JOAQUIM BANDEIRA,E/F AO PONTILHAO DO METRO,,,,IMBIRIBEIRA,ABALROAMENTO TRANSVERSAL,,,1,,,,,,,,1,,,CIDADE,Cruzamento,Bom,Não existe,Perfeito estado,Seca,Perfeito estado,Não existe,Placas Pare,,Única,Faixa contínua,Faixa seccionada,,,
2020-03-16,13:03:00,COM VÍTIMA,FINALIZADA,BOA VIAGEM,AV ENGENHEIRO DOMINGOS FERREIRA,0,,,EM FRENTE AO WALMART,,,,BOA VIAGEM,ATROPELAMENTO,ATROPELAMENTO COM VÍTIMA,,1,,,1,,,,,1,,303,SUBURBIO,Cruzamento,Bom,Sem defeito,Perfeito estado,Seca,Perfeito estado,,Não há placas,,Única,Faixa contínua,Canteiro central,,,
2020-03-16,14:04:00,COM VÍTIMA,FINALIZADA,PARNAMIRIM,AV DEZESSETE DE AGOSTO,3,209,,AO LADO DA CULTURA INGLESA,,,,PARNAMIRIM,COLISÃO TRASEIRA,COLISAO ENTRE AUTO E MOTO COM UMA VITIMA,1,1,,,,,,,,1,,411,,Longo da via,Bom,Sem defeito,Perfeito estado,Seca,Perfeito estado,Faixa de retenção,Outras,,Dupla,Faixa contínua,,,,
2020-03-21,11:30:00,COM VÍTIMA,FINALIZADA,CASA AMARELA,AV NORTE,0,,,E/F AO CONSELHO TUTELAR. EF RETÍFICA PADRÃO,,,,CASA AMARELA,ABALROAMENTO LONGITUDINAL,COLISAO COM VITIMA,1,1,,,,,,,,1,,,CIDADE,Longo da via,Bom,Não existe,Perfeito estado,Seca,Perfeito estado,Não existe,R-6a,,Dupla,Canteiro central,,,,
2020-03-21,19:55:00,COM VÍTIMA,FINALIZADA,CORDEIRO,AV GENERAL SAN MARTIN,0,,AV ENGENHEIRO ABDIAS DE CARVALHO,PROX AO COMPAZ // GETULIO VARGAS,,,,CORDEIRO,ABALROAMENTO TRANSVERSAL,AUTO X MOTO,1,1,,,,,,,,1,,,CIDADE,Cruzamento,Bom,Sem defeito,Perfeito estado,Seca,Perfeito estado,Faixa de pedestre,R-6a,60 km/h,Dupla,,,,,
2020-03-21,23:49:00,COM VÍTIMA,FINALIZADA,CAMPO GRANDE,EST DE BELEM,4,1201,RUA ODORICO MENDES,ENF . ESCOLA JESUS CRUCIFICADO,,,,CAMPO GRANDE,ABALROAMENTO TRANSVERSAL,ONIBUS X MOTO   OBS : NAO DA PARA VER A PLACA DA MOTO DEVIDO A MESMA ESTA POR BAIXO DO ONIBUS,,1,,,,1,,,,1,,26,CIDADE,Longo da via,Bom,Sem defeito,Perfeito estado,Seca,Perfeito estado,Faixa de retenção,Não há placas,,Dupla,Faixa contínua,,,,
2020-03-22,10:30:00,COM VÍTIMA,FINALIZADA,JARDIM SAO PAULO,AV SAO PAULO,3,685,RUA LEANDRO BARRETO,EM FRENTE A PANIFICADORA SABORES DA PRAÇA,,,,JARDIM SÃO PAULO,COLISÃO FRONTAL,COM UMA VITIMA SENDO ATENDIDA PELOS BOMBEIROS,1,1,,,,,,,,1,,507,SUBURBIO,Longo da via,Bom,Sem defeito,Perfeito estado,Seca,Perfeito estado,Faixa de retenção,R-6a,,Dupla,Não existe,,,,
2020-03-23,14:48:00,COM VÍTIMA,FINALIZADA,BOA VIAGEM,RUA BALTAZAR PASSOS,3,440,RUA SA E SOUZA,EM FRENTE A CULTURA INGLESA,,,,BOA VIAGEM,CHOQUE OBJETO FIXO,COLISÃO COM VÍTIMA / UM DOS VEÍCULOS SE EVADIU DO LOCAL E O VEÍCULO QUE FICOU NO LOCAL SE CHOCOU COM UMA ARVORE,1,,,,,,,,,2,,,,Cruzamento,Bom,Não existe,Perfeito estado,Seca,Perfeito estado,Não existe,Não há placas,,Única,Não existe,,,,
2020-03-23,17:49:00,COM VÍTIMA,FINALIZADA,CAMPO GRANDE,EST DE BELEM,3,415,RUA VINTE E QUATRO DE JUNHO,,,,,CAMPO GRANDE,ABALROAMENTO TRANSVERSAL,,1,1,,,,,,,,1,,,CIDADE,Esquina,Bom,Não existe,Perfeito estado,Seca,Perfeito estado,Não existe,R-6a,,Dupla,Faixa contínua,Faixa seccionada,,,
2020-03-23,20:22:00,COM VÍTIMA,FINALIZADA,BOA VIAGEM,RUA DEZ DE JULHO,3,210,RUA CAMBOIM,NA SAÍDA DA ESTAÇÃO AEROPORTO,,,,BOA VIAGEM,ABALROAMENTO TRANSVERSAL,ENTRE ÕNIBUS E MOTO. C/V,,1,,,,1,,,,1,,,SUBURBIO,Cruzamento,Bom,Não existe,Perfeito estado,Seca,Perfeito estado,Não existe,Placas Pare,,Única,Faixa seccionada,,,,
2020-03-24,01:02:00,COM VÍTIMA,FINALIZADA,SANTO AMARO,AV DR JAYME DA FONTE,0,,AV GOVERNADOR AGAMENON MAGALHAES,PROX A CENTRAL DE FLAGRANTES,,,,SANTO AMARO,ABALROAMENTO TRANSVERSAL,COLISAO COM VITIMA AUTO E MOTO,1,1,,,,,,,,1,,49,OLINDA,Cruzamento,Bom,Sem defeito,Perfeito estado,Seca,Perfeito estado,Faixa de pedestre,R-26,60 km/h,Dupla,Faixa contínua,,,,
2020-03-24,17:14:00,COM VÍTIMA,FINALIZADA,TORROES,RUA ONZE DE FEVEREIRO,0,,EST DO FORTE DO ARRAIAL N. DO B. JESUS,EM FRENTE A LAVANDERIA,,,,TORRÕES,ABALROAMENTO TRANSVERSAL,C VITIMAS,1,1,,,,,,,,1,,,SUBURBIO,Cruzamento,Bom,Não existe,Ilegível,Seca,Perfeito estado,Não existe,Placas Pare,,Dupla,Faixa contínua,,,,
2020-03-25,13:57:00,COM VÍTIMA,FINALIZADA,BOA VIAGEM,AV CONSELHEIRO AGUIAR,0,,RUA FELIX DE BRITO E MELO,NO SEMAFORO 546,,,,BOA VIAGEM,ABALROAMENTO LONGITUDINAL,COLISA ENTRE AUTO E MOTO COM UMA VITIMA,1,1,,,,,,,,1,,546,CIDADE,Cruzamento,Bom,Sem defeito,Perfeito estado,Seca,Perfeito estado,Faixa de pedestre,R-6a,60 km/h,Única,Faixa seccionada,,,,
2020-03-26,07:16:00,COM VÍTIMA,FINALIZADA,BEBERIBE,AV BEBERIBE,4,3710,RUA DALVA DE OLIVEIRA,EM FRENTE A PADARIA PAM RAINHA,,,,BEBERIBE,ABALROAMENTO TRANSVERSAL,DUAS MOTOS E UM AUTO PASSEIO,1,2,,,,,,,,1,,,,Cruzamento,Bom,Sem defeito,Perfeito estado,Seca,Perfeito estado,Faixa de pedestre,Outras,60 km/h,Dupla,Faixa contínua,,,,
2020-03-26,12:11:00,COM VÍTIMA,FINALIZADA,IBURA,AV DOIS RIOS,0,,,SOB O VIADUTO DA BR 101,,,,IBURA,ATROPELAMENTO,AUTO X PEDESTRE,1,,,,1,,,,,1,,,SUBURBIO,Longo da via,Bom,Não existe,Perfeito estado,Seca,Perfeito estado,Não existe,Não há placas,,Dupla,Faixa contínua,,,,
2020-03-26,15:01:00,COM VÍTIMA,FINALIZADA,DOIS IRMAOS,RUA MANUEL DE MEDEIROS,3,S/N,,E/F A ENTRADA DE ACESSO AO HOSPITAL VETERINÁRIO UFRPE (SENT. MACAXEIRA),,,,DOIS IRMÃOS,ATROPELAMENTO,ONIBUS X PEDESTRE,,,,,1,1,,,,1,,,CIDADE,Longo da via,Bom,Não existe,Incompleta,Seca,Perfeito estado,Não existe,R-6a,30 km/h,Dupla,Faixa seccionada,,,,