data,hora,natureza_acidente,situacao,bairro,endereco,,numero,detalhe_endereco_acidente,complemento,endereco_cruzamento,numero_cruzamento,referencia_cruzamento,bairro_cruzamento,tipo,descricao,auto,moto,ciclom,ciclista,pedestre,onibus,caminhao,viatura,outros,vitimas,vitimasfatais,num_semaforo,sentido_via,acidente_verificado,tempo_clima,situacao_semaforo,sinalizacao,condicao_via,conservacao_via,ponto_controle,situacao_placa,velocidade_max_via,mao_direcao,divisao_via1,divisao_via2,divisao_via3,_id,Protocolo
2020-03-26,17:33:00,COM VÍTIMA,FINALIZADA,CAMPO GRANDE,AV PROFESSOR JOSE DOS ANJOS,2,36,,CANAL DO ARRUDA,,,,CAMPO GRANDE,ATROPELAMENTO,ATOPELAMENTO/ C VITIMA,1,,,,1,,,,,1,,,,,,,,,,,,,,,,,,
2020-03-26,20:29:00,COM VÍTIMA,FINALIZADA,CORDEIRO,AV MAURICIO DE NASSAU,0,,,POR TRÁS DO PARQUE DE EXPOSIÇAO DO CORDEIRO- PROX DO GOE,,,,CORDEIRO,COLISÃO TRASEIRA,COLISÃO ENTRE DOIS AUTOS C/V,2,,,,,,,,,1,,,,Longo da via,Bom,Não existe,Ilegível,Seca,Mal iluminada,Não existe,Não há placas,,Dupla,Faixa contínua,,,,
2020-03-27,09:21:00,COM VÍTIMA,FINALIZADA,TORREAO,VDO PRESIDENTE MEDICI,0,,,EM CIMA DO VIADUTO,,,,TORREÃO,COLISÃO TRASEIRA,COLISAO COM VITIMAS,1,1,,,,,,,,1,,,,Viaduto,Bom,Não existe,Perfeito estado,Seca,Perfeito estado,Não existe,Não há placas,,Dupla,Canteiro central,,,,
2020-03-27,15:10:00,COM VÍTIMA,FINALIZADA,ARRUDA,RUA JOSE DE BARROS BEZERRA,2,87,,EM FRENTE AO EDIFICIO FORTE DE SANTANA,,,,ARRUDA,ABALROAMENTO TRANSVERSAL,COLISÃO COM VÍTIMA,1,1,,,,,,,,1,,,CIDADE,Longo da via,Bom,Não existe,Perfeito estado,Seca,Perfeito estado,Não existe,Placas Pare,,Dupla,Faixa seccionada,,,,
2020-03-27,20:23:00,COM VÍTIMA,FINALIZADA,AFLITOS,AV CONS ROSA E SILVA,4,1205,RUA TEIXEIRA PINTO,Nº 1205,,,,AFLITOS,COLISÃO TRASEIRA,CITROEN X MOTO,,2,,,,,,,,1,,,SUBURBIO,Longo da via,Chuvoso,Não existe,Perfeito estado,Molhada,Perfeito estado,Não existe,Não há placas,,Única,Faixa seccionada,,,,
2020-03-29,15:58:00,COM VÍTIMA,FINALIZADA,TORRE,AV BEIRA RIO,3,650,,EM FRENTE AO EDIFICIO PASARGADA,,,,TORRE,COLISÃO TRASEIRA,COLISÃO COM VÍTIMA,1,1,,,,,,,,1,,,,Longo da via,Chuvoso,Não existe,Perfeito estado,Molhada,Perfeito estado,Não existe,Não há placas,,Dupla,Faixa seccionada,,,,
2020-03-29,19:30:00,COM VÍTIMA,FINALIZADA,CAMPO GRANDE,AV PROFESSOR JOSE DOS ANJOS,3,500,RUA FARIAS NEVES,POR CIMA DA PONTE QUE FICA ENTRE CAMPO GRANDE E CHÃO DE ESTRELAS,,,,CAMPO GRANDE,CHOQUE OBJETO FIXO,ENTRE MOTO E AUTO PASSEIO. C/V,1,1,,,,,,,,2,,,,Cruzamento,Bom,Não existe,Perfeito estado,Seca,Perfeito estado,Faixa de pedestre,Não há placas,,Dupla,Faixa contínua,Canteiro central,Blocos,,
2020-03-29,21:27:00,COM VÍTIMA,FINALIZADA,GRACAS,RUA CONFEDERACAO DO EQUADOR,0,,,E/F A CASA DOS FRIOS,,,,GRAÇAS,COLISÃO COM CICLISTA,ENTRE AUTO E CICLISTA. C/V,1,,,1,,,,,,1,,,ROSA E SILVA,Longo da via,Bom,Não existe,Perfeito estado,Seca,Perfeito estado,Faixa de pedestre,Não há placas,,Única,Não existe,,,,
2020-03-30,07:44:00,COM VÍTIMA,FINALIZADA,SAO JOSE,RUA DA CONCORDIA,3,351,RUA TOBIAS BARRETO,EM FRENTE A LOJA VENEZA MUSIC,,,,SÃO JOSÉ,ABALROAMENTO TRANSVERSAL,DOIS AUTOS,2,,,,,,,,,1,,,,Cruzamento,Chuvoso,Sem defeito,Perfeito estado,Seca,Perfeito estado,Não existe,Outras,,Única,Não existe,,,,
2020-03-30,08:29:00,COM VÍTIMA,FINALIZADA,MANGABEIRA,EST VELHA DE AGUA FRIA,0,,AV PROFESSOR JOSE DOS ANJOS,AO LADO DO DENOCS,,,,MANGABEIRA,ABALROAMENTO LONGITUDINAL,COM UMA VITIMA- CTTU NO LOCAL VT 09,,2,,,,,,,,1,,306,SUBURBIO,Ponte,Chuvoso,Sem defeito,Perfeito estado,Seca,Mal conservada,Faixa de retenção,Não há placas,,Dupla,Faixa contínua,,,,
2020-03-30,13:18:00,COM VÍTIMA,FINALIZADA,IBURA,AV DOIS RIOS,0,,,SUBIDA DA LADEIRA DA UR-1,,,,IBURA,TOMBAMENTO,ACID. DE PERCURSO C/ VITIMA,,1,,,,,,,,1,,,SUBURBIO,Longo da via,Bom,Sem defeito,Perfeito estado,Oleosa,Perfeito estado,Agente,Não há placas,,Dupla,Faixa contínua,,,,
2020-03-30,14:23:00,COM VÍTIMA,FINALIZADA,JAQUEIRA,RUA DO FUTURO,0,,,EM FRERNTE AO VERDE FRUT,,,,JAQUEIRA,CAPOTAMENTO,CAPOTAMENTO COM VITIMAS,1,,,,,,,,,1,,,,,,,,,,,,,,,,,,
2020-03-30,15:15:00,COM VÍTIMA,FINALIZADA,PINA,RUA JOSE MARIANO FILHO,2,13,,E/F A ULTRA DISTRIBUIDORA,,,,PINA,ABALROAMENTO LONGITUDINAL,COLISÃO C/VITIMA ENTRE UM AUTO E UMA MOTO (MOTOQUEIRO SOB SUSPEITA DE EMBRIAGUEZ),1,1,,,,,,,,1,,,,Longo da via,Bom,Não existe,Não existente,Seca,Perfeito estado,Não existe,Não há placas,,Dupla,Não existe,,,,
2020-03-31,04:24:00,COM VÍTIMA,FINALIZADA,BOA VIAGEM,AV BOA VIAGEM,4,6636,,E/F AO EDF ALEXANDRINA - APÓS O CLUBE DE OFICIAIS DA AERONAUTICA,,,,BOA VIAGEM,CHOQUE VEÍCULO PARADO,CONDUTOR PERDEU O CONTROLE DO VEICULO E CHOCOU-SE CONTRA OUTRO VEICULO ESTACIONADO NO BORDO DA VIA - C/VITIMA SOCORRIDA PELO CBPM,2,,,,,,,,,1,,,CIDADE,Longo da via,Chuvoso,,Perfeito estado,Molhada,Perfeito estado,Não existe,R-6b,60 km/h,Única,Faixa seccionada,,,,
2020-03-31,16:00:00,COM VÍTIMA,FINALIZADA,GRACAS,RUA DR BANDEIRA FILHO,2,66,,AO LADO DA MCDONALDS,,,,GRAÇAS,ATROPELAMENTO,COM VÍTIMA/ RODA SE SOLTOU DO VEÍCULO E BATEU EM UM PEDESTRE,1,,,,1,,,,,1,,,SUBURBIO,Longo da via,Bom,Não existe,Não existente,Seca,Perfeito estado,Não existe,Não há placas,,Única,Faixa contínua,Faixa seccionada,,,
2020-03-31,16:36:00,COM VÍTIMA,FINALIZADA,TORROES,EST DO FORTE DO ARRAIAL N. DO B. JESUS,3,880,TRV DO FORTE,EM FRENTE AO EDIFICIO FORTE DO ARRAIAL,,,,TORRÕES,ABALROAMENTO LONGITUDINAL,COLISÃO COM VÍTIMA,1,1,,,,,,,,1,,,CIDADE,Esquina,Bom,Não existe,Perfeito estado,Seca,Perfeito estado,Outros,R-34,40 km/h,Dupla,Faixa contínua,,,,
2020-03-31,17:41:00,COM VÍTIMA,FINALIZADA,IMBIRIBEIRA,RUA ALLAN KARDEC,0,,RUA DR TAVARES CORREIA,POR TRAS DO SAM´S,,,,IMBIRIBEIRA,ABALROAMENTO LONGITUDINAL,BATEDOR DA MOTO 32 E 11 NO LOCAL,1,1,,,,,,,,1,,,,Cruzamento,Bom,Não existe,,Seca,Perfeito estado,Outros,Outras,,Dupla,Não existe,,,,
2020-03-31,21:19:00,COM VÍTIMA,FINALIZADA,BOA VISTA,AV CONDE DA BOA VISTA,0,,RUA DO HOSPICIO,SNT CID / SEMÁFORO 023,,,,BOA VISTA,CHOQUE OBJETO FIXO,VT DA PM SE CHOCOU CONTRA O CANTEIRO CENTRAL. C/V,,,,,,,,1,,1,,23,CIDADE,Longo da via,Chuvoso,Sem defeito,Perfeito estado,Molhada,Perfeito estado,Faixa de pedestre,Outras,40 km/h,Dupla,Canteiro central,,,,
2020-04-01,14:25:00,COM VÍTIMA,FINALIZADA,PARNAMIRIM,RUA VIRGINIA LORETO,0,,RUA JOAO TUDE DE MELO,E/F AO POSTO IPIRANGA,,,,PARNAMIRIM,ABALROAMENTO TRANSVERSAL,COLISÃO C/VITIMAS ENTRE UM AUTO E UMA MOTO,1,1,,,,,,,,2,,649,CIDADE,Esquina,Bom,Sem defeito,Perfeito estado,Seca,Perfeito estado,Não existe,Não há placas,40 km/h,Única,Faixa seccionada,,,,
2020-04-01,19:08:00,COM VÍTIMA,FINALIZADA,SANTO AMARO,RUA DR CARLOS CHAGAS,3,112,RUA ALUISIO DE AZEVEDO,EM FRENTE AO COLEGIO ÚNICO- AO LADO DA FARMACIA PAGUE MENOS,,,,SANTO AMARO,ABALROAMENTO LONGITUDINAL,COLISÃO ENTRE AUTO E MOTO C/V,1,1,,,,,,,,1,,649,SUBURBIO,Esquina,Bom,Não existe,Incompleta,Seca,Mal iluminada,Não existe,Não há placas,,Única,Não existe,,,,
2020-04-01,21:51:00,COM VÍTIMA,FINALIZADA,CABANGA,AV SUL,0,,,EM BAIXO DO VIADUTO CAPITÃO TEMUDO- NA FAIXA EXCLUSIVA DE ÔNIBUS. APÓS O SEMÁFORO 211,,,,CABANGA,COLISÃO COM CICLISTA,ÔNIBUS ATROPELOU UMA CRIANÇA. INFORMAÇÕES DO BOLETIM FÍSICO MOSTRAM QUE O ATROPELADO CONDUZIA UMA BICICLETA.,,,,1,,1,,,,1,,211,CIDADE,Longo da via,Bom,Não existe,Não existente,Seca,Perfeito estado,Não existe,Não há placas,,Dupla,Não existe,,,,
2020-04-02,08:34:00,COM VÍTIMA,FINALIZADA,JORDAO,AV MARECHAL MASCARENHAS DE MORAES,0,,,EM FRENTE A ANAC  NO SENTIDO  RECIFE,,,,JORDÃO,COLISÃO TRASEIRA,COLISÃO COM VITIMAS ENTRE DOIS AUTOS.,2,,,,,,,,,2,,626,CIDADE,Longo da via,Chuvoso,Sem defeito,Perfeito estado,Seca,Perfeito estado,Faixa de pedestre,Não há placas,60 km/h,Dupla,Canteiro central,,,,
2020-04-02,09:33:00,COM VÍTIMA,FINALIZADA,ILHA JOANA BEZERRA,AV BEIRA RIO,0,,,AO LADO DO FORUM JOANA BEZERRA NO SENTIDO COELHOS,,,,ILHA JOANA BEZERRA,ABALROAMENTO LONGITUDINAL,AUTO E MOTO.,1,1,,,,,,,,1,,38,SUBURBIO,Longo da via,Bom,Sem defeito,Perfeito estado,Seca,Perfeito estado,Não existe,Não há placas,,Dupla,Faixa contínua,Faixa seccionada,,,
2020-04-02,12:50:00,COM VÍTIMA,FINALIZADA,TORRE,RUA SOUZA BANDEIRA,3,483,RUA MARQUES DE MARICA,NO SEMAFORO 317. AO LADO DO NÚMERO 483.,,,,TORRE,ABALROAMENTO TRANSVERSAL,AUTO E MOTO.,1,1,,,,,,,,1,,317,CIDADE,Cruzamento,Chuvoso,Sem defeito,Perfeito estado,Molhada,Perfeito estado,Faixa de pedestre,R-6a,30 km/h,Dupla,Faixa contínua,Faixa seccionada,,,
2020-04-02,18:52:00,COM VÍTIMA,FINALIZADA,CASA FORTE,AV DEZESSETE DE AGOSTO,4,1161,RUA DO CHACON,PRÓX A PRAÇA DE CASA FORTE E CPOR. DELTA EXPRESSO.,,,,CASA FORTE,ABALROAMENTO LONGITUDINAL,ENTRE MOTO E AUTO. C/V,1,1,,,,,,,,1,,,CIDADE,Longo da via,Bom,Não existe,Perfeito estado,Seca,Perfeito estado,,Não há placas,60 km/h,Dupla,Faixa,,,,
2020-04-03,02:18:00,COM VÍTIMA,FINALIZADA,AGUA FRIA,RUA DA REGENERACAO,3,740,RUA DAS MOCAS,ANTIGA FÁBRICA DA COCA COLA,,,,ÁGUA FRIA,COLISÃO FRONTAL,COLISÃO ENTRE AUTO E CINQUENTINHA . VEÍCULO SE EVADIU E O PROPRIETÁRIO DA MOTOCICLETA FOI SOCORRIDO PELO SAMU.,1,,1,,,,,,,1,,,SUBURBIO,Longo da via,Chuvoso,Não existe,Perfeito estado,Molhada,Perfeito estado,,,,Dupla,Não existe,,,,
2020-04-03,12:50:00,COM VÍTIMA,FINALIZADA,JAQUEIRA,RUA DO FUTURO,0,,,PROXIMO AO PARQUE DA JAQUEIRA EM FRENTE AO VERDE FRUT,,,,JAQUEIRA,COLISÃO COM CICLISTA,COLISAO COM VITIMAS,1,,,1,,,,,,1,,,SUBURBIO,Longo da via,Bom,Não existe,Perfeito estado,Seca,,Não existe,Outras,40 km/h,Única,Não existe,,,,
2020-04-03,13:41:00,COM VÍTIMA,FINALIZADA,MADALENA,AV BEIRA RIO,3,109,,DEPOPIS DA ACADEMIA DA CIDADE. ESQUINA COM PONTE DA TORRE.,,,,MADALENA,ABALROAMENTO TRANSVERSAL,COLISAO COM VITIMAS,1,1,,,,,,,,1,,630,SUBURBIO,Cruzamento,Bom,Sem defeito,Perfeito estado,Seca,Perfeito estado,Não existe,Outras,,Única,Não existe,,,,
2020-04-04,08:28:00,COM VÍTIMA,FINALIZADA,BOA VISTA,RUA JOAO LIRA,0,,RUA DA SAUDADE,PARQUE TREZE DE MAIO,,,,BOA VISTA,ABALROAMENTO TRANSVERSAL,DUAS MOTO E UM ÔNIBUS.,,2,,,,1,,,,1,,308,RUA DO HOSPÍCIO,Cruzamento,Chuvoso,Sem defeito,Perfeito estado,Seca,Perfeito estado,Outros,Outras,,Única,Faixa seccionada,,,,
2020-04-04,13:03:00,COM VÍTIMA,FINALIZADA,IMBIRIBEIRA,PTE DO MOTOCOLOMBO,0,,,AO LADO DO POSTE DE ILUMINAÇÃO BO 16896,,,,IMBIRIBEIRA,ABALROAMENTO LONGITUDINAL,COLISAO ENTRE AUTO E MOTO COM UMA VITIMA,1,1,,,,,,,,1,,,CIDADE,Ponte,Bom,Não existe,Incompleta,Seca,Perfeito estado,Não existe,Outras,60 km/h,Dupla,Canteiro central,,,,
2020-04-14,19:31:00,COM VÍTIMA,FINALIZADA,AREIAS,AV CAPITAO GREGORIO DE CALDAS,0,,AV RECIFE,ENF AO BIG BOMPREÇO // SENTIDO BOA VIAGEM,,,,AREIAS,COLISÃO TRASEIRA,AUTO E MOTO.,1,1,,,,,,,,1,,494,AEROPORTO,Longo da via,Bom,Sem defeito,Perfeito estado,Seca,Perfeito estado,,,,Dupla,Faixa seccionada,,,,
2020-04-15,02:42:00,COM VÍTIMA,FINALIZADA,BOA VIAGEM,AV BOA VIAGEM,4,1688,,2° JARDIM,,,,BOA VIAGEM,COLISÃO COM CICLISTA,AUTO E BICICLETA.,1,,,1,,,,,,2,,,CIDADE,Longo da via,Bom,Sem defeito,Perfeito estado,Seca,Perfeito estado,,,60 km/h,Única,Faixa seccionada,,,,
2020-04-15,19:16:00,COM VÍTIMA,FINALIZADA,PINA,AV ENGENHEIRO DOMINGOS FERREIRA,4,1183,,AO LADO DA ESCOLA ESTADUAL MENINO JESUS- PROX DA CLINICA DE ESPECIALIDADES MÉDICAS (CEM)-LADO ESQUERDO,,,,PINA,ABALROAMENTO LONGITUDINAL,COLISÃO ENTRE DUAS MOTOS C/V,,2,,,,,,,,1,,324,SUBURBIO,Longo da via,Bom,Sem defeito,Perfeito estado,Seca,Perfeito estado,Faixa de pedestre,,60 km/h,Única,Canteiro central,,,,
2020-04-16,06:52:00,COM VÍTIMA,FINALIZADA,CASA AMARELA,AV NORTE,4,5237,RUA DA HARMONIA,EM FRENTE A FARMACIA PAGUE MENOS,,,,CASA AMARELA,COLISÃO TRASEIRA,COLISÃO COM VITIMA A ESPERA DO SAMU,1,1,,,,,,,,1,,312,CIDADE,Cruzamento,Chuvoso,Sem defeito,Perfeito estado,Molhada,Perfeito estado,Faixa de pedestre,Não há placas,,Dupla,Faixa seccionada,,,,
2020-04-16,07:45:00,COM VÍTIMA,FINALIZADA,DERBY,RUA JENER DE SOUZA,3,609,RUA HENRIQUE DIAS,EM FRENTE A FUNDAÇÃO JOAQUIM NABUCO,,,,DERBY,COLISÃO TRASEIRA,VITIMA A ESPERA DO SAMU  GM IDENILSON QTH,,2,,,,,,,,2,,,,Cruzamento,Chuvoso,Não existe,Perfeito estado,Molhada,Perfeito estado,Agente,R-26,40 km/h,Única,Canteiro central,,,,
2020-04-16,08:49:00,COM VÍTIMA,FINALIZADA,DERBY,AV GOVERNADOR AGAMENON MAGALHAES,3,138,,FACEIMAGEM E PRÓXIMO DA PRAÇA DO DERBY,,,,DERBY,TOMBAMENTO,,,1,,,,,,,,1,,,BOA VIAGEM,Longo da via,Chuvoso,Não existe,Perfeito estado,Molhada,Perfeito estado,Outros,Outras,60 km/h,Dupla,Canteiro central,,,,
2020-04-16,09:39:00,COM VÍTIMA,FINALIZADA,ROSARINHO,AV NORTE,0,,AV SANTOS DUMONT,PRÓXIMO A PADARIA ROSARINHO. EM FRENTE AO EDIFÍCIO DAVID BECKER.,,,,ROSARINHO,TOMBAMENTO,,,1,,,,,,,,1,,81,CIDADE,Longo da via,Chuvoso,Sem defeito,Perfeito estado,Molhada,Perfeito estado,Outros,R-6a,,Dupla,Faixa contínua,Faixa seccionada,Canteiro central,,
2020-04-16,09:49:00,COM VÍTIMA,FINALIZADA,CASA AMARELA,AV NORTE,0,,RUA DA HARMONIA,EM FRENTE AO  BANCO  BRADESCO,,,,CASA AMARELA,COLISÃO COM CICLISTA,VITIMA SOCORRIDA PELO  SAMU,1,,,1,,,,,,1,,312,CIDADE,Cruzamento,Chuvoso,Sem defeito,Perfeito estado,Molhada,Perfeito estado,Faixa de pedestre,Não há placas,,Dupla,Faixa seccionada,,,,
2020-04-16,16:09:00,COM VÍTIMA,FINALIZADA,SANTO ANTONIO,AV DANTAS BARRETO,3,512,,E/F AO BANCO SANTANDER AO LADO DA PRAÇA DO DIARIO,,,,SANTO ANTÔNIO,ATROPELAMENTO,ONIBUS ATROPELOU UM PEDESTRE,,,,,1,1,,,,1,,,,Longo da via,Chuvoso,Não existe,Ilegível,Molhada,Mal conservada,Não existe,Outras,,Única,Canteiro central,,,,
2020-04-16,18:51:00,COM VÍTIMA,FINALIZADA,ILHA DO LEITE,RUA GENERAL JOAQUIM INACIO,4,4581,AV GOVERNADOR AGAMENON MAGALHAES,EM FRENTE AO BANCO ITAÚ,,,,ILHA DO LEITE,COLISÃO TRASEIRA,ENVOLVENDO MOTO DA CTTU E AUTO PASSEIO,1,1,,,,,,,,1,,69,SUBURBIO,Longo da via,Chuvoso,Sem defeito,Perfeito estado,Molhada,Perfeito estado,Faixa de pedestre,Não há placas,40 km/h,Única,Faixa contínua,,,,
2020-04-17,02:35:00,COM VÍTIMA,FINALIZADA,SAO JOSE,AV SUL,0,,,EM FRENTE AO GALPÃO DO GALO DA MADRUGADA,,,,SÃO JOSÉ,COLISÃO FRONTAL,,,1,,,,1,,,,1,,,SUBURBIO,Longo da via,Bom,Não existe,Incompleta,Seca,Mal iluminada,Não existe,Não há placas,60 km/h,Dupla,Não existe,,,,
2020-04-17,11:40:00,COM VÍTIMA,FINALIZADA,TORREAO,AV NORTE,0,,RUA MARQUES DO PARANA,CONCESSIONÁRIA NISSAN.,,,,TORREÃO,COLISÃO TRASEIRA,AUTO E MOTO C VÍTIMA,1,1,,,,,,,,1,,56,CIDADE,Longo da via,Bom,Sem defeito,Perfeito estado,Seca,Perfeito estado,Faixa de retenção,R-26,60 km/h,Dupla,Canteiro central,,,,
2020-04-17,12:13:00,COM VÍTIMA,FINALIZADA,IPUTINGA,AV MAURICIO DE NASSAU,3,438,,APOS A LOMBADA ELETRONICA. EM FRENTE A USF SKYLAB,,,,IPUTINGA,TOMBAMENTO,MOTO,,1,,,,,,,,1,,,CIDADE,Longo da via,Bom,Não existe,Não existente,Seca,Mal conservada,Não existe,Não há placas,,Dupla,Não existe,,,,
2020-04-17,17:37:00,COM VÍTIMA,FINALIZADA,GRACAS,AV GOVERNADOR AGAMENON MAGALHAES,0,,RUA DR BANDEIRA FILHO,E/F AO BOMPREÇO. SENTIDO OLINDA- FAIXA PRINCIPAL,,,,GRAÇAS,COLISÃO TRASEIRA,COLISAO COM VITIMAS,1,1,,,,,,,,1,,173,,Cruzamento,Bom,Sem defeito,Perfeito estado,Seca,Perfeito estado,Faixa de pedestre,,60 km/h,Dupla,Canal,,,,
2020-04-18,13:33:00,COM VÍTIMA,FINALIZADA,VARZEA,AV PROFESSOR ARTUR DE SA,4,1168,,NA RUA DO CEMITERIO DA VARZEA,,,,VÁRZEA,ABALROAMENTO TRANSVERSAL,COLISAO ENTRE MOTO E AUTO COM UMA VITIMA,1,1,,,,,,,,1,,,CIDADE,Longo da via,Bom,Não existe,Perfeito estado,Seca,Perfeito estado,Não existe,Não há placas,,Dupla,Faixa contínua,,,,
2020-04-18,18:52:00,COM VÍTIMA,FINALIZADA,CAMPO GRANDE,RUA ODORICO MENDES,3,198,RUA VISCONDE DE CAIRU,PRÓX AO CLUBE DAS PÁS,,,,CAMPO GRANDE,ABALROAMENTO TRANSVERSAL,ENTRE AUTO E MOTO. C/V,1,1,,,,,,,,1,,,CIDADE,Cruzamento,Bom,Não existe,Perfeito estado,Seca,Perfeito estado,Não existe,Outras,,Dupla,Faixa seccionada,,,,
2020-04-19,02:39:00,COM VÍTIMA,FINALIZADA,ILHA DO RETIRO,EST DOS REMEDIOS,0,,RUA TABAIARES,PRÓXIMO A HYUNDAI,,,,ILHA DO RETIRO,CAPOTAMENTO,CAPOTAMENTO SEGUIDO DE CHOQUE EM VEÍCULO PARADO.,4,,,,,,,,,1,,390,SUBURBIO,Longo da via,Bom,Intermitente,Perfeito estado,Seca,Perfeito estado,Faixa de pedestre,Não há placas,,Única,Faixa seccionada,,,,
2020-04-19,06:40:00,COM VÍTIMA,FINALIZADA,BOA VISTA,AV GOVERNADOR AGAMENON MAGALHAES,0,,RUA DR LEOPOLDO LINS,,,,,BOA VISTA,ABALROAMENTO TRANSVERSAL,,1,1,,,,,,,,1,,78,SUBURBIO,Cruzamento,Chuvoso,Intermitente,Perfeito estado,Molhada,Perfeito estado,Faixa de pedestre,Outras,,Única,Canteiro central,,,,
2020-04-19,08:08:00,COM VÍTIMA,FINALIZADA,GRACAS,AV RUI BARBOSA,3,715,,EM FRENTE AO COLEGIO AGNES E PRÓXIMO A FARMÁCIA DROGASIL.,,,,GRAÇAS,COLISÃO TRASEIRA,MOTO E AUTO / VT 18 NO QTH,1,1,,,,,,,,1,,562,CIDADE,Longo da via,Chuvoso,Sem defeito,Perfeito estado,Molhada,Perfeito estado,Faixa de pedestre,Outras,,Única,,,,,
2020-04-19,10:54:00,COM VÍTIMA,FINALIZADA,BOA VIAGEM,AV ENGENHEIRO DOMINGOS FERREIRA,0,,RUA ERNESTO DE PAULA SANTOS,EM FRENTE A DOM FERREIRA,,,,BOA VIAGEM,ABALROAMENTO TRANSVERSAL,DOIS AUTOS //,2,,,,,,,,,1,,217,,Cruzamento,Bom,Sem defeito,Perfeito estado,Seca,Perfeito estado,Outros,Outras,60 km/h,Única,Canteiro central,,,,
2020-04-19,15:21:00,COM VÍTIMA,FINALIZADA,JIQUIA,RUA SAO MIGUEL,4,2027,,HOTEL PREMIUM,,,,JIQUIÁ,ABALROAMENTO TRANSVERSAL,COLISAO COM VITIMAS,1,1,,,,,,,,1,,,SUBURBIO,Longo da via,Bom,Não existe,Perfeito estado,Seca,Perfeito estado,Não existe,Não há placas,,Dupla,Faixa contínua,,,,
2020-04-19,15:35:00,COM VÍTIMA,FINALIZADA,ILHA DO RETIRO,AV BEIRA RIO,3,290,,PROXIMO AO CLUBE DO SPORT. LADO OPOSTO AO EDF. VILA BEIRA RIO.,,,,ILHA DO RETIRO,COLISÃO TRASEIRA,COM VITIMAS,1,1,,,,,,,,1,,,CIDADE,Longo da via,Bom,Não existe,Perfeito estado,Seca,Perfeito estado,Não existe,Não há placas,30 km/h,Dupla,Faixa contínua,,,,
2020-04-19,19:06:00,COM VÍTIMA,FINALIZADA,VASCO DA GAMA,AV NORTE,0,,RUA PADRE LEMOS,CRUZAMENTO C/A RUA VASCO DA GAMA - SENT CID/SUB,,,,VASCO DA GAMA,ABALROAMENTO TRANSVERSAL,AUTO X MOTO C/VITIMA,1,1,,,,,,,,1,,66,SUBURBIO,Cruzamento,Bom,Sem defeito,Perfeito estado,Seca,Perfeito estado,Faixa de pedestre,Outras,,Dupla,Canteiro central,,,,
2020-04-20,06:55:00,COM VÍTIMA,FINALIZADA,CAMPO GRANDE,RUA FARIAS NEVES,3,878,RUA FRANKLIN TAVORA,EM FRENTE A MEDECOL,,,,CAMPO GRANDE,ABALROAMENTO TRANSVERSAL,ONIBUS E AUTO,1,,,,,1,,,,1,,,SUBURBIO,Cruzamento,Bom,Não existe,Ilegível,Seca,Perfeito estado,Não existe,Não há placas,,Dupla,Não existe,,,,
2020-04-20,08:40:00,COM VÍTIMA,FINALIZADA,SANTO AMARO,RUA DOS PALMARES,2,48,RUA AFONSO PENA,ESTACIONAMENTO DO SUPERMERCADO RM EXPRESS,,,,SANTO AMARO,ATROPELAMENTO,VITIMA A ESPERA DO SAMU,1,,,,1,,,,,1,,,CIDADE,Longo da via,Bom,,,Seca,Perfeito estado,,,,Dupla,Canteiro central,,,,
2020-04-20,14:20:00,COM VÍTIMA,FINALIZADA,IBURA,AV DOM HELDER CAMARA,0,,,AO LADO DA CASA DE BATERIAS,,,,IBURA,CHOQUE OBJETO FIXO,CHOQUE EM POSTE DE ILUMINAÇÃO PÚBLICA,1,,,,,,,,,1,,,SUBURBIO,Longo da via,Bom,Sem defeito,Perfeito estado,Seca,Perfeito estado,Outros,Outras,,Única,Faixa,,,,