data,hora,natureza_acidente,situacao,bairro,endereco,,numero,detalhe_endereco_acidente,complemento,endereco_cruzamento,numero_cruzamento,referencia_cruzamento,bairro_cruzamento,tipo,descricao,auto,moto,ciclom,ciclista,pedestre,onibus,caminhao,viatura,outros,vitimas,vitimasfatais,num_semaforo,sentido_via,acidente_verificado,tempo_clima,situacao_semaforo,sinalizacao,condicao_via,conservacao_via,ponto_controle,situacao_placa,velocidade_max_via,mao_direcao,divisao_via1,divisao_via2,divisao_via3,_id,Protocolo
2020-04-22,14:30:00,COM VÍTIMA,FINALIZADA,BOA VISTA,AV JOAO DE BARROS,0,,,E/F AO CONSERVATORIO DE MUSICA,,,,BOA VISTA,COLISÃO,COLISAO ENTRE AUTO E MOTO COM UMA VITIMA,1,1,,,,,,,,1,,,,,,,,,,,,,,,,,,
2020-04-22,23:40:00,COM VÍTIMA,FINALIZADA,ILHA DO RETIRO,AV ENGENHEIRO ABDIAS DE CARVALHO,0,,AV JOSE GONCALVES DE MEDEIROS,ENF AO MC DONALD´S,,,,ILHA DO RETIRO,COLISÃO FRONTAL,DOIS AUTOS,2,,,,,,,,,1,,355,SUBURBIO,Cruzamento,Chuvoso,Sem defeito,Perfeito estado,Seca,Perfeito estado,,,60 km/h,Dupla,Canteiro central,,,,
2020-04-23,21:05:00,COM VÍTIMA,FINALIZADA,IBURA,RUA AFONSO CUNHA,3,347,,PRÓX AO PSF DO ALTO DA BELA VISTA,,,,IBURA,COLISÃO FRONTAL,COLISÃO ENTRE DUAS MOTOS- COM VÍTIMA,,2,,,,,,,,1,,,SUBURBIO,Longo da via,Bom,Não existe,Não existente,Seca,Perfeito estado,,Não há placas,30 km/h,Dupla,Não existe,,,,
2020-04-23,21:47:00,VÍTIMA FATAL,FINALIZADA,BOA VIAGEM,RUA ERNESTO DE PAULA SANTOS,0,,RUA AMALIA BERNARDINO DE SOUZA,PRÓX A UNINASSAU. EM FRENTE AO POSTO BR.,,,,BOA VIAGEM,ABALROAMENTO TRANSVERSAL,COLISÃO ENTRE AUTO E MOTO- COM VÍTIMA FATAL,1,1,,,,,,,,1,1,,ORLA DE BOA VIAGEM,Cruzamento,Bom,Não existe,Não existente,Seca,Mal iluminada,Não existe,Não há placas,,Única,Não existe,,,,
2020-04-24,14:53:00,COM VÍTIMA,FINALIZADA,AFOGADOS,RUA MOTOCOLOMBO,3,S/N,LARGO DA PAZ,EM FRENTE A POLICLINICA AGAMENON MAGALHÃES,,,,AFOGADOS,TOMBAMENTO,CONDUTOR DA MOTO PARA EVITAR ATROPELAMENTO - FEZ DESVIO DE UMA SRa. VINDO A DERRAPAR E CAIU,,1,,,,,,,,1,,,SUBURBIO,Longo da via,Chuvoso,Não existe,Perfeito estado,Molhada,Perfeito estado,Faixa de pedestre,Não há placas,,Única,Outros,,,,
2020-04-24,19:36:00,COM VÍTIMA,FINALIZADA,BOA VIAGEM,RUA DEZ DE JULHO,3,115,RUA CAMBOIM,PROX Maison Christal Recepções,,,,BOA VIAGEM,ABALROAMENTO TRANSVERSAL,TAXI X ONIBUS BORBOREMA X MOTO,1,1,,,,1,,,,1,,,SUBURBIO,Cruzamento,Chuvoso,Não existe,Perfeito estado,Molhada,Perfeito estado,Não existe,Placas Pare,,Única,Faixa seccionada,,,,
2020-04-25,07:45:00,COM VÍTIMA,FINALIZADA,MACAXEIRA,AV NORTE,0,,,ULTIMA PARADA DE ONIBUS (Nº 110052) DA AV NORTE NO SENTIDO TERMINAL DA MACAXEIRA.,,,,MACAXEIRA,COLISÃO TRASEIRA,COM UMA VITIMA AGUARDANDO SAMU,,1,,,,1,,,,1,,,SUBURBIO,Longo da via,Bom,Não existe,Perfeito estado,Seca,Perfeito estado,,Outras,,Dupla,Blocos,,,,
2020-04-25,14:00:00,COM VÍTIMA,FINALIZADA,ESTANCIA,AV RECIFE,3,271,AV ESTANCIA,PROX AO MAKRO,,,,ESTÂNCIA,TOMBAMENTO,MOTOQUERIO CAIU SOZINHO,,1,,,,,,,,1,,,BOA VIAGEM,Longo da via,Bom,Não existe,Perfeito estado,Seca,Perfeito estado,Não existe,Não há placas,,Dupla,Faixa contínua,Canteiro central,Blocos,,
2020-04-27,11:35:00,COM VÍTIMA,FINALIZADA,BOA VIAGEM,RUA DOS NAVEGANTES,4,2083,RUA PADRE BERNADINO PESSOA,EM FRENTE A O RESTAURANTE ILHA DOS NAVEGANTES,,,,BOA VIAGEM,ABALROAMENTO TRANSVERSAL,DOIS AUTOS,2,,,,,,,,,1,,,,Cruzamento,Chuvoso,Não existe,Perfeito estado,Seca,Perfeito estado,,Placas Pare,,Única,Faixa seccionada,,,,
2020-04-28,08:31:00,COM VÍTIMA,FINALIZADA,CIDADE UNIVERSITARIA,AV PROFESSOR LUIZ FREIRE,3,500,,EM FRENTE AO IFPE,,,,CIDADE UNIVERSITÁRIA,TOMBAMENTO,COLISÃO COM VÍTIMA/ ACIDENTE DE PERCURSO,,1,,,,,,,,1,,,CIDADE,Longo da via,Bom,Não existe,Perfeito estado,Seca,Perfeito estado,Não existe,Outras,40 km/h,Dupla,Faixa seccionada,,,,
2020-04-28,08:40:00,COM VÍTIMA,FINALIZADA,TORRE,RUA CONDE DE IRAJA,0,,AV BEIRA RIO,PROX A ACADEMIA DA CIDADE,,,,TORRE,ABALROAMENTO TRANSVERSAL,COLISAO ENDRE AUTO/ MOTO,1,1,,,,,,,,1,,630,SUBURBIO,Cruzamento,Bom,Sem defeito,Perfeito estado,Seca,Perfeito estado,Faixa de retenção,Placas Pare,,Dupla,Faixa contínua,,,,
2020-04-28,13:26:00,COM VÍTIMA,FINALIZADA,MADALENA,AV ENGENHEIRO ABDIAS DE CARVALHO,0,,,EM FRENTE A ESTACIO/ SENTIDO BR,,,,MADALENA,ABALROAMENTO LONGITUDINAL,COLISÃO COM VÍTIMA,,1,,,,,,,1,2,,328,SUBURBIO,Longo da via,Bom,Não existe,Perfeito estado,Seca,Perfeito estado,Não existe,Outras,60 km/h,Dupla,Canteiro central,,,,
2020-04-28,13:32:00,COM VÍTIMA,FINALIZADA,TAMARINEIRA,RUA CONEGO BARATA,3,811,,AO LADO DA FERREIRA COSTA.,,,,TAMARINEIRA,COLISÃO TRASEIRA,COLISAO ENTRE AUTO E MOTO COM UMA VITIMA GM ESDRAS DE OLIVEIRA NO LOCAL,1,1,,,,,,,,1,,,CIDADE,Longo da via,Bom,Não existe,Perfeito estado,Seca,Perfeito estado,,R-6a,,Dupla,Canteiro central,,,,
2020-04-29,07:45:00,COM VÍTIMA,FINALIZADA,BARRO,AV DR JOSE RUFINO,4,2337,RUA CAPITAO PONCIANO,EM FRENTE A PANIFICADORA TONY ALBUQUERQUE,,,,BARRO,ABALROAMENTO TRANSVERSAL,COM DUAS VITIMAS AGUARDANDO SAMU,1,1,,,,,,,,2,,,CIDADE,Longo da via,Bom,Não existe,Perfeito estado,Seca,Perfeito estado,Não existe,R-6a,,Dupla,Faixa contínua,,,,
2020-04-29,11:35:00,COM VÍTIMA,FINALIZADA,DERBY,AV GOVERNADOR AGAMENON MAGALHAES,0,,AV GOVERNADOR CARLOS DE LIMA CAVALCANTI,EM FRENTE A MAC DONALDS,,,,DERBY,ABALROAMENTO LONGITUDINAL,COM UMA VITIMA SOCORRIDA PELO SAMU,,1,,,,,,1,,1,,75,SUBURBIO,Cruzamento,Bom,Sem defeito,Perfeito estado,Seca,Perfeito estado,Faixa de pedestre,Outras,60KM,Dupla,Canal,,,,
2020-04-29,13:41:00,COM VÍTIMA,FINALIZADA,IBURA,AV DOIS RIOS,4,1127,,E/F A NETINHO MOTOS,,,,IBURA,COLISÃO FRONTAL,COLISÃO C/VITIMA ENTRE UM AUTO E MOTO,1,1,,,,,,,,1,,,CIDADE,Longo da via,Bom,Não existe,Ilegível,Seca,Perfeito estado,Não existe,Outras,,Dupla,Faixa contínua,,,,
2020-04-29,14:05:00,COM VÍTIMA,FINALIZADA,IPUTINGA,RUA BOM PASTOR,2,67,,E/F A GALERIA IPUTINGA,,,,IPUTINGA,COLISÃO TRASEIRA,COLISÃO C/VITIMA ENTRE TRÊS AUTOS,3,,,,,,,,,1,,8,SUBURBIO,Longo da via,Bom,Sem defeito,Incompleta,Seca,Mal conservada,Faixa de pedestre,R-6a,,Única,Não existe,,,,
2020-04-29,16:42:00,COM VÍTIMA,FINALIZADA,CORDEIRO,RUA PROFESSOR JOAQUIM XAVIER DE BRITO,0,,RUA DR MIGUEL VIEIRA FERREIRA,E/F A GALERIA TEREZA CRISTINA E FARMÁCIA DO TRABALHADOR.,,,,CORDEIRO,ABALROAMENTO TRANSVERSAL,COLISÃO C/VITIMAS ENTRE UMA MOTO E UM AUTO,1,1,,,,,,,,2,,541,SUBURBIO,Cruzamento,Bom,Sem defeito,Perfeito estado,Seca,Perfeito estado,Não existe,R-5a,,Dupla,Faixa contínua,,,,
2020-04-30,11:32:00,COM VÍTIMA,FINALIZADA,BOA VIAGEM,AV CELSO FURTADO,0,,,SENT. CIDADE- POR TRAS DO SUPERMERCADO EXTRA,,,,BOA VIAGEM,COLISÃO TRASEIRA,AUTO E MOTO C/V,1,1,,,,,,,,1,,,CIDADE,Longo da via,Chuvoso,Não existe,Perfeito estado,Seca,Perfeito estado,Não existe,Não há placas,60 km/h,Única,Faixa contínua,,,,
2020-04-30,16:02:00,COM VÍTIMA,FINALIZADA,ROSARINHO,AV NORTE,0,,AV SANTOS DUMONT,EM FRENTE AO POSTO PETROCAL E PADARIA ROSARINHO DELICATESSEN.,,,,ROSARINHO,TOMBAMENTO,COM VÍTIMA,,1,,,,,,,,2,,81,SUBURBIO,Longo da via,Chuvoso,Sem defeito,Perfeito estado,Molhada,Perfeito estado,Faixa de pedestre,Outras,,Dupla,Canteiro central,,,,
2020-04-30,19:18:00,COM VÍTIMA,FINALIZADA,AFOGADOS,RUA SAO MIGUEL,4,1136,,ENF CHINA IN BOX,,,,AFOGADOS,COLISÃO FRONTAL,MOTO X 2 AUTOS,2,1,,,,,,,,2,,,SUBURBIO,Longo da via,Bom,Não existe,Perfeito estado,Seca,Perfeito estado,Não existe,Não há placas,50 km/h,Dupla,Faixa contínua,,,,
2020-04-30,20:26:00,COM VÍTIMA,FINALIZADA,ILHA JOANA BEZERRA,RUA MIRANDOPOLIS,0,,,NO PÁTIO INTERNO DO T.I DE JOANA BEZERRA,,,,ILHA JOANA BEZERRA,ATROPELAMENTO,ENTRE ÔNIBUS E 2 PEDESTRES. C/V,,,,,2,1,,,,2,,,CIDADE,Outros,Chuvoso,Não existe,Perfeito estado,Molhada,Perfeito estado,Não existe,Não há placas,,Única,Canteiro central,,,,
2020-05-01,12:58:00,COM VÍTIMA,FINALIZADA,CABANGA,PTE GOVERNADOR PAULO GUERRA,0,,,INÍCIO DA PONTE. LADO OPOSTO AO CABANGA IATE CLUBE.,,,,CABANGA,COLISÃO,COLIÇÃO COM VITIMA ENTRE MOTOCICLETA E CARROÇA DE TRAÇÃO ANIMAL.,,1,,,,,,,1,1,,,SUBURBIO,Longo da via,Bom,Não existe,Perfeito estado,Seca,Perfeito estado,Não existe,Não há placas,,Única,Faixa seccionada,,,,
2020-05-01,18:59:00,COM VÍTIMA,FINALIZADA,MADALENA,RUA BENFICA,3,140,,PRÓXIMO AO ESTÁDIO DO SPORT CLUBE DO RECIFE. COMEDORIA SABOREAR.,,,,MADALENA,ABALROAMENTO TRANSVERSAL,COLISÃO DUAS MOTOS C/VITIMA. UMA DAS PARTES ENVOLVIDAS SE EVADIU DO LOCAL.,,2,,,,,,,,2,,,CIDADE,Longo da via,Bom,Não existe,,Seca,Perfeito estado,Não existe,Não há placas,,Única,Faixa seccionada,,,,
2020-05-01,19:52:00,COM VÍTIMA,FINALIZADA,AGUA FRIA,RUA LADEIRA DE PEDRA,3,261,,PROXIMO AO TERMINAL DO ALTO DO PASCOAL E IGREJA PRIMITIVA.,,,,ÁGUA FRIA,ATROPELAMENTO,MOTO X PEDESTRE,,1,,,1,,,,,2,,,CIDADE,Longo da via,Bom,Não existe,Não existente,Seca,Perfeito estado,,Não há placas,,,,,,,
2020-05-02,11:43:00,COM VÍTIMA,FINALIZADA,JORDAO,AV MARIA IRENE,4,1225,,POLO DAS COXIHAS- UM CASAU FERIDO,,,,JORDÃO,ABALROAMENTO LONGITUDINAL,AUTO E MOTO.,1,1,,,,,,,,2,,,SUBURBIO,Longo da via,Bom,Não existe,Perfeito estado,Seca,Perfeito estado,Não existe,Não há placas,40 km/h,Dupla,Faixa contínua,,,,
2020-05-02,16:28:00,COM VÍTIMA,FINALIZADA,BOA VIAGEM,RUA ERNESTO DE PAULA SANTOS,0,,AV CONSELHEIRO AGUIAR,ACADEMIA SMART FIT,,,,BOA VIAGEM,ABALROAMENTO TRANSVERSAL,MOTOCICLETA E AUTO PASSEIO,1,1,,,,,,,,1,,127,,Cruzamento,Bom,Sem defeito,Perfeito estado,Seca,Perfeito estado,Faixa de pedestre,Outras,60 km/h,Única,Faixa,,,,
2020-05-03,06:25:00,COM VÍTIMA,FINALIZADA,TORRE,RUA CONDE DE IRAJA,0,,AV BEIRA RIO,,,,,TORRE,COLISÃO COM CICLISTA,AUTO E BICICLETA.,1,,,1,,,,,,1,,,SUBURBIO,Cruzamento,Chuvoso,Sem defeito,,Molhada,Perfeito estado,,,,Única,Faixa contínua,,,,
2020-05-03,15:57:00,COM VÍTIMA,FINALIZADA,AREIAS,AV DR JOSE RUFINO,4,1495,RUA JOSE NATARIO,,,,,AREIAS,ABALROAMENTO TRANSVERSAL,COLISÃO AUTO E MOTO,1,1,,,,,,,,1,,44,SUBURBIO,Cruzamento,Bom,Sem defeito,Perfeito estado,Seca,Perfeito estado,Faixa de pedestre,Não há placas,,Dupla,Faixa contínua,,,,
2020-05-04,08:10:00,VÍTIMA FATAL,FINALIZADA,JARDIM SAO PAULO,RUA FREI FELIX DE OLIVOLA,3,130,1SB DA BRASILEIRA,PROX À IGREJA BATISTA E ESTAÇÃO WERNEK DO METRÔ,,,,JARDIM SÃO PAULO,CHOQUE VEÍCULO PARADO,COLISÃO RENAULT/SANDERO X PEUGEOT C/VITIMA FATAL,2,,,,,,,,,,1,,LESTE,Longo da via,Bom,Não existe,Não existente,Seca,Perfeito estado,Não existe,Não há placas,30 km/h,Dupla,Não existe,,,,
2020-05-04,10:53:00,COM VÍTIMA,FINALIZADA,BOA VIAGEM,RUA CAPITAO REBELINHO,3,519,RUA PEREIRA DA COSTA,FIDALGO RESTAURANTE,,,,BOA VIAGEM,ABALROAMENTO TRANSVERSAL,AUTO E MOTO.,1,1,,,,,,,,1,,,SUBURBIO,Cruzamento,Bom,Não existe,Ilegível,Seca,Perfeito estado,Faixa de retenção,R-6a,40 km/h,Única,Não existe,,,,
2020-05-04,16:46:00,COM VÍTIMA,FINALIZADA,GUABIRABA,EST DOS MACACOS,3,322,,BAR MAURICEA,,,,GUABIRABA,ABALROAMENTO LONGITUDINAL,COLISÃO DUAS MOTOCICLETAS,,2,,,,,,,,1,,,CIDADE,Outros,Bom,Não existe,Não existente,Seca,Outros,Não existe,Não há placas,,Dupla,Não existe,,,,
2020-05-04,17:11:00,COM VÍTIMA,FINALIZADA,CAMPO GRANDE,EST DE BELEM,4,40-A,RUA JERONIMO VILELA,AO LADO DA FARMÁCIA DROGASIL.,,,,CAMPO GRANDE,ATROPELAMENTO,ATROPELAMENTO ENTRE MOTO E PEDESTRE.,,1,,,1,,,,,1,,26,CIDADE,Longo da via,Bom,Sem defeito,Perfeito estado,Seca,Perfeito estado,Faixa de pedestre,Outras,,Dupla,Faixa seccionada,,,,
2020-05-06,08:54:00,COM VÍTIMA,FINALIZADA,SANTO ANTONIO,RUA IMPERIAL,3,981,TRV DO RAPOSO,EM FRENTE AO DEPÓSITO DE RECICLÁVEIS DO ZUZA,,,,SANTO ANTÔNIO,ABALROAMENTO TRANSVERSAL,ACIDENTE ENVOLVENDO MOTO E CARRO,1,1,,,,,,,,1,,510,SUBURBIO,Cruzamento,Bom,Sem defeito,Perfeito estado,Seca,Perfeito estado,Outros,Não há placas,,Única,Faixa seccionada,,,,
2020-05-06,16:03:00,COM VÍTIMA,FINALIZADA,PRADO,AV ENGENHEIRO ABDIAS DE CARVALHO,0,,EST DOS REMEDIOS,DROGASIL,,,,PRADO,ABALROAMENTO TRANSVERSAL,AMBULÂNCIA E MOTO.,,1,,,,,,1,,1,,52,SUBURBIO,Cruzamento,Bom,Sem defeito,Perfeito estado,Seca,Perfeito estado,Faixa de pedestre,Não há placas,,Dupla,Canteiro central,,,,
2020-05-07,13:26:00,COM VÍTIMA,FINALIZADA,BOA VIAGEM,RUA PADRE BERNADINO PESSOA,3,633,RUA MINISTRO NELSON HUNGRIA,COLEGIO SANTA MARIA,,,,BOA VIAGEM,ABALROAMENTO TRANSVERSAL,COLISÃO ENTRE AUTO E MOTO,1,1,,,,,,,,1,,,SUBURBIO,Longo da via,Bom,Não existe,Perfeito estado,Seca,Perfeito estado,Não existe,Não há placas,,Única,Não existe,,,,
2020-05-07,16:08:00,COM VÍTIMA,FINALIZADA,ILHA DO RETIRO,AV ENGENHEIRO ABDIAS DE CARVALHO,0,,AV JOSE GONCALVES DE MEDEIROS,SPORT CLUBE DO RECIFE.,,,,ILHA DO RETIRO,ABALROAMENTO TRANSVERSAL,COLISÃO ENTRE DUAS MOTOS.,,2,,,,,,,,3,,355,SUBURBIO,Cruzamento,Bom,Sem defeito,Perfeito estado,Seca,Perfeito estado,Não existe,Não há placas,60 km/h,Dupla,Canteiro central,,,,
2020-05-07,17:27:00,COM VÍTIMA,FINALIZADA,PINA,AV ENGENHEIRO DOMINGOS FERREIRA,3,300,,EM FRENTE AO EXTRABOM PINA,,,,PINA,ABALROAMENTO LONGITUDINAL,COLISÃO ENTRE AUTO E MOTO,1,1,,,,,,,,1,,,SUBURBIO,Longo da via,Bom,Não existe,Perfeito estado,Seca,Perfeito estado,Não existe,Não há placas,,Única,Faixa seccionada,Canteiro central,,,
2020-05-07,19:04:00,COM VÍTIMA,FINALIZADA,TEJIPIO,AV DR JOSE RUFINO,0,,,PROXIMO AO VIATUDO DA BR 101,,,,TEJIPIÓ,COLISÃO FRONTAL,COLISÃO AUTO E MOTO,1,1,,,,,,,,1,,,SUBURBIO,Longo da via,Bom,Não existe,Não existente,Seca,Mal iluminada,Não existe,,,Dupla,Faixa contínua,,,,
2020-05-08,13:57:00,COM VÍTIMA,FINALIZADA,BOA VIAGEM,RUA SA E SOUZA,3,687,RUA CONEGO ROMEU,SUPERMERCADO VERDFRUT. EM FRENTE A GALERIA SÁ E SOUZA.,,,,BOA VIAGEM,ABALROAMENTO TRANSVERSAL,COLISÃO ENTRE DUAS MOTOCICLETAS,,2,,,,,,,,1,,,CIDADE,Cruzamento,Bom,Não existe,Perfeito estado,Seca,Perfeito estado,Não existe,Placas Pare,,Dupla,Faixa seccionada,,,,
2020-05-08,14:45:00,COM VÍTIMA,FINALIZADA,ENGENHO DO MEIO,RUA ANTONIO CURADO,3,244,,EM FRENTE A PADARIA SANDRÂNGELA.,,,,ENGENHO DO MEIO,ABALROAMENTO TRANSVERSAL,COLISÃO COM VITIMA MOTO E CARRO,1,1,,,,,,,,1,,,CIDADE,Longo da via,Bom,Não existe,Perfeito estado,Seca,Perfeito estado,Não existe,Outras,30 km/h,Dupla,Faixa seccionada,,,,
2020-05-08,17:10:00,COM VÍTIMA,FINALIZADA,ZUMBI,AV CAXANGA,3,975,,EM FRENTE A LOJA DE BATERIAS HELIAR,,,,ZUMBI,ABALROAMENTO LONGITUDINAL,AUTO E MOTO COM VÍTIMA,1,1,,,,,,,,1,,,CIDADE,Longo da via,Bom,Não existe,Incompleta,Seca,Perfeito estado,Outros,Outras,,Dupla,Canteiro central,,,,
2020-05-08,20:46:00,COM VÍTIMA,FINALIZADA,VARZEA,AV JOAQUIM RIBEIRO,0,,RUA FRANCISCO TORRES,EM FRENTE A UPA,,,,VÁRZEA,CHOQUE VEÍCULO PARADO,COLISÃO ENTRE ÔNIBUS E MOTO.,,1,,,,1,,,,1,,368,CIDADE,Longo da via,Bom,,Perfeito estado,Seca,Perfeito estado,Não existe,Não há placas,,Dupla,Canteiro central,,,,
2020-05-09,09:16:00,COM VÍTIMA,FINALIZADA,BOA VISTA,RUA DA UNIAO,2,52,RUA PRINCESA IZABEL,EM FRENTE A LOTÉRICA.,,,,BOA VISTA,ABALROAMENTO LONGITUDINAL,COLISÃO ENTRE TRÊS VEÍCULOS COM DUAS VÍTIMAS,1,2,,,,,,,,2,,,CIDADE,Cruzamento,Bom,Sem defeito,Perfeito estado,Seca,Perfeito estado,Não existe,Outras,60 km/h,Única,Faixa contínua,,,,
2020-05-09,10:30:00,COM VÍTIMA,FINALIZADA,BOA VIAGEM,RUA ERNESTO DE PAULA SANTOS,0,,RUA AMALIA BERNARDINO DE SOUZA,DESCIDA DO VIADUTO TANCRENO NEVES. EM FRENTE AO POSTO BR.,,,,BOA VIAGEM,ABALROAMENTO TRANSVERSAL,COLISÃO ENTRE AUTO E MOTO.,1,1,,,,,,,,1,,,SUBURBIO,Cruzamento,Bom,Não existe,Incompleta,Seca,Perfeito estado,Não existe,Outras,,Única,Não existe,,,,
2020-05-09,11:09:00,COM VÍTIMA,FINALIZADA,FUNDAO,AV BEBERIBE,4,3078,,IGREJA ASSEMBLÉIA DE DEUS.,,,,FUNDÃO,COLISÃO TRASEIRA,COLISÃO COM VÍTIMA ENVOLVENDO TRES VEÍCULOS,3,,,,,,,,,2,,,SUBURBIO,Longo da via,Bom,Não existe,Perfeito estado,Seca,Perfeito estado,Não existe,Outras,,Dupla,Canteiro central,,,,
2020-05-09,12:00:00,COM VÍTIMA,FINALIZADA,VARZEA,AV CAXANGA,4,4555,,EM FRENTE À ACADEMIA TOP FIT,,,,VÁRZEA,TOMBAMENTO,MOTOCICLISTA PERDEU O CONTROLE E CAIU,,1,,,,,,,,1,,608,CIDADE,Longo da via,Bom,Sem defeito,Perfeito estado,Seca,Perfeito estado,Faixa de pedestre,,,Dupla,Faixa contínua,Faixa seccionada,Canteiro central,,
2020-05-09,12:08:00,COM VÍTIMA,FINALIZADA,NOVA DESCOBERTA,RUA NOVA DESCOBERTA,4,1619,COR DO ARCANJO,EM FRENTE A PAULO BEBIDAS,,,,NOVA DESCOBERTA,ABALROAMENTO LONGITUDINAL,COLISÃO COM VÍTIMA ENTRE AUTO E MOTO.,1,1,,,,,,,,1,,,SUBURBIO,Esquina,Bom,Não existe,Perfeito estado,Seca,Perfeito estado,Não existe,R-6a,,Dupla,Faixa seccionada,,,,
2020-05-09,15:33:00,COM VÍTIMA,FINALIZADA,MONTEIRO,AV DEZESSETE DE AGOSTO,2,50,,EM FRENTE DO EDIFÍCIO PORTA DÁGUA,,,,MONTEIRO,ATROPELAMENTO,ATROPELAMENTO ENTRE AUTO E PEDESTRE,1,,,,1,,,,,1,,,CIDADE,Longo da via,Bom,Não existe,Perfeito estado,Seca,Perfeito estado,Não existe,Não há placas,60 km/h,Dupla,Faixa contínua,,,,
2020-05-09,21:06:00,COM VÍTIMA,FINALIZADA,AGUA FRIA,AV ANIBAL BENEVOLO,4,1413,,EM FRENTE AO COLEGIO ROSA MAGALHÃES E PRÓXIMO AO COMPAZ,,,,ÁGUA FRIA,COLISÃO FRONTAL,COLISÃO ENVOLVENDO 2 AUTOS E UMA MOTO.,2,1,,,,,,,,1,,,CIDADE,Longo da via,Bom,Não existe,Perfeito estado,Seca,,,R-6a,30 km/h,Dupla,Faixa seccionada,,,,
2020-05-09,22:26:00,COM VÍTIMA,FINALIZADA,CORDEIRO,AV CAXANGA,4,2351,RUA CLAUDIO BROTHERHOOD,SEMAFORO Nº 235 ANTES DA EXPOSIÇÃO DO CORDEIRO,,,,CORDEIRO,COLISÃO TRASEIRA,COLISÃO AUTO X MOTO,1,1,,,,,,,,1,,235,CIDADE,Longo da via,Bom,Sem defeito,Perfeito estado,Seca,Perfeito estado,Faixa de pedestre,Outras,,Única,Faixa contínua,,,,
2020-05-10,11:22:00,COM VÍTIMA,FINALIZADA,SANTO AMARO,AV CRUZ CABUGA,0,,AV MARIO MELO,ASSEMBLÉIA DE DEUS,,,,SANTO AMARO,COLISÃO,ACIDENTE ENVOLVENDO MOTO E AUTO,1,1,,,,,,,,1,,171,CIDADE,Cruzamento,Chuvoso,Sem defeito,Perfeito estado,Molhada,Perfeito estado,Faixa de pedestre,Outras,,Dupla,Faixa contínua,,,,
2020-05-10,18:05:00,COM VÍTIMA,FINALIZADA,IBURA,RUA EXP FRANCISCO VITORIANO,3,193,RUA FLORIANO BARBOSA DE OLIVEIRA,PRÓXIMO A CRECHE MUNICIPAL TIO ZÉ. SALÃO BARBEARIA ISAC.,,,,IBURA,ATROPELAMENTO,ACIDENTE COM VÍTIMA ENVOLVENDO MOTO E PEDESTRE,,1,,,1,,,,,2,,,SUBURBIO,Longo da via,Bom,Não existe,Perfeito estado,Seca,Perfeito estado,Faixa de pedestre,Placas Pare,30 km/h,Dupla,Não existe,,,,
2020-05-10,22:09:00,COM VÍTIMA,FINALIZADA,LINHA DO TIRO,RUA URIEL DE HOLANDA,4,1800,,PRÓXIMO AO TERMINAL DE BREJO/ ASSEMBLEIA E DEUS/ ARMAZÉM SHALON,,,,LINHA DO TIRO,ABALROAMENTO LONGITUDINAL,COLISÃO ENTRE ÔNIBUS E MOTO.,,1,,,,1,,,,2,,,SUBURBIO,Longo da via,Bom,Não existe,Perfeito estado,Seca,Perfeito estado,Não existe,R-6a,,Dupla,Não existe,,,,
2020-05-11,04:44:00,COM VÍTIMA,FINALIZADA,PRADO,AV ENGENHEIRO ABDIAS DE CARVALHO,4,2082,,EM FRENTE AO TROCÃO- LADO OPOSTO AO NÚMERO 1524.,,,,PRADO,CHOQUE OBJETO FIXO,VEÍCULO SE ENCONTRA ABANDONADO NA VIA,1,,,,,,,,,1,,,SUBURBIO,Longo da via,Bom,Sem defeito,Perfeito estado,Seca,Perfeito estado,Faixa de pedestre,,,Dupla,Faixa seccionada,,,,
2020-05-11,07:25:00,COM VÍTIMA,FINALIZADA,ZUMBI,RUA GOMES TABORDA,4,1105,RUA GREGORIO JUNIOR,LADO OPOSTO A JÚNIOR BATERIAS.,,,,ZUMBI,ABALROAMENTO LONGITUDINAL,COLISÃO ENTRE AUTO E MOTO.,1,1,,,,,,,,1,,,CIDADE,Cruzamento,Bom,Não existe,Perfeito estado,Seca,Perfeito estado,Não existe,Não há placas,,Dupla,Faixa seccionada,,,,