data,hora,natureza_acidente,situacao,bairro,endereco,,numero,detalhe_endereco_acidente,complemento,endereco_cruzamento,numero_cruzamento,referencia_cruzamento,bairro_cruzamento,tipo,descricao,auto,moto,ciclom,ciclista,pedestre,onibus,caminhao,viatura,outros,vitimas,vitimasfatais,num_semaforo,sentido_via,acidente_verificado,tempo_clima,situacao_semaforo,sinalizacao,condicao_via,conservacao_via,ponto_controle,situacao_placa,velocidade_max_via,mao_direcao,divisao_via1,divisao_via2,divisao_via3,_id,Protocolo
2020-06-01,19:46:00,COM VÍTIMA,FINALIZADA,BOA VIAGEM,RUA BARAO DE SOUZA LEAO,4,1341,RUA WALDEMAR NERY CARNEIRO MONTEIRO,PRÓXIMO SUPERMERCADO TREVO,,,,BOA VIAGEM,ABALROAMENTO TRANSVERSAL,COM AUTO E MOTOCICLETA,1,1,,,,,,,,1,,,CIDADE,Esquina,Bom,Não existe,Perfeito estado,Seca,Perfeito estado,Não existe,Não há placas,,Única,Não existe,,,,
2020-06-02,07:55:00,COM VÍTIMA,FINALIZADA,BONGI,RUA DONA MARIA AUGUSTA NOGUEIRA,0,,,AO LADO DA CELPE E EM FRENTE A SECRETARIA DE SAÚDE,,,,BONGI,COLISÃO TRASEIRA,COLISÃO ENTRE MOTOCICLETA X AUTO,1,1,,,,,,,,1,,,,Longo da via,Bom,Não existe,Não existente,Seca,Perfeito estado,Não existe,Não há placas,,Dupla,Não existe,,,,
2020-06-02,08:22:00,COM VÍTIMA,FINALIZADA,AFOGADOS,RUA COSME VIANA,0,,RUA CORONEL ALFREDO DUARTE,NO CRUZAMENTO DO POSTO SETTA,,,,AFOGADOS,ABALROAMENTO TRANSVERSAL,COLISÃO ENTRE MOTOCICLETA X AUTO,1,1,,,,,,,,1,,430,SUBURBIO,Cruzamento,Bom,Com defeito,Perfeito estado,Seca,Perfeito estado,Outros,Outras,60 km/h,Única,Faixa contínua,,,,
2020-06-02,12:21:00,VÍTIMA FATAL,FINALIZADA,IPSEP,AV RECIFE,4,3532,RUA CORONEL MURTA,POSTO PETROBRAS,,,,IPSEP,ATROPELAMENTO,ATROPELAMENTO COM VÍTIMA FATAL,1,,,,1,,,,,,1,,CIDADE,Cruzamento,Bom,Não existe,Incompleta,Seca,Perfeito estado,Não existe,Não há placas,,Dupla,Canteiro central,,,,
2020-06-02,14:08:00,COM VÍTIMA,FINALIZADA,BOA VIAGEM,RUA FELIX DE BRITO E MELO,3,854,,BIG BOMPREÇO,,,,BOA VIAGEM,COLISÃO TRASEIRA,AUTO X MOTOCICLETA,1,1,,,,,,,,1,,,SUBURBIO,Longo da via,Bom,Não existe,Perfeito estado,Seca,Perfeito estado,Não existe,Não há placas,,Única,Faixa seccionada,,,,
2020-06-02,18:31:00,COM VÍTIMA,FINALIZADA,BOA VIAGEM,AV CELSO FURTADO,0,,,PROXIMO A BIFURCAÇÃO SENTIDO BOA VIAGEM. PRÓXIMO AO HIPER.,,,,BOA VIAGEM,ABALROAMENTO LONGITUDINAL,COLISÃO AUTO E MOTO,1,1,,,,,,,,1,,,SUBURBIO,Longo da via,Bom,Não existe,Perfeito estado,Seca,Perfeito estado,Não existe,Não há placas,60 km/h,Dupla,Faixa seccionada,,,,
2020-06-03,06:15:00,COM VÍTIMA,FINALIZADA,SANTO AMARO,AV GOVERNADOR AGAMENON MAGALHAES,0,,,PROXIMO DO VIATUDO ENGº ROBERTO PEREIRA DE CARVALHO(VIATUADO DO TACARUNA) SENTIDO OLINDA,,,,SANTO AMARO,COLISÃO TRASEIRA,COLISÃO AUTO X MOTO,1,1,,,,,,,,1,,,SUBURBIO,Viaduto,Bom,Não existe,Perfeito estado,Seca,Perfeito estado,Não existe,Não há placas,,Única,Faixa seccionada,,,,
2020-06-03,08:07:00,COM VÍTIMA,FINALIZADA,BOA VIAGEM,AV CONSELHEIRO AGUIAR,0,,RUA RIBEIRO DE BRITO,POSTO PETROBRAS,,,,BOA VIAGEM,COLISÃO COM CICLISTA,COLISÃO AUTOMÓVEL E BICICLETA,1,,,1,,,,,,1,,147,CIDADE,Cruzamento,Bom,Sem defeito,Perfeito estado,Seca,Perfeito estado,Agente,Outras,,Única,Faixa contínua,Faixa seccionada,,,
2020-06-03,11:24:00,COM VÍTIMA,FINALIZADA,IMBIRIBEIRA,RUA ITAJAI,3,162,RUA ITACARI,PROX. A EMPRESA i9,,,,IMBIRIBEIRA,ABALROAMENTO TRANSVERSAL,ACIDENTE COM MOTO E CARRO,1,1,,,,,,,,1,,,,Cruzamento,Bom,Não existe,Perfeito estado,Seca,Perfeito estado,Faixa de pedestre,Placas Pare,,,,,,,
2020-06-03,12:46:00,COM VÍTIMA,FINALIZADA,JIQUIA,RUA SAO MIGUEL,4,1805,RUA BELEM DE MARIA,DEDÉ DAS BATERIAS,,,,JIQUIÁ,ABALROAMENTO TRANSVERSAL,ACIDENTE COM MOTO E CARRO,1,1,,,,,,,,1,,425,SUBURBIO,Esquina,Bom,Sem defeito,Perfeito estado,Seca,Perfeito estado,Faixa de pedestre,Não há placas,,Dupla,Faixa contínua,,,,
2020-06-03,15:06:00,COM VÍTIMA,FINALIZADA,ENCRUZILHADA,EST DE BELEM,0,,RUA DONA ELVIRA,EM FRENTE A FRUTARIA,,,,ENCRUZILHADA,ABALROAMENTO TRANSVERSAL,COLISÃO ENTRE AUTO E MOTO ACIDENTE COM VITIMA,1,1,,,,,,,,1,,201,SUBURBIO,Longo da via,Bom,Sem defeito,Perfeito estado,Seca,Perfeito estado,Faixa de pedestre,Outras,,Dupla,,,,,
2020-06-04,07:05:00,COM VÍTIMA,FINALIZADA,ROSARINHO,AV NORTE,4,3110,AV SANTOS DUMONT,EM FRENTE A PADARIA ROSARINHO,,,,ROSARINHO,ABALROAMENTO LONGITUDINAL,COLISÃO COM VITIMA,1,1,,,,,,,,1,,81,SUBURBIO,Cruzamento,Bom,Sem defeito,Perfeito estado,Seca,Perfeito estado,Faixa de pedestre,Outras,,Dupla,Canteiro central,,,,
2020-06-04,16:37:00,COM VÍTIMA,FINALIZADA,SANTO AMARO,AV GOVERNADOR AGAMENON MAGALHAES,0,,,EM FRENTE DA CENTRAL DE FLAGRANTE,,,,SANTO AMARO,COLISÃO TRASEIRA,ACIDENTE COM VÍTIMA ENVOLVENDO UMA MOTOCICLETA E UM AUTO PASSEIO,1,1,,,,,,,,1,,,BOA VIAGEM,Longo da via,Bom,Não existe,Perfeito estado,Seca,Perfeito estado,Não existe,Não há placas,60 km/h,Dupla,Canal,,,,
2020-06-05,12:46:00,COM VÍTIMA,FINALIZADA,TORRE,AV BEIRA RIO,3,195,,PROXIMO A PONTE DA TORRE,,,,TORRE,ABALROAMENTO LONGITUDINAL,AUTO E MOTO,1,1,,,,,,,,1,,,SUBURBIO,Longo da via,Bom,Não existe,Perfeito estado,Seca,Perfeito estado,Não existe,Não há placas,,Dupla,Faixa seccionada,,,,
2020-06-05,14:38:00,COM VÍTIMA,FINALIZADA,VASCO DA GAMA,AV VEREADOR OTACILIO AZEVEDO,3,992,RUA DIADEMA,EM FRENTE A CLÍNICA ODONTOLOGICA DR. LUIS CARLOS PESSOA,,,,VASCO DA GAMA,COLISÃO TRASEIRA,AUTO E MOTO COM UMA VÍTIMA,1,1,,,,,,,,1,,,SUBURBIO,Esquina,Bom,Não existe,Não existente,Seca,Perfeito estado,Não existe,Outras,,Dupla,Faixa seccionada,,,,
2020-06-05,22:24:00,COM VÍTIMA,FINALIZADA,AFOGADOS,RUA SAO MIGUEL,4,1324,,PARAÍSO DOS PETS,,,,AFOGADOS,ABALROAMENTO TRANSVERSAL,MOTO E AUTO,1,1,,,,,,,,1,,,SUBURBIO,Longo da via,Chuvoso,Não existe,Perfeito estado,Molhada,Perfeito estado,Não existe,Não há placas,,Dupla,Faixa seccionada,,,,
2020-06-06,00:02:00,COM VÍTIMA,FINALIZADA,APIPUCOS,RUA DE APIPUCOS,3,866,RUA MANDACARU,APÓS O AÇUDE DE APIPUCOS,,,,APIPUCOS,COLISÃO TRASEIRA,AUTO E MOTO,1,1,,,,,,,,1,,500,SUBURBIO,Esquina,Chuvoso,Sem defeito,Perfeito estado,Molhada,Perfeito estado,Faixa de pedestre,Não há placas,,Dupla,Faixa contínua,,,,
2020-06-06,04:33:00,COM VÍTIMA,FINALIZADA,SAO JOSE,AV SUL,0,,,CAIS DE SANTA RITA EM FRENTE AS TORRES GEMEAS. DEFRONTE AO 16º BPM.,,,,SÃO JOSÉ,ATROPELAMENTO,AUTO E PEDESTRE.,1,,,,1,,,,,1,,,CIDADE,Longo da via,Bom,Não existe,Perfeito estado,Seca,Perfeito estado,Não existe,Não há placas,60 km/h,Dupla,Canteiro central,,,,
2020-06-06,13:42:00,COM VÍTIMA,FINALIZADA,BOA VIAGEM,RUA VISCONDE DE JEQUITINHONHA,4,1503,,EM FRENTE AO POSTO BR DA VISCONDE DE JEQUITINHONHA. EDF PAINEIRAS.,,,,BOA VIAGEM,ABALROAMENTO LONGITUDINAL,COLISÃO MOTOCICLETA X AUTO PASSEIO,1,1,,,,,,,,2,,,SUBURBIO,Longo da via,Bom,Não existe,Perfeito estado,Seca,Perfeito estado,Não existe,Não há placas,60 km/h,Única,Canteiro central,,,,
2020-06-07,06:31:00,COM VÍTIMA,FINALIZADA,VASCO DA GAMA,RUA ALTO DO EUCALIPTO,3,128,,INDO PELA RUA VASCO DA GAMA RUA QUE FICA EM FRENTE A SUPERMERCADO RENDE MAIS,,,,VASCO DA GAMA,ABALROAMENTO LONGITUDINAL,COLISÃO AUTO X MOTO,1,1,,,,,,,,1,,,CIDADE,Longo da via,Chuvoso,Não existe,Não existente,Molhada,Perfeito estado,Não existe,Não há placas,,Dupla,Não existe,,,,
2020-06-08,08:19:00,COM VÍTIMA,FINALIZADA,TORRE,RUA PROFESSOR TRAJANO DE MENDONCA,3,148,RUA VITORIANO PALHARES,ATACADO DOS PRESENTES.,,,,TORRE,ABALROAMENTO TRANSVERSAL,COLISÃO COM VITIMA,1,1,,,,,,,,1,,,CIDADE,Longo da via,Bom,Não existe,Perfeito estado,Seca,Perfeito estado,Não existe,Outras,,Única,Faixa contínua,Faixa seccionada,,,
2020-06-08,14:48:00,COM VÍTIMA,FINALIZADA,IBURA,AV DOIS RIOS,3,250,,SESI IBURA.,,,,IBURA,COLISÃO TRASEIRA,CINCO VEÍCULOS ENVOLVIDOS EM UM ENGAVETAMENTO,5,,,,,,,,,1,,561,SUBURBIO,Longo da via,Bom,Sem defeito,Perfeito estado,Seca,Perfeito estado,Faixa de pedestre,R-6a,,Dupla,Faixa contínua,,,,
2020-06-08,18:02:00,COM VÍTIMA,FINALIZADA,SANTO AMARO,AV CRUZ CABUGA,4,1065,AV DR JAYME DA FONTE,EM FRENTE AO N 1065 E AO LADO DO (D E R),,,,SANTO AMARO,COLISÃO COM CICLISTA,COLISÃO COM VITIMA,,,,1,,1,,,,1,,343,SUBURBIO,Cruzamento,Bom,Sem defeito,Perfeito estado,Seca,Perfeito estado,Faixa de pedestre,Outras,,Dupla,,,,,
2020-06-08,18:29:00,COM VÍTIMA,FINALIZADA,ENCRUZILHADA,AV NORTE,4,2390,AV JOAO DE BARROS,EM FRENTE AO N 2390. BANCO SANTANDER,,,,ENCRUZILHADA,COLISÃO TRASEIRA,COLISÃO COM VITIMA,1,1,,,,,,,,1,,43,CIDADE,Longo da via,Bom,Sem defeito,Perfeito estado,Seca,Perfeito estado,Faixa de pedestre,Não há placas,60 km/h,Dupla,Canteiro central,,,,
2020-06-08,18:32:00,COM VÍTIMA,FINALIZADA,CASA FORTE,PRC DE CASA FORTE,0,,RUA VISCONDE DE OURO PRETO,,,,,CASA FORTE,ATROPELAMENTO,MOTO E PEDESTRE.,,1,,,1,,,,,1,,,SUBURBIO,Esquina,Bom,Não existe,Perfeito estado,Seca,Perfeito estado,Não existe,Outras,,Dupla,Não existe,,,,
2020-06-09,10:38:00,COM VÍTIMA,FINALIZADA,MACAXEIRA,AV NORTE,0,,RUA TIJUCAL,LADO OPOSTO AO PARQUE DA MACAXEIRA. TAMBÉM PRÓXIMO A UMA ESCOLA TÉCNICA (CONFORME SOLICITANTE). MEGA ÓLEO CENTER CAR.,,,,MACAXEIRA,ABALROAMENTO TRANSVERSAL,COISÃO ENTRE MOTOCICLETA E CAMINHÃO DA EMLURB,,1,,,,,1,,,1,,451,SUBURBIO,Cruzamento,Bom,Sem defeito,Perfeito estado,Seca,Perfeito estado,Faixa de pedestre,R-6a,,Dupla,Canteiro central,,,,
2020-06-09,13:23:00,COM VÍTIMA,FINALIZADA,BOA VISTA,AV CONDE DA BOA VISTA,4,1317,RUA GONCALVES MAIA,,,,,BOA VISTA,CHOQUE OBJETO FIXO,VEÍCULO SE CHOCOU COM O CANTEIRO CENTRAL E CAPOTOU COM DUAS VÍTIMAS,1,,,,,,,,,2,,299,CIDADE,Cruzamento,Bom,Sem defeito,Perfeito estado,Seca,Perfeito estado,Faixa de pedestre,R-6c,,Dupla,Canteiro central,,,,
2020-06-09,13:04:00,COM VÍTIMA,FINALIZADA,IMBIRIBEIRA,AV MARECHAL MASCARENHAS DE MORAES,3,570,RUA ARQUITETO FERNANDO ALMEIDA,AO LADO DO ARMAZEM CORAL,,,,IMBIRIBEIRA,CHOQUE VEÍCULO PARADO,COLISÃO ENTRE VEICULOS CAUSADA POR UM HOMEM BALEADO,3,,,,,,,,,1,,286,SUBURBIO,Longo da via,Chuvoso,Sem defeito,Perfeito estado,Molhada,Perfeito estado,Faixa de retenção,Outras,,Única,Não existe,,,,
2020-06-09,13:21:00,COM VÍTIMA,FINALIZADA,ESTANCIA,RUA MORAIS E SILVA,3,548,AV DR JOSE RUFINO,PROXIMO A IGREJA SANTA LUZIA,,,,ESTÂNCIA,COLISÃO FRONTAL,ÔNIBUS E MOTO.,,1,,,,1,,,,2,,,SUBURBIO,Esquina,Bom,Não existe,Não existente,Seca,Perfeito estado,Não existe,Não há placas,,Dupla,Faixa contínua,,,,
2020-06-09,14:19:00,COM VÍTIMA,FINALIZADA,SANTO AMARO,AV NORTE,3,803,RUA DO POMBAL,,,,,SANTO AMARO,ABALROAMENTO LONGITUDINAL,DUAS MOTOS ENVOLVIDAS.,,2,,,,,,,,2,,,CIDADE,Esquina,Bom,Não existe,Perfeito estado,Seca,Perfeito estado,,,,Dupla,Canteiro central,,,,
2020-06-09,15:27:00,COM VÍTIMA,FINALIZADA,CAMPO GRANDE,EST DE BELEM,3,121,RUA ODORICO MENDES,,,,,CAMPO GRANDE,ATROPELAMENTO,SI DINIZ NO LOCAL VT 30,1,,,,1,,,,,1,,26,,Longo da via,Bom,Com defeito,Perfeito estado,Seca,Perfeito estado,Faixa de pedestre,,,Dupla,Faixa contínua,,,,
2020-06-10,06:58:00,COM VÍTIMA,FINALIZADA,IBURA,AV DOM HELDER CAMARA,3,400,,Em frente ao comercial Fama,,,,IBURA,ATROPELAMENTO,Usuário informa que vinha de veiculo- quando foi surpreendido por transeunte que atravessou-se à frente de seu veículo. O mesmo informou ainda que acionou equipe de resgate.,1,,,,1,,,,,1,,,CIDADE,Longo da via,Chuvoso,Sem defeito,Incompleta,Molhada,Mal conservada,Não existe,Não há placas,,Dupla,Canteiro central,,,,
2020-06-10,07:45:00,COM VÍTIMA,FINALIZADA,SANTO AMARO,AV NORTE,0,,,PONTE LIMOEIRO,,,,SANTO AMARO,ACID. DE PERCURSO,MOTOCICLISTA DERRAPOU NA VIA,,1,,,,,,,,1,,243,CIDADE,Longo da via,Chuvoso,Sem defeito,Perfeito estado,Molhada,Perfeito estado,Faixa de pedestre,R-6a,,Dupla,Canteiro central,,,,
2020-06-10,09:55:00,COM VÍTIMA,FINALIZADA,NOVA DESCOBERTA,RUA NOVA DESCOBERTA,2,52,,Proximo semafóroro nº 065,,,,NOVA DESCOBERTA,ABALROAMENTO LONGITUDINAL,Usuário informa que motociclista derrapou e chocou-se frontal com um ônibus. Vímima socorrida pelo SAMU.,,1,,,,1,,,,1,,,CIDADE,Longo da via,Bom,Sem defeito,Perfeito estado,Seca,Perfeito estado,,Outras,,Dupla,Faixa seccionada,,,,
2020-06-10,12:47:00,COM VÍTIMA,FINALIZADA,BEBERIBE,AV BEBERIBE,4,3607,,Em frente ao Sest/ Senat,,,,BEBERIBE,COLISÃO COM CICLISTA,Condutor informa que transportava ferragem por ser serralheiro e o condutor da bicicleta enroscou-se- chegando a cair. O condutor informa que a viatura 32 está no local.,1,,,1,,,,,,1,,517,,Longo da via,Bom,Sem defeito,Perfeito estado,Seca,Perfeito estado,,R-6a,,Dupla,Faixa contínua,,,,
2020-06-10,18:22:00,COM VÍTIMA,FINALIZADA,GRACAS,AV RUI BARBOSA,0,,RUA AMELIA,POSTO SHELL,,,,GRAÇAS,ABALROAMENTO TRANSVERSAL,COLISÃO COM VITIMA- GGOF NO LOCAL,1,1,,,,,,,,1,,48,CIDADE,Cruzamento,Bom,Sem defeito,Perfeito estado,Seca,Perfeito estado,Faixa de pedestre,Outras,,Única,,,,,
2020-06-11,10:10:00,COM VÍTIMA,FINALIZADA,AREIAS,RUA SAO MIGUEL,3,685,,EM FRENTE A OFICINA AUTO PEÇAS. IGREJA BATISTA DE AFOGADOS,,,,AREIAS,ABALROAMENTO LONGITUDINAL,COLISÃO CARRO E MOTO,1,1,,,,,,,,1,,394,SUBURBIO,Longo da via,Bom,Sem defeito,Perfeito estado,Seca,Perfeito estado,Não existe,Não há placas,,Dupla,Faixa contínua,,,,
2020-06-11,11:15:00,VÍTIMA FATAL,FINALIZADA,CAXANGA,RUA GREGORIO JUNIOR,0,,AV CAXANGA,,,,,CAXANGÁ,ATROPELAMENTO,ATROPELAMENTO DO PEDESTRE POR UMA MOTO- A POSTERIOR O VEICULO PASSOU POR CIMA DA VÍTIMA. RESULTADO FINAL MOTOCICLISTA VITIMADO E O ATROPELADO EM ÓBITO,1,1,,,1,,,,,2,1,236,CIDADE,Longo da via,Nublado,Sem defeito,Perfeito estado,Seca,,Faixa de pedestre,Outras,,Única,Canteiro central,,,,
2020-06-11,11:23:00,COM VÍTIMA,FINALIZADA,TORRE,RUA CANTORA CLARA NUNES,0,,RUA SOUZA BANDEIRA,ANTIGO POSTO DE SAÚDE ENTREA UPINHA EMOCI CRAUZE E O DISTRITO SANITÁRIO 4- RUA QUE DÁ ACESSO A COMUNIDADE DE SANTA LUZIA,,,,TORRE,ABALROAMENTO TRANSVERSAL,COLISÃO CARRO E MOTO,1,1,,,,,,,,1,,,CIDADE,Cruzamento,Bom,Não existe,Não existente,Seca,Perfeito estado,Não existe,Não há placas,,Dupla,Não existe,,,,
2020-06-12,00:10:00,COM VÍTIMA,FINALIZADA,CORDEIRO,AV CAXANGA,4,1814,,SUPERMERCADO SOBERANO. JACARÉ VEÍCULOS,,,,CORDEIRO,COLISÃO FRONTAL,MOTOQUEIRO COLIDIU NO CAMINHÃO,,1,,,,,1,,,1,,,SUBURBIO,Longo da via,Chuvoso,Não existe,Perfeito estado,Molhada,Perfeito estado,Não existe,Outras,,Dupla,Canteiro central,,,,
2020-06-12,10:01:00,COM VÍTIMA,FINALIZADA,CORDEIRO,AV CAXANGA,3,833,RUA CARATINGA,EM FRENTE A WILL MOTOS RECIFE,,,,CORDEIRO,ABALROAMENTO LONGITUDINAL,COLISÃO COM VÍTIMA,1,1,,,,,,,,2,,,CIDADE,Esquina,Bom,Sem defeito,Perfeito estado,Seca,Perfeito estado,Faixa de pedestre,,,Dupla,Faixa contínua,Faixa seccionada,Canteiro central,,
2020-06-12,12:44:00,COM VÍTIMA,FINALIZADA,JIQUIA,RUA SAO MIGUEL,4,1850,,EM FRENTE DA DISTRIBUIDORA RENASCER,,,,JIQUIÁ,ABALROAMENTO TRANSVERSAL,COLISÃO COM VÍTIMA ENVOLVENDO TRÊS VEÍCULOS,1,2,,,,,,,,1,,,CIDADE,Longo da via,Bom,,Perfeito estado,Seca,Perfeito estado,Não existe,Não há placas,,Dupla,Faixa contínua,,,,
2020-06-12,14:48:00,COM VÍTIMA,FINALIZADA,APIPUCOS,AV DEZESSETE DE AGOSTO,0,,RUA GOVERNADOR SEABRA,,,,,APIPUCOS,ABALROAMENTO LONGITUDINAL,AUTO PASSEIO E MOTOCICLETA COM DUAS VÍTIMAS,1,1,,,,,,,,2,,,SUBURBIO,Longo da via,Bom,Não existe,Perfeito estado,Seca,Perfeito estado,Não existe,R-6a,,Dupla,Faixa seccionada,,,,
2020-06-12,20:45:00,COM VÍTIMA,FINALIZADA,BOA VIAGEM,RUA VISCONDE DE JEQUITINHONHA,0,,RUA BALTAZAR PASSOS,COM A RUA BALTHAZR PASSOS,,,,BOA VIAGEM,ABALROAMENTO TRANSVERSAL,COLISSÃO COM VITIMA,1,1,,,,,,,,1,,154,CIDADE,Cruzamento,Bom,Sem defeito,Perfeito estado,Seca,Perfeito estado,Faixa de pedestre,,,Única,,,,,
2020-06-13,23:31:00,COM VÍTIMA,FINALIZADA,MADALENA,RUA REAL DA TORRE,3,660,RUA DOM JOAO DE SOUZA,PPRÓXIMO AO MERCADO DA MADALENA,,,,MADALENA,ABALROAMENTO TRANSVERSAL,CARRO E MOTO,1,1,,,,,,,,1,,,SUBURBIO,Esquina,Chuvoso,Não existe,,Molhada,Perfeito estado,,Placas Pare,,,,,,,
2020-06-14,08:21:00,COM VÍTIMA,FINALIZADA,CABANGA,PTE GOVERNADOR PAULO GUERRA,0,,,AO LADO DA ESTAÇÃO DA COMPESA,,,,CABANGA,TOMBAMENTO,ACIDENTE DE PERCURSO COM MOTOCICLETA,,1,,,,,,,,1,,,SUBURBIO,Longo da via,Chuvoso,Não existe,Perfeito estado,Molhada,Perfeito estado,Não existe,Não há placas,,Única,Faixa seccionada,,,,
2020-06-14,19:56:00,COM VÍTIMA,FINALIZADA,MADALENA,RUA JOSE OSORIO,3,414,,PROXIMO AO MERCADO DA MADALENA . POSTO PETROBRAS,,,,MADALENA,CHOQUE VEÍCULO PARADO,COLISÃO AUTO E MOTO,1,1,,,,,,,,1,,,SUBURBIO,Longo da via,Chuvoso,Sem defeito,Perfeito estado,Molhada,Perfeito estado,Não existe,Não há placas,60 km/h,Única,Não existe,,,,
2020-06-15,19:28:00,COM VÍTIMA,FINALIZADA,CASA AMARELA,AV NORTE,0,,AV PROFESSOR JOSE DOS ANJOS,PRÓXIMO AO SESC DE CASA AMARELA,,,,CASA AMARELA,ABALROAMENTO TRANSVERSAL,,1,1,,,,,,,,1,,364,SUBURBIO,Cruzamento,Chuvoso,Sem defeito,Perfeito estado,Molhada,Perfeito estado,Faixa de pedestre,Não há placas,,Dupla,Faixa seccionada,,,,
2020-06-16,08:25:00,COM VÍTIMA,FINALIZADA,VARZEA,AV JOAQUIM RIBEIRO,0,,RUA FRANCISCO TORRES,DEFRONTE DA UPA DA CAXANGÁ,,,,VÁRZEA,ABALROAMENTO LONGITUDINAL,COLISÃO ENVOLVENDO MOTOCICLISTA E AUTOPASSEIO - EQUIPE DE AGENTES NO LOCAL PROCEDENDO À OCORRÊNCIA,1,1,,,,,,,,1,,368,CIDADE,Longo da via,Chuvoso,Sem defeito,Perfeito estado,Molhada,Perfeito estado,Faixa de pedestre,Não há placas,60 km/h,Única,Faixa seccionada,,,,
2020-06-17,11:29:00,COM VÍTIMA,FINALIZADA,IBURA,AV PERNAMBUCO,3,150,AV RIO SAO FRANCISCO,PROXIMO O EREM SÃO SEBASTIÃO LEME,,,,IBURA,ABALROAMENTO LONGITUDINAL,COLISÃO COM VITIMA ENTRE AUTO E MOTO.,1,1,,,,,,,,1,,,SUBURBIO,Cruzamento,Bom,Não existe,Perfeito estado,Seca,Perfeito estado,Não existe,Não há placas,,Dupla,Faixa seccionada,,,,
2020-06-17,15:20:00,COM VÍTIMA,FINALIZADA,CASA FORTE,AV DEZESSETE DE AGOSTO,4,2187,,PROXIMO AO MUSEU. FUNDAÇÃO JOAQUIM NABUCO,,,,CASA FORTE,COLISÃO TRASEIRA,,2,,,,,,,,,1,,,CIDADE,Longo da via,Bom,Não existe,Perfeito estado,Seca,Perfeito estado,Não existe,Não há placas,,Dupla,Faixa contínua,,,,
2020-06-17,15:51:00,COM VÍTIMA,FINALIZADA,MADALENA,RUA MENEZES DRUMOND,3,333,RUA ERNANI BRAGA,PRAÇA CALAZANS,,,,MADALENA,ABALROAMENTO TRANSVERSAL,,1,1,,,,,,,,1,,,SUBURBIO,Cruzamento,Bom,Não existe,Perfeito estado,Seca,Perfeito estado,Faixa de pedestre,R-4a,,Única,Faixa contínua,Faixa seccionada,,,
2020-06-17,19:06:00,COM VÍTIMA,FINALIZADA,JIQUIA,AV DR JOSE RUFINO,0,,RUA ANTONIO CARNEIRO,EM FRENTE AO COLISÃO VISÃO,,,,JIQUIÁ,ABALROAMENTO TRANSVERSAL,ACIDENTE ENTRE AUTO E MOTO,1,1,,,,,,,,1,,,,Esquina,Bom,Não existe,Perfeito estado,Seca,Perfeito estado,Não existe,Outras,,Dupla,Faixa contínua,Faixa seccionada,,,
2020-06-17,19:46:00,COM VÍTIMA,FINALIZADA,JORDAO,RUA DR ALVARO FERRAZ,0,,,RUA PRINCIPAL ONDE PASSA OS ÔNIBUS DO JORDÃO BAIXO,,,,JORDÃO,COLISÃO,DUAS MOTOS E UM CAMINHÃO,,2,,,,,1,,,1,,,,Longo da via,Chuvoso,Não existe,Incompleta,Molhada,Mal iluminada,Não existe,Não há placas,30KM,Única,Não existe,,,,
2020-06-18,09:53:00,COM VÍTIMA,FINALIZADA,IPUTINGA,AV CAXANGA,0,,AV PROFESSOR JOAQUIM CAVALCANTI,,,,,IPUTINGA,COLISÃO TRASEIRA,COLISÃO COM VITIMA,1,1,,,,,,,,1,,,SUBURBIO,Cruzamento,Bom,Não existe,Perfeito estado,Seca,Perfeito estado,Não existe,Não há placas,60 km/h,Dupla,Canteiro central,,,,