data,hora,natureza_acidente,situacao,bairro,endereco,,numero,detalhe_endereco_acidente,complemento,endereco_cruzamento,numero_cruzamento,referencia_cruzamento,bairro_cruzamento,tipo,descricao,auto,moto,ciclom,ciclista,pedestre,onibus,caminhao,viatura,outros,vitimas,vitimasfatais,num_semaforo,sentido_via,acidente_verificado,tempo_clima,situacao_semaforo,sinalizacao,condicao_via,conservacao_via,ponto_controle,situacao_placa,velocidade_max_via,mao_direcao,divisao_via1,divisao_via2,divisao_via3,_id,Protocolo
2020-07-03,09:12:00,COM VÍTIMA,FINALIZADA,SAO JOSE,PRC SERGIO LORETO,0,,AV SUL,EM FRENTE A PRAÇA SERGIO LORETO,,,,SÃO JOSÉ,COLISÃO TRASEIRA,MOTO E AUTO,1,1,,,,,,,,1,,311,CIDADE,Longo da via,Bom,Sem defeito,Perfeito estado,Seca,Perfeito estado,,,60 km/h,Única,Faixa contínua,Faixa seccionada,,,
2020-07-03,18:51:00,COM VÍTIMA,FINALIZADA,TORREAO,AV NORTE,4,1725,,EM FRENTE A CHEVROLLET PEDRAGON,,,,TORREÃO,ABALROAMENTO LONGITUDINAL,C/VITIMAS GM LUIZ HENRIQUE E ALLYSON NO QTH,1,1,,,,,,,,1,,376,CIDADE,Longo da via,Bom,Sem defeito,Perfeito estado,Seca,Perfeito estado,Agente,Não há placas,60 km/h,Dupla,Canteiro central,Blocos,,,
2020-07-03,21:43:00,COM VÍTIMA,FINALIZADA,GRACAS,RUA ALBERTO PAIVA,0,,RUA ANTONIO NOVAIS,EM FRENTE MINDS ESCOLA DE INGLES,,,,GRAÇAS,ABALROAMENTO TRANSVERSAL,AUTO E MOTO,1,1,,,,,,,,1,,360,,Cruzamento,Bom,Sem defeito,Perfeito estado,Seca,Perfeito estado,Não existe,Não há placas,,Única,,,,,
2020-07-04,13:27:00,COM VÍTIMA,FINALIZADA,BOA VIAGEM,AV ENGENHEIRO DOMINGOS FERREIRA,4,2774,RUA PROFESSOR JOSE BRANDAO,E/F A FARMACIA INDEPENDENTE,,,,BOA VIAGEM,ABALROAMENTO TRANSVERSAL,COLISAO ENTRE AUTO E MOTO COM UMA VITIMA,1,1,,,,,,,,1,,551,SUBURBIO,Cruzamento,Bom,Sem defeito,Perfeito estado,Seca,Perfeito estado,Faixa de pedestre,Outras,,Única,Faixa seccionada,Canteiro central,,,
2020-07-04,19:18:00,COM VÍTIMA,FINALIZADA,SANTO AMARO,AV GOVERNADOR AGAMENON MAGALHAES,0,,,AO LADO DO POSTO DESLURBE SENTIDO OLINDA VIA PRINCIPAL ANTES DO CAMPO DO 11. PARADA DE ÔNIBUS Nº 180191.,,,,SANTO AMARO,COLISÃO TRASEIRA,CLIO X MOTO,1,1,,,,,,,,1,,,OLINDA,Longo da via,Bom,Não existe,Perfeito estado,Seca,Perfeito estado,Não existe,Não há placas,60 km/h,Dupla,Canteiro central,Canal,,,
2020-07-05,07:17:00,COM VÍTIMA,FINALIZADA,CASA AMARELA,AV NORTE,4,6500,,LADO OPOSTO A POLICLÍNICA PROFESSOR BARROS LIMA,,,,CASA AMARELA,COLISÃO TRASEIRA,MOTO E ÔNIBUS.,,1,,,,1,,,,1,,256,SUBURBIO,Longo da via,Chuvoso,Intermitente,Perfeito estado,Molhada,Perfeito estado,Faixa de pedestre,R-6a,,Dupla,Canteiro central,,,,
2020-07-05,23:04:00,COM VÍTIMA,FINALIZADA,MADALENA,RUA DOM MANOEL DA COSTA,3,146,RUA PIO IX,APOS O BAR DO AJENOR,,,,MADALENA,ABALROAMENTO TRANSVERSAL,AUTO E MOTO,1,1,,,,,,,,2,,,CIDADE,Cruzamento,Chuvoso,Não existe,Incompleta,Molhada,Perfeito estado,Não existe,Não há placas,,Única,Faixa seccionada,,,,
2020-07-06,07:18:00,COM VÍTIMA,FINALIZADA,BOA VISTA,RUA PRINCESA IZABEL,0,,RUA DA UNIAO,PRÓXIMO A DELEGACIA DE CRIMES CIBERNÉTICOS,,,,BOA VISTA,COLISÃO TRASEIRA,AUTO E MOTO,1,1,,,,,,,,1,,167,CIDADE,Longo da via,Chuvoso,Sem defeito,Perfeito estado,Molhada,Perfeito estado,Faixa de pedestre,Não há placas,40 km/h,Única,Faixa contínua,,,,
2020-07-06,11:04:00,COM VÍTIMA,FINALIZADA,IBURA,AV DOIS RIOS,0,,RUA RIO XINGU,,,,,IBURA,ABALROAMENTO TRANSVERSAL,COLISÃO COM VÍTIMA AUTO E MOTO,1,1,,,,,,,,1,,351,SUBURBIO,Cruzamento,Bom,Sem defeito,Perfeito estado,Seca,Perfeito estado,Faixa de pedestre,Não há placas,,Dupla,Faixa contínua,,,,
2020-07-06,15:39:00,COM VÍTIMA,FINALIZADA,IPUTINGA,AV CAXANGA,0,,AV LUIZ DE LACERDA,E/F A CHEVROLET AO LADO DA FORD GRANVIA S/T CAMARAGIBE,,,,IPUTINGA,ABALROAMENTO TRANSVERSAL,COLISAO ENTRE DUAS MOTOS COM UMA VITIMA VT 29 NO LOCAL,,2,,,,,,,,2,,,SUBURBIO,Longo da via,Bom,,Perfeito estado,Seca,Perfeito estado,,,,Única,,,,,
2020-07-06,15:56:00,COM VÍTIMA,FINALIZADA,JARDIM SAO PAULO,RUA GUARULHOS,0,,RUA BRAGANCA,PROX AO VIADUTO DE JARDIM SAO PAULO NA RUA DA IGREJA PAULO HORTENCIO. POSTE B072999.,,,,JARDIM SÃO PAULO,ABALROAMENTO TRANSVERSAL,COLISAO ENTRE DOIS AUTO COM UMA VITIMA,2,,,,,,,,,1,,,BR 101,Cruzamento,Bom,Não existe,Não existente,Seca,Perfeito estado,Não existe,Não há placas,,Dupla,Não existe,,,,
2020-07-06,17:10:00,COM VÍTIMA,FINALIZADA,MANGABEIRA,AV PROFESSOR JOSE DOS ANJOS,0,,EST VELHA DE AGUA FRIA,,,,,MANGABEIRA,CHOQUE VEÍCULO PARADO,COM VÍTIMA,,1,,,,,1,,,1,,,SUBURBIO,Longo da via,Bom,Sem defeito,Perfeito estado,Seca,Perfeito estado,Não existe,R-6a,40 km/h,Dupla,Canteiro central,,,,
2020-07-06,17:27:00,COM VÍTIMA,FINALIZADA,BOA VIAGEM,RUA VISCONDE DE JEQUITINHONHA,0,,RUA CAPITAO ZUZINHA,NO SEMAFORO 433 GM JORGE ANDERSON E MARCIA NO LOCAL. PISTA LOCAL.,,,,BOA VIAGEM,ABALROAMENTO LONGITUDINAL,COLISAO ENTRE AUTO E MOTO COM UMA VITIMA,1,1,,,,,,,,1,,433,SUBURBIO,Cruzamento,Bom,Sem defeito,Perfeito estado,Seca,Perfeito estado,Faixa de pedestre,R-4a,60 km/h,Única,Canteiro central,,,,
2020-07-06,21:15:00,COM VÍTIMA,FINALIZADA,BEBERIBE,AV BEBERIBE,4,2132,,PROX AO MERCADO DE AGUA FRIA. LOJÃO DOS PRESENTES.,,,,BEBERIBE,COLISÃO FRONTAL,MOTO X VT DA POLICA MILITAR,,1,,,,,,1,,1,,187,CIDADE,Longo da via,Chuvoso,Sem defeito,Perfeito estado,Molhada,Perfeito estado,Não existe,Outras,,Dupla,Faixa contínua,,,,
2020-07-07,07:11:00,COM VÍTIMA,FINALIZADA,DOIS UNIDOS,RUA VARZEA DO GILO,0,,RUA VISCONDE DE GARRETT,PROX A VILA MIGUEL ARRAIS,,,,DOIS UNIDOS,TOMBAMENTO,CONDUTOR DA BICICLETA TOMBOU E CAIU,,,,1,,,,,,1,,,SUBURBIO,,,,,,,,,,,,,,,
2020-07-07,07:43:00,COM VÍTIMA,FINALIZADA,SANTO AMARO,AV GOVERNADOR AGAMENON MAGALHAES,4,2885,,EM FRENTE A CONCEISIONARA DA JEEP- NA SUBIDA DO VIADUTO DE JOÃO DE BARROS,,,,SANTO AMARO,ABALROAMENTO LONGITUDINAL,AUTOMOVEL NA TROCA DE FAIXA O CONDUTOR DA MOTO BATEU NO RETROVISOR DO CARRO TOMBOU CAIU,1,1,,,,,,,,1,,,CIDADE,Longo da via,Bom,Não existe,Perfeito estado,Seca,Perfeito estado,Não existe,Não há placas,60 km/h,Dupla,Canteiro central,,,,
2020-07-07,10:15:00,COM VÍTIMA,FINALIZADA,AGUA FRIA,RUA LADEIRA DE PEDRA,3,116,,SUBIDA DO ALTO PASQUAL,,,,ÁGUA FRIA,COLISÃO FRONTAL,COM 05 VÍTIMAS.,1,1,,,,,1,,,5,,,CIDADE,Longo da via,Bom,Não existe,Incompleta,Seca,Perfeito estado,Não existe,Não há placas,,Dupla,Não existe,,,,
2020-07-07,13:11:00,COM VÍTIMA,FINALIZADA,AFOGADOS,EST DOS REMEDIOS,4,1127,RUA MAGUARI,EM FRENTE A BELO AUTO PEÇAS AO LADO DO RESTAURANTE BODE DO MATUTO. CUNHA PNEUS.,,,,AFOGADOS,ABALROAMENTO TRANSVERSAL,COLISÃO ENTRE AUTO E MOTO COM VITIMAS,1,1,,,,,,,,1,,,CIDADE,Esquina,Bom,Não existe,Incompleta,Seca,Perfeito estado,Não existe,Não há placas,,Única,Faixa seccionada,,,,
2020-07-07,18:58:00,COM VÍTIMA,FINALIZADA,CASA FORTE,RUA AFONSO DE ALBUQUERQUE MELO,0,,,POR TRAS DO BOMPREÇO DE CASA FORTE E EM FRENTE AO RESTAURANTE TITO,,,,CASA FORTE,COLISÃO COM CICLISTA,AUTO E BICICLETA.,1,,,1,,,,,,1,,,CIDADE,Longo da via,Bom,Não existe,,,,,,,Única,,,,,
2020-07-07,20:13:00,COM VÍTIMA,FINALIZADA,GRACAS,RUA ESMERALDINO BANDEIRA,3,395,,PRÓX AO BAR TRADIÇÃO,,,,GRAÇAS,CAPOTAMENTO,COLISÃO ENTRE AUTO E MOTO C/V,1,1,,,,,,,,1,,,SUBURBIO,Longo da via,Bom,Não existe,Não existente,Seca,Perfeito estado,Não existe,Não há placas,,Única,Não existe,,,,
2020-07-08,11:39:00,COM VÍTIMA,FINALIZADA,SANTO AMARO,RUA DO HOSPICIO,0,,RUA PRINCESA IZABEL,AO LADO DO PARQUE TREZE DE MAIO. CAMARA DOS VEREADORES.,,,,SANTO AMARO,ABALROAMENTO LONGITUDINAL,AUTO E MOTO.,1,1,,,,,,,,1,,31,CIDADE,Longo da via,Bom,Sem defeito,Perfeito estado,Seca,Perfeito estado,,Outras,,Dupla,Não existe,,,,
2020-07-09,08:20:00,COM VÍTIMA,FINALIZADA,BOA VIAGEM,RUA RIBEIRO DE BRITO,4,1084,RUA GENERAL AMERICANO FREIRE,EM FRENTE AO POSTO BR,,,,BOA VIAGEM,ABALROAMENTO LONGITUDINAL,COM UMA VITIMA AGUARDANDO SAMU-VT 29 GM CARLOS FERNANDES /GM LEYDSON/GM ISLA DA CTTU NO LOCAL,2,1,,,,,,,,2,,,SUBURBIO,Cruzamento,Chuvoso,Não existe,Perfeito estado,Molhada,Perfeito estado,Não existe,R-6a,,Única,Faixa seccionada,,,,
2020-07-09,11:48:00,COM VÍTIMA,FINALIZADA,IPSEP,AV RECIFE,0,,,APÓS O SAL E BRASA. PONTO DE ÔNIBUS Nº 020133.,,,,IPSEP,COLISÃO COM CICLISTA,ÔNIBUS E BICICLETA.,,,,1,,1,,,,1,,393,CEASA,Longo da via,Bom,Sem defeito,Perfeito estado,Seca,Perfeito estado,Faixa de pedestre,R-32,60 km/h,Dupla,Canteiro central,,,,
2020-07-09,16:24:00,COM VÍTIMA,FINALIZADA,RECIFE,PTE BUARQUE DE MACEDO,0,,,EM FRENTE AO BANCO DO BRASIL,,,,BAIRRO DO RECIFE,ABALROAMENTO LONGITUDINAL,DUAS MOTOS.,2,,,,,,,,,1,,19,,Ponte,Bom,Sem defeito,Perfeito estado,Seca,Perfeito estado,Outros,Outras,,,Faixa contínua,Faixa seccionada,,,
2020-07-09,17:31:00,COM VÍTIMA,FINALIZADA,BOA VIAGEM,RUA SA E SOUZA,0,,RUA BALTAZAR PASSOS,E/F A CULTURA INGLESA,,,,BOA VIAGEM,ABALROAMENTO LONGITUDINAL,COLISÃO C/VITIMAS ENTRE UM AUTO E UM CAMINHÃO,1,,,,,,1,,,1,,,SUBURBIO,Cruzamento,Chuvoso,Não existe,Perfeito estado,Molhada,Perfeito estado,,Placas Pare,,Única,Faixa seccionada,,,,
2020-07-09,17:44:00,COM VÍTIMA,FINALIZADA,CASA AMARELA,EST DO ARRAIAL,0,,RUA DES GOIS CAVALCANTE,EM FRENTE AO HOSPITAL AGAMENON MAGALHAES,,,,CASA AMARELA,ABALROAMENTO LONGITUDINAL,COLISAO ENTRE DUAS MOTOS,,2,,,,,,,,1,,,,Esquina,Bom,Sem defeito,Perfeito estado,Seca,Perfeito estado,,Outras,,Única,Faixa seccionada,,,,
2020-07-10,13:39:00,COM VÍTIMA,FINALIZADA,SANTO AMARO,AV CRUZ CABUGA,0,,RUA CAPITAO LIMA,EM FRENTE A IGREJA UNIVERSAL.,,,,SANTO AMARO,ABALROAMENTO LONGITUDINAL,COLISÃO ENTRE AUTO E MOTOCICLETA COM VÍTIMA,1,1,,,,,,,,1,,,SUBURBIO,Longo da via,Bom,,Perfeito estado,Seca,Perfeito estado,Outros,Outras,,Dupla,Faixa contínua,Faixa seccionada,,,
2020-07-11,10:55:00,COM VÍTIMA,FINALIZADA,IMBIRIBEIRA,AV MARECHAL MASCARENHAS DE MORAES,4,6345,,EM FRENTE A SUCESSO LOCADORA DE VEÍCULOS,,,,IMBIRIBEIRA,COLISÃO TRASEIRA,COLISÃO COM UMA VITIMA/VT 29 DA CTTU NO LOCAL,1,1,,,,,,,,1,,,CIDADE,Longo da via,Bom,Não existe,Perfeito estado,Seca,Perfeito estado,Não existe,Outras,60 km/h,Dupla,Canteiro central,,,,
2020-07-11,11:56:00,COM VÍTIMA,FINALIZADA,TORRE,AV BEIRA RIO,0,,RUA JANUARIO BARBOSA,,,,,TORRE,CHOQUE,CONFORME O MOTORISTA HOUVE UMA COLISÃO SEGUINDA DE CHOQUE. UMAS DAS PARTES SE EVADIU DO LOCAL,2,,,,,,,,,1,,,,Cruzamento,Chuvoso,Não existe,Perfeito estado,Seca,Perfeito estado,Faixa de pedestre,R-6a,,Dupla,Faixa seccionada,,,,
2020-07-11,13:31:00,COM VÍTIMA,FINALIZADA,NOVA DESCOBERTA,AV JOSE AMERICO DE ALMEIDA,3,151,,E/F AO EDF. RESIDENCIAL AQUARELA,,,,NOVA DESCOBERTA,ABALROAMENTO TRANSVERSAL,COLISÃO C/VITIMA ENTRE UM AUTO E MOTO,1,1,,,,,,,,1,,,CIDADE,Longo da via,Chuvoso,Não existe,Não existente,Molhada,Perfeito estado,Não existe,Não há placas,,Dupla,Canteiro central,,,,
2020-07-11,14:20:00,COM VÍTIMA,FINALIZADA,IPSEP,RUA PINTOR ANTONIO ALBUQUERQUE,3,525,,EM FRENTE A OFICINA R13/PROX A ENTRADA DO BAR DE LUCIANO,,,,IPSEP,COLISÃO FRONTAL,AUTO E MOTO,1,1,,,,,,,,1,,,CIDADE,Longo da via,Chuvoso,Não existe,Perfeito estado,Molhada,Perfeito estado,Não existe,,,Dupla,Não existe,,,,
2020-07-11,15:19:00,COM VÍTIMA,FINALIZADA,SANTO ANTONIO,AV GUARARAPES,0,,AV DANTAS BARRETO,EM FRENTE AO PREDIO DO INSS,,,,SANTO ANTÔNIO,ATROPELAMENTO,ATROPELAMENTO ONIBUS/PEDESTRE,,,,,1,1,,,,1,,15,SUBURBIO,Cruzamento,Chuvoso,Sem defeito,Perfeito estado,Molhada,Perfeito estado,Faixa de pedestre,Outras,,,Faixa seccionada,Canteiro central,,,
2020-07-11,17:38:00,COM VÍTIMA,FINALIZADA,MONTEIRO,AV DEZESSETE DE AGOSTO,4,2290,RUA PIAUI,AO LADO DO CENTRO OFTAMOLOGICO SENADOR ERMIRIO DE MORAES/ AO LADO DO POSTO DISLUB,,,,MONTEIRO,COLISÃO FRONTAL,AUTO E MOTO,1,1,,,,,,,,1,,251,CIDADE,Cruzamento,Chuvoso,Sem defeito,Perfeito estado,Molhada,Perfeito estado,Faixa de pedestre,Outras,,Dupla,Faixa contínua,,,,
2020-07-11,21:32:00,COM VÍTIMA,FINALIZADA,BOA VIAGEM,AV ENGENHEIRO DOMINGOS FERREIRA,4,3175,RUA MAMANGUAPE,DROGARIA SÃO PAULO,,,,BOA VIAGEM,COLISÃO TRASEIRA,COLISAO DE AUTO E MOTO,1,1,,,,,,,,1,,,SUBURBIO,Longo da via,Chuvoso,Não existe,Perfeito estado,Molhada,Perfeito estado,Não existe,Não há placas,,Única,Faixa seccionada,Canteiro central,,,
2020-07-12,00:18:00,COM VÍTIMA,FINALIZADA,TORROES,RUA PROFESSOR JOAQUIM XAVIER DE BRITO,3,166,RUA OCIDENTAL,TÉRMINAL SÍTIO DAS PALMEIRAS,,,,TORRÕES,ABALROAMENTO TRANSVERSAL,AUTO E MOTO,1,1,,,,,,,,1,,,SUBURBIO,Cruzamento,Chuvoso,Não existe,Ilegível,Molhada,Perfeito estado,Não existe,Placas Pare,,Dupla,Não existe,,,,
2020-07-12,09:38:00,COM VÍTIMA,FINALIZADA,CASA FORTE,EST DO ENCANAMENTO,0,,EST DAS UBAIAS-,PROX A FARMACIA DROGASIL,,,,CASA FORTE,ABALROAMENTO LONGITUDINAL,COLISÃO COM VITIMA SOCORRIDA PELO SAMU  GM CLOVIS E EDMILSON QTH,2,,,,,,,,,1,,593,CIDADE,Cruzamento,Bom,Sem defeito,Perfeito estado,Seca,Perfeito estado,,,40 km/h,Única,Faixa,,,,
2020-07-12,18:31:00,COM VÍTIMA,FINALIZADA,SANCHO,AV LIBERDADE,3,102,,ENF. AO CEMITERIO PARQUE DAS FLORES.,,,,SANCHO,COLISÃO FRONTAL,MOTO X AUTO     OBS : SUSPEITA DE EMBRIAGUEZ,1,1,,,,,,,,1,,,SUBURBIO,Longo da via,Bom,Não existe,Não existente,Seca,Perfeito estado,Não existe,Não há placas,40 km/h,Dupla,Faixa contínua,,,,
2020-07-12,19:18:00,COM VÍTIMA,FINALIZADA,SANTANA,RUA ASTERIO RUFINO ALVES,3,238,RUA AGRESTINA,E/F A PRC COMPOSITOR ANTONIO MARIA E AO EDF. BARONESA DE GURJAHÚ - APÓS O CPRH // PRÓX AO PARQUE SANTANA,,,,SANTANA,ABALROAMENTO LONGITUDINAL,ENTRE 2 MOTOS. C/V,,2,,,,,,,,1,,,SUBURBIO,Esquina,Bom,Não existe,Não existente,Seca,Perfeito estado,Não existe,Não há placas,,Dupla,Não existe,,,,
2020-07-12,20:30:00,COM VÍTIMA,FINALIZADA,AGUA FRIA,RUA JOAQUIM GONCALVES TORREIRO,3,113,,PRÓX A BODEGA BAR E PADARIA SANTO ANTONIO,,,,ÁGUA FRIA,CHOQUE VEÍCULO PARADO,ENTRE AUTO E MOTO. C/V,1,1,,,,,,,,1,,,SUBURBIO,Longo da via,Bom,Não existe,Não existente,Seca,Mal iluminada,Não existe,Não há placas,,Dupla,Não existe,,,,
2020-07-13,07:27:00,COM VÍTIMA,FINALIZADA,MADALENA,AV BEIRA RIO,2,51,RUA PADRE ANCHIETA,EM FRENTE A ACADEMIA DA CIDADE. AO LADO DA PRAÇA DOMINGOS GIOVANETTI.,,,,MADALENA,COLISÃO COM CICLISTA,AUTO E CICLISTA,1,,,1,,,,,,1,,,SUBURBIO,Cruzamento,Bom,Sem defeito,Ilegível,Seca,Perfeito estado,Não existe,R-6a,,Dupla,Faixa,,,,
2020-07-13,08:54:00,COM VÍTIMA,FINALIZADA,AREIAS,AV RECIFE,0,,,PROX AO MAKRO. LADO OPOSTO AO POSTO BR,,,,AREIAS,ABALROAMENTO LONGITUDINAL,C/VITIMAS- ENTRE MOTO E AUTO.AUTO EVADIU,,1,,,,,,,,1,,620,AEROPORTO,Longo da via,Bom,Sem defeito,Incompleta,Seca,Perfeito estado,Faixa de retenção,Outras,60 km/h,Dupla,Canteiro central,,,,
2020-07-13,09:37:00,COM VÍTIMA,FINALIZADA,JAQUEIRA,AV RUI BARBOSA,0,,RUA DEPUTADO PEDRO PIRES FERREIRA,PRÓXIMO AO PARQUE DA JAQUEIRA,,,,JAQUEIRA,ABALROAMENTO TRANSVERSAL,ENTRE AUTO E MOTO COM DUAS VITIMAS-SAMU NO LOCAL/CTTU VT07 INSP SILVAN/ INSP THOMÁS JEFERSOM,1,1,,,,,,,,1,,,SUBURBIO,Longo da via,Bom,Não existe,Perfeito estado,Seca,Perfeito estado,,Outras,,Única,Faixa contínua,,,,
2020-07-13,10:21:00,COM VÍTIMA,FINALIZADA,CORDEIRO,AV INACIO MONTEIRO,0,,RUA ITABORA,COLÉGIO ALBERT SABIN,,,,CORDEIRO,ABALROAMENTO TRANSVERSAL,C/ VITIMAS MOTO E AUTO,1,1,,,,,,,,1,,,CIDADE,Cruzamento,Bom,Não existe,Ilegível,Seca,Perfeito estado,Não existe,Placas Pare,,Dupla,Faixa contínua,,,,
2020-07-13,13:16:00,COM VÍTIMA,FINALIZADA,ILHA JOANA BEZERRA,RUA IMPERIAL,4,1217,RUA BOM SUCESSO,ANTES DO VIADUTO DA JOANA BEZERRA /PROX AO COLEGIO JOAQUIM NABUCO. PANIFICADORA PÃO PÃO.,,,,ILHA JOANA BEZERRA,ABALROAMENTO LONGITUDINAL,COLISAO ENTRE CARRO/MOTO,1,1,,,,,,,,2,,,SUBURBIO,Esquina,Bom,Não existe,Perfeito estado,Seca,Perfeito estado,Não existe,R-6a,,Única,Faixa seccionada,,,,
2020-07-13,13:39:00,COM VÍTIMA,FINALIZADA,AFOGADOS,RUA SAO MIGUEL,4,2027,,EM FRENTE A FÁBRICA DA IOLANDA. POSTO PETROISA.,,,,AFOGADOS,ABALROAMENTO TRANSVERSAL,AUTO E DUAS MOTOS,1,2,,,,,,,,1,,,SUBURBIO,Longo da via,Bom,Não existe,Incompleta,Seca,Perfeito estado,Não existe,Não há placas,,Dupla,Faixa seccionada,,,,
2020-07-13,15:55:00,COM VÍTIMA,FINALIZADA,IMBIRIBEIRA,AV MARECHAL MASCARENHAS DE MORAES,3,417,,EM FRENTE A FLOR E ARTE,,,,IMBIRIBEIRA,ABALROAMENTO TRANSVERSAL,COLISÃO C/VITIMA ENTRE UM AUTO E UMA MOTO (GM BRENO ALVES NO QTH),1,1,,,,,,,,1,,,CIDADE,Longo da via,Bom,Sem defeito,Perfeito estado,Seca,Perfeito estado,Faixa de pedestre,R-6a,60 km/h,Dupla,Canteiro central,,,,
2020-07-13,16:06:00,COM VÍTIMA,FINALIZADA,ARRUDA,RUA ZEFERINO AGRA,3,933,RUA DEZESSEIS DE JULHO,APÓS A ESCOLA ALFREDO FREIRE -PROX A DESTRIBUIDORA DE GÁS,,,,ARRUDA,ABALROAMENTO LONGITUDINAL,COLISAO ENTRE AUTO/MOTO,1,1,,,,,,,,1,,,SUBURBIO,Cruzamento,Bom,Não existe,Não existente,Seca,Perfeito estado,Não existe,Não há placas,,Dupla,Faixa seccionada,,,,
2020-07-13,16:56:00,COM VÍTIMA,FINALIZADA,MACAXEIRA,AV NORTE,0,,RUA MARIA CANDIDA,EM FRENTE A ESCOLA TECNICA MIGUEL BATISTA. ANTIGA FÁBRICA DA MACAXEIRA.,,,,MACAXEIRA,ATROPELAMENTO,ATROPELAMENTO ENTRE AUTO/PEDESTRE,1,,,,1,,,,,1,,296,CIDADE,Longo da via,Bom,Sem defeito,Perfeito estado,Seca,Perfeito estado,Faixa de pedestre,Não há placas,60 km/h,Dupla,Canteiro central,,,,
2020-07-13,18:21:00,COM VÍTIMA,FINALIZADA,CORDEIRO,AV CAXANGA,0,,AV GENERAL SAN MARTIN,AO LADO DA ESTAÇÃO BRT. INTEGRAÇÃO GETÚLIO VARGAS.,,,,CORDEIRO,ATROPELAMENTO,MOTO E PEDESTRE.,,1,,,1,,,,,1,,266,CIDADE,Longo da via,Bom,Sem defeito,Perfeito estado,Seca,Perfeito estado,Faixa de pedestre,Outras,,Dupla,Canteiro central,,,,
2020-07-13,19:07:00,COM VÍTIMA,FINALIZADA,MADALENA,AV BEIRA RIO,3,650,RUA JANUARIO BARBOSA,EM FRENTE AO EDF PASARGADA,,,,MADALENA,ABALROAMENTO TRANSVERSAL,COLISÃO ENTRE AUTO E MOTO- C/V,1,1,,,,,,,,1,,,,Esquina,Chuvoso,Não existe,Perfeito estado,Molhada,Perfeito estado,Não existe,R-6a,,Dupla,Faixa seccionada,,,,
2020-07-14,02:11:00,COM VÍTIMA,FINALIZADA,BOA VIAGEM,AV DES JOSE NEVES,3,309,,SENTIDO PIEDADE- CERCA DE 500 METROS APÓS O TÚNEL,,,,BOA VIAGEM,ABALROAMENTO LONGITUDINAL,COLISÃO ENTRE ÔNIBUS E MOTO- C/V,1,1,,,,,,,,1,,,SUBURBIO,Longo da via,Bom,Não existe,Perfeito estado,Seca,Perfeito estado,Não existe,Não há placas,,Dupla,Canal,,,,
2020-07-14,06:25:00,COM VÍTIMA,FINALIZADA,DERBY,AV GOVERNADOR AGAMENON MAGALHAES,0,,RUA HENRIQUE DIAS,EM FRENTE AO ANTIGO RESTAURANTE SPETTUS,,,,DERBY,ABALROAMENTO TRANSVERSAL,AMBULANCIA E 2 MOTOS C/V,1,2,,,,,,,,2,,68,CIDADE,Cruzamento,Bom,Sem defeito,Perfeito estado,Seca,Perfeito estado,Faixa de pedestre,R-6a,60 km/h,Única,Faixa,,,,
2020-07-14,17:48:00,COM VÍTIMA,FINALIZADA,MADALENA,RUA PADRE LANDIM,0,,RUA DOM MANOEL DA COSTA,E/F A ESCOLA MUNICIPAL CRISTO REI,,,,MADALENA,COLISÃO COM CICLISTA,COLISAO ENTRE AUTO E CICLISTA VT 14 NO LOCAL,1,,,1,,,,,,1,,252,CIDADE,Cruzamento,Bom,Não existe,Perfeito estado,Seca,Perfeito estado,Faixa de pedestre,Outras,,Única,Faixa seccionada,,,,
2020-07-14,18:36:00,COM VÍTIMA,FINALIZADA,DERBY,AV GOVERNADOR AGAMENON MAGALHAES,0,,,ENF. AO HAPIVIDA PROX AO BANCO DO BRASIL,,,,DERBY,ABALROAMENTO LONGITUDINAL,MOTO X AUTO OBS: BATEDORES 03 X 40 NO LOCAL. UMA DAS PARTES SE EVADIU DO LOCAL.,1,1,,,,,,,,1,,,SUBURBIO,Longo da via,Bom,Não existe,Perfeito estado,Seca,Perfeito estado,Outros,Não há placas,,Única,Faixa seccionada,,,,