data,hora,natureza_acidente,situacao,bairro,endereco,,numero,detalhe_endereco_acidente,complemento,endereco_cruzamento,numero_cruzamento,referencia_cruzamento,bairro_cruzamento,tipo,descricao,auto,moto,ciclom,ciclista,pedestre,onibus,caminhao,viatura,outros,vitimas,vitimasfatais,num_semaforo,sentido_via,acidente_verificado,tempo_clima,situacao_semaforo,sinalizacao,condicao_via,conservacao_via,ponto_controle,situacao_placa,velocidade_max_via,mao_direcao,divisao_via1,divisao_via2,divisao_via3,_id,Protocolo
2020-07-14,20:20:00,COM VÍTIMA,FINALIZADA,BOA VIAGEM,RUA JOAO CARDOSO AIRES,3,647,RUA ALMIRANTE BATISTA LEAO,E/F AO HAPVIDA,,,,BOA VIAGEM,COLISÃO FRONTAL,ENTRE MOTO E AUTO. C/V,1,1,,,,,,,,1,,,SUBURBIO,Cruzamento,Bom,Não existe,Incompleta,Seca,Mal iluminada,Não existe,Placas Pare,,Única,,,,,
2020-07-14,22:46:00,COM VÍTIMA,FINALIZADA,MANGUEIRA,RUA SAO MIGUEL,4,1347,,ENF. A DROGARIA BONGI PROX AO RESTAURANTE BODE DO NO,,,,MANGUEIRA,ABALROAMENTO TRANSVERSAL,AUTO E MOTO,1,1,,,,,,,,2,,,CIDADE,Longo da via,Bom,Não existe,Perfeito estado,Seca,Perfeito estado,Não existe,Não há placas,,Dupla,Faixa contínua,Faixa seccionada,,,
2020-07-15,14:23:00,COM VÍTIMA,FINALIZADA,PAISSANDU,AV GOVERNADOR AGAMENON MAGALHAES,4,4581,RUA PAISSANDU,EM FRENTE AO BANCO SAFRA,,,,PAISSANDU,COLISÃO TRASEIRA,COLISÃO COM VÍTIMA,1,1,,,,,,,,1,,,CIDADE,Longo da via,Bom,Sem defeito,Perfeito estado,Seca,Perfeito estado,Faixa de pedestre,Não há placas,60 km/h,Única,Faixa seccionada,,,,
2020-07-16,08:04:00,COM VÍTIMA,FINALIZADA,VARZEA,RUA MARIO CAMPELO,3,302,,EM FRENTE A MINHA DOCE VIDA BOLO E CIA,,,,VÁRZEA,TOMBAMENTO,QUEDA DE MOTOCICLISTA,,1,,,,,,,,1,,,,Longo da via,Chuvoso,Não existe,Não existente,Molhada,Perfeito estado,Não existe,Não há placas,,Dupla,Não existe,,,,
2020-07-16,19:34:00,COM VÍTIMA,FINALIZADA,PINA,AV ENGENHEIRO DOMINGOS FERREIRA,3,703,,LADO OPOSTO AO CLINICAL CENTER. IBIS HOTEL.,,,,PINA,CAPOTAMENTO,VEICULO VW/GOL CAPOTOU E EM SEGUIDA CHOCOU-SE CONTRA UMA GM/SPIN,2,,,,,,,,,3,,,SUBURBIO,Longo da via,Bom,Não existe,Perfeito estado,Seca,Perfeito estado,,Não há placas,50 km/h,Única,Canteiro central,,,,
2020-07-17,06:05:00,COM VÍTIMA,FINALIZADA,IMBIRIBEIRA,AV MARECHAL MASCARENHAS DE MORAES,0,,RUA JOAQUIM BANDEIRA,EM FRENTE A RENAULT,,,,IMBIRIBEIRA,COLISÃO COM CICLISTA,COM UMA VITIMA-SAMU JÁ ACIONADO-CTTU NO LOCAL VT 07-SUB INSP MARCILIO,,,,1,,1,,,,1,,534,CIDADE,Cruzamento,Bom,Sem defeito,Perfeito estado,Seca,Perfeito estado,Faixa de pedestre,,,Dupla,Canteiro central,,,,
2020-07-17,09:11:00,COM VÍTIMA,FINALIZADA,ILHA JOANA BEZERRA,VDO PAPA JOAO PAULO II,0,,,SOBRE O VIADUTO CAPITÃO TEMUDO. ALÇA DE ENTRADA DO SHOPPING RIO MAR.,,,,JOANA BEZERRA,ABALROAMENTO LONGITUDINAL,COM UMA VITIMA AGUARDANDO SAMU/AUTO PASSEIO SE EVADIU,1,1,,,,,,,,1,,,SUBURBIO,Viaduto,Chuvoso,Não existe,Perfeito estado,Molhada,Perfeito estado,Não existe,Não há placas,,Única,Faixa seccionada,,,,
2020-07-18,01:41:00,COM VÍTIMA,FINALIZADA,MADALENA,AV VISCONDE DE ALBUQUERQUE,0,,RUA JOSE OSORIO,FÁMACIA EXTRAFARMA,,,,MADALENA,COLISÃO FRONTAL,ACIDENTE ENTRE DOIS AUTOS UM DOS VEÍCULOS SEM CONDIÇÕES DE SAIR DO LOCAL OBSTRUIDO A VIA.,2,,,,,,,,,1,,50,SUBURBIO,Cruzamento,Chuvoso,Sem defeito,Perfeito estado,Molhada,Perfeito estado,,Não há placas,,Única,Faixa seccionada,,,,
2020-07-18,08:14:00,COM VÍTIMA,FINALIZADA,VARZEA,AV CAXANGA,4,5335,,LADO OPOSTO AO CAXANGÁ GOLF E COUNTRY CLUB.,,,,VÁRZEA,COLISÃO COM CICLISTA,MOTO E CICLISTA,,1,,1,,,,,,1,,,CIDADE,Longo da via,Chuvoso,Não existe,Não existente,Molhada,Perfeito estado,Não existe,Não há placas,,Única,Canteiro central,,,,
2020-07-18,10:58:00,COM VÍTIMA,FINALIZADA,ARRUDA,AV BEBERIBE,3,848,RUA PROFESSORA ANTONIA RIBEIRO CAMPOS,DE ESQUINA COM A LOJA LOJÃO DO PETROLEO,,,,ARRUDA,ABALROAMENTO LONGITUDINAL,COLISÃO COM 1 VITIMA,1,1,,,,,,,,1,,,,Esquina,Bom,Não existe,Perfeito estado,Seca,Perfeito estado,Não existe,Outras,,Dupla,Faixa contínua,Faixa seccionada,,,
2020-07-18,11:14:00,COM VÍTIMA,FINALIZADA,CASA AMARELA,RUA DA HARMONIA,3,210,,EM FRENTE EM FRENTE AO BAR DO CANARIO,,,,CASA AMARELA,ABALROAMENTO TRANSVERSAL,AUTO E MOTO C/V,1,1,,,,,,,,1,,,SUBURBIO,Longo da via,Bom,Não existe,Perfeito estado,Seca,Perfeito estado,Não existe,Placas Pare,,Dupla,Faixa,,,,
2020-07-18,15:13:00,COM VÍTIMA,FINALIZADA,CASA AMARELA,AV NORTE,4,5010,,EM FRENTE À HONDA MOTO PARTS,,,,CASA AMARELA,COLISÃO COM CICLISTA,VEÍCULO QUE COLIDIU COM CICLISTA EVADIU-SE.,1,,,1,,,,,,1,,,CIDADE,Longo da via,Bom,Não existe,Perfeito estado,Seca,Perfeito estado,Não existe,Outras,,Dupla,Canteiro central,,,,
2020-07-18,15:27:00,COM VÍTIMA,FINALIZADA,IMBIRIBEIRA,AV MARECHAL MASCARENHAS DE MORAES,4,2567,,EM FRENTE A FERREIRA COSTA.,,,,IMBIRIBEIRA,ABALROAMENTO LONGITUDINAL,COLISAO ENTRE AUTO E MOTO COM UMA VITIMA,1,1,,,,,,,,1,,386,CIDADE,Longo da via,Bom,Sem defeito,Perfeito estado,Seca,Perfeito estado,Faixa de pedestre,Não há placas,60 km/h,Única,Faixa seccionada,,,,
2020-07-18,20:21:00,COM VÍTIMA,FINALIZADA,ALTO JOSE BONIFACIO,RUA ALTO JOSE BONIFACIO,4,1146,,PROX DA LINHA DO TIRO NA LADEIRA DA VACA,,,,ALTO JOSÉ BONIFÁCIO,ABALROAMENTO LONGITUDINAL,ONIX X MOTO,1,1,,,,,,,,1,,,SUBURBIO,Longo da via,Bom,Não existe,Ilegível,Seca,Mal iluminada,Não existe,Não há placas,,Dupla,Faixa seccionada,,,,
2020-07-18,21:40:00,COM VÍTIMA,FINALIZADA,TORRE,RUA JOSE BONIFACIO,0,,RUA CONDE DE IRAJA,ENF. A PADARIA NOVA ARMADA,,,,TORRE,COLISÃO TRASEIRA,2 AUTOS E UMA MOTO,2,1,,,,,,,,1,,191,,Cruzamento,Bom,Sem defeito,Perfeito estado,Seca,Perfeito estado,Faixa de pedestre,R-6a,40 km/h,Única,,,,,
2020-07-18,23:17:00,COM VÍTIMA,FINALIZADA,IMBIRIBEIRA,RUA ARQUITETO LUIZ NUNES,4,1900,,POR TRAS DO AÇAI DA IMBIRIBEIRA. FARMÁCIA DROGASIL.,,,,IMBIRIBEIRA,ABALROAMENTO LONGITUDINAL,FIAT UNO X MOTO OBS : VEICULO CAPOTADO NO MEIO DA VIA SUSPEITA DE EMBRIAGUEZ,1,1,,,,,,,,2,,,SUBURBIO,Longo da via,Bom,Não existe,Incompleta,Seca,Mal iluminada,Não existe,Outras,,Dupla,Faixa contínua,,,,
2020-07-19,11:08:00,COM VÍTIMA,FINALIZADA,MANGUEIRA,RUA VINTE E UM DE ABRIL,4,1884,,PROX AO CLUBE ESMERALDA E ASSEMBLEIA DE DEUS.,,,,MANGUEIRA,ABALROAMENTO TRANSVERSAL,COLISAO ENTRE AUTO E MOTO,1,1,,,,,,,,1,,,SUBURBIO,Cruzamento,Bom,Não existe,Incompleta,Seca,Perfeito estado,Não existe,Não há placas,,Dupla,Não existe,,,,
2020-07-19,11:50:00,COM VÍTIMA,FINALIZADA,AGUA FRIA,RUA DR EUDES COSTA,0,,RUA BELO JARDIM,PROX AO MERCADO DE AGUA FRIA,,,,ÁGUA FRIA,COLISÃO COM CICLISTA,COLISAO ENTRE AUTO E BICICLETA,1,,,1,,,,,,1,,,,,,,,,,,,,,,,,,
2020-07-19,12:52:00,COM VÍTIMA,FINALIZADA,CASA AMARELA,AV NORTE,4,5600,,E/F AO CAPES,,,,CASA AMARELA,ABALROAMENTO TRANSVERSAL,COLISÃO C/VITIMAS ENTRE UM AMBULANCIA E UMA MOTO,1,1,,,,,,,,2,,676,CIDADE,Longo da via,Bom,Sem defeito,Perfeito estado,Seca,Perfeito estado,Faixa de pedestre,Outras,,Única,Faixa contínua,,,,
2020-07-20,09:06:00,COM VÍTIMA,FINALIZADA,IMBIRIBEIRA,AV MARECHAL MASCARENHAS DE MORAES,4,2160,RUA PAMPULHA,EM FRENTE A CONCESSIONARIA RENAULT EUROVIA,,,,IMBIRIBEIRA,ABALROAMENTO LONGITUDINAL,COLISÃO COM VITIMA GM RANBALD  E MARCOS QTH,1,1,,,,,,,,1,,534,SUBURBIO,Cruzamento,Chuvoso,Sem defeito,Perfeito estado,Seca,Perfeito estado,Faixa de pedestre,Não há placas,60 km/h,Dupla,Canteiro central,,,,
2020-07-20,14:29:00,COM VÍTIMA,FINALIZADA,CASA AMARELA,AV NORTE,0,,,E/F A UPINHA 24 HORAS S/T CID,,,,CASA AMARELA,ABALROAMENTO LONGITUDINAL,COLISAO ENTRE AUTO E MOTO COM UMA VITIMA,1,1,,,,,,,,1,,,CIDADE,Longo da via,Bom,Não existe,Perfeito estado,Seca,Perfeito estado,Não existe,Outras,60 km/h,Dupla,Canteiro central,,,,
2020-07-21,08:04:00,COM VÍTIMA,FINALIZADA,VARZEA,RUA GENERAL POLIDORO,0,,AV PROFESSOR ARTUR DE SA,AO LADO HOSPITAL DAS CLINICAS,,,,VÁRZEA,COLISÃO COM CICLISTA,COM UMA VITIMA -SAMU NO LOCAL,,,,1,,1,,,,1,,,CIDADE,Esquina,Bom,Não existe,Não existente,Seca,Perfeito estado,Não existe,Placas Pare,,Dupla,Faixa contínua,,,,
2020-07-21,11:25:00,COM VÍTIMA,FINALIZADA,BONGI,AV GENERAL SAN MARTIN,4,1000,,E/F AOS CORREIOS,,,,BONGI,ABALROAMENTO LONGITUDINAL,COLISÃO C/VITIMA ENTRE UM AUTO E UMA MOTO,1,1,,,,,,,,1,,,SUBURBIO,Longo da via,Bom,Não existe,Perfeito estado,Seca,Perfeito estado,Não existe,R-6a,60 km/h,Dupla,Faixa contínua,,,,
2020-07-21,16:51:00,COM VÍTIMA,FINALIZADA,FUNDAO,AV BEBERIBE,4,2572,,EM FRENTE A CASA DE BOLO E A LORD BABEARIA,,,,FUNDÃO,ATROPELAMENTO,MOTO E PEDESTRE,,1,,,1,,,,,2,,,SUBURBIO,Longo da via,Bom,Sem defeito,Perfeito estado,Seca,Perfeito estado,Não existe,Não há placas,,Dupla,Faixa contínua,,,,
2020-07-21,17:51:00,COM VÍTIMA,FINALIZADA,BOA VIAGEM,RUA COSMORAMA,3,262,,EM FRENTE A EPS LOGISTICA E NÚCLEO DA PM,,,,BOA VIAGEM,COLISÃO FRONTAL,MOTO E AUTO,1,1,,,,,,,,1,,,CIDADE,Longo da via,Bom,Não existe,Perfeito estado,Seca,Perfeito estado,Não existe,Outras,,Dupla,Faixa seccionada,,,,
2020-07-21,21:23:00,COM VÍTIMA,FINALIZADA,IMBIRIBEIRA,VDO PRESIDENTE TANCREDO NEVES,0,,,SENTIDO ESTAÇÃO TANCREDO NEVES.,,,,IMBIRIBEIRA,COLISÃO TRASEIRA,COLISÃO ENTRE DOIS AUTOS C/V,2,,,,,,,,,1,,,CIDADE,Viaduto,Bom,Não existe,Perfeito estado,Seca,Mal iluminada,Não existe,Não há placas,,Única,,,,,
2020-07-22,08:46:00,COM VÍTIMA,FINALIZADA,LINHA DO TIRO,RUA URIEL DE HOLANDA,4,1414,RUA ELADIO CAMBOIM,PROX. A PADARIA PÃO DE OURO,,,,LINHA DO TIRO,COLISÃO COM CICLISTA,ONIBUS E CICLISTA VT-31 NO LOCAL SUB. DINIZ- BRUNO E KENNEDY,,,,1,,1,,,,1,,,SUBURBIO,Cruzamento,Bom,Não existe,Não existente,Seca,Mal iluminada,Não existe,Não há placas,,Dupla,Não existe,,,,
2020-07-22,09:13:00,COM VÍTIMA,FINALIZADA,IMBIRIBEIRA,AV MARECHAL MASCARENHAS DE MORAES,4,4745,,EM FRENTE AO MARTELINHO DE OURO E À IGREJA ASSEMBLEIA DE DEUS.,,,,IMBIRIBEIRA,ABALROAMENTO LONGITUDINAL,COLISÃO COM VITIMAS  SOCORRIDAS PELO SAMU,1,2,,,,,,,,2,,,CIDADE,Longo da via,Bom,Não existe,Perfeito estado,Seca,Perfeito estado,Não existe,R-6a,60 km/h,Dupla,Faixa seccionada,Canteiro central,,,
2020-07-22,14:57:00,COM VÍTIMA,FINALIZADA,BOA VIAGEM,RUA DOS NAVEGANTES,3,785,RUA ERNESTO DE PAULA SANTOS,NA RUA DO ANTIGO HOTEL RECIFE PALAS- PROX HOTEL GRAN MERCURI,,,,BOA VIAGEM,ABALROAMENTO TRANSVERSAL,VEICULO COLIDIU COM A MOTO NO CRUZAMENTO,1,1,,,,,,,,2,,,SUBURBIO,Cruzamento,Bom,Não existe,Perfeito estado,Seca,Perfeito estado,Faixa de retenção,Placas Pare,,Única,Faixa seccionada,,,,
2020-07-23,07:57:00,COM VÍTIMA,FINALIZADA,SAO JOSE,RUA FLORIANO PEIXOTO,4,417A,RUA TOBIAS BARRETO,E/F A CASA DA CULTURA. EM FRENTE A PRAÇA VISCONDE DE MAUÁ.,,,,SÃO JOSÉ,ABALROAMENTO TRANSVERSAL,COLISÃO C/VITIMA ENTRE UM AUTO UMA MOTO (INS. ROMERO NO QTH),1,1,,,,,,,,1,,,SUBURBIO,Cruzamento,Bom,Não existe,Perfeito estado,Seca,Perfeito estado,Não existe,Outras,,Única,Faixa seccionada,,,,
2020-07-23,08:27:00,COM VÍTIMA,FINALIZADA,BOA VISTA,AV GOVERNADOR CARLOS DE LIMA CAVALCANTI,3,141,,LADO OPOSTO AO LABORATORIO LUCILO MARANHÃO.,,,,BOA VISTA,ABALROAMENTO TRANSVERSAL,COLISÃO C/ VITIMA ENTRE UM ONIBUS E UM AUTO ( BATEDOR URLEY E INS. LINDENBERG NO QTH),1,,,,,1,,,,1,,,SUBURBIO,Longo da via,Bom,Não existe,Perfeito estado,Seca,Perfeito estado,Não existe,Não há placas,,Dupla,Canteiro central,,,,
2020-07-23,14:17:00,COM VÍTIMA,FINALIZADA,TORROES,RUA ZUMBI DOS PALMARES,3,145,,RUA DO MERCADO DO NALDO,,,,TORRÕES,COLISÃO COM CICLISTA,MOTO E BICICLETA,,1,,1,,,,,,1,,,SUBURBIO,Longo da via,Bom,Não existe,Não existente,Seca,Perfeito estado,Não existe,R-6c,30 km/h,Dupla,Não existe,,,,
2020-07-24,07:06:00,COM VÍTIMA,FINALIZADA,COELHOS,RUA FRANCISCO ALVES,3,107,RUA CAPITAO JOSE DA LUZ,EM FRENTE AO EMPRESARIAL RIO CAPIBARIBE,,,,COELHOS,ABALROAMENTO LONGITUDINAL,AUTO E MOTO,1,1,,,,,,,,1,,,,Cruzamento,Bom,Não existe,Perfeito estado,Seca,Perfeito estado,Não existe,Outras,,Dupla,Faixa contínua,Faixa seccionada,,,
2020-07-24,08:02:00,COM VÍTIMA,FINALIZADA,SANTO AMARO,AV CRUZ CABUGA,0,,,EM FRENTE AO CEMITÉRIO DOS INGLESES,,,,SANTO AMARO,ATROPELAMENTO,MOTO E PEDESTRE,,1,,,1,,,,,1,,34,CIDADE,Longo da via,Bom,Sem defeito,Perfeito estado,Seca,Perfeito estado,Agente,Não há placas,60 km/h,Dupla,Faixa contínua,,,,
2020-07-24,14:23:00,COM VÍTIMA,FINALIZADA,SANCHO,AV LIBERDADE,0,,AV TEMPO FELIZ,E/F AO CEMITERIO PARQUE DAS FLORES  NA ENTRADA DO CONDOMINIO JARDIM PLANALTO,,,,SANCHO,COLISÃO TRASEIRA,COLISAO ENTRE AUTO E MOTO COM UMA VITIMA,1,1,,,,,,,,1,,,,Cruzamento,Bom,Não existe,Perfeito estado,Seca,Perfeito estado,Faixa de pedestre,R-6c,,Dupla,Faixa contínua,,,,
2020-07-24,21:14:00,COM VÍTIMA,FINALIZADA,BOA VIAGEM,RUA DEZ DE JULHO,3,210,RUA CAMBOIM,E/F A I GREJA CRISTAL // PRÓX A ESTAÇÃO AEROPORTO- SNT BV,,,,BOA VIAGEM,ABALROAMENTO TRANSVERSAL,ENTRE AUTO E MOTO. C/V,1,1,,,,,,,,1,,,SUBURBIO,Cruzamento,Bom,Não existe,Incompleta,Seca,Perfeito estado,Não existe,Placas Pare,30 km/h,Única,,,,,
2020-07-25,10:53:00,COM VÍTIMA,FINALIZADA,AFLITOS,RUA SAMUEL CAMPELO,3,260,RUA QUARENTA E OITO,E/F AO EDF. PRAIA DE ITAOCA E GALERIA 218 CENTER.,,,,AFLITOS,ABALROAMENTO LONGITUDINAL,COLISÃO C/VITIMA ENTRE UMA MOTO E DOIS AUTO,2,1,,,,,,,,1,,,SUBURBIO,Cruzamento,Bom,Não existe,Perfeito estado,Seca,Perfeito estado,Faixa de pedestre,R-6a,,Única,Faixa seccionada,,,,
2020-07-25,11:37:00,COM VÍTIMA,FINALIZADA,BARRO,AV DR JOSE RUFINO,4,1808,RUA PADRE NOBREGA,E/F A CRECHE ESCOLA MUNICIPAL DO RECIFE PRES. TANCREDO NEVES,,,,BARRO,ABALROAMENTO LONGITUDINAL,COLISÃO C/VITIMA ENTRE UMA MOTO E AUTO,1,1,,,,,,,,1,,,SUBURBIO,Longo da via,Bom,Não existe,Perfeito estado,Seca,Perfeito estado,Não existe,Não há placas,,Dupla,Faixa contínua,,,,
2020-07-25,12:26:00,COM VÍTIMA,FINALIZADA,PRADO,RUA GOMES TABORDA,3,926,,PRÓXIMO A PADARIA PLANETA PÃO,,,,PRADO,COLISÃO COM CICLISTA,AUTO- CAMINHÃO E BICICLETA.,1,,,1,,,1,,,1,,,,Longo da via,Bom,Não existe,Incompleta,Seca,Perfeito estado,Não existe,R-6a,,Dupla,Faixa seccionada,,,,
2020-07-25,17:57:00,COM VÍTIMA,FINALIZADA,CAJUEIRO,RUA CORONEL URBANO RIBEIRO DE SENA,3,930,RUA SUDESTE,PROX A ANTIGA RADIO CAPIBARIBE/ EM FRENTE AO MERCADINHO CAPIBARIBE. AO LADO DA DELICATESSEN CAPIBARIBE.,,,,CAJUEIRO,ABALROAMENTO TRANSVERSAL,COLISAO ENTRE CARRO E MOTO (SEM PLACA),1,1,,,,,,,,1,,,SUBURBIO,Cruzamento,Bom,Não existe,Perfeito estado,Seca,Perfeito estado,Faixa de pedestre,R-6a,20 km/h,Dupla,Faixa contínua,Faixa seccionada,,,
2020-07-25,22:03:00,COM VÍTIMA,FINALIZADA,BOA VIAGEM,AV ENGENHEIRO DOMINGOS FERREIRA,0,,RUA HENRIQUE CAPITULINO,FAIXA DA ESQUERDA // PROX A CORRETORA PAULO MIRANDA- AO LADO DO POSTO BR.,,,,BOA VIAGEM,ABALROAMENTO TRANSVERSAL,COLISÃO ENTRE AUTO E MOTO- C/V,1,1,,,,,,,,1,,484,ORLA DE BOA VIAGEM,Cruzamento,Bom,Sem defeito,Perfeito estado,Seca,Perfeito estado,Não existe,Outras,,Única,,,,,
2020-07-26,12:58:00,COM VÍTIMA,FINALIZADA,CORREGO DO JENIPAPO,AV NORTE,0,,,E/F A INTEGRAÇAO DA MACAXEIRA VT 31 E POSTE B033524.,,,,CÓRREGO DO JENIPAPO,COLISÃO COM CICLISTA,COLISAO ENTRE MOTO E CICLISTA COM UMA VITIMA,,1,,1,,,,,,1,,,SUBURBIO,Longo da via,Chuvoso,Não existe,Perfeito estado,Molhada,Perfeito estado,Não existe,Não há placas,60 km/h,Única,Faixa seccionada,,,,
2020-07-26,16:24:00,COM VÍTIMA,FINALIZADA,BOA VIAGEM,AV BOA VIAGEM,4,2198,RUA HENRIQUE CAPITULINO,EM FRENTE AO BANHEIRO PUBLICO NUMERO 5,,,,BOA VIAGEM,ABALROAMENTO LONGITUDINAL,CONDUTOR DA MOTO AVANÇOU O SINAL VERMELHO E COM O PARALAMA DO LADO DIREITO DO VEICULO,1,1,,,,,,,,1,,,CIDADE,Longo da via,Bom,Sem defeito,Perfeito estado,Seca,Perfeito estado,Faixa de pedestre,Não há placas,,Única,Não existe,,,,
2020-07-27,07:21:00,COM VÍTIMA,FINALIZADA,BOA VIAGEM,AV DES JOSE NEVES,0,,RUA DES JOAO PAES,,,,,BOA VIAGEM,ABALROAMENTO TRANSVERSAL,UM SEGUNDO VEÍCULO EVADIU-SE DO LOCAL- SEGUNDO A VÍTIMA.,,1,,,,,,,,1,,567,SUBURBIO,Cruzamento,Chuvoso,Sem defeito,Perfeito estado,Molhada,Perfeito estado,Faixa de pedestre,,,Dupla,Canal,,,,
2020-07-27,07:58:00,COM VÍTIMA,FINALIZADA,TAMARINEIRA,EST VELHA DE AGUA FRIA,3,647,,EM FRENTE A PANIFICADORA MANÁ,,,,TAMARINEIRA,CHOQUE VEÍCULO PARADO,AUTO E MOTO,1,1,,,,,,,,2,,,CIDADE,Longo da via,Bom,Sem defeito,Perfeito estado,Seca,Perfeito estado,Outros,Outras,,Dupla,Faixa contínua,,,,
2020-07-28,10:02:00,COM VÍTIMA,FINALIZADA,BOA VISTA,AV GOVERNADOR AGAMENON MAGALHAES,0,,RUA DR BANDEIRA FILHO,SUPER BOMPREÇO,,,,BOA VISTA,COLISÃO COM CICLISTA,CICLISTA E AUTO BATEDORES NO LOCAL GM PETERSON,1,,,1,,,,,,1,,173,SUBURBIO,Cruzamento,Bom,Sem defeito,Perfeito estado,Seca,Perfeito estado,Outros,Outras,60 km/h,,Faixa seccionada,,,,
2020-07-28,11:49:00,COM VÍTIMA,FINALIZADA,ILHA DO RETIRO,EST DOS REMEDIOS,4,2024,RUA ASTORGA,PROX A O  SPORT CLUBE DO RECIFE  AO LADO DA FARMACIA DROGASIL,,,,ILHA DO RETIRO,ABALROAMENTO TRANSVERSAL,COLISÃO COM VITIMA A ESPERA DO SAMU,1,,,,,1,,,,1,,,SUBURBIO,Longo da via,Bom,Não existe,Perfeito estado,Seca,Perfeito estado,,Placas Pare,40 km/h,,Faixa contínua,,,,
2020-07-28,14:07:00,COM VÍTIMA,FINALIZADA,SAO JOSE,RUA IMPERIAL,2,86,RUA DO PEIXOTO,NO SEMAFORO 207 E/F AIGREJA MATRIZ DE SAO JOSE AO LADO DO TRE,,,,SÃO JOSÉ,ABALROAMENTO TRANSVERSAL,COLISÃO ENVOLVENDO ÔNIBUS E AUTOS.,4,,,,,1,,,,1,,207,SUBURBIO,Cruzamento,Bom,Sem defeito,Perfeito estado,Seca,Perfeito estado,Não existe,Outras,40 km/h,Única,Faixa seccionada,,,,
2020-07-28,14:31:00,COM VÍTIMA,FINALIZADA,CAMPO GRANDE,RUA ODORICO MENDES,3,165,RUA VISCONDE DE CAIRU,PROX AO CLUBE DAS PAS,,,,CAMPO GRANDE,ABALROAMENTO TRANSVERSAL,COLISAO ENTRE DUAS MOTOS COM VITIMAS,,2,,,,,,,,1,,,SUBURBIO,Cruzamento,Bom,Não existe,Perfeito estado,Seca,Perfeito estado,Não existe,Placas Pare,40 km/h,Dupla,Faixa seccionada,,,,
2020-07-28,14:45:00,COM VÍTIMA,FINALIZADA,DOIS UNIDOS,AV HILDEBRANDO DE VASCONCELOS,3,563,,ANTES DA FABRICA DA MINERVA- PRÓXIMO A CIP CÃES.,,,,DOIS UNIDOS,COLISÃO TRASEIRA,CAMINHONETE E MICRO-ÔNIBUS.,1,,,,,1,,,,1,,,SUBURBIO,Longo da via,Bom,Não existe,Perfeito estado,Seca,Perfeito estado,Não existe,Não há placas,,Dupla,Não existe,,,,
2020-07-28,19:41:00,COM VÍTIMA,FINALIZADA,AGUA FRIA,RUA SAO SEBASTIAO,3,694,,PRÓX A ENTRADA DA BOMBA DO HEMETERIO E POSTO DA BOMBA,,,,ÁGUA FRIA,ABALROAMENTO LONGITUDINAL,ENTRE 2 MOTOS. C/V,,2,,,,,,,,1,,,,Longo da via,Bom,Não existe,,Seca,Perfeito estado,Não existe,Não há placas,,Dupla,Faixa contínua,,,,
2020-07-29,07:50:00,COM VÍTIMA,FINALIZADA,ENCRUZILHADA,RUA FERNANDO CESAR,3,242,RUA AMARO COUTINHO,E/F A JDA EQUIPAMENTOS E PRAÇA DOM MIGUEL VALVERDE.,,,,ENCRUZILHADA,ABALROAMENTO LONGITUDINAL,COLISÃO C/VITIMA ENTRE MOTO E CICLOMOTOR (V.T 12 NO QTH),,1,1,,,,,,,2,,,CIDADE,Cruzamento,Chuvoso,Não existe,Perfeito estado,Seca,Perfeito estado,Faixa de pedestre,Placas Pare,30 km/h,Única,Faixa contínua,Faixa seccionada,,,
2020-07-29,07:55:00,COM VÍTIMA,FINALIZADA,SANTO AMARO,AV CRUZ CABUGA,4,1419,,EM FRENTE AO SEFAZ,,,,SANTO AMARO,ABALROAMENTO LONGITUDINAL,COM UMA VITIMA AGUARDANDO SAMU/BATEDOR MOTO 10/26 CTTU NO LOCAL,1,1,,,,,,,,1,,344,CIDADE,Longo da via,Bom,Sem defeito,Perfeito estado,Seca,Perfeito estado,Não existe,Outras,,Dupla,Faixa contínua,,,,