data,hora,natureza_acidente,situacao,bairro,endereco,,numero,detalhe_endereco_acidente,complemento,endereco_cruzamento,numero_cruzamento,referencia_cruzamento,bairro_cruzamento,tipo,descricao,auto,moto,ciclom,ciclista,pedestre,onibus,caminhao,viatura,outros,vitimas,vitimasfatais,num_semaforo,sentido_via,acidente_verificado,tempo_clima,situacao_semaforo,sinalizacao,condicao_via,conservacao_via,ponto_controle,situacao_placa,velocidade_max_via,mao_direcao,divisao_via1,divisao_via2,divisao_via3,_id,Protocolo
2020-07-29,08:46:00,COM VÍTIMA,FINALIZADA,BOA VISTA,RUA JOSE DE ALENCAR,0,,RUA BARAO DE SAO BORJA,EM FRENTE AO HOTEL BOA VISTA,,,,BOA VISTA,ABALROAMENTO LONGITUDINAL,AUTO E MOTO- COLISÃO COM UMA VITIMA -JÁ SOCORRIDA PELO SAMU,1,1,,,,,,,,1,,,CDE BOA VISTA,Cruzamento,Chuvoso,Não existe,Perfeito estado,Molhada,Outros,Faixa de pedestre,Placas Pare,,Única,Não existe,,,,
2020-07-29,09:28:00,COM VÍTIMA,FINALIZADA,IPSEP,AV RECIFE,4,1088,,EM FRENTE A CENTRAL DAS BATERIAS,,,,IPSEP,ABALROAMENTO LONGITUDINAL,COM UMA VITIMA AGUARDANDO SAMU/CTTU NO LOCAL BATEDORES NO LOCAL 03-28,,2,,,,,,,,1,,,AEROPORTO,Longo da via,Chuvoso,Não existe,Perfeito estado,Molhada,Perfeito estado,Não existe,Não há placas,60 km/h,Dupla,Faixa contínua,Faixa seccionada,,,
2020-07-29,09:58:00,COM VÍTIMA,FINALIZADA,SAN MARTIN,AV GENERAL SAN MARTIN,4,1450,,EM FRENTE A O IPA,,,,SAN MARTIN,ABALROAMENTO TRANSVERSAL,AUTO E MOTO COM UMA VITIMA.,1,1,,,,,,,,1,,,SUBURBIO,Longo da via,Nublado,Não existe,Incompleta,Seca,Perfeito estado,Faixa de pedestre,R-6a,40 km/h,Dupla,Faixa contínua,Faixa seccionada,,,
2020-07-29,11:18:00,COM VÍTIMA,FINALIZADA,CAMPINA DO BARRETO,RUA EXP JAMIL DAGLI,2,40,,RUA TRANSVERSAL A AV. PROF. JOSE DOS ANJOS // NA RUA DA BARRACA DO KAUAN,,,,CAMPINA DO BARRETO,ATROPELAMENTO,ATROPELAMENTO / ENVOLVIDO SOCORRIDO PELO SAMU PARA O HR,1,,,,1,,,,,1,,,SUBURBIO,Longo da via,Chuvoso,Não existe,Não existente,Seca,Perfeito estado,Não existe,Não há placas,,Dupla,Canal,,,,
2020-07-29,12:39:00,COM VÍTIMA,FINALIZADA,CASA AMARELA,RUA TAQUARITINGA,0,,RUA PADRE LEMOS,EM FRENTE AO CENTRO COMERCIAL DE CASA AMARELA AO LADO DA CAIXA ECONÔMICA- EM FRENTE AO POSTE DE ILUMINAÇÃO B023429.,,,,CASA AMARELA,ATROPELAMENTO,ONIBUS E PEDESTRE,,,,,1,1,,,,1,,,CIDADE,Esquina,Bom,Não existe,Perfeito estado,Seca,Perfeito estado,Não existe,Não há placas,,Única,Faixa seccionada,,,,
2020-07-29,13:04:00,COM VÍTIMA,FINALIZADA,BOA VISTA,RUA BARAO DE SAO BORJA,3,116,RUA JOSE DE ALENCAR,EM FRENTE A BANCA DE BICHO E O HOTEL BOA VISTA,,,,BOA VISTA,ABALROAMENTO TRANSVERSAL,MOTO E AUTO,1,1,,,,,,,,1,,,CIDADE,Cruzamento,Bom,Não existe,Perfeito estado,Seca,Perfeito estado,Faixa de pedestre,Placas Pare,,Única,Não existe,,,,
2020-07-29,13:57:00,COM VÍTIMA,FINALIZADA,CASA AMARELA,RUA PADRE LEMOS,2,58,,MERCADO DE CASA AMARELA,,,,CASA AMARELA,ATROPELAMENTO,MOTO E PEDESTRE (IDOSO),,1,,,1,,,,,1,,,CIDADE,Longo da via,Bom,Não existe,Perfeito estado,Seca,Perfeito estado,Não existe,Outras,,Dupla,Faixa seccionada,,,,
2020-07-29,18:43:00,VÍTIMA FATAL,FINALIZADA,CASA AMARELA,AV NORTE,0,,COR DO BARTOLOMEU,E/ F AO REI DA PICANHA E FARMÁCIA PAGUE MENOS,,,,CASA AMARELA,ABALROAMENTO LONGITUDINAL,COLISAO DE ONIBUS E MOTO,,1,,,,1,,,,,1,79,CIDADE,Cruzamento,Bom,Sem defeito,Perfeito estado,Molhada,Perfeito estado,Faixa de pedestre,,60 km/h,,Canteiro central,,,,
2020-07-29,20:53:00,COM VÍTIMA,FINALIZADA,BOA VIAGEM,RUA BALTAZAR PASSOS,0,,RUA SA E SOUZA,AO LADO DA CULTURA INGLESA.,,,,BOA VIAGEM,ABALROAMENTO TRANSVERSAL,COLISAO DE AUTO E MOTONETA,1,1,,,,,,,,1,,,ORLA DE BOA VIAGEM,Cruzamento,Bom,Não existe,Perfeito estado,Seca,Perfeito estado,Faixa de retenção,Placas Pare,,Única,Não existe,,,,
2020-07-30,12:31:00,COM VÍTIMA,FINALIZADA,CAMPO GRANDE,AV PROFESSOR JOSE DOS ANJOS,3,116,,E/F A COMPESA S/T SUB,,,,CAMPO GRANDE,ABALROAMENTO TRANSVERSAL,COLISAO ENTRE AUTO E MOTO COM UMA VITIMA,1,1,,,,,,,,2,,,SUBURBIO,Longo da via,Bom,Não existe,Incompleta,Seca,Perfeito estado,Não existe,Não há placas,,Dupla,Não existe,,,,
2020-07-30,14:33:00,COM VÍTIMA,FINALIZADA,TORREAO,AV NORTE,0,,,SOBRE O VIADUTO VT 13 NO LOCAL. LADO OPOSTO AO EMPRESARIAL TACARUNA.,,,,TORREÃO,COLISÃO TRASEIRA,COLISAO ENTRE AUTO E MOTO COM UMA VITIMA,1,1,,,,,,,,1,,,CIDADE,Viaduto,Bom,Não existe,Perfeito estado,Seca,Perfeito estado,Não existe,Outras,,Dupla,Faixa seccionada,Canteiro central,,,
2020-07-30,15:53:00,COM VÍTIMA,FINALIZADA,SAN MARTIN,AV GENERAL SAN MARTIN,4,1973,,PRÓXIMO A ACADEMIA DA CIDADE. EM FRENTE A PET'S.,,,,SAN MARTIN,COLISÃO COM CICLISTA,COLISÃO MOTO E CICLISTA,,1,,1,,,,,,2,,,CIDADE,Longo da via,Bom,Não existe,Perfeito estado,Seca,Perfeito estado,,,,Dupla,Faixa contínua,,,,
2020-07-30,19:00:00,COM VÍTIMA,FINALIZADA,CASA AMARELA,AV NORTE,4,6061,,ENF. AO DESKONTAO ATACADISTA,,,,CASA AMARELA,ATROPELAMENTO,MOTO X PEDESTRE OBS: BATEDORES DA CTTU 37 X 04 NO LOCAL,,1,,,1,,,,,2,,,CIDADE,Longo da via,Bom,Não existe,Perfeito estado,Seca,Perfeito estado,Faixa de pedestre,Não há placas,60 km/h,Dupla,Canteiro central,,,,
2020-07-30,21:48:00,VÍTIMA FATAL,FINALIZADA,IBURA,AV DOM HELDER CAMARA,3,257,,PROX AO NUCLEO DA AV RECIFE. LADO OPOSTO AO NÚMERO INFORMADO.,,,,IBURA,CHOQUE OBJETO FIXO,MOTO PERDE CONTROLE E CHOCA-SE COM POSTE,,1,,,,,,,,,1,,SUBURBIO,Longo da via,Chuvoso,Não existe,Não existente,Molhada,Mal iluminada,,Não há placas,50 km/h,Dupla,Canteiro central,,,,
2020-07-31,00:32:00,COM VÍTIMA,FINALIZADA,VARZEA,RUA VALE DO SIRIJI,0,,,LADEIRA DA UR-7 - E/F À ESCOLA MUNICIPAL JOÃO FRANCISCO DE SOUZA,,,,VÁRZEA,ATROPELAMENTO ANIMAL,VEICULO ATROPELOU E MATOU UM CAVALO- QUE SE ENCONTRA NA VIA. UMA PASSAGEIRA DO VEICULO SOFREU ESCORIAÇÕES E FOI CONDUZIDA À UPA DA CAXANGÁ- POR MEIOS PRÓPRIOS.,1,,,,,,,,1,1,,,CIDADE,Longo da via,Chuvoso,Não existe,Não existente,Molhada,Perfeito estado,Não existe,Não há placas,,Dupla,Faixa seccionada,,,,
2020-07-31,08:48:00,COM VÍTIMA,FINALIZADA,IPSEP,RUA JEAN EMILE FAVRE,0,,RUA ARACATUBA,EM FRENTE A PRAÇA DA MAURICEA,,,,IPSEP,ABALROAMENTO LONGITUDINAL,ENTRE DUAS MOTOS -COM UMA VITIMA -SAMU NO LOCAL/CTTU NO LOCAL -BATEDOR FONTENELE,,2,,,,,,,,1,,,CIDADE,Cruzamento,Chuvoso,Não existe,Ilegível,Molhada,Perfeito estado,Não existe,Placas Pare,60 km/h,,Não existe,,,,
2020-07-31,14:03:00,COM VÍTIMA,FINALIZADA,SANTO ANTONIO,RUA DO SOL,0,,AV GUARARAPES,EM FRENTE A PONTE DUARTE COELHO,,,,SANTO ANTÔNIO,ABALROAMENTO LONGITUDINAL,ONIBUS E CAMINHONETE,1,,,,,1,,,,1,,14,,Cruzamento,Bom,Sem defeito,Perfeito estado,Seca,Perfeito estado,Outros,Outras,,Dupla,Faixa contínua,Faixa seccionada,Canteiro central,,
2020-07-31,15:16:00,COM VÍTIMA,FINALIZADA,BOA VIAGEM,RUA PADRE CARAPUCEIRO,3,777,,NO ESTACIONAMENTO INTERNO DO SHOPPING RECIFE- ENTRADA 5 PROX A C&A.,,,,BOA VIAGEM,CHOQUE OBJETO FIXO,O MOTORISTA BATEU EM UMA ARVORE E O CARRO CAPOTOU,1,,,,,,,,,1,,,,Longo da via,Bom,Não existe,Perfeito estado,Seca,Perfeito estado,Não existe,R-5b,20 km/h,Dupla,Canteiro central,,,,
2020-07-31,18:02:00,COM VÍTIMA,FINALIZADA,CASA AMARELA,EST DO ARRAIAL,4,3765,,PROX AO BANCO DO BRADESCO. PRÓXIMO AO CRUZAMENTO COM A RUA PAULA BATISTA.,,,,CASA AMARELA,ABALROAMENTO LONGITUDINAL,COLISAO ENTRE AUTO E MOTO.,1,1,,,,,,,,2,,283,SUBURBIO,Longo da via,Bom,Sem defeito,Perfeito estado,Seca,Perfeito estado,Faixa de pedestre,R-3,,Única,Faixa contínua,Faixa seccionada,,,
2020-07-31,18:14:00,COM VÍTIMA,FINALIZADA,BOA VISTA,AV CONDE DA BOA VISTA,0,,RUA DOM BOSCO,,,,,BOA VISTA,ABALROAMENTO LONGITUDINAL,COLISAO ENTRE DUAS MOTOS,,2,,,,,,,,1,,27,SUBURBIO,Cruzamento,Bom,Sem defeito,Perfeito estado,Seca,Perfeito estado,Não existe,Não há placas,,Dupla,Canteiro central,,,,
2020-08-01,18:34:00,COM VÍTIMA,FINALIZADA,CASA AMARELA,AV NORTE,4,5956,,PRÓX AO DESCONTÃO / E/F A IGREJA ADVENTISTA ---- **VT 13 NO LOCAL**,,,,CASA AMARELA,COLISÃO TRASEIRA,ENTRE 2 MOTOS. C/V,,2,,,,,,,,1,,,CIDADE,Longo da via,Chuvoso,Não existe,Perfeito estado,Molhada,Perfeito estado,Não existe,Não há placas,60 km/h,Única,Faixa seccionada,,,,
2020-08-02,00:40:00,COM VÍTIMA,FINALIZADA,CAMPO GRANDE,RUA JERONIMO VILELA,3,40A,EST DE BELEM,COM A ESTRADA DE BELÉM,,,,CAMPO GRANDE,ABALROAMENTO TRANSVERSAL,COLISÃO AUTO X MOTO,1,1,,,,,,,,1,,26,SUBURBIO,Cruzamento,Bom,Sem defeito,Ilegível,Molhada,Mal iluminada,Faixa de pedestre,Não há placas,,Dupla,Faixa seccionada,,,,
2020-08-02,07:14:00,COM VÍTIMA,FINALIZADA,MONTEIRO,AV DEZESSETE DE AGOSTO,2,50,,PRAÇA DO MONTEIRO,,,,MONTEIRO,ABALROAMENTO TRANSVERSAL,CAMINHONETE E AUTO PASSEIO.,2,,,,,,,,,1,,,SUBURBIO,Longo da via,Bom,Não existe,Perfeito estado,Seca,Perfeito estado,Não existe,Outras,,Dupla,,,,,
2020-08-02,09:16:00,COM VÍTIMA,FINALIZADA,AGUA FRIA,RUA ALEGRE,3,206,RUA ZEFERINO AGRA,PRÓXIMO À DELEGACIA DE ÁGUA FRIA.,,,,ÁGUA FRIA,COLISÃO TRASEIRA,COLISÃO COM VÍTIMA E O VEÍCULO SE EVADIU,1,1,,,,,,,,1,,,SUBURBIO,Longo da via,Bom,Sem defeito,Perfeito estado,Seca,Perfeito estado,Faixa de pedestre,,,Única,Faixa seccionada,,,,
2020-08-02,14:34:00,COM VÍTIMA,FINALIZADA,BOA VIAGEM,RUA SA E SOUZA,0,,RUA PADRE CABRAL,LABORATORIO GILSON CIDRIM,,,,BOA VIAGEM,ABALROAMENTO LONGITUDINAL,AUTO E MOTO,1,1,,,,,,,,1,,,,Esquina,Bom,Não existe,Perfeito estado,Seca,Perfeito estado,Não existe,R-6a,30 km/h,Dupla,Faixa contínua,Faixa seccionada,,,
2020-08-02,14:38:00,COM VÍTIMA,FINALIZADA,AFOGADOS,RUA SAO MIGUEL,4,1816,,RENASCER DISTRIBUIDORA,,,,AFOGADOS,CHOQUE OBJETO FIXO,VEÍCULO CHOCOU-SE COM O POSTE DO SEMÁFORO DE NÚMERO 425..,1,,,,,,,,,1,,425,SUBURBIO,Longo da via,Chuvoso,,Incompleta,Seca,Perfeito estado,Faixa de pedestre,Outras,,Dupla,Faixa contínua,,,,
2020-08-03,07:50:00,COM VÍTIMA,FINALIZADA,GRACAS,AV GOVERNADOR AGAMENON MAGALHAES,0,,AV RUI BARBOSA,EM FRENTE AO TRIBUNAL REGIONAL ELEITORAL PE,,,,GRAÇAS,ABALROAMENTO TRANSVERSAL,COLISÃO COM VITIMA GM  EVANDRO RAMOS QTH,1,1,,,,,,,,1,,37,BOA VIAGEM,Cruzamento,Bom,Sem defeito,Perfeito estado,Seca,Perfeito estado,Agente,Outras,60 km/h,Dupla,Canteiro central,,,,
2020-08-03,16:02:00,COM VÍTIMA,FINALIZADA,SAO JOSE,AV SUL,0,,,NA ENTRADA DO CAIS SANTA RITA- EM FRENTE AO AGEMAR.,,,,SÃO JOSÉ,COLISÃO TRASEIRA,ENCAVETAMENTO DE 3 ONIBUS,,,,,,3,,,,4,,76,CIDADE,Longo da via,Bom,Sem defeito,Perfeito estado,Seca,Perfeito estado,Outros,Outras,,Dupla,,,,,
2020-08-03,22:07:00,COM VÍTIMA,FINALIZADA,TAMARINEIRA,EST DO ARRAIAL,4,2385,,APOS O POSTO IPIRANGA,,,,TAMARINEIRA,ABALROAMENTO TRANSVERSAL,MOTO X AUTO,1,1,,,,,,,,1,,,SUBURBIO,Longo da via,Bom,Não existe,Perfeito estado,Seca,Perfeito estado,Não existe,Não há placas,,Única,Faixa seccionada,,,,
2020-08-04,06:45:00,COM VÍTIMA,FINALIZADA,PASSARINHO,RUA CORONEL PILAR,4,313A,,PROX AO CAMPO DE FUTEBOL DE PASSARINHO- LADO OPOSTO A COMPRA DE SUCATAS.,,,,PASSARINHO,COLISÃO FRONTAL,COLISAO SEM VITIMAS ENVOLVENDO VIATURA DA POLICIA MILITAR,1,,,,,,1,,,1,,,,Longo da via,Bom,Não existe,Não existente,Seca,,Não existe,Não há placas,,Dupla,Não existe,,,,
2020-08-04,08:17:00,COM VÍTIMA,FINALIZADA,ESTANCIA,AV RECIFE,4,5583,,EM FRENTE AO POSTO BR- PROX A ENTRADA DE SAN MARTIM,,,,ESTÂNCIA,COLISÃO TRASEIRA,COLISAO C VITIMA- ENVOLVENDO AUTO E MOTO,1,1,,,,,,,,1,,,,Longo da via,Bom,Não existe,Não existente,Seca,Perfeito estado,,Não há placas,60 km/h,Única,Canteiro central,,,,
2020-08-04,20:21:00,COM VÍTIMA,FINALIZADA,IBURA,RUA RIO XINGU,3,273,,E/F A CASA DO HAMBURGUER. EM FRENTE AO LAVA JATO.,,,,IBURA,COLISÃO FRONTAL,COLISAO COM VITIMAS,1,1,,,,,,,,1,,,CIDADE,Longo da via,Bom,Não existe,Não existente,Seca,Perfeito estado,Não existe,R-19,30 km/h,Dupla,Faixa seccionada,,,,
2020-08-05,08:13:00,COM VÍTIMA,FINALIZADA,ARRUDA,RUA DAS MOCAS,4,1271,,RESIDENCIA PROX  A PIZZARIA ATLANTICO,,,,ARRUDA,COLISÃO,COLISÃO COM VITIMA SOCORRIDA PELO SAMU,1,1,,,,,,,,2,,,CIDADE,Longo da via,Bom,Não existe,Não existente,Seca,Perfeito estado,Não existe,Não há placas,,Dupla,Faixa seccionada,,,,
2020-08-05,10:33:00,COM VÍTIMA,FINALIZADA,CASA AMARELA,RUA DO MARQUES,0,,EST DO ENCANAMENTO,PROX. A ESCOLA ESTADUAL JOSE VILELA,,,,CASA AMARELA,COLISÃO FRONTAL,AUTO E MOTO C/V VT-11 NO LOCAL GM EDER,1,1,,,,,,,,2,,462,CIDADE,Cruzamento,Bom,Com defeito,Perfeito estado,Seca,Perfeito estado,Faixa de pedestre,,60 km/h,,,,,,
2020-08-05,11:45:00,COM VÍTIMA,FINALIZADA,MADALENA,RUA BENFICA,3,411,RUA EUCLIDES DA CUNHA,SEMAFORO 590,,,,MADALENA,TOMBAMENTO,ACID. PERCURSO MOTO C/V,,1,,,,,,,,1,,590,CIDADE,Cruzamento,Bom,Sem defeito,Perfeito estado,Seca,Perfeito estado,Faixa de pedestre,,60 km/h,Única,,,,,
2020-08-05,13:51:00,COM VÍTIMA,FINALIZADA,ARRUDA,AV PROFESSOR JOSE DOS ANJOS,0,,,EM FRENTE AO PAI DO ARRUDA- POR TRAS DO CAMPO DO ARRUDA,,,,ARRUDA,COLISÃO TRASEIRA,COLISÃO MOTO E CARRO,1,1,,,,,,,,1,,,SUBURBIO,Longo da via,Bom,Não existe,Perfeito estado,Seca,Perfeito estado,Não existe,Outras,40 km/h,Única,Faixa seccionada,,,,
2020-08-05,18:17:00,COM VÍTIMA,FINALIZADA,CORDEIRO,AV CAXANGA,4,2811,,CANAL DO CAVOUCO. EM FRENTE AO RESTAURANTE MASSARELA.,,,,CORDEIRO,COLISÃO COM CICLISTA,MOTO E BICICLETA.,,1,,1,,,,,,1,,,CIDADE,Longo da via,Bom,Sem defeito,Perfeito estado,Seca,Perfeito estado,,,,Dupla,Faixa contínua,Faixa seccionada,Canteiro central,,
2020-08-05,18:45:00,COM VÍTIMA,FINALIZADA,CASA FORTE,AV FLOR DE SANTANA,2,48,AV DEZESSETE DE AGOSTO,ENF. A BURGE KING. LADO OPOSTO AO NÚMERO INFORMADO.,,,,CASA FORTE,ABALROAMENTO TRANSVERSAL,ECOSPORT X MOTO,1,1,,,,,,,,1,,,PARNAMIRIM,Longo da via,Bom,Não existe,Ilegível,Seca,Perfeito estado,Não existe,Outras,,Dupla,,,,,
2020-08-05,19:35:00,COM VÍTIMA,FINALIZADA,TORRE,RUA JOSE BONIFACIO,0,,,LADO OPOSTO AO CARREFOUR.,,,,TORRE,COLISÃO TRASEIRA,ENTRE 2 AUTOS E UMA MOTO. C/V,2,1,,,,,,,,1,,,SUBURBIO,Longo da via,Bom,Não existe,Não existente,Seca,Perfeito estado,Não existe,Não há placas,,Dupla,Canteiro central,,,,
2020-08-06,13:05:00,COM VÍTIMA,FINALIZADA,IMBIRIBEIRA,AV MARECHAL MASCARENHAS DE MORAES,0,,,LADO OPOSTO A INFRAERO CARGO,,,,IMBIRIBEIRA,ATROPELAMENTO,,1,,,,1,,,,,1,,,SUBURBIO,,,,,,,,,,,,,,,
2020-08-06,07:34:00,COM VÍTIMA,FINALIZADA,CASA AMARELA,RUA DES GOIS CAVALCANTE,3,154,EST DO ARRAIAL,EM FRENTE AO HOSPITAL AGAMENON MAGALHAES,,,,CASA AMARELA,ABALROAMENTO LONGITUDINAL,MOTO E AUTO,1,1,,,,,,,,1,,,SUBURBIO,Longo da via,Bom,Não existe,Perfeito estado,Seca,Perfeito estado,Não existe,Outras,,Única,Faixa seccionada,,,,
2020-08-06,09:56:00,COM VÍTIMA,FINALIZADA,GRACAS,RUA JOAO RAMOS,2,50,RUA BRUNO MAIA,E/F AO EMPRESARIAL MANGUINHOS,,,,GRAÇAS,ABALROAMENTO TRANSVERSAL,COLISÃO C/VITIMA ENTRE UM AUTO E UMA MOTO,1,1,,,,,,,,2,,,SUBURBIO,Cruzamento,Bom,Não existe,Perfeito estado,Seca,Perfeito estado,Faixa de pedestre,Placas Pare,,Única,Não existe,,,,
2020-08-06,12:29:00,VÍTIMA FATAL,FINALIZADA,CAMPO GRANDE,AV CORREIA DE BRITO,3,699,AV PROFESSOR JOSE DOS ANJOS,SENTIDO CENTRO DE CONVENÇÕES/SOBRE A PONTE MANOEL DE BRITO.,,,,CAMPO GRANDE,COLISÃO COM CICLISTA,VÍTIMA XX CRIANÇA COM Y ANOS( FALECEU NO LOCAL)- A AVÓ CONDUZIA A BICICLETA,,,,1,,,1,,,,1,563,CIDADE,Ponte,Bom,Sem defeito,Perfeito estado,Seca,Perfeito estado,Não existe,Não há placas,,Dupla,Faixa contínua,,,,
2020-08-06,17:51:00,COM VÍTIMA,FINALIZADA,JORDAO,AV MARIA IRENE,3,500,,EM FRENTE A CAPELA SÃO JOÃO BATISTA,,,,JORDÃO,ABALROAMENTO LONGITUDINAL,COM UMA VITIMA AGUARDADNDO SAMU,1,1,,,,,,,,1,,,SUBURBIO,Longo da via,Bom,Não existe,Perfeito estado,Seca,Perfeito estado,Não existe,Não há placas,,Dupla,Faixa contínua,,,,
2020-08-07,06:23:00,COM VÍTIMA,FINALIZADA,BOA VIAGEM,AV MARECHAL JUAREZ TAVORA,0,,RUA JOAO CARDOSO AIRES,,,,,BOA VIAGEM,ABALROAMENTO TRANSVERSAL,COLISÃO ENTRE ÔNIBUS E VEÍCULO (VT DO PATRIMÔNIO),,,,,,1,,1,,1,,478,,Longo da via,Bom,Sem defeito,Perfeito estado,Seca,Perfeito estado,Faixa de pedestre,Não há placas,30 km/h,Única,Não existe,,,,
2020-08-07,08:33:00,COM VÍTIMA,FINALIZADA,PINA,AV ANTONIO DE GOES,0,,,SAÍDA DO TÚNEL. EM FRENTE AO EMPRESARIAL JOPIM.,,,,PINA,COLISÃO FRONTAL,COLISÃO DOIS AUTOS E UMA MOTO,2,1,,,,,,,,1,,103,CIDADE,Cruzamento,Bom,Sem defeito,Perfeito estado,Seca,Perfeito estado,Agente,Não há placas,60 km/h,Única,Faixa seccionada,,,,
2020-08-07,13:07:00,COM VÍTIMA,FINALIZADA,SANCHO,AV LIBERDADE,0,,,EM FRENTE AO CIMITERIO PARQUE DAS FLORES E PONTO DE ÔNIBUS DE Nº 070013,,,,SANCHO,ATROPELAMENTO,CONDUTOR DO VEICULO INFORMA QUE A PESSOA ESTAVA ATAVESSANDO A RUA E NO MEU DO CAMINHO VOLTOU E NÃO DEU TEMPO DE FREIAR,1,,,,1,,,,,1,,,SUBURBIO,Longo da via,Bom,Não existe,Perfeito estado,Seca,Perfeito estado,Não existe,Não há placas,,Dupla,Faixa contínua,,,,
2020-08-07,14:53:00,COM VÍTIMA,FINALIZADA,BOA VISTA,AV VISCONDE DE SUASSUNA,3,775,RUA GOUVEIA DE BARROS,EID,,,,BOA VISTA,ABALROAMENTO TRANSVERSAL,COLISÃO ENVOLVENDO A VT (MOTO) DO INSPETOR NOBRE.,1,,,,,,,1,,1,,,CIDADE,Longo da via,Bom,Não existe,Perfeito estado,Seca,Perfeito estado,,Não há placas,,Única,Faixa seccionada,,,,
2020-08-07,18:00:00,COM VÍTIMA,FINALIZADA,ILHA DO RETIRO,RUA JOAO ELISIO RAMOS,3,140,RUA DR JOAO MARQUES,,,,,ILHA DO RETIRO,COLISÃO COM CICLISTA,COLISÃO COM VITIMA- REPASSADO PELO INSP ALMIR,1,,,1,,,,,,1,,,CIDADE,Esquina,Bom,Não existe,Perfeito estado,Seca,Perfeito estado,Não existe,Placas Pare,30 km/h,Dupla,Não existe,,,,
2020-08-07,19:55:00,COM VÍTIMA,FINALIZADA,SANTO AMARO,AV GOVERNADOR AGAMENON MAGALHAES,0,,,ENF. A UPE // SENTIDO OLINDA VIA PRINCIPAL,,,,SANTO AMARO,ABALROAMENTO LONGITUDINAL,HB 20 X MOTO,1,1,,,,,,,,2,,465,SUBURBIO,Longo da via,Chuvoso,Sem defeito,Incompleta,Molhada,Mal conservada,Faixa de pedestre,R-19,60 km/h,Dupla,Canal,,,,
2020-08-07,21:58:00,COM VÍTIMA,FINALIZADA,AREIAS,RUA DR GIL RODRIGUES DOS SANTOS,2,10,,PROX AO TERMINAL DO ONIBUS VILA TAMANDARE,,,,AREIAS,ABALROAMENTO LONGITUDINAL,MOTO X FIAT ESTRADA   OBS : VT DA POLICIA MILITAR NO LOCAL,1,1,,,,,,,,1,,,SUBURBIO,Longo da via,Chuvoso,Não existe,Perfeito estado,Molhada,Perfeito estado,Não existe,Não há placas,,Dupla,Não existe,,,,
2020-08-08,13:25:00,COM VÍTIMA,FINALIZADA,MADALENA,AV CAXANGA,3,612,,ALEMAO AUTOMOVEIS,,,,MADALENA,ABALROAMENTO LONGITUDINAL,AUTO E MOTO C VITIMAS,1,1,,,,,,,,2,,,SUBURBIO,Longo da via,Bom,Não existe,Perfeito estado,Seca,Perfeito estado,Não existe,R-6a,,Dupla,Canteiro central,,,,
2020-08-08,19:33:00,COM VÍTIMA,FINALIZADA,AGUA FRIA,RUA DO MACHADO,3,790,,PROXIMO DOS IRREPONSAVEIS- PROXIMO DO CALDINHO DO PORTUGA,,,,ÁGUA FRIA,COLISÃO COM CICLISTA,COLISÃO ENTRE MOTO E BICICLETA C/V,,1,,1,,,,,,2,,,SUBURBIO,Longo da via,Bom,Não existe,Perfeito estado,Seca,Perfeito estado,Não existe,Não há placas,,Dupla,Faixa seccionada,,,,
2020-08-08,19:52:00,COM VÍTIMA,FINALIZADA,BOA VIAGEM,RUA ANTONIO FALCAO,0,,RUA FRANCISCO DA CUNHA,EM FRENTE A ZE DO CALDO DE CANA- EM FRENTE AO FALCÃO COMERCIAL CONSTRUÇÃO,,,,BOA VIAGEM,ABALROAMENTO TRANSVERSAL,COLISÃO ENTRE AUTO E MOTO C/V,1,1,,,,,,,,1,,227,CIDADE,Cruzamento,Bom,Sem defeito,Perfeito estado,Seca,Perfeito estado,Faixa de pedestre,Não há placas,,Única,Não existe,,,,