data,hora,natureza_acidente,situacao,bairro,endereco,,numero,detalhe_endereco_acidente,complemento,endereco_cruzamento,numero_cruzamento,referencia_cruzamento,bairro_cruzamento,tipo,descricao,auto,moto,ciclom,ciclista,pedestre,onibus,caminhao,viatura,outros,vitimas,vitimasfatais,num_semaforo,sentido_via,acidente_verificado,tempo_clima,situacao_semaforo,sinalizacao,condicao_via,conservacao_via,ponto_controle,situacao_placa,velocidade_max_via,mao_direcao,divisao_via1,divisao_via2,divisao_via3,_id,Protocolo
2020-08-08,21:59:00,COM VÍTIMA,FINALIZADA,BOA VIAGEM,AV ENGENHEIRO DOMINGOS FERREIRA,0,,RUA BRUNO VELOSO,AO LADO DA FARMÁCIA DROGASIL // FAIXA ESQUERDA,,,,BOA VIAGEM,ABALROAMENTO TRANSVERSAL,COLISÃO ENTRE AUTO E MOTO C/V,1,1,,,,,,,,1,,338,,Cruzamento,Chuvoso,Sem defeito,Perfeito estado,Molhada,Perfeito estado,Faixa de pedestre,R-6a,,Única,Canteiro central,,,,
2020-08-08,22:41:00,COM VÍTIMA,FINALIZADA,BARRO,AV DR JOSE RUFINO,0,,RUA JOSE NATARIO,PRÓX AO SENAI,,,,BARRO,ABALROAMENTO TRANSVERSAL,COLISÃO ENTRE AUTO E MOTO C/V,1,1,,,,,,,,2,,44,CIDADE,Cruzamento,Chuvoso,Sem defeito,Incompleta,Seca,Mal conservada,Faixa de pedestre,,,Dupla,,,,,
2020-08-09,15:29:00,COM VÍTIMA,FINALIZADA,IBURA,AV DOIS RIOS,0,,,AO LADO DA POLICLINICA DO IBURA. POSTE B041617.,,,,IBURA,ABALROAMENTO LONGITUDINAL,COLISÃO COM VÍTIMA,1,1,,,,,,,,1,,,CIDADE,Longo da via,Bom,Não existe,Incompleta,Seca,Perfeito estado,Não existe,Placas Pare,,Dupla,Faixa contínua,,,,
2020-08-09,18:46:00,COM VÍTIMA,FINALIZADA,SANTO AMARO,AV MARIO MELO,0,,RUA DA AURORA,PROX A ESCOLA DE CONTA PUBLICA PROF. BARRETO GUIMARAES,,,,SANTO AMARO,CHOQUE OBJETO FIXO,MOTO X ILHA (DIVISOR DE PISTA ),,1,,,,,,,,1,,90,SUBURBIO,Longo da via,Bom,Sem defeito,Perfeito estado,Seca,Perfeito estado,Faixa de retenção,,,Única,Faixa contínua,,,,
2020-08-11,08:58:00,COM VÍTIMA,FINALIZADA,SAO JOSE,AV SUL,4,1022,,PROX. AO POSTO DE GASOLINA BR DESATIVADO. EM FRENTE A OFICINA CABILEIRA,,,,SÃO JOSÉ,COLISÃO TRASEIRA,DOIS AUTOS E MOTO,2,1,,,,,,,,2,,205,CIDADE,Longo da via,Bom,Sem defeito,Perfeito estado,Seca,Perfeito estado,Faixa de pedestre,Não há placas,,Dupla,Canteiro central,,,,
2020-08-11,15:58:00,COM VÍTIMA,FINALIZADA,AFOGADOS,RUA JOAO IVO DA SILVA,3,220,,EM FRENTE A BREMEN/ SENTIDO AFOGADOS,,,,AFOGADOS,COLISÃO TRASEIRA,COLISÃO COM VÍTIMA,1,1,,,,,,,,1,,,SUBURBIO,Longo da via,Bom,Não existe,Perfeito estado,Seca,Perfeito estado,Não existe,Não há placas,40 km/h,Única,Faixa contínua,Faixa seccionada,,,
2020-08-12,18:28:00,COM VÍTIMA,FINALIZADA,PARNAMIRIM,AV DEZESSETE DE AGOSTO,3,125,RUA JOAO DA SILVA TELES,EM FRENTE AO BANCO BRADESCO E DA FRUTARIA.,,,,PARNAMIRIM,ATROPELAMENTO,MOTO E PEDESTRE,,1,,,1,,,,,2,,,SUBURBIO,Longo da via,Bom,Não existe,Perfeito estado,Seca,Perfeito estado,Não existe,Outras,,Dupla,Faixa contínua,,,,
2020-08-13,10:38:00,COM VÍTIMA,FINALIZADA,TORREAO,AV NORTE,4,1702,,APÓS A PRAÇA DA PICANHA,,,,TORREÃO,TOMBAMENTO,,,1,,,,,,,,1,,,CIDADE,Longo da via,Bom,Não existe,Perfeito estado,,Perfeito estado,Não existe,Outras,,Dupla,Canteiro central,,,,
2020-08-13,11:59:00,COM VÍTIMA,FINALIZADA,MADALENA,AV CAXANGA,3,303,,PRÓXIMO AO SANTANDER,,,,MADALENA,COLISÃO TRASEIRA,COLISÃO COM VITIMA,,2,,,,,,,,1,,,CIDADE,Longo da via,Chuvoso,Não existe,Perfeito estado,Molhada,Perfeito estado,Não existe,Outras,,Dupla,Faixa contínua,Faixa seccionada,Canteiro central,,
2020-08-13,12:42:00,COM VÍTIMA,FINALIZADA,IBURA,AV DOIS RIOS,3,443,,IGREJA DE JESUS CRISTO DOS SANTOS DOS ÚLTIMOS DIAS.,,,,IBURA,ABALROAMENTO LONGITUDINAL,AUTO X MOTO COM VÍTIMA,1,1,,,,,,,,1,,,CIDADE,Longo da via,Bom,Não existe,Perfeito estado,Seca,Perfeito estado,Não existe,Não há placas,60 km/h,Dupla,Faixa contínua,,,,
2020-08-13,16:08:00,COM VÍTIMA,FINALIZADA,SANTO AMARO,AV GOVERNADOR AGAMENON MAGALHAES,0,,,DESCIDA DO VIADUTO DA JOÃO DE BARROS.,,,,SANTO AMARO,TOMBAMENTO,COM VÍTIMA,,1,,,,,,,,1,,,SUBURBIO,Ponte,Bom,Não existe,Perfeito estado,Molhada,Perfeito estado,Não existe,Não há placas,60 km/h,Dupla,Canal,,,,
2020-08-13,23:39:00,COM VÍTIMA,FINALIZADA,CASA FORTE,AV DEZESSETE DE AGOSTO,4,1950,RUA MARECHAL RONDON,PROXIMO A LABORATÓRIO ROBERTO MAGALHÃES,,,,CASA FORTE,COLISÃO FRONTAL,COLISÃO COM VITMAS ENVOLVENDO DOIS AUTO (CONDUTOR COM SINTOMAS DE EMBRIAGUES),2,,,,,,,,,1,,,,Cruzamento,Bom,,Perfeito estado,Seca,Perfeito estado,Não existe,,,Dupla,Faixa contínua,,,,
2020-08-14,09:11:00,COM VÍTIMA,FINALIZADA,CAJUEIRO,AV CIDADE DE MONTEIRO,3,159,,PROX AO ARMAZEM CORAL,,,,CAJUEIRO,COLISÃO FRONTAL,MOTO E AUTO,1,1,,,,,,,,1,,,SUBURBIO,Longo da via,Bom,Não existe,Perfeito estado,Seca,Perfeito estado,Não existe,R-6a,40 km/h,Única,Faixa contínua,,,,
2020-08-14,14:30:00,COM VÍTIMA,FINALIZADA,MADALENA,AV VISCONDE DE ALBUQUERQUE,3,401,RUA LOPES DE CARVALHO,LADO OPOSTO AO MADALENA CENTER,,,,MADALENA,COLISÃO TRASEIRA,COLISÃO MOTO E CARRO,1,1,,,,,,,,1,,,SUBURBIO,Longo da via,Bom,Não existe,Perfeito estado,Seca,Perfeito estado,Não existe,Não há placas,,Única,Faixa,,,,
2020-08-14,17:58:00,COM VÍTIMA,FINALIZADA,MANGUEIRA,RUA SAO MIGUEL,4,1357,RUA MANOEL DE ALBUQUERQUE FERNANDES,E/F AO BODE DO NO,,,,MANGUEIRA,ABALROAMENTO TRANSVERSAL,COLISAO COM VITIMAS,1,1,,,,,,,,1,,392,CIDADE,Longo da via,Bom,Sem defeito,Perfeito estado,Seca,Perfeito estado,Faixa de pedestre,Placas Dê a preferência,,Dupla,Faixa contínua,,,,
2020-08-14,18:12:00,COM VÍTIMA,FINALIZADA,IMBIRIBEIRA,AV PRESIDENTE DUTRA,3,451,,EM FRENTE AO SAL E BRASA- SENTIDO BOA VIAGEM.,,,,IMBIRIBEIRA,CHOQUE OBJETO FIXO,COM VÍTIMA,,1,,,,,,,,1,,,BOA VIAGEM,Longo da via,Bom,Não existe,Perfeito estado,Seca,Perfeito estado,Não existe,Não há placas,,Única,Não existe,,,,
2020-08-15,15:37:00,COM VÍTIMA,FINALIZADA,BOA VIAGEM,AV ENGENHEIRO DOMINGOS FERREIRA,4,4367,RUA CORONEL BENEDITO CHAVES,EM FRENTE AO MUNDO DO CABELEIREIRO,,,,BOA VIAGEM,TOMBAMENTO,COM VÍTIMA,,1,,,,,,,,1,,128,SUBURBIO,Cruzamento,Bom,Sem defeito,Perfeito estado,Seca,Perfeito estado,Faixa de retenção,R-6a,,Única,Não existe,,,,
2020-08-15,21:07:00,COM VÍTIMA,FINALIZADA,CAMPO GRANDE,AV GOVERNADOR AGAMENON MAGALHAES,0,,RUA ODORICO MENDES,ENF. AO IC INSTITUTO CRIMINALISTICA,,,,CAMPO GRANDE,ABALROAMENTO TRANSVERSAL,ENTRE AUTO E MOTO. C/V,1,1,,,,,,,,1,,49,SUBURBIO,Cruzamento,Bom,Sem defeito,Perfeito estado,Seca,Perfeito estado,Faixa de pedestre,,60 km/h,Única,Faixa contínua,Faixa seccionada,,,
2020-08-16,11:36:00,COM VÍTIMA,FINALIZADA,CASA FORTE,AV DEZESSETE DE AGOSTO,3,312,,E/F A BURGUER KING E PET SHOP PETLAND,,,,CASA FORTE,ABALROAMENTO TRANSVERSAL,COLISÃO C/VITIMA ENTRE UMA MOTO E UM AUTO,1,1,,,,,,,,1,,,,Longo da via,Bom,Não existe,Perfeito estado,Seca,Perfeito estado,Outros,R-6a,,Dupla,Faixa contínua,,,,
2020-08-16,14:56:00,COM VÍTIMA,FINALIZADA,MACAXEIRA,AV JOSE AMERICO DE ALMEIDA,4,1202,,PROXIMO DA ESCOLA PERNAMBUCANA DE CIRCO- PROXIMO DO RESTAURANTE BOI NO PRATO. AO LADO DA FENIX BARBEARIA.,,,,MACAXEIRA,CHOQUE VEÍCULO PARADO,MOTO CHOCOU-SE COM AUTO QUE ESTAVA ESTACIONADO C/V,1,1,,,,,,,,1,,,SUBURBIO,Longo da via,Bom,Não existe,Perfeito estado,Seca,Perfeito estado,Não existe,R-19,30 km/h,Única,Não existe,,,,
2020-08-16,16:09:00,COM VÍTIMA,FINALIZADA,VARZEA,AV AFONSO OLINDENSE,4,1090,,AO LADO DO BAR PARAIBANO- PROX A LOMBADA ELETRONICA DA VARZEA. EM FRENTE A ACADEMIA ACTO.,,,,VÁRZEA,ABALROAMENTO TRANSVERSAL,COLISÃO MOTO E CARRO,1,1,,,,,,,,1,,,,Longo da via,Bom,Não existe,Perfeito estado,Seca,Perfeito estado,Não existe,Outras,30 km/h,Dupla,Faixa contínua,,,,
2020-08-17,12:27:00,COM VÍTIMA,FINALIZADA,MADALENA,RUA BENFICA,0,,,NO SEMÁFORO 590,,,,MADALENA,COLISÃO,COLISÃO COM VÍTIMA,1,1,,,,,,,,2,,590,,Cruzamento,Bom,Sem defeito,Perfeito estado,Seca,Perfeito estado,Faixa de pedestre,,60 km/h,,,,,,
2020-08-17,15:36:00,COM VÍTIMA,FINALIZADA,AGUA FRIA,AV BEBERIBE,4,1769,,EM FRENTE A JORGE SUPLEMENTOS / SENTIDO CENTRO,,,,ÁGUA FRIA,ABALROAMENTO TRANSVERSAL,COLISÃO COM VÍTIMA,1,1,,,,,,,,1,,,SUBURBIO,Longo da via,Bom,Não existe,Perfeito estado,Seca,Perfeito estado,Faixa de pedestre,Não há placas,40 km/h,Dupla,Faixa contínua,,,,
2020-08-17,21:20:00,COM VÍTIMA,FINALIZADA,SANTO AMARO,AV CRUZ CABUGA,0,,AV NORTE,AO LADA DA CASA DA INDUSTRIA,,,,SANTO AMARO,ABALROAMENTO TRANSVERSAL,ONIBUS DA GLOBO X PEUGEOT,1,,,,,1,,,,1,,,SUBURBIO,Cruzamento,Bom,Sem defeito,Perfeito estado,Seca,Perfeito estado,Faixa de pedestre,,,Dupla,Canteiro central,,,,
2020-08-17,21:26:00,COM VÍTIMA,FINALIZADA,BOA VIAGEM,AV CONSELHEIRO AGUIAR,4,4200,RUA RIBEIRO DE BRITO,SEMÁFORO 147 / E/F AO EDF HOLIDAY,,,,BOA VIAGEM,ABALROAMENTO TRANSVERSAL,ENTRE AUTO E MOTO. C/V,1,1,,,,,,,,1,,147,CIDADE,Cruzamento,Chuvoso,Sem defeito,Perfeito estado,Molhada,Perfeito estado,Faixa de pedestre,R-6a,,Única,Faixa contínua,,,,
2020-08-18,10:19:00,COM VÍTIMA,FINALIZADA,SANTO ANTONIO,RUA FLORIANO PEIXOTO,0,,RUA TOBIAS BARRETO,EM FRENTE A CASA DA CULTIURA,,,,SANTO ANTÔNIO,ABALROAMENTO LONGITUDINAL,MOTO E ONIBUS,,1,,,,1,,,,1,,,SUBURBIO,Cruzamento,Bom,Não existe,Perfeito estado,Seca,Perfeito estado,Não existe,Outras,,Única,Faixa seccionada,,,,
2020-08-18,14:52:00,COM VÍTIMA,FINALIZADA,BOA VISTA,RUA JOAO FERNANDES VIEIRA,0,,RUA DR BANDEIRA FILHO,E/F A PRAÇA,,,,BOA VISTA,ABALROAMENTO LONGITUDINAL,COLISAO ENTRE DOIS AUTO E MOTO COM VITIMA,2,1,,,,,,,,1,,,SUBURBIO,Longo da via,Bom,Não existe,Ilegível,Seca,Perfeito estado,Não existe,Não há placas,60 km/h,Única,Não existe,,,,
2020-08-18,17:45:00,COM VÍTIMA,FINALIZADA,MADALENA,AV BEIRA RIO,3,591,,E/F AO EDF RIO CAPIBARIBE,,,,MADALENA,ABALROAMENTO LONGITUDINAL,COLISAO ENTRE AUTO E MOTO,1,1,,,,,,,,2,,,CIDADE,Longo da via,Bom,Não existe,Perfeito estado,Seca,Perfeito estado,Não existe,Não há placas,40 km/h,,Faixa seccionada,,,,
2020-08-18,21:57:00,COM VÍTIMA,FINALIZADA,BOA VIAGEM,RUA ANTONIO LUMACK DO MONTE,3,203,,EM FRENTE AO HOTEL IMPERIAL SUITE- PROXIMO AO SHOPPING RECIFE,,,,BOA VIAGEM,CHOQUE VEÍCULO PARADO,AUTO E MOTO.,1,1,,,,,,,,1,,,SENT. RUA PADRE CARAPUCEIRO,Longo da via,Bom,Não existe,Perfeito estado,Seca,Perfeito estado,Não existe,Outras,,Única,Não existe,,,,
2020-08-19,07:23:00,COM VÍTIMA,FINALIZADA,IPUTINGA,AV CAXANGA,0,,,EM FRENTE À CAXANGÁ VEÍCULOS,,,,IPUTINGA,ATROPELAMENTO,APOIO NO MONITORAMENTO. SITUAÇÃO DE ATROPELAMENTO.,,,,,1,,,,,1,,270,SUBURBIO,Longo da via,Bom,Sem defeito,Perfeito estado,Seca,Perfeito estado,Faixa de pedestre,Não há placas,60 km/h,Dupla,Canteiro central,,,,
2020-08-19,14:30:00,COM VÍTIMA,FINALIZADA,BOA VISTA,AV GOVERNADOR AGAMENON MAGALHAES,0,,RUA JOAO FERNANDES VIEIRA,COMEÇO DA PRAÇA PARQUE AMORIM.,,,,BOA VISTA,ABALROAMENTO LONGITUDINAL,ÔNIBUS E MOTO,,1,,,,1,,,,1,,,,,,,,,,,,,,,,,,
2020-08-19,17:07:00,COM VÍTIMA,FINALIZADA,MANGABEIRA,AV NORTE,4,4578,RUA DA MANGABEIRA,NO SEMÁFORO 096,,,,MANGABEIRA,CHOQUE OBJETO FIXO,CHOQUE SEGUIDO DE UMA COLISÃO TRASEIRA.,1,1,,,,,,,,2,,96,SUBURBIO,Longo da via,Bom,Sem defeito,Perfeito estado,Seca,Perfeito estado,Faixa de pedestre,Não há placas,,Única,Canteiro central,,,,
2020-08-19,18:38:00,COM VÍTIMA,FINALIZADA,BEBERIBE,AV BEBERIBE,4,4575,,EM FRENTE A LOJA MAGAZINE LUIZA,,,,BEBERIBE,COLISÃO FRONTAL,AUTO E MOTO,1,1,,,,,,,,1,,,CIDADE,Longo da via,Bom,Não existe,Não existente,Seca,Perfeito estado,Não existe,Não há placas,,Dupla,Não existe,,,,
2020-08-19,18:53:00,COM VÍTIMA,FINALIZADA,ALTO JOSE DO PINHO,AV NORTE,4,4861,,EM FRENTE AO ARMAZÉM CORAL,,,,ALTO JOSÉ DO PINHO,ATROPELAMENTO,MOTO X AUTO E PEDESTRE,1,1,,,1,,,,,1,,,CIDADE,Longo da via,Bom,Não existe,Perfeito estado,Seca,Perfeito estado,Não existe,Não há placas,40 km/h,Dupla,Canteiro central,,,,
2020-08-19,19:32:00,COM VÍTIMA,FINALIZADA,VARZEA,RUA PROFESSOR ANTONIO COELHO,3,447,RUA MARECHAL MANOEL LUIS OSORIO,E/F AO COLÉGIO PONTUAL E HOSPITAL HAPVIDA,,,,VÁRZEA,ABALROAMENTO TRANSVERSAL,ENTRE ÕNIBUS E MOTO. C/V,,1,,,,1,,,,1,,,,Cruzamento,Bom,Não existe,Perfeito estado,Seca,Perfeito estado,Faixa de pedestre,Placas Pare,30 km/h,Dupla,Faixa seccionada,,,,
2020-08-20,07:24:00,COM VÍTIMA,FINALIZADA,CASA AMARELA,RUA DA ESTRELA,3,183,RUA ASTRONAUTA NEIL ARMSTRONG,,,,,CASA AMARELA,ABALROAMENTO TRANSVERSAL,AUTO E MOTO.,1,1,,,,,,,,1,,,SUBURBIO,Longo da via,Bom,Não existe,Incompleta,Seca,Perfeito estado,Não existe,Não há placas,,Dupla,Não existe,,,,
2020-08-20,08:08:00,COM VÍTIMA,FINALIZADA,BOA VISTA,RUA PRINCESA IZABEL,0,,RUA DA AURORA,SECRETARIA DE DEFESA SOCIAL. POLÍCIA CIVIL DE PERNAMBUCO.,,,,BOA VISTA,ABALROAMENTO LONGITUDINAL,COLISÃO ENTRE DOIS AUTOS E UMA MOTO.,2,1,,,,,,,,1,,22,SUBURBIO,Cruzamento,Bom,Sem defeito,Perfeito estado,Seca,Perfeito estado,Agente,Não há placas,,Única,Não existe,,,,
2020-08-20,11:15:00,COM VÍTIMA,FINALIZADA,ALTO JOSE DO PINHO,COR DO BARTOLOMEU,3,124,,LADO OPOSTO A PADARIA ANDRÉA,,,,ALTO JOSÉ DO PINHO,ATROPELAMENTO,ATROPELAMENTO / VITIMA SOCORRIDA PELO SAMU,,1,,,1,,,,,1,,,CIDADE,Longo da via,Bom,Não existe,Incompleta,Seca,Mal conservada,Não existe,Não há placas,,Dupla,Faixa seccionada,,,,
2020-08-20,11:57:00,COM VÍTIMA,FINALIZADA,IBURA,RUA PINTOR AGENOR DE ALBUQUERQUE CESAR,3,369,,PROX AO SESI DO BARRO,,,,IBURA,COLISÃO,MOTO E AUTO,1,1,,,,,,,,1,,,,,,,,,,,,,,,,,,
2020-08-20,12:33:00,COM VÍTIMA,FINALIZADA,BOA VIAGEM,AV ENGENHEIRO DOMINGOS FERREIRA,0,,RUA ARTUR MUNIZ,PROX A O EXTRA. EM FRENTE AO CERPE DIAGNÓSTICO.,,,,BOA VIAGEM,ABALROAMENTO TRANSVERSAL,COLISÃO CARRO E MOTO,1,1,,,,,,,,1,,380,SUBURBIO,Cruzamento,Bom,Sem defeito,Perfeito estado,Seca,Perfeito estado,Faixa de pedestre,,60 km/h,Única,Canteiro central,,,,
2020-08-20,15:20:00,COM VÍTIMA,FINALIZADA,CAXANGA,RUA RIBEIRO PESSOA,3,931,,PROX UPA DA CAXANGA E HOTEL TURQUESA.,,,,CAXANGÁ,ABALROAMENTO LONGITUDINAL,COLISÃO 3 VEICULOS / VT15 NO LOCAL ANANIAS E RAMALHO,2,,,,,,1,,,1,,,,Longo da via,Bom,Não existe,Incompleta,Seca,Mal conservada,Não existe,Outras,,Dupla,Faixa seccionada,,,,
2020-08-21,07:08:00,COM VÍTIMA,FINALIZADA,BOA VIAGEM,RUA PROFESSOR JOAO MEDEIROS,0,,RUA RIBEIRO DE BRITO,EM FRENTE AO RESTAURANTE MISTER FIT,,,,BOA VIAGEM,ABALROAMENTO TRANSVERSAL,AUTO E MOTO BATEDORES NO LOCAL GM´S ANDRE E DECIO,1,1,,,,,,,,1,,332,CIDADE,Cruzamento,Chuvoso,Com defeito,Perfeito estado,Molhada,Perfeito estado,Faixa de pedestre,Outras,,Única,Faixa,,,,
2020-08-21,09:10:00,COM VÍTIMA,FINALIZADA,BONGI,AV ENGENHEIRO ABDIAS DE CARVALHO,0,,,LADO OPOSTO AO ARENA DO CAMARÃO. EM FRENTE A CHESF.,,,,BONGI,COLISÃO TRASEIRA,COLISÃO COM VITIMA ENTRE DOIS AUTOS.,2,,,,,,,,,1,,,CIDADE,Longo da via,Bom,Não existe,Perfeito estado,Seca,Perfeito estado,Não existe,R-6a,60 km/h,Dupla,Faixa seccionada,Canteiro central,,,
2020-08-21,13:22:00,COM VÍTIMA,FINALIZADA,TAMARINEIRA,RUA JUNDIA,0,,RUA IBIAPABA,EM FRENTE A FERREIRA COSTA,,,,TAMARINEIRA,ABALROAMENTO TRANSVERSAL,COLISÃO COM VITIMA,1,1,,,,,,,,1,,,,Cruzamento,Bom,Não existe,Perfeito estado,Seca,Perfeito estado,Não existe,Placas Pare,,Dupla,Não existe,,,,
2020-08-21,19:44:00,COM VÍTIMA,FINALIZADA,TORRE,RUA LEONARDO BEZERRA CAVALCANTE,3,340,,ENF. AO EDF PORTAL DE CAPIBARIBE E MUSEU MIRILO LAGREGA.,,,,TORRE,ABALROAMENTO TRANSVERSAL,AUTO E MOTO OBS: VT 25 DA CTTU ESTA NO LOCAL,1,1,,,,,,,,1,,,CIDADE,Longo da via,Bom,Não existe,Perfeito estado,Seca,Perfeito estado,Não existe,Não há placas,,Dupla,Faixa contínua,,,,
2020-08-22,04:25:00,COM VÍTIMA,FINALIZADA,BOA VIAGEM,AV CELSO FURTADO,0,,,PRÓXIMO AO BOMPREÇO - SENTIDO BOA VIAGEM,,,,BOA VIAGEM,ACID. DE PERCURSO,MOTOCICLISTA PERDEU O CONTROLE DA MOTOCICLETA E CAIU NA VIA. A MOTOCICLETA ESTÁ ABANDONADA NA VIA GERANDO RISCO DE NOVO ACIDENTE,,,,,,,,,,1,,,,,,,,,,,,,,,,,,
2020-08-22,08:19:00,COM VÍTIMA,FINALIZADA,IMBIRIBEIRA,RUA ARQUITETO LUIZ NUNES,4,1113,,EM FRENTE A IGREJA DOS MORMOS / PROX AO RESIDENCIAL PINHEIROS,,,,IMBIRIBEIRA,ABALROAMENTO TRANSVERSAL,AUTO E MOTO,1,1,,,,,,,,1,,,CIDADE,Longo da via,Bom,Sem defeito,Perfeito estado,Seca,Perfeito estado,Não existe,Outras,,Dupla,Faixa contínua,,,,
2020-08-22,11:21:00,COM VÍTIMA,FINALIZADA,BEBERIBE,AV BEBERIBE,0,,,EM FRENTE AO ESTADIO DO ARRUDA E PROX AO ARMAZEM CORAL,,,,BEBERIBE,ABALROAMENTO TRANSVERSAL,MOTO E AUTO,1,1,,,,,,,,1,,,SUBURBIO,Longo da via,Bom,Não existe,Perfeito estado,Seca,Perfeito estado,,R-6a,,Dupla,Faixa contínua,,,,
2020-08-22,13:28:00,COM VÍTIMA,FINALIZADA,PRADO,AV ENGENHEIRO ABDIAS DE CARVALHO,0,,RUA SANTA EDWIRGES,NO CRUZAMENTO DO SEMAFO 354,,,,PRADO,ABALROAMENTO LONGITUDINAL,COLISÃO MOTO E CARRO / VT 08 LOCAL,1,1,,,,,,,,1,,354,CIDADE,Cruzamento,Bom,Sem defeito,Perfeito estado,Seca,Perfeito estado,Faixa de pedestre,Outras,,Dupla,Canteiro central,,,,
2020-08-22,13:30:00,COM VÍTIMA,FINALIZADA,BOA VIAGEM,VDO PRESIDENTE TANCREDO NEVES,0,,,EM CIMA DO VIADUTO TANCREDO NEVES. NA ALÇA DO ATACADÃO.,,,,BOA VIAGEM,CHOQUE OBJETO FIXO,COLISÃO MOTO E CARRO / O CONDUTOR DO CARRO EVADIU-SE DO LOCAL.,1,1,,,,,,,,1,,,SUBURBIO,Longo da via,Bom,Não existe,Incompleta,Seca,Perfeito estado,Não existe,Não há placas,,Única,Canteiro central,,,,
2020-08-22,17:25:00,COM VÍTIMA,FINALIZADA,IBURA,RUA EXP FRANCISCO VITORIANO,3,83A,RUA POETA MARIO DE ALENCAR,DEPOIS DO MERCADINHO QUE ECONOMIA,,,,IBURA,ATROPELAMENTO,USUARIO INFORMA QUE VEICULO VEIO DESCENDO A LADEIRA E PERDEU O CONTROLE E BATEU NA PORTA DO SALÃO DUAS IRMÃ E ATROPELOU A PESSOA,1,,,,5,,,,,5,,,SUBURBIO,Cruzamento,Chuvoso,Não existe,Incompleta,Molhada,Mal conservada,Não existe,Não há placas,30 km/h,Dupla,Não existe,,,,
2020-08-23,03:20:00,COM VÍTIMA,FINALIZADA,BOA VIAGEM,AV CONSELHEIRO AGUIAR,0,,RUA SEVERINO BERNARDINO PEREIRA,,,,,BOA VIAGEM,ABALROAMENTO TRANSVERSAL,AUTO E MOTO.,1,1,,,,,,,,1,,125,CIDADE,Cruzamento,Bom,Sem defeito,Perfeito estado,Seca,Perfeito estado,Faixa de pedestre,Outras,,Única,Faixa seccionada,,,,
2020-08-23,13:41:00,COM VÍTIMA,FINALIZADA,IMBIRIBEIRA,AV PRESIDENTE DUTRA,0,,,NA SUBIDA DO VIADUTO TANCREDO NEVES S/T CEASA.,,,,IMBIRIBEIRA,ABALROAMENTO LONGITUDINAL,COLISAO ENTRE AUTO E MOTO COM UMA VITIMA VT 02 NO LOCAL. AUTO EVADIU-SE DO LOCAL.,,1,,,,,,,,1,,,CEASA,Longo da via,Bom,Não existe,Ilegível,Seca,Perfeito estado,Não existe,Não há placas,,Dupla,Blocos,,,,
2020-08-23,14:57:00,COM VÍTIMA,FINALIZADA,BOA VIAGEM,RUA CAMBOIM,3,210,RUA DEZ DE JULHO,EM FRENTE A MAISON CHRISTAL RECEPÇÕES,,,,BOA VIAGEM,ABALROAMENTO TRANSVERSAL,COLISÃO COM VÍTIMA,2,,,,,,,,,1,,,CIDADE,Cruzamento,Bom,Não existe,Perfeito estado,Seca,Perfeito estado,Não existe,Placas Pare,,Única,Faixa seccionada,,,,
2020-08-24,06:45:00,COM VÍTIMA,FINALIZADA,IMBIRIBEIRA,AV MARECHAL MASCARENHAS DE MORAES,4,4861,,EM FRENTE A FACULDADE FPS,,,,IMBIRIBEIRA,ABALROAMENTO LONGITUDINAL,COLISÃO COM UMA VITIMA AGUARDANDO SAMU,,1,,,,1,1,,,2,,,CIDADE,Longo da via,Bom,Sem defeito,Perfeito estado,Seca,Perfeito estado,Não existe,R-6a,,Dupla,Faixa seccionada,Canteiro central,,,