data,hora,natureza_acidente,situacao,bairro,endereco,,numero,detalhe_endereco_acidente,complemento,endereco_cruzamento,numero_cruzamento,referencia_cruzamento,bairro_cruzamento,tipo,descricao,auto,moto,ciclom,ciclista,pedestre,onibus,caminhao,viatura,outros,vitimas,vitimasfatais,num_semaforo,sentido_via,acidente_verificado,tempo_clima,situacao_semaforo,sinalizacao,condicao_via,conservacao_via,ponto_controle,situacao_placa,velocidade_max_via,mao_direcao,divisao_via1,divisao_via2,divisao_via3,_id,Protocolo
2020-08-24,07:53:00,COM VÍTIMA,FINALIZADA,DOIS IRMAOS,RUA MANUEL DE MEDEIROS,4,2022,AV LUIZ ANTONIO DE ARAUJO,EM FRENTE A BORRACHARIA DO NADO.,,,,DOIS IRMÃOS,ABALROAMENTO LONGITUDINAL,DUAS MOTOS,,2,,,,,,,,1,,,SUBURBIO,Esquina,Bom,Não existe,Perfeito estado,Seca,Perfeito estado,Não existe,R-6a,,Dupla,Faixa seccionada,,,,
2020-08-24,12:21:00,COM VÍTIMA,FINALIZADA,TEJIPIO,RUA DO SANCHO,2,79,RUA SARGENTO JUVENCIO,DEPOIS DA ESTACÃO DO METRO DE TEJIPIO,,,,TEJIPIÓ,ABALROAMENTO LONGITUDINAL,COLISÃO ENTRE 2 CARROS E 1 MOTO,2,1,,,,,,,,1,,,,Esquina,Bom,Não existe,Não existente,Seca,Mal conservada,Não existe,Não há placas,,Dupla,Não existe,,,,
2020-08-24,15:10:00,COM VÍTIMA,FINALIZADA,ESPINHEIRO,RUA BUENOS AYRES,3,166,,PROX AO BANCO DO NORDESTE,,,,ESPINHEIRO,COLISÃO,COLISÃO CARRO E MOTOCICLETA- VEICULO DA PLACA xxx EVADIU-SE DO LOCAL,1,,1,,,,,,,1,,,,,,,,,,,,,,,,,,
2020-08-24,22:40:00,COM VÍTIMA,FINALIZADA,CAJUEIRO,AV CIDADE DE MONTEIRO,0,,,PROXIMO DO ARMAZEM CORAL- PROXIMO DO MARTELINHO DE OURO,,,,CAJUEIRO,ABALROAMENTO LONGITUDINAL,COLISÃO ENTRE AUTO E MOTO C/V,1,1,,,,,,,,2,,,OLINDA,Longo da via,Bom,Sem defeito,Perfeito estado,Seca,Mal iluminada,Não existe,Não há placas,60 km/h,Dupla,Faixa contínua,,,,
2020-08-25,06:45:00,COM VÍTIMA,FINALIZADA,IPSEP,AV RECIFE,4,3021,,LADO OPOSTO AO POSTO FEDERAL SENTIDO AEROPORTO,,,,IPSEP,ATROPELAMENTO,VEÍCULO PERDEU O CONTROLE E ATROPELOU PEDESTRE NA PARADA DE ÔNIBUS,1,,,,2,,,,,2,,,,Longo da via,Bom,Não existe,Perfeito estado,Seca,Perfeito estado,Não existe,Não há placas,,Dupla,Canteiro central,,,,
2020-08-25,07:34:00,COM VÍTIMA,FINALIZADA,TORROES,AV ENGENHEIRO ABDIAS DE CARVALHO,4,3068,,EM BAIXO DO SEMAFORO 272 EM FRENTE AO SOS AUTO PEÇAS,,,,TORRÕES,COLISÃO TRASEIRA,COLISÃO COM VITIMA A ESPERA DO SAMU,1,1,,,,,,,,1,,272,CIDADE,Longo da via,Bom,Sem defeito,Perfeito estado,Seca,Perfeito estado,Faixa de pedestre,Outras,,Dupla,Faixa contínua,Faixa seccionada,Canteiro central,,
2020-08-25,08:05:00,COM VÍTIMA,FINALIZADA,BOA VIAGEM,RUA DEZ DE JULHO,0,,RUA WALDEMAR NERY CARNEIRO MONTEIRO,EM FRENTE AO EDIFICIO  TANGARA,,,,BOA VIAGEM,COLISÃO TRASEIRA,COLISÃO ENTRE ÔNIBUS E MOTO COM VITIMA.,,1,,,,1,,,,1,,573,CIDADE,Longo da via,Bom,Sem defeito,Incompleta,Seca,Perfeito estado,Faixa de pedestre,Não há placas,,Única,Faixa seccionada,,,,
2020-08-25,09:01:00,COM VÍTIMA,FINALIZADA,VARZEA,AV AFONSO OLINDENSE,3,690,RUA AMOROSO COSTA,,,,,VÁRZEA,ABALROAMENTO LONGITUDINAL,AUTO E MOTO  VT-20 NO LOCAL GM´S RODRIGO LACERDA E ANDRE PNHEIRO,1,1,,,,,,,,1,,,SUBURBIO,Longo da via,Bom,Não existe,Perfeito estado,Seca,Perfeito estado,Não existe,Outras,30 km/h,Dupla,Faixa contínua,Faixa seccionada,,,
2020-08-25,09:59:00,COM VÍTIMA,FINALIZADA,MADALENA,AV VISCONDE DE ALBUQUERQUE,0,,,EM FRENTE AO HOSPITAL D'AVILA,,,,MADALENA,CHOQUE VEÍCULO PARADO,AUTO E MOTO.,1,1,,,,,,,,1,,413,SUBURBIO,Longo da via,Bom,Sem defeito,Perfeito estado,Seca,Perfeito estado,Faixa de pedestre,R-6a,,Única,Faixa contínua,,,,
2020-08-25,13:07:00,COM VÍTIMA,FINALIZADA,SANTO AMARO,RUA DO PROGRESSO,2,71,,EM FRENTE AO ALTINO VENTURA,,,,SANTO AMARO,CHOQUE OBJETO FIXO,COLISÃO COM VÍTIMA,1,1,,,,,,,,1,,,CIDADE,Longo da via,Bom,Não existe,Perfeito estado,Seca,Perfeito estado,Não existe,Não há placas,,Única,Não existe,,,,
2020-08-25,13:22:00,COM VÍTIMA,FINALIZADA,AREIAS,RUA AURORA CACOTE,0,,,EM FRENTE A FARMÁCIA FARMAVIDA,,,,AREIAS,COLISÃO FRONTAL,COLISÃO ENTRE DUAS MOTOS,,2,,,,,,,,1,,,SUBURBIO,Longo da via,Bom,Não existe,Incompleta,Seca,Mal conservada,Não existe,R-6a,,Dupla,Não existe,,,,
2020-08-25,15:40:00,COM VÍTIMA,FINALIZADA,PINA,AV ANTONIO DE GOES,3,275,,EM FRENTE AO ITC,,,,PINA,COLISÃO TRASEIRA,COLISÃO COM VÍTIMA. AUTO E MOTO.,1,1,,,,,,,,1,,,CIDADE,Longo da via,Bom,Sem defeito,Perfeito estado,Seca,Perfeito estado,Não existe,Outras,40 km/h,Única,Faixa seccionada,Canteiro central,,,
2020-08-25,18:26:00,COM VÍTIMA,FINALIZADA,MADALENA,AV CAXANGA,3,171,RUA RODOLFO RANGEL MOREIRA,ESQUINA COM A PAGUE MENOS // VT 20 NO LOCAL,,,,MADALENA,TOMBAMENTO,ENTRE AUTO E MOTO. AUTO SE EVADIU DO LOCAL. CONDUTOR DA MOTONETA INFORMOU TER SIDO TRANCADO POR ESTE SEGUNDO VEÍCULO- VINDO A TOMBAR NA VIA.,,1,,,,,,,,1,,,CIDADE,Longo da via,Bom,Sem defeito,Perfeito estado,Seca,Perfeito estado,Faixa de pedestre,Outras,60 km/h,Dupla,Faixa contínua,Faixa seccionada,Canteiro central,,
2020-08-26,06:10:00,COM VÍTIMA,FINALIZADA,CABANGA,AV SUL,0,,RUA CARLOS COELHO LEAL VALENTE,ENTRADA DO CABANGA,,,,CABANGA,ABALROAMENTO TRANSVERSAL,COLISÃO ÔNIBUS DA EMPRESA VERA CRUZ X MOTOCICLETA BRAVAX - C/VITIMA FATAL,,,1,,,1,,,,1,,260,CIDADE,Cruzamento,Chuvoso,Sem defeito,Ilegível,Molhada,Perfeito estado,Não existe,Não há placas,,Dupla,Canteiro central,,,,
2020-08-26,08:36:00,COM VÍTIMA,FINALIZADA,ROSARINHO,AV NORTE,4,3311,,,,,,ROSARINHO,ABALROAMENTO LONGITUDINAL,MOTO.,,2,,,,,,,,2,,,CIDADE,Longo da via,Bom,Não existe,Perfeito estado,Seca,Perfeito estado,Não existe,R-6a,,Dupla,Canteiro central,,,,
2020-08-26,10:09:00,COM VÍTIMA,FINALIZADA,IPUTINGA,EST DO BARBALHO,3,889,,E/F AO DETRAN,,,,IPUTINGA,ABALROAMENTO LONGITUDINAL,COLISÃO C/VITIMA ENTRE UM AUTO E UMA MOTO,1,1,,,,,,,,1,,,SUBURBIO,Longo da via,Bom,Não existe,Perfeito estado,Seca,Perfeito estado,Faixa de pedestre,R-6c,,Dupla,Faixa contínua,,,,
2020-08-26,23:34:00,COM VÍTIMA,FINALIZADA,PARNAMIRIM,RUA JOAO TUDE DE MELO,0,,,PROXIMO AO SHOPPING PARNAMIRIM- NA PONTE QUE LIGA O BAIRRO DA TORRE A PARNAMIRIM,,,,PARNAMIRIM,CHOQUE OBJETO FIXO,MOTO CHOCOU-SE NA MURETA DA PONTE C/V,,1,,,,,,,,2,,,SUBURBIO,Ponte,Bom,Não existe,Perfeito estado,Seca,Perfeito estado,Não existe,Não há placas,40 km/h,Única,Faixa seccionada,,,,
2020-08-27,08:17:00,COM VÍTIMA,FINALIZADA,ILHA JOANA BEZERRA,RUA CAPITAO TEMUDO,0,,,EM CIMA DO VIADUTO CAPITÃO TEMUDO NO SENTIDO BOA VIAGEM,,,,ILHA JOANA BEZERRA,COLISÃO TRASEIRA,COLISÃO COM VITIMA A ESPERA DO SAMU,,1,,,,1,,,,2,,,SUBURBIO,Ponte,Bom,Não existe,Perfeito estado,Seca,Perfeito estado,Não existe,Não há placas,,Dupla,Canteiro central,,,,
2020-08-27,12:15:00,COM VÍTIMA,FINALIZADA,BOA VIAGEM,AV DOM JOAO VI,0,,,NA SAIDA DO TUNEL S/T CID,,,,BOA VIAGEM,COLISÃO TRASEIRA,COLISAO ENTRE AUTO E MOTO BATEDOR DA MOTO 27 E 11 NO LOCAL,1,1,,,,,,,,1,,580,CIDADE,Longo da via,Bom,Sem defeito,Perfeito estado,Seca,Perfeito estado,Faixa de pedestre,Outras,50 km/h,Dupla,Não existe,,,,
2020-08-27,13:27:00,COM VÍTIMA,FINALIZADA,CAMPO GRANDE,RUA PROFESSOR FRANCISCO DA TRINDADE,0,,RUA SAO CAETANO,PROX AO CLUBE DAS PAS,,,,CAMPO GRANDE,ABALROAMENTO TRANSVERSAL,COLISAO ENTRE AUTO E MOTO COM UMA VITIMA,1,1,,,,,,,,1,,,SUBURBIO,Cruzamento,Bom,Não existe,Incompleta,Seca,Perfeito estado,Faixa de retenção,Placas Pare,30 km/h,Dupla,Faixa seccionada,,,,
2020-08-27,14:08:00,COM VÍTIMA,FINALIZADA,BOA VISTA,AV GOVERNADOR AGAMENON MAGALHAES,0,,AV RUI BARBOSA,NO SEMÁFORO 037,,,,BOA VISTA,ABALROAMENTO LONGITUDINAL,COLISÃO COM VÍTIMA,1,1,,,,,,,,1,,37,OLINDA,Cruzamento,Bom,Sem defeito,Perfeito estado,Seca,Perfeito estado,Agente,Outras,60 km/h,Única,,,,,
2020-08-27,14:38:00,COM VÍTIMA,FINALIZADA,MADALENA,AV CAXANGA,3,481,,EM FRENTE AO NUCLEO SAÚDE- LADO OPOSTO AO COLÉGIO FORMAÇÃO INTEGRAL.,,,,MADALENA,COLISÃO TRASEIRA,COLISÃO COM VITIMA,1,1,,,,,,,,1,,,CIDADE,Longo da via,Bom,Não existe,Perfeito estado,Seca,Perfeito estado,Não existe,Não há placas,,Única,Faixa seccionada,,,,
2020-08-27,16:41:00,COM VÍTIMA,FINALIZADA,ESPINHEIRO,RUA BARAO DE ITAMARACA,3,209,,,,,,ESPINHEIRO,ATROPELAMENTO,MOTO E PEDESTRE,,1,,,1,,,,,1,,,CIDADE,Longo da via,Bom,Não existe,Perfeito estado,Seca,Perfeito estado,Não existe,Outras,30 km/h,Dupla,Faixa contínua,,,,
2020-08-27,18:56:00,COM VÍTIMA,FINALIZADA,ESTANCIA,AV RECIFE,3,880,,ENF A IGREJA BATISTA DA ESTANCIA SENTIDO CAXANGA,,,,ESTÂNCIA,COLISÃO TRASEIRA,VW/GOL X HONDA/BROSS,1,1,,,,,,,,1,,261,CIDADE,Longo da via,Bom,Sem defeito,Perfeito estado,Seca,Perfeito estado,Faixa de pedestre,,60 km/h,Única,Faixa contínua,,,,
2020-08-28,12:24:00,COM VÍTIMA,FINALIZADA,BOA VIAGEM,AV ENGENHEIRO DOMINGOS FERREIRA,4,2574,,PROX A FARMACIA INDEPENDENTE,,,,BOA VIAGEM,COLISÃO,CARRO COM MOTO,1,1,,,,,,,,1,,,CIDADE /SUB,,,,,,,,,,,,,,,
2020-08-28,12:35:00,COM VÍTIMA,FINALIZADA,MADALENA,AV VISCONDE DE ALBUQUERQUE,2,75,,LADO OPOSTO AO BOMPREÇO,,,,MADALENA,COLISÃO TRASEIRA,MOTOCICLETA DE PLACA: QYI0G28 E FIAT SIENA: PEG 9711,1,1,,,,,,,,1,,,SUBURBIO,Longo da via,Bom,Sem defeito,Perfeito estado,Seca,Perfeito estado,,Outras,,Única,Faixa seccionada,,,,
2020-08-28,14:36:00,COM VÍTIMA,FINALIZADA,BOA VIAGEM,RUA BALTAZAR PASSOS,0,,RUA VISCONDE DE JEQUITINHONHA,PROX A PADARIA PAN JOVEM- PROX AO PARQUE DONA LINDU SENTIDO PIEDADE,,,,BOA VIAGEM,ABALROAMENTO LONGITUDINAL,VEICULO COLIDIU COM A MOTO E CAPOTOU,1,1,,,,,,,,1,,154,,Cruzamento,Bom,Sem defeito,Perfeito estado,Seca,Perfeito estado,Faixa de pedestre,,40 km/h,,Faixa seccionada,,,,
2020-08-28,17:39:00,COM VÍTIMA,FINALIZADA,MACAXEIRA,RUA CARLOS MARIGHELLA,3,306,,PROX A BARRACA DO SPOK,,,,MACAXEIRA,ATROPELAMENTO,UM ONIBUS ATROPELOU UM PEDRESTRE,,,,,1,1,,,,1,,,,Longo da via,Bom,Não existe,Não existente,Seca,Perfeito estado,Não existe,Não há placas,,Dupla,Não existe,,,,
2020-08-29,15:21:00,COM VÍTIMA,FINALIZADA,DOIS UNIDOS,AV HILDEBRANDO DE VASCONCELOS,2,27,,EN FRENTE A ALBUQUERQUE BEBIBAS. ESCOLA BRILHO DE JESUS.,,,,DOIS UNIDOS,ATROPELAMENTO,AUTO E PEDESTRE,1,,,,1,,,,,1,,,BR 101,Longo da via,Bom,Não existe,Incompleta,Seca,Perfeito estado,Não existe,R-6a,40 km/h,Dupla,Faixa seccionada,,,,
2020-08-29,15:58:00,COM VÍTIMA,FINALIZADA,FUNDAO,AV BEBERIBE,0,,RUA CORONEL URBANO RIBEIRO DE SENA,NO SEMÁFORO 307 / SENTIDO BEBERIBE,,,,FUNDÃO,ABALROAMENTO TRANSVERSAL,COLISÃO COM VÍTIMA/ VÍTIMA SOCORRIDA PELO SAMU,1,1,,,,,,,,1,,307,SUBURBIO,Cruzamento,Bom,Sem defeito,Perfeito estado,Seca,Perfeito estado,Faixa de pedestre,Outras,,Dupla,,,,,
2020-08-29,19:29:00,COM VÍTIMA,FINALIZADA,SAN MARTIN,AV GENERAL SAN MARTIN,3,134,,PROX AO COLEGIO ADVENTISTA,,,,SAN MARTIN,COLISÃO TRASEIRA,MOTO XRE X LOGAN,1,1,,,,,,,,1,,,SUBURBIO,Longo da via,Bom,Não existe,Ilegível,Seca,Mal conservada,Não existe,Não há placas,40 km/h,Dupla,Faixa contínua,Faixa seccionada,,,
2020-08-31,03:46:00,COM VÍTIMA,FINALIZADA,IPSEP,AV RECIFE,5,165-C,,PRÓXIMO AO SAL E BRASA. AO LADO DA LOJA GILVAN DOS PARABRISAS.,,,,IPSEP,ABALROAMENTO TRANSVERSAL,AUTO EMOTO.,1,1,,,,,,,,1,,319,IPSEP,Longo da via,Chuvoso,Sem defeito,,Molhada,Perfeito estado,,Outras,,Dupla,Canteiro central,,,,
2020-08-31,12:20:00,COM VÍTIMA,FINALIZADA,PINA,AV CONSELHEIRO AGUIAR,3,960,RUA TOME GIBSON,EM FRENTE A PADARIA MIRAMAR,,,,PINA,ABALROAMENTO LONGITUDINAL,COLISÃO COM VÍTIMA,1,1,,,,,,,,1,,2,CIDADE,Cruzamento,Bom,Sem defeito,Perfeito estado,Seca,Perfeito estado,Faixa de pedestre,R-6a,,Única,Faixa contínua,Faixa seccionada,,,
2020-08-31,17:22:00,COM VÍTIMA,FINALIZADA,CASA AMARELA,AV NORTE,0,,RUA BELA VISTA,E/F AO REI DA PICANHA S/T CID,,,,CASA AMARELA,ABALROAMENTO TRANSVERSAL,COLISAO ENTRE AUTO E MOTO COM UMA VITIMA,1,1,,,,,,,,1,,677,CIDADE,Cruzamento,Bom,Sem defeito,Perfeito estado,Seca,Perfeito estado,Faixa de pedestre,Outras,,Dupla,Blocos,,,,
2020-08-31,23:16:00,VÍTIMA FATAL,FINALIZADA,IPSEP,RUA SAO NICOLAU,0,,RUA ABDIAS CABRAL DE MOURA,PRÓXIMO À ENTRADA DO IBURA E CASA DAS BATERIAS,,,,IPSEP,ABALROAMENTO TRANSVERSAL,ONIBUS DA EMPRESA X MOTO C/VÍTIMA FATAL,,1,,,,1,,,,,1,315,SUBURBIO,Cruzamento,Bom,Sem defeito,Perfeito estado,Seca,Perfeito estado,Não existe,Não há placas,,Única,Não existe,,,,
2020-08-31,23:43:00,COM VÍTIMA,FINALIZADA,PINA,PTE AGAMENON MAGALHAES,0,,AV ANTONIO DE GOES,NA SAÍDA DA AV ANTONIO DE GÓES. IATE CLUBE.,,,,PINA,ABALROAMENTO LONGITUDINAL,CONDUTOR- APÓS SE EVADIR DA BLITZEM DA LEI SECA (NA AV ANTONIO DE GÓES)- COLIDIU COM UMA MOTOCICLETA NA PTE AGAMENON MAGALHÃES E- CONTINUOU SE EVADINDO- TENDO SIDO VIZUALIZADO PELA EQUIPE DA VT-18- NA PONTE JOSÉ DE BAROS LIMA- E POSTERIORMENTE- PELO INSPETOR IZAIAS NO POSTO BR DA AV NORTE- APÓS O CRUZAMENTO COM A AV JOÃO DE BARROS- SENTIDO SUBURBIO.,1,1,,,,,,,,2,,,CIDADE,Ponte,Bom,Não existe,Perfeito estado,Seca,Perfeito estado,Não existe,Outras,60 km/h,Única,Faixa contínua,,,,
2020-09-01,02:15:00,COM VÍTIMA,FINALIZADA,MADALENA,AV ENGENHEIRO ABDIAS DE CARVALHO,0,,RUA JOAO IVO DA SILVA,COM A RUA JOÃO IVO DA SILVA,,,,MADALENA,ABALROAMENTO TRANSVERSAL,COLISÃO MOTO X AUTO COM VITIMA,1,1,,,,,,,,1,,132,SUBURBIO,Cruzamento,Bom,Sem defeito,Perfeito estado,Seca,Perfeito estado,Faixa de pedestre,Outras,60 km/h,Dupla,Faixa contínua,Faixa seccionada,,,
2020-09-01,08:19:00,COM VÍTIMA,FINALIZADA,AGUA FRIA,AV BEBERIBE,4,2406,RUA SAO JOAQUIM DO MONTE,,,,,ÁGUA FRIA,ABALROAMENTO LONGITUDINAL,COM VÍTIMA,1,1,,,,,,,,1,,153,,Longo da via,Bom,Sem defeito,Perfeito estado,Seca,Perfeito estado,Faixa de pedestre,Não há placas,,Dupla,,,,,
2020-09-01,10:53:00,COM VÍTIMA,FINALIZADA,TORRE,RUA CONDE DE IRAJA,3,109,,E/F AO CENTRO COMUNITÁRIO INTEGRAÇÃO,,,,TORRE,ABALROAMENTO LONGITUDINAL,COLISÃO C/VITIMA ENTRE UM AUTO E MOTO,1,1,,,,,,,,1,,,SUBURBIO,Longo da via,Bom,Sem defeito,Perfeito estado,Seca,Perfeito estado,Não existe,Outras,,Única,Faixa seccionada,,,,
2020-09-02,07:46:00,COM VÍTIMA,FINALIZADA,VARZEA,AV CAXANGA,0,,,EM FRENTE À UPA,,,,VÁRZEA,COLISÃO TRASEIRA,COLISÃO COM VÍTIMA. UM SEGUNDO VEÍCULO EVADIU-SE DO LOCAL APÓS O ACIDENTE.,1,1,,,,,,,,1,,281,CIDADE,Longo da via,Bom,Sem defeito,Perfeito estado,Seca,Perfeito estado,Agente,Não há placas,60 km/h,Única,Canteiro central,,,,
2020-09-02,13:56:00,COM VÍTIMA,FINALIZADA,SAO JOSE,AV SUL,4,1022,,NO SEMÁFORO 205,,,,SÃO JOSÉ,COLISÃO TRASEIRA,COLISÃO COM VÍTIMA,1,1,,,,,,,,1,,205,CIDADE,Longo da via,Bom,Sem defeito,Perfeito estado,Seca,Perfeito estado,,,,Dupla,Canteiro central,,,,
2020-09-02,18:17:00,COM VÍTIMA,FINALIZADA,BOA VIAGEM,AV CELSO FURTADO,0,,,FINAL DA VIA MANGUE. PRÓXIMO A AV. FERNANDO SIMÕES BARBOSA. LADO OPOSTO AO POSTE 2/17.,,,,BOA VIAGEM,ABALROAMENTO LONGITUDINAL,COM VÍTIMA,1,1,,,,,,,,2,,,SUBURBIO,Longo da via,Bom,Não existe,Ilegível,Seca,Mal iluminada,Não existe,Outras,60 km/h,Dupla,Blocos,,,,
2020-09-02,18:48:00,COM VÍTIMA,FINALIZADA,PINA,AV ANTONIO DE GOES,3,124,,E/F AO GRUPO R1 AUTOS- FAIXA DA DIREITA / APÓS A LOMBADA ELETRONICA,,,,PINA,COLISÃO TRASEIRA,ENTRE AUTO E MOTO. C/V /// VT 28 E 02 NO LOCAL.,1,1,,,,,,,,1,,,CIDADE,Longo da via,Bom,Não existe,Perfeito estado,Seca,Perfeito estado,Outros,Outras,,Única,Faixa seccionada,,,,
2020-09-03,13:01:00,COM VÍTIMA,FINALIZADA,BONGI,AV ENGENHEIRO ABDIAS DE CARVALHO,0,,EST DOS REMEDIOS,EM FRENTE AO BOB'S,,,,BONGI,ABALROAMENTO LONGITUDINAL,COLISÃO AUTO E MOTONETA / AGENTE DIEGO ELVAS NO LOCAL,1,1,,,,,,,,1,,52,CIDADE,Cruzamento,Bom,Sem defeito,Perfeito estado,Seca,Perfeito estado,Faixa de pedestre,Outras,,Dupla,Canteiro central,,,,
2020-09-03,17:43:00,COM VÍTIMA,FINALIZADA,CASA AMARELA,RUA CONS PERETTI,3,234,RUA MAJOR AFONSO LEAL,NA MESMA RUA DA BIBLIOTECA PUBLICA DE CASA AMARELA,,,,CASA AMARELA,COLISÃO COM CICLISTA,VEICULO E BICICLETA,1,,,1,,,,,,1,,,,Cruzamento,Bom,Não existe,Perfeito estado,Seca,Perfeito estado,Não existe,Placas Pare,,,Não existe,,,,
2020-09-03,19:14:00,COM VÍTIMA,FINALIZADA,BOA VISTA,RUA DO RIACHUELO,0,,RUA GERVASIO PIRES,,,,,BOA VISTA,ABALROAMENTO TRANSVERSAL,AUTO E MOTO,1,1,,,,,,,,1,,175,SUBURBIO,Cruzamento,Bom,Sem defeito,Perfeito estado,Seca,Perfeito estado,Faixa de pedestre,Não há placas,,Única,Faixa contínua,,,,
2020-09-03,20:07:00,COM VÍTIMA,FINALIZADA,IMBIRIBEIRA,AV SUL,0,,,AO LADO DA INTEGRAÇÃO TANCREDO NEVES- SENTIDO BOA VIAGEM. ALÇA DE RETORNO.,,,,IMBIRIBEIRA,COLISÃO TRASEIRA,COLISÃO ENTRE DOIS AUTOS C/V,2,,,,,,,,,1,,,SUBURBIO,Longo da via,Bom,Não existe,Perfeito estado,Seca,Perfeito estado,Não existe,Não há placas,,Dupla,Blocos,,,,
2020-09-03,21:46:00,COM VÍTIMA,FINALIZADA,BOA VIAGEM,AV DOM JOAO VI,0,,,NA DESCIDA- SENTIDO AV ANTÔNIO FALCÃO- NA ALÇA DO VIADUTO. DECLIVE.,,,,BOA VIAGEM,COLISÃO TRASEIRA,COLISÃO ENTRE DOIS AUTOS C/V,2,,,,,,,,,2,,,SUBURBIO,Viaduto,Chuvoso,Não existe,Perfeito estado,Molhada,Perfeito estado,Não existe,Não há placas,,Única,Não existe,,,,
2020-09-04,07:26:00,COM VÍTIMA,FINALIZADA,SANTO AMARO,AV GOVERNADOR AGAMENON MAGALHAES,0,,,NO SENTIDO DERBY  AO LADO DO SHOPPING TACARUNA- LADO OPOSTO A FÁBRICA TACARUNA.,,,,SANTO AMARO,ATROPELAMENTO,VITIMA SOCORRIDA PELOS BOMBEIROS,1,,,,1,,,,,1,,,CIDADE,Longo da via,Bom,Não existe,Não existente,Seca,Perfeito estado,Não existe,Não há placas,,Dupla,Canteiro central,,,,
2020-09-04,07:54:00,COM VÍTIMA,FINALIZADA,CAJUEIRO,AV CIDADE DE MONTEIRO,3,159,,PROX AO ARMAZEM CORAL EM FRENTE AO INOCOOP.,,,,CAJUEIRO,ABALROAMENTO LONGITUDINAL,COLISÃO COM VITIMAS A ESPERA DO SAMU,1,1,,,,,,,,2,,,CIDADE,Longo da via,Bom,Não existe,Perfeito estado,Seca,Perfeito estado,Não existe,Outras,40 km/h,Dupla,Faixa contínua,,,,
2020-09-04,10:20:00,COM VÍTIMA,FINALIZADA,CAMPO GRANDE,RUA SAO CAETANO,3,394,RUA GUAICURUS,PROX. AO SUPERMERCADO STYLLO,,,,CAMPO GRANDE,ABALROAMENTO TRANSVERSAL,MOTO E AUTO,1,1,,,,,,,,1,,,SUBURBIO,Cruzamento,Bom,Não existe,Não existente,Seca,Perfeito estado,Não existe,Não há placas,,Dupla,Não existe,,,,
2020-09-04,12:51:00,COM VÍTIMA,FINALIZADA,BOA VIAGEM,AV VINTE DE JANEIRO,4,1041,,PROX ANTIGA SADIA,,,,BOA VIAGEM,CHOQUE VEÍCULO PARADO,COLISAO ENTRE AUTO- MOTO E CAMINHÃO.,1,1,,,,,1,,,1,,,SUBURBIO,Longo da via,Bom,Não existe,Não existente,Seca,Perfeito estado,Não existe,Não há placas,,Dupla,Não existe,,,,
2020-09-04,15:56:00,COM VÍTIMA,FINALIZADA,ESTANCIA,RUA SAO MIGUEL,0,,,PROXIMO AO POSTO IPIRANGA- EM FRENTE AO POSTO PETROISA.,,,,ESTÂNCIA,COLISÃO TRASEIRA,COLISÃO COM VÍTIMA,2,,,,,,,,,1,,,CIDADE,Longo da via,Bom,Não existe,Incompleta,Seca,Mal conservada,Não existe,R-6a,,Dupla,Faixa contínua,,,,
2020-09-04,16:21:00,COM VÍTIMA,FINALIZADA,CAMPO GRANDE,EST DE BELEM,0,,RUA FONSECA OLIVEIRA,E/F ACADEMIA HI,,,,CAMPO GRANDE,ATROPELAMENTO,VEICULO ATROPELOU UM PEDESTRE VT 26 NO LOCAL,,,,,1,,,1,,1,,504,CIDADE,Longo da via,Bom,Sem defeito,Perfeito estado,Seca,Perfeito estado,Faixa de pedestre,Outras,50 km/h,Dupla,Faixa contínua,,,,
2020-09-04,17:12:00,COM VÍTIMA,FINALIZADA,MANGUEIRA,RUA VINTE E UM DE ABRIL,4,1757,,PROX AO SUPERMERCADO BARATEIRO,,,,MANGUEIRA,COLISÃO COM CICLISTA,COLISAO ENTRE MOTO E BICICLETA.,,1,,1,,,,,,2,,,,Longo da via,Chuvoso,Não existe,Não existente,Molhada,Perfeito estado,Não existe,Não há placas,40 km/h,Dupla,Não existe,,,,