data,hora,natureza_acidente,situacao,bairro,endereco,,numero,detalhe_endereco_acidente,complemento,endereco_cruzamento,numero_cruzamento,referencia_cruzamento,bairro_cruzamento,tipo,descricao,auto,moto,ciclom,ciclista,pedestre,onibus,caminhao,viatura,outros,vitimas,vitimasfatais,num_semaforo,sentido_via,acidente_verificado,tempo_clima,situacao_semaforo,sinalizacao,condicao_via,conservacao_via,ponto_controle,situacao_placa,velocidade_max_via,mao_direcao,divisao_via1,divisao_via2,divisao_via3,_id,Protocolo
2020-09-05,10:18:00,COM VÍTIMA,FINALIZADA,CIDADE UNIVERSITARIA,RUA MAURICEIA,3,515,RUA GENERAL VARGAS,AO LADO DA SUDENE,,,,CIDADE UNIVERSITÁRIA,CHOQUE VEÍCULO PARADO,COM UMA VITIMA SAMU NO LOCAL,2,,,,,,,,,2,,,SUBURBIO,Longo da via,Bom,Não existe,Ilegível,Seca,Perfeito estado,Faixa de pedestre,Não há placas,30 km/h,Dupla,Faixa seccionada,,,,
2020-09-05,16:37:00,VÍTIMA FATAL,FINALIZADA,PINA,AV CELSO FURTADO,0,,,SENTIDO PINA. ANTES DO SHOPPING RIO MAR.,,,,PINA,CHOQUE OBJETO FIXO,,,1,,,,,,,,,1,,CIDADE,Longo da via,Bom,Não existe,Perfeito estado,Seca,Perfeito estado,Não existe,,60 km/h,Dupla,Faixa seccionada,Canteiro central,Outros,,
2020-09-07,19:29:00,COM VÍTIMA,FINALIZADA,JARDIM SAO PAULO,AV SAO PAULO,3,376,RUA OSORIO BORBA,EM FRENTE AO SUPERMERCADO RENDE MAIS. LADO OPOSTO AO ABRIGO ESPÍRITA BATISTA DE CARVALHO.,,,,JARDIM SÃO PAULO,ABALROAMENTO TRANSVERSAL,COLISÃO ENTRE AUTO E MOTO C/V,1,1,,,,,,,,1,,,CIDADE,Esquina,Bom,Não existe,Perfeito estado,Seca,Perfeito estado,Não existe,Outras,30 km/h,Dupla,Faixa seccionada,,,,
2020-09-06,11:08:00,COM VÍTIMA,FINALIZADA,CASA FORTE,AV DEZESSETE DE AGOSTO,0,,,NA ENTRADA DO SHOPPING PLAZA EM FRENTE AO MC DONALD´S,,,,CASA FORTE,ABALROAMENTO LONGITUDINAL,COLISÃO COM VITIMAS A ESPERA DO SAMU,1,1,,,,,,,,2,,,SUBURBIO,Longo da via,Bom,Não existe,Perfeito estado,Seca,Perfeito estado,Não existe,Outras,50 km/h,Dupla,Faixa contínua,,,,
2020-09-06,14:58:00,COM VÍTIMA,FINALIZADA,PASSARINHO,RUA SANTA TEREZA,2,96,,PROXIMO A DELEGACIA DA MACAXEIRA,,,,PASSARINHO,ABALROAMENTO TRANSVERSAL,COLISÃO COM VÍTIMA,1,1,,,,,,,,1,,,SUBURBIO,Longo da via,Bom,Não existe,Não existente,Seca,Perfeito estado,Não existe,Não há placas,30 km/h,Dupla,Não existe,,,,
2020-09-06,17:33:00,COM VÍTIMA,FINALIZADA,BOA VIAGEM,RUA BALTAZAR PASSOS,4,1280,RUA VISCONDE DE JEQUITINHONHA,POR TRÁS DO PARQUE DONA LINDU / SEMÁFORO 154,,,,BOA VIAGEM,ABALROAMENTO LONGITUDINAL,COLISÃO 2 MOTOS C/VITIMA,,2,,,,,,,,1,,154,SUBURBIO,Cruzamento,Bom,Sem defeito,Perfeito estado,Seca,Perfeito estado,Faixa de pedestre,,,Dupla,Faixa contínua,,,,
2020-09-06,20:06:00,COM VÍTIMA,FINALIZADA,BOA VIAGEM,RUA VISCONDE DE JEQUITINHONHA,4,1280,,VT 13 NO LOCAL. LADO OPOSTO AO Nº 1280.,,,,BOA VIAGEM,ABALROAMENTO LONGITUDINAL,ENTRE AUTO E MOTO. C/V,1,1,,,,,,,,1,,,SUBURBIO,Longo da via,Bom,Não existe,Perfeito estado,Seca,Perfeito estado,Faixa de pedestre,Outras,,Única,Faixa seccionada,,,,
2020-09-07,03:27:00,COM VÍTIMA,FINALIZADA,ILHA JOANA BEZERRA,PTE JOSE DE BARROS LIMA,0,,,APÓS A PASSARELA DO FORUM- SENTIDO DERBY,,,,JOANA BEZERRA,COLISÃO,COLISÃO C/VITIMA - VEICULO CAUSADOR DO ACIDENTE SE EVADIU- SEM DEIXAR VESTIGIOS DE IDENTIFICAÇÃO - VÍTIMA PRESA NAS FERRAGENS- POSTERIORMENTE SOCORRIDA PELA UNIDADE PÚBLICA DE SAÚDE,2,,,,,,,,,1,,,CIDADE,,,,,,,,,,,,,,,
2020-09-07,15:43:00,COM VÍTIMA,FINALIZADA,VARZEA,RUA GASTAO VIDIGAL,3,935,,APÓS A CAPELA SANTA CLARA- PROXIMO DA ASSEMBLEIA DE DEUS,,,,VÁRZEA,ABALROAMENTO TRANSVERSAL,COLISÃO ENTRE AUTO E MOTO C/V,1,1,,,,,,,,1,,,,Longo da via,Bom,Não existe,,Seca,Perfeito estado,Não existe,,,Dupla,Faixa seccionada,,,,
2020-09-07,19:59:00,COM VÍTIMA,FINALIZADA,TORREAO,AV GOVERNADOR AGAMENON MAGALHAES,0,,,EM FRENTE AO POSTO PETROBRAS- PROXIMO DA ACADEMIA DA CIDADE- SENTIDO RECIFE,,,,TORREÃO,ABALROAMENTO TRANSVERSAL,COLISÃO ENTRE AUTO E MOTO C/V,1,1,,,,,,,,1,,379,CIDADE,Longo da via,Bom,Sem defeito,Perfeito estado,Seca,Perfeito estado,Não existe,Não há placas,,Única,Faixa seccionada,,,,
2020-09-07,20:27:00,COM VÍTIMA,FINALIZADA,BOA VIAGEM,AV ENGENHEIRO DOMINGOS FERREIRA,4,2600,RUA PROFESSOR JOSE BRANDAO,AO LADO DA FARMÁCIA INDEPENDENTE,,,,BOA VIAGEM,ABALROAMENTO TRANSVERSAL,COLISÃO ENTRE DOIS AUTOS C/V,2,,,,,,,,,2,,550,SUBURBIO,Cruzamento,Bom,Sem defeito,Perfeito estado,Seca,Perfeito estado,Faixa de pedestre,Outras,,Única,Canteiro central,,,,
2020-09-08,02:24:00,COM VÍTIMA,FINALIZADA,CAMPO GRANDE,EST DE BELEM,3,436,,APÓS A SECRETARIA DA FAZENDA,,,,CAMPO GRANDE,COLISÃO TRASEIRA,COLISÃO ENTRE DUAS MOTOCICLETA,,2,,,,,,,,2,,,SUBURBIO,Longo da via,Bom,Sem defeito,Perfeito estado,Seca,Mal conservada,,,,Dupla,Faixa contínua,,,,
2020-09-08,03:15:00,COM VÍTIMA,FINALIZADA,PINA,AV CELSO FURTADO,0,,,APÓS O SHOPPING RIO MAR.,,,,PINA,ABALROAMENTO LONGITUDINAL,OCORRÊNCIA ENVOLVENDO AUTO E MOTO. SEGUNDO CONFERÊNCIA COM O BOLETIM FÍSICO- O AUTO EVADIU-SE DO LOCAL DO ACIDENTE.,1,1,,,,,,,,1,,,SUBURBIO,Longo da via,Bom,Não existe,Perfeito estado,Seca,Perfeito estado,Não existe,Não há placas,,Única,Faixa seccionada,,,,
2020-09-08,07:27:00,COM VÍTIMA,FINALIZADA,MADALENA,AV ENGENHEIRO ABDIAS DE CARVALHO,4,1771,,LADO OPOSTO A FACULDADE ESTÁCIO,,,,MADALENA,COLISÃO TRASEIRA,COLISÃO COM VITIMA- COLISÃO TRASEIRA,1,1,,,,,,,,1,,327,CIDADE,Longo da via,Bom,Sem defeito,Perfeito estado,Seca,Perfeito estado,Faixa de pedestre,Não há placas,,Única,Canteiro central,,,,
2020-09-08,09:01:00,COM VÍTIMA,FINALIZADA,BOA VISTA,AV GOVERNADOR AGAMENON MAGALHAES,4,1387,RUA DOM BOSCO,,,,,BOA VISTA,ABALROAMENTO LONGITUDINAL,COLISÃO COM VITIMA,1,1,,,,,,,,1,,174,OLINDA,Cruzamento,Bom,Sem defeito,Perfeito estado,Seca,Perfeito estado,Agente,R-4a,60 km/h,Dupla,Canteiro central,,,,
2020-09-08,10:56:00,COM VÍTIMA,FINALIZADA,RECIFE,C DO APOLO,0,,,EM BAIXO DO SEMAFORO 436  EM FRENTE A PREFEITURA DO RECIFE,,,,BAIRRO DO RECIFE,ABALROAMENTO LONGITUDINAL,COLISÃO COM VITIMA,,1,,,,,,1,,1,,,SUBURBIO,Longo da via,Bom,Sem defeito,Perfeito estado,Seca,Perfeito estado,Faixa de pedestre,Outras,40 km/h,Dupla,Canteiro central,,,,
2020-09-08,13:19:00,COM VÍTIMA,FINALIZADA,SANTO AMARO,RUA DO HOSPICIO,0,,RUA JOAO LIRA,E/F A PRAÇA TREZE DE MAIO NO SEMAFORO 032,,,,SANTO AMARO,COLISÃO TRASEIRA,COLISAO ENTRE ÔNIBUS E MOTO COM UMA VITIMA,,1,,,,1,,,,2,,32,SUBURBIO,Longo da via,Bom,Sem defeito,Perfeito estado,Seca,Perfeito estado,,,,,,,,,
2020-09-08,14:10:00,COM VÍTIMA,FINALIZADA,IBURA,AV DOIS RIOS,1,3,,EM FRENTE A KM GESSO E PROXIMO AO SEMAFORO 561,,,,IBURA,ABALROAMENTO TRANSVERSAL,COLISÃO COM VÍTIMA,1,,,,,,,,1,1,,561,SUBURBIO,Longo da via,Bom,Sem defeito,Perfeito estado,Seca,Perfeito estado,Não existe,Não há placas,,Dupla,Faixa contínua,,,,
2020-09-08,14:19:00,COM VÍTIMA,FINALIZADA,PINA,AV ANTONIO DE GOES,3,570,,PROXIMO A SAMSUNG,,,,PINA,COLISÃO TRASEIRA,COLISÃO COM VÍTIMA,1,1,,,,,,,,1,,,CIDADE,Longo da via,Bom,Sem defeito,Perfeito estado,Seca,Perfeito estado,Outros,Outras,,Única,Faixa seccionada,,,,
2020-09-08,18:30:00,COM VÍTIMA,FINALIZADA,AFOGADOS,RUA VINTE E UM DE ABRIL,3,983,,E/F A FÁBRICA DE CAFÉ PETINHO,,,,AFOGADOS,ABALROAMENTO LONGITUDINAL,AUTO E MOTO.,1,1,,,,,,,,1,,,SUBURBIO,Longo da via,Bom,Não existe,Ilegível,Seca,Mal iluminada,Não existe,,,Dupla,Não existe,,,,
2020-09-09,07:00:00,COM VÍTIMA,FINALIZADA,CASA FORTE,AV DEZESSETE DE AGOSTO,4,2541,EST DO ARRAIAL,E/F A COMPESA. LIVRARIA E CAFÉ 17,,,,CASA FORTE,COLISÃO COM CICLISTA,COLISÃO ENTRE UM ONIBUS E UM CICLISTA,,,,1,,1,,,,1,,107,CIDADE,Cruzamento,Chuvoso,Sem defeito,Perfeito estado,Molhada,Perfeito estado,Faixa de pedestre,R-6c,60 km/h,Dupla,Faixa contínua,,,,
2020-09-09,09:26:00,COM VÍTIMA,FINALIZADA,CASA AMARELA,AV NORTE,4,6500,,LADO OPOSTO A POLICLÍNICA PROFESSOR BARROS LIMA.,,,,CASA AMARELA,COLISÃO TRASEIRA,COLISÃO COM VITIMA SOCORRIDA PELO SAMU,,2,,,,,,,,1,,256,SUBURBIO,Longo da via,Chuvoso,Sem defeito,Perfeito estado,Seca,Perfeito estado,Faixa de pedestre,R-6a,,Dupla,Faixa contínua,Canteiro central,,,
2020-09-09,15:34:00,COM VÍTIMA,FINALIZADA,GRACAS,RUA BRUNO MAIA,2,50,RUA JOAO RAMOS,EM FRENTE A GALERIA JOAO RAMOS,,,,GRAÇAS,COLISÃO,COM UMA VITIMA SOCORRIDA PELO SAMU,1,,,,,,1,,,1,,,SUBURBIO,Cruzamento,Bom,Não existe,Perfeito estado,Seca,Perfeito estado,Não existe,Placas Pare,,Única,Não existe,,,,
2020-09-09,18:42:00,COM VÍTIMA,FINALIZADA,JAQUEIRA,AV RUI BARBOSA,0,,RUA MUNIZ TAVARES,EM FRENTE AO HOSPITAL MARIA LUCINDA,,,,JAQUEIRA,ABALROAMENTO LONGITUDINAL,COLISÃO ENTRE AUTO E MOTO- C/V,1,1,,,,,,,,1,,460,CIDADE,Cruzamento,Bom,Sem defeito,Perfeito estado,Seca,Perfeito estado,Faixa de pedestre,Outras,,Dupla,Faixa contínua,,,,
2020-09-11,08:52:00,COM VÍTIMA,FINALIZADA,AFLITOS,AV CONS ROSA E SILVA,0,,RUA EDGAR D'AMORIM,EM FRENTE AO BOMPREÇO,,,,AFLITOS,CHOQUE OBJETO FIXO,VEICULO CHOCOU-SE COM POSTE / VITIMA JA SOCORRIDA,1,,,,,,,,,1,,459,,Cruzamento,Bom,Sem defeito,Perfeito estado,Seca,Perfeito estado,Faixa de pedestre,R-6a,,Única,Não existe,,,,
2020-09-11,11:32:00,COM VÍTIMA,FINALIZADA,BOA VISTA,RUA DO HOSPICIO,2,98,,E/F AO IEP. ESCOLA SIZENANDO SILVEIRA.,,,,BOA VISTA,ABALROAMENTO LONGITUDINAL,COLISÃO C/VITIMA ENTRE UM ONIBUS E UMA MOTO (BATEDORES 13 E 17 NO QTH),,1,,,,1,,,,1,,,SUBURBIO,Longo da via,Bom,Não existe,Perfeito estado,Seca,Perfeito estado,Não existe,Não há placas,,Dupla,Faixa contínua,,,,
2020-09-11,12:47:00,COM VÍTIMA,FINALIZADA,BOA VIAGEM,RUA BARAO DE SOUZA LEAO,4,1000,,E/F A CLINICA VETERINARIA DOG MANIA.,,,,BOA VIAGEM,ABALROAMENTO LONGITUDINAL,COLISÃO C/VITIMA ENTRE UM AUTO E UMA MOTO,1,1,,,,,,,,1,,,,Longo da via,Bom,Não existe,Perfeito estado,Seca,Perfeito estado,Não existe,,,,,,,,
2020-09-11,13:51:00,COM VÍTIMA,FINALIZADA,ROSARINHO,RUA DR JOSE MARIA,3,485,RUA GOMES DE MATOS JUNIOR,E/F AO EDF. VILA VELHA COLONIAL,,,,ROSARINHO,ABALROAMENTO TRANSVERSAL,COLISÃO C/VITIMA ENTRE UM AUTO E MOTO,1,1,,,,,,,,1,,,CIDADE,Cruzamento,Bom,Não existe,Perfeito estado,Seca,Perfeito estado,Faixa de pedestre,Placas Pare,,Dupla,Faixa seccionada,,,,
2020-09-11,14:39:00,COM VÍTIMA,FINALIZADA,LINHA DO TIRO,RUA URIEL DE HOLANDA,3,417,RUA BARAO DE CARUARU,APÓS A UPINHA DA LINHA DO TIRO,,,,LINHA DO TIRO,ABALROAMENTO TRANSVERSAL,COLISÃO COM VÍTIMA ENTRE AUTO E MOTO.,1,1,,,,,,,,1,,,SUBURBIO,Cruzamento,Bom,Não existe,Perfeito estado,Seca,Perfeito estado,Não existe,Outras,,Dupla,Não existe,,,,
2020-09-11,14:54:00,COM VÍTIMA,FINALIZADA,ENCRUZILHADA,RUA AMARO COUTINHO,3,372,RUA FORTALEZA,AO LADO DO BAR E RESTAURANTE DO TONHAO,,,,ENCRUZILHADA,ABALROAMENTO TRANSVERSAL,COLISAO ENTRE AUTO E MOTO COM VITIMA,1,1,,,,,,,,1,,,CIDADE,Cruzamento,Bom,Não existe,Perfeito estado,Seca,Perfeito estado,,Placas Pare,,Dupla,Não existe,,,,
2020-09-11,18:17:00,COM VÍTIMA,FINALIZADA,BOA VIAGEM,AV BOA VIAGEM,0,,RUA RIBEIRO DE BRITO,,,,,BOA VIAGEM,ABALROAMENTO LONGITUDINAL,COLISÃO ENTRE AUTO E MOTO- C/V,1,1,,,,,,,,1,,,CIDADE,Cruzamento,Bom,Sem defeito,,Seca,Mal iluminada,Faixa de pedestre,Outras,60 km/h,Única,Faixa contínua,,,,
2020-09-11,19:22:00,COM VÍTIMA,FINALIZADA,CORDEIRO,AV MAURICIO DE NASSAU,0,,,PROX AO PORTAO DO EXPRESSO CIDADAO- EM FRENTE A CRECHE MUNICIPAL É LUTANDO QUE SE CONQUISTA.,,,,CORDEIRO,COLISÃO COM CICLISTA,COLISAO ENTRE MOTO E BICICLETA,,1,,1,,,,,,2,,,SUBURBIO,Longo da via,Bom,Não existe,Perfeito estado,Seca,Perfeito estado,Não existe,Não há placas,,Dupla,Faixa contínua,,,,
2020-09-11,19:50:00,COM VÍTIMA,FINALIZADA,IPUTINGA,RUA MAURICEIA,0,,RUA GENERAL VARGAS,AO LADO DO ESTACIONAMENTO DOS PRÉDIOS DA ANTIGA SUDENE / PRÓX AO RHODES HOTEL,,,,IPUTINGA,ABALROAMENTO TRANSVERSAL,COLISÃO ENTRE AUTO E MOTO- C/V,1,1,,,,,,,,1,,,SUBURBIO,Cruzamento,Bom,Não existe,Perfeito estado,Seca,Perfeito estado,Não existe,Placas Pare,30 km/h,Dupla,Não existe,,,,
2020-09-11,20:00:00,COM VÍTIMA,FINALIZADA,IPUTINGA,RUA BOM PASTOR,3,100,,AO LADO DO PRESÍDIO // EM FRENTE AO PETSHOP HS // PRÓX A PRAÇA DO BOM PASTOR. LIDER JATO.,,,,IPUTINGA,ABALROAMENTO TRANSVERSAL,COLISÃO ENTRE AUTO E MOTO- C/V,1,1,,,,,,,,1,,,SUBURBIO,Longo da via,Bom,Não existe,Perfeito estado,Seca,Perfeito estado,Não existe,Outras,,Dupla,Faixa seccionada,,,,
2020-09-12,08:04:00,COM VÍTIMA,FINALIZADA,CASA AMARELA,AV NORTE,0,,COR DO BARTOLOMEU,EM FRENTE A BIKE NORTE,,,,CASA AMARELA,COLISÃO TRASEIRA,COLISÃO ENTRE AUTO E ÔNIBUS COM UMA VÍTIMA,1,,,,,1,,,,1,,79,CIDADE,Longo da via,Bom,Sem defeito,Perfeito estado,Seca,Perfeito estado,Faixa de pedestre,Outras,,Dupla,Faixa contínua,,,,
2020-09-12,12:13:00,COM VÍTIMA,FINALIZADA,BOA VIAGEM,AV CELSO FURTADO,0,,,PROX AO EXTRA NA VIA MANGUE S/T CID,,,,BOA VIAGEM,COLISÃO TRASEIRA,COLISAO ENRE AUTO E MOTO COM UMA VITIMA,1,1,,,,,,,,1,,,CIDADE,Longo da via,Bom,Não existe,Perfeito estado,Seca,Perfeito estado,Não existe,Não há placas,,Dupla,Canteiro central,,,,
2020-09-12,12:31:00,COM VÍTIMA,FINALIZADA,ESPINHEIRO,RUA DO ESPINHEIRO,0,,RUA QUARENTA E OITO,NO SEMAFORO 166,,,,ESPINHEIRO,ABALROAMENTO TRANSVERSAL,COLISAO ENTRE ONIBUS E MOTO COM UMA VITIMA,,1,,,,1,,,,1,,166,CIDADE,Cruzamento,Bom,Sem defeito,Perfeito estado,Seca,Perfeito estado,Faixa de pedestre,R-6a,,Única,Não existe,,,,
2020-09-12,18:41:00,COM VÍTIMA,FINALIZADA,PRADO,AV ENGENHEIRO ABDIAS DE CARVALHO,5,1373B,,PRÓX AO POSTO BR- AO LADO DA FACULDADE NASSAU,,,,PRADO,ABALROAMENTO LONGITUDINAL,ENTRE AUTO E MOTO. C/V,1,1,,,,,,,,1,,,SUBURBIO,Longo da via,Bom,Não existe,Incompleta,Seca,Mal iluminada,Não existe,Não há placas,60 km/h,Dupla,Canteiro central,,,,
2020-09-12,21:57:00,COM VÍTIMA,FINALIZADA,CAMPO GRANDE,RUA FRANKLIN TAVORA,3,888,RUA FARIAS NEVES,ENF A MADEREIRA MADECOL. ALCOÓLICOS ANÔNIMOS.,,,,CAMPO GRANDE,ABALROAMENTO TRANSVERSAL,TITAN 150 X CITROEN,1,1,,,,,,,,1,,,SUBURBIO,Cruzamento,Bom,Não existe,Incompleta,Seca,Mal conservada,Não existe,Não há placas,,Dupla,Não existe,,,,
2020-09-13,05:01:00,COM VÍTIMA,FINALIZADA,TAMARINEIRA,AV CONS ROSA E SILVA,0,,,COM A RUA CÔNEGO BARATA,,,,TAMARINEIRA,COLISÃO,COLISÃO DOIS AUTOS,2,,,,,,,,,1,,61,,,,,,,,,,,,,,,,
2020-09-13,07:24:00,COM VÍTIMA,FINALIZADA,BOA VIAGEM,RUA ERNESTO DE PAULA SANTOS,0,,RUA PROFESSOR JOAO MEDEIROS,EM FRENTE AO POSTO SHELL E FARMÁCIA DROGASIL.,,,,BOA VIAGEM,ABALROAMENTO LONGITUDINAL,MOTO E AUTO BATEDORES NO QTH 15 / 30,1,1,,,,,,,,1,,329,CIDADE,Cruzamento,Bom,Sem defeito,Perfeito estado,Seca,Perfeito estado,Faixa de retenção,R-6a,,Única,Não existe,,,,
2020-09-13,16:45:00,COM VÍTIMA,FINALIZADA,SAN MARTIN,AV GENERAL SAN MARTIN,0,,RUA GOMES TABORDA,EM FRENTE AO DROGASIL,,,,SAN MARTIN,COLISÃO COM CICLISTA,COM UMA VITIMA -SAMU NO LOCAL/VT21 GCM LAIS ARAÚJO NO LOCAL,,1,,1,,,,,,1,,67,,Cruzamento,Bom,Sem defeito,Perfeito estado,Seca,Perfeito estado,Faixa de pedestre,Outras,40 km/h,Dupla,Faixa contínua,,,,
2020-09-13,19:07:00,COM VÍTIMA,FINALIZADA,SANTO AMARO,AV CRUZ CABUGA,0,,RUA DOS PALMARES,EM FRENTE A ESTAÇÃO BRT.,,,,SANTO AMARO,ABALROAMENTO TRANSVERSAL,COLISÃO ENTRE AUTO E MOTO- C/V,1,1,,,,,,,,1,,171,SUBURBIO,Cruzamento,Bom,Sem defeito,Perfeito estado,Seca,Perfeito estado,Faixa de pedestre,R-6a,,Dupla,Faixa seccionada,,,,
2020-09-14,10:11:00,COM VÍTIMA,FINALIZADA,VARZEA,AV PROFESSOR ARTUR DE SA,3,850,,PROXIMO AO CEMITÁRIO DA VÁRZEA E A UFPE.,,,,VÁRZEA,ABALROAMENTO LONGITUDINAL,COLISÃO COM VITIMA,1,1,,,,,,,,1,,,VÁRZEA,Longo da via,Bom,Não existe,Perfeito estado,Seca,Perfeito estado,Não existe,Não há placas,,Dupla,Faixa contínua,,,,
2020-09-14,12:43:00,COM VÍTIMA,FINALIZADA,AFOGADOS,RUA DA PAZ,0,,,E/F A FABRICA DA ASA.,,,,AFOGADOS,ABALROAMENTO LONGITUDINAL,COLISÃO ENTRE DOIS CAMINHÕES E UMA MOTO.,,1,,,,,2,,,1,,,SUBURBIO,Longo da via,Bom,Sem defeito,Perfeito estado,Seca,Perfeito estado,Faixa de pedestre,Não há placas,,Única,Não existe,,,,
2020-09-14,13:09:00,COM VÍTIMA,FINALIZADA,BOA VIAGEM,AV ENGENHEIRO DOMINGOS FERREIRA,4,2655,,EM FRENTE AO POSTO BR E PROXIMO A FARMACIA INDEPENDENTE/ PISTA DA DIREITA,,,,BOA VIAGEM,ABALROAMENTO TRANSVERSAL,COLISÃO COM VÍTIMA,1,1,,,,,,,,1,,,SUBURBIO,Longo da via,Bom,,Perfeito estado,Seca,Perfeito estado,Não existe,Não há placas,,Única,Canteiro central,,,,
2020-09-14,14:43:00,COM VÍTIMA,FINALIZADA,ROSARINHO,RUA TELES JUNIOR,3,350,,EM FRENTE AO EDIFICIO QUINTA DAS LARANJEIRAS. LADO OPOSTO AO NÚMERO INFORMADO.,,,,ROSARINHO,CHOQUE VEÍCULO PARADO,COLISÃO COM VÍTIMA,1,1,,,,,,,,1,,,,Longo da via,Bom,Não existe,Perfeito estado,Seca,Perfeito estado,Não existe,Não há placas,,Dupla,Faixa contínua,,,,
2020-09-14,15:10:00,COM VÍTIMA,FINALIZADA,IPUTINGA,AV CAXANGA,4,2636,,E/F AO ANTIGO PERNAMBUCO DA SRTE S/T CID VT 25 E 19 NO LOCAL . LADO OPOSTO A IGREJA VERBO DA VIDA.,,,,IPUTINGA,ATROPELAMENTO,COLISAO ENTRE MOTO E PEDESTRE,,1,,,1,,,,,1,,,CIDADE,Longo da via,Bom,Sem defeito,Perfeito estado,Seca,Perfeito estado,Não existe,Não há placas,,Única,Canteiro central,,,,
2020-09-14,21:48:00,COM VÍTIMA,FINALIZADA,CAMPO GRANDE,RUA ODORICO MENDES,3,106,,PROX AO CLUBE DAS PÁS. RESIDENCIAL PREFEITO AUGUSTO LUCENA.,,,,CAMPO GRANDE,COLISÃO TRASEIRA,HONDA FIT X CG 150 MOTO,1,1,,,,,,,,1,,,CIDADE,Longo da via,Bom,Não existe,Perfeito estado,Seca,Perfeito estado,Não existe,Outras,,Dupla,Faixa seccionada,,,,
2020-09-15,06:07:00,COM VÍTIMA,FINALIZADA,SANTO AMARO,AV GOVERNADOR AGAMENON MAGALHAES,0,,,E/F AO INSTITUTO CRIMINALISTICO DO RECIFE // VIA PRINCIPAL // SENT. JOANA BEZERRA,,,,SANTO AMARO,ABALROAMENTO LONGITUDINAL,COLISÃO ENTRE UM ONIBUS E UMA MOTO,,1,,,,1,,,,2,,49,SUBURBIO,Longo da via,Bom,Sem defeito,Perfeito estado,Seca,Perfeito estado,Não existe,Outras,60 km/h,Dupla,Canal,,,,
2020-09-15,07:39:00,COM VÍTIMA,FINALIZADA,BEBERIBE,AV BEBERIBE,4,3390,,E/F A ARENA SHOW BAR,,,,BEBERIBE,COLISÃO COM CICLISTA,COLISÃO ENTRE MOTO E BICICLEITA (V.T 32 NO QTH),,1,,1,,,,,,2,,388,SUBURBIO,Longo da via,Bom,Sem defeito,Perfeito estado,Seca,Perfeito estado,Outros,Outras,,Dupla,Faixa contínua,,,,
2020-09-15,10:21:00,COM VÍTIMA,FINALIZADA,ILHA JOANA BEZERRA,AV CENTRAL,1,5,RUA REALEZA,PROX AO CLUBE MOCIDADE DO COQUE,,,,JOANA BEZERRA,ABALROAMENTO TRANSVERSAL,MOTO E AUTO,1,1,,,,,,,,1,,,,Cruzamento,Bom,Não existe,Não existente,Seca,Perfeito estado,Não existe,Não há placas,,Dupla,Não existe,,,,
2020-09-15,12:20:00,COM VÍTIMA,FINALIZADA,BOA VISTA,RUA DO HOSPICIO,0,,RUA PRINCESA IZABEL,EM FRENTE DA CAMARA MUNICIPAL DO RECIFE,,,,BOA VISTA,ABALROAMENTO LONGITUDINAL,COLISÃO ENTRE AUTO E MOTO C/V,1,1,,,,,,,,1,,31,CIDADE,Cruzamento,Bom,Sem defeito,Perfeito estado,Seca,Perfeito estado,Agente,Outras,60 km/h,Única,Outros,,,,
2020-09-15,14:31:00,COM VÍTIMA,FINALIZADA,AFOGADOS,RUA VINTE E UM DE ABRIL,3,566,RUA JOAO BARRETO DE ACIOLY LINS,PROX AO ANTIGO LEILAO. EM FRENTE AO CENTRO AUTOMOTIVO JLX.,,,,AFOGADOS,COLISÃO FRONTAL,COLISÃO MOTO X MOTO,,2,,,,,,,,2,,,SUBURBIO,Esquina,Bom,Não existe,Não existente,Seca,Perfeito estado,Não existe,Não há placas,,Dupla,Não existe,,,,