data,hora,natureza_acidente,situacao,bairro,endereco,,numero,detalhe_endereco_acidente,complemento,endereco_cruzamento,numero_cruzamento,referencia_cruzamento,bairro_cruzamento,tipo,descricao,auto,moto,ciclom,ciclista,pedestre,onibus,caminhao,viatura,outros,vitimas,vitimasfatais,num_semaforo,sentido_via,acidente_verificado,tempo_clima,situacao_semaforo,sinalizacao,condicao_via,conservacao_via,ponto_controle,situacao_placa,velocidade_max_via,mao_direcao,divisao_via1,divisao_via2,divisao_via3,_id,Protocolo
2020-09-15,19:40:00,COM VÍTIMA,FINALIZADA,IBURA,AV DOIS RIOS,0,,LAD DA COHAB,PRÓXIMO A LADEIRA. AO LADO DO HOTEL MALICE,,,,IBURA,ABALROAMENTO TRANSVERSAL,DUAS MOTOS,,2,,,,,,,,2,,,SUBURBIO,Longo da via,Bom,Não existe,Perfeito estado,Seca,Perfeito estado,Não existe,Outras,,Dupla,Faixa contínua,,,,
2020-09-15,20:12:00,COM VÍTIMA,FINALIZADA,JORDAO,AV DONA CARENTINA,2,33,,PRÓX AO TERMINAL DO JORDÃO ALTO // EM FRENTE AO POSTO DE SAÚDE DO JORDÃO ALTO,,,,JORDÃO,ABALROAMENTO LONGITUDINAL,COLISÃO ENTRE AUTO E MOTO- C/V. (CONDUTOR DO VEÍCULO APRESENTA FORTES SINAIS DE EMBRIAGUEZ),1,1,,,,,,,,1,,,,Longo da via,Bom,Não existe,Não existente,Seca,Perfeito estado,Não existe,Não há placas,,Dupla,Não existe,,,,
2020-09-16,09:38:00,COM VÍTIMA,FINALIZADA,CORDEIRO,AV GENERAL SAN MARTIN,4,1208,,EM FRENTE AO COMPAZ,,,,CORDEIRO,ABALROAMENTO LONGITUDINAL,CAMINHÃO E MOTO.,,1,,,,,1,,,1,,,NORTE/SUL,Longo da via,Bom,Não existe,Perfeito estado,Seca,Perfeito estado,Não existe,Não há placas,,Dupla,Faixa contínua,,,,
2020-09-16,10:46:00,COM VÍTIMA,FINALIZADA,PINA,AV HERCULANO BANDEIRA,3,483,,EM FRENTE A IGREJA CATOLICA,,,,PINA,COLISÃO TRASEIRA,AUTO E MOTO C/V,1,1,,,,,,,,1,,137,SUBURBIO,Longo da via,Bom,Sem defeito,Perfeito estado,Seca,Perfeito estado,Não existe,Outras,60 km/h,Única,Faixa contínua,,,,
2020-09-16,12:31:00,COM VÍTIMA,FINALIZADA,TEJIPIO,AV DR JOSE RUFINO,4,2802,,PROXIMO A BR 101,,,,TEJIPIÓ,ABALROAMENTO TRANSVERSAL,COLISÃO COM VÍTIMA / VÍTIMA SOCORRIDA PELO SAMU,1,1,,,,,,,,1,,,CIDADE,Cruzamento,Bom,Não existe,Ilegível,Seca,Perfeito estado,Não existe,R-6a,,Dupla,Faixa contínua,,,,
2020-09-16,13:16:00,COM VÍTIMA,FINALIZADA,BOA VIAGEM,AV ENGENHEIRO DOMINGOS FERREIRA,4,1223,,EM FRENTE AO POSTO SHELL,,,,BOA VIAGEM,COLISÃO FRONTAL,COLISÃO COM VÍTIMA ENTRE AUTO E MOTO.,1,1,,,,,,,,1,,,SUBURBIO,Longo da via,Bom,Não existe,Perfeito estado,Seca,Perfeito estado,Não existe,Não há placas,60 km/h,Única,Faixa seccionada,,,,
2020-09-16,17:10:00,COM VÍTIMA,FINALIZADA,ESPINHEIRO,AV JOAO DE BARROS,4,1500,,E/F AO MERCADO EXTRA VT 18 NO LOCAL,,,,ESPINHEIRO,COLISÃO TRASEIRA,COLISAO ENTRE AUTO E MOTO COM DUAS VITIMAS,1,1,,,,,,,,2,,,SUBURBIO,Longo da via,Bom,Sem defeito,Perfeito estado,Seca,Perfeito estado,Faixa de pedestre,,40 km/h,Única,,,,,
2020-09-17,11:49:00,COM VÍTIMA,FINALIZADA,BOA VISTA,RUA JOAO FERNANDES VIEIRA,3,405,,EM FRENTE AO CENTRO INTEGRADO DA CRIANÇA E DO ADOLESCENTE.,,,,BOA VISTA,COLISÃO TRASEIRA,COLISAO COM VITIMA MOTO E AUTO,1,1,,,,,,,,1,,,CIDADE,Longo da via,Bom,Não existe,Perfeito estado,Seca,Perfeito estado,Faixa de pedestre,,,Única,Faixa contínua,,,,
2020-09-17,15:27:00,COM VÍTIMA,FINALIZADA,IPSEP,RUA PINTOR ANTONIO ALBUQUERQUE,3,322,,LADO OPOSTO AO Nº INFORMADO,,,,IPSEP,ABALROAMENTO LONGITUDINAL,COLISÃO COM VÍTIMA E VT 17 SE DEPAROU COM A SITUAÇÃO,2,1,,,,,,,,2,,,,Longo da via,Bom,Não existe,,Seca,Perfeito estado,Não existe,,,Única,,,,,
2020-09-17,15:48:00,COM VÍTIMA,FINALIZADA,BOA VIAGEM,AV CELSO FURTADO,0,,RUA PROFESSOR EDUARDO WANDERLEY FILHO,PRÓXIMO A RUA PROF. EDUARDO WANDERLEY FILHO,,,,BOA VIAGEM,COLISÃO TRASEIRA,COM VÍTIMA- GCM KELVYN .,1,1,,,,,,,,1,,,CIDADE,Longo da via,Bom,Não existe,Perfeito estado,Seca,Perfeito estado,Outros,Outras,,Dupla,Canteiro central,,,,
2020-09-17,17:35:00,COM VÍTIMA,FINALIZADA,CORDEIRO,RUA GOMES TABORDA,0,,AV GENERAL SAN MARTIN,EM FRENTE AO ATACAREJO,,,,CORDEIRO,ABALROAMENTO TRANSVERSAL,COLISÃO CARRO X MOTO / VT 024 NO LOCAL,1,1,,,,,,,,1,,67,SUBURBIO,Cruzamento,Bom,Sem defeito,Incompleta,Seca,Perfeito estado,Faixa de pedestre,R-6a,,Dupla,Faixa seccionada,,,,
2020-09-17,22:56:00,COM VÍTIMA,FINALIZADA,IBURA,AV RIO LARGO,0,,AV DOZE DE JUNHO,AO LADO DO PROAB ALIMENTOS,,,,IBURA,ABALROAMENTO LONGITUDINAL,COLISÃO ENTRE ÔNIBUS E MOTO C/V,,1,,,,1,,,,1,,512,SUBURBIO,Cruzamento,Bom,Sem defeito,Perfeito estado,Seca,Perfeito estado,Faixa de pedestre,Outras,,Dupla,Não existe,,,,
2020-09-18,09:07:00,COM VÍTIMA,FINALIZADA,DERBY,RUA JENER DE SOUZA,3,449,RUA DA BAIXA VERDE,PRÓXIMO AO QUARTEL DO DERBY,,,,DERBY,ABALROAMENTO TRANSVERSAL,COLISÃO COM VÍTIMA ENTRE AUTO E MOTO.,1,1,,,,,,,,1,,,MADALENA,Cruzamento,Bom,Não existe,Perfeito estado,Seca,Perfeito estado,,R-6a,40 km/h,Dupla,Canteiro central,,,,
2020-09-18,13:16:00,COM VÍTIMA,FINALIZADA,ENGENHO DO MEIO,RUA FRANCISCO BEZERRA MONTEIRO,3,423,RUA GOVERNADOR LOPO GARRO,NAE - NÚCLEO DE APOIO AOS ESTUDANTES.,,,,ENGENHO DO MEIO,ABALROAMENTO LONGITUDINAL,COLISÃO COM VÍTIMA,1,1,,,,,,,,1,,,SUBURBIO,Cruzamento,Bom,Não existe,,Seca,Perfeito estado,Não existe,Placas Pare,,Dupla,Não existe,,,,
2020-09-18,13:48:00,COM VÍTIMA,FINALIZADA,BOMBA DO HEMETERIO,RUA SAO BENTO,2,84,,NA ENTRADA DA BOMBA DO HEMETERIO,,,,BOMBA DO HEMETÉRIO,COLISÃO,COLISAO ENTRE AUTO E MOTO COM UMA VITIMA,1,1,,,,,,,,1,,,SUBURBIO,Longo da via,Bom,Não existe,Perfeito estado,Seca,Perfeito estado,Não existe,Outras,,Única,Faixa seccionada,,,,
2020-09-18,15:21:00,COM VÍTIMA,FINALIZADA,BOA VIAGEM,RUA WALDEMAR NERY CARNEIRO MONTEIRO,3,628,RUA JOAO CARDOSO AIRES,EM FRENTE A CLINICA VETERINARIA VETCENTER,,,,BOA VIAGEM,ABALROAMENTO LONGITUDINAL,COLISÃO COM VÍTIMA,1,1,,,,,,,,1,,,SUBURBIO,Cruzamento,Bom,Não existe,Perfeito estado,Seca,Perfeito estado,Faixa de pedestre,Placas Pare,,Dupla,Faixa seccionada,,,,
2020-09-18,16:22:00,COM VÍTIMA,FINALIZADA,PARNAMIRIM,EST DAS UBAIAS-,3,105,RUA RAIMUNDO FREIXEIRA,E/F AO SUPERMERCADO BOM DEMAIS,,,,PARNAMIRIM,COLISÃO COM CICLISTA,AUTO E BICICLETA,1,,,1,,,,,,1,,,SUBURBIO,Longo da via,Bom,Não existe,Perfeito estado,Seca,Perfeito estado,Não existe,Outras,40 km/h,Dupla,Faixa seccionada,,,,
2020-09-19,13:58:00,COM VÍTIMA,FINALIZADA,ARRUDA,RUA DA REGENERACAO,3,312,,PROX A CLIMA GELAR,,,,ARRUDA,COLISÃO,COLISAO COM VITIMAS ENTRE AUTO E MOTO,1,1,,,,,,,,1,,,,,,,,,,,,,,,,,,
2020-09-19,16:37:00,COM VÍTIMA,FINALIZADA,CASA AMARELA,EST DO ARRAIAL,0,,RUA DA HARMONIA,EM FRENTE A IGREJA DA HARMONIA,,,,CASA AMARELA,ATROPELAMENTO,CARRO ATROPELOU PEDESTRE,1,,,,1,,,,,1,,74,,,,,,,,,,,,,,,,
2020-09-19,16:50:00,COM VÍTIMA,FINALIZADA,MADALENA,RUA BENFICA,0,,,PROX AO CAMPO DO SPORT. AO LADO DA PRAÇA DA BANDEIRA- APÓS O TÚNEL CHICO SCIENCE.,,,,MADALENA,COLISÃO,COLISÃO MOTO E CARRO,1,1,,,,,,,,1,,,SUBURBIO,Outros,Bom,Não existe,Perfeito estado,Seca,Mal conservada,Não existe,Outras,,Única,,,,,
2020-09-19,17:20:00,COM VÍTIMA,FINALIZADA,IPSEP,AV RECIFE,4,2677,,NA FRENTE DA PIZZARIA ATLANTICO,,,,IPSEP,ABALROAMENTO LONGITUDINAL,COLISÃO MOTO E CARRO,1,1,,,,,,,,1,,,SUBURBIO,Longo da via,Bom,Sem defeito,Perfeito estado,Seca,Perfeito estado,,,,,,,,,
2020-09-19,22:24:00,COM VÍTIMA,FINALIZADA,ESPINHEIRO,RUA DO ESPINHEIRO,0,,RUA AMELIA,APÓS O HOSPTAL ESPINHEIRO,,,,ESPINHEIRO,ABALROAMENTO TRANSVERSAL,COLISÃO ENTRE AUTO E MOTO C/V,1,1,,,,,,,,2,,195,CIDADE,Cruzamento,Bom,Desligado,Perfeito estado,Seca,Perfeito estado,Faixa de pedestre,Outras,,,,,,,
2020-09-20,07:37:00,COM VÍTIMA,FINALIZADA,IMBIRIBEIRA,AV MARECHAL MASCARENHAS DE MORAES,4,2716,RUA JORNALISTA CLEOFHAS DE OLIVEIRA,EM FRENTE AO GERALDÃO- SENT. AEROPORTO,,,,IMBIRIBEIRA,COLISÃO TRASEIRA,MOTO E AUTO C/V,1,1,,,,,,,,1,,290,SUBURBIO,Cruzamento,Bom,Sem defeito,Perfeito estado,Seca,Perfeito estado,Faixa de pedestre,Não há placas,60 km/h,Dupla,Faixa contínua,Faixa seccionada,Canteiro central,,
2020-09-20,11:13:00,COM VÍTIMA,FINALIZADA,BOA VIAGEM,AV BOA VIAGEM,3,328,,EM FRENTE AS QUADRAS DE TÊNIS. EDF. ARAUCÁRIA.,,,,BOA VIAGEM,COLISÃO TRASEIRA,INFORMES QUE UM CONDUTOR PERDEU O CONTROLE DO VEÍCULO-COLIDIU COM OUTRO VEÍCULO (POLO COM SUA CONDUTORA TAMBÉM VITIMADA) E COM 2 BICICLETAS.,2,,,2,,,,,,3,,,CIDADE,Longo da via,Bom,Sem defeito,Perfeito estado,Seca,Perfeito estado,Não existe,Outras,60 km/h,Única,Faixa seccionada,,,,
2020-09-20,16:39:00,COM VÍTIMA,FINALIZADA,IBURA,AV DOIS RIOS,3,704,RUA RIO DO OESTE,APOS O POSTO TOTAL AO LADO DA COPE S/T BR,,,,IBURA,ABALROAMENTO TRANSVERSAL,COLISAO ENTRE MOTO E AUTO,1,1,,,,,,,,2,,325,SUBURBIO,Esquina,Bom,Sem defeito,Perfeito estado,Seca,Perfeito estado,Faixa de pedestre,R-6a,,Dupla,Faixa contínua,,,,
2020-09-21,09:10:00,COM VÍTIMA,FINALIZADA,IBURA,AV DOIS RIOS,4,1347,,EM FRENTE AO COSULTORIO MEDICO DO IBURA. PRÓXIMO AO CONSELHO TUTELAR.,,,,IBURA,ABALROAMENTO TRANSVERSAL,COM UMA VITIMA SOCORRIDA PELO SAMU/GM TORRES PONTO FIXO,1,1,,,,,,,,1,,,CIDADE,Longo da via,Bom,Não existe,Ilegível,Seca,Perfeito estado,Não existe,Não há placas,,Dupla,Não existe,,,,
2020-09-21,11:28:00,COM VÍTIMA,FINALIZADA,ENGENHO DO MEIO,RUA MAURICEIA,3,190,,E/F AO COLEGIO SABER,,,,ENGENHO DO MEIO,ABALROAMENTO LONGITUDINAL,COLISÃO C/VITIMA ENTRE UM AUTO E UMA MOTO,1,1,,,,,,,,1,,652,,Longo da via,Bom,Sem defeito,Incompleta,Seca,Perfeito estado,Faixa de pedestre,Outras,30 km/h,Dupla,Não existe,,,,
2020-09-21,19:30:00,COM VÍTIMA,FINALIZADA,IPUTINGA,AV CAXANGA,4,5362,,EM FRENTE AO CAXANGÁ GOLF CLUB,,,,IPUTINGA,ABALROAMENTO TRANSVERSAL,COLISÃO ENTRE AUTO E MOTO- COM VÍTIMAS,1,1,,,,,,,,1,,,SUBURBIO,Longo da via,Bom,Não existe,Perfeito estado,Seca,Perfeito estado,Não existe,Não há placas,,Única,Faixa contínua,,,,
2020-09-22,07:01:00,COM VÍTIMA,FINALIZADA,IMBIRIBEIRA,AV MARECHAL MASCARENHAS DE MORAES,4,2777,,NO SENTIDO CIDADE  EM FRENTE A GMAG ESTOFADOS.,,,,IMBIRIBEIRA,CHOQUE VEÍCULO PARADO,COLISÃO COM VITIMA A ESPERA DO SAMU,2,1,,,,,,,,1,,,CIDADE,Longo da via,Bom,Não existe,Perfeito estado,Seca,Perfeito estado,Não existe,Não há placas,60 km/h,Única,Faixa contínua,Faixa seccionada,,,
2020-09-22,07:43:00,COM VÍTIMA,FINALIZADA,SAN MARTIN,RUA VINTE E UM DE ABRIL,4,2130,,EM FRENTE A  PADARIA VINTE UM DE ABRIL,,,,SAN MARTIN,ATROPELAMENTO,VITIMA SOCORRIDA PELOS BOMBEIROS,1,,,,1,,,,,1,,,SUBURBIO,Longo da via,Bom,Sem defeito,Não existente,Seca,Perfeito estado,Não existe,Outras,40 km/h,Dupla,Não existe,,,,
2020-09-22,07:47:00,COM VÍTIMA,FINALIZADA,DERBY,AV GOVERNADOR AGAMENON MAGALHAES,0,,RUA DOM BOSCO,EM FRENTE AO HOSPITAL DA RESTAURAÇÃO. PISTA CENTRAL.,,,,DERBY,COLISÃO TRASEIRA,COM VÍTIMA,1,1,,,,,,,,1,,174,BOA VIAGEM,Longo da via,Bom,Sem defeito,Perfeito estado,Seca,Perfeito estado,Agente,Outras,60 km/h,Dupla,Canteiro central,,,,
2020-09-22,08:00:00,COM VÍTIMA,FINALIZADA,VASCO DA GAMA,RUA VASCO DA GAMA,4,1688,RUA BREJO BONITO,NA SUBIDA DO VISGUEIRO,,,,VASCO DA GAMA,COLISÃO FRONTAL,MOTO E ONIBUS C/V,,1,,,,1,,,,1,,,,Longo da via,Bom,Não existe,Não existente,Seca,Mal conservada,Não existe,Não há placas,40 km/h,Dupla,Não existe,,,,
2020-09-22,08:43:00,COM VÍTIMA,FINALIZADA,IPSEP,RUA HELIO BRANDAO,3,135,RUA ADERBAL DE MELO,EM FRENTE AO CHAMBARIL E FEIJOADA DO JOÃO,,,,IPSEP,ABALROAMENTO TRANSVERSAL,MOTO E AUTO C/V PONTO FIXO GM-CONCEIÇÃO,1,1,,,,,,,,1,,,,Cruzamento,Bom,Não existe,Perfeito estado,Seca,Perfeito estado,,Placas Pare,30 km/h,Única,Faixa seccionada,,,,
2020-09-22,09:23:00,COM VÍTIMA,FINALIZADA,TORROES,AV ENGENHEIRO ABDIAS DE CARVALHO,0,,RUA TIJUCAS,CHESF,,,,TORRÕES,TOMBAMENTO,QUEDA DE MOTO.,,1,,,,,,,,1,,422,CIDADE,Longo da via,Bom,Sem defeito,Perfeito estado,Seca,Perfeito estado,Faixa de pedestre,Não há placas,,Única,Canteiro central,,,,
2020-09-22,15:10:00,COM VÍTIMA,FINALIZADA,PARNAMIRIM,RUA FERREIRA LOPES,3,141,RUA DA ESTRELA,CONSULADO,,,,PARNAMIRIM,ABALROAMENTO TRANSVERSAL,COM VÍTIMA,,2,,,,,,,,1,,,,Cruzamento,Bom,Não existe,Perfeito estado,Seca,Perfeito estado,,Outras,40 km/h,Dupla,Faixa seccionada,,,,
2020-09-22,16:07:00,COM VÍTIMA,FINALIZADA,SAO JOSE,AV SUL,0,,,POR TRAS DO FORTE DAS CINCO PONTAS. POSTE B015690.,,,,SÃO JOSÉ,COLISÃO,COLISÃO COM VÍTIMA,3,,,,,,,,,1,,,CIDADE,Longo da via,Bom,Não existe,Perfeito estado,Seca,Perfeito estado,Não existe,Outras,60 km/h,Única,Faixa seccionada,,,,
2020-09-23,11:15:00,COM VÍTIMA,FINALIZADA,PRADO,RUA CARLOS GOMES,0,,,EM FRENTE AO HOSPITAL NOSSA SENHORA DO Ó,,,,PRADO,COLISÃO,HONDA TITAN / HYUNDAI HB 20,1,1,,,,,,,,1,,,,,,,,,,,,,,,,,,
2020-09-23,14:41:00,COM VÍTIMA,FINALIZADA,ESTANCIA,AV RECIFE,0,,,APÓS O BIG BOM PREÇO. LADO OPOSTO A FARMÁCIA PAGUE MENOS.,,,,ESTÂNCIA,ABALROAMENTO LONGITUDINAL,MOTO X VEÍCULO,1,1,,,,,,,,1,,,SUBURBIO,Longo da via,Bom,Sem defeito,Perfeito estado,Seca,Perfeito estado,Não existe,Outras,,Dupla,Canteiro central,,,,
2020-09-23,18:01:00,COM VÍTIMA,FINALIZADA,DERBY,AV GOVERNADOR AGAMENON MAGALHAES,0,,RUA HENRIQUE DIAS,,,,,DERBY,ABALROAMENTO LONGITUDINAL,COM VÍTIMA,1,1,,,,,,,,1,,68,CIDADE,Cruzamento,Bom,Sem defeito,Perfeito estado,Seca,Perfeito estado,Faixa de pedestre,Não há placas,60 km/h,Única,,,,,
2020-09-23,20:40:00,COM VÍTIMA,FINALIZADA,BEBERIBE,AV BEBERIBE,4,4250,,,,,,BEBERIBE,ATROPELAMENTO,ACIDENTE COM VITIMA ENTRE MOTO E BICICLETA.,,1,,,1,,,,,2,,,SUBURBIO,Longo da via,Bom,Não existe,Perfeito estado,Seca,Perfeito estado,Não existe,Outras,40 km/h,Dupla,Faixa contínua,,,,
2020-09-24,08:29:00,COM VÍTIMA,FINALIZADA,FUNDAO,AV BEBERIBE,4,2584,,EM FRENTE AO ARMAZÉM LOJAS CONSTRUINDO.,,,,FUNDÃO,COLISÃO COM CICLISTA,COLISÃO COM VÍTIMA MOTO E CICLISTA,,1,,1,,,,,,3,,,SUBURBIO,Longo da via,Bom,Não existe,Perfeito estado,Seca,Perfeito estado,Não existe,Não há placas,,Dupla,Faixa contínua,,,,
2020-09-24,09:48:00,COM VÍTIMA,FINALIZADA,IMBIRIBEIRA,AV MARECHAL MASCARENHAS DE MORAES,4,4075,RUA CORONEL FABRICIANO,PRÓX. AO ATACADO DOS PRESENTES,,,,IMBIRIBEIRA,ABALROAMENTO LONGITUDINAL,CAMINHÃO X MOTOCICLETA,,1,,,,,1,,,1,,310,CIDADE,Cruzamento,Bom,Sem defeito,Perfeito estado,Seca,Perfeito estado,Outros,Não há placas,60 km/h,Única,Faixa seccionada,Canteiro central,,,
2020-09-24,09:48:00,COM VÍTIMA,FINALIZADA,IMBIRIBEIRA,AV MARECHAL MASCARENHAS DE MORAES,0,,,ÁREA DE DESEMBARQUE DO AEROPORTO APÓS A PORTA A6. PORTÃO DE CARGA DO ANTIGO TERMINAL DO AEROPORTO.,,,,IMBIRIBEIRA,CHOQUE OBJETO FIXO,VEÍCULO CHOCOU-SE COM GRADIL DA ÁREA DE CARGA E DESCARGA,1,,,,,,,,,1,,,SUBURBIO,Longo da via,Bom,Não existe,Perfeito estado,Seca,Perfeito estado,Outros,Outras,,Única,Não existe,,,,
2020-09-24,19:42:00,COM VÍTIMA,FINALIZADA,DOIS IRMAOS,RUA DOIS IRMAOS,0,,,E/F AO HORTO DE DOIS IRMÃOS E AO LAFEPE.,,,,DOIS IRMÃOS,COLISÃO TRASEIRA,COLISÃO C/VITIMA (AUTO X MOTO),1,1,,,,,,,,1,,,SUBURBIO,Longo da via,Bom,Não existe,Perfeito estado,Seca,Perfeito estado,,R-19,60 km/h,Dupla,Não existe,,,,
2020-09-25,16:32:00,COM VÍTIMA,FINALIZADA,CORDEIRO,AV CAXANGA,4,1845,,PROX A CENTROCAR,,,,CORDEIRO,ATROPELAMENTO,AUTO- MOTO E PEDESTRE,1,1,,,1,,,,,1,,,CIDADE,Longo da via,Bom,Não existe,Incompleta,Seca,Perfeito estado,Não existe,Não há placas,,Dupla,Faixa seccionada,,,,
2020-09-25,16:52:00,COM VÍTIMA,FINALIZADA,CAMPO GRANDE,AV PROFESSOR JOSE DOS ANJOS,4,116A,,E/F A SUB ESTAÇAO DA COMPESA,,,,CAMPO GRANDE,COLISÃO FRONTAL,COLISAO COM VITIMA ENTRE AUTO E MOTO,1,1,,,,,,,,1,,,CAMPO GRANDE,Longo da via,Bom,Não existe,Não existente,Seca,Perfeito estado,Não existe,Não há placas,,Inglesa,Não existe,,,,
2020-09-25,17:43:00,COM VÍTIMA,FINALIZADA,IPUTINGA,AV CAXANGA,4,3516,RUA SAO MATEUS,LOGO APOS O CRUZAMENTO DO POSTO PETROCAL - BR. LADO OPOSTO AO CARTÓRIO DA VÁRZEA.,,,,IPUTINGA,ABALROAMENTO LONGITUDINAL,MOTOCICLISTA ULTRAPASSANDO PELA DIREITA COLIDIU E CAIU AO LADO DO CARRO GUINCHO. ACIDENTE FLAGRADO PELA CÂMARA DA CTTU NO HORÁRIO 16h18min.,,1,,,,,1,,,1,,229,CIDADE,Longo da via,Bom,Sem defeito,Perfeito estado,Seca,Perfeito estado,Faixa de pedestre,Outras,,Dupla,Não existe,,,,
2020-09-26,04:50:00,COM VÍTIMA,FINALIZADA,AREIAS,AV RECIFE,2,97,,EM FRENTE AO MAKRO SENTIDO UFPE- NA SUBIDA DO VIADUTO ULISSES GUIMARÃES.,,,,AREIAS,COLISÃO TRASEIRA,AUTO E MOTO.,1,1,,,,,,,,1,,,CIDADE,Longo da via,Bom,Não existe,Perfeito estado,Seca,Mal conservada,Não existe,Não há placas,60 km/h,,Faixa seccionada,,,,
2020-09-26,07:24:00,COM VÍTIMA,FINALIZADA,AGUA FRIA,RUA DA REGENERACAO,4,1122,,EM FRENTE A ANTIGA FABRICA DA COCA COLA,,,,ÁGUA FRIA,COLISÃO FRONTAL,COLISÃO COM VITIMA,1,1,,,,,,,,1,,,SUBURBIO,Longo da via,Bom,Não existe,Incompleta,Seca,Mal conservada,Não existe,Não há placas,,Dupla,Não existe,,,,
2020-09-26,10:45:00,COM VÍTIMA,FINALIZADA,ILHA DO RETIRO,AV BEIRA RIO,3,400,,AO LADO DO SPORT CLUBE DO RECIFE NO SENTIDO TUNEL CHICO  SCIENCE. LADO OPOSTO AO Nº INFORMADO.,,,,ILHA DO RETIRO,COLISÃO TRASEIRA,COLISÃO COM VITIMA,1,1,,,,,,,,1,,,ILHA DO RETIRO,Longo da via,Bom,Não existe,Perfeito estado,Seca,Perfeito estado,Não existe,R-6a,,Dupla,Faixa seccionada,,,,
2020-09-26,17:50:00,COM VÍTIMA,FINALIZADA,MANGABEIRA,AV NORTE,0,,RUA GUIMARAES PEIXOTO,PROXIMO AO SESC,,,,MANGABEIRA,CHOQUE OBJETO FIXO,COLISÃO COM VÍTIMA ENTRE DUAS MOTOS E UM AUTO,1,2,,,,,,,,3,,96,CIDADE,Longo da via,Bom,Sem defeito,Perfeito estado,Seca,Perfeito estado,Faixa de pedestre,Outras,,Dupla,Canteiro central,,,,
2020-09-26,22:19:00,COM VÍTIMA,FINALIZADA,ILHA JOANA BEZERRA,PTE JOSE DE BARROS LIMA,0,,,PROXIMO A PASSARELA,,,,ILHA JOANA BEZERRA,ATROPELAMENTO,COLISÃO MOTO E PEDESTRE,,1,,,2,,,,,3,,,BOA VIAGEM,Ponte,Bom,Não existe,Perfeito estado,Seca,Perfeito estado,,Não há placas,60 km/h,Dupla,Canteiro central,,,,
2020-09-27,09:01:00,COM VÍTIMA,FINALIZADA,DOIS UNIDOS,RUA VISCONDE DE GARRETT,3,142,,EM FRENTE AO EDUCANDARIO JARDIM GETSEMANI. PRÓXIMO A ASSEMBLEIA DE DEUS.,,,,DOIS UNIDOS,COLISÃO FRONTAL,COLISÃO COM DUAS VITIMAS AGUARDANDO O SAMU,,2,,,,,,,,2,,,,Longo da via,Bom,Não existe,Perfeito estado,Seca,Perfeito estado,Não existe,Não há placas,,,Não existe,,,,
2020-09-27,09:24:00,COM VÍTIMA,FINALIZADA,BOA VIAGEM,RUA DEZ DE JULHO,3,210,RUA CAMBOIM,EM FRENTE A LOJA MAISON CRISTAL,,,,BOA VIAGEM,ABALROAMENTO TRANSVERSAL,MOTO E AUTO,1,1,,,,,,,,1,,,CIDADE,Longo da via,Bom,Não existe,Perfeito estado,Seca,Perfeito estado,Não existe,Não há placas,40 km/h,Única,Faixa seccionada,,,,
2020-09-27,10:53:00,COM VÍTIMA,FINALIZADA,ARRUDA,RUA DA REGENERACAO,4,1147,RUA CLARA,E/F HYANNAH ESPAÇO DE EVENTOS,,,,ARRUDA,ABALROAMENTO LONGITUDINAL,COLISÃO C/VITIMA ENTRE UM AUTO E UMA MOTO,1,1,,,,,,,,1,,,SUBURBIO,Cruzamento,Bom,Não existe,Não existente,Seca,Perfeito estado,Não existe,Não há placas,,Dupla,Não existe,,,,
2020-09-27,19:25:00,COM VÍTIMA,FINALIZADA,IMBIRIBEIRA,AV SUL,0,,,AO LADO DA ESTAÇAO ANTONIO FALCAO,,,,IMBIRIBEIRA,ABALROAMENTO LONGITUDINAL,COLISAO ENTRE AUTO E MOTO COM VITIMA,1,1,,,,,,,,1,,,SUBURBIO,Longo da via,Chuvoso,Não existe,Perfeito estado,Molhada,Perfeito estado,Não existe,Não há placas,30 km/h,Dupla,Não existe,,,,
2020-09-27,21:28:00,COM VÍTIMA,FINALIZADA,CASA AMARELA,RUA CONS NABUCO,3,292,,PROX AO BOMPREÇO,,,,CASA AMARELA,ATROPELAMENTO,ATROPELAMENTO DE PEDESTRE,,1,,,1,,,,,1,,,,Longo da via,Chuvoso,Não existe,Perfeito estado,Molhada,Perfeito estado,Não existe,Não há placas,,Dupla,Não existe,,,,