data,hora,natureza_acidente,situacao,bairro,endereco,,numero,detalhe_endereco_acidente,complemento,endereco_cruzamento,numero_cruzamento,referencia_cruzamento,bairro_cruzamento,tipo,descricao,auto,moto,ciclom,ciclista,pedestre,onibus,caminhao,viatura,outros,vitimas,vitimasfatais,num_semaforo,sentido_via,acidente_verificado,tempo_clima,situacao_semaforo,sinalizacao,condicao_via,conservacao_via,ponto_controle,situacao_placa,velocidade_max_via,mao_direcao,divisao_via1,divisao_via2,divisao_via3,_id,Protocolo
2020-09-27,21:49:00,COM VÍTIMA,FINALIZADA,SANTO AMARO,AV NORTE,3,754,3TR TREZE DE MAIO,NO CRUZAMENTO,,,,SANTO AMARO,COLISÃO TRASEIRA,AUTO E MOTO. O CONDUTOR DO AUTO SE EVADIU.,1,1,,,,,,,,1,,,SUBURBIO,Longo da via,Bom,Não existe,Perfeito estado,Seca,Perfeito estado,Não existe,Não há placas,,Única,Faixa seccionada,,,,
2020-09-28,07:15:00,COM VÍTIMA,FINALIZADA,JORDAO,AV MARIA IRENE,4,1064,RUA CRISTALIA,TERMINAL DA VAN,,,,JORDÃO,ABALROAMENTO LONGITUDINAL,COM VITIMA. MICROÔNIBUS E MOTOCICLETA,,1,,,,1,,,,1,,,CIDADE,Longo da via,Bom,Não existe,Perfeito estado,Seca,Perfeito estado,Não existe,Não há placas,60 km/h,Dupla,Faixa contínua,,,,
2020-09-28,11:05:00,COM VÍTIMA,FINALIZADA,IMBIRIBEIRA,AV MARECHAL MASCARENHAS DE MORAES,4,4745,,APOS O AEROPORTO- ANTES DO ATACADOL DOS PRESENTES,,,,IMBIRIBEIRA,COLISÃO COM CICLISTA,VITIMA JA FOI ENCAMINHADA PARA O HOSPITAL. ÔNIBUS E CICLISTA.,,,,1,,1,,,,1,,,CIDADE,Longo da via,Bom,Sem defeito,Perfeito estado,Seca,Perfeito estado,Faixa de pedestre,Não há placas,,Dupla,Canteiro central,,,,
2020-09-28,13:19:00,COM VÍTIMA,FINALIZADA,IPSEP,RUA HELIO BRANDAO,3,135,RUA ADERBAL DE MELO,EM FRENTE AO CHAMBARIL DO JOÃO,,,,IPSEP,ABALROAMENTO TRANSVERSAL,COLISÃO COM VÍTIMA,1,1,,,,,,,,1,,,,Cruzamento,Bom,Não existe,Perfeito estado,Seca,Perfeito estado,Outros,Placas Pare,,Única,Faixa seccionada,,,,
2020-09-29,04:14:00,COM VÍTIMA,FINALIZADA,NOVA DESCOBERTA,RUA NOVA DESCOBERTA,3,412,,EM FRENTE A IGREJA CONGRECIONAL. IGREJA DO EVANGELHO QUADRANGULAR.,,,,NOVA DESCOBERTA,CHOQUE VEÍCULO PARADO,COLISÃO QUATRO AUTOS,4,,,,,,,,,1,,,CIDADE,Longo da via,Bom,Não existe,Perfeito estado,Seca,Perfeito estado,Não existe,Não há placas,,Dupla,Não existe,,,,
2020-09-29,09:25:00,COM VÍTIMA,FINALIZADA,LINHA DO TIRO,RUA URIEL DE HOLANDA,3,893,,APÓS A CHURRASCARIA CACHOEIRA,,,,LINHA DO TIRO,COLISÃO FRONTAL,COM UMA VITIMA AGUARDANDO SAMU,1,,,,,1,,,,1,,,CIDADE,Longo da via,Bom,Não existe,Perfeito estado,Seca,Perfeito estado,Não existe,R-6a,,Dupla,Faixa seccionada,,,,
2020-09-29,10:37:00,COM VÍTIMA,FINALIZADA,IMBIRIBEIRA,AV MARECHAL MASCARENHAS DE MORAES,0,,,EM FRENTE A FERREIRA COSTA,,,,IMBIRIBEIRA,ABALROAMENTO LONGITUDINAL,MOTO E AUTO,1,1,,,,,,,,1,,386,CIDADE,Longo da via,Bom,Sem defeito,Perfeito estado,Seca,Perfeito estado,Faixa de pedestre,Não há placas,60 km/h,Dupla,Canteiro central,,,,
2020-09-29,21:30:00,COM VÍTIMA,FINALIZADA,VARZEA,RUA DIOGO DE VASCONCELOS,3,260,RUA GOVERNADOR LEOPOLDO NEVES,PROXIMO DA PIZZARIA PAULLYNE- PROXIMO DA PADARIA PÃO DE CRISTO DELLI,,,,VÁRZEA,ABALROAMENTO TRANSVERSAL,COLISÃO ENTRE AUTO E MOTO C/V,1,1,,,,,,,,1,,,SUBURBIO,Longo da via,Bom,Não existe,Perfeito estado,Seca,Perfeito estado,Não existe,Não há placas,,Dupla,Faixa seccionada,,,,
2020-09-30,14:09:00,COM VÍTIMA,FINALIZADA,ROSARINHO,AV NORTE,4,3109,,EM FRENTE À PADARIA ROSARINHO,,,,ROSARINHO,COLISÃO TRASEIRA,COLISÃO ENVOLVENDO 4 AUTOS CHEVROLET CORSA. VW VOYAGE.POLO. VW VIRTUS,4,,,,,,,,,1,,,CIDADE,Longo da via,Bom,Sem defeito,Perfeito estado,Seca,Perfeito estado,Não existe,Não há placas,40 km/h,Dupla,Canteiro central,,,,
2020-09-30,17:59:00,COM VÍTIMA,FINALIZADA,SAO JOSE,AV DANTAS BARRETO,4,1246,RUA SAO JOAO,N 946 S/T PRAÇA SERGIO LORETO,,,,SÃO JOSÉ,ATROPELAMENTO,ÔNIBUS E PEDESTRE,,,,,1,1,,,,1,,,,Longo da via,Bom,Sem defeito,Ilegível,Seca,Mal iluminada,Não existe,Outras,,Dupla,Faixa contínua,Faixa seccionada,Canteiro central,,
2020-09-30,21:32:00,COM VÍTIMA,FINALIZADA,JARDIM SAO PAULO,RUA SENADOR ALBERTO PASQUALINI,0,,,E/F AO RESTAURANTE SUBWAY / PRÓX A JOTA LANCHES,,,,JARDIM SÃO PAULO,COLISÃO COM CICLISTA,MOTO X BICICLETA. C/V,,1,,1,,,,,,3,,,SUBURBIO,Longo da via,Bom,Não existe,Ilegível,Seca,Mal iluminada,Não existe,Placas Pare,,Única,Faixa seccionada,,,,
2020-09-30,22:37:00,COM VÍTIMA,FINALIZADA,MADALENA,RUA ARLINDO GOUVEIA,3,145,,PRÓX AO CLUBE INTERNACIONAL. PRAÇA JOSÉ DA MOTA SILVEIRA.,,,,MADALENA,ABALROAMENTO TRANSVERSAL,AUTO X MOTO. C/V,1,1,,,,,,,,1,,,SUBURBIO,Longo da via,Chuvoso,Não existe,Perfeito estado,Seca,Perfeito estado,Não existe,Não há placas,,Dupla,Faixa contínua,,,,
2020-10-01,12:44:00,COM VÍTIMA,FINALIZADA,ARRUDA,AV PROFESSOR JOSE DOS ANJOS,3,972,,PROX AO CRUZAMENTO DA EST VELHA DE ÁGUA FRIA,,,,ARRUDA,COLISÃO COM CICLISTA,COLISAO ENTRE MOTO E CICLISTA,,1,,1,,,,,,1,,,SUBURBIO,Longo da via,Bom,Não existe,Perfeito estado,Seca,Perfeito estado,Não existe,Não há placas,60 km/h,Única,Faixa seccionada,,,,
2020-10-01,13:45:00,COM VÍTIMA,FINALIZADA,AFOGADOS,EST DOS REMEDIOS,4,1462,RUA BUGRE,EM FRENTE A TUPAN,,,,AFOGADOS,COLISÃO,COLISÃO MOTO X CARRO,1,1,,,,,,,,1,,,,,,,,,,,,,,,,,,
2020-10-01,18:21:00,COM VÍTIMA,FINALIZADA,MACAXEIRA,AV NORTE,0,,RUA TIJUCAL,EM FRENTE A ESCOLA ESTADUAL MARIA AMÁLIA,,,,MACAXEIRA,COLISÃO COM CICLISTA,COLISÃO ENTRE ÔNIBUS E CICLISTA- C/V,,,,1,,1,,,,1,,451,SUBURBIO,Longo da via,Bom,Sem defeito,Incompleta,Seca,Mal iluminada,Faixa de pedestre,Outras,60 km/h,Dupla,,,,,
2020-10-01,19:32:00,COM VÍTIMA,FINALIZADA,BONGI,EST DO BONGI,3,190,RUA COSME VIANA,AO LADO DO VAREJÃO DO POVO E WM GNV.,,,,BONGI,ABALROAMENTO LONGITUDINAL,COLISÃO ENTRE AUTO E MOTO C/V,1,1,,,,,,,,1,,100,SUBURBIO,Longo da via,Bom,Sem defeito,Perfeito estado,Seca,Perfeito estado,Faixa de pedestre,Placas Dê a preferência,40 km/h,Dupla,Faixa contínua,,,,
2020-10-02,10:36:00,COM VÍTIMA,FINALIZADA,SANTO AMARO,RUA PEDRO AFONSO,3,318,RUA TREZE DE MAIO,DE ESQUINA COM O SESC  DE SANTO AMARO,,,,SANTO AMARO,ABALROAMENTO TRANSVERSAL,COLISÃO COM VITIMA A ESPERA DO SAMU,1,1,,,,,,,,1,,427,CIDADE,Longo da via,Bom,Sem defeito,Perfeito estado,Seca,Perfeito estado,Não existe,Outras,40 km/h,Dupla,Faixa contínua,,,,
2020-10-02,14:34:00,COM VÍTIMA,FINALIZADA,ILHA DO RETIRO,RUA JOAO IVO DA SILVA,0,,,E/F A AUTO LINE HONDA . AO LADO DA RENAULT.,,,,ILHA DO RETIRO,COLISÃO TRASEIRA,COLISAO ENTRE AUTO E UMA TRAÇAO ANIMAL. SEGUNDO O BOLETIM FÍSICO- HOUVE A COLISÃO DO AUTO COM UM CARRO DE MÃO QUE POR SUA VEZ DERRUBOU A VÍTIMA.,1,,,,,,,,1,1,,,SUBURBIO,Longo da via,Bom,Não existe,Incompleta,Seca,Perfeito estado,Não existe,R-6a,,Única,Faixa seccionada,,,,
2020-10-02,16:24:00,COM VÍTIMA,FINALIZADA,AREIAS,AV RECIFE,3,758,,EM FRENTE A BRASIL VEÍCULOS/ SENTIDO CABO,,,,AREIAS,COLISÃO,COLISÃO COM VÍTIMA,,1,,,,,1,,,1,,,SUBURBIO,Longo da via,Bom,Não existe,Perfeito estado,Seca,Perfeito estado,Não existe,Não há placas,60 km/h,Dupla,Canteiro central,,,,
2020-10-02,20:28:00,COM VÍTIMA,FINALIZADA,BOA VIAGEM,AV CONSELHEIRO AGUIAR,0,,RUA SOUTO FILHO,PRÓX A ESCOLA ESTADUAL LANDELINO ROCHA,,,,BOA VIAGEM,ABALROAMENTO LONGITUDINAL,AUTO X MOTO. C/V,1,1,,,,,,,,1,,133,CIDADE,Cruzamento,Bom,Sem defeito,Perfeito estado,Seca,Mal iluminada,Faixa de pedestre,R-6a,60 km/h,Única,Faixa seccionada,,,,
2020-10-02,21:06:00,COM VÍTIMA,FINALIZADA,BARRO,AV DR JOSE RUFINO,4,2838,,PROX AO COLEGIO ALBERTO TORRES POR CIMA DO VIADUTO DO BARRO SENTIDO RECIFE. ALÇA QUE LIGA A BR-101.,,,,BARRO,ABALROAMENTO TRANSVERSAL,ONIBUS MILBUS X MOTO,,1,,,,1,,,,1,,,,Cruzamento,Bom,Não existe,Ilegível,Seca,Mal iluminada,Não existe,Não há placas,,Dupla,Faixa seccionada,,,,
2020-10-02,22:25:00,COM VÍTIMA,FINALIZADA,MUSTARDINHA,RUA VINTE E UM DE ABRIL,4,1295,,PROX A FARMACIA COELHO E ROCK PIZZA. ESPETINHO E CALDINHO DOS AMIGOS.,,,,MUSTARDINHA,ATROPELAMENTO,PEDESTRE X CAMINHAO,,,,,1,,1,,,1,,,SUBURBIO,Longo da via,Bom,Sem defeito,Perfeito estado,Seca,Perfeito estado,,Não há placas,30 km/h,Dupla,Não existe,,,,
2020-10-03,08:11:00,COM VÍTIMA,FINALIZADA,AFOGADOS,AV SUL,0,,PTE DE AFOGADOS,NO INICIO DA FAIXA EXCLUSIVA DE ONIBUS,,,,AFOGADOS,COLISÃO COM CICLISTA,AGUARDANDO SOCORRO DOS BOMBEIROS. AUTO E CICLISTA.,1,,,1,,,,,,1,,320,CIDADE,Ponte,Bom,Sem defeito,Perfeito estado,Seca,Perfeito estado,Não existe,Outras,,Dupla,Canteiro central,,,,
2020-10-03,10:17:00,COM VÍTIMA,FINALIZADA,SANTO AMARO,AV GOVERNADOR AGAMENON MAGALHAES,0,,,PRÓXIMO AO VIADUTO DA JOÃO DE BARROS.,,,,SANTO AMARO,COLISÃO TRASEIRA,COLISÃO C/VITIMA ENTRE UM AUTO E UMA MOTO,1,1,,,,,,,,1,,684,SUBURBIO,Longo da via,Bom,Sem defeito,Perfeito estado,Seca,Perfeito estado,Faixa de pedestre,Não há placas,60 km/h,Única,Faixa contínua,,,,
2020-10-03,14:16:00,COM VÍTIMA,FINALIZADA,CORDEIRO,AV GENERAL SAN MARTIN,3,625,RUA GOMES TABORDA,PROX AO POSTO DE GASOLINA MULTI POSTO,,,,CORDEIRO,ABALROAMENTO TRANSVERSAL,COLISÃO MOTO X MOTO- UM CONDUTOR SOCORRIDO PELO SAMU,,2,,,,,,,,1,,67,CIDADE,Longo da via,Bom,Sem defeito,Perfeito estado,Seca,Perfeito estado,Faixa de pedestre,R-6a,,Dupla,Faixa contínua,,,,
2020-10-03,16:45:00,COM VÍTIMA,FINALIZADA,CAJUEIRO,RUA COUTO SOARES,3,454,RUA NOVA JALES,PROX AO TERMINAL DE ONIBUS CAJUEIRO NA SUBIDA DA LADEIRA,,,,CAJUEIRO,COLISÃO FRONTAL,MOTO X CARRO,1,1,,,,,,,,1,,,SUBURBIO,Cruzamento,Bom,Não existe,Não existente,Seca,Perfeito estado,Não existe,Não há placas,,Dupla,Não existe,,,,
2020-10-04,07:16:00,COM VÍTIMA,FINALIZADA,SAO JOSE,VDO DAS CINCO PONTAS,0,,,SOBRE O VIADUTO. AO LADO DO FORTE.,,,,SÃO JOSÉ,CHOQUE OBJETO FIXO,MOTOCICLETA COLIDIU NA MURETA E CAIU NA VIA.,,1,,,,,,,,1,,,SUBURBIO,Viaduto,Bom,Não existe,Não existente,Seca,Mal conservada,Não existe,Não há placas,,Única,Não existe,,,,
2020-10-04,13:50:00,COM VÍTIMA,FINALIZADA,CAMPO GRANDE,RUA ODORICO MENDES,3,434,,EM FRENTE AO SUPERMERCADO STYLLUS,,,,CAMPO GRANDE,COLISÃO FRONTAL,COM VÍTIMA,1,1,,,,,,,,1,,,SUBURBIO,Longo da via,Bom,Não existe,Perfeito estado,Seca,Perfeito estado,Não existe,,,Dupla,Faixa seccionada,,,,
2020-10-04,14:31:00,COM VÍTIMA,FINALIZADA,JARDIM SAO PAULO,AV RECIFE,4,5635,RUA SENADOR ALBERTO PASQUALINI,EM FRENTE A ESQUINA DO GALETO/ SENTIDO CENTRO,,,,JARDIM SÃO PAULO,COLISÃO COM CICLISTA,COLISÃO COM VÍTIMA,1,,,1,,,,,,1,,259,AEROPORTO,Cruzamento,Bom,Sem defeito,Perfeito estado,Seca,Perfeito estado,Faixa de pedestre,R-6a,,Dupla,Canteiro central,,,,
2020-10-04,21:17:00,COM VÍTIMA,FINALIZADA,BOA VIAGEM,RUA PARIS,4,630B,,PRÓX A FACULDADE BV,,,,BOA VIAGEM,ABALROAMENTO LONGITUDINAL,MOTO X AUTO. C/V,1,1,,,,,,,,1,,,CIDADE,Longo da via,Bom,Sem defeito,Ilegível,Seca,Mal iluminada,Não existe,Não há placas,,Dupla,Faixa contínua,,,,
2020-10-05,08:13:00,COM VÍTIMA,FINALIZADA,ARRUDA,AV PROFESSOR JOSE DOS ANJOS,0,,,EM BAIXO DA ESTRUTURA DO ESTADIO DO ARRUDA / PROX DO BOMPREÇO DA AV BEBERIBE,,,,ARRUDA,COLISÃO COM CICLISTA,COLISAO AUTO E BICICLETA,1,,,1,,,,,,1,,,SUBURBIO,Longo da via,Chuvoso,Não existe,Perfeito estado,Seca,Perfeito estado,Não existe,R-6a,,Única,Faixa seccionada,,,,
2020-10-05,08:27:00,COM VÍTIMA,FINALIZADA,ARRUDA,RUA RAMIZ GALVAO,3,133,RUA RAUL POMPEIA,RUA DA FEIRA DO ARRUDA. EM FRENTE AO RESTAURANTE MISTUREBA.,,,,ARRUDA,ABALROAMENTO LONGITUDINAL,COM DUAS VITIMAS AGUARDANDO SAMU,1,1,,,,,,,,2,,,CIDADE,Cruzamento,Bom,Não existe,Perfeito estado,Seca,Perfeito estado,Faixa de pedestre,Placas Pare,30 km/h,,Faixa seccionada,,,,
2020-10-05,11:27:00,COM VÍTIMA,FINALIZADA,IBURA,RUA DOZE DE JUNHO,0,,,EM FRENTE AO RESIDENCIAL CAIQUE.,,,,IBURA,ABALROAMENTO LONGITUDINAL,COLISÃO C/VITIMA ENTRE UM ONIBUS E UMA MOTO,,1,,,,1,,,,1,,,,Longo da via,Bom,Não existe,Perfeito estado,Seca,Perfeito estado,Não existe,Não há placas,,Dupla,Faixa seccionada,,,,
2020-10-05,17:44:00,COM VÍTIMA,FINALIZADA,MADALENA,RUA LOPES DE CARVALHO,3,401,AV VISCONDE DE ALBUQUERQUE,E/F A MADALENA CENTER,,,,MADALENA,ABALROAMENTO LONGITUDINAL,COLISAO ENTRE MOTO E AUTO COM VITIMA,1,1,,,,,,,,1,,,,Cruzamento,Bom,Não existe,Perfeito estado,Seca,Perfeito estado,,Placas Pare,,Única,Não existe,,,,
2020-10-05,20:14:00,COM VÍTIMA,FINALIZADA,JARDIM SAO PAULO,RUA LEANDRO BARRETO,3,239,,PROXIMO DO GALETOS E CIA- PROXIMO DE NATTOS DOCES E SALGADOS- PROXIMO DA IGREJA DE JESUS CRISTO,,,,JARDIM SÃO PAULO,COLISÃO COM CICLISTA,COLISÃO ENTRE ÔNIBUS E BICICLETA C/V,,,,1,,1,,,,1,,,CIDADE,Longo da via,Bom,Não existe,Perfeito estado,Seca,Perfeito estado,Não existe,Não há placas,40 km/h,Dupla,Faixa seccionada,,,,
2020-10-06,09:04:00,COM VÍTIMA,FINALIZADA,IBURA,AV DOM HELDER CAMARA,3,351,,IBURA DE BAIXO. CAPOTARIA VICTOR.,,,,IBURA,ABALROAMENTO LONGITUDINAL,COLISÃO COM VITIMA GM PETERSON QTH,1,1,,,,,,,,1,,,CIDADE,Longo da via,Bom,Não existe,Perfeito estado,Seca,Perfeito estado,Não existe,Outras,40 km/h,Dupla,Canteiro central,,,,
2020-10-06,09:45:00,COM VÍTIMA,FINALIZADA,IPSEP,RUA PROFESSOR JOSE VICENTE,3,626,RUA SAO NICOLAU,PRÓXIMO A LOJA DE VEÍCULOS V8 MULT IMARCAS,,,,IPSEP,ABALROAMENTO LONGITUDINAL,COLISÃO COM VITIMAS SOCORRIDAS  PELO S BOMBEIROS,,1,,,,,1,,,2,,,SUBURBIO,Longo da via,Bom,Não existe,Perfeito estado,Seca,Perfeito estado,Outros,Outras,,Única,Faixa seccionada,,,,
2020-10-06,12:04:00,COM VÍTIMA,FINALIZADA,AGUA FRIA,AV BEBERIBE,4,2047,,E/F A FARMACIA PAGUE MENOS LADO OPOSTO AO MERCADO DE AGUA FRIA,,,,ÁGUA FRIA,ATROPELAMENTO,ATROPELAMENTO DE AUTO E PEDESTRE VT 31 NO LOCAL,1,,,,1,,,,,1,,,CIDADE,Longo da via,Bom,Não existe,Perfeito estado,Seca,Perfeito estado,,Outras,,Dupla,Faixa contínua,,,,
2020-10-06,12:07:00,COM VÍTIMA,FINALIZADA,IMBIRIBEIRA,AV GENERAL MAC ARTHUR,4,1846,,AO LADO DA ESTAÇAO DO METRO E/F A IGREJA ASSEMBLEIA DE DEUS,,,,IMBIRIBEIRA,ABALROAMENTO LONGITUDINAL,COLISAO ENTRE AUTO E MOTO COM UMA VITIMA,1,1,,,,,,,,1,,,OESTE,Cruzamento,Bom,Não existe,Perfeito estado,Seca,Perfeito estado,Não existe,Não há placas,60 km/h,Única,Faixa seccionada,,,,
2020-10-06,14:34:00,COM VÍTIMA,FINALIZADA,MADALENA,AV VISCONDE DE ALBUQUERQUE,3,862,RUA JANUARIO BARBOSA,EM FRENTE A PRAÇA DE EÇA DE QUEIROZ,,,,MADALENA,ABALROAMENTO TRANSVERSAL,COLISÃO COM VÍTIMA,1,,,,,1,,,,2,,,SUBURBIO,Cruzamento,Bom,Não existe,Perfeito estado,Seca,Perfeito estado,Não existe,Placas Pare,,Única,Faixa seccionada,,,,
2020-10-06,20:06:00,COM VÍTIMA,FINALIZADA,ESPINHEIRO,AV GOVERNADOR AGAMENON MAGALHAES,0,,AV JOAO DE BARROS,SOB O VIADUTO INDEPENDÊNCIA.,,,,ESPINHEIRO,TOMBAMENTO,ACIDENTE DE PERCURSO C/VITIMA,,1,,,,,,,,1,,,SUBURBIO,Longo da via,Bom,Sem defeito,Perfeito estado,Seca,Perfeito estado,Não existe,Não há placas,,Única,Não existe,,,,
2020-10-07,08:37:00,COM VÍTIMA,FINALIZADA,PINA,AV ANTONIO DE GOES,0,,,NA SAÍDA DO TUNEL DA VIA MANGUE (PISTA LESTE),,,,PINA,COLISÃO TRASEIRA,COLISÃO C/VITIMA ENTRE UM AUTO E UMA MOTO,1,1,,,,,,,,1,,103,CIDADE,Cruzamento,Bom,Sem defeito,Perfeito estado,Seca,Perfeito estado,Faixa de pedestre,Não há placas,60 km/h,Única,Faixa contínua,Canteiro central,,,
2020-10-07,10:47:00,COM VÍTIMA,FINALIZADA,IPUTINGA,AV MAURICIO DE NASSAU,3,276,RUA LAVRAS DO SUL,EM FRENTE AO REI DO BOLO E SUPERMERCADO RENDE MAIS.,,,,IPUTINGA,ABALROAMENTO LONGITUDINAL,COM UMA VITIMA AGUARDANDO SAMU,1,1,,,,,,,,1,,109,CIDADE,Esquina,Bom,Sem defeito,Perfeito estado,Seca,Perfeito estado,Outros,Outras,40 km/h,Dupla,Não existe,,,,
2020-10-07,11:27:00,COM VÍTIMA,FINALIZADA,CORDEIRO,RUA TIJUCA,3,166,RUA TABATINGA,EM FRENTE DO RESTAURANTE JOAO DA CARNE DE SOL,,,,CORDEIRO,ABALROAMENTO LONGITUDINAL,DUAS MOTOS / UMA DAS MOTOS AINDA NAO FOI EMPLACADA,,2,,,,,,,,1,,,SUBURBIO,Cruzamento,Bom,Não existe,Perfeito estado,Seca,Perfeito estado,Não existe,Placas Pare,,Dupla,,,,,
2020-10-07,13:13:00,COM VÍTIMA,FINALIZADA,BOA VIAGEM,AV ENGENHEIRO DOMINGOS FERREIRA,4,3901,,EM FRENTE A ACADEMIA HI,,,,BOA VIAGEM,COLISÃO TRASEIRA,COLISÃO CARRO X MOTO / AGENTE DECIO E IGOR NO LOCAL,1,1,,,,,,,,1,,,SUBURBIO,Longo da via,Bom,Não existe,Perfeito estado,Seca,Perfeito estado,Não existe,,60 km/h,Única,Faixa seccionada,,,,
2020-10-07,13:21:00,COM VÍTIMA,FINALIZADA,IPUTINGA,AV MAURICIO DE NASSAU,3,291,RUA ODILON ARAUJO,EM FRENTE A PADARIA E PASTELARIA ATLANTICA,,,,IPUTINGA,COLISÃO COM CICLISTA,COLISÃO CARRO X CICLISTA,1,,,1,,,,,,1,,,SUBURBIO,Longo da via,Bom,Não existe,Perfeito estado,Seca,Perfeito estado,Outros,R-6a,40 km/h,Dupla,Faixa seccionada,,,,
2020-10-07,14:07:00,COM VÍTIMA,FINALIZADA,IPSEP,RUA VIRGINIA HERACLIO,3,155,RUA LANDELINO CAMARA,PROX A OFICINA DINAMICAR,,,,IPSEP,ABALROAMENTO TRANSVERSAL,COLISAO ENTRE AUTO E MOTO COM VITIMAS,1,1,,,,,,,,1,,,SUBURBIO,Cruzamento,Bom,Não existe,Não existente,Seca,Perfeito estado,Não existe,Não há placas,,Dupla,Não existe,,,,
2020-10-07,15:56:00,COM VÍTIMA,FINALIZADA,BOA VISTA,RUA JOSE DE ALENCAR,3,264,RUA BARAO DE SAO BORJA,PROX AO HOTEL BOA VISTA,,,,BOA VISTA,ABALROAMENTO TRANSVERSAL,CARRO X CARRO,2,,,,,,,,,1,,,CIDADE,Longo da via,Bom,Não existe,Perfeito estado,Seca,Perfeito estado,Não existe,Não há placas,,Única,Não existe,,,,
2020-10-07,18:59:00,COM VÍTIMA,FINALIZADA,CASA AMARELA,AV NORTE,5,5400C,,PRÓXIMO A ESCOLA MUNICIPAL ROSEMAR DE MACEDO LIMA,,,,CASA AMARELA,ABALROAMENTO LONGITUDINAL,MOTO / AUTO / CAMINHÃO,1,1,,,,,1,,,1,,,SUBURBIO,Longo da via,Bom,,Perfeito estado,Seca,Perfeito estado,,,,Dupla,Canteiro central,,,,
2020-10-07,20:18:00,COM VÍTIMA,FINALIZADA,IBURA,AV RIO LARGO,3,275,,PRÓX A PROAB // NO SOBE/DESCE DO IBURA,,,,IBURA,ATROPELAMENTO,ATROPELAMENTO DE PEDESTRE,,,,,1,1,,,,1,,,SUBURBIO,Longo da via,Chuvoso,Não existe,Perfeito estado,Molhada,Perfeito estado,Outros,Outras,,Dupla,Faixa,,,,
2020-10-07,21:10:00,COM VÍTIMA,FINALIZADA,CASA AMARELA,RUA DA HARMONIA,3,109,RUA CONS NABUCO,AO LADO DA MERCEARIA NABUCO- AO LADO DA PIZZARIA HEROES,,,,CASA AMARELA,COLISÃO FRONTAL,COLISÃO ENTRE AUTO E MOTO C/V,1,1,,,,,,,,1,,,SUBURBIO,Cruzamento,Bom,Não existe,Perfeito estado,Seca,Perfeito estado,Não existe,Não há placas,,Dupla,Faixa contínua,,,,
2020-10-08,08:18:00,COM VÍTIMA,FINALIZADA,IPUTINGA,RUA DR NINA RODRIGUES,3,280,RUA CORDISLANDIA,RESIDENCIA  NA RUA DO BANCO SANTANDER,,,,IPUTINGA,ABALROAMENTO LONGITUDINAL,COLISÃO COM VITIMA,1,1,,,,,,,,1,,,,Cruzamento,Bom,Não existe,Perfeito estado,Seca,Perfeito estado,Não existe,Placas Pare,30 km/h,,,,,,
2020-10-08,08:25:00,COM VÍTIMA,FINALIZADA,VARZEA,RUA GENERAL POLIDORO,4,267A,,PROX AO RESIDENCIAL RESERVA POLIDORO,,,,VÁRZEA,ABALROAMENTO TRANSVERSAL,COLISÃO COM VITIMA VT 25 QTH,1,1,,,,,,,,1,,,SUBURBIO,Longo da via,Bom,Não existe,Perfeito estado,Seca,Perfeito estado,Não existe,Não há placas,,Dupla,Faixa contínua,,,,
2020-10-08,09:43:00,COM VÍTIMA,FINALIZADA,BOA VIAGEM,AV MARECHAL MASCARENHAS DE MORAES,4,6211,,NO SENTIDO CIDADE EM FRENTE AO PREDIO DA JUSTIÇA FEDERAL,,,,BOA VIAGEM,ABALROAMENTO LONGITUDINAL,COLISÃO COM VITIMA,1,1,,,,,,,,1,,,CIDADE,Longo da via,Bom,Não existe,Perfeito estado,Seca,Perfeito estado,,,,Dupla,Canteiro central,,,,