data,hora,natureza_acidente,situacao,bairro,endereco,,numero,detalhe_endereco_acidente,complemento,endereco_cruzamento,numero_cruzamento,referencia_cruzamento,bairro_cruzamento,tipo,descricao,auto,moto,ciclom,ciclista,pedestre,onibus,caminhao,viatura,outros,vitimas,vitimasfatais,num_semaforo,sentido_via,acidente_verificado,tempo_clima,situacao_semaforo,sinalizacao,condicao_via,conservacao_via,ponto_controle,situacao_placa,velocidade_max_via,mao_direcao,divisao_via1,divisao_via2,divisao_via3,_id,Protocolo
2020-10-08,10:02:00,COM VÍTIMA,FINALIZADA,IPSEP,RUA JAMAICA,3,188,RUA ITAJAI,PROX. DO BANCO ITAÚ- NO RETORNO DA IMBIRIBEIRA BOA VIAGEM. IGREJA PRESBITERIANA DO BRASIL.,,,,IPSEP,COLISÃO FRONTAL,COM VITIMA,2,1,,,,,,,,2,,,CIDADE,Cruzamento,Bom,Não existe,Perfeito estado,Seca,Perfeito estado,Faixa de pedestre,Outras,,Única,Faixa contínua,,,,
2020-10-08,10:33:00,COM VÍTIMA,FINALIZADA,MADALENA,AV JOSE GONCALVES DE MEDEIROS,3,165,,EM FRENTE A LOJA BYE BYE VESTIDOS. LADO OPOSTO À MEU IPHONE ASSISTÊNCIA TÉCNICA.,,,,MADALENA,COLISÃO TRASEIRA,COLISÃO COM VITIMA,1,1,,,,,,,,1,,,CIDADE,Longo da via,Bom,Não existe,Perfeito estado,Seca,Perfeito estado,,R-6a,40 km/h,Dupla,Faixa contínua,Faixa seccionada,,,
2020-10-08,12:26:00,COM VÍTIMA,FINALIZADA,PARNAMIRIM,RUA FERREIRA LOPES,0,,,E/F AO CONSULADO CHINES,,,,PARNAMIRIM,ABALROAMENTO LONGITUDINAL,COLISAO ENTRE AUTO E MOTO COM UMA VITIMA,1,1,,,,,,,,1,,,SUBURBIO,Longo da via,Bom,Não existe,Perfeito estado,Seca,Perfeito estado,Não existe,Outras,30 km/h,Dupla,Faixa seccionada,,,,
2020-10-08,12:49:00,COM VÍTIMA,FINALIZADA,BOA VIAGEM,AV ENGENHEIRO DOMINGOS FERREIRA,4,2600,RUA PROFESSOR JOSE BRANDAO,AO LADO DA FARMACIA INDEPENDENTE,,,,BOA VIAGEM,COLISÃO,COLISAO ENTRE DUAS MOTOS COM UMA VITIMA,,2,,,,,,,,1,,550,,Cruzamento,Bom,Sem defeito,Perfeito estado,Seca,Perfeito estado,Faixa de pedestre,Não há placas,60 km/h,,Canteiro central,,,,
2020-10-09,13:47:00,COM VÍTIMA,FINALIZADA,SANTO ANTONIO,RUA VINTE E QUATRO DE MAIO,2,83,,PROX A AGENCIA DOS CORREIOS,,,,SANTO ANTÔNIO,COLISÃO COM CICLISTA,AUTO E CICLISTA COM VITIMAS,1,,,1,,,,,,1,,,,,,,,,,,,,,,,,,
2020-10-09,17:23:00,COM VÍTIMA,FINALIZADA,BOA VIAGEM,AV CONSELHEIRO AGUIAR,4,2034,RUA PROFESSOR OSIAS RIBEIRO,E/F AO SUPERMECARDO MINUTO,,,,BOA VIAGEM,ABALROAMENTO TRANSVERSAL,COLISAO ENTRE DOIS AUTOS COM VITIMAS,2,,,,,,,,,1,,,SUBURBIO,Cruzamento,Bom,Não existe,,Seca,Perfeito estado,Outros,Outras,,Única,Faixa seccionada,,,,
2020-10-09,19:14:00,COM VÍTIMA,FINALIZADA,CORDEIRO,RUA ODETE MONTEIRO,0,,,PROX AO GOE,,,,CORDEIRO,COLISÃO COM CICLISTA,COLISAO ENTRE MOTO E BICICLETA,,1,,1,,,,,,1,,,CIDADE,Longo da via,Bom,Não existe,Perfeito estado,Seca,Perfeito estado,,Não há placas,,Dupla,Faixa contínua,,,,
2020-10-10,09:25:00,COM VÍTIMA,FINALIZADA,BOA VIAGEM,AV FERNANDO SIMOES BARBOSA,3,266,RUA JACK AYRES,EM FRENTE  AO POSTO DE GASOLINA IPIRANGA. WECON VI EMPRESARIAL CENTER,,,,BOA VIAGEM,ABALROAMENTO LONGITUDINAL,COLISÃO COM VITIMA A ESPERA DO SAMU. UMA DAS PARTES SE EVADIU DO LOCAL DO ACIDENTE.,,1,,,,,,,1,1,,183,SUBURBIO,Longo da via,Bom,Sem defeito,Perfeito estado,Seca,Perfeito estado,Não existe,Outras,,Dupla,Canal,,,,
2020-10-10,16:07:00,COM VÍTIMA,FINALIZADA,ENGENHO DO MEIO,RUA GOVERNADOR LOPO GARRO,3,353,RUA LINDOLFO COLOR,EM FRENTE AO EDIFICIO PARQUE DOS NOBRES,,,,ENGENHO DO MEIO,ABALROAMENTO TRANSVERSAL,COLISÃO COM VÍTIMA,1,1,,,,,,,,1,,,SUBURBIO,Cruzamento,Bom,Não existe,Perfeito estado,Seca,Perfeito estado,Faixa de retenção,Placas Pare,30 km/h,Dupla,Faixa contínua,,,,
2020-10-10,18:50:00,COM VÍTIMA,FINALIZADA,TEJIPIO,AV DR JOSE RUFINO,4,2839,,PRÓX AO TERMINAL DE ÔNIBUS- APÓS A BR. SNT JABOATÃO,,,,TEJIPIÓ,TOMBAMENTO,MOTORISTA CAIU COM A MOTO- DEVIDO AO BURACO NO MEIO DA VIA. SEGUNDO O USUÁRIO- O MESMO LESIONOU CLAVÍCULA E ESTA AGUARDANDO O SAMU.,,1,,,,,,,,1,,,CIDADE,Viaduto,Bom,Sem defeito,Incompleta,Seca,Mal iluminada,Não existe,Outras,,Dupla,Faixa contínua,,,,
2020-10-11,13:26:00,COM VÍTIMA,FINALIZADA,ESPINHEIRO,RUA DO ESPINHEIRO,0,,RUA TAMARA,EM FRENTE AO DROGASIL,,,,ESPINHEIRO,COLISÃO,CARRO X MOTO / CARRO SE EVADIU DO LOCAL,1,1,,,,,,,,1,,,,,,,,,,,,,,,,,,
2020-10-12,09:31:00,COM VÍTIMA,FINALIZADA,BOA VIAGEM,AV ENGENHEIRO DOMINGOS FERREIRA,0,,,LADO OPOSTO AO EXTRA,,,,BOA VIAGEM,ATROPELAMENTO,AUTO E PEDESTRE,1,,,,1,,,,,1,,297,SUBURBIO,Longo da via,Bom,Sem defeito,Perfeito estado,,,Faixa de pedestre,Outras,,Única,Canteiro central,,,,
2020-10-12,13:21:00,COM VÍTIMA,FINALIZADA,IBURA,RUA RIO XINGU,3,923,,APOS A PADARIA ZILDA,,,,IBURA,COLISÃO,COLISAO ENTRE DUAS MOTOS COM DUAS VITIMA,,2,,,,,,,,2,,,,,,,,,,,,,,,,,,
2020-10-12,18:22:00,COM VÍTIMA,FINALIZADA,IPSEP,AV RECIFE,4,2856,,APÓS A ENTRADA DO IBURA. EM FRENTE A SÉRGIO'S MULTIMARCAS,,,,IPSEP,COLISÃO TRASEIRA,COLISÃO COM DUAS MOTOS,,2,,,,,,,,2,,,BR 101,Longo da via,Bom,Não existe,Perfeito estado,Seca,Perfeito estado,Não existe,Não há placas,,Dupla,Canteiro central,,,,
2020-10-12,20:49:00,COM VÍTIMA,FINALIZADA,SAO JOSE,RUA IMPERIAL,3,981,TRV DO RAPOSO,SEMÁFORO 510 / E/F A CM FERRO E AÇO,,,,SÃO JOSÉ,ABALROAMENTO TRANSVERSAL,ENTRE AUTO E MICRO-ÔNIBUS.,1,,,,,1,,,,2,,510,SUBURBIO,Cruzamento,Bom,Sem defeito,Perfeito estado,Seca,Mal iluminada,Faixa de pedestre,,,Única,,,,,
2020-10-13,08:02:00,COM VÍTIMA,FINALIZADA,ENCRUZILHADA,AV JOAO DE BARROS,4,1904,,EM FRENTE AO BRADESCO E ARMAZÉM DE CONSTRUÇÃO CEMAFEL.,,,,ENCRUZILHADA,TOMBAMENTO,ACIDENTE OCORRIDO COM SI RICARDO CAMPOS,,1,,,,,,,,1,,,CIDADE,Longo da via,Bom,Não existe,Perfeito estado,Seca,Perfeito estado,Não existe,Outras,,Única,Faixa seccionada,,,,
2020-10-13,09:56:00,COM VÍTIMA,FINALIZADA,DOIS IRMAOS,RUA MANUEL DE MEDEIROS,3,111,RUA BARAO DO CAPIBARIBE,PROX A ESCOLA LION.,,,,DOIS IRMÃOS,ABALROAMENTO LONGITUDINAL,MOTO E ONIBUS,,1,,,,1,,,,2,,,AV CAXANGÁ,Longo da via,Bom,Não existe,Ilegível,Seca,Perfeito estado,Não existe,Outras,,Dupla,,,,,
2020-10-13,19:58:00,COM VÍTIMA,FINALIZADA,IPSEP,AV RECIFE,0,,AV DOM HELDER CAMARA,EM FRENTE A LOCADORA DE VANS DE RECIFE,,,,IPSEP,ABALROAMENTO TRANSVERSAL,COLIÃO ENTRE AUTO E MOTO C/V- UM DOS CONDUTORES APRESENTA SINTOMAS DE EMBRIAGUEZ,1,1,,,,,,,,1,,16,SUBURBIO,Cruzamento,Bom,Sem defeito,Perfeito estado,Seca,Perfeito estado,Faixa de pedestre,Outras,,Única,Faixa contínua,Faixa seccionada,Canteiro central,,
2020-10-14,08:11:00,COM VÍTIMA,FINALIZADA,SAO JOSE,C SANTA RITA,0,,,LADO OPOSTO AO 16° BATALHÃO.,,,,SÃO JOSÉ,TOMBAMENTO,ACIDENTE DE PERCURSO ENVOLVENDO MOTOCICLISTA,,1,,,,,,,,1,,,CIDADE,Longo da via,Chuvoso,Não existe,Incompleta,Molhada,Perfeito estado,Não existe,R-6a,60 km/h,Única,Canteiro central,,,,
2020-10-14,09:11:00,COM VÍTIMA,FINALIZADA,VARZEA,AV AFONSO OLINDENSE,4,1147,RUA SITIO DOS COQUEIROS,ARMAZEM KIOSK,,,,VÁRZEA,ABALROAMENTO LONGITUDINAL,COM VITIMA,1,1,,,,,,,,1,,,SUBURBIO,Esquina,Chuvoso,Não existe,Perfeito estado,Molhada,Perfeito estado,Não existe,Outras,,Dupla,Faixa contínua,,,,
2020-10-14,13:05:00,COM VÍTIMA,FINALIZADA,JORDAO,RUA DR ALVARO FERRAZ,2,26,,PROXIMO AO SUPERMERCADO KI PREÇO,,,,JORDÃO,ABALROAMENTO LONGITUDINAL,COLISÃO COM VÍTIMA,1,1,,,,,,,,1,,,SUBURBIO,Longo da via,Chuvoso,Não existe,Ilegível,Molhada,Mal iluminada,Não existe,Não há placas,,Única,Não existe,,,,
2020-10-14,13:10:00,COM VÍTIMA,FINALIZADA,ALTO JOSE BONIFACIO,RUA ALTO DA SERRINHA,2,17,,PROX AO TERMINAL,,,,ALTO JOSÉ BONIFÁCIO,COLISÃO FRONTAL,COLISAO ENTRE ONIBUS E MOTO COM UMA VITIMA,,1,,,,1,,,,1,,,SUBURBIO,Longo da via,Bom,Não existe,Perfeito estado,Seca,Perfeito estado,Não existe,Não há placas,,Dupla,Não existe,,,,
2020-10-14,14:13:00,COM VÍTIMA,FINALIZADA,TAMARINEIRA,AV CONS ROSA E SILVA,0,,RUA CONEGO BARATA,EM FRENTE AO SEMÁFORO Nº 61- SENTIDO TAMARINEIRA / CASA AMARELA,,,,TAMARINEIRA,ABALROAMENTO TRANSVERSAL,COLISÃO COM VÍTIMA,1,1,,,,,,,,1,,61,SUBURBIO,Cruzamento,Bom,Sem defeito,Perfeito estado,Seca,Perfeito estado,Faixa de pedestre,R-6a,,Única,Faixa contínua,,,,
2020-10-14,18:41:00,COM VÍTIMA,FINALIZADA,SANTO AMARO,PTE DO LIMOEIRO,0,,,SOBRE A PONTE,,,,SANTO AMARO,COLISÃO TRASEIRA,COLISÃO COM VÍTIMAS- ENVOLVENDO UMA MOTO E UMA CARROÇA,,1,,,,,,,1,2,,,SUBURBIO,Ponte,Bom,Sem defeito,Perfeito estado,,Perfeito estado,,,,,Faixa contínua,,,,
2020-10-14,22:19:00,COM VÍTIMA,FINALIZADA,IPSEP,AV RECIFE,0,,AV SENADOR ROBERT KENNEDY,PROX AO CARLOS FUME E GILVAN DOS PARABRISAS,,,,IPSEP,ABALROAMENTO LONGITUDINAL,SENTIDO PAM DE AREIAS (HOSPITAL),1,1,,,,,,,,1,,319,CIDADE,Longo da via,Bom,Sem defeito,Perfeito estado,Seca,Perfeito estado,Não existe,,,Única,,,,,
2020-10-15,00:29:00,COM VÍTIMA,FINALIZADA,IMBIRIBEIRA,AV MARECHAL MASCARENHAS DE MORAES,0,,,EM FRENTE A FLORART,,,,IMBIRIBEIRA,CHOQUE OBJETO FIXO,VEICULO AQUAPLANOU E CONDUTOR FOI SOCORRIDO PARA UPA,1,,,,,,,,,1,,316,CIDADE,Longo da via,Chuvoso,Sem defeito,Perfeito estado,Molhada,Perfeito estado,Não existe,Não há placas,,Dupla,Canteiro central,,,,
2020-10-15,07:03:00,COM VÍTIMA,FINALIZADA,IPUTINGA,AV CAXANGA,4,4068,,AO LADO DA SUPLANOR,,,,IPUTINGA,ACID. DE PERCURSO,COM UMA VITIMA SAMU NO LOCAL,,1,,,,,,,,1,,,SUBURBIO,,,,,,,,,,,,,,,
2020-10-15,07:32:00,COM VÍTIMA,FINALIZADA,DERBY,RUA JOAQUIM NABUCO,2,92,,EM FRENTE A O HOSPITAL DA RESTAURAÇÃO-NA RAMPA DE ACESSO DO HOSPITAL,,,,DERBY,COLISÃO TRASEIRA,COM UMA VITIMA -SOCORRIDA NO HOSPITAL-GM JOSICARLA E EVANDRO RAMOS PONTO FIXO,1,1,,,,,,,,1,,,SUBURBIO,Longo da via,Chuvoso,Sem defeito,Perfeito estado,Molhada,Perfeito estado,Faixa de pedestre,R-6a,,Única,Faixa seccionada,,,,
2020-10-15,10:34:00,COM VÍTIMA,FINALIZADA,IMBIRIBEIRA,AV MARECHAL MASCARENHAS DE MORAES,4,4900,,EM FRENTE A LOCALIZA,,,,IMBIRIBEIRA,COLISÃO TRASEIRA,DUAS MOTOS COM VÍTIMAS,,2,,,,,,,,2,,531,SUBURBIO,Longo da via,Bom,Sem defeito,Perfeito estado,Seca,Perfeito estado,Faixa de pedestre,,60 km/h,Dupla,Canteiro central,,,,
2020-10-15,12:26:00,COM VÍTIMA,FINALIZADA,VARZEA,AV CAXANGA,0,,,NO CRUZAMENTO DO HOSPITAL SANTA TEREZINHA E DO BOI E BRASA,,,,VÁRZEA,ABALROAMENTO LONGITUDINAL,CORRO X MOTO / AGENTE ANTEOGENES  NO LOCAL,1,1,,,,,,,,2,,230,CIDADE,Longo da via,Bom,Sem defeito,Perfeito estado,Seca,Perfeito estado,Outros,Não há placas,,Única,Não existe,,,,
2020-10-15,13:01:00,COM VÍTIMA,FINALIZADA,BOA VIAGEM,RUA RIO AZUL,0,,RUA BARAO DE SOUZA LEAO,E/F AO SUPERMERCADO TREVO,,,,BOA VIAGEM,ATROPELAMENTO,AUTO E PEDESTRE,1,,,,1,,,,,1,,476,,Longo da via,Bom,Sem defeito,Incompleta,Seca,Perfeito estado,Outros,Não há placas,,Única,Faixa seccionada,,,,
2020-10-15,13:58:00,COM VÍTIMA,FINALIZADA,BOA VISTA,RUA DO HOSPICIO,3,208,AV CONDE DA BOA VISTA,EM FRENTE AO MINI-EXTRA,,,,BOA VISTA,ATROPELAMENTO,MOTO ATROPELOU PEDESTRE,,1,,,1,,,,,1,,23,,Cruzamento,Bom,Sem defeito,Perfeito estado,Seca,Perfeito estado,Faixa de pedestre,Outras,,Única,Não existe,,,,
2020-10-15,15:15:00,COM VÍTIMA,FINALIZADA,IMBIRIBEIRA,AV MARECHAL MASCARENHAS DE MORAES,0,,,PRAÇA MINISTRO SALGADO FILHO. AEROPORTO INTERNACIONAL DO RECIFE.,,,,IMBIRIBEIRA,CHOQUE OBJETO FIXO,PRISMA- SOLICITADO PÓ DE SERRA E ALAVANCA PARA ALINHAR OS PRISMAS. VEÍCULO PERDEU O CONTROLE- CHOCANDO-SE COM OS PRISMAS DE CONCRETO.,1,,,,,,,,,1,,,SUBURBIO,Longo da via,Bom,Sem defeito,Perfeito estado,Seca,Perfeito estado,Não existe,Não há placas,60 km/h,Única,Faixa seccionada,,,,
2020-10-15,16:15:00,COM VÍTIMA,FINALIZADA,AGUA FRIA,RUA CORREGO DO DEODATO,3,375,,PROX A ASSEMBLEIA DE DEUS,,,,ÁGUA FRIA,ABALROAMENTO LONGITUDINAL,COLISÃO MOTO X CARRO,1,1,,,,,,,,1,,,SUBURBIO,Longo da via,Bom,Não existe,Não existente,Seca,Mal conservada,Não existe,Não há placas,,Dupla,Não existe,,,,
2020-10-15,18:25:00,COM VÍTIMA,FINALIZADA,SANTO ANTONIO,RUA IMPERADOR PEDRO SEGUNDO,0,,PRC DEZESSETE,EM FRENTE AO FORÚM THOMAZ DE AQUINO,,,,SANTO ANTÔNIO,ATROPELAMENTO,AUTO E PEDESTRE C/V,1,,,,1,,,,,1,,,,Esquina,Bom,Não existe,Perfeito estado,Seca,Perfeito estado,Não existe,Não há placas,,Única,Faixa contínua,,,,
2020-10-15,18:28:00,COM VÍTIMA,FINALIZADA,IPSEP,AV RECIFE,5,2273B,,EM FRENTE A PIZZARIA ATLÂNTICO,,,,IPSEP,ABALROAMENTO LONGITUDINAL,COLISÃO ENTRE AUTO E MOTO C/V,1,1,,,,,,,,2,,,SUBURBIO,Longo da via,Bom,Sem defeito,Perfeito estado,Seca,Perfeito estado,Não existe,R-6a,,Dupla,Canteiro central,,,,
2020-10-15,18:58:00,COM VÍTIMA,FINALIZADA,BEBERIBE,AV BEBERIBE,4,4355,,AO LADO DA ACADEMINA H5 / PRÓX A LOJA TECNONET,,,,BEBERIBE,COLISÃO TRASEIRA,COLISÃO ENTRE AUTO E MOTO C/V,1,1,,,,,,,,1,,,SUBURBIO,Longo da via,Bom,Não existe,Perfeito estado,Seca,Perfeito estado,Não existe,Não há placas,30 km/h,Dupla,Faixa contínua,,,,
2020-10-15,20:06:00,COM VÍTIMA,FINALIZADA,ARRUDA,AV BEBERIBE,4,1478,,LADO OPOSTO AO CANAL DA CONSTRUÇÃO- PROXIMO DA DOCE SABOR DA N.C,,,,ARRUDA,COLISÃO TRASEIRA,COLISÃO ENTRE DOIS AUTOS E UMA MOTO C/V,2,1,,,,,,,,2,,,SUBURBIO,Longo da via,Bom,Não existe,Perfeito estado,Seca,Perfeito estado,,Não há placas,,Dupla,,,,,
2020-10-16,01:09:00,COM VÍTIMA,FINALIZADA,CAXANGA,AV CAXANGA,0,,RUA RODRIGUES FERREIRA,EM FRENTE A UPA,,,,CAXANGÁ,ABALROAMENTO LONGITUDINAL,ACIDENTE ENTRE MOTO E AUTO,1,1,,,,,,,,1,,232,SUBURBIO,Cruzamento,Bom,Sem defeito,Perfeito estado,Seca,Perfeito estado,Faixa de pedestre,Outras,,Dupla,Canteiro central,,,,
2020-10-16,07:31:00,VÍTIMA FATAL,FINALIZADA,PRADO,RUA CARLOS GOMES,0,,RUA HERCULES FLORENCE,EM FRENTE AO HOSPITAL NOSSA SENHORA DO Ó,,,,PRADO,ABALROAMENTO TRANSVERSAL,COLISÃO COM 1 VITIMA FATAL E OUTRA SOCORRIDA PELA SAMU,1,1,,,,,,,,1,1,,SUBURBIO,Cruzamento,Bom,Não existe,Incompleta,Seca,Perfeito estado,Não existe,Outras,40 km/h,Única,Faixa seccionada,Canteiro central,,,
2020-10-16,11:39:00,COM VÍTIMA,FINALIZADA,CASA AMARELA,AV NORTE,4,4681,RUA RODRIGUES SETE,AO LADO DA TOTAL CAR,,,,CASA AMARELA,ABALROAMENTO LONGITUDINAL,COLISÃO COM VITIMA,,2,,,,,,,,1,,,CIDADE,Esquina,Bom,Não existe,Perfeito estado,Seca,Perfeito estado,,Outras,,Dupla,Canteiro central,,,,
2020-10-16,11:54:00,COM VÍTIMA,FINALIZADA,CASA FORTE,AV DEZESSETE DE AGOSTO,3,939,,LADO OPOSTO A PZZARIA HURT,,,,CASA FORTE,COLISÃO TRASEIRA,COLISÃO COM VITIMA,1,1,,,,,,,,1,,,SUBURBIO,Longo da via,Bom,Não existe,Perfeito estado,Seca,Perfeito estado,Não existe,Outras,,Dupla,Faixa contínua,,,,
2020-10-16,12:24:00,COM VÍTIMA,FINALIZADA,VARZEA,AV CAXANGA,0,,RUA GASTAO VIDIGAL,LADO OPOSTO DA UPA/ SENTIDO CIDADE,,,,VÁRZEA,ABALROAMENTO TRANSVERSAL,COLISÃO COM VÍTIMA,1,1,,,,,,,,1,,,CIDADE,Cruzamento,Bom,Sem defeito,Incompleta,Seca,Perfeito estado,Agente,Não há placas,60 km/h,Única,Faixa contínua,Canteiro central,,,
2020-10-16,13:00:00,COM VÍTIMA,FINALIZADA,PINA,RUA JEMIL ASFORA,2,23,,POR TRÁS DO SHOPPING RIOMAR,,,,PINA,ABALROAMENTO LONGITUDINAL,COLISAO ENTRE CAMINHAO E MOTO,,1,,,,,1,,,1,,,,Longo da via,Bom,Não existe,Ilegível,Seca,Perfeito estado,Não existe,Outras,,Única,Não existe,,,,
2020-10-16,13:06:00,COM VÍTIMA,FINALIZADA,PINA,AV HERCULANO BANDEIRA,0,,,EM FRENTE A IGREJINHA DO PINA,,,,PINA,ABALROAMENTO LONGITUDINAL,ACIDENTE ENTRE MOTO E AUTO,1,1,,,,,,,,1,,137,SUBURBIO,Longo da via,Bom,Sem defeito,Perfeito estado,Seca,Perfeito estado,Faixa de pedestre,Não há placas,,Única,Faixa seccionada,,,,
2020-10-16,15:59:00,COM VÍTIMA,FINALIZADA,ILHA JOANA BEZERRA,AV GOVERNADOR AGAMENON MAGALHAES,0,,,EM FRENTE AO FORUM JOANA BEZERRA,,,,JOANA BEZERRA,ABALROAMENTO LONGITUDINAL,COLISÃO COM VÍTIMA ENTRE AUTO E MOTO.,1,1,,,,,,,,1,,,SUBURBIO,Longo da via,Bom,Não existe,Perfeito estado,Seca,Perfeito estado,Não existe,R-6a,60 km/h,Dupla,Canteiro central,,,,
2020-10-16,19:36:00,COM VÍTIMA,FINALIZADA,GUABIRABA,AV DA RECUPERACAO,4,1032,RUA TRES MORROS,PROXIMO AO RECANTO DO LAU/ APÓS O A UPINHA,,,,GUABIRABA,ABALROAMENTO LONGITUDINAL,COLISÃO COM VÍTIMA,2,1,,,,,,,,1,,,SUBURBIO,Longo da via,Bom,Não existe,Incompleta,Seca,Mal iluminada,Não existe,,,Dupla,Faixa seccionada,,,,
2020-10-16,20:45:00,COM VÍTIMA,FINALIZADA,PARNAMIRIM,EST DO ARRAIAL,4,2949,,PRÓX AO CRUZAMENTO QUE DA NO HOSPITAL AGAMENON. COLÉGIO REINO MÁGICO.,,,,PARNAMIRIM,CHOQUE OBJETO FIXO,VEÍCULO CHOCOU-SE CONTRA O MURO LOCAL. C/V,1,,,,,,,,,1,,446,SUBURBIO,Longo da via,Bom,Sem defeito,Perfeito estado,Seca,Perfeito estado,Faixa de pedestre,Outras,,Única,Faixa seccionada,,,,
2020-10-17,09:02:00,COM VÍTIMA,FINALIZADA,JARDIM SAO PAULO,AV RECIFE,4,5460,,,,,,JARDIM SÃO PAULO,COLISÃO TRASEIRA,COM VÍTIMA,,1,,,,,1,,,1,,,SUBURBIO,Longo da via,Bom,Não existe,Perfeito estado,Seca,Perfeito estado,,Não há placas,,Única,Faixa seccionada,,,,
2020-10-17,12:59:00,COM VÍTIMA,FINALIZADA,ESPINHEIRO,AV CONS ROSA E SILVA,0,,RUA CONFEDERACAO DO EQUADOR,EM FRENTE AO HOSPITAL DOS SERVIDORES DO ESTADO.,,,,ESPINHEIRO,ABALROAMENTO LONGITUDINAL,COLISÃO COM VÍTIMA,1,1,,,,,,,,1,,,SUBURBIO,Cruzamento,Bom,Sem defeito,Perfeito estado,Seca,Perfeito estado,Não existe,R-6a,60 km/h,Única,Faixa seccionada,,,,
2020-10-17,15:23:00,COM VÍTIMA,FINALIZADA,IBURA,AV DOIS RIOS,3,985,,EM FRENTE A FARMACIA PAGUE MENOS,,,,IBURA,ABALROAMENTO TRANSVERSAL,MOTO X CARRO,1,1,,,,,,,,2,,323,SUBURBIO,Longo da via,Bom,Sem defeito,Perfeito estado,Seca,Perfeito estado,Faixa de pedestre,Não há placas,60 km/h,Dupla,Faixa contínua,,,,
2020-10-17,15:57:00,COM VÍTIMA,FINALIZADA,TEJIPIO,AV DR JOSE RUFINO,4,3538,,AO LADO DO ARMAZEM CORAL,,,,TEJIPIÓ,CHOQUE OBJETO FIXO,CHOQUE EM POSTE DE ENERGIA ELÉTRICA. UMA VÍTIMA.,1,,,,,,,,,1,,,,Longo da via,Bom,Não existe,Incompleta,Seca,Perfeito estado,Não existe,Não há placas,,Dupla,Faixa contínua,,,,
2020-10-18,08:28:00,COM VÍTIMA,FINALIZADA,SAN MARTIN,AV GENERAL SAN MARTIN,2,74,RUA FLORA RICA,PROX A ESCOLA ADVENTISTA,,,,SAN MARTIN,ABALROAMENTO LONGITUDINAL,COLISÃO COM VITIMA  ANDRE PINHEIRO VT 10 QTH,1,1,,,,,,,,1,,,CIDADE,Cruzamento,Bom,Não existe,Perfeito estado,Seca,Perfeito estado,Não existe,Outras,40 km/h,Dupla,Faixa contínua,Faixa seccionada,,,
2020-10-18,13:03:00,COM VÍTIMA,FINALIZADA,RECIFE,C DO APOLO,0,,,EM FRENTE AO TRIBUNAL REGIONAL FEDERAL,,,,BAIRRO DO RECIFE,ABALROAMENTO LONGITUDINAL,COLISÃO COM VÍTIMA- ENVOLVENDO AUTO E MOTO,1,1,,,,,,,,1,,,CIDADE,Longo da via,Bom,Não existe,Perfeito estado,Seca,Perfeito estado,Não existe,Outras,60 km/h,Dupla,Faixa seccionada,Canteiro central,,,
2020-10-19,08:30:00,COM VÍTIMA,FINALIZADA,AFOGADOS,RUA DA PAZ,3,396,,EM FRENTE AO BANCO ITAU,,,,AFOGADOS,ATROPELAMENTO,ATROPELAMENTO AUTO E PEDESTRE,1,,,,1,,,,,1,,,SUBURBIO,Longo da via,Bom,Sem defeito,Incompleta,Seca,Perfeito estado,Faixa de pedestre,R-6a,,Única,Faixa seccionada,,,,
2020-10-19,09:34:00,COM VÍTIMA,FINALIZADA,SAN MARTIN,AV GENERAL SAN MARTIN,4,1208,AV ENGENHEIRO ABDIAS DE CARVALHO,,,,,SAN MARTIN,COLISÃO FRONTAL,COM UMA VITIMA SOCORRIDA /CTTU NO LOCAL-GM GILSON MELO,1,1,,,,,,,,1,,58,NORTE/SUL,Longo da via,Bom,Sem defeito,Perfeito estado,Seca,Perfeito estado,Agente,Outras,,Dupla,Faixa contínua,,,,
2020-10-19,14:28:00,COM VÍTIMA,FINALIZADA,CAMPO GRANDE,AV GOVERNADOR AGAMENON MAGALHAES,0,,,E/F AO SHOPPING TACARUNA,,,,CAMPO GRANDE,CAPOTAMENTO,AUTO CAPOTOU,1,,,,,,,,,1,,,RECIFE,,,,,,,,,,,,,,,