data,hora,natureza_acidente,situacao,bairro,endereco,,numero,detalhe_endereco_acidente,complemento,endereco_cruzamento,numero_cruzamento,referencia_cruzamento,bairro_cruzamento,tipo,descricao,auto,moto,ciclom,ciclista,pedestre,onibus,caminhao,viatura,outros,vitimas,vitimasfatais,num_semaforo,sentido_via,acidente_verificado,tempo_clima,situacao_semaforo,sinalizacao,condicao_via,conservacao_via,ponto_controle,situacao_placa,velocidade_max_via,mao_direcao,divisao_via1,divisao_via2,divisao_via3,_id,Protocolo
2020-10-19,15:14:00,COM VÍTIMA,FINALIZADA,BOA VIAGEM,AV CONSELHEIRO AGUIAR,4,1851,RUA JORNALISTA FRANCISCO ALMEIDA,NO CRUZAMENTO MESMO,,,,BOA VIAGEM,ABALROAMENTO LONGITUDINAL,COLISAO ENTRE AUTO E MOTO COM VITIMAS,1,1,,,,,,,,2,,,CIDADE,Longo da via,Bom,Não existe,Perfeito estado,Seca,,,Outras,,Única,Faixa contínua,Faixa seccionada,,,
2020-10-20,09:49:00,COM VÍTIMA,FINALIZADA,BOA VIAGEM,RUA PROFESSOR JOAO MEDEIROS,3,311,RUA ERNESTO DE PAULA SANTOS,POR TRAS DA DELEGACIA DE BOA VIAGEM,,,,BOA VIAGEM,COLISÃO TRASEIRA,COLISÃO COM VITIMA A ESPERA DO SAMU- ENTRE AUTO E MOTO.,1,1,,,,,,,,1,,,CIDADE,Longo da via,Bom,Não existe,Perfeito estado,Seca,Perfeito estado,Não existe,Outras,,Única,Faixa seccionada,,,,
2020-10-20,10:10:00,COM VÍTIMA,FINALIZADA,ESPINHEIRO,RUA SANTO ELIAS,0,,RUA DO ESPINHEIRO,EM FRENTE AO POSTO DE GASOLINA IPIRANGA,,,,ESPINHEIRO,ABALROAMENTO TRANSVERSAL,COLISÃO COM VITIMA VT 13 QTH,1,1,,,,,,,,1,,,CIDADE,Cruzamento,Bom,Não existe,Incompleta,Seca,Perfeito estado,Faixa de pedestre,R-6a,,Única,Não existe,,,,
2020-10-20,10:10:00,COM VÍTIMA,FINALIZADA,IMBIRIBEIRA,RUA ITACARI,3,301,RUA ITAJAI,JUNTO A LOJA YNOVE- ESQUINA DO BANCO ITAU,,,,IMBIRIBEIRA,ABALROAMENTO LONGITUDINAL,COM VITIMA- SAMU JA ESTA NO LOCAL,1,1,,,,,,,,1,,,CIDADE,Cruzamento,Bom,Não existe,Perfeito estado,Seca,Perfeito estado,Faixa de pedestre,Placas Pare,40 km/h,Dupla,Faixa seccionada,,,,
2020-10-20,13:47:00,COM VÍTIMA,FINALIZADA,ILHA JOANA BEZERRA,AV CENTRAL,0,,,E/F A ESTAÇAO JOANA BEZERRA NA SAIDA DOS ONIBUS. AO LADO DO TERMINAL INTEGRADO.,,,,JOANA BEZERRA,COLISÃO FRONTAL,COLISAO ENTRE ONIBUS -MOTO E CARROÇA,,1,,,,1,,,1,1,,,,Longo da via,Bom,Não existe,Não existente,Seca,Perfeito estado,Não existe,Não há placas,,Única,Não existe,,,,
2020-10-20,17:35:00,COM VÍTIMA,FINALIZADA,BOA VIAGEM,AV CONSELHEIRO AGUIAR,4,2610,,E/F AO ATACADAO MEC BATEDOR NA MOTO 08/39/06/35. TECNO HOUSE.,,,,BOA VIAGEM,COLISÃO TRASEIRA,COLISAO ENTRE AUTO E MOTO COM UMA VITIMA,1,1,,,,,,,,1,,,,Longo da via,Bom,Não existe,Perfeito estado,Seca,Perfeito estado,Não existe,Outras,60 km/h,Única,Faixa contínua,Faixa seccionada,,,
2020-10-20,18:27:00,COM VÍTIMA,FINALIZADA,BEBERIBE,AV BEBERIBE,4,3195,,EM FRENTE A GALERIA CAJUEIRO E MARRON CAPOTARIA.,,,,BEBERIBE,ABALROAMENTO LONGITUDINAL,COLISAO SEGUIDA DE COLISÃO COM CICLISTA ENTRE CAMINHAO SANDEIRO E CICLISTA OBS : BOMBEIRO E SAMU NO LOCAL.,1,,,1,,,1,,,1,,,CIDADE,Longo da via,Bom,Não existe,Incompleta,Seca,Perfeito estado,Não existe,R-19,50 km/h,Única,Faixa seccionada,,,,
2020-10-20,21:49:00,COM VÍTIMA,FINALIZADA,IMBIRIBEIRA,RUA ITACARI,3,301,RUA ITAJAI,EM FRENTE A EMPRESA YNOVE,,,,IMBIRIBEIRA,ABALROAMENTO TRANSVERSAL,GOL BRANCO X MOTO  OBS: VITIMA RESGATADA PELO SAMU,1,1,,,,,,,,2,,,CIDADE,Cruzamento,Bom,Não existe,Perfeito estado,Seca,Perfeito estado,Faixa de pedestre,Placas Pare,40 km/h,Única,Faixa contínua,,,,
2020-10-21,07:27:00,COM VÍTIMA,FINALIZADA,IMBIRIBEIRA,AV MARECHAL MASCARENHAS DE MORAES,4,2716,,EM FRENTE AO GERALDAO E INTER HOTEL,,,,IMBIRIBEIRA,ABALROAMENTO TRANSVERSAL,AUTO E MOTO,1,1,,,,,,,,1,,290,SUBURBIO,Cruzamento,Bom,Intermitente,Perfeito estado,Seca,Perfeito estado,Faixa de retenção,Não há placas,,Dupla,Canteiro central,,,,
2020-10-21,13:03:00,COM VÍTIMA,FINALIZADA,IMBIRIBEIRA,AV MARECHAL MASCARENHAS DE MORAES,4,4080,,EM FRENTE AO VENEZA AO MATERIAL DE CONSTRUÇAO,,,,IMBIRIBEIRA,ABALROAMENTO TRANSVERSAL,COLISÃO CARRO X MOTO,1,1,,,,,,,,1,,310,SUBURBIO,Cruzamento,Bom,Sem defeito,Perfeito estado,Seca,Perfeito estado,Outros,,60 km/h,Dupla,,,,,
2020-10-21,15:10:00,COM VÍTIMA,FINALIZADA,IPSEP,AV RECIFE,4,1600,AV PRESIDENTE KENNEDY,PROX A PONTE DO CAÇOTE. LADO OPOSTO AO NÚMERO INFORMADO.,,,,IPSEP,COLISÃO TRASEIRA,COLISAO ENTRE AUTO E MOTO COM VITIMA,1,1,,,,,,,,1,,212,BR 101,Esquina,Bom,Sem defeito,Perfeito estado,Seca,Perfeito estado,Outros,Outras,60 km/h,Dupla,Canteiro central,,,,
2020-10-21,17:22:00,COM VÍTIMA,FINALIZADA,MADALENA,RUA REAL DA TORRE,0,,RUA JOSE OSORIO,,,,,MADALENA,ATROPELAMENTO,CICLISTA COM SUSPEITA DE EMBRIAGUEZ ATROPELOU UM PEDESTRE. A EQUIPE ESTÁ NO APOIO DO SOCORRO.,,,,1,2,,,,,3,,179,SUBURBIO,Cruzamento,Bom,Sem defeito,Perfeito estado,,,Faixa de pedestre,,,,,,,,
2020-10-21,21:30:00,COM VÍTIMA,FINALIZADA,VARZEA,RUA EMILIANO BRAGA,0,,AV PROFESSOR MORAES REGO,AO LADO DO TERMINAL INTEGRADO CDU.,,,,VÁRZEA,ABALROAMENTO LONGITUDINAL,COLISÃO ENTRE ÔNIBUS E MOTO- C/V,,1,,,,1,,,,1,,,SUBURBIO,Esquina,Bom,Não existe,Perfeito estado,Seca,Perfeito estado,Não existe,Não há placas,,Única,Não existe,,,,
2020-10-22,07:01:00,COM VÍTIMA,FINALIZADA,GRACAS,AV RUI BARBOSA,4,1104,,EM FRENTE AO COLEGIO MARISTA SÃO LUIZ.,,,,GRAÇAS,ABALROAMENTO LONGITUDINAL,COLISÃO COM VITIMA,,1,,,,1,,,,1,,,CIDADE,Longo da via,Chuvoso,Não existe,Perfeito estado,Seca,Perfeito estado,Não existe,R-6a,,Única,Faixa seccionada,,,,
2020-10-22,08:21:00,COM VÍTIMA,FINALIZADA,AREIAS,AV DR JOSE RUFINO,4,2537,,IGREJA DO BARRO,,,,AREIAS,COLISÃO,COM VITIMAS/ SAMU NO LOCAL,1,1,,,,,,,,1,,,CIDADE,,,,,,,,,,,,,,,
2020-10-22,13:59:00,COM VÍTIMA,FINALIZADA,AFOGADOS,RUA SAO MIGUEL,4,1331,RUA DR ROBENILDO ROCHA LEAO,PROX AO PARAISO DO PET,,,,AFOGADOS,ABALROAMENTO TRANSVERSAL,COLISAO ENTRE AUTO E MOTO COM UMA VITIMA,1,1,,,,,,,,1,,,SUBURBIO,Cruzamento,Bom,Não existe,Perfeito estado,Seca,Perfeito estado,Não existe,Não há placas,60 km/h,Dupla,Faixa contínua,Faixa seccionada,,,
2020-10-22,18:48:00,COM VÍTIMA,FINALIZADA,DOIS IRMAOS,RUA DOIS IRMAOS,0,,AV DA RECUPERACAO,SOB O VIADUTO DE DOIS IRMÃOS,,,,DOIS IRMÃOS,CHOQUE OBJETO FIXO,VIATURA DA POLICIA MILITAR CHOCOU-SE CONTRA UM POSTE - C/VITIMA,,,,,,,,1,,2,,416,CIDADE,Longo da via,Bom,Sem defeito,Perfeito estado,Seca,Perfeito estado,Não existe,R-6a,,Dupla,Faixa contínua,,,,
2020-10-23,08:44:00,COM VÍTIMA,FINALIZADA,ALTO JOSE DO PINHO,AV NORTE,4,4660,,LADO OPOSTO AO ARMAZÉM CORAL.,,,,ALTO JOSÉ DO PINHO,COLISÃO TRASEIRA,3 AUTOS E UMA MOTO.,3,1,,,,,,,,1,,,SUBURBIO,Longo da via,Bom,Não existe,Perfeito estado,Seca,Perfeito estado,Não existe,R-6a,60 km/h,Única,Faixa contínua,,,,
2020-10-23,09:01:00,COM VÍTIMA,FINALIZADA,VARZEA,RUA GENERAL POLIDORO,0,,RUA AGRICOLANDIA,,,,,VÁRZEA,ATROPELAMENTO,ÔNIBUS E PEDESTRE.,,,,,1,1,,,,1,,577,,Cruzamento,Bom,Sem defeito,Perfeito estado,Seca,Perfeito estado,Faixa de pedestre,Outras,,Dupla,Faixa contínua,,,,
2020-10-23,10:02:00,COM VÍTIMA,FINALIZADA,MADALENA,RUA REAL DA TORRE,4,1201,RUA CONDE DE IRAJA,PRÓXIMO AO SUPERMERCADO EXTRABOM.,,,,MADALENA,COLISÃO TRASEIRA,AUTO E MOTO.,1,1,,,,,,,,1,,106,SUBURBIO,Longo da via,Bom,Sem defeito,Perfeito estado,Seca,Perfeito estado,Faixa de pedestre,R-6a,,Única,Faixa seccionada,,,,
2020-10-23,10:39:00,COM VÍTIMA,FINALIZADA,ARRUDA,AV BEBERIBE,0,,AV PROFESSOR JOSE DOS ANJOS,,,,,ARRUDA,CHOQUE VEÍCULO PARADO,COLISÃO ENTRE AUTO E MOTOCICLETA,1,1,,,,,,,,1,,131,SUBURBIO,Longo da via,Bom,Sem defeito,Perfeito estado,Seca,Perfeito estado,Faixa de pedestre,R-6a,,Dupla,Faixa seccionada,,,,
2020-10-23,12:31:00,COM VÍTIMA,FINALIZADA,CAMPO GRANDE,RUA PRUDENTE DE MORAES,3,158,RUA CARLOS FERNANDES,ULTRAGÁS.,,,,CAMPO GRANDE,ABALROAMENTO TRANSVERSAL,DOIS AUTOS,2,,,,,,,,,3,,,CIDADE,Cruzamento,Bom,Não existe,Perfeito estado,Seca,Perfeito estado,Faixa de retenção,Placas Pare,30 km/h,Dupla,Faixa seccionada,,,,
2020-10-23,13:36:00,COM VÍTIMA,FINALIZADA,BOA VIAGEM,AV DOM JOAO VI,0,,RUA PEDRO PAES DE MENDONCA,POR TRÁS DO BIG BOMPRECO DE BOA VIAGEM.,,,,BOA VIAGEM,ABALROAMENTO LONGITUDINAL,COLISAO ENVOLVENDO AUTO E MOTO COM VITIMA,1,1,,,,,,,,1,,543,CIDADE,Cruzamento,Bom,Sem defeito,Perfeito estado,Seca,Perfeito estado,Faixa de pedestre,Não há placas,60 km/h,Dupla,Faixa seccionada,,,,
2020-10-23,16:29:00,COM VÍTIMA,FINALIZADA,TAMARINEIRA,AV CONS ROSA E SILVA,4,1829,,EM FRENTE AO EDF. TABOCAS,,,,TAMARINEIRA,CHOQUE OBJETO FIXO,CICLISTA PERDEU O CONTROLE DA BICICLETA E COLIDIU NO POSTE.,,,,1,,,,,,1,,,SUBURBIO,Longo da via,Bom,Não existe,Perfeito estado,Seca,Perfeito estado,Não existe,Não há placas,,Única,Faixa seccionada,,,,
2020-10-23,23:37:00,COM VÍTIMA,FINALIZADA,SANTO AMARO,VDO ENG ROBERTO PEREIRA DE CARVALHO,0,,,EM CIMA DO VIADUTO PROXIMO AO SHOPPING TACARUNA.,,,,SANTO AMARO,COLISÃO TRASEIRA,VEICULOS SOBRE VIADUTO,2,,,,,,,,,1,,,SUBURBIO,Viaduto,Bom,Não existe,Perfeito estado,Seca,Perfeito estado,Não existe,Não há placas,,Única,Faixa seccionada,,,,
2020-10-24,11:07:00,COM VÍTIMA,FINALIZADA,MADALENA,RUA CARLOS GOMES,3,125,RUA GOMES TABORDA,EM FRENTE AO EDIFICIO JOAQUIM BANDEIRA,,,,MADALENA,ABALROAMENTO LONGITUDINAL,COLISÃO COM VITIMA A ESPERA DO SAMU,1,1,,,,,,,,1,,348,CIDADE,Longo da via,Bom,Sem defeito,Perfeito estado,Seca,Perfeito estado,Não existe,R-6a,,Dupla,Faixa seccionada,,,,
2020-10-24,12:13:00,COM VÍTIMA,FINALIZADA,CAMPINA DO BARRETO,AV POETA VINICIUS DE MORAIS,2,32,,SENTIDO CAMPO GRANDE /LADO OPOSTO A ASSEMBLEIA DE DEUS,,,,CAMPINA DO BARRETO,ATROPELAMENTO,COM VÍTIMA,,1,,,1,,,,,2,,,SUBURBIO,Longo da via,Bom,Não existe,Perfeito estado,Seca,Perfeito estado,Não existe,Não há placas,,Dupla,Faixa seccionada,,,,
2020-10-24,13:06:00,COM VÍTIMA,FINALIZADA,SANTO AMARO,AV NORTE,0,,,COLISAO SOBRE O VIADUTO PRESIDENTE MÉDICI.,,,,SANTO AMARO,COLISÃO TRASEIRA,VT 13 NO LOCAL,,1,,,,1,,,,1,,,CIDADE,Viaduto,Bom,Não existe,Perfeito estado,Seca,Perfeito estado,Não existe,Não há placas,,Dupla,Faixa seccionada,,,,
2020-10-24,14:49:00,COM VÍTIMA,FINALIZADA,PRADO,AV ENGENHEIRO ABDIAS DE CARVALHO,3,289,RUA JOAO IVO DA SILVA,HABIB'S.,,,,PRADO,ABALROAMENTO LONGITUDINAL,INFORMAÇÕES COLHIDAS NO LOCAL PELOS AGENTES - QUE O OUTRO VEÍCULO EVADIU-SE.,,1,,,,,,,,1,,132,,Longo da via,Bom,Sem defeito,Perfeito estado,Seca,Perfeito estado,Faixa de pedestre,Outras,,Dupla,Faixa contínua,Faixa seccionada,Canteiro central,,
2020-10-24,16:29:00,COM VÍTIMA,FINALIZADA,ESPINHEIRO,AV GOVERNADOR AGAMENON MAGALHAES,0,,RUA BUENOS AYRES,EM FRENTE AO BANCO DO NORDESTE,,,,ESPINHEIRO,COLISÃO TRASEIRA,COLISÃO COM VÍTIMA,3,,,,,,,,,2,,78,,Longo da via,Bom,Sem defeito,Perfeito estado,Seca,Perfeito estado,Faixa de retenção,,,Dupla,Outros,,,,
2020-10-24,17:17:00,COM VÍTIMA,FINALIZADA,ENGENHO DO MEIO,RUA ANTONIO CURADO,0,,AV MUCIO UCHOA CAVALCANTE,EM FRENTE AO BOM PASTOR,,,,ENGENHO DO MEIO,ABALROAMENTO LONGITUDINAL,COLISÃO COM VÍTIMA,1,1,,,,,,,,2,,,,Cruzamento,Bom,Não existe,Ilegível,Seca,Perfeito estado,Faixa de retenção,Não há placas,40 km/h,Dupla,Faixa seccionada,,,,
2020-10-24,19:39:00,COM VÍTIMA,FINALIZADA,IPUTINGA,AV MAURICIO DE NASSAU,0,,,PROX A LOMBADA ELETRONICA,,,,IPUTINGA,ATROPELAMENTO,PEDESTRE X MOTO,,1,,,2,,,,,3,,,SUBURBIO,Longo da via,Bom,Não existe,Ilegível,Seca,Mal conservada,Não existe,,,Dupla,Não existe,,,,
2020-10-25,10:00:00,COM VÍTIMA,FINALIZADA,TEJIPIO,RUA FALCAO DE LACERDA,3,387,RUA QUINZE DE NOVEMBRO,EM FRENTE AO CARTORIO DE TEJIPIO. LADO OPOSTO A MAXICLÍNICA MÉDICA AQUI DOUTOR.,,,,TEJIPIÓ,ABALROAMENTO LONGITUDINAL,COM UMA VITIMA AGUARDANDO SAMU,2,,,,,,,,,1,,285,SUBURBIO,Longo da via,Bom,Sem defeito,Perfeito estado,Seca,Perfeito estado,Não existe,Outras,,Dupla,Faixa contínua,,,,
2020-10-27,09:00:00,COM VÍTIMA,FINALIZADA,VASCO DA GAMA,RUA VASCO DA GAMA,3,208,,SESI DO VASCO DA GAMA,,,,VASCO DA GAMA,ABALROAMENTO TRANSVERSAL,COM VÍTIMA- AUTOMÓVEL EVADIU-SE,1,1,,,,,,,,2,,,SUBURBIO,Cruzamento,Bom,Não existe,Incompleta,Seca,Perfeito estado,Não existe,Placas Pare,30 km/h,Dupla,Não existe,,,,
2020-10-27,11:00:00,COM VÍTIMA,FINALIZADA,ILHA DO RETIRO,RUA SPORT CLUBE DO RECIFE,0,,,LADO OPOSTO AO ESTÁDIO DO SPORT.,,,,ILHA DO RETIRO,COLISÃO TRASEIRA,COM UMA VITIMA AGUARDANDO SAMU,1,1,,,,,,,,1,,367,SUBURBIO,Longo da via,Bom,Sem defeito,Perfeito estado,Seca,Perfeito estado,Faixa de pedestre,Não há placas,,Dupla,Canteiro central,,,,
2020-10-27,11:00:00,COM VÍTIMA,FINALIZADA,CORDEIRO,AV CAXANGA,4,1417,,EM FRENTE A IGREJA DE SÃO SEBASTIÃO,,,,CORDEIRO,COLISÃO COM CICLISTA,ÔNIBUS E BICICLETA,1,,,1,,,,,,1,,,CIDADE,Longo da via,Bom,Não existe,Perfeito estado,Seca,Perfeito estado,Não existe,Não há placas,60 km/h,Dupla,Canteiro central,,,,
2020-10-27,21:47:00,COM VÍTIMA,FINALIZADA,PINA,AV BOA VIAGEM,0,,,PÓLO PINA,,,,PINA,ATROPELAMENTO,MOTO E PEDESTRE.,,1,,,1,,,,,2,,104,CIDADE,Longo da via,Bom,Sem defeito,Perfeito estado,Seca,Mal iluminada,Faixa de pedestre,Outras,60 km/h,Única,Faixa contínua,,,,
2020-10-28,07:14:00,COM VÍTIMA,FINALIZADA,DERBY,AV GOVERNADOR AGAMENON MAGALHAES,0,,,EM FRENTE AO HOSPITAL MEMORIAL SÃO JOSE- SENT. BOA VIAGEM. EM FRENTE AO CERPE.,,,,DERBY,TOMBAMENTO,AUTO E MOTO C/V.,1,1,,,,,,,,1,,,CIDADE,Longo da via,Bom,Não existe,Perfeito estado,Seca,Perfeito estado,Não existe,Outras,60 km/h,Dupla,Faixa contínua,Faixa seccionada,,,
2020-10-28,12:32:00,COM VÍTIMA,FINALIZADA,IMBIRIBEIRA,RUA BARAO DE AGUA BRANCA,3,376,RUA DUQUE ESTRADA,EM FRENTE AO ESPETINHO DO CHEFE E A POUSADA SOL E MAR,,,,IMBIRIBEIRA,ABALROAMENTO TRANSVERSAL,COLISÃO COM VÍTIMA,2,,,,,,,,,1,,,CIDADE,Cruzamento,Bom,Não existe,Incompleta,Seca,Perfeito estado,Não existe,Placas Pare,,Dupla,Não existe,,,,
2020-10-28,14:12:00,COM VÍTIMA,FINALIZADA,VASCO DA GAMA,RUA VASCO DA GAMA,2,95,,NA RUA DO SESI DO VASCO AO LADO DO CONSUTORIO ODONTOLOGICO DRA CAROLINA ARTEIRO.,,,,VASCO DA GAMA,COLISÃO FRONTAL,COLISAO ENTRE AUTO E MOTO COM UMA VITIMA,1,1,,,,,,,,1,,,CIDADE,Longo da via,Bom,Não existe,Perfeito estado,Seca,Perfeito estado,Não existe,Outras,,Dupla,Não existe,,,,
2020-10-28,17:30:00,COM VÍTIMA,FINALIZADA,SANTO AMARO,AV CRUZ CABUGA,0,,,EM FRENTE AO TACARUNA / SENTIDO OLINDA E AO POSTE B030809.,,,,SANTO AMARO,ATROPELAMENTO,ATROPELAMENTO COM VÍTIMA ENTRE ÔNIBUS E PEDESTRE.,,,,,1,1,,,,1,,,SUBURBIO,Longo da via,Bom,Sem defeito,Perfeito estado,Seca,Perfeito estado,Outros,Não há placas,,Dupla,Canteiro central,,,,
2020-10-28,17:55:00,COM VÍTIMA,FINALIZADA,CASA AMARELA,RUA MAJOR NEREU GUERRA,3,236,,EM FRENTE AO COLÉGIO PADRE MACHADO,,,,CASA AMARELA,CHOQUE OBJETO FIXO,MOTO ACABOU SE CHOCANDO CONTRA O POSTE. CONDUTOR VITIMADO ESTA DESACORDADO. C/V,,1,,,,,,,,1,,,,,,,,,,,,,,,,,,
2020-10-28,20:56:00,COM VÍTIMA,FINALIZADA,DERBY,RUA JENER DE SOUZA,0,,PRC DO DERBY,E/F A PRC DO DERBY E QUARTEL // VT 25 NO LOCAL,,,,DERBY,ABALROAMENTO TRANSVERSAL,ÕNIBUS X MOTO. C/V,1,1,,,,,,,,2,,40,CIDADE,Cruzamento,Bom,Sem defeito,Perfeito estado,Seca,Perfeito estado,Faixa de pedestre,R-4b,50 km/h,Única,Canteiro central,,,,
2020-10-29,08:03:00,COM VÍTIMA,FINALIZADA,PORTO DA MADEIRA,AV BEBERIBE,0,,RUA DALVA DE OLIVEIRA,SENAI.,,,,PORTO DA MADEIRA,ABALROAMENTO TRANSVERSAL,MOTO E AUTO,1,1,,,,,,,,1,,575,SUBURBIO,Cruzamento,Bom,Sem defeito,Perfeito estado,Seca,Perfeito estado,Faixa de pedestre,R-6a,60 km/h,Dupla,Faixa contínua,,,,
2020-10-29,10:55:00,COM VÍTIMA,FINALIZADA,CASA AMARELA,EST DO ARRAIAL,4,3480,,EM FRENTE A IGREJA HARMONIA,,,,CASA AMARELA,ATROPELAMENTO,MOTO E PEDESTRE.,,1,,,1,,,,,1,,,SUBURBIO,Longo da via,Bom,Sem defeito,Perfeito estado,Seca,Perfeito estado,Não existe,Não há placas,40 km/h,Única,Faixa contínua,,,,
2020-10-29,12:31:00,COM VÍTIMA,FINALIZADA,BOA VISTA,AV VISCONDE DE SUASSUNA,3,775,RUA GOUVEIA DE BARROS,EM FRENTE A UMA GALERIA DE NUMERO 775,,,,BOA VISTA,ABALROAMENTO LONGITUDINAL,COLISÃO MOTO X CARRO / AGENTES NO LOCAL WELLINGTON E MADSON,1,1,,,,,,,,2,,,SUBURBIO,Cruzamento,Bom,Não existe,Perfeito estado,Seca,Perfeito estado,Não existe,,60 km/h,,,,,,
2020-10-29,12:44:00,COM VÍTIMA,FINALIZADA,VARZEA,RUA PROFESSOR ANTONIO COELHO,0,,RUA EMILIANO BRAGA,PROX A CAXANGA VEICULOS,,,,VÁRZEA,ABALROAMENTO TRANSVERSAL,COLISAO ENTRE ONIBUS E MOTO COM VITIMA,,1,,,,1,,,,1,,,SUBURBIO,Cruzamento,Bom,Não existe,Perfeito estado,Seca,Perfeito estado,Faixa de pedestre,R-6a,,Única,Faixa seccionada,,,,
2020-10-30,07:05:00,COM VÍTIMA,FINALIZADA,IMBIRIBEIRA,AV MARECHAL MASCARENHAS DE MORAES,0,,,EM FRENTE AO AEROPORTO- SENT. JABOATÃO,,,,IMBIRIBEIRA,COLISÃO TRASEIRA,MOTO E AUTO C/V,1,1,,,,,,,,1,,570,SUBURBIO,Longo da via,Bom,Sem defeito,Perfeito estado,Seca,Perfeito estado,Faixa de pedestre,R-6a,60 km/h,Dupla,Faixa contínua,Canteiro central,,,
2020-10-30,07:11:00,COM VÍTIMA,FINALIZADA,IMBIRIBEIRA,AV MARECHAL MASCARENHAS DE MORAES,4,5653,,EM FRENTE AO AEROPORTO- SENT. CIDADE. EM FRENTE A LOCALIZA HERTZ.,,,,IMBIRIBEIRA,COLISÃO TRASEIRA,AUTO E MOTO C/V,1,1,,,,,,,,1,,218,CIDADE,Longo da via,Bom,Sem defeito,Perfeito estado,Seca,Perfeito estado,Faixa de pedestre,Não há placas,60 km/h,Dupla,Canteiro central,,,,
2020-10-31,01:43:00,COM VÍTIMA,FINALIZADA,MADALENA,RUA JOSE OSORIO,0,,AV VISCONDE DE ALBUQUERQUE,ESQUINA COM A EXTRA FARMA,,,,MADALENA,ABALROAMENTO TRANSVERSAL,DOIS AUTOS (UMA VT DA PCPE) COM DUAS VITIMA PRESAS NAS FERRAGENS.,2,,,,,,,,,2,,50,CIDADE,Cruzamento,Bom,,Perfeito estado,Seca,Perfeito estado,Faixa de pedestre,,,Única,Faixa contínua,,,,
2020-10-31,03:06:00,COM VÍTIMA,FINALIZADA,IMBIRIBEIRA,AV MARECHAL MASCARENHAS DE MORAES,4,2716,RUA JALISCO,EM FRENTE AO INTER HOTEL. GERALDÃO.,,,,IMBIRIBEIRA,ABALROAMENTO TRANSVERSAL,DOIS AUTOS COM VITIMAS NO LOCAL,2,,,,,,,,,3,,290,SUBURBIO,Cruzamento,Bom,Sem defeito,Perfeito estado,Seca,Perfeito estado,Não existe,Não há placas,,Dupla,Canteiro central,,,,
2020-10-31,13:02:00,COM VÍTIMA,FINALIZADA,SAO JOSE,AV SUL,0,,AV DANTAS BARRETO,E/F A PRAÇA SÉRGIO LORETO,,,,SÃO JOSÉ,COLISÃO FRONTAL,COLISÃO C/VITIMA ENTRE UM AUTO E UMA MOTO,1,1,,,,,,,,1,,311,CIDADE,Cruzamento,Bom,Sem defeito,Perfeito estado,Seca,Perfeito estado,Faixa de retenção,Outras,,Dupla,Faixa seccionada,Canteiro central,,,
2020-10-31,15:37:00,COM VÍTIMA,FINALIZADA,SANTO AMARO,RUA DOS PALMARES,0,,RUA TREZE DE MAIO,NO CRUZAMENTO MESMO,,,,SANTO AMARO,ABALROAMENTO TRANSVERSAL,COLISAO ENTRE AUTO E MOTO COM VITIMAS,1,1,,,,,,,,1,,30,SUBURBIO,Cruzamento,Bom,Sem defeito,Perfeito estado,Seca,Perfeito estado,Faixa de pedestre,Não há placas,,Dupla,Faixa contínua,,,,
2020-10-31,17:33:00,COM VÍTIMA,FINALIZADA,CORDEIRO,AV GENERAL SAN MARTIN,3,530,,PRÓXIMO AO CHEUS CONSTRUÇÃO.,,,,CORDEIRO,ABALROAMENTO LONGITUDINAL,COM VÍTIMA - A OUTRA PARTE EVADIU-SE,,1,,,,,,,,1,,,,Longo da via,Bom,Não existe,Perfeito estado,Seca,Perfeito estado,Outros,R-6a,,Dupla,Faixa contínua,,,,
2020-10-31,18:12:00,COM VÍTIMA,FINALIZADA,CORDEIRO,AV MAURICIO DE NASSAU,2,35,,PRÓXIMO AO PARQUE DO CAIARA,,,,CORDEIRO,COLISÃO COM CICLISTA,COLISÃO ENTRE AUTO E BICICLETA,1,,,1,,,,,,1,,,BR 101,Longo da via,Bom,Não existe,Ilegível,Seca,Perfeito estado,Não existe,Outras,40 km/h,Dupla,Faixa contínua,,,,