data,hora,natureza_acidente,situacao,bairro,endereco,,numero,detalhe_endereco_acidente,complemento,endereco_cruzamento,numero_cruzamento,referencia_cruzamento,bairro_cruzamento,tipo,descricao,auto,moto,ciclom,ciclista,pedestre,onibus,caminhao,viatura,outros,vitimas,vitimasfatais,num_semaforo,sentido_via,acidente_verificado,tempo_clima,situacao_semaforo,sinalizacao,condicao_via,conservacao_via,ponto_controle,situacao_placa,velocidade_max_via,mao_direcao,divisao_via1,divisao_via2,divisao_via3,_id,Protocolo
2020-11-01,22:56:00,COM VÍTIMA,FINALIZADA,CAMPINA DO BARRETO,RUA CORONEL URBANO RIBEIRO DE SENA,3,548,,AO LADO DO CALDINHO CALDELHO,,,,CAMPINA DO BARRETO,ATROPELAMENTO,MOTOCICLISTA ATROPELOU UMA CRIANÇA E SEU PAI. AMBAS AGUARDAM A PRESENÇA DO SAMU. O MESMO APRESENTA SINAIS DE EMBRIAGUEZ. C/V,,1,,,2,,,,,2,,,SUBURBIO,Longo da via,Bom,Não existe,Perfeito estado,Seca,Perfeito estado,Não existe,Não há placas,,Dupla,Faixa seccionada,,,,
2020-11-02,00:03:00,COM VÍTIMA,FINALIZADA,CABANGA,RUA CAPITAO TEMUDO,2,56,,PROXIMO A LOMBADO ELETRONICA. COMUNIDADE CATÓLICA FILHOS DA MISERICÓRDIA.,,,,CABANGA,ATROPELAMENTO ANIMAL,ATROPELAMENTO COM ANIMAL,2,,,,,,,,1,1,,,SUBURBIO,Viaduto,Bom,Não existe,Perfeito estado,Seca,Perfeito estado,,Não há placas,60 km/h,Dupla,Outros,,,,
2020-11-02,00:12:00,COM VÍTIMA,FINALIZADA,IBURA,AV DOIS RIOS,0,,-8.1193662- -34.9430123,SOB O VIATUDO DA BR 101.,,,,IBURA,COLISÃO FRONTAL,COLISÃO DOIS AUTOS,2,,,,,,,,,2,,,CIDADE,Longo da via,Bom,Não existe,Perfeito estado,Seca,Perfeito estado,Não existe,R-6a,,Dupla,Faixa contínua,,,,
2020-11-02,03:31:00,COM VÍTIMA,FINALIZADA,TORRE,RUA SOUZA BANDEIRA,0,,RUA MARQUES DE MARICA,SEMAFORO 317,,,,TORRE,ABALROAMENTO TRANSVERSAL,VT POLICIA MOTO,,1,,,,,,1,,1,,317,SUBURBIO,Cruzamento,Bom,Sem defeito,Perfeito estado,Seca,Perfeito estado,Não existe,Não há placas,,Dupla,Faixa seccionada,,,,
2020-11-02,08:40:00,COM VÍTIMA,FINALIZADA,IPSEP,RUA JEAN EMILE FAVRE,4,1322,,EM FRENTE AO SUPERMERCADO NOVA IGUAÇU,,,,IPSEP,COLISÃO,MOTO E AUTO,1,1,,,,,,,,2,,,,,,,,,,,,,,,,,,
2020-11-02,16:30:00,COM VÍTIMA,FINALIZADA,DOIS UNIDOS,AV HILDEBRANDO DE VASCONCELOS,2,24,,ACADEMIA/SEM NOME... TERMINAL DE DOIS UNIDOS. ARMAZÉM DO NEGO.,,,,DOIS UNIDOS,ABALROAMENTO LONGITUDINAL,COM VITIMA AGUARDANDO O SAMU / OBS: FAMILIARES E AMIGOS RECOLHERAM A MOTO. MOTORISTA INFORMA QUE: NÃO SABE PARA ONDE LEVARAM.,,1,,,,1,,,,1,,,SUBURBIO,Longo da via,Bom,Não existe,Perfeito estado,Seca,Perfeito estado,Não existe,Não há placas,,Dupla,Faixa seccionada,,,,
2020-11-02,17:13:00,COM VÍTIMA,FINALIZADA,TEJIPIO,AV LIBERDADE,0,,-8.0821981- -34.9599935,EM FRENTE DO CEMITERIO PARQUE DAS FLORES,,,,TEJIPIÓ,ABALROAMENTO LONGITUDINAL,COM VITIMA ESTA AGUARDANDO ATENDIMENTO DO SAMU,1,1,,,,,,,,1,,,SUBURBIO,Longo da via,Bom,Não existe,Incompleta,Seca,Perfeito estado,Não existe,Não há placas,30 km/h,Dupla,Faixa contínua,,,,
2020-11-02,18:00:00,COM VÍTIMA,FINALIZADA,DERBY,RUA DR SEVERINO PINHEIRO,0,,-8.0576556--34.9009656,NA PRAÇA DO DERBY MESMO. QUARTEL DO DERBY.,,,,DERBY,CHOQUE OBJETO FIXO,CHOQUE MOTO NO CANTEIRO,,1,,,,,,,,1,,,SUBURBIO,Longo da via,Bom,Sem defeito,Perfeito estado,Seca,Perfeito estado,Faixa de pedestre,R-6a,,Única,Canteiro central,,,,
2020-11-03,08:11:00,COM VÍTIMA,FINALIZADA,AREIAS,AV DR JOSE RUFINO,4,2125,RUA DOMINGOS TEOTONIO,EM FRENTE AO COLEGIO IMACULADA CONCEIÇÃO . PIZZA HOT.,,,,AREIAS,COLISÃO FRONTAL,AUTO E MOTO.,1,1,,,,,,,,1,,213,CIDADE,Longo da via,Bom,Sem defeito,Perfeito estado,Seca,Perfeito estado,Faixa de retenção,Placas Pare,,Dupla,Faixa contínua,,,,
2020-11-03,09:34:00,COM VÍTIMA,FINALIZADA,ARRUDA,AV BEBERIBE,4,1285,,EM FRENTE AO BOMPREÇO E ESTÁDIO DE FUTEBOL SANTA CRUZ F. C.,,,,ARRUDA,ATROPELAMENTO,AUTO E PEDESTRE VT-03 NO LOCAL SUB. SABINO,1,,,,1,,,,,1,,131,SUBURBIO,Longo da via,Bom,Sem defeito,Perfeito estado,Seca,Perfeito estado,Faixa de pedestre,Outras,,Dupla,Faixa contínua,,,,
2020-11-03,11:21:00,COM VÍTIMA,FINALIZADA,IMBIRIBEIRA,AV MARECHAL MASCARENHAS DE MORAES,4,2931,RUA ALMEIDA JUNIOR,PROX A FACULDADE  UNIVERSOEM FRENTE A CONCESSIONARIA HONDA   NO SENTIDO AFOGADOS,,,,IMBIRIBEIRA,COLISÃO TRASEIRA,COLISÃO COM VITIMA,1,1,,,,,,,,1,,631,CIDADE,Cruzamento,Bom,Sem defeito,Perfeito estado,Seca,Perfeito estado,Faixa de retenção,Não há placas,60 km/h,Dupla,Canteiro central,,,,
2020-11-03,15:59:00,COM VÍTIMA,FINALIZADA,IMBIRIBEIRA,RUA BARAO DE AGUA BRANCA,0,,RUA SARGENTO SILVINO DE MACEDO,PROXIMO A IGREJA CATEDRAL DA RECONCILIACAO E A ANATEL.,,,,IMBIRIBEIRA,COLISÃO FRONTAL,COLISÃO COM VÍTIMA ENTRE AUTO E MOTO,1,1,,,,,,,,1,,,,Esquina,Bom,Não existe,Não existente,Seca,Perfeito estado,Não existe,Não há placas,,Dupla,Não existe,,,,
2020-11-03,18:54:00,COM VÍTIMA,FINALIZADA,TORROES,RUA DR MIGUEL VIEIRA FERREIRA,3,275,RUA CLAUDIO BROTHERHOOD,PROX AO EDF. OCEANO E BETO BEBIDAS,,,,TORRÕES,COLISÃO FRONTAL,NISSAN X PRISMA X CITROEN,3,,,,,,,,,1,,,SUBURBIO,Cruzamento,Bom,Não existe,Incompleta,Seca,Mal iluminada,Faixa de pedestre,Outras,30 km/h,Dupla,Faixa contínua,,,,
2020-11-04,08:37:00,COM VÍTIMA,FINALIZADA,SANTO AMARO,RUA DOS PALMARES,3,547,,EM FRENTE AO COMANDO DA GUARDA,,,,SANTO AMARO,ABALROAMENTO LONGITUDINAL,COM UMA VITIMA -AGUARDANDO SAMU/VT 29 ASSUMIU/GM ARLETE/GM MARCOS ALEXANDRE/GM ANTONIO SOUZA/GM ADAILSON,1,1,,,,,,,,1,,,CIDADE,Longo da via,Bom,Não existe,Perfeito estado,Seca,Perfeito estado,Não existe,Não há placas,60 km/h,Dupla,Faixa seccionada,Canteiro central,,,
2020-11-04,11:20:00,COM VÍTIMA,FINALIZADA,ARRUDA,AV BEBERIBE,0,,RUA SAO BENTO,,,,,ARRUDA,ABALROAMENTO TRANSVERSAL,COLISÃO ENTRE CAMINHÃO E MOTOCICLETA,,1,,,,,1,,,1,,64,SUBURBIO,Cruzamento,Bom,Sem defeito,Perfeito estado,Seca,Perfeito estado,Faixa de pedestre,R-6a,30 km/h,Dupla,Não existe,,,,
2020-11-04,15:00:00,COM VÍTIMA,FINALIZADA,VARZEA,AV CAXANGA,0,,RUA RODRIGUES FERREIRA,PROXIMO AO RESIDENCIAL JD. CAXANGA,,,,VÁRZEA,ABALROAMENTO TRANSVERSAL,ÔNIBUS E MOTO.,,1,,,,1,,,,1,,232,,Longo da via,Bom,Sem defeito,Perfeito estado,Seca,Perfeito estado,Não existe,Não há placas,,Única,Não existe,,,,
2020-11-04,15:45:00,COM VÍTIMA,FINALIZADA,CASA FORTE,AV DEZESSETE DE AGOSTO,0,,RUA PIAUI,PROX AO HOSPITAL HEMILIO DE MORAIS,,,,CASA FORTE,COLISÃO FRONTAL,COLISÃO MOTO X CARRO / VT 27 NO LOCAL,1,1,,,,,,,,1,,251,SUBURBIO,Cruzamento,Bom,Sem defeito,Perfeito estado,Seca,Perfeito estado,Agente,R-6a,,Dupla,Faixa contínua,,,,
2020-11-04,16:22:00,COM VÍTIMA,FINALIZADA,PARNAMIRIM,AV DEZESSETE DE AGOSTO,3,223,,50 METROS ANTES DA CULTURA INGLESA. PRAÇA JOSÉ VILELA.,,,,PARNAMIRIM,ABALROAMENTO LONGITUDINAL,COLISAO ENVOLVENDO AUTO- ONIBUS E MOTO COM VITIMA.,1,1,,,,1,,,,1,,,SUBURBIO,Longo da via,Bom,Não existe,Perfeito estado,Seca,Perfeito estado,Não existe,Não há placas,,Dupla,Faixa contínua,,,,
2020-11-04,19:32:00,COM VÍTIMA,FINALIZADA,BOA VIAGEM,RUA SA E SOUZA,0,,RUA GENERAL SALGADO,AO LADO DA DROGARIA DROGAMAR.,,,,BOA VIAGEM,ABALROAMENTO TRANSVERSAL,COLISAO ENTRE AUTO E MOTO COM VITIMA,1,1,,,,,,,,1,,,,Cruzamento,Bom,Não existe,Perfeito estado,Seca,Perfeito estado,Não existe,Placas Pare,,Dupla,Faixa seccionada,,,,
2020-11-04,20:26:00,COM VÍTIMA,FINALIZADA,FUNDAO,RUA CORONEL URBANO RIBEIRO DE SENA,3,439,,PROX. A BARRIGUDA,,,,FUNDÃO,ABALROAMENTO TRANSVERSAL,COLISÃO COM VITIMA/ VITIMA JÁ FOI LEVADA NA VIATURA DOS BOMBEIROS,1,1,,,,,,,,1,,,SUBURBIO,Longo da via,Bom,Não existe,Perfeito estado,Seca,Perfeito estado,Não existe,,,Dupla,Faixa seccionada,,,,
2020-11-05,08:55:00,COM VÍTIMA,FINALIZADA,ESTANCIA,AV DR JOSE RUFINO,0,,RUA HAVAI,PROX. A GALERIA MARGARIDA,,,,ESTÂNCIA,ABALROAMENTO TRANSVERSAL,AUTO E MOTO C/V,1,1,,,,,,,,1,,,,Cruzamento,Bom,Não existe,Perfeito estado,Seca,Perfeito estado,Não existe,Não há placas,40 km/h,Dupla,Faixa contínua,,,,
2020-11-05,13:54:00,COM VÍTIMA,FINALIZADA,CASA FORTE,AV DEZESSETE DE AGOSTO,4,1255,,ANTES DA PRAÇA VITORIA REGIA S/T CID ENTRE A FARMACIA DROGASIL E O POSTO PETROBRAS,,,,CASA FORTE,ABALROAMENTO TRANSVERSAL,COLISAO ENTRE AUTO E MOTO COM VITIMA,1,1,,,,,,,,1,,,,Longo da via,Bom,Não existe,Perfeito estado,Seca,Perfeito estado,Não existe,Outras,,Dupla,,,,,
2020-11-05,21:00:00,COM VÍTIMA,FINALIZADA,PINA,AV HERCULANO BANDEIRA,3,348,,APOS A IGREJA EM FRENTE A BIFURCAÇAO,,,,PINA,COLISÃO TRASEIRA,MOTO X AUTO   OBS: LOCAL DA COLISAO FOI DESCARACTERIZADO,1,1,,,,,,,,1,,,SUBURBIO,Longo da via,Bom,Não existe,Perfeito estado,Seca,Perfeito estado,Não existe,R-6a,50 km/h,Única,,,,,
2020-11-06,08:22:00,COM VÍTIMA,FINALIZADA,JORDAO,AV MARIA IRENE,2,55,RUA ANTONIO ROCHA,EM FRENTE AO MARTELINHO DE OURO ALTO CRUZ,,,,JORDÃO,ABALROAMENTO TRANSVERSAL,COM UMA VITIMA SENDO SOCORRIDA PELO BOMBEIRO,1,1,,,,,,,,1,,,CIDADE,Cruzamento,Bom,Não existe,Perfeito estado,Seca,Perfeito estado,Não existe,Não há placas,,Dupla,Faixa contínua,,,,
2020-11-06,10:05:00,COM VÍTIMA,FINALIZADA,SAO JOSE,RUA IMPERIAL,0,,PRC SERGIO LORETO,,,,,SÃO JOSÉ,ATROPELAMENTO,MOTOCICLETA E PEDESTRE,,1,,,1,,,,,1,,408,CIDADE,Longo da via,Bom,Sem defeito,Perfeito estado,Seca,Perfeito estado,Não existe,Não há placas,,Única,Não existe,,,,
2020-11-06,12:36:00,COM VÍTIMA,FINALIZADA,AFOGADOS,RUA SAO MIGUEL,4,1204,RUA DONA MARIA DE ANGELIS,EM FRENTE CLINICA JAILME CORDEIRO- AO LADO DO CHINA IN BOX,,,,AFOGADOS,ABALROAMENTO LONGITUDINAL,COLISÃO ENTRE AUTO E MOTO- C/V,1,1,,,,,,,,1,,,CIDADE,Esquina,Bom,Não existe,Perfeito estado,Seca,Perfeito estado,Outros,Outras,50 km/h,Dupla,Faixa,,,,
2020-11-06,13:07:00,COM VÍTIMA,FINALIZADA,APIPUCOS,RUA DE APIPUCOS,0,,RUA MANDACARU,EM FRENTE AO RESIDENCIAL E PARQUE APIPUCOS.,,,,APIPUCOS,COLISÃO FRONTAL,COLISÃO ENTRE AUTO E MOTO- C/V,1,1,,,,,,,,1,,500,CIDADE,Longo da via,Bom,,Perfeito estado,Seca,Perfeito estado,,,50 km/h,Dupla,Faixa contínua,,,,
2020-11-06,14:33:00,COM VÍTIMA,FINALIZADA,PINA,AV HERCULANO BANDEIRA,0,,RUA NOGUEIRA DE SOUZA,INÍCIO DA AV HERCULANO BANDEIRA. EM FRENTE A MERCEDES BENZ.,,,,PINA,ABALROAMENTO LONGITUDINAL,DOIS AUTOS E UMA MOTO,2,1,,,,,,,,2,,657,SUBURBIO,Longo da via,Bom,Sem defeito,Perfeito estado,Seca,Perfeito estado,Faixa de pedestre,Não há placas,60 km/h,Única,Faixa seccionada,,,,
2020-11-06,19:42:00,COM VÍTIMA,FINALIZADA,VARZEA,RUA TENENTE ROLAND RITTMISTER,2,37,,PROX AO BAR DE QUETA. ASSOCIAÇÃO DOS MORADORES.,,,,VÁRZEA,CHOQUE VEÍCULO PARADO,COLISAO ENTRE AUTO E MOTO COM VITIMA,1,1,,,,,,,,1,,,SUBURBIO,Longo da via,Bom,Não existe,Perfeito estado,Seca,Perfeito estado,Não existe,Não há placas,,Dupla,Faixa contínua,,,,
2020-11-06,19:52:00,COM VÍTIMA,FINALIZADA,IBURA,AV SANTOS,4,186B,RUA PARNARAMA,EM FRENTE A ASSISTÊNCIA TÉCNICA.,,,,IBURA,COLISÃO,COLISAO ENTRE DUA MOTOS,,2,,,,,,,,2,,,CIDADE,Longo da via,Bom,Não existe,Incompleta,Seca,Mal conservada,Não existe,Não há placas,,Dupla,Faixa seccionada,,,,
2020-11-06,22:15:00,COM VÍTIMA,FINALIZADA,IPSEP,RUA RIO DOCE,3,500,RUA PINTOR ANTONIO ALBUQUERQUE,SINDICATO DOS MOTORISTAS,,,,IPSEP,COLISÃO FRONTAL,COLISÃO COM VITIMA,1,1,,,,,,,,1,,,SUBURBIO,Cruzamento,Bom,Não existe,Perfeito estado,Seca,Perfeito estado,Faixa de pedestre,Não há placas,,Dupla,Faixa contínua,,,,
2020-11-07,09:09:00,COM VÍTIMA,FINALIZADA,CAMPO GRANDE,RUA ODORICO MENDES,3,100,,EM FRENTE AO RESIDENCIAL AUGUSTO LUCENA,,,,CAMPO GRANDE,ABALROAMENTO TRANSVERSAL,AUTO E MOTO C/V,1,1,,,,,,,,1,,,SUBURBIO,Longo da via,Bom,Não existe,Incompleta,Seca,Perfeito estado,Não existe,Não há placas,,Dupla,Faixa seccionada,,,,
2020-11-07,14:02:00,COM VÍTIMA,FINALIZADA,ARRUDA,RUA DO MACHADO,0,,RUA ZEFERINO AGRA,IGREJA BATISTA DO ARRUDA.,,,,ARRUDA,COLISÃO FRONTAL,COLISAO ENTRE AUTO E MOTO COM UMA VITIMA,1,1,,,,,,,,1,,,,Cruzamento,Bom,Não existe,Perfeito estado,Seca,Perfeito estado,Faixa de pedestre,R-6a,,Dupla,Faixa seccionada,,,,
2020-11-07,22:20:00,COM VÍTIMA,FINALIZADA,SANTO AMARO,AV JOAO DE BARROS,3,594,,CONSERVATORIO PERNAMBUCANO DE MUSICA,,,,SANTO AMARO,COLISÃO TRASEIRA,AMBULANCIA X AUTO    OBS: SUSPEITA DE EMBRIAGUEZ,2,,,,,,,,,1,,,SUBURBIO,Longo da via,Chuvoso,Sem defeito,Perfeito estado,Molhada,Perfeito estado,Faixa de pedestre,Outras,,Única,Não existe,,,,
2020-11-08,13:25:00,COM VÍTIMA,FINALIZADA,MADALENA,AV VISCONDE DE ALBUQUERQUE,3,400,RUA LOPES DE CARVALHO,EM FRENTE A LOJA SPUK- AO LADO DO CENTRO ESPIRITA QUINTA LUZ. GALERIA MADALENA CENTER.,,,,MADALENA,ABALROAMENTO TRANSVERSAL,COLISÃO ENTRE AUTO E MOTO C/V,1,1,,,,,,,,1,,,TORRE,Cruzamento,Bom,Não existe,Perfeito estado,Seca,Perfeito estado,Não existe,Placas Pare,,Única,Faixa seccionada,,,,
2020-11-08,14:23:00,COM VÍTIMA,FINALIZADA,ROSARINHO,RUA AMARO COUTINHO,0,,AV SANTOS DUMONT,AO LADO DA PRAÇA DO ROSARINHO,,,,ROSARINHO,ABALROAMENTO TRANSVERSAL,COLISÃO ENTRE AUTO E MOTO C/V- BATEDOR DE ANGELIS NO LOCAL,1,1,,,,,,,,1,,,,Cruzamento,Bom,Não existe,Perfeito estado,Seca,Perfeito estado,Não existe,Placas Pare,40 km/h,Dupla,Faixa seccionada,,,,
2020-11-08,16:11:00,COM VÍTIMA,FINALIZADA,LINHA DO TIRO,RUA URIEL DE HOLANDA,4,515A,,EM FRENTE AO NUMERO 515A. LADO OPOSTO AO LAVA JATO DEUS É FIEL.,,,,LINHA DO TIRO,COLISÃO FRONTAL,COLISÃO MOTO X CARRO / VT 11 NO LOCAL,1,1,,,,,,,,1,,,PRAÇA DA CONVENÇÃO,Longo da via,Bom,Não existe,Incompleta,Seca,Perfeito estado,Não existe,R-6a,,Dupla,Não existe,,,,
2020-11-08,19:00:00,COM VÍTIMA,FINALIZADA,IBURA,AV DOM HELDER CAMARA,3,309,,AO LADO DA MOTO SHOW DISTRIBUIDORA- PROXIMO DO FORMAQUINAS. PARADA DE ÔNIBUS 020180.,,,,IBURA,CHOQUE VEÍCULO PARADO,COLISÃO ENTRE ÔNIBUS E MOTO C/V,,1,,,,1,,,,1,,,CIDADE,Longo da via,Bom,Não existe,Perfeito estado,Seca,Perfeito estado,,,,,,,,,
2020-11-08,19:40:00,COM VÍTIMA,FINALIZADA,CAMPO GRANDE,RUA PITIGUARAS,3,470,RUA ESBERARD,PROX. A COMUNIDADE DO CHIE,,,,CAMPO GRANDE,CHOQUE VEÍCULO PARADO,COM VITIMA,1,,,,,,1,,,1,,,SUBURBIO,Longo da via,Chuvoso,Não existe,Incompleta,Molhada,Mal conservada,Não existe,Não há placas,,Dupla,Não existe,,,,
2020-11-09,08:46:00,COM VÍTIMA,FINALIZADA,ILHA DO LEITE,AV BEIRA RIO,0,,-8.0667434- -34.8967541,AO LADO DO HOSPITAL ESPERANÇA- EMBAIXO DO VIADUTO JOSÉ DE BARROS LIMA.,,,,ILHA DO LEITE,COLISÃO TRASEIRA,AUTO E MOTO C/V,1,1,,,,,,,,1,,,ILHA DO LEITE,Longo da via,Bom,Não existe,Perfeito estado,Seca,Perfeito estado,Não existe,Não há placas,40 km/h,,Faixa seccionada,,,,
2020-11-09,12:14:00,COM VÍTIMA,FINALIZADA,PARNAMIRIM,RUA FERREIRA LOPES,3,249,,LADO OPOSTO AO EDIFICIO TIGNANELLO,,,,PARNAMIRIM,ABALROAMENTO LONGITUDINAL,COLISÃO COM VÍTIMA,1,1,,,,,,,,1,,,EST. ENCANAMENTO,Longo da via,Bom,Sem defeito,Perfeito estado,Seca,Perfeito estado,Não existe,Não há placas,,Dupla,Faixa seccionada,,,,
2020-11-09,12:34:00,COM VÍTIMA,FINALIZADA,ENCRUZILHADA,AV BEBERIBE,3,259,RUA PROFESSOR MIRANDA CURIO,PROXIMO A AUTO ESCOLA NOVA YORK/ SENTIDO ARRUDA,,,,ENCRUZILHADA,ABALROAMENTO TRANSVERSAL,COLISÃO COM VÍTIMA,1,1,,,,,,,,1,,,SUBURBIO,Longo da via,Bom,Não existe,Perfeito estado,Seca,Perfeito estado,Não existe,Outras,,Dupla,Faixa seccionada,,,,
2020-11-09,14:09:00,COM VÍTIMA,FINALIZADA,AGUA FRIA,AV BEBERIBE,4,2202,RUA DA REGENERACAO,NO LARGO DE AGUA FRIA E/F AO POSTO DE GASOLINA IPIRANGA,,,,ÁGUA FRIA,ATROPELAMENTO,TAXI ATROPELOU UM PEDESTRE,1,,,,1,,,,,2,,187,SUBURBIO,Longo da via,Bom,Sem defeito,Perfeito estado,Seca,Perfeito estado,Faixa de pedestre,,40 km/h,Dupla,Faixa contínua,,,,
2020-11-09,14:25:00,COM VÍTIMA,FINALIZADA,SANTO ANTONIO,AV GUARARAPES,3,161,,E/F A CAIXA ECONOMICA DA GUARARAPES,,,,SANTO ANTÔNIO,ATROPELAMENTO,TAXI ATROPELOU UM PEDESTRE,1,,,,1,,,,,1,,603,CIDADE,Longo da via,Bom,Sem defeito,Perfeito estado,Seca,Perfeito estado,Faixa de pedestre,Outras,,Dupla,Faixa seccionada,Canteiro central,,,
2020-11-09,15:16:00,COM VÍTIMA,FINALIZADA,BOA VISTA,AV GOVERNADOR AGAMENON MAGALHAES,0,,RUA DR BANDEIRA FILHO,E/F AO AO WALMART NO SEMAFORO 173,,,,BOA VISTA,COLISÃO TRASEIRA,COLISAO ENTRE AUTO E MOTO COM UMA VITIMA,1,1,,,,,,,,1,,173,SUBURBIO,Longo da via,Bom,Sem defeito,Perfeito estado,Seca,Perfeito estado,,R-6a,60 km/h,Dupla,Canteiro central,,,,
2020-11-09,16:07:00,COM VÍTIMA,FINALIZADA,MADALENA,AV CAXANGA,4,1086,,EM FRENTE A IGREJA UNIVERSAL.,,,,MADALENA,COLISÃO COM CICLISTA,COM VÍTIMA,,,,1,,1,1,,,1,,,SUBURBIO,Longo da via,Bom,Não existe,Perfeito estado,Seca,Perfeito estado,,Outras,,Dupla,Canteiro central,,,,
2020-11-09,17:51:00,COM VÍTIMA,FINALIZADA,CAMPO GRANDE,RUA PROFESSOR FRANCISCO DA TRINDADE,3,481,RUA CATULO DA PAIXAO CEARENSE,PROXIMO AO ATELIER FRANCISCO FERREIRA,,,,CAMPO GRANDE,ABALROAMENTO TRANSVERSAL,COLISÃO COM VÍTIMA,1,2,,,,,,,,2,,,OLINDA,Cruzamento,Chuvoso,Não existe,Perfeito estado,Seca,Perfeito estado,Faixa de retenção,Placas Pare,,Dupla,Faixa seccionada,,,,
2020-11-09,17:55:00,COM VÍTIMA,FINALIZADA,ILHA JOANA BEZERRA,RUA DOM PAULO II,0,,-8.071333- -34.895516,LADO OPOSTO AO FORUM JOANA BEZERRA S/T BOA VIAGEM,,,,JOANA BEZERRA,COLISÃO COM CICLISTA,DOIS AUTOS ATROPELOU UMA VITIMA,1,1,,1,,,,,,1,,,SUBURBIO,Longo da via,Chuvoso,Não existe,Perfeito estado,Molhada,Perfeito estado,Não existe,Não há placas,60 km/h,Única,Faixa seccionada,,,,
2020-11-09,18:20:00,COM VÍTIMA,FINALIZADA,MACAXEIRA,RUA CORONEL JOAO BATISTA DO REGO BARROS,3,101,,AO LADO DO PARQUE DA MACAXEIRA,,,,MACAXEIRA,ATROPELAMENTO,HONDA NXR 160 BROS X PEDESTRE AGUARDANDO SAMU,,1,,,1,,,,,1,,,CIDADE,Longo da via,Bom,Não existe,Perfeito estado,Seca,Perfeito estado,Não existe,Outras,,Dupla,Não existe,,,,
2020-11-09,21:23:00,COM VÍTIMA,FINALIZADA,TOTO,RUA DES PAULO ANDRE,2,91,,AO LADO DA PADARIA ONZE DE AGOSTO / BIDO KRAUSE.,,,,TOTÓ,COLISÃO FRONTAL,MOTO X AUTO,1,1,,,,,,,,1,,,SUBURBIO,Longo da via,Bom,Não existe,Perfeito estado,Seca,Perfeito estado,Não existe,Não há placas,,Dupla,Não existe,,,,
2020-11-10,08:22:00,COM VÍTIMA,FINALIZADA,IPSEP,AV RECIFE,4,3592,,EM FRENTE A RECIFE HONDA MOTOS,,,,IPSEP,COLISÃO TRASEIRA,MOTO E AUTO,1,1,,,,,,,,2,,,BOA VIAGEM,Longo da via,Bom,Não existe,Perfeito estado,Seca,Perfeito estado,Outros,Outras,,Dupla,Faixa contínua,Faixa seccionada,Canteiro central,,
2020-11-10,08:32:00,COM VÍTIMA,FINALIZADA,ROSARINHO,AV NORTE,4,3533,,EM FRENTE AO RESIDENCIAL SANTA LUZIA,,,,ROSARINHO,COLISÃO TRASEIRA,COM DUAS VITIMAS -SAMU ACIONADO/VT 18 DA CTTU NO LOCAL /GM FLAVIO -E GM DE SOUZA,,1,1,,,,,,,1,,,CIDADE,Longo da via,Chuvoso,Sem defeito,Perfeito estado,Molhada,Perfeito estado,Não existe,Não há placas,60 km/h,Única,Faixa seccionada,,,,
2020-11-10,09:30:00,COM VÍTIMA,FINALIZADA,IPUTINGA,AV CAXANGA,0,,AV PROFESSOR JOAQUIM CAVALCANTI,EMBAIXO DO VIADUTO -APÓS A SUPLANOR,,,,IPUTINGA,COLISÃO COM CICLISTA,SAMU ACIONADO,1,,,1,,,,,,1,,,SUBURBIO,Cruzamento,Bom,Não existe,Perfeito estado,Seca,Perfeito estado,Não existe,,60 km/h,Dupla,Faixa contínua,Faixa seccionada,Canteiro central,,
2020-11-10,09:33:00,COM VÍTIMA,FINALIZADA,TAMARINEIRA,RUA CONEGO BARATA,3,275,,AO LADO DA FERREIRA COSTA,,,,TAMARINEIRA,ENGAVETAMENTO,ENGAVETAMENTO,5,,,,,,,,,1,,,CIDADE,Longo da via,Bom,Não existe,Perfeito estado,Seca,Perfeito estado,Outros,R-6a,,Dupla,Faixa seccionada,Canteiro central,,,