data,hora,natureza_acidente,situacao,bairro,endereco,,numero,detalhe_endereco_acidente,complemento,endereco_cruzamento,numero_cruzamento,referencia_cruzamento,bairro_cruzamento,tipo,descricao,auto,moto,ciclom,ciclista,pedestre,onibus,caminhao,viatura,outros,vitimas,vitimasfatais,num_semaforo,sentido_via,acidente_verificado,tempo_clima,situacao_semaforo,sinalizacao,condicao_via,conservacao_via,ponto_controle,situacao_placa,velocidade_max_via,mao_direcao,divisao_via1,divisao_via2,divisao_via3,_id,Protocolo
2020-11-10,09:37:00,COM VÍTIMA,FINALIZADA,BARRO,AV DR JOSE RUFINO,0,,RUA MAJOR CHAGAS DE OLIVEIRA,EM CIMA DO VIADUTO. AO LADO DA SERRALHARIA GUEDES.,,,,BARRO,COLISÃO FRONTAL,MOTO E AUTO / VT 30 NO QTH,1,1,,,,,,,,1,,,,Cruzamento,Bom,Não existe,Perfeito estado,Seca,Perfeito estado,Não existe,Não há placas,,Dupla,Faixa contínua,,,,
2020-11-10,09:45:00,COM VÍTIMA,FINALIZADA,PINA,AV HERCULANO BANDEIRA,3,949,RUA ARQUITETO AUGUSTO REINALDO,EM FRENTE AO ATACADO DOS PRESENTES E A PARVI.,,,,PINA,COLISÃO TRASEIRA,DUAS MOTOS MOTOS 11 / 28  ITALO E EVERTON,,2,,,,,,,,1,,660,SUBURBIO,Longo da via,Bom,Sem defeito,Perfeito estado,Seca,Perfeito estado,Não existe,Não há placas,60 km/h,Única,Faixa seccionada,,,,
2020-11-10,12:46:00,COM VÍTIMA,FINALIZADA,HIPODROMO,EST DE BELEM,2,84,RUA DONA ELVIRA,EM FRENTE A QUITANDARIA / PROX A IGREJA DE BELEM,,,,HIPÓDROMO,ABALROAMENTO LONGITUDINAL,CARRO X CAMINHÃO,1,,,,,,1,,,1,,,SUBURBIO,Longo da via,Bom,Não existe,Perfeito estado,Seca,Perfeito estado,Não existe,R-6b,,Dupla,Não existe,,,,
2020-11-10,14:48:00,COM VÍTIMA,FINALIZADA,PRADO,RUA GOMES TABORDA,3,284,,DEPOIS DO BAR DO PERFUMADO. LADO OPOSTO AO TERRENO DO JOCKEY CLUB DE PERNAMBUCO.,,,,PRADO,ABALROAMENTO LONGITUDINAL,COLISÃO MOTO X CARRO / VT 03 NO LOCAL,1,1,,,,,,,,2,,,SUBURBIO,Longo da via,Bom,Não existe,Não existente,Seca,Perfeito estado,Não existe,Não há placas,,Dupla,Faixa seccionada,,,,
2020-11-10,19:44:00,COM VÍTIMA,FINALIZADA,CAXANGA,AV CAXANGA,0,,PRC DO CAXANGA,NA SAIDA DA INTEGRAÇÃO DA CAXANGÁ,,,,CAXANGÁ,ABALROAMENTO TRANSVERSAL,A VITIMA É UMA MULHER- ESTÁ AGUARDANDO O SAMU NO LOCAL,,1,,,,1,,,,1,,262,SUBURBIO,Cruzamento,Bom,Sem defeito,Perfeito estado,Seca,Perfeito estado,,Não há placas,60 km/h,Dupla,Canteiro central,,,,
2020-11-10,22:25:00,COM VÍTIMA,FINALIZADA,AFOGADOS,RUA SAO MIGUEL,4,2035,,NA QUADRA EM FRENTE DO POSTO IPIRANGA,,,,AFOGADOS,ABALROAMENTO TRANSVERSAL,DUAS MOTOS E UM AUTO.,1,2,,,,,,,,1,,,SUBURBIO,Longo da via,Bom,Não existe,Perfeito estado,Seca,Perfeito estado,Não existe,Não há placas,,Dupla,Faixa seccionada,,,,
2020-11-11,08:24:00,COM VÍTIMA,FINALIZADA,IPUTINGA,AV MAURICIO DE NASSAU,4,2075,,EM FRENTE AO HOSPITAL FUNDAÇÃO ALTINO VENTURA,,,,IPUTINGA,ABALROAMENTO TRANSVERSAL,COLISÃO COM VITIMA,1,1,,,,,,,,1,,645,CIDADE,Longo da via,Bom,Sem defeito,Perfeito estado,Seca,Perfeito estado,Faixa de pedestre,Não há placas,,Dupla,Faixa contínua,,,,
2020-11-11,09:52:00,COM VÍTIMA,FINALIZADA,JIQUIA,RUA SAO MIGUEL,4,1892,,,,,,JIQUIÁ,COLISÃO COM CICLISTA,COLISÃO COM VÍTIMAS ENTRE MOTOCICLETA E CICLISTA,,1,,1,,,,,,2,,,SUBURBIO,Longo da via,Bom,Não existe,Perfeito estado,Seca,Perfeito estado,,Não há placas,40 km/h,Dupla,Faixa contínua,,,,
2020-11-11,10:42:00,COM VÍTIMA,FINALIZADA,SANTO AMARO,RUA DOS PALMARES,3,158,,PARTIDO DO TRABALHADOR- POSTE B022084,,,,SANTO AMARO,ABALROAMENTO LONGITUDINAL,COLISÃO COM VITIMA,1,1,,,,,,,,1,,,CIDADE,Longo da via,Bom,Não existe,Perfeito estado,Seca,Perfeito estado,Outros,Outras,,Única,Não existe,,,,
2020-11-11,11:29:00,COM VÍTIMA,FINALIZADA,DERBY,AV GOVERNADOR AGAMENON MAGALHAES,0,,RUA HENRIQUE DIAS,,,,,DERBY,COLISÃO TRASEIRA,COLISÃO COM VÍTIMA ENTRE AUTO E MOTO,1,1,,,,,,,,1,,68,CIDADE,Cruzamento,Bom,Sem defeito,Perfeito estado,Seca,Perfeito estado,Agente,Não há placas,,Única,Não existe,,,,
2020-11-11,12:25:00,COM VÍTIMA,FINALIZADA,SANTO AMARO,RUA DOS PALMARES,4,1301,,LADO OPOSTO AO PROCAPE,,,,SANTO AMARO,ABALROAMENTO LONGITUDINAL,COLISÃO COM VÍTIMA,1,1,,,,,,,,1,,,CIDADE,Longo da via,Bom,Não existe,,Seca,Outros,Não existe,R-6a,,Única,Faixa seccionada,,,,
2020-11-11,14:28:00,COM VÍTIMA,FINALIZADA,CAMPO GRANDE,RUA VISCONDE DE CAIRU,2,74,RUA HAMILTON RIBEIRO,PROXIMO AO CLUBE DAS PAS,,,,CAMPO GRANDE,COLISÃO FRONTAL,COLISÃO COM VÍTIMA,1,1,,,,,,,,1,,,SUBURBIO,Esquina,Bom,Não existe,Não existente,Seca,Perfeito estado,Não existe,Não há placas,,,,,,,
2020-11-11,18:11:00,COM VÍTIMA,FINALIZADA,TAMARINEIRA,AV NORTE,0,,RUA IAPU,APÓS O CRUZAMENTO DA CONEGO BARATA,,,,TAMARINEIRA,ABALROAMENTO LONGITUDINAL,COLISÃO ENTRE DUAS MOTOS,,2,,,,,,,,2,,,SUBURBIO,Cruzamento,Bom,Não existe,Perfeito estado,Seca,Perfeito estado,Não existe,Não há placas,40 km/h,Dupla,Canteiro central,,,,
2020-11-11,20:21:00,COM VÍTIMA,FINALIZADA,CAXANGA,AV CAXANGA,0,,RUA RODRIGUES FERREIRA,E/F A ASSEMBLEIA DE DEUS / SEMAFORO 232,,,,CAXANGÁ,COLISÃO,ÕNIBUS X MOTO C/V,,1,,,,1,,,,1,,,,,,,,,,,,,,,,,,
2020-11-11,20:45:00,COM VÍTIMA,FINALIZADA,CASA FORTE,AV DEZESSETE DE AGOSTO,4,1691,EST DAS UBAIAS,PROX AO FORTE FESTA,,,,CASA FORTE,ABALROAMENTO LONGITUDINAL,AUTO X MOTO,1,1,,,,,,,,1,,469,SUBURBIO,Cruzamento,Bom,Sem defeito,Perfeito estado,Seca,Perfeito estado,Faixa de pedestre,Outras,,Dupla,Faixa contínua,,,,
2020-11-12,07:09:00,COM VÍTIMA,FINALIZADA,JAQUEIRA,AV PARNAMIRIM,2,25,RUA LEONARDO BEZERRA CAVALCANTE,AO LADO DO HOSPITAL MARIA LUCINDA / E EM FRENTE AO LABORATORIO A MAIS . EDF. PRÍNCIPE DE CASTELLAS.,,,,JAQUEIRA,COLISÃO COM CICLISTA,CICLISTA E AUTO,1,,,1,,,,,,1,,460,,Longo da via,Bom,Sem defeito,Ilegível,Seca,Perfeito estado,Agente,R-6a,,Dupla,Faixa seccionada,,,,
2020-11-12,07:21:00,COM VÍTIMA,FINALIZADA,IMBIRIBEIRA,AV ENGENHEIRO ALVES DE SOUZA,3,416,,EM FRENT SUB ESTAÇAO DA CELPE,,,,IMBIRIBEIRA,ABALROAMENTO LONGITUDINAL,CAMINHAO E AUTO,1,,,,,,1,,,1,,,CIDADE,Longo da via,Bom,Não existe,Perfeito estado,Seca,Perfeito estado,Não existe,Não há placas,,Dupla,Faixa seccionada,,,,
2020-11-12,07:45:00,COM VÍTIMA,FINALIZADA,BARRO,AV DR JOSE RUFINO,4,2365,RUA CAPITAO PONCIANO,AO LADO DA IGREJA DO BARRO,,,,BARRO,ABALROAMENTO TRANSVERSAL,COM UMA VITIMA -SAMU NO LOCAL-CTTU NO LOCAL VT 24,1,1,,,,,,,,1,,,SUBURBIO,Cruzamento,Bom,Não existe,Incompleta,Seca,Perfeito estado,Não existe,Placas Pare,,Dupla,Faixa contínua,Faixa seccionada,,,
2020-11-12,14:33:00,COM VÍTIMA,FINALIZADA,BARRO,AV DR JOSE RUFINO,4,2906,,PROX AO CONJUTO RESIDENCIAL PEDRO MACHADO,,,,BARRO,ABALROAMENTO LONGITUDINAL,COLISAO COM VITIMAS ENTRE AUTO E MOTO,1,1,,,,,,,,2,,,SUBURBIO,Longo da via,Bom,Não existe,Perfeito estado,Seca,Perfeito estado,Não existe,Outras,60 km/h,Dupla,Faixa contínua,Faixa seccionada,,,
2020-11-12,15:40:00,COM VÍTIMA,FINALIZADA,IPUTINGA,RUA BOM PASTOR,3,430,1 TRV JUSTICA E PAZ,EM FRENTE A GALERIA MARCELA CENTER,,,,IPUTINGA,COLISÃO FRONTAL,CARRO E MOTO,1,1,,,,,,,,1,,,,Longo da via,Bom,Não existe,,Seca,,Não existe,R-6b,,Dupla,Não existe,,,,
2020-11-12,17:00:00,COM VÍTIMA,FINALIZADA,IMBIRIBEIRA,AV DOM JOAO VI,0,,RUA JOSE DA SILVA LUCENA,AO LADO DO COLÉGIO GGE.,,,,IMBIRIBEIRA,COLISÃO FRONTAL,COLISAO ENTRE UM CAMINHAO E DUAS MOTOS COM VITIMAS,,2,,,,,1,,,1,,669,SUBURBIO,Longo da via,Bom,Sem defeito,Perfeito estado,Seca,Perfeito estado,Faixa de pedestre,Placas Dê a preferência,50 km/h,Única,Não existe,,,,
2020-11-12,20:14:00,COM VÍTIMA,FINALIZADA,BOA VIAGEM,RUA VISCONDE DE JEQUITINHONHA,0,,RUA BALTAZAR PASSOS,LADO ESQUERDO DA JEQUITINHONHA- AO LADO DO EDIFICIO COSTA DOS NAVEGANTES,,,,BOA VIAGEM,ABALROAMENTO LONGITUDINAL,COLISÃO ENTRE AUTO E MOTO- COM VÍTIMA,1,1,,,,,,,,1,,154,SUBURBIO,Cruzamento,Bom,Sem defeito,Perfeito estado,Seca,Perfeito estado,Faixa de pedestre,Não há placas,,Dupla,Faixa contínua,,,,
2020-11-12,21:31:00,COM VÍTIMA,FINALIZADA,IMBIRIBEIRA,AV MARECHAL MASCARENHAS DE MORAES,4,5313,,EM FRENTE AO HOTEL IBIS HOTEL,,,,IMBIRIBEIRA,CHOQUE OBJETO FIXO,BATEU NO CANTEIRO E CAIU. A PM ESTA NO LOCAL.,,1,,,,,,,,1,,,CIDADE,Longo da via,Bom,Não existe,Perfeito estado,Seca,Perfeito estado,Não existe,Não há placas,,Única,Canteiro central,,,,
2020-11-12,23:53:00,COM VÍTIMA,FINALIZADA,JARDIM SAO PAULO,RUA LEANDRO BARRETO,4,1309,RUA LEOBINA PEREIRA,EM FRENTE A PIZZARIA DO GORDO,,,,JARDIM SÃO PAULO,ABALROAMENTO TRANSVERSAL,AUTO E MOTO COM VITIMA,1,1,,,,,,,,1,,,SUBURBIO,Cruzamento,Bom,Não existe,Incompleta,Seca,Perfeito estado,Não existe,Não há placas,,Dupla,Faixa seccionada,,,,
2020-11-13,01:33:00,COM VÍTIMA,FINALIZADA,RECIFE,C DO APOLO,0,,AV MILITAR,SEMAFORO 436 EM FRENTE A PCR,,,,BAIRRO DO RECIFE,CHOQUE OBJETO FIXO,CHOQUE COM SEMAFORO,1,,,,,,,,,1,,436,,Longo da via,Bom,,Perfeito estado,Seca,Perfeito estado,Faixa de pedestre,Não há placas,,Única,Faixa contínua,Faixa seccionada,,,
2020-11-13,08:09:00,COM VÍTIMA,FINALIZADA,PRADO,RUA SANTA EDWIRGES,3,123,RUA PADRE TEOFILO TWORZ,POR TRAS DA ENGEFRIO,,,,PRADO,ABALROAMENTO TRANSVERSAL,COLISÃO C/VITIMAS ENTRE DOIS AUTOS,2,,,,,,,,,1,,,SUBURBIO,Cruzamento,Bom,Sem defeito,,Seca,Mal conservada,Faixa de retenção,R-4a,,Única,Não existe,,,,
2020-11-13,10:12:00,COM VÍTIMA,FINALIZADA,BARRO,AV DR JOSE RUFINO,4,2125,,E/F AO MERCADINHO FRUTOS E FRUTAS,,,,BARRO,COLISÃO TRASEIRA,COLISÃO ENTRE DOIS AUTOS E UMA MOTO,2,1,,,,,,,,1,,213,CIDADE,Longo da via,Bom,Sem defeito,Perfeito estado,Seca,Perfeito estado,Faixa de pedestre,R-19,40 km/h,Dupla,Faixa contínua,,,,
2020-11-13,11:05:00,COM VÍTIMA,FINALIZADA,IBURA,RUA JORNALISTA EDSON REGIS,3,809,,PROX. AO HOTEL CRISTAL,,,,IBURA,ABALROAMENTO TRANSVERSAL,AUTO E MOTO C/V,1,1,,,,,,,,1,,,SUBURBIO,Longo da via,Bom,Não existe,Perfeito estado,Seca,Perfeito estado,Outros,Outras,,Dupla,Faixa seccionada,,,,
2020-11-13,16:42:00,COM VÍTIMA,FINALIZADA,PINA,AV ENGENHEIRO DOMINGOS FERREIRA,2,99,,APOS A IGREJA DO PINA. EM FRENTE AO POSTO PETRONAC.,,,,PINA,ABALROAMENTO LONGITUDINAL,COLISAO ENTRE AUTO E MOTO BATEDORES DA MOTO 38 E 14 NO LOCAL,1,1,,,,,,,,1,,,SUBURBIO,Longo da via,Bom,Não existe,Perfeito estado,Seca,Perfeito estado,Outros,Outras,,Única,Faixa contínua,Faixa seccionada,,,
2020-11-13,19:01:00,COM VÍTIMA,FINALIZADA,PINA,AV ENGENHEIRO DOMINGOS FERREIRA,3,467,,PISTA LESTE. LADO OPOSTO AO MUNDO PET.,,,,PINA,ABALROAMENTO LONGITUDINAL,COM VÍTIMA,1,1,,,,,,,,1,,,SUBURBIO,Longo da via,Bom,Não existe,Perfeito estado,Seca,Perfeito estado,Não existe,Não há placas,60 km/h,Única,Canteiro central,,,,
2020-11-13,21:16:00,COM VÍTIMA,FINALIZADA,ILHA DO RETIRO,AV ENGENHEIRO ABDIAS DE CARVALHO,0,,EST DOS REMEDIOS,EM FRENTE A BOB´S E FARMACIA DEPENDENTE,,,,ILHA DO RETIRO,ABALROAMENTO TRANSVERSAL,CELTA X AUTO OBS: AMBULANCIA DO SAMU NO LOCAL,2,,,,,,,,,1,,52,SUBURBIO,Cruzamento,Bom,Sem defeito,Perfeito estado,Seca,Perfeito estado,Faixa de pedestre,Placas Pare,,Dupla,Canteiro central,,,,
2020-11-14,00:39:00,COM VÍTIMA,FINALIZADA,TORRE,RUA TOMAZ GONZAGA,0,,RUA SOUZA BANDEIRA,COM A RUA SOUZA BANDEIRA,,,,TORRE,ABALROAMENTO TRANSVERSAL,COLISÃO AUTO X MOTO,1,1,,,,,,,,1,,448,CIDADE,Cruzamento,Bom,Intermitente,Perfeito estado,Seca,Perfeito estado,Faixa de pedestre,R-4b,,Dupla,Faixa contínua,,,,
2020-11-14,08:01:00,COM VÍTIMA,FINALIZADA,ARRUDA,RUA SETE PECADOS,3,167,RUA RAUL POMPEIA,EM FRENTE AO EDIFÍCIO RESIDENCIAL CHATEAU,,,,ARRUDA,ABALROAMENTO LONGITUDINAL,COM DUAS VITIMAS- SAMU NO LOCAL,,2,,,,,,,,2,,,SUBURBIO,Esquina,Bom,Não existe,Perfeito estado,Seca,Perfeito estado,Faixa de pedestre,Placas Pare,20 km/h,Dupla,Faixa seccionada,,,,
2020-11-14,09:34:00,COM VÍTIMA,FINALIZADA,MADALENA,AV ENGENHEIRO ABDIAS DE CARVALHO,4,2116,EST DOS REMEDIOS,FARMACIA INDEPENDENTE,,,,MADALENA,ABALROAMENTO LONGITUDINAL,COLISÃO COM UMA VITIMA - SAMU ACIONADO,1,1,,,,,,,,1,,52,SUBURBIO,Cruzamento,Bom,Sem defeito,Perfeito estado,Seca,Perfeito estado,Faixa de pedestre,Não há placas,,Única,Canteiro central,,,,
2020-11-14,09:37:00,COM VÍTIMA,FINALIZADA,CORDEIRO,AV CAXANGA,4,3124,,LADO CONTRARIO DA SEMI NOVOS MOVIDA,,,,CORDEIRO,TOMBAMENTO,VT 24 NO QTH GM LUANA,,1,,,,,,,,1,,,CIDADE,Longo da via,Bom,Não existe,Perfeito estado,Seca,Perfeito estado,Não existe,R-6a,,Única,Faixa seccionada,,,,
2020-11-14,10:01:00,COM VÍTIMA,FINALIZADA,IPSEP,RUA JEAN EMILE FAVRE,3,509,RUA JAMAICA,EM FRENTE A FACULDADE BOA VIAGEM,,,,IPSEP,COLISÃO COM CICLISTA,COM UMA VITIMA AGUARDANDO SOCORRO,,1,,1,,,,,,1,,,,Longo da via,Bom,Não existe,Perfeito estado,Seca,Perfeito estado,Faixa de pedestre,,,Dupla,Faixa contínua,,,,
2020-11-14,15:15:00,COM VÍTIMA,FINALIZADA,CABANGA,AV SUL,4,1030,,,,,,CABANGA,ATROPELAMENTO ANIMAL,MOTOCICLETA ATROPELOU UM CACHORRO NA VIA,,1,,,,,,,,1,,205,CIDADE,Longo da via,Bom,Sem defeito,Perfeito estado,Seca,Perfeito estado,Faixa de pedestre,,60 km/h,Dupla,Faixa seccionada,,,,
2020-11-14,16:27:00,COM VÍTIMA,FINALIZADA,ILHA JOANA BEZERRA,AV CENTRAL,0,,,PROX A ESTAÇÃO JOANA BEZERRA,,,,JOANA BEZERRA,ABALROAMENTO LONGITUDINAL,COLISÃO ONIBUS X MOTO,,1,,,,1,,,,1,,,SUBURBIO,Longo da via,Bom,Não existe,Perfeito estado,Seca,Perfeito estado,Não existe,R-26,,Única,Não existe,,,,
2020-11-14,16:49:00,COM VÍTIMA,FINALIZADA,BARRO,AV DR JOSE RUFINO,0,,,SOBRE O VIADUTO DA BR101,,,,BARRO,COLISÃO,CARRO X MOTO / CARRO SE EVADIU DO LOCAL,1,1,,,,,,,,1,,,,Longo da via,Bom,Não existe,Perfeito estado,Seca,Perfeito estado,Não existe,,,Dupla,Não existe,,,,
2020-11-14,17:00:00,COM VÍTIMA,FINALIZADA,CAJUEIRO,AV BEBERIBE,0,,,BAR DA FAVA,,,,CAJUEIRO,ABALROAMENTO LONGITUDINAL,CARRO X MOTO / CARRO SE EVADIU DO LOCAL,1,1,,,,,,,,1,,388,CIDADE,Longo da via,Bom,Sem defeito,Perfeito estado,Seca,Perfeito estado,Faixa de pedestre,Outras,,Dupla,Faixa contínua,,,,
2020-11-14,19:07:00,COM VÍTIMA,FINALIZADA,BOA VIAGEM,RUA DEZ DE JULHO,0,,RUA CAMBOIM,NO CRUZAMENTO MESMO,,,,BOA VIAGEM,ABALROAMENTO TRANSVERSAL,COLISAO ENTRE AUTO/ MOTO COM VITIMA,1,1,,,,,,,,1,,,CIDADE,Cruzamento,Bom,Não existe,Perfeito estado,Seca,Perfeito estado,Não existe,Não há placas,,Única,Faixa seccionada,,,,
2020-11-14,21:41:00,COM VÍTIMA,FINALIZADA,AGUA FRIA,RUA DA REGENERACAO,3,230,,PROX A JOSE LUIZ DA FONSECA,,,,ÁGUA FRIA,COLISÃO FRONTAL,COLISAO ENTRE AUTO/ MOTO COM VITIMA E SINAL DE EMBREAGUES. SEGUNDO INFORMAÇÕES DO BOLETIM FÍSICO- O VEÍCULO EVADIU-SE DO LOCAL.,1,1,,,,,,,,1,,,SUBURBIO,Longo da via,Bom,Não existe,Incompleta,Seca,Perfeito estado,Não existe,Não há placas,40 km/h,Dupla,Não existe,,,,
2020-11-15,00:51:00,COM VÍTIMA,FINALIZADA,BOA VIAGEM,RUA ARTUR MUNIZ,0,,AV CONSELHEIRO AGUIAR,POSTO DE COMBUSTÍVEL BR,,,,BOA VIAGEM,COLISÃO FRONTAL,AUTO E MOTONETA.,1,1,,,,,,,,1,,5,SUBURBIO,Cruzamento,Bom,Sem defeito,Perfeito estado,Seca,Perfeito estado,Faixa de pedestre,,,Dupla,Não existe,,,,
2020-11-15,10:32:00,COM VÍTIMA,FINALIZADA,BOA VISTA,AV GOVERNADOR AGAMENON MAGALHAES,4,2997,RUA DR LEOPOLDO LINS,EM FRENTE A CAIXA ECONÔMICA FEDERAL E RECEITA FEDERAL DO BRASIL.,,,,BOA VISTA,TOMBAMENTO,SITUAÇÃO GRAVADA PELO VIDEOMONITORAMENTO. O VEÍCULO PEGOU FOGO LOGO APÓS A DERRAPAGEM,,1,,,,,,,,1,,78,SUBURBIO,Longo da via,Bom,Sem defeito,Perfeito estado,Seca,Perfeito estado,Faixa de pedestre,Outras,,Dupla,Faixa seccionada,Canteiro central,,,
2020-11-15,12:40:00,COM VÍTIMA,FINALIZADA,CAMPO GRANDE,EST DE BELEM,2,65,,LADO OPOSTO DO BANCO ITAU. EM FRENTE A IGREJA BATISTA.,,,,CAMPO GRANDE,COLISÃO COM CICLISTA,COLISÃO COM VÍTIMA,1,,,1,,,,,,1,,,CIDADE,Longo da via,Bom,Não existe,Não existente,Seca,Perfeito estado,Não existe,Não há placas,,Dupla,Faixa contínua,,,,
2020-11-15,12:49:00,COM VÍTIMA,FINALIZADA,SANTO AMARO,AV CRUZ CABUGA,3,212,,LADO OPOSTO A ASSEMBLÉIA DE DEUS.,,,,SANTO AMARO,ABALROAMENTO TRANSVERSAL,COLISÃO COM VITIMA,1,1,,,,,,,,1,,,SUBURBIO,Longo da via,Bom,Não existe,Perfeito estado,Seca,Perfeito estado,Não existe,Não há placas,40 km/h,Dupla,Faixa contínua,,,,
2020-11-15,13:18:00,COM VÍTIMA,FINALIZADA,PINA,AV ENGENHEIRO DOMINGOS FERREIRA,2,40,RUA BARREIROS,LADO OPOSTO AO ARMAZÉM BEIRA MAR,,,,PINA,ABALROAMENTO LONGITUDINAL,COLISÃO COM VITIMA,1,1,,,,,,,,1,,,SUBURBIO,Longo da via,Bom,Não existe,Perfeito estado,Seca,Perfeito estado,Não existe,Não há placas,60 km/h,Única,Faixa contínua,,,,
2020-11-16,01:32:00,COM VÍTIMA,FINALIZADA,AFOGADOS,RUA VINTE E UM DE ABRIL,2,66,RUA VISCONDE DE PELOTAS,APOS O EROS,,,,AFOGADOS,ABALROAMENTO TRANSVERSAL,COLISÃO AUTO E MOTO- COM UMA VITIMA. BICICLETA TAMBÉM ENVOLVIDA- SEM MUITAS INFORMAÇÕES (SEGUNDO O BOLETIM FÍSICO).,1,1,,1,,,,,,1,,334,,Cruzamento,Bom,Intermitente,Incompleta,Seca,Perfeito estado,Outros,R-6a,,Única,Faixa,,,,
2020-11-16,09:44:00,COM VÍTIMA,FINALIZADA,ARRUDA,RUA MEM DE SA,3,254,RUA PROFESSOR JERONIMO GUEIROS,RUA DA COCA COLA,,,,ARRUDA,ABALROAMENTO TRANSVERSAL,MOTO E AUTO PASSEIO / VT 09 NO QTH GM RICARDO,1,1,,,,,,,,1,,495,CIDADE,Cruzamento,Bom,Sem defeito,Incompleta,Seca,Perfeito estado,Não existe,Não há placas,,Dupla,Não existe,,,,
2020-11-16,11:58:00,COM VÍTIMA,FINALIZADA,BARRO,AV DR JOSE RUFINO,4,2881,,SOBRE O VIADUTO.,,,,BARRO,ABALROAMENTO LONGITUDINAL,COM DUAS VITIMAS AGUARDANDO SOCORRO,1,1,,,,,,,,2,,,CIDADE,Longo da via,Bom,Não existe,Ilegível,Seca,Perfeito estado,Não existe,Não há placas,,Dupla,Não existe,,,,
2020-11-16,13:29:00,COM VÍTIMA,FINALIZADA,ESTANCIA,AV DR JOSE RUFINO,3,401,RUA ANTONIO FIGUEIREDO,PRÓXIMO AO COLEGIO DECISAO,,,,ESTÂNCIA,ABALROAMENTO TRANSVERSAL,COLISAO ENTRE AUTO E MOTO,1,1,,,,,,,,1,,,CIDADE,Longo da via,Bom,Sem defeito,Perfeito estado,Seca,Perfeito estado,Outros,R-6a,60 km/h,Dupla,Faixa contínua,,,,
2020-11-16,15:35:00,COM VÍTIMA,FINALIZADA,IPUTINGA,AV MAURICIO DE NASSAU,3,402,RUA ITAPIRANGA,NA ENTRADA DO TERMINAL MONSENHOR FABRÍCIO.,,,,IPUTINGA,ABALROAMENTO LONGITUDINAL,COLISÃO ENTRE AUTO E MOTO,1,1,,,,,,,,2,,,CIDADE,Longo da via,Bom,Não existe,Perfeito estado,Seca,Perfeito estado,Outros,Outras,40 km/h,Dupla,Não existe,,,,
2020-11-16,15:42:00,COM VÍTIMA,FINALIZADA,ILHA DO RETIRO,EST DOS REMEDIOS,0,,RUA TABAIARES,PROX CONCESSIONÁRIA HYUNDAI,,,,ILHA DO RETIRO,ABALROAMENTO LONGITUDINAL,COLISAO ENTRE AUTO E MOTO COM VITIMAS,1,1,,,,,,,,1,,390,CIDADE,Longo da via,Bom,Sem defeito,Perfeito estado,Seca,Perfeito estado,Faixa de retenção,Não há placas,,Única,Faixa contínua,,,,
2020-11-16,16:24:00,VÍTIMA FATAL,FINALIZADA,GRACAS,AV RUI BARBOSA,0,,RUA AMELIA,SOB O SEMÁFORO DE Nº 048,,,,GRAÇAS,ABALROAMENTO TRANSVERSAL,AMBULÂNCIA E MOTOCICLETA. APÓS A COLISÃO- UMA MOTOCICLETA QUE ESTAVA ESTACIONADA NAS PROXIMIDADES TAMBÉM FOI ATINGIDA.,1,2,,,,,,,,1,1,48,CIDADE,Cruzamento,Bom,Sem defeito,Perfeito estado,Seca,Perfeito estado,Faixa de pedestre,,60 km/h,Única,,,,,
2020-11-16,17:36:00,COM VÍTIMA,FINALIZADA,BOA VIAGEM,AV BOA VIAGEM,0,,,EM FRENTE A PRACINHA DE BOA VIAGEM,,,,BOA VIAGEM,ATROPELAMENTO,VITIMA NO LOCAL,1,,,,1,,,,,1,,4,CIDADE,Longo da via,Bom,Sem defeito,Perfeito estado,Seca,Perfeito estado,Faixa de pedestre,Não há placas,,Única,Faixa seccionada,,,,