data,hora,natureza_acidente,situacao,bairro,endereco,,numero,detalhe_endereco_acidente,complemento,endereco_cruzamento,numero_cruzamento,referencia_cruzamento,bairro_cruzamento,tipo,descricao,auto,moto,ciclom,ciclista,pedestre,onibus,caminhao,viatura,outros,vitimas,vitimasfatais,num_semaforo,sentido_via,acidente_verificado,tempo_clima,situacao_semaforo,sinalizacao,condicao_via,conservacao_via,ponto_controle,situacao_placa,velocidade_max_via,mao_direcao,divisao_via1,divisao_via2,divisao_via3,_id,Protocolo
2020-11-16,19:47:00,COM VÍTIMA,FINALIZADA,ARRUDA,EST VELHA DE AGUA FRIA,0,,AV PROFESSOR JOSE DOS ANJOS,,,,,ARRUDA,COLISÃO TRASEIRA,COLISÃO ENTRE AUTO E MOTO COM VÍTIMA- VT-28 ESTÁ NO LOCAL,1,1,,,,,,,,1,,306,SUBURBIO,Cruzamento,Bom,Sem defeito,Perfeito estado,Seca,Perfeito estado,Faixa de pedestre,Não há placas,,Única,Faixa contínua,,,,
2020-11-17,06:53:00,COM VÍTIMA,FINALIZADA,PINA,AV BRASILIA FORMOSA,1,8,,E/F AO BAR DO PEIXE,,,,PINA,ATROPELAMENTO,ATROPELAMENTO,,1,,,1,,,,,1,,,,Longo da via,Bom,Não existe,Perfeito estado,Seca,Perfeito estado,Não existe,Não há placas,,Dupla,Faixa seccionada,,,,
2020-11-17,07:50:00,COM VÍTIMA,FINALIZADA,ARRUDA,AV BEBERIBE,0,,,E/F AO CERPE E AO CAMPO DO ARRUDA.,,,,ARRUDA,COLISÃO COM CICLISTA,COLISÃO C/CICLISTA E MOTO,,1,,1,,,,,,1,,,CIDADE,Longo da via,Bom,Sem defeito,Perfeito estado,Seca,Perfeito estado,Não existe,Outras,,Dupla,Faixa contínua,,,,
2020-11-17,08:08:00,COM VÍTIMA,FINALIZADA,PINA,AV ENGENHEIRO DOMINGOS FERREIRA,2,50,,EM FRENTE AO POSTO DE GASOLINA PETRONAC E ARMAZÉM BEIRA MAR.,,,,PINA,COLISÃO COM CICLISTA,VITIMA  SOCORRIDA PELO SAMU - COLISÃO ENTRE ÔNIBUS E BICICLETA.,,,,1,,1,,,,1,,,SUBURBIO,Longo da via,Bom,Não existe,Perfeito estado,Seca,Perfeito estado,Outros,Não há placas,,Única,Faixa seccionada,,,,
2020-11-17,08:14:00,COM VÍTIMA,FINALIZADA,CORDEIRO,AV CAXANGA,0,,RUA GASPAR PEREZ,EM FRENTE A FACULDADE IMACULADA CONCEIÇAO,,,,CORDEIRO,ABALROAMENTO LONGITUDINAL,AUTO E MOTO,1,1,,,,,,,,1,,,CIDADE,Longo da via,Bom,Sem defeito,Perfeito estado,Seca,Perfeito estado,,Placas Pare,,Dupla,Faixa seccionada,Canteiro central,,,
2020-11-17,09:01:00,COM VÍTIMA,FINALIZADA,SANTO AMARO,RUA ODORICO MENDES,3,625,,EM FRENTE  A EMPRESA SEAB,,,,SANTO AMARO,ABALROAMENTO TRANSVERSAL,COLISÃO COM VITIMAS,1,1,,,,,,,,2,,,CIDADE,Longo da via,Bom,Não existe,Perfeito estado,Seca,Perfeito estado,Não existe,Não há placas,40 km/h,Dupla,Faixa contínua,,,,
2020-11-17,11:10:00,COM VÍTIMA,FINALIZADA,PAISSANDU,RUA PAISSANDU,3,601,,EM FRENTE AO COLEGIO GGE E AO BANCO BRADESCO,,,,PAISSANDU,ATROPELAMENTO,VITIMAS  A ESPERA DO SAMU,,1,,,1,,,,,2,,,CIDADE,Longo da via,Bom,Não existe,Perfeito estado,Seca,Perfeito estado,Outros,Outras,,Dupla,Canteiro central,,,,
2020-11-17,11:43:00,COM VÍTIMA,FINALIZADA,TORREAO,RUA DOM JOAO COSTA,3,211,RUA FREI MIGUELINHO,PROX. A PRAÇA DO TORREÃO E RESTAURANTE ARVO.,,,,TORREÃO,ABALROAMENTO TRANSVERSAL,AUTO E MOTO,1,1,,,,,,,,1,,,CIDADE,Cruzamento,Bom,Não existe,Perfeito estado,Seca,Perfeito estado,,Placas Pare,,Dupla,Não existe,,,,
2020-11-17,14:51:00,COM VÍTIMA,FINALIZADA,SAO JOSE,AV MARTINS DE BARROS,3,451,,E/F AO MINISTERIO PUBLICO DE PERNAMBUCO.,,,,SÃO JOSÉ,ABALROAMENTO LONGITUDINAL,COLISAO ENTRE AUTO E MOTO BATEDORES DA MOTO 37 E 21 NO LOCAL,1,1,,,,,,,,1,,,SUBURBIO,Longo da via,Bom,Sem defeito,Perfeito estado,Seca,Perfeito estado,Não existe,R-6a,,Única,Não existe,,,,
2020-11-17,16:45:00,COM VÍTIMA,FINALIZADA,MADALENA,AV CAXANGA,3,522,,EM FRENTE AO NUCLEO DE SAUDE/ SENTIDO CIDADE. AO LADO DO COMPAZ DA CAXANGÁ.,,,,MADALENA,ATROPELAMENTO,ATROPELAMENTO COM VÍTIMA,,,,,1,1,,,,1,,,CIDADE,Longo da via,Bom,Sem defeito,Perfeito estado,Seca,Perfeito estado,,Não há placas,,Única,Faixa seccionada,Canteiro central,,,
2020-11-17,17:13:00,COM VÍTIMA,FINALIZADA,IPSEP,AV RECIFE,0,,RUA JEAN EMILE FAVRE,NA ENTRADA DO IPSEP´E/F A PADARIA VILA DO PAO S/T BOA VIAGEM,,,,IPSEP,COLISÃO TRASEIRA,COLISAO ENTRE AUTO E MOTO COM UMA VITIMA,1,1,,,,,,,,1,,130,BOA VIAGEM,Longo da via,Bom,Sem defeito,Perfeito estado,Seca,Perfeito estado,Faixa de pedestre,Outras,,Dupla,Canteiro central,,,,
2020-11-17,17:18:00,COM VÍTIMA,FINALIZADA,BOA VIAGEM,RUA COPACABANA,0,,RUA CAMBOIM,NO TERMINAL DO ÔNIBUS DE SETUBAL,,,,BOA VIAGEM,ABALROAMENTO TRANSVERSAL,COLISAO ENTRE AUTO E MOTO COM UMA VITIMA VT 29 NO LOCAL,1,1,,,,,,,,1,,,SUBURBIO,Cruzamento,Bom,Não existe,Perfeito estado,Seca,Perfeito estado,Não existe,Placas Pare,30 km/h,Dupla,Faixa seccionada,,,,
2020-11-17,18:47:00,COM VÍTIMA,FINALIZADA,SANTO AMARO,AV CRUZ CABUGA,0,,,EM FRENTE AO HOSPITAL NAVAL DO RECIFE. POSTE B030148.,,,,SANTO AMARO,COLISÃO COM CICLISTA,COM VITIMA,,1,,1,,,,,,1,,,CIDADE,Longo da via,Bom,Sem defeito,Perfeito estado,Seca,Perfeito estado,Não existe,Outras,,Dupla,Faixa contínua,,,,
2020-11-18,08:24:00,COM VÍTIMA,FINALIZADA,BOA VIAGEM,RUA FRANCISCO DA CUNHA,3,654,RUA PADRE BERNADINO PESSOA,EM FRENTE AO MERCADINHO SINAS,,,,BOA VIAGEM,ABALROAMENTO TRANSVERSAL,COM UMA VITIMA AGUARDANDO SOCORRO,2,,,,,,,,,1,,,CIDADE,Cruzamento,Bom,Não existe,Perfeito estado,Seca,Perfeito estado,Não existe,Placas Pare,,Única,Não existe,,,,
2020-11-18,08:31:00,COM VÍTIMA,FINALIZADA,SANTO AMARO,RUA DO POMBAL,0,,RUA FREI CASSIMIRO,,,,,SANTO AMARO,ABALROAMENTO TRANSVERSAL,BATEDOR MOTA NO QTH DOIS AUTOS,2,,,,,,,,,1,,,SUBURBIO,Cruzamento,Bom,Não existe,Perfeito estado,Seca,Perfeito estado,Faixa de retenção,Placas Pare,30 km/h,Única,Canteiro central,,,,
2020-11-18,08:40:00,COM VÍTIMA,FINALIZADA,BOA VIAGEM,RUA BARAO DE SOUZA LEAO,0,,AV DOM JOAO VI,EM FRENTE AO SUPERMERCADO TREVO,,,,BOA VIAGEM,ABALROAMENTO LONGITUDINAL,AUTO E MOTO.,1,1,,,,,,,,1,,476,OESTE,Cruzamento,Bom,Sem defeito,Incompleta,Seca,Perfeito estado,Outros,Não há placas,60 km/h,Única,Não existe,,,,
2020-11-18,09:31:00,COM VÍTIMA,FINALIZADA,MORRO DA CONCEICAO,RUA DOIS DE FEVEREIRO,3,146,,EM FRENTE AO DEPOSITO DE AGUA,,,,MORRO DA CONCEIÇÃO,ABALROAMENTO LONGITUDINAL,AUTO E MOTO.,1,1,,,,,,,,1,,,SUBURBIO,Longo da via,Bom,Não existe,Não existente,Seca,Perfeito estado,Não existe,Não há placas,,Dupla,Não existe,,,,
2020-11-18,12:00:00,COM VÍTIMA,FINALIZADA,BOA VIAGEM,AV ENGENHEIRO DOMINGOS FERREIRA,4,2742,,EM FRENTE A LOJA AREZZO. CERVEJA E TUDO.,,,,BOA VIAGEM,COLISÃO TRASEIRA,COM UMA VITIMA- BOMBEIROS NO LOCAL.,1,1,,,,,,,,1,,,SUBURBIO,Longo da via,Bom,Não existe,Perfeito estado,Seca,Perfeito estado,Não existe,Não há placas,,Única,Faixa seccionada,,,,
2020-11-18,12:41:00,COM VÍTIMA,FINALIZADA,AREIAS,AV RECIFE,0,,,LADO OPOSTO AO BIG BOMPREÇO,,,,AREIAS,ABALROAMENTO LONGITUDINAL,COLISAO ENTRE MOTO E AUTO COM VITIMAS,1,1,,,,,,,,2,,618,BR-101,Longo da via,Bom,Sem defeito,Incompleta,Seca,Perfeito estado,Não existe,Não há placas,,Única,Faixa contínua,,,,
2020-11-18,16:56:00,COM VÍTIMA,FINALIZADA,VARZEA,AV CAXANGA,0,,,EM FRENTE A INTEGRAÇÃO DA CAXANGA. DENTRO DO TI DA CAXANGÁ.,,,,VÁRZEA,ATROPELAMENTO,ATROPELAMENTO ENVOLVENDO ONIBUS E PEDESTRE,,,,,1,1,,,,1,,,SUBURBIO,Outros,Bom,Não existe,Não existente,Seca,Perfeito estado,Faixa de pedestre,Não há placas,20 km/h,Única,Não existe,,,,
2020-11-18,19:23:00,COM VÍTIMA,FINALIZADA,JORDAO,AV MARIA IRENE,3,877,,EM FRENTE AO POSTO TOTAL- EM FRENTE A JORDÃO PEÇAS E SERVIÇOS,,,,JORDÃO,ABALROAMENTO TRANSVERSAL,COLISÃO ENTRE AUTO E MOTO- COM VÍTIMAS,1,1,,,,,,,,1,,,SUBURBIO,Longo da via,Bom,Não existe,Ilegível,Seca,Perfeito estado,Não existe,Não há placas,,Dupla,Faixa seccionada,,,,
2020-11-19,16:08:00,COM VÍTIMA,FINALIZADA,IMBIRIBEIRA,RUA ITAJAI,3,162,RUA PAMPULHA,EM FRENTE A CASA BRANCA RECEPÇÕES. PORTO DELICATESSEN,,,,IMBIRIBEIRA,ABALROAMENTO TRANSVERSAL,COLISÃO COM VÍTIMA,1,1,,,,,,,,1,,,,Cruzamento,Bom,Não existe,Perfeito estado,Seca,Perfeito estado,Faixa de retenção,Placas Pare,,Dupla,Faixa contínua,Faixa seccionada,,,
2020-11-19,17:30:00,COM VÍTIMA,FINALIZADA,AFOGADOS,RUA SAO MIGUEL,4,1031,,EM FRENTE A EMPRESA SENO,,,,AFOGADOS,ATROPELAMENTO,ATROPELAMENTO COM VÍTIMA,,1,,,1,,,,,1,,,CIDADE,Longo da via,Bom,Não existe,Incompleta,Seca,Mal conservada,Não existe,R-6a,,Dupla,Faixa contínua,,,,
2020-11-19,18:39:00,COM VÍTIMA,FINALIZADA,CAMPO GRANDE,EST DE BELEM,4,1838,,E/F A IGREJA BATISTA. COM A RUA LUIS CORREA DE BRITO (OLINDA).,,,,CAMPO GRANDE,COLISÃO COM CICLISTA,ENTRE AUTO E CICILISTA. C/V (( SUSPEITA DE EMBRIAGUEZ O CONDUTOR DO CARRO))),1,,,1,,,,,,1,,,CIDADE,Rotatória,Bom,Não existe,Perfeito estado,Seca,Perfeito estado,,R-6a,30 km/h,Única,Faixa contínua,,,,
2020-11-19,23:20:00,VÍTIMA FATAL,FINALIZADA,BEBERIBE,AV BEBERIBE,4,4231,RUA SAPUCAIA DO SUL,SEMÁFORO 314 / APÓS A PIZZARIA DO RUSH,,,,BEBERIBE,COLISÃO FRONTAL,ÕNIBUS X MOTO. C/V,,1,,,,1,,,,1,1,314,,Longo da via,Bom,Sem defeito,Perfeito estado,Seca,Mal conservada,Não existe,Não há placas,,Dupla,Faixa contínua,,,,
2020-11-20,01:01:00,COM VÍTIMA,FINALIZADA,BOA VIAGEM,RUA GENERAL EDSON AMANCIO RAMALHO,3,940,RUA FELIX DE BRITO E MELO,EM FRENTE AO BIG BOMPREÇO. EDF. GOLDEN WAY.,,,,BOA VIAGEM,ABALROAMENTO TRANSVERSAL,COLISÃO DOIS AUTOS,2,,,,,,,,,1,,544,CIDADE,Cruzamento,Bom,Sem defeito,Perfeito estado,Seca,Perfeito estado,Faixa de pedestre,Outras,,Única,Faixa contínua,,,,
2020-11-20,07:28:00,COM VÍTIMA,FINALIZADA,BOA VIAGEM,AV ENGENHEIRO DOMINGOS FERREIRA,4,3360,RUA FAUSTINO PORTO,EM FRENTE A LOJA FAVORITA,,,,BOA VIAGEM,ABALROAMENTO LONGITUDINAL,COM UMA VITIMA -SAMU NO LOCAL,1,1,,,,,,,,1,,,,Longo da via,Bom,Não existe,Perfeito estado,Seca,Perfeito estado,Não existe,Não há placas,,Dupla,Canteiro central,,,,
2020-11-20,08:18:00,VÍTIMA FATAL,FINALIZADA,DOIS IRMAOS,RUA MANUEL DE MEDEIROS,0,,,PROX DA RURAL / AO LADO DO BAR DA CURVA.,,,,DOIS IRMÃOS,COLISÃO FRONTAL,TRES AUTOS,3,,,,,,,,,,1,,,Longo da via,Bom,Não existe,Perfeito estado,Seca,Perfeito estado,Não existe,Não há placas,,Dupla,Não existe,,,,
2020-11-20,10:23:00,COM VÍTIMA,FINALIZADA,APIPUCOS,RUA DE APIPUCOS,3,430,,AO LADO DO ARCADIA DE APIPUCOS. CAMATEX.,,,,APIPUCOS,COLISÃO TRASEIRA,COM UMA VITIMA -SOCORRIDA PELO SAMU,1,1,,,,,,,,1,,,SUBURBIO,Longo da via,Bom,Não existe,Perfeito estado,Seca,Perfeito estado,Não existe,Não há placas,,Dupla,Faixa contínua,,,,
2020-11-20,15:07:00,COM VÍTIMA,FINALIZADA,BOA VIAGEM,AV ENGENHEIRO DOMINGOS FERREIRA,3,348,,PROX AO ARMAZEM BEIRA MAR. LADO OPOSTO AO NÚMERO INFORMADO.,,,,BOA VIAGEM,ABALROAMENTO LONGITUDINAL,MOTO X CARRO / VT 23 NO LOCAL SUB INSP LUCIANO,1,1,,,,,,,,1,,,SUBURBIO,Longo da via,Bom,Não existe,Perfeito estado,Seca,Perfeito estado,Não existe,Não há placas,,Única,Faixa contínua,,,,
2020-11-20,17:16:00,COM VÍTIMA,FINALIZADA,ILHA DO RETIRO,RUA SPORT CLUBE DO RECIFE,0,,,EM FRENTE AO CLUBE DO SPORT SENTIDO AGAMENOM,,,,ILHA DO RETIRO,ABALROAMENTO LONGITUDINAL,COLISAO ENVOLVENDO AUTO E MOTO COM VITIMA,1,1,,,,,,,,2,,,CIDADE,Longo da via,Bom,Não existe,Perfeito estado,Seca,Perfeito estado,Não existe,R-6a,,Dupla,Faixa seccionada,,,,
2020-11-20,18:28:00,COM VÍTIMA,FINALIZADA,CABANGA,AV SUL,0,,,SENTIDO CIDADE,,,,CABANGA,COLISÃO COM CICLISTA,VEÍCULO NÃO IDENTIFICADO COLIDIU EM UM CICLISTA.,,,,1,,,,,,1,,260,CIDADE,Longo da via,Bom,Sem defeito,Perfeito estado,Seca,Perfeito estado,Faixa de pedestre,Não há placas,,Dupla,Canteiro central,,,,
2020-11-20,19:09:00,COM VÍTIMA,FINALIZADA,BONGI,EST DO BONGI,3,388,,PROXIMO DA DELEGACIA DO BONGI- PROXIMO DE GL REFRIGERAÇÃO AUTOMOTIVA,,,,BONGI,ATROPELAMENTO,ATROPELAMENTO ENVOLVENDO MOTO E PEDESTRE- C/V,,1,,,1,,,,,2,,,SUBURBIO,Longo da via,Bom,Não existe,Perfeito estado,Seca,Perfeito estado,Não existe,Não há placas,,Única,Faixa seccionada,,,,
2020-11-21,13:17:00,COM VÍTIMA,FINALIZADA,BOA VIAGEM,AV ENGENHEIRO DOMINGOS FERREIRA,0,,RUA ALEXANDRINO MARTINS RODRIGUES,E/F AO BOMPREÇO,,,,BOA VIAGEM,COLISÃO TRASEIRA,COLISAO ENTRE AUTO E MOTO COM UMA VITIMA VT 03 BATEDORES DA 13 E 32 NO LOCAL,1,1,,,,,,,,1,,303,SUBURBIO,Longo da via,Bom,Sem defeito,,Seca,Perfeito estado,Faixa de pedestre,Outras,,Dupla,Faixa contínua,Canteiro central,,,
2020-11-21,16:47:00,COM VÍTIMA,FINALIZADA,IMBIRIBEIRA,AV MARECHAL MASCARENHAS DE MORAES,0,,,EM FRENTE AO IBIS HOTEL/ SENTIDO CIDADE,,,,IMBIRIBEIRA,ATROPELAMENTO,ATROPELAMENTO COM VÍTIMA,1,,,,1,,,,,1,,,CIDADE,Longo da via,Bom,Não existe,Perfeito estado,Seca,Perfeito estado,Não existe,Não há placas,,Única,Faixa contínua,,,,
2020-11-21,23:36:00,COM VÍTIMA,FINALIZADA,IPSEP,RUA JEAN EMILE FAVRE,0,,RUA PAMPULHA,PROX A PRAÇA MAURICEIA SENTIDO BOA VIAGEM E FARMACIA DIARIAMENTE,,,,IPSEP,ABALROAMENTO TRANSVERSAL,DOIS AUTOS,2,,,,,,,,,1,,564,BOA VIAGEM,Cruzamento,Bom,Sem defeito,Não existente,Seca,Perfeito estado,Não existe,Não há placas,,Única,Não existe,,,,
2020-11-22,08:20:00,COM VÍTIMA,FINALIZADA,CORDEIRO,AV CAXANGA,4,2811,,EM FRENTE A JBS VEÍCULOS. MASSARELLA GRILL,,,,CORDEIRO,COLISÃO COM CICLISTA,COM UMA VITIMA AGUARDANDO SOCORRO-VT 24 DA CTTU NO LOCAL-GM DIEGO MONTEIRO E GM LUANA,1,,,1,,,,,,1,,,CIDADE,Longo da via,Bom,Não existe,Incompleta,Seca,Perfeito estado,Não existe,R-32,,Única,Faixa contínua,Faixa seccionada,,,
2020-11-22,08:28:00,COM VÍTIMA,FINALIZADA,ALTO SANTA TEREZINHA,RUA TAMBOARA,3,548,,HA 100 METROS DA ASSEMBLEIA DE DEUS,,,,ALTO SANTA TERESINHA,ABALROAMENTO LONGITUDINAL,COM VITIMAS AGUARDANDO SAMU,1,1,,,,,,,,2,,,CIDADE,Longo da via,Bom,Não existe,Perfeito estado,Seca,Perfeito estado,Não existe,R-6a,,Dupla,Faixa seccionada,,,,
2020-11-23,08:32:00,COM VÍTIMA,FINALIZADA,BOA VIAGEM,RUA GENERAL SALGADO,3,820,RUA COSMORAMA,EM FRENTE AO  EDIFICIO CHATEAU  HERMITAGE. PRÓXIMO A SHARK ARENA.,,,,BOA VIAGEM,ABALROAMENTO TRANSVERSAL,COLISÃO COM VITIMA,2,,,,,,,,,1,,,,Cruzamento,Bom,Não existe,Perfeito estado,Seca,Perfeito estado,Não existe,Placas Pare,,Dupla,Não existe,,,,
2020-11-23,19:02:00,COM VÍTIMA,FINALIZADA,IMBIRIBEIRA,AV RECIFE,0,,,DECIDA DO ACESSO SENTIDO AV MASCARENHAS DE MORAIS,,,,IMBIRIBEIRA,CHOQUE OBJETO FIXO,AUTO COLIDIU CO O GELO BAIANO,1,,,,,,,,,1,,,AFOGADOS,,,,,,,,,,,,,,,
2020-11-23,19:39:00,COM VÍTIMA,FINALIZADA,BOA VIAGEM,AV ENGENHEIRO DOMINGOS FERREIRA,4,4036,RUA RIBEIRO DE BRITO,E/F A MORADA DO SOL E AO PET SHOP AMIGO DO BIXO,,,,BOA VIAGEM,COLISÃO,ENTRE MOTO E AUTO PASSEIO. C/V,1,1,,,,,,,,1,,,,,,,,,,,,,,,,,,
2020-11-23,19:47:00,COM VÍTIMA,FINALIZADA,IMBIRIBEIRA,AV PINHEIROS,3,473,RUA ARQUITETO LUIZ NUNES,NO CRUZAMENTO COM A ARQUITETO LUIZ NUNES.,,,,IMBIRIBEIRA,COLISÃO FRONTAL,COLISAO ENTRE AUTO E MOTO COM VITIMA,1,1,,,,,,,,1,,537,CIDADE,Cruzamento,Bom,Sem defeito,Perfeito estado,Seca,Perfeito estado,Não existe,Não há placas,,Dupla,Faixa contínua,,,,
2020-11-24,09:54:00,COM VÍTIMA,FINALIZADA,APIPUCOS,RUA DE APIPUCOS,3,600,,EM FRENTE AO MOTEL SENZALA,,,,APIPUCOS,COLISÃO FRONTAL,2 AUTOS.,2,,,,,,,,,2,,,DOIS IRMÃOS,Longo da via,Bom,Sem defeito,Perfeito estado,Seca,Perfeito estado,,R-6a,,Dupla,Faixa contínua,,,,
2020-11-24,10:13:00,COM VÍTIMA,FINALIZADA,PAISSANDU,AV GOVERNADOR AGAMENON MAGALHAES,4,4318,,EM FRENTE AO EMPRESARIAL RENATO DIAS,,,,PAISSANDU,ATROPELAMENTO,COM VITIMA,1,1,,,1,,,,,1,,,SUBURBIO,Longo da via,Bom,Não existe,Perfeito estado,Seca,Perfeito estado,Não existe,Outras,,Dupla,Faixa seccionada,,,,
2020-11-24,12:39:00,COM VÍTIMA,FINALIZADA,VARZEA,RUA PROFESSOR ANTONIO COELHO,3,455,RUA ODON RODRIGUES DE MORAIS REGO,RUA DO COLÉGIO PONTUAL / PRÓX AO HAPVIDA DA CAXANGÁ,,,,VÁRZEA,COLISÃO COM CICLISTA,COLISÃO COM CICLISTA. SAMU NO LOCAL.,1,,,1,,,,,,1,,,SUBURBIO,Cruzamento,Bom,Não existe,Perfeito estado,Seca,Perfeito estado,Não existe,Placas Pare,30 km/h,Dupla,Não existe,,,,
2020-11-24,13:45:00,COM VÍTIMA,FINALIZADA,BOA VISTA,RUA DA AURORA,0,,RUA MAMEDE SIMOES,EM FRENTE AO GINÁSIO PERNAMBUCANO,,,,BOA VISTA,COLISÃO TRASEIRA,COLISÃO COM VÍTIMA,1,1,,,,,,,,1,,,SUBURBIO,Longo da via,Bom,Sem defeito,Perfeito estado,Seca,Perfeito estado,Faixa de pedestre,Não há placas,,Única,Faixa seccionada,,,,
2020-11-24,17:14:00,COM VÍTIMA,FINALIZADA,VARZEA,AV AFONSO OLINDENSE,3,366,,PLANETA MAR PESCADO,,,,VÁRZEA,ABALROAMENTO LONGITUDINAL,COLISÃO AUTO E MOTO,1,1,,,,,,,,2,,,,Longo da via,Bom,Não existe,Perfeito estado,Seca,Perfeito estado,Não existe,Não há placas,,Dupla,Faixa contínua,,,,
2020-11-24,18:44:00,COM VÍTIMA,FINALIZADA,ENCRUZILHADA,EST DE BELEM,3,190,RUA DONA JULIETA,EM FRENTE A PAROQUI NOSSA SENHORA DE BELEM- AO LADO DO VAN LONG ENCRUZILHADA. EDF. JÚLIO II,,,,ENCRUZILHADA,ABALROAMENTO TRANSVERSAL,COLISÃO AUTO E MOTO- C/V,1,1,,,,,,,,1,,,SUBURBIO,Cruzamento,Bom,Não existe,Perfeito estado,Seca,Perfeito estado,,Não há placas,,Dupla,Faixa contínua,,,,
2020-11-24,21:14:00,COM VÍTIMA,FINALIZADA,SANTO AMARO,AV CRUZ CABUGA,3,644,RUA DOIS DE JULHO,EM FRENTE A IGREJA MISSIONARIA,,,,SANTO AMARO,ABALROAMENTO TRANSVERSAL,COLISÃO ENTRE AUTO E MOTO COM VITIMA- VT-26 NO LOCAL,1,1,,,,,,,,1,,,SUBURBIO,Esquina,Bom,Sem defeito,Perfeito estado,Seca,Perfeito estado,Faixa de pedestre,Outras,,Dupla,Faixa seccionada,,,,
2020-11-25,09:04:00,COM VÍTIMA,FINALIZADA,CABANGA,RUA DILERMANO REIS,2,25,RUA COMANDANTE ANTONIO MANHAES DE MATTOS,AO LADO DA COMPESA.,,,,CABANGA,COLISÃO COM CICLISTA,ONIBUS E CICLISTA C/V,,,,1,,1,,,,1,,,SUBURBIO,Longo da via,Bom,Não existe,Perfeito estado,Seca,Perfeito estado,Não existe,Não há placas,30 km/h,Dupla,Faixa contínua,,,,
2020-11-25,14:09:00,COM VÍTIMA,FINALIZADA,ROSARINHO,EST VELHA DE AGUA FRIA,3,978,,E/F A FUNDAÇAO DA IBGE E ANTIGO DNOCS,,,,ROSARINHO,ABALROAMENTO LONGITUDINAL,COLISAO ENTRE AUTO E MOTO COM UMA VITIMA,1,1,,,,,,,,1,,,CIDADE,Longo da via,Bom,Sem defeito,Perfeito estado,Seca,Perfeito estado,Não existe,Não há placas,,Dupla,Faixa contínua,,,,
2020-11-25,15:43:00,COM VÍTIMA,FINALIZADA,TEJIPIO,RUA FALCAO DE LACERDA,3,354,,EM FRENTE A CLINICA AQUI DOUTOR E PROXIMO AO SEMÁFORO 285,,,,TEJIPIÓ,ABALROAMENTO TRANSVERSAL,COLISÃO COM VÍTIMA,1,1,,,,,,,,1,,,SUBURBIO,Longo da via,Bom,,Incompleta,Seca,Mal conservada,Não existe,R-6a,,Dupla,Não existe,,,,
2020-11-25,19:05:00,COM VÍTIMA,FINALIZADA,SAO JOSE,RUA IMPERIAL,3,981,TRV DO RAPOSO,E/F A FERRO E AÇO,,,,SÃO JOSÉ,ABALROAMENTO TRANSVERSAL,COLISAO ENTRE DOIS AUTOS COM VITIMAS,2,,,,,,,,,1,,510,SUBURBIO,Cruzamento,Bom,Sem defeito,Perfeito estado,Seca,Perfeito estado,Faixa de pedestre,,,Única,Faixa contínua,,,,
2020-11-26,11:39:00,COM VÍTIMA,FINALIZADA,JIQUIA,AV DR JOSE RUFINO,2,36,RUA PASSO DA SANTA CRUZ,APÓS A RUA ANTÔNIO CARNEIRO- EM FRENTE A FÁBRICA DE YOLANDA.,,,,JIQUIÁ,COLISÃO FRONTAL,COM UMA VITIMA -SAMU NO LOCAL,,1,,,,,1,,,1,,82,SUBURBIO,Longo da via,Bom,Não existe,Perfeito estado,Seca,Perfeito estado,Não existe,Não há placas,60 km/h,Dupla,Faixa contínua,,,,
2020-11-26,12:15:00,COM VÍTIMA,FINALIZADA,BEBERIBE,AV BEBERIBE,0,,,PRÓX AO BOMPREÇO E AO CAMPO DO ARRUDA,,,,BEBERIBE,COLISÃO,COLISÃO COM VÍTIMA. VT 25 NO LOCAL.,1,1,,,,,,,,1,,,,,,,,,,,,,,,,,,