data,hora,natureza_acidente,situacao,bairro,endereco,,numero,detalhe_endereco_acidente,complemento,endereco_cruzamento,numero_cruzamento,referencia_cruzamento,bairro_cruzamento,tipo,descricao,auto,moto,ciclom,ciclista,pedestre,onibus,caminhao,viatura,outros,vitimas,vitimasfatais,num_semaforo,sentido_via,acidente_verificado,tempo_clima,situacao_semaforo,sinalizacao,condicao_via,conservacao_via,ponto_controle,situacao_placa,velocidade_max_via,mao_direcao,divisao_via1,divisao_via2,divisao_via3,_id,Protocolo
2020-11-26,12:51:00,COM VÍTIMA,FINALIZADA,ILHA JOANA BEZERRA,VDO PAPA JOAO PAULO II,0,,,DESCIDA DO VIADUTO PAPA JOAO PAULO II - SENTIDO DERBY ANTES DA PASSARELA. AO LADO DO FORUM RODOLFO AURELIANO.,,,,JOANA BEZERRA,ATROPELAMENTO,ÔNIBUS BRT E PEDESTRE.,,,,,1,1,,,,1,,,CIDADE,Longo da via,Bom,Não existe,Perfeito estado,Seca,Perfeito estado,Não existe,Não há placas,,Dupla,Faixa seccionada,Canteiro central,,,
2020-11-26,15:39:00,COM VÍTIMA,FINALIZADA,DERBY,AV GOVERNADOR AGAMENON MAGALHAES,0,,,EM FRENTE À FARMÁCIA PAGUE MENOS / PRÓX À AGÊNCIA ITAÚ PERSONNALITÉ,,,,DERBY,ABALROAMENTO LONGITUDINAL,COLISÃO COM VÍTIMA,1,1,,,,,1,,,1,,,SUBURBIO,Longo da via,Bom,Não existe,Perfeito estado,Seca,Perfeito estado,Outros,Não há placas,60 km/h,Dupla,Canal,,,,
2020-11-26,16:18:00,COM VÍTIMA,FINALIZADA,IMBIRIBEIRA,AV MARECHAL MASCARENHAS DE MORAES,4,2967,RUA ITACARE,EM FRENTE À FERREIRA COSTA. LADO OPOSTO AO BANCO DO BRASIL.,,,,IMBIRIBEIRA,ABALROAMENTO TRANSVERSAL,SAMU ACIONADO. AGENTES VINÍCIUS E PERICLES NO LOCAL. ABALROAMENTO TRANSVERSAL SEGUIDO DE ATROPELAMENTO.,2,,,,1,,,,,1,,386,SUBURBIO,Esquina,Bom,Sem defeito,Perfeito estado,Seca,Perfeito estado,Faixa de pedestre,Outras,60 km/h,Dupla,Faixa seccionada,Canteiro central,Outros,,
2020-11-26,18:58:00,COM VÍTIMA,FINALIZADA,DERBY,RUA JOAQUIM NABUCO,0,,,EM FRENTE AO HEMOPE E AO HOSPITAL SANTA JOANA,,,,DERBY,COLISÃO TRASEIRA,COLISÃO ENTRE AUTO E MOTO- COM VÍTIMA,1,1,,,,,,,,2,,,SUBURBIO,Longo da via,Bom,Não existe,Perfeito estado,Seca,Perfeito estado,Não existe,Não há placas,50 km/h,Única,Faixa seccionada,,,,
2020-11-27,03:02:00,COM VÍTIMA,FINALIZADA,SANTO ANTONIO,RUA DO SOL,0,,PRC DA REPUBLICA,PROXIMO AO TEATRO SANTA ISABEL,,,,SANTO ANTÔNIO,ABALROAMENTO TRANSVERSAL,AUTO E MOTO.,1,1,,,,,,,,1,,,,Longo da via,Bom,Não existe,Perfeito estado,Seca,Perfeito estado,Não existe,R-6a,,Única,Faixa contínua,,,,
2020-11-27,08:16:00,COM VÍTIMA,FINALIZADA,MADALENA,AV CAXANGA,3,653,,EM FRENTE AO COMPAZ- SENT. CIDADE,,,,MADALENA,COLISÃO COM CICLISTA,MOTO E CICLISTA C/V,,1,,1,,,,,,3,,,,Longo da via,Bom,Não existe,Perfeito estado,Seca,Perfeito estado,Faixa de pedestre,Não há placas,,Única,Canteiro central,,,,
2020-11-27,09:49:00,COM VÍTIMA,FINALIZADA,MADALENA,AV BEIRA RIO,3,591,,EM ENFRENTE AO PREDIO DO GOVERNADOR. EDF. SOBRADO DO CAPIBARIBE.,,,,MADALENA,CHOQUE VEÍCULO PARADO,COM VITIMA,1,1,,,,,,,,1,,,TORRE,Longo da via,Bom,Não existe,Perfeito estado,Seca,Perfeito estado,Faixa de pedestre,R-6a,,Dupla,Faixa seccionada,,,,
2020-11-27,10:59:00,COM VÍTIMA,FINALIZADA,TAMARINEIRA,AV NORTE,4,3538,,EM FRENTE A  VISTOCAR  VISTORIA DO DETRAN,,,,TAMARINEIRA,COLISÃO TRASEIRA,COLISÃO COM VITIMA A ESPERA DO SAMU,1,1,,,,,,,,1,,,SUBURBIO,Longo da via,Bom,Não existe,Perfeito estado,Seca,Perfeito estado,Não existe,Outras,,Dupla,Canteiro central,,,,
2020-11-27,16:56:00,COM VÍTIMA,FINALIZADA,APIPUCOS,AV DEZESSETE DE AGOSTO,3,222,,APOS O COLEGIO SILVA JARDIM,,,,APIPUCOS,COLISÃO TRASEIRA,COLISAO ENTRE AUTO E MOTO COM UMA VITIMA,1,1,,,,,,,,1,,,SUBURBIO,Longo da via,Bom,Não existe,Perfeito estado,Seca,Perfeito estado,,Outras,,Dupla,Faixa contínua,,,,
2020-11-27,19:00:00,COM VÍTIMA,FINALIZADA,SANTO AMARO,RUA AURORA,0,,AV NORTE,PONTE DO LIMOEIRO . HOSPITAL RECIFE 1 - COVID.,,,,SANTO AMARO,COLISÃO COM CICLISTA,MOTO X CICILISTA. C/V,,1,,1,,,,,,1,,243,SUBURBIO,Cruzamento,Bom,Sem defeito,Perfeito estado,Seca,Perfeito estado,Faixa de pedestre,Outras,,Dupla,Não existe,,,,
2020-11-28,11:23:00,COM VÍTIMA,FINALIZADA,SANTO AMARO,RUA DA AURORA,4,1019,,EM FRENTE A GLOBO. APÓS A ESTÁTUA DO TORTURA NUNCA MAIS. LADO OPOSTO AO NÚMERO INFORMADO.,,,,SANTO AMARO,COLISÃO TRASEIRA,AUTO E MOTO PM,1,1,,,,,,,,1,,,SUBURBIO,Longo da via,Bom,Não existe,Perfeito estado,Seca,Perfeito estado,Não existe,Não há placas,,Dupla,Faixa seccionada,Canteiro central,,,
2020-11-28,14:06:00,COM VÍTIMA,FINALIZADA,IMBIRIBEIRA,AV MARECHAL MASCARENHAS DE MORAES,4,2200,,EM FRENTE A FACULDADE UNIVERSO,,,,IMBIRIBEIRA,ABALROAMENTO LONGITUDINAL,COLISÃO COM CARRO E MOTO / O CARRO COLIDIU COM A MOTO E A MOTO COLIDIU COM OUTRO CARRO,2,1,,,,,,,,1,,,SUBURBIO,Longo da via,Bom,Não existe,Perfeito estado,Seca,Perfeito estado,Não existe,R-6a,,Dupla,Canteiro central,,,,
2020-11-28,17:13:00,COM VÍTIMA,FINALIZADA,SANTO AMARO,AV NORTE,3,824,,PRÓX À NATY LANCHES / SENTIDO CABUGÁ. LADO OPOSTO A ANTIGA LBA.,,,,SANTO AMARO,COLISÃO COM CICLISTA,COLISÃO COM CICLISTA. VT 26 NO LOCAL.,,1,,1,,,,,,2,,,SUBURBIO,Longo da via,Bom,Sem defeito,Perfeito estado,Seca,Perfeito estado,Não existe,Não há placas,60 km/h,Única,Faixa seccionada,,,,
2020-11-29,08:55:00,COM VÍTIMA,FINALIZADA,CASA FORTE,AV DEZESSETE DE AGOSTO,4,2505,,EM FRENTE A RPA . GERÊNCIA OPERACIONAL DE FISCALIZAÇÃO.,,,,CASA FORTE,COLISÃO TRASEIRA,COLISÃO COM VITIMA GM MILLER  QTH,2,,,,,,,,,1,,,CIDADE,Longo da via,Bom,Sem defeito,Perfeito estado,Seca,Perfeito estado,Faixa de pedestre,R-6a,60 km/h,Dupla,Faixa contínua,,,,
2020-11-29,09:06:00,COM VÍTIMA,FINALIZADA,BOA VISTA,RUA DO PRINCIPE,0,,RUA BISPO CARDOSO AYRES,EM FRENTE A IGREJA EVANGELICA PERNAMBUCANA,,,,BOA VISTA,ABALROAMENTO TRANSVERSAL,COLISÃO COM VITIMA A ESPERA DO SAMU,1,,,,,1,,,,1,,176,CIDADE,Cruzamento,Chuvoso,Sem defeito,,Molhada,Perfeito estado,Faixa de pedestre,Não há placas,,Única,Faixa seccionada,,,,
2020-11-29,13:14:00,COM VÍTIMA,FINALIZADA,BOA VIAGEM,AV ENGENHEIRO DOMINGOS FERREIRA,4,3838,RUA BRUNO VELOSO,EM FRENTE A DROGASIL/ VIA DA ESQUERDA,,,,BOA VIAGEM,ABALROAMENTO TRANSVERSAL,COLISÃO COM VÍTIMA,2,,,,,,,,,1,,338,SUBURBIO,Cruzamento,Bom,Sem defeito,Perfeito estado,Seca,Perfeito estado,Faixa de pedestre,Outras,,Única,Faixa contínua,Faixa seccionada,Canteiro central,,
2020-11-29,15:08:00,COM VÍTIMA,FINALIZADA,AFOGADOS,EST DOS REMEDIOS,0,,,E/F A DISRIBUIDORA DA TUPAN. LOJA JEEP FIORI.,,,,AFOGADOS,CHOQUE OBJETO FIXO,VEICULO CHOCOU COM A LOJA VT 21 NO LOCAL,1,,,,,,,,,1,,,,Não informado,Bom,Sem defeito,Perfeito estado,Seca,Perfeito estado,,,,Única,Faixa seccionada,,,,
2020-11-29,19:37:00,COM VÍTIMA,FINALIZADA,ALTO JOSE BONIFACIO,RUA ALTO JOSE BONIFACIO,3,231,,EM FRENTE A IGREJA BATISTA- PROXIMO DA FARMÁCIA DESCONTÃO,,,,ALTO JOSÉ BONIFÁCIO,COLISÃO FRONTAL,COLISÃO ENTRE DOIS AUTO- COM VITIMA,2,,,,,,,,,1,,,SUBURBIO,Longo da via,Bom,Não existe,Perfeito estado,Seca,Perfeito estado,Não existe,Não há placas,30 km/h,Dupla,Faixa contínua,Faixa seccionada,,,
2020-11-29,19:52:00,COM VÍTIMA,FINALIZADA,IPUTINGA,AV MAURICIO DE NASSAU,3,434,EST DO BARBALHO,SEMÁFORO 246 / E/F AO MERCADO DAS RAÇÕES E LANCHONETE DA NANDA,,,,IPUTINGA,ABALROAMENTO LONGITUDINAL,2 MOTOS. C/V,,2,,,,,,,,2,,246,SUBURBIO,Longo da via,Bom,Sem defeito,Perfeito estado,Seca,Perfeito estado,Faixa de pedestre,,,Dupla,Faixa contínua,,,,
2020-11-29,20:14:00,COM VÍTIMA,FINALIZADA,BOA VIAGEM,RUA CORONEL ANIZIO RODRIGUES COELHO,3,618,RUA DES JOAO PAES,AO LADO DO NORTE SUL NEGOCIOS,,,,BOA VIAGEM,ABALROAMENTO TRANSVERSAL,COLISÃO ENTRE AUTO E MOTO- COM VITIMA,1,1,,,,,,,,1,,,,Cruzamento,Bom,Não existe,Perfeito estado,Seca,Perfeito estado,Faixa de pedestre,Placas Pare,,Única,Não existe,,,,
2020-11-30,10:47:00,COM VÍTIMA,FINALIZADA,BOA VISTA,RUA MONTE CASTELO,3,166,,EM FRENTE AO ANEXO TRES DA CAMARA MUNICIPAL DO RECIFE.,,,,BOA VISTA,ABALROAMENTO LONGITUDINAL,COM UMA VITIMA SOCORRIDA PELO SAMU,2,,,,,,,,,1,,,,Longo da via,Bom,Não existe,Perfeito estado,Seca,Perfeito estado,Não existe,Não há placas,,Única,,,,,
2020-11-30,12:47:00,COM VÍTIMA,FINALIZADA,PINA,AV CONSELHEIRO AGUIAR,0,,RUA ONDINA,EM FRENTE A VIA CAR,,,,PINA,ABALROAMENTO LONGITUDINAL,CARRO X MOTO,1,1,,,,,,,,1,,,CIDADE,Cruzamento,Bom,Não existe,Incompleta,Seca,Perfeito estado,Não existe,R-6a,,Única,Faixa seccionada,,,,
2020-11-30,13:30:00,COM VÍTIMA,FINALIZADA,MADALENA,RUA JOAO IVO DA SILVA,3,267,RUA NOBRE DE LACERDA,PROX AO POSTO PETROVIA / APOS A SAIDO DO TUNEL MADALENA,,,,MADALENA,ABALROAMENTO LONGITUDINAL,CARRO X MOTO / ORIENTADOR DE TRANSITO NO LOCAL- CLAUDIO E DAGOBERTO,1,1,,,,,,,,1,,,CIDADE,Longo da via,Bom,Não existe,Perfeito estado,Seca,Perfeito estado,Não existe,Não há placas,,Única,Faixa seccionada,,,,
2020-11-30,14:52:00,COM VÍTIMA,FINALIZADA,IBURA,AV DOIS RIOS,3,106,,ANTES DA POLICLINICA ARNALDO MARQUES. PRÓXIMO A AUTO ESCOLA PILOTO.,,,,IBURA,ABALROAMENTO TRANSVERSAL,MOTO X CARRO,1,1,,,,,,,,1,,,CIDADE,Longo da via,Bom,Sem defeito,Perfeito estado,Seca,Perfeito estado,,Não há placas,,Dupla,Faixa contínua,,,,
2020-11-30,15:38:00,COM VÍTIMA,FINALIZADA,SOLEDADE,RUA DAS NINFAS,3,269,RUA DO PROGRESSO,PRÓX À UNI SÃO MIGUEL. AO LADO DA ODONTO LEITE.,,,,SOLEDADE,ABALROAMENTO TRANSVERSAL,AGUARDANDO ATENDIMENTO DO SAMU.,2,,,,,,,,,1,,,CIDADE,Cruzamento,Bom,Não existe,Perfeito estado,Seca,Perfeito estado,Faixa de pedestre,Placas Pare,,Única,Não existe,,,,
2020-11-30,16:40:00,COM VÍTIMA,FINALIZADA,BREJO DE BEBERIBE,AV VEREADOR OTACILIO AZEVEDO,4,1015,,,,,,BREJO DE BEBERIBE,CHOQUE VEÍCULO PARADO,Auto x e auto y- SUSPEITA DE ALCOOLEMIA,2,,,,,,,,,1,,,CIDADE,Longo da via,Bom,Não existe,Incompleta,Seca,Perfeito estado,Não existe,Não há placas,,Dupla,Faixa seccionada,,,,
2020-11-30,16:51:00,COM VÍTIMA,FINALIZADA,CAXANGA,AV CAXANGA,0,,,NA PONTE DA CAXANGA / PROX A UPA CAXANGA,,,,CAXANGÁ,ABALROAMENTO TRANSVERSAL,DUAS MOTOS.,,2,,,,,,,,1,,,SUBURBIO,Longo da via,Bom,Não existe,Perfeito estado,Seca,Perfeito estado,Agente,Não há placas,,Única,Faixa seccionada,,,,
2020-11-30,17:47:00,COM VÍTIMA,FINALIZADA,BREJO DE BEBERIBE,RUA URIEL DE HOLANDA,4,1615,,PRÓX AO ARMAZÉM E SERRARIA OLIVEIRA,,,,BREJO DE BEBERIBE,ABALROAMENTO LONGITUDINAL,SAMU REALIZANDO ATENDIMENTO. VT 27 NO LOCAL.,1,1,,,,,,,,2,,,,Longo da via,Bom,Não existe,Perfeito estado,Seca,Perfeito estado,Não existe,Não há placas,,Dupla,Não existe,,,,
2020-11-30,18:01:00,COM VÍTIMA,FINALIZADA,SAO JOSE,AV SUL,4,1800,,PRÓXIMO AO HOTEL LUA DE MEL. AO LADO DO NÚMERO 1800,,,,SÃO JOSÉ,ABALROAMENTO TRANSVERSAL,DUAS MOTOS.,,2,,,,,,,,1,,,CIDADE,Longo da via,Bom,Não existe,Perfeito estado,Seca,Perfeito estado,Outros,,,Dupla,Canteiro central,Blocos,,,
2020-11-30,19:40:00,COM VÍTIMA,FINALIZADA,CASA AMARELA,RUA CONS PERETTI,3,106,RUA OSCAR DE BARROS,PRÓX A CAIXA ECONÔMICA DE CASA AMARELA,,,,CASA AMARELA,COLISÃO,COLISÃO ENTRE MOTO E ÔNIBUS- COM VÍTIMA,1,1,,,,,,,,1,,,,,,,,,,,,,,,,,,
2020-12-01,21:56:00,COM VÍTIMA,FINALIZADA,ESPINHEIRO,RUA QUARENTA E OITO,3,395,RUA DO ESPINHEIRO,E/F A PADARIA DO ESPINHEIRO E EDIFICIO ARAÇOYABA VILLAGE / SEMÁFORO 166,,,,ESPINHEIRO,ABALROAMENTO TRANSVERSAL,DUAS MOTOS ENVOLVIDAS. C/V,,2,,,,,,,,2,,166,CIDADE,Cruzamento,Chuvoso,Sem defeito,Perfeito estado,Seca,Perfeito estado,Faixa de pedestre,R-3,30 km/h,Única,,,,,
2020-12-02,08:17:00,COM VÍTIMA,FINALIZADA,CASA FORTE,AV DEZESSETE DE AGOSTO,4,1961,,EM FRENTE AO LABORATORIO MARCELO MAGALHAES,,,,CASA FORTE,ABALROAMENTO LONGITUDINAL,AUTO E MOTO.,1,1,,,,,,,,2,,,CIDADE,Longo da via,Bom,Sem defeito,Perfeito estado,Seca,Perfeito estado,Não existe,R-6a,,Dupla,Faixa contínua,,,,
2020-12-02,11:11:00,COM VÍTIMA,FINALIZADA,IMBIRIBEIRA,RUA MURITIBA,3,210,,RUA LATERAL AO BANCO DO BRASIL. POR TRÁS DO BANCO.,,,,IMBIRIBEIRA,ABALROAMENTO LONGITUDINAL,MOTO E AUTO,1,1,,,,,,,,1,,,IPSEP,Longo da via,Bom,Não existe,Não existente,Seca,Perfeito estado,Não existe,Outras,,Dupla,Não existe,,,,
2020-12-02,11:31:00,COM VÍTIMA,FINALIZADA,ESTANCIA,AV DR JOSE RUFINO,3,548,,RUA DA GALERIA MARGARIDA,,,,ESTÂNCIA,ABALROAMENTO LONGITUDINAL,MOTO E AUTO,1,1,,,,,,,,1,,,SUBURBIO,Longo da via,Bom,Não existe,Perfeito estado,Seca,Perfeito estado,Não existe,Não há placas,,Dupla,,,,,
2020-12-02,13:47:00,COM VÍTIMA,FINALIZADA,PINA,RUA DAGOBERTO PIRES,3,415,AV BRASILIA FORMOSA,PROX KIOSKE PALAFITA,,,,PINA,ABALROAMENTO TRANSVERSAL,COLISÃO MOTO X CARRO,1,1,,,,,,,,1,,,CIDADE,Longo da via,Bom,Não existe,Perfeito estado,Seca,Perfeito estado,Não existe,Não há placas,,Dupla,Faixa seccionada,,,,
2020-12-02,17:43:00,COM VÍTIMA,FINALIZADA,CAMPO GRANDE,EST DE BELEM,5,1605A,RUA COELHO NETO,EM FRENTE A IGREJA UNIVERSAL / EM FRENTE A PRAÇA CAMPO GRANDE,,,,CAMPO GRANDE,COLISÃO TRASEIRA,COLISÃO MOTO X CARRO,1,1,,,,,,,,2,,,OLINDA,Longo da via,Bom,Não existe,Perfeito estado,Seca,Perfeito estado,Outros,R-6a,,Dupla,Faixa contínua,Faixa seccionada,,,
2020-12-02,17:47:00,COM VÍTIMA,FINALIZADA,SANTO AMARO,RUA TUPINAMBAS,3,646,,,,,,SANTO AMARO,COLISÃO FRONTAL,COLISÃO MOTO X CARRO,1,1,,,,,,,,1,,,SUBURBIO,Longo da via,Bom,Não existe,Perfeito estado,Seca,Perfeito estado,Não existe,Não há placas,,Dupla,Faixa seccionada,,,,
2020-12-02,21:32:00,COM VÍTIMA,FINALIZADA,ILHA JOANA BEZERRA,RUA CAPITAO TEMUDO,0,,,EM CIMA DO VIADUTO- SENTIDO BOA VIAGEM,,,,ILHA JOANA BEZERRA,COLISÃO TRASEIRA,COLISÃO ENTRE AUTO E MOTO- C/V,1,1,,,,,,,,1,,,SUBURBIO,Viaduto,Bom,Não existe,Perfeito estado,Seca,Perfeito estado,Não existe,Não há placas,,Única,Faixa seccionada,,,,
2020-12-02,23:00:00,COM VÍTIMA,FINALIZADA,BOA VIAGEM,RUA PADRE BERNADINO PESSOA,3,317,RUA FRANCISCO DA CUNHA,EM FRENTE AO MERCADINHO SINAS,,,,BOA VIAGEM,ABALROAMENTO TRANSVERSAL,COLISÃO ENTRE TRÊS AUTOS- COM VITIMA,3,,,,,,,,,1,,,CIDADE,Cruzamento,Bom,Não existe,Perfeito estado,Seca,Perfeito estado,Não existe,Placas Pare,,Única,Não existe,,,,
2020-12-03,09:13:00,COM VÍTIMA,FINALIZADA,IBURA,AV DOIS RIOS,3,430,,PRÓXIMO A IGREJA UNIVERSAL DOS SANTOS DOS ÚLTIMOS DIAS- SENTIDO BR,,,,IBURA,COLISÃO FRONTAL,DOIS AUTOS.,2,,,,,,,,,2,,,SUBURBIO,Longo da via,Bom,Não existe,Perfeito estado,Seca,Perfeito estado,,R-6a,,Dupla,Faixa contínua,,,,
2020-12-03,10:48:00,VÍTIMA FATAL,FINALIZADA,BOA VISTA,AV CONDE DA BOA VISTA,0,,RUA DA UNIAO,ESQUINA COM O ED. PESSOA DE MELO. EM FRENTE AO POSTE H038159.,,,,BOA VISTA,ATROPELAMENTO,ÔNIBUS E PEDESTRE,,,,,1,1,,,,,1,,SUBURBIO,Longo da via,Bom,Não existe,Perfeito estado,Seca,Perfeito estado,Faixa de pedestre,R-6c,,Dupla,Canteiro central,,,,
2020-12-03,11:39:00,COM VÍTIMA,FINALIZADA,VARZEA,AV JOAQUIM RIBEIRO,3,200,,PROX. DA UPA DA CAXANGA. GRANERO TRANSPORTES- LADO OPOSTO AO NÚMERO 200.,,,,VÁRZEA,ABALROAMENTO LONGITUDINAL,COM VITIMA GUARDANDO SAMU NO LOCAL,1,1,,,,,,,,1,,,CIDADE,Longo da via,Bom,Não existe,Perfeito estado,Seca,Perfeito estado,Não existe,Não há placas,,Dupla,Canteiro central,,,,
2020-12-03,14:12:00,COM VÍTIMA,FINALIZADA,VARZEA,AV CAXANGA,0,,RUA DONA INES CORREA DE ARAUJO,E/F A IGREJA ASSEMBLEIA DE DEUS NO SEMAFORO 232,,,,VÁRZEA,ABALROAMENTO LONGITUDINAL,COLISAO ENTRE AUTO E MOTO COM UMA VITIMA,1,1,,,,,,,,1,,232,CIDADE,Cruzamento,Bom,Sem defeito,Perfeito estado,Seca,Perfeito estado,Faixa de pedestre,Não há placas,60 km/h,Dupla,Canteiro central,,,,
2020-12-03,14:20:00,COM VÍTIMA,FINALIZADA,ROSARINHO,AV NORTE,0,,,E/F A PADARIA DO ROSARINHO S/T CID,,,,ROSARINHO,COLISÃO COM CICLISTA,COLISAO ENTRE ONIBUS E CICLISTA COM UMA VITIMA,,,,1,,1,,,,1,,,CIDADE,Longo da via,Bom,Não existe,Perfeito estado,Seca,Perfeito estado,Não existe,Não há placas,40 km/h,Dupla,Canteiro central,,,,
2020-12-03,17:30:00,COM VÍTIMA,FINALIZADA,CAXANGA,AV CAXANGA,0,,,EM FRENTE AO GOLF CLUB SENTIDO CAMARAGIBE,,,,CAXANGÁ,COLISÃO,COLISAO ENVOLVENDO DUAS MOTOS COM VITIMA,,2,,,,,,,,2,,,,,,,,,,,,,,,,,,
2020-12-03,17:30:00,COM VÍTIMA,FINALIZADA,VARZEA,AV AFONSO OLINDENSE,3,228,,EM FRENTE AO CONDOMINIO PARQUE CAXANGA E PADARIA CAXANGÁ.,,,,VÁRZEA,ABALROAMENTO TRANSVERSAL,AUTO E MOTO.,1,1,,,,,,,,1,,,SUBURBIO,Longo da via,Bom,Sem defeito,Perfeito estado,Seca,Perfeito estado,Não existe,Outras,,Dupla,Faixa contínua,Faixa seccionada,,,
2020-12-03,18:13:00,COM VÍTIMA,FINALIZADA,CASA FORTE,RUA LEONARDO BEZERRA CAVALCANTE,3,540,,E/F AO MUNDO PEET E LOJA SEDATEX TECIDOS.,,,,CASA FORTE,COLISÃO TRASEIRA,COLISAO ENTRE AUTO E MOTO COM UMA VITIMA,1,1,,,,,,,,1,,,SUBURBIO,Longo da via,Bom,Não existe,Perfeito estado,Seca,Perfeito estado,Não existe,Não há placas,,Única,Não existe,,,,
2020-12-03,20:09:00,COM VÍTIMA,FINALIZADA,BOA VISTA,RUA DA SOLEDADE,0,,AV OLIVEIRA LIMA,E/F A IGREJA DA SOLEDADE,,,,BOA VISTA,COLISÃO TRASEIRA,COLISAO ENTRE 3 MOTOS E UM VEICULO,1,3,,,,,,,,1,,222,CIDADE,Cruzamento,Bom,Sem defeito,Perfeito estado,Seca,Perfeito estado,Faixa de pedestre,Não há placas,,Única,Faixa contínua,,,,
2020-12-03,21:19:00,COM VÍTIMA,FINALIZADA,CORDEIRO,AV CAXANGA,0,,RUA SOUZA BANDEIRA,E/F A DROGASIL,,,,CORDEIRO,COLISÃO COM CICLISTA,ÔNIBUS E BICICLETA,,,,1,,1,,,,1,,236,SUBURBIO,Cruzamento,Bom,Sem defeito,Perfeito estado,Seca,Perfeito estado,Faixa de pedestre,R-6a,40 km/h,Dupla,Canteiro central,,,,
2020-12-03,23:46:00,COM VÍTIMA,FINALIZADA,IMBIRIBEIRA,RUA SARGENTO SILVINO DE MACEDO,3,273,RUA JOSE DA SILVA LUCENA,TOPPUS SERVIÇOS TERCERIZADOS,,,,IMBIRIBEIRA,ABALROAMENTO TRANSVERSAL,VÍTIMA SOCORRIDA PELO SAMU. CONDUTOR DO COROLLA COM SUSPEITA DE EMBRIAGUES,1,1,,,,,,,,1,,,SUBURBIO,Cruzamento,Bom,Não existe,Incompleta,Seca,Perfeito estado,Não existe,Placas Pare,30 km/h,Dupla,Não existe,,,,
2020-12-04,10:16:00,COM VÍTIMA,FINALIZADA,TORRE,RUA PROFESSOR TRAJANO DE MENDONCA,0,,,PRÓXIMO A ENTRADA DO ESTACIONAMENTO DO ATACADO DOS PRESENTES.,,,,TORRE,TOMBAMENTO,COM UMA VITIMA AGUARDANDO SAMU VT 22 DA CTTU NO LOCAL-GM PETRONILO/GM ODILON. SEGUNDO O BOLETIM FÍSICO- TESTEMUNHAS INFORMARAM QUE A COLISÃO ACONTECEU APÓS A QUEDA DO MOTOCICLISTA.,1,1,,,,,,,,1,,,SUBURBIO,Longo da via,Bom,Sem defeito,Perfeito estado,Seca,Perfeito estado,Não existe,Não há placas,,Única,Faixa seccionada,,,,
2020-12-04,11:46:00,COM VÍTIMA,FINALIZADA,VARZEA,AV AFONSO OLINDENSE,3,988,,NA LOMBADA ELETRONICA,,,,VÁRZEA,ATROPELAMENTO,SAMU ACIONADO-VT21 CTTU NO LOCAL -GM JOÃO SANTOS E WALFRANQUILIN,,1,,,1,,,,,1,,,SUBURBIO,Longo da via,Bom,Não existe,Perfeito estado,Seca,Perfeito estado,Faixa de pedestre,Outras,40 km/h,Dupla,Faixa contínua,,,,
2020-12-04,12:55:00,COM VÍTIMA,FINALIZADA,IMBIRIBEIRA,AV MARECHAL MASCARENHAS DE MORAES,0,,,EM FRENTE À FERREIRA COSTA,,,,IMBIRIBEIRA,COLISÃO,COLISÃO COM VÍTIMA. AGUARDANDO ATENDIMENTO DO SAMU.,1,,1,,,,,,,1,,,,,,,,,,,,,,,,,,
2020-12-04,16:24:00,COM VÍTIMA,FINALIZADA,IBURA,AV DOIS RIOS,0,,RUA RIO DO OESTE,PRÓX AO MERCADO RM.,,,,IBURA,COLISÃO TRASEIRA,SAMU- BOMBEIROS E PM NO LOCAL. UM DOS CONDUTORES COM SUSPEITA DE ALCOOLEMIA.,1,1,,,,,,,,2,,,IPSEP / IBURA,Longo da via,Bom,Não existe,Perfeito estado,Seca,Perfeito estado,Não existe,Não há placas,,Dupla,Faixa contínua,,,,