data,hora,natureza_acidente,situacao,bairro,endereco,,numero,detalhe_endereco_acidente,complemento,endereco_cruzamento,numero_cruzamento,referencia_cruzamento,bairro_cruzamento,tipo,descricao,auto,moto,ciclom,ciclista,pedestre,onibus,caminhao,viatura,outros,vitimas,vitimasfatais,num_semaforo,sentido_via,acidente_verificado,tempo_clima,situacao_semaforo,sinalizacao,condicao_via,conservacao_via,ponto_controle,situacao_placa,velocidade_max_via,mao_direcao,divisao_via1,divisao_via2,divisao_via3,_id,Protocolo
2020-12-04,17:10:00,COM VÍTIMA,FINALIZADA,MADALENA,RUA REAL DA TORRE,3,607,RUA MENEZES DRUMOND,EM FRENTE A PRAÇA DO MERCADO MADALENA. POR TRÁS DELE.,,,,MADALENA,ATROPELAMENTO,USUARIO INFORMA QUE MOTOQUEIRO FOI DESVIAR DE UM PEDESTRE E COLIDIU COM O CARRO PARADO. SEGUNDO O BOLETIM FÍSICO- O ATROPELAMENTO ACONTECEU PRIMEIRO- EM SEGUIDA HOUVE O CHOQUE COM O VEÍCULO TÁXI QUE ENCONTRAVA-SE EM SEU PONTO DE EMBARQUE.,1,1,,,1,,,,,1,,,SUBURBIO,Longo da via,Bom,Não existe,Perfeito estado,Seca,Perfeito estado,Não existe,Não há placas,,Única,Faixa seccionada,,,,
2020-12-04,17:32:00,COM VÍTIMA,FINALIZADA,CORDEIRO,RUA PROFESSOR JOAQUIM XAVIER DE BRITO,0,,RUA OCIDENTAL,PROX JC CONSTRUÇÕES / LYA GALETOS,,,,CORDEIRO,COLISÃO FRONTAL,COLISÃO MOTO X DOIS AUTOS,2,1,,,,,,,,1,,,SUBURBIO,Cruzamento,Bom,Não existe,Incompleta,Seca,Perfeito estado,Não existe,,40 km/h,Dupla,Canteiro central,,,,
2020-12-04,18:26:00,COM VÍTIMA,FINALIZADA,MONTEIRO,RUA DE APIPUCOS,0,,,PRÓXIMO AO EDIFICIO PORTA D' ÁGUA- APÓS A PRAÇA DO MONTEIRO.,,,,MONTEIRO,COLISÃO FRONTAL,COLISÃO ENTRE DUAS MOTOS COM VITIMA,,2,,,,,,,,2,,,CIDADE,Longo da via,Bom,Não existe,Perfeito estado,Seca,Perfeito estado,Não existe,Não há placas,,Dupla,Faixa contínua,,,,
2020-12-04,18:55:00,COM VÍTIMA,FINALIZADA,BOA VIAGEM,RUA JOAO CARDOSO AIRES,3,647,RUA ALMIRANTE BATISTA LEAO,EM FRENTE A PIZZARIA PARQUE DA PIZZA // PRÓX AO PLANET JATO,,,,BOA VIAGEM,COLISÃO FRONTAL,COLISÃO ENTRE AUTO E MOTO- COM VÍTIMA,1,1,,,,,,,,1,,,SUBURBIO,Cruzamento,Bom,Não existe,Perfeito estado,Seca,Perfeito estado,Não existe,Outras,30 km/h,Única,Não existe,,,,
2020-12-04,19:46:00,COM VÍTIMA,FINALIZADA,ENCRUZILHADA,AV NORTE,4,2665,RUA FERNANDO CESAR,EM FRENTE AO ESTACIONAMENTO DO SUPERMERCADO EXTRABOM,,,,ENCRUZILHADA,COLISÃO COM CICLISTA,MOTO E BICICLETA.,,1,,1,,,,,,2,,45,CIDADE,Longo da via,Bom,Sem defeito,Perfeito estado,Seca,Perfeito estado,Outros,Outras,,Única,Faixa seccionada,,,,
2020-12-05,07:00:00,COM VÍTIMA,FINALIZADA,IMBIRIBEIRA,AV RECIFE,4,1114,,EM FRENTE A CARLOS FILME EQUIPADORA,,,,IMBIRIBEIRA,COLISÃO TRASEIRA,MOTO E AUTO,1,1,,,,,,,,1,,319,SUBURBIO,Longo da via,Bom,Sem defeito,Perfeito estado,Seca,Perfeito estado,Faixa de pedestre,Não há placas,,Dupla,Canteiro central,,,,
2020-12-05,21:08:00,COM VÍTIMA,FINALIZADA,ARRUDA,RUA PETRONILA BOTELHO,0,,AV PROFESSOR JOSE DOS ANJOS,NO CRUZAMENTO DA AV PROF JOSÉ DOS ANJOS,,,,ARRUDA,ABALROAMENTO TRANSVERSAL,AUTO E MOTO.,1,1,,,,,,,,1,,554,CIDADE,Cruzamento,Bom,Sem defeito,Perfeito estado,Seca,Perfeito estado,Faixa de pedestre,,40 km/h,Única,Faixa seccionada,,,,
2020-12-06,09:49:00,COM VÍTIMA,FINALIZADA,JORDAO,RUA JOSE MARTORANO,3,840,RUA RUBINEIA,PRÓXIMO A IGREJA PRESBITERIANA DO BRASIL.,,,,JORDÃO,ABALROAMENTO TRANSVERSAL,VT - 32 DA CTTU- MT MARCOS ANTONIO - ANTONIO SOUZA - ADAILSON X MOTOCICLETA- CONDUTOR DE MENOR IDADE- NÃO É HABILITADO,,1,,,,,,1,,1,,,SUBURBIO,Cruzamento,Bom,Não existe,Não existente,Seca,Perfeito estado,Não existe,Não há placas,30 km/h,Dupla,Não existe,,,,
2020-12-06,15:27:00,COM VÍTIMA,FINALIZADA,JORDAO,RUA ANTONIO ROCHA,3,55D,AV BEIRA RIO,EM FRENTE A FUNDIÇÃO REAL,,,,JORDÃO,ABALROAMENTO TRANSVERSAL,COLISÃO CARRO X MOTO,1,1,,,,,,,,1,,,SUBURBIO,Cruzamento,Bom,Não existe,Incompleta,Seca,Outros,Não existe,Não há placas,,Dupla,Outros,,,,
2020-12-06,15:59:00,COM VÍTIMA,FINALIZADA,BOA VISTA,RUA BISPO CARDOSO AYRES,3,756,RUA DO RIACHUELO,AO LADO DO DEPOSITO DO NILSON,,,,BOA VISTA,ABALROAMENTO TRANSVERSAL,COLISÃO MOTO X CARRO,1,1,,,,,,,,1,,,,Cruzamento,Bom,Não existe,Perfeito estado,Seca,Perfeito estado,Faixa de pedestre,Placas Pare,40 km/h,Única,,,,,
2020-12-06,19:23:00,COM VÍTIMA,FINALIZADA,CASA AMARELA,RUA PADRE LEMOS,3,391,AV PEDRO ALLAIN,EM FRENTE A FIGUEIRAS CALÇADOS E IGREJA UNIVERSAL .,,,,CASA AMARELA,COLISÃO FRONTAL,COLISÃO ENTRE AUTO E MOTO- COM VÍTIMA,1,1,,,,,,,,1,,,SUBURBIO,Cruzamento,Bom,Não existe,Perfeito estado,Seca,Perfeito estado,Faixa de pedestre,Não há placas,,Dupla,Não existe,,,,
2020-12-07,13:19:00,COM VÍTIMA,FINALIZADA,BOA VIAGEM,RUA ANTONIO FALCAO,3,775,RUA MINISTRO NELSON HUNGRIA,E/F A PADARIA PARQUE DO TRIGO DELICATESSEN.,,,,BOA VIAGEM,ABALROAMENTO LONGITUDINAL,AUTO E MOTO.,1,1,,,,,,,,1,,,,Longo da via,Bom,Não existe,Perfeito estado,Seca,Perfeito estado,Não existe,R-6a,60 km/h,Única,Faixa contínua,Faixa seccionada,,,
2020-12-07,18:18:00,COM VÍTIMA,FINALIZADA,ARRUDA,RUA DO MACHADO,3,554,RUA ZEFERINO AGRA,PRÓX AO CAMPO DO SANTA CRUZ,,,,ARRUDA,ABALROAMENTO TRANSVERSAL,AUTO X MOTO. C/V,1,1,,,,,,,,1,,,CIDADE,Cruzamento,Bom,Não existe,Perfeito estado,Seca,Perfeito estado,Faixa de retenção,Outras,,Dupla,Não existe,,,,
2020-12-07,19:18:00,COM VÍTIMA,FINALIZADA,SAO JOSE,RUA IMPERIAL,0,,TRV DO RAPOSO,SEMÁFORO 910,,,,SÃO JOSÉ,COLISÃO,AUTO X MOTO. C/V,1,1,,,,,,,,1,,,,,,,,,,,,,,,,,,
2020-12-08,14:53:00,COM VÍTIMA,FINALIZADA,BOA VIAGEM,AV ENGENHEIRO DOMINGOS FERREIRA,0,,RUA ARTUR MUNIZ,PRÓXIMO AO EXTRA,,,,BOA VIAGEM,COLISÃO TRASEIRA,COLISÃO ENTRE AUTO E MOTO,1,1,,,,,,,,1,,380,SUBURBIO,Cruzamento,Bom,Sem defeito,Perfeito estado,Seca,Perfeito estado,Faixa de pedestre,Não há placas,60 km/h,Única,Canteiro central,,,,
2020-12-08,20:07:00,COM VÍTIMA,FINALIZADA,BOA VISTA,AV CONDE DA BOA VISTA,3,569,,EM FRENTE AO SHOPPING BOA VISTA- SENTIDO CENTRO E LOJA AGIBANK.,,,,BOA VISTA,ATROPELAMENTO,ATROPELAMENTO ENVOLVENDO AUTO E PEDESTRE- COM VÍTIMA,1,,,,1,,,,,1,,24,CIDADE,Longo da via,Bom,Sem defeito,Perfeito estado,Seca,Perfeito estado,Faixa de pedestre,Outras,,Única,Faixa contínua,,,,
2020-12-09,07:08:00,COM VÍTIMA,FINALIZADA,IPUTINGA,RUA SAO MATEUS,0,,AV MAURICIO DE NASSAU,EM FRENTE A IGREJA BATISTA CENTRAL,,,,IPUTINGA,COLISÃO FRONTAL,MOTO,,1,,,,,,,,1,,239,CIDADE,Cruzamento,Chuvoso,,Incompleta,Molhada,Mal conservada,Faixa de pedestre,R-6a,,Dupla,Faixa contínua,,,,
2020-12-09,07:48:00,COM VÍTIMA,FINALIZADA,TAMARINEIRA,AV NORTE,4,5035,,LADO OPOSTO AO POSTO BR,,,,TAMARINEIRA,TOMBAMENTO,TOMBAMENTO DE MOTOCICLISTA.,,1,,,,,,,,1,,,CIDADE,Longo da via,Chuvoso,Sem defeito,Perfeito estado,Molhada,Perfeito estado,Não existe,Outras,60 km/h,Única,Canteiro central,,,,
2020-12-09,08:51:00,COM VÍTIMA,FINALIZADA,SAO JOSE,C SANTA RITA,0,,,AO LADO DAS TORRES GÊMEAS.,,,,SÃO JOSÉ,TOMBAMENTO,TOMBAMENTO DE MOTOCICLISTA.,,1,,,,,,,,2,,,CIDADE,Longo da via,Chuvoso,Sem defeito,Perfeito estado,Molhada,Perfeito estado,Não existe,R-6a,60 km/h,Única,Faixa seccionada,,,,
2020-12-09,09:18:00,COM VÍTIMA,FINALIZADA,BOA VIAGEM,AV CONSELHEIRO AGUIAR,4,1540,RUA ARTUR MUNIZ,EM FRENTE  AO POSTO DE GASOLINA BR,,,,BOA VIAGEM,ABALROAMENTO LONGITUDINAL,COLISÃO COM VITIMA A ESPERA DO SAMU,1,1,,,,,,,,1,,5,,Cruzamento,Chuvoso,Sem defeito,Perfeito estado,Molhada,Perfeito estado,Faixa de pedestre,Outras,,Única,Faixa seccionada,,,,
2020-12-09,10:03:00,COM VÍTIMA,FINALIZADA,BOA VIAGEM,AV CONSELHEIRO AGUIAR,4,2088,,AO LADO DA CAIXA ECONOMICA FEDERAL E LOJA NOVO PROJETO.,,,,BOA VIAGEM,ABALROAMENTO LONGITUDINAL,COLISÃO COM VITIMA BT AGUIAR LUCAS RAMOS QTH,1,1,,,,,,,,1,,,SUBURBIO,Longo da via,Chuvoso,Não existe,Perfeito estado,Molhada,Perfeito estado,Não existe,Não há placas,,Única,Faixa seccionada,,,,
2020-12-09,14:46:00,COM VÍTIMA,FINALIZADA,MADALENA,RUA NOBRE DE LACERDA,0,,EST DOS REMEDIOS,E/F A NAGEM E AO LADO DO GRUPO SENA,,,,MADALENA,ABALROAMENTO LONGITUDINAL,COLISAO ENTRE DOIS AUTOS E UMA MOTO COM UMA VITIMA,2,1,,,,,,,,1,,,,Longo da via,Bom,Não existe,Não existente,Seca,Perfeito estado,Não existe,Não há placas,,Dupla,Não existe,,,,
2020-12-10,08:16:00,COM VÍTIMA,FINALIZADA,IMBIRIBEIRA,EST DO FRIGORIFICO,0,,,APÓS O ARAS BOA VIAGEM E ATRÁS DA FACULDADE UNIVERSO,,,,IMBIRIBEIRA,CHOQUE OBJETO FIXO,POSTE VEIO AO SOLO E FIOS DE ALTA TENSÃO NO CHÃO - UMA PESSOA SOFREU UM CHOQUE ELÉTRICO E UMA VÍTIMA,,,,,,,,,,1,,,,,,,,,,,,,,,,,,
2020-12-10,09:45:00,COM VÍTIMA,FINALIZADA,ILHA DO LEITE,RUA SENADOR JOSE HENRIQUE,3,224,AV FREI MATIAS TEVES,EM FRENTE AO EMPRESARIAL CHARLES DARWIN,,,,ILHA DO LEITE,COLISÃO FRONTAL,COLISÃO ENTRE DOIS AUTOS .COM UMA VITIMA DE 89 ANOS SENDO SOCORRIDA PELO SAMU/,2,,,,,,,,,1,,,SUBURBIO,Cruzamento,Bom,Não existe,Perfeito estado,Seca,Perfeito estado,Faixa de pedestre,Placas Pare,30 km/h,Dupla,Não existe,,,,
2020-12-10,13:28:00,COM VÍTIMA,FINALIZADA,PINA,RUA PROFESSOR ARNALDO CARNEIRO LEAO,0,,,PROX AO BIG BOMPREÇO,,,,PINA,COLISÃO,COLISÃO MOTO X CARRO,1,1,,,,,,,,1,,,,,,,,,,,,,,,,,,
2020-12-10,13:34:00,COM VÍTIMA,FINALIZADA,CIDADE UNIVERSITARIA,RUA EMILIANO BRAGA,0,,RUA PROFESSOR ANTONIO COELHO,POR TRAS DO TI CDU,,,,CIDADE UNIVERSITÁRIA,ABALROAMENTO TRANSVERSAL,COLISÃO MOTO X CARRO / VT 24 NO LOCAL,1,1,,,,,,,,1,,,CIDADE,Cruzamento,Bom,Não existe,Perfeito estado,Seca,Perfeito estado,,Placas Pare,,Única,Faixa seccionada,,,,
2020-12-10,13:50:00,COM VÍTIMA,FINALIZADA,MADALENA,RUA BENFICA,4,1146,RUA JOAO IVO DA SILVA,EM FRENTE AO MUSEU DA ABOLIÇÃO / BRADESCO,,,,MADALENA,COLISÃO,SAMU NO LOCAL,1,1,,,,,,,,1,,257,SUBURBIO,Longo da via,Bom,Sem defeito,Perfeito estado,Seca,Perfeito estado,Faixa de pedestre,Não há placas,,Dupla,Faixa contínua,,,,
2020-12-10,14:05:00,COM VÍTIMA,FINALIZADA,DOIS UNIDOS,AV HILDEBRANDO DE VASCONCELOS,4,512A,RUA MARIO JOSE DE SOUZA,APÓS O CANIL / PRÓX À KS DISTRIBUIDORA,,,,DOIS UNIDOS,COLISÃO FRONTAL,AGUARDANDO ATENDIMENTO DO SAMU,,2,,,,,,,,2,,,CIDADE,Esquina,Bom,Não existe,Perfeito estado,Seca,Perfeito estado,Outros,R-6a,,Dupla,Faixa seccionada,,,,
2020-12-10,15:00:00,COM VÍTIMA,FINALIZADA,IMBIRIBEIRA,AV MARECHAL MASCARENHAS DE MORAES,0,,,APÓS O GERALDÃO / SAM'S CLUB,,,,IMBIRIBEIRA,COLISÃO,AGUARDANDO ATENDIMENTO DO SAMU.,2,1,,,,,,,,1,,,,,,,,,,,,,,,,,,
2020-12-10,16:53:00,COM VÍTIMA,FINALIZADA,BOA VIAGEM,AV BOA VIAGEM,4,1338,,EM FRENTE AO SEGUNDO JARDIM,,,,BOA VIAGEM,ABALROAMENTO LONGITUDINAL,AGUARDANDO ATENDIMENTO DO SAMU. BATEDORES REGINALDO E MILTON NO LOCAL.,1,1,,,,,,,,1,,,CIDADE,Longo da via,Bom,Não existe,Perfeito estado,Seca,Perfeito estado,Não existe,Não há placas,60 km/h,Única,Faixa seccionada,,,,
2020-12-10,20:38:00,COM VÍTIMA,FINALIZADA,SANTO AMARO,AV DR JAYME DA FONTE,2,34,,EM FRENTE A COMPESA- PROXIMO DO MERCADINHO MAIS VOCÊ,,,,SANTO AMARO,ABALROAMENTO TRANSVERSAL,COLISÃO ENTRE AUTO E MOTO- COM VÍTIMA,1,1,,,,,,,,2,,,,Longo da via,Bom,Não existe,Perfeito estado,Seca,Perfeito estado,Faixa de retenção,Não há placas,,Dupla,Faixa seccionada,Canteiro central,,,
2020-12-11,07:59:00,COM VÍTIMA,FINALIZADA,CAMPO GRANDE,AV GOVERNADOR AGAMENON MAGALHAES,4,1302,,PROX. A ANTIGA UNICORD E POSTO BR,,,,CAMPO GRANDE,ABALROAMENTO TRANSVERSAL,COM VITIMAS,,1,,,,,,1,,1,,379,CIDADE,Longo da via,Bom,Sem defeito,Perfeito estado,Seca,Perfeito estado,Faixa de pedestre,Outras,,Dupla,Faixa seccionada,Canteiro central,,,
2020-12-11,08:13:00,COM VÍTIMA,FINALIZADA,CORDEIRO,AV CAXANGA,3,279,,EM FRENTE DO BANCO SANTANDER,,,,CORDEIRO,ABALROAMENTO LONGITUDINAL,COLISÃO COM EVASÃO/ VITIMA NO LOCAL,1,1,,,,,,,,1,,,CIDADE,Longo da via,Bom,Não existe,Perfeito estado,Seca,Mal conservada,Não existe,Não há placas,,Única,Faixa seccionada,,,,
2020-12-11,08:34:00,COM VÍTIMA,FINALIZADA,DERBY,AV GOVERNADOR AGAMENON MAGALHAES,0,,RUA HENRIQUE DIAS,PROX. A FARMACIA PAGUE MENOS,,,,DERBY,ATROPELAMENTO,MOTO E PEDESTRE C/V (PONTO FIXO GM JEFERSON E JOSY KARLA),,1,,,1,,,,,1,,68,BOA VIAGEM,Longo da via,Bom,Sem defeito,Perfeito estado,Seca,Perfeito estado,Agente,R-19,60 km/h,Dupla,Faixa contínua,,,,
2020-12-11,10:53:00,COM VÍTIMA,FINALIZADA,PINA,AV HERCULANO BANDEIRA,3,960,,EM FRENTE A MERCEDES,,,,PINA,COLISÃO TRASEIRA,COM VITIMA,1,1,,,,,,,,1,,657,SUBURBIO,Longo da via,Bom,Sem defeito,Perfeito estado,Seca,Perfeito estado,Agente,Não há placas,60 km/h,Única,Faixa seccionada,,,,
2020-12-11,13:18:00,COM VÍTIMA,FINALIZADA,ENGENHO DO MEIO,RUA LINDOLFO COLOR,0,,RUA ANTONIO CURADO,NO SEMÁFORO 395/ SENTIDO AV CAXANGA,,,,ENGENHO DO MEIO,COLISÃO TRASEIRA,COLISÃO COM VÍTIMA,1,1,,,,,,,,1,,395,,Cruzamento,Bom,Sem defeito,Ilegível,Seca,Perfeito estado,Faixa de pedestre,R-34,40 km/h,Dupla,,,,,
2020-12-11,13:51:00,COM VÍTIMA,FINALIZADA,AREIAS,AV DR JOSE RUFINO,3,642,,NO SEMAFORO 491. IGREJA MATRIZ DE SANTA LUZIA,,,,AREIAS,ATROPELAMENTO,MOTO ATROPELOU UM PEDESTRE VT 22 NO LOCAL,,1,,,1,,,,,1,,491,SUBURBIO,Longo da via,Bom,Sem defeito,Perfeito estado,Seca,Perfeito estado,Faixa de pedestre,R-6a,,Dupla,Faixa contínua,,,,
2020-12-11,18:12:00,COM VÍTIMA,FINALIZADA,VARZEA,AV AFONSO OLINDENSE,3,988,RUA MANOEL CORREIA,E/F A LOMBADA ELETRONICA E SUPERMERCADO BEM BOM.,,,,VÁRZEA,ABALROAMENTO LONGITUDINAL,COLISAO ENTRE MOTO E AUTO COM VITIMA,1,1,,,,,,,,1,,,PRC DA VÁRZEA,Longo da via,Bom,Não existe,Perfeito estado,Seca,,Não existe,Não há placas,,Dupla,Faixa seccionada,,,,
2020-12-12,12:45:00,COM VÍTIMA,FINALIZADA,ENCRUZILHADA,AV BEBERIBE,3,433,RUA PROFESSOR OTAVIO DE FREITAS,PROX AO BAR DO DRAGAO / CANAL DA BARRIGUDA. AO LADO DO NÚMERO 433.,,,,ENCRUZILHADA,ABALROAMENTO LONGITUDINAL,COLISÃO MOTO X CARRO / VT 02 NO LOCAL,1,1,,,,,,,,1,,,SUBURBIO,Longo da via,Bom,Não existe,Não existente,Seca,Perfeito estado,Não existe,Não há placas,,Dupla,Faixa contínua,,,,
2020-12-12,13:34:00,COM VÍTIMA,FINALIZADA,ILHA JOANA BEZERRA,PTE JOSE DE BARROS LIMA,0,,,SUBIDA DA PONTE,,,,ILHA JOANA BEZERRA,CHOQUE OBJETO FIXO,COLISAO ENVOLVENDO DUAS MOTOS COM VITIMA,,2,,,,,,,,1,,,CIDADE,Ponte,Bom,Não existe,Perfeito estado,Seca,Perfeito estado,Não existe,Não há placas,60 km/h,Única,Faixa seccionada,,,,
2020-12-12,13:46:00,COM VÍTIMA,FINALIZADA,BOA VISTA,AV CONDE DA BOA VISTA,4,1072,RUA DA SOLEDADE,ESTAÇÃO BRT SOLEDADE.,,,,BOA VISTA,ATROPELAMENTO,HONDA XRE 300,,1,,,1,,,,,2,,25,SUBURBIO,Longo da via,Bom,Sem defeito,Perfeito estado,Seca,Perfeito estado,Faixa de pedestre,Não há placas,,Dupla,Outros,,,,
2020-12-12,15:04:00,COM VÍTIMA,FINALIZADA,BOA VIAGEM,AV ENGENHEIRO DOMINGOS FERREIRA,0,,RUA ERNESTO DE PAULA SANTOS,EM FRENTE AO RESTAURANTE DOM FERREIRA FORNEIRA,,,,BOA VIAGEM,ABALROAMENTO LONGITUDINAL,COLISÃO MOTO X CARRO,1,1,,,,,,,,1,,217,SUBURBIO,Cruzamento,Bom,Sem defeito,Perfeito estado,Seca,Perfeito estado,Faixa de pedestre,,,Única,Canteiro central,,,,
2020-12-12,15:25:00,COM VÍTIMA,FINALIZADA,CAMPO GRANDE,RUA ODORICO MENDES,3,165,RUA VISCONDE DE CAIRU,APÓS O CLUBE DAS PÁS,,,,CAMPO GRANDE,ABALROAMENTO LONGITUDINAL,AGUARDANDO ATENDIMENTO DO SAMU.,1,1,,,,,,,,2,,,CIDADE,Cruzamento,Bom,Não existe,,Seca,Perfeito estado,Não existe,R-6a,,Dupla,Faixa seccionada,,,,
2020-12-13,10:34:00,COM VÍTIMA,FINALIZADA,IMBIRIBEIRA,AV MARECHAL MASCARENHAS DE MORAES,0,,RUA ITACARI,EM FRENTE AO BANCO ITAÚ.,,,,IMBIRIBEIRA,COLISÃO TRASEIRA,COLISÃO COM VÍTIMA,,2,,,,,,,,2,,255,SUBURBIO,Longo da via,Bom,Sem defeito,Perfeito estado,Seca,Perfeito estado,Faixa de pedestre,Não há placas,60 km/h,Dupla,Canteiro central,,,,
2020-12-13,13:30:00,COM VÍTIMA,FINALIZADA,PINA,AV REPUBLICA ARABE UNIDA,0,,RUA NOGUEIRA DE SOUZA,NA ENTRADA DO SHOPPING RIOMAR,,,,PINA,ABALROAMENTO TRANSVERSAL,COLISAO ENTRE AUTO E MOTO COM UMA VITIMA,1,1,,,,,,,,1,,658,SHOP RIO MAR,Cruzamento,Bom,Sem defeito,Perfeito estado,Seca,Perfeito estado,Não existe,Não há placas,,Única,Faixa seccionada,,,,
2020-12-13,15:13:00,COM VÍTIMA,FINALIZADA,AFOGADOS,AV SUL,4,2056,,ESTAÇÃO LARGO DA PAZ. BORRACHARIA SUL.,,,,AFOGADOS,ABALROAMENTO LONGITUDINAL,COLISÃO COM VITIMA,1,1,,,,,,,,1,,,CIDADE,Longo da via,Bom,Não existe,Perfeito estado,Seca,Perfeito estado,Não existe,Outras,,Única,Faixa seccionada,,,,
2020-12-13,16:07:00,COM VÍTIMA,FINALIZADA,IBURA,RUA PINTOR AGENOR DE ALBUQUERQUE CESAR,0,,AV DOIS RIOS,,,,,IBURA,ATROPELAMENTO,MOTO ATROPELOU 1 PEDESTRE,,1,,,1,,,,,1,,561,SUBURBIO,Longo da via,Bom,Sem defeito,Incompleta,Seca,Perfeito estado,Faixa de pedestre,Outras,40 km/h,Dupla,Faixa seccionada,,,,
2020-12-13,17:40:00,COM VÍTIMA,FINALIZADA,TAMARINEIRA,EST VELHA DE AGUA FRIA,3,637,,PROX AO DNOCS,,,,TAMARINEIRA,ABALROAMENTO LONGITUDINAL,COLISAO ENTRE AUTO E MOTO COM UMA VITIMA,1,1,,,,,,,,1,,,SUBURBIO,Longo da via,Bom,Não existe,Perfeito estado,Seca,Perfeito estado,Não existe,Não há placas,,Dupla,Faixa contínua,,,,
2020-12-13,19:20:00,COM VÍTIMA,FINALIZADA,ESPINHEIRO,RUA DO ESPINHEIRO,3,278,RUA SANTO ELIAS,E/F AO POSTO IPIRANGA,,,,ESPINHEIRO,ABALROAMENTO TRANSVERSAL,AUTO X MOTO. C/V,1,1,,,,,,,,1,,,NORTE,Cruzamento,Bom,Não existe,Perfeito estado,Seca,Perfeito estado,Faixa de pedestre,Não há placas,,Única,Faixa seccionada,,,,
2020-12-13,19:57:00,COM VÍTIMA,FINALIZADA,CAXANGA,AV JOAQUIM RIBEIRO,3,340,AV PERNAMBUCO,APÓS A UPA DA CAXANGÁ - PROXIMO À ESTAÇÃO BRT. EM FRENTE A REDE TEM SUPERMERCADO.,,,,CAXANGÁ,ATROPELAMENTO,MOTO X PEDESTRE,,1,,,1,,,,,1,,,SUBURBIO,Longo da via,Bom,Não existe,Perfeito estado,Seca,Perfeito estado,Outros,,,Dupla,Faixa seccionada,,,,
2020-12-14,13:02:00,COM VÍTIMA,FINALIZADA,CORDEIRO,AV CAXANGA,4,2900,,EM FRENTE A O EXTRA SUPERMERCADO.,,,,CORDEIRO,COLISÃO TRASEIRA,COM UMA VITIMA-SAMU NO LOCAL,,1,,,,1,,,,1,,,SUBURBIO,Longo da via,Bom,,Perfeito estado,Seca,Perfeito estado,Agente,Não há placas,60 km/h,Dupla,Faixa contínua,Faixa seccionada,Canteiro central,,
2020-12-14,14:15:00,COM VÍTIMA,FINALIZADA,SAO JOSE,RUA IMPERIAL,3,981,TRV DO RAPOSO,C.M. PRODUTOS SIDERÚRGICOS FERRO E AÇO.,,,,SÃO JOSÉ,ABALROAMENTO TRANSVERSAL,COM UMA VITIMA AGUARDANDO SOCORRO/CTTU NO LOCAL VT14,1,1,,,,,,,,1,,510,SUBURBIO,Cruzamento,Bom,Sem defeito,Perfeito estado,Seca,Perfeito estado,Faixa de pedestre,Não há placas,,Única,Faixa contínua,,,,
2020-12-14,15:01:00,COM VÍTIMA,FINALIZADA,CAMPO GRANDE,RUA PROFESSOR FRANCISCO DA TRINDADE,3,481,RUA CATULO DA PAIXAO CEARENSE,PROX AO CENTRO DE BELEZA MERY. AO LADO DA CAPELA SÃO VICENTE.,,,,CAMPO GRANDE,ABALROAMENTO TRANSVERSAL,COLISÃO MOTO X CARRO,1,1,,,,,,,,1,,,CIDADE,Cruzamento,Bom,Não existe,Incompleta,Seca,Perfeito estado,Faixa de retenção,Placas Pare,,Dupla,Faixa seccionada,,,,
2020-12-14,16:28:00,COM VÍTIMA,FINALIZADA,CAXANGA,AV CAXANGA,0,,,EM FRENTE AO TI CAXANGA / PROX A PONTE SENTIDO UPA,,,,CAXANGÁ,COLISÃO COM CICLISTA,COLISÃO COM CICLISTA,,,,1,,1,,,,1,,,SUBURBIO,Longo da via,Bom,Sem defeito,Perfeito estado,Seca,Perfeito estado,Faixa de pedestre,Não há placas,60 km/h,Dupla,Faixa seccionada,,,,
2020-12-14,16:55:00,COM VÍTIMA,FINALIZADA,BOA VISTA,RUA DR LEOPOLDO LINS,0,,AV GOVERNADOR AGAMENON MAGALHAES,NA ESQUINA DA CAIXA ECONOMICA,,,,BOA VISTA,ABALROAMENTO TRANSVERSAL,COLISAO ENVOLVENDO AUTO E MOTO COM VITIMA,1,1,,,,,,,,1,,78,SUBURBIO,Cruzamento,Bom,Sem defeito,Perfeito estado,Seca,Perfeito estado,Faixa de pedestre,R-19,60 km/h,Dupla,Canal,,,,