data,hora,natureza_acidente,situacao,bairro,endereco,,numero,detalhe_endereco_acidente,complemento,endereco_cruzamento,numero_cruzamento,referencia_cruzamento,bairro_cruzamento,tipo,descricao,auto,moto,ciclom,ciclista,pedestre,onibus,caminhao,viatura,outros,vitimas,vitimasfatais,num_semaforo,sentido_via,acidente_verificado,tempo_clima,situacao_semaforo,sinalizacao,condicao_via,conservacao_via,ponto_controle,situacao_placa,velocidade_max_via,mao_direcao,divisao_via1,divisao_via2,divisao_via3,_id,Protocolo
2020-12-14,18:43:00,COM VÍTIMA,FINALIZADA,ENCRUZILHADA,AV NORTE,4,1835,AV JOAO DE BARROS,EM FRENTE AO BANCO SANTANDER,,,,ENCRUZILHADA,ABALROAMENTO TRANSVERSAL,COLISÃO ENTRE AUTO E MOTO- COM VÍTIMA,1,1,,,,,,,,1,,43,,Cruzamento,Bom,Sem defeito,Perfeito estado,Seca,Perfeito estado,Agente,R-26,,Dupla,Canteiro central,,,,
2020-12-15,08:36:00,COM VÍTIMA,FINALIZADA,CIDADE UNIVERSITARIA,RUA GENERAL POLIDORO,3,788,,GALERIA UNIVERSITARIA. AO LADO DO NÚMERO INFORMADO.,,,,CIDADE UNIVERSITÁRIA,ABALROAMENTO LONGITUDINAL,COM VITIMA,1,1,,,,,,,,1,,,SUBURBIO,Longo da via,Bom,Não existe,Perfeito estado,Seca,Perfeito estado,Não existe,Não há placas,,Dupla,Faixa contínua,,,,
2020-12-15,09:00:00,COM VÍTIMA,FINALIZADA,IBURA,AV DOIS RIOS,4,1333,,CONSELHO TUTELAR RPA 6B,,,,,COLISÃO FRONTAL,AUTO E MOTO,1,1,,,,,,,,1,,,SUBURBIO,Longo da via,Bom,Não existe,Não existente,Seca,Perfeito estado,Não existe,Não há placas,,Dupla,Faixa contínua,,,,
2020-12-15,14:01:00,COM VÍTIMA,FINALIZADA,CORDEIRO,AV CAXANGA,4,1845,,EM FRENTE AO SOBERANO/ SENTIDO CIDADE,,,,CORDEIRO,ABALROAMENTO LONGITUDINAL,COLISÃO COM VÍTIMA,1,1,,,,,,,,1,,,CIDADE,Longo da via,Bom,Não existe,Perfeito estado,Seca,Perfeito estado,Não existe,R-6a,60 km/h,Única,Faixa seccionada,Canteiro central,,,
2020-12-15,18:13:00,COM VÍTIMA,FINALIZADA,MADALENA,AV ENGENHEIRO ABDIAS DE CARVALHO,0,,EST DOS REMEDIOS,,,,,MADALENA,ABALROAMENTO LONGITUDINAL,COM VÍTIMA,,2,,,,,,,,1,,52,TORRE,Longo da via,Bom,Sem defeito,Perfeito estado,Seca,Perfeito estado,Não existe,Não há placas,60 km/h,Única,Faixa seccionada,,,,
2020-12-15,18:59:00,COM VÍTIMA,FINALIZADA,CABANGA,RUA CAPITAO TEMUDO,0,,AV SATURNINO DE BRITO,SNT BV- AO LADO DO VIADUTO CAP TEMUDO,,,,CABANGA,ABALROAMENTO LONGITUDINAL,AUTO X MOTO. C/V,1,1,,,,,,,,1,,,BOA VIAGEM,Esquina,Chuvoso,Não existe,Perfeito estado,Molhada,Perfeito estado,Não existe,Não há placas,,Única,Faixa seccionada,,,,
2020-12-15,21:23:00,COM VÍTIMA,FINALIZADA,VARZEA,AV AFONSO OLINDENSE,3,420,,E/F AO ANTIGO COLISEU- EMPRESA COOPERNORTE. SINPETRACOPE.,,,,VÁRZEA,ABALROAMENTO TRANSVERSAL,MOTO X ÕNIBUS. C/V,,1,,,,1,,,,2,,,PRAÇA DA VÁRZEA,Longo da via,Bom,Não existe,Perfeito estado,Seca,Perfeito estado,Não existe,Não há placas,,Dupla,Faixa seccionada,,,,
2020-12-16,09:20:00,COM VÍTIMA,FINALIZADA,VARZEA,RUA CONEGO JOSE FERNANDES MACHADO,3,41A,,RUA DA ANTENA DO UR7 VÁRZEA,,,,VÁRZEA,COLISÃO FRONTAL,COM UMA VITIMA -AGUARDANDO SOCORRO,1,1,,,,,,,,1,,,,Longo da via,Bom,Não existe,Não existente,Seca,Perfeito estado,Não existe,Não há placas,,Dupla,Não existe,,,,
2020-12-16,09:48:00,COM VÍTIMA,FINALIZADA,CORDEIRO,EST DO FORTE DO ARRAIAL N. DO B. JESUS,4,1291,RUA TAMBORIL,AO LADO DA PRAÇA AMPO DO 15. SELF SERVICE DA BENE.,,,,CORDEIRO,ABALROAMENTO LONGITUDINAL,COM UMA VITIMA-SAMU ACIONADO,1,1,,,,,,,,1,,482,SUBURBIO,Longo da via,Bom,Sem defeito,Perfeito estado,Seca,Perfeito estado,Não existe,Não há placas,30 km/h,Dupla,Faixa seccionada,,,,
2020-12-16,17:33:00,COM VÍTIMA,FINALIZADA,TORRE,RUA CONDE DE IRAJA,0,,RUA REAL DA TORRE,ESQUINA COM O EXTRA BOM,,,,TORRE,COLISÃO TRASEIRA,COLISAO ENVOLVENDO AUTO E MOTO COM VITIMA,1,1,,,,,,,,1,,106,AFOGADOS,Longo da via,Bom,Sem defeito,Perfeito estado,Seca,Perfeito estado,Faixa de pedestre,R-6a,50 km/h,Única,Faixa seccionada,,,,
2020-12-16,17:35:00,COM VÍTIMA,FINALIZADA,BOA VIAGEM,RUA DOS NAVEGANTES,4,2313,RUA PROFESSOR JOSE BRANDAO,,,,,BOA VIAGEM,ABALROAMENTO TRANSVERSAL,VÍTIMA SOCORRIDA PELO SAMU - MOTO NO LOCAL FICARÁ COM A RESPONSÁVEL XXX,1,1,,,,,,,,1,,,SUBURBIO,Longo da via,Bom,Não existe,Perfeito estado,Seca,Perfeito estado,Não existe,Não há placas,,Dupla,Não existe,,,,
2020-12-16,18:22:00,COM VÍTIMA,FINALIZADA,MADALENA,EST DOS REMEDIOS,0,,RUA PADRE GABRIEL MOUSINHO,,,,,MADALENA,ABALROAMENTO LONGITUDINAL,SITUAÇÃO REPASSADA PELO GTM JORGE,1,1,,,,,,,,1,,,CIDADE,Cruzamento,Bom,Não existe,Perfeito estado,Seca,Perfeito estado,Não existe,Placas Pare,,Única,Não existe,,,,
2020-12-16,20:19:00,COM VÍTIMA,FINALIZADA,BONGI,EST DO BONGI,3,919,,PRÓXIMO À DELEGACIA DA POLÍCIA CIVIL,,,,BONGI,ABALROAMENTO TRANSVERSAL,AUTO E MOTO,1,1,,,,,,,,1,,,SUBURBIO,Longo da via,Bom,Não existe,Perfeito estado,Seca,Perfeito estado,Não existe,Outras,,Dupla,Faixa contínua,,,,
2020-12-17,11:16:00,COM VÍTIMA,FINALIZADA,SAN MARTIN,RUA GOMES TABORDA,0,,AV GENERAL SAN MARTIN,,,,,SAN MARTIN,TOMBAMENTO,TOMBAMENTO DE MOTO,,1,,,,,,,,1,,67,CIDADE,Cruzamento,Bom,Sem defeito,Perfeito estado,Seca,Perfeito estado,Faixa de pedestre,R-6a,,Dupla,Faixa contínua,,,,
2020-12-17,17:43:00,COM VÍTIMA,FINALIZADA,BOA VISTA,AV CONDE DA BOA VISTA,0,,RUA DOM BOSCO,,,,,BOA VISTA,ABALROAMENTO LONGITUDINAL,DUAS MOTOS COM VITIMA,,2,,,,,,,,1,,27,SUBURBIO,Cruzamento,Bom,Sem defeito,Perfeito estado,Seca,Perfeito estado,Faixa de pedestre,Não há placas,60 km/h,Única,Faixa contínua,,,,
2020-12-17,20:00:00,COM VÍTIMA,FINALIZADA,PRADO,EST DOS REMEDIOS,0,,AV ENGENHEIRO ABDIAS DE CARVALHO,E/F À FARMACIA DROGASIL,,,,PRADO,ABALROAMENTO LONGITUDINAL,COLISÃO AUTO X MOTO,1,1,,,,,,,,2,,52,SUBURBIO,Cruzamento,Bom,Sem defeito,Perfeito estado,Seca,Mal conservada,Faixa de pedestre,R-6a,60 km/h,Dupla,Faixa contínua,,,,
2020-12-18,07:32:00,COM VÍTIMA,FINALIZADA,GRACAS,AV GOVERNADOR AGAMENON MAGALHAES,4,3158,,EM FRENTE AO MEDICAL CENTES- PISTA CENTRAL.,,,,GRAÇAS,ABALROAMENTO LONGITUDINAL,COLISÃO ENTRE AUTO E MOTOCICLETA,1,1,,,,,,,,1,,,SUBURBIO,Longo da via,Bom,Não existe,Perfeito estado,Seca,Perfeito estado,Não existe,Não há placas,60 km/h,Dupla,Canal,,,,
2020-12-18,08:30:00,COM VÍTIMA,FINALIZADA,ESPINHEIRO,RUA GOMES PACHECO,3,245,RUA AFONSO BATISTA,EM FRENTE AO POSTO SHELL,,,,ESPINHEIRO,COLISÃO FRONTAL,COLISÃO ENTRE AUTO E MOTOCICLETA,1,1,,,,,,,,1,,,SUBURBIO,Cruzamento,Bom,Não existe,Incompleta,Seca,Perfeito estado,Não existe,R-4a,,Dupla,,,,,
2020-12-18,09:30:00,COM VÍTIMA,FINALIZADA,APIPUCOS,RUA DE APIPUCOS,3,685,,AÇUDE DE APIPUCOS,,,,APIPUCOS,COLISÃO FRONTAL,COLISÃO COM UMA VÍTIMA,1,1,,,,,,,,1,,,CIDADE,Cruzamento,Bom,Sem defeito,Perfeito estado,Seca,Perfeito estado,Faixa de retenção,R-6a,60 km/h,Dupla,Faixa contínua,,,,
2020-12-18,13:35:00,COM VÍTIMA,FINALIZADA,SANTO AMARO,AV GOVERNADOR AGAMENON MAGALHAES,0,,,EM FRENTE A UPE.,,,,SANTO AMARO,ABALROAMENTO LONGITUDINAL,AUTO E MOTO.,1,1,,,,,,,,2,,465,SUBURBIO,Longo da via,Bom,Sem defeito,Perfeito estado,Seca,Perfeito estado,Faixa de pedestre,R-19,60 km/h,Única,Faixa seccionada,,,,
2020-12-18,14:26:00,COM VÍTIMA,FINALIZADA,BOA VISTA,AV CONDE DA BOA VISTA,3,785,,EM FRENTE AO SANTANDER,,,,BOA VISTA,ABALROAMENTO LONGITUDINAL,COLISÃO ENTRE AUTO E MOTOCICLETA,1,1,,,,,,,,1,,,CIDADE,Longo da via,Bom,Não existe,Perfeito estado,Seca,Perfeito estado,Não existe,Outras,40 km/h,Dupla,Canteiro central,,,,
2020-12-19,01:12:00,VÍTIMA FATAL,FINALIZADA,SANTO AMARO,AV NORTE,0,,RUA TREZE DE MAIO,COM RUA 13 DE MAIO,,,,SANTO AMARO,CHOQUE OBJETO FIXO,VEÍCULO CHOCOU-SE CONTRA UM POSTE E UMA ÁRVORE ALÉM DO POSTE DA SEMAFORICA,1,,,,,,,,,1,1,36,CIDADE,Cruzamento,Bom,Sem defeito,Perfeito estado,Seca,Perfeito estado,Faixa de pedestre,Não há placas,,Dupla,Canteiro central,,,,
2020-12-19,20:45:00,COM VÍTIMA,FINALIZADA,CORDEIRO,AV GENERAL SAN MARTIN,0,,AV CAXANGA,TERMINAL INTEGRADO CAXANGÁ III PERIMETRAL.,,,,CORDEIRO,ABALROAMENTO LONGITUDINAL,GOL VERMELHO X MOTO,1,1,,,,,,,,1,,,CIDADE,Longo da via,Bom,Sem defeito,Ilegível,Seca,Perfeito estado,Faixa de retenção,R-6a,60 km/h,Única,Faixa contínua,,,,
2020-12-20,13:08:00,COM VÍTIMA,FINALIZADA,AFOGADOS,RUA SAO MIGUEL,3,630,,LADO OPOSTO A CLAYTON AUTO PEÇAS E SERVIÇOS.,,,,AFOGADOS,ABALROAMENTO LONGITUDINAL,MOTO X GM SPIN,1,1,,,,,,,,1,,,SUBURBIO,Longo da via,Bom,Não existe,Perfeito estado,Seca,Perfeito estado,Não existe,Não há placas,,Dupla,Faixa contínua,,,,
2020-12-20,13:07:00,COM VÍTIMA,FINALIZADA,SAO JOSE,RUA DA CONCORDIA,3,854,RUA DO PEIXOTO,,,,,SÃO JOSÉ,COLISÃO FRONTAL,FIAT UNO X MOTO YAMAHA,1,1,,,,,,,,1,,182,CIDADE,Cruzamento,Bom,Sem defeito,Perfeito estado,Seca,Perfeito estado,Outros,Não há placas,40 km/h,Única,Não existe,,,,
2020-12-20,16:53:00,COM VÍTIMA,FINALIZADA,IPSEP,RUA JEAN EMILE FAVRE,0,,RUA RIO AMAZONAS,SOB SEMÁFORO 527. PANIFICADORA PÃO NORTE.,,,,IPSEP,ABALROAMENTO LONGITUDINAL,AUTO E MOTO,1,,1,,,,,,,1,,527,,Cruzamento,Bom,Sem defeito,Incompleta,Seca,Perfeito estado,Outros,Outras,,Dupla,Faixa contínua,,,,
2020-12-21,07:19:00,COM VÍTIMA,FINALIZADA,GRACAS,AV GOVERNADOR AGAMENON MAGALHAES,0,,,PRÓXIMO AO SEMÁFORO 174. EM FRENTE À ESCOLA ESTADUAL GOV. BARBOSA LIMA.,,,,GRAÇAS,COLISÃO COM CICLISTA,AUTO E CICLISTA,1,,,1,,,,,,1,,174,BOA VIAGEM,Longo da via,Bom,Sem defeito,Perfeito estado,Seca,Perfeito estado,Outros,Outras,60 km/h,Dupla,Canteiro central,,,,
2020-12-21,11:31:00,COM VÍTIMA,FINALIZADA,SANTO AMARO,RUA DO POMBAL,0,,RUA DOS PALMARES,CENTRO DE SAUDE PROF. VALDEMAR DE OLIVEIRA,,,,SANTO AMARO,ABALROAMENTO TRANSVERSAL,COM VITIMA,1,1,,,,,,,,1,,,,Cruzamento,Bom,Não existe,Perfeito estado,Seca,Perfeito estado,Faixa de pedestre,R-34,40 km/h,Dupla,Canteiro central,,,,
2020-12-21,13:48:00,COM VÍTIMA,FINALIZADA,SANTO AMARO,AV NORTE,0,,PRC GENERAL ABREU E LIMA,POR TRAS DO CEMITERIO DOS INGLESES,,,,SANTO AMARO,ABALROAMENTO LONGITUDINAL,COLISAO ENTRE AUTO E MOTO COM VITIMA,1,1,,,,,,,,1,,587,CIDADE,Cruzamento,Bom,Sem defeito,Perfeito estado,Seca,Perfeito estado,Outros,Outras,,Dupla,Faixa contínua,,,,
2020-12-21,16:05:00,COM VÍTIMA,FINALIZADA,ESPINHEIRO,AV GOVERNADOR AGAMENON MAGALHAES,4,2125,,EM FRENTE AO SANTANDER SELECT,,,,ESPINHEIRO,ABALROAMENTO LONGITUDINAL,COLISAO ENVOLVENDO AUTO E MOTO COM VITIMA,1,1,,,,,,,,1,,,BOA VIAGEM,Longo da via,Bom,Sem defeito,Perfeito estado,Seca,Perfeito estado,Não existe,Outras,,Dupla,Canal,,,,
2020-12-21,16:24:00,COM VÍTIMA,FINALIZADA,BOA VIAGEM,AV CELSO FURTADO,0,,,PROX A LOMBADA ELETRONICA. POSTE J013384.,,,,BOA VIAGEM,COLISÃO TRASEIRA,COLISAO ENTRE AUTO E MOTO COM VITIMA,1,1,,,,,,,,1,,,CIDADE,Longo da via,Bom,Não existe,Perfeito estado,Seca,Perfeito estado,Não existe,Não há placas,60 km/h,Dupla,Canteiro central,,,,
2020-12-21,19:26:00,COM VÍTIMA,FINALIZADA,TORRE,RUA REAL DA TORRE,0,,,AO LADO DO ATACADO DOS PRESENTES,,,,TORRE,ABALROAMENTO LONGITUDINAL,COLISAO ENTRE AUTO E MOTO COM VITIMA,1,1,,,,,,,,1,,,SUBURBIO,Longo da via,Bom,Não existe,Perfeito estado,Seca,Perfeito estado,,Não há placas,40 km/h,Única,,,,,
2020-12-21,20:28:00,COM VÍTIMA,FINALIZADA,RECIFE,C DO APOLO,3,222,,E/F AO PORTO DIGITAL,,,,BAIRRO DO RECIFE,COLISÃO COM CICLISTA,COLISAO ENTRE ONIBUS E CICLISTA,,,,1,,1,,,,1,,,CIDADE,Longo da via,Bom,Não existe,Perfeito estado,Seca,Perfeito estado,Não existe,Outras,,Única,Faixa seccionada,,,,
2020-12-21,21:49:00,COM VÍTIMA,FINALIZADA,TORRE,RUA DIANOPOLIS,0,,RUA SOUZA BANDEIRA,E/F AO EDFC VIVENDA DOS GIRASSOIS,,,,TORRE,COLISÃO FRONTAL,COLISAO ENTRE AUTO E MOTO COM VITIMA,1,1,,,,,,,,1,,317,SUBURBIO,Cruzamento,Bom,Intermitente,Perfeito estado,Seca,Perfeito estado,Faixa de pedestre,R-6a,30 km/h,Dupla,Faixa contínua,,,,
2020-12-22,07:24:00,COM VÍTIMA,FINALIZADA,MANGUEIRA,RUA ALEXANDRE RODRIGUES FERREIRA,3,563,RUA MEDINA,EM FRENTE AO ARMAZEM REDE CONSTRUIR,,,,MANGUEIRA,COLISÃO COM CICLISTA,COM DUA VITIMAS AGUARDANDO SAMU,1,,,1,,,,,,2,,,CIDADE,Cruzamento,Bom,Não existe,Incompleta,Seca,Perfeito estado,Não existe,Não há placas,,Única,Não existe,,,,
2020-12-22,10:19:00,COM VÍTIMA,FINALIZADA,SANTO AMARO,AV CRUZ CABUGA,0,,,EM FRENTE A ESCOLA DE APRENDIZES DE MARINHEIROS,,,,SANTO AMARO,COLISÃO,MOTO 01 X MOTO 02,,2,,,,,,,,2,,,,,,,,,,,,,,,,,,
2020-12-22,11:44:00,COM VÍTIMA,FINALIZADA,IMBIRIBEIRA,AV MARECHAL MASCARENHAS DE MORAES,4,1919,,EM FRENTE AO JUIZADO ESPECIAL DO RECIFE,,,,IMBIRIBEIRA,COLISÃO TRASEIRA,COM DUAS VITIMAS AGUARDANDO SAMU,1,1,,,,,,,,2,,,CIDADE,Longo da via,Bom,Não existe,Perfeito estado,Seca,Perfeito estado,Não existe,Não há placas,60 km/h,Única,Faixa seccionada,,,,
2020-12-22,11:50:00,COM VÍTIMA,FINALIZADA,CASA AMARELA,AV NORTE,4,3799,RUA OSCAR DE BARROS,,,,,CASA AMARELA,COLISÃO COM CICLISTA,MOTOCICLETA X BICICLETA,,1,,1,,,,,,1,,676,SUBURBIO,Cruzamento,Bom,Sem defeito,Perfeito estado,Seca,Perfeito estado,Faixa de pedestre,R-6a,,Dupla,Faixa contínua,,,,
2020-12-22,14:58:00,COM VÍTIMA,FINALIZADA,TORRE,RUA JOSE BONIFACIO,0,,RUA JOSE DE HOLANDA,EM FRENTE AO MERCADO TORRE,,,,TORRE,COLISÃO,COLISÃO MOTO X CARRO,1,1,,,,,,,,1,,601,,,,,,,,,,,,,,,,
2020-12-22,16:08:00,COM VÍTIMA,FINALIZADA,BOA VIAGEM,AV CONSELHEIRO AGUIAR,4,3384,,EM FRENTE AO ED. TROPICAL / APOS A CAIXA ECONIMICA,,,,BOA VIAGEM,ATROPELAMENTO,ONIBUS ATROPELOU PEDESTRE,,,,,1,1,,,,1,,,SUBURBIO,Longo da via,Bom,Sem defeito,Perfeito estado,Seca,Perfeito estado,Não existe,Não há placas,,Única,Não existe,,,,
2020-12-22,17:41:00,COM VÍTIMA,FINALIZADA,SAO JOSE,RUA SAO JOAO,3,209,RUA PASSO DA PATRIA,,,,,SÃO JOSÉ,ABALROAMENTO TRANSVERSAL,V1 placa (motocicleta) X V2- PLACA,1,1,,,,,,,,2,,,SUBURBIO,Cruzamento,Bom,Não existe,,Seca,Perfeito estado,Não existe,R-4b,40 km/h,Única,Não existe,,,,
2020-12-22,18:11:00,COM VÍTIMA,FINALIZADA,BEBERIBE,AV BEBERIBE,4,2329,,LADO OPOSTO AO SUPERMERCADO SOBERANO,,,,BEBERIBE,COLISÃO TRASEIRA,AUTO E MOTO,1,1,,,,,,,,1,,,CIDADE,Longo da via,Bom,Não existe,Não existente,Seca,Perfeito estado,Não existe,R-6a,,Dupla,Faixa contínua,,,,
2020-12-23,07:15:00,COM VÍTIMA,FINALIZADA,MADALENA,RUA JOAO IVO DA SILVA,3,205,,SENTIDO AFOGADOS  NA SAÍDA DO TÚNEL DA ABOLIÇÃO.,,,,MADALENA,ABALROAMENTO LONGITUDINAL,COLISÃO COM VITIMAS A ESPERA DO SAMU,,2,,,,,,,,1,,,CIDADE,Longo da via,Bom,Não existe,Perfeito estado,Seca,Perfeito estado,Não existe,Não há placas,,Única,Faixa contínua,,,,
2020-12-23,08:30:00,COM VÍTIMA,FINALIZADA,MANGUEIRA,RUA VINTE E UM DE ABRIL,4,2058,RUA ALEXANDRE RODRIGUES FERREIRA,EM FRENTE  A LOJA J.A PAPEIS,,,,MANGUEIRA,COLISÃO FRONTAL,COLISÃO COM VITIMAS,1,1,,,,,,,,2,,,,Cruzamento,Bom,Não existe,Incompleta,Seca,Perfeito estado,Não existe,Placas Pare,,Dupla,Não existe,,,,
2020-12-23,08:38:00,COM VÍTIMA,FINALIZADA,CORDEIRO,RUA TIJUCA,1,2,AV ENGENHEIRO ABDIAS DE CARVALHO,DROGAMAIA-AQUITEM,,,,CORDEIRO,ABALROAMENTO TRANSVERSAL,COLISÃO COM VITIMAS,2,,,,,,,,,1,,422,SUBURBIO,Cruzamento,Bom,Sem defeito,Perfeito estado,Seca,Perfeito estado,Outros,R-4a,60 km/h,Única,Canteiro central,,,,
2020-12-23,15:16:00,COM VÍTIMA,FINALIZADA,AFOGADOS,RUA SAO MIGUEL,4,1166,,PROXIMO AO CHINA BOX,,,,AFOGADOS,COLISÃO FRONTAL,COLISÃO COM VÍTIMA,2,1,,,,,,,,1,,,AFOGADOS,Longo da via,Bom,Não existe,Perfeito estado,Seca,Perfeito estado,Não existe,Não há placas,50 km/h,Dupla,Faixa contínua,,,,
2020-12-23,18:55:00,COM VÍTIMA,FINALIZADA,MADALENA,EST DOS REMEDIOS,3,400,,PRÓX A GALERIA MADALENA CENTER 401,,,,MADALENA,ABALROAMENTO TRANSVERSAL,MOTO X AUTO. C/V,1,1,,,,,,,,1,,,SUBURBIO,Cruzamento,Bom,Não existe,Não existente,Seca,Perfeito estado,Não existe,Placas Pare,,Única,Faixa seccionada,,,,
2020-12-24,06:24:00,COM VÍTIMA,FINALIZADA,MORRO DA CONCEICAO,RUA DOIS DE FEVEREIRO,3,137,,CASA / CENTRO ESPIRITA PEDRO CARNEIRO,,,,MORRO DA CONCEIÇÃO,ABALROAMENTO LONGITUDINAL,COM VITIMA- AGUARDANDO SAMU NO LOCAL,,1,,,,1,,,,1,,,,Longo da via,Chuvoso,Não existe,Não existente,,Mal conservada,Não existe,Não há placas,30 km/h,Dupla,Não existe,,,,
2020-12-24,07:23:00,COM VÍTIMA,FINALIZADA,CASA AMARELA,AV NORTE,4,5237,RUA DA HARMONIA,EM FRENTE A FARMACIA PAGUE MENOS,,,,CASA AMARELA,COLISÃO,COM DUAS VITIMAS- AGUARDANDO SAMU,1,1,,,,,,,,2,,312,,,,,,,,,,,,,,,,
2020-12-24,07:59:00,COM VÍTIMA,FINALIZADA,CAXANGA,AV CAXANGA,4,5532,,LADO OPOSTO AO RESIDENCIAL CAXANGÁ.,,,,CAXANGÁ,COLISÃO COM CICLISTA,AUTO E BICICLETA.,1,,,1,,,,,,1,,,SUBURBIO,Longo da via,Bom,Sem defeito,Perfeito estado,Seca,Perfeito estado,Faixa de pedestre,Não há placas,60 km/h,Dupla,Faixa seccionada,,,,
2020-12-24,08:38:00,COM VÍTIMA,FINALIZADA,NOVA DESCOBERTA,RUA NOVA DESCOBERTA,4,2061,,,,,,NOVA DESCOBERTA,COLISÃO,COLISÃO ENTRE AUTOMÓVEL E MOTOCICLETA - A VT-25 SE DEPAROU COM A SITUAÇÃO E TINHA APENAS A VÍTIMA E O SAMU NO LOCAL - O VEÍCULO SE EVADIU E A MOTOCICLETA RETIRARAM DO LOCAL - EQUIPE DA VT 25 TOMARÁ TODAS AS PROVIDÊNCIAS PERANTE AS AUTORIDADES COMPETENTES.,1,1,,,,,,,,1,,,VASCO DA GAMA,Longo da via,Bom,Não existe,Perfeito estado,Seca,Perfeito estado,Não existe,R-6a,,Dupla,Faixa seccionada,,,,
2020-12-24,09:35:00,COM VÍTIMA,FINALIZADA,AFOGADOS,RUA VINTE E UM DE ABRIL,3,411,,EM FRENTE AO AFOGADOS CENTER,,,,AFOGADOS,COLISÃO,COLISÃO COM UMA VITIMA -SAMU ACIONADO,,1,1,,,,,,,1,,,,,,,,,,,,,,,,,,
2020-12-24,11:47:00,COM VÍTIMA,FINALIZADA,ALTO JOSE DO PINHO,COR DO BARTOLOMEU,0,,RUA PADRE OLIVEIRA,FEIRA DA RODINHA - PANIFICADORA SENHOR DO BOMFIM.,,,,ALTO JOSÉ DO PINHO,ATROPELAMENTO,ATROPELAMENTO,1,,,,1,,,,,1,,,SUBURBIO,Longo da via,Bom,Não existe,Perfeito estado,Seca,Perfeito estado,Não existe,Outras,,Dupla,Faixa contínua,,,,
2020-12-24,13:21:00,COM VÍTIMA,FINALIZADA,IMBIRIBEIRA,AV MARECHAL MASCARENHAS DE MORAES,0,,,EM FRENTE À UNIVERSIDADE UNIVERSO,,,,IMBIRIBEIRA,COLISÃO TRASEIRA,AGUARDANDO ATENDIMENTO DO SAMU.,1,1,,,,,,,,1,,501,CIDADE,Longo da via,Bom,Sem defeito,Perfeito estado,Seca,Perfeito estado,Faixa de pedestre,R-6a,60 km/h,Dupla,Canteiro central,,,,
2020-12-24,15:27:00,COM VÍTIMA,FINALIZADA,VARZEA,AV CAXANGA,4,5759,,LADO OPOSTO AO TERMINAL INTEGRADO DA CAXANGÁ,,,,VÁRZEA,COLISÃO TRASEIRA,COLISÃO ENTRE AUTO E MOTO,1,1,,,,,,,,1,,262,CIDADE,Longo da via,Bom,Sem defeito,Perfeito estado,Seca,Perfeito estado,Faixa de pedestre,Não há placas,60 km/h,Única,Faixa contínua,,,,
2020-12-24,17:37:00,COM VÍTIMA,FINALIZADA,BOA VIAGEM,AV ENGENHEIRO DOMINGOS FERREIRA,4,3340,RUA FAUSTINO PORTO,EM FRENTE AO ED. ERICA,,,,BOA VIAGEM,COLISÃO TRASEIRA,COLISÃO COM 2 CARRO X MOTO/ UM DOS VEICULOS DE PLACA xxx SE EVADIU DO LOCAL,2,1,,,,,,,,1,,,PIEDADE,Longo da via,Bom,Sem defeito,Perfeito estado,Seca,Perfeito estado,Não existe,R-6a,,Dupla,Faixa contínua,Faixa seccionada,,,
2020-12-24,18:24:00,COM VÍTIMA,FINALIZADA,ALTO JOSE DO PINHO,AV NORTE,2,12,,APÓS A ENTRADA DA MANGABEIRA / EM FRENTE AO ARMAZÉM CORAL.,,,,ALTO JOSÉ DO PINHO,COLISÃO COM CICLISTA,COLISÃO ENTRE MOTO E CICLISTA,,1,,1,,,,,,2,,,SUBURBIO,Longo da via,Bom,Não existe,Perfeito estado,Seca,Perfeito estado,Não existe,Não há placas,60 km/h,Única,Canteiro central,,,,