data,hora,natureza_acidente,situacao,bairro,endereco,,numero,detalhe_endereco_acidente,complemento,endereco_cruzamento,numero_cruzamento,referencia_cruzamento,bairro_cruzamento,tipo,descricao,auto,moto,ciclom,ciclista,pedestre,onibus,caminhao,viatura,outros,vitimas,vitimasfatais,num_semaforo,sentido_via,acidente_verificado,tempo_clima,situacao_semaforo,sinalizacao,condicao_via,conservacao_via,ponto_controle,situacao_placa,velocidade_max_via,mao_direcao,divisao_via1,divisao_via2,divisao_via3,_id,Protocolo
2020-12-25,16:07:00,COM VÍTIMA,FINALIZADA,IMBIRIBEIRA,RUA ITAJAI,3,160,RUA PAMPULHA,E/F PORTO DELICATESSEN. CASA BRANCA BUFFET.,,,,IMBIRIBEIRA,ABALROAMENTO TRANSVERSAL,AUTO E MOTO.,1,1,,,,,,,,1,,,CIDADE,Cruzamento,Bom,Não existe,Perfeito estado,Seca,Perfeito estado,Faixa de retenção,Placas Pare,,Dupla,Faixa contínua,,,,
2020-12-25,22:53:00,COM VÍTIMA,FINALIZADA,ENGENHO DO MEIO,RUA ANTONIO CURADO,3,427,RUA MANUEL ALVES DEUSDARA,AO LADO DA COMPESA / PRÓX A PRC DO ENGENHO DO MEIO. IGREJA PENTECOSTAL JESUS É A ESPERANÇA.,,,,ENGENHO DO MEIO,COLISÃO COM CICLISTA,AUTO X BICICLETA. C/V,1,,,1,,,,,,2,,,CIDADE,Longo da via,Bom,Não existe,Perfeito estado,Seca,Perfeito estado,Não existe,Outras,,Dupla,Faixa seccionada,,,,
2020-12-26,10:34:00,COM VÍTIMA,FINALIZADA,CORDEIRO,RUA MAURICIO DE NASSAU,0,,,POR TRAS DO PARQUE DE EXPOSIÇÕES.,,,,CORDEIRO,COLISÃO COM CICLISTA,VITIMA SOCORRIDA PELO SAMU,,1,,1,,,,,,1,,,SUBURBIO,Longo da via,Bom,Não existe,Perfeito estado,Seca,Perfeito estado,Não existe,Não há placas,,Dupla,Faixa contínua,Faixa seccionada,,,
2020-12-26,17:47:00,COM VÍTIMA,FINALIZADA,TORRE,VDO GOVERNADOR CORDEIRO DE FARIAS,0,,,PONTE DA TORRE AO LADO DO CARREFOUR,,,,TORRE,TOMBAMENTO,QUEDA DE MOTOCICLISTA,,1,,,,,,,,1,,,SUBURBIO,Viaduto,Bom,Não existe,Perfeito estado,Seca,Perfeito estado,Não existe,Não há placas,,Única,Faixa seccionada,,,,
2020-12-27,08:44:00,COM VÍTIMA,FINALIZADA,IMBIRIBEIRA,RUA ITAJAI,3,159,RUA PAMPULHA,EM FRENTE A PADARIA PORTO DELICATESSEN,,,,IMBIRIBEIRA,ABALROAMENTO TRANSVERSAL,DOIS AUTOS C/V,2,,,,,,,,,1,,,SUBURBIO,Cruzamento,Bom,Não existe,Perfeito estado,Seca,Perfeito estado,Faixa de retenção,Placas Pare,,Dupla,Faixa contínua,,,,
2020-12-27,12:06:00,COM VÍTIMA,FINALIZADA,IPSEP,RUA SAO NICOLAU,3,231,RUA PROFESSOR JOSE VICENTE,PROX A NUCLEO DA POLICIA E FARMÁCIA BOM CONSELHO.,,,,IPSEP,ABALROAMENTO TRANSVERSAL,COLISAO ENTRE AUTO E MOTO COM UMA VITIMA,1,1,,,,,,,,1,,,SUBURBIO,Longo da via,Bom,Não existe,Perfeito estado,Seca,Perfeito estado,Faixa de pedestre,Placas Pare,,Única,Não existe,,,,
2020-12-28,06:22:00,COM VÍTIMA,FINALIZADA,CABANGA,AV SUL,4,1180,,APÓS O VIADUTO - SENTIDO SUB/CID,,,,CABANGA,CHOQUE OBJETO FIXO,CONDUTOR DA MOTOCICLETA PERDEU O CONTROLE DO VEICULO E CHOCOU-SE CONTRA UMA ÁRVORE,,1,,,,,,,,1,,,CIDADE,Longo da via,Bom,Não existe,Não existente,Molhada,Outros,Não existe,Não há placas,,Dupla,Faixa seccionada,Canteiro central,,,
2020-12-28,07:28:00,COM VÍTIMA,FINALIZADA,BOA VIAGEM,AV CELSO FURTADO,0,,,NO FINAL DA VIA MANGUE- NA ALÇA DA ANTÔNIO FALCÃO.,,,,BOA VIAGEM,ABALROAMENTO LONGITUDINAL,COLISÃO COM EVASÃO- CONDUTOR DO CARRO FOI EMBORA SEM PRESTAR SOCORRO... AS VITIMAS AGUARDAM ATENDIMENTO DO SAMU.,1,1,,,,,,,,2,,,SUBURBIO,Longo da via,Bom,Não existe,Incompleta,Seca,Perfeito estado,Não existe,Não há placas,,Única,Não existe,,,,
2020-12-28,12:03:00,COM VÍTIMA,FINALIZADA,BOA VIAGEM,RUA ERNESTO DE PAULA SANTOS,0,,AV ENGENHEIRO DOMINGOS FERREIRA,PROX A RESTAURANTE DOMINGOS FERREIRA,,,,BOA VIAGEM,ABALROAMENTO TRANSVERSAL,COLISÃO CARRO X DUAS MOTOS,1,2,,,,,,,,1,,217,SUBURBIO,Cruzamento,Bom,Sem defeito,Perfeito estado,Seca,Perfeito estado,Faixa de retenção,Não há placas,60 km/h,Única,Faixa contínua,,,,
2020-12-28,15:23:00,COM VÍTIMA,FINALIZADA,BOA VIAGEM,AV DOM JOAO VI,0,,,AO LADO DO BIG BOMPREÇO.,,,,BOA VIAGEM,ABALROAMENTO TRANSVERSAL,A EQUIPE SE DEPAROU COM O ACIDENTE,,1,,,,1,,,,1,,,SUBURBIO,Longo da via,Bom,Sem defeito,Perfeito estado,Seca,Perfeito estado,Não existe,Não há placas,,Única,Não existe,,,,
2020-12-28,16:26:00,COM VÍTIMA,FINALIZADA,BOA VIAGEM,RUA JOAO CARDOSO AIRES,3,647,RUA ALMIRANTE BATISTA LEAO,PROX AO COLEGIO MADRE DE DEUS / PROX AO HAPVIDA DIAGNÓSTICOS.,,,,BOA VIAGEM,ABALROAMENTO TRANSVERSAL,COLISÃO MOTO X CARRO,1,1,,,,,,,,1,,,SUBURBIO,Cruzamento,Chuvoso,Não existe,Perfeito estado,Seca,Perfeito estado,Não existe,Placas Pare,,Única,Não existe,,,,
2020-12-28,16:42:00,COM VÍTIMA,FINALIZADA,SANTO AMARO,AV NORTE,3,866,,EM FRENTE AO CENTRO DE JUVENTUDE E O CRAS,,,,SANTO AMARO,ATROPELAMENTO,ATROPELAMENTO ENVOLVENDO MOTO E PEDESTRE,,1,,,1,,,,,1,,397,SUBURBIO,Longo da via,Bom,Sem defeito,Perfeito estado,Seca,Perfeito estado,Não existe,Outras,60 km/h,Dupla,Canteiro central,,,,
2020-12-28,20:23:00,COM VÍTIMA,FINALIZADA,IMBIRIBEIRA,RUA JAMAICA,2,71,RUA IZABEL DE SOUZA,EM FRENTE A BSS BLINDAGEM,,,,IMBIRIBEIRA,COLISÃO,COLISÃO ENTRE AUTO E MOTO- COM VITIMA,1,1,,,,,,,,2,,,,Cruzamento,Bom,Não existe,Perfeito estado,Seca,Perfeito estado,Não existe,Placas Pare,,Única,Faixa seccionada,,,,
2020-12-29,10:22:00,COM VÍTIMA,FINALIZADA,AREIAS,RUA CAPITAO DOMINGOS DA COSTA,3,555,RUA AURORA CACOTE,EM FRENTE AO SUPERMERCADO COBAL,,,,AREIAS,ATROPELAMENTO,AUTO E PEDESTRE,1,,,,1,,,,,1,,569,,Cruzamento,Bom,Sem defeito,,Seca,Perfeito estado,Não existe,R-19,30 km/h,Dupla,Não existe,,,,
2020-12-29,10:55:00,COM VÍTIMA,FINALIZADA,ARRUDA,RUA SAO BENTO,3,195,,NA ENTRADA DA BOMBA DO HEMETERIO PROX AO POSTO DE GASOLINA DESATIVADO BR,,,,ARRUDA,COLISÃO TRASEIRA,COLISÃO COM VITIMA A ESPERA DO SAMU,1,1,,,,,,,,1,,,SUBURBIO,Longo da via,Bom,Sem defeito,Perfeito estado,Seca,Perfeito estado,Outros,Placas Pare,,Única,Faixa seccionada,,,,
2020-12-29,15:12:00,COM VÍTIMA,FINALIZADA,ESPINHEIRO,RUA QUARENTA E OITO,3,347,RUA DO ESPINHEIRO,EM FRENTE A DELICATENSSEN ESPINHEIRO,,,,ESPINHEIRO,ABALROAMENTO LONGITUDINAL,COLISÃO COM VÍTIMA,1,1,,,,,,,,1,,166,CIDADE,Cruzamento,Bom,Sem defeito,Perfeito estado,Seca,Perfeito estado,Faixa de pedestre,Outras,,Única,Faixa seccionada,,,,
2020-12-29,18:14:00,COM VÍTIMA,FINALIZADA,SANTO ANTONIO,AV GUARARAPES,0,,RUA DO SOL,AO LADO DA AGENCIA DOS CORREIOS,,,,SANTO ANTÔNIO,ATROPELAMENTO,ÕNIBUS ATROPELOU CADEIRANTE. C/V,,,,,1,1,,,,1,,14,CIDADE,Cruzamento,Bom,Sem defeito,Perfeito estado,Seca,Perfeito estado,Faixa de pedestre,Outras,60 km/h,Única,Faixa contínua,,,,
2020-12-30,07:15:00,COM VÍTIMA,FINALIZADA,IPUTINGA,AV CAXANGA,4,4068,AV PROFESSOR JOAQUIM CAVALCANTI,EMBAIXO DO VIADUTO AO LADFO DO BIG BOMPREÇO,,,,IPUTINGA,COLISÃO,COM UMA VITIMA AGUARDANDO SAMU,,1,,,,,,,,1,,,SUBURBIO,Longo da via,Chuvoso,Não existe,Perfeito estado,Molhada,Perfeito estado,Não existe,Não há placas,60 km/h,Única,,,,,
2020-12-30,07:31:00,COM VÍTIMA,FINALIZADA,CABANGA,RUA JOAO PAULO II,3,292,,NO FINAL DO VIADUTO CAPITÃO TEMUDO /SENTIDO BOA VIAGEM,,,,CABANGA,COLISÃO TRASEIRA,COM DUAS VITIMAS AGUARDANDO SAMU,1,1,,,,,,,,1,,,SUBURBIO,Viaduto,Chuvoso,Não existe,Perfeito estado,Molhada,Perfeito estado,Não existe,Não há placas,60 km/h,Dupla,Canteiro central,,,,
2020-12-30,07:52:00,COM VÍTIMA,FINALIZADA,LINHA DO TIRO,RUA URIEL DE HOLANDA,4,1541,,EM FRENTE AO ARMAZEM OLIVEIRA,,,,LINHA DO TIRO,COLISÃO FRONTAL,COM UMA VITIMA-SOCORRIDA -VT 18 DA CTTU NO LOCAL/GMFLAVIO LUIS/GM DE SOUZA,1,1,,,,,,,,1,,,SUBURBIO,Longo da via,Chuvoso,Não existe,Incompleta,Molhada,Perfeito estado,Não existe,Não há placas,,Dupla,Não existe,,,,
2020-12-30,08:41:00,COM VÍTIMA,FINALIZADA,SITIO DOS PINTOS,RUA PROF CLAUDIO SELVA,3,135,RUA DA JAQUEIRA,,,,,SÍTIO DOS PINTOS,TOMBAMENTO,CICLISTA PERDEU O CONTROLE DA BICICLETA,,,,1,,,,,,1,,,SUBURBIO,Longo da via,Bom,Não existe,Não existente,Seca,Perfeito estado,Não existe,Não há placas,,Dupla,Não existe,,,,
2020-12-30,11:51:00,COM VÍTIMA,FINALIZADA,IBURA,RUA PINTOR AGENOR DE ALBUQUERQUE CESAR,3,705,,RUA DA COMPESA,,,,IBURA,ABALROAMENTO TRANSVERSAL,COM UMA VITIMA -AGUARDANDO  SAMU,1,1,,,,,,,,1,,,SUBURBIO,Longo da via,Chuvoso,Não existe,Perfeito estado,Molhada,Perfeito estado,Não existe,Não há placas,,Dupla,Não existe,,,,
2020-12-30,14:04:00,COM VÍTIMA,FINALIZADA,JORDAO,AV MARIA IRENE,4,1672,,RROX AO POSTO IPIRANGA / PROX A FEIRA LIVRE DO JORDAO,,,,JORDÃO,COLISÃO TRASEIRA,COLISÃO MOTO X CARRO,1,1,,,,,,,,1,,,,Cruzamento,Bom,Não existe,Não existente,Seca,Perfeito estado,Não existe,Não há placas,,Dupla,Não existe,,,,
2020-12-30,15:43:00,COM VÍTIMA,FINALIZADA,CAMPO GRANDE,RUA PROFESSOR FRANCISCO DA TRINDADE,3,290,RUA SAO CAETANO,APÓS O SUPERMERCADO STILOS / PRÓX À MISSÃO EVANGÉLICA PENTECOSTAL.,,,,CAMPO GRANDE,COLISÃO,AGUARDANDO ATENDIMENTO DO SAMU.,1,1,,,,,,,,1,,,,Cruzamento,Bom,Não existe,Perfeito estado,Seca,Perfeito estado,Não existe,,,Dupla,Não existe,,,,
2020-12-30,20:38:00,COM VÍTIMA,FINALIZADA,MANGABEIRA,AV NORTE,4,4560,,EM FRENTE AO SESC DE CASA AMARELA/VÍTIMA JÁ SOCORRIDA,,,,MANGABEIRA,ATROPELAMENTO,,1,,,,1,,,,,1,,,,Longo da via,Bom,,Perfeito estado,Seca,Perfeito estado,Não existe,Outras,,Dupla,Canteiro central,,,,
2020-12-31,15:47:00,COM VÍTIMA,FINALIZADA,CASA AMARELA,EST DAS UBAIAS,3,147,,,,,,CASA AMARELA,COLISÃO FRONTAL,COM VÍTIMA,1,1,,,,,,,,1,,,CIDADE,Longo da via,Bom,Não existe,Perfeito estado,Seca,Perfeito estado,Não existe,Outras,,Dupla,Não existe,,,,
2020-12-31,21:48:00,COM VÍTIMA,FINALIZADA,CAMPINA DO BARRETO,AV PROFESSOR JOSE DOS ANJOS,0,,,E/F A ACADEMIA DA CHAO DE ESTRELA,,,,CAMPINA DO BARRETO,COLISÃO FRONTAL,COLISAO ENTRE DUAS MOTOS COM VITIMAS,,2,,,,,,,,4,,,SUBURBIO,Longo da via,Nublado,Não existe,Perfeito estado,Seca,Perfeito estado,Não existe,Outras,,Dupla,Faixa seccionada,,,,
2021-01-01,19:44:00,COM VÍTIMA,FINALIZADA,MADALENA,RUA BENFICA,0,,,EM FRENTE AO EXTRA NA SAIDA,,,,MADALENA,COLISÃO FRONTAL,,1,1,0,0,0,0,0,0,0,1,0,,SUBURBIO,Longo da via,Bom,Não existe,Perfeito estado,Seca,Perfeito estado,Outros,Não há placas,,Dupla,Faixa contínua,Faixa seccionada,,,
2021-01-01,23:15:40,COM VÍTIMA,FINALIZADA,VARZEA,AV CAXANGA,0,,RUA GASTAO VIDIGAL,EM FRENTE A UPA DA CAXANGA,,,,VÁRZEA,COLISÃO TRASEIRA,,2,0,0,0,0,0,0,0,0,1,0,281,CIDADE,Cruzamento,Bom,Sem defeito,Perfeito estado,Oleosa,Perfeito estado,Outros,Outras,,Única,Não existe,,,,
2021-01-02,10:54:00,COM VÍTIMA,FINALIZADA,VASCO DA GAMA,RUA RESPLENDOR,3,353,,AO  LADO  DO  COLEGIO ADERBAL  GALVÃO  EM  FRENTE  AO  CONJUNTO RESIDENCIAL  ADERBAL  GALVÃO,,,,VASCO DA GAMA,COLISÃO COM CICLISTA,,1,1,0,1,0,0,0,0,0,1,0,,,Longo da via,Bom,Não existe,Incompleta,Seca,Perfeito estado,Não existe,Não há placas,,Dupla,Não existe,,,,
2021-01-02,11:13:00,COM VÍTIMA,FINALIZADA,BOA VIAGEM,RUA VISCONDE DE JEQUITINHONHA,2,22,RUA CAPITAO ZUZINHA,RUA CAPITÃO ZUZINHA,,,,BOA VIAGEM,COLISÃO LATERAL,,1,1,0,0,0,0,0,0,0,1,0,,SUBURBIO,Longo da via,Bom,Sem defeito,Perfeito estado,Seca,Perfeito estado,Faixa de pedestre,Outras,,Única,Canal,,,,
2021-01-03,09:32:00,COM VÍTIMA,FINALIZADA,ILHA DO RETIRO,AV ENGENHEIRO ABDIAS DE CARVALHO,3,365,,EM FRENTE A LANCHONETE COXINHAS DE BATATA,,,,ILHA DO RETIRO,COLISÃO LATERAL,,1,1,0,0,0,0,0,0,0,2,0,,,Longo da via,Bom,Sem defeito,Perfeito estado,Seca,Perfeito estado,Faixa de pedestre,Outras,60 km/h,Dupla,Faixa contínua,Faixa seccionada,Canteiro central,,
2021-01-03,15:00:00,COM VÍTIMA,FINALIZADA,BOA VIAGEM,RUA VISCONDE DE JEQUITINHONHA,0,,,PRÓX AO EDIFÍCIO PAINEIRAS E STEAKS ESPETINHO,,,,BOA VIAGEM,COLISÃO LATERAL,,1,1,0,0,0,0,0,0,0,1,0,,,Longo da via,Bom,Não existe,Perfeito estado,Seca,Perfeito estado,Não existe,Não há placas,40 km/h,Única,Faixa contínua,Faixa seccionada,,,
2021-01-04,09:56:00,COM VÍTIMA,FINALIZADA,ENCRUZILHADA,RUA FERNANDO CESAR,3,338,RUA DR JOSE MARIA,AO LADO DO MV AUTOMÓVEIS,,,,ENCRUZILHADA,COLISÃO TRANSVERSAL,,1,1,0,0,0,0,0,0,0,1,0,45,CIDADE,Cruzamento,Bom,Sem defeito,Perfeito estado,Seca,Perfeito estado,Faixa de pedestre,Outras,,Única,Não existe,,,,
2021-01-04,10:44:00,COM VÍTIMA,FINALIZADA,SANTO ANTONIO,C SANTA RITA,0,,,EM FRENTE AS TORRES GÊMEAS,,,,SANTO ANTÔNIO,TOMBAMENTO,,1,1,0,0,0,0,0,0,0,1,0,,,Longo da via,Bom,Não existe,Perfeito estado,Seca,Perfeito estado,Outros,Não há placas,60 km/h,Dupla,Canteiro central,,,,
2021-01-04,16:05:00,COM VÍTIMA,FINALIZADA,DERBY,AV GOVERNADOR AGAMENON MAGALHAES,0,,,E/F A PRAÇA DO DERBY S/T  BOA VIAGEM,,,,DERBY,COLISÃO FRONTAL,,1,1,0,0,0,0,0,0,0,1,0,,,Longo da via,Bom,Sem defeito,Perfeito estado,Seca,Perfeito estado,Faixa de pedestre,Não há placas,60 km/h,Dupla,Canteiro central,,,,
2021-01-05,08:25:00,COM VÍTIMA,FINALIZADA,SAO JOSE,VDO DAS CINCO PONTAS,0,,,SOBRE O VIADUTO DO FORTE DAS CINCO PONTAS,,,,SÃO JOSÉ,COLISÃO LATERAL,,1,1,0,0,0,0,0,0,0,1,0,,SUBURBIO,Viaduto,Bom,Não existe,Ilegível,Seca,Perfeito estado,Não existe,Não há placas,40 km/h,Dupla,Canteiro central,,,,
2021-01-05,10:48:00,COM VÍTIMA,FINALIZADA,PINA,AV ENGENHEIRO DOMINGOS FERREIRA,0,,,EM FRENTE AO ARMAZEM CORAL,,,,PINA,ATROPELAMENTO,,0,1,0,0,1,0,0,0,0,1,0,,,Longo da via,Bom,Não existe,Perfeito estado,Seca,Perfeito estado,Não existe,Não há placas,60 km/h,Única,Faixa contínua,,,,
2021-01-05,11:15:00,COM VÍTIMA,FINALIZADA,AFOGADOS,RUA SAO MIGUEL,0,,1 TRV JUSTICA E PAZ,qui,,,,AFOGADOS,COLISÃO TRANSVERSAL,,2,0,0,0,0,0,0,0,0,1,0,,SUBURBIO,Cruzamento,Bom,Sem defeito,,Seca,Perfeito estado,Faixa de pedestre,Outras,40 km/h,Dupla,Faixa contínua,,,,
2021-01-05,16:24:00,COM VÍTIMA,FINALIZADA,AFOGADOS,RUA SAO MIGUEL,0,,,PROX AO BODE DO NÓ,,,,AFOGADOS,COLISÃO LATERAL,,1,1,0,0,0,0,0,0,0,1,0,,,Longo da via,Bom,Sem defeito,,,,Não existe,Não há placas,,Dupla,Faixa contínua,,,,
2021-01-05,17:35:00,COM VÍTIMA,FINALIZADA,ROSARINHO,AV NORTE,0,,,DEFRONTE A PADARIA ROSARINHO,,,,ROSARINHO,COLISÃO TRASEIRA,,1,1,0,0,0,0,0,0,0,1,0,,SUBURBIO,Longo da via,Bom,Não existe,Perfeito estado,Seca,Perfeito estado,Faixa de pedestre,Outras,,Dupla,Faixa seccionada,,,,
2021-01-06,08:02:00,COM VÍTIMA,FINALIZADA,MUSTARDINHA,RUA DR ARMANDO TAVARES,3,111,RUA NATALINO TEIXEIRA,PROX. AO ESPETINHO DO PITECO,,,,MUSTARDINHA,COLISÃO TRANSVERSAL,,1,1,0,0,0,0,0,0,0,1,0,,,Cruzamento,Bom,Não existe,Não existente,Seca,Perfeito estado,Não existe,Não há placas,,Dupla,Não existe,,,,
2021-01-06,08:15:00,COM VÍTIMA,FINALIZADA,DERBY,AV GOVERNADOR AGAMENON MAGALHAES,0,,,APOS  O HOSPITAL  DA RESTAURAÇÃO   NO SENTIDO  BOA  VIAGEM    DE  ESQUINA  COM  A  PRAÇA  DO  DERBY,,,,DERBY,COLISÃO LATERAL,,1,1,0,0,0,0,0,0,0,1,0,,,Longo da via,Bom,Não existe,Perfeito estado,Seca,Perfeito estado,Não existe,Não há placas,60 km/h,Única,Faixa seccionada,,,,
2021-01-06,15:22:00,COM VÍTIMA,FINALIZADA,CASA AMARELA,AV NORTE,0,,RUA GUIMARAES PEIXOTO,RUA GUIMARÃES PEIXOTO,,,,CASA AMARELA,COLISÃO TRASEIRA,,0,2,0,0,0,0,0,0,0,1,0,,,Longo da via,Bom,Sem defeito,Perfeito estado,Seca,Perfeito estado,Faixa de pedestre,Outras,,,Não existe,,,,
2021-01-06,21:17:40,COM VÍTIMA,FINALIZADA,BOA VIAGEM,RUA DOS NAVEGANTES,0,,,E/F AO EDFC  HOLIDAY,,,,BOA VIAGEM,COLISÃO TRANSVERSAL,,1,1,0,0,0,0,0,0,0,1,0,,,Cruzamento,Bom,Não existe,Perfeito estado,Seca,Perfeito estado,Faixa de retenção,Placas Pare,,Única,Outros,,,,
2021-01-07,06:55:00,COM VÍTIMA,FINALIZADA,TORROES,AV ENGENHEIRO ABDIAS DE CARVALHO,3,300,,EM FRENTE A UPA/LADO OPOSTO,,,,TORRÕES,COLISÃO LATERAL,,1,1,0,0,0,0,0,0,0,1,0,,CIDADE,Longo da via,Bom,Não existe,Perfeito estado,Seca,Perfeito estado,Não existe,Não há placas,,Dupla,Canteiro central,Faixa seccionada,,,
2021-01-07,07:48:00,COM VÍTIMA,FINALIZADA,DERBY,AV GOVERNADOR AGAMENON MAGALHAES,0,,RUA DR LEOPOLDO LINS,,,,,DERBY,COLISÃO TRASEIRA,,1,1,0,0,0,0,0,0,0,1,0,,,Longo da via,Bom,Sem defeito,Perfeito estado,Seca,Perfeito estado,Faixa de pedestre,Não há placas,60 km/h,Dupla,Faixa contínua,,,,
2021-01-07,09:39:00,COM VÍTIMA,FINALIZADA,GRACAS,AV RUI BARBOSA,0,,RUA DAS GRACAS,EM FRENTE AO COLEGIO AGNES,,,,GRAÇAS,CAPOTAMENTO,,0,1,0,0,0,0,0,0,0,1,0,,,Cruzamento,Chuvoso,Sem defeito,Perfeito estado,Molhada,Perfeito estado,Faixa de pedestre,Não há placas,60 km/h,Única,Faixa contínua,,,,
2021-01-07,11:38:00,COM VÍTIMA,FINALIZADA,ESPINHEIRO,RUA DA HORA,0,,,ESQUINA DO CERPE,,,,ESPINHEIRO,COLISÃO LATERAL,,1,1,0,0,0,0,0,0,0,1,0,,,Cruzamento,Bom,Sem defeito,Perfeito estado,Seca,Perfeito estado,Faixa de pedestre,Outras,,Única,Faixa contínua,Faixa seccionada,,,
2021-01-07,17:50:00,COM VÍTIMA,FINALIZADA,CASA AMARELA,AV NORTE,0,,,PRÓX À UPINHA,,,,CASA AMARELA,COLISÃO COM CICLISTA,,1,0,0,1,0,0,0,0,0,1,0,,,Longo da via,Bom,Não existe,Perfeito estado,Seca,Perfeito estado,Não existe,Outras,,Dupla,Faixa seccionada,Canteiro central,,,
2021-01-07,18:21:00,COM VÍTIMA,FINALIZADA,PARNAMIRIM,RUA DA HARMONIA,0,,EST DO ENCANAMENTO,,,,,PARNAMIRIM,COLISÃO TRANSVERSAL,,0,2,0,0,0,0,0,0,0,2,0,,,Cruzamento,Bom,Sem defeito,Perfeito estado,Seca,Perfeito estado,Faixa de pedestre,Outras,,Única,Não existe,,,,
2021-01-08,08:01:00,COM VÍTIMA,FINALIZADA,SAN MARTIN,AV ENGENHEIRO ABDIAS DE CARVALHO,0,,RUA QUINZE DE MARCO,PRAÇA DA CHESF,,,,SAN MARTIN,COLISÃO LATERAL,,0,2,0,0,0,0,0,0,0,1,0,,,Longo da via,Bom,Sem defeito,Perfeito estado,Seca,Perfeito estado,Faixa de pedestre,Não há placas,,Única,Canteiro central,,,,
2021-01-08,13:18:00,COM VÍTIMA,FINALIZADA,IPSEP,AV RECIFE,4,3532,,EM FRENTE AO POSTO IPIRANGA/ SENTIDO BOA VIAGEM,,,,IPSEP,COLISÃO LATERAL,,1,1,0,0,0,0,0,0,0,1,0,,,Longo da via,Bom,Não existe,Perfeito estado,Seca,Perfeito estado,Não existe,Não há placas,,Dupla,Faixa seccionada,,,,
2021-01-08,21:56:40,COM VÍTIMA,FINALIZADA,PINA,AV HERCULANO BANDEIRA,3,627,,PROX A CAIXA ECONOMICA,,,,PINA,COLISÃO TRASEIRA,,1,1,0,0,0,0,0,0,0,1,0,,,Cruzamento,Bom,Não existe,Perfeito estado,Seca,Perfeito estado,Não existe,Outras,,Única,Faixa seccionada,,,,
2021-01-09,12:19:00,COM VÍTIMA,FINALIZADA,BOA VIAGEM,AV ARMINDO MOURA,0,,RUA VISCONDE DE JEQUITINHONHA,PRÓX AO COMAR II,,,,BOA VIAGEM,COLISÃO LATERAL,,1,1,0,0,0,0,0,0,0,1,0,,,Cruzamento,Bom,Sem defeito,Perfeito estado,Seca,Perfeito estado,Faixa de pedestre,Outras,,Única,Faixa seccionada,Canal,,,
2021-01-09,14:02:00,COM VÍTIMA,FINALIZADA,AGUA FRIA,RUA SAO BENTO,0,,AV BEBERIBE,EM BAIXO DO SEMAFORO 064,,,,ÁGUA FRIA,COLISÃO LATERAL,,1,1,0,0,0,0,0,0,0,1,0,64,,Cruzamento,Bom,Sem defeito,Perfeito estado,Seca,Perfeito estado,Faixa de pedestre,Não há placas,,Dupla,Faixa contínua,,,,
2021-01-09,14:10:00,COM VÍTIMA,FINALIZADA,BOA VIAGEM,RUA VISCONDE DE JEQUITINHONHA,0,,AV ARMINDO MOURA,PRÓX AO COMAR II,,,,BOA VIAGEM,COLISÃO TRANSVERSAL,,0,2,0,0,0,0,0,0,0,3,0,,,Cruzamento,Bom,Sem defeito,Perfeito estado,Seca,Perfeito estado,Faixa de pedestre,Outras,,Única,Faixa seccionada,,,,
2021-01-09,14:21:00,COM VÍTIMA,FINALIZADA,SANTO AMARO,AV CRUZ CABUGA,0,,AV NORTE,EM FRENTE AO PREDIO DO SENAI,,,,SANTO AMARO,COLISÃO TRANSVERSAL,,4,0,0,0,0,0,0,0,0,1,0,34,CIDADE,Cruzamento,Bom,Sem defeito,Perfeito estado,Seca,Perfeito estado,Faixa de pedestre,,,Dupla,Faixa contínua,Faixa seccionada,,,
2021-01-10,00:51:00,COM VÍTIMA,FINALIZADA,DERBY,AV GOVERNADOR AGAMENON MAGALHAES,0,,,CRUZAMENTO COM A RUA HENRIQUE DIAS SENTIDO BOA VIAGEM,,,,DERBY,ATROPELAMENTO,,1,0,0,0,1,0,0,0,0,1,0,,,Cruzamento,Bom,Sem defeito,Perfeito estado,Seca,Perfeito estado,Faixa de pedestre,Outras,,Única,Faixa seccionada,Canteiro central,,,