data,hora,natureza_acidente,situacao,bairro,endereco,,numero,detalhe_endereco_acidente,complemento,endereco_cruzamento,numero_cruzamento,referencia_cruzamento,bairro_cruzamento,tipo,descricao,auto,moto,ciclom,ciclista,pedestre,onibus,caminhao,viatura,outros,vitimas,vitimasfatais,num_semaforo,sentido_via,acidente_verificado,tempo_clima,situacao_semaforo,sinalizacao,condicao_via,conservacao_via,ponto_controle,situacao_placa,velocidade_max_via,mao_direcao,divisao_via1,divisao_via2,divisao_via3,_id,Protocolo
2021-01-23,12:16:00,COM VÍTIMA,FINALIZADA,CAXANGA,RUA RIBEIRO PESSOA,3,945,,EM FRENTE AO PARAÍSO HOTEL,,,,CAXANGÁ,COLISÃO LATERAL,,1,1,0,0,0,0,0,0,0,1,0,,,Longo da via,Bom,Não existe,Não existente,Seca,Perfeito estado,Faixa de pedestre,,,Dupla,Não existe,,,,
2021-01-23,14:17:00,COM VÍTIMA,FINALIZADA,ENCRUZILHADA,AV BEBERIBE,3,542,,PROXIMO AO PADEIRÃO,,,,ENCRUZILHADA,COLISÃO TRANSVERSAL,,1,0,1,0,0,0,0,0,0,1,0,,,Longo da via,Bom,Não existe,Perfeito estado,Seca,Perfeito estado,Não existe,Não há placas,40 km/h,Dupla,Faixa seccionada,,,,
2021-01-23,19:41:00,COM VÍTIMA,FINALIZADA,BOA VIAGEM,RUA VISCONDE DE JEQUITINHONHA,0,,RUA BALTAZAR PASSOS,,,,,BOA VIAGEM,COLISÃO TRANSVERSAL,,2,0,0,0,0,0,0,0,0,1,0,,,Cruzamento,Bom,Sem defeito,Perfeito estado,Seca,Perfeito estado,Faixa de pedestre,Outras,,Única,Faixa seccionada,Canteiro central,,,
2021-01-24,12:06:00,COM VÍTIMA,FINALIZADA,SANTO AMARO,AV NORTE,3,866,,E/F A O CRAS DE SANTO AMARO S/T MACAXEIRA,,,,SANTO AMARO,COLISÃO LATERAL,,1,1,0,0,0,0,0,0,0,1,0,,,Longo da via,Bom,Não existe,Perfeito estado,Seca,Perfeito estado,Não existe,Não há placas,,Dupla,Canteiro central,,,,
2021-01-25,16:34:00,COM VÍTIMA,FINALIZADA,BOA VIAGEM,RUA ANTONIO FALCAO,3,565,RUA PROFESSOR JULIO FERREIRA DE MELO,PRÓX À DEPIL,,,,BOA VIAGEM,COLISÃO LATERAL,,1,1,0,0,0,0,0,0,0,1,0,,,Longo da via,Bom,Não existe,Perfeito estado,Seca,Perfeito estado,Não existe,Não há placas,,Única,Faixa seccionada,,,,
2021-01-25,16:48:00,COM VÍTIMA,FINALIZADA,JARDIM SAO PAULO,RUA DAMASCO,2,55,RUA ALFREDO DUARTE FILHO,EM FRENTE AO NUMERO 55 / PROX A IGREJA SAO PAULO / NO CRUZAMENTO,,,,JARDIM SÃO PAULO,COLISÃO FRONTAL,,1,1,0,0,0,0,0,0,0,1,0,,,Cruzamento,Bom,Não existe,Perfeito estado,Seca,Perfeito estado,Não existe,Não há placas,30 km/h,Dupla,Não existe,,,,
2021-01-25,20:44:40,COM VÍTIMA,FINALIZADA,BOA VIAGEM,AV ENGENHEIRO DOMINGOS FERREIRA,4,2842,RUA PADRE BERNADINO PESSOA,EM FRENTE AO TORRE MADRID RESIDENCE,,,,BOA VIAGEM,COLISÃO LATERAL,,1,1,0,0,0,0,0,0,0,1,0,144,SUBURBIO,Cruzamento,Bom,Sem defeito,Perfeito estado,Seca,Perfeito estado,Faixa de pedestre,R-6a,60 km/h,Dupla,Canteiro central,,,,
2021-01-25,21:51:40,COM VÍTIMA,FINALIZADA,PORTO DA MADEIRA,AV BEBERIBE,4,4340,,PRÓX A PIZZARIA DO ROUCHE,,,,PORTO DA MADEIRA,COLISÃO LATERAL,,1,1,0,0,0,0,0,0,0,1,0,,SUBURBIO,Longo da via,Bom,Não existe,,Seca,Mal iluminada,Não existe,Não há placas,60 km/h,Dupla,Faixa seccionada,,,,
2021-01-26,07:20:00,COM VÍTIMA,FINALIZADA,TORRE,RUA PADRE ANCHIETA,3,435,RUA JOSE BONIFACIO,EM  FRENTE  A  PADARIA  MASSA  NOBRE. APÓS O MINUTO PÃO DE AÇÚCAR.,,,,TORRE,COLISÃO TRASEIRA,,0,2,0,0,0,0,0,0,0,1,0,193,SUBURBIO,Cruzamento,Chuvoso,Sem defeito,Perfeito estado,Molhada,Perfeito estado,Faixa de pedestre,R-6a,,Única,Faixa seccionada,,,,
2021-01-26,08:01:00,COM VÍTIMA,FINALIZADA,CASA AMARELA,RUA BELA VISTA,3,343,,EM FRENTE AO SITIO DA TRINDADE,,,,CASA AMARELA,COLISÃO TRANSVERSAL,,1,1,0,0,0,0,0,0,0,1,0,,SUBURBIO,Longo da via,Bom,Não existe,Incompleta,Molhada,Perfeito estado,Não existe,Outras,40 km/h,Dupla,Não existe,,,,
2021-01-26,08:13:00,COM VÍTIMA,FINALIZADA,BOA VISTA,PRC MACIEL PINHEIRO,3,342,RUA DO ARAGAO,,,,,BOA VISTA,ATROPELAMENTO,,1,0,0,0,1,0,0,0,0,1,0,33,CENTRO,Cruzamento,Bom,Sem defeito,Incompleta,Molhada,Mal conservada,Não existe,Não há placas,40 km/h,Única,Não existe,,,,
2021-01-26,13:46:00,COM VÍTIMA,FINALIZADA,ESPINHEIRO,AV GOVERNADOR AGAMENON MAGALHAES,4,2860,,E/F AO CREA PE   S/T BOA VIAGEM,,,,ESPINHEIRO,COLISÃO TRASEIRA,,1,1,0,0,0,0,0,0,0,1,0,,BOA VIAGEM,Longo da via,Bom,Não existe,Perfeito estado,Seca,Perfeito estado,Não existe,Outras,,Dupla,Canal,,,,
2021-01-26,16:25:00,COM VÍTIMA,FINALIZADA,AGUA FRIA,EST VELHA DE AGUA FRIA,0,,AV PROFESSOR JOSE DOS ANJOS,PROX. AO DNOCS,,,,ÁGUA FRIA,COLISÃO LATERAL,,0,2,0,0,0,0,0,0,0,1,0,306,SUBURBIO,Cruzamento,Bom,Sem defeito,Perfeito estado,Seca,Perfeito estado,Faixa de pedestre,Não há placas,40 km/h,Dupla,,,,,
2021-01-26,17:18:00,COM VÍTIMA,FINALIZADA,DOIS IRMAOS,RUA RIBEIRO PESSOA,3,733,,PROX A UPA DA CAXANGA,,,,DOIS IRMÃOS,COLISÃO TRANSVERSAL,,1,1,0,0,0,0,0,0,0,2,0,,SUBURBIO,Longo da via,Chuvoso,Não existe,Incompleta,Seca,Perfeito estado,Não existe,R-6a,,Dupla,Não existe,,,,
2021-01-26,17:43:00,COM VÍTIMA,FINALIZADA,BOA VIAGEM,AV ENGENHEIRO DOMINGOS FERREIRA,4,1818,,EM FRENTE AO EXTRA,,,,BOA VIAGEM,COLISÃO TRASEIRA,,1,1,0,0,0,0,0,0,0,1,0,,SUBURBIO,Longo da via,Chuvoso,Não existe,Perfeito estado,Molhada,Perfeito estado,Não existe,R-19,60 km/h,Única,Faixa seccionada,Canteiro central,,,
2021-01-26,20:48:00,COM VÍTIMA,FINALIZADA,CAMPO GRANDE,EST DE BELEM,3,866,RUA PADRE CAPISTRANO,E/F A SUBWAY E POSTO PETRONAC,,,,CAMPO GRANDE,COLISÃO TRANSVERSAL,,1,1,0,0,0,0,0,0,0,2,0,,CIDADE,Longo da via,Chuvoso,Não existe,Perfeito estado,Molhada,Perfeito estado,Não existe,,,Dupla,Faixa contínua,Faixa seccionada,,,
2021-01-27,07:19:00,COM VÍTIMA,FINALIZADA,RECIFE,AV MILITAR,0,,,EM  FRENTE a unidade de segurança quarda portuaria. MEMORIAL DE JUSTIÇA DE PERNAMBUCO.,,,,BAIRRO DO RECIFE,COLISÃO LATERAL,,0,1,0,0,0,0,0,1,0,1,0,,SUBURBIO,Longo da via,Chuvoso,Não existe,Perfeito estado,Molhada,Perfeito estado,Faixa de pedestre,R-6a,,Única,Faixa seccionada,,,,
2021-01-27,10:25:00,COM VÍTIMA,FINALIZADA,SANTO AMARO,AV GOVERNADOR AGAMENON MAGALHAES,4,2656,,DESCIDA DO VADUTO SENT DERBY / EM FRENTE AO RESIDENCIAL VIDAL DE NEGREIROS / PISTA LOCAL. EMPRESARIAL AGAMENON MAGALHÃES.,,,,SANTO AMARO,COLISÃO LATERAL,,1,1,0,0,0,0,0,0,0,1,0,,SUBURBIO,Longo da via,Bom,Não existe,Perfeito estado,Seca,Perfeito estado,Não existe,Outras,,Dupla,Canteiro central,,,,
2021-01-27,13:17:00,COM VÍTIMA,FINALIZADA,SANTO AMARO,AV CRUZ CABUGA,3,165,RUA CAPITAO LIMA,EM FRENTE IGREJA UNIVERSAL GRAÇA DE DEUS,,,,SANTO AMARO,COLISÃO COM CICLISTA,,1,0,0,1,0,0,0,0,0,1,0,,SUBURBIO,Longo da via,Chuvoso,Não existe,Perfeito estado,Seca,Perfeito estado,Não existe,Outras,,Dupla,Faixa contínua,,,,
2021-01-27,14:11:00,COM VÍTIMA,FINALIZADA,AFOGADOS,RUA COSME VIANA,0,,RUA CORONEL ALFREDO DUARTE,PROX AO POSTO SETA / PROX AO SEMAFORO 430,,,,AFOGADOS,COLISÃO FRONTAL,,0,1,0,0,0,0,1,0,0,1,0,430,SUBURBIO,Cruzamento,Bom,Sem defeito,Perfeito estado,Seca,Perfeito estado,Faixa de pedestre,Não há placas,60 km/h,Única,Faixa contínua,Faixa seccionada,,,
2021-01-27,16:01:00,COM VÍTIMA,FINALIZADA,PINA,AV BOA VIAGEM,4,1140,,EM FRENTE AO MARANTE PLAZA HOTEL,,,,PINA,COLISÃO COM CICLISTA,,1,0,0,1,0,0,0,0,0,1,0,118,CIDADE,Longo da via,Bom,Sem defeito,Perfeito estado,Seca,Perfeito estado,Faixa de pedestre,R-6a,,Única,,,,,
2021-01-28,12:23:00,COM VÍTIMA,FINALIZADA,CASA AMARELA,AV CONS ROSA E SILVA,0,,RUA PADRE ROMA,E/F  A CASA JOSE ARAUJO,,,,CASA AMARELA,COLISÃO LATERAL,,1,1,0,0,0,0,0,0,0,1,0,61,SUBURBIO,Cruzamento,Bom,Sem defeito,Perfeito estado,Seca,Perfeito estado,Faixa de pedestre,Não há placas,,Única,,,,,
2021-01-28,15:20:00,COM VÍTIMA,FINALIZADA,GRACAS,RUA DAS PERNAMBUCANAS,3,315,RUA DAS GRACAS,AO LADO DO EDIFICIO PERNAMBUCANAS CENTER. BURGOMESTRE.,,,,GRAÇAS,COLISÃO LATERAL,,1,1,0,0,0,0,0,0,0,1,0,,SUBURBIO,Longo da via,Bom,,,Seca,Perfeito estado,,Não há placas,,Única,Faixa seccionada,,,,
2021-01-28,22:16:40,COM VÍTIMA,FINALIZADA,TAMARINEIRA,AV CONS ROSA E SILVA,0,,RUA CONEGO BARATA,SEMÁFORO 061 / CASAS JOSÉ ARAUJO,,,,TAMARINEIRA,COLISÃO TRANSVERSAL,,0,1,0,0,0,0,1,0,0,1,0,61,CIDADE,Cruzamento,Bom,Sem defeito,Perfeito estado,Seca,Perfeito estado,Faixa de pedestre,R-6a,40 km/h,Dupla,Canteiro central,,,,
2021-01-28,22:35:40,COM VÍTIMA,FINALIZADA,ESTANCIA,AV RECIFE,0,,AV TAPAJOS,LADO OPOSTO AO POSTO BR / APOS O MAKRO,,,,ESTÂNCIA,COLISÃO LATERAL,,1,1,0,0,0,0,0,0,0,1,0,620,SUBURBIO,Longo da via,Bom,Sem defeito,Perfeito estado,Seca,Perfeito estado,Faixa de retenção,,60 km/h,Única,Faixa contínua,,,,
2021-01-29,10:20:00,COM VÍTIMA,FINALIZADA,BOA VISTA,PRC MACIEL PINHEIRO,0,,,CAMINHAO E AUTO PASSEIO,,,,BOA VISTA,COLISÃO,,1,0,0,0,0,0,1,0,0,1,0,,,,,,,,,,,,,,,,,
2021-01-29,13:58:00,COM VÍTIMA,FINALIZADA,IBURA,AV DOM HELDER CAMARA,0,,,PROX AO ARMAZEM FAMA,,,,IBURA,COLISÃO TRANSVERSAL,,0,1,0,0,0,0,1,0,0,1,0,,SUBURBIO,Longo da via,Bom,Não existe,Não existente,Seca,Perfeito estado,Não existe,Não há placas,,Dupla,Canteiro central,,,,
2021-01-29,15:00:00,COM VÍTIMA,FINALIZADA,ARRUDA,AV BEBERIBE,4,1253,RUA DAS MOCAS,EM FRENTE AO ESTACIONAMENTO DO ARMAZEM CORAL / EM FRENTE A LOJINHA DO SANTA CRUZ,,,,ARRUDA,COLISÃO LATERAL,,1,1,0,0,0,0,0,0,0,1,0,,CIDADE,Cruzamento,Bom,Não existe,Perfeito estado,Seca,Perfeito estado,Outros,Não há placas,,Dupla,Faixa contínua,,,,
2021-01-29,15:51:00,COM VÍTIMA,FINALIZADA,BOA VIAGEM,RUA BARAO DE SOUZA LEAO,4,1259,AV DES JOSE NEVES,PRÓX AO SUPERMERCADO TREVO. PRÓXIMO AO CRUZAMENTO COM A DES JOSE NEVES.,,,,BOA VIAGEM,ATROPELAMENTO,,0,0,0,0,1,1,0,0,0,1,0,476,,Cruzamento,Bom,Sem defeito,Incompleta,Seca,Perfeito estado,Não existe,R-6a,60 km/h,Única,Faixa seccionada,,,,
2021-01-29,15:54:00,COM VÍTIMA,FINALIZADA,CABANGA,PTE AGAMENON MAGALHAES,0,,,AO LADO DO CABANGA IATE CLUB,,,,CABANGA,CHOQUE,,1,1,0,0,0,0,0,0,0,1,0,,CIDADE,Ponte,Bom,Não existe,Perfeito estado,Seca,Perfeito estado,Não existe,Não há placas,60 km/h,Única,Faixa contínua,,,,
2021-01-29,17:55:00,COM VÍTIMA,FINALIZADA,BEBERIBE,AV BEBERIBE,4,4211,,LADO OPOSTO A BEBERIBE AUTO PEÇAS / PROX AO SEMAFORO 514,,,,BEBERIBE,COLISÃO TRANSVERSAL,,2,1,0,0,0,0,0,0,0,1,0,514,CIDADE,Longo da via,Bom,Sem defeito,Incompleta,Seca,Mal conservada,Outros,R-6a,40 km/h,Dupla,Faixa contínua,,,,
2021-01-29,18:30:00,COM VÍTIMA,FINALIZADA,IMBIRIBEIRA,AV MARECHAL MASCARENHAS DE MORAES,3,878,,COLISÃO TRASEIRA COM VÍTIMA,,,,IMBIRIBEIRA,COLISÃO TRASEIRA,,1,1,0,0,0,0,0,0,0,1,0,,,Longo da via,Bom,Sem defeito,Perfeito estado,Seca,Perfeito estado,Não existe,Não há placas,,Única,Faixa seccionada,,,,
2021-01-29,19:04:00,COM VÍTIMA,FINALIZADA,PINA,AV ANTONIO DE GOES,0,,RUA DR JOSE MARIANO,,,,,PINA,COLISÃO TRASEIRA,,0,2,0,0,0,0,0,0,0,2,0,538,,Cruzamento,Bom,Sem defeito,Perfeito estado,Seca,Perfeito estado,Agente,Não há placas,,Única,Faixa seccionada,,,,
2021-01-30,07:34:00,COM VÍTIMA,FINALIZADA,BOA VISTA,RUA DO RIACHUELO,2,36,RUA DA AURORA,PROX. ECT CORREIOS E AGÊNCIA DO TRABALHO.,,,,BOA VISTA,COLISÃO COM CICLISTA,,0,0,0,1,0,1,0,0,0,1,0,579,SUBURBIO,Cruzamento,Bom,Sem defeito,,Seca,Perfeito estado,Outros,,40 km/h,Única,Faixa seccionada,,,,
2021-01-30,15:33:00,COM VÍTIMA,FINALIZADA,BOA VIAGEM,RUA DR GASPAR REGUEIRA COSTA,0,,RUA MARQUES DE VALENCA,POR TRAS DO COLEGIO SANTOS DUMONT,,,,BOA VIAGEM,COLISÃO LATERAL,,1,1,0,0,0,0,0,0,0,1,0,,,Cruzamento,Bom,Não existe,Perfeito estado,Seca,Perfeito estado,Não existe,Não há placas,,Dupla,Faixa seccionada,,,,
2021-01-30,16:16:00,COM VÍTIMA,FINALIZADA,MACAXEIRA,RUA MANDACARU,3,105,,NO POSTO BR NA SUBIDA DO ALTO DO MANDU,,,,MACAXEIRA,TOMBAMENTO,,1,1,0,0,0,0,0,0,0,1,0,,SUBURBIO,Longo da via,Bom,Não existe,Incompleta,Seca,Perfeito estado,Não existe,Não há placas,,Dupla,Faixa seccionada,,,,
2021-01-30,23:11:40,COM VÍTIMA,FINALIZADA,ESPINHEIRO,RUA DO ESPINHEIRO,3,478,RUA SANTO ELIAS,CRUZAMENTO C/A RUA SANTO ELIAS - E/F AO POSTO YPIRANGA,,,,ESPINHEIRO,COLISÃO TRANSVERSAL,,2,0,0,0,0,0,0,0,0,2,0,,ENCRUZILHADA,Cruzamento,Bom,Não existe,Perfeito estado,Seca,Perfeito estado,Faixa de pedestre,Placas Pare,,Única,Faixa contínua,,,,
2021-01-31,07:04:00,COM VÍTIMA,FINALIZADA,BOA VIAGEM,RUA GENERAL SALGADO,3,820,RUA COSMORAMA,EM FRENTE AO EDF CHATEAU,,,,BOA VIAGEM,COLISÃO LATERAL,,1,1,0,0,0,0,0,0,0,1,0,,,Longo da via,Bom,Não existe,,Seca,Perfeito estado,Não existe,Não há placas,,Dupla,Não existe,,,,
2021-01-31,11:22:00,COM VÍTIMA,FINALIZADA,TAMARINEIRA,EST VELHA DE AGUA FRIA,3,618,AV NORTE,EM FRENTE A PADARIA MANÁ,,,,TAMARINEIRA,COLISÃO LATERAL,,1,1,0,0,0,0,0,0,0,1,0,,SUBURBIO,Longo da via,Bom,Não existe,Perfeito estado,Seca,Perfeito estado,Não existe,Outras,,Dupla,Faixa contínua,Blocos,,,
2021-01-31,12:15:00,COM VÍTIMA,FINALIZADA,TAMARINEIRA,EST VELHA DE AGUA FRIA,3,671,RUA CABO HONORIO,LADO OPOSTO AO NUMERO 671,,,,TAMARINEIRA,COLISÃO TRASEIRA,,1,1,0,0,0,0,0,0,0,1,0,,SUBURBIO,Esquina,Bom,Não existe,Perfeito estado,Seca,Perfeito estado,Não existe,Outras,,Dupla,Faixa contínua,,,,
2021-01-31,14:35:00,COM VÍTIMA,FINALIZADA,CASA FORTE,RUA LEONARDO BEZERRA CAVALCANTE,3,562,,MUNDO PET / PROX A FARMACIA PAGUE MENOS,,,,CASA FORTE,COLISÃO FRONTAL,,1,1,0,0,0,0,0,0,0,1,0,485,SUBURBIO,Longo da via,Bom,Sem defeito,Perfeito estado,Seca,Perfeito estado,Faixa de pedestre,Outras,,Única,Faixa seccionada,,,,
2021-01-31,22:14:40,COM VÍTIMA,FINALIZADA,BOA VISTA,AV MANOEL BORBA,3,699,,AO LADO DA BOATE METRÓPOLE.,,,,BOA VISTA,ATROPELAMENTO,,1,0,0,0,1,0,0,0,0,1,0,,SUBURBIO,Longo da via,Bom,Sem defeito,Perfeito estado,Seca,Perfeito estado,Faixa de pedestre,R-6a,40 km/h,Única,Faixa seccionada,,,,
2021-02-01,07:35:00,COM VÍTIMA,FINALIZADA,CASA FORTE,AV DEZESSETE DE AGOSTO,4,2388,,E/F AO CENTRO MEDICO  ERMIRIO DE MORAES,,,,CASA FORTE,COLISÃO LATERAL,,1,1,0,0,0,0,0,0,0,1,0,,SUBURBIO,Longo da via,Bom,Sem defeito,Perfeito estado,Seca,Perfeito estado,Faixa de pedestre,R-6a,60 km/h,Dupla,Faixa contínua,,,,
2021-02-01,07:44:00,COM VÍTIMA,FINALIZADA,SAO JOSE,C SANTA RITA,3,595,,AO LADO DAS TORRES GÊMEAS / EDF. PIER MAURÍCIO DE NASSAU.,,,,SÃO JOSÉ,COLISÃO FRONTAL,,1,0,0,0,0,0,1,0,0,2,0,,CIDADE,Longo da via,Bom,Não existe,Perfeito estado,Seca,Perfeito estado,Faixa de pedestre,R-6a,,Dupla,Faixa seccionada,,,,
2021-02-01,09:55:00,VÍTIMA FATAL,FINALIZADA,IBURA,RUA RIO BRIGIDA,3,542,,IBURA  DE  BAIXO   PROX   AO  TERMINAL   DO  SESI,,,,IBURA,ATROPELAMENTO DE PESSOA,,0,0,0,0,1,0,1,0,0,0,1,,CIDADE,Longo da via,Bom,Não existe,Não existente,Seca,Perfeito estado,Não existe,Não há placas,,Dupla,Faixa seccionada,,,,
2021-02-01,14:19:00,COM VÍTIMA,FINALIZADA,SANTO AMARO,RUA DO POMBAL,0,,RUA PEDRO AFONSO,RUA DA ESQUINA DO IML  VT 31 NO LOCAL,,,,SANTO AMARO,COLISÃO LATERAL,,1,1,0,0,0,0,0,0,0,2,0,,SUBURBIO,Cruzamento,Bom,Não existe,Perfeito estado,Seca,Perfeito estado,Não existe,Placas Pare,,,Faixa seccionada,,,,
2021-02-01,15:28:00,VÍTIMA FATAL,FINALIZADA,MACAXEIRA,RUA MARIA CANDIDA,0,,AV NORTE,AV NORTE,,,,MACAXEIRA,ATROPELAMENTO DE PESSOA,,0,0,0,0,1,0,1,0,0,0,1,296,SUBURBIO,Cruzamento,Bom,Sem defeito,Incompleta,Seca,Perfeito estado,Não existe,Outras,40 km/h,Dupla,Canteiro central,,,,
2021-02-01,18:42:00,COM VÍTIMA,FINALIZADA,CAJUEIRO,RUA CORONEL URBANO RIBEIRO DE SENA,3,875,,PADARIA DO CORONEL,,,,CAJUEIRO,COLISÃO FRONTAL,,1,1,0,0,0,0,0,0,0,1,0,,,Cruzamento,Bom,Não existe,Não existente,Seca,Perfeito estado,,Não há placas,,Dupla,Faixa seccionada,,,,
2021-02-01,19:12:00,COM VÍTIMA,FINALIZADA,BOA VIAGEM,RUA PROFESSOR JOAO MEDEIROS,3,146,RUA DHALIA,PET / RUA  DA ACESSO AO  SHOPPING RECIFE / EDIF. SANTO ANDRÉ,,,,BOA VIAGEM,COLISÃO LATERAL,,1,1,0,0,0,0,0,0,0,1,0,,CIDADE,Longo da via,Bom,,Perfeito estado,Seca,Perfeito estado,Outros,Outras,,Única,,,,,
2021-02-01,20:45:00,COM VÍTIMA,FINALIZADA,PARNAMIRIM,AV FLOR DE SANTANA,3,224,,PRÓX A BURGUER KING,,,,PARNAMIRIM,COLISÃO LATERAL,,1,1,0,0,0,0,0,0,0,1,0,,SUBURBIO,Longo da via,Bom,Não existe,Ilegível,Seca,Perfeito estado,Não existe,Outras,,Dupla,Não existe,,,,
2021-02-02,08:55:00,COM VÍTIMA,FINALIZADA,SAO JOSE,AV SUL,4,1562,,EM FRENTE  A CIA MOTO PEÇAS E SERVIÇO,,,,SÃO JOSÉ,COLISÃO COM CICLISTA,,0,1,0,1,0,0,0,0,0,1,0,,CIDADE,Longo da via,Bom,Não existe,Perfeito estado,Seca,Perfeito estado,Não existe,Não há placas,,Única,Canteiro central,,,,
2021-02-02,10:38:00,COM VÍTIMA,FINALIZADA,IBURA,RUA VALE DO ITAJAI,3,12A,,EM FRENTE AO MESTRE DA PIZZA / PROX A UPA. LAVAJATO DOLOVE,,,,IBURA,COLISÃO FRONTAL,,1,1,0,0,0,0,0,0,0,2,0,,SUBURBIO,Longo da via,Bom,Não existe,,Seca,Perfeito estado,Não existe,Não há placas,30 km/h,Dupla,Não existe,,,,
2021-02-02,10:51:00,COM VÍTIMA,FINALIZADA,AFOGADOS,RUA VINTE E UM DE ABRIL,3,657,RUA AMARO DUARTE,AO LADO DO CLUBE ATLETICO,,,,AFOGADOS,COLISÃO LATERAL,,1,1,0,0,0,0,0,0,0,1,0,,SUBURBIO,Longo da via,Bom,Não existe,Não existente,Seca,Perfeito estado,Não existe,Não há placas,60 km/h,,Não existe,,,,
2021-02-02,11:32:00,COM VÍTIMA,FINALIZADA,AFOGADOS,EST DOS REMEDIOS,4,1700,RUA TABAIARES,EM FRENTE A CONCESSIONARIA HYUNDAI/CTTU NO LOCAL BATEDORES  CRAYTON E RENATO LIMA,,,,AFOGADOS,CHOQUE,,0,0,0,0,0,0,0,0,1,1,0,390,SUBURBIO,Longo da via,Bom,Sem defeito,Perfeito estado,Seca,Perfeito estado,Faixa de pedestre,R-6a,,Única,Faixa seccionada,,,,
2021-02-02,13:29:00,COM VÍTIMA,FINALIZADA,IMBIRIBEIRA,RUA ARQUITETO LUIZ NUNES,3,674,,PRÓX AO COLÉGIO PINHEIROS,,,,IMBIRIBEIRA,ATROPELAMENTO DE PESSOA,,0,1,0,0,1,0,0,0,0,1,0,,SUBURBIO,Longo da via,Bom,Não existe,Perfeito estado,Seca,Perfeito estado,,,,Dupla,Faixa contínua,Faixa seccionada,,,
2021-02-02,21:29:40,COM VÍTIMA,FINALIZADA,CASA AMARELA,RUA CONS PERETTI,3,130,RUA MAJOR AFONSO LEAL,PROXIMO DO COZINHANDO ESCONDIDINHO,,,,CASA AMARELA,COLISÃO LATERAL,,0,1,0,0,0,1,0,0,0,2,0,,SUBURBIO,Cruzamento,Bom,Não existe,Não existente,Seca,Perfeito estado,Não existe,R-6a,,Única,Não existe,,,,
2021-02-03,11:50:00,COM VÍTIMA,FINALIZADA,SANTO AMARO,RUA PALMARES,3,194,RUA ARNOBIO MARQUES,EM FRENTE AO LABORATÓRIO MUNICIPAL DE SAÚDE,,,,SANTO AMARO,COLISÃO TRASEIRA,,1,1,0,0,0,0,0,0,0,1,0,,SUBURBIO,Cruzamento,Chuvoso,Não existe,Incompleta,Molhada,Perfeito estado,Não existe,Outras,,Única,Não existe,,,,
2021-02-03,13:20:00,COM VÍTIMA,FINALIZADA,BOA VIAGEM,AV ENGENHEIRO DOMINGOS FERREIRA,4,4060,RUA RIBEIRO DE BRITO,E/F ACADEMIA HI   SUB ADELSON NO LOCAL,,,,BOA VIAGEM,COLISÃO TRANSVERSAL,,1,1,0,0,0,0,0,0,0,1,0,155,SUBURBIO,Cruzamento,Bom,Sem defeito,Perfeito estado,Seca,Perfeito estado,Agente,Outras,,Única,Faixa seccionada,Canteiro central,,,
2021-02-03,14:11:00,COM VÍTIMA,FINALIZADA,JORDAO,AV MARIA IRENE,0,,RUA BRITANIA,LADO OPOSTO DE JORDAO MOTOS,,,,JORDÃO,COLISÃO,,0,1,0,0,0,1,0,0,0,1,0,,SUBURBIO,Longo da via,Bom,Não existe,Ilegível,Seca,Perfeito estado,Outros,Não há placas,,Dupla,Não existe,,,,
2021-02-03,15:28:00,COM VÍTIMA,FINALIZADA,DERBY,AV GOVERNADOR AGAMENON MAGALHAES,2,73,,E/F AO CENTRO DE REPRODUÇAO HUMANA S/T OLINDA,,,,DERBY,ATROPELAMENTO DE PESSOA,,2,1,0,0,1,0,0,0,0,1,0,,OLINDA,Longo da via,Bom,Sem defeito,Perfeito estado,Seca,Perfeito estado,Faixa de pedestre,,60 km/h,Única,Canteiro central,,,,
2021-02-03,19:23:00,COM VÍTIMA,FINALIZADA,TEJIPIO,AV DR JOSE RUFINO,0,,RUA DO SANCHO,E/F A ESTAÇÃO DE METRÔ DE TEJIPIÓ  SNT JABOATÃO / SEMÁFORO 434.,,,,TEJIPIÓ,ATROPELAMENTO DE PESSOA,,0,0,0,0,1,1,0,0,0,1,0,434,SUBURBIO,Longo da via,Bom,Sem defeito,Perfeito estado,Seca,Perfeito estado,Faixa de pedestre,,40 km/h,Dupla,Faixa contínua,,,,