data,hora,natureza_acidente,situacao,bairro,endereco,,numero,detalhe_endereco_acidente,complemento,endereco_cruzamento,numero_cruzamento,referencia_cruzamento,bairro_cruzamento,tipo,descricao,auto,moto,ciclom,ciclista,pedestre,onibus,caminhao,viatura,outros,vitimas,vitimasfatais,num_semaforo,sentido_via,acidente_verificado,tempo_clima,situacao_semaforo,sinalizacao,condicao_via,conservacao_via,ponto_controle,situacao_placa,velocidade_max_via,mao_direcao,divisao_via1,divisao_via2,divisao_via3,_id,Protocolo
2021-02-04,15:04:00,COM VÍTIMA,FINALIZADA,AGUA FRIA,EST VELHA DE AGUA FRIA,4,1485,RUA RIOLANDIA,EM FRENTE À CLINICARDIO,,,,ÁGUA FRIA,COLISÃO LATERAL,,1,1,0,0,0,0,0,0,0,2,0,,CIDADE,Esquina,Bom,Não existe,Não existente,Seca,Perfeito estado,Não existe,Não há placas,,Única,Faixa seccionada,,,,
2021-02-04,16:24:00,COM VÍTIMA,FINALIZADA,IMBIRIBEIRA,AV MARECHAL MASCARENHAS DE MORAES,0,,,EM FRENTE AO PONTO DA LOCALIZA / EM FRENTE A AEROPORTO,,,,IMBIRIBEIRA,COLISÃO LATERAL,,1,1,0,0,0,0,0,0,0,2,0,570,SUBURBIO,Outros,Bom,Sem defeito,Perfeito estado,Seca,Perfeito estado,Faixa de pedestre,Outras,60 km/h,Única,Faixa seccionada,,,,
2021-02-04,19:18:00,COM VÍTIMA,FINALIZADA,CAMPO GRANDE,RUA JERONIMO VILELA,0,,AV PROFESSOR JOSE DOS ANJOS,EM FRENTE AO AÇOUGUE DE PINGO,,,,CAMPO GRANDE,COLISÃO TRANSVERSAL,,1,1,0,0,0,0,0,0,0,1,0,642,SUBURBIO,Cruzamento,Bom,Sem defeito,Incompleta,Seca,Mal iluminada,Não existe,Não há placas,,Dupla,Não existe,,,,
2021-02-05,02:31:00,COM VÍTIMA,FINALIZADA,CORDEIRO,RUA DR MIGUEL VIEIRA FERREIRA,0,,RUA CLAUDIO BROTHERHOOD,COM RUA CLAUDIO BROTHERHOOD,,,,CORDEIRO,COLISÃO TRANSVERSAL,,1,1,0,0,0,0,0,0,0,1,0,,CIDADE,Cruzamento,Bom,Não existe,Perfeito estado,Seca,Perfeito estado,Faixa de pedestre,Não há placas,,Dupla,Faixa seccionada,,,,
2021-02-05,09:59:00,COM VÍTIMA,FINALIZADA,ILHA JOANA BEZERRA,VDO PAPA JOAO PAULO II,0,,,EM CIMA DO VIADUTO  SENT. BOA VIAGEM,,,,ILHA JOANA BEZERRA,COLISÃO COM CICLISTA,,0,0,0,1,0,1,0,0,0,1,0,,SUBURBIO,Longo da via,Bom,Não existe,Perfeito estado,Seca,Perfeito estado,Não existe,Não há placas,,Dupla,Faixa seccionada,Canteiro central,,,
2021-02-05,10:39:00,COM VÍTIMA,FINALIZADA,BOA VISTA,RUA HENRIQUE DIAS,0,,,EM  FRENTE  AO  HOSPITAL  LOCMED,,,,BOA VISTA,COLISÃO,,1,1,0,0,0,0,0,0,0,1,0,,,,,,,,,,,,,,,,,
2021-02-05,10:57:00,COM VÍTIMA,FINALIZADA,CAMPO GRANDE,RUA ODORICO MENDES,3,379,RUA PROFESSOR FRANCISCO DA TRINDADE,EM FRENTE A SERRALHARIA PORTEL,,,,CAMPO GRANDE,COLISÃO TRANSVERSAL,,1,1,0,0,0,0,0,0,0,2,0,357,SUBURBIO,Cruzamento,Bom,Sem defeito,Perfeito estado,Seca,Perfeito estado,Faixa de pedestre,,,Dupla,Faixa contínua,,,,
2021-02-05,11:06:00,COM VÍTIMA,FINALIZADA,BOA VIAGEM,AV BOA VIAGEM,4,5090,,PROX. A PRAÇA DE BOA VIAGEM,,,,BOA VIAGEM,COLISÃO LATERAL,,1,1,0,0,0,0,0,0,0,1,0,,CIDADE,Longo da via,Bom,Sem defeito,Perfeito estado,Seca,Perfeito estado,Não existe,Placas Pare,,Única,Faixa seccionada,,,,
2021-02-05,11:18:00,COM VÍTIMA,FINALIZADA,ILHA JOANA BEZERRA,RUA CAPITAO TEMUDO,0,,,SENTIDO DERBY,,,,JOANA BEZERRA,COLISÃO TRASEIRA,,1,1,0,0,0,0,0,0,0,1,0,,CIDADE,Viaduto,Bom,Não existe,Perfeito estado,Seca,Perfeito estado,Não existe,Não há placas,60 km/h,Dupla,Canteiro central,,,,
2021-02-05,16:28:00,COM VÍTIMA,FINALIZADA,IBURA,AV DOIS RIOS,2,13,,EM FRENTE A RODRIGUES MERCADINHO E PANIFICADORA E EM FRENTE A UPA IBURA,,,,IBURA,COLISÃO TRASEIRA,,1,1,0,0,0,0,0,0,0,1,0,,CIDADE,Longo da via,Bom,Não existe,Perfeito estado,Seca,Perfeito estado,Não existe,Outras,,Dupla,Faixa contínua,,,,
2021-02-05,20:40:00,COM VÍTIMA,FINALIZADA,PARNAMIRIM,AV PARNAMIRIM,0,,RUA JOAO TUDE DE MELO,PROXIMIDADES DO SHOPPING PLAZA  SNT TORRE /NA VIA DO  CANAL / ANTES DA  PONTE QUE DA ACESSO AO CARREFOUR. AO LADO DO SEBRO.,,,,PARNAMIRIM,COLISÃO LATERAL,,0,1,0,0,0,0,0,1,0,2,0,S/N,SUBURBIO,Cruzamento,Bom,Sem defeito,Perfeito estado,Seca,Perfeito estado,Faixa de pedestre,Outras,,Única,Faixa seccionada,,,,
2021-02-06,00:03:00,COM VÍTIMA,FINALIZADA,IPUTINGA,RUA LEAL DE BARROS,3,519,RUA REZENDE,CRUZAMENTO C/A RUA DR MANUEL RESENDE - PROXIMO À ESCOLA EXPOENTE.,,,,IPUTINGA,COLISÃO FRONTAL,,1,1,0,0,0,0,0,0,0,1,0,,SUBURBIO,Cruzamento,Bom,Não existe,Perfeito estado,Seca,Perfeito estado,Faixa de pedestre,Placas Pare,,Dupla,Faixa contínua,Faixa seccionada,,,
2021-02-06,06:35:00,COM VÍTIMA,FINALIZADA,AFOGADOS,AV SUL,0,,,EM FRENTE AO GRANDE ORIENTE PERNAMBUCO,,,,AFOGADOS,QUEDA,,0,0,0,1,0,0,0,0,0,1,0,,IMBIRIBEIRA,,,,,,,,,,,,,,,
2021-02-06,14:16:00,COM VÍTIMA,FINALIZADA,BOA VIAGEM,AV ENGENHEIRO DOMINGOS FERREIRA,4,4811,,EM FRENTE AO ARMAZEM CORAL  ACHAQUI/ ANTES PRACINHA DE BOA VIAGEM,,,,BOA VIAGEM,ATROPELAMENTO DE PESSOA,,0,1,0,0,1,0,0,0,0,2,0,,SUBURBIO,Longo da via,Bom,Não existe,Perfeito estado,Seca,Perfeito estado,Não existe,Outras,60 km/h,Única,Faixa seccionada,Canteiro central,,,
2021-02-06,14:42:00,COM VÍTIMA,FINALIZADA,TORRE,RUA JOSE BONIFACIO,0,,RUA JOSE DE HOLANDA,EM FRENTE AO MERCADO DA TORRE,,,,TORRE,COLISÃO,,1,1,0,0,0,0,0,0,0,1,0,,,,,,,,,,,,,,,,,
2021-02-06,17:02:00,COM VÍTIMA,FINALIZADA,MADALENA,AV ENGENHEIRO ABDIAS DE CARVALHO,0,,RUA JOAO IVO DA SILVA,AO LADO DA HABIB'S,,,,MADALENA,COLISÃO TRANSVERSAL,,1,1,0,0,0,0,0,0,0,1,0,132,AFOGADOS,Cruzamento,Bom,Sem defeito,Perfeito estado,Seca,Perfeito estado,Faixa de pedestre,Outras,,Única,Canteiro central,,,,
2021-02-07,00:13:00,COM VÍTIMA,FINALIZADA,NOVA DESCOBERTA,RUA BETINHA,3,148,,ANTES DA ENTRADA DO CÓRREGO DA AREIA,,,,NOVA DESCOBERTA,CHOQUE,,3,0,0,0,0,0,0,0,0,1,0,,SUBURBIO,Longo da via,Bom,Não existe,Não existente,Seca,Perfeito estado,Não existe,Não há placas,,Dupla,Não existe,,,,
2021-02-07,18:10:00,COM VÍTIMA,FINALIZADA,JORDAO,RUA DR ANDRADE LYRA,1,3,RUA DES EVANDRO NETTO,AO LADO DA ESC. MUNIC. PINTOR LULA CARDOSO AYRES/  RUA DO TERMINAL DE ÔNIBUS  JORDÃO BAIXO,,,,JORDÃO,COLISÃO TRANSVERSAL,,1,1,0,0,0,0,0,0,0,1,0,,CIDADE,Longo da via,Bom,Não existe,Perfeito estado,Seca,,Faixa de pedestre,,,Única,,,,,
2021-02-08,07:22:00,COM VÍTIMA,FINALIZADA,CAMPO GRANDE,RUA JERONIMO VILELA,3,475,RUA FRANKLIN TAVORA,AO LADO DO NÚMERO 475,,,,CAMPO GRANDE,COLISÃO FRONTAL,,2,0,0,0,0,0,0,0,0,1,0,282,SUBURBIO,Cruzamento,Bom,Sem defeito,Perfeito estado,Seca,Perfeito estado,Faixa de pedestre,R-6a,,Dupla,Faixa contínua,Faixa seccionada,,,
2021-02-08,08:07:00,COM VÍTIMA,FINALIZADA,CAXANGA,AV PROFESSOR MORAES REGO,0,,,LADO OPOSTO AO HAPVIDA,,,,CAXANGÁ,COLISÃO,,1,1,0,0,0,0,0,0,0,2,0,,,,,,,,,,,,,,,,,
2021-02-08,08:15:00,COM VÍTIMA,FINALIZADA,IMBIRIBEIRA,RUA JAMAICA,2,71,RUA IZABEL DE SOUZA,AO LADO DA CASA DO MARCENEIRO. BS BLINDAGENS.,,,,IMBIRIBEIRA,COLISÃO TRASEIRA,,1,1,0,0,0,0,0,0,0,1,0,,MASC. MORAES,Cruzamento,Bom,Não existe,Perfeito estado,Seca,Perfeito estado,Não existe,Placas Pare,,Única,Faixa seccionada,,,,
2021-02-08,12:20:00,COM VÍTIMA,FINALIZADA,SAO JOSE,AV MARTINS DE BARROS,0,,,EM FRENTE AO TERMINAL INTEGRADO DO CAIS DE SANTA RITA.,,,,SÃO JOSÉ,COLISÃO LATERAL,,1,1,0,0,0,0,0,0,0,1,0,383,SUBURBIO,Cruzamento,Bom,Sem defeito,Perfeito estado,Seca,Perfeito estado,Faixa de pedestre,Outras,60 km/h,Dupla,Canteiro central,,,,
2021-02-08,12:39:00,COM VÍTIMA,FINALIZADA,ENCRUZILHADA,RUA CEARA,3,352,RUA JULIAO NETO,PRÓX AO BAR DO TONHÃO,,,,ENCRUZILHADA,COLISÃO TRANSVERSAL,,1,1,0,0,0,0,0,0,0,1,0,,SUBURBIO,Longo da via,Bom,Não existe,Incompleta,Seca,Perfeito estado,Não existe,Outras,,Única,Não existe,,,,
2021-02-08,15:19:00,COM VÍTIMA,FINALIZADA,SANTO AMARO,AV JOAO DE BARROS,0,,,EM BAIXO DO VIADUTO DA JOAO DE BARROS / EM FRENTE AO EMPRESARIO BULIMAX,,,,SANTO AMARO,COLISÃO LATERAL,,1,1,0,0,0,0,0,0,0,1,0,,SUBURBIO,Longo da via,Bom,Não existe,Perfeito estado,Seca,Perfeito estado,Não existe,Não há placas,,Única,Faixa seccionada,,,,
2021-02-08,18:15:00,COM VÍTIMA,FINALIZADA,IPSEP,RUA PAMPULHA,0,,,PRÓXIMO À FACULDADE BOA VIAGEM,,,,IPSEP,TOMBAMENTO,,0,1,0,0,0,0,0,0,0,1,0,,,Longo da via,Bom,,Perfeito estado,Seca,Perfeito estado,Agente,Não há placas,40 km/h,Única,Faixa seccionada,,,,
2021-02-08,20:42:40,COM VÍTIMA,FINALIZADA,APIPUCOS,RUA DE APIPUCOS,0,,RUA ALIANCA,EM FRENTE AO 11º BATALHÃO DA PM E SEMÁFORO 248,,,,APIPUCOS,COLISÃO TRANSVERSAL,,0,2,0,0,0,0,0,0,0,1,0,248,,Cruzamento,Bom,Sem defeito,Perfeito estado,Seca,Perfeito estado,Não existe,Não há placas,,Dupla,Não existe,,,,
2021-02-09,06:32:00,COM VÍTIMA,FINALIZADA,ENCRUZILHADA,RUA FERNANDO CESAR,3,242,RUA AMARO COUTINHO,EM  FRENTE  A  LOJA   GDA  EQUIPAMENTOS . PRÓXIMO À PRAÇA DOM MIGUEL VALVERDE.,,,,ENCRUZILHADA,COLISÃO TRANSVERSAL,,1,1,0,0,0,0,0,0,0,2,0,,CIDADE,Cruzamento,Bom,Não existe,Perfeito estado,Seca,Perfeito estado,Faixa de pedestre,Placas Pare,30 km/h,Única,Faixa seccionada,,,,
2021-02-09,11:26:00,COM VÍTIMA,FINALIZADA,SANTO AMARO,RUA AURORA,0,,,LADO OPOSTO AO CLUBE DE REMO NÁUTICO CAPIBARIBE.,,,,SANTO AMARO,COLISÃO TRASEIRA,,0,2,0,0,0,0,0,0,0,1,0,,SUBURBIO,Longo da via,Bom,Não existe,Perfeito estado,Seca,Perfeito estado,Não existe,Não há placas,,Dupla,Canteiro central,,,,
2021-02-09,14:18:00,COM VÍTIMA,FINALIZADA,TORRE,RUA REAL DA TORRE,0,,RUA CONDE DE IRAJA,NO SEMÁFORO 106,,,,TORRE,COLISÃO LATERAL,,1,1,0,0,0,0,0,0,0,1,0,106,,Cruzamento,Bom,Sem defeito,Perfeito estado,Seca,Perfeito estado,Faixa de pedestre,Outras,60 km/h,,Faixa seccionada,,,,
2021-02-09,16:35:00,COM VÍTIMA,FINALIZADA,ESPINHEIRO,RUA AMELIA,3,114,RUA DR VICENTE MEIRA,AO LADO DO ESPINHEIRO SHOPPING,,,,ESPINHEIRO,COLISÃO LATERAL,,1,1,0,0,0,0,0,0,0,1,0,,CIDADE,Esquina,Bom,Não existe,Perfeito estado,Seca,Perfeito estado,Não existe,Placas Pare,40 km/h,Única,Faixa seccionada,,,,
2021-02-09,16:46:00,COM VÍTIMA,FINALIZADA,JIQUIA,RUA SAO MIGUEL,4,2015,,PROX A FABRICA DA HIOLANDA. EM FRENTE AO POSTO PETROISA.,,,,JIQUIÁ,COLISÃO LATERAL,,2,1,0,0,0,0,0,0,0,1,0,,CIDADE,Longo da via,Bom,Não existe,Perfeito estado,Seca,Perfeito estado,Não existe,Não há placas,60 km/h,Dupla,Faixa contínua,,,,
2021-02-09,18:15:00,COM VÍTIMA,FINALIZADA,AFOGADOS,RUA SAO MIGUEL,4,2059,,LADO OPOSTO AO POSTO IPIRANGA,,,,AFOGADOS,COLISÃO LATERAL,,1,1,0,0,0,0,0,0,0,1,0,,CIDADE,Longo da via,Bom,Não existe,Perfeito estado,Seca,Perfeito estado,Não existe,Não há placas,60 km/h,Dupla,Faixa contínua,,,,
2021-02-09,20:19:00,COM VÍTIMA,FINALIZADA,BOA VISTA,AV GOVERNADOR AGAMENON MAGALHAES,4,3895,,EM FRENTE AO BANCO DO BRASIL / SENTIDO OLINDA,,,,BOA VISTA,COLISÃO LATERAL,,0,2,0,0,0,0,0,0,0,1,0,,OLINDA,Longo da via,Bom,Sem defeito,Perfeito estado,Seca,Perfeito estado,Não existe,Não há placas,,Dupla,Canteiro central,,,,
2021-02-10,06:47:00,COM VÍTIMA,FINALIZADA,CASA AMARELA,AV NORTE,4,4716,,LADO OPOSTO AO ARMAZÉM CORAL.,,,,CASA AMARELA,TOMBAMENTO,,0,1,0,0,0,0,0,0,0,1,0,,SUBURBIO,Longo da via,Chuvoso,Não existe,Perfeito estado,Molhada,Perfeito estado,Não existe,R-6a,60 km/h,Dupla,Faixa seccionada,Canteiro central,,,
2021-02-10,07:31:00,COM VÍTIMA,FINALIZADA,CASA AMARELA,RUA PAULA BATISTA,3,205,RUA XAVANTES,ESQUINA CENTRO ESPIRITA MOACIR,,,,CASA AMARELA,COLISÃO TRANSVERSAL,,2,0,0,0,0,0,0,0,0,1,0,,CIDADE,Cruzamento,Chuvoso,Não existe,Perfeito estado,Molhada,Perfeito estado,Faixa de retenção,Placas Pare,30 km/h,Dupla,Faixa seccionada,,,,
2021-02-10,08:27:00,COM VÍTIMA,FINALIZADA,SAO JOSE,AV SUL,0,,,EM FRENTE A CAPITANIA DOS PORTOS,,,,SÃO JOSÉ,TOMBAMENTO,,0,1,0,0,0,0,0,0,0,2,0,,CIDADE,Longo da via,Bom,Sem defeito,Perfeito estado,Seca,Perfeito estado,Não existe,R-6a,,Única,Faixa seccionada,,,,
2021-02-10,08:33:00,COM VÍTIMA,FINALIZADA,JARDIM SAO PAULO,RUA LEANDRO BARRETO,3,116,,EM FRENTE A SERGIO DAS RAÇÕES,,,,JARDIM SÃO PAULO,COLISÃO TRANSVERSAL,,1,1,0,0,0,0,0,0,0,2,0,,CIDADE,Longo da via,Bom,Não existe,Incompleta,Seca,Mal conservada,Não existe,R-19,,Dupla,Não existe,,,,
2021-02-11,07:52:00,COM VÍTIMA,FINALIZADA,VARZEA,AV AFONSO OLINDENSE,3,730,,EM FRENTE AO EDF. PRAÇA DAS ARAUCARIAS,,,,VÁRZEA,COLISÃO LATERAL,,1,1,0,0,0,0,0,0,0,1,0,,VÁRZEA,Longo da via,Bom,Não existe,Perfeito estado,Seca,Perfeito estado,Outros,Outras,30 km/h,Dupla,Faixa contínua,,,,
2021-02-11,08:12:00,COM VÍTIMA,FINALIZADA,IPUTINGA,RUA SAO MATEUS,3,345,,EM   FRENTE  A  IGREJA  UNIVERSAL. AO LADO DO ARMARINHO ADONAI.,,,,IPUTINGA,COLISÃO COM CICLISTA,,0,1,0,1,0,0,0,0,0,1,0,,CIDADE,Longo da via,Bom,Não existe,Não existente,Seca,Perfeito estado,Não existe,Não há placas,30 km/h,Dupla,Faixa contínua,,,,
2021-02-11,13:29:00,COM VÍTIMA,FINALIZADA,CORDEIRO,AV ENGENHEIRO ABDIAS DE CARVALHO,0,,,PROXIMO AO SEMÁFORO 058 E AO LADO OPOTO DO CAMARÃO DO LEO/ SENTIDO CIDADE. POSTE Nº B062560,,,,CORDEIRO,COLISÃO TRASEIRA,,1,1,0,0,0,0,0,0,0,1,0,,CIDADE,Longo da via,Bom,Sem defeito,Perfeito estado,Seca,Perfeito estado,Faixa de pedestre,R-6a,60 km/h,Única,Faixa seccionada,Canteiro central,,,
2021-02-11,15:28:00,COM VÍTIMA,FINALIZADA,PRADO,AV ENGENHEIRO ABDIAS DE CARVALHO,4,1111,,EM FRENTE A ENGEFRIO / SENTIDO CIDADE,,,,PRADO,COLISÃO LATERAL,,1,1,0,0,0,0,0,0,0,1,0,,CIDADE,Longo da via,Bom,Sem defeito,Perfeito estado,Seca,Perfeito estado,Não existe,Não há placas,,Única,Canteiro central,,,,
2021-02-11,16:46:00,COM VÍTIMA,FINALIZADA,SANCHO,AV LIBERDADE,4,1227,,LADO OPOSTO AO CEMITÉRIO PARQUE DAS FLORES.,,,,SANCHO,COLISÃO COM CICLISTA,,1,0,0,1,0,0,0,0,0,1,0,,CIDADE,Longo da via,Bom,Não existe,Incompleta,Seca,Perfeito estado,Faixa de pedestre,Não há placas,,Dupla,Faixa contínua,,,,
2021-02-11,17:43:00,COM VÍTIMA,FINALIZADA,AFOGADOS,EST DOS REMEDIOS,4,1700,RUA TABAIARES,EM FRENTE À HYUNDAI PATEO,,,,AFOGADOS,COLISÃO TRANSVERSAL,,1,1,0,0,0,0,0,0,0,1,0,390,CIDADE,Longo da via,Bom,Desligado,Perfeito estado,Seca,Perfeito estado,Faixa de retenção,R-6a,60 km/h,Única,Faixa seccionada,,,,
2021-02-11,20:59:00,COM VÍTIMA,FINALIZADA,MADALENA,AV VISCONDE DE ALBUQUERQUE,3,259,,PRÓX AO BOMPREÇO / EM FRENTE AO MUNDO DO CABELOS. EDF. PEDRO RODRIGUES.,,,,MADALENA,COLISÃO TRASEIRA,,1,1,0,0,0,0,0,0,0,1,0,,SUBURBIO,Longo da via,Bom,Não existe,Perfeito estado,Seca,Perfeito estado,Não existe,Outras,,Única,Faixa seccionada,,,,
2021-02-11,21:34:40,COM VÍTIMA,FINALIZADA,BOA VISTA,RUA JOAO LIRA,0,,RUA DA SAUDADE,PRÓX AO 13 DE MAIO - E/F AO EDF MARAJÓ,,,,BOA VISTA,COLISÃO TRANSVERSAL,,1,0,0,0,0,0,0,1,0,1,0,308,CIDADE,Cruzamento,Bom,Sem defeito,Perfeito estado,Seca,Perfeito estado,Faixa de pedestre,R-3,30 km/h,Única,,,,,
2021-02-12,07:58:00,COM VÍTIMA,FINALIZADA,CASA AMARELA,AV NORTE,4,5246,,AO LADO DA FARMACIA BOM JESUS. LADO OPOSTO À LOTERIA NORTE.,,,,CASA AMARELA,COLISÃO TRASEIRA,,1,1,0,0,0,0,0,0,0,1,0,312,SUBURBIO,Longo da via,Bom,Sem defeito,Perfeito estado,Seca,Perfeito estado,Não existe,Não há placas,,Dupla,Canteiro central,,,,
2021-02-12,12:26:00,COM VÍTIMA,FINALIZADA,IPSEP,RUA POTENGY,3,462,,PRÓX AO SUPERMERCADO STYLO. PRAÇA JARDIM AMÉRICA.,,,,IPSEP,CHOQUE,,1,2,0,0,0,0,0,0,0,1,0,,AV. MASC MORAIS,Longo da via,Bom,Não existe,Perfeito estado,Seca,Perfeito estado,Não existe,Outras,20 km/h,Única,Não existe,,,,
2021-02-12,14:36:00,COM VÍTIMA,FINALIZADA,AFOGADOS,RUA SAO MIGUEL,3,251,,LADO OPOSTO AO DEPATRI.,,,,AFOGADOS,COLISÃO TRANSVERSAL,,0,1,0,0,0,0,0,1,0,1,0,,CIDADE,Longo da via,Bom,Sem defeito,Perfeito estado,Seca,Perfeito estado,Não existe,R-6a,,Dupla,Faixa contínua,,,,
2021-02-12,19:25:00,COM VÍTIMA,FINALIZADA,IBURA,AV DOIS RIOS,4,1081,RUA FERNANDO TOMAZ DA SILVA,PRÓX A FARMÁCIA PAGUE MENOS,,,,IBURA,COLISÃO LATERAL,,1,2,0,0,0,0,0,0,0,1,0,323,CIDADE,Longo da via,Bom,Sem defeito,Perfeito estado,Seca,Perfeito estado,Faixa de retenção,,,,,,,,
2021-02-13,00:26:00,COM VÍTIMA,FINALIZADA,BOA VISTA,RUA DO RIACHUELO,3,325,RUA DA AURORA,,,,,BOA VISTA,COLISÃO TRASEIRA,,1,1,0,0,0,0,0,0,0,1,0,579,SUBURBIO,Cruzamento,Bom,Sem defeito,Perfeito estado,Seca,Perfeito estado,Outros,R-6a,40 km/h,Única,Faixa seccionada,,,,
2021-02-14,07:57:00,COM VÍTIMA,FINALIZADA,ILHA JOANA BEZERRA,VDO PAPA JOAO PAULO II,0,,,PRÓXIMO A PASSARELA. LADO OPOSTO AO FORUM RODOLFO AURELIANO.,,,,ILHA JOANA BEZERRA,TOMBAMENTO,,0,1,0,0,0,0,0,0,0,1,0,,SUBURBIO,Viaduto,Chuvoso,Não existe,Perfeito estado,Molhada,,Outros,R-19,60 km/h,Dupla,Canteiro central,,,,
2021-02-14,10:17:00,COM VÍTIMA,FINALIZADA,MUSTARDINHA,RUA VINTE E UM DE ABRIL,4,2160,,TEERMINAL DE MUSTARDINHA,,,,MUSTARDINHA,COLISÃO FRONTAL,,0,1,0,0,0,1,0,0,0,2,0,,AFOGADOS,Longo da via,Bom,Sem defeito,,Seca,Perfeito estado,,,,,,,,,
2021-02-15,09:08:00,COM VÍTIMA,FINALIZADA,SANTO AMARO,RUA COELHO LEITE,0,,RUA DA SAUDADE,,,,,SANTO AMARO,COLISÃO,,1,1,0,0,0,0,0,0,0,1,0,,SUBURBIO,Longo da via,Bom,Não existe,Perfeito estado,Seca,Perfeito estado,,Placas Pare,,Dupla,Faixa contínua,,,,
2021-02-16,08:01:00,COM VÍTIMA,FINALIZADA,BOA VIAGEM,AV ENGENHEIRO DOMINGOS FERREIRA,4,2600,RUA PROFESSOR JOSE BRANDAO,,,,,BOA VIAGEM,ATROPELAMENTO DE PESSOA,,1,0,0,0,1,0,0,0,0,1,0,550,SUBURBIO,Longo da via,Bom,Sem defeito,Perfeito estado,Seca,Perfeito estado,Agente,,60 km/h,Única,Faixa contínua,,,,
2021-02-16,09:36:00,COM VÍTIMA,FINALIZADA,BOA VISTA,RUA DO RIACHUELO,0,,RUA DO HOSPICIO,,,,,BOA VISTA,COLISÃO TRASEIRA,,0,2,0,0,0,0,0,0,0,2,0,92,CIDADE,Cruzamento,Bom,Sem defeito,Perfeito estado,Seca,Perfeito estado,Faixa de pedestre,Outras,,Única,Não existe,,,,
2021-02-16,12:33:00,COM VÍTIMA,FINALIZADA,TORRE,RUA SOUZA BANDEIRA,0,,RUA MARQUES DE MARICA,,,,,TORRE,COLISÃO FRONTAL,,1,1,0,0,0,0,0,0,0,1,0,,,Cruzamento,Bom,Sem defeito,Perfeito estado,Seca,Perfeito estado,Faixa de retenção,,,Única,,,,,
2021-02-16,15:00:00,COM VÍTIMA,FINALIZADA,DERBY,AV GOVERNADOR AGAMENON MAGALHAES,3,138,,ODONTO CAP EM FRENTE À FACCEIMAGEM,,,,DERBY,COLISÃO LATERAL,,1,1,0,0,0,0,0,0,0,1,0,417,SUBURBIO,Longo da via,Bom,Não existe,Perfeito estado,Seca,Perfeito estado,Não existe,Não há placas,,Única,Faixa seccionada,,,,
2021-02-16,17:27:00,COM VÍTIMA,FINALIZADA,CAXANGA,AV JOAQUIM RIBEIRO,3,487,RUA BELMIRO CORREIA,APOS A UPA DA CAXANGA  SENTIDO CAMARAGIBE,,,,CAXANGÁ,COLISÃO LATERAL,,1,2,0,0,0,0,0,0,0,3,0,,SUBURBIO,Esquina,Bom,Não existe,Perfeito estado,Seca,Perfeito estado,Não existe,Outras,,Dupla,Canteiro central,,,,
2021-02-17,07:40:00,COM VÍTIMA,FINALIZADA,JARDIM SAO PAULO,AV RECIFE,4,5635,AV JOAO CABRAL DE MELO NETO,NA  ENTRADA  DE  JARDIM  SÃO  PAULO     EM  FRENTE  A EMPRESA  SERP,,,,JARDIM SÃO PAULO,COLISÃO LATERAL,,0,1,0,0,0,0,1,0,0,1,0,259,SUBURBIO,Longo da via,Bom,Sem defeito,Perfeito estado,Seca,Perfeito estado,Faixa de pedestre,Não há placas,60 km/h,Dupla,Canteiro central,,,,
2021-02-17,07:46:00,COM VÍTIMA,FINALIZADA,CAXANGA,AV MAURICIO DE NASSAU,3,268,RUA ENGENHEIRO MOACYR PARAHYBA,PROX. AO  ALTINO VENTURA,,,,CAXANGÁ,COLISÃO TRANSVERSAL,,1,1,0,0,0,0,0,0,0,1,0,,,Cruzamento,Bom,Não existe,Não existente,Seca,Perfeito estado,Não existe,Não há placas,,Dupla,Faixa contínua,,,,