data,hora,natureza_acidente,situacao,bairro,endereco,,numero,detalhe_endereco_acidente,complemento,endereco_cruzamento,numero_cruzamento,referencia_cruzamento,bairro_cruzamento,tipo,descricao,auto,moto,ciclom,ciclista,pedestre,onibus,caminhao,viatura,outros,vitimas,vitimasfatais,num_semaforo,sentido_via,acidente_verificado,tempo_clima,situacao_semaforo,sinalizacao,condicao_via,conservacao_via,ponto_controle,situacao_placa,velocidade_max_via,mao_direcao,divisao_via1,divisao_via2,divisao_via3,_id,Protocolo
2021-02-17,12:36:00,COM VÍTIMA,FINALIZADA,BOA VIAGEM,RUA CORONEL SERGIO HENRIQUE CARDIM,0,,AV CONSELHEIRO AGUIAR,E/F AOS CORREIOS,,,,BOA VIAGEM,ATROPELAMENTO DE PESSOA,,0,1,0,0,1,0,0,0,0,1,0,318,CIDADE,Cruzamento,Bom,Sem defeito,Perfeito estado,Seca,Perfeito estado,Faixa de pedestre,Placas Pare,60 km/h,Única,,,,,
2021-02-18,12:20:00,COM VÍTIMA,FINALIZADA,CASA AMARELA,RUA DA HARMONIA,3,584,RUA DONA ROSA DA FONSECA,PROX AO ESCOLA VILA SEZAMO,,,,CASA AMARELA,COLISÃO LATERAL,,1,1,0,0,0,0,0,0,0,1,0,,CIDADE,Cruzamento,Bom,Não existe,Perfeito estado,Seca,Perfeito estado,Não existe,R-6a,,Dupla,Faixa seccionada,,,,
2021-02-18,14:11:00,COM VÍTIMA,FINALIZADA,IBURA,AV PRESIDENTE DUTRA,4,1405,,PRÓX AO SAL E BRASA E POSTO IPIRANGA ANTES DO SEMÁFORO,,,,IBURA,COLISÃO LATERAL,,1,1,0,0,0,0,0,0,0,1,0,393,BOA VIAGEM,Longo da via,Bom,Sem defeito,Perfeito estado,Seca,Perfeito estado,Faixa de pedestre,Outras,60 km/h,Dupla,Faixa seccionada,Faixa contínua,,,
2021-02-18,16:19:00,COM VÍTIMA,FINALIZADA,MADALENA,AV ENGENHEIRO ABDIAS DE CARVALHO,0,,,EM FRENTE À ESTÁCIO,,,,MADALENA,COLISÃO TRASEIRA,,1,1,0,0,0,0,0,0,0,1,0,328,SUBURBIO,Longo da via,Bom,Sem defeito,Perfeito estado,Seca,Perfeito estado,,Não há placas,60 km/h,Dupla,Canteiro central,,,,
2021-02-18,17:29:00,COM VÍTIMA,FINALIZADA,PRADO,AV ENGENHEIRO ABDIAS DE CARVALHO,4,1723,,PROX A ZERO GRAU,,,,PRADO,TOMBAMENTO,,0,1,0,0,0,0,0,0,0,1,0,,CIDADE,Longo da via,Bom,Não existe,Perfeito estado,Seca,Perfeito estado,Não existe,Não há placas,,Dupla,Canteiro central,,,,
2021-02-18,18:28:00,COM VÍTIMA,FINALIZADA,CORDEIRO,AV GENERAL SAN MARTIN,0,,RUA GOMES TABORDA,EM FRENTE AO ATACAREJO IDEALPOSTO PETRONAC/ OPOSTO Á DROGASIL,,,,CORDEIRO,COLISÃO TRANSVERSAL,,0,2,0,0,0,0,0,0,0,1,0,67,CIDADE,Longo da via,Bom,Sem defeito,Perfeito estado,Seca,Perfeito estado,Faixa de pedestre,R-6a,40 km/h,Dupla,Faixa contínua,,,,
2021-02-19,08:51:00,COM VÍTIMA,FINALIZADA,IPSEP,RUA ITACARI,3,120,RUA IZABEL DE SOUZA,PROX. AO BANCO ITAU,,,,IPSEP,COLISÃO TRANSVERSAL,,1,1,0,0,0,0,0,0,0,1,0,,SUBURBIO,Cruzamento,Bom,Não existe,Perfeito estado,Seca,Perfeito estado,Faixa de retenção,Placas Pare,30 km/h,Única,,,,,
2021-02-19,18:58:00,COM VÍTIMA,FINALIZADA,CORDEIRO,RUA GOMES TABORDA,4,1452,,SEMÁFORO 067 / PRÓX AO ATACAREJO IDEAL,,,,CORDEIRO,COLISÃO LATERAL,,2,0,0,0,0,0,0,0,0,1,0,,SUBURBIO,Longo da via,Bom,Sem defeito,Perfeito estado,Seca,Perfeito estado,,R-6a,30 km/h,Dupla,Faixa seccionada,,,,
2021-02-19,19:25:00,COM VÍTIMA,FINALIZADA,SANTO AMARO,RUA CAPITAO LIMA,3,158,RUA DA FUNDICAO,TV GLOBO (AO LADO DA ANTENA),,,,SANTO AMARO,COLISÃO COM CICLISTA,,1,0,0,1,0,0,0,0,0,2,0,,PRC TREZE DE MAIO,Cruzamento,Bom,Não existe,Perfeito estado,Seca,Perfeito estado,Faixa de pedestre,Placas Pare,,Dupla,Faixa contínua,,,,
2021-02-19,19:53:00,COM VÍTIMA,FINALIZADA,MADALENA,RUA PROFESSOR JOSE TORRES PIRES,3,165,AV BEIRA RIO,EDIF. QUINTA BEIRA RIO,,,,MADALENA,COLISÃO LATERAL,,1,1,0,0,0,0,0,0,0,2,0,,TORRE,Longo da via,Bom,Não existe,Perfeito estado,Seca,Perfeito estado,Não existe,Não há placas,,Única,Faixa seccionada,,,,
2021-02-20,11:50:00,COM VÍTIMA,FINALIZADA,IPUTINGA,AV MAURICIO DE NASSAU,4,193A,,LOGO APOS O PARQUE MUNICIPAL CAIARA,,,,IPUTINGA,COLISÃO TRANSVERSAL,,1,1,0,0,0,0,0,0,0,1,0,,CIDADE,Longo da via,Bom,Não existe,Não existente,Seca,Perfeito estado,Não existe,Não há placas,40 km/h,Dupla,Faixa contínua,,,,
2021-02-20,14:00:00,COM VÍTIMA,FINALIZADA,IMBIRIBEIRA,AV MARECHAL MASCARENHAS DE MORAES,4,3421,,AO LADO DA FACULDADE UNIVERSO. EM FRENTE A CONCESSIONÁRIA LAND ROVER.,,,,IMBIRIBEIRA,COLISÃO TRASEIRA,,1,1,0,0,0,0,0,0,0,1,0,289,CIDADE,Longo da via,Bom,Sem defeito,Perfeito estado,Seca,Perfeito estado,Faixa de pedestre,R-6a,60 km/h,Dupla,Faixa seccionada,Canteiro central,,,
2021-02-21,06:55:00,COM VÍTIMA,FINALIZADA,VARZEA,RUA ACADEMICO HELIO RAMOS,2,40,,EM FRENTE A IGREJA ASSEMBLEIA DE DEUS  AO LADO CEMITERIO,,,,VÁRZEA,COLISÃO LATERAL,,0,1,0,0,0,1,0,0,0,1,0,,,Longo da via,Bom,Sem defeito,Não existente,Seca,Perfeito estado,Não existe,Não há placas,,Dupla,Faixa seccionada,,,,
2021-02-21,19:40:00,COM VÍTIMA,FINALIZADA,BREJO DA GUABIRABA,AV VEREADOR OTACILIO AZEVEDO,0,,RUA SENHOR DO BONFIM,PROX. A GARAGEM DA GLOBO. CRUZAMENTO COM A TRAVESSA DO SENHOR DO BONFIM.,,,,BREJO DA GUABIRABA,COLISÃO TRANSVERSAL,,0,2,0,0,0,0,0,0,0,1,0,,SUBURBIO,Longo da via,Bom,Não existe,Perfeito estado,Seca,Perfeito estado,Não existe,Outras,30 km/h,Dupla,Não existe,,,,
2021-02-22,07:14:00,COM VÍTIMA,FINALIZADA,BOA VIAGEM,AV CONSELHEIRO AGUIAR,4,2707,RUA PROFESSOR JOSE BRANDAO,EM FRENTE A CLINICA  ARMINDO MOURA,,,,BOA VIAGEM,COLISÃO TRANSVERSAL,,1,1,0,0,0,0,0,0,0,1,0,549,,Longo da via,Bom,Sem defeito,Perfeito estado,Seca,Perfeito estado,Outros,Não há placas,,Única,,,,,
2021-02-22,07:20:00,COM VÍTIMA,FINALIZADA,ILHA DO RETIRO,RUA SPORT CLUBE DO RECIFE,0,,,SOBRE O VIADUTO CHICO SCIENCE,,,,ILHA DO RETIRO,TOMBAMENTO,,0,1,0,0,0,0,0,0,0,1,0,,CIDADE,Ponte,Bom,Não existe,Perfeito estado,Seca,Perfeito estado,Não existe,Não há placas,,Dupla,Faixa contínua,,,,
2021-02-22,08:05:00,COM VÍTIMA,FINALIZADA,MONTEIRO,AV DEZESSETE DE AGOSTO,4,2666,,EM FRENTE A PRAÇA DO MONTEIRO E A ESCOLA SIVA JARDIM E CLUBE DEZESSETE.,,,,MONTEIRO,COLISÃO TRASEIRA,,1,1,0,0,0,0,0,0,0,1,0,,SUBURBIO,Longo da via,Bom,Sem defeito,Perfeito estado,Seca,Perfeito estado,Faixa de pedestre,R-6a,60 km/h,,Faixa contínua,,,,
2021-02-22,08:52:00,COM VÍTIMA,FINALIZADA,ARRUDA,RUA DO TRIUNFO,0,,RUA BOM CONSELHO,,,,,ARRUDA,COLISÃO LATERAL,,1,1,0,0,0,0,0,0,0,2,0,,SUBURBIO,Cruzamento,Bom,Não existe,Não existente,Seca,Perfeito estado,Não existe,Não há placas,,Dupla,Não existe,,,,
2021-02-22,09:27:00,COM VÍTIMA,FINALIZADA,TAMARINEIRA,AV NORTE,4,3850,,100 METROS ANTES DA RUA CÔNEGO BARATA (SENTIDO CENTRO). ATLANTA COLCHÕES.,,,,TAMARINEIRA,COLISÃO LATERAL,,1,1,0,0,0,0,0,0,0,1,0,62,CIDADE,Longo da via,Bom,Sem defeito,Perfeito estado,Seca,Perfeito estado,Faixa de pedestre,Outras,,Dupla,Faixa contínua,Faixa seccionada,Canteiro central,,
2021-02-22,10:27:00,COM VÍTIMA,FINALIZADA,CAMPINA DO BARRETO,RUA DAS MOCAS,3,880,RUA DOS PEIXINHOS,PROX A CHURRASCARIA VERONA E CLÁUDIO BAR.,,,,CAMPINA DO BARRETO,COLISÃO TRANSVERSAL,,1,0,0,0,0,1,0,0,0,1,0,,SUBURBIO,Cruzamento,Bom,Não existe,Perfeito estado,Seca,Perfeito estado,Faixa de retenção,,30 km/h,Dupla,Faixa seccionada,,,,
2021-02-22,12:22:00,COM VÍTIMA,FINALIZADA,AFOGADOS,RUA SAO MIGUEL,0,,,EM FRENTE AO POSTO DE COMBUSTÍVEIS  DISLUB,,,,AFOGADOS,COLISÃO LATERAL,,1,1,0,0,0,0,0,0,0,1,0,,SUBURBIO,Longo da via,Bom,Não existe,Perfeito estado,Seca,Perfeito estado,Faixa de pedestre,Outras,50 km/h,Dupla,Faixa seccionada,,,,
2021-02-22,13:47:00,COM VÍTIMA,FINALIZADA,TORRE,RUA MARQUES DE MARICA,0,,RUA SOUZA BANDEIRA,APOS A IGREJA CATOLICA DA TORRE  PRIMEIRA RUA A DIREITA,,,,TORRE,COLISÃO TRANSVERSAL,,1,1,0,0,0,0,0,0,0,1,0,317,SUBURBIO,Cruzamento,Bom,Sem defeito,Perfeito estado,Seca,Perfeito estado,Faixa de pedestre,Não há placas,,Dupla,,,,,
2021-02-22,17:16:00,COM VÍTIMA,FINALIZADA,SANTO AMARO,AV ENGENHEIRO AGAMENON DE MAGALHAES MELO,0,,AV DR JAYME DA FONTE,PROX A DELEGACIA DE ROUBOS E FURTOS / PROX AO CAMPO DO 11,,,,SANTO AMARO,COLISÃO TRANSVERSAL,,1,1,0,0,0,0,0,0,0,1,0,49,SUBURBIO,Cruzamento,Bom,Sem defeito,Perfeito estado,Seca,Perfeito estado,Faixa de pedestre,Outras,60 km/h,Dupla,Canal,,,,
2021-02-22,20:56:00,COM VÍTIMA,FINALIZADA,COHAB,RUA DR BENIGNO JORDAO DE VASCONCELOS,5,1195A,,PROX A UPA LAGOA ENCANTADA / ESCOLA MARIA AUXILIADORA,,,,COHAB,COLISÃO FRONTAL,,2,0,0,0,0,0,0,0,0,1,0,,SUBURBIO,Longo da via,Bom,Não existe,Perfeito estado,Seca,Perfeito estado,Não existe,Não há placas,,Dupla,Faixa seccionada,,,,
2021-02-23,08:02:00,COM VÍTIMA,FINALIZADA,SAN MARTIN,AV GENERAL SAN MARTIN,3,530,,EM  FRENTE A  MUG  SORVETERIA  E CENTRO AUTOMOTIVO.,,,,SAN MARTIN,COLISÃO FRONTAL,,1,1,0,0,0,0,0,0,0,1,0,,CIDADE,Longo da via,Bom,Não existe,Perfeito estado,Seca,Perfeito estado,Não existe,Não há placas,,Dupla,Faixa contínua,,,,
2021-02-23,08:27:00,COM VÍTIMA,FINALIZADA,ENCRUZILHADA,AV BEBERIBE,3,301,RUA FERNANDO CESAR,AO LADO DO BANCO DO BRASIL,,,,ENCRUZILHADA,COLISÃO LATERAL,,2,0,0,0,0,0,0,0,0,1,0,238,CIDADE,Longo da via,Bom,Sem defeito,Perfeito estado,Seca,Perfeito estado,Não existe,,40 km/h,Dupla,Faixa contínua,,,,
2021-02-23,08:28:00,COM VÍTIMA,FINALIZADA,IBURA,AV DOM HELDER CAMARA,3,315,,,,,,IBURA,COLISÃO LATERAL,,1,1,0,0,0,0,0,0,0,1,0,,SUBURBIO,Longo da via,Bom,Não existe,Não existente,Seca,Mal conservada,Não existe,Não há placas,,Única,Não existe,,,,
2021-02-23,08:31:00,COM VÍTIMA,FINALIZADA,CORDEIRO,AV CAXANGA,4,2689,,EM  FRENTE  A  OFICINA   KI  PEÇAS . POSTE B052840.,,,,CORDEIRO,COLISÃO FRONTAL,,1,1,0,0,0,0,0,0,0,1,0,,CIDADE,Longo da via,Bom,Sem defeito,Perfeito estado,Seca,Perfeito estado,Faixa de pedestre,R-6a,60 km/h,Dupla,Canteiro central,,,,
2021-02-23,10:13:00,COM VÍTIMA,FINALIZADA,BOA VIAGEM,RUA RIBEIRO DE BRITO,4,1197,RUA CORONEL ANIZIO RODRIGUES COELHO,PROX. AO RESTAURANTE CARCARA  AO LADO DO POSTO DE GASOLINA BR,,,,BOA VIAGEM,COLISÃO COM CICLISTA,,1,0,0,1,0,0,0,0,0,1,0,,SUBURBIO,Cruzamento,Bom,Não existe,Perfeito estado,Seca,Perfeito estado,Não existe,Outras,40 km/h,Única,Não existe,,,,
2021-02-23,17:39:00,COM VÍTIMA,FINALIZADA,ARRUDA,RUA MEM DE SA,3,224,,EM FRENTE A COCA-COLA,,,,ARRUDA,COLISÃO,,1,1,0,0,0,0,0,0,0,1,0,,,Longo da via,Bom,Não existe,Perfeito estado,Seca,Perfeito estado,Não existe,Não há placas,40 km/h,Dupla,Não existe,,,,
2021-02-23,19:26:00,COM VÍTIMA,FINALIZADA,IMBIRIBEIRA,RUA ITAJAI,3,188,,FACULDADE BOA VIAGEM,,,,IMBIRIBEIRA,COLISÃO FRONTAL,,1,1,0,0,0,0,0,0,0,1,0,,SUBURBIO,Longo da via,Bom,Não existe,,Seca,Perfeito estado,Não existe,Não há placas,30 km/h,Dupla,Não existe,,,,
2021-02-24,18:36:00,COM VÍTIMA,FINALIZADA,IMBIRIBEIRA,AV TANCREDO NEVES,0,,,SOBRE O VIADUTO TANCREDO NEVES (SENTIDO BOA VIAGEM),,,,IMBIRIBEIRA,COLISÃO LATERAL,,0,2,0,0,0,0,0,0,0,2,0,,CIDADE,Viaduto,Bom,Não existe,Não existente,Seca,Perfeito estado,Não existe,Não há placas,,Dupla,Canteiro central,,,,
2021-02-25,12:44:00,COM VÍTIMA,FINALIZADA,SANTO AMARO,RUA DOS PALMARES,3,651,,,,,,SANTO AMARO,COLISÃO LATERAL,,1,1,0,0,0,0,0,0,0,1,0,,CIDADE,Longo da via,Bom,Não existe,Perfeito estado,Seca,Perfeito estado,Não existe,Não há placas,,Dupla,Canteiro central,,,,
2021-02-25,16:17:00,COM VÍTIMA,FINALIZADA,BOA VIAGEM,RUA BARAO DE SOUZA LEAO,0,,RUA RIO AZUL,,,,,BOA VIAGEM,COLISÃO TRANSVERSAL,,1,1,0,0,0,0,0,0,0,1,0,476,SUBURBIO,Cruzamento,Bom,Sem defeito,Perfeito estado,Seca,Perfeito estado,Faixa de pedestre,Outras,,Única,Faixa contínua,Faixa seccionada,,,
2021-02-26,07:30:00,COM VÍTIMA,FINALIZADA,CASA FORTE,RUA DONA ADA VIEIRA,3,892,RUA DONA ADA VIEIRA,EM FRENTE PIZZARIA HUNT,,,,CASA FORTE,COLISÃO TRANSVERSAL,,1,1,0,0,0,0,0,0,0,1,0,,CIDADE,Esquina,Chuvoso,Não existe,Perfeito estado,Molhada,Perfeito estado,Não existe,R-6a,,Dupla,Faixa contínua,,,,
2021-02-26,15:25:00,COM VÍTIMA,FINALIZADA,MANGABEIRA,AV NORTE,0,,AV PROFESSOR JOSE DOS ANJOS,,,,,MANGABEIRA,COLISÃO,,2,1,0,0,0,0,0,0,0,1,0,364,CIDADE,Cruzamento,Chuvoso,Sem defeito,Perfeito estado,Molhada,Perfeito estado,Faixa de pedestre,R-6c,,Dupla,Faixa contínua,,,,
2021-02-26,17:07:00,COM VÍTIMA,FINALIZADA,TAMARINEIRA,RUA IBIAPABA,2,90,RUA JUNDIA,EM FRENTE AO ESTACIONAMENTO DA FERREIRA COSTA,,,,TAMARINEIRA,COLISÃO FRONTAL,,1,1,0,0,0,0,0,0,0,1,0,,SUBURBIO,Esquina,Chuvoso,Não existe,Perfeito estado,Seca,Perfeito estado,Faixa de pedestre,Placas Pare,,Dupla,Faixa seccionada,,,,
2021-02-26,17:56:00,COM VÍTIMA,FINALIZADA,GRACAS,RUA DAS GRACAS,3,704,AV RUI BARBOSA,,,,,GRAÇAS,COLISÃO TRASEIRA,,1,0,0,0,0,2,0,0,0,4,0,562,CIDADE,Longo da via,Chuvoso,Intermitente,Perfeito estado,Molhada,Perfeito estado,Faixa de pedestre,R-6a,,Única,Faixa contínua,,,,
2021-02-27,13:30:00,COM VÍTIMA,FINALIZADA,IPSEP,AV RECIFE,0,,,SOBRE A PONTE DO CAÇOTE SENTIDO CEASA,,,,IPSEP,COLISÃO TRASEIRA,,1,1,0,0,0,0,0,0,0,1,0,,SUBURBIO,Longo da via,Bom,,Perfeito estado,Seca,Perfeito estado,,Não há placas,,Dupla,Canteiro central,,,,
2021-02-27,18:59:00,COM VÍTIMA,FINALIZADA,BOA VIAGEM,RUA JOSE DOMINGUES DA SILVA,3,147,RUA BELMONTE,E/F A FARMACIA PERMANENTE  PRÓX A PAGUE MENOS,,,,BOA VIAGEM,COLISÃO TRANSVERSAL,,1,1,0,0,0,0,1,0,0,1,0,,,Cruzamento,Bom,Sem defeito,Perfeito estado,Seca,Perfeito estado,Não existe,Placas Pare,,Dupla,Faixa seccionada,,,,
2021-02-28,14:10:00,COM VÍTIMA,FINALIZADA,CAXANGA,AV CAXANGA,0,,RUA MANOEL MOREIRA,EM FRENTE AO TERMINAL III PERIMETRAL,,,,CAXANGÁ,COLISÃO TRASEIRA,,1,1,0,0,0,0,0,0,0,1,0,591,CIDADE,Longo da via,Bom,Sem defeito,Perfeito estado,Seca,Perfeito estado,Outros,Outras,,Dupla,Faixa seccionada,Canteiro central,,,
2021-02-28,19:50:00,COM VÍTIMA,FINALIZADA,IPSEP,RUA PAMPULHA,3,201,RUA CACHOEIRA,,,,,IPSEP,COLISÃO COM CICLISTA,,1,0,0,1,0,0,0,0,0,1,0,,SUBURBIO,Cruzamento,Bom,Não existe,Perfeito estado,Seca,Perfeito estado,Faixa de retenção,Placas Pare,,Única,Faixa seccionada,,,,
2021-03-01,06:43:00,COM VÍTIMA,FINALIZADA,PRADO,AV ENGENHEIRO ABDIAS DE CARVALHO,4,1701,RUA DONA MARIA AUGUSTA NOGUEIRA,EM FRENTE AO POSTO DE GASOLINA BR,,,,PRADO,COLISÃO LATERAL,,1,1,0,0,0,0,0,0,0,1,0,,CIDADE,Cruzamento,Chuvoso,Não existe,Incompleta,Molhada,Perfeito estado,Não existe,R-19,60 km/h,Única,Faixa seccionada,Canteiro central,,,
2021-03-01,07:31:00,COM VÍTIMA,FINALIZADA,CORDEIRO,AV GENERAL SAN MARTIN,3,809,,PROX  AO  GETULIO  VARGAS  EM  FRENTE  A  LOJA  COLORATA,,,,CORDEIRO,COLISÃO TRANSVERSAL,,1,1,0,0,0,0,0,0,0,1,0,,CIDADE,Longo da via,Chuvoso,Não existe,Perfeito estado,Molhada,Perfeito estado,Não existe,,,Dupla,Faixa contínua,,,,
2021-03-01,09:53:00,COM VÍTIMA,FINALIZADA,NOVA DESCOBERTA,RUA CORREGO DA AREIA,3,355,,E/F A IGREJA PENTECOSTAL BOAS NOVAS,,,,NOVA DESCOBERTA,COLISÃO TRASEIRA,,1,1,0,0,0,0,0,0,0,2,0,,SUBURBIO,Longo da via,Chuvoso,Não existe,Perfeito estado,Molhada,Perfeito estado,Não existe,Não há placas,40 km/h,Dupla,Faixa seccionada,,,,
2021-03-01,10:20:00,COM VÍTIMA,FINALIZADA,AREIAS,AV RECIFE,4,1040,,EM  FRENTE  AO  SUPERMERCADO    BIG  BOM PREÇO  NO SENTIDO  CAXANGA,,,,AREIAS,COLISÃO TRASEIRA,,1,1,0,0,0,0,0,0,0,1,0,494,SUBURBIO,Longo da via,Chuvoso,Sem defeito,Perfeito estado,Molhada,Perfeito estado,Faixa de pedestre,Não há placas,60 km/h,Única,Faixa seccionada,,,,
2021-03-01,13:44:00,COM VÍTIMA,FINALIZADA,BOA VIAGEM,RUA CAPITAO ZUZINHA,3,231,,AUTO ESCOLA PILOTO,,,,BOA VIAGEM,QUEDA,,0,1,0,0,0,0,0,0,0,1,0,,BOA VIAGEM,Longo da via,Chuvoso,Não existe,Perfeito estado,Molhada,Perfeito estado,Faixa de pedestre,Não há placas,,Única,Faixa seccionada,,,,
2021-03-01,16:29:00,COM VÍTIMA,FINALIZADA,CORDEIRO,RUA DR MIGUEL VIEIRA FERREIRA,3,265,RUA CLAUDIO BROTHERHOOD,EM FRENTE A GRAFICA CAMPELO COMUNICAÇÕES E PROXIMO A BETO BEBIDAS,,,,CORDEIRO,COLISÃO TRANSVERSAL,,1,1,0,0,0,0,0,0,0,2,0,,SUBURBIO,Cruzamento,Chuvoso,Não existe,Não existente,Molhada,Perfeito estado,Faixa de pedestre,Não há placas,,Dupla,Faixa contínua,,,,
2021-03-01,17:07:00,COM VÍTIMA,FINALIZADA,AFOGADOS,RUA VINTE E UM DE ABRIL,4,1070,,EM FRENTE A PADARIA IPIRANGA,,,,AFOGADOS,COLISÃO TRANSVERSAL,,1,1,0,0,0,0,0,0,0,1,0,,SUBURBIO,Longo da via,Chuvoso,Não existe,Não existente,Molhada,Perfeito estado,Não existe,Não há placas,,Dupla,Não existe,,,,
2021-03-01,19:23:00,COM VÍTIMA,FINALIZADA,LINHA DO TIRO,RUA CORREGO DO EUCLIDES,4,3049,,PROX AO TERMINAL DE ONIBUS DO BREJO,,,,LINHA DO TIRO,COLISÃO FRONTAL,,1,1,0,0,0,0,0,0,0,1,0,,CIDADE,Longo da via,Chuvoso,Não existe,Não existente,Molhada,Perfeito estado,Não existe,Não há placas,,Dupla,Não existe,,,,
2021-03-02,07:23:00,COM VÍTIMA,FINALIZADA,VASCO DA GAMA,AV NORTE,3,833,RUA VASCO DA GAMA,EM FRENTE A YAMAHA,,,,VASCO DA GAMA,COLISÃO LATERAL,,0,1,0,0,0,1,0,0,0,1,0,66,SUBURBIO,Cruzamento,Bom,Sem defeito,Perfeito estado,Seca,Perfeito estado,,Não há placas,60 km/h,Dupla,Canteiro central,,,,
2021-03-02,08:34:00,COM VÍTIMA,FINALIZADA,CORDEIRO,EST DO FORTE DO ARRAIAL N. DO B. JESUS,3,800,,EM FRENTE AO DEPOSITO DE GAS,,,,CORDEIRO,COLISÃO COM CICLISTA,,0,1,0,1,0,0,0,0,0,1,0,,CIDADE,Longo da via,Bom,Não existe,Perfeito estado,Seca,Perfeito estado,Não existe,Não há placas,,Dupla,Faixa contínua,,,,
2021-03-02,09:14:00,COM VÍTIMA,FINALIZADA,BEBERIBE,AV BEBERIBE,4,4456,,EM FRENTE ZAP MOVEIS,,,,BEBERIBE,COLISÃO FRONTAL,,1,1,0,0,0,0,0,0,0,1,0,,CIDADE,Longo da via,Bom,Não existe,Perfeito estado,Seca,Perfeito estado,Não existe,Não há placas,,Dupla,Faixa contínua,,,,
2021-03-02,10:33:00,COM VÍTIMA,FINALIZADA,CAMPO GRANDE,RUA JERONIMO VILELA,3,244,,APÓS A PADARIA SANTO ANTONIO   SENTIDO ESTRADA BELEM,,,,CAMPO GRANDE,COLISÃO TRASEIRA,,1,1,0,0,0,0,0,0,0,1,0,,CIDADE,Longo da via,Bom,Não existe,Perfeito estado,Seca,Perfeito estado,Não existe,Outras,,Dupla,Faixa seccionada,,,,
2021-03-02,14:49:00,COM VÍTIMA,FINALIZADA,AREIAS,RUA CAMBUCA,2,93,RUA OITICICA LINS,EM FRENTE AO SUPERMERCADO COBAL,,,,AREIAS,COLISÃO TRANSVERSAL,,1,1,0,0,0,0,0,0,0,1,0,,SUBURBIO,Cruzamento,Bom,Não existe,Ilegível,Seca,Perfeito estado,Não existe,Placas Pare,40 km/h,Dupla,Não existe,,,,
2021-03-02,17:00:00,COM VÍTIMA,FINALIZADA,ESTANCIA,AV DR JOSE RUFINO,2,88,,AO LADO DA ANTIGA FABRICA YOLANDA,,,,ESTÂNCIA,COLISÃO LATERAL,,0,2,0,0,0,0,0,0,0,2,0,,CIDADE,Longo da via,Bom,Não existe,Perfeito estado,Seca,Perfeito estado,Não existe,Não há placas,60 km/h,Dupla,Faixa contínua,,,,
2021-03-02,19:46:00,COM VÍTIMA,FINALIZADA,MADALENA,RUA MANOEL BERNARDES,3,215,,PRÓX A PRAÇA CALAZANS,,,,MADALENA,ATROPELAMENTO DE PESSOA,,1,0,0,0,1,0,0,0,0,1,0,,SUBURBIO,Outros,Bom,Não existe,Perfeito estado,Seca,Perfeito estado,Não existe,Não há placas,,Dupla,Não existe,,,,
2021-03-02,20:31:40,COM VÍTIMA,FINALIZADA,CASA AMARELA,AV NORTE,0,,RUA DA HARMONIA,FARMÁCIA BOM JESUS,,,,CASA AMARELA,COLISÃO COM CICLISTA,,1,0,0,1,0,0,0,0,0,1,0,312,SUBURBIO,Cruzamento,Bom,Sem defeito,Perfeito estado,Seca,Perfeito estado,Faixa de pedestre,Placas Pare,,Dupla,Canteiro central,,,,
2021-03-03,13:25:00,COM VÍTIMA,FINALIZADA,ZUMBI,AV CAXANGA,3,653,,EM FRENTE AO COMPAZ MIGUEL ARRAES,,,,ZUMBI,COLISÃO LATERAL,,1,1,0,0,0,0,0,0,0,1,0,,CIDADE,Longo da via,Bom,Não existe,Perfeito estado,Seca,Perfeito estado,Não existe,Outras,60 km/h,Dupla,Canteiro central,,,,
2021-03-03,13:35:00,COM VÍTIMA,FINALIZADA,IBURA,AV DOIS RIOS,0,,RUA RIO XINGU,POSTO PETROBRAS,,,,IBURA,COLISÃO FRONTAL,,1,1,0,0,0,0,0,0,0,2,0,351,CIDADE,Cruzamento,Bom,Sem defeito,Perfeito estado,Seca,Perfeito estado,Faixa de retenção,Não há placas,,Dupla,Faixa contínua,,,,