data,hora,natureza_acidente,situacao,bairro,endereco,,numero,detalhe_endereco_acidente,complemento,endereco_cruzamento,numero_cruzamento,referencia_cruzamento,bairro_cruzamento,tipo,descricao,auto,moto,ciclom,ciclista,pedestre,onibus,caminhao,viatura,outros,vitimas,vitimasfatais,num_semaforo,sentido_via,acidente_verificado,tempo_clima,situacao_semaforo,sinalizacao,condicao_via,conservacao_via,ponto_controle,situacao_placa,velocidade_max_via,mao_direcao,divisao_via1,divisao_via2,divisao_via3,_id,Protocolo
2021-03-03,15:18:00,COM VÍTIMA,FINALIZADA,AFOGADOS,EST DOS REMEDIOS,3,895,RUA CORONEL ALFREDO DUARTE,POSTO IPIRANGA,,,,AFOGADOS,COLISÃO LATERAL,,1,1,0,0,0,0,0,0,0,1,0,,CIDADE,Esquina,Bom,Não existe,Perfeito estado,Seca,Perfeito estado,Não existe,R-6a,,Única,Faixa seccionada,,,,
2021-03-03,16:35:00,COM VÍTIMA,FINALIZADA,BOMBA DO HEMETERIO,RUA JACOB,3,134,RUA DR JOSE FULCO,EM FRENTE AO ESPAÇO BELEZA MUNIZ CHIC,,,,BOMBA DO HEMETÉRIO,COLISÃO LATERAL,,1,1,0,0,0,0,0,0,0,1,0,,SUBURBIO,Longo da via,Bom,Não existe,Perfeito estado,Seca,Perfeito estado,Não existe,Outras,30 km/h,Dupla,Faixa seccionada,,,,
2021-03-03,16:52:00,COM VÍTIMA,FINALIZADA,RECIFE,AV ALFREDO LISBOA,0,,,EM FRENTE A DELEGACIA DA MULHER,,,,BAIRRO DO RECIFE,COLISÃO LATERAL,,0,2,0,0,0,0,0,0,0,1,0,,SUBURBIO,Longo da via,Bom,Não existe,Perfeito estado,Seca,Perfeito estado,Não existe,Outras,,Única,Faixa seccionada,,,,
2021-03-03,18:11:00,COM VÍTIMA,FINALIZADA,CASA FORTE,AV DEZESSETE DE AGOSTO,4,2069,,E/F A FARMACIA PAGUE MENOS,,,,CASA FORTE,COLISÃO LATERAL,,1,1,0,0,0,0,0,0,0,1,0,,SUBURBIO,Longo da via,Bom,Sem defeito,Perfeito estado,Seca,Perfeito estado,Não existe,R-6a,60 km/h,Dupla,Faixa contínua,,,,
2021-03-04,07:44:00,COM VÍTIMA,FINALIZADA,SANTO AMARO,AV GOVERNADOR AGAMENON MAGALHAES,0,,,RETORNO DA UPE,,,,SANTO AMARO,COLISÃO LATERAL,,1,1,0,0,0,0,0,0,0,2,0,108,SUBURBIO,Longo da via,Bom,Sem defeito,Perfeito estado,Seca,Perfeito estado,Faixa de pedestre,,60 km/h,Dupla,Faixa contínua,Canteiro central,,,
2021-03-04,14:39:00,COM VÍTIMA,FINALIZADA,IPSEP,RUA DR RAPOSO PINTO,3,219,RUA JACUNDA,PRÓX À CIDINHA DELICATESSEN E COLÉGIO WALT DISNEY,,,,IPSEP,COLISÃO LATERAL,,1,1,0,0,0,0,0,0,0,1,0,,SUBURBIO,Longo da via,Bom,Não existe,Perfeito estado,Seca,Perfeito estado,Não existe,,,Dupla,Faixa contínua,,,,
2021-03-05,17:20:00,COM VÍTIMA,FINALIZADA,SANTO AMARO,AV PREFEITO ARTUR LIMA CAVALCANTI,0,,,APÓS A PONTE LIMOEIRO,,,,SANTO AMARO,CHOQUE,,0,1,0,0,0,0,0,0,0,1,0,,SUBURBIO,Longo da via,Bom,Não existe,Não existente,Seca,Perfeito estado,,,40 km/h,Dupla,Canteiro central,,,,
2021-03-05,20:05:00,COM VÍTIMA,FINALIZADA,PORTO DA MADEIRA,AV BEBERIBE,4,3530,RUA BARROS BARRETO,PRÓX A DALVA DE OLIVEIRA / E/F AO REI DO ARRUMADINHO  E CONDOMINIO DO CONJUNTO JOÃO PAULO ll,,,,PORTO DA MADEIRA,COLISÃO LATERAL,,1,1,0,0,0,0,0,0,0,2,0,,CIDADE,Cruzamento,Bom,Não existe,Perfeito estado,Seca,Perfeito estado,Não existe,Não há placas,,Dupla,Faixa seccionada,,,,
2021-03-06,09:28:00,COM VÍTIMA,FINALIZADA,IMBIRIBEIRA,AV MARECHAL MASCARENHAS DE MORAES,3,440,,EM FRENTE A FLOR E ARTE,,,,IMBIRIBEIRA,COLISÃO TRASEIRA,,1,1,0,0,0,0,0,0,0,2,0,279,AEROPORTO,Longo da via,Bom,Sem defeito,Perfeito estado,Seca,Perfeito estado,Faixa de pedestre,R-6a,60 km/h,Única,Faixa contínua,,,,
2021-03-08,08:34:00,COM VÍTIMA,FINALIZADA,IPSEP,RUA JEAN EMILE FAVRE,3,509,,EM FRENTE A FACULDADE BOA VIAGEM  /,,,,IPSEP,COLISÃO COM CICLISTA,,1,0,0,1,0,0,0,0,0,1,0,,CIDADE,Longo da via,Bom,Não existe,Perfeito estado,Seca,Perfeito estado,Não existe,Outras,,Dupla,Faixa contínua,Faixa seccionada,Faixa contínua,,
2021-03-08,12:51:00,COM VÍTIMA,FINALIZADA,BOA VIAGEM,RUA VISCONDE DE JEQUITINHONHA,4,2902,,ANTES AO QUARTEL DA AERONALTICA   PROX AO ED. VIA FARINE,,,,BOA VIAGEM,COLISÃO LATERAL,,2,1,0,0,0,0,0,0,0,1,0,154,SUBURBIO,Longo da via,Bom,Sem defeito,Perfeito estado,Seca,Perfeito estado,Faixa de pedestre,Outras,60 km/h,Única,Faixa seccionada,Canal,,,
2021-03-08,21:23:40,COM VÍTIMA,FINALIZADA,SAN MARTIN,AV ENGENHEIRO ABDIAS DE CARVALHO,4,1827,,PROXIMO DO ATACAREJO  EM FRENTE A ANTIGA FUNASE,,,,SAN MARTIN,COLISÃO LATERAL,,1,1,0,0,0,0,0,0,0,1,0,687,CIDADE,Cruzamento,Bom,Sem defeito,Perfeito estado,Seca,Perfeito estado,Faixa de retenção,Outras,,,Faixa seccionada,Blocos,,,
2021-03-09,11:23:00,COM VÍTIMA,FINALIZADA,BOA VISTA,AV MANOEL BORBA,4,1000,,EM FRENTE AO SAMU,,,,BOA VISTA,COLISÃO LATERAL,,1,1,0,0,0,0,0,0,0,1,0,28,,Cruzamento,Bom,Sem defeito,Perfeito estado,Seca,Perfeito estado,Outros,Outras,60 km/h,Única,Faixa contínua,,,,
2021-03-09,13:39:00,COM VÍTIMA,FINALIZADA,BREJO DE BEBERIBE,AV VEREADOR OTACILIO AZEVEDO,4,1073,,PROXIMO AO CLUBE DA FAZENDA,,,,BREJO DE BEBERIBE,COLISÃO LATERAL,,2,1,0,0,0,0,0,0,0,1,0,,CIDADE,Longo da via,Bom,Não existe,Perfeito estado,Seca,Perfeito estado,Faixa de pedestre,Placas Dê a preferência,,Dupla,Faixa seccionada,,,,
2021-03-09,14:05:00,COM VÍTIMA,FINALIZADA,TEJIPIO,AV DR JOSE RUFINO,4,3813,,EM FRENTE A ESTAÇÃO DE TEJIPIO,,,,TEJIPIÓ,COLISÃO LATERAL,,1,1,0,0,0,0,0,0,0,1,0,,CIDADE,Longo da via,Bom,Não existe,Perfeito estado,Seca,Perfeito estado,Não existe,R-6a,,Dupla,Faixa contínua,Faixa seccionada,,,
2021-03-09,15:18:00,COM VÍTIMA,FINALIZADA,MADALENA,AV BEIRA RIO,3,879,,EM FRENTE AO EDIFICIO QUATRO ESTAÇÕES,,,,MADALENA,QUEDA,,1,1,0,0,0,0,0,0,0,1,0,,SUBURBIO,Longo da via,Bom,Sem defeito,Perfeito estado,Seca,Perfeito estado,Faixa de pedestre,Outras,,,Faixa contínua,Faixa seccionada,,,
2021-03-09,16:59:00,COM VÍTIMA,FINALIZADA,DERBY,AV GOVERNADOR AGAMENON MAGALHAES,0,,,EM FRENTE AO ANTIGO SPETTUS/ SENTIDO BOA VIAGEM,,,,DERBY,COLISÃO TRANSVERSAL,,1,2,0,0,0,0,0,0,0,1,0,68,,Cruzamento,Bom,Sem defeito,Perfeito estado,Seca,Perfeito estado,,,60 km/h,Dupla,Canteiro central,,,,
2021-03-09,20:22:00,COM VÍTIMA,FINALIZADA,SANTO AMARO,AV CRUZ CABUGA,0,,AV NORTE,SEMÁFORO 034 / E/F AO CEMITÉRIO DOS INGLESES,,,,SANTO AMARO,COLISÃO TRASEIRA,,1,1,0,0,0,0,0,0,0,1,0,34,CIDADE,Longo da via,Bom,Sem defeito,Perfeito estado,Seca,Perfeito estado,Faixa de pedestre,Outras,60 km/h,Única,Faixa contínua,,,,
2021-03-10,12:17:00,COM VÍTIMA,FINALIZADA,PAISSANDU,RUA PAISSANDU,3,632,AV PORTUGAL,PRÓX AO SÃO MARCOS,,,,PAISSANDU,COLISÃO TRANSVERSAL,,1,1,0,0,0,0,0,0,0,1,0,,CIDADE,Longo da via,Bom,Sem defeito,Perfeito estado,Seca,Perfeito estado,,R-6a,,Dupla,Faixa seccionada,Canteiro central,,,
2021-03-10,14:00:00,COM VÍTIMA,FINALIZADA,IBURA,AV DOM HELDER CAMARA,4,2330,AV RECIFE,PROX AO SEMAFORO 016,,,,IBURA,COLISÃO LATERAL,,1,2,0,0,0,0,0,0,0,1,0,16,SUBURBIO,Longo da via,Bom,Sem defeito,Perfeito estado,Seca,Perfeito estado,Agente,,60 km/h,Dupla,Faixa contínua,,,,
2021-03-10,19:31:00,COM VÍTIMA,FINALIZADA,MADALENA,AV ENGENHEIRO ABDIAS DE CARVALHO,0,,EST DOS REMEDIOS,EM FRENTE A FARMÁCIA DROGASIL,,,,MADALENA,COLISÃO LATERAL,,1,1,0,0,0,0,0,0,0,1,0,52,SUBURBIO,Cruzamento,Bom,Sem defeito,Perfeito estado,Seca,Perfeito estado,,Outras,,Única,Não existe,,,,
2021-03-12,15:56:00,COM VÍTIMA,FINALIZADA,CABANGA,RUA CAPITAO TEMUDO,3,258,,PRÓX AO ESTELITA / CASA ROSA SELF SERVICE,,,,CABANGA,ATROPELAMENTO DE PESSOA,,1,1,0,0,1,0,0,0,0,1,0,,PINA,Longo da via,Bom,Não existe,Incompleta,Seca,Perfeito estado,Não existe,Não há placas,,Única,Não existe,,,,
2021-03-12,16:17:00,COM VÍTIMA,FINALIZADA,TEJIPIO,AV DR JOSE RUFINO,4,3843,,EM FRENTE À ESTAÇÃO DE TEJIPIÓ,,,,TEJIPIÓ,COLISÃO LATERAL,,1,1,0,0,0,0,0,0,0,1,0,497,SUBURBIO,Longo da via,Bom,Sem defeito,Perfeito estado,Seca,Perfeito estado,Não existe,Não há placas,40 km/h,Dupla,Faixa contínua,,,,
2021-03-12,16:37:00,COM VÍTIMA,FINALIZADA,BOA VIAGEM,AV BOA VIAGEM,4,3356,,EDF ANTÔNIO MONTE,,,,BOA VIAGEM,COLISÃO TRASEIRA,,1,1,0,0,0,0,0,0,0,1,0,547,CIDADE,Longo da via,Bom,Sem defeito,Perfeito estado,Seca,Perfeito estado,Faixa de pedestre,Outras,,Única,Faixa seccionada,,,,
2021-03-13,09:58:00,COM VÍTIMA,FINALIZADA,BOA VISTA,AV JOAO DE BARROS,0,,RUA DR LEOPOLDO LINS,,,,,BOA VISTA,QUEDA,,0,1,0,0,0,0,0,0,0,1,0,198,SUBURBIO,Cruzamento,Bom,Sem defeito,Não existente,Seca,Perfeito estado,Faixa de pedestre,,30 km/h,Única,Faixa seccionada,,,,
2021-03-13,11:10:00,COM VÍTIMA,FINALIZADA,BARRO,AV DR JOSE RUFINO,4,1807,RUA PADRE NOBREGA,IGREJA MUNDIAL DE JESUS CRISTO,,,,BARRO,COLISÃO TRANSVERSAL,,1,1,0,0,0,0,0,0,0,1,0,,SUBURBIO,Longo da via,Bom,Não existe,Ilegível,Seca,Perfeito estado,Faixa de pedestre,,60 km/h,Dupla,Faixa contínua,,,,
2021-03-13,16:01:00,COM VÍTIMA,FINALIZADA,CORDEIRO,RUA DR MIGUEL VIEIRA FERREIRA,3,359,,BROTO PIZZA,,,,CORDEIRO,COLISÃO LATERAL,,1,1,0,0,0,0,0,1,0,1,0,,SUBURBIO,Longo da via,Bom,Não existe,Perfeito estado,Seca,Perfeito estado,,R-6a,,Dupla,Faixa contínua,,,,
2021-03-14,11:06:00,COM VÍTIMA,FINALIZADA,IPSEP,RUA PAMPULHA,3,325,RUA CACHOEIRA,EM FRENTE AO COLEGIO SANTA TEREZA,,,,IPSEP,COLISÃO TRANSVERSAL,,1,1,0,0,0,0,0,0,0,1,0,,SUL,Cruzamento,Bom,Não existe,Perfeito estado,Seca,Perfeito estado,Faixa de retenção,Placas Pare,40 km/h,Única,Não existe,,,,
2021-03-16,07:40:00,COM VÍTIMA,FINALIZADA,IPUTINGA,AV CAXANGA,4,4038,,em frente ao posto br suplano,,,,IPUTINGA,ATROPELAMENTO DE PESSOA,,1,0,0,0,1,0,0,0,0,1,0,,CIDADE,Longo da via,Bom,Sem defeito,Perfeito estado,Seca,Perfeito estado,Faixa de pedestre,Não há placas,,Dupla,Canteiro central,,,,
2021-03-16,09:00:00,COM VÍTIMA,FINALIZADA,BOA VIAGEM,AV BOA VIAGEM,4,3906,RUA RIBEIRO DE BRITO,AO LADO DO EDF LE CORBUSIER,,,,BOA VIAGEM,COLISÃO TRASEIRA,,1,1,0,0,0,0,0,0,0,1,0,,CIDADE,Longo da via,Bom,Sem defeito,Perfeito estado,Seca,Perfeito estado,,,,Única,Faixa seccionada,,,,
2021-03-16,14:58:00,COM VÍTIMA,FINALIZADA,CASA FORTE,AV DEZESSETE DE AGOSTO,3,428,,EM FRENTE AOBANCO DO BRASIL,,,,CASA FORTE,COLISÃO TRASEIRA,,1,1,0,0,0,0,0,0,0,1,0,,SUBURBIO,Longo da via,Bom,Sem defeito,Perfeito estado,Seca,Perfeito estado,Outros,Outras,,Dupla,Faixa contínua,,,,
2021-03-16,15:00:00,COM VÍTIMA,FINALIZADA,BOA VISTA,RUA PRINCESA IZABEL,0,,,EM FRENTE A FACULDADE DE DIREITO,,,,BOA VISTA,ATROPELAMENTO DE PESSOA,,0,1,0,0,1,0,0,0,0,2,0,,CIDADE,Longo da via,Bom,Não existe,Perfeito estado,Seca,Perfeito estado,Não existe,Não há placas,,Única,Faixa seccionada,,,,
2021-03-17,13:20:00,COM VÍTIMA,FINALIZADA,IMBIRIBEIRA,AV MARECHAL MASCARENHAS DE MORAES,0,,,EM FRENTE A FACULDADE PERNAMBUCANA DE SAUDE/ SENTIDO CIDADE,,,,IMBIRIBEIRA,COLISÃO LATERAL,,1,1,0,0,0,0,0,0,0,1,0,530,CIDADE,Longo da via,Bom,Sem defeito,Perfeito estado,Seca,Perfeito estado,Faixa de pedestre,,60 km/h,Única,Faixa seccionada,,,,
2021-03-17,18:08:00,COM VÍTIMA,FINALIZADA,APIPUCOS,RUA DE APIPUCOS,3,193,,PROXIMO AO EDIFICIO PAINEIRAS,,,,APIPUCOS,COLISÃO LATERAL,,1,1,0,0,0,0,0,0,0,1,0,,CIDADE,Longo da via,Bom,Não existe,Perfeito estado,Seca,Perfeito estado,Não existe,R-6a,40 km/h,Dupla,Faixa contínua,,,,
2021-03-18,12:58:00,COM VÍTIMA,FINALIZADA,AGUA FRIA,AV BEBERIBE,4,4575,,EM FRENTE A MAGAZINE LUIZA,,,,ÁGUA FRIA,ATROPELAMENTO DE PESSOA,,0,1,0,0,1,0,0,0,0,1,0,,CIDADE,Longo da via,Chuvoso,Sem defeito,Perfeito estado,Molhada,Perfeito estado,Não existe,Não há placas,60 km/h,Dupla,Faixa contínua,,,,
2021-03-18,16:47:00,COM VÍTIMA,FINALIZADA,BOA VIAGEM,AV BOA VIAGEM,0,,,APOS O HOSPITAL DA AERONALTICA,,,,BOA VIAGEM,COLISÃO TRASEIRA,,1,1,0,0,0,0,0,0,0,2,0,,,,,,,,,,,,,,,,,
2021-03-18,20:28:00,COM VÍTIMA,FINALIZADA,BONGI,AV ENGENHEIRO ABDIAS DE CARVALHO,3,321,,PRÓX AO ATACAREJO,,,,BONGI,COLISÃO LATERAL,,1,1,0,0,0,0,0,0,0,1,0,687,CIDADE,Longo da via,Bom,Sem defeito,Perfeito estado,Seca,Perfeito estado,Faixa de retenção,Outras,,Única,Faixa seccionada,,,,
2021-03-19,08:48:00,COM VÍTIMA,FINALIZADA,TEJIPIO,AV DR JOSE RUFINO,3,429,RUA PAPA JOAO VINTE E TRES,PROX. AO CARTORIO DE TEJIPIO E FÁBRICA PADARIA,,,,TEJIPIÓ,COLISÃO LATERAL,,1,1,0,0,0,0,0,0,0,1,0,285,SUBURBIO,Cruzamento,Bom,Sem defeito,Perfeito estado,Seca,Perfeito estado,Faixa de pedestre,Não há placas,60 km/h,Dupla,Faixa contínua,,,,
2021-03-19,11:32:00,COM VÍTIMA,FINALIZADA,CASA AMARELA,AV NORTE,4,5067,,PROX. AO REI DA PICANHA  SENT. SUB. EM FRENTE AO POSTO BR,,,,CASA AMARELA,COLISÃO TRASEIRA,,2,1,0,0,0,0,0,0,0,1,0,,SUBURBIO,Longo da via,Bom,Sem defeito,Perfeito estado,Seca,Perfeito estado,Faixa de pedestre,,,Dupla,Canteiro central,,,,
2021-03-19,16:37:00,COM VÍTIMA,FINALIZADA,SAO JOSE,RUA IMPERIAL,3,981,TRV DO RAPOSO,EM FRENTE A FERRO E AÇO  PRODUTOS SIDERÚRGICOS,,,,SÃO JOSÉ,COLISÃO TRANSVERSAL,,1,1,0,0,0,0,0,0,0,1,0,510,SUBURBIO,Cruzamento,Bom,Sem defeito,Perfeito estado,Seca,Perfeito estado,Faixa de pedestre,Outras,40 km/h,Única,Faixa seccionada,,,,
2021-03-19,21:02:40,VÍTIMA FATAL,FINALIZADA,BOA VIAGEM,AV ENGENHEIRO DOMINGOS FERREIRA,0,,RUA ANTONIO FALCAO,RUA ANTONIO FALCÃO (SEMÁFORO 145),,,,BOA VIAGEM,COLISÃO TRANSVERSAL,,1,1,0,0,0,0,0,0,0,1,1,145,,Cruzamento,Bom,Sem defeito,,Seca,Perfeito estado,Faixa de pedestre,,60 km/h,Única,,,,,
2021-03-19,21:04:40,COM VÍTIMA,FINALIZADA,ENCRUZILHADA,RUA AMARO COUTINHO,3,242,RUA FERNANDO CESAR,COM A RUA FERNANDO CESAR,,,,ENCRUZILHADA,COLISÃO TRANSVERSAL,,1,1,0,0,0,0,0,0,0,1,0,,CIDADE,Cruzamento,Bom,Não existe,Perfeito estado,Seca,Perfeito estado,Faixa de pedestre,Placas Pare,,Única,Faixa seccionada,,,,
2021-03-20,07:18:00,COM VÍTIMA,FINALIZADA,MANGABEIRA,AV NORTE,4,4413,AV PROFESSOR JOSE DOS ANJOS,EM FRENTE AO SESC,,,,MANGABEIRA,COLISÃO LATERAL,,0,2,0,0,0,0,0,0,0,1,0,364,CIDADE,Longo da via,Bom,Não existe,Perfeito estado,Seca,Perfeito estado,Não existe,R-6a,,Dupla,Faixa seccionada,,,,
2021-03-20,07:19:00,VÍTIMA FATAL,FINALIZADA,AREIAS,AV RECIFE,4,1040,,LADO OPOSTO AO BIG BOMPREÇO E HM VEÍCULOS. LADO OPOSTO AO NÚMERO INFORMADO.,,,,AREIAS,ATROPELAMENTO DE PESSOA,,0,0,0,0,1,0,1,0,0,0,1,,JARDIM SÃO PAULO,Longo da via,Bom,Não existe,Perfeito estado,Seca,Perfeito estado,Outros,,,,Faixa seccionada,Canteiro central,,,
2021-03-20,08:02:00,COM VÍTIMA,FINALIZADA,ROSARINHO,AV SANTOS DUMONT,3,616,RUA DR JOSE MARIA,GALERIA D  BEL,,,,ROSARINHO,COLISÃO TRASEIRA,,2,0,0,0,0,0,0,0,0,1,0,98,SUBURBIO,Cruzamento,Chuvoso,Sem defeito,Perfeito estado,,Perfeito estado,Faixa de pedestre,Outras,,Única,Faixa seccionada,,,,
2021-03-20,15:12:00,COM VÍTIMA,FINALIZADA,DOIS UNIDOS,AV HILDEBRANDO DE VASCONCELOS,3,863,,EM FRENTE AO NUMERAL 863,,,,DOIS UNIDOS,ATROPELAMENTO DE PESSOA,,0,1,0,0,1,0,0,0,0,1,0,,SUBURBIO,Longo da via,Bom,Não existe,Não existente,Seca,Perfeito estado,Não existe,Não há placas,,Dupla,Faixa seccionada,,,,
2021-03-20,16:18:00,COM VÍTIMA,FINALIZADA,SAN MARTIN,AV ENGENHEIRO ABDIAS DE CARVALHO,0,,,LADO OPOSTO AO COMPAZ DA ABDIAS.,,,,SAN MARTIN,COLISÃO LATERAL,,1,1,0,0,0,0,0,0,0,1,0,688,CIDADE,Longo da via,Bom,Sem defeito,Perfeito estado,Seca,Perfeito estado,Faixa de retenção,Não há placas,60 km/h,Única,Faixa contínua,,,,
2021-03-20,18:17:00,COM VÍTIMA,FINALIZADA,BOA VIAGEM,AV BOA VIAGEM,4,3962,RUA RIBEIRO DE BRITO,PRÓX A MR NORDESTE. EDF. QUEEN MARY,,,,BOA VIAGEM,COLISÃO TRASEIRA,,1,1,0,0,0,0,0,0,0,1,0,,CIDADE,Longo da via,Bom,Não existe,Perfeito estado,Seca,Perfeito estado,Não existe,Outras,,Única,Faixa seccionada,,,,
2021-03-22,07:32:00,COM VÍTIMA,FINALIZADA,MADALENA,RUA GOMES TABORDA,0,,RUA DES ADOLFO CIRIACO,AO LADO DO BAILE PERFUMADO. AO LADO DO SINDICOMBUSTÍVEL PERNAMBUCO,,,,MADALENA,COLISÃO LATERAL,,1,1,0,0,0,0,0,0,0,1,0,,,Cruzamento,Bom,Não existe,Perfeito estado,Seca,Perfeito estado,Não existe,Não há placas,30 km/h,Dupla,Faixa seccionada,,,,
2021-03-22,08:49:00,COM VÍTIMA,FINALIZADA,SANTO AMARO,AV JOAO DE BARROS,4,2790,AV GOVERNADOR AGAMENON MAGALHAES,EM FRENTE A ESTETICA CLINICAL CENTER,,,,SANTO AMARO,ATROPELAMENTO DE PESSOA,,0,0,0,0,1,1,0,0,0,1,0,,SUBURBIO,Longo da via,Bom,Sem defeito,Perfeito estado,Seca,Perfeito estado,Faixa de retenção,Placas Pare,,Única,Canteiro central,,,,
2021-03-22,09:30:00,COM VÍTIMA,FINALIZADA,IBURA,RUA JORNALISTA EDSON REGIS,3,456,,APOS A  ANTIGA FABRICA DA FREVO. KS PARTICIPAÇÕES.,,,,IBURA,COLISÃO LATERAL,,1,1,0,0,0,0,0,0,0,1,0,,CIDADE,Longo da via,Bom,Não existe,Perfeito estado,Seca,Perfeito estado,Não existe,R-6a,,Dupla,Faixa seccionada,,,,
2021-03-22,11:32:00,COM VÍTIMA,FINALIZADA,JORDAO,AV MARIA IRENE,4,1542,,EDF JAIME RAMALHO,,,,JORDÃO,COLISÃO TRANSVERSAL,,1,1,0,0,0,0,0,0,0,2,0,,SUBURBIO,Cruzamento,Bom,Não existe,Não existente,Seca,Perfeito estado,Não existe,Não há placas,,Dupla,Não existe,,,,
2021-03-22,15:05:00,COM VÍTIMA,FINALIZADA,HIPODROMO,RUA CARLOS FERNANDES,3,264,RUA FONSECA OLIVEIRA,PROX A DELEGACIA 13° BPM,,,,HIPÓDROMO,COLISÃO LATERAL,,1,1,0,1,0,0,0,0,0,1,0,,,Cruzamento,Bom,Não existe,Perfeito estado,Seca,Perfeito estado,Outros,Placas Pare,,Dupla,Faixa contínua,,,,
2021-03-22,17:33:00,VÍTIMA FATAL,FINALIZADA,ARRUDA,RUA DAS MOCAS,3,827,RUA DA REGENERACAO,CRUZAMENTO DO SEMÁFORO,,,,ARRUDA,COLISÃO TRANSVERSAL,,0,2,0,0,0,0,0,0,0,1,1,472,,Cruzamento,Bom,Sem defeito,Perfeito estado,Seca,Perfeito estado,Faixa de pedestre,Outras,,Dupla,Faixa seccionada,,,,
2021-03-22,19:35:00,COM VÍTIMA,FINALIZADA,PINA,RUA MANOEL DE BRITO,0,,AV REPUBLICA ARABE UNIDA,NA ENTRADA DO TÚNEL DO SHOPPING RIO MAR,,,,PINA,COLISÃO LATERAL,,1,1,0,0,0,0,0,0,0,1,0,659,,Cruzamento,Bom,Sem defeito,Perfeito estado,Seca,Perfeito estado,,R-6a,,Única,Faixa contínua,,,,
2021-03-23,07:43:00,COM VÍTIMA,FINALIZADA,TORRE,AV BEIRA RIO,0,,RUA CONDE DE IRAJA,,,,,TORRE,QUEDA,,0,0,0,1,0,0,0,0,0,1,0,630,,,,,,,,,,,,,,,,
2021-03-23,16:15:00,COM VÍTIMA,FINALIZADA,TORRE,RUA SOUZA BANDEIRA,3,463,RUA DIANOPOLIS,PORTO DE COMBUSTÍVEL BR,,,,TORRE,COLISÃO LATERAL,,1,1,0,0,0,0,0,0,0,1,0,317,CIDADE,Longo da via,Bom,Sem defeito,Perfeito estado,Seca,Perfeito estado,Não existe,Não há placas,,Dupla,Faixa contínua,,,,
2021-03-23,20:19:00,COM VÍTIMA,FINALIZADA,SANTO AMARO,RUA DOS PALMARES,3,441,RUA DO POMBAL,E/F AO CENTRO DE SAÚDE WALDEMAR DE OLIVEIRA,,,,SANTO AMARO,COLISÃO FRONTAL,,1,1,0,0,0,0,0,0,0,1,0,,CIDADE,Cruzamento,Chuvoso,Não existe,Perfeito estado,Molhada,Perfeito estado,Não existe,Não há placas,50 km/h,Dupla,Canteiro central,,,,
2021-03-23,20:48:00,COM VÍTIMA,FINALIZADA,IBURA,AV PRESIDENTE DUTRA,0,,VIADUTO TANCREDO NEVES,NA ENTRADA QUE DA ACESSO AO  VIADUTO TRANC NEVES  SNT BV / PRÓX AO SAL E BRAZA  / E/F A SUDENE,,,,IBURA,COLISÃO LATERAL,,1,1,0,0,0,0,0,0,0,1,0,,,Viaduto,Bom,Não existe,Perfeito estado,Seca,Perfeito estado,Não existe,Não há placas,60 km/h,Dupla,Faixa contínua,Faixa seccionada,Canteiro central,,
2021-03-24,08:18:00,COM VÍTIMA,FINALIZADA,BOA VIAGEM,RUA BALTAZAR PASSOS,0,,RUA VISCONDE DE JEQUITINHONHA,,,,,BOA VIAGEM,COLISÃO TRANSVERSAL,,1,1,0,0,0,0,0,0,0,1,0,154,SUBURBIO,Cruzamento,Chuvoso,Intermitente,Perfeito estado,Molhada,Perfeito estado,Faixa de pedestre,Outras,60 km/h,Única,,,,,