data,hora,natureza_acidente,situacao,bairro,endereco,,numero,detalhe_endereco_acidente,complemento,endereco_cruzamento,numero_cruzamento,referencia_cruzamento,bairro_cruzamento,tipo,descricao,auto,moto,ciclom,ciclista,pedestre,onibus,caminhao,viatura,outros,vitimas,vitimasfatais,num_semaforo,sentido_via,acidente_verificado,tempo_clima,situacao_semaforo,sinalizacao,condicao_via,conservacao_via,ponto_controle,situacao_placa,velocidade_max_via,mao_direcao,divisao_via1,divisao_via2,divisao_via3,_id,Protocolo
2021-03-24,11:27:00,COM VÍTIMA,FINALIZADA,ILHA DO RETIRO,RUA PADRE TEOFILO TWORZ,0,,RUA COSME VIANA,EM FRENTE A PRAÇA COSME VIANA/LADO OPOSTO A TUPÃ,,,,ILHA DO RETIRO,COLISÃO TRANSVERSAL,,1,1,0,0,0,0,0,0,0,1,0,,CIDADE,Cruzamento,Bom,Não existe,Incompleta,Seca,Perfeito estado,Não existe,Outras,40 km/h,Dupla,Canteiro central,,,,
2021-03-24,11:31:00,COM VÍTIMA,FINALIZADA,IPSEP,RUA JEAN EMILE FAVRE,3,744,RUA POTENGI,EM FRENTE AO ESTACIONAMENTO DA FBV,,,,IPSEP,COLISÃO TRANSVERSAL,,1,1,0,0,0,0,0,0,0,1,0,564,SUBURBIO,Cruzamento,Chuvoso,Sem defeito,Perfeito estado,Seca,Perfeito estado,Faixa de pedestre,Outras,,Dupla,Faixa contínua,,,,
2021-03-24,17:21:00,COM VÍTIMA,FINALIZADA,CASA AMARELA,AV NORTE,4,5600,,EM FRENTE AO CAPP DA AVENIDA NORTE,,,,CASA AMARELA,COLISÃO LATERAL,,1,1,0,0,0,0,0,0,0,1,0,676,SUBURBIO,Longo da via,Chuvoso,Sem defeito,Perfeito estado,Molhada,,Faixa de pedestre,Não há placas,,Dupla,,Canteiro central,,,
2021-03-25,07:07:00,COM VÍTIMA,FINALIZADA,CASA AMARELA,RUA PADRE LEMOS,3,391,AV PEDRO ALLAIN,EM FRENTE AO SUPERMERCADO CANELA,,,,CASA AMARELA,COLISÃO LATERAL,,0,1,0,0,0,1,0,0,0,1,0,,,Cruzamento,Bom,Não existe,Perfeito estado,Seca,Perfeito estado,Faixa de pedestre,R-6a,,Dupla,Não existe,,,,
2021-03-25,14:18:00,COM VÍTIMA,FINALIZADA,FUNDAO,RUA DO MACHADO,3,862,RUA MANOEL SILVA,NA RUA DOS IRRESPONSÁVEIS,,,,FUNDÃO,COLISÃO LATERAL,,1,1,0,0,0,0,0,0,0,1,0,,SUBURBIO,Cruzamento,Bom,Não existe,Perfeito estado,Seca,Perfeito estado,Faixa de pedestre,Não há placas,30 km/h,Dupla,Faixa seccionada,,,,
2021-03-25,15:54:00,COM VÍTIMA,FINALIZADA,GRACAS,RUA QUARENTA E OITO,0,,RUA CONS PORTELA,FARMACIA PAGUE MENOS,,,,GRAÇAS,COLISÃO TRANSVERSAL,,1,1,0,0,0,0,0,0,0,2,0,11,CIDADE,Cruzamento,Bom,Com defeito,Incompleta,Seca,Perfeito estado,Faixa de pedestre,Não há placas,30 km/h,Única,Faixa seccionada,,,,
2021-03-25,18:12:00,COM VÍTIMA,FINALIZADA,PINA,AV ANTONIO DE GOES,0,,,PROXIMO AO JCPM,,,,PINA,COLISÃO LATERAL,,1,1,0,0,0,0,0,0,0,2,0,,CIDADE,Longo da via,Bom,Não existe,Perfeito estado,Seca,Perfeito estado,Não existe,Não há placas,60 km/h,Única,Faixa seccionada,Canteiro central,,,
2021-03-26,11:32:00,COM VÍTIMA,FINALIZADA,IBURA,RUA RIO XINGU,0,,AV DOIS RIOS,EM FRENTE AO POSTO BR,,,,IBURA,COLISÃO TRANSVERSAL,,1,1,0,0,0,0,0,0,0,1,0,351,SUBURBIO,Cruzamento,Bom,Sem defeito,Perfeito estado,Seca,Perfeito estado,Faixa de pedestre,Não há placas,,Dupla,,,,,
2021-03-26,11:50:00,COM VÍTIMA,FINALIZADA,BOA VIAGEM,RUA PROFESSOR JOSE BRANDAO,3,410,RUA FRANCISCO DA CUNHA,EM FRENTE  AO EMPRESARIAL MASTER,,,,BOA VIAGEM,COLISÃO TRANSVERSAL,,2,0,0,0,0,0,0,0,0,1,0,,SUBURBIO,Cruzamento,Bom,Não existe,Perfeito estado,Seca,Perfeito estado,Faixa de retenção,Placas Pare,,Única,Faixa seccionada,,,,
2021-03-26,14:57:00,COM VÍTIMA,FINALIZADA,AFOGADOS,RUA COSME VIANA,3,245,RUA TRES DE AGOSTO,PRÓX AO HOTEL EROS,,,,AFOGADOS,COLISÃO TRANSVERSAL,,1,1,0,0,0,0,0,0,0,1,0,525,SUBURBIO,Cruzamento,Bom,Sem defeito,Perfeito estado,Seca,Perfeito estado,Faixa de pedestre,Outras,40 km/h,Única,Faixa contínua,Faixa seccionada,,,
2021-03-27,03:20:00,COM VÍTIMA,FINALIZADA,ESPINHEIRO,AV CONS ROSA E SILVA,3,767,RUA ANTENOR NAVARRO,EM FRENTE AO PONTO DO AÇAI,,,,ESPINHEIRO,COLISÃO TRANSVERSAL,,1,1,0,0,0,0,0,0,0,1,0,522,SUBURBIO,Cruzamento,Bom,Sem defeito,Perfeito estado,Seca,Perfeito estado,Faixa de pedestre,Placas Pare,40 km/h,Única,Faixa seccionada,,,,
2021-03-27,17:00:00,COM VÍTIMA,FINALIZADA,TEJIPIO,AV DR JOSE RUFINO,3,441,RUA IGUACU,NO SEMAFORO  285 SENTIDO JABOATAO. EM FRENTE A PADARIA PONTO DO TRIGO / FÁBRICA DA PADARIA.,,,,TEJIPIÓ,COLISÃO COM CICLISTA,,1,0,0,1,0,0,0,0,0,1,0,285,SUBURBIO,Longo da via,Bom,Sem defeito,Perfeito estado,Seca,Mal iluminada,Faixa de pedestre,Outras,50 km/h,Dupla,Faixa contínua,,,,
2021-03-27,20:11:00,COM VÍTIMA,FINALIZADA,CASA AMARELA,EST DAS UBAIAS,2,20,RUA CONS NABUCO,E/F AO POSTO BR E PRÓX AO BOMPREÇO // SEMÁFORO 655,,,,CASA AMARELA,COLISÃO TRANSVERSAL,,1,1,0,0,0,0,0,0,0,1,0,655,SUBURBIO,Cruzamento,Bom,Sem defeito,Perfeito estado,Seca,Perfeito estado,Faixa de pedestre,,,Dupla,Faixa contínua,,,,
2021-03-27,21:16:40,COM VÍTIMA,FINALIZADA,CAMPO GRANDE,EST DE BELEM,4,1217,RUA ODORICO MENDES,ENTRE A EXTRA FARMA E DROGASIL / E/F AO COLÉGIO JESUS CRUCIFICADO,,,,CAMPO GRANDE,COLISÃO TRASEIRA,,1,1,0,0,0,0,0,0,0,1,0,26,,Longo da via,Chuvoso,Sem defeito,Perfeito estado,Molhada,Perfeito estado,Faixa de pedestre,,,Dupla,Faixa contínua,,,,
2021-03-28,06:15:00,COM VÍTIMA,FINALIZADA,PINA,AV CELSO FURTADO,0,,,LADO  OPOSTO AO AERO CLUBE,,,,PINA,CHOQUE,,0,1,0,0,0,0,0,0,0,1,0,,SUBURBIO,Longo da via,Bom,Não existe,,,,Não existe,R-6a,,Dupla,,,,,
2021-03-28,14:41:00,COM VÍTIMA,FINALIZADA,DERBY,AV GOVERNADOR AGAMENON MAGALHAES,0,,RUA HENRIQUE DIAS,NO CRUZAMENTO EM BAIXO DO SEMAFORO 068,,,,DERBY,COLISÃO TRANSVERSAL,,1,1,0,0,0,0,0,0,0,1,0,68,BOA VIAGEM,Cruzamento,Bom,Sem defeito,Perfeito estado,Seca,Perfeito estado,Faixa de pedestre,Outras,60 km/h,,Faixa contínua,Faixa seccionada,Canteiro central,,
2021-03-28,15:36:00,COM VÍTIMA,FINALIZADA,SANTO AMARO,AV GOVERNADOR AGAMENON MAGALHAES,4,1101,AV JOAO DE BARROS,PRÓX AO POSTO BR - QUITANDARIA (AV. JOAO DE BARROS),,,,SANTO AMARO,COLISÃO LATERAL,,1,1,0,0,0,0,0,0,0,1,0,,CIDADE,Esquina,Bom,Não existe,Perfeito estado,Seca,Perfeito estado,Não existe,Outras,,Única,Faixa seccionada,,,,
2021-03-28,17:22:00,COM VÍTIMA,FINALIZADA,BOA VIAGEM,AV CONSELHEIRO AGUIAR,4,4784,RUA RIBEIRO DE BRITO,PXB4D39 X PGW4036,,,,BOA VIAGEM,COLISÃO LATERAL,,2,0,0,0,0,0,0,0,0,3,0,147,,Cruzamento,Bom,Sem defeito,Perfeito estado,Seca,Perfeito estado,Faixa de pedestre,Não há placas,,Única,Faixa seccionada,,,,
2021-03-28,19:43:00,COM VÍTIMA,FINALIZADA,BONGI,RUA PROFESSOR CELESTIN MALZAC,2,42,,EM FRENTE A FACULDADE NOVA ROMA,,,,BONGI,COLISÃO TRANSVERSAL,,1,1,0,0,0,0,0,0,0,1,0,,CIDADE,Longo da via,Bom,Não existe,Incompleta,Seca,,Não existe,Não há placas,,Dupla,Não existe,,,,
2021-03-29,09:24:00,COM VÍTIMA,FINALIZADA,MONTEIRO,RUA DE APIPUCOS,3,117,RUA DOM MALAN,,,,,MONTEIRO,COLISÃO TRANSVERSAL,,1,1,0,0,0,0,0,0,0,1,0,,SUBURBIO,Longo da via,Bom,Não existe,Perfeito estado,Seca,Perfeito estado,Não existe,R-6a,,Dupla,Faixa contínua,,,,
2021-03-29,09:47:00,COM VÍTIMA,FINALIZADA,VARZEA,RUA ACADEMICO HELIO RAMOS,3,304,,PROX. A UNIVER. FEDERAL  JUNTO A GRADE,,,,VÁRZEA,COLISÃO TRASEIRA,,1,1,0,0,0,0,0,0,0,1,0,,SUBURBIO,Longo da via,Bom,Sem defeito,Perfeito estado,Seca,Perfeito estado,Não existe,Não há placas,30 km/h,,Faixa seccionada,,,,
2021-03-29,11:55:00,COM VÍTIMA,FINALIZADA,SANTO AMARO,AV VISCONDE DE SUASSUNA,0,,RUA DO HOSPICIO,ESQUINA COM O CENTRO CULTURAL ROSSINI ALVES COUTO,,,,SANTO AMARO,COLISÃO LATERAL,,1,0,1,0,0,0,0,0,0,1,0,32,CIDADE,Cruzamento,Bom,Sem defeito,Perfeito estado,Seca,Perfeito estado,Faixa de pedestre,Não há placas,40 km/h,Dupla,Não existe,,,,
2021-03-29,17:04:00,COM VÍTIMA,FINALIZADA,CORDEIRO,RUA DR MIGUEL VIEIRA FERREIRA,4,1625,RUA IPINIRAS,PROX A ANTIGA RUA DA LAMA S/T  SUDENE   NO SEMAFORO 566,,,,CORDEIRO,COLISÃO TRANSVERSAL,,1,1,0,0,0,0,0,0,0,1,0,,SUBURBIO,Esquina,Bom,Não existe,Não existente,Seca,Perfeito estado,,,,Dupla,Não existe,,,,
2021-03-30,05:13:00,COM VÍTIMA,FINALIZADA,IPUTINGA,AV CAXANGA,0,,RUA MANOEL JOAQUIM DE ALMEIDA,LADO OPOSTO AO BIG BOMPREÇO,,,,IPUTINGA,COLISÃO COM CICLISTA,,0,1,0,1,0,0,0,0,0,1,0,533,CIDADE,Cruzamento,Chuvoso,Sem defeito,Perfeito estado,Molhada,Perfeito estado,Faixa de pedestre,Outras,,Única,Outros,,,,
2021-03-30,08:06:00,COM VÍTIMA,FINALIZADA,IMBIRIBEIRA,AV MARECHAL MASCARENHAS DE MORAES,0,,,EM FRENTE A FACULDADE PERNAMBUCANA DE SAUDE,,,,IMBIRIBEIRA,COLISÃO TRASEIRA,,1,1,0,0,0,0,0,0,0,1,0,530,CIDADE,Longo da via,Nublado,Sem defeito,Perfeito estado,Molhada,Perfeito estado,Faixa de pedestre,Outras,,Única,Faixa seccionada,Canteiro central,,,
2021-03-30,12:40:00,COM VÍTIMA,FINALIZADA,BOA VIAGEM,RUA VISCONDE DE JEQUITINHONHA,4,1656,,,,,,BOA VIAGEM,ATROPELAMENTO DE PESSOA,,0,1,0,0,1,0,0,0,0,1,0,158,SUBURBIO,Longo da via,Bom,Sem defeito,Perfeito estado,Seca,Perfeito estado,Faixa de pedestre,Outras,60 km/h,Única,Faixa seccionada,,,,
2021-03-30,18:13:00,COM VÍTIMA,FINALIZADA,IMBIRIBEIRA,AV SUL,0,,,POR TRÁS DA LOJA GRILHO  / PRÓX  A ESTAÇÃO IMBIRIBEIRA,,,,IMBIRIBEIRA,ATROPELAMENTO DE PESSOA,,1,0,0,0,1,0,0,0,0,1,0,,SUBURBIO,Longo da via,Bom,Não existe,Perfeito estado,Seca,Perfeito estado,Não existe,Não há placas,30 km/h,Dupla,Não existe,,,,
2021-03-31,08:51:00,COM VÍTIMA,FINALIZADA,CASA AMARELA,RUA CONS NABUCO,3,151,RUA EVARISTO DA VEIGA,EDIF. SOLAR TRINDADE,,,,CASA AMARELA,COLISÃO TRANSVERSAL,,1,1,0,0,0,0,0,0,0,2,0,285,CIDADE,Longo da via,Bom,Sem defeito,Perfeito estado,Seca,Mal iluminada,Faixa de pedestre,Outras,50 km/h,Dupla,Faixa contínua,,,,
2021-03-31,16:15:00,COM VÍTIMA,FINALIZADA,BREJO DA GUABIRABA,AV VEREADOR OTACILIO AZEVEDO,4,30 B,RUA SENHOR DO BONFIM,E/F A GARAGEM DA GLOBO  S/T  SUB,,,,BREJO DA GUABIRABA,COLISÃO LATERAL,,1,1,0,0,0,0,0,0,0,2,0,,,Longo da via,Bom,Não existe,Não existente,Seca,Perfeito estado,Não existe,Não há placas,,Dupla,Não existe,,,,
2021-03-31,17:05:00,COM VÍTIMA,FINALIZADA,MADALENA,AV VISCONDE DE ALBUQUERQUE,3,620,,PROXIMO A ESQUINA DA RUA DR. ARTHUR GONÇALVESHospital D'Ávila,,,,MADALENA,COLISÃO TRASEIRA,,1,1,0,0,0,0,0,0,0,1,0,,SUBURBIO,Longo da via,Bom,Não existe,Perfeito estado,Seca,Perfeito estado,Não existe,Não há placas,30 km/h,Única,Faixa seccionada,,,,
2021-03-31,17:39:00,COM VÍTIMA,FINALIZADA,PAISSANDU,AV GOVERNADOR AGAMENON MAGALHAES,0,,RUA GENERAL JOAQUIM INACIO,E/F AO BANCO SAFRA  PROX AO HOSPITAL PORTUGUES,,,,PAISSANDU,COLISÃO LATERAL,,1,1,0,0,0,0,0,0,0,1,0,69,OLINDA,Cruzamento,Bom,Sem defeito,Perfeito estado,Seca,Perfeito estado,Agente,R-19,60 km/h,Dupla,Canteiro central,,,,
2021-03-31,19:57:00,COM VÍTIMA,FINALIZADA,SAN MARTIN,AV RECIFE,0,,AV JOAO CABRAL DE MELO NETO,CRUZAMENTO COM  A AV JOÃO CABRAL DE MELO NETO,,,,SAN MARTIN,COLISÃO TRASEIRA,,1,1,0,0,0,0,0,0,0,1,0,259,SUBURBIO,Longo da via,Bom,Sem defeito,Perfeito estado,Seca,Perfeito estado,Faixa de pedestre,R-4a,,Dupla,Canteiro central,Blocos,,,
2021-04-01,07:09:00,COM VÍTIMA,FINALIZADA,IMBIRIBEIRA,AV MARECHAL MASCARENHAS DE MORAES,4,4900,,EM FRENTE A FACULDADE PERNAMBUCANA DE SAUDE,,,,IMBIRIBEIRA,COLISÃO TRASEIRA,,1,1,0,0,0,0,0,0,0,1,0,531,SUBURBIO,Longo da via,Bom,Sem defeito,Perfeito estado,Seca,Perfeito estado,Faixa de pedestre,R-6a,60 km/h,Dupla,Faixa contínua,Faixa seccionada,Canteiro central,,
2021-04-01,10:58:00,COM VÍTIMA,FINALIZADA,SANTO ANTONIO,AV MARTINS DE BARROS,0,,RUA SIQUEIRA CAMPOS,,,,,SANTO ANTÔNIO,COLISÃO TRASEIRA,,1,2,0,0,0,0,0,0,0,1,0,,,Cruzamento,Bom,Não existe,Perfeito estado,Seca,Perfeito estado,Não existe,Não há placas,40 km/h,Única,Faixa seccionada,,,,
2021-04-01,19:19:00,COM VÍTIMA,FINALIZADA,BARRO,AV DR JOSE RUFINO,4,2342,RUA CAPITAO PONCIANO,PRÓXIMO DA IGREJA DO BARRO,,,,BARRO,COLISÃO TRASEIRA,,1,1,0,0,0,0,0,0,0,1,0,,CIDADE,Cruzamento,Bom,Não existe,Incompleta,Seca,Perfeito estado,Não existe,Outras,40 km/h,Dupla,Faixa contínua,,,,
2021-04-01,21:22:40,COM VÍTIMA,FINALIZADA,MADALENA,RUA PESSOA DE MELO,0,,,PRC EÇA DE QUEIROZ  EM FRENTE AO BEERDOCK,,,,MADALENA,COLISÃO FRONTAL,,1,1,0,0,0,0,0,0,0,1,0,,SUBURBIO,Cruzamento,Chuvoso,Não existe,Perfeito estado,Molhada,Perfeito estado,Faixa de pedestre,Não há placas,40 km/h,Única,,,,,
2021-04-02,21:22:40,COM VÍTIMA,FINALIZADA,TORRE,RUA JOSE BONIFACIO,0,,RUA CONDE DE IRAJA,CRUZAMENTO DA RUA JOSE BONIFACIO COM CONDE DE IRAJA,,,,TORRE,COLISÃO COM CICLISTA,,1,0,0,1,0,0,0,0,0,1,0,191,SUBURBIO,Cruzamento,Bom,Sem defeito,Perfeito estado,Seca,Perfeito estado,Faixa de pedestre,,40 km/h,Única,,,,,
2021-04-03,09:47:00,COM VÍTIMA,FINALIZADA,CAMPO GRANDE,EST DE BELEM,0,,RUA JERONIMO VILELA,EM FRENTE AO COLEGIO JESUS CRUCIFICADO,,,,CAMPO GRANDE,COLISÃO LATERAL,,1,1,0,0,0,0,0,0,0,2,0,,,,,,,,,,,,,,,,,
2021-04-03,10:31:00,COM VÍTIMA,FINALIZADA,SANTO AMARO,AV CRUZ CABUGA,0,,,EM FRENTE A SANTA CASA,,,,SANTO AMARO,COLISÃO TRASEIRA,,1,1,0,0,0,0,0,0,0,1,0,474,CIDADE,Longo da via,Bom,Sem defeito,Perfeito estado,Seca,Perfeito estado,Faixa de retenção,Outras,,Dupla,Blocos,,,,
2021-04-03,18:17:00,COM VÍTIMA,FINALIZADA,CORDEIRO,AV GENERAL SAN MARTIN,2,67,RUA GOMES TABORDA,,,,,CORDEIRO,COLISÃO FRONTAL,,1,1,0,0,0,0,0,0,0,1,0,767,SUBURBIO,Cruzamento,Bom,Sem defeito,Perfeito estado,Seca,Perfeito estado,Faixa de pedestre,Não há placas,60 km/h,Dupla,Faixa contínua,,,,
2021-04-04,11:56:00,COM VÍTIMA,FINALIZADA,TAMARINEIRA,RUA CONEGO BARATA,0,,,AO LADO DA FERREIRA COSTA,,,,TAMARINEIRA,CHOQUE,,0,1,0,0,0,0,0,0,0,1,0,,SUBURBIO,Longo da via,Bom,Não existe,Não existente,Seca,Outros,Não existe,Não há placas,,Única,Não existe,,,,
2021-04-05,14:34:00,COM VÍTIMA,FINALIZADA,AGUA FRIA,AV BEBERIBE,4,1824,EST VELHA DE AGUA FRIA,EM FRENTE A FEIRA NOVA DE ÁGUA FRIA,,,,ÁGUA FRIA,COLISÃO COM CICLISTA,,0,0,0,1,0,0,1,0,0,1,0,405,CIDADE,Longo da via,Bom,Sem defeito,Perfeito estado,Seca,Perfeito estado,Faixa de pedestre,Outras,30 km/h,Dupla,Faixa contínua,,,,
2021-04-05,21:19:40,COM VÍTIMA,FINALIZADA,ILHA JOANA BEZERRA,RUA CAPITAO TEMUDO,0,,,EM CIMA DO VIADUTO CAPITÃO TEMUDO,,,,ILHA JOANA BEZERRA,COLISÃO TRASEIRA,,1,1,0,0,0,0,0,0,0,2,0,,BOA VIAGEM,Viaduto,Bom,Não existe,Perfeito estado,Seca,Perfeito estado,Não existe,Não há placas,60 km/h,Dupla,Faixa seccionada,,,,
2021-04-06,08:13:00,COM VÍTIMA,FINALIZADA,CORDEIRO,AV CAXANGA,4,2957,,SENT. CIDADE,,,,CORDEIRO,COLISÃO TRASEIRA,,1,1,0,0,0,0,0,0,0,1,0,,CIDADE,Longo da via,Bom,Não existe,Perfeito estado,Seca,Perfeito estado,Não existe,R-6a,,Dupla,Canteiro central,,,,
2021-04-06,12:09:00,COM VÍTIMA,FINALIZADA,COQUEIRAL,RUA ANANIAS CATANHO,1,2,RUA ALTO PIQUIRI,PRÓXIMO AO TERMINAL DE ONIBUS DE TOTO PLANALTO.,,,,COQUEIRAL,ATROPELAMENTO DE PESSOA,,0,0,0,0,1,1,0,0,0,1,0,,CIDADE,Longo da via,Bom,Não existe,Perfeito estado,Seca,Perfeito estado,Não existe,Não há placas,40 km/h,Dupla,Não existe,,,,
2021-04-06,13:03:00,COM VÍTIMA,FINALIZADA,PONTO DE PARADA,RUA MEM DE SA,2,90,RUA DEPUTADO PEDRO VELHO,PROXIMO A COCA COLA,,,,PONTO DE PARADA,COLISÃO FRONTAL,,1,1,0,0,0,0,0,0,0,2,0,,CIDADE,Cruzamento,Bom,Não existe,Incompleta,Seca,Perfeito estado,Não existe,Não há placas,40 km/h,Dupla,Não existe,,,,
2021-04-06,14:03:00,COM VÍTIMA,FINALIZADA,AFOGADOS,RUA COSME VIANA,0,,RUA CORONEL ALFREDO DUARTE,EM FRENTE AO BOI GRILL E POSTO SETTA,,,,AFOGADOS,COLISÃO LATERAL,,1,1,0,0,0,0,0,0,0,2,0,430,S,Cruzamento,Bom,Sem defeito,Perfeito estado,Seca,Perfeito estado,,R-6a,60 km/h,Única,Faixa contínua,,,,
2021-04-06,18:22:00,COM VÍTIMA,FINALIZADA,CAXANGA,AV CAXANGA,4,4270,AV LUIZ DE LACERDA,E/F A L2 AUTOMOVEIS. LADO OPOSTO A CAXANGÁ VEÍCULOS.,,,,CAXANGÁ,COLISÃO LATERAL,,1,1,0,0,0,0,0,0,0,1,0,,SUBURBIO,,Bom,Não existe,Perfeito estado,Seca,Perfeito estado,Não existe,Não há placas,,Única,Faixa seccionada,,,,
2021-04-07,10:03:00,COM VÍTIMA,FINALIZADA,TORRE,RUA MAURICIO DE NASSAU,3,158,,AO LADO DO POSTO PETROCAL,,,,TORRE,ATROPELAMENTO DE PESSOA,,0,1,0,0,1,0,0,0,0,1,0,,,Longo da via,Bom,Não existe,Perfeito estado,Seca,Perfeito estado,,Não há placas,60 km/h,Dupla,Faixa seccionada,,,,
2021-04-07,10:37:00,COM VÍTIMA,FINALIZADA,AFOGADOS,AV SUL,4,2176,,EM FRENTE A POLICLINICA AGAMENON MAGALHAES,,,,AFOGADOS,COLISÃO COM CICLISTA,,0,1,0,1,0,0,0,0,0,4,0,,CIDADE,Longo da via,Bom,Sem defeito,Incompleta,Seca,Perfeito estado,Não existe,Outras,,Única,Faixa seccionada,,,,
2021-04-07,10:48:00,COM VÍTIMA,FINALIZADA,DERBY,AV GOVERNADOR AGAMENON MAGALHAES,0,,RUA HENRIQUE DIAS,E/F AO ANTIGO RESTAURANTE SPETTUS,,,,DERBY,COLISÃO LATERAL,,1,1,0,0,0,0,0,0,0,1,0,68,,Cruzamento,Bom,Sem defeito,Perfeito estado,Seca,Perfeito estado,Faixa de pedestre,Outras,,Única,,,,,
2021-04-07,13:01:00,COM VÍTIMA,FINALIZADA,TEJIPIO,AV DR JOSE RUFINO,4,1807,,EM FRENTE AO CONDOMINIO MORADA DO BARRO,,,,TEJIPIÓ,COLISÃO LATERAL,,1,1,0,0,0,0,0,0,0,1,0,,C,Longo da via,Bom,Não existe,Perfeito estado,Seca,Perfeito estado,Não existe,Não há placas,60 km/h,Dupla,Faixa contínua,,,,
2021-04-07,13:24:00,COM VÍTIMA,FINALIZADA,AFOGADOS,RUA SAO MIGUEL,3,436,,EM FRENTE AO POSTO DISLUB / TRAVESSA SÃO MIGUEL 01,,,,AFOGADOS,COLISÃO TRASEIRA,,0,1,0,0,0,0,0,1,0,1,0,,SUBURBIO,Longo da via,Bom,Não existe,Perfeito estado,Seca,Perfeito estado,Não existe,,60 km/h,Dupla,Faixa contínua,,,,
2021-04-08,08:32:00,COM VÍTIMA,FINALIZADA,NOVA DESCOBERTA,AV NORTE,4,6717,1 TRV JUSTICA E PAZ,NO RETORNO DO POSTO SÃO SEBASTIÃO,,,,NOVA DESCOBERTA,COLISÃO LATERAL,,1,0,1,0,0,0,0,0,0,1,0,,CIDADE,,Bom,Não existe,Incompleta,Seca,Perfeito estado,Não existe,Outras,60 km/h,Dupla,Canteiro central,,,,
2021-04-08,14:18:00,COM VÍTIMA,FINALIZADA,JARDIM SAO PAULO,AV PIRACICABA,3,801,,E/F AO ARMAZEM  DE VALERIA,,,,JARDIM SÃO PAULO,COLISÃO FRONTAL,,1,1,0,0,0,1,0,0,0,1,0,,,,,,,,,,,,,,,,,
2021-04-08,20:39:00,COM VÍTIMA,FINALIZADA,AFOGADOS,RUA VINTE E UM DE ABRIL,0,,RUA JOSUE PEREIRA,E/F AO CLUBE FERROVIARIO,,,,AFOGADOS,COLISÃO LATERAL,,1,1,0,0,0,0,0,0,0,2,0,,SUBURBIO,Longo da via,Bom,Sem defeito,Perfeito estado,Seca,Perfeito estado,,Não há placas,30 km/h,Dupla,Não existe,,,,
2021-04-09,09:31:00,COM VÍTIMA,FINALIZADA,IMBIRIBEIRA,AV MARECHAL MASCARENHAS DE MORAES,0,,RUA JALISCO,EM FRENTE AO GERALDÃO,,,,IMBIRIBEIRA,COLISÃO TRASEIRA,,2,0,1,0,0,0,1,0,0,1,0,290,CIDADE,Cruzamento,Bom,Sem defeito,Perfeito estado,Seca,Perfeito estado,Faixa de pedestre,Outras,60 km/h,Única,Faixa contínua,,,,
2021-04-09,18:20:00,COM VÍTIMA,FINALIZADA,BOA VIAGEM,RUA RIBEIRO DE BRITO,2,40,,ANTES DA SUBIDA DO VIADUTO TANCREDO NEVES,,,,BOA VIAGEM,ATROPELAMENTO DE PESSOA,,0,1,0,0,1,0,0,0,0,1,0,,,Longo da via,Chuvoso,,,Molhada,Perfeito estado,,Não há placas,,Única,Faixa contínua,Faixa seccionada,,,
2021-04-10,06:45:00,COM VÍTIMA,FINALIZADA,MADALENA,RUA BENFICA,0,,AV VISCONDE DE ALBUQUERQUE,EM FRENTE AO BOM PREÇO E POSTO EXTRA,,,,MADALENA,COLISÃO LATERAL,,0,3,0,0,0,0,0,0,0,1,0,51,,Cruzamento,Chuvoso,Sem defeito,Perfeito estado,Molhada,Perfeito estado,Faixa de pedestre,Não há placas,,Dupla,Não existe,,,,
2021-04-10,07:10:00,COM VÍTIMA,FINALIZADA,ROSARINHO,AV NORTE,0,,AV SANTOS DUMONT,PRÓXIMO À PADARIA ROSARINHO,,,,ROSARINHO,COLISÃO TRANSVERSAL,,0,1,0,0,0,0,0,1,0,1,0,,SUBURBIO,Cruzamento,Bom,Sem defeito,Perfeito estado,Molhada,Perfeito estado,Faixa de pedestre,Outras,,Dupla,,,,,
2021-04-10,19:55:00,COM VÍTIMA,FINALIZADA,CASA FORTE,AV DEZESSETE DE AGOSTO,0,,RUA LAURINDO COELHO,E/F A CAOA CHERY,,,,CASA FORTE,COLISÃO TRANSVERSAL,,1,1,0,0,0,0,0,0,0,1,0,,SUBURBIO,Esquina,Chuvoso,Não existe,Perfeito estado,Molhada,Perfeito estado,Não existe,Não há placas,40 km/h,Dupla,Faixa contínua,,,,