data,hora,natureza_acidente,situacao,bairro,endereco,,numero,detalhe_endereco_acidente,complemento,endereco_cruzamento,numero_cruzamento,referencia_cruzamento,bairro_cruzamento,tipo,descricao,auto,moto,ciclom,ciclista,pedestre,onibus,caminhao,viatura,outros,vitimas,vitimasfatais,num_semaforo,sentido_via,acidente_verificado,tempo_clima,situacao_semaforo,sinalizacao,condicao_via,conservacao_via,ponto_controle,situacao_placa,velocidade_max_via,mao_direcao,divisao_via1,divisao_via2,divisao_via3,_id,Protocolo
2021-04-11,17:16:00,COM VÍTIMA,FINALIZADA,PINA,AV REPUBLICA ARABE UNIDA,3,165,RUA NOGUEIRA DE SOUZA,EM FRENTE AO EDF. SÃO CAETANO,,,,PINA,COLISÃO LATERAL,,2,0,0,0,0,0,0,0,0,3,0,658,,Cruzamento,Chuvoso,Desligado,Perfeito estado,Molhada,Perfeito estado,Faixa de pedestre,Outras,,Única,Faixa seccionada,,,,
2021-04-11,22:02:40,COM VÍTIMA,FINALIZADA,BOA VIAGEM,AV CONSELHEIRO AGUIAR,4,1275,RUA BALTAZAR PEREIRA,AO LADO DO PORPINO HAMBURGUERIA  EM FRENTE A CASA DE DISIGN MÓVEIS PERSONALIZADOS,,,,BOA VIAGEM,COLISÃO FRONTAL,,0,2,0,0,0,0,0,0,0,2,0,,CIDADE,Cruzamento,Chuvoso,Não existe,Perfeito estado,Molhada,Perfeito estado,Não existe,Não há placas,,Única,Faixa seccionada,,,,
2021-04-12,07:48:00,COM VÍTIMA,FINALIZADA,SANTO AMARO,RUA TREZE DE MAIO,0,,RUA DOS PALMARES,,,,,SANTO AMARO,COLISÃO TRANSVERSAL,,1,1,0,0,0,0,0,0,0,1,0,30,SUBURBIO,Cruzamento,Bom,Sem defeito,Perfeito estado,Seca,Perfeito estado,Faixa de pedestre,R-4a,,Única,Faixa contínua,,,,
2021-04-12,12:27:00,COM VÍTIMA,FINALIZADA,MADALENA,AV ENGENHEIRO ABDIAS DE CARVALHO,0,,RUA JOAO IVO DA SILVA,LADO OPOSTO AO HABIB´S/  SENTIDO CIDADE,,,,MADALENA,COLISÃO LATERAL,,1,1,0,0,0,0,0,0,0,1,0,132,CIDADE,Cruzamento,Bom,Sem defeito,Perfeito estado,Seca,Perfeito estado,Faixa de pedestre,Outras,60 km/h,Dupla,Canteiro central,,,,
2021-04-12,16:18:00,COM VÍTIMA,FINALIZADA,DERBY,AV GOVERNADOR AGAMENON MAGALHAES,0,,RUA JOAQUIM NABUCO,AO LADO DO HOSPITAL DA RESTAURAÇÃO,,,,DERBY,COLISÃO TRANSVERSAL,,1,1,0,0,0,0,0,0,0,1,0,174,SUBURBIO,Cruzamento,Bom,Sem defeito,Perfeito estado,Seca,Perfeito estado,Faixa de pedestre,Outras,60 km/h,Dupla,Canal,,,,
2021-04-12,21:06:40,COM VÍTIMA,FINALIZADA,CAMPO GRANDE,AV GOVERNADOR AGAMENON MAGALHAES,0,,RUA ODORICO MENDES,E/F A CENTRAL DE FLAGRANTES,,,,CAMPO GRANDE,ATROPELAMENTO DE PESSOA,,0,1,0,0,1,0,0,0,0,2,0,49,CIDADE,Cruzamento,Bom,Sem defeito,Perfeito estado,Seca,Perfeito estado,Faixa de pedestre,,60 km/h,Dupla,Canal,,,,
2021-04-13,12:57:00,COM VÍTIMA,FINALIZADA,RECIFE,AV MILITAR,0,,AV MILITAR,,,,,BAIRRO DO RECIFE,ATROPELAMENTO DE PESSOA,,1,0,0,0,1,0,0,0,0,1,0,436,SUBURBIO,Cruzamento,Bom,Sem defeito,Perfeito estado,Seca,Perfeito estado,Faixa de pedestre,Não há placas,40 km/h,Dupla,Canteiro central,,,,
2021-04-13,13:05:00,COM VÍTIMA,FINALIZADA,CAXANGA,AV CAXANGA,4,5013,,POSTO POTENCIAL,,,,CAXANGÁ,COLISÃO LATERAL,,1,1,0,0,0,0,0,0,0,1,0,,CIDADE,Longo da via,Bom,Não existe,Perfeito estado,Seca,Perfeito estado,Não existe,Não há placas,60 km/h,Única,Faixa seccionada,,,,
2021-04-13,16:57:00,COM VÍTIMA,FINALIZADA,MADALENA,AV JOSE GONCALVES DE MEDEIROS,3,118,RUA PROFESSOR BENEDITO MONTEIRO,PRÓX AO EXTRA,,,,MADALENA,COLISÃO LATERAL,,1,1,0,0,0,0,0,0,0,1,0,,SUBURBIO,Longo da via,Bom,Não existe,Perfeito estado,Seca,Perfeito estado,Não existe,Não há placas,,Dupla,Faixa contínua,,,,
2021-04-14,07:52:00,COM VÍTIMA,FINALIZADA,SAO JOSE,PRC DAS CINCO PONTAS,0,,,DESCIDA DO VIADUTO,,,,SÃO JOSÉ,COLISÃO LATERAL,,0,0,0,0,0,0,0,0,0,1,0,,CIDADE,,,,,,,,,,,,,,,
2021-04-14,12:46:00,COM VÍTIMA,FINALIZADA,CASA FORTE,AV DEZESSETE DE AGOSTO,9,1961/1986,,LADO OPOSTO AO CNA,,,,CASA FORTE,COLISÃO FRONTAL,,1,1,0,0,0,0,0,0,0,1,0,,SUBURBIO,Longo da via,Chuvoso,Não existe,Perfeito estado,Molhada,Perfeito estado,Não existe,Não há placas,40 km/h,Dupla,Faixa contínua,,,,
2021-04-14,12:48:00,COM VÍTIMA,FINALIZADA,SANTO AMARO,RUA TREZE DE MAIO,3,322,AV DA SAUDADE,PROXIMO AO CEMITERIO E A UNINASSAU,,,,SANTO AMARO,COLISÃO LATERAL,,1,1,0,0,0,0,0,0,0,1,0,428,SUBURBIO,Cruzamento,Chuvoso,Sem defeito,Perfeito estado,Seca,Perfeito estado,Não existe,Não há placas,40 km/h,Dupla,Faixa contínua,,,,
2021-04-14,17:07:00,COM VÍTIMA,FINALIZADA,BOMBA DO HEMETERIO,RUA JACOB,0,,,EM FRENTE A UPINHA,,,,BOMBA DO HEMETÉRIO,COLISÃO LATERAL,,1,1,0,0,0,0,0,0,0,1,0,,SUBURBIO,Cruzamento,Chuvoso,Não existe,Não existente,Molhada,Mal iluminada,Não existe,Não há placas,,Dupla,Não existe,,,,
2021-04-14,19:45:00,COM VÍTIMA,FINALIZADA,SAO JOSE,RUA IMPERIAL,4,1600,RUA LOURENCO DE SA,E/F A JUCEPE,,,,SÃO JOSÉ,ATROPELAMENTO DE PESSOA,,1,0,0,0,1,0,0,0,0,1,0,87,,Cruzamento,Bom,Sem defeito,Perfeito estado,Seca,Perfeito estado,Faixa de pedestre,Não há placas,,Única,Faixa contínua,,,,
2021-04-15,07:52:00,COM VÍTIMA,FINALIZADA,PINA,AV ANTONIO DE GOES,0,,,LADO OPOSTO A ALIANZ,,,,PINA,COLISÃO TRASEIRA,,1,0,0,0,0,0,1,0,0,1,0,538,CIDADE,Longo da via,Bom,Sem defeito,Perfeito estado,Seca,Perfeito estado,Faixa de pedestre,R-6a,60 km/h,Única,Faixa contínua,,,,
2021-04-15,15:43:00,COM VÍTIMA,FINALIZADA,IPSEP,AV RECIFE,3,105,,PROX AO AMEREICA FILME EQUIPADORA,,,,IPSEP,COLISÃO TRASEIRA,,1,1,0,0,0,0,0,0,0,1,0,393,,Longo da via,Chuvoso,Sem defeito,Perfeito estado,Molhada,Perfeito estado,Faixa de pedestre,Outras,60 km/h,Dupla,Faixa seccionada,Canteiro central,,,
2021-04-15,16:00:00,COM VÍTIMA,FINALIZADA,SAO JOSE,RUA FLORIANO PEIXOTO,4,1155,,em frente a honda,,,,SÃO JOSÉ,CHOQUE,,1,0,0,0,0,0,0,0,0,1,0,668,SUBURBIO,Longo da via,Chuvoso,Sem defeito,Perfeito estado,Molhada,Perfeito estado,Faixa de pedestre,Outras,,Única,Faixa seccionada,,,,
2021-04-16,09:56:00,COM VÍTIMA,FINALIZADA,PINA,RUA MANOEL DE BRITO,0,,,NO TUNEL,,,,PINA,COLISÃO TRASEIRA,,3,0,0,0,0,0,0,0,0,1,0,,CIDADE,Outros,Bom,Não existe,Perfeito estado,Seca,Perfeito estado,Não existe,Não há placas,60 km/h,Única,Faixa contínua,,,,
2021-04-16,14:05:00,COM VÍTIMA,FINALIZADA,PINA,AV HERCULANO BANDEIRA,3,544,,EM FRENTE AO AO MARTELINHO,,,,PINA,COLISÃO COM CICLISTA,,1,0,0,1,0,0,0,0,0,1,0,,SUBURBIO,Longo da via,Chuvoso,Não existe,Perfeito estado,Molhada,Perfeito estado,Não existe,R-6a,60 km/h,Única,Faixa seccionada,,,,
2021-04-16,16:39:00,COM VÍTIMA,FINALIZADA,BOA VISTA,AV JOAO DE BARROS,0,,,EM FRENTE A CELPE,,,,BOA VISTA,COLISÃO LATERAL,,1,1,0,0,0,0,0,0,0,1,0,,CIDADE,Longo da via,Chuvoso,Não existe,Perfeito estado,Molhada,Perfeito estado,Não existe,Não há placas,40 km/h,Única,Faixa seccionada,,,,
2021-04-17,09:57:00,COM VÍTIMA,FINALIZADA,COELHOS,PRC MIGUEL DE CERVANTES,2,60,,EM FRENTE A PRAÇA PROX AO IMIP,,,,COELHOS,COLISÃO LATERAL,,1,1,0,0,0,0,0,0,0,1,0,,CIDADE,Longo da via,Chuvoso,Não existe,Perfeito estado,Molhada,Perfeito estado,Outros,Outras,,Única,Não existe,,,,
2021-04-17,08:57:00,COM VÍTIMA,FINALIZADA,POCO,RUA SAMUEL FARIAS,3,784,AV DEZESSETE DE AGOSTO,OPOSTO EXERCITO BRASILEIRO,,,,POÇO DA PANELA,COLISÃO LATERAL,,1,1,0,0,0,0,0,0,0,1,0,,CIDADE,Esquina,Bom,Não existe,Perfeito estado,Seca,Perfeito estado,Outros,R-6a,,Dupla,Faixa contínua,Faixa seccionada,,,
2021-04-17,12:27:00,COM VÍTIMA,FINALIZADA,TORRE,AV BEIRA RIO,0,,,PRÓX À ACADEMIA DA CIDADE / PONTE DA TORRE,,,,TORRE,COLISÃO LATERAL,,2,0,0,0,0,0,0,0,0,2,0,630,,Cruzamento,Bom,Sem defeito,Perfeito estado,Seca,Perfeito estado,Outros,,40 km/h,Dupla,,,,,
2021-04-17,14:43:00,COM VÍTIMA,FINALIZADA,CAXANGA,AV CAXANGA,2,51,RUA GENERAL POLIDORO,EM FRENTE AO POSTO SHELL,,,,CAXANGÁ,COLISÃO TRASEIRA,,1,1,0,0,0,0,0,0,0,1,0,231,,Longo da via,,Sem defeito,Perfeito estado,Seca,Perfeito estado,Faixa de pedestre,Não há placas,,Dupla,Canteiro central,,,,
2021-04-18,00:17:00,COM VÍTIMA,FINALIZADA,AFOGADOS,RUA SAO MIGUEL,3,350,RUA QUITERIO INACIO DE MELLO,EM FRENTE AO BANCO DO BRASIL,,,,AFOGADOS,,,1,1,0,0,0,0,0,0,0,1,0,333,SUBURBIO,Longo da via,Bom,Sem defeito,Perfeito estado,Seca,Perfeito estado,Faixa de retenção,Outras,,Dupla,Faixa contínua,,,,
2021-04-18,09:09:00,COM VÍTIMA,FINALIZADA,MADALENA,AV BEIRA RIO,3,701,RUA JOSE OSORIO,EM FRENTE AO EDF. SOLAR DO CAPIBARIBE,,,,MADALENA,COLISÃO TRANSVERSAL,,2,0,0,0,0,0,0,0,0,1,0,987,,Cruzamento,Bom,Sem defeito,Perfeito estado,Seca,Perfeito estado,Faixa de pedestre,R-6c,,Dupla,,,,,
2021-04-18,10:00:00,COM VÍTIMA,FINALIZADA,BOA VIAGEM,RUA BALTAZAR PASSOS,3,310,,PROX. A PAN JOVEM,,,,BOA VIAGEM,COLISÃO TRASEIRA,,2,0,0,0,0,0,0,0,0,3,0,,SUBURBIO,Longo da via,Chuvoso,Não existe,,Molhada,Perfeito estado,Não existe,Não há placas,40 km/h,Única,Não existe,,,,
2021-04-18,15:49:00,VÍTIMA FATAL,FINALIZADA,IPSEP,AV RECIFE,4,3021,RUA JEAN EMILE FAVRE,PX AO POSTO FEDERAL  SENTIDO BOA VIAGEM,,,,IPSEP,COLISÃO TRASEIRA,,1,0,0,0,0,0,1,0,0,1,1,,SUBURBIO,Longo da via,Chuvoso,Não existe,Perfeito estado,Molhada,Perfeito estado,Não existe,Não há placas,60 km/h,Dupla,Canteiro central,,,,
2021-04-19,10:32:00,COM VÍTIMA,FINALIZADA,GRACAS,AV CONS ROSA E SILVA,3,347,,EM FRENTE AO HOSPITAL DOS SERVIDORES,,,,GRAÇAS,COLISÃO LATERAL,,1,1,0,0,0,0,0,0,0,1,0,309,SUBURBIO,Longo da via,Chuvoso,Sem defeito,Perfeito estado,Molhada,Perfeito estado,Não existe,R-6a,,Única,Faixa seccionada,,,,
2021-04-19,17:03:00,COM VÍTIMA,FINALIZADA,CORDEIRO,AV PROFESSOR ESTEVAO FRANCISCO DA COSTA,0,,RUA PARANAI,PROX AO HOSPITAL VETERINARIO,,,,CORDEIRO,COLISÃO FRONTAL,,1,1,0,0,0,0,0,0,0,1,0,,,Longo da via,Bom,Não existe,,Seca,,Não existe,Não há placas,,Dupla,Não existe,,,,
2021-04-19,18:26:00,COM VÍTIMA,FINALIZADA,BOA VISTA,RUA AURORA,0,,PTE PRINCESA IZABEL,DELEGACIA DA POLICIA CIVIL,,,,BOA VISTA,COLISÃO COM CICLISTA,,0,0,0,1,0,1,0,0,0,1,0,,SUBURBIO,Cruzamento,Chuvoso,Sem defeito,Perfeito estado,Molhada,Perfeito estado,Faixa de pedestre,Não há placas,60 km/h,Única,Faixa contínua,,,,
2021-04-19,18:32:00,COM VÍTIMA,FINALIZADA,RECIFE,AV MILITAR,0,,,TERMINAL MORITINO DE PASSAGEM MECY DA SIVA CAMPOS,,,,BAIRRO DO RECIFE,COLISÃO TRASEIRA,,1,1,0,0,0,0,0,0,0,1,0,,SUBURBIO,Longo da via,Bom,Não existe,Perfeito estado,Seca,Perfeito estado,Não existe,Não há placas,,Única,Faixa seccionada,,,,
2021-04-19,18:56:00,COM VÍTIMA,FINALIZADA,ARRUDA,AV BEBERIBE,0,,RUA DAS MOCAS,EM FRENTE AO ARMAZEM CORAL,,,,ARRUDA,COLISÃO COM CICLISTA,,1,0,0,1,0,0,0,0,0,1,0,,,Cruzamento,Chuvoso,Não existe,Perfeito estado,Molhada,Perfeito estado,Faixa de pedestre,Placas Pare,,Dupla,Faixa seccionada,,,,
2021-04-19,19:00:00,COM VÍTIMA,FINALIZADA,IMBIRIBEIRA,AV MARECHAL MASCARENHAS DE MORAES,0,,AV PINHEIROS,PRÓXIMO  AO POSTO IPIRANGA,,,,IMBIRIBEIRA,COLISÃO COM CICLISTA,,0,1,0,1,0,0,0,0,0,1,0,,SUBURBIO,Cruzamento,Chuvoso,Sem defeito,Perfeito estado,Molhada,Perfeito estado,Faixa de pedestre,Não há placas,,Dupla,Faixa seccionada,Canteiro central,,,
2021-04-20,07:05:00,COM VÍTIMA,FINALIZADA,SAN MARTIN,AV GENERAL SAN MARTIN,4,2066,,PROBX. A LOMBADA ELETRONICA E A PRAÇA,,,,SAN MARTIN,COLISÃO TRASEIRA,,1,1,0,0,0,0,0,0,0,1,0,,CIDADE,Longo da via,Bom,Não existe,Incompleta,Seca,Perfeito estado,Não existe,Não há placas,,Dupla,Faixa contínua,,,,
2021-04-20,08:24:00,COM VÍTIMA,FINALIZADA,MADALENA,RUA BENFICA,4,1103,RUA MONSENHOR JULIO MARIA,LADO OPOSTO AO MARTELINHO DE OURO,,,,MADALENA,ATROPELAMENTO DE PESSOA,,1,0,0,0,1,0,0,0,0,1,0,,CIDADE,Longo da via,Bom,Não existe,Perfeito estado,Seca,Perfeito estado,Não existe,,60 km/h,Dupla,Faixa contínua,Faixa seccionada,,,
2021-04-20,12:02:00,COM VÍTIMA,FINALIZADA,SANTO AMARO,AV PREFEITO ARTUR LIMA CAVALCANTI,0,,,POR TRAS DO HOSPITAL NAVAL,,,,SANTO AMARO,ATROPELAMENTO DE PESSOA,,0,0,0,0,1,0,0,0,0,1,0,,SUBURBIO,Longo da via,Bom,Não existe,Perfeito estado,Seca,Perfeito estado,Não existe,Não há placas,40 km/h,Única,Canteiro central,,,,
2021-04-20,16:07:00,COM VÍTIMA,FINALIZADA,CASA FORTE,AV DEZESSETE DE AGOSTO,0,,,PIZZA CASA FORTE,,,,CASA FORTE,CHOQUE,,1,1,0,0,0,0,0,0,0,1,0,,CIDADE,Longo da via,Bom,Sem defeito,Perfeito estado,Seca,Perfeito estado,Não existe,Outras,40 km/h,Dupla,Faixa contínua,,,,
2021-04-20,16:29:00,COM VÍTIMA,FINALIZADA,IPSEP,RUA ITAJAI,0,,RUA PAMPULHA,E/F A PADARIA PORTO  AO LADO DA CASA BLANCA  RECEPÇOES,,,,IPSEP,COLISÃO LATERAL,,1,1,0,0,0,0,0,0,0,1,0,,,Cruzamento,Bom,Não existe,Perfeito estado,Seca,Perfeito estado,,Placas Pare,,Dupla,Não existe,,,,
2021-04-20,19:04:00,COM VÍTIMA,FINALIZADA,BOA VIAGEM,AV DES JOSE NEVES,2,70,,PROX A FERREIRA PINTO,,,,BOA VIAGEM,COLISÃO TRASEIRA,,1,1,0,0,0,0,0,0,0,1,0,,CIDADE,Longo da via,Bom,Não existe,Não existente,Seca,Mal iluminada,Não existe,Não há placas,50 km/h,Única,Não existe,,,,
2021-04-21,08:49:00,COM VÍTIMA,FINALIZADA,SAO JOSE,AV SUL,0,,,E/F AO POSTO PETROBRAS,,,,SÃO JOSÉ,COLISÃO TRASEIRA,,1,1,0,0,0,0,0,0,0,1,0,311,CIDADE,Longo da via,Bom,Sem defeito,Perfeito estado,Seca,Perfeito estado,Faixa de retenção,Não há placas,,Dupla,Canteiro central,,,,
2021-04-21,13:52:00,COM VÍTIMA,FINALIZADA,BOA VIAGEM,RUA CAMBOIM,3,210,,PROX A ESTAÇÃO AEROPORTO,,,,BOA VIAGEM,COLISÃO LATERAL,,1,1,0,0,0,0,0,0,0,1,0,,,,,,,,,,,,,,,,,
2021-04-22,08:11:00,COM VÍTIMA,FINALIZADA,CAMPO GRANDE,AV PROFESSOR JOSE DOS ANJOS,2,16,,EM FRENTE A ACADEMIA DA CIDADE  SENT. PEIXINHOS,,,,CAMPO GRANDE,COLISÃO TRASEIRA,,1,1,0,0,0,0,0,0,0,1,0,,SUBURBIO,Longo da via,Bom,Não existe,Não existente,Seca,Perfeito estado,Não existe,Não há placas,,Dupla,Não existe,,,,
2021-04-22,12:43:00,COM VÍTIMA,FINALIZADA,IMBIRIBEIRA,AV MARECHAL MASCARENHAS DE MORAES,0,,,AO LADO DA MARAVILHA MOTO S/T AFOGADOS NO SEMAFORO 631,,,,IMBIRIBEIRA,COLISÃO TRASEIRA,,1,1,0,0,0,0,0,0,0,1,0,,CIDADE,Longo da via,Bom,Sem defeito,Perfeito estado,Seca,Perfeito estado,Faixa de pedestre,Não há placas,40 km/h,Única,Faixa seccionada,,,,
2021-04-22,13:07:00,COM VÍTIMA,FINALIZADA,SAO JOSE,C SANTA RITA,0,,,EM FRENTE AO SEMAFORO N 076,,,,SÃO JOSÉ,COLISÃO LATERAL,,1,1,0,0,0,0,0,0,0,1,0,76,SUBURBIO,Longo da via,Bom,Sem defeito,Perfeito estado,Seca,Mal conservada,Outros,Outras,,Dupla,Canteiro central,,,,
2021-04-22,15:07:00,COM VÍTIMA,FINALIZADA,IMBIRIBEIRA,AV MARECHAL MASCARENHAS DE MORAES,0,,,OPOSTO AO IBIS HOTEL,,,,IMBIRIBEIRA,COLISÃO COM CICLISTA,,0,0,0,1,0,1,0,0,0,1,0,,CIDADE,Longo da via,Bom,Sem defeito,Perfeito estado,Seca,Perfeito estado,Não existe,Outras,60 km/h,Única,Faixa contínua,,,,
2021-04-22,18:22:00,COM VÍTIMA,FINALIZADA,SAO JOSE,C SANTA RITA,0,,,SEMÁFORO 076,,,,SÃO JOSÉ,COLISÃO TRASEIRA,,0,0,0,0,0,0,0,0,0,1,0,76,SUBURBIO,Longo da via,Bom,Sem defeito,Incompleta,Seca,Mal conservada,Outros,Outras,,Dupla,Canteiro central,,,,
2021-04-23,07:10:00,COM VÍTIMA,FINALIZADA,CASA AMARELA,RUA ANTONIO DE CASTRO,2,94,,EM FRENTE AO CONDOMINIO EDF TURMALINA E AO SALÃO CRIS HAIR,,,,CASA AMARELA,COLISÃO FRONTAL,,1,1,0,0,0,0,0,0,0,1,0,,,Longo da via,Bom,Não existe,Ilegível,Seca,Perfeito estado,Outros,Não há placas,,Única,Não existe,,,,
2021-04-23,16:13:00,COM VÍTIMA,FINALIZADA,SANTO AMARO,AV GOVERNADOR AGAMENON MAGALHAES,0,,,EM FRENTE AO MINISTERIO DO TRABALHO,,,,SANTO AMARO,COLISÃO LATERAL,,1,1,0,0,0,0,0,0,0,1,0,108,,Longo da via,Bom,Sem defeito,Perfeito estado,Seca,Perfeito estado,Faixa de pedestre,Outras,60 km/h,Dupla,Canal,Faixa seccionada,Canteiro central,,
2021-04-23,16:16:00,COM VÍTIMA,FINALIZADA,ESTANCIA,AV RECIFE,4,5630,AV JOAO CABRAL DE MELO NETO,BAR ESQUINA DO GALETO,,,,ESTÂNCIA,COLISÃO LATERAL,,1,1,0,0,0,0,0,0,0,1,0,5631,SUBURBIO,Cruzamento,Bom,Sem defeito,Perfeito estado,Seca,Perfeito estado,Faixa de pedestre,Não há placas,,Dupla,Canteiro central,,,,
2021-04-23,16:32:00,COM VÍTIMA,FINALIZADA,BOA VISTA,RUA DOM BOSCO,0,,,EM FRENTE AO POSTO BR,,,,BOA VISTA,ATROPELAMENTO DE PESSOA,,1,0,0,0,1,0,0,0,0,1,0,,SUBURBIO,Longo da via,Bom,Sem defeito,Perfeito estado,Seca,Perfeito estado,Faixa de pedestre,,,Única,Faixa contínua,,,,
2021-04-23,20:19:00,COM VÍTIMA,FINALIZADA,AGUA FRIA,RUA DA REGENERACAO,3,333,RUA BOM CONSELHO,PRÓX A CASA DE FERRAGENS JOSÉ LUIZ FONSECA E FILHOS,,,,ÁGUA FRIA,COLISÃO FRONTAL,,1,1,0,0,0,0,0,0,0,2,0,,,Cruzamento,Bom,Não existe,Perfeito estado,Seca,,Não existe,Não há placas,,Dupla,Não existe,,,,
2021-04-23,21:27:40,COM VÍTIMA,FINALIZADA,BOA VIAGEM,RUA VISCONDE DE JEQUITINHONHA,0,,RUA BALTAZAR PASSOS,APÓS O PARQUE DONA LINDU  FAIXA DA ESQUERDA,,,,BOA VIAGEM,COLISÃO TRASEIRA,,0,2,0,0,0,0,0,0,0,3,0,154,SUBURBIO,Longo da via,Bom,Sem defeito,Perfeito estado,Seca,Perfeito estado,Faixa de pedestre,Não há placas,,Única,Faixa seccionada,Canteiro central,,,
2021-04-24,09:14:00,COM VÍTIMA,FINALIZADA,SANTO AMARO,AV GOVERNADOR AGAMENON MAGALHAES,4,1330,,SINISTRO SOB O SEMAFORO N° 379,,,,SANTO AMARO,COLISÃO TRASEIRA,,0,2,0,0,0,0,0,0,0,1,0,379,,Longo da via,Bom,Sem defeito,Perfeito estado,Seca,Perfeito estado,Outros,Outras,60 km/h,Dupla,Canteiro central,Canal,,,
2021-04-24,10:08:00,COM VÍTIMA,FINALIZADA,IBURA,AV DOM HELDER CAMARA,3,360,,100 METROS DO NUCLEO DA POLICIA DO IBURA,,,,IBURA,COLISÃO TRASEIRA,,1,1,0,0,0,0,0,0,0,1,0,,CIDADE,Longo da via,Bom,Não existe,Incompleta,Seca,Perfeito estado,Não existe,Não há placas,,Dupla,Canteiro central,,,,
2021-04-24,14:49:00,COM VÍTIMA,FINALIZADA,IMBIRIBEIRA,RUA PAMPULHA,3,160,RUA ITAJAI,E/F A CASA BRANCA RECEPÇOES,,,,IMBIRIBEIRA,COLISÃO FRONTAL,,1,1,0,0,0,0,0,0,0,1,0,,,Cruzamento,Bom,Não existe,Perfeito estado,Seca,Perfeito estado,Não existe,Placas Pare,60 km/h,Única,Faixa seccionada,,,,
2021-04-24,16:15:00,COM VÍTIMA,FINALIZADA,CAMPO GRANDE,RUA JERONIMO VILELA,3,574,,E/F  AO CAMPO VITAL,,,,CAMPO GRANDE,COLISÃO LATERAL,,1,1,0,0,0,0,0,0,0,1,0,,,,,,,,,,,,,,,,,
2021-04-24,21:49:40,COM VÍTIMA,FINALIZADA,VASCO DA GAMA,RUA VASCO DA GAMA,4,5785,RUA RESPLENDOR,E/F A ESCOLA MUNICIPAL PROF ADERBAL GALVÃO,,,,VASCO DA GAMA,COLISÃO FRONTAL,,1,1,0,0,0,0,0,0,0,1,0,,CIDADE,Esquina,Bom,Não existe,Incompleta,Seca,Perfeito estado,Não existe,R-6a,30 km/h,Dupla,Não existe,,,,
2021-04-25,21:05:40,COM VÍTIMA,FINALIZADA,IPUTINGA,AV CAXANGA,0,,RUA RODRIGUES FERREIRA,PRÓX A UPA DA CAXANGÁ // PRÓX A ASSEMBLÉIA DE DEUS   SENTIDO CAMARAGIBE,,,,IPUTINGA,COLISÃO TRASEIRA,,1,1,0,0,0,0,0,0,0,1,0,232,,Cruzamento,Bom,Sem defeito,Perfeito estado,Seca,Perfeito estado,Faixa de pedestre,Não há placas,,Dupla,Faixa seccionada,Canteiro central,,,
2021-04-26,10:19:00,COM VÍTIMA,FINALIZADA,IMBIRIBEIRA,AV GENERAL MAC ARTHUR,0,,RUA JORGE DE LIMA,PROX. DA ESTAÇÃO ANTONIO FALCÃO,,,,IMBIRIBEIRA,COLISÃO COM CICLISTA,,1,0,0,1,0,0,0,0,0,1,0,402,,Cruzamento,Bom,Sem defeito,Perfeito estado,Seca,Perfeito estado,Faixa de pedestre,R-6a,,Única,Faixa contínua,Faixa seccionada,,,
2021-04-26,11:34:00,COM VÍTIMA,FINALIZADA,IMBIRIBEIRA,AV MARECHAL MASCARENHAS DE MORAES,4,2100,RUA PAMPULHA,E/F A CONCESSIONÁRIA RENAULT (SENT. AEROPORTO),,,,IMBIRIBEIRA,COLISÃO LATERAL,,1,1,0,0,0,0,0,0,0,1,0,534,SUBURBIO,Cruzamento,Bom,Sem defeito,Perfeito estado,Seca,Perfeito estado,Faixa de pedestre,Não há placas,,Dupla,Canteiro central,,,,