data,hora,natureza_acidente,situacao,bairro,endereco,,numero,detalhe_endereco_acidente,complemento,endereco_cruzamento,numero_cruzamento,referencia_cruzamento,bairro_cruzamento,tipo,descricao,auto,moto,ciclom,ciclista,pedestre,onibus,caminhao,viatura,outros,vitimas,vitimasfatais,num_semaforo,sentido_via,acidente_verificado,tempo_clima,situacao_semaforo,sinalizacao,condicao_via,conservacao_via,ponto_controle,situacao_placa,velocidade_max_via,mao_direcao,divisao_via1,divisao_via2,divisao_via3,_id,Protocolo
2021-04-26,12:31:00,COM VÍTIMA,FINALIZADA,CURADO,AV PREFEITO ANTONIO PEREIRA,3,155,RUA DR GEORGE WILLIAM BUTLER,APOS A COPARC  PROX AO TIP  S/T TIP,,,,CURADO,COLISÃO LATERAL,,1,1,0,0,0,1,0,0,0,2,0,,,Cruzamento,Bom,Sem defeito,Perfeito estado,Seca,Perfeito estado,Não existe,Não há placas,,Dupla,Faixa contínua,,,,
2021-04-26,13:06:00,COM VÍTIMA,FINALIZADA,BOA VIAGEM,AV BOA VIAGEM,0,,,SOB SEMAFORO 555,,,,BOA VIAGEM,COLISÃO FRONTAL,,1,1,0,0,0,0,0,0,0,1,0,555,CIDADE,Esquina,Bom,Sem defeito,Perfeito estado,Seca,Perfeito estado,Faixa de pedestre,Outras,,Única,Não existe,,,,
2021-04-26,17:59:00,COM VÍTIMA,FINALIZADA,ARRUDA,AV PROFESSOR JOSE DOS ANJOS,0,,AV BEBERIBE,EM FRENTE AO BOMPREÇO DO ARRUDA / SEMÁFORO 131,,,,ARRUDA,COLISÃO COM CICLISTA,,0,0,0,1,0,0,1,0,0,1,0,131,CIDADE,Cruzamento,Bom,Sem defeito,Perfeito estado,Seca,Perfeito estado,Outros,Outras,40 km/h,Única,Faixa seccionada,,,,
2021-04-27,07:57:00,COM VÍTIMA,FINALIZADA,MADALENA,RUA REAL DA TORRE,0,,RUA JOSE OSORIO,CRUZAMENTO,,,,MADALENA,COLISÃO TRASEIRA,,1,1,0,0,0,0,0,0,0,1,0,179,SUBURBIO,Cruzamento,Bom,Sem defeito,Perfeito estado,Seca,Perfeito estado,Agente,Não há placas,,Única,Faixa seccionada,,,,
2021-04-27,08:27:00,COM VÍTIMA,FINALIZADA,IPSEP,AV RECIFE,4,3009,RUA ADOLFO FARO,ANTIGO POSTO FEDERAL,,,,IPSEP,COLISÃO TRASEIRA,,0,1,0,0,0,0,1,0,0,1,0,,CIDADE,Cruzamento,Bom,Não existe,Perfeito estado,Seca,Perfeito estado,Não existe,Não há placas,,Dupla,Faixa contínua,Faixa seccionada,Canteiro central,,
2021-04-27,08:55:00,COM VÍTIMA,FINALIZADA,MADALENA,RUA DEMOCRITO DE SOUZA FILHO,3,335,,EM FRENTE AO EMPRESARIAL GREEN TOWER,,,,MADALENA,COLISÃO COM CICLISTA,,1,0,0,1,0,0,0,0,0,1,0,,,Longo da via,Bom,Não existe,Perfeito estado,Seca,Perfeito estado,Não existe,R-6a,,Única,Não existe,,,,
2021-04-27,19:54:00,COM VÍTIMA,FINALIZADA,MADALENA,EST DOS REMEDIOS,0,,AV JOSE GONCALVES DE MEDEIROS,EM FRENTE A POLICLINICA LESSA DE ANDRADE,,,,MADALENA,COLISÃO LATERAL,,0,1,0,0,0,0,0,1,0,1,0,353,,Cruzamento,Bom,Sem defeito,Perfeito estado,Seca,Perfeito estado,Faixa de pedestre,,,Única,Não existe,,,,
2021-04-28,09:30:00,COM VÍTIMA,FINALIZADA,TAMARINEIRA,RUA PADRE ROMA,1,1,AV CONS ROSA E SILVA,COMEDORIA DA PIZZA,,,,TAMARINEIRA,COLISÃO TRANSVERSAL,,1,1,0,0,0,0,0,0,0,1,0,61,SUBURBIO,Longo da via,Chuvoso,Sem defeito,Perfeito estado,Molhada,Perfeito estado,Faixa de pedestre,R-4b,,Dupla,Faixa contínua,Canteiro central,,,
2021-04-28,18:09:00,COM VÍTIMA,FINALIZADA,CASA FORTE,AV DEZESSETE DE AGOSTO,0,,RUA PIAUI,SEMÁFORO 251 / PRÓX AO HOSP EMILIO DE MORAES,,,,CASA FORTE,COLISÃO LATERAL,,1,1,0,0,0,0,0,0,0,1,0,251,CIDADE,Cruzamento,Bom,Sem defeito,Perfeito estado,Seca,Perfeito estado,Não existe,,,Dupla,Faixa contínua,,,,
2021-04-28,19:00:00,COM VÍTIMA,FINALIZADA,CASA AMARELA,AV NORTE,4,5359,,ESCOLA SOZEMAR DE MACEDIE LIMA,,,,CASA AMARELA,COLISÃO FRONTAL,,1,1,0,0,0,0,0,0,0,1,0,,CIDADE,Longo da via,Bom,Não existe,Ilegível,Seca,Mal conservada,Não existe,,,Única,Não existe,,,,
2021-04-29,19:29:00,COM VÍTIMA,FINALIZADA,BOA VIAGEM,AV ENGENHEIRO DOMINGOS FERREIRA,4,2869,,PROXIMO DO BANCO DO NORDESTE  FAIXA DA ESQUERDA,,,,BOA VIAGEM,COLISÃO TRASEIRA,,3,1,0,0,0,0,0,0,0,1,0,,SUBURBIO,Longo da via,Bom,Não existe,Perfeito estado,Seca,Perfeito estado,Não existe,Não há placas,,Dupla,Canteiro central,,,,
2021-04-29,21:27:40,COM VÍTIMA,FINALIZADA,SAO JOSE,RUA IMPERIAL,3,222,RUA BOM SUCESSO,EM FRENTE AO NUMERO 222,,,,SÃO JOSÉ,COLISÃO LATERAL,,2,0,0,0,0,0,0,0,0,2,0,,SUBURBIO,Cruzamento,Bom,Não existe,Perfeito estado,Seca,Perfeito estado,Não existe,Não há placas,,Única,Faixa seccionada,,,,
2021-04-30,08:08:00,COM VÍTIMA,FINALIZADA,CASA AMARELA,RUA CONS NABUCO,3,325,,PROXIMO A ESCOLA BRINQUEDOS E BRINCADEIRAS,,,,CASA AMARELA,COLISÃO FRONTAL,,1,1,0,0,0,0,0,0,0,1,0,,,Longo da via,Chuvoso,Não existe,Perfeito estado,Molhada,Perfeito estado,Não existe,R-6a,,Dupla,Não existe,,,,
2021-04-30,11:59:00,COM VÍTIMA,FINALIZADA,CORDEIRO,RUA GOMES TABORDA,3,948,,EM FRENTE A HENRIQUE CELL,,,,CORDEIRO,ATROPELAMENTO DE PESSOA,,0,1,0,0,1,0,0,0,0,1,0,,CIDADE,Longo da via,Chuvoso,Não existe,Perfeito estado,Molhada,Perfeito estado,Não existe,Não há placas,30 km/h,Dupla,Faixa seccionada,,,,
2021-04-30,16:10:00,COM VÍTIMA,FINALIZADA,SITIO DOS PINTOS,RUA MANUEL DE MEDEIROS,2,17,,EM FRENTE UFRPE CCEAGRI,,,,SÍTIO DOS PINTOS,COLISÃO LATERAL,,1,1,0,0,0,0,0,0,0,1,0,,SUBURBIO,Longo da via,Chuvoso,Não existe,Perfeito estado,Seca,Mal conservada,Não existe,R-19,30 km/h,Dupla,Não existe,,,,
2021-04-30,18:19:00,COM VÍTIMA,FINALIZADA,CASA AMARELA,AV NORTE,4,2519,,E/F AO NUCLEO DE CASA AMARELA  SNT CID,,,,CASA AMARELA,QUEDA,,1,1,0,0,0,0,0,0,0,1,0,,CIDADE,Longo da via,Bom,Não existe,Perfeito estado,Seca,Mal iluminada,Outros,Outras,,Dupla,Canteiro central,,,,
2021-04-30,19:29:00,COM VÍTIMA,FINALIZADA,CABANGA,PRC GOVERNADOR PAULO GUERRA,0,,PTE GOVERNADOR PAULO GUERRA,LARGO DO CABANGA - SENTIDO BOA VIAGEM - APÓS A LOMBADA ELETRÔNICA - NA CABECEIRA DA PONTE ESTAIADA,,,,CABANGA,ATROPELAMENTO DE PESSOA,,0,1,0,0,1,0,0,0,0,1,0,662,SUBURBIO,Longo da via,Bom,Sem defeito,Perfeito estado,Seca,Perfeito estado,Não existe,,60 km/h,,Faixa contínua,,,,
2021-05-01,13:01:00,COM VÍTIMA,FINALIZADA,TOTO,AV LIBERDADE,0,,,EM FRENTE AO CEMITERIO PARQUE DA FLORES,,,,TOTÓ,COLISÃO COM CICLISTA,,1,0,0,1,0,0,0,0,0,1,0,,SUBURBIO,Longo da via,Bom,Sem defeito,Perfeito estado,Seca,Perfeito estado,Não existe,Não há placas,,Dupla,Faixa contínua,,,,
2021-05-01,13:16:00,COM VÍTIMA,FINALIZADA,ENCRUZILHADA,AV NORTE,0,,AV SANTOS DUMONT,PAMELA  ROSARINHO,,,,ENCRUZILHADA,COLISÃO LATERAL,,1,0,0,0,0,0,0,0,0,1,0,81,CIDADE,Cruzamento,Nublado,Sem defeito,Perfeito estado,Seca,Perfeito estado,Faixa de pedestre,Outras,,Única,Canteiro central,,,,
2021-05-01,14:45:00,COM VÍTIMA,FINALIZADA,BOA VIAGEM,AV ENGENHEIRO DOMINGOS FERREIRA,4,2571,RUA PROFESSOR JOSE BRANDAO,FARMÁCIA INDEPENDENTE,,,,BOA VIAGEM,COLISÃO LATERAL,,1,1,0,0,0,0,0,0,0,1,0,550,,Longo da via,Bom,Sem defeito,Perfeito estado,Seca,Perfeito estado,Faixa de pedestre,Não há placas,,Única,Faixa seccionada,,,,
2021-05-01,14:59:00,COM VÍTIMA,FINALIZADA,APIPUCOS,RUA DE APIPUCOS,4,1200,,PROX AO BPM DO GATI / NO SEMAFORO 248,,,,APIPUCOS,ATROPELAMENTO DE PESSOA,,1,0,0,0,1,0,0,0,0,1,0,248,CIDADE,Longo da via,Bom,Sem defeito,Perfeito estado,Seca,Perfeito estado,Faixa de pedestre,Outras,,Dupla,Faixa contínua,,,,
2021-05-02,12:58:00,COM VÍTIMA,FINALIZADA,IMBIRIBEIRA,AV MARECHAL MASCARENHAS DE MORAES,3,943,,E/F A GRILLO HOME DECOR S/T CID,,,,IMBIRIBEIRA,COLISÃO TRASEIRA,,1,1,0,0,0,0,0,0,0,1,0,,,Longo da via,Chuvoso,Sem defeito,Perfeito estado,Molhada,Perfeito estado,Não existe,Outras,,Dupla,Faixa contínua,Faixa seccionada,Canteiro central,,
2021-05-02,17:51:00,COM VÍTIMA,FINALIZADA,BONGI,RUA APARECIDA DE MINAS,2,53,,POR TRÁS DA CELPE,,,,BONGI,CHOQUE,,1,1,0,0,0,0,0,0,0,1,0,,SUBURBIO,Longo da via,Bom,Não existe,Não existente,Seca,Perfeito estado,Não existe,Não há placas,,Dupla,Não existe,,,,
2021-05-02,18:05:00,COM VÍTIMA,FINALIZADA,MADALENA,RUA LOPES DE CARVALHO,3,401,AV VISCONDE DE ALBUQUERQUE,PRÓX AO BAR AMADALENA E ASTRAL MULTI MARCAS,,,,MADALENA,COLISÃO LATERAL,,1,1,0,0,0,0,0,0,0,1,0,,CIDADE,Longo da via,Bom,Não existe,Não existente,Seca,Perfeito estado,Não existe,Não há placas,60 km/h,Única,Faixa seccionada,,,,
2021-05-02,18:23:00,COM VÍTIMA,FINALIZADA,IPSEP,RUA PINTOR ANTONIO ALBUQUERQUE,3,476,,EM FRENTE AO SMOPE,,,,IPSEP,COLISÃO COM CICLISTA,,1,0,0,1,0,0,0,0,0,1,0,,SUBURBIO,Longo da via,Bom,Não existe,Perfeito estado,Seca,Perfeito estado,Não existe,Não há placas,30 km/h,Única,Faixa contínua,,,,
2021-05-02,19:25:00,COM VÍTIMA,FINALIZADA,CORDEIRO,EST DO FORTE DO ARRAIAL N. DO B. JESUS,4,1077,,AO LADO DO CONJUNTO ARRAIAL E E/F AO ANTIGO CAMPO DO 15 / PRÓX AO POSTO SHELL,,,,CORDEIRO,COLISÃO LATERAL,,1,1,0,0,0,0,0,0,0,1,0,,SUBURBIO,Longo da via,Bom,Não existe,Perfeito estado,Seca,Perfeito estado,Não existe,Não há placas,,Dupla,Faixa contínua,,,,
2021-05-03,08:07:00,COM VÍTIMA,FINALIZADA,CORDEIRO,RUA GOMES TABORDA,4,1460,AV GENERAL SAN MARTIN,EM  FRENTE AO SUPERMERCADO IDEAL,,,,CORDEIRO,COLISÃO FRONTAL,,1,1,0,0,0,0,0,0,0,1,0,67,CIDADE,Longo da via,Bom,Sem defeito,Perfeito estado,Seca,Perfeito estado,Faixa de pedestre,Placas Pare,,Dupla,Faixa seccionada,,,,
2021-05-03,08:20:00,COM VÍTIMA,FINALIZADA,GRACAS,RUA AMELIA,0,,AV RUI BARBOSA,PROXIMO AO  POSTO BR,,,,GRAÇAS,CAPOTAMENTO,,1,0,0,0,0,0,0,0,0,1,0,845,CIDADE,Longo da via,Bom,Sem defeito,Perfeito estado,Seca,Perfeito estado,,Outras,,Única,Faixa seccionada,,,,
2021-05-03,08:38:00,COM VÍTIMA,FINALIZADA,IMBIRIBEIRA,RUA ARQUITETO LUIZ NUNES,0,,RUA MIS JOEL CARLSON,NA ESQUINA DO ATACAREJO  NOVO TEMPO,,,,IMBIRIBEIRA,ATROPELAMENTO DE PESSOA,,1,0,0,0,1,0,0,0,0,1,0,633,CIDADE,Cruzamento,Chuvoso,Sem defeito,Perfeito estado,Molhada,Perfeito estado,Faixa de pedestre,Não há placas,70 km/h,Dupla,Faixa contínua,,,,
2021-05-03,14:59:00,COM VÍTIMA,FINALIZADA,TORROES,AV INACIO MONTEIRO,3,842,RUA DR MIGUEL VIEIRA FERREIRA,PROX A FARMACIA DROGARIA CORDEIRO,,,,TORRÕES,COLISÃO LATERAL,,1,1,0,0,0,0,0,0,0,1,0,566,,Cruzamento,Bom,Com defeito,Perfeito estado,Seca,Perfeito estado,Faixa de pedestre,Não há placas,30 km/h,Dupla,,,,,
2021-05-03,15:49:00,COM VÍTIMA,FINALIZADA,SAO JOSE,AV DANTAS BARRETO,0,,RUA DO PEIXOTO,SOB O SEMÁFORO DE N. 181,,,,SÃO JOSÉ,COLISÃO LATERAL,,0,1,0,0,0,1,0,0,0,1,0,181,SUBURBIO,Cruzamento,Bom,Sem defeito,Perfeito estado,Seca,Perfeito estado,Faixa de pedestre,Não há placas,,Dupla,Faixa contínua,Faixa seccionada,,,
2021-05-03,16:51:00,COM VÍTIMA,FINALIZADA,DOIS IRMAOS,RUA DOIS IRMAOS,3,112,,PROX AO LAFEPE,,,,DOIS IRMÃOS,COLISÃO LATERAL,,1,1,0,0,0,0,0,0,0,1,0,189,SUBURBIO,Longo da via,Bom,Sem defeito,Perfeito estado,Seca,Perfeito estado,Faixa de pedestre,Outras,,Dupla,Faixa contínua,Faixa seccionada,,,
2021-05-03,18:18:00,COM VÍTIMA,FINALIZADA,SAO JOSE,C SANTA RITA,0,,,EM FRENTE A GERMAN E AS TORRES GEMEAS,,,,SÃO JOSÉ,,,0,1,0,0,0,0,0,0,0,2,0,76,CIDADE,Longo da via,Bom,Não existe,Perfeito estado,Seca,Perfeito estado,Não existe,Não há placas,60 km/h,Dupla,Canteiro central,,,,
2021-05-03,18:37:00,COM VÍTIMA,FINALIZADA,IMBIRIBEIRA,RUA ANTONIO FALCAO,3,100,RUA JACY,EM FRENTE AO POSTO YPIRANGA / APÓS O PADEIRÃO,,,,IMBIRIBEIRA,COLISÃO LATERAL,,1,1,0,0,0,0,0,0,0,2,0,,SUBURBIO,Longo da via,Bom,Sem defeito,Perfeito estado,Seca,Perfeito estado,Faixa de pedestre,Placas Pare,,Única,Faixa seccionada,,,,
2021-05-03,21:50:40,COM VÍTIMA,FINALIZADA,AFOGADOS,RUA SAO MIGUEL,4,1357,,EM FRENTE  AO BODE DO NÔ,,,,AFOGADOS,COLISÃO FRONTAL,,1,1,0,0,0,0,0,0,0,1,0,,CIDADE,Longo da via,Chuvoso,Não existe,Perfeito estado,Molhada,Perfeito estado,Não existe,Não há placas,,Dupla,Faixa seccionada,,,,
2021-05-04,08:22:00,COM VÍTIMA,FINALIZADA,SANTO AMARO,AV NORTE,4,1184,,E/F A IGREJA SÃO SEBASTIÃO,,,,SANTO AMARO,COLISÃO LATERAL,,0,0,0,0,0,0,0,0,0,1,0,,SUBURBIO,Longo da via,Chuvoso,Sem defeito,Perfeito estado,Molhada,Perfeito estado,Não existe,Outras,,Dupla,Canteiro central,,,,
2021-05-04,08:39:00,COM VÍTIMA,FINALIZADA,BOA VIAGEM,RUA COPACABANA,0,,RUA COPACABANA,PROX. AO TERMINAL DE SETUBAL E AO LADO DO COLEGIO FERNANDO MOTTA,,,,BOA VIAGEM,COLISÃO TRASEIRA,,2,0,0,0,0,0,0,0,0,1,0,,CIDADE,Cruzamento,Chuvoso,Não existe,Incompleta,Molhada,Perfeito estado,Não existe,Outras,,Dupla,Faixa contínua,Faixa seccionada,,,
2021-05-04,12:28:00,COM VÍTIMA,FINALIZADA,CABANGA,AV SUL,4,1374,AV SUL,EM FRENTE A INDUSTRIA PORTELA,,,,CABANGA,COLISÃO FRONTAL,,0,1,0,0,0,1,0,0,0,1,0,260,SUBURBIO,Cruzamento,Chuvoso,Sem defeito,Perfeito estado,Molhada,Perfeito estado,Não existe,Não há placas,,Dupla,Blocos,,,,
2021-05-04,13:35:00,COM VÍTIMA,FINALIZADA,CORDEIRO,RUA GOMES TABORDA,0,,RUA DES ADOLFO CIRIACO,EM FRENTE A SINDI COMBUSTIVEIS E PROXIMO AO ANTIGO CLUBE PERFUMADO,,,,CORDEIRO,COLISÃO LATERAL,,1,1,0,0,0,0,0,0,0,1,0,,CIDADE,Longo da via,Bom,Não existe,Não existente,Seca,Perfeito estado,Não existe,Não há placas,60 km/h,Dupla,Faixa seccionada,,,,
2021-05-04,17:11:00,COM VÍTIMA,FINALIZADA,CASA FORTE,EST DO ENCANAMENTO,3,454,RUA DO MARQUES,,,,,CASA FORTE,COLISÃO TRANSVERSAL,,1,1,0,0,0,0,0,0,0,1,0,,SUBURBIO,Longo da via,Nublado,Não existe,Perfeito estado,Seca,Perfeito estado,Faixa de pedestre,Outras,30 km/h,Dupla,Faixa seccionada,,,,
2021-05-05,08:27:00,COM VÍTIMA,FINALIZADA,SANTO AMARO,AV CRUZ CABUGA,3,981,,EM FRENTE AO COLEGIO  SIGISNANDO FERREIRA,,,,SANTO AMARO,COLISÃO TRASEIRA,,1,1,0,0,0,0,0,0,0,2,0,,CIDADE,Longo da via,Bom,Não existe,Perfeito estado,Seca,Perfeito estado,Não existe,Não há placas,,Dupla,Faixa contínua,,,,
2021-05-05,11:58:00,COM VÍTIMA,FINALIZADA,CIDADE UNIVERSITARIA,RUA PROFESSOR ANTONIO COELHO,0,,RUA MARECHAL MANOEL LUIS OSORIO,EM FRENTE AO COLEGIO PONTUAL,,,,CIDADE UNIVERSITÁRIA,COLISÃO LATERAL,,1,1,0,0,0,0,0,0,0,1,0,,,,,,,,,,,,,,,,,
2021-05-05,13:46:00,COM VÍTIMA,FINALIZADA,CABANGA,RUA COMANDANTE ANTONIO MANHAES DE MATTOS,0,,,AO LADO DA COMPESA,,,,CABANGA,COLISÃO FRONTAL,,1,1,0,0,0,0,0,0,0,1,0,,CIDADE,Cruzamento,Bom,Não existe,,Seca,Perfeito estado,Não existe,Não há placas,,Dupla,Não existe,,,,
2021-05-05,14:48:00,COM VÍTIMA,FINALIZADA,SANTO AMARO,AV GOVERNADOR AGAMENON MAGALHAES,0,,,PRÓX SHOPPING TACARUNA /  PRÓX AO VDO ENG ROBERTO PEREIRA DE CARVALHO,,,,SANTO AMARO,COLISÃO TRASEIRA,,1,1,0,0,0,1,0,0,0,1,0,,OLINDA,,,,,,,,,,,,,,,
2021-05-06,05:15:00,COM VÍTIMA,FINALIZADA,CAXANGA,AV CAXANGA,0,,,EM FRENTE AO BOI E BRASA,,,,CAXANGÁ,COLISÃO FRONTAL,,1,2,0,0,0,0,0,0,0,3,0,,SUBURBIO,Longo da via,Bom,Sem defeito,Perfeito estado,Seca,Perfeito estado,Não existe,Não há placas,,Dupla,Canteiro central,,,,
2021-05-06,09:19:00,COM VÍTIMA,FINALIZADA,ENCRUZILHADA,RUA CASTRO ALVES,3,112,RUA JOSE DE SA CARNEIRO,EN FRENTE A CAIXA DA ENCRUZILHADA,,,,ENCRUZILHADA,ATROPELAMENTO DE PESSOA,,1,0,0,0,1,0,0,0,0,1,0,666,SUBURBIO,Esquina,Bom,Sem defeito,Perfeito estado,Seca,Perfeito estado,Outros,Não há placas,30 km/h,Única,Faixa seccionada,,,,
2021-05-06,14:46:00,COM VÍTIMA,FINALIZADA,SANTO AMARO,AV CRUZ CABUGA,4,1200,RUA LEAO TREZE,E/F AO HOSPITAL DA MARINHA S/T CID,,,,SANTO AMARO,COLISÃO LATERAL,,1,1,0,0,0,0,0,0,0,1,0,,CIDADE,Longo da via,Bom,Não existe,Perfeito estado,Seca,Perfeito estado,Não existe,R-6a,,Dupla,Faixa seccionada,,,,
2021-05-06,18:52:00,COM VÍTIMA,FINALIZADA,CASA AMARELA,RUA CASA AMARELA,0,,RUA SANTA IZABEL,E/F A PRACA JOTA LEAL ( E/F AO COLEGIO DOM VITA),,,,CASA AMARELA,COLISÃO COM CICLISTA,,1,0,0,1,0,0,0,0,0,1,0,,SUBURBIO,Cruzamento,Bom,Não existe,Perfeito estado,Seca,Perfeito estado,Não existe,R-6a,30 km/h,Dupla,Não existe,,,,
2021-05-06,20:12:00,COM VÍTIMA,FINALIZADA,BOA VIAGEM,RUA VISCONDE DE JEQUITINHONHA,0,,RUA DR VICENTE GOMES,E/F A LOCALIZA,,,,BOA VIAGEM,COLISÃO COM CICLISTA,,1,0,0,1,0,0,0,0,0,1,0,433,SUBURBIO,Cruzamento,Bom,Sem defeito,Perfeito estado,Seca,Perfeito estado,Faixa de pedestre,Não há placas,,Única,,,,,
2021-05-06,20:33:00,COM VÍTIMA,FINALIZADA,IMBIRIBEIRA,AV MARECHAL MASCARENHAS DE MORAES,0,,RUA JORNALISTA CLEOFHAS DE OLIVEIRA,E/F AO GERALDÃO / SEMÁFORO 290,,,,IMBIRIBEIRA,COLISÃO LATERAL,,1,1,0,0,0,0,0,0,0,1,0,240,SUBURBIO,Longo da via,Bom,Sem defeito,Perfeito estado,Seca,Perfeito estado,Faixa de pedestre,Não há placas,,Única,Faixa contínua,,,,
2021-05-07,09:12:00,COM VÍTIMA,FINALIZADA,SANTO AMARO,AV GOVERNADOR AGAMENON MAGALHAES,0,,,EM FRENTE A UPE,,,,SANTO AMARO,COLISÃO TRASEIRA,,1,1,0,0,0,0,0,0,0,1,0,,,,,,,,,,,,,,,,,
2021-05-07,11:05:00,COM VÍTIMA,FINALIZADA,IBURA,AV RECIFE,4,2670,,LADO OPOSTO AO N. 2670 SENTIDO BR101 - BOA VIAGEM,,,,IBURA,COLISÃO TRANSVERSAL,,1,1,0,0,0,0,0,0,0,1,0,16,,Longo da via,Bom,Sem defeito,Perfeito estado,Seca,Perfeito estado,Agente,,60 km/h,Dupla,Faixa seccionada,Canteiro central,,,
2021-05-07,14:04:00,COM VÍTIMA,FINALIZADA,IMBIRIBEIRA,AV MARECHAL MASCARENHAS DE MORAES,0,,PRC MINISTRO SALGADO FILHO,EM FRENTE AO AEROPORTO / EM BAIXO DA PASSARELA,,,,IMBIRIBEIRA,COLISÃO TRASEIRA,,1,1,0,0,0,0,0,0,0,1,0,570,,,,,,,,,,,,,,,,
2021-05-07,14:37:00,COM VÍTIMA,FINALIZADA,ESPINHEIRO,AV GOVERNADOR AGAMENON MAGALHAES,4,2805,,EM FRENTE AO CIRCULO MILITAR SENTIDO OLINDA,,,,ESPINHEIRO,COLISÃO LATERAL,,1,1,0,0,0,0,0,0,0,1,0,,CIDADE,Longo da via,Bom,Não existe,Perfeito estado,Seca,Perfeito estado,Faixa de retenção,Não há placas,,Dupla,Canteiro central,Canal,,,
2021-05-07,19:08:00,COM VÍTIMA,FINALIZADA,IMBIRIBEIRA,AV RECIFE,0,,,NA SUB  DO VIADULTO TANCREDO NEVES   SENTIDO BOA VIAGEM,,,,IMBIRIBEIRA,COLISÃO COM CICLISTA,,1,0,0,1,0,0,0,0,0,1,0,,,Longo da via,Bom,Não existe,Perfeito estado,Seca,Perfeito estado,Não existe,Não há placas,60 km/h,Única,Canteiro central,,,,
2021-05-08,06:42:00,COM VÍTIMA,FINALIZADA,TORRE,RUA REAL DA TORRE,4,1201,RUA CONDE DE IRAJA,E/F AO MERCADO EXTRABOM,,,,TORRE,COLISÃO FRONTAL,,1,1,0,0,0,0,0,0,0,2,0,106,SUBURBIO,Cruzamento,Chuvoso,Sem defeito,Perfeito estado,Molhada,Perfeito estado,Faixa de pedestre,Não há placas,,Única,Faixa seccionada,,,,
2021-05-08,07:13:00,COM VÍTIMA,FINALIZADA,SAO JOSE,AV SUL,3,488,RUA PADRE JOSE DE SA LEITAO,SEMAFORO 509,,,,SÃO JOSÉ,COLISÃO TRASEIRA,,1,1,0,0,0,0,0,0,0,1,0,509,CIDADE,Cruzamento,Bom,Sem defeito,Perfeito estado,Molhada,Perfeito estado,Faixa de pedestre,R-4a,,Única,,,,,
2021-05-08,08:53:00,COM VÍTIMA,FINALIZADA,IMBIRIBEIRA,AV MARECHAL MASCARENHAS DE MORAES,4,3175,,AO LADO DA FERREICA COSTA,,,,IMBIRIBEIRA,COLISÃO TRASEIRA,,1,1,0,0,0,0,0,0,0,1,0,385,CIDADE,Longo da via,Chuvoso,Sem defeito,Perfeito estado,Molhada,Perfeito estado,Não existe,Não há placas,,Dupla,Faixa contínua,,,,
2021-05-08,13:04:00,COM VÍTIMA,FINALIZADA,BARRO,AV DR JOSE RUFINO,4,1807,,EM FRENTE A IGREJA MUNDIAL DE JESUS CRISTO,,,,BARRO,COLISÃO LATERAL,,1,1,0,0,0,0,0,0,0,1,0,,SUBURBIO,Longo da via,Bom,Não existe,Perfeito estado,Seca,Perfeito estado,Não existe,Não há placas,60 km/h,Dupla,Faixa contínua,,,,
2021-05-08,13:40:00,COM VÍTIMA,FINALIZADA,TOTO,AV LIBERDADE,1,2,,E/F AO CEMITERIO  PARQUE DAS FLORES,,,,TOTÓ,ATROPELAMENTO DE PESSOA,,1,0,0,0,1,0,0,0,0,1,0,,CIDADE,Longo da via,Bom,Não existe,Perfeito estado,Seca,Perfeito estado,Não existe,Não há placas,,Dupla,Faixa contínua,,,,
2021-05-08,14:48:00,COM VÍTIMA,FINALIZADA,CIDADE UNIVERSITARIA,RUA EMILIANO BRAGA,3,777,RUA PROFESSOR ANTONIO COELHO,EM FRENTE A INTEGRAÇÃO DA CIDADE UNIVERSITARIA,,,,CIDADE UNIVERSITÁRIA,COLISÃO LATERAL,,1,1,0,0,0,0,0,0,0,1,0,,SUBURBIO,Cruzamento,Bom,Não existe,Perfeito estado,Seca,Perfeito estado,Faixa de pedestre,Placas Pare,40 km/h,,Faixa seccionada,,,,