data,hora,natureza_acidente,situacao,bairro,endereco,,numero,detalhe_endereco_acidente,complemento,endereco_cruzamento,numero_cruzamento,referencia_cruzamento,bairro_cruzamento,tipo,descricao,auto,moto,ciclom,ciclista,pedestre,onibus,caminhao,viatura,outros,vitimas,vitimasfatais,num_semaforo,sentido_via,acidente_verificado,tempo_clima,situacao_semaforo,sinalizacao,condicao_via,conservacao_via,ponto_controle,situacao_placa,velocidade_max_via,mao_direcao,divisao_via1,divisao_via2,divisao_via3,_id,Protocolo
2021-05-09,15:02:00,COM VÍTIMA,FINALIZADA,AFOGADOS,RUA NICOLAU PEREIRA,0,,,EM BAIXO DO SEMAFORO 242 / PROX AO ARMAZEM CORAL,,,,AFOGADOS,COLISÃO LATERAL,,1,1,0,0,0,0,0,0,0,1,0,242,,,,,,,,,,,,,,,,
2021-05-10,09:53:00,COM VÍTIMA,FINALIZADA,MACAXEIRA,AV NORTE,0,,,APÓS O PARQUE DA MACAXEIRA,,,,MACAXEIRA,COLISÃO TRASEIRA,,1,1,0,0,0,0,0,0,0,1,0,296,SUBURBIO,Longo da via,Chuvoso,Sem defeito,Perfeito estado,Molhada,Perfeito estado,Faixa de pedestre,Outras,,Dupla,Canteiro central,,,,
2021-05-10,12:16:00,COM VÍTIMA,FINALIZADA,BOA VIAGEM,AV CONSELHEIRO AGUIAR,0,,RUA ANTONIO FALCAO,RUA ANTONIO FALCAO,,,,BOA VIAGEM,COLISÃO FRONTAL,,1,1,0,0,0,0,0,0,0,1,0,,,,,,,,,,,,,,,,,
2021-05-10,12:31:00,COM VÍTIMA,FINALIZADA,IBURA,RUA DR BENIGNO JORDAO DE VASCONCELOS,3,385,,NA LAGOA ENCANTADA NA SUBIDA DA UR2,,,,IBURA,COLISÃO LATERAL,,1,1,0,0,0,0,0,0,0,1,0,,,,,,,,,,,,,,,,,
2021-05-10,13:43:00,COM VÍTIMA,FINALIZADA,TAMARINEIRA,RUA GOMES COUTINHO,3,218,,PROX AO SUPERMERCADO EXTRA,,,,TAMARINEIRA,COLISÃO TRASEIRA,,0,1,0,0,0,0,1,0,0,1,0,,,,,,,,,,,,,,,,,
2021-05-11,10:14:00,COM VÍTIMA,FINALIZADA,VASCO DA GAMA,RUA VASCO DA GAMA,2,64,RUA PROFESSOR RUI DA SILVEIRA CASTRO,EM FRENTE A FARMACIA DA SAÚDE,,,,VASCO DA GAMA,COLISÃO FRONTAL,,1,1,0,0,0,0,0,0,0,1,0,,,,,,,,,,,,,,,,,
2021-05-11,13:33:00,COM VÍTIMA,FINALIZADA,CASA AMARELA,AV NORTE,4,4766,,EM FRENTE AO ARMAZÉM CORAL,,,,CASA AMARELA,COLISÃO COM CICLISTA,,0,0,0,1,0,1,0,0,0,1,0,,,,,,,,,,,,,,,,,
2021-05-11,17:41:00,COM VÍTIMA,FINALIZADA,SANTO AMARO,AV GOVERNADOR AGAMENON MAGALHAES,0,,,EM FRENTE AO TACARUNA/ SENTIDO RECIFE,,,,SANTO AMARO,COLISÃO LATERAL,,2,1,0,0,0,0,0,0,0,1,0,,CIDADE,,,,,,,,,,,,,,,
2021-05-11,18:35:00,COM VÍTIMA,FINALIZADA,SAO JOSE,AV SUL,4,1562,,EM FRENTE A COMPANHIA MOTO PEÇAS E SERVIÇOS,,,,SÃO JOSÉ,COLISÃO LATERAL,,0,2,0,0,0,0,0,0,0,1,0,,,,,,,,,,,,,,,,,
2021-05-11,18:50:00,COM VÍTIMA,FINALIZADA,CASA FORTE,RUA DE APIPUCOS,3,264,,,,,,CASA FORTE,ATROPELAMENTO DE ANIMAL,,0,0,0,0,0,0,0,0,0,1,0,,,,,,,,,,,,,,,,,
2021-05-12,11:35:00,COM VÍTIMA,FINALIZADA,CASA AMARELA,RUA PADRE LEMOS,3,785,,EM FRENTE AO POSTO PETROBRÁS,,,,CASA AMARELA,COLISÃO FRONTAL,,1,1,0,0,0,0,0,0,0,1,0,,,Longo da via,Bom,Sem defeito,Incompleta,Seca,Perfeito estado,Não existe,R-6a,30 km/h,Dupla,Não existe,,,,
2021-05-12,12:07:00,COM VÍTIMA,FINALIZADA,AFOGADOS,RUA VINTE E UM DE ABRIL,3,949,,EM FRENTE A FABRICA DO CAFE PETINHO,,,,AFOGADOS,COLISÃO FRONTAL,,0,2,0,0,0,0,0,0,0,1,0,,SUBURBIO,Longo da via,Bom,Não existe,Não existente,Seca,Perfeito estado,Não existe,Não há placas,60 km/h,Dupla,Não existe,,,,
2021-05-12,13:59:00,COM VÍTIMA,FINALIZADA,PINA,PTE GOVERNADOR PAULO GUERRA,0,,,SENTIDO BOA VIAGEM,,,,PINA,,,1,1,0,0,0,0,0,0,0,1,0,,SUBURBIO,Longo da via,Bom,Não existe,Perfeito estado,Seca,Perfeito estado,Não existe,Não há placas,,Única,Faixa seccionada,,,,
2021-05-12,15:17:00,COM VÍTIMA,FINALIZADA,SAO JOSE,RUA IMPERIAL,0,,,PROX. AO POSTO BR,,,,SÃO JOSÉ,COLISÃO LATERAL,,0,2,0,0,0,0,0,0,0,1,0,,,,,,,,,,,,,,,,,
2021-05-12,17:58:00,COM VÍTIMA,FINALIZADA,BOA VISTA,RUA DA AURORA,0,,,PONTE DE FERRO ( PONTE BOA VISTA),,,,BOA VISTA,ATROPELAMENTO DE PESSOA,,0,1,0,0,1,0,0,0,0,1,0,,SUBURBIO,Longo da via,Bom,Sem defeito,Perfeito estado,Seca,Perfeito estado,Não existe,R-6a,60 km/h,Única,Faixa seccionada,,,,
2021-05-14,18:00:00,COM VÍTIMA,FINALIZADA,PRADO,RUA SANTA EDWIRGES,0,,AV ENGENHEIRO ABDIAS DE CARVALHO,SEMÁFORO 354,,,,PRADO,COLISÃO LATERAL,,1,1,0,0,0,0,0,0,0,1,0,354,CIDADE,Cruzamento,Chuvoso,Com defeito,Perfeito estado,Molhada,Perfeito estado,Faixa de pedestre,Outras,,Única,Não existe,,,,
2021-05-15,11:09:00,COM VÍTIMA,FINALIZADA,BOA VIAGEM,RUA JOAQUIM BANDEIRA,0,,RUA SARGENTO SILVINO DE MACEDO,HOTEL PRAIA SUL,,,,BOA VIAGEM,COLISÃO TRANSVERSAL,,1,1,0,0,0,0,0,0,0,1,0,,,,,,,,,,,,,,,,,
2021-05-15,13:00:00,COM VÍTIMA,FINALIZADA,AGUA FRIA,RUA MANOEL SILVA,3,233,,PRÓX AO EMPÓRIO DA CERVEJA,,,,ÁGUA FRIA,COLISÃO LATERAL,,2,0,0,0,0,0,0,0,0,1,0,,,,,,,,,,,,,,,,,
2021-05-15,14:03:00,COM VÍTIMA,FINALIZADA,CAXANGA,AV CAXANGA,0,,,PRÓX À UPA,,,,CAXANGÁ,COLISÃO TRASEIRA,,1,1,0,0,0,0,0,0,0,1,0,,CIDADE,Longo da via,Bom,Sem defeito,Perfeito estado,Seca,Perfeito estado,Não existe,Não há placas,,Dupla,Canteiro central,,,,
2021-05-15,14:35:00,COM VÍTIMA,FINALIZADA,CAMPO GRANDE,EST DE BELEM,4,1099,,ASSEMBLEIA DE DEUS,,,,CAMPO GRANDE,COLISÃO TRASEIRA,,0,1,0,0,0,1,0,0,0,1,0,,CIDADE,Longo da via,Bom,Não existe,Perfeito estado,Seca,Perfeito estado,Não existe,Outras,,Dupla,Faixa contínua,Faixa seccionada,,,
2021-05-15,15:13:00,COM VÍTIMA,FINALIZADA,IBURA,AV RECIFE,4,2240,,EM FRENTE AO PERNAMBUCO GÁS,,,,IBURA,COLISÃO TRASEIRA,,1,1,0,0,0,0,0,0,0,1,0,,CIDADE,Longo da via,Bom,Sem defeito,Perfeito estado,Seca,Perfeito estado,Outros,Outras,60 km/h,Dupla,Canteiro central,,,,
2021-05-15,15:28:00,COM VÍTIMA,FINALIZADA,PONTO DE PARADA,RUA COUTO MAGALHAES,3,176,,PRÓX à PADARIA DO ÍNDIO,,,,PONTO DE PARADA,COLISÃO TRASEIRA,,2,0,0,0,0,0,0,0,0,3,0,,SUBURBIO,Longo da via,Bom,Não existe,Não existente,Seca,Perfeito estado,Não existe,Não há placas,,Dupla,Não existe,,,,
2021-05-15,15:40:00,COM VÍTIMA,FINALIZADA,SANTO AMARO,AV CRUZ CABUGA,0,,,EM FRENTE À IGREJA UNIVERSAL,,,,SANTO AMARO,COLISÃO COM CICLISTA,,1,0,0,1,0,0,0,0,0,1,0,,CIDADE,Longo da via,Bom,Não existe,Perfeito estado,Seca,Perfeito estado,Outros,Não há placas,,Dupla,Faixa seccionada,,,,
2021-05-15,15:45:00,COM VÍTIMA,FINALIZADA,BOA VIAGEM,RUA DOS NAVEGANTES,4,1979,RUA MARIA CAROLINA,,,,,BOA VIAGEM,COLISÃO LATERAL,,1,1,0,0,0,0,0,0,0,1,0,,SUBURBIO,Cruzamento,Bom,Não existe,Perfeito estado,Seca,Perfeito estado,Não existe,Não há placas,,Única,Não existe,,,,
2021-05-16,07:41:00,COM VÍTIMA,FINALIZADA,BOA VIAGEM,AV ENGENHEIRO DOMINGOS FERREIRA,4,1340,RUA FELIX DE BRITO E MELO,POR TRAS DO CARREFOUR,,,,BOA VIAGEM,CAPOTAMENTO,,2,0,0,0,0,0,0,0,0,1,0,545,SUBURBIO,Cruzamento,Bom,Sem defeito,Perfeito estado,Seca,Perfeito estado,Faixa de pedestre,R-6a,,Única,Canteiro central,,,,
2021-05-16,17:27:00,COM VÍTIMA,FINALIZADA,BOA VIAGEM,AV ENGENHEIRO DOMINGOS FERREIRA,0,,RUA FELIX DE BRITO E MELO,RUA FELIX BRITO DE MELO,,,,BOA VIAGEM,COLISÃO LATERAL,,1,1,0,0,0,0,0,0,0,1,0,545,SUBURBIO,Cruzamento,Bom,Sem defeito,Perfeito estado,Seca,Perfeito estado,Faixa de pedestre,,60 km/h,Única,Faixa contínua,,,,
2021-05-16,19:10:00,COM VÍTIMA,FINALIZADA,TORRE,RUA JOSE BONIFACIO,0,,RUA MARCOS ANDRE,CRUZAMENTO C/A RUA MARCOS ANDRÉ - PRÓXIMO AO CARREFOUR,,,,TORRE,COLISÃO COM CICLISTA,,1,1,0,0,0,0,0,0,0,1,0,,CIDADE,Longo da via,Bom,Sem defeito,Perfeito estado,Seca,Perfeito estado,Não existe,R-6a,40 km/h,Dupla,Canteiro central,,,,
2021-05-16,19:09:00,COM VÍTIMA,FINALIZADA,MADALENA,AV BEIRA RIO,0,,RUA JOSE OSORIO,SEMÁFORO 387,,,,MADALENA,COLISÃO COM CICLISTA,,1,0,0,1,0,0,0,0,0,1,0,387,CIDADE,Cruzamento,Bom,Sem defeito,Perfeito estado,Seca,Perfeito estado,Faixa de pedestre,R-6a,,Única,,,,,
2021-05-16,19:13:00,COM VÍTIMA,FINALIZADA,SANTO AMARO,AV GOVERNADOR AGAMENON MAGALHAES,0,,RUA DR LEOPOLDO LINS,CRUZAMENTO C/A RUA LEOPOLDO LINS - SENTIDO OLINDA - PROXIMO À CAIXA ECONOMICA,,,,SANTO AMARO,CHOQUE,,1,1,0,0,0,0,0,0,0,1,0,78,SUBURBIO,Longo da via,Bom,Sem defeito,Perfeito estado,Seca,Perfeito estado,Faixa de pedestre,Outras,60 km/h,Única,Faixa seccionada,,,,
2021-05-17,07:07:00,COM VÍTIMA,FINALIZADA,IPUTINGA,AV CAXANGA,4,3367,,EM FRENTE  AO BIG BOMPREÇO,,,,IPUTINGA,COLISÃO LATERAL,,1,1,0,0,0,0,0,0,0,1,0,533,SUBURBIO,Longo da via,Bom,Sem defeito,Perfeito estado,Seca,Perfeito estado,Agente,Não há placas,60 km/h,Única,Faixa seccionada,,,,
2021-05-17,10:09:00,COM VÍTIMA,FINALIZADA,BOMBA DO HEMETERIO,RUA BOMBA DO HEMETERIO,0,,,PRÓX AO POSTO DE COMBUSTÍVEL NORTE BRAS,,,,BOMBA DO HEMETÉRIO,COLISÃO TRASEIRA,,1,1,0,0,0,0,0,0,0,2,0,,SUBURBIO,Rotatória,Bom,Não existe,Perfeito estado,Seca,Perfeito estado,Faixa de pedestre,Não há placas,30 km/h,Dupla,Faixa seccionada,,,,
2021-05-17,11:32:00,COM VÍTIMA,FINALIZADA,IMBIRIBEIRA,RUA JORGE DE LIMA,3,479,RUA JORGE DE LIMA,EM FRENTE AO GALETINHO DO MATUTO,,,,IMBIRIBEIRA,COLISÃO LATERAL,,0,2,0,0,0,0,0,0,0,1,0,402,SUBURBIO,Cruzamento,Bom,Sem defeito,Perfeito estado,Seca,Perfeito estado,Faixa de pedestre,Outras,60 km/h,Única,Faixa contínua,,,,
2021-05-17,14:56:00,COM VÍTIMA,FINALIZADA,SAO JOSE,AV DANTAS BARRETO,0,,,PRÓX À PRAÇA SERGIO LORÊTO,,,,SÃO JOSÉ,ATROPELAMENTO DE PESSOA,,1,0,0,0,1,0,0,0,0,1,0,,CIDADE,Longo da via,Bom,Sem defeito,Perfeito estado,Seca,Perfeito estado,Faixa de pedestre,Não há placas,,Dupla,Faixa contínua,,,,
2021-05-17,19:52:00,COM VÍTIMA,FINALIZADA,SANTO AMARO,AV NORTE,0,,AV CRUZ CABUGA,NA ALÇA DE ACESSO A AV. CRUZ CABUGÁ,,,,SANTO AMARO,COLISÃO TRASEIRA,,1,1,0,0,0,0,0,0,0,1,0,34,CIDADE,Longo da via,Bom,Não existe,Perfeito estado,Seca,Perfeito estado,Faixa de pedestre,Placas Dê a preferência,,Única,Não existe,,,,
2021-05-18,07:54:00,COM VÍTIMA,FINALIZADA,AREIAS,AV RECIFE,0,,,EMFRENTE AO HIPER DE AREIAS. SENTIDO BOA VIAGEM,,,,AREIAS,COLISÃO LATERAL,,0,2,0,0,0,0,0,0,0,1,0,,,Longo da via,Bom,Não existe,Perfeito estado,Seca,Perfeito estado,Não existe,Outras,,Dupla,Canteiro central,,,,
2021-05-18,09:44:00,COM VÍTIMA,FINALIZADA,ILHA DO LEITE,RUA FRANCISCO ALVES,3,325,,EMPREASRIAL MULTIMED ILHA CENTER,,,,ILHA DO LEITE,COLISÃO LATERAL,,1,1,0,0,0,0,0,0,0,1,0,,SUBURBIO,Longo da via,Bom,Não existe,Perfeito estado,Seca,Perfeito estado,Outros,Placas Dê a preferência,,Dupla,Faixa contínua,,,,
2021-05-18,12:48:00,COM VÍTIMA,FINALIZADA,TORRE,RUA CONDE DE IRAJA,3,691,RUA REAL DA TORRE,AO LADO EXTRA E/F A ESCOLA GERAÇAO  ATIVA,,,,TORRE,COLISÃO LATERAL,,1,1,0,0,0,0,0,0,0,1,0,,SUBURBIO,Longo da via,Bom,Não existe,Perfeito estado,Seca,Perfeito estado,Não existe,Não há placas,60 km/h,Única,Faixa seccionada,,,,
2021-05-18,13:29:00,COM VÍTIMA,FINALIZADA,ESPINHEIRO,RUA QUARENTA E OITO,3,873,RUA CARNEIRO VILELA,EM FRENTE A GALERIA QUARENTA E OITO,,,,ESPINHEIRO,COLISÃO TRANSVERSAL,,1,1,0,0,0,0,0,0,0,1,0,,CIDADE,Longo da via,Bom,Não existe,Perfeito estado,Seca,Perfeito estado,Faixa de pedestre,Não há placas,40 km/h,Única,Faixa seccionada,,,,
2021-05-18,15:03:00,COM VÍTIMA,FINALIZADA,SANTO AMARO,RUA TRES DE MAIO,4,9144,RUA FREI CASSIMIRO,PROX ANTIGA CTTU E/F A BORRACHARIA MODESTO,,,,SANTO AMARO,COLISÃO LATERAL,,1,0,0,0,0,0,0,0,0,1,0,,SUBURBIO,Cruzamento,Bom,Não existe,Ilegível,Seca,Mal iluminada,Não existe,Não há placas,,Dupla,Não existe,,,,
2021-05-18,17:32:00,COM VÍTIMA,FINALIZADA,BOA VISTA,RUA DOM BOSCO,0,,,LADO OPOSTO A FARMACIA DROGASIL,,,,BOA VISTA,CHOQUE,,1,0,0,0,0,0,0,0,0,1,0,,SUBURBIO,Longo da via,Bom,Sem defeito,Perfeito estado,Seca,Perfeito estado,Outros,Outras,40 km/h,Única,Faixa seccionada,,,,
2021-05-18,17:42:00,COM VÍTIMA,FINALIZADA,BOA VISTA,AV GOVERNADOR AGAMENON MAGALHAES,0,,AV GOVERNADOR AGAMENON MAGALHAES,EM FRENTE AO HOSPITAL MENORIAL SÃO JOSE,,,,BOA VISTA,COLISÃO TRASEIRA,,0,0,0,0,0,2,0,0,0,1,0,,CIDADE,Longo da via,Bom,Sem defeito,Perfeito estado,Seca,Perfeito estado,Não existe,Não há placas,60 km/h,Dupla,Canteiro central,,,,
2021-05-18,17:55:00,COM VÍTIMA,FINALIZADA,ESPINHEIRO,AV NORTE,0,,RUA MARQUES DO PARANA,LADO OPOSTO A PRAÇA DA PICANHA,,,,ESPINHEIRO,CAPOTAMENTO,,1,0,0,0,0,0,0,0,0,1,0,376,CIDADE,Cruzamento,Bom,Sem defeito,Perfeito estado,Seca,Perfeito estado,Faixa de pedestre,Outras,60 km/h,Dupla,Canteiro central,,,,
2021-05-18,18:11:00,COM VÍTIMA,FINALIZADA,BOA VIAGEM,AV BOA VIAGEM,3,826,,,,,,BOA VIAGEM,COLISÃO TRANSVERSAL,,1,1,0,0,0,0,0,0,0,1,0,,CIDADE,Longo da via,Bom,Não existe,Perfeito estado,Seca,Perfeito estado,Não existe,Não há placas,,Única,Faixa seccionada,,,,
2021-05-19,07:17:00,COM VÍTIMA,FINALIZADA,MADALENA,AV BEIRA RIO,3,771,,EM FRENTE AO EDF BEIRA RIO,,,,MADALENA,COLISÃO COM CICLISTA,,1,0,0,1,0,0,0,0,0,1,0,,,Longo da via,Bom,Sem defeito,Perfeito estado,Seca,Perfeito estado,Não existe,Não há placas,,Dupla,Faixa seccionada,,,,
2021-05-19,08:16:00,COM VÍTIMA,FINALIZADA,CAXANGA,AV CAXANGA,0,,,EM  FRENTE A EXPOSIÇAO DE ANIMAIS /  SENT CAMARAGIBE /,,,,CAXANGÁ,COLISÃO TRASEIRA,,1,1,0,0,0,0,0,0,0,1,0,,,Longo da via,Bom,Não existe,Perfeito estado,Seca,Perfeito estado,Não existe,R-6a,,Dupla,Faixa contínua,Faixa seccionada,Canteiro central,,
2021-05-19,09:11:00,COM VÍTIMA,FINALIZADA,BOA VISTA,RUA JOSE DE ALENCAR,0,,RUA BARAO DE SAO BORJA,EM FRENTE AO HOTEL BOA VISTA,,,,BOA VISTA,COLISÃO LATERAL,,2,0,0,0,0,0,0,0,0,1,0,,,,,,,,,,,,,,,,,
2021-05-19,17:35:00,COM VÍTIMA,FINALIZADA,SANTO AMARO,AV VISCONDE DE SUASSUNA,0,,PRQ TREZE DE MAIO,COLÉGIO IEP,,,,SANTO AMARO,COLISÃO LATERAL,,0,1,0,0,0,0,0,1,0,1,0,,,Cruzamento,Bom,Sem defeito,Perfeito estado,Seca,Perfeito estado,Faixa de pedestre,Outras,,Dupla,Faixa seccionada,,,,
2021-05-19,19:05:00,COM VÍTIMA,FINALIZADA,CORDEIRO,AV CAXANGA,0,,AV GENERAL SAN MARTIN,PRÓX AO HOSPITAL GETÚLIO VARGAS,,,,CORDEIRO,COLISÃO LATERAL,,1,1,0,0,0,0,0,0,0,1,0,,CIDADE,Longo da via,Bom,Sem defeito,Perfeito estado,Seca,Perfeito estado,Não existe,Não há placas,,Dupla,Canteiro central,,,,
2021-05-20,08:21:00,COM VÍTIMA,FINALIZADA,IPUTINGA,AV CAXANGA,4,4360,RUA PROFESSOR CHAVES BATISTA,LADO OPOSTO AO HOSPITAL SANTA TEREZINHA,,,,IPUTINGA,COLISÃO COM CICLISTA,,0,0,0,1,0,0,0,0,0,1,0,230,CIDADE,Cruzamento,Bom,Sem defeito,Perfeito estado,Seca,Perfeito estado,Faixa de pedestre,Outras,,Dupla,Canteiro central,,,,
2021-05-20,12:08:00,COM VÍTIMA,FINALIZADA,TEJIPIO,RUA FALCAO DE LACERDA,3,112,,PROXIMO A OFICINA LIDER,,,,TEJIPIÓ,COLISÃO LATERAL,,1,1,0,0,0,0,0,0,0,1,0,,SUBURBIO,Longo da via,Bom,Não existe,Ilegível,Seca,Perfeito estado,Não existe,Não há placas,40 km/h,Dupla,Faixa contínua,,,,
2021-05-20,13:58:00,COM VÍTIMA,FINALIZADA,CORDEIRO,RUA CLAUDIO BROTHERHOOD,3,571,RUA RIO CAPIBARIBE,,,,,CORDEIRO,COLISÃO FRONTAL,,1,1,0,0,0,0,0,0,0,1,0,,CIDADE,Cruzamento,Bom,Não existe,Não existente,Seca,Perfeito estado,Não existe,Não há placas,40 km/h,Dupla,Faixa seccionada,,,,
2021-05-20,15:07:00,COM VÍTIMA,FINALIZADA,MADALENA,RUA SENADOR FABIO DE BARROS,0,,,E/F AO EXTRA,,,,MADALENA,COLISÃO FRONTAL,,1,1,0,0,0,0,0,0,0,1,0,,SUBURBIO,Longo da via,Bom,Sem defeito,Perfeito estado,Seca,Perfeito estado,Não existe,Não há placas,,Dupla,Faixa contínua,,,,
2021-05-20,16:24:00,COM VÍTIMA,FINALIZADA,IMBIRIBEIRA,AV ENGENHEIRO ALVES DE SOUZA,0,,RUA ARQUITETO LUIZ NUNES,EM FRENTE A DROGASIL E A JULIETTO,,,,IMBIRIBEIRA,COLISÃO LATERAL,,1,1,0,0,0,0,0,0,0,1,0,634,CIDADE,Cruzamento,Bom,Sem defeito,Ilegível,Seca,Perfeito estado,Faixa de pedestre,Placas Pare,,Dupla,Faixa seccionada,,,,
2021-05-20,22:26:40,COM VÍTIMA,FINALIZADA,BOA VIAGEM,AV ENGENHEIRO DOMINGOS FERREIRA,0,,RUA ERNESTO DE PAULA SANTOS,E/F AO RESTAURANTE CASA DITÁLIA - PISTA DA ESQUERDA,,,,BOA VIAGEM,COLISÃO TRASEIRA,,1,1,0,0,0,0,0,0,0,1,0,217,SUBURBIO,Cruzamento,Bom,Sem defeito,Perfeito estado,Seca,Perfeito estado,Faixa de pedestre,R-6a,50 km/h,Única,Canteiro central,,,,
2021-05-21,10:03:00,COM VÍTIMA,FINALIZADA,GRACAS,RUA ALBERTO PAIVA,0,,,POR TRÁS DA PEDRAGON CHEVROLET,,,,GRAÇAS,QUEDA,,0,1,0,0,0,0,0,0,0,1,0,,SUBURBIO,Longo da via,Chuvoso,Não existe,Perfeito estado,Oleosa,Perfeito estado,Não existe,Não há placas,40 km/h,Única,Faixa seccionada,,,,
2021-05-21,10:27:00,COM VÍTIMA,FINALIZADA,IBURA,AV RECIFE,4,2670,,LOJA DE AUTO,,,,IBURA,COLISÃO TRANSVERSAL,,1,1,0,0,0,0,0,0,0,1,0,,SUBURBIO,Longo da via,Bom,Sem defeito,Perfeito estado,Seca,Perfeito estado,Não existe,Não há placas,60 km/h,Dupla,Canteiro central,,,,
2021-05-21,10:35:00,COM VÍTIMA,FINALIZADA,SANTO ANTONIO,AV GUARARAPES,3,161,,EM FRENTE A CAIXA ECONÔMICA FEDERAL,,,,SANTO ANTÔNIO,ATROPELAMENTO DE PESSOA,,0,0,0,0,1,1,0,0,0,1,0,,SUBURBIO,Longo da via,Bom,Não existe,Perfeito estado,Seca,Perfeito estado,Não existe,Não há placas,40 km/h,Dupla,Canteiro central,,,,
2021-05-21,12:23:00,COM VÍTIMA,FINALIZADA,SAO JOSE,C SANTA RITA,3,595,AV ENGENHEIRO JOSE ESTELITA,EM FRENTE AO PIER MARICIO DE NASSAU,,,,SÃO JOSÉ,COLISÃO TRASEIRA,,1,1,0,0,0,0,0,0,0,1,0,,SUBURBIO,Longo da via,Bom,Não existe,Perfeito estado,Seca,Perfeito estado,Não existe,Não há placas,60 km/h,Dupla,Canteiro central,,,,
2021-05-21,13:11:00,COM VÍTIMA,FINALIZADA,BOA VIAGEM,RUA VISCONDE DE JEQUITINHONHA,4,1900,RUA DES JOAO PAES,EM FRENTE,,,,BOA VIAGEM,COLISÃO FRONTAL,,2,0,0,0,0,0,0,0,0,1,0,,CIDADE,Cruzamento,Bom,Não existe,Perfeito estado,Seca,Perfeito estado,Faixa de pedestre,Placas Pare,,Única,Não existe,,,,
2021-05-21,14:18:00,COM VÍTIMA,FINALIZADA,BRASILIA TEIMOSA,RUA IVONETE FERREIRA DA SILVA,2,15,,AO LADO DO HABITACIONAL EM FRENTE A OFICINA DE BARCOS,,,,BRASÍLIA TEIMOSA,COLISÃO FRONTAL,,1,1,0,0,0,0,0,0,0,1,0,,CIDADE,Longo da via,Bom,Não existe,Ilegível,Seca,Mal conservada,Não existe,Não há placas,,Dupla,Faixa contínua,,,,
2021-05-21,20:54:40,COM VÍTIMA,FINALIZADA,CAMPO GRANDE,RUA CATULO DA PAIXAO CEARENSE,0,,RUA PROFESSOR FRANCISCO DA TRINDADE,PRÓX A IGREJA A UNIVERSAL,,,,CAMPO GRANDE,COLISÃO LATERAL,,1,1,0,0,0,0,0,0,0,1,0,,,,,,,,,,,,,,,,,
2021-05-22,08:48:00,COM VÍTIMA,FINALIZADA,AFOGADOS,RUA PROFESSOR AUGUSTO WANDERLEY FILHO,2,25,RUA AUGUSTO CALHEIROS,ANTES DA PONTE MOTOCOLOMBO  SENT. IMBIRIBEIRA,,,,AFOGADOS,COLISÃO TRASEIRA,,1,1,0,0,0,0,0,0,0,1,0,,SUBURBIO,Longo da via,Bom,Sem defeito,Perfeito estado,Seca,Perfeito estado,Não existe,Não há placas,40 km/h,Única,Faixa seccionada,,,,
2021-05-22,13:49:00,COM VÍTIMA,FINALIZADA,BOA VIAGEM,AV BOA VIAGEM,4,3610,,APOS O HOTEL INTERNACIONAL PALACE  RECIFE,,,,BOA VIAGEM,COLISÃO TRASEIRA,,1,1,0,0,0,0,0,0,0,1,0,,CIDADE,Longo da via,Bom,Não existe,Perfeito estado,Seca,Perfeito estado,Não existe,Não há placas,,Única,Faixa seccionada,,,,
2021-05-22,19:26:00,COM VÍTIMA,FINALIZADA,SAN MARTIN,AV JOAO CABRAL DE MELO NETO,4,2702,RUA TENENTE MINDELO,SEMÁFORO 250 - RUA TENENTE MINDELO,,,,SAN MARTIN,COLISÃO COM CICLISTA,,0,1,0,1,0,0,0,0,0,1,0,250,SUBURBIO,Cruzamento,Bom,Sem defeito,Perfeito estado,Seca,Perfeito estado,Não existe,Não há placas,,Dupla,Canteiro central,,,,
2021-05-23,13:46:00,COM VÍTIMA,FINALIZADA,BOA VIAGEM,AV ENGENHEIRO DOMINGOS FERREIRA,4,1990,,PROX AO RESTAURANTE MATCH / PROX AO SUPERMERCADO ZEPELIN,,,,BOA VIAGEM,COLISÃO TRASEIRA,,2,0,0,0,0,0,0,0,0,1,0,,SUBURBIO,Longo da via,Bom,Não existe,Perfeito estado,Seca,Perfeito estado,Não existe,Não há placas,60 km/h,Única,Faixa contínua,,,,