data,hora,natureza_acidente,situacao,bairro,endereco,,numero,detalhe_endereco_acidente,complemento,endereco_cruzamento,numero_cruzamento,referencia_cruzamento,bairro_cruzamento,tipo,descricao,auto,moto,ciclom,ciclista,pedestre,onibus,caminhao,viatura,outros,vitimas,vitimasfatais,num_semaforo,sentido_via,acidente_verificado,tempo_clima,situacao_semaforo,sinalizacao,condicao_via,conservacao_via,ponto_controle,situacao_placa,velocidade_max_via,mao_direcao,divisao_via1,divisao_via2,divisao_via3,_id,Protocolo
2021-05-24,10:49:00,COM VÍTIMA,FINALIZADA,PINA,AV ENGENHEIRO DOMINGOS FERREIRA,3,668,,E/F A ART FIBRA SINTETICA,,,,PINA,COLISÃO LATERAL,,0,0,0,0,0,0,0,0,0,2,0,,SUBURBIO,Longo da via,Bom,Não existe,Perfeito estado,Seca,Perfeito estado,Não existe,Não há placas,,Única,Faixa seccionada,,,,
2021-05-24,11:21:00,COM VÍTIMA,FINALIZADA,SANTO AMARO,AV CRUZ CABUGA,0,,RUA DO HOSPICIO,MPPE,,,,SANTO AMARO,COLISÃO TRASEIRA,,1,1,0,0,0,0,0,0,0,1,0,32,,Longo da via,Bom,Sem defeito,Perfeito estado,Seca,Perfeito estado,Faixa de pedestre,Não há placas,,Única,Faixa contínua,,,,
2021-05-24,12:18:00,COM VÍTIMA,FINALIZADA,AFOGADOS,RUA SAO MIGUEL,4,1648,RUA ALEXANDRE RODRIGUES FERREIRA,EM FRENTE AO RESTAURANTE CHARQUE NA BRASA,,,,AFOGADOS,COLISÃO LATERAL,,1,1,0,0,0,0,0,0,0,1,0,,SUBURBIO,Longo da via,Bom,Não existe,Perfeito estado,Seca,Perfeito estado,Não existe,Não há placas,,Dupla,Faixa seccionada,,,,
2021-05-24,17:46:00,COM VÍTIMA,FINALIZADA,IMBIRIBEIRA,AV RECIFE,0,,AV SENADOR ROBERT KENNEDY,SENTIDO AEROPORTO,,,,IMBIRIBEIRA,COLISÃO COM CICLISTA,,1,0,0,1,0,0,0,0,0,1,0,319,,Cruzamento,Bom,Sem defeito,Perfeito estado,Seca,Perfeito estado,Faixa de pedestre,R-18,30 km/h,Dupla,Faixa contínua,Canteiro central,Canal,,
2021-05-25,08:25:00,COM VÍTIMA,FINALIZADA,SAO JOSE,AV DANTAS BARRETO,4,1186,RUA SAO JOAO,SEMÁFORO 054,,,,SÃO JOSÉ,ATROPELAMENTO DE PESSOA,,0,1,0,0,1,0,0,0,0,1,0,54,CIDADE,Cruzamento,Bom,Sem defeito,Perfeito estado,Seca,Perfeito estado,Faixa de pedestre,Não há placas,,Dupla,Faixa contínua,,,,
2021-05-26,13:47:00,COM VÍTIMA,FINALIZADA,CASA FORTE,AV DEZESSETE DE AGOSTO,3,675,,EM FRENTE A CAOA CHERY,,,,CASA FORTE,COLISÃO LATERAL,,0,2,0,0,0,0,0,0,0,1,0,,SUBURBIO,Longo da via,Bom,Não existe,Perfeito estado,Seca,Perfeito estado,Não existe,Não há placas,40 km/h,Dupla,Faixa seccionada,,,,
2021-05-26,15:09:00,COM VÍTIMA,FINALIZADA,ROSARINHO,AV NORTE,4,3110,AV SANTOS DUMONT,LADO OPOSTO A PADARIA ROSARINHO DELICATESSEN,,,,ROSARINHO,COLISÃO LATERAL,,1,1,0,0,0,0,0,0,0,1,0,81,SUBURBIO,Longo da via,Bom,Sem defeito,Perfeito estado,Seca,Perfeito estado,Faixa de pedestre,Não há placas,60 km/h,Dupla,Canteiro central,,,,
2021-05-27,07:51:00,COM VÍTIMA,FINALIZADA,BOA VIAGEM,RUA FELIX DE BRITO E MELO,0,,,,,,,BOA VIAGEM,CAPOTAMENTO,,2,0,0,0,0,0,0,0,0,1,0,,CIDADE,Longo da via,Chuvoso,Não existe,Perfeito estado,Molhada,Perfeito estado,Não existe,Não há placas,60 km/h,Única,Faixa seccionada,,,,
2021-05-27,08:46:00,COM VÍTIMA,FINALIZADA,CORDEIRO,RUA N S DA SAUDE,3,202,RUA DR GASTAO DA SILVEIRA,CENTRO VETERIN ARIO DE ESPECIALIDADE PATRICA BARROCA,,,,CORDEIRO,COLISÃO TRASEIRA,,1,0,0,0,0,0,0,0,0,1,0,,,Cruzamento,Bom,Não existe,Perfeito estado,Molhada,Perfeito estado,Não existe,Não há placas,40 km/h,Dupla,Faixa contínua,,,,
2021-05-27,08:58:00,COM VÍTIMA,FINALIZADA,SANTO AMARO,RUA COELHO LEITE,3,393,RUA COELHO LEITE,EM FRENTE AO GALPAO DA POLICIA,,,,SANTO AMARO,COLISÃO TRASEIRA,,1,1,0,0,0,0,0,0,0,1,0,,CIDADE,Cruzamento,Chuvoso,Não existe,Perfeito estado,Molhada,Perfeito estado,Faixa de retenção,Outras,40 km/h,Dupla,Faixa seccionada,,,,
2021-05-27,09:24:00,COM VÍTIMA,FINALIZADA,CASA FORTE,AV DEZESSETE DE AGOSTO,4,2133,,AO LADO DO MUSEUN DO HOMEM DO NORDESTE,,,,CASA FORTE,COLISÃO LATERAL,,1,1,0,0,0,0,0,0,0,1,0,646,CIDADE,Longo da via,Chuvoso,Sem defeito,Perfeito estado,Molhada,Perfeito estado,Faixa de retenção,Não há placas,60 km/h,Dupla,Faixa contínua,,,,
2021-05-27,14:22:00,COM VÍTIMA,FINALIZADA,CASA AMARELA,RUA PAULA BATISTA,0,,RUA XAVANTES,EM FRENTE AO CENTRO ESPÍRITAR MOACYR / PRÓX À PRAÇA DO TRABALHO,,,,CASA AMARELA,COLISÃO LATERAL,,2,0,0,0,0,0,0,0,0,3,0,,,Cruzamento,Chuvoso,Não existe,Perfeito estado,Seca,Perfeito estado,Faixa de retenção,Placas Pare,,Dupla,Faixa seccionada,,,,
2021-05-27,14:42:00,COM VÍTIMA,FINALIZADA,SANTO AMARO,AV CRUZ CABUGA,3,659,AV NORTE,ESQUINA COM A CASA DA INDUSTRIA,,,,SANTO AMARO,COLISÃO TRANSVERSAL,,1,1,0,0,0,0,0,0,0,1,0,37,CIDADE,Cruzamento,Bom,Sem defeito,Perfeito estado,Seca,Perfeito estado,Agente,Não há placas,,Dupla,Faixa contínua,,,,
2021-05-27,15:46:00,COM VÍTIMA,FINALIZADA,CORDEIRO,AV CAXANGA,0,,RUA CLAUDIO BROTHERHOOD,EM FRENTE À EXPOSIÇÃO DE ANIMAIS,,,,CORDEIRO,COLISÃO LATERAL,,1,1,0,0,0,0,0,0,0,2,0,,CIDADE,Cruzamento,Bom,Sem defeito,Incompleta,Seca,Perfeito estado,Faixa de pedestre,R-6a,,Dupla,Faixa contínua,Faixa seccionada,,,
2021-05-27,17:19:00,COM VÍTIMA,FINALIZADA,BOA VIAGEM,AV BOA VIAGEM,4,2294,,EDIF. MARIA EDICTA,,,,BOA VIAGEM,COLISÃO LATERAL,,1,1,0,0,0,0,0,0,0,1,0,,CIDADE,Longo da via,Bom,Sem defeito,Perfeito estado,Seca,Perfeito estado,Não existe,Outras,60 km/h,Única,Faixa contínua,,,,
2021-05-27,17:43:00,COM VÍTIMA,FINALIZADA,IPSEP,RUA JEAN EMILE FAVRE,4,1301,,MERCADINHO IGUAÇU,,,,IPSEP,ATROPELAMENTO DE PESSOA,,1,0,0,0,2,0,0,0,0,2,0,,CIDADE,Longo da via,Chuvoso,Sem defeito,Perfeito estado,Molhada,Perfeito estado,Não existe,Não há placas,,Dupla,Faixa contínua,,,,
2021-05-28,07:45:00,COM VÍTIMA,FINALIZADA,JORDAO,AV MARIA IRENE,3,373,,EM FRENTE A CAPELA SÃO JOÃO BATISTA,,,,JORDÃO,COLISÃO TRASEIRA,,1,1,0,0,0,0,0,0,0,1,0,,CIDADE,Longo da via,Bom,Não existe,Perfeito estado,Seca,Perfeito estado,Não existe,Não há placas,,Dupla,Faixa contínua,,,,
2021-05-28,08:43:00,COM VÍTIMA,FINALIZADA,PARNAMIRIM,RUA JOAO TUDE DE MELO,0,,,SHOPPING PARNAMIRIN,,,,PARNAMIRIM,COLISÃO LATERAL,,0,0,0,0,0,0,0,0,0,2,0,,SUBURBIO,Longo da via,Bom,Não existe,Perfeito estado,Seca,Perfeito estado,Faixa de pedestre,Não há placas,,Única,Faixa seccionada,,,,
2021-05-28,09:59:00,COM VÍTIMA,FINALIZADA,CAXANGA,AV CAXANGA,3,171,,EM FRENTE A FARMACIA PAGUE MENOS E ESTAÇÃO BRT ABOLIÇÃO SENT. CIDADE,,,,CAXANGÁ,COLISÃO LATERAL,,1,1,0,0,0,0,0,0,0,1,0,,CIDADE,Longo da via,Bom,Sem defeito,Perfeito estado,Seca,Perfeito estado,Não existe,Não há placas,60 km/h,Dupla,Canteiro central,,,,
2021-05-28,16:08:00,COM VÍTIMA,FINALIZADA,DOIS IRMAOS,RUA DOIS IRMAOS,3,416,RUA DOIS IRMAOS,SOB VIADUTO DA BR-101,,,,DOIS IRMÃOS,COLISÃO TRASEIRA,,0,1,0,0,0,1,0,0,0,1,0,416,CIDADE,Longo da via,Chuvoso,Sem defeito,Perfeito estado,Molhada,Perfeito estado,Faixa de retenção,Não há placas,,Única,Outros,,,,
2021-05-29,09:41:00,COM VÍTIMA,FINALIZADA,BOA VIAGEM,AV BOA VIAGEM,4,3722,,,,,,BOA VIAGEM,COLISÃO TRANSVERSAL,,0,1,1,0,0,0,0,0,0,1,0,120,CIDADE,Longo da via,Bom,Sem defeito,Perfeito estado,Seca,Perfeito estado,Faixa de pedestre,Outras,60 km/h,Única,Faixa contínua,,,,
2021-05-29,11:08:00,COM VÍTIMA,FINALIZADA,DOIS UNIDOS,AV HILDEBRANDO DE VASCONCELOS,0,,,EM FRENTE A ESTAÇAO DA CELPE / ENTRADA DE DOIS UNIDOS,,,,DOIS UNIDOS,COLISÃO LATERAL,,1,1,0,0,0,0,0,0,0,1,0,,,Cruzamento,Bom,Não existe,Incompleta,Seca,Perfeito estado,Faixa de pedestre,Outras,40 km/h,Dupla,Faixa,,,,
2021-05-29,13:14:00,COM VÍTIMA,FINALIZADA,TORRE,RUA MARQUES DE MARICA,2,12,,PRÓX À PRAÇA PROF. BARRETO CAMPELO,,,,TORRE,COLISÃO LATERAL,,1,1,0,0,0,0,0,0,0,1,0,,SUBURBIO,Longo da via,Bom,Não existe,Perfeito estado,Seca,Perfeito estado,Não existe,Placas Pare,,Dupla,Faixa seccionada,,,,
2021-05-30,11:51:00,COM VÍTIMA,FINALIZADA,ESPINHEIRO,RUA DA HORA,0,,AV JOAO DE BARROS,E/F AO EXTRA,,,,ESPINHEIRO,COLISÃO FRONTAL,,2,0,0,0,0,0,0,0,0,2,0,656,SUBURBIO,Cruzamento,Chuvoso,Sem defeito,Perfeito estado,Molhada,Perfeito estado,Faixa de pedestre,Outras,60 km/h,Única,Não existe,,,,
2021-05-30,15:54:00,COM VÍTIMA,FINALIZADA,CORDEIRO,AV GENERAL SAN MARTIN,0,,RUA CLOTILDE DE OLIVEIRA,RUA CLOTILDE DE OLIVEIRA,,,,CORDEIRO,COLISÃO LATERAL,,1,1,0,0,0,0,0,0,0,1,0,185,SUBURBIO,Longo da via,Bom,Sem defeito,Perfeito estado,Seca,Mal conservada,Faixa de pedestre,Não há placas,,Dupla,Faixa contínua,,,,
2021-05-31,09:08:00,COM VÍTIMA,FINALIZADA,AGUA FRIA,AV BEBERIBE,4,2395,,EM FRENTE AO CONDOMINIO SOBRADO BEBERIBE,,,,ÁGUA FRIA,COLISÃO LATERAL,,1,1,0,0,0,0,0,0,0,1,0,153,CIDADE,Longo da via,Bom,Sem defeito,Perfeito estado,Seca,Perfeito estado,Faixa de pedestre,Outras,,Dupla,Faixa contínua,Faixa seccionada,,,
2021-05-31,13:21:00,COM VÍTIMA,FINALIZADA,CASA AMARELA,AV NORTE,4,5100,,EM FRENTE AO REI DA PICANHA,,,,CASA AMARELA,COLISÃO COM CICLISTA,,0,0,0,1,0,0,1,0,0,1,0,,SUBURBIO,Longo da via,Bom,Sem defeito,Perfeito estado,Seca,Perfeito estado,Não existe,Outras,,Dupla,Faixa seccionada,,,,
2021-05-31,16:28:00,COM VÍTIMA,FINALIZADA,SANTO ANTONIO,PRC DA REPUBLICA,0,,,ENTRE O PALACIO CAMPO DAS PRINCESA E O TEATRO SANTA ISABEL,,,,SANTO ANTÔNIO,COLISÃO COM CICLISTA,,1,0,0,1,0,0,0,0,0,1,0,,,Longo da via,Chuvoso,Não existe,Perfeito estado,Molhada,Perfeito estado,Outros,R-6a,,Única,Outros,,,,
2021-05-31,17:59:00,COM VÍTIMA,FINALIZADA,BOA VIAGEM,RUA DEZ DE JULHO,3,481,RUA CAMBOIM,EM FRENTE AO MAISON CRISTAL,,,,BOA VIAGEM,COLISÃO LATERAL,,1,1,0,0,0,0,0,0,0,1,0,,SUBURBIO,Cruzamento,Chuvoso,Não existe,Perfeito estado,Molhada,Perfeito estado,Faixa de pedestre,Placas Pare,30 km/h,Dupla,Faixa seccionada,,,,
2021-05-31,18:42:00,COM VÍTIMA,FINALIZADA,BEBERIBE,RUA BOLIVAR,0,,,EM FRENTE AO CAMPO DO ARRUDA/ ARMAZÉM CORAL,,,,BEBERIBE,COLISÃO LATERAL,,1,1,0,0,0,0,0,0,0,1,0,,CIDADE,Longo da via,Chuvoso,Não existe,Perfeito estado,Molhada,Perfeito estado,Não existe,Outras,,Dupla,Faixa contínua,,,,
2021-05-31,19:05:00,COM VÍTIMA,FINALIZADA,IPSEP,AV RECIFE,0,,RUA JEAN EMILE FAVRE,PRÓXIMO A ENTRADA DA JEAN EMILE FAVRE,,,,IPSEP,CAPOTAMENTO,,0,0,0,0,0,0,0,0,0,4,0,,SUBURBIO,Longo da via,Chuvoso,Não existe,Perfeito estado,Molhada,Perfeito estado,,,,Dupla,Faixa seccionada,Canteiro central,,,
2021-05-31,19:08:00,COM VÍTIMA,FINALIZADA,CAXANGA,AV CAXANGA,0,,,PROX. A UPA  SENTIDO CIDADE,,,,CAXANGÁ,COLISÃO TRASEIRA,,1,1,0,0,0,0,0,0,0,1,0,,CIDADE,Longo da via,Chuvoso,Não existe,Perfeito estado,Molhada,Perfeito estado,Não existe,Não há placas,,Única,Faixa seccionada,,,,
2021-06-01,08:48:00,COM VÍTIMA,FINALIZADA,IPUTINGA,AV MAURICIO DE NASSAU,2,57,RUA N S DA SAUDE,,,,,IPUTINGA,COLISÃO TRANSVERSAL,,1,1,0,0,0,0,0,0,0,1,0,88,SUBURBIO,Longo da via,Bom,Sem defeito,,Seca,Perfeito estado,Faixa de retenção,R-19,40 km/h,Dupla,Faixa contínua,,,,
2021-06-01,08:57:00,COM VÍTIMA,FINALIZADA,ARRUDA,RUA DAS MOCAS,3,309,,ARMAZÉM SÃO JOÃO,,,,ARRUDA,COLISÃO COM CICLISTA,,1,0,0,1,0,0,0,0,0,1,0,,SUBURBIO,Longo da via,Bom,Não existe,Perfeito estado,Seca,Perfeito estado,Não existe,Placas Pare,,Dupla,,,,,
2021-06-01,11:17:00,COM VÍTIMA,FINALIZADA,BOA VIAGEM,AV ENGENHEIRO DOMINGOS FERREIRA,0,,,PRÓX. AO EXTRABOM,,,,BOA VIAGEM,COLISÃO LATERAL,,2,0,0,0,0,0,0,0,0,1,0,,SUBURBIO,Longo da via,Bom,Sem defeito,Perfeito estado,Seca,Perfeito estado,,Não há placas,,Única,Canteiro central,,,,
2021-06-01,16:37:00,COM VÍTIMA,FINALIZADA,AFOGADOS,RUA SAO MIGUEL,3,436,,AO LADO DO POSTO DISLUB ESQUINA COM A GRAN FARMA,,,,AFOGADOS,CHOQUE,,0,1,0,0,0,0,0,0,0,1,0,,SUBURBIO,Longo da via,Bom,Não existe,Perfeito estado,Seca,Perfeito estado,Faixa de pedestre,R-4a,,Dupla,Faixa contínua,,,,
2021-06-02,03:31:00,COM VÍTIMA,FINALIZADA,PINA,AV CELSO FURTADO,0,,,APÓS O SHOPPING RIO MAR  PRÓXIMO AO AERO CLUBE -SENTIDO PIEDADE,,,,PINA,TOMBAMENTO,,0,1,0,0,0,0,0,0,0,1,0,,,,,,,,,,,,,,,,,
2021-06-02,08:33:00,COM VÍTIMA,FINALIZADA,SANTO AMARO,RUA DO POMBAL,0,,,ATRÁS DA DELEGACIA DA MULHER,,,,SANTO AMARO,COLISÃO FRONTAL,,0,0,0,0,0,0,0,0,0,1,0,,,Cruzamento,Bom,Não existe,Perfeito estado,Seca,Perfeito estado,,,,Dupla,Faixa seccionada,,,,
2021-06-02,15:45:00,COM VÍTIMA,FINALIZADA,BOA VISTA,AV CONDE DA BOA VISTA,3,463,RUA BARAO DA SOLEDADE,EM FRENTE A IGREJA NOSSA SENHORA DA SOLEDADE,,,,BOA VISTA,QUEDA,,0,1,0,0,0,0,0,0,0,1,0,222,CIDADE,Longo da via,Bom,Sem defeito,Perfeito estado,Seca,Perfeito estado,Faixa de pedestre,R-6a,40 km/h,Única,,,,,
2021-06-02,17:59:00,COM VÍTIMA,FINALIZADA,BOA VIAGEM,AV CELSO FURTADO,0,,,,,,,BOA VIAGEM,COLISÃO FRONTAL,,1,1,0,0,0,0,0,0,0,1,0,,SUBURBIO,Longo da via,Bom,Não existe,Perfeito estado,Seca,Perfeito estado,Não existe,Outras,60 km/h,Dupla,Faixa seccionada,,,,
2021-06-03,16:21:00,COM VÍTIMA,FINALIZADA,TAMARINEIRA,EST VELHA DE AGUA FRIA,3,739,RUA JOSE DE VASCONCELOS,DENOCS,,,,TAMARINEIRA,COLISÃO FRONTAL,,1,1,0,0,0,0,0,0,0,1,0,,SUBURBIO,Cruzamento,Bom,Não existe,Não existente,Seca,Perfeito estado,Não existe,R-6a,,Dupla,Faixa seccionada,,,,
2021-06-03,17:13:00,COM VÍTIMA,FINALIZADA,DERBY,AV GOVERNADOR AGAMENON MAGALHAES,0,,RUA JOAQUIM NABUCO,PROXIMO AO HOSPITAL DA RESTAURAÇÃO SENTIDO BOA VIAGEM,,,,DERBY,COLISÃO LATERAL,,1,0,0,0,0,0,1,0,0,1,0,174,,Cruzamento,Bom,Sem defeito,Perfeito estado,Seca,Perfeito estado,Faixa de pedestre,Outras,60 km/h,Dupla,Faixa seccionada,,,,
2021-06-03,19:23:00,COM VÍTIMA,FINALIZADA,ROSARINHO,RUA REGUEIRA COSTA,0,,,COM A RUA CAIO PEREIRA,,,,ROSARINHO,COLISÃO FRONTAL,,1,1,0,0,0,0,0,0,0,1,0,,,Cruzamento,Bom,Não existe,Perfeito estado,Seca,Perfeito estado,Não existe,Não há placas,,Única,Não existe,,,,
2021-06-03,19:28:00,COM VÍTIMA,FINALIZADA,CABANGA,RUA CAPITAO TEMUDO,0,,,SOBRE A AV ENGº JOSE ESTELITA SENTIDO OLINDA,,,,CABANGA,COLISÃO COM CICLISTA,,1,0,0,1,0,0,0,0,0,1,0,,CIDADE,Longo da via,Bom,Não existe,Perfeito estado,Seca,Perfeito estado,,Não há placas,60 km/h,Dupla,Outros,,,,
2021-06-04,00:26:00,COM VÍTIMA,FINALIZADA,BOA VIAGEM,AV CONSELHEIRO AGUIAR,4,2255,RUA HENRIQUE CAPITULINO,CRUZAMENTO COM A RUA HENRIQUE CAPITULINO - PROXIMO A PIZZA HUT,,,,BOA VIAGEM,COLISÃO TRANSVERSAL,,2,0,0,0,0,0,0,0,0,2,0,143,CIDADE,Cruzamento,Bom,Sem defeito,Perfeito estado,Seca,Perfeito estado,Faixa de pedestre,Outras,60 km/h,Única,Faixa contínua,Faixa seccionada,,,
2021-06-04,07:33:00,COM VÍTIMA,FINALIZADA,IPSEP,AV RECIFE,0,,RUA JEAN EMILE FAVRE,ACIDENTE  CAPOTAMENTO. COM VÍTIMA NO BAIRRO DO IPSEP. SENTIDO  IBURA / BOA VIAGEM. VÍTIMA SOCORRIDA PELO SAMU,,,,IPSEP,CAPOTAMENTO,,0,0,0,0,0,0,0,0,0,1,0,,SUBURBIO,Longo da via,Chuvoso,Não existe,Perfeito estado,Seca,Perfeito estado,Não existe,Não há placas,60 km/h,Dupla,Faixa contínua,Canteiro central,,,
2021-06-04,10:45:00,COM VÍTIMA,FINALIZADA,PORTO DA MADEIRA,AV CIDADE DE MONTEIRO,2,12,RUA ARAO BOTLER,ACIDENTE ENTRE MOTO x AUTO COM VÓTIMA SOCORRIDA PELO SAMU. ANTE DO CONJ. JOÃO PAULO II-,,,,PORTO DA MADEIRA,COLISÃO LATERAL,,1,1,0,0,0,0,0,0,0,1,0,,SUBURBIO,Cruzamento,Bom,Não existe,Perfeito estado,Seca,Perfeito estado,Não existe,Não há placas,30 km/h,Dupla,Faixa contínua,,,,
2021-06-04,13:08:00,COM VÍTIMA,FINALIZADA,TORRE,RUA JOSE BONIFACIO,3,944,,AO LADO DO ATACADO DOS PRESENTES,,,,TORRE,COLISÃO LATERAL,,0,1,0,0,0,0,1,0,0,1,0,,SUBURBIO,Longo da via,Bom,Não existe,Perfeito estado,Seca,Perfeito estado,Não existe,Outras,40 km/h,Única,Faixa seccionada,,,,
2021-06-05,07:38:00,COM VÍTIMA,FINALIZADA,CABANGA,AV GOVERNADOR AGAMENON MAGALHAES,0,,,ENFRENTE AO CABANGA  SENTIDO CAP. TEMUDO,,,,CABANGA,COLISÃO LATERAL,,1,1,0,0,0,0,0,0,0,1,0,,,Longo da via,Bom,Não existe,Perfeito estado,Seca,Perfeito estado,Outros,Não há placas,60 km/h,Dupla,Outros,,,,
2021-06-05,16:06:00,COM VÍTIMA,FINALIZADA,AREIAS,AV DR JOSE RUFINO,3,955,,PROX HONDA MOTOS,,,,AREIAS,COLISÃO LATERAL,,1,1,0,0,0,0,0,0,0,1,0,,SUBURBIO,Longo da via,Bom,Não existe,Perfeito estado,Seca,Perfeito estado,Não existe,,50 km/h,,Faixa contínua,,,,
2021-06-05,17:20:00,COM VÍTIMA,FINALIZADA,AFOGADOS,EST DOS REMEDIOS,4,1561,RUA TABAIARES,,,,,AFOGADOS,CHOQUE,,1,0,0,0,0,0,0,0,0,3,0,,,Longo da via,Chuvoso,Sem defeito,Perfeito estado,Seca,Perfeito estado,Não existe,Não há placas,,Única,Faixa seccionada,,,,
2021-06-05,18:40:00,COM VÍTIMA,FINALIZADA,SAO JOSE,TRV DO RAPOSO,0,,,NA DESCIDA DA PONTE / PRÓX AO METRO  SNT RUA IMPERIAL,,,,SÃO JOSÉ,COLISÃO LATERAL,,1,1,0,0,0,0,0,0,0,1,0,,SUBURBIO,Viaduto,Chuvoso,Não existe,Não existente,Molhada,Mal iluminada,Não existe,Não há placas,,Dupla,Não existe,,,,
2021-06-06,09:04:00,COM VÍTIMA,FINALIZADA,TORREAO,AV NORTE,0,,RUA MARQUES DO PARANA,LADO OPOSTO A CHURRASCARIA LEITÃO,,,,TORREÃO,QUEDA,,0,1,0,0,0,0,0,0,0,1,0,56,CIDADE,Esquina,Chuvoso,Sem defeito,Perfeito estado,Molhada,Perfeito estado,Faixa de pedestre,R-6a,,Dupla,Faixa seccionada,Canteiro central,,,
2021-06-06,13:18:00,COM VÍTIMA,FINALIZADA,CABANGA,PTE JOSE DE BARROS LIMA,0,,,EM CIMA DO VIADUTO  SENTIDO OLINDA,,,,CABANGA,COLISÃO TRASEIRA,,2,0,0,0,0,0,0,0,0,1,0,,,Viaduto,Bom,Não existe,Perfeito estado,Seca,Perfeito estado,Não existe,Não há placas,,Dupla,Faixa seccionada,,,,
2021-06-06,15:26:00,COM VÍTIMA,FINALIZADA,ILHA DO LEITE,RUA FRANCISCO ALVES,0,,AV FREI MATIAS TEVES,EM FRENTE AO HOPE,,,,ILHA DO LEITE,COLISÃO LATERAL,,2,0,0,0,0,0,0,0,0,1,0,490,,,,,,,,,,,,,,,,
2021-06-06,15:44:00,COM VÍTIMA,FINALIZADA,PINA,AV ANTONIO DE GOES,0,,RUA MANOEL DE BRITO,SAÍDA DO TÚNEL DO RIO MAR,,,,PINA,COLISÃO COM CICLISTA,,1,0,0,1,0,0,0,0,0,1,0,,,,,,,,,,,,,,,,,
2021-06-06,18:06:00,COM VÍTIMA,FINALIZADA,GRACAS,AV CONS ROSA E SILVA,0,,RUA ANTENOR NAVARRO,PONTO DO AÇAI E DROGASIL,,,,GRAÇAS,COLISÃO LATERAL,,1,1,0,0,0,0,0,0,0,1,0,522,SUBURBIO,Cruzamento,Bom,Sem defeito,Perfeito estado,Seca,Perfeito estado,Faixa de retenção,Não há placas,,Única,Não existe,,,,
2021-06-06,20:48:00,COM VÍTIMA,FINALIZADA,NOVA DESCOBERTA,AV VEREADOR OTACILIO AZEVEDO,3,972,,E/F A ASSEMBLEIA DE DEUS,,,,NOVA DESCOBERTA,COLISÃO FRONTAL,,0,2,0,0,0,0,0,0,0,2,0,,SUBURBIO,Longo da via,Bom,Não existe,Incompleta,Seca,,,,,Dupla,Não existe,,,,
2021-06-07,08:47:00,COM VÍTIMA,FINALIZADA,TEJIPIO,AV DR JOSE RUFINO,4,2984,,EM FRENTE AO EDF CASA SOLAN,,,,TEJIPIÓ,COLISÃO FRONTAL,,1,1,0,0,0,0,0,0,0,1,0,,SUBURBIO,Longo da via,Chuvoso,Não existe,Perfeito estado,Seca,Perfeito estado,Não existe,Outras,,Dupla,Faixa contínua,,,,
2021-06-08,09:02:00,COM VÍTIMA,FINALIZADA,SANTO ANTONIO,RUA DO SOL,0,,,EM FRENTE AO POSTO BO19343,,,,SANTO ANTÔNIO,QUEDA,,0,1,0,0,0,0,0,0,0,1,0,,CIDADE,Longo da via,Bom,Não existe,Perfeito estado,Oleosa,Perfeito estado,Não existe,Outras,40 km/h,Única,Faixa seccionada,,,,
2021-06-08,10:13:00,COM VÍTIMA,FINALIZADA,DERBY,AV GOVERNADOR AGAMENON MAGALHAES,0,,,EM FRENTE AO HOSPITAL DA RESTAURAÇÃO SENT. BOA VIAGEM,,,,DERBY,COLISÃO LATERAL,,1,1,0,0,0,0,0,0,0,1,0,650,,Longo da via,Chuvoso,Sem defeito,Perfeito estado,Seca,Perfeito estado,Faixa de pedestre,Não há placas,60 km/h,Única,Faixa contínua,,,,
2021-06-08,11:46:00,COM VÍTIMA,FINALIZADA,PRADO,RUA CARLOS GOMES,0,,,E/F AO BAILE PERFUMADO,,,,PRADO,COLISÃO LATERAL,,1,1,0,0,0,0,0,0,0,1,0,,,,,,,,,,,,,,,,,