data,hora,natureza_acidente,situacao,bairro,endereco,,numero,detalhe_endereco_acidente,complemento,endereco_cruzamento,numero_cruzamento,referencia_cruzamento,bairro_cruzamento,tipo,descricao,auto,moto,ciclom,ciclista,pedestre,onibus,caminhao,viatura,outros,vitimas,vitimasfatais,num_semaforo,sentido_via,acidente_verificado,tempo_clima,situacao_semaforo,sinalizacao,condicao_via,conservacao_via,ponto_controle,situacao_placa,velocidade_max_via,mao_direcao,divisao_via1,divisao_via2,divisao_via3,_id,Protocolo
2021-06-08,12:51:00,COM VÍTIMA,FINALIZADA,TEJIPIO,RUA DO SANCHO,3,225,,PRÓX AO RESIDENCIAL BOSQUE DAS PALMEIRAS / SALÃO DAS TESTEMUNHAS DE JEOVÁ,,,,TEJIPIÓ,COLISÃO LATERAL,,0,1,0,0,0,1,0,0,0,2,0,,,Longo da via,Chuvoso,Não existe,Não existente,Molhada,Mal conservada,Não existe,Não há placas,,Dupla,Não existe,,,,
2021-06-08,17:24:00,COM VÍTIMA,FINALIZADA,JIQUIA,RUA SAO MIGUEL,4,1985,,NA RUA DA FABRICA DA IOLANDA,,,,JIQUIÁ,COLISÃO FRONTAL,,0,2,0,0,0,0,0,0,0,1,0,,CIDADE,Longo da via,Chuvoso,Sem defeito,Incompleta,Molhada,Perfeito estado,Não existe,Outras,40 km/h,Dupla,Faixa contínua,,,,
2021-06-08,19:09:00,COM VÍTIMA,FINALIZADA,IPSEP,RUA SAO NICOLAU,0,,RUA PROFESSOR JOSE VICENTE,E/F A FARMACIA BOM CONSELHO,,,,IPSEP,COLISÃO LATERAL,,1,1,0,0,0,0,0,0,0,1,0,,CIDADE,Cruzamento,Bom,Não existe,Não existente,Seca,Mal conservada,Não existe,Não há placas,,Única,Não existe,,,,
2021-06-08,20:42:00,COM VÍTIMA,FINALIZADA,SAO JOSE,AV DANTAS BARRETO,0,,RUA DO PEIXOTO,PRÓX AO METRO  SNT METRO / SEMÁFORO 181,,,,SÃO JOSÉ,COLISÃO LATERAL,,1,1,0,0,0,0,0,0,0,1,0,181,SUBURBIO,Cruzamento,Bom,Sem defeito,Perfeito estado,Seca,Perfeito estado,Não existe,Não há placas,,Dupla,Faixa contínua,,,,
2021-06-08,21:40:40,COM VÍTIMA,FINALIZADA,BOA VIAGEM,VDO PRESIDENTE TANCREDO NEVES,0,,,AO LADO DO ATACADAO,,,,BOA VIAGEM,COLISÃO LATERAL,,1,1,0,0,0,0,0,0,0,1,0,,SUBURBIO,Viaduto,Chuvoso,Não existe,Perfeito estado,Seca,Perfeito estado,Não existe,Não há placas,,Dupla,Faixa seccionada,Canteiro central,,,
2021-06-09,10:20:00,COM VÍTIMA,FINALIZADA,PINA,RUA MANOEL DE BRITO,3,207,,APÓS O 19º. EM FRENTE AO CALDINHO DO NENÊ,,,,PINA,COLISÃO LATERAL,,1,1,0,0,0,0,0,0,0,1,0,,,Longo da via,Chuvoso,Sem defeito,Perfeito estado,Molhada,Perfeito estado,Não existe,Não há placas,60 km/h,Única,Faixa contínua,,,,
2021-06-09,13:47:00,COM VÍTIMA,FINALIZADA,MUSTARDINHA,RUA VINTE E UM DE ABRIL,4,2219,,AO LADO DO TERMINAL DA MUSTARDINHA,,,,MUSTARDINHA,COLISÃO LATERAL,,1,1,0,0,0,0,0,0,0,1,0,,SUBURBIO,Longo da via,Bom,Sem defeito,Perfeito estado,Seca,Perfeito estado,Não existe,Não há placas,,Dupla,Não existe,,,,
2021-06-10,12:50:00,COM VÍTIMA,FINALIZADA,PAISSANDU,AV GOVERNADOR AGAMENON MAGALHAES,4,4760,,EM FRENTE AO HOSPITAL PORTUGUES/ SENTIDO BOA VIAGEM,,,,PAISSANDU,ATROPELAMENTO DE PESSOA,,0,0,0,0,1,1,0,0,0,1,0,350,SUBURBIO,Longo da via,Bom,Sem defeito,Perfeito estado,Seca,Perfeito estado,Faixa de pedestre,Não há placas,60 km/h,Dupla,Faixa seccionada,,,,
2021-06-10,15:48:00,COM VÍTIMA,FINALIZADA,AFOGADOS,RUA VINTE E UM DE ABRIL,4,1009,,E/F AO CAFE PETINHO,,,,AFOGADOS,COLISÃO LATERAL,,0,2,0,0,0,0,0,0,0,1,0,,,Longo da via,Bom,Não existe,Incompleta,Seca,Perfeito estado,Não existe,Outras,40 km/h,Dupla,Faixa contínua,,,,
2021-06-11,06:22:00,COM VÍTIMA,FINALIZADA,BOA VIAGEM,AV ENGENHEIRO DOMINGOS FERREIRA,0,,RUA FELIX DE BRITO E MELO,E/F A EXTRAFARMA,,,,BOA VIAGEM,COLISÃO TRANSVERSAL,,2,0,0,0,0,0,0,0,0,1,0,545,SUBURBIO,Cruzamento,Chuvoso,Sem defeito,Perfeito estado,Molhada,Perfeito estado,Faixa de pedestre,Outras,60 km/h,Única,Canteiro central,,,,
2021-06-11,09:15:00,COM VÍTIMA,FINALIZADA,ILHA JOANA BEZERRA,RUA DOM PAULO II,2,50,,LADO OPOSTO AO FORUM DES. RODOLFO AURELIANO,,,,JOANA BEZERRA,COLISÃO COM CICLISTA,,1,0,0,1,0,0,0,0,0,1,0,,SUBURBIO,Longo da via,Bom,Não existe,Perfeito estado,Seca,Perfeito estado,Não existe,Não há placas,60 km/h,Dupla,Canteiro central,,,,
2021-06-11,09:18:00,COM VÍTIMA,FINALIZADA,ESTANCIA,AV DR JOSE RUFINO,3,446,,EM FRENTE A PANIFICADORA FITIENTE,,,,ESTÂNCIA,COLISÃO LATERAL,,1,1,0,0,0,0,0,0,0,1,0,,CIDADE,Longo da via,Bom,Não existe,Perfeito estado,Seca,Perfeito estado,Não existe,R-6a,50 km/h,Dupla,Faixa contínua,,,,
2021-06-11,12:36:00,COM VÍTIMA,FINALIZADA,CORDEIRO,AV INACIO MONTEIRO,3,341,,PROXIMO AO COLEGIO ALBERT SABIN,,,,CORDEIRO,COLISÃO LATERAL,,1,1,0,0,0,0,0,0,0,1,0,,DUPLO,Cruzamento,Bom,Não existe,Perfeito estado,Seca,Perfeito estado,Não existe,Não há placas,,Dupla,Faixa seccionada,,,,
2021-06-11,12:38:00,COM VÍTIMA,FINALIZADA,JORDAO,RUA BOANERGES PEREIRA,2,12,,PRÓX À DROGARIA RECIFE,,,,JORDÃO,CAPOTAMENTO,,2,0,0,0,0,0,0,0,0,1,0,,SUBURBIO,Longo da via,Bom,Não existe,Não existente,Seca,Perfeito estado,Não existe,Não há placas,,Dupla,Não existe,,,,
2021-06-11,12:56:00,COM VÍTIMA,FINALIZADA,BOA VIAGEM,VDO PRESIDENTE TANCREDO NEVES,0,,,EM CIMA DO VIADUTO/ SENTIDO BOA VIAGEM,,,,BOA VIAGEM,COLISÃO TRASEIRA,,1,1,0,0,0,0,0,0,0,1,0,,BOA VIAGEM,Longo da via,Bom,Não existe,Perfeito estado,Seca,Perfeito estado,Não existe,Não há placas,60 km/h,Única,Não existe,,,,
2021-06-11,20:28:00,COM VÍTIMA,FINALIZADA,IPSEP,AV RECIFE,0,,RUA JEAN EMILE FAVRE,SEMÁFORO 247  SNT BV,,,,IPSEP,COLISÃO LATERAL,,0,2,0,0,0,0,0,0,0,1,0,,BOA VIAGEM,Longo da via,Bom,Sem defeito,Perfeito estado,Seca,Perfeito estado,Não existe,Não há placas,60 km/h,Dupla,Faixa seccionada,Canteiro central,,,
2021-06-12,03:22:00,COM VÍTIMA,FINALIZADA,JORDAO,AV MARIA IRENE,4,1542,,EDF. MARIA IRENE,,,,JORDÃO,COLISÃO FRONTAL,,1,1,0,0,0,0,0,0,0,2,0,,CIDADE,Longo da via,Bom,Não existe,Não existente,Seca,Perfeito estado,Não existe,Não há placas,,Dupla,Canteiro central,,,,
2021-06-12,07:48:00,COM VÍTIMA,FINALIZADA,SANTO AMARO,RUA DOS CASADOS,4,1597,PRC GENERAL CARLOS PINTO,AO LADO DA PRAÇA GENERAL CARLOS PINTO,,,,SANTO AMARO,COLISÃO LATERAL,,1,1,0,0,0,0,0,0,0,1,0,202,CIDADE,Esquina,Bom,Sem defeito,,Seca,Perfeito estado,Não existe,R-6a,,Dupla,Não existe,,,,
2021-06-12,10:06:00,COM VÍTIMA,FINALIZADA,CASA AMARELA,AV NORTE,4,4341,,PROX. AO SESC  SENT. CIDADE,,,,CASA AMARELA,COLISÃO TRASEIRA,,0,2,0,0,0,0,0,0,0,1,0,364,CIDADE,Cruzamento,Bom,Sem defeito,Perfeito estado,Seca,Perfeito estado,Faixa de pedestre,Outras,,Dupla,Faixa seccionada,,,,
2021-06-12,10:57:00,COM VÍTIMA,FINALIZADA,AFOGADOS,RUA COSME VIANA,4,1281,RUA PADRE TEOFILO TWORZ,E/F A LOJA TUPAN,,,,AFOGADOS,COLISÃO LATERAL,,3,1,0,0,0,0,0,0,0,1,0,,SUBURBIO,Cruzamento,Bom,Sem defeito,Perfeito estado,Seca,Perfeito estado,Outros,Não há placas,,Única,Canteiro central,,,,
2021-06-12,12:00:00,COM VÍTIMA,FINALIZADA,BOA VIAGEM,AV BOA VIAGEM,4,5600,,PROX. AO PARK HOTEL,,,,BOA VIAGEM,COLISÃO TRASEIRA,,1,1,0,0,0,0,0,0,0,1,0,,CIDADE,Longo da via,Bom,Sem defeito,Perfeito estado,Seca,Perfeito estado,Não existe,Não há placas,,Única,Faixa contínua,Faixa seccionada,,,
2021-06-12,12:34:00,COM VÍTIMA,FINALIZADA,ARRUDA,AV BEBERIBE,4,1253,,AO LADO DO ARMAZÉM CORAL,,,,ARRUDA,COLISÃO LATERAL,,1,0,0,0,0,0,0,0,0,1,0,,SUBURBIO,Cruzamento,Bom,Não existe,Incompleta,Seca,Perfeito estado,Não existe,Não há placas,,Dupla,,,,,
2021-06-12,13:33:00,COM VÍTIMA,FINALIZADA,TORRE,RUA REAL DA TORRE,0,,,SOBRE A PONTE DA TORRE,,,,TORRE,COLISÃO LATERAL,,1,1,0,0,0,0,0,0,0,1,0,,,Longo da via,Bom,Não existe,Não existente,Seca,Perfeito estado,Não existe,Outras,,Única,Faixa seccionada,,,,
2021-06-12,21:00:40,COM VÍTIMA,FINALIZADA,BARRO,AV DR JOSE RUFINO,4,2001,,E/F AO CONVENTO DO BARRO,,,,BARRO,COLISÃO FRONTAL,,1,1,0,0,0,0,0,0,0,1,0,,SUBURBIO,Longo da via,Bom,Não existe,Perfeito estado,Seca,Perfeito estado,Não existe,R-6a,60 km/h,Dupla,Faixa contínua,,,,
2021-06-12,21:10:40,COM VÍTIMA,FINALIZADA,AFOGADOS,RUA DA PAZ,0,,,EM FRENTE A POLICLINICA AGAMENON MAGALHAES,,,,AFOGADOS,COLISÃO COM CICLISTA,,1,0,0,1,0,0,0,0,0,1,0,,SUBURBIO,Longo da via,Bom,Não existe,Perfeito estado,Seca,Perfeito estado,Não existe,Outras,,Única,Faixa seccionada,,,,
2021-06-13,06:15:00,COM VÍTIMA,FINALIZADA,BRASILIA TEIMOSA,RUA COMENDADOR MORAES,3,262,,AO LADO DO JC PM,,,,BRASÍLIA TEIMOSA,QUEDA,,0,0,1,0,0,0,0,0,0,2,0,,SUBURBIO,Longo da via,Bom,Não existe,Perfeito estado,Seca,Perfeito estado,Não existe,Outras,,Única,Faixa seccionada,,,,
2021-06-13,10:18:00,COM VÍTIMA,FINALIZADA,IPSEP,RUA JEAN EMILE FAVRE,3,890,RUA BLUMENAU,,,,,IPSEP,COLISÃO LATERAL,,1,1,0,0,0,0,0,0,0,1,0,101,SUBURBIO,Cruzamento,Bom,Sem defeito,Perfeito estado,Seca,Perfeito estado,Faixa de pedestre,R-6a,,Dupla,Faixa contínua,,,,
2021-06-13,19:11:00,COM VÍTIMA,FINALIZADA,BONGI,EST DO BONGI,0,,,PROX A DELEGACIA DA POLICIA CIVIL,,,,BONGI,COLISÃO COM CICLISTA,,0,1,0,1,0,0,0,0,0,1,0,,CIDADE,Longo da via,Bom,Não existe,Perfeito estado,Seca,Perfeito estado,,Não há placas,30 km/h,Dupla,Faixa contínua,,,,
2021-06-13,20:20:00,COM VÍTIMA,FINALIZADA,CAMPO GRANDE,AV GOVERNADOR AGAMENON MAGALHAES,0,,,PROX AO POSTO DISLUB,,,,CAMPO GRANDE,COLISÃO LATERAL,,1,1,0,0,0,0,0,0,0,1,0,,OLINDA,,,,,,,,,,,,,,,
2021-06-13,21:25:40,COM VÍTIMA,FINALIZADA,BONGI,RUA PADRE TEOFILO TWORZ,0,,RUA CARLOS GOMES,NO CRUZAMNETO MESMO,,,,BONGI,COLISÃO FRONTAL,,1,1,0,0,0,0,0,0,0,1,0,,SUBURBIO,Cruzamento,Bom,Não existe,Perfeito estado,Seca,Perfeito estado,Não existe,Placas Pare,,Única,Faixa seccionada,,,,
2021-06-14,07:01:00,COM VÍTIMA,FINALIZADA,RECIFE,AV MILITAR,3,550,,EM FRENTE O POSTO BR E PROX. DA PREFEITURA,,,,BAIRRO DO RECIFE,COLISÃO LATERAL,,0,1,0,0,0,1,0,0,0,1,0,,,,,,,,,,,,,,,,,
2021-06-14,11:55:00,COM VÍTIMA,FINALIZADA,BEBERIBE,AV BEBERIBE,4,3677,RUA DALVA DE OLIVEIRA,,,,,BEBERIBE,COLISÃO LATERAL,,1,1,0,0,0,0,0,0,0,1,0,575,,Cruzamento,Chuvoso,Sem defeito,Perfeito estado,Molhada,Perfeito estado,Faixa de pedestre,Outras,60 km/h,Dupla,Faixa contínua,,,,
2021-06-14,14:22:00,COM VÍTIMA,FINALIZADA,DERBY,PRC DO DERBY,3,177,,EM FRENTE AO LABORATÓRIO MARCELO MAGALHÃES,,,,DERBY,ATROPELAMENTO DE PESSOA,,1,0,0,0,1,0,0,0,0,1,0,,CIDADE,Longo da via,Bom,Não existe,Perfeito estado,Seca,Perfeito estado,Não existe,Outras,,Única,Faixa seccionada,,,,
2021-06-14,19:36:00,COM VÍTIMA,FINALIZADA,MADALENA,RUA JOSE OSORIO,4,9727,,PRÓX A AUTO NORDESTE E MULTI MARCAS,,,,MADALENA,COLISÃO FRONTAL,,1,1,0,0,0,0,0,0,0,1,0,,CIDADE,Longo da via,Chuvoso,Não existe,Perfeito estado,Molhada,Perfeito estado,Não existe,Não há placas,,Dupla,Faixa contínua,,,,
2021-06-14,20:33:40,COM VÍTIMA,FINALIZADA,BOA VISTA,AV CONDE DA BOA VISTA,3,233,,LOGO APÓS O CRUZAMENTO COM A RUA GERVÁSIO PIRES,,,,BOA VISTA,COLISÃO FRONTAL,,0,1,0,0,0,0,0,0,0,1,0,,SUBURBIO,Longo da via,Chuvoso,Não existe,Perfeito estado,Molhada,Perfeito estado,Não existe,Outras,,Única,Faixa seccionada,,,,
2021-06-15,11:05:00,COM VÍTIMA,FINALIZADA,BEBERIBE,AV BEBERIBE,4,1796,RUA ZEFERINO AGRA,AO LADO OFICINA SAO MARCOS,,,,BEBERIBE,COLISÃO FRONTAL,,1,1,0,0,0,0,0,0,0,1,0,,CIDADE,Longo da via,Bom,Não existe,Perfeito estado,Seca,Perfeito estado,Faixa de pedestre,Não há placas,60 km/h,Dupla,Faixa contínua,,,,
2021-06-15,11:07:00,COM VÍTIMA,FINALIZADA,CAMPO GRANDE,AV PROFESSOR JOSE DOS ANJOS,2,36,,SENT. OLINDA  EM FRENTE AO SUPERMERCADO BOA FEIRA,,,,CAMPO GRANDE,COLISÃO TRASEIRA,,1,1,0,0,0,0,0,0,0,1,0,,,Longo da via,Bom,Não existe,Perfeito estado,Seca,Perfeito estado,Não existe,Não há placas,,Única,Faixa seccionada,,,,
2021-06-15,11:14:00,COM VÍTIMA,FINALIZADA,SAN MARTIN,RUA CLOTILDE DE OLIVEIRA,0,,,PROX. DO GERTULIO VARGAS,,,,SAN MARTIN,COLISÃO FRONTAL,,1,1,0,0,0,0,0,0,0,1,0,,CIDADE,Cruzamento,Bom,Sem defeito,Ilegível,Seca,Mal conservada,Faixa de pedestre,R-6a,,Dupla,Faixa contínua,,,,
2021-06-15,12:17:00,COM VÍTIMA,FINALIZADA,BOA VIAGEM,RUA BALTAZAR PASSOS,0,,RUA ALMIRANTE BATISTA LEAO,AO LADO DO COLEGIO MADRE DE DEUS  E/F AO BAR DO LUIZ,,,,BOA VIAGEM,COLISÃO LATERAL,,1,1,0,0,0,0,0,0,0,1,0,,,Cruzamento,Bom,Não existe,Incompleta,Seca,Perfeito estado,Não existe,Placas Pare,,Única,Faixa seccionada,,,,
2021-06-15,13:36:00,COM VÍTIMA,FINALIZADA,ESPINHEIRO,RUA DA HORA,3,628,,APÓS O BRADESCO,,,,ESPINHEIRO,COLISÃO COM CICLISTA,,1,0,0,1,0,0,0,0,0,1,0,,,Longo da via,Bom,Não existe,Perfeito estado,Seca,Perfeito estado,Outros,Não há placas,,Única,Não existe,,,,
2021-06-15,16:22:00,COM VÍTIMA,FINALIZADA,MACAXEIRA,RUA TEREZA CARNEIRO,3,115,,PROXIMO A QUITANDA DO DINHO,,,,MACAXEIRA,COLISÃO LATERAL,,0,1,0,0,0,0,0,1,0,2,0,,SUBURBIO,Longo da via,Chuvoso,Não existe,Não existente,Molhada,Mal conservada,Não existe,Não há placas,,Dupla,Não existe,,,,
2021-06-16,12:38:00,COM VÍTIMA,FINALIZADA,BOA VIAGEM,RUA DEZ DE JULHO,3,481,RUA CAMBOIM,AO LADO DA MAISON CHRISTAL RECEPÇÕES,,,,BOA VIAGEM,COLISÃO LATERAL,,1,1,0,0,0,0,0,0,0,1,0,,CIDADE,Cruzamento,Bom,Não existe,Perfeito estado,Seca,Perfeito estado,Faixa de pedestre,Placas Pare,30 km/h,Única,Faixa contínua,Faixa seccionada,,,
2021-06-16,15:45:00,COM VÍTIMA,FINALIZADA,ENCRUZILHADA,RUA CASTRO ALVES,3,767,,PRÓX À CHURRASCARIA LEITÃO,,,,ENCRUZILHADA,COLISÃO LATERAL,,1,1,0,0,0,0,0,0,0,1,0,377,SUBURBIO,Longo da via,Bom,Sem defeito,Perfeito estado,Seca,Perfeito estado,Faixa de pedestre,Outras,,Única,Faixa contínua,Faixa seccionada,,,
2021-06-16,16:10:00,COM VÍTIMA,FINALIZADA,BEBERIBE,PRC DA CONVENCAO,4,4592,,E/F AIGREJA BATISTA  E O MAGAZINE LUIZA,,,,BEBERIBE,ATROPELAMENTO DE PESSOA,,0,1,0,0,1,0,0,0,0,2,0,,SUBURBIO,Longo da via,Bom,Sem defeito,Perfeito estado,Seca,Perfeito estado,Outros,Não há placas,,Dupla,Faixa contínua,Faixa seccionada,,,
2021-06-16,17:59:00,COM VÍTIMA,FINALIZADA,AREIAS,AV DR JOSE RUFINO,0,,,E/F AO CT DA HONDA,,,,AREIAS,COLISÃO FRONTAL,,0,2,0,0,0,0,0,0,0,1,0,,SUBURBIO,Longo da via,Bom,Não existe,Perfeito estado,Seca,Perfeito estado,Não existe,Não há placas,,Dupla,Faixa contínua,,,,
2021-06-17,19:07:00,COM VÍTIMA,FINALIZADA,SANTO AMARO,AV MARIO MELO,0,,AV CRUZ CABUGA,SEMÁFORO 171 / SNT SUB-CID,,,,SANTO AMARO,COLISÃO FRONTAL,,0,1,0,0,0,1,0,0,0,1,0,171,CIDADE,Cruzamento,Bom,Sem defeito,Perfeito estado,Seca,Perfeito estado,Outros,R-4a,,Dupla,Faixa contínua,,,,
2021-06-17,19:24:00,COM VÍTIMA,FINALIZADA,VARZEA,RUA ENGENHEIRO VASCONCELOS BITTENCOURT,3,330,RUA ABATIA,E/F A PRC DO CAXITO,,,,VÁRZEA,ATROPELAMENTO DE PESSOA,,0,1,0,0,1,0,0,0,0,1,0,,SUBURBIO,Longo da via,Bom,Não existe,Não existente,Seca,Perfeito estado,Não existe,Não há placas,30 km/h,Dupla,Não existe,,,,
2021-06-17,21:00:40,COM VÍTIMA,FINALIZADA,BOA VIAGEM,RUA GENERAL SALGADO,3,820,RUA COSMORAMA,NO CRUZAMENTO MESMO,,,,BOA VIAGEM,COLISÃO LATERAL,,1,1,0,0,0,0,0,0,0,1,0,,SUBURBIO,Cruzamento,Chuvoso,Não existe,Perfeito estado,Molhada,Perfeito estado,Não existe,Placas Pare,40 km/h,Dupla,,,,,
2021-06-19,08:23:00,COM VÍTIMA,FINALIZADA,CORDEIRO,AV CAXANGA,4,2900,,SUPERMERCADO EXTRA,,,,CORDEIRO,CHOQUE,,0,1,0,0,0,0,0,0,0,1,0,,SUBURBIO,Longo da via,Chuvoso,Não existe,Perfeito estado,Molhada,Perfeito estado,Não existe,Não há placas,,Dupla,Canteiro central,,,,
2021-06-19,13:17:00,COM VÍTIMA,FINALIZADA,CAMPO GRANDE,AV CORREIA DE BRITO,0,,,EM FRENTE A CONSTRUTORA PLINIO CAVALCANTI,,,,CAMPO GRANDE,COLISÃO FRONTAL,,1,1,0,0,0,0,0,0,0,1,0,,SUBURBIO,Longo da via,Bom,Não existe,Não existente,Seca,Perfeito estado,Não existe,Não há placas,,Dupla,Não existe,,,,
2021-06-19,17:09:00,COM VÍTIMA,FINALIZADA,SAO JOSE,RUA IMPERIAL,0,,RUA BOM SUCESSO,APOS O COLEGIO JOAQUIM NABUCO  VT  01  ESTA NO LOCAL AGUARDANDO A VT 22,,,,SÃO JOSÉ,COLISÃO LATERAL,,1,1,0,0,0,0,0,0,0,1,0,,AFOGADOS,Cruzamento,Chuvoso,Não existe,Incompleta,Molhada,Perfeito estado,Não existe,Outras,40 km/h,Única,Não existe,,,,
2021-06-19,22:49:40,COM VÍTIMA,FINALIZADA,BOA VIAGEM,RUA HENRIQUE CAPITULINO,3,143,AV CONSELHEIRO AGUIAR,COM A  AV  CONS AGUIAR,,,,BOA VIAGEM,COLISÃO FRONTAL,,1,1,0,0,0,0,0,0,0,1,0,143,CIDADE,Cruzamento,Chuvoso,Sem defeito,Perfeito estado,Molhada,Perfeito estado,Faixa de pedestre,Outras,,Única,Faixa seccionada,,,,
2021-06-21,12:44:00,COM VÍTIMA,FINALIZADA,PORTO DA MADEIRA,AV BEBERIBE,4,4333,,POSTO SINIVI,,,,PORTO DA MADEIRA,ATROPELAMENTO DE PESSOA,,0,1,0,0,1,0,0,0,0,1,0,,CIDADE,Longo da via,Bom,Não existe,Perfeito estado,Seca,Mal conservada,Não existe,Não há placas,,Dupla,Faixa contínua,,,,
2021-06-21,13:23:00,COM VÍTIMA,FINALIZADA,CASA AMARELA,AV NORTE,0,,,EM FRENTE À PRAÇA DO TRABALHO,,,,CASA AMARELA,COLISÃO LATERAL,,0,1,0,0,0,2,0,0,0,2,0,676,SUBURBIO,Longo da via,Bom,Sem defeito,Perfeito estado,Seca,Perfeito estado,Faixa de pedestre,Não há placas,60 km/h,Dupla,Canteiro central,,,,
2021-06-22,07:32:00,COM VÍTIMA,FINALIZADA,SANTO AMARO,RUA PEDRO AFONSO,0,,RUA TREZE DE MAIO,SER EDUCACIONAL E SESC/ IML,,,,SANTO AMARO,COLISÃO TRANSVERSAL,,1,1,0,0,0,0,0,0,0,1,0,427,CIDADE,,,,,,,,,,,,,,,
2021-06-22,08:30:00,COM VÍTIMA,FINALIZADA,APIPUCOS,RUA DE APIPUCOS,3,355,,EDIF. ARQUIPELAGO DOS AÇORES.,,,,APIPUCOS,QUEDA,,0,1,0,0,0,0,0,0,0,2,0,,CIDADE,,,,,,,,,,,,,,,
2021-06-22,08:32:00,COM VÍTIMA,FINALIZADA,AGUA FRIA,AV BEBERIBE,3,418,RUA PROFESSOR OTAVIO DE FREITAS,,,,,ÁGUA FRIA,COLISÃO LATERAL,,0,1,0,0,0,1,0,0,0,1,0,,SUBURBIO,Longo da via,Bom,Não existe,,Seca,,Outros,Outras,,Dupla,Faixa contínua,,,,
2021-06-22,09:48:00,COM VÍTIMA,FINALIZADA,BOA VIAGEM,RUA VISCONDE DE JEQUITINHONHA,3,420,,LADO OPOSTO À ACADEMIA SELF IT,,,,BOA VIAGEM,COLISÃO TRASEIRA,,3,1,0,0,0,0,0,0,0,1,0,433,SUBURBIO,,,,,,,,,,,,,,,
2021-06-22,11:42:00,COM VÍTIMA,FINALIZADA,IPUTINGA,AV CAXANGA,0,,,AO LADO DA AUTO ESC. ESTRELA,,,,IPUTINGA,COLISÃO TRANSVERSAL,,1,1,0,0,0,0,0,0,0,1,0,,,,,,,,,,,,,,,,,
2021-06-22,15:53:00,COM VÍTIMA,FINALIZADA,IMBIRIBEIRA,RUA ITAJAI,0,,RUA IRAPUA,PADARIA PORTO DELICATESSEN,,,,IMBIRIBEIRA,COLISÃO LATERAL,,4,0,0,0,0,0,0,0,0,1,0,,,,,,,,,,,,,,,,,
2021-06-22,18:44:00,COM VÍTIMA,FINALIZADA,CASA AMARELA,AV DR EURICO CHAVES,3,851,,E/F A ACADEMIA ACTION FITNESS,,,,CASA AMARELA,COLISÃO LATERAL,,0,0,0,0,0,0,0,0,0,1,0,,,,,,,,,,,,,,,,,
2021-06-23,00:12:00,COM VÍTIMA,FINALIZADA,PINA,AV CONSELHEIRO AGUIAR,3,857,,EM FRENTE À BARBEARIA TRÓIS,,,,PINA,COLISÃO TRASEIRA,,1,1,0,0,0,0,0,0,0,1,0,,CIDADE,,,,,,,,,,,,,,,
2021-06-23,07:24:00,COM VÍTIMA,FINALIZADA,BOA VIAGEM,RUA BRUNO VELOSO,4,3722,AV BOA VIAGEM,EM FRENTE AO ED LITORANIOS,,,,BOA VIAGEM,COLISÃO TRASEIRA,,1,1,0,0,0,0,0,0,0,1,0,120,CIDADE,,,,,,,,,,,,,,,
2021-06-23,08:01:00,COM VÍTIMA,FINALIZADA,GRACAS,AV GOVERNADOR AGAMENON MAGALHAES,0,,RUA DR BANDEIRA FILHO,CLUBE PORTUGUÊS,,,,GRAÇAS,COLISÃO TRASEIRA,,0,2,0,0,0,0,0,0,0,1,0,173,,Longo da via,Bom,Sem defeito,Perfeito estado,Seca,Perfeito estado,Faixa de pedestre,Não há placas,60 km/h,Única,Faixa contínua,,,,
2021-06-23,11:54:00,COM VÍTIMA,FINALIZADA,TEJIPIO,RUA APRIGIO GUIMARAES,3,641,,PROX. AO HOSP. OTÁVIO DE FREITAS,,,,TEJIPIÓ,COLISÃO TRASEIRA,,1,1,0,0,0,0,0,0,0,1,0,,SUBURBIO,,,,,,,,,,,,,,,
2021-06-24,07:25:00,COM VÍTIMA,FINALIZADA,ESPINHEIRO,RUA QUARENTA E OITO,3,261,RUA DA HORA,NA ESQUINA DO LABORATÓRIO CERPE,,,,ESPINHEIRO,COLISÃO FRONTAL,,1,0,1,0,0,0,0,0,0,1,0,21,CIDADE,,,,,,,,,,,,,,,
2021-06-25,07:03:00,COM VÍTIMA,FINALIZADA,TAMARINEIRA,AV NORTE,4,3733,,EM FRENTE A FABRICA DE BOLO,,,,TAMARINEIRA,COLISÃO FRONTAL,,0,2,0,0,0,0,0,0,0,1,0,,,,,,,,,,,,,,,,,