data,hora,natureza_acidente,situacao,bairro,endereco,,numero,detalhe_endereco_acidente,complemento,endereco_cruzamento,numero_cruzamento,referencia_cruzamento,bairro_cruzamento,tipo,descricao,auto,moto,ciclom,ciclista,pedestre,onibus,caminhao,viatura,outros,vitimas,vitimasfatais,num_semaforo,sentido_via,acidente_verificado,tempo_clima,situacao_semaforo,sinalizacao,condicao_via,conservacao_via,ponto_controle,situacao_placa,velocidade_max_via,mao_direcao,divisao_via1,divisao_via2,divisao_via3,_id,Protocolo
2021-06-25,07:58:00,COM VÍTIMA,FINALIZADA,BOA VISTA,AV GOVERNADOR AGAMENON MAGALHAES,4,2807,,EM FRENTE AO CIRCULO MILITAR  SENT. OLINDA,,,,BOA VISTA,COLISÃO LATERAL,,1,1,0,0,0,0,0,0,0,1,0,,,,,,,,,,,,,,,,,
2021-06-25,14:46:00,COM VÍTIMA,FINALIZADA,TAMARINEIRA,RUA CONEGO BARATA,0,,,PROXIMO A PADARIA MANA/ SENTIDO ÁGUA FRIA,,,,TAMARINEIRA,COLISÃO LATERAL,,1,1,0,0,0,0,0,0,0,1,0,,,,,,,,,,,,,,,,,
2021-06-25,15:14:00,COM VÍTIMA,FINALIZADA,ROSARINHO,AV NORTE,0,,,E/F A PADARIA DO ROSARINHO S/T CID,,,,ROSARINHO,COLISÃO LATERAL,,2,1,0,0,0,0,0,0,0,1,0,,CIDADE,,,,,,,,,,,,,,,
2021-06-25,18:37:00,COM VÍTIMA,FINALIZADA,VARZEA,AV AFONSO OLINDENSE,0,,,E/F AO RESIDENCIAL ELIS REGINA,,,,VÁRZEA,COLISÃO TRASEIRA,,1,1,0,0,0,0,0,0,0,1,0,,,,,,,,,,,,,,,,,
2021-06-26,00:34:00,COM VÍTIMA,FINALIZADA,IMBIRIBEIRA,AV MARECHAL MASCARENHAS DE MORAES,4,2690,1 TRV JUSTICA E PAZ,APÓS A FERREIRA COSTA - E/F AO BANCO ITAÚ - SENTIDO AFOGADOS,,,,IMBIRIBEIRA,CHOQUE,,1,1,0,0,0,0,0,0,0,2,0,225,CID,,,,,,,,,,,,,,,
2021-06-26,00:42:00,COM VÍTIMA,FINALIZADA,BOA VIAGEM,RUA DEZ DE JULHO,0,,RUA CAMBOIM,CRUZAMENTO C/A RUA CAMBOIM - APÓS A ESTAÇÃO DO METRÔ,,,,BOA VIAGEM,COLISÃO LATERAL,,1,1,0,0,0,0,0,0,0,1,0,,,,,,,,,,,,,,,,,
2021-06-26,06:07:00,COM VÍTIMA,FINALIZADA,AFOGADOS,AV SUL,0,,,APÓS A POLICLINICA DE AFOGADOS,,,,AFOGADOS,COLISÃO TRANSVERSAL,,1,1,0,0,0,0,0,0,0,2,0,,CIDADE,,,,,,,,,,,,,,,
2021-06-26,06:29:00,COM VÍTIMA,FINALIZADA,IPSEP,RUA JEAN EMILE FAVRE,0,,RUA POTENGY,PROX. A FEIJOADA DO VAVÁ,,,,IPSEP,COLISÃO FRONTAL,,1,1,0,0,0,0,0,0,0,1,0,564,,,,,,,,,,,,,,,,
2021-06-27,18:50:00,COM VÍTIMA,FINALIZADA,IPSEP,RUA JEAN EMILE FAVRE,0,,,E/F A PADARIA PAO NORTE,,,,IPSEP,COLISÃO FRONTAL,,1,0,0,0,0,0,0,0,0,2,0,,,,,,,,,,,,,,,,,
2021-06-28,08:45:00,COM VÍTIMA,FINALIZADA,VARZEA,RUA SOLDADO MARIO KOSEL FILHO,0,,RUA INALDO BARTOLOMEU DE CARVALHO,PROX. A IGREJA ASSEMBLEIA DE DEUS,,,,VÁRZEA,ATROPELAMENTO DE PESSOA,,0,0,0,0,1,0,1,0,0,1,0,,,,,,,,,,,,,,,,,
2021-06-28,11:36:00,COM VÍTIMA,FINALIZADA,PINA,AV BOA VIAGEM,1,9,,E/F AO POSTO PETROBRÁS BR,,,,PINA,COLISÃO LATERAL,,1,1,0,0,0,0,0,0,0,1,0,104,CIDADE,,,,,,,,,,,,,,,
2021-06-28,12:53:00,COM VÍTIMA,FINALIZADA,ESTANCIA,AV RECIFE,3,272,,ANTIGA CIROL ROYAL / SENTIDO CEASA,,,,ESTÂNCIA,COLISÃO LATERAL,,0,1,0,0,0,0,1,0,0,1,0,,SUBURBIO,,,,,,,,,,,,,,,
2021-06-28,13:48:00,COM VÍTIMA,FINALIZADA,CASA FORTE,AV DEZESSETE DE AGOSTO,3,357,,EM  FRENTE À FARMÁCIA PAGUE MENOS,,,,CASA FORTE,COLISÃO LATERAL,,2,1,0,0,0,0,0,0,0,1,0,614,CIDADE,,,,,,,,,,,,,,,
2021-06-29,10:39:00,COM VÍTIMA,FINALIZADA,BOA VIAGEM,AV ENGENHEIRO DOMINGOS FERREIRA,4,2600,,EM FRENTE A FARMACIA INDEPENDENTE,,,,BOA VIAGEM,COLISÃO TRASEIRA,,1,1,0,0,0,0,0,0,0,1,0,,,,,,,,,,,,,,,,,
2021-06-29,11:39:00,VÍTIMA FATAL,FINALIZADA,SANTO AMARO,AV NORTE,3,785,RUA TREZE DE MAIO,ESQUINA COM A RUA TREZE DE MAIO,,,,SANTO AMARO,ATROPELAMENTO DE PESSOA,,1,0,0,0,1,0,0,0,0,1,1,,CIDADE,,,,,,,,,,,,,,,
2021-06-29,11:55:00,COM VÍTIMA,FINALIZADA,AGUA FRIA,AV BEBERIBE,4,2275,,E/F AO SUPERMERCADO SOBERANO,,,,ÁGUA FRIA,COLISÃO LATERAL,,1,1,0,0,0,0,0,0,0,1,0,,,,,,,,,,,,,,,,,
2021-06-29,13:21:00,COM VÍTIMA,FINALIZADA,IMBIRIBEIRA,AV MARECHAL MASCARENHAS DE MORAES,0,,,EM FRENTE AO GERALDÃO/ SENTIDO CIDADE,,,,IMBIRIBEIRA,COLISÃO TRASEIRA,,1,1,0,0,0,0,0,0,0,1,0,,,,,,,,,,,,,,,,,
2021-06-29,20:59:40,COM VÍTIMA,FINALIZADA,CAMPO GRANDE,RUA ODORICO MENDES,3,598,,AO LADO DA CENTRAL DE FLAGRANTES,,,,CAMPO GRANDE,ATROPELAMENTO DE PESSOA,,0,1,0,0,1,0,0,0,0,1,0,,,,,,,,,,,,,,,,,
2021-06-30,09:24:00,COM VÍTIMA,FINALIZADA,TORROES,RUA DR MIGUEL VIEIRA FERREIRA,3,275,,EM FRENTE AO BETO BEBIDAS,,,,TORRÕES,ATROPELAMENTO DE PESSOA,,1,0,0,0,1,0,0,0,0,1,0,,,,,,,,,,,,,,,,,
2021-06-30,10:19:00,COM VÍTIMA,FINALIZADA,SANCHO,AV LIBERDADE,3,612,,100 METROS ANTES DA IGREJA ASSEMBLEIA DE DEUS,,,,SANCHO,COLISÃO LATERAL,,1,1,0,0,0,0,0,0,0,1,0,,,,,,,,,,,,,,,,,
2021-06-30,11:40:00,COM VÍTIMA,FINALIZADA,AFOGADOS,RUA DA PAZ,3,388,,E/F A FIGUEIRAS CALÇADOS,,,,AFOGADOS,ATROPELAMENTO DE PESSOA,,1,0,0,0,1,0,0,0,0,1,0,,,,,,,,,,,,,,,,,
2021-06-30,14:34:00,COM VÍTIMA,FINALIZADA,CASA AMARELA,AV NORTE,3,667,,,,,,CASA AMARELA,COLISÃO TRANSVERSAL,,0,2,0,0,0,0,0,0,0,1,0,,,,,,,,,,,,,,,,,
2021-06-30,16:40:00,COM VÍTIMA,FINALIZADA,SAO JOSE,AV SUL,0,,,EM FRENTE A POLICLINICA DE AFOGADOS,,,,SÃO JOSÉ,QUEDA,,0,0,0,0,0,0,0,0,0,1,0,,,,,,,,,,,,,,,,,
2021-06-30,16:54:00,COM VÍTIMA,FINALIZADA,ROSARINHO,AV NORTE,0,,,EM FRENTE A PRAÇA DO ROSARINHO,,,,ROSARINHO,COLISÃO LATERAL,,1,1,0,0,0,0,0,0,0,1,0,,,,,,,,,,,,,,,,,
2021-06-30,19:09:00,COM VÍTIMA,FINALIZADA,AREIAS,AV DR JOSE RUFINO,0,,,PROX A HONDA,,,,AREIAS,COLISÃO FRONTAL,,1,1,0,0,0,0,0,0,0,1,0,,,,,,,,,,,,,,,,,
2021-07-01,07:58:00,COM VÍTIMA,FINALIZADA,SANTO AMARO,RUA IMPERADOR PEDRO SEGUNDO,0,,RUA PRIMEIRO DE MARCO,EM FRENTE AO BANCO ITAÚ,,,,SANTO AMARO,COLISÃO TRANSVERSAL,,1,1,0,0,0,0,0,0,0,1,0,18,,Cruzamento,Chuvoso,Sem defeito,Perfeito estado,Molhada,Perfeito estado,Faixa de pedestre,Outras,40 km/h,Única,Faixa seccionada,,,,
2021-07-01,13:56:00,COM VÍTIMA,FINALIZADA,ESPINHEIRO,RUA AFONSO BATISTA,3,239,RUA GOMES PACHECO,PRÓX AO CHINA BAR,,,,ESPINHEIRO,COLISÃO LATERAL,,1,1,0,0,0,0,0,0,0,1,0,,SUBURBIO,Esquina,Bom,Não existe,Perfeito estado,Seca,Perfeito estado,Outros,Placas Pare,,Dupla,Não existe,,,,
2021-07-01,14:46:00,VÍTIMA FATAL,FINALIZADA,BOA VIAGEM,AV BOA VIAGEM,0,,,PRÓXIMO AO HOSPITAL DE AERONÁLTICA,,,,BOA VIAGEM,QUEDA,,1,1,0,0,0,0,0,0,0,1,1,,CIDADE,Longo da via,Bom,Não existe,Perfeito estado,Seca,Perfeito estado,Não existe,Não há placas,,Única,Faixa seccionada,,,,
2021-07-01,18:15:00,COM VÍTIMA,FINALIZADA,BOA VISTA,RUA DO RIACHUELO,4,1038,,,,,,BOA VISTA,COLISÃO FRONTAL,,2,0,1,0,0,0,0,0,0,2,0,,CIDADE,Longo da via,Bom,Não existe,Perfeito estado,Seca,Perfeito estado,Não existe,R-6a,,Única,Faixa contínua,,,,
2021-07-01,22:42:40,COM VÍTIMA,FINALIZADA,SANTO AMARO,RUA FREI CASSIMIRO,3,626,RUA FRANCISCO JACINTO,E/F A DELEGACIA,,,,SANTO AMARO,COLISÃO LATERAL,,1,1,0,0,0,0,0,0,0,1,0,,SUBURBIO,Cruzamento,Chuvoso,Não existe,Incompleta,Molhada,Mal iluminada,Não existe,Não há placas,,Dupla,Canteiro central,,,,
2021-07-02,07:54:00,COM VÍTIMA,FINALIZADA,CORDEIRO,EST DO FORTE DO ARRAIAL N. DO B. JESUS,3,341,RUA AUREO XAVIER,E/F AO RESTAURANTE O PESCADOR,,,,CORDEIRO,COLISÃO LATERAL,,1,1,0,0,0,0,0,0,0,1,0,,,Longo da via,Bom,Não existe,Perfeito estado,Seca,Perfeito estado,,Outras,,Dupla,Faixa contínua,,,,
2021-07-02,09:50:00,COM VÍTIMA,FINALIZADA,BOA VIAGEM,RUA SA E SOUZA,3,845,RUA DR LUIZ INACIO PESSOA DE MELO,PROX. AO RM EXPRESS,,,,BOA VIAGEM,COLISÃO LATERAL,,1,1,0,0,0,0,0,0,0,1,0,,SUBURBIO,Cruzamento,Bom,Não existe,Perfeito estado,Seca,Perfeito estado,Não existe,R-6a,,Dupla,Não existe,,,,
2021-07-02,11:16:00,COM VÍTIMA,FINALIZADA,ALTO JOSE BONIFACIO,RUA CORREGO DO EUCLIDES,3,258,,PROX. A UPA E O TERMINAL DE ONIBUS DO COR. DO EUCLIDES,,,,ALTO JOSÉ BONIFÁCIO,COLISÃO COM CICLISTA,,1,1,0,0,0,0,0,0,0,1,0,,CIDADE,Longo da via,Bom,Não existe,Não existente,Seca,Mal conservada,Não existe,Não há placas,,Dupla,Não existe,,,,
2021-07-02,11:48:00,COM VÍTIMA,FINALIZADA,IPSEP,AV RECIFE,4,2739,,EM FRENTE A PIZZARIA ATLANTICO,,,,IPSEP,COLISÃO LATERAL,,1,1,0,0,0,0,0,0,0,1,0,,SUBURBIO,Longo da via,Bom,Não existe,Perfeito estado,Seca,Perfeito estado,Não existe,Não há placas,,Dupla,Canteiro central,,,,
2021-07-02,15:09:00,COM VÍTIMA,FINALIZADA,CAXANGA,AV JOAQUIM RIBEIRO,0,,RUA RIBEIRO PESSOA,EM FRENTE UPA /SENTIDO DOIS IRMÃO,,,,CAXANGÁ,COLISÃO TRANSVERSAL,,0,1,0,0,0,0,0,0,0,1,0,281,SUBURBIO,Cruzamento,Bom,Sem defeito,Perfeito estado,Seca,Perfeito estado,Agente,,60 km/h,Única,Canteiro central,,,,
2021-07-02,15:45:00,COM VÍTIMA,FINALIZADA,CORDEIRO,AV CAXANGA,4,2694,,LADO OPOSTO AO ARMAZEM HELENA/ SENTIDO CIDADE,,,,CORDEIRO,ATROPELAMENTO DE PESSOA,,2,0,0,0,1,0,0,0,0,1,0,,CIDADE,Longo da via,Bom,Não existe,Perfeito estado,Seca,Perfeito estado,Faixa de retenção,Placas Pare,,Única,Não existe,,,,
2021-07-02,17:09:00,COM VÍTIMA,FINALIZADA,CAMPO GRANDE,EST DE BELEM,0,,,EM FRENTE AO SUPERMERCADO STTYLLO,,,,CAMPO GRANDE,COLISÃO LATERAL,,1,1,0,0,0,0,0,0,0,1,0,,,,,,,,,,,,,,,,,
2021-07-02,18:41:00,COM VÍTIMA,FINALIZADA,IBURA,AV DOIS RIOS,0,,,E/F AUPAE,,,,IBURA,COLISÃO LATERAL,,1,1,0,0,0,0,0,0,0,1,0,,,Longo da via,Chuvoso,Não existe,Ilegível,Molhada,Mal conservada,Não existe,Outras,,Dupla,,,,,
2021-07-02,20:54:40,COM VÍTIMA,FINALIZADA,IBURA,AV DOIS RIOS,3,393,,EM FRENTE A IGREJA UNIVERSAL,,,,IBURA,COLISÃO FRONTAL,,0,1,0,0,0,0,0,0,0,1,0,,CIDADE,Longo da via,Chuvoso,Não existe,Perfeito estado,Molhada,Perfeito estado,Não existe,Não há placas,,Dupla,Faixa contínua,,,,
2021-07-02,22:33:40,COM VÍTIMA,FINALIZADA,IMBIRIBEIRA,VDO PRESIDENTE TANCREDO NEVES,0,,,NO INÍCIO DO VIADUTO SENTIDO BOA VIAGEM.,,,,IMBIRIBEIRA,QUEDA,,0,0,0,1,0,0,0,0,0,1,0,,CIDADE,Viaduto,Chuvoso,Não existe,Perfeito estado,Molhada,Perfeito estado,,Não há placas,,Única,Canteiro central,,,,
2021-07-03,08:20:00,COM VÍTIMA,FINALIZADA,IPUTINGA,AV CAXANGA,4,7038,AV CAXANGA,PRÓXIMO AO BIG BOM PREÇO,,,,IPUTINGA,COLISÃO LATERAL,,1,0,0,0,0,0,0,0,0,1,0,533,SUBURBIO,Longo da via,Chuvoso,Sem defeito,Perfeito estado,Molhada,Perfeito estado,Faixa de pedestre,Não há placas,,Única,Faixa seccionada,,,,
2021-07-03,08:46:00,COM VÍTIMA,FINALIZADA,ROSARINHO,AV NORTE,0,,AV SANTOS DUMONT,,,,,ROSARINHO,COLISÃO LATERAL,,1,2,0,0,0,0,0,0,0,1,0,81,CIDADE,Longo da via,Chuvoso,Com defeito,Perfeito estado,Molhada,Perfeito estado,Faixa de pedestre,R-6a,,Dupla,Faixa contínua,,,,
2021-07-03,09:26:00,COM VÍTIMA,FINALIZADA,BOA VIAGEM,AV BOA VIAGEM,4,3610,,EM FRENTE DO PORTO CANOA,,,,BOA VIAGEM,COLISÃO TRASEIRA,,1,1,0,0,0,0,0,0,0,2,0,,CIDADE,Longo da via,Chuvoso,Sem defeito,Perfeito estado,Molhada,Perfeito estado,Não existe,Outras,,Única,Faixa seccionada,,,,
2021-07-03,15:12:00,COM VÍTIMA,FINALIZADA,CABANGA,VDO PAPA JOAO PAULO II,0,,,EM CIMA DO VIADUTO/ SENTIDO DERBY,,,,CABANGA,COLISÃO COM CICLISTA,,0,1,0,1,0,0,0,0,0,2,0,,CIDADE,Viaduto,Bom,Não existe,Perfeito estado,Seca,Perfeito estado,Não existe,Não há placas,,Dupla,Canteiro central,,,,
2021-07-04,10:38:00,COM VÍTIMA,FINALIZADA,PARNAMIRIM,AV FLOR DE SANTANA,3,223,RUA DO MARQUES,PROX. EDF. TORONTO,,,,PARNAMIRIM,COLISÃO LATERAL,,1,1,0,0,0,0,0,0,0,1,0,,,Cruzamento,Bom,Não existe,Incompleta,Seca,Mal conservada,Faixa de pedestre,Placas Pare,30 km/h,Dupla,Não existe,,,,
2021-07-04,16:12:00,COM VÍTIMA,FINALIZADA,ESPINHEIRO,RUA QUARENTA E OITO,0,,RUA CONS PORTELA,FARMÁCIA PAGUE MENOS,,,,ESPINHEIRO,COLISÃO LATERAL,,1,1,0,0,0,0,0,0,0,2,0,11,CIDADE,Cruzamento,Bom,Sem defeito,Perfeito estado,Seca,Perfeito estado,Faixa de pedestre,R-6a,,Única,Faixa contínua,,,,
2021-07-04,22:39:40,COM VÍTIMA,FINALIZADA,GRACAS,AV CONS ROSA E SILVA,3,471,RUA BRUNO MAIA,ESQUINA COM HOSPITAL DOS SERVIDORES[,,,,GRAÇAS,COLISÃO TRASEIRA,,1,1,0,0,0,0,0,0,0,1,0,,SUBURBIO,Longo da via,Bom,Não existe,Perfeito estado,Seca,Perfeito estado,,Outras,,Única,Faixa seccionada,,,,
2021-07-05,06:56:00,COM VÍTIMA,FINALIZADA,IBURA,AV DOM HELDER CAMARA,3,351,,E/F ARMAZÉM FAMA,,,,IBURA,QUEDA,,0,1,0,0,0,0,0,0,0,1,0,,CIDADE,Longo da via,Bom,Não existe,Perfeito estado,Seca,Perfeito estado,Não existe,Não há placas,,Dupla,Canteiro central,,,,
2021-07-05,07:11:00,COM VÍTIMA,FINALIZADA,PINA,AV CONSELHEIRO AGUIAR,3,523,RUA PEREIRA DA COSTA,LUCK VIAGENS,,,,PINA,QUEDA,,0,1,0,0,0,0,0,0,0,1,0,140,CIDADE,Longo da via,Bom,Sem defeito,Perfeito estado,Seca,Perfeito estado,Faixa de pedestre,Outras,,Única,Faixa contínua,Faixa seccionada,,,
2021-07-05,08:17:00,COM VÍTIMA,FINALIZADA,SAN MARTIN,AV CONSUL VILARES FRAGOSO,0,,RUA COMENDADOR FRANCO FERREIRA,AO LADO DA CAVALARIA,,,,SAN MARTIN,COLISÃO TRANSVERSAL,,1,1,0,0,0,0,0,0,0,1,0,,SUBURBIO,Cruzamento,Bom,Não existe,Incompleta,Seca,Perfeito estado,Não existe,R-6a,,Dupla,Faixa contínua,,,,
2021-07-05,09:32:00,COM VÍTIMA,FINALIZADA,ESPINHEIRO,AV GOVERNADOR AGAMENON MAGALHAES,4,2764,RUA BUENOS AYRES,M FRENTE AO EDF ANTONIO DE ALBUQUERQUE GALVAO,,,,ESPINHEIRO,COLISÃO TRASEIRA,,2,0,0,0,0,0,0,0,0,1,0,78,SUBURBIO,Longo da via,Bom,Sem defeito,Perfeito estado,Seca,Perfeito estado,Faixa de pedestre,,60 km/h,Dupla,Faixa contínua,,,,
2021-07-05,10:03:00,COM VÍTIMA,FINALIZADA,CASA AMARELA,AV NORTE,0,,AV PROFESSOR JOSE DOS ANJOS,EM FRENTE AO SESC,,,,CASA AMARELA,COLISÃO TRASEIRA,,1,1,0,0,0,0,0,0,0,1,0,364,SUBURBIO,Cruzamento,Bom,Sem defeito,Perfeito estado,Seca,Perfeito estado,,Outras,,Dupla,Não existe,,,,
2021-07-05,14:49:00,COM VÍTIMA,FINALIZADA,MACAXEIRA,AV DA RECUPERACAO,0,,,PRÓX AO T.I. MACAXEIRA,,,,MACAXEIRA,COLISÃO FRONTAL,,0,2,0,0,0,0,0,0,0,2,0,,SUBURBIO,Longo da via,Bom,Não existe,Perfeito estado,Seca,Perfeito estado,Não existe,Não há placas,,Dupla,Faixa seccionada,,,,
2021-07-05,16:22:00,COM VÍTIMA,FINALIZADA,MONTEIRO,AV DR EURICO CHAVES,3,341,,E/F AO BAR PARADA OBRIGATORIA,,,,MONTEIRO,COLISÃO TRASEIRA,,0,2,0,0,0,0,0,0,0,1,0,,CIDADE,Longo da via,Bom,Não existe,Perfeito estado,Seca,Perfeito estado,Não existe,,30 km/h,Dupla,Faixa seccionada,,,,
2021-07-05,22:03:40,COM VÍTIMA,FINALIZADA,CASA AMARELA,AV NORTE,4,6246,,NA SUBIDA DO VASCO / E/F AO POSTO BR,,,,CASA AMARELA,ATROPELAMENTO DE PESSOA,,0,1,0,0,1,0,0,0,0,2,0,66,CIDADE,Longo da via,Chuvoso,Sem defeito,Perfeito estado,Molhada,Perfeito estado,Faixa de pedestre,Outras,60 km/h,Dupla,Faixa seccionada,,,,
2021-07-06,12:26:00,COM VÍTIMA,FINALIZADA,SAO JOSE,RUA CAPITAO TEMUDO,0,,,EM CIMA DO VIADUTO/ SENTIDO CIDADE,,,,SÃO JOSÉ,COLISÃO TRASEIRA,,1,1,0,0,0,0,0,0,0,1,0,,CIDADE,Viaduto,Bom,Não existe,Perfeito estado,Seca,Perfeito estado,Outros,Não há placas,,Dupla,Canteiro central,,,,
2021-07-06,13:34:00,COM VÍTIMA,FINALIZADA,SAO JOSE,AV ENGENHEIRO JOSE ESTELITA,0,,,EM FRENTE AO EDF. MIRANTE DO CAIS,,,,SÃO JOSÉ,COLISÃO TRASEIRA,,1,1,0,0,0,0,0,0,0,1,0,,CIDADE,Longo da via,Bom,Não existe,Incompleta,Seca,Perfeito estado,Não existe,Não há placas,60 km/h,Única,Faixa seccionada,,,,
2021-07-06,14:16:00,COM VÍTIMA,FINALIZADA,CASA FORTE,AV DEZESSETE DE AGOSTO,0,,,CENTRO MÉDICO SEN. ERMÍRIO DE MORAES,,,,CASA FORTE,COLISÃO TRANSVERSAL,,2,0,0,0,0,0,0,0,0,1,0,251,SUBURBIO,Longo da via,Bom,Sem defeito,Perfeito estado,Seca,Perfeito estado,Faixa de pedestre,Outras,,Dupla,Faixa contínua,,,,
2021-07-06,14:52:00,COM VÍTIMA,FINALIZADA,MADALENA,RUA ARLINDO GOUVEIA,2,39,RUA BENFICA,EM FRENTE AO CLUBE INTERNACIONAL,,,,MADALENA,COLISÃO TRANSVERSAL,,1,1,0,0,0,0,0,0,0,1,0,620,CIDADE,Cruzamento,Bom,Sem defeito,Perfeito estado,Seca,Perfeito estado,Faixa de pedestre,Não há placas,,Dupla,Faixa seccionada,,,,
2021-07-06,18:19:00,COM VÍTIMA,FINALIZADA,SANTO AMARO,RUA FREI CASSIMIRO,0,,,E/F A ANTIGA CTTU,,,,SANTO AMARO,CHOQUE,,1,1,0,0,0,0,0,0,0,1,0,,SUBURBIO,Longo da via,Bom,Não existe,Não existente,Seca,Perfeito estado,Não existe,Não há placas,,Dupla,Não existe,,,,
2021-07-07,11:25:00,COM VÍTIMA,FINALIZADA,BOA VIAGEM,AV ENGENHEIRO DOMINGOS FERREIRA,3,883,,EM FRENTE À J CARLOS MÓVEIS,,,,BOA VIAGEM,COLISÃO LATERAL,,2,0,0,0,0,0,0,0,0,1,0,,SUBURBIO,Longo da via,Bom,Sem defeito,Perfeito estado,Seca,Perfeito estado,,,60 km/h,Única,Faixa seccionada,,,,
2021-07-07,16:05:00,COM VÍTIMA,FINALIZADA,BOA VIAGEM,AV BOA VIAGEM,4,2846,,E/F A PADARIA BOA VIAGEM,,,,BOA VIAGEM,COLISÃO TRASEIRA,,1,1,0,0,0,0,0,0,0,1,0,548,,Longo da via,Bom,Sem defeito,Perfeito estado,Seca,Perfeito estado,,,,Única,Faixa seccionada,,,,
2021-07-08,12:14:00,COM VÍTIMA,FINALIZADA,BOA VIAGEM,AV CELSO FURTADO,0,,,FINAL DA VIA MANGUE/ PROXIMO AO SHOPPING RECIFE/ SENTIDO AEROPORTO,,,,BOA VIAGEM,COLISÃO TRASEIRA,,1,1,0,0,0,0,0,0,0,1,0,,,,,,,,,,,,,,,,,
2021-07-08,16:12:00,COM VÍTIMA,FINALIZADA,SAN MARTIN,AV ENGENHEIRO ABDIAS DE CARVALHO,3,893,,SOB O SEMÁFORO 422 / CTTU,,,,SAN MARTIN,COLISÃO FRONTAL,,0,2,0,0,0,0,0,0,0,1,0,422,SUBURBIO,Cruzamento,Bom,Sem defeito,Perfeito estado,Seca,Perfeito estado,Outros,Não há placas,60 km/h,Dupla,Canteiro central,,,,
2021-07-08,18:09:00,COM VÍTIMA,FINALIZADA,MADALENA,RUA BENFICA,0,,,E/F AO MUSEU DA ABOLIÇAO,,,,MADALENA,ATROPELAMENTO DE PESSOA,,0,0,0,0,1,1,0,0,0,1,0,257,SUBURBIO,Longo da via,Bom,Sem defeito,Perfeito estado,Seca,Perfeito estado,Faixa de pedestre,Outras,,Dupla,Faixa contínua,,,,
2021-07-08,19:14:00,COM VÍTIMA,FINALIZADA,FUNDAO,AV BEBERIBE,4,2491,RUA CORRENTES,PROX A PIZZARIA DO GEMEOS,,,,FUNDÃO,COLISÃO LATERAL,,1,1,0,0,0,0,0,0,0,1,0,,SUBURBIO,Cruzamento,Bom,Não existe,Não existente,Seca,Perfeito estado,Não existe,Não há placas,60 km/h,Dupla,Faixa seccionada,,,,
2021-07-08,20:12:00,COM VÍTIMA,FINALIZADA,IBURA,AV RIO LARGO,4,1704,,E/F AO SUPERMECADO PROABE ALIMENTOS,,,,IBURA,COLISÃO LATERAL,,1,1,0,0,0,0,0,0,0,1,0,512,DUPLO,Longo da via,Bom,Sem defeito,Perfeito estado,Seca,Perfeito estado,Faixa de pedestre,Não há placas,,Dupla,Não existe,,,,
2021-07-09,07:21:00,COM VÍTIMA,FINALIZADA,IMBIRIBEIRA,AV GENERAL MAC ARTHUR,0,,RUA SARGENTO SILVINO DE MACEDO,PROX. AO POSTO DE GASOLINA BR,,,,IMBIRIBEIRA,COLISÃO COM CICLISTA,,1,0,0,1,0,0,0,0,0,1,0,640,SUBURBIO,Esquina,Bom,Sem defeito,Perfeito estado,Seca,Perfeito estado,Faixa de pedestre,R-6a,40 km/h,Única,Faixa seccionada,,,,
2021-07-09,12:09:00,COM VÍTIMA,FINALIZADA,BOA VIAGEM,AV ENGENHEIRO DOMINGOS FERREIRA,0,,RUA ARTUR MUNIZ,EM FRENTE AO EXTRA,,,,BOA VIAGEM,COLISÃO LATERAL,,1,1,0,0,0,0,0,0,0,1,0,380,SUBURBIO,Cruzamento,Bom,Sem defeito,Perfeito estado,Seca,Perfeito estado,Faixa de pedestre,R-6a,,Dupla,Canteiro central,,,,
2021-07-01,13:26:00,COM VÍTIMA,FINALIZADA,GRACAS,AV GOVERNADOR AGAMENON MAGALHAES,0,,,APOS O SEMÁFORO 173,,,,GRAÇAS,QUEDA,,0,1,0,0,0,0,0,0,0,1,0,173,BOA VIAGEM,Longo da via,Nublado,Sem defeito,Perfeito estado,Seca,Perfeito estado,,Não há placas,60 km/h,Dupla,Canal,,,,
2021-07-09,15:58:00,COM VÍTIMA,FINALIZADA,ARRUDA,AV PROFESSOR JOSE DOS ANJOS,4,1029,EST VELHA DE AGUA FRIA,NO SEMÁFORO 306/ SENTIDO AV. NORTE,,,,ARRUDA,COLISÃO LATERAL,,0,2,0,0,0,0,0,0,0,2,0,306,,Cruzamento,Bom,Sem defeito,Perfeito estado,Seca,Perfeito estado,Faixa de pedestre,R-6a,,Dupla,Canteiro central,,,,
2021-07-09,16:50:00,COM VÍTIMA,FINALIZADA,MADALENA,AV VISCONDE DE ALBUQUERQUE,3,400,RUA LOPES DE CARVALHO,EM FRENTE AO SERASA E A VALIDE,,,,MADALENA,COLISÃO LATERAL,,1,1,0,0,0,0,0,0,0,1,0,,SUBURBIO,Cruzamento,Bom,Não existe,,Seca,Perfeito estado,Não existe,Não há placas,60 km/h,Única,Não existe,,,,