data,hora,natureza_acidente,situacao,bairro,endereco,,numero,detalhe_endereco_acidente,complemento,endereco_cruzamento,numero_cruzamento,referencia_cruzamento,bairro_cruzamento,tipo,descricao,auto,moto,ciclom,ciclista,pedestre,onibus,caminhao,viatura,outros,vitimas,vitimasfatais,num_semaforo,sentido_via,acidente_verificado,tempo_clima,situacao_semaforo,sinalizacao,condicao_via,conservacao_via,ponto_controle,situacao_placa,velocidade_max_via,mao_direcao,divisao_via1,divisao_via2,divisao_via3,_id,Protocolo
2021-07-09,21:16:40,VÍTIMA FATAL,FINALIZADA,IMBIRIBEIRA,AV MARECHAL MASCARENHAS DE MORAES,0,,,EM FRENTE A LOCALIZA RENT A CAR,,,,IMBIRIBEIRA,ATROPELAMENTO DE PESSOA,,0,0,0,0,1,1,0,0,0,0,1,,SUBURBIO,Outros,Bom,Sem defeito,Perfeito estado,Seca,Perfeito estado,Não existe,Não há placas,50 km/h,Dupla,Canteiro central,,,,
2021-07-10,06:33:00,COM VÍTIMA,FINALIZADA,ESPINHEIRO,AV GOVERNADOR AGAMENON MAGALHAES,4,2860,,E/F AO  EDF. MARIA CLARA (VIA LOCAL) // SENTIDO BOA VIAGEM,,,,ESPINHEIRO,COLISÃO LATERAL,,1,1,0,0,0,0,0,0,0,1,0,,,Longo da via,Chuvoso,Não existe,Perfeito estado,Molhada,Perfeito estado,Não existe,Outras,60 km/h,Dupla,Faixa seccionada,Canteiro central,Canal,,
2021-07-10,07:56:00,COM VÍTIMA,FINALIZADA,BOA VISTA,RUA DOM BOSCO,0,,,EM FRENTE AO QUARTEL DA RADIO PATRULHA,,,,BOA VISTA,COLISÃO LATERAL,,1,1,0,0,0,0,0,0,0,1,0,,SUBURBIO,Longo da via,Bom,Não existe,Perfeito estado,Seca,Perfeito estado,Não existe,Não há placas,,Única,Faixa seccionada,,,,
2021-07-10,10:59:00,COM VÍTIMA,FINALIZADA,BOA VIAGEM,RUA RIBEIRO DE BRITO,2,40,,APOS A FACULDADE UNINASASAU // SENT. AV RECIFE,,,,BOA VIAGEM,COLISÃO LATERAL,,0,1,0,0,0,1,0,0,0,1,0,,SUBURBIO,Longo da via,Bom,Não existe,Perfeito estado,Seca,Perfeito estado,Não existe,Não há placas,,Única,Faixa seccionada,,,,
2021-07-10,11:45:00,COM VÍTIMA,FINALIZADA,IPUTINGA,RUA SAO MATEUS,3,365,RUA DR VIRGINIO MARQUES,E/F AO COLÉGIO SÃO DOMINGOS,,,,IPUTINGA,COLISÃO LATERAL,,1,1,0,0,0,0,0,0,0,1,0,,SUL,Cruzamento,Bom,Não existe,Perfeito estado,Seca,Perfeito estado,Não existe,Não há placas,40 km/h,Dupla,Não existe,,,,
2021-07-10,15:12:00,COM VÍTIMA,FINALIZADA,BOA VISTA,AV CONDE DA BOA VISTA,0,,RUA GERVASIO PIRES,EM FRENTE À LOJA RENNER,,,,BOA VISTA,COLISÃO COM CICLISTA,,0,0,0,1,0,1,0,0,0,1,0,24,SUBURBIO,Longo da via,Bom,Não existe,Perfeito estado,Seca,Perfeito estado,Não existe,Não há placas,40 km/h,Única,Faixa seccionada,,,,
2021-07-10,15:45:00,COM VÍTIMA,FINALIZADA,VASCO DA GAMA,AV VEREADOR OTACILIO AZEVEDO,3,877,,NA ENTRADA DO CORREGO DO CAROA,,,,VASCO DA GAMA,COLISÃO FRONTAL,,2,0,0,0,0,0,0,0,0,2,0,877,CIDADE,Longo da via,Chuvoso,Não existe,Não existente,Molhada,Perfeito estado,Outros,Outras,,Dupla,Faixa seccionada,,,,
2021-07-10,17:42:00,COM VÍTIMA,FINALIZADA,CORDEIRO,AV CAXANGA,4,1985,,EM FRENTE AO CERPRO,,,,CORDEIRO,COLISÃO FRONTAL,,2,0,0,0,0,0,0,0,0,1,0,,CIDADE,Longo da via,Bom,Não existe,Perfeito estado,Seca,Perfeito estado,Não existe,Não há placas,60 km/h,Única,Canteiro central,,,,
2021-07-11,10:49:00,COM VÍTIMA,FINALIZADA,BOA VIAGEM,AV BOA VIAGEM,4,5354,RUA VERDES MARES,EM FRENTE 5354,,,,BOA VIAGEM,COLISÃO TRASEIRA,,2,0,0,0,0,0,0,0,0,2,0,,CIDADE,Longo da via,Bom,Não existe,Perfeito estado,Seca,Perfeito estado,Faixa de pedestre,R-6a,60 km/h,Única,Faixa seccionada,,,,
2021-07-11,20:19:00,COM VÍTIMA,FINALIZADA,CASA FORTE,EST DO ENCANAMENTO,0,,,COM A RUA MARECHAL RONDON,,,,CASA FORTE,COLISÃO COM CICLISTA,,1,0,0,1,0,0,0,0,0,1,0,,CIDADE,Cruzamento,Chuvoso,Não existe,Perfeito estado,Molhada,Perfeito estado,Não existe,Não há placas,,Dupla,Não existe,,,,
2021-07-11,20:31:40,COM VÍTIMA,FINALIZADA,ARRUDA,AV BEBERIBE,4,1478,,PROX AO CANAL DA CONSTRUÇÃO  / EM FRENTE A ANTIGA EMPRESA SP,,,,ARRUDA,CHOQUE,,0,1,0,0,0,0,0,0,0,1,0,,SUBURBIO,Longo da via,Chuvoso,Não existe,Perfeito estado,Molhada,Mal conservada,,Não há placas,40 km/h,Dupla,Faixa contínua,,,,
2021-07-11,22:09:40,COM VÍTIMA,FINALIZADA,SAO JOSE,RUA DA CONCORDIA,3,874,RUA DO PEIXOTO,SEMAFORO 182 / EM FRENTE AO EDF CAMPO FRIO,,,,SÃO JOSÉ,COLISÃO LATERAL,,1,0,0,0,0,1,0,0,0,1,0,182,CIDADE,Cruzamento,Bom,Intermitente,Perfeito estado,Seca,Perfeito estado,Outros,Outras,,Única,Não existe,,,,
2021-07-12,06:12:00,COM VÍTIMA,FINALIZADA,CAXANGA,AV CAXANGA,2,40,RUA RIBEIRO PESSOA,EM FRENTE UPA,,,,CAXANGÁ,COLISÃO LATERAL,,2,0,0,0,0,0,0,0,0,2,0,281,SUBURBIO,Cruzamento,Bom,Sem defeito,Perfeito estado,Molhada,Perfeito estado,Faixa de pedestre,Não há placas,,Dupla,Faixa contínua,Faixa seccionada,,,
2021-07-12,07:24:00,COM VÍTIMA,FINALIZADA,CAXANGA,AV CAXANGA,0,,,EM FRENTE A FIAT ITALIANA  SENTIDO CAMARAGIBE,,,,CAXANGÁ,COLISÃO COM CICLISTA,,1,0,0,1,0,1,0,0,0,1,0,,SUBURBIO,Longo da via,Bom,Não existe,Incompleta,Molhada,Perfeito estado,Não existe,R-6a,,Dupla,Faixa contínua,Faixa seccionada,,,
2021-07-12,10:12:00,COM VÍTIMA,FINALIZADA,DERBY,AV GOVERNADOR AGAMENON MAGALHAES,0,,,ATROPELAMENTO,,,,DERBY,ATROPELAMENTO DE PESSOA,,1,0,0,0,1,0,0,0,0,1,0,,SUBURBIO,Longo da via,Chuvoso,Sem defeito,Perfeito estado,Molhada,Perfeito estado,Não existe,Não há placas,60 km/h,Única,Faixa seccionada,,,,
2021-07-12,10:56:00,COM VÍTIMA,FINALIZADA,ESTANCIA,AV RECIFE,4,5001,,EM FRENTE AO ANTIGO MAKRO,,,,ESTÂNCIA,COLISÃO TRASEIRA,,1,1,0,0,0,0,0,0,0,1,0,621,SUBURBIO,Longo da via,Bom,Sem defeito,Perfeito estado,Seca,Perfeito estado,Faixa de pedestre,Não há placas,60 km/h,Dupla,,,,,
2021-07-12,12:13:00,COM VÍTIMA,FINALIZADA,BEBERIBE,RUA DALVA DE OLIVEIRA,0,,,PROX A AMBEV  E/F A IGREJA BATISTA DO VALE,,,,BEBERIBE,COLISÃO COM CICLISTA,,1,0,0,1,0,0,0,0,0,1,0,,SUBURBIO,Cruzamento,Bom,Não existe,Não existente,Seca,Perfeito estado,Não existe,Placas Dê a preferência,,Dupla,Não existe,,,,
2021-07-12,18:35:00,COM VÍTIMA,FINALIZADA,VARZEA,AV AFONSO OLINDENSE,3,700,,PROX AO COLISEU,,,,VÁRZEA,COLISÃO LATERAL,,1,1,0,0,0,0,0,0,0,1,0,,SUBURBIO,Longo da via,Bom,Não existe,Perfeito estado,Seca,Perfeito estado,Outros,Não há placas,40 km/h,Dupla,Faixa contínua,,,,
2021-07-12,22:07:40,COM VÍTIMA,FINALIZADA,CAXANGA,AV JOAQUIM RIBEIRO,4,1282,,PROX A PURE GELO,,,,CAXANGÁ,COLISÃO TRASEIRA,,0,1,0,0,0,0,1,0,0,1,0,,SUBURBIO,Longo da via,Bom,Não existe,Perfeito estado,Seca,Perfeito estado,Não existe,Não há placas,,Dupla,Faixa contínua,Faixa seccionada,Canteiro central,,
2021-07-13,07:57:00,COM VÍTIMA,FINALIZADA,TORRE,RUA MARQUES DE MARICA,3,236,RUA SOUZA BANDEIRA,EDF. VIVENDA DOS GIRASSOIS,,,,TORRE,COLISÃO LATERAL,,1,1,0,0,0,0,0,0,0,1,0,317,,Cruzamento,Bom,Sem defeito,Perfeito estado,Seca,Perfeito estado,Faixa de pedestre,R-6a,,Dupla,Faixa contínua,Faixa seccionada,,,
2021-07-13,10:34:00,COM VÍTIMA,FINALIZADA,BOA VIAGEM,AV CONSELHEIRO AGUIAR,4,1991,,EM FRENTE A PADARIA AUGUSTA,,,,BOA VIAGEM,COLISÃO TRASEIRA,,1,0,0,0,0,1,0,0,0,1,0,,CIDADE,Longo da via,Bom,Sem defeito,Perfeito estado,Seca,Perfeito estado,Outros,Não há placas,60 km/h,Única,Faixa contínua,,,,
2021-07-13,18:59:00,COM VÍTIMA,FINALIZADA,ENCRUZILHADA,RUA DR FERNANDO ALLAIN,2,25,RUA MARQUES DO PARANA,E/F AO MARTELINHO DE OURO,,,,ENCRUZILHADA,COLISÃO FRONTAL,,2,0,0,0,0,0,0,0,0,1,0,,CIDADE,Cruzamento,Bom,Não existe,Perfeito estado,Seca,Perfeito estado,Faixa de retenção,Placas Pare,,Única,,,,,
2021-07-14,11:40:00,COM VÍTIMA,FINALIZADA,HIPODROMO,EST DE BELEM,3,836,RUA PRUDENTE DE MORAES,ESQUINA DO POSTO TOTAL,,,,HIPÓDROMO,COLISÃO FRONTAL,,0,1,0,0,0,1,0,0,0,1,0,94,,Cruzamento,Bom,Sem defeito,Perfeito estado,Seca,Perfeito estado,Faixa de pedestre,Outras,30 km/h,Dupla,Faixa contínua,,,,
2021-07-14,15:43:00,COM VÍTIMA,FINALIZADA,TAMARINEIRA,AV NORTE,4,4001,,APÓS O SESC DE CASA AMARELA,,,,TAMARINEIRA,ATROPELAMENTO DE PESSOA,,0,1,0,0,1,0,0,0,0,1,0,,CIDADE,Longo da via,Bom,Não existe,Perfeito estado,Seca,Perfeito estado,Não existe,Não há placas,,Única,Faixa seccionada,,,,
2021-07-14,17:23:00,COM VÍTIMA,FINALIZADA,SAO JOSE,AV SUL,0,,,NO SEMÁFORO 260,,,,SÃO JOSÉ,COLISÃO LATERAL,,1,1,0,0,0,0,0,0,0,1,0,260,CIDADE,Cruzamento,Nublado,Sem defeito,Incompleta,Molhada,Perfeito estado,Faixa de pedestre,Não há placas,,Única,Não existe,,,,
2021-07-14,20:12:00,COM VÍTIMA,FINALIZADA,MADALENA,AV VISCONDE DE ALBUQUERQUE,3,401,,E/F AO MADALENA CENTER,,,,MADALENA,COLISÃO TRASEIRA,,3,0,0,0,0,1,0,0,0,1,0,,CIDADE,Cruzamento,Bom,Não existe,Perfeito estado,Seca,Perfeito estado,Não existe,Placas Pare,,Única,Faixa seccionada,,,,
2021-07-15,08:09:00,COM VÍTIMA,FINALIZADA,DOIS IRMAOS,RUA MANUEL DE MEDEIROS,3,123,,EM FRENTE A UNIVERSIDADE RURAL,,,,DOIS IRMÃOS,COLISÃO TRASEIRA,,1,1,0,0,0,0,0,0,0,1,0,224,,Longo da via,Bom,Sem defeito,Perfeito estado,Molhada,Mal conservada,Não existe,R-19,30 km/h,Dupla,Não existe,,,,
2021-07-15,10:48:00,COM VÍTIMA,FINALIZADA,BOA VIAGEM,AV ENGENHEIRO DOMINGOS FERREIRA,4,1472,,TREED CENTER,,,,BOA VIAGEM,COLISÃO TRANSVERSAL,,1,1,0,0,0,0,0,0,0,1,0,,SUBURBIO,Longo da via,Bom,Não existe,Perfeito estado,Seca,Perfeito estado,Não existe,Não há placas,60 km/h,Única,Canteiro central,,,,
2021-07-15,12:23:00,COM VÍTIMA,FINALIZADA,AFOGADOS,RUA NICOLAU PEREIRA,3,445,,EM FRENTE AO ARMAZEM CORAL,,,,AFOGADOS,COLISÃO TRASEIRA,,1,2,0,0,0,0,0,0,0,1,0,242,SUBURBIO,Longo da via,Bom,Sem defeito,Perfeito estado,Seca,Perfeito estado,Não existe,,,,,,,,
2021-07-15,14:46:00,COM VÍTIMA,FINALIZADA,ESPINHEIRO,AV GOVERNADOR AGAMENON MAGALHAES,4,3158,,EM FRENTE A MEDICAL / SENTIDO BOA VIAGEM,,,,ESPINHEIRO,COLISÃO TRASEIRA,,1,1,0,0,0,0,0,0,0,1,0,,BOA VIAGEM,Longo da via,Bom,Sem defeito,Perfeito estado,Seca,Perfeito estado,Não existe,Não há placas,60 km/h,Dupla,Faixa seccionada,,,,
2021-07-15,16:34:00,COM VÍTIMA,FINALIZADA,CIDADE UNIVERSITARIA,AV PROFESSOR LUIZ FREIRE,3,500,,PRÓX AO IFPE,,,,CIDADE UNIVERSITÁRIA,QUEDA,,0,1,0,0,0,0,0,0,0,1,0,374,BR-101,Longo da via,Bom,Sem defeito,Incompleta,Seca,Mal conservada,,Não há placas,30 km/h,Única,Faixa seccionada,,,,
2021-07-15,16:18:00,COM VÍTIMA,FINALIZADA,TORROES,AV ENGENHEIRO ABDIAS DE CARVALHO,0,,RUA QUINZE DE MARCO,NO SEMAFORO 422 PROX A CHESF  S/T BR,,,,TORRÕES,COLISÃO LATERAL,,1,1,0,0,0,0,0,0,0,1,0,422,SUBURBIO,Cruzamento,Bom,Sem defeito,Perfeito estado,Seca,,Faixa de pedestre,Não há placas,60 km/h,Única,Canteiro central,,,,
2021-07-15,16:27:00,COM VÍTIMA,FINALIZADA,ENCRUZILHADA,AV BEBERIBE,3,376,,E/F AO BANCO DO BRASIL S/T  SUB,,,,ENCRUZILHADA,COLISÃO FRONTAL,,1,1,0,0,0,0,0,0,0,1,0,,SUBURBIO,Longo da via,Bom,,Perfeito estado,Seca,Perfeito estado,Não existe,R-6a,60 km/h,Dupla,Faixa contínua,,,,
2021-07-16,09:52:00,COM VÍTIMA,FINALIZADA,BOA VIAGEM,RUA ERNESTO DE PAULA SANTOS,4,1114,RUA AGENOR LOPES,APOS A FARMACIA PAGUE MENOS,,,,BOA VIAGEM,COLISÃO LATERAL,,1,1,0,0,0,0,0,0,0,1,0,,,Cruzamento,Chuvoso,Não existe,Perfeito estado,Molhada,Perfeito estado,Faixa de pedestre,Não há placas,,Única,Faixa seccionada,,,,
2021-07-16,11:47:00,COM VÍTIMA,FINALIZADA,SAO JOSE,AV SUL,0,,,AO LADO DO POSTO BR. PRAÇA SÉRGIO LORETO.,,,,SÃO JOSÉ,COLISÃO TRASEIRA,,1,1,0,0,0,0,0,0,0,1,0,311,CIDADE,Longo da via,Chuvoso,Sem defeito,Perfeito estado,Molhada,Perfeito estado,Faixa de retenção,Outras,,Dupla,Canteiro central,,,,
2021-07-16,16:32:00,COM VÍTIMA,FINALIZADA,BOA VIAGEM,RUA ERNESTO DE PAULA SANTOS,4,1342,RUA CORONEL ANIZIO RODRIGUES COELHO,PROX A PALADARIA  E DELICATESSEN,,,,BOA VIAGEM,COLISÃO LATERAL,,2,0,0,0,0,0,0,0,0,1,0,,CIDADE,Cruzamento,Bom,Não existe,Perfeito estado,Molhada,Perfeito estado,Não existe,Não há placas,,Única,Não existe,,,,
2021-07-16,20:40:00,COM VÍTIMA,FINALIZADA,BOA VIAGEM,AV CONSELHEIRO AGUIAR,4,3628,,E/F AO HOSPITAL VERETINARIO ARMONIA,,,,BOA VIAGEM,COLISÃO TRASEIRA,,1,1,0,0,0,0,0,0,0,1,0,,SUBURBIO,Longo da via,Bom,Não existe,Perfeito estado,Seca,Perfeito estado,Não existe,R-6a,,Única,Canteiro central,,,,
2021-07-17,14:11:00,COM VÍTIMA,FINALIZADA,ROSARINHO,RUA DR JOSE MARIA,3,855,,PROX AO TAMARIDU´S FESTAS S/T SUB,,,,ROSARINHO,COLISÃO LATERAL,,1,1,0,0,0,0,0,0,0,1,0,,,,,,,,,,,,,,,,,
2021-07-17,19:31:00,COM VÍTIMA,FINALIZADA,BOA VIAGEM,AV BOA VIAGEM,4,1998,,PROX AO EDFC PLAZA DEL MAR,,,,BOA VIAGEM,ATROPELAMENTO DE PESSOA,,0,1,0,0,1,0,0,0,0,1,0,117,CIDADE,Longo da via,Bom,Sem defeito,Perfeito estado,Seca,Perfeito estado,Faixa de pedestre,Não há placas,60 km/h,Única,Faixa contínua,,,,
2021-07-17,19:36:00,COM VÍTIMA,FINALIZADA,BOA VIAGEM,RUA VISCONDE DE JEQUITINHONHA,3,138,,LADO OPOSTO A CHURRASCARIA PONTEIO,,,,BOA VIAGEM,ATROPELAMENTO DE PESSOA,,1,0,0,0,1,0,0,0,0,1,0,,SUBURBIO,Longo da via,Bom,Não existe,Não existente,Seca,Perfeito estado,Não existe,Não há placas,,Única,Faixa seccionada,,,,
2021-07-17,20:39:40,COM VÍTIMA,FINALIZADA,CORDEIRO,AV GENERAL SAN MARTIN,3,624,RUA GOMES TABORDA,E/F A DROGASIL,,,,CORDEIRO,COLISÃO TRANSVERSAL,,1,1,0,0,0,0,0,0,0,1,0,67,SUBURBIO,Cruzamento,Chuvoso,Sem defeito,Não existente,Molhada,Perfeito estado,Faixa de pedestre,Outras,,Dupla,Faixa contínua,,Não existe,,
2021-07-17,22:21:40,COM VÍTIMA,FINALIZADA,BOA VIAGEM,AV BOA VIAGEM,4,2054,,E/F AO EDFC  CASA ALTA,,,,BOA VIAGEM,COLISÃO TRASEIRA,,1,1,0,0,0,0,0,0,0,1,0,117,,,,,,,,,,,,,,,,
2021-07-18,07:40:00,COM VÍTIMA,FINALIZADA,SANTO AMARO,AV DR JAYME DA FONTE,0,,AV CRUZ CABUGA,SEMÁFORO 373,,,,SANTO AMARO,COLISÃO LATERAL,,2,0,0,0,0,0,0,0,0,3,0,373,SUBURBIO,Cruzamento,Bom,Sem defeito,Perfeito estado,Seca,Perfeito estado,Faixa de pedestre,Outras,,Dupla,Canteiro central,,,,
2021-07-19,07:36:00,COM VÍTIMA,FINALIZADA,ILHA JOANA BEZERRA,RUA CAPITAO TEMUDO,0,,,,,,,ILHA JOANA BEZERRA,QUEDA,,0,1,0,0,0,0,0,0,0,1,0,,CIDADE,Viaduto,Chuvoso,Não existe,Perfeito estado,Molhada,Perfeito estado,Agente,Placas Dê a preferência,,Dupla,Canteiro central,,,,
2021-07-19,08:35:00,COM VÍTIMA,FINALIZADA,ARRUDA,AV BEBERIBE,4,1217,,ESTÁDIO DO SANTA CRUZ,,,,ARRUDA,COLISÃO TRASEIRA,,1,1,0,0,0,0,0,0,0,1,0,,CIDADE,Longo da via,Chuvoso,,Perfeito estado,Molhada,Perfeito estado,Faixa de pedestre,Outras,60 km/h,Dupla,Faixa contínua,,,,
2021-07-19,11:48:00,COM VÍTIMA,FINALIZADA,AFOGADOS,RUA SAO MIGUEL,3,443,RUA GENERAL CARLOS LIRA,EM FRENTE AO POSTO DE COMBUSTIVEL DISLUB,,,,AFOGADOS,COLISÃO LATERAL,,1,1,0,0,0,0,0,0,0,1,0,,SUBURBIO,Longo da via,Chuvoso,Não existe,Perfeito estado,Molhada,Perfeito estado,Faixa de pedestre,Não há placas,60 km/h,Dupla,Faixa contínua,,,,
2021-07-20,10:15:00,COM VÍTIMA,FINALIZADA,BOA VIAGEM,RUA SA E SOUZA,0,,RUA BARAO DE SOUZA LEAO,E/F AO COLÉGIO SANTOS DUMONT,,,,BOA VIAGEM,ATROPELAMENTO DE PESSOA,,0,0,0,0,1,0,0,0,0,1,0,159,SUBURBIO,Cruzamento,Bom,Sem defeito,Perfeito estado,Seca,Perfeito estado,Faixa de pedestre,Outras,60 km/h,Única,Faixa contínua,,,,
2021-07-20,15:57:00,COM VÍTIMA,FINALIZADA,CORDEIRO,RUA SOUZA BANDEIRA,2,52,AV CAXANGA,LIVRARIA E PAPELARIA CAXANGÁ,,,,CORDEIRO,COLISÃO LATERAL,,1,1,0,0,0,0,0,0,0,1,0,236,,Longo da via,Bom,Sem defeito,Perfeito estado,Seca,Perfeito estado,Faixa de pedestre,Não há placas,,Única,Faixa seccionada,,,,
2021-07-20,17:04:00,COM VÍTIMA,FINALIZADA,IMBIRIBEIRA,RUA SUELI LUNA MENELAU,0,,AV MARECHAL MASCARENHAS DE MORAES,EM FRENTE A OFICINA ELICAR,,,,IMBIRIBEIRA,COLISÃO LATERAL,,1,1,0,0,0,0,0,0,0,1,0,,CIDADE,Cruzamento,Bom,Não existe,Não existente,Seca,Perfeito estado,Não existe,Placas Dê a preferência,,Única,Não existe,,,,
2021-07-20,19:14:00,COM VÍTIMA,FINALIZADA,BOA VIAGEM,RUA CAMBOIM,3,505,,PRÓX AO TERMINAL DE SETUBAL,,,,BOA VIAGEM,COLISÃO TRASEIRA,,1,1,0,0,0,0,0,0,0,1,0,,DUPLO,Cruzamento,Bom,Não existe,Perfeito estado,Seca,Perfeito estado,Faixa de retenção,R-6a,,Dupla,Não existe,,,,
2021-07-20,19:30:00,COM VÍTIMA,FINALIZADA,ENCRUZILHADA,AV NORTE,0,,AV JOAO DE BARROS,LADO OPOSTO AO BANCO SANTANDER,,,,ENCRUZILHADA,COLISÃO COM CICLISTA,,1,0,0,1,0,0,0,0,0,1,0,,SUBURBIO,Longo da via,Bom,Sem defeito,Perfeito estado,Seca,Mal iluminada,Faixa de pedestre,Outras,60 km/h,Dupla,,,,,
2021-07-20,20:58:40,COM VÍTIMA,FINALIZADA,TORRE,RUA JOSE BONIFACIO,3,610,,PRÓX AO CARLITOS BURGUER E PADARIA NOVA ARMADA,,,,TORRE,COLISÃO LATERAL,,0,2,0,0,0,0,0,0,0,1,0,,SUBURBIO,Longo da via,Bom,Não existe,Perfeito estado,Seca,Perfeito estado,Não existe,Não há placas,60 km/h,Única,Faixa seccionada,,,,
2021-07-21,06:32:00,COM VÍTIMA,FINALIZADA,ENCRUZILHADA,AV NORTE,4,2459,,,,,,ENCRUZILHADA,QUEDA,,0,1,0,0,0,0,0,0,0,1,0,,CIDADE,Longo da via,Chuvoso,Não existe,,Molhada,,Não existe,R-6a,,Dupla,Canteiro central,,,,
2021-07-21,10:04:00,COM VÍTIMA,FINALIZADA,PINA,AV BOA VIAGEM,3,236,,EM FRENTE AO CONJUNTO BELMAR,,,,PINA,COLISÃO LATERAL,,1,1,0,0,0,0,0,0,0,1,0,,SUBURBIO,Longo da via,Chuvoso,Não existe,Perfeito estado,Molhada,Perfeito estado,Não existe,Não há placas,60 km/h,Única,Faixa seccionada,,,,
2021-07-21,10:15:00,COM VÍTIMA,FINALIZADA,CASA FORTE,AV DEZESSETE DE AGOSTO,4,1872,,EM FRENTE AO COLEGIO MOTIVO,,,,CASA FORTE,COLISÃO LATERAL,,1,1,0,0,0,0,0,0,0,1,0,410,SUBURBIO,Longo da via,Bom,Sem defeito,Perfeito estado,Molhada,Perfeito estado,Não existe,Outras,,Dupla,Faixa contínua,,,,
2021-07-21,11:35:00,COM VÍTIMA,FINALIZADA,CASA FORTE,RUA LEONARDO BEZERRA CAVALCANTE,3,646,,EM FRENTE AO BIG BOMPREÇO,,,,CASA FORTE,COLISÃO TRANSVERSAL,,1,1,0,0,0,0,0,0,0,1,0,,SUBURBIO,Longo da via,Chuvoso,Não existe,Perfeito estado,Seca,Perfeito estado,Não existe,Outras,,Única,Faixa seccionada,,,,
2021-07-21,15:48:00,COM VÍTIMA,FINALIZADA,IPSEP,RUA HELIO BRANDAO,3,670,RUA ADERBAL DE MELO,,,,,IPSEP,COLISÃO LATERAL,,0,1,0,0,0,0,1,0,0,1,0,,,Cruzamento,Bom,Não existe,Perfeito estado,Seca,Perfeito estado,Outros,Placas Pare,,Única,,Faixa seccionada,,,
2021-07-21,16:33:00,COM VÍTIMA,FINALIZADA,SAN MARTIN,RUA MINEIROLANDIA,3,116,RUA CATURITE,,,,,SAN MARTIN,COLISÃO LATERAL,,1,0,0,0,0,0,0,1,0,1,0,,SUBURBIO,Cruzamento,Bom,Não existe,Perfeito estado,Seca,Perfeito estado,Não existe,Não há placas,40 km/h,Dupla,Não existe,,,,
2021-07-22,08:16:00,COM VÍTIMA,FINALIZADA,CASA FORTE,RUA DO MARQUES,3,223,AV FLOR DE SANTANA,PROX. A BURGUER KING,,,,CASA FORTE,QUEDA,,0,1,0,0,0,0,0,0,0,1,0,,CIDADE,Cruzamento,Bom,Não existe,Incompleta,Seca,Mal iluminada,Não existe,Placas Pare,,Dupla,Não existe,,,,
2021-07-22,10:53:00,COM VÍTIMA,FINALIZADA,ESTANCIA,AV ESTANCIA,2,90,RUA MORAIS E SILVA,PROX A ESTAÇAO  SANTA LUZIA,,,,ESTÂNCIA,COLISÃO LATERAL,,2,0,0,0,0,0,0,0,0,1,0,,,,,,,,,,,,,,,,,
2021-07-22,14:05:00,COM VÍTIMA,FINALIZADA,CAXANGA,RUA RIBEIRO PESSOA,0,,,APOS A UPA DA CAXANGA SENTIDO DOIS IRMAOS,,,,CAXANGÁ,COLISÃO LATERAL,,0,1,0,0,0,0,1,0,0,1,0,,CIDADE,Cruzamento,Bom,Não existe,Perfeito estado,Seca,Perfeito estado,Não existe,Outras,40 km/h,Dupla,Faixa seccionada,,,,
2021-07-22,14:25:00,COM VÍTIMA,FINALIZADA,BOA VIAGEM,RUA SA E SOUZA,3,918,,EDIFICIO BARRAMARES,,,,BOA VIAGEM,COLISÃO LATERAL,,1,0,0,0,0,0,1,0,0,1,0,,CIDADE,Longo da via,Bom,Não existe,Perfeito estado,Seca,Perfeito estado,Não existe,Outras,40 km/h,Dupla,Faixa seccionada,,,,
2021-07-22,14:31:00,COM VÍTIMA,FINALIZADA,BOA VISTA,AV CRUZ CABUGA,3,737,,EM FRENTE A SERES,,,,BOA VISTA,ATROPELAMENTO DE PESSOA,,0,1,0,0,1,0,0,0,0,3,0,,,Longo da via,Bom,Não existe,Ilegível,Seca,Perfeito estado,Não existe,R-6a,,Dupla,Blocos,,,,