data,hora,natureza_acidente,situacao,bairro,endereco,,numero,detalhe_endereco_acidente,complemento,endereco_cruzamento,numero_cruzamento,referencia_cruzamento,bairro_cruzamento,tipo,descricao,auto,moto,ciclom,ciclista,pedestre,onibus,caminhao,viatura,outros,vitimas,vitimasfatais,num_semaforo,sentido_via,acidente_verificado,tempo_clima,situacao_semaforo,sinalizacao,condicao_via,conservacao_via,ponto_controle,situacao_placa,velocidade_max_via,mao_direcao,divisao_via1,divisao_via2,divisao_via3,_id,Protocolo
2021-07-22,15:57:00,COM VÍTIMA,FINALIZADA,ESTANCIA,AV RECIFE,4,5005,,EM FRENTE AO ATACADÃO,,,,ESTÂNCIA,COLISÃO TRASEIRA,,1,0,0,0,0,0,1,0,0,1,0,461,AEROPORTO,Longo da via,Bom,Sem defeito,Perfeito estado,Seca,Perfeito estado,Faixa de pedestre,Não há placas,60 km/h,Dupla,Canteiro central,,,,
2021-07-22,17:21:00,COM VÍTIMA,FINALIZADA,CASA AMARELA,AV NORTE,4,5264,RUA DA HARMONIA,AO LADO DO BANCO DO BRADESCO,,,,CASA AMARELA,COLISÃO FRONTAL,,1,1,0,0,0,0,0,0,0,1,0,312,SUBURBIO,Cruzamento,Bom,Sem defeito,Não existente,Seca,Perfeito estado,Não existe,R-26,50 km/h,Única,Canteiro central,,,,
2021-07-23,16:53:00,COM VÍTIMA,FINALIZADA,CAMPO GRANDE,RUA MARQUES DE BAIPENDI,3,417,,AO LADO DO MERCADINHO N.S. DA CONCEIÇÃO,,,,CAMPO GRANDE,COLISÃO FRONTAL,,0,1,0,0,0,1,0,0,0,1,0,,,Longo da via,Bom,Não existe,Não existente,Seca,Perfeito estado,Não existe,Não há placas,,Dupla,Faixa seccionada,,,,
2021-07-23,17:00:00,COM VÍTIMA,FINALIZADA,CASA AMARELA,AV NORTE,4,5050,,RESTAURANTE REI DA PICANHA,,,,CASA AMARELA,CHOQUE,,0,1,0,0,0,0,0,0,0,1,0,,SUBURBIO,Longo da via,Bom,Não existe,Perfeito estado,Seca,Perfeito estado,Não existe,Outras,60 km/h,Dupla,Canteiro central,,,,
2021-07-23,18:29:00,COM VÍTIMA,FINALIZADA,SANTO AMARO,AV CRUZ CABUGA,0,,RUA CAPITAO LIMA,PRÓX. A CTTU,,,,SANTO AMARO,COLISÃO LATERAL,,1,1,0,0,0,0,0,0,0,1,0,,CIDADE,Longo da via,Bom,Não existe,Perfeito estado,,,Não existe,Placas Pare,40 km/h,Dupla,Faixa contínua,,,,
2021-07-23,20:26:00,COM VÍTIMA,FINALIZADA,IPUTINGA,AV CAXANGA,4,3168,,EM FRENTE A FARMACIA EXTRAFARMA,,,,IPUTINGA,COLISÃO LATERAL,,2,0,0,0,0,0,0,0,0,1,0,,SUBURBIO,Longo da via,Bom,Não existe,Perfeito estado,Seca,Perfeito estado,Não existe,R-6a,,Dupla,Canteiro central,,,,
2021-07-24,05:40:00,VÍTIMA FATAL,FINALIZADA,IBURA,AV DOZE DE JUNHO,0,,,EM FRENTE AO IMÓVEL N E 1450,,,,IBURA,CHOQUE,,0,1,0,0,0,0,0,0,0,1,1,,CIDADE,Longo da via,Bom,Não existe,Não existente,Seca,Perfeito estado,Não existe,Não há placas,30 km/h,Dupla,Não existe,,,,
2021-07-24,10:54:00,COM VÍTIMA,FINALIZADA,SAO JOSE,PRC DAS CINCO PONTAS,3,321,,E/F AO TRE,,,,SÃO JOSÉ,COLISÃO FRONTAL,,1,1,0,0,0,0,0,0,0,1,0,,AV SUL,Cruzamento,Bom,Sem defeito,Perfeito estado,Seca,Perfeito estado,Outros,Outras,,,Faixa seccionada,Canteiro central,,,
2021-07-24,13:14:00,COM VÍTIMA,FINALIZADA,SANTO AMARO,AV GOVERNADOR AGAMENON MAGALHAES,0,,,NA REITORIA DA UPE,,,,SANTO AMARO,COLISÃO LATERAL,,1,1,0,0,0,0,0,0,0,1,0,108,CIDADE,Ponte,Bom,Não existe,Perfeito estado,Seca,Perfeito estado,Não existe,Não há placas,,Única,Canteiro central,,,,
2021-07-25,08:21:00,COM VÍTIMA,FINALIZADA,DOIS UNIDOS,AV HILDEBRANDO DE VASCONCELOS,3,512,,COMPESA,,,,DOIS UNIDOS,COLISÃO FRONTAL,,0,2,0,0,0,0,0,0,0,2,0,512,SUBURBIO,Longo da via,Bom,,Perfeito estado,Molhada,Perfeito estado,Não existe,Não há placas,40 km/h,Dupla,Faixa seccionada,,,,
2021-07-25,17:58:00,COM VÍTIMA,FINALIZADA,AFOGADOS,RUA NICOLAU PEREIRA,0,,RUA NICOLAU PEREIRA,E/F A POLICLINICA DE AFOGADOS,,,,AFOGADOS,QUEDA,,0,1,0,0,0,0,0,0,0,1,0,,,Longo da via,Chuvoso,Não existe,Perfeito estado,Molhada,Perfeito estado,Não existe,Não há placas,40 km/h,Única,Faixa seccionada,,,,
2021-07-25,20:55:40,COM VÍTIMA,FINALIZADA,NOVA DESCOBERTA,AV VEREADOR OTACILIO AZEVEDO,4,1076,,E/F AO ANTIGO CLUBE DA FAZENDA / PRÓX A UPA,,,,NOVA DESCOBERTA,COLISÃO TRASEIRA,,0,2,0,0,0,0,0,0,0,1,0,,SUBURBIO,Longo da via,Chuvoso,Não existe,Ilegível,Molhada,Perfeito estado,Não existe,Não há placas,,Dupla,Faixa seccionada,,,,
2021-07-26,08:29:00,COM VÍTIMA,FINALIZADA,CORDEIRO,AV PROFESSOR ESTEVAO FRANCISCO DA COSTA,3,412,,AO LADO 412,,,,CORDEIRO,COLISÃO LATERAL,,1,1,0,0,0,0,0,0,0,1,0,280,,Cruzamento,Bom,Sem defeito,Perfeito estado,Seca,Perfeito estado,Faixa de pedestre,Não há placas,,Dupla,Canteiro central,,,,
2021-07-26,10:42:00,COM VÍTIMA,FINALIZADA,ENCRUZILHADA,AV BEBERIBE,3,740,,AO LADO DA DISNOVE  EM FRENTE AO ARMAZEM MADCUNHA,,,,ENCRUZILHADA,COLISÃO FRONTAL,,1,2,0,0,0,0,0,0,0,1,0,,SUBURBIO,Longo da via,Bom,Não existe,Perfeito estado,Seca,Perfeito estado,Não existe,Outras,,Dupla,Faixa contínua,,,,
2021-07-26,14:52:00,COM VÍTIMA,FINALIZADA,SANTO AMARO,AV GOVERNADOR AGAMENON MAGALHAES,0,,,UPINHA,,,,SANTO AMARO,CHOQUE,,1,0,0,0,0,0,0,0,0,3,0,,CIDADE,Longo da via,Bom,Não existe,Perfeito estado,Seca,Perfeito estado,Outros,Outras,,Dupla,Faixa contínua,,,,
2021-07-26,20:46:00,COM VÍTIMA,FINALIZADA,CAXANGA,AV CAXANGA,0,,RUA SAO MATEUS,SEMÁFORO 229,,,,CAXANGÁ,COLISÃO FRONTAL,,1,1,0,0,0,0,0,0,0,1,0,229,SUBURBIO,Cruzamento,Chuvoso,Sem defeito,Perfeito estado,Molhada,Perfeito estado,Faixa de pedestre,Não há placas,,Dupla,Faixa contínua,Canteiro central,,,
2021-07-26,20:53:40,COM VÍTIMA,FINALIZADA,PORTO DA MADEIRA,RUA DALVA DE OLIVEIRA,0,,RUA NOVA ESPERANCA,RUA VILA  ESPERANÇA/ E/F A IGREJA BATISTA DO VALE,,,,PORTO DA MADEIRA,COLISÃO LATERAL,,1,1,0,0,0,0,0,0,0,1,0,,SUBURBIO,Cruzamento,Bom,Não existe,Perfeito estado,Molhada,Perfeito estado,Faixa de pedestre,Placas Pare,,Dupla,Faixa seccionada,,,,
2021-07-27,12:24:00,COM VÍTIMA,FINALIZADA,SANTO AMARO,AV VISCONDE DE SUASSUNA,3,797,,LADO OPOSTO A AUDIOCLÍNICA,,,,SANTO AMARO,COLISÃO LATERAL,,1,0,0,0,0,0,0,0,1,1,0,,SUBURBIO,Longo da via,Bom,Não existe,Perfeito estado,Seca,Perfeito estado,Não existe,R-6a,40 km/h,Única,Faixa seccionada,,,,
2021-07-26,09:25:00,COM VÍTIMA,FINALIZADA,BOA VISTA,AV GOVERNADOR AGAMENON MAGALHAES,0,,,PISTA CENTRAL EM FRENTE À FARMÁCIA DROGASIL,,,,BOA VISTA,COLISÃO TRASEIRA,,1,2,0,0,0,0,0,0,0,2,0,,BOA VIAGEM,Longo da via,Bom,Não existe,Perfeito estado,Seca,Perfeito estado,Outros,Outras,60 km/h,Dupla,Canteiro central,,,,
2021-07-27,15:03:00,COM VÍTIMA,FINALIZADA,BREJO DE BEBERIBE,AV VEREADOR OTACILIO AZEVEDO,3,200,RUA PINDAI,E/F AO COLEGIO ROTARY DE NOVA DESCOBERTA,,,,BREJO DE BEBERIBE,COLISÃO LATERAL,,1,1,0,0,0,0,0,0,0,1,0,,,Esquina,Bom,Não existe,Ilegível,Seca,Perfeito estado,Não existe,R-6a,,Dupla,Não existe,,,,
2021-07-27,16:29:00,COM VÍTIMA,FINALIZADA,AFLITOS,AV NORTE,0,,RUA GUIMARAES PEIXOTO,EM FRENTE À LOJA RAINHA REVESTE,,,,AFLITOS,COLISÃO LATERAL,,1,1,0,0,0,0,0,0,0,1,0,96,,Cruzamento,Bom,Sem defeito,Perfeito estado,Seca,Perfeito estado,Agente,Outras,,Dupla,Canteiro central,,,,
2021-07-28,09:47:00,COM VÍTIMA,FINALIZADA,CASA FORTE,AV DEZESSETE DE AGOSTO,4,1008,,EM FRENTE A CONFEITARIA CASA FORTE,,,,CASA FORTE,COLISÃO LATERAL,,2,2,0,0,0,0,0,0,0,1,0,,SUBURBIO,Longo da via,Bom,Sem defeito,Perfeito estado,Seca,Perfeito estado,Faixa de pedestre,R-6a,,Dupla,Faixa contínua,Faixa seccionada,,,
2021-07-28,10:03:00,COM VÍTIMA,FINALIZADA,CASA AMARELA,AV NORTE,4,2459,,AO LADO DO CONSULTÓRIOS ODONTO- MÉDICOS COSTA SILVA,,,,CASA AMARELA,ATROPELAMENTO DE PESSOA,,0,1,0,0,1,0,0,0,0,1,0,43,CIDADE,Longo da via,Bom,Sem defeito,Perfeito estado,Seca,Perfeito estado,Faixa de pedestre,Outras,60 km/h,Dupla,Faixa seccionada,,,,
2021-07-28,15:36:00,COM VÍTIMA,FINALIZADA,BOA VIAGEM,RUA JOAO CARDOSO AIRES,4,1005,RUA CAMBOIM,EM FRENTE AO RESTAURANTE DO BAMBAM,,,,BOA VIAGEM,COLISÃO FRONTAL,,1,1,0,0,0,0,0,0,0,1,0,,SUBURBIO,Cruzamento,Bom,Não existe,Perfeito estado,Seca,Perfeito estado,Faixa de retenção,Placas Pare,30 km/h,Dupla,Faixa contínua,,,,
2021-07-28,18:11:00,COM VÍTIMA,FINALIZADA,NOVA DESCOBERTA,RUA NOVA DESCOBERTA,3,211,,EM FRENTE AO N° 211,,,,NOVA DESCOBERTA,ATROPELAMENTO DE PESSOA,,1,0,0,0,1,0,0,0,0,1,0,,SUBURBIO,Longo da via,Bom,Não existe,Incompleta,Seca,Mal iluminada,Não existe,Não há placas,,Dupla,Faixa seccionada,,,,
2021-07-29,02:03:00,COM VÍTIMA,FINALIZADA,BOA VISTA,AV GOVERNADOR AGAMENON MAGALHAES,0,,RUA JOAO FERNANDES VIEIRA,AO LADO DO COLÉGIO AMERICANO BATISTA,,,,BOA VISTA,CAPOTAMENTO,,1,0,0,0,0,0,0,0,0,1,0,37,SUBURBIO,Longo da via,Bom,Sem defeito,Perfeito estado,Seca,Perfeito estado,Faixa de retenção,Não há placas,,Dupla,Não existe,,,,
2021-07-29,07:47:00,COM VÍTIMA,FINALIZADA,GRACAS,RUA SIMAO MENDES,0,,RUA DO FUTURO,AO LADO PARQUE DA JAQUEIRA,,,,GRAÇAS,COLISÃO LATERAL,,1,1,0,0,0,0,0,0,0,1,0,,,Esquina,Bom,Não existe,Incompleta,Seca,Perfeito estado,Faixa de pedestre,,40 km/h,Dupla,Faixa seccionada,,,,
2021-07-29,17:13:00,COM VÍTIMA,FINALIZADA,SANTO AMARO,AV CRUZ CABUGA,3,525,,AO LADO DA ESTAÇÃO BRT ARARIPINA,,,,SANTO AMARO,ATROPELAMENTO DE PESSOA,,0,1,0,0,1,0,0,0,0,1,0,,CIDADE,Longo da via,Bom,Não existe,Perfeito estado,Seca,Perfeito estado,Não existe,Não há placas,,Dupla,Faixa contínua,,,,
2021-07-30,07:38:00,COM VÍTIMA,FINALIZADA,CASA AMARELA,AV NORTE,2,12,,LADO OPOSTO AO ARMAZÉM CORAL,,,,CASA AMARELA,QUEDA,,0,1,0,0,0,0,0,0,0,1,0,,SUBURBIO,Longo da via,Bom,Sem defeito,Perfeito estado,Seca,Perfeito estado,Outros,Outras,,Dupla,Faixa seccionada,,,,
2021-07-30,10:58:00,COM VÍTIMA,FINALIZADA,DERBY,AV GOVERNADOR AGAMENON MAGALHAES,4,2291,,E/F AO HOSPITAL MEMORIAL SÃO JOSÉ (SENTIDO OLINDA),,,,DERBY,COLISÃO LATERAL,,1,1,0,0,0,0,0,0,0,1,0,,OLINDA,Longo da via,Bom,Não existe,Perfeito estado,Seca,Perfeito estado,Não existe,Não há placas,,Única,Faixa seccionada,Canteiro central,,,
2021-07-30,11:34:00,COM VÍTIMA,FINALIZADA,ARRUDA,RUA SAO BENTO,2,89,,EM FRENTE A JF RAÇÕES,,,,ARRUDA,COLISÃO TRASEIRA,,1,1,0,0,0,0,0,0,0,1,0,,,,,,,,,,,,,,,,,
2021-07-30,12:41:00,COM VÍTIMA,FINALIZADA,TEJIPIO,AV LIBERDADE,3,110,,E/F AO CONDOMINIO VILA JARDIM,,,,TEJIPIÓ,COLISÃO LATERAL,,1,1,0,0,0,0,0,0,0,1,0,,CIDADE,Longo da via,Bom,Não existe,Incompleta,Seca,Mal conservada,Não existe,Não há placas,,Dupla,Não existe,,,,
2021-07-30,16:52:00,COM VÍTIMA,FINALIZADA,SANTO AMARO,AV CRUZ CABUGA,0,,,EM FRENTE AO HOSPITAL DO CANCER/ SENTIDO OLINDA,,,,SANTO AMARO,ATROPELAMENTO DE PESSOA,,0,1,0,0,1,0,0,0,0,1,0,202,SUBURBIO,Longo da via,Bom,Sem defeito,Perfeito estado,Seca,Perfeito estado,Faixa de pedestre,Não há placas,60 km/h,Dupla,Canteiro central,,,,
2021-07-31,03:48:00,COM VÍTIMA,FINALIZADA,IMBIRIBEIRA,AV MARECHAL MASCARENHAS DE MORAES,0,,AV GENERAL MAC ARTHUR,,,,,IMBIRIBEIRA,COLISÃO TRANSVERSAL,,0,1,0,0,0,0,1,0,0,1,0,225,CIDADE,Cruzamento,Bom,Sem defeito,Perfeito estado,Molhada,Perfeito estado,Faixa de pedestre,Não há placas,,Dupla,Faixa contínua,Canteiro central,,,
2021-07-31,07:36:00,COM VÍTIMA,FINALIZADA,CASA AMARELA,AV NORTE,0,,,EM FRENTE A UPINHA,,,,CASA AMARELA,ATROPELAMENTO DE PESSOA,,0,1,0,0,1,0,0,0,0,2,0,,CIDADE,Longo da via,Bom,Não existe,Incompleta,Seca,Perfeito estado,Não existe,,,Única,Faixa seccionada,,,,
2021-07-31,09:14:00,COM VÍTIMA,FINALIZADA,CAXANGA,AV CAXANGA,4,5335,,EM FRENTE AO GOLF CLUBE,,,,CAXANGÁ,COLISÃO FRONTAL,,0,2,0,0,0,0,0,0,0,1,0,,CIDADE,Longo da via,Chuvoso,Não existe,Perfeito estado,Molhada,Perfeito estado,,,,,,,,,
2021-07-31,14:30:00,COM VÍTIMA,FINALIZADA,GRACAS,AV GOVERNADOR AGAMENON MAGALHAES,0,,RUA DR BANDEIRA FILHO,EM FRENTE AO MCDONALD'S,,,,GRAÇAS,COLISÃO LATERAL,,1,1,0,0,0,0,0,0,0,1,0,173,BOA VIAGEM,Cruzamento,Bom,Sem defeito,Perfeito estado,Seca,Perfeito estado,Faixa de pedestre,R-6a,60 km/h,Única,Faixa seccionada,,,,
2021-07-31,15:39:00,COM VÍTIMA,FINALIZADA,IMBIRIBEIRA,AV MARECHAL MASCARENHAS DE MORAES,4,2967,,EM FRENTE A FERREIRA COSTA,,,,IMBIRIBEIRA,COLISÃO LATERAL,,1,1,0,0,0,0,0,0,0,1,0,386,CIDADE,Longo da via,Bom,Sem defeito,Perfeito estado,Seca,Perfeito estado,Faixa de pedestre,R-6a,,Dupla,Canteiro central,,,,
2021-07-31,16:24:00,COM VÍTIMA,FINALIZADA,CAMPO GRANDE,RUA PROFESSOR FRANCISCO DA TRINDADE,3,113,,RUA RESIDENCIAL SEM ESTABELECIMENTOS PARA REFERENCIAS,,,,CAMPO GRANDE,COLISÃO TRASEIRA,,2,0,0,0,0,0,0,0,0,1,0,,CIDADE,Longo da via,Bom,,Perfeito estado,Seca,Perfeito estado,,,,,,,,,
2021-07-31,20:19:00,COM VÍTIMA,FINALIZADA,ALTO JOSE BONIFACIO,RUA ALTO JOSE BONIFACIO,4,1079,,PROX A IGREJA BATISTA DA FILADELFIA,,,,ALTO JOSÉ BONIFÁCIO,COLISÃO FRONTAL,,1,2,0,0,0,0,0,0,0,3,0,,SUBURBIO,Longo da via,Bom,Não existe,Não existente,Seca,Perfeito estado,Não existe,Não há placas,,Dupla,Faixa seccionada,,,,
2021-08-01,15:11:00,COM VÍTIMA,FINALIZADA,MADALENA,AV CAXANGA,4,1221,,EM FRENTE À DROGASIL,,,,MADALENA,COLISÃO LATERAL,,0,2,0,0,0,0,0,0,0,2,0,236,CIDADE,Cruzamento,Bom,Sem defeito,Perfeito estado,Seca,Perfeito estado,Faixa de pedestre,,,Dupla,Faixa seccionada,Canteiro central,,,
2021-08-01,18:00:00,COM VÍTIMA,FINALIZADA,VARZEA,AV BARAO DE BONITO,3,702,RUA ENGENHEIRO VASCONCELOS BITTENCOURT,E/F A PANIFICADORA SEMPRE VIVA,,,,VÁRZEA,COLISÃO LATERAL,,1,1,0,0,0,0,0,0,0,1,0,,SUBURBIO,Cruzamento,Chuvoso,Não existe,Ilegível,Molhada,Mal conservada,Faixa de retenção,Placas Pare,,Dupla,Não existe,,,,
2021-08-02,09:48:00,COM VÍTIMA,FINALIZADA,CASA FORTE,AV DEZESSETE DE AGOSTO,4,1869,,EM FRENTE AO COLÉGIO MOTIVO,,,,CASA FORTE,COLISÃO LATERAL,,1,1,0,0,0,0,0,0,0,1,0,,CIDADE,Longo da via,Chuvoso,Sem defeito,Perfeito estado,Molhada,Perfeito estado,Faixa de pedestre,R-6a,,Dupla,Faixa contínua,,,,
2021-08-02,10:52:00,COM VÍTIMA,FINALIZADA,CAMPO GRANDE,RUA SAO CAETANO,3,290,RUA PROFESSOR FRANCISCO DA TRINDADE,CRUZAMENTO DOS VIAS,,,,CAMPO GRANDE,COLISÃO LATERAL,,0,1,0,0,0,0,1,0,0,1,0,,SUBURBIO,Cruzamento,Chuvoso,Não existe,Incompleta,Molhada,Perfeito estado,Não existe,Não há placas,,Dupla,Não existe,,,,
2021-08-02,17:54:00,COM VÍTIMA,FINALIZADA,PINA,PTE GOVERNADOR PAULO GUERRA,0,,,NO MEIO DA PONTE,,,,PINA,COLISÃO LATERAL,,3,0,0,0,0,0,0,0,0,1,0,,SUBURBIO,Longo da via,Chuvoso,Não existe,Perfeito estado,Molhada,Perfeito estado,Não existe,Não há placas,60 km/h,Única,Faixa seccionada,,,,
2021-08-02,20:00:00,COM VÍTIMA,FINALIZADA,BOA VIAGEM,RUA DEZ DE JULHO,3,210,RUA CAMBOIM,,,,,BOA VIAGEM,COLISÃO FRONTAL,,2,0,0,0,0,0,0,0,0,2,0,,SUBURBIO,Cruzamento,Chuvoso,Não existe,Perfeito estado,Molhada,Perfeito estado,Faixa de pedestre,Placas Pare,,Única,Faixa seccionada,,,,
2021-08-03,07:58:00,COM VÍTIMA,FINALIZADA,SANTO AMARO,AV GOVERNADOR AGAMENON MAGALHAES,0,,,EM FRENTE A FIORE / SENTIDO OLINDA,,,,SANTO AMARO,COLISÃO LATERAL,,1,1,0,0,0,0,0,0,0,1,0,465,OLINDA,Longo da via,Chuvoso,Sem defeito,Perfeito estado,Molhada,Perfeito estado,Faixa de pedestre,Não há placas,60 km/h,Dupla,Canteiro central,,,,
2021-08-03,08:57:00,COM VÍTIMA,FINALIZADA,DOIS IRMAOS,AV DEZESSETE DE AGOSTO,0,,,11° BATALHÃO DA PMPE,,,,DOIS IRMÃOS,QUEDA,,0,1,0,0,0,0,0,0,0,1,0,,CIDADE,Cruzamento,Chuvoso,Sem defeito,Perfeito estado,Oleosa,Perfeito estado,Não existe,Outras,,Dupla,Faixa contínua,,,,
2021-08-03,13:23:00,COM VÍTIMA,FINALIZADA,JAQUEIRA,RUA DO FUTURO,4,1309,,EM FRENTE AO VERAFRUT,,,,JAQUEIRA,COLISÃO LATERAL,,1,1,0,0,0,0,0,0,0,1,0,,SUBURBIO,Longo da via,Bom,Não existe,Perfeito estado,Seca,Perfeito estado,Não existe,Não há placas,,Única,Faixa seccionada,,,,
2021-08-03,16:19:00,COM VÍTIMA,FINALIZADA,ESPINHEIRO,RUA BARAO DE ITAMARACA,3,123,,EM FRENTE AO CONSULTORIOS INTEGRADOS,,,,ESPINHEIRO,COLISÃO TRASEIRA,,1,1,0,0,0,0,0,0,0,1,0,,SUBURBIO,Longo da via,Bom,Não existe,Perfeito estado,Seca,Perfeito estado,Outros,R-6a,,Dupla,Faixa contínua,Faixa seccionada,,,
2021-08-03,16:49:00,COM VÍTIMA,FINALIZADA,AFOGADOS,RUA COSME VIANA,0,,RUA PADRE TEOFILO TWORZ,LADO OPOSTO A TUPAN,,,,AFOGADOS,COLISÃO FRONTAL,,1,1,0,0,0,0,0,0,0,2,0,,SUBURBIO,Cruzamento,Bom,Não existe,Não existente,Seca,Perfeito estado,Não existe,Não há placas,,Única,Não existe,,,,
2021-08-04,16:57:00,COM VÍTIMA,FINALIZADA,ESPINHEIRO,RUA CONS PORTELA,3,665,AV JOAO DE BARROS,PROX AO CHINA 48,,,,ESPINHEIRO,COLISÃO LATERAL,,1,1,0,0,0,0,0,0,0,1,0,,SUBURBIO,Cruzamento,Chuvoso,Não existe,Perfeito estado,Molhada,Perfeito estado,Não existe,R-6a,,Única,Faixa seccionada,,,,
2021-08-04,18:15:00,COM VÍTIMA,FINALIZADA,ILHA JOANA BEZERRA,RUA DOM PAULO II,0,,,SOBRE O VIADUTO,,,,JOANA BEZERRA,QUEDA,,0,1,0,0,0,0,0,0,0,1,0,,SUBURBIO,Viaduto,Chuvoso,Não existe,Perfeito estado,Molhada,Perfeito estado,Não existe,Não há placas,,Única,Faixa seccionada,,,,
2021-08-05,00:03:00,COM VÍTIMA,FINALIZADA,DERBY,AV GOVERNADOR AGAMENON MAGALHAES,0,,,SEMAFORO N° 75,,,,DERBY,COLISÃO TRANSVERSAL,,0,0,0,0,0,0,0,0,0,1,0,75,CIDADE,Cruzamento,Chuvoso,Sem defeito,Perfeito estado,Molhada,Perfeito estado,Faixa de pedestre,Outras,60 km/h,Dupla,Canal,,,,
2021-08-05,06:34:00,COM VÍTIMA,FINALIZADA,PINA,AV HERCULANO BANDEIRA,3,855,RUA NOGUEIRA DE SOUZA,,,,,PINA,COLISÃO TRASEIRA,,1,1,0,0,0,0,0,0,0,1,0,657,SUBURBIO,Cruzamento,Chuvoso,Sem defeito,Perfeito estado,Molhada,Perfeito estado,Faixa de pedestre,Não há placas,,Única,Faixa seccionada,,,,
2021-08-05,07:59:00,COM VÍTIMA,FINALIZADA,ZUMBI,AV CAXANGA,3,773,,E/F A ESTAÇÃO BRT ZUMBI,,,,ZUMBI,ATROPELAMENTO DE PESSOA,,0,1,0,0,1,0,0,0,0,2,0,273,CIDADE,Longo da via,Chuvoso,Sem defeito,Perfeito estado,Molhada,,Faixa de pedestre,Não há placas,,Dupla,Canteiro central,,,,
2021-08-05,08:03:00,COM VÍTIMA,FINALIZADA,IBURA,AV DOIS RIOS,0,,RUA PINTOR AGENOR DE ALBUQUERQUE CESAR,,,,,IBURA,COLISÃO COM CICLISTA,,0,1,0,1,0,0,0,0,0,2,0,561,SUBURBIO,,,,,,,,,,,,,,,
2021-08-05,09:35:00,COM VÍTIMA,FINALIZADA,SANTO ANTONIO,RUA IMPERADOR PEDRO SEGUNDO,3,221,,EM FRENTE AO PREDIO DA OAB,,,,SANTO ANTÔNIO,QUEDA,,0,1,0,0,0,0,0,0,0,1,0,,CIDADE,Longo da via,Chuvoso,Não existe,Não existente,Molhada,Perfeito estado,Não existe,Não há placas,,Única,Faixa seccionada,,,,
2021-08-05,09:49:00,COM VÍTIMA,FINALIZADA,VARZEA,AV AFONSO OLINDENSE,0,,,EM FRENTE A SECRETARIA DE EDUCAÇÃO,,,,VÁRZEA,,,1,1,0,0,0,0,0,0,0,1,0,,SUBURBIO,Longo da via,Chuvoso,Não existe,Incompleta,Molhada,Perfeito estado,Não existe,Não há placas,40 km/h,Dupla,Faixa seccionada,,,,
2021-08-05,12:22:00,COM VÍTIMA,FINALIZADA,HIPODROMO,RUA MEM DE SA,3,254,,AO LADO DA COCA COLA,,,,HIPÓDROMO,COLISÃO LATERAL,,1,1,0,0,0,0,0,0,0,1,0,495,SUBURBIO,Cruzamento,Chuvoso,Sem defeito,Perfeito estado,Molhada,Perfeito estado,Não existe,Não há placas,,Dupla,Faixa seccionada,,,,
2021-08-05,14:55:00,COM VÍTIMA,FINALIZADA,DOIS IRMAOS,RUA MANUEL DE MEDEIROS,0,,,POSTE BO14915,,,,DOIS IRMÃOS,COLISÃO LATERAL,,1,1,0,0,0,0,0,0,0,1,0,,CIDADE,Longo da via,Bom,Não existe,Não existente,Seca,Mal conservada,Não existe,Não há placas,,Dupla,Não existe,,,,
2021-08-05,15:42:00,COM VÍTIMA,FINALIZADA,BOA VIAGEM,AV ENGENHEIRO DOMINGOS FERREIRA,0,,RUA ARISTIDES MUNIZ,DIOLDSER DEPILAÇOES A LASER,,,,BOA VIAGEM,COLISÃO LATERAL,,2,1,0,0,0,0,0,0,0,1,0,,SUBURBIO,Longo da via,Bom,Não existe,,Seca,Perfeito estado,Não existe,Não há placas,,Única,Faixa seccionada,,,,