data,hora,natureza_acidente,situacao,bairro,endereco,,numero,detalhe_endereco_acidente,complemento,endereco_cruzamento,numero_cruzamento,referencia_cruzamento,bairro_cruzamento,tipo,descricao,auto,moto,ciclom,ciclista,pedestre,onibus,caminhao,viatura,outros,vitimas,vitimasfatais,num_semaforo,sentido_via,acidente_verificado,tempo_clima,situacao_semaforo,sinalizacao,condicao_via,conservacao_via,ponto_controle,situacao_placa,velocidade_max_via,mao_direcao,divisao_via1,divisao_via2,divisao_via3,_id,Protocolo
2021-08-05,20:15:00,COM VÍTIMA,FINALIZADA,CASA AMARELA,AV NORTE MIGUEL ARRAES DE ALENCAR,4,5071,,EM FRENTE A ANTIGA CASA DA BIKE NORTE,,,,CASA AMARELA,COLISÃO LATERAL,,1,1,0,0,0,0,0,0,0,1,0,677,CIDADE,Longo da via,Chuvoso,Sem defeito,Perfeito estado,Molhada,Perfeito estado,Outros,Outras,,Única,Faixa seccionada,,,,
2021-08-05,20:33:40,VÍTIMA FATAL,FINALIZADA,VASCO DA GAMA,RUA VASCO DA GAMA,4,1158,,EM FRENTE AO N° 1134,,,,VASCO DA GAMA,COLISÃO COM CICLISTA,,0,0,0,1,0,1,0,0,0,0,1,,SUBURBIO,Longo da via,Chuvoso,Não existe,Incompleta,Molhada,Mal conservada,Não existe,Não há placas,,Dupla,Não existe,,,,
2021-08-06,06:42:00,COM VÍTIMA,FINALIZADA,GRACAS,RUA BRUNO MAIA,0,,RUA JOAO RAMOS,OPOSTO AO STUDIO PORTAL DAS GRAÇAS,,,,GRAÇAS,COLISÃO TRANSVERSAL,,0,1,0,0,0,0,0,1,0,2,0,,CIDADE,Cruzamento,Bom,Não existe,Perfeito estado,Seca,Perfeito estado,Faixa de pedestre,Placas Pare,,Única,Não existe,,,,
2021-08-06,06:59:00,COM VÍTIMA,FINALIZADA,IMBIRIBEIRA,AV MARECHAL MASCARENHAS DE MORAES,0,,,EM FRENTE A IMBIRIBEIRA DISEL,,,,IMBIRIBEIRA,QUEDA,,0,1,0,0,0,0,0,0,0,1,0,,,,,,,,,,,,,,,,,
2021-08-06,09:21:00,COM VÍTIMA,FINALIZADA,IPSEP,AV RAIMUNDO DINIZ,3,124,,PRAÇA DA SUDENE,,,,IPSEP,COLISÃO LATERAL,,1,0,0,0,0,1,0,0,0,1,0,,SUBURBIO,Longo da via,Bom,Não existe,Perfeito estado,Seca,Perfeito estado,Não existe,Não há placas,60 km/h,Dupla,Faixa seccionada,,,,
2021-08-06,18:24:00,COM VÍTIMA,FINALIZADA,AREIAS,AV TAPAJOS,3,294,RUA IBIMIRIM,E/F AO HORTIFRUTI PRIMAS,,,,AREIAS,COLISÃO FRONTAL,,1,1,0,0,0,0,0,0,0,1,0,,CIDADE,Cruzamento,Bom,Não existe,Não existente,Seca,Perfeito estado,Não existe,Não há placas,,Dupla,Não existe,,,,
2021-08-06,20:47:00,COM VÍTIMA,FINALIZADA,BOA VIAGEM,AV ENGENHEIRO DOMINGOS FERREIRA,4,1818,,EM FRENTE CERPE,,,,BOA VIAGEM,COLISÃO TRASEIRA,,1,1,0,0,0,0,0,0,0,1,0,,SUBURBIO,Longo da via,Bom,Sem defeito,Perfeito estado,Seca,Perfeito estado,Faixa de pedestre,Outras,,Única,Canteiro central,,,,
2021-08-07,01:33:00,COM VÍTIMA,FINALIZADA,AFOGADOS,EST DOS REMEDIOS,0,,RUA SAO MIGUEL,PRÓXIMO A IGREJA DO LARGO DA PAZ,,,,AFOGADOS,COLISÃO TRANSVERSAL,,2,0,0,0,0,0,0,0,0,2,0,,SUBURBIO,Cruzamento,Chuvoso,Sem defeito,Perfeito estado,Molhada,Perfeito estado,Não existe,Não há placas,,Única,Faixa seccionada,,,,
2021-08-07,05:45:00,COM VÍTIMA,FINALIZADA,MADALENA,RUA JOSE BONIFACIO,0,,,RESTAURANTE  JOÃO DA CARNE DO SOL,,,,MADALENA,CHOQUE,,1,0,0,0,0,0,0,0,0,1,0,,SUBURBIO,Longo da via,Bom,Não existe,Perfeito estado,Seca,Perfeito estado,Não existe,R-6a,,Única,Faixa seccionada,,,,
2021-08-07,08:25:00,COM VÍTIMA,FINALIZADA,TORRE,AV BEIRA RIO,3,108,RUA CONDE DE IRAJA,PROX. A PONTE DA TORRE,,,,TORRE,COLISÃO FRONTAL,,2,0,0,0,0,0,0,0,0,1,0,630,SUBURBIO,Cruzamento,Bom,Sem defeito,Perfeito estado,Seca,Perfeito estado,Outros,Outras,,Única,Faixa seccionada,,,,
2021-08-07,10:17:00,COM VÍTIMA,FINALIZADA,BOA VIAGEM,AV BOA VIAGEM,4,1320,,PROXIMO AO QUIOSQUE N° 08,,,,BOA VIAGEM,COLISÃO LATERAL,,2,1,0,0,0,0,0,0,0,1,0,,SUBURBIO,Longo da via,Bom,Não existe,Perfeito estado,Seca,Perfeito estado,Não existe,Outras,,Dupla,Faixa seccionada,,,,
2021-08-07,15:49:00,COM VÍTIMA,FINALIZADA,MUSTARDINHA,AV MANOEL GONCALVES DA LUZ,4,8601,RUA TEJUCUPAPO,ENFRENTE A PRAÇA DO ABC,,,,MUSTARDINHA,COLISÃO TRASEIRA,,1,1,0,0,0,0,0,0,0,1,0,,,Longo da via,Bom,Não existe,Perfeito estado,Seca,Perfeito estado,Faixa de pedestre,Outras,,Dupla,Faixa seccionada,,,,
2021-08-07,17:13:00,COM VÍTIMA,FINALIZADA,VARZEA,RUA GASTAO VIDIGAL,3,429,RUA DIAS D'AVILA,AO DO HOTEL COSTA AZUL,,,,VÁRZEA,COLISÃO LATERAL,,1,1,0,0,0,0,0,0,0,1,0,,SUBURBIO,Cruzamento,Chuvoso,Não existe,Incompleta,Molhada,Perfeito estado,Não existe,Não há placas,,Dupla,Não existe,,,,
2021-08-08,11:00:00,COM VÍTIMA,FINALIZADA,IMBIRIBEIRA,AV MARECHAL MASCARENHAS DE MORAES,4,4561,,EM FRENTE A UNIDAS,,,,IMBIRIBEIRA,COLISÃO LATERAL,,1,1,0,0,0,0,0,0,0,1,0,,CIDADE,Longo da via,Bom,Sem defeito,Perfeito estado,Seca,Perfeito estado,,Não há placas,,Dupla,Canteiro central,,,,
2021-08-08,20:58:40,COM VÍTIMA,FINALIZADA,BOA VIAGEM,RUA JOAO CARDOSO AIRES,3,579,RUA ALMIRANTE BATISTA LEAO,E/F AO PARQUE DA PIZZA,,,,BOA VIAGEM,COLISÃO TRASEIRA,,1,1,0,0,0,0,0,0,0,1,0,,SUBURBIO,Cruzamento,Bom,Não existe,Incompleta,Seca,Mal iluminada,Faixa de retenção,Placas Pare,30 km/h,Única,,,,,
2021-08-09,00:05:00,COM VÍTIMA,FINALIZADA,IPUTINGA,AV CAXANGA,4,4210,AV LUIZ DE LACERDA,EM FRENTE A CHEVROLET,,,,IPUTINGA,COLISÃO LATERAL,,1,1,0,0,0,0,0,0,0,1,0,,SUBURBIO,Longo da via,Chuvoso,Sem defeito,Perfeito estado,Molhada,Perfeito estado,Não existe,Não há placas,60 km/h,Única,Faixa seccionada,,,,
2021-08-09,01:17:00,COM VÍTIMA,FINALIZADA,MADALENA,AV VISCONDE DE ALBUQUERQUE,3,270,RUA JOSE OSORIO,EM FRENTE A EXTRA FARMA,,,,MADALENA,COLISÃO FRONTAL,,2,0,0,0,0,0,0,0,0,1,0,50,SUBURBIO,Cruzamento,Chuvoso,Sem defeito,Perfeito estado,Molhada,Perfeito estado,Não existe,Não há placas,60 km/h,Única,Faixa seccionada,,,,
2021-08-09,07:25:00,COM VÍTIMA,FINALIZADA,SANTO AMARO,AV GOVERNADOR AGAMENON MAGALHAES,0,,,SOBRE VIADUTO DA INDEPENDENCIA,,,,SANTO AMARO,COLISÃO TRASEIRA,,1,1,0,0,0,0,0,0,0,1,0,,CIDADE,Viaduto,Bom,Sem defeito,Perfeito estado,Seca,Perfeito estado,Faixa de pedestre,Outras,60 km/h,Única,Faixa contínua,,,,
2021-08-09,08:48:00,COM VÍTIMA,FINALIZADA,CORDEIRO,RUA GOMES TABORDA,4,1645,RUA FIRMINO DE BARROS,EM FRENTE A POWER CAR BATERIAS,,,,CORDEIRO,COLISÃO LATERAL,,1,1,0,0,0,0,0,0,0,1,0,,,Cruzamento,Chuvoso,Não existe,,Molhada,Perfeito estado,Não existe,Não há placas,40 km/h,Dupla,Faixa seccionada,,,,
2021-08-09,09:07:00,COM VÍTIMA,FINALIZADA,IMBIRIBEIRA,AV MARECHAL MASCARENHAS DE MORAES,3,820,,E/F A RECIFE RADIADORES,,,,IMBIRIBEIRA,COLISÃO TRASEIRA,,2,0,0,0,0,0,0,0,0,1,0,,SUBURBIO,,,,,,,,,,,,,,,
2021-08-09,09:28:00,COM VÍTIMA,FINALIZADA,BOA VIAGEM,AV CONSELHEIRO AGUIAR,3,810,RUA ATLANTICO,RESTAURANTE JOHNY GASTROBAR,,,,BOA VIAGEM,COLISÃO FRONTAL,,1,1,0,0,0,0,0,0,0,1,0,,CIDADE,Cruzamento,Chuvoso,Não existe,Perfeito estado,Molhada,Perfeito estado,Faixa de pedestre,Placas Pare,,Única,Faixa seccionada,,,,
2021-08-09,11:09:00,COM VÍTIMA,FINALIZADA,AREIAS,AV RECIFE,0,,,LADO OPOSTO AO ARMAZÉM CORAL ACHAQUI M° 726,,,,AREIAS,QUEDA,,0,1,0,0,0,0,0,0,0,1,0,,,Longo da via,Chuvoso,Não existe,Perfeito estado,Molhada,Perfeito estado,Não existe,Não há placas,,Dupla,Canteiro central,,,,
2021-08-09,13:05:00,COM VÍTIMA,FINALIZADA,IPUTINGA,AV MAURICIO DE NASSAU,2,86,,LA MELIO MODA FEMININA,,,,IPUTINGA,COLISÃO COM CICLISTA,,1,0,0,1,0,0,0,0,0,1,0,109,CIDADE,Longo da via,Chuvoso,Sem defeito,Perfeito estado,Molhada,Perfeito estado,Faixa de pedestre,Outras,,Dupla,Faixa contínua,Faixa seccionada,,,
2021-08-09,14:45:00,COM VÍTIMA,FINALIZADA,ARRUDA,AV BEBERIBE,3,548,,E/F AO LOJÃO DO PETRÓLEO,,,,ARRUDA,COLISÃO COM CICLISTA,,0,1,0,1,0,0,0,0,0,3,0,,SUBURBIO,Longo da via,Chuvoso,Sem defeito,Perfeito estado,Molhada,Perfeito estado,Não existe,Outras,,Dupla,Faixa contínua,,,,
2021-08-09,17:27:00,COM VÍTIMA,FINALIZADA,SANTO ANTONIO,AV N S DO CARMO,2,50,,LADO OPOSTO A CASA PIO,,,,SANTO ANTÔNIO,ATROPELAMENTO DE PESSOA,,0,0,0,0,1,1,0,0,0,1,0,,SUBURBIO,Longo da via,Chuvoso,Sem defeito,Perfeito estado,Molhada,Perfeito estado,Não existe,Outras,,Dupla,Outros,,,,
2021-08-10,00:02:00,COM VÍTIMA,FINALIZADA,SAN MARTIN,AV ENGENHEIRO ABDIAS DE CARVALHO,0,,,LADO OPOSTO A UPA,,,,SAN MARTIN,QUEDA,,0,1,0,0,0,0,0,1,0,1,0,,CIDADE,Longo da via,Chuvoso,Sem defeito,Incompleta,Molhada,Mal iluminada,Não existe,Não há placas,60 km/h,Dupla,Canteiro central,,,,
2021-08-10,07:17:00,COM VÍTIMA,FINALIZADA,BOA VIAGEM,RUA VISCONDE DE JEQUITINHONHA,4,1656,,EM FRENTE AO POSTO SHELL,,,,BOA VIAGEM,COLISÃO TRASEIRA,,0,0,0,0,0,2,0,0,0,1,0,,SUBURBIO,Longo da via,Chuvoso,Sem defeito,Perfeito estado,Molhada,Perfeito estado,Não existe,Não há placas,60 km/h,Única,Faixa seccionada,,,,
2021-08-10,12:16:00,COM VÍTIMA,FINALIZADA,BOA VISTA,RUA DO HOSPICIO,0,,,E/F A CAMERA DOS VEREADORES,,,,BOA VISTA,COLISÃO LATERAL,,1,1,0,0,0,0,0,0,0,1,0,31,CIDADE,Cruzamento,Chuvoso,Sem defeito,Incompleta,Molhada,Perfeito estado,Agente,Outras,,Dupla,Faixa contínua,,,,
2021-08-10,17:02:00,COM VÍTIMA,FINALIZADA,BOA VIAGEM,RUA BALTAZAR PASSOS,0,,RUA VISCONDE DE JEQUITINHONHA,,,,,BOA VIAGEM,COLISÃO LATERAL,,1,1,0,0,0,0,0,0,0,1,0,154,,Cruzamento,Bom,Sem defeito,Perfeito estado,Seca,Perfeito estado,Faixa de pedestre,R-25d,,Dupla,Faixa contínua,,,,
2021-08-10,18:36:00,VÍTIMA FATAL,FINALIZADA,ENCRUZILHADA,EST DE BELEM,3,175,RUA DONA JULIETA,EM FRENTE A IGREJA CATÓLICA DE BELÉM E EDF JULIO ll,,,,ENCRUZILHADA,COLISÃO TRANSVERSAL,,1,1,0,0,0,0,0,0,0,0,1,,CIDADE,Cruzamento,Bom,Não existe,Perfeito estado,Seca,Perfeito estado,Não existe,R-6a,,Dupla,Faixa contínua,Faixa seccionada,,,
2021-08-11,08:09:00,VÍTIMA FATAL,FINALIZADA,MADALENA,AV JOSE GONCALVES DE MEDEIROS,3,138,RUA COMENDADOR BENTO AGUIAR,APOIO NO LOCAL  ACIDENTE COM VITIMA FATAL,,,,MADALENA,CHOQUE,,1,0,0,0,0,0,0,0,0,0,1,353,SUBURBIO,Longo da via,Chuvoso,,,Molhada,Perfeito estado,Não existe,R-6a,,Dupla,Faixa contínua,,,,
2021-08-12,07:24:00,COM VÍTIMA,FINALIZADA,AFOGADOS,RUA VINTE E UM DE ABRIL,3,968,RUA DR ALBERTO MOREIRA,EM FRENTE A FABRICA CAFE PETINHO,,,,AFOGADOS,COLISÃO LATERAL,,1,1,0,0,0,0,0,0,0,1,0,,SUBURBIO,Longo da via,Chuvoso,Não existe,Não existente,Molhada,,Não existe,Não há placas,,Dupla,Não existe,,,,
2021-08-12,07:25:00,COM VÍTIMA,FINALIZADA,DERBY,AV GOVERNADOR AGAMENON MAGALHAES,0,,,EM FRENTE AO HOSP. DA RESTAURAÇÃO,,,,DERBY,COLISÃO COM CICLISTA,,0,0,0,1,0,1,0,0,0,1,0,,BOA VIAGEM,Longo da via,Chuvoso,Sem defeito,,Molhada,Mal conservada,Faixa de pedestre,,60 km/h,Dupla,Canteiro central,,,,
2021-08-12,09:32:00,COM VÍTIMA,FINALIZADA,TORRE,RUA MARQUES DE MARICA,3,147,,EM FRENTE AO CONDOMINIO ENGENHO DA TORRE,,,,TORRE,COLISÃO LATERAL,,1,1,0,0,0,0,0,0,0,1,0,,,Longo da via,Chuvoso,Não existe,Perfeito estado,Molhada,Perfeito estado,Não existe,Não há placas,30 km/h,Dupla,Faixa seccionada,,,,
2021-08-12,09:36:00,COM VÍTIMA,FINALIZADA,IMBIRIBEIRA,RUA PINTOR LULA CARDOSO AYRES,4,4779,RUA JOSE LINS DO REGO,APOS O POSTO SHELL  PRIMEIRA ENTRADA NA RUA DE CARGA E DESCARGA DO AEROPORTO,,,,IMBIRIBEIRA,COLISÃO FRONTAL,,1,1,0,0,0,0,0,0,0,1,0,,SUBURBIO,Cruzamento,Bom,Não existe,Não existente,Seca,Perfeito estado,Não existe,Não há placas,60 km/h,Dupla,,,,,
2021-08-12,09:38:00,COM VÍTIMA,FINALIZADA,CASA FORTE,AV DEZESSETE DE AGOSTO,4,2187,,EM FRENTE AO MUSEU  HOMEM DO NORDESTE /,,,,CASA FORTE,COLISÃO TRASEIRA,,1,1,0,0,0,0,1,0,0,1,0,,CIDADE,Longo da via,Bom,Não existe,Perfeito estado,Seca,Perfeito estado,Não existe,R-6a,60 km/h,Dupla,Faixa contínua,,,,
2021-08-12,11:45:00,COM VÍTIMA,FINALIZADA,BOA VIAGEM,RUA RIBEIRO DE BRITO,3,972,RUA DOS NAVEGANTES,AO LADO DO EDF. HOLLIDAY,,,,BOA VIAGEM,COLISÃO LATERAL,,1,1,0,0,0,0,0,0,0,1,0,,,Cruzamento,Bom,Não existe,Perfeito estado,Seca,Perfeito estado,Faixa de retenção,Não há placas,60 km/h,Única,Não existe,,,,
2021-08-12,13:21:00,COM VÍTIMA,FINALIZADA,ILHA DO RETIRO,RUA JOAO ELISIO RAMOS,3,140,RUA DR JOAO MARQUES,PRAÇA PABS BARRETO,,,,ILHA DO RETIRO,COLISÃO LATERAL,,1,1,0,0,0,0,0,0,0,1,0,,SUBURBIO,Cruzamento,Bom,Não existe,Incompleta,Seca,Perfeito estado,Não existe,R-6a,,Dupla,Faixa seccionada,,,,
2021-08-13,12:43:00,COM VÍTIMA,FINALIZADA,MADALENA,RUA BENFICA,0,,RUA JOAO IVO DA SILVA,E/F A O MUSEU DA ABOLIÇAO  PROX  AO BRADESCO PRIME,,,,MADALENA,COLISÃO FRONTAL,,2,0,0,0,0,0,0,0,0,1,0,257,CIDADE,Cruzamento,Bom,Sem defeito,Perfeito estado,Seca,Perfeito estado,Outros,Não há placas,,Dupla,Faixa contínua,,,,
2021-08-13,14:50:00,COM VÍTIMA,FINALIZADA,SANTO AMARO,AV NORTE MIGUEL ARRAES DE ALENCAR,0,,AV CRUZ CABUGA,PROX AO CEMITERIO DOS INGLESES,,,,SANTO AMARO,COLISÃO TRASEIRA,,1,1,0,0,0,0,0,0,0,2,0,34,CIDADE,Longo da via,Bom,Sem defeito,Perfeito estado,Seca,Perfeito estado,Faixa de pedestre,Outras,,Única,Não existe,,,,
2021-08-13,16:42:00,COM VÍTIMA,FINALIZADA,CORDEIRO,EST DO FORTE DO ARRAIAL N. DO B. JESUS,3,477,RUA EURICO DE SOUZA LEAO,E/F ACADEMIA  CIA FIT,,,,CORDEIRO,COLISÃO LATERAL,,1,1,0,0,0,0,0,0,0,1,0,,AV CAXANGA,Cruzamento,Bom,Não existe,Perfeito estado,Seca,,Não existe,Não há placas,,Dupla,Não existe,,,,
2021-08-13,19:07:00,COM VÍTIMA,FINALIZADA,SANTO ANTONIO,AV SUL,0,,,E/F AO POSTO BR,,,,SANTO ANTÔNIO,COLISÃO COM CICLISTA,,0,1,0,1,0,0,0,0,0,1,0,311,CIDADE,Longo da via,Bom,Sem defeito,Perfeito estado,Seca,Perfeito estado,Não existe,Não há placas,,Dupla,Não existe,,,,
2021-08-14,09:18:00,COM VÍTIMA,FINALIZADA,SANTO ANTONIO,AV MARTINS DE BARROS,0,,,EM FRENTE AO BANCO SANTANDER,,,,SANTO ANTÔNIO,COLISÃO TRANSVERSAL,,1,1,0,0,0,0,0,0,0,1,0,,SUBURBIO,Longo da via,Bom,Não existe,Perfeito estado,Seca,Perfeito estado,,,,,,,,,
2021-08-14,15:57:00,COM VÍTIMA,FINALIZADA,IPUTINGA,RUA SAO MATEUS,0,,,EM FRENTE A CENTRAL DE DISTRIBUIÇÃO DOS CORREIOS,,,,IPUTINGA,COLISÃO LATERAL,,1,1,0,0,0,0,0,0,0,1,0,,CIDADE,Longo da via,Bom,Não existe,Perfeito estado,Seca,Perfeito estado,Não existe,Não há placas,,Dupla,Não existe,,,,
2021-08-15,15:45:00,COM VÍTIMA,FINALIZADA,IPUTINGA,AV MAURICIO DE NASSAU,0,,,DEPOIS DO GOE,,,,IPUTINGA,CHOQUE,,0,1,0,0,0,0,0,0,0,1,0,,SUBURBIO,Longo da via,Bom,Não existe,Perfeito estado,Seca,Perfeito estado,Não existe,Outras,,Dupla,Faixa contínua,,,,
2021-08-15,18:15:00,COM VÍTIMA,FINALIZADA,CASA AMARELA,AV NORTE MIGUEL ARRAES DE ALENCAR,3,678,,EM FRENTE A PASSARELA,,,,CASA AMARELA,COLISÃO LATERAL,,1,1,0,0,0,0,0,0,0,1,0,,,Longo da via,Bom,Não existe,Perfeito estado,Seca,Perfeito estado,Não existe,Não há placas,60 km/h,Dupla,,,,,
2021-08-16,09:00:00,VÍTIMA FATAL,FINALIZADA,MADALENA,AV CAXANGA,4,1049,RUA FREI TEOFILO DE VIRGOLETTA,E/F A SEMINOVOS LOCALIZA,,,,MADALENA,ATROPELAMENTO DE PESSOA,,0,0,0,0,1,1,0,0,0,0,1,,CIDADE,Longo da via,Bom,Não existe,Perfeito estado,Seca,Perfeito estado,Não existe,Não há placas,60 km/h,Dupla,Canteiro central,,,,
2021-08-16,12:23:00,COM VÍTIMA,FINALIZADA,BONGI,EST DO BONGI,3,775,,PRÓXIMO A LANCHONETE BOKA LOKA,,,,BONGI,COLISÃO FRONTAL,,1,1,0,0,0,0,0,0,0,1,0,,CIDADE,Longo da via,Bom,Sem defeito,Perfeito estado,Seca,Perfeito estado,Não existe,Não há placas,30 km/h,Dupla,Faixa seccionada,,,,
2021-08-16,12:29:00,COM VÍTIMA,FINALIZADA,SANTO AMARO,RUA TREZE DE MAIO,0,,,EM FRENTE DA PRAÇA DO CAMPO SANTO,,,,SANTO AMARO,COLISÃO LATERAL,,1,1,0,0,0,0,0,0,0,1,0,,SUBURBIO,Longo da via,Bom,Não existe,Perfeito estado,Seca,Perfeito estado,Não existe,Outras,,Dupla,Faixa contínua,,,,
2021-08-16,13:51:00,COM VÍTIMA,FINALIZADA,AFOGADOS,RUA MOTOCOLOMBO,3,184,,AO LADO DA IGREJA PRESBITERIANA DO LARGO DA PAZ,,,,AFOGADOS,COLISÃO FRONTAL,,1,1,0,0,0,0,0,0,0,1,0,,SUBURBIO,Longo da via,Bom,Não existe,Não existente,Seca,Perfeito estado,Não existe,Não há placas,,Única,Faixa seccionada,,,,
2021-08-16,15:13:00,COM VÍTIMA,FINALIZADA,DERBY,AV GOVERNADOR AGAMENON MAGALHAES,0,,,SOB O SEMÁFORO N° 75,,,,DERBY,COLISÃO TRASEIRA,,1,1,0,0,0,0,0,0,0,1,0,75,SUBURBIO,Cruzamento,Bom,Sem defeito,Perfeito estado,Seca,Perfeito estado,Faixa de pedestre,Outras,60 km/h,Dupla,Canal,,,,
2021-08-16,17:30:00,VÍTIMA FATAL,FINALIZADA,SANTO AMARO,AV GOVERNADOR AGAMENON MAGALHAES,0,,,SOB O VIADUTO DA AVENIDA NORTE,,,,SANTO AMARO,ATROPELAMENTO DE PESSOA,,0,0,0,0,1,1,0,0,0,1,1,,SUBURBIO,Longo da via,Bom,,Perfeito estado,Seca,,,,,,,,,,
2021-08-16,18:04:00,COM VÍTIMA,FINALIZADA,BOA VIAGEM,RUA BALTAZAR PASSOS,3,515,RUA JOSE HIPOLITO CARDOSO,E/F AO CAFE SAO BRAZ,,,,BOA VIAGEM,COLISÃO FRONTAL,,1,2,0,0,0,0,0,0,0,1,0,,,Cruzamento,Bom,Não existe,Perfeito estado,Seca,Perfeito estado,Faixa de pedestre,Placas Pare,,Única,Não existe,,,,
2021-08-16,19:43:00,COM VÍTIMA,FINALIZADA,BOA VIAGEM,AV BOA VIAGEM,3,452,,E/F AO EDF MAR DEL PLATA E ORLA,,,,BOA VIAGEM,ATROPELAMENTO DE PESSOA,,0,1,0,0,1,0,0,0,0,1,0,,CIDADE,Longo da via,Bom,Sem defeito,Perfeito estado,Seca,Perfeito estado,,Outras,50 km/h,Única,,,,,
2021-08-16,19:53:00,COM VÍTIMA,FINALIZADA,CABANGA,AV ENGENHEIRO JOSE ESTELITA,0,,,EM FRENTE AO GABANGA IATE  CLUBE,,,,CABANGA,COLISÃO LATERAL,,0,0,0,0,0,0,0,0,0,1,0,,,,,,,,,,,,,,,,,
2021-08-16,20:13:00,COM VÍTIMA,FINALIZADA,CAJUEIRO,AV SEBASTIAO SALAZAR,3,156,,PRÓX AO BAR DA FAVA E POSTO BRAZ CAJUEIRO,,,,CAJUEIRO,COLISÃO LATERAL,,1,1,0,0,0,0,0,0,0,1,0,,,Longo da via,Bom,Não existe,Perfeito estado,Seca,Perfeito estado,Não existe,Outras,,Dupla,Faixa contínua,,,,
2021-08-16,22:38:40,COM VÍTIMA,FINALIZADA,RECIFE,AV MARQUES DE OLINDA,0,,RUA MADRE DEUS,E/F AOS CORREIOS,,,,BAIRRO DO RECIFE,COLISÃO LATERAL,,1,0,0,0,0,1,0,0,0,1,0,20,SUBURBIO,Cruzamento,Chuvoso,Intermitente,Perfeito estado,Molhada,Perfeito estado,Faixa de pedestre,Outras,,Única,Faixa seccionada,,,,
2021-08-17,00:12:00,COM VÍTIMA,FINALIZADA,DERBY,AV GOVERNADOR AGAMENON MAGALHAES,0,,RUA JOAQUIM NABUCO,EM FRENTE AO HOSPITAL DA RESTAURAÇÃO,,,,DERBY,COLISÃO TRANSVERSAL,,0,0,0,0,0,0,0,0,0,1,0,174,SUBURBIO,Cruzamento,Bom,Sem defeito,Perfeito estado,Seca,Perfeito estado,Faixa de pedestre,R-6a,50 km/h,Dupla,Canal,,,,
2021-08-17,10:24:00,COM VÍTIMA,FINALIZADA,BOA VIAGEM,AV ENGENHEIRO DOMINGOS FERREIRA,0,,RUA FELIX DE BRITO E MELO,PROX. A PAPIC PAPELARIA,,,,BOA VIAGEM,COLISÃO LATERAL,,1,1,0,0,0,0,0,0,0,1,0,545,CIDADE,Cruzamento,Bom,Sem defeito,Perfeito estado,Seca,Perfeito estado,Faixa de pedestre,,,Única,Canteiro central,,,,
2021-08-17,12:15:00,COM VÍTIMA,FINALIZADA,TAMARINEIRA,AV NORTE MIGUEL ARRAES DE ALENCAR,4,3892,,EM FRENTE A CANTANHEDE DIESEL,,,,TAMARINEIRA,ATROPELAMENTO DE PESSOA,,0,1,0,0,1,0,0,0,0,1,0,,SUBURBIO,Longo da via,Bom,Não existe,Perfeito estado,Seca,Perfeito estado,Não existe,R-6a,,Dupla,Faixa seccionada,Canteiro central,,,
2021-08-17,13:21:00,COM VÍTIMA,FINALIZADA,RECIFE,C DO APOLO,0,,,EM FRENTE A PREFEITURA DO RECIFE,,,,BAIRRO DO RECIFE,QUEDA,,0,1,0,0,0,0,0,0,0,1,0,436,SUBURBIO,Longo da via,Chuvoso,Sem defeito,Perfeito estado,Molhada,Perfeito estado,Faixa de pedestre,Outras,,Única,Faixa seccionada,,,,
2021-08-17,13:55:00,COM VÍTIMA,FINALIZADA,VARZEA,AV AFONSO OLINDENSE,0,,,E/F A SECRETARIA DE EDUCAÇAO,,,,VÁRZEA,COLISÃO LATERAL,,0,1,0,0,0,0,0,1,0,1,0,,CIDADE,Longo da via,Chuvoso,Não existe,Perfeito estado,Molhada,Perfeito estado,Não existe,Não há placas,,Dupla,Faixa contínua,,,,
2021-08-17,15:16:00,COM VÍTIMA,FINALIZADA,ZUMBI,AV CAXANGA,3,340,,LADO OPOSTO AO NÚMERO 345,,,,ZUMBI,COLISÃO COM CICLISTA,,0,0,0,1,0,1,0,0,0,1,0,,SUBURBIO,Longo da via,Bom,Não existe,Perfeito estado,Seca,Perfeito estado,Não existe,Não há placas,,Dupla,Faixa contínua,Faixa seccionada,Canteiro central,,