data,hora,natureza_acidente,situacao,bairro,endereco,,numero,detalhe_endereco_acidente,complemento,endereco_cruzamento,numero_cruzamento,referencia_cruzamento,bairro_cruzamento,tipo,descricao,auto,moto,ciclom,ciclista,pedestre,onibus,caminhao,viatura,outros,vitimas,vitimasfatais,num_semaforo,sentido_via,acidente_verificado,tempo_clima,situacao_semaforo,sinalizacao,condicao_via,conservacao_via,ponto_controle,situacao_placa,velocidade_max_via,mao_direcao,divisao_via1,divisao_via2,divisao_via3,_id,Protocolo
2021-08-17,17:29:00,COM VÍTIMA,FINALIZADA,SANTO AMARO,AV PREFEITO ARTUR LIMA CAVALCANTI,0,,,PRÓXIMO A PONTE DO LIMOEIRO,,,,SANTO AMARO,COLISÃO TRASEIRA,,1,1,0,0,0,0,0,0,0,1,0,,SUBURBIO,Longo da via,Bom,Não existe,Perfeito estado,Seca,Perfeito estado,Não existe,Não há placas,40 km/h,,Faixa seccionada,,,,
2021-08-17,17:50:00,COM VÍTIMA,FINALIZADA,CORDEIRO,RUA GOMES TABORDA,4,1560,,PROXIMO AO ATACAREJO IDEAL,,,,CORDEIRO,COLISÃO LATERAL,,1,1,0,0,0,0,0,0,0,1,0,,CIDADE,Longo da via,Bom,Não existe,Incompleta,Seca,Mal iluminada,Não existe,R-6a,,Dupla,Faixa seccionada,,,,
2021-08-17,18:42:00,COM VÍTIMA,FINALIZADA,BARRO,AV DR JOSE RUFINO,0,,RUA PEDRO JOSE VIEIRA,E/F AO PONTO IMPERIO,,,,BARRO,COLISÃO FRONTAL,,1,1,0,0,0,0,0,0,0,1,0,,DUPLO,Cruzamento,Bom,Não existe,Perfeito estado,Seca,Perfeito estado,Não existe,,,Dupla,Não existe,,,,
2021-08-17,19:37:00,COM VÍTIMA,FINALIZADA,BOA VIAGEM,AV BOA VIAGEM,4,1800,RUA FRANCA PEREIRA,PROX AO SEGUNDO JARDIN,,,,BOA VIAGEM,COLISÃO TRANSVERSAL,,1,1,0,0,0,0,0,0,0,1,0,3,CIDADE,Longo da via,Bom,Sem defeito,Perfeito estado,Seca,Perfeito estado,Faixa de pedestre,Não há placas,,Única,Faixa contínua,,,,
2021-08-17,22:44:40,COM VÍTIMA,FINALIZADA,RECIFE,AV ALFREDO LISBOA,0,,,E/F AO FORTE DO BRUM,,,,BAIRRO DO RECIFE,COLISÃO COM CICLISTA,,1,0,0,2,0,0,0,0,0,2,0,,SUBURBIO,Longo da via,Bom,Sem defeito,Perfeito estado,Seca,Mal iluminada,Faixa de pedestre,Outras,60 km/h,Única,Faixa seccionada,,,,
2021-08-18,08:29:00,COM VÍTIMA,FINALIZADA,SANTO AMARO,AV PREFEITO ARTUR LIMA CAVALCANTI,0,,,POR TRAS DO PREDIO DA CONTAX  NA CURVA,,,,SANTO AMARO,QUEDA,,0,1,0,0,0,0,0,0,0,1,0,,SUBURBIO,Longo da via,Bom,Não existe,Perfeito estado,Seca,Perfeito estado,Não existe,Não há placas,,Dupla,Canteiro central,,,,
2021-08-18,09:59:00,COM VÍTIMA,FINALIZADA,MADALENA,RUA DEMOCRITO DE SOUZA FILHO,3,452,RUA PROFESSOR JOSE TORRES PIRES,EM FRENTE A BARBEARIA BELEZA CAFE E MODA,,,,MADALENA,COLISÃO LATERAL,,1,1,0,0,0,0,0,0,0,1,0,,SUBURBIO,Cruzamento,Bom,Não existe,Perfeito estado,Seca,Perfeito estado,Não existe,R-3,,Única,Não existe,,,,
2021-08-18,11:29:00,COM VÍTIMA,FINALIZADA,PAISSANDU,AV GOVERNADOR AGAMENON MAGALHAES,0,,,PROXIMO AO BRADESCO PRIME,,,,PAISSANDU,COLISÃO TRASEIRA,,1,1,0,0,0,0,0,0,0,1,0,,BOA VIAGEM,Longo da via,Bom,Não existe,Não existente,Seca,Perfeito estado,Não existe,Não há placas,60 km/h,Única,Faixa seccionada,,,,
2021-08-18,12:11:00,COM VÍTIMA,FINALIZADA,BOA VIAGEM,AV ENGENHEIRO DOMINGOS FERREIRA,4,2391,,EM FRENTE AO EMPRESARIAL SAN MARINO,,,,BOA VIAGEM,COLISÃO LATERAL,,1,1,0,0,0,0,0,0,0,1,0,,SUBURBIO,Longo da via,Bom,Não existe,Perfeito estado,Seca,Perfeito estado,Não existe,Não há placas,,Dupla,Canteiro central,,,,
2021-08-18,11:55:00,COM VÍTIMA,FINALIZADA,CASA AMARELA,RUA PADRE LEMOS,3,525,,AO LADO DA ASSEMBLEIA DE DEUS,,,,CASA AMARELA,COLISÃO LATERAL,,1,1,0,0,0,0,0,0,0,1,0,369,SUBURBIO,Longo da via,Bom,Sem defeito,Incompleta,Seca,Mal conservada,Faixa de pedestre,Outras,30 km/h,Dupla,Não existe,,,,
2021-08-19,06:31:00,COM VÍTIMA,FINALIZADA,BOA VISTA,RUA JOSE DE ALENCAR,0,,RUA BARAO DE SAO BORJA,HOTEL BOA VISTA,,,,BOA VISTA,COLISÃO FRONTAL,,1,0,0,0,0,0,0,0,1,1,0,,CIDADE,Cruzamento,Chuvoso,Não existe,Perfeito estado,Molhada,Perfeito estado,Faixa de pedestre,Outras,,Única,Outros,,,,
2021-08-19,07:48:00,COM VÍTIMA,FINALIZADA,BEBERIBE,AV BEBERIBE,4,2238,,LOJA KI BIKE,,,,BEBERIBE,COLISÃO COM CICLISTA,,0,0,0,1,0,0,0,0,0,1,0,,SUBURBIO,Longo da via,Nublado,Não existe,Perfeito estado,Molhada,Perfeito estado,Não existe,R-6a,,Dupla,Faixa seccionada,,,,
2021-08-19,12:59:00,COM VÍTIMA,FINALIZADA,MADALENA,RUA DEMOCRITO DE SOUZA FILHO,3,418,RUA PROFESSOR JOSE TORRES PIRES,PRÓX À ASSOCIAÇÃO NOSSA SENHORA DO PERPÉTUO SOCORRO,,,,MADALENA,COLISÃO FRONTAL,,1,0,0,0,0,0,0,0,0,1,0,,CIDADE,Cruzamento,Chuvoso,Não existe,Incompleta,Molhada,Perfeito estado,Não existe,Não há placas,,Única,Não existe,,,,
2021-08-19,17:54:00,COM VÍTIMA,FINALIZADA,SAN MARTIN,AV GENERAL SAN MARTIN,4,2455,,PTOXIMO A ESCOLA ADVENTISTA DE SAN MARTIN,,,,SAN MARTIN,COLISÃO FRONTAL,,0,2,0,0,0,0,0,0,0,1,0,,NORTE / SUL,Longo da via,Bom,Não existe,Perfeito estado,Seca,Perfeito estado,Não existe,Não há placas,40 km/h,Dupla,Faixa contínua,,,,
2021-08-19,19:48:00,COM VÍTIMA,FINALIZADA,SANTO AMARO,RUA AURORA,4,1027,,PRÓX A TV GLOBO,,,,SANTO AMARO,ATROPELAMENTO DE ANIMAL,,1,0,0,0,0,0,0,0,0,1,0,,SUBURBIO,Longo da via,Bom,Não existe,Perfeito estado,Seca,Perfeito estado,Não existe,Não há placas,,Dupla,Faixa contínua,Canteiro central,,,
2021-08-20,00:49:00,COM VÍTIMA,FINALIZADA,GRACAS,RUA ALBERTO PAIVA,3,222,RUA ANTONIO NOVAIS,APÓS A PIZZARIA HUT,,,,GRAÇAS,COLISÃO LATERAL,,2,0,0,0,0,0,0,0,0,2,0,,DUPLO,Cruzamento,Chuvoso,Sem defeito,Perfeito estado,Molhada,Perfeito estado,Faixa de pedestre,Não há placas,,Dupla,Não existe,,,,
2021-08-20,08:18:00,COM VÍTIMA,FINALIZADA,CASA AMARELA,AV NORTE MIGUEL ARRAES DE ALENCAR,4,5841,,EM FRENTE A RETIFICA PADRÃO  SENT. CIDADE,,,,CASA AMARELA,COLISÃO TRASEIRA,,1,1,0,0,0,0,0,0,0,1,0,95,CIDADE,Longo da via,Chuvoso,Sem defeito,Perfeito estado,Molhada,Perfeito estado,Faixa de pedestre,Outras,60 km/h,Dupla,Canteiro central,,,,
2021-08-20,10:11:00,COM VÍTIMA,FINALIZADA,CASA AMARELA,COR DO BARTOLOMEU,3,376,,E/F CENTRO SOCIAL DOS SERVIDORES DO RECIFE,,,,CASA AMARELA,COLISÃO TRANSVERSAL,,0,2,0,0,0,0,0,0,0,2,0,,SUBURBIO,Longo da via,Chuvoso,Não existe,Perfeito estado,Molhada,Perfeito estado,Não existe,R-6a,30 km/h,Dupla,Faixa seccionada,,,,
2021-08-20,11:24:00,COM VÍTIMA,FINALIZADA,SANTO AMARO,AV CRUZ CABUGA,0,,RUA FREI CASSIMIRO,,,,,SANTO AMARO,COLISÃO TRASEIRA,,0,1,0,0,0,0,1,0,0,1,0,,SUBURBIO,Cruzamento,Chuvoso,Não existe,Perfeito estado,Seca,Perfeito estado,Não existe,R-6a,,Dupla,Faixa contínua,,,,
2021-08-20,16:31:00,COM VÍTIMA,FINALIZADA,MADALENA,RUA REAL DA TORRE,3,682,RUA DES LUIZ SALAZAR,PROX AO MERCADO DA MADALENA  VT 08 NO LOCAL,,,,MADALENA,COLISÃO LATERAL,,2,0,0,0,0,0,0,0,0,1,0,,SUBURBIO,Longo da via,Chuvoso,Não existe,Perfeito estado,Molhada,Perfeito estado,Não existe,Não há placas,60 km/h,Única,Não existe,,,,
2021-08-21,00:03:00,COM VÍTIMA,FINALIZADA,JARDIM SAO PAULO,AV LIBERDADE,0,,,APOS AO N° 125  SOBRE O VIADUTO,,,,JARDIM SÃO PAULO,COLISÃO FRONTAL,,1,1,0,0,0,0,0,0,0,1,0,,CIDADE,Longo da via,Bom,Não existe,,Seca,Perfeito estado,Não existe,Não há placas,60 km/h,Dupla,Faixa contínua,,,,
2021-08-21,11:19:00,COM VÍTIMA,FINALIZADA,BEBERIBE,RUA ARAO BOTLER,4,3370,,EM FRENTE A GALERIA DO TERRAÇO,,,,BEBERIBE,COLISÃO LATERAL,,1,1,0,0,0,0,0,0,0,2,0,,SUBURBIO,Longo da via,Bom,,Perfeito estado,Seca,Perfeito estado,Não existe,Não há placas,,Única,Não existe,,,,
2021-08-21,15:08:00,COM VÍTIMA,FINALIZADA,ILHA DO RETIRO,RUA SPORT CLUBE DO RECIFE,0,,,EM FRENTE A SEDE SPORT CLUB DO REIFE,,,,ILHA DO RETIRO,COLISÃO TRASEIRA,,1,1,0,0,0,0,0,0,0,1,0,367,CIDADE,Longo da via,Bom,Sem defeito,Perfeito estado,Seca,Perfeito estado,,Não há placas,,Dupla,Faixa contínua,Canteiro central,,,
2021-08-21,17:02:00,COM VÍTIMA,FINALIZADA,BOA VIAGEM,AV ENGENHEIRO DOMINGOS FERREIRA,0,,RUA PROFESSOR JOSE BRANDAO,ENFRENTE A FARMACIA INDEPENDENTE,,,,BOA VIAGEM,ENGAVETAMENTO,,3,0,0,0,0,0,0,0,0,1,0,550,SUBURBIO,Longo da via,Bom,Sem defeito,Perfeito estado,Seca,Perfeito estado,Faixa de pedestre,Outras,,Única,Faixa contínua,,,,
2021-08-21,17:10:00,COM VÍTIMA,FINALIZADA,JORDAO,AV MARIA IRENE,0,,RUA CRISTALIA,ESQUINA DO MERCADINHO EVA RAÇOES,,,,JORDÃO,COLISÃO LATERAL,,1,1,0,0,0,0,0,0,0,1,0,,CIDADE,Longo da via,Bom,Não existe,Perfeito estado,Seca,Perfeito estado,Não existe,Não há placas,40 km/h,Dupla,,,,,
2021-08-21,22:36:40,COM VÍTIMA,FINALIZADA,MACAXEIRA,RUA MARIA CANDIDA,0,,AV NORTE MIGUEL ARRAES DE ALENCAR,PARQUE IRANO DA MACAXEIRA,,,,MACAXEIRA,COLISÃO LATERAL,,1,1,0,0,0,0,0,0,0,1,0,,SUBURBIO,Cruzamento,Chuvoso,Sem defeito,Perfeito estado,Seca,Perfeito estado,Faixa de pedestre,Outras,,Dupla,Faixa seccionada,,,,
2021-08-22,13:02:00,COM VÍTIMA,FINALIZADA,ILHA JOANA BEZERRA,VDO PAPA JOAO PAULO II,0,,,SOB O VIADUTO,,,,ILHA JOANA BEZERRA,COLISÃO LATERAL,,0,2,0,0,0,0,0,0,0,1,0,,RECIFE / OLINDA,Longo da via,Bom,Não existe,Perfeito estado,Seca,Perfeito estado,Outros,Outras,60 km/h,Dupla,Canteiro central,,,,
2021-08-22,16:52:00,COM VÍTIMA,FINALIZADA,JORDAO,AV GOVERNADOR ROBERTO SILVEIRA,0,,RUA DES EVANDRO NETTO,APOS O TERMINAL DE ONIBUS DO JORDAO BAIXO PRIMEIRA RUA,,,,JORDÃO,COLISÃO LATERAL,,1,0,0,0,0,0,0,0,0,1,0,,,Cruzamento,Chuvoso,Não existe,Perfeito estado,Seca,Perfeito estado,Faixa de pedestre,R-24a,,Única,Não existe,,,,
2021-08-23,10:07:00,COM VÍTIMA,FINALIZADA,CASA AMARELA,AV NORTE MIGUEL ARRAES DE ALENCAR,4,4707,,AO LADO ARMAZEM CORAL ACHAQUI,,,,CASA AMARELA,COLISÃO LATERAL,,0,1,0,0,0,0,1,0,0,1,0,,CIDADE,Longo da via,Chuvoso,Não existe,Perfeito estado,Seca,Perfeito estado,Não existe,R-6a,60 km/h,Dupla,Faixa seccionada,Canteiro central,,,
2021-08-23,14:29:00,COM VÍTIMA,FINALIZADA,SANTO ANTONIO,AV GUARARAPES,0,,RUA DO SOL,EM FRENTE AOS CORREIOS,,,,SANTO ANTÔNIO,COLISÃO LATERAL,,0,2,0,0,0,0,0,0,0,1,0,14,SUBURBIO,Cruzamento,Bom,Sem defeito,Perfeito estado,Seca,Perfeito estado,Faixa de pedestre,Não há placas,,Dupla,Canteiro central,,,,
2021-08-23,15:45:00,COM VÍTIMA,FINALIZADA,CORDEIRO,AV CAXANGA,4,2544,RUA N S DA SAUDE,EM FRENTE À AGROÚTIL,,,,CORDEIRO,COLISÃO TRASEIRA,,1,1,0,0,0,0,0,0,0,1,0,,SUBURBIO,Longo da via,Bom,Sem defeito,Perfeito estado,Seca,Perfeito estado,Faixa de pedestre,Não há placas,,Dupla,Canteiro central,,,,
2021-08-23,16:55:00,COM VÍTIMA,FINALIZADA,CASA FORTE,AV DEZESSETE DE AGOSTO,3,500,,E/F AO PLAZA,,,,CASA FORTE,COLISÃO COM CICLISTA,,1,0,0,1,0,0,0,0,0,1,0,345,SUBURBIO,Longo da via,Bom,Sem defeito,Perfeito estado,Seca,Perfeito estado,Faixa de pedestre,R-6a,,Dupla,Faixa contínua,,,,
2021-08-23,19:37:00,COM VÍTIMA,FINALIZADA,IMBIRIBEIRA,AV SUL,0,,,E/F AO TI TRANCREDO NEVES,,,,IMBIRIBEIRA,COLISÃO LATERAL,,1,1,0,0,0,0,0,0,0,1,0,,SUBURBIO,Longo da via,Bom,Não existe,Perfeito estado,Seca,Perfeito estado,Não existe,Não há placas,,Única,Não existe,,,,
2021-08-24,12:15:00,COM VÍTIMA,FINALIZADA,BOA VIAGEM,RUA PROFESSOR JOAO MEDEIROS,3,533,RUA BRUNO VELOSO,PROX ACADEMIA R2 S/T BEIRA MAR,,,,BOA VIAGEM,COLISÃO LATERAL,,1,1,0,0,0,0,0,0,0,1,0,335,CIDADE,Cruzamento,Bom,Sem defeito,Perfeito estado,Seca,Perfeito estado,Faixa de pedestre,Outras,,Dupla,Faixa contínua,Faixa seccionada,Canteiro central,,
2021-08-10,18:20:00,COM VÍTIMA,FINALIZADA,DOIS UNIDOS,RUA DIVISOPOLIS,2,40,,ESCOLA MUNICIPAL ALTO DO MARACANÃ,,,,DOIS UNIDOS,ATROPELAMENTO DE PESSOA,,0,1,0,0,1,0,0,0,0,1,0,,CIDADE,Longo da via,Bom,Não existe,Não existente,Seca,Mal iluminada,Não existe,Não há placas,30 km/h,Dupla,Não existe,,,,
2021-08-24,15:56:00,COM VÍTIMA,FINALIZADA,TAMARINEIRA,EST VELHA DE AGUA FRIA,0,,AV PROFESSOR JOSE DOS ANJOS,SOBE O SEMAFORO 306,,,,TAMARINEIRA,QUEDA,,0,1,0,0,0,0,0,0,0,1,0,306,SUBURBIO,Cruzamento,Bom,Sem defeito,Perfeito estado,Seca,Perfeito estado,Faixa de pedestre,,,Dupla,Canteiro central,,,,
2021-08-24,16:00:00,COM VÍTIMA,FINALIZADA,AFOGADOS,RUA SAO MIGUEL,4,1516,RUA JOVELINO SELVA,EM FRENTE AO CENTRO AUTOMOTIVO ABC,,,,AFOGADOS,COLISÃO LATERAL,,2,1,0,0,0,0,0,0,0,1,0,,CIDADE,Longo da via,Bom,Não existe,Perfeito estado,Seca,Perfeito estado,Não existe,Não há placas,,Dupla,Faixa,,,,
2021-08-24,18:57:00,COM VÍTIMA,FINALIZADA,IBURA,AV DOIS RIOS,3,550,RUA RIO NEGRO,E/F A IGREJA  EL SHADAY,,,,IBURA,COLISÃO LATERAL,,0,2,0,0,0,0,0,0,0,2,0,,CIDADE,Cruzamento,Bom,Não existe,Perfeito estado,Seca,Perfeito estado,Não existe,Não há placas,60 km/h,Dupla,Faixa contínua,Faixa seccionada,,,
2021-08-24,20:50:00,COM VÍTIMA,FINALIZADA,ESPINHEIRO,RUA DO ESPINHEIRO,3,223,RUA SANTO ELIAS,PRÓX A MASCATE LIVRARIA E ANTIGO POSTO IPIRANGA,,,,ESPINHEIRO,COLISÃO COM CICLISTA,,1,0,0,1,0,0,0,0,0,1,0,,SUBURBIO,Longo da via,Bom,Não existe,Perfeito estado,Seca,Perfeito estado,Faixa de pedestre,Placas Pare,,Dupla,,,,,
2021-08-24,21:15:40,COM VÍTIMA,FINALIZADA,IPUTINGA,RUA SAO MATEUS,3,653,,ACADEMIA L.FIT,,,,IPUTINGA,COLISÃO FRONTAL,,0,2,0,0,0,0,0,0,0,1,0,,SUBURBIO,Longo da via,Bom,Não existe,Perfeito estado,Seca,Perfeito estado,Não existe,Outras,,Dupla,Não existe,,,,
2021-08-25,11:42:00,COM VÍTIMA,FINALIZADA,AFOGADOS,EST DOS REMEDIOS,4,1918,,EM FRENTE A AGATA VEICULOS,,,,AFOGADOS,COLISÃO LATERAL,,2,1,0,0,0,0,0,0,0,1,0,,SUBURBIO,Longo da via,Bom,Não existe,Perfeito estado,Seca,Perfeito estado,Não existe,Não há placas,,Única,Faixa seccionada,,,,
2021-08-25,13:22:00,COM VÍTIMA,FINALIZADA,IBURA,RUA JORNALISTA EDSON REGIS,3,849,AV DOIS RIOS,ESQUINA COM A AUTO MECÂNICA BASTOS,,,,IBURA,COLISÃO LATERAL,,1,1,0,0,0,0,0,0,0,1,0,518,SUBURBIO,Longo da via,Bom,Sem defeito,Perfeito estado,Seca,Perfeito estado,Faixa de pedestre,Outras,,Dupla,Não existe,,,,
2021-08-25,18:59:00,COM VÍTIMA,FINALIZADA,CASA AMARELA,AV NORTE MIGUEL ARRAES DE ALENCAR,4,4772,,LADO OPOSTO AO ARMAZÉM CORAL,,,,CASA AMARELA,COLISÃO TRASEIRA,,1,1,0,0,0,0,0,0,0,1,0,,SUBURBIO,Longo da via,Bom,Não existe,Incompleta,Seca,Mal conservada,Não existe,Outras,,Dupla,Canteiro central,,,,
2021-08-26,08:44:00,COM VÍTIMA,FINALIZADA,AFOGADOS,RUA COSME VIANA,3,128,RUA JOSE DA BOMBA,PRÓXIMO A BLUECAR AUTO SERVICE,,,,AFOGADOS,COLISÃO LATERAL,,1,1,0,0,0,0,0,0,0,1,0,,SUBURBIO,Longo da via,Bom,Sem defeito,Perfeito estado,Seca,Perfeito estado,Não existe,Não há placas,60 km/h,Única,Não existe,,,,
2021-08-26,09:12:00,COM VÍTIMA,FINALIZADA,IBURA,RUA RIO XINGU,3,924,,EM FRENTE AO N° 924,,,,IBURA,COLISÃO FRONTAL,,1,1,0,0,0,0,0,0,0,1,0,,SUBURBIO,Longo da via,Bom,Não existe,Perfeito estado,Seca,Perfeito estado,Não existe,R-6a,30 km/h,Dupla,Faixa seccionada,,,,
2021-08-26,10:24:00,COM VÍTIMA,FINALIZADA,PORTO DA MADEIRA,RUA DALVA DE OLIVEIRA,3,257,RUA RIO BEBERIBE,E/F A IGREJA BATISTA,,,,PORTO DA MADEIRA,COLISÃO FRONTAL,,0,1,0,0,0,0,1,0,0,1,0,,CIDADE,Cruzamento,Bom,Não existe,Perfeito estado,Seca,Perfeito estado,Faixa de pedestre,Outras,,Dupla,Não existe,,,,
2021-08-26,13:04:00,COM VÍTIMA,FINALIZADA,JARDIM SAO PAULO,RUA LEANDRO BARRETO,2,93,RUA LEOBINA PEREIRA,EM FRENTE A PIZZARIA E RESTAURANTE DOS GÊMEOS,,,,JARDIM SÃO PAULO,COLISÃO LATERAL,,1,1,0,0,0,0,0,0,0,1,0,,SUBURBIO,Longo da via,Bom,Não existe,Não existente,Seca,Perfeito estado,Não existe,Não há placas,,Dupla,Não existe,,,,
2021-08-26,13:48:00,COM VÍTIMA,FINALIZADA,CAXANGA,AV CAXANGA,0,,,SOBRE A PONTE MARECHAL CASTELO BRANCO,,,,CAXANGÁ,COLISÃO TRASEIRA,,1,1,0,0,0,0,0,0,0,1,0,568,CIDADE,Ponte,Bom,Sem defeito,Perfeito estado,Seca,Perfeito estado,,R-32,,Dupla,Faixa seccionada,Canteiro central,,,
2021-08-26,15:04:00,COM VÍTIMA,FINALIZADA,BOA VIAGEM,AV MARECHAL JUAREZ TAVORA,3,462,,EM FRETE A CONSTRUTORA SANTO ANTONIO,,,,BOA VIAGEM,COLISÃO TRASEIRA,,0,1,0,0,0,0,1,0,0,1,0,,SUBURBIO,Longo da via,Bom,Não existe,Perfeito estado,Seca,Perfeito estado,Não existe,R-19,40 km/h,Dupla,Canal,,,,
2021-08-26,16:21:00,COM VÍTIMA,FINALIZADA,SANTO ANTONIO,PTE PRINCESA IZABEL,0,,RUA DO SOL,EM FRENTE AO TEATRO PRINCESA IZABEL,,,,SANTO ANTÔNIO,QUEDA,,0,1,0,0,0,0,0,0,0,1,0,,,Esquina,Bom,Não existe,Perfeito estado,Seca,Perfeito estado,Não existe,Outras,,Única,Não existe,,,,
2021-08-27,08:00:00,COM VÍTIMA,FINALIZADA,ENCRUZILHADA,AV NORTE MIGUEL ARRAES DE ALENCAR,4,2483,,LADO OPOSTO AO T2 AUTOS,,,,ENCRUZILHADA,ATROPELAMENTO DE PESSOA,,0,1,0,0,1,0,0,0,0,2,0,,CIDADE,Longo da via,Bom,Não existe,Perfeito estado,Seca,Mal conservada,Outros,Outras,,Dupla,Faixa seccionada,Canteiro central,,,
2021-08-27,12:37:00,COM VÍTIMA,FINALIZADA,DOIS IRMAOS,RUA DOIS IRMAOS,0,,,EM FRENTE AO VIADUTO DA BR 101,,,,DOIS IRMÃOS,CHOQUE,,0,1,0,0,0,0,0,0,0,1,0,416,CIDADE,Outros,Bom,Com defeito,Perfeito estado,Seca,Perfeito estado,Faixa de retenção,Não há placas,,Dupla,Faixa seccionada,,,,
2021-08-27,15:22:00,COM VÍTIMA,FINALIZADA,IMBIRIBEIRA,AV MARECHAL MASCARENHAS DE MORAES,0,,,EM FRENTE A FACULDADE UNIVERSO,,,,IMBIRIBEIRA,COLISÃO TRASEIRA,,2,0,0,0,0,0,0,0,0,1,0,501,SUBURBIO,Longo da via,Bom,Sem defeito,Perfeito estado,Seca,Perfeito estado,Faixa de pedestre,Não há placas,,Dupla,Canteiro central,,,,
2021-08-27,19:49:00,VÍTIMA FATAL,FINALIZADA,SANTO AMARO,RUA DOS PALMARES,0,,RUA DO POMBAL,PRÓX AO COMANDO DA GUARDA,,,,SANTO AMARO,COLISÃO COM CICLISTA,,0,1,0,1,0,0,0,0,0,1,1,,SUBURBIO,Cruzamento,Bom,Não existe,Perfeito estado,Seca,Perfeito estado,Faixa de pedestre,Não há placas,,Única,Faixa seccionada,Canteiro central,,,
2021-08-28,08:16:00,COM VÍTIMA,FINALIZADA,IPSEP,RUA POTENGY,0,,RUA JEAN EMILE FAVRE,EM FRENTE A FARMÁCIA DIARIMENTE,,,,IPSEP,COLISÃO TRANSVERSAL,,1,1,0,0,0,0,0,0,0,1,0,564,CIDADE,Longo da via,Bom,Sem defeito,Perfeito estado,Seca,Perfeito estado,Não existe,,40 km/h,Única,Faixa seccionada,,,,
2021-08-28,08:46:00,COM VÍTIMA,FINALIZADA,PRADO,RUA PADRE TEOFILO TWORZ,0,,RUA SANTA EDWIRGES,EM FRENTE A IGREJA PRESBITERIANA DO CORDEIRO,,,,PRADO,COLISÃO LATERAL,,1,1,0,0,0,0,0,0,0,1,0,,CIDADE,Cruzamento,Bom,Não existe,,Seca,Perfeito estado,Faixa de pedestre,Não há placas,,,,,,,
2021-08-28,20:56:00,VÍTIMA FATAL,FINALIZADA,APIPUCOS,RUA DE APIPUCOS,4,1210,,E/F AO BATALHAO PMPE 11,,,,APIPUCOS,CHOQUE,,0,1,0,0,0,0,0,0,0,0,1,248,SUBURBIO,Longo da via,Bom,Sem defeito,Ilegível,Seca,Mal conservada,Faixa de pedestre,Outras,,Dupla,Faixa contínua,,,,
2021-08-29,19:00:00,COM VÍTIMA,FINALIZADA,BOA VIAGEM,AV BOA VIAGEM,0,,,PRIMEIRO JARDIM,,,,BOA VIAGEM,COLISÃO TRASEIRA,,1,1,0,0,0,0,0,0,0,2,0,,CIDADE,Longo da via,Bom,Não existe,Perfeito estado,Seca,Perfeito estado,,Não há placas,,Única,Faixa seccionada,,,,
2021-08-30,12:58:00,COM VÍTIMA,FINALIZADA,CAXANGA,RUA MINISTRO JOAO ALBERTO,3,366,RUA ALCIDES CODECEIRA,PRÓX AO ATACADÃO.,,,,CAXANGÁ,CAPOTAMENTO,,1,0,0,0,0,0,0,0,0,1,0,,SUBURBIO,Longo da via,Bom,Não existe,Perfeito estado,Seca,Perfeito estado,Não existe,Não há placas,40 km/h,Dupla,Faixa seccionada,,,,
2021-08-30,14:08:00,COM VÍTIMA,FINALIZADA,GRACAS,RUA JOAQUIM NABUCO,0,,,LADO OPOSTO AO N°92,,,,GRAÇAS,COLISÃO TRASEIRA,,1,1,0,0,0,0,0,0,0,1,0,,SUBURBIO,Longo da via,Bom,Não existe,Perfeito estado,Seca,Perfeito estado,Faixa de pedestre,R-6a,40 km/h,Única,Faixa seccionada,,,,