data,hora,natureza_acidente,situacao,bairro,endereco,,numero,detalhe_endereco_acidente,complemento,endereco_cruzamento,numero_cruzamento,referencia_cruzamento,bairro_cruzamento,tipo,descricao,auto,moto,ciclom,ciclista,pedestre,onibus,caminhao,viatura,outros,vitimas,vitimasfatais,num_semaforo,sentido_via,acidente_verificado,tempo_clima,situacao_semaforo,sinalizacao,condicao_via,conservacao_via,ponto_controle,situacao_placa,velocidade_max_via,mao_direcao,divisao_via1,divisao_via2,divisao_via3,_id,Protocolo
2021-08-30,15:10:00,COM VÍTIMA,FINALIZADA,BOA VISTA,RUA GERVASIO PIRES,3,356,,EDIFICIO CAROLENA,,,,BOA VISTA,ATROPELAMENTO DE PESSOA,,0,0,0,0,1,0,1,0,0,1,0,24,SUBURBIO,Longo da via,Bom,Sem defeito,Perfeito estado,Seca,Perfeito estado,Faixa de pedestre,R-6a,,Única,Faixa seccionada,,,,
2021-08-30,15:39:00,COM VÍTIMA,FINALIZADA,MADALENA,RUA RICARDO SALAZAR,3,336,,EM FRENTE AO EDIFÍCIO DESEMBARGADOR,,,,MADALENA,CHOQUE,,1,0,0,0,0,0,0,0,0,1,0,,SUBURBIO,Longo da via,Bom,Não existe,Incompleta,Seca,Perfeito estado,Não existe,Não há placas,,Única,Canal,,,,
2021-08-30,17:26:00,COM VÍTIMA,FINALIZADA,PINA,AV ENGENHEIRO DOMINGOS FERREIRA,2,40,,LADO OPOSTO AO N° 40,,,,PINA,ATROPELAMENTO DE PESSOA,,0,1,0,0,2,0,0,0,0,3,0,,SUBURBIO,Longo da via,Bom,Não existe,Perfeito estado,Seca,Perfeito estado,Não existe,Não há placas,60 km/h,Única,Faixa seccionada,,,,
2021-08-30,17:36:00,COM VÍTIMA,FINALIZADA,VARZEA,RUA EMILIANO BRAGA,3,157,RUA PROFESSOR ANTONIO COELHO,TERMINAL DE ONIBUS DA CDU,,,,VÁRZEA,COLISÃO LATERAL,,0,2,0,0,0,0,0,0,0,1,0,,SUBURBIO,Cruzamento,Bom,Não existe,Perfeito estado,Seca,Perfeito estado,Não existe,Placas Pare,40 km/h,Única,Faixa contínua,,,,
2021-08-30,17:57:00,COM VÍTIMA,FINALIZADA,SAO JOSE,AV N S DO CARMO,2,40,,EM FRENTE AO IMPERIO DAS CAPAS E A LUCIANA NOIVAS,,,,SÃO JOSÉ,COLISÃO COM CICLISTA,,0,1,0,1,0,0,0,0,0,1,0,,CIDADE,Longo da via,Bom,Sem defeito,Perfeito estado,Seca,Perfeito estado,Não existe,Outras,40 km/h,Dupla,Faixa contínua,,,,
2021-08-30,20:12:00,COM VÍTIMA,FINALIZADA,MACAXEIRA,AV NORTE MIGUEL ARRAES DE ALENCAR,0,,,E/F AO ANTIGO TERMINAL DA MACAXEIRA,,,,MACAXEIRA,COLISÃO LATERAL,,0,2,0,0,0,0,0,0,0,3,0,296,SUBURBIO,,,,,,,,,,,,,,,
2021-08-31,10:08:00,COM VÍTIMA,FINALIZADA,SANTO AMARO,AV CRUZ CABUGA,3,767,,NA FRENTE DA CASA DA INDUSTRIA,,,,SANTO AMARO,ATROPELAMENTO DE PESSOA,,0,1,0,0,1,0,0,0,0,1,0,234,SUBURBIO,Longo da via,Bom,Sem defeito,Perfeito estado,Seca,Perfeito estado,Agente,Não há placas,60 km/h,Dupla,Faixa contínua,,,,
2021-08-31,10:15:00,COM VÍTIMA,FINALIZADA,IPUTINGA,AV CAXANGA,4,2811,,E/F AO RESTAURANTE MASSARELA,,,,IPUTINGA,COLISÃO LATERAL,,1,1,0,0,0,0,0,0,0,1,0,,CIDADE,Longo da via,Bom,Não existe,Perfeito estado,Seca,Perfeito estado,Não existe,Não há placas,,Dupla,Canteiro central,,,,
2021-08-31,14:49:00,COM VÍTIMA,FINALIZADA,PRADO,RUA GOMES TABORDA,3,767,RUA FIDELIS MOLITERNO,EM FRENTE AO LÉO CHOPP PRADO,,,,PRADO,COLISÃO LATERAL,,1,1,0,0,0,0,0,0,0,1,0,,CIDADE,Cruzamento,Bom,Não existe,Ilegível,Seca,Perfeito estado,Não existe,Outras,40 km/h,Dupla,Faixa seccionada,,,,
2021-08-31,15:30:00,COM VÍTIMA,FINALIZADA,MADALENA,RUA REAL DA TORRE,3,682,,EM FRENTE AO LOJA DO CONDOMÍNIO,,,,MADALENA,COLISÃO LATERAL,,1,1,0,0,0,0,0,0,0,1,0,,CIDADE,Longo da via,Bom,Não existe,Perfeito estado,Seca,Perfeito estado,Não existe,Não há placas,,Única,Faixa seccionada,,,,
2021-09-01,09:28:00,COM VÍTIMA,FINALIZADA,HIPODROMO,EST DE BELEM,3,611,,PROX  A CASA DO BOLO,,,,HIPÓDROMO,QUEDA,,0,0,0,0,0,0,0,0,0,1,0,,SUBURBIO,Longo da via,Bom,Não existe,Perfeito estado,Seca,Perfeito estado,Não existe,Outras,50 km/h,Dupla,Faixa seccionada,,,,
2021-09-01,09:28:00,COM VÍTIMA,FINALIZADA,TOTO,AV LIBERDADE,0,,,AO LADO DA OFICINA FERREIRA MOTO PEÇAS,,,,TOTÓ,COLISÃO LATERAL,,1,1,0,0,0,0,0,0,0,1,0,,SUBURBIO,Longo da via,Bom,Não existe,Perfeito estado,Seca,Perfeito estado,Faixa de pedestre,Outras,30 km/h,Dupla,Faixa contínua,,,,
2021-09-01,10:14:00,COM VÍTIMA,FINALIZADA,MADALENA,AV BEIRA RIO,3,302,,EM FRENTE AO EDF. VILA BEIRA RIO,,,,MADALENA,COLISÃO LATERAL,,1,1,0,0,0,0,0,0,0,1,0,,CIDADE,Longo da via,Bom,Não existe,Incompleta,Seca,Perfeito estado,,Não há placas,,,,,,,
2021-09-01,14:37:00,COM VÍTIMA,FINALIZADA,PRADO,AV ENGENHEIRO ABDIAS DE CARVALHO,2,50,RUA SANTA EDWIRGES,BOSCH CAR SERVICE,,,,PRADO,COLISÃO TRASEIRA,,1,1,0,0,0,0,0,0,0,1,0,354,CIDADE,Longo da via,Bom,Sem defeito,Perfeito estado,Seca,Perfeito estado,Não existe,Não há placas,,Única,Faixa contínua,,,,
2021-09-01,15:33:00,COM VÍTIMA,FINALIZADA,VASCO DA GAMA,RUA ALTO NOVO MUNDO,2,42,RUA VASCO DA GAMA,RUA EM FRENTE AO MERCADINHO LAYS,,,,VASCO DA GAMA,COLISÃO LATERAL,,1,1,0,0,0,0,0,0,0,1,0,,SUBURBIO,Longo da via,Bom,Não existe,Não existente,Seca,Perfeito estado,Não existe,Não há placas,30 km/h,Dupla,Não existe,,,,
2021-09-01,17:06:00,COM VÍTIMA,FINALIZADA,BOA VIAGEM,RUA PADRE CARAPUCEIRO,0,,,EM FRENTE A LOJA CEA,,,,BOA VIAGEM,COLISÃO TRASEIRA,,2,0,0,0,0,0,0,0,0,1,0,,,Longo da via,Bom,Não existe,Perfeito estado,Seca,Perfeito estado,Não existe,Placas Pare,,Única,Não existe,,,,
2021-09-01,18:41:00,COM VÍTIMA,FINALIZADA,IPSEP,RUA ALVARO MOREYRA,3,237,AV RAIMUNDO DINIZ,PRÓX A DELEGACIA DO IPSEP E ESCOLA LAURO DINIZ,,,,IPSEP,COLISÃO LATERAL,,1,1,0,0,0,0,0,0,0,1,0,,CIDADE,Cruzamento,Bom,Não existe,Perfeito estado,Seca,Perfeito estado,Não existe,Outras,,Dupla,Faixa seccionada,,,,
2021-09-02,08:33:00,COM VÍTIMA,FINALIZADA,SAO JOSE,VDO PAPA JOAO PAULO II,0,,,AÇAI DA DESCIDA DO VIADUTO,,,,SÃO JOSÉ,COLISÃO COM CICLISTA,,0,0,0,1,0,0,0,0,0,1,0,,BOA VIAGEM,Longo da via,Bom,Não existe,Perfeito estado,Seca,Perfeito estado,Não existe,Não há placas,60 km/h,Única,Faixa seccionada,,,,
2021-09-02,08:54:00,COM VÍTIMA,FINALIZADA,PAISSANDU,AV GOVERNADOR AGAMENON MAGALHAES,3,318,,EM FRENTE AO N° 4318,,,,PAISSANDU,ATROPELAMENTO DE PESSOA,,0,1,0,0,2,0,0,0,0,2,0,69,BOA VIAGEM,Longo da via,Bom,Sem defeito,Perfeito estado,Seca,Perfeito estado,Agente,Não há placas,60 km/h,Dupla,Canteiro central,,,,
2021-09-02,10:14:00,COM VÍTIMA,FINALIZADA,JIQUIA,AV DR JOSE RUFINO,4,2015,,POSTO DE COMBUSTÍVEL PETROISA,,,,JIQUIÁ,COLISÃO TRASEIRA,,0,1,0,0,0,0,1,0,0,1,0,,SUBURBIO,Longo da via,Bom,Não existe,Perfeito estado,Seca,Perfeito estado,Não existe,Não há placas,,Dupla,Não existe,,,,
2021-09-02,15:22:00,COM VÍTIMA,FINALIZADA,PINA,PRC GOVERNADOR PAULO GUERRA,0,,,S/T  CID E/F AO IATE CLUBE DO RECIFE  NA DESCIDA DA PONTE DO PINA,,,,PINA,COLISÃO TRASEIRA,,0,2,0,0,0,0,0,0,0,2,0,,CIDADE,Outros,Bom,Não existe,Perfeito estado,Seca,Perfeito estado,Não existe,Outras,60 km/h,Única,Faixa seccionada,,,,
2021-09-03,08:21:00,COM VÍTIMA,FINALIZADA,IPSEP,AV RECIFE,4,3033,,LADO OPOSTO AO N° 3033,,,,IPSEP,COLISÃO TRASEIRA,,1,1,0,0,0,0,0,0,0,1,0,,CIDADE,Longo da via,Bom,Não existe,Perfeito estado,Seca,Perfeito estado,,,,,,,,,
2021-09-03,12:29:00,COM VÍTIMA,FINALIZADA,TORRE,AV PROFESSOR ESTEVAO FRANCISCO DA COSTA,3,325,RUA 10 DE NOVEMBRO,NO SEMÁFORO 280,,,,TORRE,COLISÃO FRONTAL,,1,1,0,0,0,0,0,0,0,1,0,280,,Cruzamento,Bom,Sem defeito,Perfeito estado,Seca,Perfeito estado,Faixa de pedestre,Outras,,Única,,,,,
2021-09-03,12:36:00,COM VÍTIMA,FINALIZADA,TAMARINEIRA,RUA JUNDIA,0,,,AO LADO DA FERREIRA COSTA,,,,TAMARINEIRA,COLISÃO LATERAL,,0,2,0,0,0,0,0,0,0,2,0,,SUBURBIO,Longo da via,Bom,Não existe,Perfeito estado,Seca,Perfeito estado,Não existe,Não há placas,30 km/h,Dupla,Faixa seccionada,,,,
2021-09-03,14:18:00,COM VÍTIMA,FINALIZADA,MADALENA,AV BEIRA RIO,4,1059,,EM FRENTE AO EDIFICIO IARUGA,,,,MADALENA,COLISÃO LATERAL,,1,1,0,0,0,0,0,0,0,1,0,,CIDADE,Longo da via,Bom,Sem defeito,Perfeito estado,Seca,Perfeito estado,Não existe,,,Dupla,Faixa contínua,,,,
2021-09-03,15:02:00,COM VÍTIMA,FINALIZADA,IPUTINGA,AV MAURICIO DE NASSAU,3,434,RUA ENGENHEIRO MOACYR PARAHYBA,AUTO FILME,,,,IPUTINGA,COLISÃO LATERAL,,1,1,0,0,0,0,0,0,0,1,0,,,Longo da via,Bom,,Perfeito estado,Seca,Perfeito estado,Não existe,Não há placas,,Dupla,Faixa contínua,,,,
2021-09-03,16:08:00,COM VÍTIMA,FINALIZADA,MADALENA,RUA REAL DA TORRE,3,159,RUA QUINZE DE NOVEMBRO,NA ENTRADA DO TÚNEL DA ABOLIÇÃO,,,,MADALENA,CHOQUE,,1,0,0,0,0,0,0,0,0,1,0,,SUBURBIO,Longo da via,Bom,Sem defeito,Perfeito estado,Seca,Perfeito estado,Faixa de pedestre,Não há placas,60 km/h,Única,Faixa seccionada,,,,
2021-09-03,19:21:00,COM VÍTIMA,FINALIZADA,PINA,PTE GOVERNADOR PAULO GUERRA,0,,,PROX A ENTRADA DO RIO MAR,,,,PINA,COLISÃO FRONTAL,,1,1,0,0,0,0,0,0,0,1,0,,SUBURBIO,Viaduto,Bom,Não existe,Perfeito estado,Seca,Perfeito estado,Não existe,Outras,,Única,Faixa seccionada,,,,
2021-09-04,13:40:00,COM VÍTIMA,FINALIZADA,IMBIRIBEIRA,AV MARECHAL MASCARENHAS DE MORAES,4,3963,,ENFRENTE A TUPAN,,,,IMBIRIBEIRA,COLISÃO LATERAL,,1,1,0,0,0,0,0,0,0,1,0,,CIDADE,Longo da via,Bom,Sem defeito,Perfeito estado,Seca,Perfeito estado,Não existe,Outras,60 km/h,Única,Faixa contínua,,,,
2021-09-04,17:26:00,COM VÍTIMA,FINALIZADA,CASA AMARELA,RUA VISCONDE DE TAUNAY,2,91,RUA XAVANTES,POR TRAS DO SUPERMERCADO CANELA DE CASA AMARELA,,,,CASA AMARELA,COLISÃO LATERAL,,1,1,0,0,0,0,0,0,0,1,0,,,Longo da via,Bom,Não existe,Perfeito estado,Seca,Perfeito estado,Faixa de retenção,Placas Pare,,Dupla,Não existe,,,,
2021-09-05,09:33:00,COM VÍTIMA,FINALIZADA,IBURA,RUA VALE DO ITAJAI,3,137,RUA DR OTAVIO DE MORAES VASCONCELOS,EM FRENTE AO NÚMERO 137,,,,IBURA,COLISÃO LATERAL,,1,1,0,0,0,0,0,0,0,1,0,,DUPLO,Cruzamento,Chuvoso,Não existe,Não existente,Molhada,Perfeito estado,Não existe,Não há placas,40 km/h,Dupla,Não existe,,,,
2021-09-05,10:24:00,COM VÍTIMA,FINALIZADA,JARDIM SAO PAULO,RUA LEANDRO BARRETO,4,1025,RUA LORENA,PROXIMO A ACADEMIA WM MOV,,,,JARDIM SÃO PAULO,COLISÃO TRANSVERSAL,,1,1,0,0,0,0,0,0,0,1,0,,CIDADE,Longo da via,Chuvoso,Não existe,Não existente,Molhada,Mal conservada,Não existe,Não há placas,,Dupla,Não existe,,,,
2021-09-05,11:49:00,COM VÍTIMA,FINALIZADA,JARDIM SAO PAULO,RUA LEANDRO BARRETO,4,1392,,EM FRENTE AO MERCADINHO SUPER BOM,,,,JARDIM SÃO PAULO,ATROPELAMENTO DE PESSOA,,0,0,0,0,1,1,0,0,0,1,0,507,CIDADE,Longo da via,Bom,Sem defeito,Incompleta,Seca,,Faixa de pedestre,Não há placas,,Dupla,Não existe,,,,
2021-09-05,14:11:00,COM VÍTIMA,FINALIZADA,PORTO DA MADEIRA,RUA RIO BEBERIBE,0,,RUA DALVA DE OLIVEIRA,PROXIMO AO SEST SANAT,,,,PORTO DA MADEIRA,COLISÃO FRONTAL,,1,1,0,0,0,0,0,0,0,1,0,,SUBURBIO,Cruzamento,Bom,Não existe,Não existente,Seca,Perfeito estado,Não existe,Placas Pare,,Dupla,Outros,,,,
2021-09-05,16:50:00,COM VÍTIMA,FINALIZADA,VARZEA,AV CAXANGA,4,5552,,EM FRENTE A IGREJA BATISTA MISSIONARIA/ SENTIDO CAMARAGIBE,,,,VÁRZEA,COLISÃO LATERAL,,1,1,0,0,0,0,0,0,0,1,0,,SUBURBIO,Longo da via,Bom,Sem defeito,Perfeito estado,Seca,Perfeito estado,Não existe,Não há placas,60 km/h,Única,Não existe,,,,
2021-09-06,06:54:00,COM VÍTIMA,FINALIZADA,MONTEIRO,RUA DE APIPUCOS,3,685,,RESERVA APIPUCOS,,,,MONTEIRO,COLISÃO TRANSVERSAL,,2,1,0,0,0,0,0,0,0,1,0,,SUBURBIO,Longo da via,Bom,Não existe,Perfeito estado,Seca,Perfeito estado,Não existe,Não há placas,60 km/h,Dupla,Faixa contínua,,,,
2021-09-06,08:24:00,COM VÍTIMA,FINALIZADA,AGUA FRIA,AV BEBERIBE,4,1678,,MERCADO DO ÓLEO,,,,ÁGUA FRIA,COLISÃO TRANSVERSAL,,1,1,0,0,0,0,0,0,0,1,0,,DUPLO,Longo da via,Bom,Não existe,Perfeito estado,Seca,Perfeito estado,Outros,Não há placas,,Dupla,Faixa contínua,Faixa seccionada,,,
2021-09-06,10:42:00,COM VÍTIMA,FINALIZADA,PRADO,AV ENGENHEIRO ABDIAS DE CARVALHO,4,1771,,EM FRENTE A ESTÁCIO,,,,PRADO,COLISÃO TRASEIRA,,3,0,0,0,0,0,0,0,0,1,0,327,CIDADE,Longo da via,Bom,Sem defeito,Incompleta,Seca,Perfeito estado,Faixa de pedestre,Outras,60 km/h,Dupla,Canteiro central,,,,
2021-09-06,16:20:00,COM VÍTIMA,FINALIZADA,DERBY,AV GOVERNADOR AGAMENON MAGALHAES,0,,RUA JOAQUIM NABUCO,EM FRENTE AO HOSPITAL DA RESTAURAÇÃO,,,,DERBY,ATROPELAMENTO DE PESSOA,,1,0,0,0,1,0,0,0,0,1,0,,CIDADE,Longo da via,Bom,Sem defeito,Perfeito estado,Seca,Perfeito estado,Faixa de pedestre,Outras,60 km/h,Dupla,Canal,,,,
2021-09-06,19:28:00,COM VÍTIMA,FINALIZADA,AGUA FRIA,AV BEBERIBE,4,2185,,E/F A SELECTA ALIMENTOS,,,,ÁGUA FRIA,COLISÃO COM CICLISTA,,0,0,0,1,0,1,0,0,0,1,0,187,SUBURBIO,Cruzamento,Bom,Sem defeito,Perfeito estado,Seca,Perfeito estado,Faixa de pedestre,R-6a,,Dupla,Faixa contínua,,,,
2021-09-07,13:37:00,COM VÍTIMA,FINALIZADA,SAO JOSE,AV MARTINS DE BARROS,0,,C SANTA RITA,EM FRENTE AO TERMINAL INTEGRADO CAIS DE SANTA RITA,,,,SÃO JOSÉ,COLISÃO COM CICLISTA,,1,0,0,1,0,0,0,0,0,1,0,383,CIDADE,Longo da via,Bom,Sem defeito,Perfeito estado,Seca,Perfeito estado,Faixa de pedestre,Não há placas,,Dupla,Canteiro central,,,,
2021-09-07,17:26:00,COM VÍTIMA,FINALIZADA,VARZEA,AV PROFESSOR ARTUR DE SA,4,1310,,E/F AO BAR DA KELLY,,,,VÁRZEA,COLISÃO LATERAL,,1,1,0,0,0,0,0,0,0,1,0,,,Longo da via,Bom,Não existe,Não existente,Seca,Perfeito estado,Não existe,Não há placas,,Dupla,Faixa,,,,
2021-09-07,17:59:00,COM VÍTIMA,FINALIZADA,BOA VIAGEM,AV BOA VIAGEM,0,,,EM FRENTE A PRACINHA DE BOA VIAGEM,,,,BOA VIAGEM,COLISÃO LATERAL,,1,1,0,0,0,0,0,0,0,1,0,,CIDADE,Longo da via,Bom,Não existe,Perfeito estado,Seca,Perfeito estado,,,,,,,,,
2021-09-07,18:18:00,COM VÍTIMA,FINALIZADA,AREIAS,AV RECIFE,2,16,,LADO OPOSTO AO ATACADÃO,,,,AREIAS,ATROPELAMENTO DE PESSOA,,1,0,0,0,1,0,0,0,0,1,0,,SUBURBIO,Longo da via,Bom,Sem defeito,Perfeito estado,Seca,Perfeito estado,Não existe,Não há placas,60 km/h,Dupla,Faixa contínua,Faixa seccionada,Canteiro central,,
2021-09-07,22:29:40,COM VÍTIMA,FINALIZADA,BOA VIAGEM,AV ENGENHEIRO DOMINGOS FERREIRA,4,1932,RUA PROFESSOR RUI BATISTA,E/F AO BANCO DO BRADESCO,,,,BOA VIAGEM,COLISÃO TRASEIRA,,1,0,0,0,0,1,0,0,0,1,0,,SUBURBIO,Longo da via,Bom,Sem defeito,Perfeito estado,Seca,Perfeito estado,Outros,Outras,,Única,Faixa seccionada,,,,
2021-09-08,08:58:00,COM VÍTIMA,FINALIZADA,DOIS UNIDOS,AV HILDEBRANDO DE VASCONCELOS,4,1614,RUA JOAO CAVALCANTI PETRIBU,EM FRENTE AO MERCADINHO DO GALEGO,,,,DOIS UNIDOS,COLISÃO FRONTAL,,0,1,0,0,0,1,0,0,0,1,0,,SUBURBIO,Cruzamento,Bom,Não existe,Incompleta,Molhada,Perfeito estado,Não existe,Outras,,Dupla,Não existe,,,,
2021-09-08,14:28:00,COM VÍTIMA,FINALIZADA,BOA VIAGEM,AV CONSELHEIRO AGUIAR,4,3150,RUA MAMANGUAPE,AO LADO DA FARMACIA DROGASIL,,,,BOA VIAGEM,COLISÃO LATERAL,,1,1,0,0,0,0,0,0,0,1,0,,CIDADE,Cruzamento,Bom,Não existe,Perfeito estado,Seca,Perfeito estado,,Placas Pare,,Única,Faixa seccionada,,,,
2021-09-08,17:53:00,COM VÍTIMA,FINALIZADA,BOA VIAGEM,AV CELSO FURTADO,0,,,APÓS O SHOPPING RECIFE,,,,BOA VIAGEM,COLISÃO TRASEIRA,,1,1,0,0,0,0,0,0,0,1,0,,CIDADE,Longo da via,Bom,Não existe,Perfeito estado,Seca,Perfeito estado,Não existe,Não há placas,,Única,Faixa seccionada,Canteiro central,,,
2021-09-09,08:19:00,COM VÍTIMA,FINALIZADA,MADALENA,RUA REAL DA TORRE,4,1448,,EM FRENTE AO EDIFICIO MONT. GEMEVRE,,,,MADALENA,COLISÃO LATERAL,,1,1,0,0,0,0,0,0,0,1,0,,,Longo da via,Bom,Não existe,Perfeito estado,Seca,Perfeito estado,Não existe,R-6a,,Única,Não existe,,,,
2021-09-09,09:00:00,COM VÍTIMA,FINALIZADA,AREIAS,AV RECIFE,3,157,,EM FRENTE AO ATACADAO  LUNA RATTAN MÓVEIS,,,,AREIAS,COLISÃO TRASEIRA,,4,0,0,0,0,0,0,0,0,1,0,,CIDADE,Longo da via,Bom,Sem defeito,,Seca,Perfeito estado,Faixa de pedestre,Não há placas,,Dupla,Canteiro central,,,,
2021-09-09,09:41:00,COM VÍTIMA,FINALIZADA,SANTANA,RUA JORGE GOMES DE SA,0,,,PARQUE SANTANA,,,,SANTANA,COLISÃO TRANSVERSAL,,1,1,0,0,0,0,0,0,0,1,0,,SUBURBIO,Longo da via,Bom,Não existe,Incompleta,Seca,Perfeito estado,Não existe,Outras,,Dupla,,,,,
2021-09-09,10:20:00,COM VÍTIMA,FINALIZADA,BOA VIAGEM,RUA DEZ DE JULHO,3,210,RUA CAMBOIM,E/F A MAISON CRISTAL,,,,BOA VIAGEM,COLISÃO LATERAL,,1,1,0,0,0,0,0,0,0,1,0,,LOCAL,Cruzamento,Bom,Não existe,Perfeito estado,Seca,Perfeito estado,Faixa de pedestre,Placas Pare,,Dupla,Faixa contínua,,,,
2021-09-09,11:17:00,COM VÍTIMA,FINALIZADA,PRADO,AV ENGENHEIRO ABDIAS DE CARVALHO,4,1771,,EM FRENTE A FACULDADE ESTACIO /,,,,PRADO,COLISÃO TRASEIRA,,1,1,0,0,0,0,0,0,0,1,0,327,CIDADE,Longo da via,Bom,Sem defeito,Perfeito estado,Seca,,Faixa de pedestre,,,Dupla,Canteiro central,,,,
2021-09-09,11:42:00,COM VÍTIMA,FINALIZADA,ILHA DO LEITE,PTE JOSE DE BARROS LIMA,0,,,APÓS O HOSPITAL PORTUGUÊS,,,,ILHA DO LEITE,COLISÃO TRASEIRA,,1,1,0,0,0,0,0,0,0,1,0,,SUBURBIO,Longo da via,Bom,Não existe,Incompleta,Seca,Mal conservada,Não existe,Não há placas,60 km/h,Dupla,Canteiro central,,,,
2021-09-09,12:26:00,COM VÍTIMA,FINALIZADA,MADALENA,RUA DR JOAO COIMBRA,3,551,RUA REAL DA TORRE,POR TRAS DO MERCADO DA MADALENA,,,,MADALENA,ATROPELAMENTO DE PESSOA,,1,0,0,0,1,0,0,0,0,1,0,,SUBURBIO,Longo da via,Bom,Não existe,Perfeito estado,Seca,Perfeito estado,Não existe,Não há placas,,Única,Não existe,,,,
2021-09-09,15:30:00,COM VÍTIMA,FINALIZADA,AFOGADOS,RUA VINTE E UM DE ABRIL,3,734,,PROXIMO AO CLUBE FERREVIARIO,,,,AFOGADOS,COLISÃO TRASEIRA,,2,0,0,0,0,0,0,0,0,1,0,611,SUBURBIO,Longo da via,Bom,Sem defeito,Perfeito estado,Seca,Perfeito estado,Outros,Não há placas,,Dupla,Não existe,,,,
2021-09-09,17:28:00,COM VÍTIMA,FINALIZADA,VARZEA,AV CAXANGA,4,5478,,LADO OPOSTO AO POSTO IPIRANGA,,,,VÁRZEA,ATROPELAMENTO DE PESSOA,,0,0,1,0,1,0,0,0,0,2,0,,SUBURBIO,Longo da via,Bom,Sem defeito,Perfeito estado,Seca,Perfeito estado,Não existe,Não há placas,60 km/h,Dupla,Canteiro central,,,,
2021-09-09,20:37:40,COM VÍTIMA,FINALIZADA,BOA VIAGEM,AV DOM JOAO VI,0,,,PRÓX AO BOMPREÇO,,,,BOA VIAGEM,ATROPELAMENTO DE PESSOA,,0,0,0,0,1,0,0,0,0,1,0,,SUBURBIO,Longo da via,Bom,Não existe,Perfeito estado,Seca,Perfeito estado,Não existe,Não há placas,60 km/h,Única,Faixa seccionada,,,,
2021-09-10,06:10:00,COM VÍTIMA,FINALIZADA,PINA,AV ANTONIO DE GOES,0,,PTE GOVERNADOR PAULO GUERRA,E/F AO DENIT - INICIO DA PONTE DO PINA - SENTIDO DERBY,,,,PINA,CHOQUE,,1,0,0,0,0,0,0,0,0,1,0,,CIDADE,Ponte,Bom,Não existe,Perfeito estado,Seca,Perfeito estado,Não existe,Não há placas,60 km/h,Única,Faixa seccionada,,,,
2021-09-10,09:00:00,COM VÍTIMA,FINALIZADA,CASA AMARELA,AV NORTE MIGUEL ARRAES DE ALENCAR,4,9515,,ENTRADA DO VASCO DA GAMA,,,,CASA AMARELA,COLISÃO TRASEIRA,,0,2,0,0,0,0,0,0,0,2,0,,SUBURBIO,Longo da via,Bom,Sem defeito,Perfeito estado,Seca,Perfeito estado,Não existe,Não há placas,60 km/h,Única,Faixa contínua,,,,
2021-09-10,09:53:00,COM VÍTIMA,FINALIZADA,MADALENA,RUA MONSENHOR JULIO MARIA,2,94,,GRUPO DWL,,,,MADALENA,COLISÃO COM CICLISTA,,1,0,0,1,0,0,0,0,0,1,0,,SUBURBIO,Cruzamento,Bom,Não existe,Incompleta,Seca,Perfeito estado,Não existe,Não há placas,,Única,,,,,
2021-09-10,13:29:00,COM VÍTIMA,FINALIZADA,SANTO AMARO,AV CRUZ CABUGA,0,,,APÓS HOSPITAL SANTA CASA DA MISERICÓRDIA DO RECIFE,,,,SANTO AMARO,COLISÃO FRONTAL,,2,1,0,0,0,0,0,0,0,1,0,344,CIDADE,Longo da via,Bom,Sem defeito,Perfeito estado,Seca,Perfeito estado,Não existe,Não há placas,60 km/h,Dupla,Faixa contínua,,,,
2021-09-10,17:18:00,COM VÍTIMA,FINALIZADA,AREIAS,AV DR JOSE RUFINO,3,765,,EM FRENTE A COMUNIDADE BATISTA DA CIDADE/ PROXIMO A HONDA  LADO OPOSTO À ARENA SOCIETY,,,,AREIAS,COLISÃO LATERAL,,1,1,0,0,0,0,0,0,0,2,0,,SUBURBIO,Esquina,Bom,Não existe,Não existente,Molhada,Mal conservada,Não existe,Não há placas,,Dupla,Não existe,,,,