data,hora,natureza_acidente,situacao,bairro,endereco,,numero,detalhe_endereco_acidente,complemento,endereco_cruzamento,numero_cruzamento,referencia_cruzamento,bairro_cruzamento,tipo,descricao,auto,moto,ciclom,ciclista,pedestre,onibus,caminhao,viatura,outros,vitimas,vitimasfatais,num_semaforo,sentido_via,acidente_verificado,tempo_clima,situacao_semaforo,sinalizacao,condicao_via,conservacao_via,ponto_controle,situacao_placa,velocidade_max_via,mao_direcao,divisao_via1,divisao_via2,divisao_via3,_id,Protocolo
2021-09-10,18:59:00,COM VÍTIMA,FINALIZADA,BOA VIAGEM,AV BOA VIAGEM,0,,,SEMÁFORO 124,,,,BOA VIAGEM,COLISÃO FRONTAL,,1,1,0,0,0,0,0,0,0,1,0,124,CIDADE,Longo da via,Bom,Sem defeito,Perfeito estado,Seca,Perfeito estado,Faixa de pedestre,Não há placas,60 km/h,Única,Faixa seccionada,,,,
2021-09-11,10:09:00,COM VÍTIMA,FINALIZADA,BOA VISTA,AV MANOEL BORBA,3,699,,VITA FRUTAS,,,,BOA VISTA,COLISÃO TRASEIRA,,1,1,0,0,0,0,0,0,0,1,0,,SUBURBIO,Longo da via,Bom,Não existe,Perfeito estado,Seca,Perfeito estado,,,40 km/h,Única,Faixa seccionada,,,,
2021-09-11,10:23:00,COM VÍTIMA,FINALIZADA,AFOGADOS,RUA JOAO IVO DA SILVA,3,460,RUA PADRE TEOFILO TWORZ,EM FRENTE A TUPAN E A FIORI,,,,AFOGADOS,COLISÃO TRASEIRA,,1,1,0,0,0,0,0,0,0,1,0,,SUBURBIO,Longo da via,Bom,Sem defeito,Perfeito estado,Seca,Perfeito estado,Faixa de pedestre,Não há placas,,Única,Canal,,,,
2021-09-11,14:58:00,COM VÍTIMA,FINALIZADA,DOIS IRMAOS,RUA RIBEIRO PESSOA,3,771,RUA DR ANTONIO H DE CASTRO NETO,A FABRICA PINTO FORMOSO,,,,DOIS IRMÃOS,COLISÃO TRASEIRA,,0,2,0,0,0,0,0,0,0,1,0,,,Longo da via,Bom,Não existe,Não existente,Seca,Perfeito estado,Não existe,Não há placas,,Dupla,Não existe,,,,
2021-09-11,22:13:40,COM VÍTIMA,FINALIZADA,ENCRUZILHADA,AV JOAO DE BARROS,0,,AV NORTE MIGUEL ARRAES DE ALENCAR,SEMÁFORO 43,,,,ENCRUZILHADA,CHOQUE,,1,0,0,0,0,0,0,0,0,1,0,43,CIDADE,Longo da via,Bom,Sem defeito,Perfeito estado,Seca,Perfeito estado,Faixa de retenção,Não há placas,,Única,Canteiro central,,,,
2021-09-12,09:04:00,COM VÍTIMA,FINALIZADA,TORROES,RUA ZUMBI DOS PALMARES,3,770,,EM FRENTE AO N° 770,,,,TORRÕES,COLISÃO FRONTAL,,3,0,0,0,0,0,0,0,0,1,0,,SUBURBIO,Longo da via,Bom,Não existe,Incompleta,Seca,,Não existe,R-6a,30 km/h,Dupla,Não existe,,,,
2021-09-12,09:06:00,COM VÍTIMA,FINALIZADA,RECIFE,AV MILITAR,0,,,LADO OPOSTO AO POSTO BR,,,,BAIRRO DO RECIFE,TOMBAMENTO,,0,1,0,0,0,0,0,0,0,1,0,,,Longo da via,Bom,Não existe,Perfeito estado,Seca,Perfeito estado,Não existe,R-6a,,Única,Canteiro central,,,,
2021-09-12,12:27:00,COM VÍTIMA,FINALIZADA,TAMARINEIRA,AV NORTE MIGUEL ARRAES DE ALENCAR,4,4785,RUA BEZERROS,EM FRENTE AO ARMAZÉM CORAL,,,,TAMARINEIRA,COLISÃO TRANSVERSAL,,1,1,0,0,0,0,0,0,0,1,0,,CIDADE,Esquina,Bom,Não existe,Perfeito estado,Seca,Perfeito estado,Outros,R-6a,,Dupla,Canteiro central,,,,
2021-09-12,20:52:00,COM VÍTIMA,FINALIZADA,BOA VIAGEM,AV CONSELHEIRO AGUIAR,4,1739,RUA SOLIDONIO LEITE,PRÓX AO POSTO BR / E/F AO RESTAURANTE NIKKO,,,,BOA VIAGEM,COLISÃO TRANSVERSAL,,1,1,0,0,0,0,0,0,0,2,0,,CIDADE,Longo da via,Bom,Não existe,Perfeito estado,Seca,Perfeito estado,Não existe,R-6a,,Única,Faixa seccionada,,,,
2021-09-13,08:18:00,COM VÍTIMA,FINALIZADA,MADALENA,AV VISCONDE DE ALBUQUERQUE,3,101,RUA LOPES DE CARVALHO,PRÓXIMO À MADALENA CENTER,,,,MADALENA,CAPOTAMENTO,,0,1,0,0,0,0,0,0,0,1,0,,,Longo da via,Bom,Não existe,Perfeito estado,Seca,Mal conservada,Não existe,Não há placas,,Única,Não existe,,,,
2021-09-13,10:48:00,COM VÍTIMA,FINALIZADA,AFOGADOS,RUA PADRE TEOFILO TWORZ,0,,RUA COSME VIANA,,,,,AFOGADOS,COLISÃO TRANSVERSAL,,1,1,0,0,0,0,0,0,0,1,0,499,SUBURBIO,Cruzamento,Bom,Não existe,Incompleta,Seca,Perfeito estado,Não existe,Não há placas,,Única,Não existe,,,,
2021-09-13,16:52:00,COM VÍTIMA,FINALIZADA,COELHOS,AV SUL,4,1500,,LADO OPOSTO A LOJA PORTELA,,,,COELHOS,COLISÃO COM CICLISTA,,0,0,0,1,0,1,0,0,0,1,0,260,CIDADE,Longo da via,Bom,Sem defeito,Perfeito estado,Seca,Perfeito estado,,,,Dupla,Não existe,,,,
2021-09-13,18:12:00,COM VÍTIMA,FINALIZADA,BOA VIAGEM,RUA MARIA CAROLINA,3,661,RUA MINISTRO NELSON HUNGRIA,EDF BRISTOL RECIFE HOTEL,,,,BOA VIAGEM,COLISÃO TRASEIRA,,0,1,1,0,0,0,0,0,0,2,0,,SUBURBIO,Cruzamento,Bom,Não existe,Perfeito estado,Seca,Perfeito estado,Não existe,Não há placas,60 km/h,Única,Não existe,,,,
2021-09-13,18:45:00,COM VÍTIMA,FINALIZADA,CABANGA,RUA CAPITAO TEMUDO,0,,,POR CIMA DO VIADUTO  SNT OLINDA,,,,CABANGA,COLISÃO LATERAL,,1,1,0,0,0,0,0,0,0,2,0,,CIDADE,Longo da via,Bom,Não existe,Perfeito estado,Seca,Perfeito estado,Não existe,Não há placas,60 km/h,Única,Faixa seccionada,,,,
2021-09-14,10:47:00,COM VÍTIMA,FINALIZADA,AGUA FRIA,AV BEBERIBE,4,1883,,EM FRENTE A LOJA DOMINANTE MOVEIS,,,,ÁGUA FRIA,COLISÃO FRONTAL,,1,1,0,0,0,0,0,0,0,2,0,,CIDADE,Longo da via,Bom,Não existe,Perfeito estado,Seca,Perfeito estado,Não existe,Outras,,Dupla,Faixa contínua,,,,
2021-09-14,11:15:00,COM VÍTIMA,FINALIZADA,IPUTINGA,AV CAXANGA,4,4360,RUA PAUL HARRIS,E/F AO HOSPITAL SANTA TEREZINHA,,,,IPUTINGA,COLISÃO TRASEIRA,,1,1,0,0,0,0,0,0,0,1,0,,SUBURBIO,Longo da via,Bom,Sem defeito,Perfeito estado,Seca,Perfeito estado,Faixa de pedestre,Não há placas,,Dupla,Canteiro central,,,,
2021-09-14,17:36:00,COM VÍTIMA,FINALIZADA,CAMPO GRANDE,AV BEBERIBE,3,247,,PROX AO POSTO SHEL E O SEMAFORO 238  E/F AO ARMAZEM COMERCIAL BECHARA,,,,CAMPO GRANDE,COLISÃO LATERAL,,1,1,0,0,0,0,0,0,0,1,0,,SUBURBIO,Longo da via,Bom,Não existe,Perfeito estado,Seca,Perfeito estado,Não existe,R-6a,40 km/h,Dupla,Faixa contínua,,,,
2021-09-14,19:40:00,COM VÍTIMA,FINALIZADA,DERBY,AV GOVERNADOR AGAMENON MAGALHAES,0,,,E/F A PRAÇA DO DERBY,,,,DERBY,ATROPELAMENTO DE PESSOA,,1,0,0,0,1,0,0,0,0,1,0,75,SUBURBIO,Cruzamento,Bom,Sem defeito,Perfeito estado,Seca,Perfeito estado,Faixa de pedestre,R-6a,60 km/h,Dupla,Canal,,,,
2021-09-14,23:06:40,COM VÍTIMA,FINALIZADA,BOA VIAGEM,AV ENGENHEIRO DOMINGOS FERREIRA,0,,RUA FELIX DE BRITO E MELO,CRUZAMENTO,,,,BOA VIAGEM,COLISÃO TRANSVERSAL,,0,0,0,0,0,0,0,0,0,2,0,,SUBURBIO,Cruzamento,Bom,Sem defeito,Perfeito estado,Seca,Perfeito estado,Faixa de pedestre,Não há placas,60 km/h,Única,Faixa contínua,,,,
2021-09-15,07:32:00,COM VÍTIMA,FINALIZADA,BOA VIAGEM,RUA SA E SOUZA,3,441,RUA BALTAZAR PASSOS,EM FRENTE A CULTURA INGLESA,,,,BOA VIAGEM,COLISÃO TRANSVERSAL,,1,1,0,0,0,0,0,0,0,1,0,,SUBURBIO,Cruzamento,Bom,Não existe,Perfeito estado,Seca,Perfeito estado,Faixa de retenção,R-6a,,Dupla,Faixa seccionada,,,,
2021-09-15,08:20:00,COM VÍTIMA,FINALIZADA,CAXANGA,RUA RIBEIRO PESSOA,3,356,,EM FRENTE A PINTO FORMOSO,,,,CAXANGÁ,COLISÃO TRASEIRA,,1,1,0,0,0,0,0,0,0,1,0,,CIDADE,Longo da via,Bom,Não existe,Incompleta,Seca,Perfeito estado,Não existe,Não há placas,,Dupla,Não existe,,,,
2021-09-15,09:57:00,COM VÍTIMA,FINALIZADA,SAO JOSE,AV SUL,0,,,EM FRENTE A PORTELA E A NEXTEL  SENTIDO AFOGADOS,,,,SÃO JOSÉ,ATROPELAMENTO DE PESSOA,,0,0,0,0,1,1,0,0,0,1,0,,,,,,,,,,,,,,,,,
2021-09-15,12:10:00,COM VÍTIMA,FINALIZADA,CORDEIRO,RUA N S DA SAUDE,3,229,RUA DR GASTAO DA SILVEIRA,SEM ESTABELECIMENTO COMERCIAL PARA REFERENCIAS,,,,CORDEIRO,COLISÃO FRONTAL,,2,1,0,0,0,0,0,0,0,3,0,,,Longo da via,Bom,Não existe,Perfeito estado,Seca,Perfeito estado,Não existe,Placas Pare,40 km/h,Dupla,Faixa contínua,,,,
2021-09-15,15:34:00,COM VÍTIMA,FINALIZADA,SANTO AMARO,RUA DO POMBAL,0,,,EM FRENTE AO CEMITÉRIO DE SANTO AMARO,,,,SANTO AMARO,COLISÃO FRONTAL,,2,0,0,0,0,0,0,0,0,1,0,,,Longo da via,Bom,Não existe,Perfeito estado,Seca,Perfeito estado,,Não há placas,40 km/h,Dupla,Faixa seccionada,,,,
2021-09-15,17:01:00,COM VÍTIMA,FINALIZADA,CASA FORTE,AV DEZESSETE DE AGOSTO,3,296,,E/F AO PET HOME  E  DA LOJA DEMOCRATA,,,,CASA FORTE,COLISÃO FRONTAL,,1,1,0,0,0,0,0,0,0,1,0,,CIDADE,Longo da via,Bom,Não existe,Perfeito estado,Seca,Perfeito estado,Não existe,R-6a,,Dupla,Faixa contínua,,,,
2021-09-15,18:16:00,COM VÍTIMA,FINALIZADA,SANTO AMARO,AV NORTE MIGUEL ARRAES DE ALENCAR,0,,,PRÓX A IGREJA SAO SEBASTIAO E E/F THAIS NOVAS  SANT SUB / NA MEDIAÇÃO DO SEMÁFO 097,,,,SANTO AMARO,ATROPELAMENTO DE PESSOA,,0,1,0,0,1,0,0,0,0,1,0,,SUBURBIO,Longo da via,Bom,Sem defeito,Perfeito estado,Seca,Perfeito estado,Não existe,Não há placas,60 km/h,Única,Faixa seccionada,,,,
2021-09-15,18:18:00,COM VÍTIMA,FINALIZADA,IMBIRIBEIRA,RUA ITAJAI,0,,RUA PAMPULHA,CRUZAMENTO,,,,IMBIRIBEIRA,COLISÃO TRANSVERSAL,,1,1,0,0,0,0,0,0,0,1,0,,IPSEP,Cruzamento,Bom,Não existe,Perfeito estado,Seca,Mal iluminada,Não existe,Placas Pare,,Dupla,Faixa seccionada,,,,
2021-09-15,18:26:00,COM VÍTIMA,FINALIZADA,TORRE,RUA JOSE BONIFACIO,3,750,RUA JOSE DE HOLANDA,E/F AO MERCADO PUBLICO DA TORRE,,,,TORRE,COLISÃO FRONTAL,,1,1,0,0,0,0,0,0,0,1,0,601,SUBURBIO,Cruzamento,Bom,Sem defeito,Perfeito estado,Seca,Perfeito estado,Não existe,Não há placas,,Única,Faixa contínua,,,,
2021-09-15,18:46:00,COM VÍTIMA,FINALIZADA,IMBIRIBEIRA,RUA JEAN EMILE FAVRE,3,144,RUA IZABEL DE SOUZA,PROX AO BRADESCO,,,,IMBIRIBEIRA,COLISÃO TRANSVERSAL,,2,0,0,0,0,0,0,0,0,1,0,,SUBURBIO,Cruzamento,Bom,Sem defeito,Perfeito estado,Seca,Perfeito estado,Agente,Outras,,Dupla,Faixa contínua,,,,
2021-09-16,07:30:00,COM VÍTIMA,FINALIZADA,CIDADE UNIVERSITARIA,RUA EMILIANO BRAGA,3,133,AV PROFESSOR MORAES REGO,EM FRENTE AO TI CDU,,,,CIDADE UNIVERSITÁRIA,COLISÃO TRANSVERSAL,,0,1,0,0,0,1,0,0,0,1,0,,SUBURBIO,Longo da via,Bom,Não existe,Perfeito estado,Seca,Perfeito estado,Não existe,R-6a,30 km/h,Única,Faixa seccionada,,,,
2021-09-16,12:20:00,COM VÍTIMA,FINALIZADA,CORDEIRO,AV MAURICIO DE NASSAU,2,11,,AO LADO DA CRECHE LUTANDO SE CONQUISTA,,,,CORDEIRO,COLISÃO TRANSVERSAL,,1,1,0,0,0,0,0,0,0,1,0,,CIDADE,Longo da via,Bom,Não existe,Perfeito estado,Seca,Perfeito estado,Não existe,Não há placas,,Dupla,,,,,
2021-09-16,16:55:00,COM VÍTIMA,FINALIZADA,SANTO AMARO,AV CRUZ CABUGA,3,684,RUA DOIS DE JULHO,RUA DA CONTAX APOIO A EQUIPE DE BATEDORES KELVYN  / DIEGO CARVALHO - SITUAÇÃO DE ACIDENTE COM VÍTIMA  NECESSARIO ADEQUA A SINALIZAÇÃO  QUESTÃO DE SEGURANÇA VIÁRIA,,,,SANTO AMARO,COLISÃO FRONTAL,,1,1,0,0,0,0,0,0,0,1,0,,CIDADE,Cruzamento,Bom,Não existe,Perfeito estado,Seca,Perfeito estado,Não existe,Não há placas,,Dupla,Faixa contínua,,,,
2021-09-16,20:18:00,COM VÍTIMA,FINALIZADA,MACAXEIRA,RUA DOLORES SALGADO,0,,,PROX AO PARQUE DA MACAXEIRA,,,,MACAXEIRA,COLISÃO FRONTAL,,1,1,0,0,0,0,0,0,0,1,0,,SUBURBIO,Outros,Bom,Não existe,Não existente,Seca,Mal iluminada,Não existe,Outras,,Dupla,,,,,
2021-09-16,20:51:40,COM VÍTIMA,FINALIZADA,CAMPINA DO BARRETO,AV POETA VINICIUS DE MORAIS,2,50,RUA CAMPO REDONDO,PROX A PADARIA CORAÇAO DE MAE,,,,CAMPINA DO BARRETO,COLISÃO TRANSVERSAL,,1,1,0,0,0,0,0,0,0,1,0,,SUBURBIO,Esquina,Bom,Não existe,Perfeito estado,Seca,Perfeito estado,Não existe,Não há placas,40 km/h,Dupla,Faixa seccionada,,,,
2021-09-16,23:10:40,COM VÍTIMA,FINALIZADA,SANTO ANTONIO,PTE PRINCESA IZABEL,0,,,EM FRENTE AO TEATRO SANTA ISABEL,,,,SANTO ANTÔNIO,CHOQUE,,0,0,0,0,0,0,0,1,0,1,0,,CIDADE,Longo da via,Bom,Não existe,Perfeito estado,Seca,Perfeito estado,Não existe,Não há placas,,Única,Faixa seccionada,,,,
2021-09-17,07:54:00,COM VÍTIMA,FINALIZADA,BOA VISTA,AV GOVERNADOR AGAMENON MAGALHAES,3,194,,E/F AO ESTACIONAMENTO SANPARK  (SENT. OLINDA) // VIA LATERAL,,,,BOA VISTA,COLISÃO FRONTAL,,1,1,0,0,0,0,0,0,0,1,0,,OLINDA,Longo da via,Bom,Não existe,Perfeito estado,Seca,Perfeito estado,Não existe,Não há placas,60 km/h,Dupla,Canal,,,,
2021-09-17,08:15:00,COM VÍTIMA,FINALIZADA,IBURA,RUA EXP FRANCISCO VITORIANO,2,50,,E/F AO MERCADINHO KI ECONOMIA,,,,IBURA,COLISÃO FRONTAL,,0,2,0,0,0,0,0,0,0,1,0,,,Longo da via,Bom,Não existe,Incompleta,Seca,Perfeito estado,Não existe,R-6a,,Dupla,Não existe,,,,
2021-09-17,13:58:00,COM VÍTIMA,FINALIZADA,MADALENA,RUA DR JOSE MARCELINO,3,153,RUA CARLOS ESTEVAO,RUA RESIDENCIAL,,,,MADALENA,COLISÃO FRONTAL,,1,1,0,0,0,0,0,0,0,1,0,,SUBURBIO,Longo da via,Bom,Não existe,Não existente,Seca,Perfeito estado,Não existe,Não há placas,,,Não existe,,,,
2021-09-17,15:51:00,COM VÍTIMA,FINALIZADA,SANCHO,RUA APRIGIO GUIMARAES,3,466,,LADO OPOSTO A PADARIA E SUPERMERCADO,,,,SANCHO,COLISÃO LATERAL,,0,2,0,0,0,0,0,0,0,1,0,,SUBURBIO,Longo da via,Bom,Não existe,,Seca,Perfeito estado,Não existe,Não há placas,,Dupla,Faixa seccionada,,,,
2021-09-17,16:13:00,COM VÍTIMA,FINALIZADA,AFOGADOS,EST DOS REMEDIOS,0,,,DENTRO DO TERMINAL DE AFOGADOS,,,,AFOGADOS,ATROPELAMENTO DE PESSOA,,0,0,0,0,1,1,0,0,0,1,0,,,Outros,Bom,Não existe,Perfeito estado,Seca,Perfeito estado,Não existe,Não há placas,,,Não existe,,,,
2021-09-17,20:34:40,COM VÍTIMA,FINALIZADA,TORROES,RUA DR FLAVIO FERREIRA DA SILVA MAROJO,0,,,EM FRENTE A DISTRIBUIDORA CASA DO GRANITO,,,,TORRÕES,ATROPELAMENTO DE PESSOA,,0,1,0,0,1,0,0,0,0,1,0,,CIDADE,Longo da via,Bom,Não existe,Ilegível,Seca,Mal iluminada,Não existe,Não há placas,,Única,Não existe,,,,
2021-09-17,21:58:40,COM VÍTIMA,FINALIZADA,CAMPO GRANDE,RUA JERONIMO VILELA,0,,EST DE BELEM,EM FRENTE A DROGASIL,,,,CAMPO GRANDE,COLISÃO FRONTAL,,1,1,0,0,0,0,0,0,0,1,0,26,,Longo da via,Bom,Sem defeito,Perfeito estado,Seca,Perfeito estado,,,,,,,,,
2021-09-18,07:02:00,COM VÍTIMA,FINALIZADA,MORRO DA CONCEICAO,AV NORTE MIGUEL ARRAES DE ALENCAR,0,,,AO LADO DA UPINHA 24H,,,,MORRO DA CONCEIÇÃO,COLISÃO TRASEIRA,,0,1,0,0,0,1,0,0,0,1,0,,SUBURBIO,Longo da via,Bom,Não existe,Incompleta,Seca,Perfeito estado,Não existe,Não há placas,,Dupla,Faixa seccionada,Canteiro central,,,
2021-09-18,08:52:00,COM VÍTIMA,FINALIZADA,BREJO DA GUABIRABA,AV VEREADOR OTACILIO AZEVEDO,4,4600,,EM FRENTE A CHACARA NORTE,,,,BREJO DA GUABIRABA,COLISÃO LATERAL,,1,1,0,0,0,0,0,0,0,1,0,,CIDADE,Longo da via,Bom,Não existe,Incompleta,Seca,Perfeito estado,Não existe,R-6c,,Dupla,Não existe,,,,
2021-09-18,12:27:00,COM VÍTIMA,FINALIZADA,IPSEP,RUA PAMPULHA,3,514,RUA IZABEL DE SOUZA,RUA AO LADO DA EUROVIA,,,,IPSEP,COLISÃO TRANSVERSAL,,1,2,0,0,0,0,0,0,0,2,0,450,BOA VIAGEM,Cruzamento,Bom,Sem defeito,Perfeito estado,Seca,Perfeito estado,Faixa de pedestre,,,Única,,,,,
2021-09-18,15:52:00,COM VÍTIMA,FINALIZADA,TORRE,AV BEIRA RIO,4,1313,,PROX A QUADRA DA PREFEITURA,,,,TORRE,CAPOTAMENTO,,3,0,0,0,0,0,0,0,0,1,0,,CIDADE,Longo da via,Bom,Não existe,Perfeito estado,Seca,Perfeito estado,Não existe,Não há placas,,Dupla,Faixa contínua,,,,
2021-09-18,16:47:00,COM VÍTIMA,FINALIZADA,SANTO AMARO,AV CRUZ CABUGA,0,,AV DR JAYME DA FONTE,ACIDENTE  ATÍPICO  COLISÃO FRONTAL GRAVE ENVOLVENDO ÔNIBUS  / AUTOMÓVEL.  RESULTANDO NO FINAL COM CHOQUE DO ÔNIBUS COM O MURO DO HOSPITAL NAVAL  CAUSANDO GRANDE TRANSTORNO E LENTIDÃO NA VIA.,,,,SANTO AMARO,COLISÃO FRONTAL,,1,0,0,0,0,1,0,0,0,11,0,,AMBOS,Longo da via,Bom,Não existe,Perfeito estado,Seca,Perfeito estado,Não existe,Não há placas,60 km/h,Dupla,Faixa contínua,,,,
2021-09-18,20:43:40,COM VÍTIMA,FINALIZADA,BOA VIAGEM,RUA ERNESTO DE PAULA SANTOS,3,940,RUA DR JOAO GUILHERME DE P SOBRINHO,E/F A UNIMED,,,,BOA VIAGEM,COLISÃO TRANSVERSAL,,2,0,0,0,0,0,0,0,0,1,0,,CIDADE,Cruzamento,Bom,Não existe,Perfeito estado,Seca,Perfeito estado,Faixa de pedestre,Não há placas,40 km/h,Única,Faixa contínua,,,,
2021-09-19,12:32:00,COM VÍTIMA,FINALIZADA,BOA VIAGEM,RUA ERNESTO DE PAULA SANTOS,0,,RUA VISCONDE DE JEQUITINHONHA,,,,,BOA VIAGEM,COLISÃO TRANSVERSAL,,1,1,0,0,0,0,0,0,0,1,0,304,,Cruzamento,Bom,Sem defeito,Perfeito estado,Seca,Perfeito estado,Faixa de pedestre,R-6a,30 km/h,Única,Faixa contínua,Faixa seccionada,,,
2021-09-19,13:56:00,COM VÍTIMA,FINALIZADA,IMBIRIBEIRA,AV MARECHAL MASCARENHAS DE MORAES,3,841,RUA DR VALDIR PESSOA,EM FRENTE A ESTAÇÃO IMBIRIBEIRA/ SENTIDO CIDADE,,,,IMBIRIBEIRA,COLISÃO LATERAL,,2,1,0,0,0,0,0,0,0,1,0,532,CIDADE,Cruzamento,Bom,Sem defeito,Perfeito estado,Seca,,Faixa de pedestre,Não há placas,60 km/h,Dupla,Canteiro central,,,,
2021-09-19,18:10:00,COM VÍTIMA,FINALIZADA,BOA VIAGEM,RUA BALTAZAR PASSOS,0,,RUA PROFESSOR LINS E SILVA,EM FRENTE AO N° 310,,,,BOA VIAGEM,COLISÃO FRONTAL,,2,0,0,0,0,0,0,0,0,1,0,,SUBURBIO,Cruzamento,Bom,Não existe,,Seca,Perfeito estado,Não existe,Placas Pare,,Única,Não existe,,,,
2021-09-20,08:18:00,COM VÍTIMA,FINALIZADA,CORDEIRO,AV ENGENHEIRO ABDIAS DE CARVALHO,4,2929,,COMPAZ,,,,CORDEIRO,COLISÃO FRONTAL,,2,1,0,0,0,0,0,0,0,2,0,,CIDADE,Longo da via,Bom,Não existe,Perfeito estado,Seca,Perfeito estado,Não existe,R-6a,60 km/h,Única,Faixa seccionada,,,,
2021-09-20,10:30:00,COM VÍTIMA,FINALIZADA,AFLITOS,RUA CONS PORTELA,3,665,RUA CARNEIRO VILELA,OPOSTO AO 665,,,,AFLITOS,COLISÃO COM CICLISTA,,1,0,0,1,0,0,0,0,0,1,0,,CIDADE,Cruzamento,Bom,Não existe,Perfeito estado,Seca,Perfeito estado,Faixa de pedestre,R-6a,40 km/h,Única,Faixa seccionada,,,,
2021-09-20,11:40:00,COM VÍTIMA,FINALIZADA,DERBY,RUA JENER DE SOUZA,0,,PRC DO DERBY,QUADRA DO QUARTEL DO DERBY,,,,DERBY,COLISÃO TRANSVERSAL,,1,1,0,0,0,0,0,0,0,1,0,40,SUBURBIO,Cruzamento,Bom,Sem defeito,Perfeito estado,Seca,Perfeito estado,Faixa de pedestre,,,Dupla,Canteiro central,,,,
2021-09-20,14:35:00,COM VÍTIMA,FINALIZADA,PARNAMIRIM,AV DEZESSETE DE AGOSTO,3,784,,EM FRENTE AO PARQUE REGIONAL DE MANUTENÇÃO,,,,PARNAMIRIM,COLISÃO TRANSVERSAL,,1,1,0,0,0,0,0,0,0,2,0,,,Longo da via,Bom,Não existe,Perfeito estado,Seca,Perfeito estado,Não existe,R-6a,,Dupla,Faixa contínua,,,,
2021-09-20,18:23:00,COM VÍTIMA,FINALIZADA,PAISSANDU,RUA PAISSANDU,3,567,,AO LADO DO BRADESCO,,,,PAISSANDU,ATROPELAMENTO DE PESSOA,,1,0,0,0,1,0,0,0,0,1,0,,CIDADE,Longo da via,Bom,Não existe,Perfeito estado,Seca,Perfeito estado,Não existe,Outras,,Dupla,Canteiro central,,,,
2021-09-21,11:05:00,COM VÍTIMA,FINALIZADA,AREIAS,AV RECIFE,4,5520,,LADO OPOSTO AO 5520- T&F DESIGN GESSO,,,,AREIAS,COLISÃO FRONTAL,,0,0,0,0,0,0,0,0,0,1,0,,SUBURBIO,Ponte,Bom,Não existe,Perfeito estado,Seca,Perfeito estado,Não existe,Não há placas,,Dupla,Canteiro central,,,,
2021-09-21,12:14:00,COM VÍTIMA,FINALIZADA,LINHA DO TIRO,RUA URIEL DE HOLANDA,4,1096,RUA BARAO DE MURITIBA,EM FRENTE A LAVA JATO,,,,LINHA DO TIRO,COLISÃO FRONTAL,,1,1,0,0,0,0,0,0,0,2,0,,SUBURBIO,Esquina,Bom,Não existe,Perfeito estado,Seca,Perfeito estado,Não existe,Outras,,Dupla,Não existe,,,,
2021-09-21,13:31:00,COM VÍTIMA,FINALIZADA,SANTO AMARO,AV NORTE MIGUEL ARRAES DE ALENCAR,3,743,RUA TREZE DE MAIO,,,,,SANTO AMARO,COLISÃO FRONTAL,,0,0,0,0,0,0,0,0,0,1,0,36,CIDADE,Longo da via,Bom,Sem defeito,Perfeito estado,Seca,Perfeito estado,Faixa de pedestre,Não há placas,60 km/h,Dupla,Canteiro central,,,,
2021-09-21,21:43:40,COM VÍTIMA,FINALIZADA,ENCRUZILHADA,AV BEBERIBE,0,,,SOB O SEMÁFORO 186,,,,ENCRUZILHADA,ATROPELAMENTO DE PESSOA,,1,0,0,0,1,0,0,0,0,1,0,186,SUBURBIO,Longo da via,Bom,Sem defeito,Perfeito estado,Seca,Perfeito estado,Outros,R-6a,,Dupla,Faixa contínua,,,,
2021-09-21,21:55:40,COM VÍTIMA,FINALIZADA,BOA VIAGEM,AV CONSELHEIRO AGUIAR,4,1285,,EM FRENTE AO IMÓVEL 1177,,,,BOA VIAGEM,COLISÃO TRASEIRA,,0,1,0,0,0,1,0,0,0,1,0,,CIDADE,Longo da via,Bom,Não existe,Perfeito estado,Seca,Perfeito estado,Faixa de pedestre,R-6a,60 km/h,Única,,,,,