data,hora,natureza_acidente,situacao,bairro,endereco,,numero,detalhe_endereco_acidente,complemento,endereco_cruzamento,numero_cruzamento,referencia_cruzamento,bairro_cruzamento,tipo,descricao,auto,moto,ciclom,ciclista,pedestre,onibus,caminhao,viatura,outros,vitimas,vitimasfatais,num_semaforo,sentido_via,acidente_verificado,tempo_clima,situacao_semaforo,sinalizacao,condicao_via,conservacao_via,ponto_controle,situacao_placa,velocidade_max_via,mao_direcao,divisao_via1,divisao_via2,divisao_via3,_id,Protocolo
2021-09-22,08:46:00,COM VÍTIMA,FINALIZADA,AFOGADOS,RUA COSME VIANA,0,,RUA PADRE TEOFILO TWORZ,E/F A TUPAN,,,,AFOGADOS,COLISÃO TRANSVERSAL,,1,1,0,0,0,0,0,0,0,1,0,503,SUBURBIO,Cruzamento,Bom,Sem defeito,Incompleta,Seca,Perfeito estado,Faixa de pedestre,Outras,,Única,Faixa contínua,Faixa seccionada,,,
2021-09-22,12:15:00,COM VÍTIMA,FINALIZADA,CASA AMARELA,AV NORTE MIGUEL ARRAES DE ALENCAR,0,,,SUPERMERCADO MAIS VOCÊ,,,,CASA AMARELA,COLISÃO TRASEIRA,,2,1,0,0,0,0,0,0,0,1,0,95,CIDADE,Longo da via,Bom,Sem defeito,Perfeito estado,Seca,Perfeito estado,Faixa de pedestre,Outras,,Dupla,Faixa seccionada,,,,
2021-09-22,16:13:00,COM VÍTIMA,FINALIZADA,IPSEP,RUA JEAN EMILE FAVRE,4,1464,,E/F A DELEGACIA DO IPSEP,,,,IPSEP,ATROPELAMENTO DE PESSOA,,1,0,0,0,2,0,0,0,0,2,0,70,SUBURBIO,Cruzamento,Bom,Sem defeito,Perfeito estado,Seca,Perfeito estado,Faixa de pedestre,R-6a,,Dupla,Faixa contínua,,,,
2021-09-22,20:33:00,COM VÍTIMA,FINALIZADA,BOA VIAGEM,RUA ANTONIO FALCAO,3,646,,E/F AO BANCO SANTANDER / E/F AO EDF LUZO,,,,BOA VIAGEM,CHOQUE,,2,0,0,0,0,0,0,0,0,1,0,,ÚNICO,Longo da via,Bom,Não existe,Perfeito estado,Seca,Perfeito estado,Não existe,Não há placas,,Única,Faixa seccionada,,,,
2021-09-23,07:44:00,COM VÍTIMA,FINALIZADA,MACAXEIRA,AV NORTE MIGUEL ARRAES DE ALENCAR,0,,,PRÓXIMO AO TI MACAXEIRA,,,,MACAXEIRA,COLISÃO TRANSVERSAL,,1,1,0,0,0,0,0,0,0,1,0,,SUBURBIO,Cruzamento,Bom,Não existe,Perfeito estado,Seca,Perfeito estado,Não existe,Não há placas,60 km/h,,Não existe,,,,
2021-09-23,12:50:00,COM VÍTIMA,FINALIZADA,IPSEP,RUA IBIPITUBA,3,335,RUA FRANCISCO BARRETO,EM FRENTE AO ANTIGO 19º BATAHÃO,,,,IPSEP,COLISÃO TRANSVERSAL,,1,1,0,0,0,0,0,0,0,1,0,,,Cruzamento,Bom,Não existe,Não existente,Seca,Perfeito estado,Não existe,Não há placas,,Dupla,Não existe,,,,
2021-09-23,17:23:00,COM VÍTIMA,FINALIZADA,PAISSANDU,RUA SPORT CLUBE DO RECIFE,0,,,LADO OPOSTO AO SPORT/ NA DESCIDA DA PONTE/ SENTIDO BR,,,,PAISSANDU,COLISÃO TRASEIRA,,1,1,0,0,0,0,0,0,0,1,0,,SUBURBIO,Longo da via,Bom,Sem defeito,Perfeito estado,Seca,Perfeito estado,Agente,R-26,,Dupla,Faixa contínua,,,,
2021-09-23,17:41:00,COM VÍTIMA,FINALIZADA,ARRUDA,AV BEBERIBE,4,1664,,E/F AO MERCADÃO DO OLEO S/T  SUB,,,,ARRUDA,ATROPELAMENTO DE PESSOA,,0,1,0,0,1,0,0,0,0,1,0,,CIDADE,Longo da via,Bom,Não existe,Perfeito estado,Seca,Perfeito estado,Não existe,Não há placas,,Dupla,Faixa contínua,,,,
2021-09-23,18:48:00,COM VÍTIMA,FINALIZADA,IMBIRIBEIRA,RUA ARQUITETO LUIZ NUNES,3,245,,SEMÁFORO 634,,,,IMBIRIBEIRA,COLISÃO TRANSVERSAL,,1,1,0,0,0,0,0,0,0,1,0,634,CIDADE,Cruzamento,Bom,Sem defeito,Perfeito estado,Seca,Perfeito estado,Faixa de pedestre,Não há placas,40 km/h,Dupla,,,,,
2021-09-23,19:35:00,COM VÍTIMA,FINALIZADA,AFOGADOS,RUA SAO MIGUEL,0,,RUA DA PAZ,LADO DA PRAÇA DA PAZ,,,,AFOGADOS,CHOQUE,,0,0,0,0,0,1,0,0,0,1,0,53,SUBURBIO,Cruzamento,Bom,Sem defeito,Perfeito estado,Seca,Perfeito estado,Faixa de pedestre,Outras,,Única,Faixa seccionada,,,,
2021-09-24,08:25:00,COM VÍTIMA,FINALIZADA,APIPUCOS,RUA DE APIPUCOS,4,1031,RUA CORONEL JOAO BATISTA DO REGO BARROS,CENTRO MÉDICO DE SAÚDE SÃO JOÃO,,,,APIPUCOS,CHOQUE,,1,0,0,0,0,0,0,0,0,1,0,540,,Longo da via,Chuvoso,Sem defeito,Perfeito estado,Molhada,Perfeito estado,Faixa de retenção,Outras,,Dupla,Faixa contínua,,,,
2021-09-24,10:39:00,COM VÍTIMA,FINALIZADA,MADALENA,RUA BENFICA,0,,,EM FRENTE AO INTERNACIAL,,,,MADALENA,COLISÃO COM CICLISTA,,1,0,0,1,0,0,0,0,0,1,0,,CIDADE,Longo da via,Bom,Não existe,Perfeito estado,Seca,Perfeito estado,Não existe,Não há placas,,Dupla,Outros,,,,
2021-09-24,18:04:00,COM VÍTIMA,FINALIZADA,AREIAS,AV PRESIDENTE DUTRA,2,91,,E/F AO SAL E BRASA,,,,AREIAS,COLISÃO COM CICLISTA,,0,1,0,1,0,0,0,0,0,1,0,,AEROPORTO INTERNACIONA DO RECIFE,Longo da via,Bom,Não existe,Perfeito estado,Seca,Perfeito estado,Não existe,Não há placas,,Dupla,Canteiro central,,,,
2021-09-25,10:25:00,COM VÍTIMA,FINALIZADA,PINA,AV CELSO FURTADO,0,,,PRÓXIMO AO 19° B.P.M,,,,PINA,QUEDA,,0,1,0,0,0,0,0,0,0,1,0,,CIDADE,Longo da via,Bom,Não existe,Perfeito estado,Seca,Perfeito estado,Não existe,Não há placas,60 km/h,Dupla,Canteiro central,,,,
2021-09-25,10:49:00,COM VÍTIMA,FINALIZADA,IPUTINGA,AV CAXANGA,4,3789,,EM FRENTE AO 17° CARTÓRIO DE REGISTRO CIVIL DA VÁRZEA,,,,IPUTINGA,COLISÃO LATERAL,,0,2,0,0,0,0,0,0,0,1,0,229,CIDADE,Longo da via,Bom,Sem defeito,Incompleta,Seca,,Faixa de pedestre,Não há placas,,Dupla,Canteiro central,,,,
2021-09-26,11:44:00,COM VÍTIMA,FINALIZADA,BEBERIBE,PRC DA CONVENCAO,0,,,E/F A IGREJA CATOLICA DE BEBERIBE,,,,BEBERIBE,QUEDA,,0,1,0,0,0,0,0,0,0,1,0,,,,,,,,,,,,,,,,,
2021-09-26,16:32:00,COM VÍTIMA,FINALIZADA,GRACAS,AV RUI BARBOSA,0,,RUA ESMERALDINO BANDEIRA,SOB  O SEMÁROFO  DE NUMERO 126  - RUA CARDEAL  ARCO VERDE    REF.  PIZZARIA ATLANTICO,,,,GRAÇAS,COLISÃO COM CICLISTA,,1,0,0,1,0,0,0,0,0,1,0,126,CIDADE,Cruzamento,Bom,Sem defeito,Perfeito estado,Seca,Perfeito estado,Faixa de pedestre,Não há placas,,Única,Não existe,,,,
2021-09-27,06:18:00,COM VÍTIMA,FINALIZADA,PRADO,AV ENGENHEIRO ABDIAS DE CARVALHO,0,,RUA SANTA EDWIRGES,PROX A ENGENFRIO,,,,PRADO,COLISÃO FRONTAL,,1,1,0,0,0,0,0,0,0,1,0,354,CIDADE,Cruzamento,Bom,Sem defeito,Perfeito estado,Seca,Perfeito estado,Faixa de pedestre,Outras,60 km/h,Dupla,Canteiro central,,,,
2021-09-27,08:40:00,COM VÍTIMA,FINALIZADA,TEJIPIO,RUA APRIGIO GUIMARAES,4,1020,RUA MANDUZINHO,MERCADINHO CUSTODIA,,,,TEJIPIÓ,QUEDA,,0,1,0,0,0,0,0,0,0,1,0,157,SUBURBIO,Longo da via,Bom,Sem defeito,Perfeito estado,Seca,Mal conservada,Faixa de pedestre,R-6a,,Dupla,Faixa contínua,,,,
2021-09-27,14:44:00,COM VÍTIMA,FINALIZADA,TORROES,RUA DR MIGUEL VIEIRA FERREIRA,3,301,RUA CLAUDIO BROTHERHOOD,UPAS LIDER VIDROS,,,,TORRÕES,COLISÃO TRANSVERSAL,,2,0,0,0,0,0,0,0,0,1,0,,SUBURBIO,Cruzamento,Bom,Não existe,Perfeito estado,Seca,Perfeito estado,Faixa de retenção,Placas Pare,,Dupla,Faixa seccionada,,,,
2021-09-27,15:37:00,COM VÍTIMA,FINALIZADA,IMBIRIBEIRA,RUA JOSE DA SILVA LUCENA,3,241,RUA SARGENTO SILVINO DE MACEDO,EM FRENTE AO NÚMERO 241,,,,IMBIRIBEIRA,COLISÃO FRONTAL,,1,1,0,0,0,0,0,0,0,1,0,,SUBURBIO,Cruzamento,Bom,Não existe,Perfeito estado,Seca,Perfeito estado,Não existe,Não há placas,60 km/h,Dupla,Não existe,,,,
2021-09-27,20:08:00,COM VÍTIMA,FINALIZADA,IBURA,AV DOIS RIOS,0,,LAD DA COHAB,AO LADO DA POLICLINA PROFESSOR ARNALDO BASTOS,,,,IBURA,COLISÃO FRONTAL,,1,2,0,0,0,0,0,0,0,2,0,,SUBURBIO,Longo da via,Bom,Não existe,Perfeito estado,Seca,Perfeito estado,Não existe,Não há placas,,Dupla,Não existe,,,,
2021-09-27,21:53:40,COM VÍTIMA,FINALIZADA,CASA AMARELA,RUA DOIS DE FEVEREIRO,2,95,,CENTRO PEDRO CARNEIRO,,,,CASA AMARELA,COLISÃO FRONTAL,,1,1,0,0,0,0,0,0,0,1,0,,CIDADE,Longo da via,Bom,Sem defeito,Ilegível,Seca,Perfeito estado,Não existe,Outras,,Dupla,Faixa contínua,,,,
2021-09-28,11:53:00,COM VÍTIMA,FINALIZADA,SANTO AMARO,AV CRUZ CABUGA,3,481,,EM FRENTE AO N° 481,,,,SANTO AMARO,COLISÃO TRANSVERSAL,,0,0,0,0,0,2,0,0,0,2,0,457,CIDADE,Longo da via,Bom,Sem defeito,Perfeito estado,Seca,Perfeito estado,Faixa de pedestre,Outras,,Dupla,Faixa contínua,,,,
2021-09-28,12:47:00,COM VÍTIMA,FINALIZADA,TAMARINEIRA,RUA CONEGO BARATA,4,3151,AV NORTE MIGUEL ARRAES DE ALENCAR,EM FRENTE À OFICINA TRI AUTOS,,,,TAMARINEIRA,COLISÃO TRASEIRA,,0,1,0,0,0,1,0,0,0,1,0,62,CIDADE,Cruzamento,Bom,Sem defeito,Perfeito estado,Seca,Perfeito estado,Faixa de pedestre,R-6a,,Dupla,Canteiro central,Faixa seccionada,,,
2021-09-28,14:18:00,COM VÍTIMA,FINALIZADA,CASA AMARELA,RUA PADRE LEMOS,3,391,RUA DR TOME DIAS,NO CENTRO DE CASA AMARELA E/F A IGREJA UNIVERSAL,,,,CASA AMARELA,COLISÃO FRONTAL,,1,1,0,0,0,0,0,0,0,1,0,,CIDADE,Longo da via,Bom,Não existe,Perfeito estado,Seca,Perfeito estado,Faixa de pedestre,Placas Pare,,Dupla,Não existe,,,,
2021-09-28,17:37:00,COM VÍTIMA,FINALIZADA,IMBIRIBEIRA,AV MARECHAL MASCARENHAS DE MORAES,0,,RUA JALISCO,EM FRENTE AO GERALDÃO  VEÍCULO ATROPELOU UMA SRA. E FULGOU DO LOCAL DO FATO. PLACA E MARCA MODELO NÃO ANOTADA,,,,IMBIRIBEIRA,ATROPELAMENTO DE PESSOA,,1,0,0,0,1,0,0,0,0,1,0,290,CIDADE,Longo da via,Bom,Sem defeito,Perfeito estado,Seca,Perfeito estado,Faixa de pedestre,R-6a,,Única,Faixa contínua,,,,
2021-09-28,19:57:00,COM VÍTIMA,FINALIZADA,PRADO,AV ENGENHEIRO ABDIAS DE CARVALHO,4,1949,,APÓS A ESTACIO  / PROX A FUNASE,,,,PRADO,ATROPELAMENTO DE ANIMAL,,0,1,0,0,0,0,0,0,0,1,0,,SUBURBIO,Longo da via,Bom,Não existe,Perfeito estado,Seca,Perfeito estado,Não existe,Não há placas,,Dupla,Faixa seccionada,,,,
2021-09-29,07:34:00,COM VÍTIMA,FINALIZADA,IPSEP,RUA JEAN EMILE FAVRE,6,LOJA 1,RUA PAMPULHA,PROX A PRAÇA DA MAURUCEIA,,,,IPSEP,COLISÃO TRANSVERSAL,,1,1,0,0,0,0,0,0,0,1,0,564,SUBURBIO,Cruzamento,Bom,Sem defeito,Perfeito estado,Seca,Perfeito estado,Faixa de pedestre,R-26,,Dupla,Faixa contínua,,,,
2021-09-29,11:22:00,COM VÍTIMA,FINALIZADA,PINA,AV ENGENHEIRO DOMINGOS FERREIRA,3,604,RUA PEREIRA DA COSTA,E/F AO EMPRESARIAL MARCELO DOBEUX,,,,PINA,COLISÃO TRASEIRA,,1,1,0,0,0,0,0,0,0,1,0,142,SUBURBIO,Cruzamento,Bom,Sem defeito,Perfeito estado,Seca,Perfeito estado,Faixa de pedestre,R-4b,,Dupla,Canteiro central,,,,
2021-09-29,12:34:00,COM VÍTIMA,FINALIZADA,RECIFE,AV ALFREDO LISBOA,0,,RUA BREJO DA MADRE DE DEUS,POSTO BR,,,,BAIRRO DO RECIFE,COLISÃO TRASEIRA,,2,1,0,0,0,0,0,0,0,1,0,477,CIDADE,Longo da via,Bom,Não existe,Perfeito estado,Seca,Perfeito estado,Não existe,R-6a,30 km/h,,Faixa seccionada,,,,
2021-09-29,22:45:40,COM VÍTIMA,FINALIZADA,MADALENA,AV CAXANGA,3,412,,E/F AO BANCO SANTANDER  SNT SUB,,,,MADALENA,ATROPELAMENTO DE ANIMAL,,0,1,0,0,0,0,0,0,0,1,0,,SUBURBIO,Longo da via,Chuvoso,Sem defeito,Perfeito estado,Molhada,Perfeito estado,Não existe,Não há placas,,Dupla,Canteiro central,,,,
2021-09-30,03:20:00,COM VÍTIMA,FINALIZADA,BOA VIAGEM,RUA BARAO DE SOUZA LEAO,0,,RUA VISCONDE DE JEQUITINHONHA,CRUZAMENTO C/A RUA BARÃO DE SOUZA LEÃO - E/F AO HOSPITAL ALFA,,,,BOA VIAGEM,COLISÃO TRANSVERSAL,,1,1,0,0,0,0,0,0,0,1,0,129,CIDADE,Cruzamento,Chuvoso,Sem defeito,Perfeito estado,Molhada,Mal iluminada,Faixa de pedestre,R-6a,,Única,Faixa contínua,,,,
2021-09-30,07:51:00,COM VÍTIMA,FINALIZADA,GRACAS,AV CONS ROSA E SILVA,2,36,,E/F AO TRE ANEXO,,,,GRAÇAS,COLISÃO FRONTAL,,1,1,0,0,0,0,0,0,0,2,0,,CIDADE,Longo da via,Bom,Não existe,Perfeito estado,Molhada,Perfeito estado,Não existe,Não há placas,,Única,Canteiro central,,,,
2021-09-30,08:49:00,COM VÍTIMA,FINALIZADA,BOA VIAGEM,AV CELSO FURTADO,0,,,HABTACIONAL ENCANTA MOÇÃ,,,,BOA VIAGEM,COLISÃO TRASEIRA,,1,1,0,0,0,0,0,0,0,1,0,,SUBURBIO,Longo da via,Bom,Não existe,Perfeito estado,Seca,Perfeito estado,Não existe,Não há placas,60 km/h,Única,Faixa seccionada,,,,
2021-09-30,17:59:00,COM VÍTIMA,FINALIZADA,DERBY,RUA JOAQUIM NABUCO,2,92,,AO LADO DO HOSPITAL DA RESTAURAÇÃO,,,,DERBY,,,1,1,0,0,0,0,0,0,0,1,0,,SUBURBIO,Longo da via,Bom,,Perfeito estado,Seca,Perfeito estado,Não existe,R-6a,,Única,Faixa seccionada,,,,
2021-09-30,21:04:40,COM VÍTIMA,FINALIZADA,TAMARINEIRA,EST VELHA DE AGUA FRIA,3,655,,EM FRENTE AO N° 655,,,,TAMARINEIRA,COLISÃO TRANSVERSAL,,0,0,0,0,0,0,0,0,0,1,0,,CIDADE,Longo da via,Bom,Não existe,Perfeito estado,Seca,Perfeito estado,Não existe,Não há placas,,Dupla,Faixa contínua,,,,
2021-10-01,01:57:00,COM VÍTIMA,FINALIZADA,APIPUCOS,AV DEZESSETE DE AGOSTO,3,499,,AO LADO DO MOTEL SENZALA,,,,APIPUCOS,CHOQUE,,1,0,0,0,0,0,0,0,0,1,0,,CIDADE,Longo da via,Bom,Não existe,Perfeito estado,Molhada,Perfeito estado,Não existe,Não há placas,,Dupla,Faixa contínua,,,,
2021-10-01,07:31:00,COM VÍTIMA,FINALIZADA,SAO JOSE,AV ENGENHEIRO JOSE ESTELITA,0,,,EM BAIXO DO VIADUTO JOAO PAULO II  / SENT BOA VIAGEM,,,,SÃO JOSÉ,COLISÃO FRONTAL,,1,1,0,0,0,0,0,0,0,1,0,,SUBURBIO,Longo da via,Bom,,Ilegível,Seca,Perfeito estado,Não existe,Não há placas,,Única,Faixa seccionada,,,,
2021-10-01,08:37:00,COM VÍTIMA,FINALIZADA,CORDEIRO,AV CAXANGA,4,1783,,EM FRENTE A FATAL PNEUS,,,,CORDEIRO,ATROPELAMENTO DE PESSOA,,1,1,0,0,1,0,0,0,0,2,0,,CIDADE,Longo da via,Bom,Sem defeito,Perfeito estado,Seca,Perfeito estado,Não existe,Não há placas,,Dupla,Canteiro central,Faixa seccionada,,,
2021-10-01,12:20:00,COM VÍTIMA,FINALIZADA,AREIAS,AV TAPAJOS,3,170,,EM FRENTE AO N° 170,,,,AREIAS,COLISÃO TRASEIRA,,0,1,0,0,0,0,0,0,0,1,0,,SUBURBIO,Longo da via,Bom,Sem defeito,Perfeito estado,Seca,Perfeito estado,,Outras,,Dupla,Faixa contínua,,,,
2021-10-01,12:54:00,COM VÍTIMA,FINALIZADA,SANTO AMARO,AV GOVERNADOR AGAMENON MAGALHAES,0,,,SEMÁFORO 465,,,,SANTO AMARO,COLISÃO FRONTAL,,1,1,0,0,0,0,0,0,0,1,0,,SUBURBIO,Longo da via,Bom,Sem defeito,Perfeito estado,Seca,Perfeito estado,,,,,,,,,
2021-10-01,15:50:00,COM VÍTIMA,FINALIZADA,SANTO AMARO,AV CRUZ CABUGA,3,449,RUA DOIS DE JULHO,EM FRENTE AO ARMAZÉM CORAL,,,,SANTO AMARO,COLISÃO TRANSVERSAL,,1,1,0,0,0,0,0,0,0,1,0,,SUBURBIO,Longo da via,Bom,Não existe,Perfeito estado,Seca,Perfeito estado,Outros,Outras,60 km/h,Dupla,Faixa seccionada,,,,
2021-10-01,18:24:00,COM VÍTIMA,FINALIZADA,BONGI,AV ENGENHEIRO ABDIAS DE CARVALHO,0,,,LADO OPOSTO AO POSTO BR,,,,BONGI,ENGAVETAMENTO,,4,0,0,0,0,0,0,0,0,2,0,,SUBURBIO,Longo da via,Bom,Não existe,Perfeito estado,Seca,Perfeito estado,Não existe,Não há placas,60 km/h,Única,Faixa seccionada,,,,
2021-10-01,19:51:00,COM VÍTIMA,FINALIZADA,IBURA,AV DOIS RIOS,0,,,LADEIRA DA COHAB,,,,IBURA,COLISÃO TRASEIRA,,0,2,0,0,0,0,0,0,0,2,0,,SUBURBIO,Longo da via,Bom,Não existe,Não existente,Seca,Perfeito estado,Não existe,Não há placas,,Dupla,Faixa contínua,Canteiro central,,,
2021-10-02,00:25:00,COM VÍTIMA,FINALIZADA,SAO JOSE,AV SUL,3,617,,LADO OPOSTO NÚMERO,,,,SÃO JOSÉ,COLISÃO FRONTAL,,0,1,0,0,0,1,0,0,0,1,0,,SUBURBIO,Longo da via,Chuvoso,Não existe,Perfeito estado,Molhada,Perfeito estado,Não existe,Não há placas,,Dupla,Faixa contínua,,,,
2021-10-02,10:51:00,COM VÍTIMA,FINALIZADA,LINHA DO TIRO,RUA GUARAJA,2,73,RUA RIO CORRENTE,EM FRENTE AO N° 73,,,,LINHA DO TIRO,COLISÃO FRONTAL,,1,1,0,0,0,0,0,0,0,1,0,,S,Cruzamento,Bom,Não existe,Perfeito estado,Seca,,Faixa de pedestre,Placas Pare,20 km/h,Dupla,Não existe,,,,
2021-10-02,12:33:00,COM VÍTIMA,FINALIZADA,SANTO ANTONIO,AV MARTINS DE BARROS,3,395,,ENFRENTE AO ARMAZEM DO CAMPO,,,,SANTO ANTÔNIO,ATROPELAMENTO DE PESSOA,,1,0,0,0,1,0,0,0,0,1,0,194,,Longo da via,Bom,Sem defeito,Perfeito estado,Seca,Perfeito estado,Faixa de pedestre,Outras,40 km/h,Única,Faixa seccionada,,,,
2021-10-02,12:39:00,COM VÍTIMA,FINALIZADA,JORDAO,AV DONA CARENTINA,0,,,EM FRENTE À ACADEMIA DA CIDADE DO JODÃO BAIXO,,,,JORDÃO,COLISÃO LATERAL,,1,1,0,0,0,0,0,0,0,1,0,,,,,,,,,,,,,,,,,
2021-10-02,16:02:00,COM VÍTIMA,FINALIZADA,IBURA,AV ENGENHO SERRA VERDE,3,660,,TONHO FRUTAS,,,,IBURA,COLISÃO FRONTAL,,1,1,0,0,0,0,0,0,0,1,0,,CIDADE,Longo da via,Bom,Não existe,Perfeito estado,Seca,Perfeito estado,Não existe,R-6a,,Única,Não existe,,,,
2021-10-02,17:06:00,COM VÍTIMA,FINALIZADA,DOIS IRMAOS,RUA MANUEL DE MEDEIROS,3,165,AV LUIZ ANTONIO DE ARAUJO,BORRACHARIA PNEUS E RODAS,,,,DOIS IRMÃOS,COLISÃO TRASEIRA,,2,0,0,0,0,0,0,0,0,1,0,,,Longo da via,Bom,Não existe,Não existente,Seca,Mal conservada,Não existe,Outras,,Dupla,Faixa seccionada,,,,
2021-10-02,17:38:00,VÍTIMA FATAL,FINALIZADA,MADALENA,AV CAXANGA,3,460,,EM FRENTE AO CFI COLÉGIO DE FORMÇÃO INTEGRAL,,,,MADALENA,CHOQUE,,0,0,0,0,0,0,0,0,0,2,1,,SUBURBIO,Longo da via,Bom,Não existe,Incompleta,Seca,Perfeito estado,Não existe,Não há placas,60 km/h,Dupla,Faixa contínua,Faixa seccionada,Canteiro central,,
2021-10-02,20:54:40,COM VÍTIMA,FINALIZADA,COHAB,AV SANTA FE,2,65,,LADO OPOSTO A GRÁFICA BARTO INFORMÁTICA,,,,COHAB,COLISÃO FRONTAL,,0,2,0,0,0,0,0,0,0,2,0,,SUBURBIO,Longo da via,Bom,Não existe,Perfeito estado,Seca,Perfeito estado,Não existe,Não há placas,,Dupla,Faixa seccionada,,,,
2021-10-02,21:42:40,COM VÍTIMA,FINALIZADA,CASA AMARELA,AV NORTE MIGUEL ARRAES DE ALENCAR,4,6415,,POLICLINICA PROF BARROS LIMAS,,,,CASA AMARELA,COLISÃO TRASEIRA,,0,0,0,0,0,0,0,0,0,1,0,,CIDADE,Longo da via,Bom,Não existe,Perfeito estado,Seca,Perfeito estado,Não existe,Não há placas,,Dupla,Faixa seccionada,,,,
2021-10-03,15:41:00,COM VÍTIMA,FINALIZADA,NOVA DESCOBERTA,AV VEREADOR OTACILIO AZEVEDO,4,2745,,PROXIMO A SEMENTEIRA,,,,NOVA DESCOBERTA,ATROPELAMENTO DE PESSOA,,1,0,0,0,1,0,0,0,0,1,0,,SUBURBIO,Longo da via,Bom,Não existe,Não existente,Seca,Perfeito estado,Não existe,Outras,30 km/h,Dupla,Não existe,,,,
2021-10-03,20:14:00,COM VÍTIMA,FINALIZADA,IMBIRIBEIRA,AV GENERAL MAC ARTHUR,3,479,RUA JORGE DE LIMA,SEMÁFORO 402 / PRÓX AO GALETO DO MATUTO,,,,IMBIRIBEIRA,COLISÃO TRASEIRA,,1,1,0,0,0,0,0,0,0,2,0,402,,Cruzamento,Bom,Sem defeito,Perfeito estado,Seca,Perfeito estado,Não existe,Outras,,Única,Faixa seccionada,,,,
2021-10-03,20:35:40,COM VÍTIMA,FINALIZADA,TAMARINEIRA,AV NORTE MIGUEL ARRAES DE ALENCAR,0,,RUA CONEGO BARATA,RUA CONEGO BARATA,,,,TAMARINEIRA,COLISÃO FRONTAL,,2,0,0,0,0,0,0,0,0,1,0,62,SUBURBIO,Cruzamento,Bom,Sem defeito,Perfeito estado,Seca,Perfeito estado,Faixa de pedestre,Não há placas,,Dupla,Faixa seccionada,Faixa seccionada,,,
2021-10-04,00:19:00,COM VÍTIMA,FINALIZADA,IBURA,AV DOIS RIOS,0,,RUA RIO XINGU,CRUZAMENTO C/A RUA RIO XINGU,,,,IBURA,COLISÃO TRANSVERSAL,,1,1,0,0,0,0,0,0,0,1,0,351,SUBURBIO,Longo da via,Bom,Sem defeito,Perfeito estado,Seca,Perfeito estado,Faixa de pedestre,Placas Pare,,Dupla,Faixa contínua,,,,
2021-10-04,08:12:00,COM VÍTIMA,FINALIZADA,VARZEA,AV BARAO DE BONITO,3,616,,EM FRENTE A MULTYLOG,,,,VÁRZEA,COLISÃO TRANSVERSAL,,1,1,0,0,0,0,0,0,0,2,0,,CIDADE,Longo da via,Bom,Não existe,Ilegível,Seca,Perfeito estado,Não existe,R-6a,30 km/h,Dupla,Não existe,,,,
2021-10-04,09:16:00,COM VÍTIMA,FINALIZADA,PARNAMIRIM,AV FLOR DE SANTANA,3,357,,E/F AO EMPRESARIAL FLOR DE SANTANA,,,,PARNAMIRIM,COLISÃO TRANSVERSAL,,1,1,0,0,0,0,0,0,0,1,0,,CIDADE,Longo da via,Bom,Não existe,Ilegível,Seca,Perfeito estado,Outros,R-6a,,Dupla,Não existe,,,,
2021-10-04,10:14:00,COM VÍTIMA,FINALIZADA,BOA VIAGEM,RUA COSMORAMA,3,894,RUA JOSE HIPOLITO CARDOSO,CLUBE SARGENTO DA AERONÁUTICA,,,,BOA VIAGEM,COLISÃO FRONTAL,,1,1,0,0,0,0,0,0,0,1,0,,SUBURBIO,Longo da via,Bom,Não existe,Perfeito estado,Seca,Perfeito estado,Não existe,Não há placas,40 km/h,Dupla,Faixa seccionada,,,,
2021-10-04,10:25:00,COM VÍTIMA,FINALIZADA,BOA VISTA,AV CONDE DA BOA VISTA,3,357,,PROX. A CREFISA,,,,BOA VISTA,QUEDA,,0,1,0,0,0,0,0,0,0,1,0,,CIDADE,Longo da via,Bom,Sem defeito,Perfeito estado,Seca,Perfeito estado,Faixa de pedestre,Não há placas,,Dupla,Canteiro central,,,,