data,hora,natureza_acidente,situacao,bairro,endereco,,numero,detalhe_endereco_acidente,complemento,endereco_cruzamento,numero_cruzamento,referencia_cruzamento,bairro_cruzamento,tipo,descricao,auto,moto,ciclom,ciclista,pedestre,onibus,caminhao,viatura,outros,vitimas,vitimasfatais,num_semaforo,sentido_via,acidente_verificado,tempo_clima,situacao_semaforo,sinalizacao,condicao_via,conservacao_via,ponto_controle,situacao_placa,velocidade_max_via,mao_direcao,divisao_via1,divisao_via2,divisao_via3,_id,Protocolo
2021-10-04,10:48:00,COM VÍTIMA,FINALIZADA,IPUTINGA,AV MAURICIO DE NASSAU,4,2075,,EM FRENTE AO ALTINO VENTURA,,,,IPUTINGA,COLISÃO TRANSVERSAL,,1,1,0,0,0,0,0,0,0,1,0,,SUBURBIO,Longo da via,Bom,Sem defeito,Perfeito estado,Seca,Perfeito estado,Não existe,R-6a,,Dupla,Faixa contínua,,,,
2021-10-04,15:26:00,COM VÍTIMA,FINALIZADA,CORDEIRO,RUA DR MIGUEL VIEIRA FERREIRA,3,697,RUA CLAUDIO BROTHERHOOD,PRÓX AO DEPÓSITO BETO BEBIDAS,,,,CORDEIRO,COLISÃO TRANSVERSAL,,0,2,0,0,0,0,0,0,0,1,0,,CIDADE,Cruzamento,Bom,Não existe,Incompleta,Seca,Perfeito estado,Não existe,,,Dupla,,,,,
2021-10-04,17:32:00,COM VÍTIMA,FINALIZADA,SANTO AMARO,AV NORTE MIGUEL ARRAES DE ALENCAR,0,,RUA DA AURORA,,,,,SANTO AMARO,COLISÃO TRANSVERSAL,,1,1,0,0,0,0,0,0,0,1,0,243,SUBURBIO,Cruzamento,Bom,Sem defeito,Perfeito estado,Seca,Perfeito estado,Faixa de pedestre,Não há placas,,Dupla,Faixa contínua,,,,
2021-10-04,18:17:00,COM VÍTIMA,FINALIZADA,NOVA DESCOBERTA,RUA ALTO JARDIM PROGRESSO,2,20,,PROX A LOTERICA,,,,NOVA DESCOBERTA,ATROPELAMENTO DE PESSOA,,1,0,0,0,1,0,0,0,0,1,0,,SUBURBIO,Longo da via,Bom,Não existe,Não existente,Seca,Perfeito estado,Não existe,Não há placas,,Dupla,Não existe,,,,
2021-10-05,06:35:00,COM VÍTIMA,FINALIZADA,SANTO ANTONIO,RUA DO SOL,0,,,EM FRENTE AO TEATRO SANTA ISABEL,,,,SANTO ANTÔNIO,QUEDA,,0,1,0,0,0,0,0,0,0,1,0,,CIDADE,Outros,Bom,Não existe,Não existente,Oleosa,Perfeito estado,Não existe,Não há placas,30 km/h,Única,Faixa seccionada,,,,
2021-10-05,07:56:00,COM VÍTIMA,FINALIZADA,CASA AMARELA,EST DO ARRAIAL,4,4784,,100 METROS APÓS A APAE,,,,CASA AMARELA,COLISÃO FRONTAL,,1,1,0,0,0,0,0,0,0,1,0,,SUBURBIO,Longo da via,Bom,Não existe,Perfeito estado,Seca,Perfeito estado,Não existe,R-4b,,Única,Faixa seccionada,,,,
2021-10-05,09:36:00,COM VÍTIMA,FINALIZADA,GRACAS,RUA JOAQUIM NABUCO,3,636,RUA GUILHERME PINTO,EM FRENTE A VERDE FRUTE,,,,GRAÇAS,COLISÃO TRANSVERSAL,,1,1,0,0,0,0,0,0,0,2,0,,SUBURBIO,Longo da via,Bom,Não existe,Perfeito estado,Seca,Perfeito estado,Não existe,Outras,40 km/h,Única,Não existe,,,,
2021-10-05,10:19:00,COM VÍTIMA,FINALIZADA,TAMARINEIRA,RUA CONEGO BARATA,4,3751,AV NORTE MIGUEL ARRAES DE ALENCAR,PROX. A FERREIRA COSTA,,,,TAMARINEIRA,COLISÃO FRONTAL,,1,1,0,0,0,0,0,0,0,1,0,62,CIDADE,Cruzamento,Bom,Sem defeito,Perfeito estado,Seca,Perfeito estado,Faixa de pedestre,R-4a,,Dupla,Faixa contínua,,,,
2021-10-05,12:55:00,COM VÍTIMA,FINALIZADA,AREIAS,AV CAPITAO GREGORIO DE CALDAS,2,88,RUA CAPITAO FELIPE FERREIRA,AO LADO DO N° 88,,,,AREIAS,COLISÃO FRONTAL,,1,1,0,0,0,0,0,0,0,1,0,,,Longo da via,Bom,Não existe,Incompleta,Seca,Perfeito estado,Não existe,Não há placas,,Dupla,Canteiro central,,,,
2021-10-05,17:26:00,COM VÍTIMA,FINALIZADA,CASA AMARELA,AV NORTE MIGUEL ARRAES DE ALENCAR,4,5050,,EM FRENTE AO POSTO BR,,,,CASA AMARELA,ATROPELAMENTO DE PESSOA,,0,1,0,0,1,0,0,0,0,1,0,,SUBURBIO,Longo da via,Bom,Não existe,Perfeito estado,Seca,Perfeito estado,Não existe,R-6a,,Dupla,Faixa seccionada,,,,
2021-10-05,23:15:40,COM VÍTIMA,FINALIZADA,TAMARINEIRA,RUA CONEGO BARATA,0,,,LADO OPOSTO FERREIRA COSTA,,,,TAMARINEIRA,ATROPELAMENTO DE PESSOA,,0,0,0,0,1,0,0,0,0,1,0,347,SUBURBIO,Longo da via,Bom,Sem defeito,Perfeito estado,Seca,Perfeito estado,Faixa de pedestre,Outras,,Dupla,Canteiro central,,,,
2021-10-06,05:00:00,COM VÍTIMA,FINALIZADA,DERBY,AV GOVERNADOR AGAMENON MAGALHAES,3,422,RUA HENRIQUE DIAS,AMIL N° 422,,,,DERBY,COLISÃO TRANSVERSAL,,1,0,0,0,0,0,0,0,0,2,0,68,CIDADE,Cruzamento,Bom,Sem defeito,Perfeito estado,Seca,Perfeito estado,Faixa de pedestre,Outras,,Única,Faixa seccionada,,,,
2021-10-06,08:58:00,COM VÍTIMA,FINALIZADA,CORDEIRO,AV CAXANGA,4,1186,RUA SOUZA BANDEIRA,LADO OPOSTO DA DROGASIL,,,,CORDEIRO,COLISÃO TRASEIRA,,0,2,0,0,0,0,0,0,0,2,0,236,SUBURBIO,Longo da via,Bom,Sem defeito,Perfeito estado,Seca,Perfeito estado,Outros,Não há placas,,Única,Faixa contínua,,,,
2021-10-06,09:38:00,COM VÍTIMA,FINALIZADA,CAMPO GRANDE,RUA PRUDENTE DE MORAES,3,424,RUA MARQUES DE ABRANTES,POSTO REVENDA ULTRA GAZ,,,,CAMPO GRANDE,COLISÃO TRANSVERSAL,,1,1,0,0,0,0,0,0,0,1,0,,CIDADE,Cruzamento,Bom,Não existe,Perfeito estado,Seca,Perfeito estado,Faixa de pedestre,Placas Pare,,Dupla,Faixa seccionada,,,,
2021-10-06,09:53:00,COM VÍTIMA,FINALIZADA,AREIAS,AV DR JOSE RUFINO,4,1146,RUA ENGENHEIRO ARNALDO LIMA,EM FRENTE O SENAI,,,,AREIAS,ATROPELAMENTO DE PESSOA,,1,0,0,0,1,0,0,0,0,1,0,508,SUBURBIO,Longo da via,Bom,Sem defeito,Perfeito estado,Seca,Perfeito estado,Faixa de pedestre,R-6a,,Dupla,Faixa contínua,,,,
2021-10-06,10:45:00,COM VÍTIMA,FINALIZADA,IPSEP,AV RECIFE,0,,,ENTRADA DO IBURA,,,,IPSEP,ATROPELAMENTO DE PESSOA,,0,1,0,0,1,0,0,0,0,1,0,,,,,,,,,,,,,,,,,
2021-10-06,10:46:00,COM VÍTIMA,FINALIZADA,IPSEP,AV RECIFE,4,2447,,LADO OPOSTO,,,,IPSEP,ATROPELAMENTO DE PESSOA,,0,0,0,0,0,0,0,0,0,1,0,,SUBURBIO,Longo da via,Bom,Não existe,Incompleta,Seca,Mal conservada,Não existe,Não há placas,,Dupla,Canteiro central,,,,
2021-10-06,11:02:00,COM VÍTIMA,FINALIZADA,BOA VIAGEM,AV HERCULANO BANDEIRA,3,548,,EM FRENTE AO MARTELINHO DE OURO,,,,BOA VIAGEM,COLISÃO FRONTAL,,1,1,0,0,0,0,0,0,0,1,0,,SUBURBIO,Longo da via,Bom,Não existe,Perfeito estado,Seca,Perfeito estado,Não existe,Não há placas,60 km/h,Única,Faixa seccionada,,,,
2021-10-06,12:27:00,COM VÍTIMA,FINALIZADA,ILHA DO LEITE,PTE JOSE DE BARROS LIMA,3,S/N,AV GOVERNADOR AGAMENON MAGALHAES,ACIDENTE COM UMA VÍTIMA  ( CICLISTA ) RESULTANTE DE COLISÃO COM O ÔNIBUS BORBOREMA  Nº DE ORDEM 881.   EQUIPE CTTU APOIADA PELA EQUIPE ARGUS.  NO LOCAL.,,,,ILHA DO LEITE,COLISÃO COM CICLISTA,,0,0,0,1,0,1,0,0,0,1,0,,SUBURBIO,Viaduto,Bom,Não existe,Não existente,Seca,Perfeito estado,Não existe,Não há placas,60 km/h,Dupla,Canteiro central,,,,
2021-10-06,15:17:00,COM VÍTIMA,FINALIZADA,BOA VIAGEM,AV ENGENHEIRO DOMINGOS FERREIRA,4,4430,,EM FRENTE A DELEGACIA,,,,BOA VIAGEM,QUEDA,,0,1,0,0,0,0,0,0,0,1,0,,SUBURBIO,Longo da via,Bom,Não existe,Perfeito estado,Seca,Perfeito estado,Não existe,Não há placas,60 km/h,Única,Faixa seccionada,,,,
2021-10-06,16:57:00,COM VÍTIMA,FINALIZADA,BOA VIAGEM,AV CONSELHEIRO AGUIAR,0,,RUA ARTUR MUNIZ,SEMÁFORO 5,,,,BOA VIAGEM,COLISÃO FRONTAL,,1,1,0,0,0,0,0,0,0,1,0,5,CIDADE,Cruzamento,Bom,Sem defeito,Perfeito estado,Seca,Perfeito estado,Faixa de pedestre,Não há placas,,Única,Faixa seccionada,,,,
2021-10-06,18:00:00,COM VÍTIMA,FINALIZADA,MACAXEIRA,AV NORTE MIGUEL ARRAES DE ALENCAR,0,,,NA ENTRADA DO TERMINAL DA MACAXEIRA,,,,MACAXEIRA,COLISÃO FRONTAL,,0,1,0,0,0,1,0,0,0,1,0,,SUBURBIO,Longo da via,Bom,Não existe,Não existente,Seca,Perfeito estado,Não existe,Não há placas,,Única,Não existe,,,,
2021-10-06,21:44:40,COM VÍTIMA,FINALIZADA,PINA,AV ANTONIO DE GOES,0,,,SEMÁFORO 103,,,,PINA,COLISÃO TRANSVERSAL,,1,1,0,0,0,0,0,0,0,1,0,103,CIDADE,Cruzamento,Bom,Sem defeito,Perfeito estado,Seca,Perfeito estado,Faixa de pedestre,,,Dupla,Faixa contínua,Faixa seccionada,Canteiro central,,
2021-10-07,07:24:00,COM VÍTIMA,FINALIZADA,CAMPO GRANDE,RUA MARQUES DE ABRANTES,3,127,RUA BARAO DE VERA CRUZ,PROX. A RESTAURANTE VENTURA,,,,CAMPO GRANDE,COLISÃO LATERAL,,2,0,0,0,0,0,0,0,0,1,0,,,Cruzamento,Bom,Não existe,Não existente,Seca,Perfeito estado,Não existe,Não há placas,,Única,Não existe,,,,
2021-10-07,09:30:00,COM VÍTIMA,FINALIZADA,AGUA FRIA,RUA SAO SEBASTIAO,3,352,,EM FRENTE A IGREJA ADVENTISTA,,,,ÁGUA FRIA,COLISÃO LATERAL,,2,0,0,0,0,0,0,0,0,1,0,,BOMBA DO HEMITERIO,Longo da via,Bom,Não existe,Perfeito estado,Seca,Perfeito estado,Não existe,Outras,30 km/h,Dupla,Faixa seccionada,,,,
2021-10-07,11:15:00,COM VÍTIMA,FINALIZADA,BOA VIAGEM,RUA SA E SOUZA,3,480,RUA BALTAZAR PASSOS,POSTO N° BOO8019,,,,BOA VIAGEM,COLISÃO FRONTAL,,2,0,0,0,0,0,0,0,0,1,0,,CIDADE,Cruzamento,Bom,Não existe,Perfeito estado,Seca,Perfeito estado,Não existe,Placas Pare,,Dupla,Faixa seccionada,,,,
2021-10-07,17:41:00,COM VÍTIMA,FINALIZADA,MADALENA,RUA DEMOCRITO DE SOUZA FILHO,3,452,RUA PROFESSOR JOSE TORRES PIRES,EM FRENTE A GARDEU,,,,MADALENA,COLISÃO TRANSVERSAL,,1,1,0,0,0,0,0,0,0,1,0,,,Cruzamento,Bom,Não existe,Perfeito estado,Seca,Perfeito estado,Não existe,,,Única,Não existe,,,,
2021-10-07,18:17:00,COM VÍTIMA,FINALIZADA,ENCRUZILHADA,RUA DA CORAGEM,3,125,RUA DONA JULIETA,PARALELA E ESTRADA DE BELEM,,,,ENCRUZILHADA,COLISÃO TRANSVERSAL,,1,1,0,0,0,0,0,0,0,1,0,,,Cruzamento,Bom,Não existe,Perfeito estado,Seca,Perfeito estado,Não existe,Placas Pare,30 km/h,,Faixa seccionada,,,,
2021-10-07,19:38:00,COM VÍTIMA,FINALIZADA,RECIFE,AV ALFREDO LISBOA,0,,,EM FRENTE A TORRE MALAKOFF,,,,BAIRRO DO RECIFE,COLISÃO TRANSVERSAL,,1,1,0,0,0,0,0,0,0,1,0,,SUBURBIO,Longo da via,Bom,Sem defeito,Perfeito estado,Seca,,Faixa de pedestre,Outras,,Única,Faixa seccionada,,,,
2021-10-08,08:43:00,COM VÍTIMA,FINALIZADA,SANTO ANTONIO,AV DANTAS BARRETO,3,653,,,,,,SANTO ANTÔNIO,ATROPELAMENTO DE PESSOA,,0,1,0,0,1,0,0,0,0,1,0,,SUBURBIO,Longo da via,Bom,Não existe,Perfeito estado,Seca,Perfeito estado,Não existe,Não há placas,30 km/h,Única,,,,,
2021-10-08,11:04:00,COM VÍTIMA,FINALIZADA,TEJIPIO,AV DR JOSE RUFINO,4,1271,,FARMÁCIA TRABALHOR DE PERNAMBUCO,,,,TEJIPIÓ,ATROPELAMENTO DE PESSOA,,0,1,0,0,1,0,0,0,0,1,0,,SUBURBIO,Longo da via,Bom,Não existe,Incompleta,Seca,Perfeito estado,Não existe,R-6a,,Dupla,Não existe,,,,
2021-10-08,13:42:00,COM VÍTIMA,FINALIZADA,DOIS IRMAOS,RUA RIBEIRO PESSOA,0,,,AO LADO DA UNIDADE HOSPITAL UPA CAXANGÁ,,,,DOIS IRMÃOS,COLISÃO TRASEIRA,,1,1,0,0,0,0,0,0,0,1,0,281,CIDADE,Longo da via,Bom,Sem defeito,Perfeito estado,Seca,Perfeito estado,Agente,Outras,40 km/h,Dupla,Faixa contínua,,,,
2021-10-08,17:23:00,VÍTIMA FATAL,FINALIZADA,ARRUDA,AV BEBERIBE,3,690,,DISNOVE VEICULO,,,,ARRUDA,CHOQUE,,0,0,0,0,0,1,0,0,0,0,1,,SUBURBIO,Longo da via,Bom,Não existe,Perfeito estado,Seca,Perfeito estado,Não existe,Outras,,Dupla,Não existe,,,,
2021-10-08,17:47:00,COM VÍTIMA,FINALIZADA,SANTO AMARO,AV NORTE MIGUEL ARRAES DE ALENCAR,3,876,AV CRUZ CABUGA,LADO OPOSTO AO CEMITÉRIO DOS INGLESES,,,,SANTO AMARO,COLISÃO FRONTAL,,1,1,0,0,0,0,0,0,0,2,0,34,CIDADE,Cruzamento,Bom,Sem defeito,Perfeito estado,Seca,Perfeito estado,Faixa de pedestre,Não há placas,60 km/h,Dupla,Canteiro central,,,,
2021-10-08,20:55:40,COM VÍTIMA,FINALIZADA,AREIAS,AV DR JOSE RUFINO,3,809,,EM FRENTE A BRINK KIDS,,,,AREIAS,COLISÃO FRONTAL,,1,1,0,0,0,0,0,0,0,1,0,,CIDADE,Longo da via,Bom,Não existe,Não existente,Seca,Perfeito estado,Não existe,Não há placas,,Dupla,Faixa contínua,,,,
2021-10-09,01:20:00,COM VÍTIMA,FINALIZADA,SANTO AMARO,AV GOVERNADOR AGAMENON MAGALHAES,0,,RUA ODORICO MENDES,,,,,SANTO AMARO,COLISÃO COM CICLISTA,,0,0,0,1,0,0,0,0,0,1,0,49,SUBURBIO,Cruzamento,Bom,Sem defeito,Perfeito estado,Seca,Perfeito estado,Faixa de pedestre,Outras,60 km/h,Dupla,Faixa contínua,Faixa seccionada,Canteiro central,,
2021-10-09,15:29:00,COM VÍTIMA,FINALIZADA,SAN MARTIN,RUA APULCRO DE ASSUNCAO,2,61,RUA EDUARDO DE ANDRADE,PROXIMO AO RESTAURANTE PASSIRA,,,,SAN MARTIN,COLISÃO TRANSVERSAL,,1,1,0,0,0,0,0,0,0,1,0,,SUBURBIO,Longo da via,Bom,Não existe,Não existente,Seca,Mal conservada,Não existe,Não há placas,,Dupla,Não existe,,,,
2021-10-10,15:11:00,COM VÍTIMA,FINALIZADA,IPSEP,RUA JEAN EMILE FAVRE,4,1131,RUA FRANCISCO BARRETO,EM FRENTE A PÃO NORTE N° 1131,,,,IPSEP,COLISÃO TRANSVERSAL,,1,1,0,0,0,0,0,0,0,1,0,527,CIDADE,Longo da via,Bom,Sem defeito,Perfeito estado,Seca,Perfeito estado,Faixa de pedestre,Outras,60 km/h,Dupla,Faixa contínua,Faixa seccionada,,,
2021-10-10,22:43:40,COM VÍTIMA,FINALIZADA,DOIS UNIDOS,AV CHAGAS FERREIRA,3,641,RUA LEONCIO RODRIGUES,AO LADO DO HOTEL SECULO XX,,,,DOIS UNIDOS,COLISÃO FRONTAL,,0,2,0,0,0,0,0,0,0,2,0,,SUBURBIO,Longo da via,Bom,Não existe,Incompleta,Seca,Perfeito estado,Não existe,Não há placas,,Dupla,Não existe,,,,
2021-10-11,09:38:00,COM VÍTIMA,FINALIZADA,BOA VISTA,RUA GERVASIO PIRES,3,265,,,,,,BOA VISTA,ATROPELAMENTO DE PESSOA,,0,1,0,0,1,0,0,0,0,1,0,,SUBURBIO,Longo da via,Bom,,Perfeito estado,Seca,Perfeito estado,Não existe,R-6a,,Única,,,,,
2021-10-11,09:41:00,COM VÍTIMA,FINALIZADA,DERBY,AV GOVERNADOR AGAMENON MAGALHAES,0,,RUA HENRIQUE DIAS,SENTIDO BOA VIAGEM,,,,DERBY,COLISÃO TRANSVERSAL,,0,2,0,0,0,0,0,0,0,2,0,68,CIDADE,Cruzamento,Bom,Sem defeito,Perfeito estado,Seca,Perfeito estado,Faixa de pedestre,R-4a,60 km/h,Dupla,Faixa contínua,,,,
2021-10-11,09:52:00,COM VÍTIMA,FINALIZADA,JORDAO,AV MARIA IRENE,3,261,,MARTELINHO DE OURO AUTO CRUZ,,,,JORDÃO,COLISÃO FRONTAL,,1,1,0,0,0,0,0,0,0,1,0,,SUBURBIO,Longo da via,Bom,Não existe,Perfeito estado,Seca,Perfeito estado,Não existe,Não há placas,,Dupla,Faixa contínua,,,,
2021-10-11,12:05:00,COM VÍTIMA,FINALIZADA,VARZEA,RUA GENERAL POLIDORO,3,851,,,,,,VÁRZEA,ATROPELAMENTO DE PESSOA,,1,0,0,0,1,0,0,0,0,1,0,,SUBURBIO,Longo da via,Bom,Não existe,Incompleta,Seca,Perfeito estado,,Outras,30 km/h,Dupla,Não existe,,,,
2021-10-11,14:39:00,COM VÍTIMA,FINALIZADA,IMBIRIBEIRA,AV PRESIDENTE DUTRA,0,,,SOBRE O VIADUTO TANCREDO NEVES,,,,IMBIRIBEIRA,COLISÃO COM CICLISTA,,1,0,0,1,0,0,0,0,0,1,0,,CAXANGÁ,Longo da via,Bom,Não existe,Perfeito estado,Seca,Perfeito estado,Não existe,R-26,,Única,Faixa contínua,,,,
2021-10-11,15:04:00,COM VÍTIMA,FINALIZADA,MADALENA,AV JOSE GONCALVES DE MEDEIROS,3,715,,AO LADO DA MCDONALDS,,,,MADALENA,COLISÃO TRANSVERSAL,,1,1,0,0,0,0,0,0,0,1,0,,CIDADE,Longo da via,Bom,Não existe,Perfeito estado,Seca,Perfeito estado,Não existe,Não há placas,,Dupla,Faixa contínua,,,,
2021-10-11,16:39:00,COM VÍTIMA,FINALIZADA,AGUA FRIA,AV BEBERIBE,0,,RUA DA REGENERACAO,NO SEMFORO 187 VT  04 NO LOCAL,,,,ÁGUA FRIA,ATROPELAMENTO DE PESSOA,,1,0,0,0,1,0,0,0,0,1,0,187,SUBURBIO,Cruzamento,Bom,Sem defeito,Perfeito estado,Seca,Perfeito estado,Faixa de pedestre,R-6a,,Dupla,Faixa contínua,,,,
2021-10-11,20:31:00,COM VÍTIMA,FINALIZADA,PINA,RUA CAPITAO TEMUDO,2,82,,PRÓX A LOMBADA ELETRONICA E E/F A  JBS,,,,PINA,ATROPELAMENTO DE ANIMAL,,1,0,0,0,0,0,0,0,0,1,0,,,,,,,,,,,,,,,,,
2021-10-11,21:38:40,COM VÍTIMA,FINALIZADA,BOA VISTA,AV MANOEL BORBA,3,454,,EM FRENTE AO HAPVIDA VASCO LUCENA,,,,BOA VISTA,COLISÃO TRASEIRA,,1,1,0,0,0,0,0,0,0,1,0,,SUBURBIO,Longo da via,Bom,Não existe,Perfeito estado,Seca,Perfeito estado,Não existe,R-6a,,Única,Faixa seccionada,,,,
2021-10-12,09:32:00,COM VÍTIMA,FINALIZADA,TAMARINEIRA,AV PROFESSOR JOSE DOS ANJOS,0,,RUA MARIO BHERING,PROX DENOX,,,,TAMARINEIRA,COLISÃO TRANSVERSAL,,1,1,0,0,0,0,0,0,0,1,0,,SUBURBIO,Esquina,Bom,Não existe,Perfeito estado,Seca,Perfeito estado,Faixa de pedestre,R-6a,60 km/h,Única,Faixa contínua,Faixa seccionada,Canal,,
2021-10-12,10:44:00,COM VÍTIMA,FINALIZADA,ENCRUZILHADA,AV NORTE MIGUEL ARRAES DE ALENCAR,4,2981,,EM FRENTE A ACADEMIA MATCH  SENT. CIDADE,,,,ENCRUZILHADA,ATROPELAMENTO DE PESSOA,,0,1,0,0,1,0,0,0,0,1,0,,CIDADE,Longo da via,Bom,Não existe,,Seca,Mal conservada,Faixa de pedestre,Outras,,Dupla,Faixa seccionada,,,,
2021-10-12,18:56:00,COM VÍTIMA,FINALIZADA,CASA AMARELA,EST DO ARRAIAL,4,3310,RUA BELA VISTA,E/F A PIZZARIA CANDELABRO,,,,CASA AMARELA,COLISÃO FRONTAL,,1,1,0,0,0,0,0,0,0,1,0,,SUBURBIO,Cruzamento,Bom,Não existe,Perfeito estado,Seca,Perfeito estado,,Não há placas,40 km/h,Única,Faixa seccionada,,,,
2021-10-13,07:43:00,COM VÍTIMA,FINALIZADA,CASA FORTE,PRC DE CASA FORTE,3,482,,FRENTE A PRAÇÃ DE CASA FORTE,,,,CASA FORTE,COLISÃO COM CICLISTA,,1,0,0,1,0,0,0,0,0,1,0,,CIDADE,Longo da via,Bom,Não existe,Perfeito estado,Seca,Perfeito estado,Faixa de pedestre,Outras,,Única,,,,,
2021-10-13,13:26:00,COM VÍTIMA,FINALIZADA,IMBIRIBEIRA,AV MARECHAL MASCARENHAS DE MORAES,0,,,LADO OPOSTO AO POSTE BO50133,,,,IMBIRIBEIRA,ATROPELAMENTO DE PESSOA,,1,0,0,0,1,0,0,0,0,1,0,,SUBURBIO,Longo da via,Bom,Não existe,Perfeito estado,Seca,Perfeito estado,Não existe,Não há placas,60 km/h,Dupla,Canteiro central,,,,
2021-10-13,14:24:00,COM VÍTIMA,FINALIZADA,BOA VIAGEM,RUA BARAO DE SOUZA LEAO,0,,AV DES JOSE NEVES,PROX AO SUPERMERCADO TREVO  NO SEMAFORO  476,,,,BOA VIAGEM,COLISÃO TRANSVERSAL,,1,1,0,0,0,0,0,0,0,1,0,476,CIDADE,Cruzamento,Bom,Sem defeito,Perfeito estado,Seca,Perfeito estado,Faixa de pedestre,Outras,,Única,Canal,,,,
2021-10-13,19:17:00,COM VÍTIMA,FINALIZADA,IBURA,AV DOIS RIOS,3,423,,SEMÁFORO 594 / E/F A UPINHA,,,,IBURA,COLISÃO FRONTAL,,1,1,0,0,0,0,0,0,0,2,0,594,SUBURBIO,Longo da via,Bom,Sem defeito,Perfeito estado,Seca,Perfeito estado,Faixa de pedestre,R-6a,,Dupla,Faixa contínua,,,,
2021-10-13,20:38:00,COM VÍTIMA,FINALIZADA,AREIAS,RUA AURORA CACOTE,3,143,,PROX AO BOI QUENTE,,,,AREIAS,COLISÃO FRONTAL,,0,2,0,0,0,0,0,0,0,1,0,,,,,,,,,,,,,,,,,
2021-10-13,20:40:40,COM VÍTIMA,FINALIZADA,AREIAS,AV RECIFE,0,,,VIADUTO DA AV RECIFE/ ARMAZEM CORAL,,,,AREIAS,COLISÃO FRONTAL,,0,2,0,0,0,0,0,0,0,1,0,,SUBURBIO,Longo da via,Bom,Não existe,Perfeito estado,Seca,Perfeito estado,Não existe,Não há placas,,Única,Faixa seccionada,,,,
2021-10-13,20:45:40,VÍTIMA FATAL,FINALIZADA,SAO JOSE,PTE JOSE DE BARROS LIMA,0,,,APÓS A PASSARELA EM FRENTE A PRAÇA DA JOANA BEZERRA,,,,SÃO JOSÉ,ATROPELAMENTO DE PESSOA,,1,0,0,0,1,0,0,0,0,0,1,,BOA VIAGEM,Longo da via,Bom,Não existe,Perfeito estado,Seca,Perfeito estado,Não existe,Não há placas,,Dupla,Canteiro central,,,,
2021-10-14,02:21:00,COM VÍTIMA,FINALIZADA,BONGI,AV ENGENHEIRO ABDIAS DE CARVALHO,0,,,PROXIMO AO ATACAREJO,,,,BONGI,CHOQUE,,1,0,0,0,0,0,0,0,0,1,0,687,SUBURBIO,Longo da via,Bom,Sem defeito,Perfeito estado,Seca,Perfeito estado,Faixa de pedestre,R-6a,60 km/h,Dupla,Canteiro central,,,,
2021-10-14,10:28:00,COM VÍTIMA,FINALIZADA,SANTO AMARO,AV NORTE MIGUEL ARRAES DE ALENCAR,0,,RUA DA AURORA,AO LADO DO HOSPITAL DE CAMPANHA COVID,,,,SANTO AMARO,COLISÃO TRASEIRA,,1,0,0,0,0,0,1,0,0,1,0,243,CIDADE,Longo da via,Bom,Sem defeito,Perfeito estado,Seca,Perfeito estado,Faixa de pedestre,Não há placas,,Única,Canteiro central,,,,
2021-10-14,12:22:00,COM VÍTIMA,FINALIZADA,IBURA,AV DOIS RIOS,0,,,HOTEL MALICE,,,,IBURA,COLISÃO FRONTAL,,1,1,0,0,0,0,0,0,0,1,0,,CIDADE,Longo da via,Bom,Não existe,Não existente,Seca,Perfeito estado,Não existe,Não há placas,,Dupla,Não existe,,,,
2021-10-08,07:50:00,COM VÍTIMA,FINALIZADA,IBURA,RUA RIO TAPADO,2,71,AV DOIS RIOS,,,,,IBURA,COLISÃO LATERAL,,0,1,0,0,0,0,1,0,0,2,0,,SUBURBIO,Longo da via,Bom,Sem defeito,Não existente,Seca,Perfeito estado,Outros,Não há placas,,Dupla,Não existe,,,,
2021-10-14,17:27:00,COM VÍTIMA,FINALIZADA,RECIFE,C DO APOLO,0,,PTE CONDE MAURICIO DE NASSAU,EM FRENTE AO BANCO SANTANDER,,,,BAIRRO DO RECIFE,ATROPELAMENTO DE PESSOA,,0,0,0,0,1,1,0,0,0,1,0,,SUBURBIO,Longo da via,Bom,Não existe,Perfeito estado,Seca,Perfeito estado,Não existe,Não há placas,,Única,Faixa seccionada,,,,