data,hora,natureza_acidente,situacao,bairro,endereco,,numero,detalhe_endereco_acidente,complemento,endereco_cruzamento,numero_cruzamento,referencia_cruzamento,bairro_cruzamento,tipo,descricao,auto,moto,ciclom,ciclista,pedestre,onibus,caminhao,viatura,outros,vitimas,vitimasfatais,num_semaforo,sentido_via,acidente_verificado,tempo_clima,situacao_semaforo,sinalizacao,condicao_via,conservacao_via,ponto_controle,situacao_placa,velocidade_max_via,mao_direcao,divisao_via1,divisao_via2,divisao_via3,_id,Protocolo
2021-10-15,10:24:00,COM VÍTIMA,FINALIZADA,VARZEA,RUA GENERAL POLIDORO,0,,RUA ABATIA,NO SEMAFORO 577,,,,VÁRZEA,COLISÃO FRONTAL,,0,1,0,0,0,0,1,0,0,2,0,577,SUBURBIO,Cruzamento,Bom,Sem defeito,Perfeito estado,Seca,Perfeito estado,Faixa de pedestre,Não há placas,40 km/h,,Faixa contínua,,,,
2021-10-15,10:59:00,COM VÍTIMA,FINALIZADA,BOA VISTA,AV GOVERNADOR AGAMENON MAGALHAES,0,,RUA JOAQUIM NABUCO,,,,,BOA VISTA,COLISÃO TRANSVERSAL,,1,1,0,0,0,0,0,0,0,2,0,174,SUBURBIO,Cruzamento,Bom,Sem defeito,Perfeito estado,Seca,Perfeito estado,Faixa de pedestre,Outras,60 km/h,Dupla,Canteiro central,,,,
2021-10-15,14:18:00,COM VÍTIMA,FINALIZADA,ALTO SANTA TEREZINHA,AV ANIBAL BENEVOLO,3,274,,EM FRENTE AO ESTACIONAMENTO DO CLUBE BELA VISTA,,,,ALTO SANTA TERESINHA,COLISÃO FRONTAL,,1,1,0,0,0,0,0,0,0,1,0,,URIEL DE HOLANDA,Longo da via,Bom,Não existe,Incompleta,Seca,Perfeito estado,Não existe,R-6a,,Dupla,Não existe,,,,
2021-10-15,14:49:00,COM VÍTIMA,FINALIZADA,BOA VIAGEM,RUA PADRE BERNADINO PESSOA,3,690,RUA MINISTRO NELSON HUNGRIA,COLÉGIO SANTA MARIA,,,,BOA VIAGEM,COLISÃO TRANSVERSAL,,1,1,0,0,0,0,0,0,0,1,0,,SUBURBIO,Cruzamento,Bom,Não existe,Incompleta,Seca,Perfeito estado,Faixa de pedestre,Não há placas,,Única,Não existe,,,,
2021-10-15,20:46:40,COM VÍTIMA,FINALIZADA,CASA FORTE,RUA MARECHAL RONDON,4,1284,RUA MARECHAL RONDON,PROX A CASA DE FESTA ESTRIPULIA,,,,CASA FORTE,COLISÃO FRONTAL,,1,1,0,0,0,0,0,0,0,1,0,,CIDADE,Cruzamento,Bom,Não existe,Perfeito estado,Seca,Perfeito estado,Outros,Placas Pare,,Única,Faixa contínua,,,,
2021-10-15,21:00:40,COM VÍTIMA,FINALIZADA,IMBIRIBEIRA,RUA ARQUITETO LUIZ NUNES,4,1815,,PROX AO SUPERMECADO AÇAI,,,,IMBIRIBEIRA,COLISÃO COM CICLISTA,,1,0,0,2,0,0,0,0,0,2,0,635,CIDADE,Longo da via,Bom,Sem defeito,Perfeito estado,Seca,,Não existe,R-6a,40 km/h,Dupla,Não existe,,,,
2021-10-16,06:06:00,COM VÍTIMA,FINALIZADA,VARZEA,RUA ACADEMICO HELIO RAMOS,3,240,AV PROFESSOR LUIZ FREIRE,AO LADO DA ESCOLA MUNICIPAL PROFESSOR PAULO ROSAS,,,,VÁRZEA,COLISÃO FRONTAL,,0,1,0,0,0,1,0,0,0,1,0,,VARZEA,Esquina,Bom,Não existe,Incompleta,Seca,Perfeito estado,Não existe,Outras,30 km/h,Dupla,Não existe,,,,
2021-10-16,06:59:00,COM VÍTIMA,FINALIZADA,TEJIPIO,RUA FALCAO DE LACERDA,3,210,,OPOSTO A IGREJA ASSEMBLEIA DE DEUS,,,,TEJIPIÓ,CHOQUE,,1,1,0,0,0,0,0,0,0,1,0,,SUBURBIO,Longo da via,Bom,Não existe,Não existente,Seca,Perfeito estado,Não existe,Não há placas,,Dupla,Não existe,,,,
2021-10-16,12:26:00,COM VÍTIMA,FINALIZADA,ILHA DO RETIRO,RUA JOAO IVO DA SILVA,3,120,RUA PADRE TEOFILO TWORZ,SOB O SEMÁFORO,,,,ILHA DO RETIRO,COLISÃO FRONTAL,,1,1,0,0,0,0,0,0,0,1,0,503,SUBURBIO,Cruzamento,Bom,Sem defeito,Incompleta,Seca,Perfeito estado,Outros,Não há placas,50 km/h,Única,Não existe,,,,
2021-10-16,12:47:00,COM VÍTIMA,FINALIZADA,ILHA DO RETIRO,EST DOS REMEDIOS,0,,TRV PADRE TEOFILO TWORZ,AO LADO DA HYUNDAI,,,,ILHA DO RETIRO,COLISÃO FRONTAL,,1,1,0,0,0,0,0,0,0,1,0,,AFOGADOS,Cruzamento,Bom,Sem defeito,Incompleta,Seca,Perfeito estado,Não existe,Outras,,Única,Não existe,,,,
2021-10-16,21:57:40,COM VÍTIMA,FINALIZADA,TOTO,AV LIBERDADE,4,1427,,EM FRENTE AO PRESIDIO ANIBAL BRUNO,,,,TOTÓ,COLISÃO COM CICLISTA,,0,0,0,1,0,1,0,0,0,1,0,,CIDADE,Longo da via,Chuvoso,Não existe,Ilegível,Seca,Perfeito estado,Não existe,Outras,,Dupla,Faixa contínua,,,,
2021-10-17,07:12:00,COM VÍTIMA,FINALIZADA,CAMPO GRANDE,EST DE BELEM,0,,RUA JERONIMO VILELA,EM FRENTE A ESCOLA JESUS CRUCIFICADO,,,,CAMPO GRANDE,COLISÃO TRANSVERSAL,,1,1,0,0,0,0,0,0,0,2,0,26,CIDADE,Cruzamento,Bom,Sem defeito,Perfeito estado,Seca,Perfeito estado,Faixa de pedestre,R-4a,,Dupla,Não existe,,,,
2021-10-17,08:42:00,COM VÍTIMA,FINALIZADA,BOA VIAGEM,RUA DES JOAO PAES,4,1000,RUA CORONEL ANIZIO RODRIGUES COELHO,AO LADO DO N° 618,,,,BOA VIAGEM,COLISÃO FRONTAL,,1,1,0,0,0,0,0,0,0,1,0,,ÚNICO,Longo da via,Bom,Não existe,Perfeito estado,Seca,Perfeito estado,Faixa de pedestre,Placas Pare,,Única,Não existe,,,,
2021-10-17,13:21:00,COM VÍTIMA,FINALIZADA,HIPODROMO,RUA FONSECA OLIVEIRA,3,398,,PROX A PRAÇA DO HIPODROMO E/F AO EDF RIO JURUÁ,,,,HIPÓDROMO,COLISÃO TRANSVERSAL,,1,1,0,0,0,0,0,0,0,1,0,,SUBURBIO,Longo da via,Bom,Não existe,Perfeito estado,Seca,Mal conservada,Não existe,Outras,,Dupla,Faixa seccionada,,,,
2021-10-17,14:29:00,COM VÍTIMA,FINALIZADA,SANTO ANTONIO,RUA DA AURORA,0,,RUA PRINCESA IZABEL,EM FRENTE A POLICIA CIVIL,,,,SANTO ANTÔNIO,COLISÃO TRANSVERSAL,,1,1,0,0,0,0,0,0,0,1,0,22,SUBURBIO,Cruzamento,Bom,Sem defeito,Perfeito estado,Seca,Perfeito estado,Faixa de pedestre,Outras,,Única,Faixa contínua,,,,
2021-10-17,15:24:00,COM VÍTIMA,FINALIZADA,BOA VIAGEM,AV ENGENHEIRO DOMINGOS FERREIRA,3,300,RUA BRUNO VELOSO,ESCOLA MUNICIPAL DO LEÃO,,,,BOA VIAGEM,COLISÃO FRONTAL,,1,1,0,0,0,0,0,0,0,1,0,338,SUBURBIO,Cruzamento,Bom,Sem defeito,Perfeito estado,Seca,Perfeito estado,Faixa de pedestre,Não há placas,,,,,,,
2021-10-17,18:37:00,COM VÍTIMA,FINALIZADA,IMBIRIBEIRA,AV GENERAL MAC ARTHUR,3,426,RUA MONSENHOR TABOSA,ZUMA AUTO,,,,IMBIRIBEIRA,COLISÃO COM CICLISTA,,1,0,0,1,0,0,0,0,0,2,0,,CIDADE,Longo da via,Bom,Não existe,Perfeito estado,Seca,Perfeito estado,,Placas Pare,40 km/h,Única,,,,,
2021-10-17,19:59:00,COM VÍTIMA,FINALIZADA,ARRUDA,RUA COUTO MAGALHAES,2,41,AV BEBERIBE,APÓS O SEMÁFORO N° 63,,,,ARRUDA,COLISÃO FRONTAL,,1,1,0,0,0,0,0,0,0,1,0,63,SUBURBIO,Longo da via,Bom,Sem defeito,Perfeito estado,Seca,Perfeito estado,Não existe,Não há placas,40 km/h,Dupla,Faixa contínua,Faixa seccionada,,,
2021-10-18,09:26:00,COM VÍTIMA,FINALIZADA,ILHA DO RETIRO,AV SPORT CLUBE DO RECIFE,0,,TUNEL CHICO SCIENCE,TÚNEL CHICO SCIENCE,,,,ILHA DO RETIRO,COLISÃO FRONTAL,,1,1,0,0,0,0,0,0,0,1,0,,CIDADE,Outros,Bom,Não existe,Perfeito estado,Seca,Perfeito estado,Não existe,Não há placas,,Única,Faixa contínua,,,,
2021-10-18,09:32:00,COM VÍTIMA,FINALIZADA,TORROES,AV ENGENHEIRO ABDIAS DE CARVALHO,4,1300,,LADO OPOSTO AO N° 3068,,,,TORRÕES,COLISÃO FRONTAL,,1,1,0,0,0,0,0,0,0,1,0,272,CIDADE,Longo da via,Bom,Sem defeito,Perfeito estado,Seca,Perfeito estado,Não existe,R-19,60 km/h,Dupla,Canteiro central,,,,
2021-10-18,13:01:00,COM VÍTIMA,FINALIZADA,SANTO AMARO,AV VISCONDE DE SUASSUNA,3,639,,EM FRENTE A URBANO VITALINO ADVOGADOS,,,,SANTO AMARO,COLISÃO TRASEIRA,,1,1,0,0,0,0,0,0,0,2,0,,SUBURBIO,Longo da via,Bom,Não existe,Perfeito estado,Seca,Perfeito estado,Não existe,R-6a,,Única,Faixa seccionada,,,,
2021-10-18,17:31:00,COM VÍTIMA,FINALIZADA,CORDEIRO,RUA QUATA,2,79,,EM FRENTE AO N° 79,,,,CORDEIRO,CHOQUE,,2,0,0,0,0,0,0,0,0,1,0,,SUBURBIO,Longo da via,Bom,Não existe,Perfeito estado,Seca,Perfeito estado,Não existe,Não há placas,,Dupla,Não existe,,,,
2021-10-18,19:44:00,COM VÍTIMA,FINALIZADA,COQUEIRAL,AV DR JOSE RUFINO,3,429,RUA PAPA JOAO VINTE E TRES,PADARIA FÁBRICA,,,,COQUEIRAL,COLISÃO FRONTAL,,0,0,0,0,0,0,0,0,0,1,0,285,,Outros,Bom,Sem defeito,Ilegível,Seca,Mal iluminada,Outros,Outras,60 km/h,Dupla,Não existe,,,,
2021-10-19,00:53:00,COM VÍTIMA,FINALIZADA,IPUTINGA,AV CAXANGA,0,,EST DO BARBALHO,EM FRENTE AO BIG BOM PREÇO,,,,IPUTINGA,COLISÃO TRASEIRA,,0,1,0,0,0,0,0,0,0,2,0,,SUBURBIO,Longo da via,Bom,Não existe,Perfeito estado,Seca,Perfeito estado,Não existe,Outras,,Dupla,Canteiro central,,,,
2021-10-19,14:24:00,COM VÍTIMA,FINALIZADA,SANTO AMARO,AV CRUZ CABUGA,0,,RUA FREI CASSIMIRO,SENAI,,,,SANTO AMARO,COLISÃO TRANSVERSAL,,1,1,0,0,0,0,0,0,0,1,0,,,Cruzamento,Bom,Não existe,Perfeito estado,Seca,Perfeito estado,Faixa de pedestre,R-6a,,Dupla,Faixa contínua,,,,
2021-10-19,14:32:00,COM VÍTIMA,FINALIZADA,IPSEP,AV RECIFE,4,1407,,EM FRENTE A CARLOS FILMS EQUIPADORA,,,,IPSEP,COLISÃO TRASEIRA,,1,1,0,0,0,0,0,0,0,2,0,319,SUBURBIO,Longo da via,Bom,Sem defeito,Perfeito estado,Seca,Perfeito estado,Faixa de pedestre,,,Dupla,Faixa contínua,Canteiro central,,,
2021-10-19,15:34:00,COM VÍTIMA,FINALIZADA,CORDEIRO,AV GENERAL SAN MARTIN,0,,RUA GOMES TABORDA,AV GENERAL SAN MARTIN,,,,CORDEIRO,ATROPELAMENTO DE PESSOA,,1,0,0,0,1,0,0,0,0,1,0,67,SUBURBIO,Cruzamento,Bom,Sem defeito,Perfeito estado,Seca,Perfeito estado,Faixa de pedestre,Não há placas,40 km/h,Dupla,Faixa contínua,,,,
2021-10-20,07:43:00,COM VÍTIMA,FINALIZADA,PINA,AV BOA VIAGEM,3,420,,EM FRENTE AO TRANSAMERICA PRESTIGE BEACH CLASS,,,,PINA,COLISÃO FRONTAL,,1,1,0,0,0,0,0,0,0,2,0,,CIDADE,Longo da via,Bom,Sem defeito,Perfeito estado,Seca,Perfeito estado,Faixa de retenção,Não há placas,60 km/h,Única,Faixa seccionada,,,,
2021-10-20,08:17:00,COM VÍTIMA,FINALIZADA,BOA VIAGEM,AV ENGENHEIRO DOMINGOS FERREIRA,0,,RUA PROFESSOR JOSE BRANDAO,E/F A FARMACIA INDEPENDENTE,,,,BOA VIAGEM,COLISÃO TRASEIRA,,1,1,0,0,0,0,0,0,0,1,0,550,,Cruzamento,Bom,Sem defeito,Perfeito estado,Seca,Perfeito estado,Faixa de pedestre,Não há placas,,Única,Faixa contínua,,,,
2021-10-20,12:50:00,COM VÍTIMA,FINALIZADA,BOA VISTA,RUA GERVASIO PIRES,3,418,,AO LADO DO POSTE BO26003,,,,BOA VISTA,COLISÃO FRONTAL,,1,1,0,0,0,0,0,0,0,2,0,,SUBURBIO,Longo da via,Bom,Não existe,Perfeito estado,Seca,Perfeito estado,Não existe,R-6a,,Única,Não existe,,,,
2021-10-20,14:29:00,COM VÍTIMA,FINALIZADA,BOA VIAGEM,AV ENGENHEIRO DOMINGOS FERREIRA,2,11,,E/F A  CELPE,,,,BOA VIAGEM,COLISÃO TRASEIRA,,2,1,0,0,0,0,0,0,0,1,0,,SUBURBIO,Longo da via,Bom,Não existe,Perfeito estado,Seca,Perfeito estado,Não existe,R-6a,,Única,Faixa contínua,Faixa seccionada,,,
2021-10-21,20:28:00,VÍTIMA FATAL,FINALIZADA,MADALENA,RUA REAL DA TORRE,3,502,,EM FRENTE AO MERCADO DA MADALENA,,,,MADALENA,CHOQUE,,0,1,0,0,0,0,0,0,0,0,1,,AFOGADOS,Longo da via,Bom,Não existe,Perfeito estado,Seca,Perfeito estado,Não existe,Outras,,Única,Faixa seccionada,,,,
2021-10-22,08:25:00,COM VÍTIMA,FINALIZADA,ENCRUZILHADA,AV NORTE MIGUEL ARRAES DE ALENCAR,4,2459,,LADO OPOSTO AO T2 VEICULOS,,,,ENCRUZILHADA,ATROPELAMENTO DE PESSOA,,0,1,0,0,1,0,0,0,0,1,0,,CIDADE,Longo da via,Bom,Não existe,Ilegível,Seca,Perfeito estado,Outros,Outras,,Dupla,Faixa seccionada,Canteiro central,,,
2021-10-22,08:35:00,COM VÍTIMA,FINALIZADA,BOA VISTA,RUA DO HOSPICIO,0,,RUA PRINCESA IZABEL,EM FRENTE A CAMARA DOS VEREADORES DE RECIFE,,,,BOA VISTA,COLISÃO FRONTAL,,1,2,0,0,0,0,0,0,0,1,0,31,CIDADE,Cruzamento,Bom,Sem defeito,Perfeito estado,Seca,Perfeito estado,Agente,R-25c,40 km/h,Única,Faixa contínua,,,,
2021-10-22,09:31:00,COM VÍTIMA,FINALIZADA,TORROES,AV ENGENHEIRO ABDIAS DE CARVALHO,4,2926,,EM FRENTE MARMOARIA AQUIPEDRAS,,,,TORRÕES,COLISÃO TRASEIRA,,1,1,0,0,0,0,0,0,0,1,0,,CIDADE,Longo da via,Bom,Sem defeito,Perfeito estado,Seca,Perfeito estado,Faixa de pedestre,R-6a,60 km/h,Dupla,Faixa contínua,Canteiro central,,,
2021-10-22,10:13:00,COM VÍTIMA,FINALIZADA,MADALENA,RUA REAL DA TORRE,3,255,,AO LADO DA ESCOLA DE EDUCADORES DO RECIFE,,,,MADALENA,ATROPELAMENTO DE PESSOA,,1,0,0,0,1,0,0,0,0,1,0,,,Longo da via,Bom,Sem defeito,Perfeito estado,Seca,Perfeito estado,Não existe,Não há placas,50 km/h,Única,Faixa seccionada,,,,
2021-10-22,10:33:00,COM VÍTIMA,FINALIZADA,BOA VIAGEM,AV CONSELHEIRO AGUIAR,4,1164,,EM FRENTE AO EDIFICIO BELÉM,,,,BOA VIAGEM,COLISÃO FRONTAL,,1,1,0,0,0,0,0,0,0,1,0,,CIDADE,Longo da via,Bom,Não existe,Perfeito estado,Seca,Perfeito estado,Não existe,R-6a,,Única,Faixa contínua,Faixa seccionada,,,
2021-10-22,14:12:00,COM VÍTIMA,FINALIZADA,SAN MARTIN,AV GENERAL SAN MARTIN,4,1670,,EM FRENTE A IGREJA INTERNACIONAL DA GRAÇA,,,,SAN MARTIN,COLISÃO FRONTAL,,1,1,0,0,0,0,0,0,0,2,0,,SUBURBIO,Longo da via,Bom,Não existe,Perfeito estado,Seca,Perfeito estado,Não existe,Não há placas,40 km/h,Dupla,Faixa contínua,Faixa seccionada,,,
2021-10-22,15:54:00,COM VÍTIMA,FINALIZADA,AFOGADOS,RUA QUITERIO INACIO DE MELLO,3,261,RUA CINCO DE NOVEMBRO,IMPORT PNEUS,,,,AFOGADOS,COLISÃO TRANSVERSAL,,0,2,0,0,0,0,0,0,0,1,0,,SUBURBIO,Cruzamento,Bom,Não existe,Perfeito estado,Seca,Perfeito estado,Não existe,Não há placas,,Única,Faixa seccionada,,,,
2021-10-22,17:52:00,COM VÍTIMA,FINALIZADA,BOA VIAGEM,RUA SA E SOUZA,3,218,RUA PADRE CABRAL,E/F A CERPE  LABORATORIO,,,,BOA VIAGEM,COLISÃO TRANSVERSAL,,1,1,0,0,0,0,0,0,0,1,0,,SUBURBIO,Longo da via,Bom,Não existe,Perfeito estado,Seca,Perfeito estado,Não existe,Outras,30 km/h,Dupla,Faixa seccionada,,,,
2021-10-22,18:10:00,COM VÍTIMA,FINALIZADA,AREIAS,AV RECIFE,4,3021,RUA ADOLFO FARO,POSTO FEDERAL,,,,AREIAS,COLISÃO COM CICLISTA,,0,0,0,1,0,0,1,0,0,1,0,,SUBURBIO,Longo da via,Bom,Não existe,Perfeito estado,Seca,Perfeito estado,Não existe,Não há placas,,Dupla,Canteiro central,,,,
2021-10-22,21:07:40,COM VÍTIMA,FINALIZADA,BOA VIAGEM,AV ENGENHEIRO DOMINGOS FERREIRA,0,,,LADO OPOSTO PIZZARIA CAPITÃO GANCHO,,,,BOA VIAGEM,ATROPELAMENTO DE PESSOA,,0,0,1,0,1,0,0,0,0,1,0,,SUBURBIO,Longo da via,Bom,Não existe,Perfeito estado,Seca,Perfeito estado,Não existe,Não há placas,,Única,Faixa seccionada,,,,
2021-10-22,23:23:40,COM VÍTIMA,FINALIZADA,CABANGA,PTE GOVERNADOR PAULO GUERRA,0,,,CURVA DO LARGO DO CABANGA,,,,CABANGA,QUEDA,,0,1,0,0,0,0,0,0,0,1,0,,CIDADE,Viaduto,Bom,Não existe,Perfeito estado,Seca,Perfeito estado,Não existe,Outras,,Dupla,Canteiro central,,,,
2021-10-23,15:20:00,COM VÍTIMA,FINALIZADA,TEJIPIO,AV DR JOSE RUFINO,4,3905,,E/F AO  TERMINAL DE METRO DE TEJIPIO,,,,TEJIPIÓ,COLISÃO TRASEIRA,,1,1,0,0,0,0,0,0,0,1,0,434,CIDADE,Longo da via,Bom,Sem defeito,Perfeito estado,Seca,Perfeito estado,Faixa de retenção,R-6a,,Dupla,Faixa contínua,,,,
2021-10-23,22:00:40,COM VÍTIMA,FINALIZADA,MADALENA,AV JOSE GONCALVES DE MEDEIROS,0,,,E/F ENTRADA DO SUPERMECADO EXTRA,,,,MADALENA,COLISÃO TRANSVERSAL,,1,0,1,0,0,0,0,0,0,1,0,,,Longo da via,Bom,Não existe,Perfeito estado,Seca,Perfeito estado,Não existe,R-6a,60 km/h,Dupla,Faixa contínua,Faixa seccionada,,,
2021-10-24,04:44:00,COM VÍTIMA,FINALIZADA,CAJUEIRO,AV BEBERIBE,0,,,EM FRENTE AO N° 3185,,,,CAJUEIRO,CHOQUE,,1,0,0,0,0,0,0,0,0,1,0,,CIDADE,Longo da via,Bom,Não existe,Incompleta,Seca,Perfeito estado,,Não há placas,50 km/h,Dupla,Canteiro central,,,,
2021-10-24,10:21:00,COM VÍTIMA,FINALIZADA,TEJIPIO,AV DR JOSE RUFINO,4,3843,,SOB SEMÁFORO 497,,,,TEJIPIÓ,COLISÃO FRONTAL,,0,2,0,0,0,0,0,0,0,1,0,497,CIDADE,Longo da via,Bom,Sem defeito,Perfeito estado,Seca,Perfeito estado,Não existe,R-6a,,Dupla,Faixa contínua,,,,
2021-10-24,13:26:00,COM VÍTIMA,FINALIZADA,PINA,AV BRASILIA FORMOSA,0,,,NA PISTA QUE DA ACESSO A ESCULTURA DE BRENNAND,,,,PINA,COLISÃO COM CICLISTA,,0,1,0,1,0,0,0,0,0,1,0,,,Longo da via,Bom,Não existe,Não existente,Seca,Perfeito estado,Não existe,Não há placas,,Dupla,Não existe,,,,
2021-10-24,15:45:00,COM VÍTIMA,FINALIZADA,SANCHO,AV LIBERDADE,3,648,,PIZZARIA E CHURRASCARIA MANÁ,,,,SANCHO,COLISÃO COM CICLISTA,,1,1,0,1,0,0,0,0,0,2,0,,CIDADE,Longo da via,Bom,Não existe,Não existente,Seca,,Não existe,Não há placas,,Dupla,Não existe,,,,
2021-10-25,14:43:00,COM VÍTIMA,FINALIZADA,SANTO AMARO,AV CRUZ CABUGA,0,,AV PREFEITO ARTUR LIMA CAVALCANTI,AO LADO DA SECRETARIA  DE INFRAENSTRUTURA,,,,SANTO AMARO,COLISÃO FRONTAL,,0,1,0,0,0,1,0,0,0,1,0,343,CIDADE,Cruzamento,Bom,Sem defeito,Perfeito estado,Seca,Perfeito estado,Faixa de pedestre,Outras,,Dupla,Faixa contínua,,,,
2021-10-25,15:01:00,COM VÍTIMA,FINALIZADA,SANTO AMARO,AV GOVERNADOR AGAMENON MAGALHAES,0,,,SEMÁFORO 378,,,,SANTO AMARO,ATROPELAMENTO DE PESSOA,,0,0,0,0,1,1,0,0,0,1,0,378,SUBURBIO,Longo da via,Bom,Sem defeito,Perfeito estado,Seca,Perfeito estado,Faixa de pedestre,R-6a,60 km/h,Dupla,Faixa seccionada,Canteiro central,,,
2021-10-25,17:51:00,COM VÍTIMA,FINALIZADA,IMBIRIBEIRA,AV MARECHAL MASCARENHAS DE MORAES,4,7787,RUA GUADALAJARA,E/F AO GERALDAO   S/T CID,,,,IMBIRIBEIRA,COLISÃO LATERAL,,1,1,0,0,0,0,0,0,0,1,0,,CIDADE,Longo da via,Bom,Não existe,Perfeito estado,Seca,Perfeito estado,Não existe,Outras,,Dupla,Faixa seccionada,Canteiro central,,,
2021-10-25,18:00:00,COM VÍTIMA,FINALIZADA,AREIAS,AV RECIFE,0,,,SEMÁFORO,,,,AREIAS,ATROPELAMENTO DE PESSOA,,0,1,0,0,1,0,0,0,0,1,0,494,SUBURBIO,Longo da via,Bom,Sem defeito,Perfeito estado,Seca,Perfeito estado,Faixa de pedestre,,,Única,Faixa seccionada,,,,
2021-10-25,18:24:00,COM VÍTIMA,FINALIZADA,BOA VIAGEM,RUA JOAO DIAS MARTINS,3,255,RUA DONA MAGINA PONTUAL,AO LADO DO EDIFICIO MIRELLA,,,,BOA VIAGEM,COLISÃO TRANSVERSAL,,1,1,0,0,0,0,0,0,0,1,0,,CIDADE,Cruzamento,Bom,Não existe,Perfeito estado,Seca,Perfeito estado,Faixa de retenção,Placas Pare,,Dupla,Faixa contínua,Faixa seccionada,,,
2021-10-26,07:35:00,COM VÍTIMA,FINALIZADA,CORDEIRO,RUA GOMES TABORDA,0,,EST DO FORTE DO ARRAIAL N. DO B. JESUS,SOB SEMÁFORO 249,,,,CORDEIRO,COLISÃO FRONTAL,,1,1,0,0,0,0,0,0,0,1,0,249,SUBURBIO,Cruzamento,Bom,Sem defeito,Perfeito estado,Seca,Perfeito estado,Faixa de pedestre,Não há placas,30 km/h,Dupla,Faixa seccionada,,,,
2021-10-26,07:42:00,COM VÍTIMA,FINALIZADA,BOA VIAGEM,RUA VISCONDE DE JEQUITINHONHA,3,804,RUA PROFESSOR MARIO CASTRO,E/F AO POSTO DE GASOLINA BR,,,,BOA VIAGEM,COLISÃO TRASEIRA,,1,1,0,0,0,0,0,0,0,1,0,158,SUBURBIO,Longo da via,Chuvoso,Sem defeito,Perfeito estado,Molhada,Perfeito estado,Faixa de pedestre,Não há placas,,Única,Canteiro central,,,,
2021-10-26,11:33:00,COM VÍTIMA,FINALIZADA,CASA FORTE,AV DEZESSETE DE AGOSTO,0,,,EM FRENTE A PAGUE MENOS,,,,CASA FORTE,COLISÃO TRASEIRA,,1,1,0,0,0,0,0,0,0,1,0,,SUBURBIO,,,,,,,,,,,,,,,
2021-10-26,14:10:00,COM VÍTIMA,FINALIZADA,SANTO AMARO,AV GOVERNADOR AGAMENON MAGALHAES,0,,,SEMÁFORO 378,,,,SANTO AMARO,COLISÃO FRONTAL,,2,1,0,0,0,0,0,0,0,1,0,378,SUBURBIO,Outros,Bom,Sem defeito,Perfeito estado,Seca,Perfeito estado,Faixa de retenção,Não há placas,,Dupla,Canteiro central,,,,
2021-10-26,18:35:00,COM VÍTIMA,FINALIZADA,PINA,AV CELSO FURTADO,0,,,PROX A PRIMEIRA LOMBADA ELETRONICA SENTIDO BOA VIAGEM,,,,PINA,COLISÃO TRASEIRA,,1,1,0,0,0,0,0,0,0,1,0,,SUBURBIO,Longo da via,Bom,Não existe,Perfeito estado,Seca,Perfeito estado,Não existe,Não há placas,60 km/h,Dupla,Faixa seccionada,,,,
2021-10-26,21:28:40,COM VÍTIMA,FINALIZADA,AFOGADOS,RUA VINTE E UM DE ABRIL,3,854,RUA REALENGO,PROX AO CLUBE FERROVIARIO,,,,AFOGADOS,COLISÃO FRONTAL,,1,1,0,0,0,0,0,0,0,1,0,,SUBURBIO,Longo da via,Chuvoso,Não existe,Não existente,Molhada,Perfeito estado,Não existe,R-30,,Dupla,Não existe,,,,
2021-10-27,07:25:00,COM VÍTIMA,FINALIZADA,DERBY,AV GOVERNADOR AGAMENON MAGALHAES,0,,,SOB O SEMÁFORO 75,,,,DERBY,COLISÃO TRASEIRA,,0,1,0,0,0,0,0,0,0,1,0,75,,Cruzamento,Bom,Sem defeito,Perfeito estado,Seca,Perfeito estado,Agente,,60 km/h,Dupla,Canal,,,,