data,hora,natureza_acidente,situacao,bairro,endereco,,numero,detalhe_endereco_acidente,complemento,endereco_cruzamento,numero_cruzamento,referencia_cruzamento,bairro_cruzamento,tipo,descricao,auto,moto,ciclom,ciclista,pedestre,onibus,caminhao,viatura,outros,vitimas,vitimasfatais,num_semaforo,sentido_via,acidente_verificado,tempo_clima,situacao_semaforo,sinalizacao,condicao_via,conservacao_via,ponto_controle,situacao_placa,velocidade_max_via,mao_direcao,divisao_via1,divisao_via2,divisao_via3,_id,Protocolo
2021-10-27,10:36:00,COM VÍTIMA,FINALIZADA,SAO JOSE,AV SUL,0,,,EM FRENTE AO ESTACIONAMENTO PRIVATIVO DA SECRETARIA DA FAZENDA  / SENT AFOGADOS,,,,SÃO JOSÉ,COLISÃO COM CICLISTA,,0,0,0,1,0,1,0,0,0,1,0,,SUBURBIO,Longo da via,Bom,Não existe,Perfeito estado,Seca,Perfeito estado,Não existe,Não há placas,60 km/h,Dupla,Faixa contínua,,,,
2021-10-27,19:07:00,COM VÍTIMA,FINALIZADA,PRADO,RUA GOMES TABORDA,0,,RUA DES ADOLFO CIRIACO,SINOI COMBUSTÍVEIS,,,,PRADO,COLISÃO LATERAL,,1,1,0,0,0,0,0,0,0,1,0,,,Longo da via,Bom,Sem defeito,Ilegível,Seca,Perfeito estado,Não existe,Não há placas,30 km/h,Dupla,Faixa seccionada,,,,
2021-10-28,13:19:00,COM VÍTIMA,FINALIZADA,CORDEIRO,AV GENERAL SAN MARTIN,3,478,,EM FRENTE A SORVETERIA  MUG,,,,CORDEIRO,COLISÃO FRONTAL,,1,1,0,0,0,0,0,0,0,1,0,,SUBURBIO,Longo da via,Bom,Não existe,Incompleta,Seca,Mal iluminada,Não existe,Outras,,Dupla,Faixa contínua,,,,
2021-10-28,13:40:00,COM VÍTIMA,FINALIZADA,VARZEA,RUA VALE DO SIRIJI,4,5049,,,,,,VÁRZEA,CHOQUE,,0,0,0,0,0,0,0,0,0,1,0,,,Longo da via,Bom,Não existe,Não existente,Seca,Perfeito estado,Não existe,Não há placas,,Dupla,Não existe,,,,
2021-10-28,17:21:00,COM VÍTIMA,FINALIZADA,AFOGADOS,RUA SAO MIGUEL,0,,RUA DES DIRCEU BORGES,E/F AO POSTO IPIRANGA,,,,AFOGADOS,COLISÃO FRONTAL,,1,1,0,0,0,0,0,0,0,2,0,,SUBURBIO,Cruzamento,Bom,Não existe,Perfeito estado,Seca,Perfeito estado,Não existe,Não há placas,,Dupla,Faixa contínua,,,,
2021-10-28,18:32:00,COM VÍTIMA,FINALIZADA,BOA VIAGEM,AV CELSO FURTADO,0,,RUA TENENTE JOAO CICERO,,,,,BOA VIAGEM,CHOQUE,,0,1,0,0,0,0,0,0,0,1,0,,CIDADE,Esquina,Bom,Não existe,Perfeito estado,Seca,Perfeito estado,Não existe,R-4b,,Única,Faixa seccionada,,,,
2021-10-28,18:42:00,COM VÍTIMA,FINALIZADA,BOA VIAGEM,RUA HENRIQUE CAPITULINO,0,,AV CONSELHEIRO AGUIAR,SEMÁFORO 143 / PRÓX A LOJA PRADORMIR,,,,BOA VIAGEM,COLISÃO COM CICLISTA,,1,0,0,1,0,0,0,0,0,1,0,143,CIDADE,Cruzamento,Bom,Sem defeito,Perfeito estado,Seca,Perfeito estado,Faixa de pedestre,,,Única,Faixa seccionada,,,,
2021-10-28,22:15:40,COM VÍTIMA,FINALIZADA,AFOGADOS,PTE DO MOTOCOLOMBO,0,,,EM CIMA DA PONTE,,,,AFOGADOS,COLISÃO TRASEIRA,,1,1,0,0,0,0,0,0,0,1,0,,CIDADE,Ponte,Bom,Não existe,Perfeito estado,Seca,Perfeito estado,Não existe,Outras,,Dupla,Canteiro central,,,,
2021-10-29,10:34:00,COM VÍTIMA,FINALIZADA,BOA VIAGEM,RUA VISCONDE DE JEQUITINHONHA,0,,,AO LADO DA AERONÁLTICA FAIXA  DA DIREIRA SENTIDO PIEDADE/ SEGUNDO COMAR DO QUARTEL GERERAL,,,,BOA VIAGEM,COLISÃO TRASEIRA,,1,1,0,0,0,1,0,0,0,1,0,,SUBURBIO,Longo da via,Bom,Não existe,Perfeito estado,Seca,Perfeito estado,Não existe,Não há placas,60 km/h,Única,Faixa seccionada,,,,
2021-10-29,21:32:40,COM VÍTIMA,FINALIZADA,ARRUDA,AV BEBERIBE,0,,AV PROFESSOR JOSE DOS ANJOS,ESTADIO DO ARRUDA,,,,ARRUDA,COLISÃO TRASEIRA,,1,2,0,0,0,0,0,0,0,1,0,13,SUBURBIO,Cruzamento,Bom,Sem defeito,Perfeito estado,Seca,Perfeito estado,Faixa de pedestre,Placas Dê a preferência,,Única,Faixa contínua,,,,
2021-10-30,06:03:00,COM VÍTIMA,FINALIZADA,LINHA DO TIRO,RUA URIEL DE HOLANDA,4,1635,,PROX. AO ARMAZEM OLIVEIRA,,,,LINHA DO TIRO,ATROPELAMENTO DE PESSOA,,0,0,0,0,1,1,0,0,0,1,0,,SUBURBIO,Longo da via,Bom,Não existe,Perfeito estado,Seca,Perfeito estado,Não existe,Outras,40 km/h,Dupla,Não existe,,,,
2021-10-30,08:28:00,COM VÍTIMA,FINALIZADA,AREIAS,AV RECIFE,4,1008,,EM FRENTE AO N° 1008,,,,AREIAS,COLISÃO FRONTAL,,1,1,0,0,0,0,0,0,0,1,0,,CIDADE,Longo da via,Bom,Não existe,Perfeito estado,Seca,Perfeito estado,Não existe,Não há placas,,Dupla,Canteiro central,,,,
2021-10-30,11:31:00,COM VÍTIMA,FINALIZADA,MADALENA,RUA JOAO IVO DA SILVA,0,,,OPOSTO AO N° 79,,,,MADALENA,COLISÃO COM CICLISTA,,1,0,0,1,0,0,0,0,0,1,0,,SUBURBIO,Longo da via,Bom,Não existe,Perfeito estado,Seca,Perfeito estado,Não existe,R-6a,,Única,Faixa seccionada,,,,
2021-10-30,12:29:00,COM VÍTIMA,FINALIZADA,CORDEIRO,AV CAXANGA,3,945,RUA FIDELIS MOLITERNO,MF CAR,,,,CORDEIRO,COLISÃO FRONTAL,,1,1,0,0,0,0,0,0,0,1,0,,CIDADE,Longo da via,Bom,Não existe,Não existente,Seca,Perfeito estado,Não existe,Não há placas,,Única,Não existe,,,,
2021-10-30,13:16:00,COM VÍTIMA,FINALIZADA,JORDAO,AV MARIA IRENE,3,345,,PRÓX AO MARTELINHO DE OURO AUTO CRUZ,,,,JORDÃO,COLISÃO TRANSVERSAL,,1,1,0,0,0,0,0,0,0,1,0,,SUBURBIO,Longo da via,Bom,Não existe,Perfeito estado,Seca,Perfeito estado,Não existe,Não há placas,,Dupla,Faixa contínua,,,,
2021-10-30,14:53:00,COM VÍTIMA,FINALIZADA,BOA VIAGEM,RUA BARAO DE SOUZA LEAO,0,,AV DES JOSE NEVES,PROXIMO AO TREVO SUPERMERCADO,,,,BOA VIAGEM,COLISÃO TRANSVERSAL,,0,3,0,0,0,0,0,0,0,3,0,476,CIDADE,Cruzamento,Bom,Sem defeito,Perfeito estado,Seca,Perfeito estado,Faixa de pedestre,Outras,,Única,Faixa seccionada,,,,
2021-10-30,16:25:00,COM VÍTIMA,FINALIZADA,CASA AMARELA,RUA DR TOME DIAS,0,,,AO LADO DA CASA PIO,,,,CASA AMARELA,ATROPELAMENTO DE PESSOA,,1,0,0,0,1,0,0,0,0,1,0,,,Longo da via,Bom,Não existe,Perfeito estado,Seca,Perfeito estado,Faixa de pedestre,Placas Pare,,Dupla,Faixa contínua,,,,
2021-10-31,10:17:00,COM VÍTIMA,FINALIZADA,BOA VIAGEM,RUA VISCONDE DE JEQUITINHONHA,0,,AV ARMINDO MOURA,POR TRAZ DA VILA MILITAR/ LAVA JATO DAS MENINAS,,,,BOA VIAGEM,COLISÃO TRASEIRA,,1,1,0,0,0,0,0,0,0,1,0,258,SUBURBIO,Longo da via,Bom,Sem defeito,Perfeito estado,Seca,Perfeito estado,Faixa de pedestre,Não há placas,60 km/h,Única,Faixa contínua,Canteiro central,,,
2021-10-31,14:27:00,COM VÍTIMA,FINALIZADA,SAN MARTIN,AV CONSUL VILARES FRAGOSO,3,707,RUA COMENDADOR FRANCO FERREIRA,AO LADO DA CAVALARIA DA POLICIA MILITAR,,,,SAN MARTIN,QUEDA,,0,1,0,0,0,0,0,0,0,1,0,,,Longo da via,Bom,Não existe,Perfeito estado,Seca,Perfeito estado,Não existe,,,Dupla,,,,,
2021-10-31,14:44:00,COM VÍTIMA,FINALIZADA,PAISSANDU,AV GOVERNADOR AGAMENON MAGALHAES,0,,RUA PAISSANDU,RUA PAISSANDU,,,,PAISSANDU,COLISÃO TRANSVERSAL,,0,2,0,0,0,0,0,0,0,2,0,69,SUBURBIO,Longo da via,Bom,Sem defeito,Perfeito estado,Seca,Perfeito estado,Faixa de pedestre,Outras,60 km/h,Dupla,Canal,,,,
2021-10-31,19:48:00,COM VÍTIMA,FINALIZADA,SANTO AMARO,AV GOVERNADOR AGAMENON MAGALHAES,4,2200,,PRÓXIMO DA LOMBADA ELETRÔNICA,,,,SANTO AMARO,COLISÃO COM CICLISTA,,1,0,0,1,0,0,0,0,0,1,0,,SUBURBIO,Longo da via,Bom,Sem defeito,Perfeito estado,Seca,Perfeito estado,Não existe,Outras,60 km/h,Única,Faixa contínua,,,,
2021-11-01,07:24:00,COM VÍTIMA,FINALIZADA,CAMPO GRANDE,RUA MARQUES DE BAIPENDI,3,513,,LADO OPOSTO A PADARIA PAN BENICIO,,,,CAMPO GRANDE,COLISÃO TRANSVERSAL,,1,1,0,0,0,0,0,0,0,2,0,,,Longo da via,Bom,Não existe,Perfeito estado,Seca,Perfeito estado,Outros,Outras,,Dupla,Faixa seccionada,,,,
2021-11-01,10:58:00,COM VÍTIMA,FINALIZADA,PINA,AV ANTONIO DE GOES,3,549,,LADO OPOSTO DETROI CARDS,,,,PINA,ATROPELAMENTO DE PESSOA,,1,0,0,0,1,0,0,0,0,1,0,538,CIDADE,Longo da via,Bom,Sem defeito,Perfeito estado,Seca,Perfeito estado,Não existe,Não há placas,,Dupla,Canteiro central,,,,
2021-11-01,12:10:00,COM VÍTIMA,FINALIZADA,TORROES,AV BICENTENARIO DA REVOLUCAO FRANCESA,2,25,,AO LADO DA IGREJA ASSEMBLEIA DE DEUS,,,,TORRÕES,ATROPELAMENTO DE PESSOA,,0,0,0,0,1,0,0,0,0,1,0,,SUBURBIO,Longo da via,Bom,Não existe,Perfeito estado,Seca,Perfeito estado,Não existe,Placas Pare,30 km/h,Dupla,Não existe,,,,
2021-11-01,14:15:00,COM VÍTIMA,FINALIZADA,DOIS IRMAOS,RUA DOIS IRMAOS,0,,,EM FRENTE AO IFPE,,,,DOIS IRMÃOS,COLISÃO TRANSVERSAL,,2,0,0,0,0,0,0,0,0,1,0,,,Longo da via,Bom,Não existe,Perfeito estado,Seca,Perfeito estado,Não existe,Não há placas,,Dupla,Faixa contínua,,,,
2021-11-01,16:12:00,COM VÍTIMA,FINALIZADA,ILHA JOANA BEZERRA,AV CENTRAL,0,,,ATRÁS DA UNIDADE DE SAÚDE SÃO JOSE DO COQUE,,,,JOANA BEZERRA,COLISÃO COM CICLISTA,,0,0,0,1,0,1,0,0,0,1,0,,SUBURBIO,Longo da via,Bom,Não existe,Incompleta,Seca,Perfeito estado,Não existe,Outras,,Única,Não existe,,,,
2021-11-01,16:44:00,COM VÍTIMA,FINALIZADA,MADALENA,EST DOS REMEDIOS,0,,AV JOSE GONCALVES DE MEDEIROS,EM FRENTE A POLICLÍNICA LESSA DE ANDRADE,,,,MADALENA,COLISÃO TRANSVERSAL,,1,1,0,0,0,0,0,0,0,1,0,353,SUBURBIO,Cruzamento,Bom,Sem defeito,Perfeito estado,Seca,Perfeito estado,Faixa de pedestre,R-25a,,Única,Blocos,,,,
2021-11-01,16:53:00,COM VÍTIMA,FINALIZADA,MADALENA,RUA GOMES TABORDA,3,390,RUA CARLOS GOMES,EM FRENTE AO ANTIGO BAILE PERFUMADO,,,,MADALENA,COLISÃO COM CICLISTA,,1,0,0,1,0,0,0,0,0,1,0,,SUBURBIO,Cruzamento,Bom,Sem defeito,Perfeito estado,Seca,Perfeito estado,Faixa de pedestre,Não há placas,40 km/h,Dupla,Não existe,,,,
2021-11-02,11:11:00,COM VÍTIMA,FINALIZADA,ESPINHEIRO,RUA AMELIA,3,114,,EM FRENTE A AREZZO,,,,ESPINHEIRO,COLISÃO FRONTAL,,1,1,0,0,0,0,0,0,0,1,0,,CIDADE,Longo da via,Bom,Não existe,Perfeito estado,Seca,Perfeito estado,Não existe,R-6a,40 km/h,Única,,,,,
2021-11-02,16:39:00,COM VÍTIMA,FINALIZADA,BOA VISTA,RUA JOAO FERNANDES VIEIRA,3,405,,E/F A UNIBRA,,,,BOA VISTA,COLISÃO FRONTAL,,1,1,0,0,0,0,0,0,0,1,0,,CIDADE,Longo da via,Bom,Não existe,Perfeito estado,Seca,Perfeito estado,Faixa de pedestre,Outras,,Única,Faixa seccionada,,,,
2021-11-02,17:22:00,COM VÍTIMA,FINALIZADA,PORTO DA MADEIRA,RUA DALVA DE OLIVEIRA,4,3620,RUA DR TRINDADE HENRIQUE,PROXIMO AO SEST/SENAT,,,,PORTO DA MADEIRA,COLISÃO TRASEIRA,,1,1,0,0,0,0,0,0,0,1,0,,SUBURBIO,Cruzamento,Bom,Não existe,Não existente,Seca,Mal iluminada,Não existe,Não há placas,,Dupla,Não existe,,,,
2021-11-03,07:38:00,COM VÍTIMA,FINALIZADA,BOA VISTA,RUA GERVASIO PIRES,3,455,RUA DO RIACHUELO,SEMÁFORO 175,,,,BOA VISTA,COLISÃO FRONTAL,,0,0,0,1,0,0,0,0,0,1,0,175,CIDADE,Cruzamento,Bom,Sem defeito,Perfeito estado,Seca,Perfeito estado,Faixa de pedestre,Não há placas,40 km/h,Única,Não existe,,,,
2021-11-03,08:25:00,COM VÍTIMA,FINALIZADA,TAMARINEIRA,AV NORTE MIGUEL ARRAES DE ALENCAR,0,,AV PROFESSOR JOSE DOS ANJOS,SOB O SEMÁFORO N° 364,,,,TAMARINEIRA,ATROPELAMENTO DE ANIMAL,,0,1,0,0,0,0,0,0,1,1,0,364,,Cruzamento,Bom,Sem defeito,Perfeito estado,Seca,Perfeito estado,Não existe,Outras,,Dupla,Não existe,,,,
2021-11-03,10:54:00,COM VÍTIMA,FINALIZADA,ESTANCIA,AV DR JOSE RUFINO,3,548,RUA MORAIS E SILVA,LADO OPOSTO GALERIA MARGARIDA,,,,ESTÂNCIA,COLISÃO FRONTAL,,1,1,0,0,0,0,0,0,0,1,0,,SUBURBIO,Cruzamento,Bom,Não existe,Ilegível,Seca,Perfeito estado,Não existe,R-6a,,Dupla,Não existe,,,,
2021-11-03,13:36:00,COM VÍTIMA,FINALIZADA,SANTO AMARO,VDO ENG ROBERTO PEREIRA DE CARVALHO,0,,,EM FRENTE AO SHOPPING TACARUNA,,,,SANTO AMARO,COLISÃO FRONTAL,,1,1,0,0,0,0,0,0,0,1,0,,SUBURBIO,Viaduto,Bom,Não existe,Perfeito estado,Seca,Perfeito estado,Não existe,Não há placas,60 km/h,Única,Faixa seccionada,,,,
2021-11-03,14:54:00,VÍTIMA FATAL,FINALIZADA,CAXANGA,AV CAXANGA,4,5362,,NA FRENTE DO CAXANGÁ GOLF & COUNTRY CLUB,,,,CAXANGÁ,COLISÃO COM CICLISTA,,1,0,0,1,0,0,0,0,0,1,1,,SUBURBIO,Longo da via,Bom,Não existe,Perfeito estado,Seca,Perfeito estado,Não existe,Não há placas,,Dupla,Canteiro central,,,,
2021-11-03,17:08:00,COM VÍTIMA,FINALIZADA,BOA VIAGEM,AV BOA VIAGEM,4,2724,,EM FRENTE AO EDIFICIO VICENTE LACERDA DE MENEZES,,,,BOA VIAGEM,COLISÃO FRONTAL,,1,1,0,0,0,0,0,0,0,1,0,,CIDADE,Longo da via,Bom,Não existe,Perfeito estado,Seca,Perfeito estado,Não existe,Não há placas,60 km/h,Única,Faixa seccionada,,,,
2021-11-03,18:00:00,COM VÍTIMA,FINALIZADA,BOA VISTA,RUA JOAO FERNANDES VIEIRA,0,,,VERDE FLUT / VERDURAS E FRUTAS,,,,BOA VISTA,COLISÃO FRONTAL,,1,1,0,0,0,0,0,0,0,1,0,,CIDADE,Longo da via,Bom,Não existe,Perfeito estado,Seca,Perfeito estado,Não existe,Outras,,Única,Faixa seccionada,,,,
2021-11-04,09:44:00,COM VÍTIMA,FINALIZADA,IMBIRIBEIRA,AV MARECHAL MASCARENHAS DE MORAES,4,2683,,EM FRENTE A TROLLER,,,,IMBIRIBEIRA,COLISÃO FRONTAL,,0,1,0,0,0,0,1,0,0,1,0,,CIDADE,Longo da via,Bom,Sem defeito,Perfeito estado,Seca,Perfeito estado,Não existe,R-32,60 km/h,Única,Canteiro central,,,,
2021-11-04,11:58:00,COM VÍTIMA,FINALIZADA,MADALENA,RUA JOSE OSORIO,3,417,RUA REAL DA TORRE,AUTO RECIFE MULTI MARCAS,,,,MADALENA,COLISÃO TRASEIRA,,0,2,0,0,0,0,0,0,0,1,0,179,SUBURBIO,Longo da via,Bom,Sem defeito,Perfeito estado,Seca,Perfeito estado,Outros,R-6a,,Única,Faixa seccionada,,,,
2021-11-04,14:44:00,COM VÍTIMA,FINALIZADA,IMBIRIBEIRA,RUA BARAO DE AGUA BRANCA,3,376,RUA DUQUE ESTRADA,EM FRENTE AO EDIFICIO ÁGUA BRANCA,,,,IMBIRIBEIRA,COLISÃO TRANSVERSAL,,2,0,0,0,0,0,0,0,0,1,0,,,Cruzamento,Bom,Não existe,Não existente,Seca,Perfeito estado,Não existe,Não há placas,,Dupla,Não existe,,,,
2021-11-04,14:44:00,COM VÍTIMA,FINALIZADA,RECIFE,C DO APOLO,0,,PTE CONDE MAURICIO DE NASSAU,SEMÁFORO 165,,,,BAIRRO DO RECIFE,ATROPELAMENTO DE PESSOA,,0,0,0,0,1,1,0,0,0,1,0,165,SUBURBIO,Cruzamento,Bom,Sem defeito,Perfeito estado,Seca,Perfeito estado,Faixa de pedestre,R-6a,30 km/h,Única,Faixa seccionada,,,,
2021-11-05,09:00:00,COM VÍTIMA,FINALIZADA,CAXANGA,AV CAXANGA,0,,,EM FRENTE A ESTAÇÃO ENGENHO POETA,,,,CAXANGÁ,ATROPELAMENTO DE PESSOA,,1,0,0,0,1,0,0,0,0,2,0,609,SUBURBIO,Longo da via,Bom,Sem defeito,Perfeito estado,Seca,Perfeito estado,,R-6a,60 km/h,Dupla,Faixa contínua,Faixa seccionada,Canteiro central,,
2021-11-05,10:46:00,COM VÍTIMA,FINALIZADA,TORROES,AV ENGENHEIRO ABDIAS DE CARVALHO,3,618,,HELENO SUSPENSÃO,,,,TORRÕES,COLISÃO COM CICLISTA,,1,0,0,1,0,0,0,0,0,1,0,,CIDADE,Longo da via,Bom,Não existe,Perfeito estado,Seca,Perfeito estado,Não existe,Não há placas,,Dupla,Canteiro central,,,,
2021-11-05,11:29:00,COM VÍTIMA,FINALIZADA,AFOGADOS,RUA SAO MIGUEL,3,898,RUA ODILON TUCUMAN,EM FRENTE O 14º DE LOGISTICA,,,,AFOGADOS,COLISÃO FRONTAL,,1,1,0,0,0,0,0,0,0,1,0,,CIDADE,Longo da via,Bom,Não existe,Perfeito estado,Seca,Perfeito estado,Não existe,R-6a,,Dupla,Faixa seccionada,,,,
2021-11-06,08:03:00,COM VÍTIMA,FINALIZADA,ESPINHEIRO,RUA QUARENTA E OITO,0,,RUA DO ESPINHEIRO,,,,,ESPINHEIRO,COLISÃO COM CICLISTA,,0,1,0,1,0,0,0,0,0,3,0,166,CIDADE,Cruzamento,Bom,Sem defeito,Perfeito estado,Seca,Perfeito estado,Faixa de pedestre,Não há placas,30 km/h,Única,Faixa seccionada,,,,
2021-11-06,18:21:00,COM VÍTIMA,FINALIZADA,BOA VIAGEM,AV BOA VIAGEM,4,2554,,EM FRENTE AO EDIFICIO LUIZ IGNACIO,,,,BOA VIAGEM,ATROPELAMENTO DE PESSOA,,1,0,0,0,1,0,0,0,0,1,0,,CIDADE,Longo da via,Bom,Não existe,Perfeito estado,Seca,Perfeito estado,Não existe,Não há placas,60 km/h,Única,Faixa seccionada,,,,
2021-11-07,00:23:00,COM VÍTIMA,FINALIZADA,CAMPO GRANDE,EST DE BELEM,4,1809,,PRÓXIMO A ROTÁTORIA E IGREJA BATISTA,,,,CAMPO GRANDE,CHOQUE,,0,0,0,0,0,0,0,0,0,1,0,,,,,,,,,,,,,,,,,
2021-11-07,11:20:00,COM VÍTIMA,FINALIZADA,IPSEP,RUA JEAN EMILE FAVRE,2,46,RUA BLUMENAU,EM FRENTE A FARMACIA SANTA LUZIA,,,,IPSEP,COLISÃO FRONTAL,,0,2,0,0,0,0,0,0,0,1,0,101,CIDADE,Cruzamento,Bom,Sem defeito,Perfeito estado,Seca,Perfeito estado,Faixa de pedestre,R-6a,,Dupla,Faixa contínua,,,,
2021-11-07,07:40:00,COM VÍTIMA,FINALIZADA,CASA AMARELA,AV NORTE MIGUEL ARRAES DE ALENCAR,0,,,LADO OPOSTO AO N° 6037,,,,CASA AMARELA,CHOQUE,,0,1,0,0,0,0,0,0,0,1,0,,SUBURBIO,Longo da via,Bom,Não existe,Perfeito estado,Seca,Perfeito estado,Não existe,Não há placas,,Dupla,Canteiro central,,,,
2021-11-07,20:20:00,COM VÍTIMA,FINALIZADA,AGUA FRIA,EST VELHA DE AGUA FRIA,3,712,AV NORTE MIGUEL ARRAES DE ALENCAR,PRÓX A FERREIRA COSTA,,,,ÁGUA FRIA,COLISÃO FRONTAL,,1,1,0,0,0,0,0,0,0,1,0,,CIDADE,Longo da via,Bom,Sem defeito,Perfeito estado,Seca,Perfeito estado,Não existe,Não há placas,,Dupla,Faixa seccionada,,,,
2021-11-08,00:56:00,COM VÍTIMA,FINALIZADA,ILHA JOANA BEZERRA,PTE JOSE DE BARROS LIMA,0,,,DECLIVE DA PONTE,,,,JOANA BEZERRA,CAPOTAMENTO,,1,0,0,0,0,0,0,0,0,1,0,,SUBURBIO,Ponte,Bom,Não existe,Perfeito estado,Seca,Perfeito estado,Não existe,Não há placas,,Dupla,Faixa seccionada,Canteiro central,,,
2021-11-08,08:41:00,COM VÍTIMA,FINALIZADA,IPUTINGA,AV CAXANGA,4,4068,RUA MANOEL JOAQUIM DE ALMEIDA,PRÓXIMO AO BIG BOMPREÇO,,,,IPUTINGA,COLISÃO TRASEIRA,,0,2,0,0,0,0,0,0,0,2,0,533,CIDADE,Cruzamento,Bom,Sem defeito,Perfeito estado,Seca,Perfeito estado,Agente,Não há placas,,,Faixa contínua,,,,
2021-11-08,10:20:00,COM VÍTIMA,FINALIZADA,BOA VIAGEM,AV CONSELHEIRO AGUIAR,4,2122,,AO LADO DA  PADARIA DIPLOMATA,,,,BOA VIAGEM,CHOQUE,,1,0,0,0,0,0,0,0,0,2,0,,CIDADE,Longo da via,Bom,Não existe,Perfeito estado,Seca,Perfeito estado,Não existe,Não há placas,,Única,Faixa seccionada,,,,
2021-11-08,11:17:00,COM VÍTIMA,FINALIZADA,VASCO DA GAMA,RUA ASSUNCAO,2,37,,PROX. AO TEATRO LOMBATINHO,,,,VASCO DA GAMA,CHOQUE,,2,0,0,0,0,0,1,0,0,1,0,,,Longo da via,Bom,Não existe,Não existente,Seca,Perfeito estado,Não existe,Não há placas,,Dupla,Não existe,,,,
2021-11-08,17:54:00,COM VÍTIMA,FINALIZADA,CORDEIRO,AV MAURICIO DE NASSAU,0,,,POR TRÁS DO PARQUE DE EXPOSIÇÃO DO CORDEIRO,,,,CORDEIRO,COLISÃO FRONTAL,,3,0,0,0,0,0,0,0,0,2,0,,CIDADE,Longo da via,Bom,Não existe,Perfeito estado,Seca,,Não existe,,,Dupla,,,,,
2021-11-08,18:29:00,COM VÍTIMA,FINALIZADA,LINHA DO TIRO,RUA AGUAS DE PRATA,2,78,,E/F A ANTIGA FABRICA DO CAFÉ BEBERIBE,,,,LINHA DO TIRO,CHOQUE,,0,0,0,0,0,0,1,0,0,1,0,,SUBURBIO,Longo da via,Bom,Não existe,Perfeito estado,Seca,Perfeito estado,Não existe,Não há placas,40 km/h,Dupla,Não existe,,,,
2021-11-09,09:39:00,COM VÍTIMA,FINALIZADA,TOTO,AV LIBERDADE,3,950,,LADO OPOSTO A ANTIGA FURTOS DE VEICULOS,,,,TOTÓ,COLISÃO TRANSVERSAL,,1,1,0,0,0,0,0,0,0,1,0,,SUBURBIO,Longo da via,Bom,Não existe,Incompleta,Seca,,Não existe,Não há placas,,Dupla,Não existe,,,,
2021-11-09,11:42:00,COM VÍTIMA,FINALIZADA,BOA VIAGEM,RUA SA E SOUZA,3,154,RUA BELMONTE,EM FRENTE A FARMACIA DROGASIL,,,,BOA VIAGEM,COLISÃO FRONTAL,,0,1,0,0,0,1,0,0,0,1,0,,SUBURBIO,Cruzamento,Bom,Não existe,Perfeito estado,Seca,Perfeito estado,Faixa de pedestre,Placas Pare,30 km/h,Dupla,Faixa seccionada,,,,
2021-11-09,13:12:00,COM VÍTIMA,FINALIZADA,ILHA JOANA BEZERRA,AV BEIRA RIO,0,,,PRÓXIMO A ACADEMIA DA CIDADE,,,,JOANA BEZERRA,COLISÃO TRANSVERSAL,,1,1,0,0,0,0,0,0,0,1,0,,CIDADE,Cruzamento,Bom,Não existe,Perfeito estado,Seca,Perfeito estado,Faixa de retenção,Placas Pare,60 km/h,Única,Faixa contínua,,,,
2021-11-09,17:18:00,COM VÍTIMA,FINALIZADA,TORROES,AV ENGENHEIRO ABDIAS DE CARVALHO,4,1329,,RESTAURANTE KIYOI GALETOS,,,,TORRÕES,COLISÃO FRONTAL,,0,2,0,0,0,0,0,0,0,1,0,375,CIDADE,Cruzamento,Bom,Sem defeito,Perfeito estado,Seca,Perfeito estado,Faixa de pedestre,R-4a,60 km/h,Dupla,Canteiro central,,,,
2021-11-10,06:17:00,COM VÍTIMA,FINALIZADA,VASCO DA GAMA,RUA VASCO DA GAMA,3,630,,AO LADO DA IGREJA ASSEMBLEIA DE DEUS,,,,VASCO DA GAMA,COLISÃO TRASEIRA,,1,0,0,0,0,1,0,0,0,1,0,,SUBURBIO,Longo da via,Bom,Não existe,Perfeito estado,Seca,Perfeito estado,Não existe,Não há placas,60 km/h,Dupla,Faixa seccionada,,,,