data,hora,natureza_acidente,situacao,bairro,endereco,,numero,detalhe_endereco_acidente,complemento,endereco_cruzamento,numero_cruzamento,referencia_cruzamento,bairro_cruzamento,tipo,descricao,auto,moto,ciclom,ciclista,pedestre,onibus,caminhao,viatura,outros,vitimas,vitimasfatais,num_semaforo,sentido_via,acidente_verificado,tempo_clima,situacao_semaforo,sinalizacao,condicao_via,conservacao_via,ponto_controle,situacao_placa,velocidade_max_via,mao_direcao,divisao_via1,divisao_via2,divisao_via3,_id,Protocolo
2021-11-10,11:53:00,COM VÍTIMA,FINALIZADA,CASA AMARELA,RUA XAVANTES,4,1337,RUA PAULA BATISTA,EM FRENTE MEGA MED,,,,CASA AMARELA,COLISÃO FRONTAL,,1,0,0,0,0,0,0,0,0,1,0,,,Longo da via,Bom,Não existe,Perfeito estado,Seca,Perfeito estado,Não existe,Não há placas,30 km/h,Dupla,Faixa seccionada,,,,
2021-11-10,12:43:00,COM VÍTIMA,FINALIZADA,PRADO,RUA JAPECANGA,3,171,RUA JOAO IVO DA SILVA,EM FRENTE AO ARTCONTA,,,,PRADO,COLISÃO FRONTAL,,1,0,0,0,0,0,0,0,0,1,0,,SUBURBIO,Longo da via,Bom,Não existe,Ilegível,Seca,Perfeito estado,Não existe,Não há placas,30 km/h,Única,Faixa seccionada,,,,
2021-11-10,14:07:00,COM VÍTIMA,FINALIZADA,BOA VIAGEM,RUA VISCONDE DE JEQUITINHONHA,0,,AV ARMINDO MOURA,PRÓXIMO AO LAVA JATO DAS MENINAS,,,,BOA VIAGEM,COLISÃO TRANSVERSAL,,1,1,0,0,0,0,0,0,0,2,0,,SUBURBIO,Cruzamento,Bom,Sem defeito,Perfeito estado,Seca,Perfeito estado,Faixa de pedestre,Não há placas,60 km/h,Dupla,Faixa contínua,Canteiro central,,,
2021-11-10,15:22:00,COM VÍTIMA,FINALIZADA,BOA VIAGEM,AV ENGENHEIRO DOMINGOS FERREIRA,4,3482,,LADO OPOSTO AO HAPVIDA BOA VIAGEM,,,,BOA VIAGEM,COLISÃO COM CICLISTA,,0,0,0,1,0,1,0,0,0,1,0,,SUBURBIO,Longo da via,Bom,Não existe,Perfeito estado,Seca,Perfeito estado,Outros,Outras,,Única,Faixa contínua,Canteiro central,,,
2021-11-10,16:10:00,COM VÍTIMA,FINALIZADA,PORTO DA MADEIRA,AV BEBERIBE,4,3620,,ENFRENTE AO SESC SENAC,,,,PORTO DA MADEIRA,COLISÃO FRONTAL,,1,1,0,0,0,0,0,0,0,1,0,,SUBURBIO,Longo da via,Bom,Sem defeito,Perfeito estado,Seca,Perfeito estado,Não existe,Não há placas,,Dupla,Faixa contínua,,,,
2021-11-11,06:23:00,COM VÍTIMA,FINALIZADA,GRACAS,AV GOVERNADOR AGAMENON MAGALHAES,4,1114,RUA DR BANDEIRA FILHO,E/F AO EDF. DO TRE (SENT. BOA VIAGEM // VIA PRINCIPAL ),,,,GRAÇAS,COLISÃO FRONTAL,,1,1,0,0,0,0,0,0,0,1,0,173,BOA VIAGEM,Longo da via,Chuvoso,Sem defeito,Perfeito estado,Molhada,Perfeito estado,Não existe,Outras,60 km/h,Dupla,Canal,,,,
2021-11-11,08:10:00,COM VÍTIMA,FINALIZADA,CIDADE UNIVERSITARIA,AV PROFESSOR ARTUR DE SA,4,1118,,AO LADO DO DOSPITAL DAS CLÍNICAS,,,,CIDADE UNIVERSITÁRIA,COLISÃO TRANSVERSAL,,1,1,0,0,0,0,0,0,0,1,0,,SUBURBIO,Longo da via,Bom,Não existe,,Seca,Outros,Não existe,Outras,40 km/h,Dupla,Faixa contínua,,,,
2021-11-11,08:38:00,COM VÍTIMA,FINALIZADA,BEBERIBE,RUA DALVA DE OLIVEIRA,0,,,,,,,BEBERIBE,COLISÃO TRASEIRA,,2,0,0,0,0,0,0,0,0,1,0,,,,,,,,,,,,,,,,,
2021-11-11,14:32:00,COM VÍTIMA,FINALIZADA,BOA VIAGEM,RUA VISCONDE DE JEQUITINHONHA,0,,,SEMÁFORO 443,,,,BOA VIAGEM,ATROPELAMENTO DE PESSOA,,0,1,0,0,1,0,0,0,0,1,0,443,SUBURBIO,Longo da via,Bom,Sem defeito,Perfeito estado,Seca,Perfeito estado,Faixa de pedestre,Outras,,Única,Faixa seccionada,Canteiro central,,,
2021-11-11,17:58:00,COM VÍTIMA,FINALIZADA,ROSARINHO,AV NORTE MIGUEL ARRAES DE ALENCAR,4,3370,,ANTES DO EDIFICIO FORTE DOS REIS MAGOS,,,,ROSARINHO,COLISÃO TRASEIRA,,1,1,0,0,0,0,0,0,0,1,0,,SUBURBIO,Longo da via,Bom,Não existe,Perfeito estado,Seca,Perfeito estado,Não existe,Placas Pare,60 km/h,Dupla,Faixa seccionada,Canteiro central,,,
2021-11-11,18:37:00,COM VÍTIMA,FINALIZADA,SANTO AMARO,AV GOVERNADOR AGAMENON MAGALHAES,0,,,EM CIMA DO VIADUTO SENTIDO OLINDA -,,,,SANTO AMARO,COLISÃO COM CICLISTA,,1,0,0,1,0,0,0,0,0,1,0,,,,,,,,,,,,,,,,,
2021-11-11,20:17:00,COM VÍTIMA,FINALIZADA,TAMARINEIRA,AV NORTE MIGUEL ARRAES DE ALENCAR,0,,AV PROFESSOR JOSE DOS ANJOS,EM FRENTE AO SESC,,,,TAMARINEIRA,COLISÃO FRONTAL,,0,1,0,0,0,0,0,0,0,2,0,364,CIDADE,Cruzamento,Bom,Sem defeito,Perfeito estado,Seca,Perfeito estado,Faixa de pedestre,Não há placas,,Dupla,Canteiro central,,,,
2021-11-12,11:22:00,COM VÍTIMA,FINALIZADA,CORDEIRO,EST DO FORTE DO ARRAIAL N. DO B. JESUS,3,422,,E/F A P.A PESCADOS,,,,CORDEIRO,COLISÃO TRANSVERSAL,,1,1,0,0,0,0,0,0,0,1,0,,,Longo da via,Bom,Não existe,Perfeito estado,Seca,Perfeito estado,Não existe,Não há placas,,Dupla,Faixa contínua,,,,
2021-11-12,11:32:00,COM VÍTIMA,FINALIZADA,BOA VISTA,RUA TABIRA,3,220,AV MONTEVIDEU,APOS O BRADESCO AUTO CENTER,,,,BOA VISTA,COLISÃO COM CICLISTA,,1,0,0,1,0,0,0,0,0,1,0,,CIDADE,Cruzamento,Bom,Não existe,Perfeito estado,Seca,Perfeito estado,Não existe,Não há placas,60 km/h,Única,Faixa seccionada,,,,
2021-11-12,12:31:00,COM VÍTIMA,FINALIZADA,MADALENA,RUA BENFICA,3,650,,EM FRENTE AO EDIFICIO CRISTINA,,,,MADALENA,COLISÃO FRONTAL,,1,1,0,0,0,0,0,0,0,1,0,,CIDADE,Longo da via,Bom,Não existe,Perfeito estado,Seca,Perfeito estado,Não existe,Não há placas,,Dupla,Faixa contínua,,,,
2021-11-12,14:01:00,COM VÍTIMA,FINALIZADA,BOA VIAGEM,AV BOA VIAGEM,4,3962,RUA RIBEIRO DE BRITO,EM FRENTE AO EDIFICIO QUEEN MARY,,,,BOA VIAGEM,COLISÃO COM CICLISTA,,1,0,0,1,0,0,0,0,0,1,0,,CIDADE,Longo da via,Bom,Não existe,Perfeito estado,Seca,Perfeito estado,Não existe,Não há placas,60 km/h,Única,Faixa seccionada,,,,
2021-11-12,14:09:00,COM VÍTIMA,FINALIZADA,BOA VIAGEM,AV CONSELHEIRO AGUIAR,4,2034,,AO LADO DO BANCO SANTANDER,,,,BOA VIAGEM,COLISÃO TRASEIRA,,1,1,0,0,0,0,0,0,0,1,0,,CIDADE,Cruzamento,Bom,Não existe,Perfeito estado,Seca,Perfeito estado,Não existe,Placas Pare,,Única,Faixa seccionada,,,,
2021-11-12,16:41:00,COM VÍTIMA,FINALIZADA,SAO JOSE,AV DANTAS BARRETO,3,906,,EM FRENTE AO NE 906,,,,SÃO JOSÉ,ATROPELAMENTO DE PESSOA,,1,0,0,0,1,0,0,0,0,1,0,,SUBURBIO,Longo da via,Bom,Não existe,Perfeito estado,Seca,Perfeito estado,Não existe,Outras,,Dupla,Faixa contínua,,,,
2021-11-12,17:15:00,COM VÍTIMA,FINALIZADA,VASCO DA GAMA,AV VEREADOR OTACILIO AZEVEDO,3,960,RUA TUPIRACABA,APÓS A UPA,,,,VASCO DA GAMA,COLISÃO FRONTAL,,0,1,0,0,0,1,0,0,0,1,0,,SUBURBIO,Cruzamento,Bom,Não existe,Não existente,Seca,Perfeito estado,Não existe,Não há placas,,Dupla,Não existe,,,,
2021-11-12,18:21:00,COM VÍTIMA,FINALIZADA,LINHA DO TIRO,RUA URIEL DE HOLANDA,3,114,RUA TAGUATINGA,NA LADEIRA  PRÓX AO CLUBE BELA VISTA,,,,LINHA DO TIRO,ENGAVETAMENTO,,1,1,0,0,0,0,1,0,0,4,0,,,Cruzamento,Bom,Não existe,,,,,,,,,,,,
2021-11-12,21:11:40,COM VÍTIMA,FINALIZADA,CORDEIRO,AV ENGENHEIRO ABDIAS DE CARVALHO,3,687,,PROX AO SUPERMECADO DO ATACAREJO,,,,CORDEIRO,COLISÃO TRANSVERSAL,,1,1,0,0,0,0,0,0,0,1,0,687,CIDADE,Longo da via,Bom,Sem defeito,Perfeito estado,Seca,Perfeito estado,Faixa de pedestre,Não há placas,,,Faixa seccionada,,,,
2021-11-12,21:49:40,COM VÍTIMA,FINALIZADA,TAMARINEIRA,AV CONS ROSA E SILVA,0,,RUA SIMAO MENDES,FARMÁCIA PAGUE MENOS,,,,TAMARINEIRA,COLISÃO TRANSVERSAL,,1,1,0,0,0,0,0,0,0,1,0,253,S,Cruzamento,Chuvoso,Sem defeito,Perfeito estado,Molhada,Perfeito estado,Faixa de pedestre,Outras,,Única,Faixa contínua,,,,
2021-11-12,22:33:40,VÍTIMA FATAL,FINALIZADA,IPUTINGA,RUA BOM PASTOR,3,670,RUA MAURICEIA,EM FRENTE PONTO DO PASTEL,,,,IPUTINGA,ATROPELAMENTO DE PESSOA,,1,0,0,0,3,0,0,0,0,3,1,652,SUBURBIO,Longo da via,Bom,Intermitente,Perfeito estado,Seca,Perfeito estado,Faixa de pedestre,Não há placas,,Dupla,Faixa seccionada,,,,
2021-11-13,18:14:00,COM VÍTIMA,FINALIZADA,VARZEA,RUA AMARO GOMES POROCA,3,232,,PRÓXIMO AO RESTAURANTE BRAZETUS,,,,VÁRZEA,COLISÃO COM CICLISTA,,0,0,0,1,0,1,0,0,0,1,0,,,Longo da via,Bom,Não existe,Perfeito estado,Seca,Perfeito estado,Não existe,Não há placas,,Dupla,Faixa seccionada,,,,
2021-11-13,23:14:40,COM VÍTIMA,FINALIZADA,TORRE,RUA JOSE BONIFACIO,0,,,EM FRENTE AO CARREFOUR DA TORRE,,,,TORRE,COLISÃO LATERAL,,1,1,0,0,0,0,0,0,0,1,0,,,,,,,,,,,,,,,,,
2021-11-14,12:43:00,COM VÍTIMA,FINALIZADA,IPUTINGA,AV MAURICIO DE NASSAU,3,434,EST DO BARBALHO,NO SEMÁFORO 246,,,,IPUTINGA,COLISÃO FRONTAL,,2,0,0,0,0,0,0,0,0,1,0,246,CIDADE,Cruzamento,Bom,Sem defeito,Perfeito estado,Seca,Perfeito estado,Faixa de pedestre,Não há placas,,Dupla,Faixa contínua,,,,
2021-11-14,15:57:00,COM VÍTIMA,FINALIZADA,ALTO JOSE DO PINHO,RUA ACAIACA,2,21,,MERCADINHO SANTA FÉ,,,,ALTO JOSÉ DO PINHO,CHOQUE,,2,1,0,0,0,0,0,0,0,1,0,,,Longo da via,Bom,Não existe,Perfeito estado,Seca,Perfeito estado,Não existe,Não há placas,,Dupla,Não existe,,,,
2021-11-14,21:31:40,COM VÍTIMA,FINALIZADA,MUSTARDINHA,RUA VINTE E UM DE ABRIL,4,1245,AV MUSTARDINHA,lado oposto ao numero 1245,,,,MUSTARDINHA,COLISÃO TRASEIRA,,1,1,0,0,0,0,0,0,0,1,0,,SUBURBIO,Longo da via,Bom,Não existe,Perfeito estado,Seca,Mal iluminada,Não existe,Não há placas,,Dupla,Faixa seccionada,,,,
2021-11-14,22:20:40,COM VÍTIMA,FINALIZADA,PINA,RUA TOME GIBSON,3,230,AV ENGENHEIRO DOMINGOS FERREIRA,PRÓX A ESCOLA OSVALDO LIMA FILHO,,,,PINA,COLISÃO FRONTAL,,1,1,0,0,0,0,0,0,0,1,0,200,SUBURBIO,Cruzamento,Bom,Sem defeito,Perfeito estado,Seca,Perfeito estado,Faixa de pedestre,R-6a,60 km/h,Dupla,Faixa contínua,,,,
2021-11-15,19:09:00,COM VÍTIMA,FINALIZADA,IMBIRIBEIRA,AV MARECHAL MASCARENHAS DE MORAES,4,1999,,PRÓX AO AÇAI ATACADISTA  SNT CENTRO / E/F A SAEL BMW,,,,IMBIRIBEIRA,COLISÃO TRASEIRA,,1,1,0,0,0,0,0,0,0,1,0,,SUBURBIO,Longo da via,Bom,Não existe,Incompleta,Seca,Perfeito estado,Não existe,Não há placas,60 km/h,Dupla,Canteiro central,,,,
2021-11-15,20:23:00,COM VÍTIMA,FINALIZADA,CORDEIRO,AV GENERAL SAN MARTIN,3,835,,E/F A IGREJA NOVA BATISTA DO CORDEIRO,,,,CORDEIRO,COLISÃO LATERAL,,1,1,0,0,0,0,0,0,0,1,0,,,Longo da via,Bom,Não existe,Perfeito estado,Seca,Perfeito estado,Não existe,R-6a,,Dupla,Faixa contínua,,,,
2021-11-16,00:39:00,COM VÍTIMA,FINALIZADA,ARRUDA,RUA DO MACHADO,3,437,RUA DO TRIUNFO,PADARIA CENTRAL,,,,ARRUDA,COLISÃO FRONTAL,,1,1,0,0,0,0,0,0,0,2,0,,SUBURBIO,Cruzamento,Bom,Não existe,Ilegível,Seca,,Não existe,Placas Pare,30 km/h,Dupla,Não existe,,,,
2021-11-16,07:32:00,COM VÍTIMA,FINALIZADA,CASA AMARELA,RUA DOIS DE FEVEREIRO,3,344,,PROX. A SAULO MOTOS,,,,CASA AMARELA,COLISÃO FRONTAL,,1,1,0,0,0,0,0,0,0,1,0,,CIDADE,Longo da via,Bom,Não existe,Incompleta,Seca,Perfeito estado,Não existe,R-19,30 km/h,Dupla,Não existe,,,,
2021-11-16,08:33:00,COM VÍTIMA,FINALIZADA,CABANGA,RUA CAPITAO TEMUDO,0,,,EM CIMA DO VIADUTO DO CABANGA (SENT. BOA VIAGEM) // ALÇA DE TRANSPORTE,,,,CABANGA,COLISÃO TRASEIRA,,2,0,0,0,0,1,0,0,0,2,0,,SUBURBIO,Longo da via,Bom,Não existe,Perfeito estado,Seca,Perfeito estado,Não existe,Não há placas,60 km/h,Única,Faixa seccionada,,,,
2021-11-16,09:07:00,COM VÍTIMA,FINALIZADA,SANTO AMARO,AV GOVERNADOR AGAMENON MAGALHAES,4,2805,,EM FRENTE AO EDF HENRIQUE DIAS,,,,SANTO AMARO,COLISÃO TRANSVERSAL,,2,0,0,0,0,0,1,0,0,1,0,,OLINDA,Longo da via,Bom,Não existe,Perfeito estado,Seca,Perfeito estado,Não existe,Não há placas,60 km/h,Dupla,Canal,,,,
2021-11-16,12:47:00,COM VÍTIMA,FINALIZADA,TORROES,AV ENGENHEIRO ABDIAS DE CARVALHO,3,348,,LADO OPOSTO AO POSTO DE GASOLINA BR,,,,TORRÕES,COLISÃO TRASEIRA,,0,1,0,0,0,0,0,0,0,1,0,,CIDADE,Longo da via,Bom,Não existe,Perfeito estado,Seca,Perfeito estado,Não existe,Não há placas,,Única,Faixa seccionada,,,,
2021-11-16,12:58:00,COM VÍTIMA,FINALIZADA,SANTO AMARO,AV GOVERNADOR AGAMENON MAGALHAES,0,,,EM FRENTE A UPE/ SENTIDO OLINDA,,,,SANTO AMARO,COLISÃO FRONTAL,,1,1,0,0,0,0,0,0,0,2,0,,,Longo da via,Bom,Sem defeito,Perfeito estado,Seca,Perfeito estado,Não existe,Não há placas,60 km/h,Única,Faixa seccionada,,,,
2021-11-16,18:57:00,COM VÍTIMA,FINALIZADA,IMBIRIBEIRA,AV MARECHAL MASCARENHAS DE MORAES,4,5875,,EM FRENTE A MOVIDA,,,,IMBIRIBEIRA,QUEDA,,0,1,0,0,0,0,0,0,0,1,0,,CIDADE,Longo da via,Bom,Sem defeito,Perfeito estado,Seca,Perfeito estado,,Outras,60 km/h,Dupla,Canteiro central,,,,
2021-11-16,20:07:00,COM VÍTIMA,FINALIZADA,IMBIRIBEIRA,AV MARECHAL MASCARENHAS DE MORAES,0,,,EM FRENTE A PRAÇA MIN SALGADO FILHO,,,,IMBIRIBEIRA,ATROPELAMENTO DE PESSOA,,0,0,0,0,1,0,0,0,0,1,0,570,SUBURBIO,Longo da via,Bom,Sem defeito,Perfeito estado,Seca,Perfeito estado,Faixa de pedestre,Outras,,Dupla,Canteiro central,,,,
2021-11-16,22:10:40,COM VÍTIMA,FINALIZADA,JORDAO,RUA VIRGINOPOLIS,3,206,,PRÓX AO TERMINAL DE ONIBUS,,,,JORDÃO,ATROPELAMENTO DE PESSOA,,1,0,0,0,2,0,0,0,0,2,0,,SUBURBIO,Longo da via,Bom,Não existe,Perfeito estado,Seca,Perfeito estado,Não existe,Não há placas,,Única,Não existe,,,,
2021-11-17,07:45:00,COM VÍTIMA,FINALIZADA,IBURA,AV DOM HELDER CAMARA,0,,AV DOM HELDER CAMARA,EM FRENTE A CASA DA BATERIA,,,,IBURA,COLISÃO FRONTAL,,1,1,0,0,0,0,0,0,0,1,0,,CIDADE,Longo da via,Bom,Não existe,Perfeito estado,Seca,Perfeito estado,Não existe,Não há placas,,Dupla,Canteiro central,,,,
2021-11-17,09:05:00,COM VÍTIMA,FINALIZADA,AFOGADOS,RUA PROFESSOR AUGUSTO WANDERLEY FILHO,0,,,ENIIL,,,,AFOGADOS,COLISÃO TRANSVERSAL,,1,1,0,0,0,0,0,0,0,1,0,,,Cruzamento,Bom,Sem defeito,Perfeito estado,Seca,Perfeito estado,Faixa de pedestre,Não há placas,,Única,Faixa seccionada,,,,
2021-11-17,09:17:00,COM VÍTIMA,FINALIZADA,CASA AMARELA,AV NORTE MIGUEL ARRAES DE ALENCAR,4,6173,,E/F A IGREJA QUADRANGULAR,,,,CASA AMARELA,ATROPELAMENTO DE PESSOA,,0,1,0,0,1,0,0,0,0,1,0,,CIDADE,Longo da via,Bom,Sem defeito,Perfeito estado,Seca,Perfeito estado,Não existe,,,Dupla,Faixa seccionada,,,,
2021-11-17,10:52:00,COM VÍTIMA,FINALIZADA,IMBIRIBEIRA,AV DOM JOAO VI,0,,RUA SOLDADO SINESIO DE ARAGAO,EM FRENTE AO SEMAFORO 639,,,,IMBIRIBEIRA,COLISÃO TRASEIRA,,0,1,0,0,0,0,1,0,0,1,0,639,SUBURBIO,Cruzamento,Bom,Sem defeito,Perfeito estado,Seca,Perfeito estado,Faixa de pedestre,Não há placas,,Dupla,Canal,Faixa contínua,,,
2021-11-17,13:15:00,COM VÍTIMA,FINALIZADA,IBURA,AV DOIS RIOS,0,,RUA PINTOR AGENOR DE ALBUQUERQUE CESAR,SOB O SEMÁFORO,,,,IBURA,COLISÃO TRANSVERSAL,,1,1,0,0,0,0,0,0,0,1,0,561,SUBURBIO,Esquina,Bom,Sem defeito,Perfeito estado,Seca,Perfeito estado,Faixa de pedestre,Outras,60 km/h,Dupla,Faixa seccionada,,,,
2021-11-17,14:32:00,COM VÍTIMA,FINALIZADA,CAXANGA,AV CAXANGA,0,,,E/F  A UPA S/T CID,,,,CAXANGÁ,QUEDA,,0,1,0,0,0,0,0,0,0,1,0,281,CIDADE,Longo da via,Bom,Sem defeito,Perfeito estado,Seca,Perfeito estado,Agente,R-32,60 km/h,Dupla,Faixa contínua,Faixa seccionada,Canteiro central,,
2021-11-17,14:46:00,COM VÍTIMA,FINALIZADA,ESPINHEIRO,AV GOVERNADOR AGAMENON MAGALHAES,4,2265,,EM FRENTE AO EDIFICIO VISCONDE DE UTINGA,,,,ESPINHEIRO,COLISÃO LATERAL,,1,1,0,0,0,0,0,0,0,2,0,,,Longo da via,Bom,Não existe,Perfeito estado,Seca,Perfeito estado,Não existe,Não há placas,60 km/h,Dupla,Canteiro central,,,,
2021-11-17,14:59:00,COM VÍTIMA,FINALIZADA,ENCRUZILHADA,EST DE BELEM,3,207,RUA DONA JULIETA,E/F A IGREJA DE BELEM,,,,ENCRUZILHADA,COLISÃO TRANSVERSAL,,1,1,0,0,0,0,0,0,0,1,0,,SUBURBIO,Cruzamento,Bom,Não existe,Perfeito estado,Seca,Perfeito estado,Não existe,Não há placas,,Dupla,Faixa contínua,,,,
2021-11-17,16:06:00,COM VÍTIMA,FINALIZADA,MADALENA,RUA BENFICA,3,676,,CHURRASCARIA AFOX,,,,MADALENA,COLISÃO TRASEIRA,,1,1,0,0,0,0,0,0,0,1,0,,CIDADE,Longo da via,Bom,Não existe,Perfeito estado,Seca,Perfeito estado,Não existe,R-6a,,Dupla,Faixa contínua,Canteiro central,,,
2021-11-17,18:23:00,COM VÍTIMA,FINALIZADA,MADALENA,AV CAXANGA,3,400,,PROX AO BANCO SANTANDER,,,,MADALENA,ATROPELAMENTO DE PESSOA,,1,0,0,0,1,0,0,0,0,1,0,,SUBURBIO,Longo da via,Bom,Não existe,Perfeito estado,Seca,Perfeito estado,Não existe,Não há placas,,Dupla,Canteiro central,,,,
2021-11-17,20:01:00,COM VÍTIMA,FINALIZADA,IPSEP,RUA HELIO BRANDAO,3,340,RUA ALAGOAS,AO LADO DO N° 340,,,,IPSEP,ATROPELAMENTO DE PESSOA,,1,0,0,0,1,0,0,0,0,1,0,,,Longo da via,Bom,Não existe,Ilegível,Seca,Mal iluminada,Não existe,R-6a,,Dupla,Faixa seccionada,,,,
2021-11-17,22:44:40,COM VÍTIMA,FINALIZADA,BOA VIAGEM,RUA VISCONDE DE JEQUITINHONHA,3,680,RUA BALTAZAR PASSOS,EM FRENTE AO SEMÁFORO NÚMERO 154,,,,BOA VIAGEM,,,1,1,0,0,0,0,0,0,0,2,0,154,,Cruzamento,Bom,Sem defeito,Perfeito estado,Seca,Perfeito estado,Faixa de retenção,Não há placas,60 km/h,Única,Faixa contínua,,,,
2021-11-18,07:18:00,COM VÍTIMA,FINALIZADA,ILHA DO LEITE,RUA PAISSANDU,0,,,EM FRENTE AO HOSPITAL SÃO MARCOS,,,,ILHA DO LEITE,QUEDA,,0,1,0,0,0,0,0,0,0,1,0,,CIDADE,Longo da via,Chuvoso,Sem defeito,Perfeito estado,Seca,Perfeito estado,Não existe,Não há placas,,Dupla,Faixa contínua,Blocos,,,
2021-11-18,14:07:00,COM VÍTIMA,FINALIZADA,APIPUCOS,RUA DOIS IRMAOS,3,165,,EM FRENTE A ASSOCIAÇÃO BRASILEIRA DE ODONTOLOGIA,,,,APIPUCOS,COLISÃO TRASEIRA,,1,1,0,0,0,0,0,0,0,1,0,,CIDADE,Longo da via,Bom,Não existe,Perfeito estado,Seca,Perfeito estado,Não existe,R-6a,,Dupla,Faixa contínua,,,,
2021-11-18,15:58:00,COM VÍTIMA,FINALIZADA,IMBIRIBEIRA,AV MARECHAL MASCARENHAS DE MORAES,4,1511,,EM FRENTE AO DEPOSITO LASER,,,,IMBIRIBEIRA,COLISÃO TRASEIRA,,0,0,0,1,0,1,0,0,0,1,0,,CIDADE,Longo da via,Bom,Não existe,Perfeito estado,Seca,Perfeito estado,Não existe,Não há placas,,Dupla,Canteiro central,,,,
2021-11-18,16:37:00,COM VÍTIMA,FINALIZADA,ROSARINHO,AV NORTE MIGUEL ARRAES DE ALENCAR,4,2760,RUA CEARA,EM FRENTE AO N° 2760,,,,ROSARINHO,COLISÃO TRASEIRA,,1,1,0,0,0,0,0,0,0,1,0,45,SUBURBIO,Esquina,Chuvoso,Sem defeito,Perfeito estado,Molhada,Perfeito estado,Não existe,R-6a,,Dupla,Canteiro central,,,,
2021-11-18,20:28:00,COM VÍTIMA,FINALIZADA,BOA VIAGEM,AV ENGENHEIRO DOMINGOS FERREIRA,0,,RUA BRUNO VELOSO,SEMAFORO 338,,,,BOA VIAGEM,COLISÃO LATERAL,,1,1,0,0,0,0,0,0,0,1,0,,,,,,,,,,,,,,,,,
2021-11-19,07:03:00,COM VÍTIMA,FINALIZADA,ENCRUZILHADA,AV BEBERIBE,3,335,RUA FERNANDO CESAR,EM FRENTE AO BANCO DO BRASIL,,,,ENCRUZILHADA,COLISÃO FRONTAL,,1,1,0,0,0,0,0,0,0,1,0,238,SUBURBIO,Cruzamento,Bom,Sem defeito,Perfeito estado,Seca,Perfeito estado,Outros,R-4a,,Dupla,Faixa contínua,Faixa seccionada,,,
2021-11-19,09:11:00,COM VÍTIMA,FINALIZADA,CASA AMARELA,EST DO ENCANAMENTO,4,1284,RUA PROFESSOR ALVARO LIMA,E/F A CASA DE FESTAS ESTRIPULIA,,,,CASA AMARELA,COLISÃO TRANSVERSAL,,2,0,0,0,0,0,0,0,0,1,0,,CIDADE,Cruzamento,Bom,Não existe,Perfeito estado,Seca,,Não existe,Placas Pare,,Única,Faixa seccionada,,,,
2021-11-19,16:42:00,COM VÍTIMA,FINALIZADA,DERBY,AV GOVERNADOR AGAMENON MAGALHAES,4,1160,,EM FRENTE AO TRIBUNAL ELEITORAL DE RECIFE,,,,DERBY,COLISÃO TRANSVERSAL,,1,1,0,0,0,0,0,0,0,1,0,37,BOA VIAGEM,Cruzamento,Bom,Sem defeito,Perfeito estado,Seca,Perfeito estado,Faixa de pedestre,Não há placas,60 km/h,Dupla,Canteiro central,,,,
2021-11-19,18:09:00,COM VÍTIMA,FINALIZADA,CASA AMARELA,RUA DA HARMONIA,3,214,,PROX A IGREJA DA HARMONIA,,,,CASA AMARELA,COLISÃO FRONTAL,,1,1,0,0,0,0,0,0,0,1,0,,,Longo da via,Bom,Não existe,Perfeito estado,Seca,Perfeito estado,Não existe,Não há placas,,Dupla,Faixa seccionada,,,,
2021-11-19,20:49:00,COM VÍTIMA,FINALIZADA,LINHA DO TIRO,RUA SODRELANDIA,2,92,,NA SUBIDA PROX AO CAMPO DO CAFÉ,,,,LINHA DO TIRO,CAPOTAMENTO,,0,0,0,0,0,0,0,0,0,1,0,,SUBURBIO,Longo da via,Bom,Não existe,,Seca,Perfeito estado,Não existe,,,Dupla,Não existe,,,,