data,hora,natureza_acidente,situacao,bairro,endereco,,numero,detalhe_endereco_acidente,complemento,endereco_cruzamento,numero_cruzamento,referencia_cruzamento,bairro_cruzamento,tipo,descricao,auto,moto,ciclom,ciclista,pedestre,onibus,caminhao,viatura,outros,vitimas,vitimasfatais,num_semaforo,sentido_via,acidente_verificado,tempo_clima,situacao_semaforo,sinalizacao,condicao_via,conservacao_via,ponto_controle,situacao_placa,velocidade_max_via,mao_direcao,divisao_via1,divisao_via2,divisao_via3,_id,Protocolo
2021-11-20,05:39:00,COM VÍTIMA,FINALIZADA,ARRUDA,AV PROFESSOR JOSE DOS ANJOS,3,100,,EM FRENTE A ECO ESTAÇÃO,,,,ARRUDA,COLISÃO FRONTAL,,1,1,0,0,0,0,0,0,0,1,0,,DUPLO,Longo da via,Bom,Não existe,Perfeito estado,Seca,Perfeito estado,Não existe,Não há placas,,Dupla,Não existe,,,,
2021-11-20,11:22:00,COM VÍTIMA,FINALIZADA,CAJUEIRO,AV CIDADE DE MONTEIRO,0,,,EM FRENTE AO HORTE FRUTE ESPERANÇA,,,,CAJUEIRO,COLISÃO FRONTAL,,1,1,0,0,0,0,0,0,0,1,0,,SUBURBIO,Longo da via,Nublado,Não existe,Perfeito estado,Seca,Perfeito estado,Outros,R-6a,40 km/h,Dupla,Faixa contínua,,,,
2021-11-20,12:26:00,COM VÍTIMA,FINALIZADA,CASA AMARELA,RUA CONS NABUCO,3,151,RUA EVARISTO DA VEIGA,EM FRENTE AO EDIFICIO TRINDADE,,,,CASA AMARELA,COLISÃO FRONTAL,,1,1,0,0,0,0,0,0,0,1,0,,CIDADE,Esquina,Bom,Não existe,Incompleta,Seca,Perfeito estado,Não existe,Outras,,Dupla,Não existe,,,,
2021-11-20,19:25:00,COM VÍTIMA,FINALIZADA,JARDIM SAO PAULO,AV SAO PAULO,4,6553,RUA PROF ZENIA GUERRA,PROX A FARMACIA PRIME,,,,JARDIM SÃO PAULO,COLISÃO FRONTAL,,1,1,0,0,0,0,0,0,0,1,0,,CIDADE,Longo da via,Bom,Não existe,Não existente,Seca,Perfeito estado,Não existe,Não há placas,60 km/h,Dupla,Faixa seccionada,,,,
2021-11-20,22:47:40,COM VÍTIMA,FINALIZADA,MADALENA,AV JOSE GONCALVES DE MEDEIROS,3,336,,E/F AO MC DONALDS,,,,MADALENA,COLISÃO FRONTAL,,1,1,0,0,0,0,0,0,0,1,0,355,CIDADE,Longo da via,Bom,Sem defeito,Perfeito estado,Seca,Perfeito estado,,Não há placas,,Dupla,Canteiro central,,,,
2021-11-21,02:40:00,COM VÍTIMA,FINALIZADA,GRACAS,RUA AMELIA,3,670,AV CONS ROSA E SILVA,,,,,GRAÇAS,COLISÃO TRANSVERSAL,,1,1,0,0,0,0,0,0,0,1,0,46,,Cruzamento,Bom,Sem defeito,Perfeito estado,Seca,Perfeito estado,,,,,,,,,
2021-11-21,09:17:00,COM VÍTIMA,FINALIZADA,ILHA JOANA BEZERRA,AV MARTIN LUTHER KING,2,23,RUA IBIRAMA,ACADEMIA DA CIDADE,,,,JOANA BEZERRA,CAPOTAMENTO,,1,0,0,0,0,0,0,0,0,1,0,,CIDADE,Longo da via,Bom,Não existe,Perfeito estado,Seca,Perfeito estado,Outros,Outras,,Única,Canteiro central,,,,
2021-11-21,10:21:00,COM VÍTIMA,FINALIZADA,IMBIRIBEIRA,RUA ITAJAI,3,299,,LADO OPOSTO AO 162,,,,IMBIRIBEIRA,COLISÃO TRANSVERSAL,,1,1,0,0,0,0,0,0,0,1,0,,SUBURBIO,Cruzamento,Bom,Não existe,Perfeito estado,Seca,Perfeito estado,Faixa de pedestre,Não há placas,70 km/h,Única,Faixa seccionada,,,,
2021-11-21,17:28:00,COM VÍTIMA,FINALIZADA,BOA VIAGEM,RUA ANTONIO PASSOS,3,130,RUA JOSE MOREIRA LEAL,ESQUINA DO COLEGIO ELO,,,,BOA VIAGEM,COLISÃO FRONTAL,,2,0,0,0,0,0,0,0,0,1,0,,SUBURBIO,Cruzamento,Bom,Não existe,Perfeito estado,Seca,Perfeito estado,Não existe,Não há placas,,Única,Não existe,,,,
2021-11-22,00:06:00,COM VÍTIMA,FINALIZADA,BOA VIAGEM,AV CELSO FURTADO,0,,RUA TOME GIBSON,CONVENTO SÃO FELIX,,,,BOA VIAGEM,COLISÃO FRONTAL,,0,0,0,1,0,0,0,0,0,2,0,,CIDADE,Longo da via,Bom,Não existe,Perfeito estado,Seca,Perfeito estado,Não existe,Não há placas,60 km/h,Dupla,Canteiro central,,,,
2021-11-22,08:29:00,COM VÍTIMA,FINALIZADA,ESPINHEIRO,AV JOAO DE BARROS,3,665,RUA CONS PORTELA,APÓS A ESCOLA ETEPAM/ entrada da rua  CARNEIRO VILELA...O SOLICITANTE ESTÁ EM FRENTE A GALERIA CONSELHEIRO PORTELA,,,,ESPINHEIRO,COLISÃO FRONTAL,,1,1,0,0,0,0,0,0,0,1,0,,SUBURBIO,Cruzamento,Bom,Não existe,Perfeito estado,Seca,Perfeito estado,Faixa de pedestre,,,Única,Faixa contínua,Faixa seccionada,,,
2021-11-22,10:37:00,COM VÍTIMA,FINALIZADA,FUNDAO,AV BEBERIBE,0,,,EM FRENTE AO PAGODE DA PRESSÃO,,,,FUNDÃO,COLISÃO TRASEIRA,,1,1,0,0,0,0,0,0,0,1,0,153,CIDADE,Longo da via,Bom,Sem defeito,Perfeito estado,Seca,Perfeito estado,Faixa de pedestre,,,Dupla,Faixa contínua,,,,
2021-11-22,11:43:00,COM VÍTIMA,FINALIZADA,TAMARINEIRA,RUA CONEGO BARATA,3,275,,E/F AO HOSPITAL HELENA MOURA,,,,TAMARINEIRA,COLISÃO FRONTAL,,0,1,0,0,0,0,0,0,0,1,0,,CIDADE,Longo da via,Bom,Não existe,Não existente,Seca,Perfeito estado,Não existe,Não há placas,60 km/h,Única,Faixa seccionada,,,,
2021-11-22,11:56:00,COM VÍTIMA,FINALIZADA,BOA VIAGEM,AV ENGENHEIRO DOMINGOS FERREIRA,4,1761,,EM FRENTE SUPERMERCADO EXTRA,,,,BOA VIAGEM,COLISÃO FRONTAL,,0,2,0,0,0,0,0,0,0,1,0,,SUBURBIO,Longo da via,Bom,Não existe,Perfeito estado,Seca,Perfeito estado,Não existe,Não há placas,60 km/h,Única,Canteiro central,,,,
2021-11-23,08:02:00,COM VÍTIMA,FINALIZADA,BOA VIAGEM,RUA RIBEIRO DE BRITO,4,3984,RUA DOS NAVEGANTES,PRÓXIMO EDIFICIO HOLIDAY,,,,BOA VIAGEM,COLISÃO TRANSVERSAL,,1,1,0,0,0,0,0,0,0,1,0,,CIDADE,Cruzamento,Bom,Não existe,Perfeito estado,Seca,Perfeito estado,Não existe,Placas Pare,,Única,Não existe,,,,
2021-11-23,08:41:00,COM VÍTIMA,FINALIZADA,VARZEA,RUA VALE DO SIRIJI,2,78,,LADO OPOSTO FELIPE JATO,,,,VÁRZEA,COLISÃO COM CICLISTA,,1,0,0,1,0,0,0,0,0,1,0,,SUBURBIO,Cruzamento,Bom,Não existe,Incompleta,Seca,Perfeito estado,Não existe,R-6a,,Dupla,Outros,,,,
2021-11-23,08:41:00,COM VÍTIMA,FINALIZADA,CABANGA,AV ENGENHEIRO JOSE ESTELITA,3,S/N,,EM FRENTE AO CABANGA IATE CLUBE,,,,CABANGA,COLISÃO COM CICLISTA,,0,0,0,1,0,1,0,0,0,1,0,,CIDADE,Longo da via,Bom,Não existe,Incompleta,Seca,Perfeito estado,Não existe,Outras,60 km/h,Dupla,Faixa contínua,,,,
2021-11-23,10:08:00,COM VÍTIMA,FINALIZADA,MADALENA,AV ENGENHEIRO ABDIAS DE CARVALHO,0,,RUA JOAO IVO DA SILVA,E/F A HABIB'S,,,,MADALENA,CHOQUE,,1,0,0,0,0,0,0,0,0,1,0,132,CIDADE,Cruzamento,Bom,Sem defeito,Perfeito estado,Seca,Perfeito estado,Faixa de pedestre,Outras,60 km/h,Dupla,Canteiro central,,,,
2021-11-23,12:40:00,COM VÍTIMA,FINALIZADA,ALTO JOSE DO PINHO,RUA HORACIO SILVA,3,218,,PONTO DOS SALGADOS,,,,ALTO JOSÉ DO PINHO,ATROPELAMENTO DE PESSOA,,1,0,0,0,1,0,0,0,0,1,0,,SUBURBIO,Longo da via,Bom,Não existe,Perfeito estado,Seca,Perfeito estado,Não existe,R-6a,,Dupla,Não existe,,,,
2021-11-23,12:42:00,COM VÍTIMA,FINALIZADA,CORDEIRO,EST DO FORTE DO ARRAIAL N. DO B. JESUS,3,555,,KROC KROC FRANGO CROCANTE,,,,CORDEIRO,COLISÃO TRANSVERSAL,,1,1,0,0,0,0,0,0,0,1,0,,CIDADE,Cruzamento,Bom,Não existe,Perfeito estado,Seca,Perfeito estado,Faixa de retenção,Não há placas,,Dupla,Faixa contínua,Faixa seccionada,,,
2021-11-23,16:34:00,COM VÍTIMA,FINALIZADA,MADALENA,RUA BENFICA,0,,,AO LADO DA PRAÇA DA BANDEIRA,,,,MADALENA,COLISÃO FRONTAL,,1,1,0,0,0,0,0,0,0,1,0,,CIDADE,Cruzamento,Bom,Não existe,Incompleta,Seca,Perfeito estado,Não existe,Outras,30 km/h,Única,Blocos,,,,
2021-11-23,18:32:00,COM VÍTIMA,FINALIZADA,BOA VISTA,PRC PARQUE AMORIM,0,,AV GOVERNADOR AGAMENON MAGALHAES,EM FRENTE AO SUPER BOM PREÇO,,,,BOA VISTA,COLISÃO FRONTAL,,0,2,0,0,0,0,0,0,0,1,0,173,SUBURBIO,Esquina,Bom,Sem defeito,Perfeito estado,Seca,Perfeito estado,Faixa de pedestre,Outras,60 km/h,Única,Faixa contínua,Faixa seccionada,,,
2021-11-23,19:17:00,COM VÍTIMA,FINALIZADA,TEJIPIO,AV DR JOSE RUFINO,4,3886,,PRÓX AO ARMAZÉM CORAL,,,,TEJIPIÓ,COLISÃO TRASEIRA,,1,0,0,0,0,1,0,0,0,1,0,,SUBURBIO,Longo da via,Bom,Não existe,Perfeito estado,Seca,Perfeito estado,Outros,Outras,,Dupla,Faixa contínua,,,,
2021-11-24,07:53:00,COM VÍTIMA,FINALIZADA,PAISSANDU,RUA GENERAL JOAQUIM INACIO,0,,AV GOVERNADOR AGAMENON MAGALHAES,SOB O SEMÁFORO 69,,,,PAISSANDU,COLISÃO TRANSVERSAL,,1,1,0,0,0,0,0,0,0,1,0,69,SUBURBIO,Cruzamento,Bom,Sem defeito,Perfeito estado,Seca,Perfeito estado,Agente,Outras,40 km/h,Única,Faixa seccionada,,,,
2021-11-24,10:03:00,COM VÍTIMA,FINALIZADA,SANTO ANTONIO,RUA SIQUEIRA CAMPOS,0,,AV DANTAS BARRETO,SOB O SEMÁFORO 141,,,,SANTO ANTÔNIO,COLISÃO TRANSVERSAL,,1,1,0,0,0,0,0,0,0,2,0,141,,Cruzamento,Bom,Sem defeito,Perfeito estado,Seca,Perfeito estado,Faixa de pedestre,Não há placas,40 km/h,Única,Não existe,,,,
2021-11-24,11:58:00,COM VÍTIMA,FINALIZADA,ILHA DO LEITE,AV GOVERNADOR AGAMENON MAGALHAES,0,,,EM FRENTE AO HOSPITAL PORTUGUES- PISTA PRINCIPAL,,,,ILHA DO LEITE,COLISÃO TRASEIRA,,1,1,0,0,0,0,0,0,0,1,0,64,BOA VIAGEM,Longo da via,Bom,Sem defeito,Perfeito estado,Seca,Perfeito estado,Faixa de pedestre,Não há placas,60 km/h,Dupla,Canal,,,,
2021-11-24,12:20:00,COM VÍTIMA,FINALIZADA,ARRUDA,RUA MEM DE SA,3,226,,EM FRENTE À COCA-COLA,,,,ARRUDA,COLISÃO FRONTAL,,1,1,0,0,0,0,0,0,0,1,0,,CIDADE,Longo da via,Bom,Não existe,Não existente,Seca,Perfeito estado,Não existe,Não há placas,,Dupla,Faixa seccionada,,,,
2021-11-24,18:22:00,COM VÍTIMA,FINALIZADA,MADALENA,AV CAXANGA,3,409,,PROX A LOJA DE CREDITOS BMG,,,,MADALENA,ATROPELAMENTO DE PESSOA,,0,1,0,0,1,0,0,0,0,1,0,,CIDADE,Longo da via,Bom,Sem defeito,Perfeito estado,Seca,Perfeito estado,Faixa de retenção,,,Única,Faixa contínua,Faixa seccionada,,,
2021-11-24,18:45:00,COM VÍTIMA,FINALIZADA,BONGI,RUA DELMIRO GOUVEIA,0,,RUA QUINZE DE MARCO,E/F A CHESF,,,,BONGI,COLISÃO TRANSVERSAL,,1,1,0,0,0,0,0,0,0,1,0,,CIDADE,Cruzamento,Bom,Não existe,Não existente,Seca,Mal conservada,,Não há placas,40 km/h,Dupla,Não existe,,,,
2021-11-25,08:39:00,COM VÍTIMA,FINALIZADA,VARZEA,AV CAXANGA,4,5362,,E/F AO GOLF CLUB,,,,VÁRZEA,CHOQUE,,0,1,0,0,0,0,0,0,0,1,0,,CIDADE,Longo da via,Bom,Não existe,Perfeito estado,Seca,Perfeito estado,Não existe,R-6a,60 km/h,Dupla,Faixa contínua,Faixa seccionada,Canteiro central,,
2021-11-25,09:12:00,COM VÍTIMA,FINALIZADA,VARZEA,AV CAXANGA,0,,,EM FRENTE AO GOLF CLUBE,,,,VÁRZEA,COLISÃO COM CICLISTA,,0,1,0,1,0,0,0,0,0,1,0,,SUBURBIO,Longo da via,Bom,Não existe,Perfeito estado,Seca,Perfeito estado,Não existe,Outras,60 km/h,Dupla,Faixa contínua,Faixa seccionada,Canteiro central,,
2021-11-25,16:03:00,COM VÍTIMA,FINALIZADA,PINA,AV BRASILIA FORMOSA,2,28,,ESCOLA PENA AZUL,,,,PINA,COLISÃO FRONTAL,,1,1,0,0,0,0,0,0,0,1,0,,SUBURBIO,Longo da via,Bom,Não existe,Perfeito estado,Seca,Perfeito estado,Outros,Outras,,Dupla,Faixa seccionada,,,,
2021-11-25,16:33:00,COM VÍTIMA,FINALIZADA,SANTO AMARO,AV VISCONDE DE SUASSUNA,4,4200,RUA DO HOSPICIO,AO LADO DA CAIXA ECONOMICA FEDERAL,,,,SANTO AMARO,COLISÃO FRONTAL,,0,1,0,0,0,0,0,0,1,1,0,31,SUBURBIO,Cruzamento,Bom,Sem defeito,Perfeito estado,Seca,Perfeito estado,Faixa de pedestre,R-6a,40 km/h,Única,Faixa seccionada,,,,
2021-11-25,16:34:00,COM VÍTIMA,FINALIZADA,TAMARINEIRA,AV NORTE MIGUEL ARRAES DE ALENCAR,0,,,E/F AO HOTEL NEXOS S/T CID  VT 26 NO LOCAL,,,,TAMARINEIRA,CAPOTAMENTO,,1,0,0,0,0,0,0,0,0,1,0,,,Longo da via,Bom,Não existe,Perfeito estado,Seca,Perfeito estado,Não existe,Não há placas,,Única,Faixa seccionada,,,,
2021-11-25,19:05:00,COM VÍTIMA,FINALIZADA,BOA VISTA,AV GOVERNADOR AGAMENON MAGALHAES,0,,RUA HENRIQUE DIAS,SEMAFORO 068 / FARMACIA PAGUE MENOS,,,,BOA VISTA,COLISÃO TRASEIRA,,1,1,0,0,0,0,0,0,0,1,0,,,,,,,,,,,,,,,,,
2021-11-25,19:32:00,COM VÍTIMA,FINALIZADA,AREIAS,AV RECIFE,0,,,EM FRENTE AO NÚMERO 53,,,,AREIAS,COLISÃO TRASEIRA,,2,0,0,0,0,0,0,0,0,1,0,,CIDADE,Longo da via,Bom,Não existe,Perfeito estado,Seca,Perfeito estado,,,,Dupla,Faixa seccionada,Canteiro central,,,
2021-11-25,21:10:40,COM VÍTIMA,FINALIZADA,BOA VISTA,RUA MIGUEL COUTO,3,203,AV GOVERNADOR CARLOS DE LIMA CAVALCANTI,AO LADO DO NÚMERO 203,,,,BOA VISTA,COLISÃO FRONTAL,,0,0,0,0,0,0,0,0,0,1,0,,CIDADE,Esquina,Bom,Não existe,Incompleta,Seca,Perfeito estado,Não existe,R-6a,,Dupla,Não existe,,,,
2021-11-26,00:35:00,COM VÍTIMA,FINALIZADA,TORRE,RUA JOSE BONIFACIO,4,1210,,PRÓXIMO AO POSTO SHELL E CARREFOUR,,,,TORRE,COLISÃO TRANSVERSAL,,2,0,0,0,0,0,0,0,0,1,0,,,,,,,,,,,,,,,,,
2021-11-26,07:05:00,COM VÍTIMA,FINALIZADA,MADALENA,AV VISCONDE DE ALBUQUERQUE,3,401,,EM FRENTE A GALERIA MADALENA CENTER,,,,MADALENA,COLISÃO TRANSVERSAL,,1,1,0,0,0,0,0,0,0,2,0,,ÚNICO,Longo da via,Bom,Não existe,Perfeito estado,Seca,Perfeito estado,Não existe,R-24a,,Única,Faixa contínua,Faixa seccionada,,,
2021-11-26,07:41:00,COM VÍTIMA,FINALIZADA,APIPUCOS,AV DEZESSETE DE AGOSTO,0,,,EM FRENTE AO PARQUE DE APIPUCOS,,,,APIPUCOS,COLISÃO TRASEIRA,,1,1,0,0,0,0,0,0,0,1,0,,CIDADE,Longo da via,Bom,Sem defeito,Perfeito estado,Seca,Perfeito estado,Não existe,R-6a,,Dupla,Faixa contínua,Faixa seccionada,,,
2021-11-26,08:05:00,COM VÍTIMA,FINALIZADA,CASA AMARELA,AV NORTE MIGUEL ARRAES DE ALENCAR,3,423,RUA SOARES MORENO,LADO OPOSTO AO MOTEL NEXUS,,,,CASA AMARELA,COLISÃO TRASEIRA,,1,1,0,0,0,0,0,0,0,1,0,,CIDADE,Longo da via,Bom,Não existe,Perfeito estado,Seca,Perfeito estado,Não existe,Outras,,Única,Faixa seccionada,Canteiro central,,,
2021-11-26,09:53:00,COM VÍTIMA,FINALIZADA,PORTO DA MADEIRA,RUA DALVA DE OLIVEIRA,0,,,EM FRENTE AO SEST Q SENAT,,,,PORTO DA MADEIRA,COLISÃO TRANSVERSAL,,0,0,0,0,0,0,0,0,0,1,0,,SUBURBIO,Longo da via,Bom,Não existe,Perfeito estado,Seca,Perfeito estado,Não existe,Não há placas,30 km/h,Dupla,Faixa contínua,,,,
2021-11-26,20:03:00,COM VÍTIMA,FINALIZADA,SAN MARTIN,AV GENERAL SAN MARTIN,4,2465,RUA FLORA RICA,PRÓXIMO A ESCOLA ADVENTISTA,,,,SAN MARTIN,COLISÃO TRANSVERSAL,,1,1,0,0,0,0,0,0,0,1,0,,CIDADE,Cruzamento,Bom,Não existe,Perfeito estado,Seca,Perfeito estado,Não existe,Outras,,Dupla,Faixa contínua,,,,
2021-11-26,21:39:40,COM VÍTIMA,FINALIZADA,CORDEIRO,EST DO FORTE DO ARRAIAL N. DO B. JESUS,4,1081,,E/F A PRAÇA DO QUINZE,,,,CORDEIRO,COLISÃO FRONTAL,,2,0,0,0,0,0,0,0,0,1,0,,,Longo da via,Bom,Não existe,Perfeito estado,Seca,Perfeito estado,,Não há placas,,Dupla,Faixa contínua,,,,
2021-11-27,01:05:00,COM VÍTIMA,FINALIZADA,ESPINHEIRO,RUA DO ESPINHEIRO,3,223,RUA SANTO ELIAS,CRUZAMENTO,,,,ESPINHEIRO,COLISÃO TRANSVERSAL,,0,2,0,0,0,0,0,0,0,1,0,,SUBURBIO,Cruzamento,Bom,Não existe,,Seca,Perfeito estado,Faixa de pedestre,Placas Pare,,Dupla,Não existe,,,,
2021-11-27,06:24:00,COM VÍTIMA,FINALIZADA,ENCRUZILHADA,AV BEBERIBE,0,,,SOB O SEMÁFORO 186,,,,ENCRUZILHADA,ATROPELAMENTO DE PESSOA,,1,0,0,0,1,0,0,0,0,1,0,186,CIDADE,Longo da via,Bom,Sem defeito,Perfeito estado,Seca,Perfeito estado,Faixa de pedestre,Não há placas,,Dupla,Canteiro central,,,,
2021-11-27,06:29:00,COM VÍTIMA,FINALIZADA,IMBIRIBEIRA,AV PROJETADA,0,,RUA FRAGATAS,LADO OPOSTO AO AEROPORTO / SENTIDO AFOGADOS // VIA LOCAL,,,,IMBIRIBEIRA,CHOQUE,,1,0,0,0,0,0,1,0,0,1,0,,CIDADE,Longo da via,Bom,Não existe,Não existente,Seca,Perfeito estado,Não existe,Não há placas,,Única,Faixa seccionada,,,,
2021-11-27,12:15:00,COM VÍTIMA,FINALIZADA,TORROES,AV GOVERNADOR AGAMENON MAGALHAES,3,129,RUA PADRE MIGUELINHO,EDIFICIO TERESA DIAS,,,,TORRÕES,COLISÃO TRANSVERSAL,,1,1,0,0,0,0,0,0,0,1,0,,SUBURBIO,Longo da via,Bom,Não existe,Perfeito estado,Seca,Perfeito estado,Não existe,Placas Pare,,Única,Faixa seccionada,,,,
2021-11-27,17:15:00,COM VÍTIMA,FINALIZADA,PINA,AV BOA VIAGEM,0,,,,,,,PINA,COLISÃO TRANSVERSAL,,1,1,0,0,0,0,0,0,0,1,0,104,,,,,,,,,,,,,,,,
2021-11-28,11:30:00,COM VÍTIMA,FINALIZADA,SANTO AMARO,RUA DOS PALMARES,0,,,PRÓXIMO AO COMANDO DA GUARDA DO RECIFE,,,,SANTO AMARO,ATROPELAMENTO DE PESSOA,,1,0,0,0,1,0,0,0,0,1,0,,CIDADE,Longo da via,Bom,Não existe,Perfeito estado,Seca,Perfeito estado,Não existe,Não há placas,,Dupla,Canteiro central,,,,
2021-11-28,19:14:00,COM VÍTIMA,FINALIZADA,VARZEA,AV AFONSO OLINDENSE,4,1280,,E/F A ASSEMBLEIA DE DEUS,,,,VÁRZEA,COLISÃO TRANSVERSAL,,1,1,0,0,0,0,0,0,0,1,0,,SUBURBIO,Longo da via,Bom,Não existe,,Seca,Perfeito estado,Não existe,Outras,,Dupla,Faixa contínua,,,,
2021-11-28,20:27:00,COM VÍTIMA,FINALIZADA,IBURA,AV DOIS RIOS,0,,,DESCIDA LADEIRA DA COHAB,,,,IBURA,COLISÃO TRANSVERSAL,,1,1,0,0,0,0,0,0,0,2,0,,CIDADE,Longo da via,Bom,Não existe,Perfeito estado,Seca,Perfeito estado,Não existe,Outras,,Dupla,Não existe,,,,
2021-11-29,10:12:00,COM VÍTIMA,FINALIZADA,ESPINHEIRO,RUA QUARENTA E OITO,3,261,RUA DA HORA,E/F AO LABORATÓRIO CERPE,,,,ESPINHEIRO,COLISÃO FRONTAL,,1,1,0,0,0,0,0,0,0,2,0,21,CIDADE,Cruzamento,Bom,Sem defeito,Perfeito estado,Seca,Perfeito estado,Faixa de pedestre,Outras,,Única,Faixa seccionada,,,,
2021-11-29,10:17:00,COM VÍTIMA,FINALIZADA,CABANGA,AV ANTONIO DE GOES,0,,,AO LADO DO CABANGA IAT CLUBE,,,,CABANGA,QUEDA,,0,1,0,0,0,0,0,0,0,1,0,,CIDADE,Longo da via,Bom,Não existe,Não existente,Seca,Perfeito estado,Não existe,Não há placas,60 km/h,,,Outros,,,
2021-11-29,12:35:00,COM VÍTIMA,FINALIZADA,CABANGA,PRC GOVERNADOR PAULO GUERRA,0,,,AO LADO DO CABANGA IAT CLUBE,,,,CABANGA,CHOQUE,,0,1,0,0,0,0,0,0,0,1,0,,CIDADE,Longo da via,Bom,Não existe,Perfeito estado,Seca,Perfeito estado,Não existe,Outras,60 km/h,Dupla,Faixa contínua,,,,
2021-11-29,13:12:00,COM VÍTIMA,FINALIZADA,BARRO,AV DR JOSE RUFINO,4,2022,,LADO OPOSTO A GILBERTO EQUIPADORA,,,,BARRO,COLISÃO TRASEIRA,,1,1,0,0,0,1,0,0,0,1,0,,,Longo da via,Bom,Não existe,Perfeito estado,Seca,Perfeito estado,Não existe,Não há placas,,Dupla,Faixa contínua,,,,
2021-11-29,15:01:00,COM VÍTIMA,FINALIZADA,AFLITOS,AV SANTOS DUMONT,3,377,RUA CARNEIRO VILELA,EM FRENTE AO EDIFICIO MONTE NEGRO,,,,AFLITOS,CHOQUE,,1,0,0,0,0,0,0,0,0,1,0,,SUBURBIO,Longo da via,Bom,Não existe,Perfeito estado,Seca,Perfeito estado,Não existe,R-6a,,Única,Não existe,,,,
2021-11-29,18:20:00,COM VÍTIMA,FINALIZADA,AGUA FRIA,AV BEBERIBE,4,1359,RUA RAMIZ GALVAO,CRUZAMENTO DO EMÁFORO N° 492,,,,ÁGUA FRIA,COLISÃO FRONTAL,,1,1,0,0,0,0,0,0,0,1,0,492,SUBURBIO,Cruzamento,Bom,Sem defeito,Perfeito estado,Seca,Perfeito estado,Faixa de pedestre,Não há placas,60 km/h,Dupla,Faixa contínua,,,,
2021-11-29,18:45:00,COM VÍTIMA,FINALIZADA,IMBIRIBEIRA,RUA JAMAICA,2,71,,PROX A BS BLINDAGEM,,,,IMBIRIBEIRA,COLISÃO LATERAL,,2,1,0,0,0,0,0,0,0,1,0,,,,,,,,,,,,,,,,,
2021-11-29,20:26:00,COM VÍTIMA,FINALIZADA,TAMARINEIRA,RUA PADRE ROMA,3,191,,EM FRENTE A POLICLINICA ALBERT SABIN,,,,TAMARINEIRA,COLISÃO TRANSVERSAL,,0,2,0,0,0,0,0,0,0,1,0,,SUBURBIO,Longo da via,Bom,Não existe,Perfeito estado,Seca,Perfeito estado,Não existe,Outras,,Dupla,Faixa seccionada,,,,
2021-11-30,10:02:00,COM VÍTIMA,FINALIZADA,BOA VISTA,RUA JOAO FERNANDES VIEIRA,0,,RUA JOAO FERNANDES VIEIRA,EM FRENTE AO AMERICANO BATISTA,,,,BOA VISTA,COLISÃO FRONTAL,,0,2,0,0,0,0,0,0,0,2,0,37,CIDADE,Longo da via,Bom,Sem defeito,Perfeito estado,Seca,Perfeito estado,Faixa de pedestre,Não há placas,40 km/h,Única,Faixa seccionada,,,,
2021-11-30,13:20:00,COM VÍTIMA,FINALIZADA,BOA VISTA,AV GOVERNADOR AGAMENON MAGALHAES,0,,,EM FRENTE AO CÍRCULO MILITAR,,,,BOA VISTA,COLISÃO TRANSVERSAL,,1,1,0,0,0,0,0,0,0,1,0,,CIDADE,Longo da via,Bom,Não existe,Perfeito estado,Seca,Perfeito estado,Não existe,Não há placas,60 km/h,Única,Canteiro central,,,,
2021-11-30,14:15:00,COM VÍTIMA,FINALIZADA,IPUTINGA,RUA DR JOSE ANASTACIO DA SILVA GUIMARAES,3,330,,EM FRENTE AO N° 330,,,,IPUTINGA,COLISÃO FRONTAL,,1,1,0,0,0,0,0,0,0,1,0,,CIDADE,Longo da via,Bom,Não existe,Não existente,Seca,Perfeito estado,Não existe,Não há placas,,Dupla,Não existe,,,,