data,hora,natureza_acidente,situacao,bairro,endereco,,numero,detalhe_endereco_acidente,complemento,endereco_cruzamento,numero_cruzamento,referencia_cruzamento,bairro_cruzamento,tipo,descricao,auto,moto,ciclom,ciclista,pedestre,onibus,caminhao,viatura,outros,vitimas,vitimasfatais,num_semaforo,sentido_via,acidente_verificado,tempo_clima,situacao_semaforo,sinalizacao,condicao_via,conservacao_via,ponto_controle,situacao_placa,velocidade_max_via,mao_direcao,divisao_via1,divisao_via2,divisao_via3,_id,Protocolo
2021-11-30,15:49:00,COM VÍTIMA,FINALIZADA,CAMPO GRANDE,EST DE BELEM,4,1533,RUA TENENTE GUIMARAES,MERCADINHO TRÊS CORAÇÕES,,,,CAMPO GRANDE,COLISÃO FRONTAL,,1,1,0,0,0,0,0,0,0,1,0,,CIDADE,Longo da via,Bom,Não existe,Perfeito estado,Seca,Perfeito estado,Não existe,R-6a,,Dupla,Faixa contínua,,,,
2021-11-30,15:57:00,COM VÍTIMA,FINALIZADA,CASA AMARELA,AV NORTE MIGUEL ARRAES DE ALENCAR,4,5795,,LADO OPOSTO A AGÊNCIA DE EMPREGO DO RECIFE,,,,CASA AMARELA,ATROPELAMENTO DE PESSOA,,0,1,0,0,1,0,0,0,0,1,0,,CIDADE,Longo da via,Bom,Não existe,Perfeito estado,Seca,Perfeito estado,Não existe,R-6a,,Dupla,Canteiro central,,,,
2021-11-30,19:06:00,COM VÍTIMA,FINALIZADA,VARZEA,AV PROFESSOR ARTUR DE SA,4,1180,,E/F A GALERIA PRAZERES CENTER,,,,VÁRZEA,COLISÃO TRANSVERSAL,,0,0,0,0,0,0,0,0,0,2,0,,SUBURBIO,Longo da via,Bom,Não existe,Perfeito estado,Seca,Perfeito estado,Faixa de pedestre,Não há placas,,Dupla,,,,,
2021-12-01,06:31:00,COM VÍTIMA,FINALIZADA,DOIS IRMAOS,RUA MANUEL DE MEDEIROS,2,22,,EM FRENTE A RESIDÊNCIA ESTUDANTIL,,,,DOIS IRMÃOS,COLISÃO FRONTAL,,0,2,0,0,0,0,0,0,0,2,0,,SUBURBIO,Longo da via,Bom,Não existe,Perfeito estado,Seca,Perfeito estado,Outros,Outras,,Dupla,Faixa seccionada,,,,
2021-12-01,07:55:00,COM VÍTIMA,FINALIZADA,ZUMBI,RUA CONS THEODORO,3,530,,EM FRENTE A IGREJA ASSEMBLEIA DE DEUS,,,,ZUMBI,COLISÃO FRONTAL,,2,0,0,0,0,0,0,0,0,1,0,,CAXANGÁ,Longo da via,Bom,Não existe,Perfeito estado,Seca,Perfeito estado,Não existe,Não há placas,,Dupla,Faixa seccionada,,,,
2021-12-01,08:50:00,COM VÍTIMA,FINALIZADA,BEBERIBE,AV BEBERIBE,4,3878,RUA CORTES,EM FRENTE AO COLEGIO 90 GRAUS,,,,BEBERIBE,COLISÃO TRANSVERSAL,,1,1,0,0,0,0,0,0,0,1,0,559,SUBURBIO,Esquina,Bom,Sem defeito,Perfeito estado,Seca,Mal conservada,Faixa de retenção,Outras,,Dupla,Faixa contínua,Faixa seccionada,,,
2021-12-01,09:16:00,COM VÍTIMA,FINALIZADA,AFOGADOS,RUA COSME VIANA,0,,RUA PADRE TEOFILO TWORZ,EM FRENTE A LOJA DA TUPAN,,,,AFOGADOS,COLISÃO TRANSVERSAL,,1,1,0,0,0,0,0,0,0,1,0,503,SUBURBIO,Cruzamento,Bom,Sem defeito,Incompleta,Seca,Perfeito estado,Faixa de pedestre,R-32,,Única,Faixa contínua,,,,
2021-11-04,10:00:00,COM VÍTIMA,FINALIZADA,MADALENA,RUA BENFICA,3,715,,EM FRENTE AO SUPERMERCADO EXTRA,,,,MADALENA,COLISÃO LATERAL,,0,2,0,0,0,0,0,0,0,2,0,,CIDADE,Longo da via,Bom,Sem defeito,Perfeito estado,Seca,Perfeito estado,,Não há placas,60 km/h,Única,Faixa seccionada,,,,
2021-12-01,18:19:00,COM VÍTIMA,FINALIZADA,CASA AMARELA,EST DO ARRAIAL,4,3456,RUA DA HARMONIA,EM FRENTE AO PRÉDIO DA PREVIDÊNCIA SOCIAL,,,,CASA AMARELA,ATROPELAMENTO DE PESSOA,,0,1,0,0,1,0,0,0,0,2,0,74,,Cruzamento,Bom,Sem defeito,Perfeito estado,Seca,Perfeito estado,Faixa de pedestre,Não há placas,60 km/h,Dupla,Faixa contínua,,,,
2021-12-01,23:14:40,COM VÍTIMA,FINALIZADA,PARNAMIRIM,RUA JOAO TUDE DE MELO,3,306,RUA ABELARDO CARNEIRO LEAO,PROX AO GUAIAMUM GIGANTE,,,,PARNAMIRIM,CHOQUE,,0,0,0,0,0,0,0,1,0,2,0,,SUBURBIO,Viaduto,Bom,Não existe,Perfeito estado,Seca,Perfeito estado,Não existe,Não há placas,60 km/h,Única,Faixa seccionada,,,,
2021-12-02,16:18:00,COM VÍTIMA,FINALIZADA,IMBIRIBEIRA,RUA ITAJAI,3,301,RUA ITACARI,,,,,IMBIRIBEIRA,COLISÃO FRONTAL,,1,1,0,0,0,0,0,0,0,1,0,,SUBURBIO,Longo da via,Bom,Não existe,Perfeito estado,Seca,Perfeito estado,Não existe,Não há placas,60 km/h,Dupla,Faixa contínua,,,,
2021-12-02,16:27:00,COM VÍTIMA,FINALIZADA,ESPINHEIRO,RUA CONS PORTELA,3,665,RUA CARNEIRO VILELA,LADO OPOSTO AO ESTACIONAMENTO DO BANCO ITAU,,,,ESPINHEIRO,COLISÃO FRONTAL,,1,1,0,0,0,0,0,0,0,1,0,,SUBURBIO,Longo da via,Bom,Não existe,Perfeito estado,Seca,Perfeito estado,Não existe,Não há placas,60 km/h,Única,Faixa seccionada,,,,
2021-12-02,19:20:00,COM VÍTIMA,FINALIZADA,SANTO AMARO,RUA DOS PALMARES,0,,RUA MAJOR CODECEIRA,E/F AO POSTO DE SAÚDE JULIÃO - PRÓXIMO AO PROCAP,,,,SANTO AMARO,COLISÃO LATERAL,,1,1,0,0,0,0,0,0,0,2,0,,SUBURBIO,Cruzamento,Bom,Não existe,Perfeito estado,Seca,Perfeito estado,Não existe,Outras,,Única,,,,,
2021-12-03,10:36:00,COM VÍTIMA,FINALIZADA,CASA AMARELA,RUA PADRE LEMOS,0,,,EM FRENTE A CASA PIO AO LADO DO SUPERMERCADO CANELA,,,,CASA AMARELA,COLISÃO LATERAL,,0,1,0,0,0,1,0,0,0,2,0,,SUBURBIO,Longo da via,Bom,Não existe,Perfeito estado,Seca,Mal conservada,Não existe,Outras,30 km/h,Dupla,Não existe,,,,
2021-12-03,12:36:00,COM VÍTIMA,FINALIZADA,CASA AMARELA,RUA DA HARMONIA,3,268,RUA MAJOR NEREU GUERRA,PRÓX À ESCOLA PADRE MACHADO,,,,CASA AMARELA,COLISÃO LATERAL,,1,1,0,0,0,0,0,0,0,1,0,598,CIDADE,Cruzamento,Bom,Sem defeito,Perfeito estado,Seca,Perfeito estado,Faixa de retenção,Não há placas,40 km/h,Dupla,Faixa seccionada,,,,
2021-12-03,13:06:00,COM VÍTIMA,FINALIZADA,DERBY,RUA JENER DE SOUZA,0,,PRC DO DERBY,PRÓX À PRAÇA JENER DE SOUZA,,,,DERBY,COLISÃO LATERAL,,2,0,0,0,0,0,0,0,0,1,0,,SUBURBIO,Esquina,Bom,Não existe,Perfeito estado,Seca,Perfeito estado,Outros,Outras,,Dupla,Canteiro central,,,,
2021-12-03,16:04:00,COM VÍTIMA,FINALIZADA,BOA VISTA,AV GOVERNADOR AGAMENON MAGALHAES,4,2764,RUA DR LEOPOLDO LINS,PROX A CAIXA ECONOMICA NO SEMAFORO 078  S/T OLINDA,,,,BOA VISTA,COLISÃO TRASEIRA,,1,1,0,0,0,1,0,0,0,1,0,78,OLINDA,Longo da via,Bom,Sem defeito,Perfeito estado,Seca,Perfeito estado,Faixa de pedestre,Outras,,Dupla,Faixa contínua,,,,
2021-12-03,17:09:00,COM VÍTIMA,FINALIZADA,TORRE,AV BEIRA RIO,4,1035,,PROX AO RESTAURANTE MEIO DO MUNDO,,,,TORRE,COLISÃO TRASEIRA,,1,1,0,0,0,0,0,1,0,2,0,,SUBURBIO,Longo da via,Bom,Sem defeito,Perfeito estado,Seca,Perfeito estado,Faixa de pedestre,R-6a,,Dupla,Faixa seccionada,,,,
2021-12-03,17:28:00,COM VÍTIMA,FINALIZADA,BOA VIAGEM,AV BOA VIAGEM,4,2366,,APOS A PADARIA BOA VIAGEM  EDF. ALVARO COSTA,,,,BOA VIAGEM,COLISÃO LATERAL,,1,1,0,0,0,0,0,0,0,1,0,,CIDADE,Longo da via,Bom,Sem defeito,Perfeito estado,Seca,Perfeito estado,Não existe,Não há placas,60 km/h,Única,Faixa seccionada,,,,
2021-12-04,01:03:00,COM VÍTIMA,FINALIZADA,ARRUDA,RUA DA REGENERACAO,4,1258,AV PROFESSOR JOSE DOS ANJOS,,,,,ARRUDA,COLISÃO COM CICLISTA,,1,0,0,1,0,0,0,0,0,1,0,,CIDADE,Longo da via,Bom,Não existe,Não existente,Seca,Perfeito estado,Não existe,Não há placas,,Dupla,Não existe,,,,
2021-12-04,04:27:00,COM VÍTIMA,FINALIZADA,CORDEIRO,AV CAXANGA,0,,,EM FRENTE AO PARQUE DE EXPOSIÇÕES DO CORDEIRO,,,,CORDEIRO,CHOQUE,,1,0,0,0,0,0,0,0,0,2,0,,,Longo da via,Bom,Não existe,Perfeito estado,Molhada,Perfeito estado,Não existe,Placas Dê a preferência,60 km/h,Dupla,Canteiro central,,,,
2021-12-04,09:20:00,VÍTIMA FATAL,FINALIZADA,DOIS IRMAOS,RUA MANUEL DE MEDEIROS,2,44,,EM FRENTE AO BAR DA CURVA,,,,DOIS IRMÃOS,COLISÃO TRANSVERSAL,,0,1,0,0,0,0,1,0,0,0,1,,SUBURBIO,Longo da via,Bom,Não existe,Perfeito estado,Seca,Mal conservada,Não existe,R-6a,30 km/h,Dupla,Faixa contínua,,,,
2021-12-04,15:14:00,COM VÍTIMA,FINALIZADA,BONGI,AV CONSUL VILARES FRAGOSO,2,36,,PROX A CHESF DEPOIS DA CAVALARIA,,,,BONGI,COLISÃO TRASEIRA,,0,2,0,0,0,0,0,0,0,2,0,,SUBURBIO,Longo da via,Bom,Não existe,Ilegível,Seca,Mal conservada,Não existe,Placas Dê a preferência,,Dupla,Faixa contínua,,,,
2021-12-04,23:13:40,COM VÍTIMA,FINALIZADA,BOA VIAGEM,AV ENGENHEIRO DOMINGOS FERREIRA,4,2574,,RUA PROFº EDUARDO WNDWERLEY FILHO,,,,BOA VIAGEM,COLISÃO TRASEIRA,,1,1,0,0,0,0,0,0,0,1,0,,SUBURBIO,Longo da via,Chuvoso,Sem defeito,Perfeito estado,Molhada,Perfeito estado,Faixa de pedestre,Placas Pare,,Única,Faixa contínua,,,,
2021-12-05,07:58:00,COM VÍTIMA,FINALIZADA,BOA VIAGEM,RUA CORONEL ANIZIO RODRIGUES COELHO,3,254,RUA RIBEIRO DE BRITO,PRÓX. AO COLÉGIO VILA APRENDIZ,,,,BOA VIAGEM,COLISÃO TRANSVERSAL,,1,1,0,0,0,0,0,0,0,2,0,697,CIDADE,Cruzamento,Bom,Sem defeito,Perfeito estado,Seca,Perfeito estado,Faixa de pedestre,R-6a,,Única,,,,,
2021-12-05,08:27:00,COM VÍTIMA,FINALIZADA,DOIS IRMAOS,RUA MANUEL DE MEDEIROS,0,,,ESCOLA ESTADUAL LIONS DE PARNAMIRIM,,,,DOIS IRMÃOS,COLISÃO LATERAL,,1,1,0,0,0,0,0,0,0,1,0,,,Longo da via,Bom,Não existe,Perfeito estado,Seca,Perfeito estado,Não existe,Outras,,Dupla,Faixa seccionada,,,,
2021-12-05,14:12:00,COM VÍTIMA,FINALIZADA,SANTO AMARO,RUA PEDRO AFONSO,0,,RUA DO POMBAL,NO CRUZAMENTO DO IML,,,,SANTO AMARO,COLISÃO TRANSVERSAL,,1,1,0,0,0,0,0,0,0,1,0,,CIDADE,Cruzamento,Bom,Não existe,Perfeito estado,Seca,Perfeito estado,Não existe,Placas Pare,40 km/h,Dupla,Faixa seccionada,,,,
2021-12-05,15:17:00,COM VÍTIMA,FINALIZADA,PINA,RUA CAPITAO REBELINHO,3,519,RUA PEREIRA DA COSTA,PRÓX AO FIDALGO RESTAURANTE - COLISÃO COM VÍTIMA ENTRE MOTO  HONDA x AUTO JAC / J3,,,,PINA,COLISÃO TRANSVERSAL,,1,1,0,0,0,0,0,0,0,1,0,,,Cruzamento,Bom,Não existe,Perfeito estado,Seca,Perfeito estado,Faixa de pedestre,R-6a,,Única,Não existe,,,,
2021-12-05,19:31:00,COM VÍTIMA,FINALIZADA,SAO JOSE,RUA DA CONCORDIA,3,351,RUA TOBIAS BARRETO,ED. CONCORDIA,,,,SÃO JOSÉ,COLISÃO TRANSVERSAL,,1,0,0,0,0,0,1,0,0,2,0,,CIDADE,Cruzamento,Bom,Não existe,Perfeito estado,Seca,Perfeito estado,Não existe,Não há placas,,Única,Não existe,,,,
2021-12-06,09:14:00,COM VÍTIMA,FINALIZADA,BOA VIAGEM,RUA DES JOAO PAES,4,1000,RUA CORONEL ANIZIO RODRIGUES COELHO,PROX. AO BODE DO NÔ,,,,BOA VIAGEM,COLISÃO LATERAL,,2,0,0,0,0,0,0,0,0,1,0,,SUBURBIO,Cruzamento,Bom,Não existe,Perfeito estado,Seca,Perfeito estado,Faixa de pedestre,Placas Pare,,,,,,,
2021-12-06,09:05:00,COM VÍTIMA,FINALIZADA,PINA,AV ANTONIO DE GOES,0,,,EM FRENTE AO EMPRESARIAL ITC,,,,PINA,ATROPELAMENTO DE PESSOA,,0,1,0,0,1,0,0,0,0,1,0,,,Cruzamento,Bom,Não existe,Perfeito estado,Seca,Perfeito estado,Agente,Não há placas,60 km/h,Única,Faixa contínua,,,,
2021-12-06,15:07:00,COM VÍTIMA,FINALIZADA,SANTO AMARO,AV GOVERNADOR AGAMENON MAGALHAES,0,,,EMBAIXO DO VIADUTO DA AV NORTE.,,,,SANTO AMARO,COLISÃO TRASEIRA,,0,0,0,0,0,2,0,0,0,6,0,684,SUBURBIO,Longo da via,Bom,Sem defeito,Perfeito estado,Seca,Perfeito estado,Faixa de pedestre,R-32,60 km/h,Dupla,Canteiro central,,,,
2021-12-07,08:18:00,COM VÍTIMA,FINALIZADA,IBURA,AV RIO LARGO,3,375,,NA CURVA   PROX. AO COLETOR DE LIXO E COLEGIO CRISTIANO CORDEIRO,,,,IBURA,COLISÃO FRONTAL,,1,1,0,0,0,0,0,0,0,1,0,,,Longo da via,Bom,Não existe,Perfeito estado,Seca,Perfeito estado,,,,,,,,,
2021-12-07,09:06:00,COM VÍTIMA,FINALIZADA,SANTO AMARO,AV CRUZ CABUGA,2,98,,EM FRENTE A FACULDADE NUCLEO DE ATENDIMENTO PROFISSIONAL EM  FRENTE À IGREJA UNIVERSAL,,,,SANTO AMARO,COLISÃO LATERAL,,0,2,0,0,0,0,0,0,0,1,0,,CIDADE,Longo da via,Bom,Não existe,Perfeito estado,Seca,Perfeito estado,Não existe,Não há placas,,Dupla,Faixa contínua,Faixa seccionada,,,
2021-12-07,10:02:00,COM VÍTIMA,FINALIZADA,CIDADE UNIVERSITARIA,AV PROFESSOR ARTUR DE SA,4,1192,,PROX. AO BAR DA KELLY,,,,CIDADE UNIVERSITÁRIA,COLISÃO TRASEIRA,,1,1,0,0,0,0,0,0,0,1,0,,SUBURBIO,Longo da via,Bom,Não existe,Perfeito estado,Seca,Perfeito estado,Não existe,Outras,,Dupla,Faixa seccionada,,,,
2021-12-07,12:21:00,COM VÍTIMA,FINALIZADA,CASA AMARELA,EST DO ARRAIAL,4,4526,RUA ENGENHEIRO OSCAR FERREIRA,ENFRENTE AO COSRISCO E DADA,,,,CASA AMARELA,COLISÃO COM CICLISTA,,1,0,0,1,0,0,0,0,0,1,0,,SUBURBIO,Esquina,Bom,Não existe,Perfeito estado,Seca,Perfeito estado,Faixa de retenção,Outras,,Única,Faixa seccionada,,,,
2021-12-07,16:52:00,COM VÍTIMA,FINALIZADA,RECIFE,TRV DO FORTE,0,,,E/F AO FORTE DAS CINCO PONTAS S/T SUB,,,,BAIRRO DO RECIFE,COLISÃO TRASEIRA,,1,1,0,0,0,0,0,0,0,1,0,,SUBURBIO,Viaduto,Bom,Não existe,Perfeito estado,Seca,Perfeito estado,Não existe,Não há placas,,Dupla,Canteiro central,,,,
2021-12-08,08:09:00,COM VÍTIMA,FINALIZADA,MANGUEIRA,RUA SAO MIGUEL,4,1364,,ENFRENTE AO BODE DO NO,,,,MANGUEIRA,COLISÃO TRANSVERSAL,,1,1,0,0,0,0,0,0,0,1,0,,SUBURBIO,Longo da via,Bom,Sem defeito,Perfeito estado,Seca,Perfeito estado,Não existe,Não há placas,,Dupla,Faixa contínua,,,,
2021-12-08,15:52:00,COM VÍTIMA,FINALIZADA,BOA VIAGEM,RUA FELIX DE BRITO E MELO,3,273,AV ENGENHEIRO DOMINGOS FERREIRA,EM FRENTE AO EDF  JOSE NOBERTO,,,,BOA VIAGEM,COLISÃO LATERAL,,1,1,0,0,0,0,0,0,0,1,0,545,,Cruzamento,Bom,Sem defeito,Perfeito estado,Seca,Perfeito estado,Faixa de pedestre,R-6a,40 km/h,Única,,,,,
2021-12-08,18:36:00,COM VÍTIMA,FINALIZADA,IBURA,AV DOIS RIOS,0,,,PROX A POLICLINA ARNALDO MARQUES,,,,IBURA,COLISÃO FRONTAL,,0,1,0,0,0,1,0,0,0,1,0,,SUBURBIO,Longo da via,Bom,Não existe,Ilegível,Seca,Mal iluminada,Não existe,Placas Dê a preferência,,Dupla,Não existe,,,,
2021-12-08,19:53:00,COM VÍTIMA,FINALIZADA,BOA VISTA,RUA JOAO FERNANDES VIEIRA,3,769,,E/F AO BOM PREÇO,,,,BOA VISTA,COLISÃO LATERAL,,1,1,0,0,0,0,0,0,0,1,0,,CIDADE,Longo da via,Bom,Não existe,Perfeito estado,Seca,Perfeito estado,Não existe,Não há placas,,Única,Faixa seccionada,,,,
2021-12-08,22:50:40,COM VÍTIMA,FINALIZADA,CORDEIRO,RUA GOMES TABORDA,4,1737,,PROX A GALERIA NORONHA CENTER,,,,CORDEIRO,COLISÃO TRASEIRA,,1,1,0,0,0,0,0,0,0,1,0,,SUBURBIO,Cruzamento,Bom,Não existe,Perfeito estado,Seca,Perfeito estado,Não existe,Placas Dê a preferência,,Dupla,Faixa contínua,,,,
2021-12-09,12:26:00,COM VÍTIMA,FINALIZADA,TEJIPIO,AV DR JOSE RUFINO,0,,,PRÓX AO 4º BCOM. / POSTO BR,,,,TEJIPIÓ,COLISÃO LATERAL,,1,1,0,0,0,0,0,0,0,1,0,208,CIDADE,Longo da via,Bom,Sem defeito,Incompleta,Seca,Perfeito estado,Outros,Outras,40 km/h,Dupla,Faixa contínua,,,,
2021-12-09,15:57:00,COM VÍTIMA,FINALIZADA,PINA,RUA DAS OFICINAS,3,820,,PREDIO DA SEDE DA POLICIA FEDERAL,,,,PINA,CHOQUE,,3,0,0,0,0,0,0,0,0,1,0,,CIDADE,Longo da via,Bom,Não existe,Perfeito estado,Seca,Perfeito estado,Não existe,Outras,,Única,Faixa contínua,,,,
2021-12-10,06:23:00,COM VÍTIMA,FINALIZADA,CASA FORTE,AV DEZESSETE DE AGOSTO,4,1720,RUA JADER DE ANDRADE,EM FRENTE AO VERDE FRUT,,,,CASA FORTE,COLISÃO LATERAL,,2,0,0,0,0,0,0,0,0,1,0,469,CIDADE,Esquina,Bom,Sem defeito,Perfeito estado,Seca,Perfeito estado,Faixa de pedestre,Outras,,Dupla,Faixa contínua,,,,
2021-12-10,08:37:00,COM VÍTIMA,FINALIZADA,SANTO ANTONIO,RUA FLORIANO PEIXOTO,3,559,RUA SAO JOAO,ESTAÇÃO METRO RECIFE,,,,SANTO ANTÔNIO,COLISÃO LATERAL,,1,1,0,0,0,0,0,0,0,1,0,,SUBURBIO,Cruzamento,Bom,Não existe,Perfeito estado,Seca,Perfeito estado,,R-6a,,Única,Faixa seccionada,,,,
2021-12-10,08:56:00,COM VÍTIMA,FINALIZADA,PAISSANDU,AV GOVERNADOR AGAMENON MAGALHAES,0,,,E/F AO HOSPITAL PORTUGUÊS (SENT. BOA VIAGEM),,,,PAISSANDU,QUEDA,,0,1,0,0,0,0,0,0,0,1,0,,BOA VIAGEM,Longo da via,Bom,Sem defeito,Perfeito estado,Molhada,Perfeito estado,Agente,Outras,60 km/h,Dupla,Faixa seccionada,Canteiro central,Canal,,
2021-12-10,18:18:00,COM VÍTIMA,FINALIZADA,CAXANGA,AV CAXANGA,4,3666,,SEMÁFORO 008 / PRÓX AO HOSPITAL BARÃO DE LUCENA,,,,CAXANGÁ,COLISÃO LATERAL,,1,1,0,0,0,0,0,0,0,1,0,8,SUBURBIO,Longo da via,Bom,Sem defeito,Perfeito estado,Seca,Perfeito estado,Não existe,R-6a,60 km/h,Única,Canteiro central,,,,
2021-12-10,23:01:40,COM VÍTIMA,FINALIZADA,AREIAS,AV RECIFE,4,4316,,E/F AO BIG BOM PREÇO,,,,AREIAS,COLISÃO TRASEIRA,,1,1,0,0,0,0,0,0,0,1,0,618,CIDADE,Longo da via,Bom,Sem defeito,Perfeito estado,Seca,Perfeito estado,Faixa de pedestre,Não há placas,,Única,Canteiro central,,,,
2021-12-11,02:34:00,COM VÍTIMA,FINALIZADA,JARDIM SAO PAULO,RUA IMPERIAL,3,993,TRV DO RAPOSO,PROXIMO AO HOTEL CRISTAL - NA TRAVESSA DO RAPOSO,,,,JARDIM SÃO PAULO,COLISÃO TRANSVERSAL,,1,0,0,0,0,0,1,0,0,1,0,510,SUBURBIO,Cruzamento,Bom,Intermitente,Perfeito estado,Seca,Perfeito estado,Faixa de pedestre,R-6a,,Única,Faixa seccionada,,,,
2021-12-11,08:57:00,COM VÍTIMA,FINALIZADA,TORROES,RUA ONZE DE FEVEREIRO,3,460,EST DO FORTE DO ARRAIAL N. DO B. JESUS,E/F A EDIFICIO MORADA DO FORTE,,,,TORRÕES,COLISÃO COM CICLISTA,,2,0,0,1,0,0,0,0,0,1,0,460,SUBURBIO,Longo da via,Bom,Não existe,Incompleta,Seca,Perfeito estado,Não existe,Não há placas,,Dupla,Não existe,,,,
2021-12-11,12:36:00,COM VÍTIMA,FINALIZADA,ESPINHEIRO,RUA DO ESPINHEIRO,3,592,RUA BARAO DE ITAMARACA,ENFRENTE A FAMARCIA EXTRA FARMA,,,,ESPINHEIRO,COLISÃO LATERAL,,1,1,0,0,0,0,0,0,0,1,0,86,SUBURBIO,Longo da via,Bom,Sem defeito,Perfeito estado,Seca,Perfeito estado,Não existe,R-6a,,Única,Faixa contínua,Faixa seccionada,,,
2021-12-12,11:35:00,COM VÍTIMA,FINALIZADA,GRACAS,RUA JOAQUIM NABUCO,3,583,,EM FRENTE A FACULDADE JOAQUIM NABUCO,,,,GRAÇAS,COLISÃO TRASEIRA,,2,0,0,0,0,0,0,0,0,1,0,,SUBURBIO,Longo da via,Bom,Não existe,Perfeito estado,Seca,Perfeito estado,Não existe,,60 km/h,Única,Não existe,,,,
2021-12-12,11:43:00,COM VÍTIMA,FINALIZADA,BEBERIBE,AV BEBERIBE,3,441,RUA PROFESSOR JERONIMO GUEIROS,PROX AO BANCO DO  BRASIL,,,,BEBERIBE,COLISÃO TRANSVERSAL,,1,1,0,0,0,0,0,0,0,1,0,,,Longo da via,Bom,Não existe,Perfeito estado,Seca,Perfeito estado,Não existe,R-6a,,Dupla,Faixa contínua,,,,
2021-12-12,14:44:00,COM VÍTIMA,FINALIZADA,CAMPO GRANDE,AV GOVERNADOR AGAMENON MAGALHAES,3,700,RUA ODORICO MENDES,E/F A CEPLANC  CENTRAL DE PLANTÕES  DE FLAGRANTES,,,,CAMPO GRANDE,COLISÃO COM CICLISTA,,1,0,0,1,0,0,0,0,0,1,0,49,SUBURBIO,Longo da via,Bom,Sem defeito,Perfeito estado,Seca,Perfeito estado,Não existe,Não há placas,60 km/h,Dupla,Faixa seccionada,Canteiro central,,,
2021-12-12,20:58:40,COM VÍTIMA,FINALIZADA,FUNDAO,AV BEBERIBE,4,3051,AV GEDALHA,PRÓX A ASSEMBLEIA DE DEUS,,,,FUNDÃO,ATROPELAMENTO DE PESSOA,,0,0,0,0,1,1,0,0,0,1,0,,CIDADE,Cruzamento,Bom,Sem defeito,Perfeito estado,Seca,Perfeito estado,Não existe,Não há placas,,Dupla,Canteiro central,,,,
2021-12-13,00:44:00,COM VÍTIMA,FINALIZADA,AREIAS,AV RECIFE,0,,AV TAPAJOS,COM A RUA TPAJÓS,,,,AREIAS,COLISÃO TRANSVERSAL,,1,1,0,0,0,0,0,0,0,2,0,620,SUBURBIO,Esquina,Bom,Intermitente,Perfeito estado,Seca,Perfeito estado,Faixa de pedestre,,,,,,,,
2021-12-13,06:18:00,COM VÍTIMA,FINALIZADA,BOA VIAGEM,RUA VISCONDE DE JEQUITINHONHA,0,,RUA ERNESTO DE PAULA SANTOS,ESQUINA DO SUPERMERCADO SOBERANO,,,,BOA VIAGEM,COLISÃO TRANSVERSAL,,1,1,0,0,0,0,0,0,0,1,0,304,,Cruzamento,Bom,Sem defeito,Perfeito estado,Molhada,Perfeito estado,Faixa de pedestre,Não há placas,,Única,Faixa contínua,,,,
2021-12-13,08:49:00,COM VÍTIMA,FINALIZADA,CASA AMARELA,RUA DA HARMONIA,4,3546,,ENFRENTE A DROGASIL,,,,CASA AMARELA,COLISÃO FRONTAL,,1,1,0,0,0,0,0,0,0,1,0,,SUBURBIO,Longo da via,Chuvoso,Sem defeito,Perfeito estado,Molhada,Perfeito estado,Faixa de pedestre,R-6a,,Dupla,Faixa contínua,,,,
2021-12-13,09:53:00,COM VÍTIMA,FINALIZADA,SANTO AMARO,AV CRUZ CABUGA,0,,,LADO OPOSTO AO SHOPPING TACARUNA  SENTIDO OLINA,,,,SANTO AMARO,COLISÃO COM CICLISTA,,0,0,0,1,0,0,1,0,0,1,0,202,,Longo da via,Chuvoso,Desligado,Perfeito estado,Molhada,Perfeito estado,Outros,Outras,,Dupla,Canteiro central,,,,
2021-12-13,12:12:00,COM VÍTIMA,FINALIZADA,BOA VISTA,RUA PRINCESA IZABEL,3,410,RUA DO HOSPICIO,EM FRENTE A CÂMARA DOS VEREADORES,,,,BOA VISTA,COLISÃO LATERAL,,1,1,0,0,0,0,0,0,0,1,0,31,CIDADE,Cruzamento,Chuvoso,Sem defeito,Perfeito estado,Molhada,Perfeito estado,Agente,R-25c,,Única,Não existe,,,,