data,hora,natureza_acidente,situacao,bairro,endereco,,numero,detalhe_endereco_acidente,complemento,endereco_cruzamento,numero_cruzamento,referencia_cruzamento,bairro_cruzamento,tipo,descricao,auto,moto,ciclom,ciclista,pedestre,onibus,caminhao,viatura,outros,vitimas,vitimasfatais,num_semaforo,sentido_via,acidente_verificado,tempo_clima,situacao_semaforo,sinalizacao,condicao_via,conservacao_via,ponto_controle,situacao_placa,velocidade_max_via,mao_direcao,divisao_via1,divisao_via2,divisao_via3,_id,Protocolo
2021-12-13,13:01:00,COM VÍTIMA,FINALIZADA,AFOGADOS,RUA NICOLAU PEREIRA,0,,AV SUL,PROX A ESTAÇAO DE TREM,,,,AFOGADOS,COLISÃO LATERAL,,1,1,0,0,0,0,0,0,0,1,0,,CIDADE,Longo da via,Chuvoso,Não existe,Perfeito estado,Molhada,Perfeito estado,Não existe,Não há placas,,Única,Faixa contínua,,,,
2021-12-13,14:55:00,COM VÍTIMA,FINALIZADA,ESTANCIA,AV DR JOSE RUFINO,0,,,EM FRENTE AO COLÉGIO VISÃO,,,,ESTÂNCIA,COLISÃO COM CICLISTA,,1,0,0,1,0,0,0,0,0,1,0,,CIDADE,Longo da via,Bom,Não existe,Perfeito estado,Seca,Perfeito estado,Não existe,Outras,,Dupla,Faixa contínua,,,,
2021-12-14,07:03:00,COM VÍTIMA,FINALIZADA,AFOGADOS,EST DOS REMEDIOS,4,1061,,EM FRENTE A FARMA PAULA E A BELO AUTO PEÇAS,,,,AFOGADOS,COLISÃO TRASEIRA,,1,0,0,0,0,0,0,0,1,1,0,524,CIDADE,Longo da via,Chuvoso,Sem defeito,Perfeito estado,Molhada,Perfeito estado,Não existe,Não há placas,,Única,Faixa seccionada,,,,
2021-12-14,08:34:00,COM VÍTIMA,FINALIZADA,SANTO AMARO,AV PREFEITO ARTUR LIMA CAVALCANTI,0,,,PONTE LIMOEIRO. POR TRÁS DA ANTIGA CONTAX,,,,SANTO AMARO,CHOQUE,,1,0,0,0,0,0,0,0,0,1,0,,SUBURBIO,Longo da via,Bom,Não existe,Perfeito estado,Seca,Perfeito estado,Não existe,Não há placas,,Dupla,Canteiro central,,,,
2021-12-14,08:37:00,COM VÍTIMA,FINALIZADA,BOA VISTA,AV CONDE DA BOA VISTA,3,280,RUA GONCALVES MAIA,PROX. AO POSTO SHELL,,,,BOA VISTA,COLISÃO COM CICLISTA,,0,1,0,1,0,0,0,0,0,1,0,,SUBURBIO,Cruzamento,Bom,Sem defeito,Perfeito estado,Seca,Perfeito estado,Faixa de pedestre,R-6c,,Dupla,Canteiro central,,,,
2021-12-14,09:01:00,COM VÍTIMA,FINALIZADA,BOA VISTA,AV CONDE DA BOA VISTA,0,,,EM FRENTE AO GRAU TECNICO E TINTAS SHERWIN WILLIANS,,,,BOA VISTA,COLISÃO COM CICLISTA,,1,0,0,1,0,0,0,0,0,1,0,,CIDADE,Longo da via,Bom,Não existe,Perfeito estado,Seca,Perfeito estado,,,,Dupla,Canteiro central,,,,
2021-12-14,09:27:00,COM VÍTIMA,FINALIZADA,ILHA JOANA BEZERRA,VDO PAPA JOAO PAULO II,0,,,FINAL DO VIADUTO SENT DERBY,,,,JOANA BEZERRA,COLISÃO TRASEIRA,,1,1,0,0,0,0,0,0,0,1,0,,OLINDA,Viaduto,Bom,Não existe,Não existente,Seca,Perfeito estado,Não existe,Não há placas,60 km/h,Única,Canteiro central,,,,
2021-12-14,13:17:00,COM VÍTIMA,FINALIZADA,IPUTINGA,RUA MINISTRO JOAO ALBERTO,3,515,,EM FRENTE AO EDIFICIO GRANADA,,,,IPUTINGA,COLISÃO FRONTAL,,2,1,0,0,0,0,0,0,0,1,0,,CIDADE,Longo da via,Bom,Não existe,Perfeito estado,Seca,Perfeito estado,Não existe,Não há placas,,Dupla,Faixa seccionada,,,,
2021-12-14,14:57:00,COM VÍTIMA,FINALIZADA,AFOGADOS,RUA SAO MIGUEL,4,1964,RUA GUARAMIRIM,EM FRENTE À DUDA AR PARA AUTOS,,,,AFOGADOS,COLISÃO TRASEIRA,,1,1,0,0,0,0,0,0,0,1,0,,SUBURBIO,Longo da via,Bom,Não existe,Perfeito estado,Seca,Perfeito estado,Não existe,Não há placas,,Dupla,Faixa contínua,,,,
2021-12-14,16:11:00,COM VÍTIMA,FINALIZADA,TEJIPIO,AV LIBERDADE,0,,,EM FRENTE AO CEMITÉRIO PARQUE DAS FLORES,,,,TEJIPIÓ,COLISÃO LATERAL,,1,1,0,0,0,0,0,0,0,1,0,,SUBURBIO,Longo da via,Bom,Sem defeito,Ilegível,Seca,Perfeito estado,Faixa de retenção,Não há placas,40 km/h,Dupla,Não existe,,,,
2021-12-14,17:17:00,COM VÍTIMA,FINALIZADA,CASA AMARELA,RUA DA ESTRELA,3,167,RUA FERREIRA LOPES,E/F AO EDF SAINT SEBASTIEN E AO LADO DO EDIFÍCIO VEVADALVA,,,,CASA AMARELA,COLISÃO LATERAL,,1,1,0,0,0,0,0,0,0,1,0,,EMBAIXADA CHINESA,Longo da via,Bom,Não existe,Perfeito estado,Seca,Perfeito estado,Não existe,Placas Pare,40 km/h,Dupla,Faixa seccionada,,,,
2021-12-15,07:51:00,COM VÍTIMA,FINALIZADA,CAXANGA,AV CAXANGA,4,4035,,EM FRENTE AO POSTO IPUTINGA,,,,CAXANGÁ,ATROPELAMENTO DE PESSOA,,0,1,0,0,1,0,0,0,0,1,0,,CIDADE,Longo da via,Bom,Sem defeito,Perfeito estado,Seca,Perfeito estado,Agente,R-32,60 km/h,Dupla,Faixa contínua,Canteiro central,,,
2021-12-15,11:13:00,COM VÍTIMA,FINALIZADA,ILHA JOANA BEZERRA,RUA CAPITAO TEMUDO,0,,,APOS O HOSPITAL PORTUGUEL ao lado do forum rodolfo aureliano,,,,JOANA BEZERRA,COLISÃO TRASEIRA,,1,1,0,0,0,0,0,0,0,1,0,,BOA VIAGEM,Viaduto,Bom,Não existe,Perfeito estado,Seca,Perfeito estado,Não existe,Não há placas,60 km/h,Dupla,Canteiro central,,,,
2021-12-15,11:16:00,COM VÍTIMA,FINALIZADA,ESPINHEIRO,RUA GOMES PACHECO,3,382,RUA MARQUES DO PARANA,EM FRENTE AO EDF LIVING GLUB,,,,ESPINHEIRO,COLISÃO FRONTAL,,1,1,0,0,0,0,0,0,0,1,0,,SUBURBIO,Cruzamento,Bom,Não existe,Incompleta,Seca,Perfeito estado,Agente,Placas Pare,,Única,Não existe,,,,
2021-12-15,11:58:00,COM VÍTIMA,FINALIZADA,CURADO,EST DO CURADO,3,538,,ACIDENTE COM VITIMA  ETHIOS ATROPELOU UMA SRA. DE IDADE,,,,CURADO,ATROPELAMENTO DE PESSOA,,1,0,0,0,1,0,0,0,0,1,0,,CIDADE,Longo da via,Bom,Não existe,Não existente,Seca,Mal conservada,Não existe,Não há placas,30 km/h,Dupla,Não existe,,,,
2021-12-15,18:15:00,COM VÍTIMA,FINALIZADA,BOA VIAGEM,RUA CAMBOIM,3,574,RUA CRUZEIRO DO FORTE,E/F A GALERIA SETUBAL CENTER,,,,BOA VIAGEM,COLISÃO TRANSVERSAL,,1,2,0,0,0,0,0,0,0,2,0,,,Cruzamento,Bom,Não existe,Perfeito estado,Seca,Perfeito estado,Não existe,Placas Pare,,Dupla,Faixa seccionada,,,,
2021-12-16,13:52:00,COM VÍTIMA,FINALIZADA,IBURA,AV RECIFE,4,2305,,EM FRENTE AO ATACAMAX. APÓS A ENTRADA DO IBURA,,,,IBURA,COLISÃO TRASEIRA,,3,0,0,0,0,0,0,0,0,1,0,,AEROPORTO,Longo da via,Bom,Não existe,Perfeito estado,Seca,Perfeito estado,Não existe,Outras,60 km/h,Dupla,Faixa contínua,Faixa seccionada,Canteiro central,,
2021-12-16,22:57:40,COM VÍTIMA,FINALIZADA,AFOGADOS,RUA SAO MIGUEL,4,1428,RUA DRA ITAMAR DE MORAIS E SILVA,PROXIMO AO BODE DO NÔ,,,,AFOGADOS,COLISÃO LATERAL,,1,1,0,0,0,0,0,0,0,1,0,,SUBURBIO,Cruzamento,Bom,Não existe,Perfeito estado,Seca,Perfeito estado,Não existe,Não há placas,,Dupla,Faixa contínua,,,,
2021-12-17,12:20:00,COM VÍTIMA,FINALIZADA,BOA VIAGEM,AV GENERAL MAC ARTHUR,0,,,EM FRENTE AO LE PARC,,,,BOA VIAGEM,COLISÃO COM CICLISTA,,0,1,0,1,0,0,0,0,0,1,0,673,SUBURBIO,Longo da via,Bom,Sem defeito,Perfeito estado,Seca,Perfeito estado,Faixa de pedestre,Outras,40 km/h,Única,Faixa seccionada,,,,
2021-12-17,17:43:00,COM VÍTIMA,FINALIZADA,JIQUIA,AV DR JOSE RUFINO,3,528,RUA MORAIS E SILVA,EM FRENTE A GALERIA MARGARIDA,,,,JIQUIÁ,COLISÃO TRASEIRA,,1,1,0,0,0,0,0,0,0,1,0,,,Cruzamento,Bom,Não existe,Perfeito estado,Seca,Perfeito estado,Não existe,R-6a,,Dupla,Faixa contínua,,,,
2021-12-18,07:48:00,COM VÍTIMA,FINALIZADA,SAN MARTIN,AV GENERAL SAN MARTIN,4,2479,AV JOAO CABRAL DE MELO NETO,,,,,SAN MARTIN,COLISÃO COM CICLISTA,,0,1,0,1,0,0,0,0,0,3,0,250,SUBURBIO,Longo da via,Bom,Sem defeito,Perfeito estado,Seca,Perfeito estado,Não existe,Não há placas,40 km/h,Dupla,Faixa contínua,,,,
2021-12-18,08:50:00,COM VÍTIMA,FINALIZADA,IPSEP,RUA JEAN EMILE FAVRE,4,1562,,EM FRENTE O SUPERMERCADO QUALY PREÇO,,,,IPSEP,COLISÃO TRANSVERSAL,,1,1,0,0,0,0,0,0,0,1,0,,CIDADE,Longo da via,Bom,Sem defeito,Perfeito estado,Seca,Perfeito estado,Não existe,Não há placas,40 km/h,Dupla,Faixa contínua,,,,
2021-12-19,07:15:00,COM VÍTIMA,FINALIZADA,ARRUDA,RUA PROFESSOR JERONIMO GUEIROS,3,295,RUA MEM DE SA,PROX. A COCA-COLA,,,,ARRUDA,COLISÃO LATERAL,,1,1,0,0,0,0,0,0,0,2,0,495,CIDADE,Cruzamento,Bom,Sem defeito,Perfeito estado,Seca,Perfeito estado,Faixa de pedestre,,30 km/h,Dupla,Faixa seccionada,,,,
2021-12-19,16:32:00,COM VÍTIMA,FINALIZADA,IPUTINGA,AV MAURICIO DE NASSAU,0,,,POR TRÁS DO PARQUE DE EXPOSIÇÕES DO CORDEIRO,,,,IPUTINGA,COLISÃO LATERAL,,1,1,0,0,0,0,0,0,0,2,0,,SUBURBIO,Longo da via,Bom,Não existe,Perfeito estado,Seca,Perfeito estado,Não existe,Não há placas,40 km/h,Dupla,Faixa contínua,,,,
2021-12-19,18:43:00,COM VÍTIMA,FINALIZADA,IBURA,AV DOIS RIOS,0,,,E/F A PIZZARIA PRIME,,,,IBURA,COLISÃO TRANSVERSAL,,1,1,0,0,0,0,0,0,0,1,0,,,Longo da via,Bom,Sem defeito,Perfeito estado,Seca,Perfeito estado,,R-6a,60 km/h,Dupla,Faixa contínua,,,,
2021-12-20,03:50:00,COM VÍTIMA,FINALIZADA,TORROES,AV ENGENHEIRO ABDIAS DE CARVALHO,2,40,,PRÓXIMO A YOKI,,,,TORRÕES,COLISÃO LATERAL,,1,1,0,0,0,0,0,0,0,1,0,,SUBURBIO,Longo da via,Chuvoso,Não existe,Perfeito estado,Molhada,Perfeito estado,Não existe,Não há placas,60 km/h,Dupla,Faixa seccionada,,,,
2021-12-20,10:35:00,COM VÍTIMA,FINALIZADA,IMBIRIBEIRA,AV GENERAL MAC ARTHUR,3,285,,E/F AO EDIFICIO LE PARC,,,,IMBIRIBEIRA,COLISÃO TRANSVERSAL,,1,1,0,0,0,0,0,0,0,1,0,,SUBURBIO,Longo da via,Bom,Não existe,Perfeito estado,Seca,Perfeito estado,Não existe,Não há placas,40 km/h,Única,Não existe,,,,
2021-12-20,11:35:00,COM VÍTIMA,FINALIZADA,IMBIRIBEIRA,RUA JEAN EMILE FAVRE,3,143,RUA ITAJAI,PRÓX À LIG PEÇAS ATACADO,,,,IMBIRIBEIRA,COLISÃO TRANSVERSAL,,1,1,0,0,0,0,0,0,0,2,0,,SUBURBIO,Cruzamento,Bom,Não existe,Perfeito estado,Seca,Perfeito estado,Não existe,Não há placas,40 km/h,Única,Não existe,,,,
2021-12-20,20:38:00,COM VÍTIMA,FINALIZADA,CAMPO GRANDE,RUA PROFESSOR FRANCISCO DA TRINDADE,3,118,,PROX AO CLUBE DAS PAES,,,,CAMPO GRANDE,COLISÃO TRANSVERSAL,,1,1,0,0,0,0,0,0,0,1,0,,SUBURBIO,Longo da via,Bom,Não existe,Perfeito estado,Seca,Perfeito estado,,Não há placas,,Dupla,Não existe,,,,
2021-12-21,09:45:00,COM VÍTIMA,FINALIZADA,CAXANGA,AV CAXANGA,3,653,,EM FRENTE AO COMPAZ,,,,CAXANGÁ,COLISÃO LATERAL,,0,2,0,0,0,0,0,0,0,1,0,489,CIDADE,Longo da via,Bom,Sem defeito,Perfeito estado,Seca,Perfeito estado,Faixa de pedestre,R-6a,60 km/h,Dupla,Canteiro central,Blocos,,,
2021-12-21,10:12:00,COM VÍTIMA,FINALIZADA,BOA VIAGEM,RUA DEZ DE JULHO,3,481,RUA CAMBOIM,EM FRENTE A MAISON CHRISTAL,,,,BOA VIAGEM,COLISÃO LATERAL,,1,1,0,0,0,0,0,0,0,1,0,,CIDADE,Cruzamento,Bom,Não existe,Perfeito estado,Seca,Perfeito estado,Faixa de pedestre,Não há placas,,Única,Faixa seccionada,,,,
2021-12-21,10:38:00,COM VÍTIMA,FINALIZADA,BOA VIAGEM,RUA PROFESSOR EDUARDO WANDERLEY FILHO,3,242,RUA FRANCISCO DA CUNHA,EDIFÍCIO STÚDIO BOA VIAGEM,,,,BOA VIAGEM,COLISÃO LATERAL,,1,1,0,0,0,0,0,0,0,1,0,,SUBURBIO,Cruzamento,Bom,Não existe,Perfeito estado,Seca,Perfeito estado,Faixa de retenção,Placas Pare,,Única,Não existe,,,,
2021-12-21,12:22:00,COM VÍTIMA,FINALIZADA,JIQUIA,RUA SAO MIGUEL,4,2159,,PROX A FABRICA DA IOLANDA POLO NORTE MOTOS,,,,JIQUIÁ,COLISÃO LATERAL,,0,1,0,0,0,1,0,0,0,1,0,,CIDADE,Longo da via,Bom,Não existe,Perfeito estado,Seca,Perfeito estado,Não existe,R-19,60 km/h,Dupla,Faixa contínua,,,,
2021-12-21,16:57:00,COM VÍTIMA,FINALIZADA,MADALENA,RUA BENFICA,0,,RUA REAL DA TORRE,PROXIMO AO MUSEU DA ABOLIÇÃO,,,,MADALENA,COLISÃO TRANSVERSAL,,1,0,0,0,0,1,0,0,0,2,0,257,CIDADE,Longo da via,Bom,Sem defeito,Perfeito estado,Seca,Perfeito estado,Faixa de pedestre,Não há placas,,Dupla,Faixa contínua,,,,
2021-12-21,21:14:40,COM VÍTIMA,FINALIZADA,TORRE,RUA CONDE DE IRAJA,0,,RUA JOSE BONIFACIO,SEMÁFORO 191,,,,TORRE,COLISÃO LATERAL,,1,1,0,0,0,0,0,0,0,1,0,191,SUBURBIO,Longo da via,Bom,Sem defeito,Perfeito estado,Seca,Perfeito estado,Faixa de pedestre,Outras,,Única,,,,,
2021-12-21,23:00:40,COM VÍTIMA,FINALIZADA,BOA VISTA,RUA DO PRINCIPE,3,114,RUA DO SOSSEGO,NO CRUZAMENTO MESMO,,,,BOA VISTA,COLISÃO LATERAL,,2,0,0,0,0,0,0,0,0,1,0,,CIDADE,Cruzamento,Bom,Não existe,Perfeito estado,Seca,Perfeito estado,Não existe,Não há placas,,Única,Faixa seccionada,,,,
2021-12-22,11:54:00,COM VÍTIMA,FINALIZADA,SANTO AMARO,RUA DA AURORA,0,,,PONTE LIMOEIRO E AO LADO DO HOSPITAL,,,,SANTO AMARO,COLISÃO COM CICLISTA,,1,0,0,1,0,0,0,0,0,1,0,,SUBURBIO,Longo da via,Bom,Sem defeito,Perfeito estado,Seca,Perfeito estado,Agente,Não há placas,,Única,Faixa contínua,,,,
2021-12-22,12:45:00,COM VÍTIMA,FINALIZADA,CORDEIRO,RUA DR MIGUEL VIEIRA FERREIRA,2,76,,PROXIMO AO SEMÁFORO 249,,,,CORDEIRO,COLISÃO LATERAL,,1,1,0,0,0,0,0,0,0,1,0,249,CIDADE,Cruzamento,Bom,Sem defeito,Perfeito estado,Seca,Perfeito estado,Faixa de pedestre,Não há placas,,Dupla,Faixa contínua,,,,
2021-12-23,03:15:00,COM VÍTIMA,FINALIZADA,CAMPO GRANDE,EST DE BELEM,0,,,E/F AO COLÉGIO JESUS CRUCIFICADO,,,,CAMPO GRANDE,CHOQUE,,1,0,0,0,0,0,0,0,0,1,0,,SUBURBIO,Longo da via,Chuvoso,Não existe,Perfeito estado,Molhada,Perfeito estado,Não existe,Não há placas,,Dupla,Faixa contínua,,,,
2021-12-23,14:32:00,COM VÍTIMA,FINALIZADA,JAQUEIRA,RUA LEONARDO BEZERRA CAVALCANTE,2,59,,PRÓX AO HOSPITAL MARIA LUCINDA,,,,JAQUEIRA,COLISÃO LATERAL,,1,1,0,0,0,0,0,0,0,1,0,,,Longo da via,Bom,Sem defeito,Perfeito estado,Seca,Perfeito estado,Outros,Outras,,Dupla,Faixa seccionada,,,,
2021-12-23,16:09:00,COM VÍTIMA,FINALIZADA,CORDEIRO,RUA FIRMINO DE BARROS,2,69,,EM FRENTE A CENTRO CAR,,,,CORDEIRO,QUEDA,,0,1,0,0,0,0,0,0,0,1,0,,,Longo da via,Bom,Não existe,Não existente,Seca,Perfeito estado,Não existe,Não há placas,,Dupla,Não existe,,,,
2021-12-23,16:15:00,COM VÍTIMA,FINALIZADA,CASA AMARELA,AV NORTE MIGUEL ARRAES DE ALENCAR,4,5027,,EM FRENTE AO MORADA DA PAZ ESSENCIAL,,,,CASA AMARELA,ATROPELAMENTO DE PESSOA,,0,1,0,0,1,0,0,0,0,1,0,,CIDADE,Longo da via,Chuvoso,Sem defeito,Perfeito estado,Molhada,Perfeito estado,Não existe,Outras,60 km/h,Única,Faixa contínua,,,,
2021-12-24,00:40:00,COM VÍTIMA,FINALIZADA,SANTO AMARO,AV GOVERNADOR AGAMENON MAGALHAES,0,,RUA ODORICO MENDES,,,,,SANTO AMARO,COLISÃO TRANSVERSAL,,1,1,0,0,0,0,0,0,0,1,0,49,CIDADE,Cruzamento,Bom,Sem defeito,Perfeito estado,Seca,Perfeito estado,,,,Dupla,Outros,,,,
2021-12-24,10:01:00,COM VÍTIMA,FINALIZADA,TAMARINEIRA,AV PROFESSOR JOSE DOS ANJOS,4,1561,,APÓS O CRUZAMENTO DA ESTRADA VELHA,,,,TAMARINEIRA,QUEDA,,0,1,0,0,0,0,0,0,0,1,0,,SESC,Longo da via,Bom,Não existe,Perfeito estado,Seca,Perfeito estado,Não existe,Não há placas,,Dupla,Canal,,,,
2021-12-24,14:15:00,COM VÍTIMA,FINALIZADA,IPUTINGA,RUA LEAL DE BARROS,0,,RUA PEREIRA COUTINHO FILHO,PRÓX AO COLÉGIO EXPOENTE,,,,IPUTINGA,COLISÃO FRONTAL,,1,1,0,0,0,0,0,0,0,1,0,,SUBURBIO,Cruzamento,Bom,Não existe,Não existente,Seca,Perfeito estado,Não existe,Não há placas,40 km/h,Dupla,Faixa contínua,,,,
2021-12-24,17:15:00,COM VÍTIMA,FINALIZADA,AFOGADOS,RUA JACIRA,4,1714,RUA CINCO DE NOVEMBRO,PRÓXIMO À BIBLIOTECA DE AFOGADOS,,,,AFOGADOS,COLISÃO TRANSVERSAL,,1,1,0,0,0,0,0,0,0,2,0,,SUBURBIO,Cruzamento,Bom,Não existe,Perfeito estado,Seca,Perfeito estado,Não existe,Não há placas,30 km/h,Dupla,Não existe,,,,
2021-12-24,19:12:00,COM VÍTIMA,FINALIZADA,PORTO DA MADEIRA,AV BEBERIBE,4,3035,,SEMÁFORO 517,,,,PORTO DA MADEIRA,COLISÃO TRANSVERSAL,,1,1,0,0,0,0,0,0,0,1,0,,SUBURBIO,Longo da via,Bom,Não existe,Não existente,Seca,Mal conservada,Não existe,Não há placas,,Dupla,Faixa contínua,Faixa seccionada,,,
2021-12-25,09:06:00,COM VÍTIMA,FINALIZADA,ESPINHEIRO,RUA CONS PORTELA,4,852B,,E/F O BELAS ARTES,,,,ESPINHEIRO,CHOQUE,,0,1,0,0,0,0,0,0,0,1,0,,SUBURBIO,Longo da via,Chuvoso,Não existe,Perfeito estado,Seca,Perfeito estado,Outros,R-6a,,Única,Faixa seccionada,,,,
2021-12-26,00:59:00,COM VÍTIMA,FINALIZADA,TORRE,RUA MARQUES DE MARICA,3,214,,PRÓXIMO Á PRAÇA DA TORRE,,,,TORRE,ATROPELAMENTO DE PESSOA,,1,0,0,0,1,0,0,0,0,1,0,,SUBURBIO,Longo da via,Chuvoso,Não existe,Perfeito estado,Molhada,Perfeito estado,Não existe,Não há placas,,Única,Faixa seccionada,,,,
2021-12-26,02:33:00,COM VÍTIMA,FINALIZADA,BOA VIAGEM,RUA JOSE MARIA DE MIRANDA,0,,AV ENGENHEIRO DOMINGOS FERREIRA,APÓS O BANCO DO BRASIL,,,,BOA VIAGEM,COLISÃO TRANSVERSAL,,1,1,0,0,0,0,0,0,0,1,0,484,SUBURBIO,Cruzamento,Chuvoso,Sem defeito,Perfeito estado,Molhada,Perfeito estado,Faixa de retenção,Não há placas,60 km/h,Única,Faixa seccionada,Canteiro central,,,
2021-12-26,02:47:00,COM VÍTIMA,FINALIZADA,TAMARINEIRA,RUA CONEGO BARATA,0,,EST DO ARRAIAL,EM FRENTE A CASAS JOSE ARAUJO,,,,TAMARINEIRA,COLISÃO TRANSVERSAL,,1,0,0,0,0,1,0,0,0,1,0,61,SUBURBIO,Cruzamento,Chuvoso,Sem defeito,Perfeito estado,Molhada,Perfeito estado,Faixa de pedestre,Outras,,Dupla,Canteiro central,,,,
2021-12-26,13:56:00,COM VÍTIMA,FINALIZADA,TOTO,RUA PAULINO DE FARIAS,3,339,,PROXIMO A ANTIGA ACADEMIA NOVA ERA,,,,TOTÓ,COLISÃO FRONTAL,,1,1,0,0,0,0,0,0,0,1,0,,SUBURBIO,Longo da via,Chuvoso,Não existe,Incompleta,Molhada,Perfeito estado,Não existe,Não há placas,,Dupla,Não existe,,,,
2021-12-27,13:49:00,COM VÍTIMA,FINALIZADA,AGUA FRIA,AV BEBERIBE,4,1806,,EM FRENTE AO ACONCHEGO DECOR,,,,ÁGUA FRIA,ATROPELAMENTO DE PESSOA,,0,0,0,0,1,1,0,0,0,1,0,,SUBURBIO,Longo da via,Bom,Não existe,Perfeito estado,Seca,Perfeito estado,Faixa de pedestre,R-32,,Dupla,Faixa contínua,,,,
2021-12-27,15:46:00,COM VÍTIMA,FINALIZADA,CORDEIRO,AV MAURICIO DE NASSAU,0,,,PROXIMO AO GOE,,,,CORDEIRO,COLISÃO LATERAL,,1,1,0,0,0,0,0,0,0,1,0,,CIDADE,Longo da via,Bom,Não existe,Perfeito estado,Seca,Perfeito estado,Não existe,Não há placas,60 km/h,Dupla,Faixa contínua,,,,
2021-12-28,08:05:00,COM VÍTIMA,FINALIZADA,SANTO AMARO,AV CRUZ CABUGA,4,1597,,EM FRENTE AO HOSPITAL DO CANCER SENT. CIDADE,,,,SANTO AMARO,COLISÃO TRASEIRA,,1,1,0,0,0,0,0,0,0,1,0,,CIDADE,Longo da via,Bom,Sem defeito,Perfeito estado,Seca,Perfeito estado,Não existe,Não há placas,,Dupla,Blocos,,,,
2021-12-28,17:57:00,COM VÍTIMA,FINALIZADA,AFOGADOS,RUA SAO MIGUEL,3,133,,EM FRENTE AO DEPATRI EM FRENTE AO CARTÓRIO DE AFOGADOS,,,,AFOGADOS,COLISÃO LATERAL,,1,0,0,0,0,1,0,0,0,1,0,,CIDADE,Cruzamento,Bom,Não existe,Não existente,Seca,Perfeito estado,Não existe,Não há placas,,Dupla,,,,,
2021-12-29,09:58:00,COM VÍTIMA,FINALIZADA,TORRE,RUA PROFESSOR TRAJANO DE MENDONCA,3,305,,AO LADO DA FARMACIA DROGASIL,,,,TORRE,COLISÃO LATERAL,,1,1,0,0,0,0,0,0,0,1,0,,AFOGADOS,Longo da via,Bom,Não existe,Perfeito estado,Seca,Perfeito estado,Não existe,Não há placas,,Única,Faixa contínua,,,,
2021-12-29,16:50:00,COM VÍTIMA,FINALIZADA,DERBY,AV GOVERNADOR AGAMENON MAGALHAES,0,,,SOB O SEMÁFORO 075,,,,DERBY,COLISÃO COM CICLISTA,,0,1,0,1,0,0,0,0,0,1,0,75,BOA VIAGEM,Cruzamento,Bom,Sem defeito,Perfeito estado,Seca,Perfeito estado,Agente,,60 km/h,Única,Faixa seccionada,Canteiro central,,,
2021-12-29,22:33:40,COM VÍTIMA,FINALIZADA,JORDAO,AV MARIA IRENE,4,1021,,EM FRENTE À OFICINA FÁBIO MULTIMARCAS,,,,JORDÃO,COLISÃO LATERAL,,1,1,0,0,0,0,0,0,0,2,0,,SUBURBIO,Longo da via,Bom,Não existe,Não existente,Seca,Mal iluminada,Não existe,Não há placas,40 km/h,Dupla,Não existe,,,,
2021-12-30,12:34:00,COM VÍTIMA,FINALIZADA,PINA,AV REPUBLICA DO LIBANO,3,508,RUA BARAO DE SANTO ANGELO,AO LADO  EMPRESARIAL DO RIO MAR,,,,PINA,COLISÃO LATERAL,,1,1,0,0,0,0,0,0,0,1,0,,BOA VIAGEM,Longo da via,Bom,Sem defeito,Perfeito estado,Seca,Perfeito estado,Não existe,Não há placas,60 km/h,Única,Não existe,,,,
2021-12-31,10:13:00,COM VÍTIMA,FINALIZADA,SAN MARTIN,RUA DELMIRO GOUVEIA,3,333,,EM FRENTE A CHESF,,,,SAN MARTIN,COLISÃO COM CICLISTA,,1,0,0,1,0,0,0,0,0,1,0,586,,Longo da via,Bom,Sem defeito,Perfeito estado,Seca,Perfeito estado,Não existe,Não há placas,,Dupla,Não existe,,,,