data,hora,natureza_acidente,situacao,bairro,endereco,,numero,detalhe_endereco_acidente,complemento,endereco_cruzamento,numero_cruzamento,referencia_cruzamento,bairro_cruzamento,tipo,descricao,auto,moto,ciclom,ciclista,pedestre,onibus,caminhao,viatura,outros,vitimas,vitimasfatais,num_semaforo,sentido_via,acidente_verificado,tempo_clima,situacao_semaforo,sinalizacao,condicao_via,conservacao_via,ponto_controle,situacao_placa,velocidade_max_via,mao_direcao,divisao_via1,divisao_via2,divisao_via3,_id,Protocolo
2021-12-31,11:36:00,COM VÍTIMA,FINALIZADA,ESTANCIA,AV RECIFE,3,673,,EM FRENTE AO LABORATORIO CERPE,,,,ESTÂNCIA,COLISÃO TRASEIRA,,1,1,0,0,0,0,0,0,0,1,0,,SUBURBIO,Longo da via,Bom,Sem defeito,Perfeito estado,Seca,Perfeito estado,Não existe,R-6a,,Dupla,Faixa contínua,Faixa seccionada,Canteiro central,,
2021-12-31,12:56:00,COM VÍTIMA,FINALIZADA,VARZEA,RUA GASTAO VIDIGAL,3,125,,EM FRENTE AO MOTEL DO NINJA,,,,VÁRZEA,COLISÃO FRONTAL,,0,1,0,0,0,1,0,0,0,1,0,,CIDADE,Cruzamento,Bom,Não existe,Perfeito estado,Seca,Perfeito estado,Não existe,Não há placas,,Dupla,Faixa seccionada,,,,
2021-12-31,15:00:00,COM VÍTIMA,FINALIZADA,TORREAO,AV NORTE MIGUEL ARRAES DE ALENCAR,0,,RUA NATIVIDADE SALDANHA,ACIDENTE COM VITÍMA NA PRAÇA DA PICANHA / SOLICITADO PELO COORD RICARDO MARIANO,,,,TORREÃO,COLISÃO TRASEIRA,,2,0,0,0,0,0,0,0,0,1,0,376,SUBURBIO,Cruzamento,Bom,Sem defeito,Perfeito estado,Seca,Perfeito estado,Faixa de pedestre,Outras,60 km/h,Dupla,Faixa contínua,Faixa seccionada,Canteiro central,,
2022-01-01,00:00:00,COM VÍTIMA,FINALIZADA,JORDAO,AV MARIA IRENE,3,130,,,,,,JORDÃO,COLISÃO FRONTAL,,1,1,0,0,0,0,0,0,0,1,0,,SUBURBIO,Longo da via,Bom,Não existe,Não existente,Seca,Perfeito estado,Não existe,Não há placas,,Dupla,Não existe,,,1,202200001
2022-01-02,00:00:00,COM VÍTIMA,FINALIZADA,AFLITOS,RUA MANUEL DE CARVALHO,3,432,RUA CARNEIRO VILELA,PRÓX AO CAMPO DO NAUTICO,,,,AFLITOS,COLISÃO LATERAL,,1,1,0,0,0,0,0,0,0,1,0,,SUBURBIO,Cruzamento,Bom,Não existe,Perfeito estado,Seca,Perfeito estado,,"Placas ""Pare""",,Única,Faixa contínua,,,5,202200082
2022-01-02,00:00:00,COM VÍTIMA,FINALIZADA,TAMARINEIRA,AV NORTE MIGUEL ARRAES DE ALENCAR,0,,RUA CONEGO BARATA,SEMAFORO 062,,,,TAMARINEIRA,COLISÃO LATERAL,,1,1,0,0,0,0,0,0,0,1,0,62,SUBURBIO,Longo da via,Bom,Sem defeito,Perfeito estado,Seca,Perfeito estado,Faixa de pedestre,Outras,,,,,,6,202200085
2022-01-02,00:00:00,COM VÍTIMA,FINALIZADA,IMBIRIBEIRA,AV MARECHAL MASCARENHAS DE MORAES,3,841,,"AO LADO DA MAGAZINE E E/F AO RECIFE RADIADORES / PRÓX A ESTAÇÃO, SNT AFOGADOS",,,,IMBIRIBEIRA,COLISÃO LATERAL,,1,1,0,0,0,0,0,0,0,1,0,,CIDADE,Longo da via,Chuvoso,,Perfeito estado,Molhada,Perfeito estado,Outros,,40 km/h,,,,,7,202200086
2022-01-04,00:00:00,COM VÍTIMA,FINALIZADA,ARRUDA,AV BEBERIBE,4,1253,RUA DAS MOCAS,EM FRENTE AO CAMPO DO ARRUDA E AO CERPE,,,,ARRUDA,COLISÃO LATERAL,,1,1,0,0,0,0,0,0,0,1,0,,CIDADE,Cruzamento,Chuvoso,Não existe,Perfeito estado,Molhada,Perfeito estado,Outros,Outras,,Dupla,Faixa contínua,,,11,202200165
2022-01-04,00:00:00,COM VÍTIMA,FINALIZADA,APIPUCOS,RUA DE APIPUCOS,0,,RUA CORONEL JOAO BATISTA DO REGO BARROS,PROXIMO DO AÇUDE,,,,APIPUCOS,COLISÃO TRANSVERSAL,,1,1,0,0,0,0,0,0,0,1,0,540,SUBURBIO,Cruzamento,Chuvoso,Sem defeito,Perfeito estado,Molhada,Perfeito estado,Faixa de pedestre,Não há placas,,Dupla,Faixa contínua,,,12,202200176
2022-01-04,00:00:00,COM VÍTIMA,FINALIZADA,GRACAS,AV RUI BARBOSA,4,1473,,EM FRENTE O COLÉGIO DAMAS,,,,GRAÇAS,ATROPELAMENTO DE PESSOA,,1,0,0,0,1,0,0,0,0,1,0,,CIDADE,Longo da via,Chuvoso,Não existe,Perfeito estado,Seca,Perfeito estado,Faixa de pedestre,Outras,60 km/h,Única,Faixa seccionada,,,13,202200178
2022-01-04,00:00:00,COM VÍTIMA,FINALIZADA,ARRUDA,AV BEBERIBE,4,1020,,"EM FRENTE AO POSTO BR, SENT. ENCRUZILHADA",,,,ARRUDA,COLISÃO TRANSVERSAL,,1,1,0,0,0,0,0,0,0,1,0,,CIDADE,Longo da via,Bom,Não existe,Perfeito estado,Seca,Perfeito estado,Não existe,R-6a,60 km/h,Dupla,Faixa contínua,,,14,202200179
2022-01-04,00:00:00,COM VÍTIMA,FINALIZADA,IMBIRIBEIRA,AV MARECHAL MASCARENHAS DE MORAES,0,,,"E, BAIXO DA PASSARELA PROX AO EROPORTO S/T SUB",,,,IMBIRIBEIRA,COLISÃO TRASEIRA,,2,0,0,0,0,0,0,0,0,1,0,570,SUBURBIO,Longo da via,Bom,Sem defeito,Perfeito estado,Seca,Perfeito estado,Faixa de pedestre,R-6a,60 km/h,Única,Faixa contínua,,,16,202200189
2022-01-04,00:00:00,COM VÍTIMA,FINALIZADA,CASA AMARELA,RUA MAJOR NEREU GUERRA,0,,RUA MAJOR AFONSO LEAL,E/F A BIBLIOTECA PUBLICA  - COLISÃO ENTRE AUTO E MOTO - ACIDENTE COM DUAS VÍTIMAS,,,,CASA AMARELA,COLISÃO LATERAL,,1,1,0,0,0,0,0,0,0,2,0,,CIDADE,Esquina,Bom,Não existe,Incompleta,Seca,Mal conservada,Não existe,Outras,,Única,Faixa seccionada,,,17,202200194
2022-01-04,00:00:00,COM VÍTIMA,FINALIZADA,ILHA DO LEITE,RUA GENERAL JOAQUIM INACIO,0,,AV FREI MATIAS TEVES,EM FRENTE A FARMACIA INDEPENDENTE,,,,ILHA DO LEITE,COLISÃO LATERAL,,1,1,0,0,0,0,0,0,0,1,0,,SUBURBIO,Cruzamento,Bom,Sem defeito,Perfeito estado,Seca,Perfeito estado,Faixa de pedestre,R-6a,40 km/h,Dupla,Faixa seccionada,,,19,202200199
2022-01-04,00:00:00,COM VÍTIMA,FINALIZADA,IMBIRIBEIRA,AV ANTONIO TORRES GALVAO,3,360,,E/F A AMERICA FORD,,,,IMBIRIBEIRA,COLISÃO COM CICLISTA,,1,0,0,1,0,0,0,0,0,1,0,,,Longo da via,Bom,Sem defeito,Perfeito estado,Seca,Perfeito estado,Agente,R-6a,,Única,Faixa seccionada,,,20,202200211
2022-01-04,00:00:00,COM VÍTIMA,FINALIZADA,IPSEP,AV RECIFE,4,1810,RUA JEAN EMILE FAVRE,E/F A PADARIA VILA DO PAO / SEMÁFORO 130,,,,IPSEP,COLISÃO TRASEIRA,,1,1,0,0,0,0,0,0,0,1,0,130,SUBURBIO,Longo da via,Chuvoso,,Perfeito estado,Molhada,Perfeito estado,Faixa de pedestre,R-6a,,Dupla,Faixa contínua,Faixa seccionada,,21,202200216
2022-01-05,00:00:00,COM VÍTIMA,FINALIZADA,DOIS IRMAOS,RUA MANUEL DE MEDEIROS,3,450,,EM FRENTE A OFICINA MECANICA,,,,DOIS IRMÃOS,COLISÃO LATERAL,,1,1,0,0,0,0,1,0,0,1,0,,,Longo da via,Bom,Sem defeito,Perfeito estado,Seca,Perfeito estado,Não existe,,,Dupla,Faixa contínua,,,22,202200238
2022-01-05,00:00:00,COM VÍTIMA,FINALIZADA,CABANGA,RUA CAPITAO TEMUDO,2,SN,,PROXIMO AO IATE CLUBE,,,,CABANGA,COLISÃO TRASEIRA,,0,2,0,0,0,0,0,0,0,2,0,,CIDADE,Viaduto,Bom,Não existe,Perfeito estado,Seca,Perfeito estado,Não existe,Não há placas,60 km/h,Única,Blocos,,,23,202200257
2022-01-05,00:00:00,COM VÍTIMA,FINALIZADA,ESPINHEIRO,RUA MARQUES DO PARANA,0,,RUA ALFREDO DE CARVALHO,PRÓX AO MARTELINHO DE OURO,,,,ESPINHEIRO,COLISÃO TRANSVERSAL,,0,0,0,0,0,1,1,0,0,2,0,,,Cruzamento,Bom,Não existe,Ilegível,Seca,Perfeito estado,Faixa de pedestre,R-4a,,Única,Não existe,,,26,202200269
2022-01-05,00:00:00,COM VÍTIMA,FINALIZADA,IBURA,AV DOM HELDER CAMARA,0,,,AO LADO DO NUCLEO DE POLICIA NA ENTRADA DE IBURA DE BAIXO,,,,IBURA,COLISÃO TRASEIRA,,1,1,0,0,0,0,0,0,0,1,0,315,,Longo da via,Bom,Sem defeito,Perfeito estado,Seca,Perfeito estado,Faixa de retenção,Não há placas,,Dupla,Faixa contínua,,,27,202200278
2022-01-05,00:00:00,COM VÍTIMA,FINALIZADA,RECIFE,AV MILITAR,0,,1PR DIAS COELHO,E/F AO FORTE DO BRUM,,,,BAIRRO DO RECIFE,COLISÃO LATERAL,,1,1,0,0,0,0,0,0,0,1,0,,S,Longo da via,Bom,Não existe,Perfeito estado,Seca,Perfeito estado,Não existe,R-6a,50 km/h,Única,,,,29,202200293
2022-01-05,00:00:00,COM VÍTIMA,FINALIZADA,ILHA JOANA BEZERRA,AV GOVERNADOR AGAMENON MAGALHAES,0,,,E/F A ACADEMIA DA CIDADE,,,,ILHA JOANA BEZERRA,CHOQUE,,0,0,0,0,0,0,0,0,0,1,0,,,,,,,,,,,,,,,,30,202200300
2022-01-06,00:00:00,COM VÍTIMA,FINALIZADA,ESPINHEIRO,AV JOAO DE BARROS,0,,,SOB O VIADUTO DA AGAMENOM MAGALHÃES / EM FRENTE A QUITANDARIA,,,,ESPINHEIRO,CHOQUE,,0,1,0,0,0,0,0,0,0,2,0,,SUBURBIO,Longo da via,Bom,Não existe,Perfeito estado,Seca,Perfeito estado,Não existe,Outras,,Única,Faixa seccionada,,,31,202200302
2022-01-06,00:00:00,COM VÍTIMA,FINALIZADA,NOVA DESCOBERTA,RUA NOVA DESCOBERTA,3,211,,"LARGO DONA REGINA, EM FRENTE O ATACAREJO O CONDUTOR DO ÔNIBUS INFORMOU QUE O RAPAZ TERIA SE JOGADO NA FRENTE DO COLETIVO",,,,NOVA DESCOBERTA,ATROPELAMENTO DE PESSOA,,0,0,0,0,1,1,0,0,0,1,0,,,Longo da via,Nublado,Não existe,Incompleta,Seca,Perfeito estado,Não existe,,,Dupla,Faixa contínua,Faixa seccionada,,32,202200312
2022-01-06,00:00:00,COM VÍTIMA,FINALIZADA,BARRO,AV DR JOSE RUFINO,4,1715,,"NO SEMAFORO 557,",,,,BARRO,COLISÃO TRANSVERSAL,,1,1,0,0,0,0,0,0,0,1,0,,CIDADE,Longo da via,Bom,Sem defeito,Perfeito estado,Seca,Perfeito estado,Não existe,R-6a,60 km/h,Dupla,Faixa contínua,,,33,202200320
2022-01-06,00:00:00,COM VÍTIMA,FINALIZADA,CASA FORTE,AV DEZESSETE DE AGOSTO,3,969,,"E/F AO LABORATORIO CERPE, COLISÃO C/VITIMA ENTRE AUTO E MOTO",,,,CASA FORTE,COLISÃO TRASEIRA,,1,1,0,0,0,0,0,0,0,2,0,,CIDADE,Longo da via,Bom,Não existe,Perfeito estado,Seca,Perfeito estado,Não existe,Não há placas,,Dupla,Faixa contínua,,,34,202200323
2022-01-06,00:00:00,COM VÍTIMA,FINALIZADA,BOA VIAGEM,RUA VISCONDE DE JEQUITINHONHA,3,680,RUA BALTAZAR PASSOS,E/F AO EDIFICIO MARIA GUILHERMINA,,,,BOA VIAGEM,COLISÃO TRANSVERSAL,,2,0,0,0,0,0,0,0,0,2,0,154,,Cruzamento,Bom,Sem defeito,Perfeito estado,Seca,Perfeito estado,Faixa de pedestre,"Placas ""Pare""",60 km/h,Única,Faixa seccionada,Canteiro central,Canal,36,202200338
2022-01-06,00:00:00,COM VÍTIMA,FINALIZADA,BOA VIAGEM,RUA DOS NAVEGANTES,3,785,RUA ERNESTO DE PAULA SANTOS,EM FRENTE AO EDIFICIO MARIA RENDA,,,,BOA VIAGEM,COLISÃO LATERAL,,1,0,0,0,0,0,0,0,1,1,0,,SUBURBIO,Longo da via,Bom,Não existe,Perfeito estado,Seca,Perfeito estado,Faixa de retenção,"Placas ""Pare""",,Única,Faixa seccionada,,,38,202200383
2022-01-06,00:00:00,COM VÍTIMA,FINALIZADA,CORDEIRO,RUA PROFESSOR JOAQUIM XAVIER DE BRITO,3,166,RUA OCIDENTAL,NO SEMAFORO 541,,,,CORDEIRO,COLISÃO TRANSVERSAL,,0,1,0,0,0,0,1,0,0,1,0,541,,Cruzamento,Bom,Não existe,Perfeito estado,Seca,Perfeito estado,Não existe,Não há placas,30 km/h,Dupla,Canteiro central,,,39,202200384
2022-01-06,00:00:00,COM VÍTIMA,FINALIZADA,IPUTINGA,AV MAURICIO DE NASSAU,3,455,EST DO BARBALHO,EM FRENTE AO JR HORTIFRUTI,,,,IPUTINGA,COLISÃO TRANSVERSAL,,1,1,0,0,0,0,0,0,0,1,0,246,,Cruzamento,Bom,Sem defeito,Perfeito estado,Seca,Perfeito estado,Faixa de pedestre,Não há placas,60 km/h,Dupla,Faixa contínua,,,40,202200399
2022-01-07,00:00:00,COM VÍTIMA,FINALIZADA,SANTO AMARO,AV GOVERNADOR AGAMENON MAGALHAES,0,,,PROX AO POSTO  DISLUB / SENT OLINDA,,,,SANTO AMARO,COLISÃO TRASEIRA,,1,1,0,0,0,0,0,0,0,1,0,378,,Longo da via,Bom,Não existe,Perfeito estado,Seca,,,Não há placas,60 km/h,Dupla,Canteiro central,,,41,202200425
2022-01-07,00:00:00,COM VÍTIMA,FINALIZADA,DERBY,AV GOVERNADOR AGAMENON MAGALHAES,0,,,PRAÇA DO DERBY,,,,DERBY,COLISÃO TRASEIRA,,0,2,0,0,0,0,0,0,0,2,0,75,BOA VIAGEM,Longo da via,Bom,Sem defeito,Perfeito estado,Seca,Perfeito estado,Agente,Outras,60 km/h,Dupla,Canteiro central,,,42,202200437
2022-01-07,00:00:00,COM VÍTIMA,FINALIZADA,LINHA DO TIRO,RUA URIEL DE HOLANDA,3,274,,EM FRENTE A CLINICA CENTRAL,,,,LINHA DO TIRO,ATROPELAMENTO DE PESSOA,,0,1,0,0,1,0,0,0,0,1,0,,SUBURBIO,Longo da via,Bom,Não existe,Não existente,Seca,Perfeito estado,Não existe,Outras,30 km/h,Dupla,Não existe,,,43,202200438
2022-01-07,00:00:00,COM VÍTIMA,FINALIZADA,PINA,AV ENCANTA MOCA,2,15,,PROX A LANCHONETE DO MAGAIVER,,,,PINA,COLISÃO FRONTAL,,0,2,0,0,0,0,0,0,0,1,0,,SUBURBIO,Longo da via,Bom,Não existe,Incompleta,Seca,Perfeito estado,Não existe,Não há placas,,Dupla,Não existe,,,46,202200472
2022-01-08,00:00:00,COM VÍTIMA,FINALIZADA,ILHA JOANA BEZERRA,RUA CAPITAO TEMUDO,0,,,NO SENTIDO  BOA VIAGEM,,,,JOANA BEZERRA,COLISÃO FRONTAL,,1,1,0,0,0,0,0,0,0,1,0,,CIDADE,Viaduto,Bom,Não existe,Perfeito estado,Seca,Perfeito estado,Não existe,Não há placas,60 km/h,Única,Faixa seccionada,,,47,202200483
2022-01-08,00:00:00,COM VÍTIMA,FINALIZADA,AFOGADOS,RUA DA PAZ,3,204,RUA NICOLAU PEREIRA,EM FRENTE ACAIXA ECONOMICA FEDERAL. SITUAÇÃO ATIPICA ACIDENTE COM VÍTIMA ONDE O SUSPEITO DE FURTO FOI COLIDIDU POR OUTRO VEÍCULO REAGINDO A INVESTIDADO SUSPEITO QUE CONDUZIA UMA MOTO,,,,AFOGADOS,COLISÃO TRASEIRA,,1,1,0,0,0,0,0,0,0,1,0,,SUBURBIO,Longo da via,Bom,Não existe,Incompleta,Seca,Perfeito estado,Não existe,R-6a,,Única,Não existe,,,48,202200541
2022-01-08,00:00:00,COM VÍTIMA,FINALIZADA,CASA AMARELA,RUA PADRE LEMOS,0,,,ENFRENTE AO MERCADO DE CASA AMARELA / ATACAREJO,,,,CASA AMARELA,ATROPELAMENTO DE PESSOA,,0,1,0,0,1,0,0,0,0,1,0,,CIDADE,Longo da via,Bom,Não existe,Perfeito estado,Seca,Perfeito estado,Não existe,Outras,,Dupla,Não existe,,,50,202200545
2022-01-08,00:00:00,COM VÍTIMA,FINALIZADA,BOA VIAGEM,RUA DES JOAO PAES,3,656,,PROX AO RESTAURANTE BODE DO NO / EM FRENTE AO ED MERIDIEN,,,,BOA VIAGEM,CHOQUE,,3,0,0,0,0,0,0,0,0,1,0,,SUBURBIO,Longo da via,Bom,Não existe,Perfeito estado,Seca,Perfeito estado,Não existe,"Placas ""Pare""",30 km/h,Única,Não existe,,,51,202200547
2022-01-08,00:00:00,COM VÍTIMA,FINALIZADA,SANTO AMARO,AV GOVERNADOR AGAMENON MAGALHAES,0,,,PRÓX AO POSTO DISLUB,,,,SANTO AMARO,COLISÃO LATERAL,,1,1,0,0,0,0,0,0,0,1,0,378,OLINDA,Longo da via,Bom,Sem defeito,Perfeito estado,Seca,Perfeito estado,Faixa de pedestre,Outras,60 km/h,Dupla,Canal,Faixa seccionada,,52,202200548
2022-01-08,00:00:00,COM VÍTIMA,FINALIZADA,CASA FORTE,AV DEZESSETE DE AGOSTO,0,,RUA PIAUI,ENFRENTE AO CENTRO MEDICO SENADOR  / AO LADO POSTO DISLUB,,,,CASA FORTE,COLISÃO FRONTAL,,1,1,0,0,0,0,0,0,0,1,0,251,,Outros,Bom,Sem defeito,Perfeito estado,Seca,Perfeito estado,Faixa de pedestre,Não há placas,,Dupla,Não existe,,,53,202200556
2022-01-09,00:00:00,COM VÍTIMA,FINALIZADA,RECIFE,C DO APOLO,0,,,ANTES DA RUA RIO BRANCO / OPOSTO AO BANCO DO BRASIL,,,,BAIRRO DO RECIFE,QUEDA,,0,1,0,0,0,0,0,0,0,1,0,,,Longo da via,Bom,Sem defeito,Perfeito estado,Seca,Perfeito estado,Faixa de pedestre,Outras,,Dupla,Canteiro central,,,54,202200571
2022-01-09,00:00:00,COM VÍTIMA,FINALIZADA,IPUTINGA,RUA SAO MATEUS,3,717,RUA JOSE FELIPE SANTIAGO,EM FRENTE A ASSEMBLEIA DE DEUS,,,,IPUTINGA,COLISÃO LATERAL,,1,1,0,0,0,0,0,0,0,1,0,,SUBURBIO,Longo da via,Bom,Não existe,Incompleta,Seca,Mal conservada,Não existe,Não há placas,,Dupla,Não existe,,,55,202200589
2022-01-09,00:00:00,COM VÍTIMA,FINALIZADA,ESPINHEIRO,RUA ALFREDO DE CARVALHO,3,150,RUA ALFREDO DE MEDEIROS,PRÓX AO EXTRA,,,,ESPINHEIRO,CHOQUE,,2,0,0,0,0,0,0,0,0,1,0,,SUBURBIO,Longo da via,Bom,Não existe,Perfeito estado,Seca,Perfeito estado,Não existe,R-6b,30 km/h,Única,Não existe,,,56,202200624
2022-01-10,00:00:00,COM VÍTIMA,FINALIZADA,CORDEIRO,AV CAXANGA,4,4038,EST DO BARBALHO,CRUZAMENTO,,,,CORDEIRO,ATROPELAMENTO DE PESSOA,,0,1,0,0,1,0,0,0,0,1,0,533,SUBURBIO,Longo da via,Bom,Sem defeito,Perfeito estado,Seca,Perfeito estado,Agente,Não há placas,60 km/h,Única,Faixa contínua,Faixa seccionada,Canteiro central,58,202200655
2022-01-10,00:00:00,COM VÍTIMA,FINALIZADA,ESPINHEIRO,RUA AMELIA,0,,RUA ESMERALDINO BANDEIRA,EM FRENTE AO BAR E RESTAURANTE TRADICAO,,,,ESPINHEIRO,COLISÃO TRANSVERSAL,,1,1,0,0,0,0,0,0,0,1,0,675,CIDADE,Cruzamento,Bom,Com defeito,Perfeito estado,Seca,Perfeito estado,Faixa de pedestre,Outras,,Única,Faixa contínua,,,59,202200670
2022-01-10,00:00:00,COM VÍTIMA,FINALIZADA,BOA VIAGEM,RUA BARAO DE SOUZA LEAO,4,1000,RUA ALMIRANTE NELSON FERNANDES,APOS O COLEGIO SANTOS DUMONT E/F AO POSTO IPIRANGA,,,,BOA VIAGEM,COLISÃO LATERAL,,1,1,0,0,0,0,0,0,0,1,0,,SUBURBIO,Longo da via,Bom,Não existe,Perfeito estado,Seca,Perfeito estado,Não existe,Não há placas,,Única,Faixa seccionada,,,60,202200671
2022-01-10,00:00:00,COM VÍTIMA,FINALIZADA,BOA VIAGEM,RUA DOM JOSE LOPES,3,676,RUA CORONEL ANIZIO RODRIGUES COELHO,AO LADO DO BAR ESCRITORIO  / AO LADO COLEGIO E CURSO VENCER,,,,BOA VIAGEM,COLISÃO TRANSVERSAL,,1,1,0,0,0,0,0,0,0,1,0,,SUBURBIO,Cruzamento,Chuvoso,Não existe,Perfeito estado,Seca,Perfeito estado,Faixa de pedestre,"Placas ""Pare""",,Única,Faixa seccionada,,,61,202200672
2022-01-10,00:00:00,COM VÍTIMA,FINALIZADA,IPUTINGA,AV CAXANGA,4,4190,,"E/F A PAGUE MENOS E TI NOVA, SNT CAMARAGIBE / POR BAIXO DO VIADUTO",,,,IPUTINGA,COLISÃO COM CICLISTA,,0,1,0,1,0,0,0,0,0,1,0,290,SUBURBIO,Longo da via,Bom,Sem defeito,Perfeito estado,Seca,Perfeito estado,Faixa de pedestre,Não há placas,60 km/h,Única,Faixa seccionada,,,63,202200691
2022-01-10,00:00:00,COM VÍTIMA,FINALIZADA,ESPINHEIRO,RUA DO ESPINHEIRO,3,200,RUA SANTO ELIAS,E/F AO POSTO IPIRANGA,,,,ESPINHEIRO,COLISÃO TRANSVERSAL,,0,2,0,0,0,0,0,0,0,3,0,,CIDADE,Cruzamento,Bom,Não existe,Ilegível,Seca,Perfeito estado,Faixa de pedestre,"Placas ""Pare""",,Única,Faixa seccionada,,,64,202200692
2022-01-10,00:00:00,COM VÍTIMA,FINALIZADA,ENCRUZILHADA,AV BEBERIBE,0,,RUA DA CORAGEM,E/F AO POSTO SHEEL,,,,ENCRUZILHADA,COLISÃO TRANSVERSAL,,1,1,0,0,0,0,0,0,0,1,0,186,CIDADE,Cruzamento,Bom,Sem defeito,Perfeito estado,Seca,Perfeito estado,Outros,R-6a,40 km/h,Dupla,Faixa contínua,,,65,202200693
2022-01-10,00:00:00,COM VÍTIMA,FINALIZADA,ALTO JOSE BONIFACIO,RUA CORREGO DO EUCLIDES,4,1410,,NA RUA DO ARMAZEM SHALON,,,,ALTO JOSÉ BONIFÁCIO,COLISÃO FRONTAL,,1,1,0,0,0,0,0,0,0,1,0,,SUBURBIO,Longo da via,Bom,Não existe,Não existente,Seca,,,,,Dupla,Faixa seccionada,,,66,202200697
2022-01-11,00:00:00,COM VÍTIMA,FINALIZADA,MACAXEIRA,AV NORTE MIGUEL ARRAES DE ALENCAR,4,1069,,EM FRENTE A MERTERNIDADE BARROS LIMA E MEC MATERIAIS DE CONSTRUÇÃO.,,,,MACAXEIRA,COLISÃO TRASEIRA,,2,1,0,0,0,0,0,0,0,1,0,,CIDADE,Longo da via,Chuvoso,Sem defeito,Perfeito estado,Molhada,Perfeito estado,Faixa de pedestre,Não há placas,60 km/h,Dupla,Faixa contínua,Canteiro central,,69,202200706
2022-01-11,00:00:00,COM VÍTIMA,FINALIZADA,PINA,AV CELSO FURTADO,0,,,DESCIDA DO VIADULTO DA VIA MANGUE. SOBRE O 19º BPM.,,,,PINA,COLISÃO LATERAL,,1,1,0,0,0,0,0,0,0,1,0,,CIDADE,Longo da via,Chuvoso,Não existe,Não existente,Molhada,Perfeito estado,Não existe,Não há placas,,Única,Faixa seccionada,,,70,202200741
2022-01-11,00:00:00,COM VÍTIMA,FINALIZADA,ARRUDA,AV BEBERIBE,4,1253,RUA BOLIVAR,EM FRENTE AO ESTÁDIO DO ARRUDA,,,,ARRUDA,COLISÃO TRANSVERSAL,,1,0,1,0,0,0,0,0,0,1,0,,CIDADE,Cruzamento,Bom,Não existe,Perfeito estado,Seca,Perfeito estado,,R-6a,,Dupla,Faixa contínua,,,73,202200757
2022-01-11,00:00:00,COM VÍTIMA,FINALIZADA,BOA VIAGEM,AV CELSO FURTADO,0,,,NA BIFURÇÃO DO VIADUTO SENTIDO SUBURBIO,,,,BOA VIAGEM,COLISÃO LATERAL,,1,1,0,0,0,0,0,0,0,2,0,,SUBURBIO,Longo da via,Bom,Não existe,Perfeito estado,Seca,Perfeito estado,Não existe,Não há placas,,Única,,,,74,202200761
2022-01-11,00:00:00,COM VÍTIMA,FINALIZADA,CORDEIRO,RUA GOMES TABORDA,4,1583,RUA FIRMINO DE BARROS,PROX AO BAR VAPOR E/F A CASA DE BAQTERIA QWS MOURA POWER CAR,,,,CORDEIRO,COLISÃO COM CICLISTA,,2,0,0,1,0,0,0,0,0,1,0,,SUBURBIO,Cruzamento,Bom,Não existe,Não existente,Seca,Mal conservada,Não existe,Não há placas,,Dupla,Faixa seccionada,,,75,202200762
2022-01-11,00:00:00,COM VÍTIMA,FINALIZADA,TAMARINEIRA,EST VELHA DE AGUA FRIA,3,596,AV NORTE MIGUEL ARRAES DE ALENCAR,PRÓX A FERREIRA COSTA,,,,TAMARINEIRA,COLISÃO TRANSVERSAL,,1,1,0,0,0,0,0,0,0,1,0,,SUBURBIO,Longo da via,Bom,Não existe,Perfeito estado,Seca,Perfeito estado,Não existe,R-6a,,Dupla,Faixa contínua,Faixa seccionada,Canteiro central,77,202200779