data,hora,natureza_acidente,situacao,bairro,endereco,,numero,detalhe_endereco_acidente,complemento,endereco_cruzamento,numero_cruzamento,referencia_cruzamento,bairro_cruzamento,tipo,descricao,auto,moto,ciclom,ciclista,pedestre,onibus,caminhao,viatura,outros,vitimas,vitimasfatais,num_semaforo,sentido_via,acidente_verificado,tempo_clima,situacao_semaforo,sinalizacao,condicao_via,conservacao_via,ponto_controle,situacao_placa,velocidade_max_via,mao_direcao,divisao_via1,divisao_via2,divisao_via3,_id,Protocolo
2022-01-12,00:00:00,COM VÍTIMA,FINALIZADA,MACAXEIRA,AV NORTE MIGUEL ARRAES DE ALENCAR,4,7608,AV JOSE AMERICO DE ALMEIDA,PRÓXIMO A ACADEMIA DA CIDADE DO RECIFE.,,,,MACAXEIRA,TOMBAMENTO,,0,1,0,0,0,0,0,0,0,1,0,,SUBURBIO,Longo da via,Bom,Sem defeito,Perfeito estado,Seca,Perfeito estado,,,60 km/h,Dupla,Faixa contínua,,,78,202200790
2022-01-12,00:00:00,COM VÍTIMA,FINALIZADA,SAO JOSE,RUA IMPERIAL,3,962,TRV DO RAPOSO,NO SEMÁFORO 510 / CM FERRO E AÇO,,,,SÃO JOSÉ,COLISÃO TRANSVERSAL,,0,2,0,0,0,0,0,1,0,2,0,510,,Cruzamento,Bom,Sem defeito,Perfeito estado,Seca,Perfeito estado,Faixa de pedestre,R-6a,,Única,Faixa contínua,Faixa seccionada,,80,202200811
2022-01-12,00:00:00,COM VÍTIMA,FINALIZADA,PINA,AV CELSO FURTADO,0,,,"PROXIMO AO RIO MAR, COMEÇO DA VIA MANGUE/ SENTIDO PIEDADE",,,,PINA,COLISÃO COM CICLISTA,,0,1,0,1,0,0,0,0,0,1,0,,SUBURBIO,Longo da via,Bom,Não existe,Perfeito estado,Seca,Perfeito estado,Outros,Outras,,Única,Faixa seccionada,,,81,202200834
2022-01-13,00:00:00,COM VÍTIMA,FINALIZADA,AFOGADOS,RUA SAO MIGUEL,4,1136,,LADO OPOSTO AO CHINE BOX  S/T CI,,,,AFOGADOS,COLISÃO TRANSVERSAL,,1,1,0,0,0,1,0,0,0,1,0,,CIDADE,Longo da via,Bom,Não existe,Perfeito estado,Seca,Perfeito estado,Não existe,Não há placas,,Dupla,Faixa seccionada,,,84,202200901
2022-01-13,00:00:00,COM VÍTIMA,FINALIZADA,CAMPO GRANDE,EST DE BELEM,3,836,RUA PAULO DE ARRUDA,SEMÁFORO 094 / E/F AO POSTO PETRONAC E CLINICA CENTRAL,,,,CAMPO GRANDE,COLISÃO TRANSVERSAL,,1,1,0,0,0,0,0,0,0,1,0,94,SUBURBIO,Cruzamento,Bom,Sem defeito,Perfeito estado,Seca,Perfeito estado,Faixa de pedestre,Não há placas,,Dupla,Faixa contínua,,,85,202200926
2022-01-13,00:00:00,VÍTIMA FATAL,FINALIZADA,PAISSANDU,AV GOVERNADOR AGAMENON MAGALHAES,4,4581,RUA GENERAL JOAQUIM INACIO,AO LADO DO INSTITUTO CERVANTES,,,,PAISSANDU,COLISÃO TRASEIRA,,0,1,0,0,0,0,1,0,0,0,1,69,CIDADE,Esquina,Chuvoso,Sem defeito,Perfeito estado,Molhada,Perfeito estado,Faixa de pedestre,Outras,,Dupla,Canteiro central,,,86,202200927
2022-01-14,00:00:00,COM VÍTIMA,FINALIZADA,AFOGADOS,RUA SAO MIGUEL,3,553,,ENFRENTE A IGREJA DA FE / SOFRIOS REFRIGERACAO,,,,AFOGADOS,COLISÃO TRASEIRA,,3,0,0,0,0,1,0,0,0,2,0,,SUBURBIO,Longo da via,Chuvoso,Não existe,Perfeito estado,Molhada,Perfeito estado,Não existe,Outras,,Dupla,Faixa contínua,,,88,202200983
2022-01-14,00:00:00,COM VÍTIMA,FINALIZADA,BOA VIAGEM,AV CONSELHEIRO AGUIAR,4,4468,,E/F AO  MERCADO EXTRA / AO LADO DO BANCO SANTANDER,,,,BOA VIAGEM,COLISÃO LATERAL,,1,1,0,0,0,0,0,0,0,1,0,,,Longo da via,Chuvoso,Não existe,Perfeito estado,Molhada,Perfeito estado,Não existe,R-6a,,Única,Faixa seccionada,,,89,202200992
2022-01-15,00:00:00,COM VÍTIMA,FINALIZADA,BARRO,AV DR JOSE RUFINO,0,,,E/F A IGREJA DO BARRO,,,,BARRO,COLISÃO TRANSVERSAL,,1,1,0,0,0,0,0,0,0,1,0,539,SUBURBIO,Longo da via,Chuvoso,Sem defeito,Ilegível,Molhada,Mal conservada,Faixa de pedestre,Não há placas,,Dupla,Não existe,,,92,202201020
2022-01-16,00:00:00,COM VÍTIMA,FINALIZADA,LINHA DO TIRO,RUA URIEL DE HOLANDA,3,181,AV HILDEBRANDO DE VASCONCELOS,AO LADO DA PERNAMBUCO MOTOS,,,,LINHA DO TIRO,COLISÃO FRONTAL,,1,1,0,0,0,0,0,0,0,1,0,447,CIDADE,Longo da via,Bom,Intermitente,Perfeito estado,Seca,Perfeito estado,Não existe,R-6a,30 km/h,Dupla,Não existe,,,93,202201023
2022-01-16,00:00:00,COM VÍTIMA,FINALIZADA,PARNAMIRIM,AV PARNAMIRIM,3,373,RUA ANDRE CAVALCANTE,PROX. AO BANCO SANTANDER / OPOSTO AO EDF BEACH CLASS,,,,PARNAMIRIM,ATROPELAMENTO DE PESSOA,,1,0,0,0,1,0,0,0,0,1,0,,CIDADE,Esquina,Bom,Não existe,Perfeito estado,Seca,Perfeito estado,Outros,R-6a,,Única,Faixa seccionada,,,94,202201042
2022-01-16,00:00:00,COM VÍTIMA,FINALIZADA,VARZEA,AV AFONSO OLINDENSE,2,72,,PROX AO POSTO SHELL E OS ORREIOS DA ENTRADA DA VARZEA,,,,VÁRZEA,COLISÃO TRANSVERSAL,,1,1,0,0,0,0,0,0,0,1,0,,SUBURBIO,Longo da via,Bom,Não existe,Perfeito estado,Seca,Perfeito estado,,R-6a,40 km/h,Dupla,Faixa contínua,,,95,202201055
2022-01-16,00:00:00,COM VÍTIMA,FINALIZADA,BOA VIAGEM,AV CONSELHEIRO AGUIAR,4,1415,RUA JORNAL VANGUARDA,PRÓX À GALERIA RECIFE TRADE CENTER,,,,BOA VIAGEM,COLISÃO TRASEIRA,,1,1,0,0,0,0,0,0,0,1,0,240,CIDADE,Longo da via,Bom,Sem defeito,Perfeito estado,Seca,Perfeito estado,Faixa de pedestre,Não há placas,60 km/h,Única,Faixa seccionada,,,96,202201064
2022-01-16,00:00:00,COM VÍTIMA,FINALIZADA,SANTO AMARO,AV GOVERNADOR AGAMENON MAGALHAES,3,153,,PRÓX AO SHOPPING TACARUNA,,,,SANTO AMARO,ATROPELAMENTO DE PESSOA,,0,1,0,0,1,0,0,0,0,2,0,,CIDADE,Longo da via,Bom,Não existe,Perfeito estado,Seca,Perfeito estado,Não existe,Outras,60 km/h,Dupla,Faixa seccionada,,,97,202201071
2022-01-16,00:00:00,COM VÍTIMA,FINALIZADA,VARZEA,AV AFONSO OLINDENSE,2,72,AV CAXANGA,PRÓX AO POSTO SHELL / SEMAFORO 568,,,,VÁRZEA,ATROPELAMENTO DE PESSOA,,1,0,0,0,1,0,0,0,0,1,0,,,Longo da via,Bom,Sem defeito,Perfeito estado,Seca,Perfeito estado,,R-6a,,Dupla,Faixa contínua,,,98,202201075
2022-01-16,00:00:00,COM VÍTIMA,FINALIZADA,CASA AMARELA,EST DO ARRAIAL,4,3546,RUA DA HARMONIA,DROGASIL,,,,CASA AMARELA,COLISÃO TRANSVERSAL,,1,1,0,0,0,0,0,0,0,2,0,74,SUBURBIO,Cruzamento,Bom,Sem defeito,Perfeito estado,Seca,Perfeito estado,Faixa de pedestre,Outras,,Única,Faixa seccionada,,,100,202201077
2022-01-17,00:00:00,VÍTIMA FATAL,FINALIZADA,PRADO,AV ENGENHEIRO ABDIAS DE CARVALHO,0,,RUA JOAO IVO DA SILVA,EM FRENTE A HABIB'S,,,,PRADO,COLISÃO TRANSVERSAL,,0,1,0,0,0,0,1,0,0,0,1,132,SUBURBIO,Cruzamento,Chuvoso,Sem defeito,Perfeito estado,Molhada,Perfeito estado,Faixa de pedestre,Não há placas,,Dupla,Canteiro central,,,101,202201078
2022-01-17,00:00:00,COM VÍTIMA,FINALIZADA,SAO JOSE,RUA IMPERIAL,3,981,TRV DO RAPOSO,EM FRENTE A CM FERROS E PROXIMO AO SEMAFORO 510,,,,SÃO JOSÉ,COLISÃO TRANSVERSAL,,1,1,0,0,0,0,0,0,0,1,0,510,SUBURBIO,Cruzamento,Bom,Sem defeito,Perfeito estado,Seca,Perfeito estado,Faixa de pedestre,Outras,,Única,Faixa contínua,,,106,202201122
2022-01-17,00:00:00,COM VÍTIMA,FINALIZADA,SANTO AMARO,AV NORTE MIGUEL ARRAES DE ALENCAR,0,,,VIADUTO DA AVENIDA NORTE  SOBRE A AV AGAMENON MAGALHÃES,,,,SANTO AMARO,COLISÃO TRASEIRA,,0,1,0,1,0,1,1,0,0,1,0,,SUBÚRBIO,Viaduto,Bom,Não existe,Perfeito estado,Seca,Perfeito estado,Não existe,Não há placas,60 km/h,Dupla,Faixa seccionada,,,108,202201132
2022-01-17,00:00:00,COM VÍTIMA,FINALIZADA,MADALENA,RUA BENFICA,0,,,NO GIRADOURO DO INTERNACIONAL  NO SEMAFORO 590,,,,MADALENA,COLISÃO LATERAL,,1,1,0,0,0,0,0,0,0,1,0,590,CIDADE,Rotatória,Bom,Sem defeito,Perfeito estado,Seca,Perfeito estado,Faixa de pedestre,"Placas ""Pare""",,,Faixa contínua,Faixa seccionada,,109,202201133
2022-01-17,00:00:00,COM VÍTIMA,FINALIZADA,IMBIRIBEIRA,RUA ITALIA,0,,RUA ARQUITETO LUIZ NUNES,AO LADO DO SUPERMERCADO ASSAI,,,,IMBIRIBEIRA,COLISÃO FRONTAL,,0,0,1,0,0,1,0,0,0,1,0,,,Cruzamento,Bom,Não existe,Incompleta,Seca,Perfeito estado,Não existe,"Placas ""Pare""",,Dupla,Não existe,,,110,202201139
2022-01-18,00:00:00,COM VÍTIMA,FINALIZADA,IMBIRIBEIRA,RUA IZABEL DE SOUZA,3,416,RUA PAMPULHA,POR TRÁS DA EUROVIA RENAULT IMBIRIBEIRA,,,,IMBIRIBEIRA,COLISÃO TRANSVERSAL,,1,1,0,0,0,0,0,0,0,1,0,450,SUBURBIO,Cruzamento,Bom,Sem defeito,Perfeito estado,Seca,Perfeito estado,Faixa de pedestre,Outras,,Única,Não existe,,,111,202201142
2022-01-18,00:00:00,COM VÍTIMA,FINALIZADA,ENCRUZILHADA,AV NORTE MIGUEL ARRAES DE ALENCAR,3,299,,APOS A HONDA LADO OPOSTO  E/F AO EXTRABOM  / EM FRENTE A MV AUOMOVEIS,,,,ENCRUZILHADA,COLISÃO TRASEIRA,,1,1,0,0,0,0,0,0,0,1,0,45,SUBURBIO,Cruzamento,Bom,Sem defeito,Perfeito estado,Seca,Perfeito estado,Faixa de retenção,Não há placas,60 km/h,Dupla,Canteiro central,,,113,202201194
2022-01-18,00:00:00,COM VÍTIMA,FINALIZADA,BARRO,AV DR JOSE RUFINO,4,1897,,E/F AO POSTO IMPERIO,,,,BARRO,COLISÃO LATERAL,,1,1,0,0,0,0,0,0,0,1,0,,,,,,,,,,,,,,,,115,202201201
2022-01-19,00:00:00,COM VÍTIMA,FINALIZADA,CAXANGA,AV CAXANGA,0,,AV PROFESSOR MORAES REGO,EMBAIXO DO VIADUTO DA CAXANGA,,,,CAXANGÁ,COLISÃO LATERAL,,1,1,0,0,0,0,0,0,0,1,0,,CIDADE,Longo da via,Bom,Sem defeito,Perfeito estado,Seca,Perfeito estado,Não existe,Não há placas,60 km/h,Dupla,Canteiro central,,,117,202201222
2022-01-19,00:00:00,COM VÍTIMA,FINALIZADA,PAISSANDU,RUA FRANCISCO ALVES,3,326,RUA CAPITAO JOSE DA LUZ,PRÓX AO MULTIMED ILHA CENTER. POSTE H027330,,,,PAISSANDU,COLISÃO TRANSVERSAL,,1,1,0,0,0,0,0,0,0,1,0,,,Longo da via,Bom,Não existe,Perfeito estado,Seca,Perfeito estado,Não existe,R-34,,Dupla,Faixa contínua,,,118,202201224
2022-01-19,00:00:00,COM VÍTIMA,FINALIZADA,VARZEA,RUA AMARO GOMES POROCA,3,119,,EM FRENTE A FARMACIA ESPERANÇA,,,,VÁRZEA,COLISÃO LATERAL,,1,0,0,0,0,0,1,0,0,1,0,,,Longo da via,Bom,Não existe,Incompleta,Seca,,Não existe,Não há placas,,Dupla,Não existe,,,120,202201243
2022-01-19,00:00:00,COM VÍTIMA,FINALIZADA,GRACAS,RUA ALBERTO PAIVA,0,,RUA DOZE DE OUTUBRO,,,,,GRAÇAS,COLISÃO LATERAL,,1,2,0,0,0,0,0,0,0,1,0,,,Longo da via,Bom,Não existe,Perfeito estado,Seca,Perfeito estado,Não existe,Não há placas,40 km/h,Única,Faixa seccionada,,,121,202201252
2022-01-19,00:00:00,COM VÍTIMA,FINALIZADA,VARZEA,AV AFONSO OLINDENSE,0,,,E/F A UPINHA DA VARZEA.,,,,VÁRZEA,COLISÃO TRANSVERSAL,,1,1,0,0,0,0,0,0,0,1,0,,CIDADE,Longo da via,Bom,Não existe,Perfeito estado,Seca,Perfeito estado,Não existe,Outras,,Dupla,Faixa contínua,,,123,202201261
2022-01-20,00:00:00,COM VÍTIMA,FINALIZADA,IPSEP,AV RECIFE,4,2330,,PRÓX À CASA DAS BATERIAS,,,,IPSEP,ATROPELAMENTO DE PESSOA,,0,1,0,0,1,0,0,0,0,1,0,16,BOA VIAGEM,Longo da via,Bom,Sem defeito,Perfeito estado,Seca,Perfeito estado,Agente,,,,,,,126,202201307
2022-01-20,00:00:00,COM VÍTIMA,FINALIZADA,SANTO ANTONIO,PRC DA REPUBLICA,0,,,AO LADO DO TEATRO SANTA ISABEL,,,,SANTO ANTÔNIO,CHOQUE,,1,1,0,0,0,0,0,0,0,1,0,,SUBURBIO,Longo da via,Bom,Não existe,Perfeito estado,Seca,Perfeito estado,Não existe,Outras,,Única,Não existe,,,128,202201343
2022-01-20,00:00:00,COM VÍTIMA,FINALIZADA,TORRE,AV BEIRA RIO,0,,RUA CONDE DE IRAJA,PONTE DA TORRE,,,,TORRE,COLISÃO TRANSVERSAL,,1,1,0,0,0,0,0,0,0,2,0,630,,Cruzamento,Bom,Sem defeito,Perfeito estado,Seca,Perfeito estado,Faixa de pedestre,,,Dupla,Faixa contínua,,,130,202201349
2022-01-21,00:00:00,COM VÍTIMA,FINALIZADA,BOA VIAGEM,RUA VISCONDE DE JEQUITINHONHA,0,,RUA BALTAZAR PASSOS,NO SEMÁFORO 154,,,,BOA VIAGEM,COLISÃO LATERAL,,1,1,0,0,0,0,0,0,0,1,0,154,SUBURBIO,Cruzamento,Bom,Sem defeito,Perfeito estado,Seca,Perfeito estado,Faixa de retenção,"Placas ""Pare""",40 km/h,Única,Faixa contínua,Faixa seccionada,,132,202201393
2022-01-22,00:00:00,COM VÍTIMA,FINALIZADA,DERBY,AV GOVERNADOR AGAMENON MAGALHAES,3,222,,AO LADO APOSTO AO EDIFICIO DA CAIXA ECONOMICA FEDERAL - SENTIDO BOA VIAGEM,,,,DERBY,ATROPELAMENTO DE PESSOA,,1,0,0,0,1,0,0,0,0,1,0,,SUBURBIO,Longo da via,Bom,Não existe,Perfeito estado,Seca,Perfeito estado,Outros,Outras,,,Faixa seccionada,,,136,202201455
2022-01-22,00:00:00,COM VÍTIMA,FINALIZADA,BOA VIAGEM,RUA FRANCISCO DA CUNHA,3,392,RUA PROFESSOR JOSE BRANDAO,EM FRENTE AO EMPRESARIAL MASTER,,,,BOA VIAGEM,COLISÃO TRANSVERSAL,,2,0,0,0,0,0,0,0,0,1,0,,CIDADE,Cruzamento,Bom,Não existe,Perfeito estado,Seca,Perfeito estado,Faixa de retenção,"Placas ""Pare""",,Única,Não existe,,,137,202201456
2022-01-22,00:00:00,COM VÍTIMA,FINALIZADA,TORRE,RUA DOM MANOEL DA COSTA,2,64,RUA BELARMINO CARNEIRO,ACIDENTE COM VITIMA  ENTRE CARRO E MOTO,,,,TORRE,COLISÃO LATERAL,,1,1,0,0,0,0,0,0,0,1,0,,CIDADE,Longo da via,Bom,Não existe,Incompleta,Seca,Mal conservada,Não existe,,,Única,Faixa seccionada,,,140,202201468
2022-01-23,00:00:00,COM VÍTIMA,FINALIZADA,TORRE,RUA TOMAZ GONZAGA,0,,AV PROFESSOR ESTEVAO FRANCISCO DA COSTA,RUA DO CANAL,,,,TORRE,COLISÃO TRANSVERSAL,,1,1,0,0,0,0,0,0,0,2,0,280,,Cruzamento,Bom,Desligado,Perfeito estado,Seca,Perfeito estado,Faixa de pedestre,Não há placas,,Única,Faixa contínua,,,141,202201475
2022-01-23,00:00:00,COM VÍTIMA,FINALIZADA,DERBY,AV GOVERNADOR AGAMENON MAGALHAES,0,,RUA HENRIQUE DIAS,PROX A ESTACAO DE ESGOTOS,,,,DERBY,COLISÃO LATERAL,,0,2,0,0,0,0,0,0,0,1,0,68,OLINDA,Cruzamento,Bom,Sem defeito,Perfeito estado,Seca,Perfeito estado,Faixa de pedestre,,,Única,Faixa contínua,,,142,202201486
2022-01-23,00:00:00,COM VÍTIMA,FINALIZADA,PINA,PTE GOVERNADOR PAULO GUERRA,0,,,PROX AO ENTRADA DO SHOPPING RIOMAR   E/T BOA VIAGEM,,,,PINA,COLISÃO FRONTAL,,1,1,0,0,0,0,0,0,0,1,0,,SUBURBIO,Longo da via,Bom,Não existe,Perfeito estado,Seca,Perfeito estado,Não existe,Não há placas,60 km/h,Única,Faixa seccionada,,,143,202201496
2022-01-23,00:00:00,COM VÍTIMA,FINALIZADA,BOA VIAGEM,RUA VISCONDE DE JEQUITINHONHA,4,1400,,POR TRAS DO PARQUE DONA LINDU BEIRA CANAL S/T PIEDADE,,,,BOA VIAGEM,ENGAVETAMENTO,,3,0,0,0,0,0,0,0,0,3,0,,SUBURBIO,Longo da via,Bom,Não existe,Perfeito estado,Seca,Perfeito estado,Faixa de retenção,Não há placas,,Única,Faixa seccionada,Outros,,144,202201504
2022-01-23,00:00:00,COM VÍTIMA,FINALIZADA,CAMPO GRANDE,RUA JERONIMO VILELA,3,477,RUA DR MACHADO,E/F AO BAR ESQUENTA,,,,CAMPO GRANDE,COLISÃO COM CICLISTA,,0,1,0,2,0,0,0,0,0,1,0,565,SUBURBIO,Cruzamento,Bom,Sem defeito,Perfeito estado,Seca,Perfeito estado,Faixa de pedestre,R-28,,Dupla,Faixa seccionada,,,145,202201508
2022-01-24,00:00:00,COM VÍTIMA,FINALIZADA,APIPUCOS,RUA DE APIPUCOS,4,1230,RUA CAETES,EM FRENTE AO DECIMO PRIMEIRO BATALHÃO,,,,APIPUCOS,COLISÃO TRANSVERSAL,,1,1,0,0,0,0,0,0,0,1,0,248,SUBURBIO,Cruzamento,Chuvoso,Sem defeito,Perfeito estado,Molhada,Perfeito estado,Faixa de pedestre,R-6a,,Dupla,Faixa contínua,,,149,202201530
2022-01-24,00:00:00,COM VÍTIMA,FINALIZADA,BOA VIAGEM,AV BOA VIAGEM,4,6274,,50 METROS ANTES DO DONA LINDU,,,,BOA VIAGEM,COLISÃO LATERAL,,1,1,0,0,0,0,0,0,0,1,0,,CIDADE,Longo da via,Bom,Não existe,Perfeito estado,Seca,Perfeito estado,Não existe,Outras,,Única,Faixa contínua,,,150,202201536
2022-01-24,00:00:00,COM VÍTIMA,FINALIZADA,ESPINHEIRO,RUA CONS PORTELA,3,665,RUA CARNEIRO VILELA,ACIDENTE COM VÍTIMA NA FRENTE DA GALERIA CONS. PORTELA. MOTO E AUTO COM 2 VÍTIMAS,,,,ESPINHEIRO,COLISÃO LATERAL,,1,1,0,0,0,0,0,0,0,1,0,,CIDADE,Longo da via,Bom,Não existe,Perfeito estado,Seca,Perfeito estado,,R-6c,,Única,Faixa seccionada,,,151,202201547
2022-01-24,00:00:00,COM VÍTIMA,FINALIZADA,BOA VIAGEM,RUA SETUBAL,0,,RUA DR VICENTE GOMES,,,,,BOA VIAGEM,COLISÃO TRANSVERSAL,,2,0,0,0,0,0,0,0,0,2,0,60,CIDADE,Cruzamento,Bom,Sem defeito,Perfeito estado,Seca,Perfeito estado,Faixa de pedestre,R-4b,,Única,Não existe,,,152,202201550
2022-01-24,00:00:00,COM VÍTIMA,FINALIZADA,AFLITOS,RUA MANUEL DE CARVALHO,4,1328,,"PROX AO CHINA 48, VEÍCULO TUCSON ATROPELOU UM PEDESTRE,",,,,AFLITOS,ATROPELAMENTO DE PESSOA,,1,0,0,0,1,0,0,0,0,1,0,,SUBURBIO,Longo da via,Bom,Não existe,Perfeito estado,Seca,Perfeito estado,Outros,Outras,,,,,,153,202201557
2022-01-24,00:00:00,COM VÍTIMA,FINALIZADA,IPSEP,AV RECIFE,0,,RUA SAO NICOLAU,COLISÃO ENTRE TRES VEICULOS: VIATURA DA PM/PE - MOTO -  VEICULO USV.,,,,IPSEP,COLISÃO TRANSVERSAL,,1,1,0,0,0,0,0,0,0,1,0,16,CIDADE,,,,,,,,,,,,,,155,202201571
2022-01-24,00:00:00,COM VÍTIMA,FINALIZADA,IMBIRIBEIRA,AV MARECHAL MASCARENHAS DE MORAES,0,,,EM BAIXO DO VIADUTO TANCREDO NEVES/ SENTIDO AEROPORTO,,,,IMBIRIBEIRA,COLISÃO LATERAL,,0,1,0,0,0,0,0,0,0,1,0,,SUBURBIO,Longo da via,Bom,Não existe,Não existente,Seca,Perfeito estado,Não existe,Não há placas,60 km/h,Dupla,Faixa seccionada,Canteiro central,,156,202201573
2022-01-24,00:00:00,COM VÍTIMA,FINALIZADA,CASA FORTE,RUA AGRESTINA,3,201,RUA AMARAJI,ESQUINA DA ESCOLA RAÍZES,,,,CASA FORTE,COLISÃO LATERAL,,1,1,0,0,0,0,0,0,0,1,0,,CIDADE,Cruzamento,Bom,Não existe,Perfeito estado,Seca,Perfeito estado,,"Placas ""Pare""",30 km/h,Dupla,Não existe,,,157,202201577
2022-01-24,00:00:00,COM VÍTIMA,FINALIZADA,CASA FORTE,RUA LEONARDO BEZERRA CAVALCANTE,3,790,RUA NESTOR SILVA,PERTO DO SHOPPING PLAZA E BIG BOMPREÇO,,,,CASA FORTE,COLISÃO TRANSVERSAL,,2,0,0,0,0,0,0,0,0,1,0,585,CIDADE,Cruzamento,Bom,Sem defeito,Perfeito estado,Seca,Perfeito estado,Faixa de pedestre,Não há placas,60 km/h,Única,Faixa seccionada,,,158,202201583
2022-01-25,00:00:00,COM VÍTIMA,FINALIZADA,NOVA DESCOBERTA,AV VEREADOR OTACILIO AZEVEDO,4,2332,RUA DR ANTONIO DA ROSA BORGES,EM FRENE AO MECADO PUBLICO DE NOVA DESCOBERTA / FAIXA DA DIREITA,,,,NOVA DESCOBERTA,COLISÃO COM CICLISTA,,1,0,0,1,0,0,0,0,0,1,0,,SUBURBIO,Esquina,Bom,Não existe,Perfeito estado,Seca,Perfeito estado,,R-6a,,Dupla,Não existe,,,159,202201587
2022-01-25,00:00:00,COM VÍTIMA,FINALIZADA,CASA AMARELA,RUA PADRE LEMOS,3,391,,EM FRENTE A CASA PIO,,,,CASA AMARELA,ATROPELAMENTO DE PESSOA,,1,0,0,0,1,0,0,0,0,1,0,,CIDADE,Longo da via,Bom,Não existe,Perfeito estado,Seca,Perfeito estado,Faixa de pedestre,R-6a,30 km/h,,Não existe,,,161,202201611
2022-01-25,00:00:00,COM VÍTIMA,FINALIZADA,ROSARINHO,RUA DR JOSE MARIA,3,911,,AO LADO DO RESTAURANTE PORTAL DA PICANHA,,,,ROSARINHO,COLISÃO LATERAL,,1,1,0,0,0,0,0,0,0,1,0,,,,,,,,,,,,,,,,162,202201615
2022-01-25,00:00:00,COM VÍTIMA,FINALIZADA,BOA VIAGEM,AV BOA VIAGEM,4,5090,,E/F AO EDIFICIO LULA CARDOSO AYRES,,,,BOA VIAGEM,COLISÃO TRASEIRA,,1,1,0,0,0,0,0,0,0,1,0,483,CIDADE,Longo da via,Bom,Sem defeito,Perfeito estado,Seca,Perfeito estado,Faixa de retenção,Não há placas,,Única,Faixa contínua,,,163,202201618
2022-01-25,00:00:00,COM VÍTIMA,FINALIZADA,CASA AMARELA,AV NORTE MIGUEL ARRAES DE ALENCAR,4,5121,RUA BELA VISTA,E/F AO REI DA PICANHA S/T CID,,,,CASA AMARELA,COLISÃO TRASEIRA,,1,0,0,0,0,1,0,0,0,1,0,677,CIDADE,Cruzamento,Bom,Sem defeito,Perfeito estado,Seca,Perfeito estado,Faixa de pedestre,R-6a,,Dupla,Faixa seccionada,Canteiro central,,166,202201624
2022-01-25,00:00:00,COM VÍTIMA,FINALIZADA,PRADO,RUA CARLOS GOMES,3,153,RUA RICARDO SALAZAR,NO SEMFORO 623,,,,PRADO,QUEDA,,0,1,0,0,0,0,0,0,0,1,0,623,CIDADE,Longo da via,Bom,Sem defeito,Perfeito estado,Oleosa,Perfeito estado,Faixa de pedestre,"Placas ""Pare""",,Dupla,Faixa contínua,,,167,202201627
2022-01-25,00:00:00,COM VÍTIMA,FINALIZADA,CASA AMARELA,AV NORTE MIGUEL ARRAES DE ALENCAR,4,4413,,E/F AO SESC DE CASA AMARELA  S/T CID,,,,CASA AMARELA,COLISÃO LATERAL,,1,0,0,0,0,1,0,0,0,1,0,364,CIDADE,Longo da via,Bom,Sem defeito,Perfeito estado,Seca,Perfeito estado,,Outras,60 km/h,Dupla,Faixa seccionada,,,169,202201638