data,hora,natureza_acidente,situacao,bairro,endereco,,numero,detalhe_endereco_acidente,complemento,endereco_cruzamento,numero_cruzamento,referencia_cruzamento,bairro_cruzamento,tipo,descricao,auto,moto,ciclom,ciclista,pedestre,onibus,caminhao,viatura,outros,vitimas,vitimasfatais,num_semaforo,sentido_via,acidente_verificado,tempo_clima,situacao_semaforo,sinalizacao,condicao_via,conservacao_via,ponto_controle,situacao_placa,velocidade_max_via,mao_direcao,divisao_via1,divisao_via2,divisao_via3,_id,Protocolo
2022-01-25,00:00:00,COM VÍTIMA,FINALIZADA,ENCRUZILHADA,AV BEBERIBE,3,600,RUA DR EDUARDO WANDERLEY,E/F À LOJA FERREIRA PINTO,,,,ENCRUZILHADA,COLISÃO LATERAL,,1,1,0,0,0,0,0,0,0,1,0,480,,Esquina,Bom,Sem defeito,Perfeito estado,Seca,Perfeito estado,Faixa de pedestre,Outras,,Dupla,Faixa seccionada,,,171,202201659
2022-01-26,00:00:00,COM VÍTIMA,FINALIZADA,DERBY,AV GOVERNADOR AGAMENON MAGALHAES,0,,RUA JOAQUIM NABUCO,EM FRNTE A ESCOLA BARBOSA LIMA / SENT BOA VIAGEM,,,,DERBY,ENGAVETAMENTO,,2,0,0,0,0,1,0,0,0,1,0,147,BOA VIAGEM,Longo da via,Bom,Sem defeito,Perfeito estado,Seca,Perfeito estado,Faixa de pedestre,,60 km/h,Dupla,Canteiro central,,,173,202201690
2022-01-26,00:00:00,COM VÍTIMA,FINALIZADA,IMBIRIBEIRA,AV PRESIDENTE DUTRA,0,,,LADO OPOSTO AO ANTIGO OUT LET SENTIDO BOA VIAGEM,,,,IMBIRIBEIRA,COLISÃO COM CICLISTA,,0,1,0,1,0,0,0,0,0,1,0,,,Longo da via,Bom,Não existe,Perfeito estado,Seca,Perfeito estado,Não existe,Não há placas,,Única,Faixa seccionada,,,174,202201708
2022-01-26,00:00:00,COM VÍTIMA,FINALIZADA,BOA VISTA,RUA JOAQUIM FELIPE,2,60,,E/F AO NUCE,,,,BOA VISTA,COLISÃO LATERAL,,1,1,0,0,0,0,0,0,0,1,0,,CIDADE,Longo da via,Bom,Não existe,Perfeito estado,Seca,Perfeito estado,Não existe,Outras,,Única,Faixa seccionada,,,175,202201712
2022-01-26,00:00:00,COM VÍTIMA,FINALIZADA,BREJO DA GUABIRABA,AV VEREADOR OTACILIO AZEVEDO,4,1120,RUA SENHOR DO BONFIM,"PROX A GARAGEM DA GLOBO,  AZEVEDO MOTO PEÇAS",,,,BREJO DA GUABIRABA,COLISÃO TRANSVERSAL,,0,1,0,0,0,0,0,1,0,1,0,,CIDADE,Cruzamento,Bom,Não existe,Não existente,Seca,Perfeito estado,Não existe,Não há placas,30 km/h,Dupla,Não existe,,,176,202201717
2022-01-26,00:00:00,COM VÍTIMA,FINALIZADA,CAJUEIRO,AV CIDADE DE MONTEIRO,0,,,EM FRENTE AO ARMAZÉM CORAL,,,,CAJUEIRO,COLISÃO LATERAL,,1,1,0,0,0,0,0,0,0,1,0,,,Longo da via,Bom,Não existe,Perfeito estado,Seca,Perfeito estado,Não existe,Não há placas,,Única,Faixa contínua,,,178,202201723
2022-01-27,00:00:00,COM VÍTIMA,FINALIZADA,BOA VIAGEM,AV CONSELHEIRO AGUIAR,2,82,RUA ARTUR MUNIZ,AO LADO EDIFICIO CALIFORNIA,,,,BOA VIAGEM,COLISÃO LATERAL,,1,1,0,0,0,0,0,0,0,1,0,5,CIDADE,Cruzamento,Bom,Sem defeito,Perfeito estado,Molhada,Perfeito estado,Faixa de pedestre,Não há placas,,Única,Não existe,,,180,202201744
2022-01-27,00:00:00,COM VÍTIMA,FINALIZADA,JAQUEIRA,AV RUI BARBOSA,4,1672,,E/F A CEDIRE VIDEO ENDOSCOPIA,,,,JAQUEIRA,COLISÃO LATERAL,,1,1,0,0,0,0,0,0,0,1,0,292,CIDADE,Longo da via,Bom,Sem defeito,Perfeito estado,Seca,Perfeito estado,,R-6a,40 km/h,Única,Faixa contínua,,,181,202201747
2022-01-27,00:00:00,COM VÍTIMA,FINALIZADA,BOA VIAGEM,AV DOM JOAO VI,0,,,SEMAFORO 639,,,,BOA VIAGEM,COLISÃO TRASEIRA,,1,1,0,0,0,0,0,0,0,1,0,639,,Longo da via,Bom,Sem defeito,Perfeito estado,Molhada,Perfeito estado,Faixa de pedestre,Não há placas,,Única,Não existe,,,182,202201759
2022-01-27,00:00:00,COM VÍTIMA,FINALIZADA,SANTO AMARO,AV DR JAYME DA FONTE,0,,AV GOVERNADOR AGAMENON MAGALHAES,NO SEMÁFORO 049,,,,SANTO AMARO,COLISÃO COM CICLISTA,,1,0,0,1,0,0,0,0,0,1,0,49,CIDADE,Cruzamento,Chuvoso,Sem defeito,Perfeito estado,Seca,Perfeito estado,Faixa de pedestre,Não há placas,60 km/h,Dupla,Canteiro central,,,183,202201781
2022-01-28,00:00:00,COM VÍTIMA,FINALIZADA,CAMPO GRANDE,RUA JERONIMO VILELA,2,86,EST DE BELEM,ESTRADA DE BELÉM - PROX À FARMACIA DROGASIL,,,,CAMPO GRANDE,COLISÃO TRANSVERSAL,,1,1,0,0,0,0,0,0,0,1,0,,SUBURBIO,Longo da via,Bom,Não existe,Ilegível,Seca,Mal iluminada,Não existe,Não há placas,,Dupla,Faixa seccionada,,,185,202201805
2022-01-28,00:00:00,COM VÍTIMA,FINALIZADA,IBURA,AV DOIS RIOS,0,,,BR 101 SUL  SENTIDO LITORAL SUL,,,,IBURA,TOMBAMENTO,,0,0,0,0,0,0,0,0,0,1,0,,,,,,,,,,,,,,,,186,202201826
2022-01-29,00:00:00,COM VÍTIMA,FINALIZADA,PRADO,AV ENGENHEIRO ABDIAS DE CARVALHO,4,1233,RUA SANTA EDWIRGES,E/F A BOSH SERVICE,,,,PRADO,COLISÃO TRASEIRA,,3,0,0,0,0,0,0,0,0,1,0,354,CIDADE,Longo da via,Nublado,Sem defeito,Perfeito estado,Seca,Perfeito estado,Faixa de pedestre,Outras,40 km/h,Dupla,Canteiro central,,,192,202201894
2022-01-29,00:00:00,COM VÍTIMA,FINALIZADA,CAXANGA,AV CAXANGA,0,,,EM FRENTE A  CAXANGÁ GOLF CLUBE,,,,CAXANGÁ,CHOQUE,,0,1,0,0,0,0,0,0,0,1,0,,,,,,,,,,,,,,,,193,202201905
2022-01-29,00:00:00,COM VÍTIMA,FINALIZADA,VARZEA,RUA RIBEIRO PESSOA,0,,,E/F A UPA DA CAXANGA S/T UR7,,,,VÁRZEA,COLISÃO LATERAL,,1,1,0,0,0,0,0,0,0,1,0,281,CIDADE,Longo da via,Nublado,Sem defeito,Perfeito estado,Seca,Perfeito estado,Faixa de pedestre,Não há placas,,Dupla,Faixa seccionada,,,194,202201926
2022-01-30,00:00:00,COM VÍTIMA,FINALIZADA,CORDEIRO,AV CAXANGA,4,1220,RUA GREGORIO JUNIOR,"PROX A FUNERARIA SANTA PAULA,  FUNERÁRIA SÃO JORGE",,,,CORDEIRO,COLISÃO LATERAL,,0,1,0,0,0,1,0,0,0,2,0,236,SUBURBIO,Cruzamento,Bom,Sem defeito,Perfeito estado,Seca,Perfeito estado,Faixa de pedestre,R-25d,60 km/h,Dupla,Faixa contínua,Canteiro central,,195,202201979
2022-01-30,00:00:00,COM VÍTIMA,FINALIZADA,PORTO DA MADEIRA,AV BEBERIBE,0,,LAD DO SAPOTI,DALVA DE OLIVEIRA,,,,PORTO DA MADEIRA,COLISÃO TRANSVERSAL,,1,1,0,0,0,0,0,0,0,2,0,3677,,Cruzamento,Bom,Sem defeito,Perfeito estado,Seca,Perfeito estado,Não existe,Outras,,Dupla,Não existe,,,196,202201982
2022-01-30,00:00:00,COM VÍTIMA,FINALIZADA,BOMBA DO HEMETERIO,RUA CHA DE ALEGRIA,2,20,,PRÓX AO ESPETINHO DA CEÇA,,,,BOMBA DO HEMETÉRIO,CHOQUE,,1,0,0,0,0,0,0,0,0,2,0,,SUBURBIO,Longo da via,Bom,Não existe,Perfeito estado,Seca,Mal conservada,Não existe,Outras,30 km/h,Dupla,Não existe,,,197,202201997
2022-01-30,00:00:00,COM VÍTIMA,FINALIZADA,CAMPO GRANDE,EST DE BELEM,4,1335,,PRÓX A LOJA DONA  SAMAMBAIA,,,,CAMPO GRANDE,ATROPELAMENTO DE ANIMAL,,0,0,0,0,0,0,0,0,0,1,0,,,,,,,,,,,,,,,,199,202202006
2022-01-30,00:00:00,COM VÍTIMA,FINALIZADA,CASA AMARELA,RUA OSCAR DE BARROS,3,150,RUA XAVANTES,E/F A CLINICA DE OLHOS CASA AMARELA,,,,CASA AMARELA,COLISÃO TRANSVERSAL,,1,1,0,0,0,0,0,0,0,1,0,,,Cruzamento,Bom,Não existe,Perfeito estado,Seca,Perfeito estado,Faixa de retenção,R-6a,,Dupla,Não existe,,,201,202202010
2022-01-31,00:00:00,COM VÍTIMA,FINALIZADA,ILHA JOANA BEZERRA,AV GOVERNADOR AGAMENON MAGALHAES,0,,,VIADUTO CAPITAO TEMUDO,,,,JOANA BEZERRA,COLISÃO TRANSVERSAL,,1,1,0,0,0,0,0,0,0,1,0,,SUBURBIO,Viaduto,Bom,Não existe,Perfeito estado,Seca,Perfeito estado,Não existe,Não há placas,,Única,Faixa seccionada,,,203,202202032
2022-01-31,00:00:00,VÍTIMA FATAL,FINALIZADA,CABANGA,RUA CAPITAO TEMUDO,0,,,PRÓXIMO A ALÇA DE ACESSO PARA VIA MANGUE,,,,CABANGA,COLISÃO LATERAL,,1,1,0,0,0,0,0,0,0,0,1,,SUBURBIO,Viaduto,Bom,Não existe,Perfeito estado,Seca,Perfeito estado,,Não há placas,60 km/h,Dupla,Canteiro central,,,204,202202035
2022-01-31,00:00:00,COM VÍTIMA,FINALIZADA,AFOGADOS,AV SUL,0,,RUA ANTONIO MACARIO,E/F AO POSTO PETRONAC,,,,AFOGADOS,COLISÃO LATERAL,,1,1,0,0,0,0,0,0,0,1,0,,CIDADE,Longo da via,Bom,Não existe,Perfeito estado,Seca,Perfeito estado,Não existe,Não há placas,,Única,Faixa seccionada,,,208,202202064
2022-01-31,00:00:00,COM VÍTIMA,FINALIZADA,ENCRUZILHADA,AV NORTE MIGUEL ARRAES DE ALENCAR,0,,,AO LADO DA RENAULT S/T SUB,,,,ENCRUZILHADA,COLISÃO LATERAL,,1,1,0,0,0,0,0,0,0,1,0,665,SUBURBIO,Longo da via,Bom,Sem defeito,Perfeito estado,Seca,Perfeito estado,Faixa de pedestre,R-6a,,Dupla,Canteiro central,,,209,202202066
2022-02-01,00:00:00,COM VÍTIMA,FINALIZADA,PARNAMIRIM,AV PARNAMIRIM,3,416,,E/F A TROIS BARBEARIA,,,,PARNAMIRIM,QUEDA,,0,1,0,0,0,1,0,0,0,1,0,,,Longo da via,Bom,Não existe,Perfeito estado,Seca,Perfeito estado,Outros,Outras,,Única,Faixa seccionada,,,212,202202112
2022-02-01,00:00:00,COM VÍTIMA,FINALIZADA,IPSEP,RUA ITANAGE,2,11,,E/F IPSEP MOVEIS,,,,IPSEP,COLISÃO TRASEIRA,,1,1,0,0,0,0,0,0,0,1,0,,SUBURBIO,Longo da via,Bom,Não existe,Perfeito estado,Seca,Perfeito estado,Não existe,Não há placas,,Dupla,Não existe,,,213,202202135
2022-02-01,00:00:00,COM VÍTIMA,FINALIZADA,SAO JOSE,C SANTA RITA,0,,,TERMINAL CAIS DE SANTA RITA,,,,SÃO JOSÉ,ATROPELAMENTO DE PESSOA,,0,0,0,0,1,1,0,0,0,1,0,571,CIDADE,Outros,Bom,Sem defeito,Incompleta,Seca,Mal conservada,Não existe,Não há placas,,Dupla,Outros,,,215,202202156
2022-02-01,00:00:00,COM VÍTIMA,FINALIZADA,VARZEA,RUA DIOGO DE VASCONCELOS,3,608,,ENFRENTE AO BAR ALTO JATO,,,,VÁRZEA,COLISÃO TRASEIRA,,5,0,0,0,0,1,0,0,0,1,0,,CIDADE,Longo da via,Bom,Não existe,Ilegível,Seca,Perfeito estado,Não existe,Não há placas,,Dupla,Não existe,,,217,202202188
2022-02-02,00:00:00,COM VÍTIMA,FINALIZADA,SANTO AMARO,AV GOVERNADOR AGAMENON MAGALHAES,0,,,"PROXIMO DO POSTO BR, ANTES DO RETORNO PARA SANTO AMARO",,,,SANTO AMARO,COLISÃO TRANSVERSAL,,1,1,0,0,0,0,0,0,0,1,0,,,Longo da via,Bom,Sem defeito,Perfeito estado,Seca,Perfeito estado,Faixa de pedestre,Outras,,Dupla,Canteiro central,,,218,202202222
2022-02-02,00:00:00,COM VÍTIMA,FINALIZADA,IMBIRIBEIRA,AV MARECHAL MASCARENHAS DE MORAES,4,3963,,EM FRENTE A TUPAN,,,,IMBIRIBEIRA,COLISÃO LATERAL,,1,1,0,0,0,0,0,0,0,1,0,,CIDADE,Longo da via,Bom,Não existe,Perfeito estado,Seca,Perfeito estado,Não existe,Não há placas,,Dupla,Canteiro central,,,219,202202223
2022-02-02,00:00:00,COM VÍTIMA,FINALIZADA,PINA,AV ANTONIO DE GOES,3,534,RUA JOSE MARIANO FILHO,,,,,PINA,COLISÃO FRONTAL,,1,1,0,0,0,0,0,0,0,1,0,538,,Cruzamento,Bom,Sem defeito,,Seca,Perfeito estado,Faixa de pedestre,R-19,60 km/h,Única,Faixa contínua,Faixa seccionada,Canteiro central,220,202202238
2022-02-02,00:00:00,COM VÍTIMA,FINALIZADA,PARNAMIRIM,RUA JOAO TUDE DE MELO,0,,RUA VIRGINIA LORETO,RUA VIRGINIA LORETO,,,,PARNAMIRIM,COLISÃO LATERAL,,1,1,0,0,0,0,0,0,1,1,0,649,CARREFOUR,Longo da via,Bom,Sem defeito,Perfeito estado,Seca,Perfeito estado,Não existe,Não há placas,,Única,Faixa contínua,,,221,202202255
2022-02-02,00:00:00,COM VÍTIMA,FINALIZADA,IMBIRIBEIRA,AV MARECHAL MASCARENHAS DE MORAES,4,1681,,CENTRO DE DISTRIBUIÇÃO DA  LAZER ELETRO,,,,IMBIRIBEIRA,COLISÃO LATERAL,,1,1,0,0,0,0,0,0,0,1,0,,CIDADE,Longo da via,Bom,Não existe,Perfeito estado,Seca,Perfeito estado,Não existe,Não há placas,,Única,Faixa seccionada,,,222,202202257
2022-02-02,00:00:00,COM VÍTIMA,FINALIZADA,CAMPO GRANDE,RUA JERONIMO VILELA,0,,RUA DR JOSE MACHADO,ESQUINA DA PADARIA SANTO ANTONIO,,,,CAMPO GRANDE,COLISÃO LATERAL,,1,1,0,0,0,0,0,0,0,1,0,565,CIDADE,Cruzamento,Bom,Desligado,Perfeito estado,Seca,Perfeito estado,Faixa de pedestre,R-6a,,Dupla,Faixa contínua,,,224,202202263
2022-02-02,00:00:00,COM VÍTIMA,FINALIZADA,ILHA JOANA BEZERRA,PTE JOSE DE BARROS LIMA,0,,,,,,,JOANA BEZERRA,COLISÃO TRANSVERSAL,,1,1,0,0,0,0,0,0,0,1,0,,SUBURBIO,Viaduto,Bom,Não existe,Perfeito estado,Seca,Perfeito estado,Não existe,Não há placas,60 km/h,,Faixa contínua,Faixa seccionada,,225,202202273
2022-02-02,00:00:00,COM VÍTIMA,FINALIZADA,DOIS IRMAOS,RUA PROF CLAUDIO SELVA,2,20,,ESCOLA MUNIC. SOCIÓLOGO GILBERTO FREIRE,,,,DOIS IRMÃOS,QUEDA,,0,1,0,0,0,0,0,0,0,1,0,,SUBURBIO,Esquina,Bom,Não existe,Perfeito estado,Seca,Perfeito estado,Não existe,Outras,,Dupla,Não existe,,,226,202202284
2022-02-03,00:00:00,COM VÍTIMA,FINALIZADA,DOIS UNIDOS,AV HILDEBRANDO DE VASCONCELOS,0,,RUA MARCIA MENDES,PROXIMO AO CT DO SANTA CRUZ,,,,DOIS UNIDOS,COLISÃO TRANSVERSAL,,1,1,0,0,0,0,0,0,0,2,0,,SUBURBIO,Cruzamento,Bom,Não existe,Perfeito estado,Seca,Perfeito estado,Faixa de pedestre,"Placas ""Pare""",,Dupla,Faixa seccionada,,,227,202202297
2022-02-03,00:00:00,COM VÍTIMA,FINALIZADA,GRACAS,RUA DO FUTURO,3,480,,E/F AO EDIFICIO CHAMPERY,,,,GRAÇAS,COLISÃO COM CICLISTA,,1,0,0,1,0,0,0,0,0,1,0,,CIDADE,Longo da via,Bom,Não existe,Perfeito estado,Seca,Perfeito estado,Não existe,Outras,,Única,Faixa seccionada,,,229,202202343
2022-02-03,00:00:00,COM VÍTIMA,FINALIZADA,BOA VIAGEM,RUA VISCONDE DE JEQUITINHONHA,0,,RUA BALTAZAR PASSOS,,,,,BOA VIAGEM,COLISÃO LATERAL,,1,1,0,0,0,0,0,0,0,1,0,154,SUBURBIO,Cruzamento,Bom,Sem defeito,Perfeito estado,Seca,Perfeito estado,Faixa de pedestre,"Placas ""Dê a preferência""",,,Faixa seccionada,,,231,202202408
2022-02-03,00:00:00,COM VÍTIMA,FINALIZADA,IBURA,LAD DA COHAB,0,,,NA SUBIDA DA LADEIRA,,,,IBURA,COLISÃO LATERAL,,1,1,0,0,0,0,0,0,0,1,0,,CIDADE,Outros,Bom,Não existe,Ilegível,Seca,Perfeito estado,Não existe,Não há placas,,Dupla,Faixa contínua,,,232,202202409
2022-02-03,00:00:00,COM VÍTIMA,FINALIZADA,PORTO DA MADEIRA,AV CIDADE DE MONTEIRO,0,,RUA RIO BEBERIBE,E/F AO ARMAZEN CORAL,,,,PORTO DA MADEIRA,COLISÃO TRANSVERSAL,,0,1,0,0,0,1,0,0,0,1,0,,SUBURBIO,Cruzamento,Bom,Não existe,Perfeito estado,Seca,Perfeito estado,Faixa de pedestre,R-6a,,Dupla,Faixa contínua,Faixa seccionada,,233,202202410
2022-02-04,00:00:00,COM VÍTIMA,FINALIZADA,CAXANGA,AV CAXANGA,4,4973,,LADO OPOSTO AO GOLF CLUB,,,,CAXANGÁ,COLISÃO TRASEIRA,,1,1,0,0,0,0,0,0,0,1,0,,CIDADE,Longo da via,Bom,Não existe,Perfeito estado,Seca,Perfeito estado,Não existe,Não há placas,,Única,,,,234,202202440
2022-02-04,00:00:00,COM VÍTIMA,FINALIZADA,TORROES,AV ENGENHEIRO ABDIAS DE CARVALHO,2,90,,"EM FRENTE A MEGA PEDRAS, SENTIDO CENTRO",,,,TORRÕES,COLISÃO LATERAL,,1,1,0,0,0,0,0,0,0,1,0,,,Longo da via,Bom,Não existe,Não existente,Seca,Perfeito estado,Não existe,Não há placas,60 km/h,Dupla,Canteiro central,,,236,202202474
2022-02-04,00:00:00,COM VÍTIMA,FINALIZADA,BOA VIAGEM,AV CELSO FURTADO,0,,,PRÓXIMO À BIFURCAÇÃO (PRIMEIRA) QUE DÁ ACESSO À RUA ANTÔNIO FALCÃO,,,,BOA VIAGEM,COLISÃO LATERAL,,1,1,0,0,0,0,0,0,0,1,0,,SUBURBIO,Longo da via,Bom,Não existe,Perfeito estado,Seca,Perfeito estado,Não existe,Não há placas,,Dupla,Blocos,,,237,202202475
2022-02-04,00:00:00,COM VÍTIMA,FINALIZADA,IMBIRIBEIRA,VDO PRESIDENTE TANCREDO NEVES,0,,,NA DESCIDA DO VIADUTO/ SENTIDO AV. RECIFE - ALÇA DE ACESSO A AV MAL MASCARENHAS DE MORAIS,,,,IMBIRIBEIRA,COLISÃO TRASEIRA,,1,1,0,0,0,0,0,0,0,1,0,,AV RECIFE,Viaduto,Bom,Não existe,Perfeito estado,Seca,Perfeito estado,Não existe,Não há placas,,Única,Faixa seccionada,,,238,202202478
2022-02-04,00:00:00,COM VÍTIMA,FINALIZADA,SANTO AMARO,AV DR JAYME DA FONTE,2,66,AV GOVERNADOR AGAMENON MAGALHAES,PROXIMO AO SEMÁFORO 049 / LADO OPOSTO AO CAMPO DO 11,,,,SANTO AMARO,COLISÃO LATERAL,,1,1,0,0,0,0,0,0,0,1,0,,SUBURBIO,Longo da via,Bom,Não existe,Perfeito estado,Seca,Perfeito estado,Não existe,Não há placas,,Dupla,Canteiro central,,,239,202202492
2022-02-04,00:00:00,COM VÍTIMA,FINALIZADA,AGUA FRIA,RUA MANOEL SILVA,3,361,,E/F AO ESPETINHO DO BEU,,,,ÁGUA FRIA,COLISÃO LATERAL,,2,1,0,0,0,0,0,0,0,1,0,,CIDADE,Longo da via,Bom,Não existe,Perfeito estado,Seca,Perfeito estado,Não existe,Não há placas,,Dupla,Não existe,,,241,202202511
2022-02-06,00:00:00,COM VÍTIMA,FINALIZADA,IBURA,AV SANTOS,3,160,,EM FRENTE A COMPESA  /,,,,IBURA,COLISÃO TRANSVERSAL,,1,1,0,0,0,0,0,0,0,1,0,,CIDADE,Longo da via,Bom,Não existe,Perfeito estado,Seca,Perfeito estado,Não existe,Não há placas,,Dupla,Não existe,,,244,202202580
2022-02-06,00:00:00,COM VÍTIMA,FINALIZADA,SAO JOSE,RUA IMPERIAL,3,987,TRV DO RAPOSO,EM FRENTE A CM FERRAGENS /,,,,SÃO JOSÉ,COLISÃO TRANSVERSAL,,1,1,0,0,0,0,0,0,0,1,0,510,SUBURBIO,Cruzamento,Bom,Sem defeito,Perfeito estado,Seca,Perfeito estado,Faixa de pedestre,Outras,,Única,,,,245,202202581
2022-02-06,00:00:00,COM VÍTIMA,FINALIZADA,PINA,RUA MANOEL DE BRITO,3,207,RUA MELQUI RIBEIRO ROMA,PROXIMO AO BATALHÃO 19º / AO LADO DO CORPUS MOTEL,,,,PINA,COLISÃO LATERAL,,1,1,0,0,0,0,0,0,0,1,0,,CIDADE,Longo da via,Bom,Não existe,Perfeito estado,Seca,Perfeito estado,Não existe,Não há placas,,Única,Faixa contínua,,,246,202202597
2022-02-06,00:00:00,COM VÍTIMA,FINALIZADA,TEJIPIO,AV DR JOSE RUFINO,4,2984,,"VIADUTO DO BARRO, SNT JABOATAO / PRÓX AO COLÉGIO ALBERTO TORRE",,,,TEJIPIÓ,COLISÃO TRASEIRA,,2,1,0,0,0,0,0,0,0,1,0,,SUBURBIO,Longo da via,Bom,Não existe,Perfeito estado,Seca,Perfeito estado,Não existe,Não há placas,,Dupla,Faixa contínua,,,248,202202621
2022-02-07,00:00:00,COM VÍTIMA,FINALIZADA,SANTO AMARO,AV CRUZ CABUGA,3,165,,EM FRENTE A IGREJA UNIVERSAL DA CABUGÁ,,,,SANTO AMARO,COLISÃO LATERAL,,1,1,0,0,0,0,0,0,0,2,0,,,Longo da via,Bom,Não existe,Perfeito estado,Seca,Perfeito estado,,Outras,,Dupla,Faixa contínua,Faixa seccionada,,252,202202665
2022-02-09,00:00:00,COM VÍTIMA,FINALIZADA,SANTO ANTONIO,PRC DA REPUBLICA,3,S/N,,EM FRENTE AO PALACIO DO GOVERNO,,,,SANTO ANTÔNIO,COLISÃO COM CICLISTA,,1,0,0,1,0,0,0,0,0,1,0,488,SUBURBIO,Cruzamento,Bom,Sem defeito,Perfeito estado,Seca,Perfeito estado,Faixa de pedestre,Outras,40 km/h,Única,Faixa seccionada,,,254,202202800
2022-02-09,00:00:00,COM VÍTIMA,FINALIZADA,SANTO AMARO,RUA DO POMBAL,0,,RUA PEDRO AFONSO,EM FRENTE AO IML,,,,SANTO AMARO,COLISÃO TRANSVERSAL,,1,1,0,0,0,0,0,0,0,2,0,,SUBURBIO,Cruzamento,Bom,Não existe,Perfeito estado,Seca,Perfeito estado,Faixa de retenção,Outras,,Dupla,Faixa seccionada,,,255,202202806
2022-02-09,00:00:00,COM VÍTIMA,FINALIZADA,BOA VISTA,RUA JOAO FERNANDES VIEIRA,3,560,,QUASE ENFRENTE A SUBWAI,,,,BOA VISTA,COLISÃO TRASEIRA,,0,1,0,0,0,0,0,1,0,1,0,,CIDADE,Longo da via,Bom,Não existe,Perfeito estado,Seca,Perfeito estado,Não existe,R-6a,,Única,Faixa seccionada,,,257,202202848
2022-02-09,00:00:00,COM VÍTIMA,FINALIZADA,APIPUCOS,RUA DE APIPUCOS,3,400,,PRÓX À CAMATEX - COLCHÕES E ACESSÓRIOS,,,,APIPUCOS,COLISÃO TRASEIRA,,1,1,0,0,0,0,0,0,0,1,0,,CIDADE,Longo da via,Bom,Não existe,Perfeito estado,Seca,Perfeito estado,Não existe,Não há placas,40 km/h,Dupla,Faixa contínua,,,258,202202863
2022-02-09,00:00:00,COM VÍTIMA,FINALIZADA,BEBERIBE,AV BEBERIBE,4,2315,,EM FRENTE AO DEPÓSITO DO ITALIANO,,,,BEBERIBE,COLISÃO FRONTAL,,1,0,1,0,0,0,0,0,0,1,0,,SUBURBIO,Longo da via,Bom,Não existe,Ilegível,Seca,Perfeito estado,Não existe,R-6a,60 km/h,Dupla,Faixa contínua,,,259,202202876
2022-02-10,00:00:00,COM VÍTIMA,FINALIZADA,ILHA DO RETIRO,PTE PREFEITO LIMA DE CASTRO,0,,,SOBRE A PONTE PREFEITO LIMA DE CASTRO,,,,ILHA DO RETIRO,COLISÃO TRASEIRA,,1,1,0,0,0,0,0,0,0,1,0,,CIDADE,Ponte,Bom,Não existe,Perfeito estado,Seca,Perfeito estado,Não existe,Não há placas,,Dupla,Faixa contínua,,,261,202202915
2022-02-10,00:00:00,COM VÍTIMA,FINALIZADA,SANTO ANTONIO,RUA SIQUEIRA CAMPOS,0,,AV MARTINS DE BARROS,POR TRAS DO BANDO SANTANDER,,,,SANTO ANTÔNIO,COLISÃO LATERAL,,1,1,0,0,0,0,0,0,0,1,0,,CIDADE,Esquina,Bom,Não existe,Perfeito estado,Seca,Perfeito estado,Não existe,R-6a,60 km/h,Única,Faixa contínua,Faixa seccionada,,262,202202919
2022-02-10,00:00:00,COM VÍTIMA,FINALIZADA,SANTO AMARO,AV GOVERNADOR AGAMENON MAGALHAES,0,,,,,,,SANTO AMARO,COLISÃO COM CICLISTA,,0,1,0,1,0,0,0,0,0,1,0,,,Longo da via,Bom,Sem defeito,Perfeito estado,Seca,Perfeito estado,Faixa de pedestre,Não há placas,60 km/h,Dupla,Canteiro central,,,263,202202939