data,hora,natureza_acidente,situacao,bairro,endereco,,numero,detalhe_endereco_acidente,complemento,endereco_cruzamento,numero_cruzamento,referencia_cruzamento,bairro_cruzamento,tipo,descricao,auto,moto,ciclom,ciclista,pedestre,onibus,caminhao,viatura,outros,vitimas,vitimasfatais,num_semaforo,sentido_via,acidente_verificado,tempo_clima,situacao_semaforo,sinalizacao,condicao_via,conservacao_via,ponto_controle,situacao_placa,velocidade_max_via,mao_direcao,divisao_via1,divisao_via2,divisao_via3,_id,Protocolo
2022-02-09,00:00:00,COM VÍTIMA,FINALIZADA,IMBIRIBEIRA,AV MARECHAL MASCARENHAS DE MORAES,0,,,,,,,IMBIRIBEIRA,ATROPELAMENTO DE PESSOA,,1,0,0,0,1,0,0,0,0,1,0,570,SUBURBIO,Longo da via,Bom,Não existe,Não existente,Seca,Perfeito estado,,,60 km/h,Única,Faixa,,,264,202202948
2022-02-10,00:00:00,COM VÍTIMA,FINALIZADA,BOA VISTA,RUA PRINCESA IZABEL,0,,RUA AURORA,ESQUINA DA PONTE PRINCESA IZABEL,,,,BOA VISTA,ATROPELAMENTO DE PESSOA,,1,0,0,0,1,0,0,0,0,1,0,22,SUBURBIO,Cruzamento,Bom,Sem defeito,Perfeito estado,Seca,Perfeito estado,Faixa de pedestre,Não há placas,,Única,Não existe,,,265,202202953
2022-02-10,00:00:00,COM VÍTIMA,FINALIZADA,CORDEIRO,RUA DR MIGUEL VIEIRA FERREIRA,3,275,RUA CLAUDIO BROTHERHOOD,E/F AO BETO BEBIDAS,,,,CORDEIRO,COLISÃO TRANSVERSAL,,1,1,0,0,0,0,0,0,0,1,0,,,Cruzamento,Bom,Não existe,Perfeito estado,Seca,Perfeito estado,Faixa de retenção,Outras,,Dupla,Faixa contínua,,,266,202202960
2022-02-10,00:00:00,COM VÍTIMA,FINALIZADA,SANTO AMARO,PTE DO LIMOEIRO,0,,,APÓS A CONTEX / NO MEIO DA PTE DO LIMOEIRO,,,,SANTO AMARO,COLISÃO LATERAL,,1,1,0,0,0,0,0,0,0,1,0,,CIDADE,Ponte,Bom,Não existe,Perfeito estado,Seca,Perfeito estado,Não existe,Não há placas,60 km/h,Dupla,Faixa contínua,,,267,202202962
2022-02-11,00:00:00,COM VÍTIMA,FINALIZADA,TAMARINEIRA,RUA CONEGO BARATA,0,,,"PROX. A FERREIRA COSTA, SENT. AFOGADOS",,,,TAMARINEIRA,OUTROS,,0,0,0,0,0,1,0,0,0,1,0,,,Longo da via,Bom,Não existe,Perfeito estado,Seca,Perfeito estado,Não existe,R-6c,40 km/h,Dupla,Faixa seccionada,Canteiro central,,270,202202998
2022-02-11,00:00:00,COM VÍTIMA,FINALIZADA,CASA FORTE,AV DEZESSETE DE AGOSTO,3,892,,E/F AO EDF. CASA GRANDE D'SANTANNA,,,,CASA FORTE,COLISÃO FRONTAL,,1,1,0,0,0,0,0,0,0,1,0,,SUBURBIO,Longo da via,Bom,Não existe,Perfeito estado,Seca,Perfeito estado,Não existe,R-6a,60 km/h,Dupla,Faixa contínua,,,271,202203009
2022-02-11,00:00:00,COM VÍTIMA,FINALIZADA,ILHA DO RETIRO,RUA SPORT CLUBE DO RECIFE,0,,,E/F A LOJA CAZÁ DO SPORT,,,,ILHA DO RETIRO,CHOQUE,,2,1,0,0,0,0,0,0,0,1,0,367,CIDADE,Longo da via,Bom,Sem defeito,Perfeito estado,Seca,Perfeito estado,Não existe,R-6a,,Dupla,Faixa contínua,Faixa seccionada,Canteiro central,272,202203016
2022-02-11,00:00:00,COM VÍTIMA,FINALIZADA,SANTO AMARO,AV CRUZ CABUGA,0,,RUA FREI CASSIMIRO,ENFRENTE AO SENAI,,,,SANTO AMARO,COLISÃO TRANSVERSAL,,1,1,0,0,0,0,0,0,0,1,0,,,Cruzamento,Bom,Não existe,Não existente,Seca,Perfeito estado,Faixa de pedestre,Outras,,Dupla,Faixa contínua,Faixa seccionada,,273,202203022
2022-02-11,00:00:00,COM VÍTIMA,FINALIZADA,IPSEP,AV RECIFE,4,3273,,AUTOPEÇAS JK,,,,IPSEP,COLISÃO TRASEIRA,,1,1,0,0,0,0,0,0,0,1,0,247,CIDADE,Longo da via,Bom,Sem defeito,Perfeito estado,Seca,Perfeito estado,Faixa de pedestre,Não há placas,60 km/h,Única,Canteiro central,,,275,202203049
2022-02-11,00:00:00,COM VÍTIMA,FINALIZADA,SANTO AMARO,AV GOVERNADOR AGAMENON MAGALHAES,0,,,E/F AO POSTO BR,,,,SANTO AMARO,ATROPELAMENTO DE PESSOA,,0,0,0,0,1,1,0,0,0,1,0,,OLINDA,Longo da via,Bom,Não existe,Perfeito estado,Seca,,Não existe,Não há placas,60 km/h,Dupla,Faixa seccionada,Canal,,277,202203054
2022-02-11,00:00:00,COM VÍTIMA,FINALIZADA,IBURA,AV DOIS RIOS,0,,,LADEIRA DA CHOAB,,,,IBURA,COLISÃO FRONTAL,,0,1,0,0,0,1,0,0,0,2,0,,,Longo da via,Bom,Não existe,Ilegível,Seca,Perfeito estado,Agente,Não há placas,60 km/h,Dupla,Não existe,,,278,202203056
2022-02-11,00:00:00,COM VÍTIMA,FINALIZADA,APIPUCOS,AV DEZESSETE DE AGOSTO,4,1893,RUA MARQUES DE TAMANDARE,E/F AO BAR CHEFE,,,,APIPUCOS,COLISÃO TRANSVERSAL,,1,1,0,0,0,0,0,0,0,1,0,,,Cruzamento,Bom,Não existe,Perfeito estado,Seca,Perfeito estado,Não existe,Não há placas,,Dupla,Faixa contínua,,,280,202203059
2022-02-12,00:00:00,COM VÍTIMA,FINALIZADA,ALTO SANTA TEREZINHA,AV ANIBAL BENEVOLO,4,1585,,EM FRENTE AO COMPAZ,,,,ALTO SANTA TERESINHA,CHOQUE,,2,1,0,0,0,0,0,0,0,2,0,,CIDADE,Longo da via,Bom,Não existe,Incompleta,Seca,Mal conservada,Não existe,Não há placas,,Dupla,Não existe,,,282,202203066
2022-02-12,00:00:00,COM VÍTIMA,FINALIZADA,BOA VIAGEM,RUA ERNESTO DE PAULA SANTOS,0,,AV ENGENHEIRO DOMINGOS FERREIRA,EM FRENTE A LOJA  DE SAPATOS CONSTANCE,,,,BOA VIAGEM,COLISÃO LATERAL,,1,1,0,0,0,0,0,0,0,1,0,217,SUBURBIO,Longo da via,Chuvoso,Sem defeito,Perfeito estado,Molhada,Perfeito estado,Faixa de retenção,Não há placas,,Única,Faixa contínua,,,284,202203076
2022-02-12,00:00:00,COM VÍTIMA,FINALIZADA,CASA AMARELA,AV NORTE MIGUEL ARRAES DE ALENCAR,0,,,EM FRENTE AO  NUCLEO DA DEVESA CIVIL,,,,CASA AMARELA,COLISÃO TRASEIRA,,1,1,0,0,0,0,0,0,0,1,0,676,,Longo da via,Bom,Sem defeito,Perfeito estado,Seca,Perfeito estado,Faixa de pedestre,R-6a,,Dupla,Canteiro central,,,287,202203097
2022-02-12,00:00:00,COM VÍTIMA,FINALIZADA,BOA VIAGEM,RUA SA E SOUZA,3,692,RUA IZABEL MAGALHAES,EM FRENTE AO EDIFICIO PRAIA DE ITAGUAÇÚ,,,,BOA VIAGEM,QUEDA,,0,1,0,0,0,0,0,0,0,1,0,,SUBURBIO,Cruzamento,Bom,Não existe,Não existente,Seca,Perfeito estado,Não existe,Não há placas,,Dupla,Faixa seccionada,,,288,202203108
2022-02-12,00:00:00,COM VÍTIMA,FINALIZADA,ILHA JOANA BEZERRA,VDO PAPA JOAO PAULO II,0,,,EM BAIXO DO VIADUTO JOANA BEZERRA AO LADO DA AACD,,,,JOANA BEZERRA,COLISÃO FRONTAL,,2,0,0,0,0,0,0,0,0,1,0,,,Longo da via,Bom,Não existe,Incompleta,,Mal conservada,Não existe,Não há placas,,,Não existe,,,290,202203120
2022-02-12,00:00:00,COM VÍTIMA,FINALIZADA,ARRUDA,AV BEBERIBE,0,,AV PROFESSOR JOSE DOS ANJOS,E/F AO CAMPO DO ARRUDA,,,,ARRUDA,COLISÃO FRONTAL,,1,1,0,0,0,0,0,0,0,2,0,,CIDADE,Longo da via,Bom,Sem defeito,Perfeito estado,Seca,Perfeito estado,,R-6a,,Dupla,Faixa contínua,,,291,202203133
2022-02-12,00:00:00,COM VÍTIMA,FINALIZADA,TORRE,PTE DO VINTEM,0,,,EM CIMA DO VIADUTO,,,,TORRE,COLISÃO LATERAL,,1,1,0,0,0,0,0,0,0,1,0,,AV NORTE,Viaduto,Bom,Não existe,Não existente,Seca,Perfeito estado,Não existe,Não há placas,,Única,Canteiro central,,,292,202203149
2022-02-13,00:00:00,COM VÍTIMA,FINALIZADA,PRADO,RUA RODRIGUES DE MENDONCA,2,45,RUA PANDIA CALOGERAS,ENFRENTE AO EDFICIO RENOIR,,,,PRADO,COLISÃO LATERAL,,2,0,0,0,0,0,0,0,0,1,0,,SUBURBIO,Cruzamento,Bom,Não existe,Incompleta,Seca,Perfeito estado,Faixa de pedestre,Não há placas,,Única,Faixa contínua,,,293,202203172
2022-02-13,00:00:00,COM VÍTIMA,FINALIZADA,LINHA DO TIRO,RUA ELADIO CAMBOIM,3,251,RUA URIEL DE HOLANDA,PRÓX À PADARIA PÃO DE OURO,,,,LINHA DO TIRO,ATROPELAMENTO DE PESSOA,,0,1,0,0,1,0,0,0,0,1,0,,,Longo da via,Bom,Não existe,Não existente,Seca,Perfeito estado,Não existe,Não há placas,,Dupla,Não existe,,,294,202203174
2022-02-13,00:00:00,COM VÍTIMA,FINALIZADA,CORDEIRO,AV CAXANGA,4,2555,AV INACIO MONTEIRO,ENFRENTE A DROGASIL,,,,CORDEIRO,COLISÃO TRANSVERSAL,,1,1,0,0,0,0,0,0,0,1,0,234,CIDADE,Cruzamento,Bom,Sem defeito,Incompleta,Seca,Perfeito estado,,R-6a,60 km/h,Dupla,Faixa contínua,Canteiro central,,297,202203183
2022-02-13,00:00:00,COM VÍTIMA,FINALIZADA,JORDAO,RUA ALBERTO LUNDGREN,2,83,RUA DR ALVARO FERRAZ,ENFRENTE AO BALAIO,,,,JORDÃO,ATROPELAMENTO DE PESSOA,,0,0,0,0,1,1,0,0,0,1,0,,,Cruzamento,Bom,Não existe,Perfeito estado,Seca,Perfeito estado,Faixa de pedestre,R-6a,,Dupla,Faixa contínua,,,298,202203190
2022-02-14,00:00:00,COM VÍTIMA,FINALIZADA,CAMPINA DO BARRETO,RUA DOS PEIXINHOS,3,987,,EM FRENTE AO ORATÓRIO DA DIVINA PROVIDÊNCIA,,,,CAMPINA DO BARRETO,COLISÃO LATERAL,,1,1,0,0,0,0,0,0,0,1,0,,CIDADE,Longo da via,Bom,Não existe,Não existente,Seca,Perfeito estado,Não existe,Não há placas,,Dupla,Não existe,,,303,202203243
2022-02-14,00:00:00,COM VÍTIMA,FINALIZADA,TEJIPIO,AV DR JOSE RUFINO,4,3795,,EM FRENTE A ESTAÇÃO TEJIPIO,,,,TEJIPIÓ,COLISÃO TRANSVERSAL,,1,1,0,0,0,0,0,0,0,1,0,,SUBURBIO,Longo da via,Bom,Não existe,Incompleta,Seca,Perfeito estado,Não existe,Não há placas,,Dupla,Faixa contínua,,,305,202203249
2022-02-15,00:00:00,COM VÍTIMA,FINALIZADA,TAMARINEIRA,AV NORTE MIGUEL ARRAES DE ALENCAR,0,,EST VELHA DE AGUA FRIA,PROXIMO A FERREIRA COSTA,,,,TAMARINEIRA,COLISÃO TRASEIRA,,0,2,0,0,0,0,0,0,0,1,0,62,CIDADE,Cruzamento,Bom,Sem defeito,Perfeito estado,Seca,Perfeito estado,Faixa de pedestre,R-6a,60 km/h,Dupla,Faixa contínua,,,307,202203311
2022-02-15,00:00:00,COM VÍTIMA,FINALIZADA,ALTO JOSE BONIFACIO,RUA ALTO JOSE BONIFACIO,3,192,RUA CORREGO DO EUCLIDES,PROX. A RODINHA,,,,ALTO JOSÉ BONIFÁCIO,COLISÃO COM CICLISTA,,0,1,0,1,0,0,0,0,0,1,0,,CIDADE,Esquina,Bom,Não existe,Perfeito estado,Seca,Perfeito estado,Faixa de pedestre,Outras,,Dupla,Faixa contínua,Faixa seccionada,,308,202203313
2022-02-15,00:00:00,COM VÍTIMA,FINALIZADA,AGUA FRIA,EST VELHA DE AGUA FRIA,3,727,,"ESPAÇO TAMARINEIRA,  JPK ENERGY",,,,ÁGUA FRIA,COLISÃO COM CICLISTA,,0,1,0,1,0,0,0,0,0,1,0,,CIDADE,Longo da via,Bom,Não existe,Perfeito estado,Seca,Perfeito estado,Não existe,R-6a,60 km/h,Dupla,Faixa contínua,,,309,202203330
2022-02-15,00:00:00,COM VÍTIMA,FINALIZADA,IPUTINGA,AV CAXANGA,0,,EST DO BARBALHO,PRÓX AO BIG BOMPREÇO E CACAU SHOW,,,,IPUTINGA,COLISÃO TRASEIRA,,0,2,0,0,0,0,0,0,0,1,0,533,,Cruzamento,Bom,Sem defeito,Perfeito estado,Seca,Perfeito estado,Agente,R-26,60 km/h,Dupla,Canteiro central,,,310,202203351
2022-02-15,00:00:00,COM VÍTIMA,FINALIZADA,CORDEIRO,RUA DR MIGUEL VIEIRA FERREIRA,3,537,RUA SOROCABA,PROXIMO AO ARMAZEM CIA DA CONSTRUÇÃO,,,,CORDEIRO,ATROPELAMENTO DE PESSOA,,1,0,0,0,1,0,0,0,0,1,0,,CIDADE,Longo da via,Bom,Não existe,Incompleta,Seca,Perfeito estado,Não existe,R-19,30 km/h,,Não existe,,,312,202203365
2022-02-16,00:00:00,COM VÍTIMA,FINALIZADA,PINA,RUA TOME GIBSON,0,,AVENIDA CELSO FURTADO (VIA MANGUE),PROX. AO AEROCLUB (SENT. PINA),,,,PINA,COLISÃO LATERAL,,1,1,0,0,0,0,0,0,0,1,0,,CIDADE,Longo da via,Chuvoso,Não existe,Perfeito estado,Molhada,Perfeito estado,Não existe,Não há placas,60 km/h,Única,Faixa seccionada,,,315,202203389
2022-02-16,00:00:00,COM VÍTIMA,FINALIZADA,CURADO,ROD BR CENTO E UM,0,,BR 101 (DENTRO DA CEASA),EM FRENTE AO RC FRIOS E RESTAURANTE DO BIU,,,,CURADO,COLISÃO FRONTAL,,2,1,0,0,0,0,0,0,0,1,0,,,Longo da via,Bom,Não existe,Incompleta,Seca,Perfeito estado,Não existe,R-4b,,Única,Não existe,,,316,202203409
2022-02-16,00:00:00,COM VÍTIMA,FINALIZADA,JARDIM SAO PAULO,AV SAO PAULO,0,,,POR BAIXO DO VIADUTO WERNECK,,,,JARDIM SÃO PAULO,CHOQUE,,1,0,0,0,0,0,0,0,0,1,0,,CIDADE,Longo da via,Bom,Não existe,Incompleta,Seca,Perfeito estado,Não existe,Não há placas,,Dupla,Faixa seccionada,,,317,202203440
2022-02-17,00:00:00,COM VÍTIMA,FINALIZADA,APIPUCOS,AV DEZESSETE DE AGOSTO,3,117,,"E/F A ESCOLA ESTADUAL SILVA JARDIM,  ED MEYER MESEL",,,,APIPUCOS,COLISÃO FRONTAL,,2,1,0,0,0,0,0,0,0,1,0,,SUBURBIO,Longo da via,Chuvoso,Não existe,Perfeito estado,Molhada,Perfeito estado,Não existe,,60 km/h,Dupla,Faixa contínua,,,321,202203463
2022-02-17,00:00:00,COM VÍTIMA,FINALIZADA,BONGI,RUA ISAAC MARKMAN,2,46,RUA DONA MARIA AUGUSTA NOGUEIRA,EM FRENTE A SECRETARIA DE SAUDE /  TERMINAL DO BONGI,,,,BONGI,COLISÃO TRANSVERSAL,,1,1,0,0,0,0,0,0,0,1,0,,CIDADE,Cruzamento,Chuvoso,Não existe,Incompleta,Molhada,Mal conservada,Faixa de pedestre,Outras,30 km/h,Dupla,Faixa seccionada,,,322,202203480
2022-02-17,00:00:00,COM VÍTIMA,FINALIZADA,VARZEA,AV CAXANGA,0,,,"AO LADO DA UPA, NO SENTIDO CIDADE",,,,VÁRZEA,COLISÃO LATERAL,,1,1,0,0,0,1,0,0,0,1,0,,,Ponte,Chuvoso,Não existe,Perfeito estado,Molhada,Perfeito estado,Não existe,Não há placas,60 km/h,Única,Faixa seccionada,,,324,202203487
2022-02-17,00:00:00,COM VÍTIMA,FINALIZADA,CAMPO GRANDE,RUA MARQUES DE BAIPENDI,3,295,RUA CONEGO JOAO PEDROZA,UNIÃO BEBIDAS,,,,CAMPO GRANDE,COLISÃO TRANSVERSAL,,1,1,0,0,0,0,0,0,0,1,0,,SUBURBIO,Cruzamento,Bom,Não existe,Perfeito estado,Molhada,Perfeito estado,Não existe,Outras,,Dupla,Faixa contínua,Faixa seccionada,,325,202203488
2022-02-17,00:00:00,COM VÍTIMA,FINALIZADA,SANTO AMARO,AV GOVERNADOR AGAMENON MAGALHAES,0,,,SOB O VIADUTO DA AV NORTE,,,,SANTO AMARO,COLISÃO COM CICLISTA,,1,0,0,1,0,0,0,0,0,1,0,684,OLINDA,Longo da via,Bom,Sem defeito,Perfeito estado,Seca,Perfeito estado,Faixa de pedestre,Não há placas,60 km/h,Dupla,Faixa contínua,Canal,,327,202203524
2022-02-17,00:00:00,COM VÍTIMA,FINALIZADA,SANTO AMARO,AV PREFEITO ARTUR LIMA CAVALCANTI,2,80,,PROX A MARINHA BEIRA CANAL,,,,SANTO AMARO,QUEDA,,0,1,0,0,0,0,0,0,0,1,0,,SUBURBIO,Longo da via,Bom,Não existe,Perfeito estado,Seca,Perfeito estado,Não existe,Não há placas,,Dupla,Canteiro central,,,328,202203527
2022-02-17,00:00:00,COM VÍTIMA,FINALIZADA,PINA,AV ANTONIO DE GOES,3,109,,,,,,PINA,COLISÃO TRANSVERSAL,,1,1,0,0,0,0,0,0,0,1,0,,CIDADE,Longo da via,Bom,Sem defeito,Perfeito estado,Seca,Perfeito estado,Não existe,Outras,60 km/h,Única,Faixa seccionada,,,329,202203536
2022-02-18,00:00:00,COM VÍTIMA,FINALIZADA,IMBIRIBEIRA,AV MARECHAL MASCARENHAS DE MORAES,4,4773,,EM FRENTE AO MARTELINHO. APÓS A FACULDADE PERNAMBUCANA DE SAÚDE,,,,IMBIRIBEIRA,QUEDA,,0,1,0,0,0,0,0,0,0,1,0,,CIDADE,Longo da via,Bom,Não existe,Perfeito estado,Seca,Perfeito estado,Não existe,,60 km/h,Dupla,Faixa seccionada,,,332,202203568
2022-02-17,00:00:00,COM VÍTIMA,FINALIZADA,DERBY,AV GOVERNADOR AGAMENON MAGALHAES,0,,,EM FRENTE À FACE IMAGEM,,,,DERBY,COLISÃO TRASEIRA,,1,1,0,0,0,0,0,0,0,1,0,,SUBURBIO,Longo da via,Chuvoso,Sem defeito,Perfeito estado,Molhada,Perfeito estado,Outros,Outras,,Única,Faixa seccionada,,,333,202203571
2022-02-18,00:00:00,COM VÍTIMA,FINALIZADA,MANGUEIRA,RUA DR JOAO ELISIO,3,298,RUA MANDARI,EM FRENTE À PADARIA E MERCADINHO SANTO ANTÔNIO,,,,MANGUEIRA,COLISÃO FRONTAL,,1,1,0,0,0,0,0,0,0,1,0,,SUBURBIO,Esquina,Bom,Não existe,Incompleta,Seca,Perfeito estado,Não existe,Não há placas,,Dupla,Não existe,,,335,202203618
2022-02-18,00:00:00,COM VÍTIMA,FINALIZADA,IBURA,AV DOIS RIOS,3,939,,"PRÓX A FARMACIA  INDEPENDENTE , SNT SUB-CID / SEMÁFORO 485",,,,IBURA,COLISÃO TRASEIRA,,1,1,0,0,0,0,0,0,0,1,0,,CIDADE,Longo da via,Bom,Não existe,Perfeito estado,Seca,Perfeito estado,Não existe,Não há placas,,Dupla,Faixa contínua,,,337,202203653
2022-02-18,00:00:00,COM VÍTIMA,FINALIZADA,BEBERIBE,AV BEBERIBE,4,4340,,E/F A IGREJA BATISTA AGAPE,,,,BEBERIBE,CHOQUE,,2,1,0,0,0,0,0,0,0,1,0,,CIDADE,Longo da via,Chuvoso,Não existe,Perfeito estado,,Perfeito estado,Não existe,Não há placas,,Dupla,Faixa seccionada,,,338,202203655
2022-02-19,00:00:00,COM VÍTIMA,FINALIZADA,AFOGADOS,RUA NICOLAU PEREIRA,0,,,PROXIMO À ESTAÇÃO DO METRÔ,,,,AFOGADOS,COLISÃO COM CICLISTA,,1,0,0,1,0,0,0,0,0,1,0,,SUBURBIO,Longo da via,Bom,Não existe,Perfeito estado,Seca,Perfeito estado,Não existe,R-6a,,Única,Faixa seccionada,,,339,202203664
2022-02-19,00:00:00,COM VÍTIMA,FINALIZADA,SAN MARTIN,AV GENERAL SAN MARTIN,0,,,LADO OPOSTO AO NOVO ATACAREJO,,,,SAN MARTIN,QUEDA,,0,0,0,1,0,0,0,0,0,1,0,58,SUBURBIO,Longo da via,Bom,Sem defeito,Perfeito estado,Seca,Perfeito estado,Faixa de retenção,Não há placas,,Dupla,Faixa contínua,,,340,202203681
2022-02-19,00:00:00,COM VÍTIMA,FINALIZADA,VARZEA,AV CAXANGA,4,5759,,LADO OPOSTO AO TERMINAL DE ONIBUS DA CAXANGA,,,,VÁRZEA,COLISÃO TRASEIRA,,1,1,0,0,0,0,0,0,0,1,0,262,CIDADE,Longo da via,Bom,Sem defeito,Perfeito estado,Seca,Perfeito estado,Faixa de pedestre,R-6a,60 km/h,Dupla,Faixa contínua,Canteiro central,Faixa seccionada,341,202203706
2022-02-19,00:00:00,COM VÍTIMA,FINALIZADA,SANTO AMARO,AV GOVERNADOR AGAMENON MAGALHAES,0,,PTE RAIMUNDO FARIAS,PRAÇA PARQUE AMORIM,,,,SANTO AMARO,COLISÃO TRANSVERSAL,,1,1,0,0,0,0,0,0,0,1,0,37,SUBURBIO,Cruzamento,Bom,Sem defeito,Perfeito estado,Seca,Perfeito estado,Agente,,60 km/h,Única,Faixa seccionada,,,342,202203716
2022-02-19,00:00:00,COM VÍTIMA,FINALIZADA,TEJIPIO,RUA FALCAO DE LACERDA,3,101,,PROX A ESTACAO TEJIPIO / ASSEMBLEIA DE DEUS,,,,TEJIPIÓ,COLISÃO LATERAL,,1,1,0,0,0,0,0,0,0,1,0,,CIDADE,Longo da via,Bom,Não existe,Incompleta,Seca,Perfeito estado,Não existe,Não há placas,,Dupla,Não existe,,,343,202203717
2022-02-19,00:00:00,COM VÍTIMA,FINALIZADA,PINA,AV CONSELHEIRO AGUIAR,3,479,,SANTORINI BAR CLUB,,,,PINA,COLISÃO LATERAL,,1,1,0,0,0,0,0,0,0,2,0,,CIDADE,Longo da via,Chuvoso,Não existe,Perfeito estado,Molhada,Perfeito estado,Não existe,Não há placas,,Única,Faixa seccionada,,,344,202203730
2022-02-20,00:00:00,COM VÍTIMA,FINALIZADA,ESPINHEIRO,RUA DO ESPINHEIRO,0,,RUA QUARENTA E OITO,CRUZAMENTO,,,,ESPINHEIRO,COLISÃO TRANSVERSAL,,1,1,0,0,0,0,0,0,0,1,0,166,CIDADE,Cruzamento,Bom,Sem defeito,Perfeito estado,Seca,Perfeito estado,Faixa de pedestre,Não há placas,,Única,Faixa contínua,Faixa seccionada,,345,202203738
2022-02-21,00:00:00,VÍTIMA FATAL,FINALIZADA,AFOGADOS,RUA MOTOCOLOMBO,0,,,E/F AO BANCO ITAU E PRÓXIMO À POLICLINICA DE AFOGADOS,,,,AFOGADOS,CHOQUE,,0,1,0,0,0,0,0,0,0,0,1,,,Longo da via,Chuvoso,Não existe,Perfeito estado,Molhada,Perfeito estado,,Outras,,Única,Não existe,,,349,202203784
2022-02-21,00:00:00,COM VÍTIMA,FINALIZADA,GRACAS,AV GOVERNADOR AGAMENON MAGALHAES,0,,AV RUI BARBOSA,VIA PRINCIPAL -,,,,GRAÇAS,COLISÃO TRASEIRA,,0,1,0,0,0,0,0,0,0,1,0,37,CIDADE,Longo da via,Bom,Sem defeito,Perfeito estado,Molhada,Perfeito estado,Faixa de pedestre,Não há placas,60 km/h,Dupla,Canteiro central,,,350,202203788
2022-02-21,00:00:00,COM VÍTIMA,FINALIZADA,CASA AMARELA,AV NORTE MIGUEL ARRAES DE ALENCAR,4,4785,RUA BEZERROS,E/F AO ARMAZEM CORAL,,,,CASA AMARELA,COLISÃO TRASEIRA,,1,2,0,0,0,0,0,0,0,1,0,,CIDADE,Longo da via,Bom,Sem defeito,Perfeito estado,Seca,Perfeito estado,Não existe,Não há placas,,Dupla,Canteiro central,,,351,202203789
2022-02-21,00:00:00,COM VÍTIMA,FINALIZADA,IBURA,AV DOM HELDER CAMARA,3,104,RUA JORNALISTA EDSON REGIS,LINHA DO TREM,,,,IBURA,COLISÃO TRASEIRA,,0,0,0,0,0,2,0,0,0,8,0,518,,Longo da via,Bom,Sem defeito,Perfeito estado,Seca,Perfeito estado,Faixa de pedestre,R-6c,,Dupla,Canteiro central,,,352,202203796
2022-02-21,00:00:00,COM VÍTIMA,FINALIZADA,TORRE,RUA REAL DA TORRE,5,11201,RUA CONDE DE IRAJA,PROXIMO DO SUPERMERCADO RECIBOM,,,,TORRE,COLISÃO TRASEIRA,,1,1,0,0,0,0,0,0,0,1,0,106,,Cruzamento,Bom,Sem defeito,Perfeito estado,Seca,Perfeito estado,,Não há placas,,Única,Não existe,,,353,202203804
2022-02-21,00:00:00,COM VÍTIMA,FINALIZADA,DERBY,AV GOVERNADOR AGAMENON MAGALHAES,2,33,RUA JOAQUIM NABUCO,"EM FRENTE A RESTAURAÇÃO, SENTIDO BOA VIAGEM",,,,DERBY,COLISÃO TRANSVERSAL,,1,1,0,0,0,0,0,0,0,1,0,174,SUBURBIO,Longo da via,Bom,Sem defeito,Perfeito estado,Seca,Perfeito estado,Faixa de pedestre,Outras,60 km/h,Única,Faixa seccionada,Canteiro central,,354,202203810