data,hora,natureza_acidente,situacao,bairro,endereco,,numero,detalhe_endereco_acidente,complemento,endereco_cruzamento,numero_cruzamento,referencia_cruzamento,bairro_cruzamento,tipo,descricao,auto,moto,ciclom,ciclista,pedestre,onibus,caminhao,viatura,outros,vitimas,vitimasfatais,num_semaforo,sentido_via,acidente_verificado,tempo_clima,situacao_semaforo,sinalizacao,condicao_via,conservacao_via,ponto_controle,situacao_placa,velocidade_max_via,mao_direcao,divisao_via1,divisao_via2,divisao_via3,_id,Protocolo
2022-02-21,00:00:00,COM VÍTIMA,FINALIZADA,IMBIRIBEIRA,VDO PRESIDENTE TANCREDO NEVES,0,,,APÓS O SAL E BRASA / SUBIDA DO VIADUTO / SENTIDO SHOPPING RECIFE,,,,IMBIRIBEIRA,CHOQUE,,0,1,0,0,0,0,0,0,0,1,0,,CIDADE,Longo da via,Bom,Não existe,Perfeito estado,Seca,Perfeito estado,Não existe,Não há placas,,Dupla,Canteiro central,,,356,202203834
2022-02-21,00:00:00,VÍTIMA FATAL,FINALIZADA,SANTO AMARO,RUA DA AURORA,4,1259,,EM FRENTE AO BANCO CENTRAL,,,,SANTO AMARO,CHOQUE,,0,1,0,0,0,0,0,0,0,0,1,,,Longo da via,Bom,Não existe,Perfeito estado,Seca,Perfeito estado,Faixa de pedestre,Não há placas,60 km/h,Dupla,Canteiro central,,,359,202203848
2022-02-22,00:00:00,COM VÍTIMA,FINALIZADA,IPSEP,RUA JEAN EMILE FAVRE,3,111,RUA IZABEL DE SOUZA,E/F A UNIBLOCO,,,,IPSEP,COLISÃO LATERAL,,1,1,0,0,0,0,0,0,0,1,0,,,Cruzamento,Bom,Não existe,Perfeito estado,Seca,Perfeito estado,Não existe,R-6a,,Única,Faixa seccionada,,,360,202203870
2022-02-22,00:00:00,COM VÍTIMA,FINALIZADA,MANGABEIRA,AV NORTE MIGUEL ARRAES DE ALENCAR,4,4544,,EM FRENTE A LOJA RAINHA REVESI / LADO OPOSTO EXPRESSO AUTO CNTER,,,,MANGABEIRA,COLISÃO LATERAL,,2,1,0,0,0,0,0,0,0,1,0,96,SUBURBIO,,,,,,,,,,,,,,362,202203873
2022-02-22,00:00:00,COM VÍTIMA,FINALIZADA,BOA VIAGEM,RUA PROFESSOR JOSE BRANDAO,3,229,RUA ANTONIO DE SA LEITAO,PROX. AO COLEGIO SANTA MARIA,,,,BOA VIAGEM,COLISÃO LATERAL,,2,0,0,0,0,0,0,0,0,2,0,,SUBURBIO,Cruzamento,Bom,Não existe,Perfeito estado,Seca,Perfeito estado,Faixa de retenção,Não há placas,,Dupla,Faixa seccionada,,,363,202203875
2022-02-22,00:00:00,COM VÍTIMA,FINALIZADA,BOA VIAGEM,RUA BALTAZAR PASSOS,4,6472,AV BOA VIAGEM,,,,,BOA VIAGEM,COLISÃO TRANSVERSAL,,0,2,0,0,0,0,0,0,0,1,0,149,CIDADE,Cruzamento,Bom,Sem defeito,Perfeito estado,Seca,Perfeito estado,Faixa de pedestre,Não há placas,,Única,Não existe,,,364,202203887
2022-02-22,00:00:00,COM VÍTIMA,FINALIZADA,ROSARINHO,AV NORTE MIGUEL ARRAES DE ALENCAR,4,3301,,EM FRENTE AO PADEIRÃO,,,,ROSARINHO,ATROPELAMENTO DE PESSOA,,0,0,0,0,1,1,0,0,0,1,0,,CIDADE,Longo da via,Bom,Não existe,Perfeito estado,Seca,Perfeito estado,Não existe,R-6c,,Dupla,Canteiro central,,,366,202203893
2022-02-22,00:00:00,COM VÍTIMA,FINALIZADA,MADALENA,RUA BENFICA,3,480,RUA HEITOR MAIA,EM FRENTE À ACADEMIA FERNANDINHO BELTRÃO E À PRAÇA DO INTERNACIONAL.,,,,MADALENA,COLISÃO LATERAL,,1,1,0,0,0,0,0,0,0,1,0,,SUBURBIO,Longo da via,Bom,Não existe,Perfeito estado,Seca,Perfeito estado,Não existe,Outras,,Dupla,Não existe,,,367,202203929
2022-02-22,00:00:00,COM VÍTIMA,FINALIZADA,IMBIRIBEIRA,RUA ARQUITETO LUIZ NUNES,4,1373,RUA MIS JOEL CARLSON,,,,,IMBIRIBEIRA,COLISÃO COM CICLISTA,,1,0,0,1,0,0,0,0,0,1,0,633,CIDADE,Cruzamento,Bom,Sem defeito,Perfeito estado,Seca,Perfeito estado,Faixa de pedestre,R-19,30 km/h,Dupla,Faixa contínua,,,368,202203938
2022-02-23,00:00:00,COM VÍTIMA,FINALIZADA,CASA AMARELA,AV NORTE MIGUEL ARRAES DE ALENCAR,0,,,EM FRENTE AO SESC,,,,CASA AMARELA,QUEDA,,0,1,0,0,0,0,0,0,0,2,0,364,CIDADE,Cruzamento,Bom,Sem defeito,Perfeito estado,Seca,Perfeito estado,Faixa de pedestre,Outras,,Dupla,Faixa contínua,Canteiro central,Blocos,371,202204010
2022-02-24,00:00:00,VÍTIMA FATAL,FINALIZADA,IPSEP,RUA HELIO BRANDAO,3,351,,ESCOLA CANDIDO PORTINARIO  /   EM FRENTE,,,,IPSEP,QUEDA,,0,0,0,1,0,0,0,0,0,0,1,,,,,,,,,,,,,,,,376,202204084
2022-02-24,00:00:00,COM VÍTIMA,FINALIZADA,BOA VIAGEM,AV MARECHAL JUAREZ TAVORA,3,637,,AO LADO DO ARMAZÉM ECOSEL,,,,BOA VIAGEM,COLISÃO TRANSVERSAL,,1,1,0,0,0,0,0,0,0,1,0,,CIDADE,Longo da via,Bom,Não existe,Perfeito estado,Seca,Perfeito estado,Faixa de pedestre,"Placas ""Pare""",,Única,Faixa contínua,Faixa seccionada,,377,202204112
2022-02-24,00:00:00,COM VÍTIMA,FINALIZADA,SANTO ANTONIO,AV DANTAS BARRETO,0,,RUA DO PEIXOTO,E/F AO CAMELODROMO,,,,SANTO ANTÔNIO,COLISÃO TRANSVERSAL,,1,0,0,0,0,1,0,0,0,1,0,181,SUBURBIO,Cruzamento,Bom,Sem defeito,Perfeito estado,Seca,Perfeito estado,Faixa de pedestre,R-6a,,,Faixa contínua,,,378,202204119
2022-02-24,00:00:00,COM VÍTIMA,FINALIZADA,CORDEIRO,RUA GOMES TABORDA,3,156,RUA MANDIORE,PRÓX AO ATACAREJO  IDEAL,,,,CORDEIRO,COLISÃO TRANSVERSAL,,1,1,0,0,0,0,0,0,0,1,0,,CIDADE,Longo da via,Bom,Não existe,Perfeito estado,Seca,Perfeito estado,Não existe,R-6a,,Dupla,Faixa seccionada,,,379,202204141
2022-02-25,00:00:00,COM VÍTIMA,FINALIZADA,CASA AMARELA,RUA PADRE LEMOS,2,94,,EM FRENTE A FARNÁCIA EXTRA FARMA,,,,CASA AMARELA,COLISÃO LATERAL,,1,1,0,0,0,0,0,0,0,1,0,,,Longo da via,Bom,Sem defeito,Perfeito estado,Seca,Perfeito estado,Faixa de pedestre,Outras,,Dupla,Faixa contínua,,,380,202204197
2022-02-26,00:00:00,COM VÍTIMA,FINALIZADA,BOA VIAGEM,RUA DEZ DE JULHO,0,,AV VINTE E TRES DE OUTUBRO,EM BAIXO  DO VIADUTO DA ESTAÇAO DO AEROPORTO  S/T AEROPORTO PRAIA,,,,BOA VIAGEM,COLISÃO TRANSVERSAL,,2,1,0,0,0,0,0,0,0,1,0,,CIDADE,Cruzamento,Bom,Não existe,Perfeito estado,Seca,Perfeito estado,Não existe,R-4a,,Única,Faixa seccionada,,,385,202204294
2022-02-26,00:00:00,COM VÍTIMA,FINALIZADA,PARNAMIRIM,RUA DONA RITA DE SOUZA,3,187,RUA DR SAMUEL LINS,AO LADO DO EDFC RIO DA PRATA,,,,PARNAMIRIM,COLISÃO TRANSVERSAL,,1,1,0,0,0,0,0,0,0,1,0,,SUBURBIO,Cruzamento,Bom,Não existe,Perfeito estado,Seca,Perfeito estado,Não existe,Outras,,Dupla,Faixa seccionada,,,387,202204326
2022-02-26,00:00:00,COM VÍTIMA,FINALIZADA,JORDAO,AV DONA CARENTINA,0,,,PROXIMO A PRAÇA DE EVENTOS NO JORDÃO,,,,JORDÃO,COLISÃO FRONTAL,,1,1,0,0,0,0,0,0,0,1,0,,SUBURBIO,Longo da via,Bom,Não existe,Incompleta,Seca,Perfeito estado,,Não há placas,40 km/h,Dupla,Não existe,,,388,202204329
2022-02-26,00:00:00,COM VÍTIMA,FINALIZADA,PINA,AV CELSO FURTADO,0,,RUA JOSE PAES DE BARROS,PROX AO RIO MAR,,,,PINA,COLISÃO LATERAL,,1,1,0,0,0,0,0,0,0,1,0,,SUBURBIO,Longo da via,Bom,Não existe,Perfeito estado,Seca,Perfeito estado,Não existe,Outras,60 km/h,Dupla,Canteiro central,,,389,202204331
2022-02-28,00:00:00,COM VÍTIMA,FINALIZADA,ESPINHEIRO,RUA MARQUES DO PARANA,3,209,RUA ALFREDO DE CARVALHO,PROXIMO A SIMONE BARROS,,,,ESPINHEIRO,COLISÃO TRANSVERSAL,,1,0,0,0,0,1,0,0,0,1,0,,SUBURBIO,Cruzamento,Bom,Não existe,Ilegível,Seca,Perfeito estado,Não existe,Não há placas,,Única,Não existe,,,391,202204408
2022-02-28,00:00:00,COM VÍTIMA,FINALIZADA,PINA,AV HERCULANO BANDEIRA,3,591,RUA SAO LUIZ,EM FRENTE À FARMÁCIA DO TRABALHADOR,,,,PINA,COLISÃO LATERAL,,1,1,0,0,0,0,0,0,0,1,0,,,Esquina,Bom,Não existe,Perfeito estado,Seca,Perfeito estado,Não existe,Não há placas,,Única,Faixa contínua,,,392,202204411
2022-02-28,00:00:00,COM VÍTIMA,FINALIZADA,CORDEIRO,AV CAXANGA,4,1492,,E/F A LOJA MULTIMARCAS,,,,CORDEIRO,COLISÃO TRASEIRA,,1,1,0,0,0,0,0,0,0,1,0,265,SUBURBIO,Longo da via,Bom,Sem defeito,Perfeito estado,Seca,Perfeito estado,Faixa de retenção,Não há placas,60 km/h,Única,Faixa contínua,,,393,202204414
2022-02-28,00:00:00,COM VÍTIMA,FINALIZADA,BARRO,AV DR JOSE RUFINO,3,773,RUA AIRES BELO,EM FRENTE A SOCORRO DOCES,,,,BARRO,COLISÃO TRANSVERSAL,,0,2,0,0,0,0,0,0,0,1,0,,CIDADE,Longo da via,Bom,Não existe,Incompleta,Seca,Perfeito estado,Não existe,Não há placas,,Dupla,Faixa contínua,,,394,202204418
2022-02-28,00:00:00,COM VÍTIMA,FINALIZADA,BOA VIAGEM,AV ENGENHEIRO DOMINGOS FERREIRA,0,,RUA RIBEIRO DE BRITO,NO SEMÁFORO 155,,,,BOA VIAGEM,CHOQUE,,1,0,0,0,0,0,0,0,0,1,0,155,SUBURBIO,Longo da via,Bom,Sem defeito,Perfeito estado,Seca,Perfeito estado,Agente,Outras,,Única,Canteiro central,,,395,202204419
2022-02-28,00:00:00,COM VÍTIMA,FINALIZADA,ESPINHEIRO,AV CONS ROSA E SILVA,3,650,RUA AMELIA,E/F A FARMACIA EXTRAFARMA  NO SEMAFORO 046 / LOJA QUARTO CRESCENTE,,,,ESPINHEIRO,COLISÃO LATERAL,,1,1,0,0,0,0,0,0,0,1,0,46,SUBURBIO,Cruzamento,Bom,Sem defeito,Perfeito estado,Seca,Perfeito estado,Faixa de pedestre,Outras,,Única,,,,396,202204421
2022-03-01,00:00:00,COM VÍTIMA,FINALIZADA,GUABIRABA,RUA DAS FLORES,4,1134,,APÓS À UPINHA DO CÓRREGO DE GENIPAPO / PRÓX À EMPRESA COREMAL,,,,GUABIRABA,COLISÃO FRONTAL,,0,1,0,0,0,1,0,0,0,2,0,,SUBURBIO,Longo da via,Bom,Não existe,Perfeito estado,Seca,Mal conservada,Outros,Outras,,Dupla,Faixa seccionada,,,400,202204473
2022-03-01,00:00:00,COM VÍTIMA,FINALIZADA,CABANGA,VDO PAPA JOAO PAULO II,0,,,SENTIDO CENTRO SOBRE O VIADUTO,,,,CABANGA,COLISÃO COM CICLISTA,,1,0,0,1,0,0,0,0,0,1,0,,CIDADE,Viaduto,Bom,Não existe,Perfeito estado,Seca,Perfeito estado,Outros,Não há placas,60 km/h,Única,Faixa seccionada,,,401,202204498
2022-03-01,00:00:00,COM VÍTIMA,FINALIZADA,ESPINHEIRO,RUA AMELIA,3,114,RUA DR VICENTE MEIRA,E/F AO SHOPPING DOS PINHEIROS,,,,ESPINHEIRO,COLISÃO TRANSVERSAL,,1,1,0,0,0,0,0,0,0,1,0,,CIDADE,Outros,Bom,Não existe,Perfeito estado,Seca,Perfeito estado,Faixa de retenção,"Placas ""Pare""",40 km/h,Única,Faixa seccionada,,,402,202204505
2022-03-01,00:00:00,COM VÍTIMA,FINALIZADA,IBURA,AV DOIS RIOS,3,463,AV BRIGADEIRO SECO,E/F A IGREJA DOS MORMONS,,,,IBURA,COLISÃO TRANSVERSAL,,1,1,0,0,0,0,0,0,0,1,0,,CIDADE,Esquina,Bom,Não existe,Perfeito estado,Seca,Perfeito estado,,Não há placas,,Dupla,Faixa seccionada,Faixa contínua,,403,202204512
2022-03-02,00:00:00,COM VÍTIMA,FINALIZADA,CORDEIRO,AV CAXANGA,4,2555,AV INACIO MONTEIRO,PRÓXIMO A DROGASIL,,,,CORDEIRO,COLISÃO TRANSVERSAL,,2,0,0,0,0,0,0,0,0,1,0,,SUBURBIO,Cruzamento,Bom,Sem defeito,Perfeito estado,Seca,Perfeito estado,Faixa de pedestre,R-6a,,Dupla,Canteiro central,,,404,202204513
2022-03-02,00:00:00,COM VÍTIMA,FINALIZADA,BOA VIAGEM,RUA ALMIRANTE BATISTA LEAO,3,649,RUA GENERAL SALGADO,PROX. AO PARQUE DA PIZZA,,,,BOA VIAGEM,COLISÃO TRANSVERSAL,,1,1,0,0,0,0,0,0,0,1,0,,CIDADE,Cruzamento,Chuvoso,Não existe,Perfeito estado,Molhada,Perfeito estado,Faixa de pedestre,"Placas ""Pare""",30 km/h,Única,Não existe,,,405,202204524
2022-03-02,00:00:00,COM VÍTIMA,FINALIZADA,BOA VIAGEM,RUA ANTONIO FALCAO,3,552,,EDIFÍCIO CASA BLANCA,,,,BOA VIAGEM,COLISÃO LATERAL,,1,1,0,0,0,0,0,0,0,1,0,,SUBURBIO,Longo da via,Bom,Não existe,Não existente,Seca,Perfeito estado,Não existe,Não há placas,,Única,Não existe,,,407,202204540
2022-03-02,00:00:00,COM VÍTIMA,FINALIZADA,CORDEIRO,AV CAXANGA,4,1221,RUA GREGORIO JUNIOR,PROXIMO AO SEMÁFORO 236,,,,CORDEIRO,COLISÃO LATERAL,,1,0,0,0,0,1,0,1,0,1,0,236,CIDADE,Longo da via,Bom,Sem defeito,Perfeito estado,Seca,Perfeito estado,Faixa de retenção,Não há placas,60 km/h,Única,Faixa contínua,,,408,202204552
2022-03-02,00:00:00,COM VÍTIMA,FINALIZADA,ARRUDA,AV PROFESSOR JOSE DOS ANJOS,3,162,,LADO OPOSTO AO BOMBREÇO,,,,ARRUDA,COLISÃO COM CICLISTA,,0,1,0,1,0,0,0,0,0,2,0,,CIDADE,Longo da via,Bom,Não existe,Perfeito estado,Seca,Perfeito estado,Faixa de pedestre,Outras,40 km/h,Única,Faixa seccionada,,,409,202204553
2022-03-03,00:00:00,COM VÍTIMA,FINALIZADA,IMBIRIBEIRA,PTE DO MOTOCOLOMBO,0,,,EM CIMA DA PTE MOTOCOLOMBO,,,,IMBIRIBEIRA,COLISÃO TRANSVERSAL,,1,1,0,0,0,0,0,0,0,2,0,,CIDADE,,,,,,,,,,,,,,410,202204589
2022-03-03,00:00:00,COM VÍTIMA,FINALIZADA,ESTANCIA,AV DR JOSE RUFINO,4,246A,,COLEGIO VISÃO,,,,ESTÂNCIA,COLISÃO TRASEIRA,,1,1,0,0,0,0,0,0,0,1,0,,CIDADE,Longo da via,Bom,Sem defeito,Perfeito estado,Seca,Perfeito estado,Não existe,Não há placas,,Dupla,Faixa contínua,,,411,202204592
2022-03-03,00:00:00,COM VÍTIMA,FINALIZADA,BONGI,AV MANOEL GONCALVES DA LUZ,3,957,EST DO BONGI,PROX A IGREJA BATISTA DO BONGI,,,,BONGI,COLISÃO FRONTAL,,2,0,0,0,0,0,0,0,0,1,0,,,Cruzamento,Bom,Não existe,Incompleta,Seca,Perfeito estado,Não existe,Não há placas,,Dupla,Faixa seccionada,,,412,202204597
2022-03-03,00:00:00,COM VÍTIMA,FINALIZADA,APIPUCOS,RUA DE APIPUCOS,0,,,EM FRENTE AO POSTO BR,,,,APIPUCOS,COLISÃO TRASEIRA,,0,1,0,0,0,0,1,0,0,1,0,500,,Longo da via,Bom,Sem defeito,Perfeito estado,Seca,Perfeito estado,Agente,Não há placas,,Dupla,Faixa contínua,,,413,202204599
2022-03-03,00:00:00,COM VÍTIMA,FINALIZADA,TORROES,AV ENGENHEIRO ABDIAS DE CARVALHO,4,2716,EST DO FORTE DO ARRAIAL N. DO B. JESUS,EM FRENTE AO RESTAURANTE KIYOI,,,,TORRÕES,COLISÃO TRASEIRA,,1,1,0,0,0,0,0,0,0,1,0,375,SUBURBIO,Cruzamento,Bom,Sem defeito,Incompleta,Seca,Perfeito estado,Faixa de pedestre,Outras,60 km/h,Dupla,Faixa contínua,Faixa seccionada,Canteiro central,414,202204612
2022-03-03,00:00:00,COM VÍTIMA,FINALIZADA,SANTO AMARO,AV GOVERNADOR AGAMENON MAGALHAES,0,,,PRÓX AO CAMPO DO ONZE ANTES DO VIADUTO DA JOAO DE BARROS S/T BOA VIAGEM,,,,SANTO AMARO,COLISÃO LATERAL,,1,0,0,0,0,0,0,1,0,1,0,,CIDADE,Longo da via,Bom,Não existe,Perfeito estado,Seca,Perfeito estado,Não existe,Não há placas,60 km/h,Dupla,Canteiro central,,,415,202204643
2022-03-03,00:00:00,COM VÍTIMA,FINALIZADA,BOA VIAGEM,AV CELSO FURTADO,0,,RUA PADRE BERNADINO PESSOA,ACIDENTE DE PERCURSO,,,,BOA VIAGEM,CHOQUE,,0,1,0,0,0,0,0,0,0,1,0,,SUBURBIO,Cruzamento,Bom,Não existe,Perfeito estado,Seca,Perfeito estado,Não existe,Outras,60 km/h,Única,Faixa seccionada,Blocos,,416,202204648
2022-03-03,00:00:00,COM VÍTIMA,FINALIZADA,CORDEIRO,RUA GOMES TABORDA,0,,,PRÓX AO IDEAL E E/F AO COLÉGIO GERAÇAO ATIVA E IGREJA UNIVERSAL DO REINO DE DEUS,,,,CORDEIRO,ATROPELAMENTO DE PESSOA,,0,1,0,0,1,0,0,0,0,1,0,,SUBURBIO,Longo da via,Bom,,,Seca,Mal conservada,,,,,,,,417,202204653
2022-03-04,00:00:00,COM VÍTIMA,FINALIZADA,SANTO AMARO,PRC DO CAMPO SANTO,3,455,,EM FRENTE AO SESC,,,,SANTO AMARO,COLISÃO LATERAL,,1,1,0,0,0,0,0,0,0,1,0,,CIDADE,Longo da via,Bom,Não existe,Perfeito estado,Seca,Perfeito estado,Faixa de pedestre,"Placas ""Pare""",,Dupla,Não existe,,,418,202204680
2022-03-04,00:00:00,COM VÍTIMA,FINALIZADA,BOA VISTA,AV CONDE DA BOA VISTA,0,,RUA DO HOSPICIO,EM FRENTE AO SHOPING BOA VISTA,,,,BOA VISTA,ATROPELAMENTO DE PESSOA,,0,0,0,0,1,1,0,0,0,1,0,,SUBURBIO,Cruzamento,Bom,Sem defeito,Perfeito estado,Molhada,Perfeito estado,Faixa de pedestre,Outras,,Dupla,Canteiro central,,,421,202204737
2022-03-05,00:00:00,COM VÍTIMA,FINALIZADA,ROSARINHO,AV NORTE MIGUEL ARRAES DE ALENCAR,0,,AV SANTOS DUMONT,E/F À PADARIA ROSARINHO  - SENTIDO CID/SUB,,,,ROSARINHO,COLISÃO LATERAL,,1,1,0,0,0,0,0,0,0,1,0,81,CIDADE,Cruzamento,Chuvoso,Sem defeito,Perfeito estado,Molhada,Perfeito estado,Faixa de pedestre,Outras,,Dupla,Canteiro central,,,423,202204764
2022-03-05,00:00:00,COM VÍTIMA,FINALIZADA,BOA VISTA,AV CONDE DA BOA VISTA,3,569,RUA GERVASIO PIRES,PROXIMO A FAMACIA DROGASIL,,,,BOA VISTA,COLISÃO TRANSVERSAL,,2,0,0,0,0,0,0,0,0,1,0,24,CIDADE,Cruzamento,Chuvoso,Sem defeito,Perfeito estado,Molhada,Perfeito estado,Faixa de pedestre,Outras,,Dupla,Canteiro central,,,424,202204765
2022-03-05,00:00:00,COM VÍTIMA,FINALIZADA,AREIAS,AV DR JOSE RUFINO,3,790,,BUFFET INFANTIL BRINK KIDS,,,,AREIAS,COLISÃO TRANSVERSAL,,1,1,0,0,0,0,0,0,0,1,0,,SUBURBIO,Longo da via,Chuvoso,Não existe,Perfeito estado,Molhada,Perfeito estado,Não existe,Não há placas,,Dupla,Faixa contínua,,,425,202204788
2022-03-05,00:00:00,COM VÍTIMA,FINALIZADA,CURADO,AV PREFEITO ANTONIO PEREIRA,3,231,RUA MINISTRO MARIO ANDREAZZA,PROX. A DISTRIBUIDORA DIST CARNE,,,,CURADO,COLISÃO TRANSVERSAL,,1,0,0,0,0,1,0,0,0,2,0,,SUBURBIO,Cruzamento,Chuvoso,Não existe,Não existente,Molhada,Perfeito estado,Não existe,Não há placas,,Dupla,Canteiro central,,,426,202204792
2022-03-05,00:00:00,COM VÍTIMA,FINALIZADA,SAN MARTIN,RUA COMENDADOR FRANCO FERREIRA,3,307,RUA DUARTE FILHO,ESQUINA COM A GALERIA JARDIM,,,,SAN MARTIN,COLISÃO COM CICLISTA,,1,0,0,1,0,0,0,0,0,1,0,,CIDADE,Cruzamento,Chuvoso,Não existe,Ilegível,Molhada,Perfeito estado,Não existe,,30 km/h,Dupla,Não existe,,,427,202204837
2022-03-06,00:00:00,COM VÍTIMA,FINALIZADA,IBURA,RUA EMILIO MONTEIRO FONSECA,0,,,"APÓS O CALDO DE CANA, ANTIGA PIPOQUEIRA",,,,IBURA,COLISÃO LATERAL,,1,1,0,0,0,0,0,0,0,1,0,,,Cruzamento,Chuvoso,Não existe,Incompleta,Molhada,Mal conservada,Não existe,Outras,40 km/h,Dupla,Não existe,,,429,202204875
2022-03-06,00:00:00,COM VÍTIMA,FINALIZADA,TAMARINEIRA,AV NORTE MIGUEL ARRAES DE ALENCAR,3,382,,E/F A IGREJA EVANGELICA CONGREGACIONAL DA TAMARINEIRA,,,,TAMARINEIRA,COLISÃO TRASEIRA,,1,1,0,0,0,0,0,0,0,1,0,62,SUBURBIO,Longo da via,Bom,Sem defeito,Perfeito estado,Seca,Perfeito estado,Faixa de pedestre,Outras,,Dupla,Canteiro central,Blocos,,430,202204930
2022-03-06,00:00:00,COM VÍTIMA,FINALIZADA,TORRE,RUA PIO NONO,3,435,RUA JOSE DE HOLANDA,PRÓX AO EDF MARIA REBECA E COLEGIO ISRAELITA,,,,TORRE,COLISÃO TRANSVERSAL,,1,1,0,0,0,0,0,0,0,1,0,,SUBURBIO,Cruzamento,Bom,Não existe,Perfeito estado,Seca,Perfeito estado,Não existe,"Placas ""Pare""",20 km/h,Dupla,Não existe,,,431,202204932
2022-03-07,00:00:00,COM VÍTIMA,FINALIZADA,GRACAS,RUA ALBERTO PAIVA,0,,RUA DO FUTURO,LAVANDERIA LAVARE,,,,GRAÇAS,COLISÃO LATERAL,,3,0,0,0,0,0,0,0,0,1,0,521,CIDADE,Cruzamento,Chuvoso,Sem defeito,Perfeito estado,Seca,Perfeito estado,Faixa de pedestre,Outras,,Única,Faixa contínua,Faixa seccionada,,434,202204966
2022-03-07,00:00:00,COM VÍTIMA,FINALIZADA,BOA VIAGEM,AV BOA VIAGEM,4,4752,,APOS A PRAÇA DE BOA VIAGEM / EDF VILLANDRY,,,,BOA VIAGEM,COLISÃO LATERAL,,1,1,0,0,0,0,0,0,0,1,0,,CIDADE,Longo da via,Bom,Não existe,Perfeito estado,Seca,Perfeito estado,Não existe,Outras,60 km/h,Única,Faixa seccionada,,,435,202204983
2022-03-07,00:00:00,COM VÍTIMA,FINALIZADA,MUSTARDINHA,AV MANOEL GONCALVES DA LUZ,3,350,,EM FRENTE A PRAÇA DO ABRIGO,,,,MUSTARDINHA,COLISÃO TRANSVERSAL,,2,1,0,0,0,0,0,0,0,1,0,,CIDADE,Cruzamento,Bom,Sem defeito,Incompleta,Seca,Mal conservada,Faixa de retenção,Outras,40 km/h,Dupla,Faixa seccionada,,,436,202204990
2022-03-07,00:00:00,COM VÍTIMA,FINALIZADA,VARZEA,AV AFONSO OLINDENSE,4,1513,,EM FRENTE A UPA VILA ARRAES,,,,VÁRZEA,COLISÃO FRONTAL,,1,0,0,0,0,1,0,0,0,1,0,,,Longo da via,Bom,Não existe,Perfeito estado,Seca,Perfeito estado,Não existe,R-19,30 km/h,Dupla,Faixa contínua,,,437,202205011
2022-03-08,00:00:00,COM VÍTIMA,FINALIZADA,ILHA DO LEITE,RUA MARQUES AMORIM,0,,RUA ESPERANTO,POR TRAS DA UNIMED,,,,ILHA DO LEITE,COLISÃO TRANSVERSAL,,2,0,0,0,0,0,0,0,0,1,0,,,Cruzamento,Bom,Não existe,Perfeito estado,Seca,Perfeito estado,Faixa de pedestre,"Placas ""Pare""",,,Faixa seccionada,,,439,202205111
2022-03-08,00:00:00,COM VÍTIMA,FINALIZADA,CASA AMARELA,AV NORTE MIGUEL ARRAES DE ALENCAR,0,,AV PROFESSOR JOSE DOS ANJOS,E/F AO SESC DE CASA AMARELA  S/T CID,,,,CASA AMARELA,COLISÃO FRONTAL,,0,2,0,0,0,0,0,0,0,1,0,364,SUBURBIO,Ponte,Bom,Sem defeito,Ilegível,Seca,Perfeito estado,Faixa de pedestre,Outras,60 km/h,,Não existe,,,440,202205123
2022-03-08,00:00:00,COM VÍTIMA,FINALIZADA,RECIFE,AV ALFREDO LISBOA,0,,,E/F AO MARCO ZERO,,,,BAIRRO DO RECIFE,COLISÃO LATERAL,,0,2,0,0,0,0,0,0,0,1,0,,CIDADE,Longo da via,Bom,Não existe,Perfeito estado,Seca,Perfeito estado,Faixa de pedestre,Não há placas,,Única,Não existe,,,442,202205130