data,hora,natureza_acidente,situacao,bairro,endereco,,numero,detalhe_endereco_acidente,complemento,endereco_cruzamento,numero_cruzamento,referencia_cruzamento,bairro_cruzamento,tipo,descricao,auto,moto,ciclom,ciclista,pedestre,onibus,caminhao,viatura,outros,vitimas,vitimasfatais,num_semaforo,sentido_via,acidente_verificado,tempo_clima,situacao_semaforo,sinalizacao,condicao_via,conservacao_via,ponto_controle,situacao_placa,velocidade_max_via,mao_direcao,divisao_via1,divisao_via2,divisao_via3,_id,Protocolo
2022-03-09,00:00:00,COM VÍTIMA,FINALIZADA,SANTO AMARO,AV CRUZ CABUGA,3,449,RUA ARARIPINA,OPOSTO AO ARMAZEM CORAL,,,,SANTO AMARO,COLISÃO LATERAL,,1,0,1,0,0,0,0,0,0,1,0,,CIDADE,Longo da via,Bom,Não existe,Perfeito estado,Seca,Perfeito estado,Não existe,Não há placas,60 km/h,Dupla,Faixa contínua,,,443,202205179
2022-03-09,00:00:00,COM VÍTIMA,FINALIZADA,BOA VISTA,RUA DO HOSPICIO,3,875,RUA JOAO LIRA,MINISTERIO PUBLICO,,,,BOA VISTA,COLISÃO COM CICLISTA,,0,1,0,1,0,0,0,0,0,1,0,32,CIDADE,Cruzamento,Bom,Sem defeito,Perfeito estado,Seca,Perfeito estado,Faixa de pedestre,Outras,,Dupla,Faixa contínua,,,444,202205212
2022-03-09,00:00:00,COM VÍTIMA,FINALIZADA,BEBERIBE,RUA PORTAO DO GELO,0,,AV BEBERIBE,PRÓX. AO POSTO SHELL E PRÓX. À EQUIPECAR - SOM E ACESSÓRIOS,,,,BEBERIBE,CHOQUE,,1,1,0,0,0,0,0,0,0,1,0,,SUBURBIO,Longo da via,Bom,Não existe,Perfeito estado,Seca,Perfeito estado,Não existe,R-6a,,Dupla,Faixa contínua,,,445,202205213
2022-03-09,00:00:00,COM VÍTIMA,FINALIZADA,SANTO ANTONIO,AV MARTINS DE BARROS,0,,PTE CONDE MAURICIO DE NASSAU,E/F AO ARMAZEN DO CAMPO,,,,SANTO ANTÔNIO,ATROPELAMENTO DE PESSOA,,0,1,0,0,1,0,0,0,0,1,0,194,SUBURBIO,Cruzamento,Bom,Sem defeito,Perfeito estado,Seca,Perfeito estado,Faixa de pedestre,Não há placas,,Única,Faixa seccionada,,,446,202205246
2022-03-10,00:00:00,COM VÍTIMA,FINALIZADA,AFOGADOS,AV SUL,4,1562,RUA OSCAR MELO,EM FRENTE OFICINA MOTO PEÇAS,,,,AFOGADOS,QUEDA,,0,1,0,0,0,0,0,0,0,1,0,,CIDADE,Longo da via,Bom,Sem defeito,Não existente,Molhada,Perfeito estado,Não existe,Não há placas,,Única,Canteiro central,,,447,202205271
2022-03-10,00:00:00,COM VÍTIMA,FINALIZADA,ZUMBI,AV CAXANGA,0,,,EM FRENTE A PLAZA VEICULOS,,,,ZUMBI,COLISÃO COM CICLISTA,,0,0,0,1,0,1,0,0,0,1,0,274,CIDADE,Longo da via,Bom,Sem defeito,Perfeito estado,Seca,Perfeito estado,Não existe,Outras,50 km/h,Dupla,Canteiro central,,,448,202205276
2022-03-10,00:00:00,COM VÍTIMA,FINALIZADA,CASA FORTE,AV DEZESSETE DE AGOSTO,3,500,,E/F A MC DONALDS,,,,CASA FORTE,COLISÃO TRASEIRA,,1,1,0,0,0,0,0,0,0,1,0,345,SUBURBIO,Longo da via,Bom,Sem defeito,Perfeito estado,Seca,Perfeito estado,Faixa de pedestre,Outras,,Dupla,Faixa contínua,,,449,202205303
2022-03-11,00:00:00,COM VÍTIMA,FINALIZADA,SANTO ANTONIO,AV GUARARAPES,0,,AV DANTAS BARRETO,NO SEMÁFORO 015,,,,SANTO ANTÔNIO,ATROPELAMENTO DE PESSOA,,0,0,0,0,1,1,0,0,0,1,0,15,,Cruzamento,Bom,Sem defeito,Perfeito estado,Seca,Perfeito estado,Faixa de pedestre,Outras,40 km/h,Dupla,Canteiro central,,,450,202205304
2022-03-10,00:00:00,COM VÍTIMA,FINALIZADA,BOA VIAGEM,AV ENGENHEIRO DOMINGOS FERREIRA,4,2284,RUA DONA BENVINDA DE FARIAS,EM FRENTE À FARMÁCIA PAGUE MENOS,,,,BOA VIAGEM,COLISÃO TRASEIRA,,3,0,0,0,0,0,0,0,0,1,0,139,SUBURBIO,Cruzamento,Bom,Sem defeito,Perfeito estado,Seca,Perfeito estado,Faixa de pedestre,R-4a,,Única,Canteiro central,,,451,202205310
2022-03-10,00:00:00,COM VÍTIMA,FINALIZADA,CAMPO GRANDE,RUA CATULO DA PAIXAO CEARENSE,3,480,RUA PROFESSOR FRANCISCO DA TRINDADE,E/F A FERREIRA ATELIER E GALERIA,,,,CAMPO GRANDE,COLISÃO LATERAL,,1,1,0,0,0,0,0,0,0,2,0,,CIDADE,Cruzamento,Bom,Não existe,Perfeito estado,Seca,Perfeito estado,Faixa de pedestre,"Placas ""Pare""",,Dupla,,,,452,202205311
2022-03-10,00:00:00,COM VÍTIMA,FINALIZADA,SANTO AMARO,RUA DOS PALMARES,3,263,RUA TREZE DE MAIO,PRÓX AO INSS,,,,SANTO AMARO,COLISÃO COM CICLISTA,,1,0,0,1,0,0,0,0,0,1,0,30,CIDADE,,Chuvoso,Sem defeito,Perfeito estado,Molhada,Perfeito estado,Faixa de pedestre,Outras,,Dupla,Canteiro central,,,454,202205355
2022-03-11,00:00:00,COM VÍTIMA,FINALIZADA,BOA VISTA,RUA GERVASIO PIRES,0,,AV MANOEL BORBA,CRUZAMENTO DAS VIAS EM REFERÊNCIA,,,,BOA VISTA,COLISÃO TRANSVERSAL,,0,0,0,0,0,2,0,0,0,1,0,169,SUBURBIO,Cruzamento,Bom,Com defeito,Perfeito estado,Seca,Perfeito estado,Faixa de pedestre,R-6a,,Única,Faixa seccionada,,,455,202205367
2022-03-11,00:00:00,COM VÍTIMA,FINALIZADA,ESPINHEIRO,RUA GOMES PACHECO,3,239,RUA AFONSO BATISTA,EM FRENTE A OFINA MECANICA,,,,ESPINHEIRO,COLISÃO TRANSVERSAL,,1,1,0,0,0,0,0,0,0,1,0,,CIDADE,Cruzamento,Bom,Não existe,Ilegível,Seca,Mal conservada,Não existe,"Placas ""Pare""",,Dupla,Não existe,,,457,202205402
2022-03-11,00:00:00,COM VÍTIMA,FINALIZADA,CAXANGA,AV CAXANGA,0,,,EM FRENTE A ACADEMIA TOP FIT/ SENTIDO CIDADE,,,,CAXANGÁ,COLISÃO TRASEIRA,,2,1,0,0,0,0,0,0,0,1,0,,CIDADE,Longo da via,Bom,Não existe,Perfeito estado,Seca,Perfeito estado,Não existe,Não há placas,,Dupla,Canteiro central,,,458,202205421
2022-03-11,00:00:00,COM VÍTIMA,FINALIZADA,PINA,AV ENGENHEIRO DOMINGOS FERREIRA,4,1183,RUA ANTONIO PEDRO DE FIGUEIREDO,EM FRENTE AO GRUPO PARVI E PROXIMO AO BANCO ITAU,,,,PINA,COLISÃO TRASEIRA,,1,1,0,0,0,0,0,0,0,1,0,324,SUBURBIO,Cruzamento,Bom,Sem defeito,Perfeito estado,Seca,Perfeito estado,Faixa de pedestre,Não há placas,60 km/h,Única,Faixa contínua,Canteiro central,,459,202205423
2022-03-11,00:00:00,COM VÍTIMA,FINALIZADA,BOA VIAGEM,RUA VISCONDE DE JEQUITINHONHA,0,,,LADO OPOSTO AO EDIFICIO COSTA ATLANTICA E PROXIMO AO KUMON,,,,BOA VIAGEM,COLISÃO TRASEIRA,,1,1,0,0,0,0,0,0,0,1,0,,SUBURBIO,Longo da via,Bom,Não existe,Não existente,Seca,Perfeito estado,Não existe,Não há placas,,Única,Faixa seccionada,,,460,202205435
2022-03-11,00:00:00,COM VÍTIMA,FINALIZADA,CORDEIRO,AV INACIO MONTEIRO,0,,RUA DR MIGUEL VIEIRA FERREIRA,E/F A FARMACIA DROGARIA CORDEIRO,,,,CORDEIRO,COLISÃO FRONTAL,,1,1,0,0,0,0,0,0,0,1,0,566,SUBURBIO,Cruzamento,Bom,Sem defeito,Incompleta,Seca,Perfeito estado,Faixa de pedestre,Não há placas,,Dupla,Faixa contínua,,,461,202205457
2022-03-11,00:00:00,COM VÍTIMA,FINALIZADA,VARZEA,AV PROFESSOR ARTUR DE SA,4,1190,,PRÓXIMO AO CEMITÉRIO DA VÁRZEA,,,,VÁRZEA,COLISÃO TRANSVERSAL,,1,1,0,0,0,0,0,0,0,1,0,,CIDADE,Longo da via,Bom,Não existe,Perfeito estado,Seca,Perfeito estado,Não existe,Não há placas,,Dupla,Faixa contínua,,,462,202205466
2022-03-12,00:00:00,COM VÍTIMA,FINALIZADA,BARRO,AV DR JOSE RUFINO,4,2365,,EM FRENTE A IGREJA DO BARRO,,,,BARRO,COLISÃO FRONTAL,,1,1,0,0,0,0,0,0,0,2,0,,SUBURBIO,Longo da via,Bom,Não existe,Incompleta,Seca,Perfeito estado,Não existe,Outras,,Dupla,Não existe,,,463,202205499
2022-03-12,00:00:00,COM VÍTIMA,FINALIZADA,TORREAO,RUA DJALMA FARIAS,3,365,RUA OTHON PARAISO,EM FRENTE AO DELICIA DO AÇAI,,,,TORREÃO,COLISÃO COM CICLISTA,,1,0,0,1,0,0,0,0,0,1,0,,SUBURBIO,Cruzamento,Bom,Não existe,Incompleta,Seca,Perfeito estado,Não existe,Outras,,Dupla,Canteiro central,,,464,202205505
2022-03-12,00:00:00,COM VÍTIMA,FINALIZADA,MACAXEIRA,AV NORTE MIGUEL ARRAES DE ALENCAR,0,,,PROX A INTEGRAÇAO DA MACAXEIRA  S/T  SUB,,,,MACAXEIRA,COLISÃO LATERAL,,1,1,0,0,0,0,0,0,0,1,0,,,,,,,,,,,,,,,,466,202205523
2022-03-13,00:00:00,COM VÍTIMA,FINALIZADA,BOA VIAGEM,RUA RIBEIRO DE BRITO,4,1002,RUA TENENTE DOMINGOS DE BRITO,PROX A DROGASIL,,,,BOA VIAGEM,COLISÃO TRANSVERSAL,,1,0,0,0,0,1,0,0,0,1,0,,CIDADE,Cruzamento,Chuvoso,Sem defeito,Perfeito estado,Molhada,Perfeito estado,Faixa de pedestre,Outras,,Única,Faixa seccionada,,,469,202205557
2022-03-13,00:00:00,COM VÍTIMA,FINALIZADA,CAMPO GRANDE,RUA JERONIMO VILELA,3,409,RUA FRANKLIN TAVORA,CRUZAMENTO DA VIA,,,,CAMPO GRANDE,COLISÃO TRANSVERSAL,,0,2,0,0,0,0,0,0,0,2,0,282,CIDADE,Cruzamento,Bom,Sem defeito,Perfeito estado,Seca,Perfeito estado,Faixa de pedestre,R-6a,,Dupla,Faixa contínua,Faixa seccionada,,470,202205586
2022-03-13,00:00:00,VÍTIMA FATAL,FINALIZADA,APIPUCOS,RUA DOIS IRMAOS,3,389,,,,,,APIPUCOS,COLISÃO COM CICLISTA,,0,0,0,1,0,1,0,0,0,0,1,535,SUBURBIO,Longo da via,Bom,Sem defeito,Perfeito estado,Seca,Perfeito estado,Faixa de pedestre,Outras,60 km/h,Dupla,Faixa contínua,Faixa seccionada,,471,202205592
2022-03-13,00:00:00,COM VÍTIMA,FINALIZADA,IBURA,AV DOIS RIOS,0,,,AO LADO DA PAGUE MENOS/ PRÓX AO SEMÁFORO 323,,,,IBURA,COLISÃO TRANSVERSAL,,1,1,0,0,0,0,0,0,0,1,0,,SUBURBIO,Longo da via,Bom,Não existe,Perfeito estado,Seca,Perfeito estado,Não existe,Não há placas,,Dupla,Faixa seccionada,,,473,202205608
2022-03-14,00:00:00,COM VÍTIMA,FINALIZADA,MUSTARDINHA,RUA VINTE E UM DE ABRIL,4,1321,,PRÓXIMO A ROCK PIZZA,,,,MUSTARDINHA,COLISÃO TRANSVERSAL,,1,1,0,0,0,0,0,0,0,1,0,,SUBURBIO,Longo da via,Chuvoso,Sem defeito,Perfeito estado,Molhada,Perfeito estado,Não existe,Não há placas,,Dupla,Faixa seccionada,,,474,202205621
2022-03-14,00:00:00,COM VÍTIMA,FINALIZADA,RECIFE,AV MILITAR,0,,,EM FRENTE AO MEMORIAL DE JUSTIÇA DE PERNAMBUCO,,,,BAIRRO DO RECIFE,QUEDA,,0,1,0,0,0,0,0,0,0,1,0,,SUBURBIO,Longo da via,Bom,Não existe,Perfeito estado,Seca,Perfeito estado,Não existe,Não há placas,,Única,Faixa seccionada,,,475,202205646
2022-03-15,00:00:00,COM VÍTIMA,FINALIZADA,BARRO,AV DR JOSE RUFINO,4,2612,,E/F A ASSISNTENCIA TECNICA EM REFRIGERAÇÃO,,,,BARRO,COLISÃO TRASEIRA,,1,0,0,0,0,1,0,0,0,1,0,615,SUBURBIO,Longo da via,Bom,Sem defeito,Ilegível,Seca,Perfeito estado,Faixa de pedestre,Outras,40 km/h,Dupla,Faixa contínua,Faixa seccionada,,477,202205683
2022-03-15,00:00:00,COM VÍTIMA,FINALIZADA,AFOGADOS,RUA JOAO IVO DA SILVA,3,120,RUA PADRE TEOFILO TWORZ,E/F A TUPAN HOME CENTER,,,,AFOGADOS,COLISÃO TRANSVERSAL,,1,1,0,0,0,0,0,0,0,2,0,503,CIDADE,Cruzamento,Bom,Sem defeito,Perfeito estado,Seca,Perfeito estado,Não existe,R-32,,Dupla,Faixa contínua,Canteiro central,,478,202205697
2022-03-15,00:00:00,COM VÍTIMA,FINALIZADA,IPUTINGA,RUA SAO MATEUS,3,344,,EM FRENTE  AIGREJA UNIVERSAL,,,,IPUTINGA,COLISÃO FRONTAL,,1,1,0,0,0,0,0,0,0,1,0,,SUBURBIO,Longo da via,Bom,Não existe,Incompleta,Seca,Perfeito estado,Não existe,Não há placas,,Dupla,Não existe,,,479,202205719
2022-03-15,00:00:00,COM VÍTIMA,FINALIZADA,BOA VIAGEM,AV ENGENHEIRO DOMINGOS FERREIRA,0,,RUA FELIX DE BRITO E MELO,EM FRENTE A  CLINICA  A  MAIS,,,,BOA VIAGEM,COLISÃO TRANSVERSAL,,1,1,0,0,0,0,0,0,0,1,0,545,SUBURBIO,Cruzamento,Bom,Sem defeito,Perfeito estado,Seca,Perfeito estado,Faixa de pedestre,Outras,60 km/h,Única,Faixa contínua,,,480,202205722
2022-03-15,00:00:00,COM VÍTIMA,FINALIZADA,DOIS IRMAOS,RUA DOIS IRMAOS,0,,,EM FRENTE AO HORTO  E AO LAFEPE,,,,DOIS IRMÃOS,COLISÃO LATERAL,,1,1,0,0,0,0,0,0,0,2,0,,,Longo da via,Bom,Não existe,Não existente,Seca,Perfeito estado,Não existe,Não há placas,,Única,Não existe,,,482,202205747
2022-03-15,00:00:00,COM VÍTIMA,FINALIZADA,ESPINHEIRO,RUA BARAO DE ITAMARACA,0,,RUA DO ESPINHEIRO,EM FRENTE A DROGASIL,,,,ESPINHEIRO,COLISÃO TRANSVERSAL,,1,1,0,0,0,0,0,0,0,1,0,86,SUBURBIO,Cruzamento,Bom,Sem defeito,Perfeito estado,Seca,Perfeito estado,Faixa de pedestre,Outras,,Dupla,Faixa contínua,Faixa seccionada,,484,202205760
2022-03-15,00:00:00,COM VÍTIMA,FINALIZADA,BOA VISTA,RUA DOM BOSCO,4,1000,,E/F  RADIO RECIFE  E A CNBB,,,,BOA VISTA,COLISÃO LATERAL,,1,1,0,0,0,0,0,0,0,1,0,,CIDADE,Longo da via,Bom,Não existe,Perfeito estado,Seca,Perfeito estado,Não existe,Não há placas,,Dupla,Faixa contínua,,,485,202205764
2022-03-15,00:00:00,COM VÍTIMA,FINALIZADA,CORDEIRO,AV ENGENHEIRO ABDIAS DE CARVALHO,0,,,NO SEMAFORO 688 S/T CURADO / EF COMPAZ,,,,CORDEIRO,COLISÃO TRASEIRA,,0,2,0,0,0,0,0,0,0,1,0,688,SUBURBIO,Longo da via,Bom,Sem defeito,Perfeito estado,Seca,Perfeito estado,Faixa de retenção,Não há placas,60 km/h,Única,Faixa contínua,,,486,202205767
2022-03-16,00:00:00,COM VÍTIMA,FINALIZADA,ILHA JOANA BEZERRA,AV CENTRAL,3,S/N,,AO LADO DO  CLUBE MOCIDADE E ASSEMBLÉIA DE DEUS,,,,JOANA BEZERRA,ATROPELAMENTO DE PESSOA,,1,0,0,0,1,0,0,0,0,1,0,,SUBURBIO,Outros,Bom,Não existe,Não existente,Seca,Mal conservada,Não existe,Não há placas,,Dupla,Não existe,,,488,202205797
2022-03-16,00:00:00,COM VÍTIMA,FINALIZADA,TAMARINEIRA,RUA PADRE ROMA,0,,,APÓS A CASA JOSÉ ARAÚJO. COSTELA DO MATUTO-PRIME. LADO OPOSTO AO NÚMERO 413,,,,TAMARINEIRA,COLISÃO TRASEIRA,,0,2,0,0,0,0,0,0,0,1,0,,SUBURBIO,Longo da via,Bom,Não existe,Perfeito estado,Seca,Perfeito estado,Não existe,R-6a,,Única,Faixa seccionada,Canteiro central,,489,202205810
2022-03-16,00:00:00,COM VÍTIMA,FINALIZADA,CORDEIRO,RUA GOMES TABORDA,4,1644,RUA FIRMINO DE BARROS,EM FRENTE A BATERIA MOURA,,,,CORDEIRO,COLISÃO LATERAL,,1,1,0,0,0,0,0,0,0,2,0,,CIDADE,Cruzamento,Bom,Não existe,Incompleta,Seca,Perfeito estado,Não existe,Não há placas,,Dupla,Faixa seccionada,,,490,202205816
2022-03-16,00:00:00,COM VÍTIMA,FINALIZADA,VARZEA,AV CAXANGA,0,,,LADO OPOSTO À UPA DA CAXANGÁ,,,,VÁRZEA,COLISÃO TRASEIRA,,1,1,0,0,0,0,0,0,0,1,0,,CIDADE,Longo da via,Bom,Não existe,Perfeito estado,Seca,Perfeito estado,Faixa de pedestre,Não há placas,,Dupla,Faixa seccionada,Canteiro central,,494,202205833
2022-03-16,00:00:00,COM VÍTIMA,FINALIZADA,IPUTINGA,AV CAXANGA,0,,RUA MANOEL JOAQUIM DE ALMEIDA,LADO OPOSTO À LOJA IPUTINGA AUTOMÓVEIS,,,,IPUTINGA,COLISÃO LATERAL,,0,2,0,0,0,0,0,0,0,2,0,,SUL,Longo da via,Chuvoso,Sem defeito,Perfeito estado,Molhada,Perfeito estado,Agente,R-6a,40 km/h,Única,Não existe,,,495,202205838
2022-03-16,00:00:00,COM VÍTIMA,FINALIZADA,SANTO AMARO,AV VISCONDE DE SUASSUNA,3,775,RUA GOUVEIA DE BARROS,PROXIMO AO SENAC,,,,SANTO AMARO,COLISÃO LATERAL,,1,1,0,0,0,0,0,0,0,1,0,,SUBURBIO,Cruzamento,Bom,Não existe,Perfeito estado,Seca,Perfeito estado,Não existe,R-6a,40 km/h,,Faixa seccionada,,,496,202205845
2022-03-16,00:00:00,COM VÍTIMA,FINALIZADA,BOA VIAGEM,RUA VISCONDE DE JEQUITINHONHA,0,,,PROXIMO A PADARIA SANTO CRISTO. POSTE B007493,,,,BOA VIAGEM,COLISÃO LATERAL,,1,1,0,0,0,0,0,0,0,1,0,,SUBURBIO,Longo da via,Chuvoso,Não existe,Perfeito estado,Molhada,Perfeito estado,Não existe,Não há placas,,Única,Faixa seccionada,Canteiro central,,497,202205848
2022-03-16,00:00:00,COM VÍTIMA,FINALIZADA,ARRUDA,RUA DAS MOCAS,4,1071,RUA DA REGENERACAO,SEMÁFORO 472,,,,ARRUDA,COLISÃO FRONTAL,,1,1,0,0,0,0,0,0,0,1,0,472,CIDADE,Cruzamento,Bom,Sem defeito,Perfeito estado,Seca,Perfeito estado,Faixa de pedestre,Não há placas,30 km/h,Dupla,Não existe,,,498,202205866
2022-03-17,00:00:00,COM VÍTIMA,FINALIZADA,ILHA DO LEITE,AV GOVERNADOR AGAMENON MAGALHAES,4,4775,RUA DR JOAO ASFORA,EM FRENTE AO EMPRESARIAL TOMAS / SENTIDO OLINDA,,,,ILHA DO LEITE,ATROPELAMENTO DE PESSOA,,0,1,0,0,1,0,0,0,0,1,0,672,OLINDA,Longo da via,Bom,Sem defeito,Perfeito estado,Seca,Perfeito estado,Faixa de pedestre,Não há placas,60 km/h,Dupla,Canteiro central,,,499,202205887
2022-03-17,00:00:00,COM VÍTIMA,FINALIZADA,BOA VIAGEM,AV ENGENHEIRO DOMINGOS FERREIRA,3,315,RUA ERNESTO DE PAULA SANTOS,PROX. A FORNERIA DOM FERREIRA,,,,BOA VIAGEM,COLISÃO COM CICLISTA,,1,0,0,1,0,0,0,0,0,1,0,217,SUBURBIO,Longo da via,Bom,Sem defeito,Perfeito estado,Seca,Perfeito estado,,"Placas ""Pare""",,Dupla,Canteiro central,,,500,202205917
2022-03-17,00:00:00,COM VÍTIMA,FINALIZADA,TORROES,AV ENGENHEIRO ABDIAS DE CARVALHO,3,790,,AO LADO DA UPA DOS TORRÕES,,,,TORRÕES,ATROPELAMENTO DE PESSOA,,2,0,0,0,1,0,0,0,0,1,0,,SUBURBIO,Longo da via,Bom,Não existe,Perfeito estado,Seca,Perfeito estado,Não existe,Outras,60 km/h,Dupla,Faixa seccionada,,,501,202205934
2022-03-17,00:00:00,COM VÍTIMA,FINALIZADA,IMBIRIBEIRA,RUA SARGENTO SILVINO DE MACEDO,3,550,,POR TRAS DO SHOPPING RECIFE PROX AO COLEGIO GGE. FLOW GARAGE (OFICINA),,,,IMBIRIBEIRA,COLISÃO TRANSVERSAL,,1,1,0,0,0,0,0,0,0,2,0,,SUBURBIO,Longo da via,Bom,Não existe,Não existente,Seca,Perfeito estado,Não existe,Não há placas,,Dupla,Não existe,,,502,202205970
2022-03-18,00:00:00,COM VÍTIMA,FINALIZADA,ILHA JOANA BEZERRA,AV BEIRA RIO,0,,,SOB A PONTE JOSE DE BARROS LIMA,,,,ILHA JOANA BEZERRA,COLISÃO TRASEIRA,,0,1,0,0,0,0,1,0,0,1,0,,SUBURBIO,Longo da via,Bom,Não existe,Não existente,Seca,Perfeito estado,Não existe,Não há placas,60 km/h,Dupla,Não existe,,,503,202205992
2022-03-18,00:00:00,COM VÍTIMA,FINALIZADA,IMBIRIBEIRA,VDO PRESIDENTE TANCREDO NEVES,0,,,"DESCIDA DO VIADUTO, SENTIDO AVENIDA RECIFE",,,,IMBIRIBEIRA,COLISÃO LATERAL,,1,1,0,0,0,0,0,0,0,2,0,,SUBURBIO,Longo da via,Bom,Não existe,Perfeito estado,Seca,Perfeito estado,Não existe,Não há placas,,Dupla,Blocos,,,504,202206010
2022-03-19,00:00:00,COM VÍTIMA,FINALIZADA,PRADO,AV ENGENHEIRO ABDIAS DE CARVALHO,4,1233,,EM FRENTE A ENGEFRIO,,,,PRADO,TOMBAMENTO,,0,1,0,0,0,0,0,0,0,1,0,,CIDADE,Longo da via,Bom,Sem defeito,Perfeito estado,Molhada,Perfeito estado,Não existe,R-6a,60 km/h,Dupla,Canteiro central,,,507,202206050
2022-03-20,00:00:00,COM VÍTIMA,FINALIZADA,CASA AMARELA,EST DO ARRAIAL,0,,,EM FRENTE A IGREJA JESUS CRISTO DOS SANTOS DOS ULTIMOS DIAS,,,,CASA AMARELA,COLISÃO COM CICLISTA,,1,0,0,1,0,0,0,0,0,1,0,291,SUBURBIO,Longo da via,Bom,Sem defeito,Perfeito estado,Seca,Perfeito estado,Faixa de pedestre,Outras,,Única,,,,509,202206098
2022-03-20,00:00:00,COM VÍTIMA,FINALIZADA,BOA VIAGEM,AV CONSELHEIRO AGUIAR,3,333,,E/F A RENOVE BATERIAS. POSTE B010360,,,,BOA VIAGEM,COLISÃO LATERAL,,2,0,0,0,0,0,0,0,0,1,0,,CIDADE,Longo da via,Bom,Não existe,,Seca,Perfeito estado,Não existe,R-6a,,Única,Faixa seccionada,,,510,202206130
2022-03-20,00:00:00,COM VÍTIMA,FINALIZADA,NOVA DESCOBERTA,AV VEREADOR OTACILIO AZEVEDO,4,3018,,PROXIMO AO CAMPO DO FLUMINENSE E CASA PRIMAVERA RECEPÇÕES,,,,NOVA DESCOBERTA,COLISÃO TRANSVERSAL,,0,1,0,0,0,0,0,1,0,1,0,,SUBURBIO,Longo da via,Chuvoso,Não existe,Perfeito estado,Molhada,Perfeito estado,,,,Dupla,Faixa seccionada,,,511,202206133
2022-03-21,00:00:00,COM VÍTIMA,FINALIZADA,BOA VIAGEM,AV CELSO FURTADO,0,,,AO LADO DO RESIDENCIAL LE PARK / BIFURCAÇÃO COM VIADUTO DOM JOÃO VI,,,,BOA VIAGEM,COLISÃO TRASEIRA,,1,1,0,0,0,0,0,0,0,1,0,,SUBURBIO,Longo da via,Bom,Não existe,Perfeito estado,Seca,Perfeito estado,Não existe,R-6a,60 km/h,Dupla,Canteiro central,,,513,202206152
2022-03-21,00:00:00,COM VÍTIMA,FINALIZADA,SANTO AMARO,AV GOVERNADOR AGAMENON MAGALHAES,0,,,EN  FRENTE A UPE / SENT OLINDA. ANTES DO SEMÁFORO 684,,,,SANTO AMARO,COLISÃO LATERAL,,1,1,0,0,0,0,0,0,0,1,0,684,OLINDA,Longo da via,Bom,Sem defeito,Perfeito estado,Seca,Perfeito estado,,,,Dupla,Faixa seccionada,Canteiro central,,514,202206154
2022-03-21,00:00:00,COM VÍTIMA,FINALIZADA,IPSEP,AV RECIFE,4,2528,RUA ADERBAL DE MELO,SENTIDO CEASA. LADO OPOSTO AO ATACAMAX 2528,,,,IPSEP,ATROPELAMENTO DE PESSOA,,0,1,0,0,1,0,0,0,0,2,0,,BR-101,Longo da via,Bom,Não existe,Não existente,Seca,Perfeito estado,Não existe,Não há placas,,Dupla,Canteiro central,,,515,202206155
2022-03-21,00:00:00,COM VÍTIMA,FINALIZADA,ILHA DO RETIRO,RUA SPORT CLUBE DO RECIFE,0,,,EM FRENTE A LOJA OFICIAL DO SPORTE CLUBE,,,,ILHA DO RETIRO,COLISÃO LATERAL,,1,1,0,0,0,0,0,0,0,1,0,367,CIDADE,Longo da via,Bom,Sem defeito,Perfeito estado,Seca,Perfeito estado,Faixa de pedestre,Não há placas,,Dupla,Canteiro central,,,518,202206169