data,hora,natureza_acidente,situacao,bairro,endereco,,numero,detalhe_endereco_acidente,complemento,endereco_cruzamento,numero_cruzamento,referencia_cruzamento,bairro_cruzamento,tipo,descricao,auto,moto,ciclom,ciclista,pedestre,onibus,caminhao,viatura,outros,vitimas,vitimasfatais,num_semaforo,sentido_via,acidente_verificado,tempo_clima,situacao_semaforo,sinalizacao,condicao_via,conservacao_via,ponto_controle,situacao_placa,velocidade_max_via,mao_direcao,divisao_via1,divisao_via2,divisao_via3,_id,Protocolo
2022-03-21,00:00:00,COM VÍTIMA,FINALIZADA,BOA VIAGEM,AV BOA VIAGEM,3,306,,EM FRENTE AO EDIFICIO VERDE MAR,,,,BOA VIAGEM,COLISÃO TRASEIRA,,3,0,0,0,0,0,0,0,0,1,0,119,CIDADE,Longo da via,Bom,Sem defeito,Perfeito estado,Seca,Perfeito estado,Faixa de pedestre,R-4a,,Única,Faixa contínua,,,519,202206181
2022-03-21,00:00:00,COM VÍTIMA,FINALIZADA,SAN MARTIN,AV JOAO CABRAL DE MELO NETO,4,2702,RUA TENENTE MINDELO,APOS  O GIRADOURO DA PRAÇA DE SAN MARTIN S/T AV RECIFE,,,,SAN MARTIN,COLISÃO LATERAL,,1,1,0,0,0,0,0,0,0,2,0,250,SUBURBIO,Esquina,Chuvoso,Sem defeito,Perfeito estado,Molhada,Perfeito estado,Faixa de pedestre,Outras,60 km/h,Dupla,Faixa contínua,Faixa seccionada,Canteiro central,520,202206201
2022-03-21,00:00:00,COM VÍTIMA,FINALIZADA,IMBIRIBEIRA,AV MARECHAL MASCARENHAS DE MORAES,4,2967,RUA ITACARE,EM FRENTE À FERREIRA COSTA / BANCO  DO BRASIL.,,,,IMBIRIBEIRA,COLISÃO LATERAL,,1,1,0,0,0,0,0,0,0,1,0,386,CIDADE,Longo da via,Bom,Sem defeito,Perfeito estado,Seca,Perfeito estado,Outros,Outras,,Única,Faixa seccionada,,,521,202206209
2022-03-21,00:00:00,COM VÍTIMA,FINALIZADA,FUNDAO,AV BEBERIBE,4,2616,,E/F AO COLEGIO PEDRO ALGUSTO,,,,FUNDÃO,ATROPELAMENTO DE PESSOA,,1,0,0,0,1,0,0,0,0,1,0,,SUBURBIO,Longo da via,Chuvoso,Não existe,Perfeito estado,Molhada,Perfeito estado,Não existe,Não há placas,,Dupla,Faixa seccionada,,,523,202206219
2022-03-22,00:00:00,COM VÍTIMA,FINALIZADA,ZUMBI,RUA SOUZA BANDEIRA,0,,RUA TOMAZ GONZAGA,NA ESQUINA DO COLÉGIO LUBIESKA,,,,ZUMBI,COLISÃO FRONTAL,,1,1,0,0,0,0,0,0,0,1,0,448,CIDADE,Cruzamento,Chuvoso,Sem defeito,Perfeito estado,Molhada,Perfeito estado,Faixa de pedestre,Outras,,Única,Outros,,,525,202206245
2022-03-22,00:00:00,COM VÍTIMA,FINALIZADA,IBURA,RUA EXP FRANCISCO VITORIANO,2,98,,EM FRENTE AO SUPERMECADO TREVO E ALBANY CONFECÇÕES,,,,IBURA,COLISÃO LATERAL,,1,1,0,0,0,0,0,0,0,1,0,,SUBURBIO,Longo da via,Chuvoso,Não existe,Perfeito estado,Molhada,Perfeito estado,Não existe,R-6a,30 km/h,Dupla,Faixa seccionada,,,526,202206246
2022-03-22,00:00:00,COM VÍTIMA,FINALIZADA,SAO JOSE,RUA IMPERIAL,4,2194,,E/F AO MOTEL LUA DE MEL,,,,SÃO JOSÉ,COLISÃO LATERAL,,1,1,0,0,0,0,0,0,0,1,0,,SUBURBIO,Longo da via,Bom,Não existe,Perfeito estado,Molhada,Perfeito estado,Não existe,Não há placas,,Única,Não existe,,,528,202206312
2022-03-22,00:00:00,COM VÍTIMA,FINALIZADA,AGUA FRIA,RUA SAO SEBASTIAO,3,130,,"POR TRÁS DO GIGANTE DOI SAMBA,  EM FRENTE AO ESPETINHO DA NEIDE",,,,ÁGUA FRIA,COLISÃO COM CICLISTA,,1,0,0,1,0,0,0,0,0,1,0,,SUBURBIO,Longo da via,Chuvoso,Não existe,Perfeito estado,Molhada,Perfeito estado,Não existe,Não há placas,,Dupla,Faixa contínua,,,530,202206324
2022-03-22,00:00:00,COM VÍTIMA,FINALIZADA,PARNAMIRIM,RUA LEONARDO BEZERRA CAVALCANTE,3,587,RUA JOAO TUDE DE MELO,MUNDO PET,,,,PARNAMIRIM,COLISÃO LATERAL,,1,1,0,0,0,0,0,0,0,1,0,,,Longo da via,Chuvoso,Não existe,Perfeito estado,Molhada,Perfeito estado,Não existe,Outras,,,Não existe,,,531,202206337
2022-03-23,00:00:00,COM VÍTIMA,FINALIZADA,BOA VIAGEM,RUA JORNALISTA FRANCISCO ALMEIDA,0,,AV CONSELHEIRO AGUIAR,PROX. AO POSTO POLICIAL E PRAÇA CIDADE DO PORTO,,,,BOA VIAGEM,COLISÃO COM CICLISTA,,1,0,0,1,0,0,0,0,0,1,0,,,,,,,,,,,,,,,,532,202206345
2022-03-23,00:00:00,COM VÍTIMA,FINALIZADA,SANTO ANTONIO,AV MARTINS DE BARROS,0,,,EM FRENTE A SECRETÁRIA DA FAZENDA,,,,SANTO ANTÔNIO,CHOQUE,,3,0,0,0,0,0,0,0,0,1,0,,,Longo da via,Bom,Sem defeito,Perfeito estado,Seca,Perfeito estado,Faixa de pedestre,Não há placas,,Única,Faixa seccionada,,,533,202206347
2022-03-23,00:00:00,COM VÍTIMA,FINALIZADA,DERBY,AV GOVERNADOR CARLOS DE LIMA CAVALCANTI,3,229,AV GOVERNADOR AGAMENON MAGALHAES,LADO OPOSTO AO MC'DONALDS,,,,DERBY,ATROPELAMENTO DE PESSOA,,0,0,0,0,1,1,0,0,0,1,0,75,CIDADE,Cruzamento,Bom,Sem defeito,Perfeito estado,Seca,Perfeito estado,Faixa de pedestre,Não há placas,40 km/h,Dupla,Canteiro central,,,535,202206379
2022-03-23,00:00:00,COM VÍTIMA,FINALIZADA,BOA VIAGEM,RUA VISCONDE DE JEQUITINHONHA,4,1656,RUA JOSE MOREIRA LEAL,PROX AO POSTO DE GASOLINA  SEM BANDEIRA,,,,BOA VIAGEM,COLISÃO LATERAL,,1,1,0,0,0,0,0,0,0,1,0,,SUBURBIO,Cruzamento,Chuvoso,Não existe,Perfeito estado,Molhada,Perfeito estado,Não existe,Não há placas,30 km/h,Única,Faixa seccionada,Canteiro central,,536,202206397
2022-03-23,00:00:00,COM VÍTIMA,FINALIZADA,SANTO AMARO,RUA DO POMBAL,0,,PRC DO CAMPO SANTO,AO LADO DA DELAGIA DA MULHER,,,,SANTO AMARO,COLISÃO LATERAL,,1,1,0,0,0,0,0,0,0,1,0,,SUBURBIO,Longo da via,Chuvoso,Não existe,Perfeito estado,Molhada,Perfeito estado,,,,,,,,538,202206437
2022-03-23,00:00:00,COM VÍTIMA,FINALIZADA,IMBIRIBEIRA,AV MARECHAL MASCARENHAS DE MORAES,3,898,RUA OLIVIA MENELAU,"E/F A GRILO FLORES,",,,,IMBIRIBEIRA,COLISÃO LATERAL,,1,1,0,0,0,0,0,0,0,1,0,396,SUBURBIO,Longo da via,Bom,Sem defeito,Perfeito estado,Seca,Perfeito estado,Faixa de pedestre,Não há placas,,Única,Faixa contínua,,,539,202206440
2022-03-23,00:00:00,COM VÍTIMA,FINALIZADA,COQUEIRAL,RUA APRIGIO GUIMARAES,0,,RUA MATOSO DA CAMARA,PROX AO HOSPITAL OTAVIO DE FREITAS,,,,COQUEIRAL,COLISÃO TRANSVERSAL,,1,1,0,0,0,0,0,0,0,1,0,,,Cruzamento,Chuvoso,Não existe,Perfeito estado,Molhada,Perfeito estado,Faixa de retenção,Não há placas,,Dupla,Não existe,,,541,202206451
2022-03-24,00:00:00,COM VÍTIMA,FINALIZADA,ILHA DO RETIRO,AV ENGENHEIRO ABDIAS DE CARVALHO,0,,EST DOS REMEDIOS,PRÓX À FARMÁCIA DROGASIL,,,,ILHA DO RETIRO,QUEDA,,0,1,0,0,0,0,0,0,0,1,0,52,SUBURBIO,Cruzamento,Chuvoso,Sem defeito,Perfeito estado,Molhada,Perfeito estado,Faixa de pedestre,Não há placas,60 km/h,Dupla,Canteiro central,,,542,202206484
2022-03-24,00:00:00,COM VÍTIMA,FINALIZADA,CASA AMARELA,AV NORTE MIGUEL ARRAES DE ALENCAR,4,6465,,E/F A MATERNIDADE BARROS LIMA S/T CID,,,,CASA AMARELA,ATROPELAMENTO DE PESSOA,,0,1,0,0,1,0,0,0,0,2,0,256,CIDADE,Longo da via,Chuvoso,Sem defeito,Perfeito estado,Molhada,Perfeito estado,Faixa de pedestre,R-6a,40 km/h,Dupla,Canteiro central,,,543,202206489
2022-03-22,00:00:00,COM VÍTIMA,FINALIZADA,BOA VISTA,RUA DOS PALMARES,3,130,,,,,,BOA VISTA,CAPOTAMENTO,,0,1,0,0,0,0,0,0,0,1,0,,SUBURBIO,Longo da via,Chuvoso,Não existe,Incompleta,Molhada,Outros,Não existe,Não há placas,,Única,Faixa seccionada,,,544,202206492
2022-03-24,00:00:00,COM VÍTIMA,FINALIZADA,CAMPO GRANDE,RUA ODORICO MENDES,3,292,,PROX AO CLUBE DAS PAS,,,,CAMPO GRANDE,COLISÃO TRANSVERSAL,,2,2,0,0,0,0,0,0,0,1,0,,SUBURBIO,Longo da via,Bom,Não existe,Perfeito estado,Seca,Perfeito estado,Não existe,R-6a,,Dupla,Faixa seccionada,,,545,202206531
2022-03-24,00:00:00,COM VÍTIMA,FINALIZADA,BOA VIAGEM,RUA TENENTE JOAO CICERO,0,,,PROX A VIA MANGUE,,,,BOA VIAGEM,COLISÃO LATERAL,,1,1,0,0,0,0,0,0,0,1,0,,CIDADE,Esquina,Bom,Não existe,Perfeito estado,Seca,Perfeito estado,,Outras,60 km/h,Única,,,,546,202206536
2022-03-25,00:00:00,COM VÍTIMA,FINALIZADA,PINA,AV CELSO FURTADO,3,508,,EMBAIXO DA PASSARELA DO SHOPPING RIOMAR,,,,PINA,COLISÃO TRASEIRA,,1,1,0,0,0,0,0,0,0,1,0,,SUBURBIO,Longo da via,Bom,Não existe,Perfeito estado,Seca,Perfeito estado,Não existe,Não há placas,60 km/h,Única,Faixa seccionada,Canteiro central,,548,202206556
2022-03-25,00:00:00,COM VÍTIMA,FINALIZADA,PINA,PTE GOVERNADOR PAULO GUERRA,0,,,"INICIO DA VIA MANGUE, SENT. BOA VIAGEM",,,,PINA,COLISÃO LATERAL,,1,1,0,0,0,0,0,0,0,1,0,,SUBURBIO,Ponte,Bom,Não existe,Perfeito estado,Seca,Perfeito estado,Não existe,Outras,60 km/h,Dupla,Faixa contínua,,,549,202206558
2022-03-25,00:00:00,COM VÍTIMA,FINALIZADA,ILHA JOANA BEZERRA,PTE JOSE DE BARROS LIMA,0,,AV GOVERNADOR AGAMENON MAGALHAES,"ACIDENTE COM VÍTIMA, ENVOLVENDO CICLISTA, NO SENTIDO PAISSANDU / ILHA DO LEITE. SAMU NO LOCAL PRESTANDO SOCORRO.  EQUIPE DE BAT DA CTTU EM DESLOCAMENTO",,,,ILHA JOANA BEZERRA,QUEDA,,0,0,0,1,0,0,0,0,0,1,0,,SUBURBIO,Viaduto,Bom,Não existe,Perfeito estado,Seca,Perfeito estado,Não existe,Não há placas,60 km/h,Dupla,Canteiro central,,,550,202206560
2022-03-25,00:00:00,COM VÍTIMA,FINALIZADA,CASA AMARELA,AV NORTE MIGUEL ARRAES DE ALENCAR,0,,,EM FRENTE A UPINHA,,,,CASA AMARELA,COLISÃO TRASEIRA,,1,1,0,0,0,0,0,0,0,1,0,,CIDADE,Longo da via,Bom,Não existe,Não existente,Seca,Perfeito estado,Não existe,Não há placas,60 km/h,Dupla,Canteiro central,,,551,202206565
2022-03-25,00:00:00,COM VÍTIMA,FINALIZADA,CASA AMARELA,RUA DA HARMONIA,2,89,,NA RUA DA FARMÁCIA BOM JESUS // 50 METROS ANTES DA BR TECNOLOGIA,,,,CASA AMARELA,COLISÃO LATERAL,,1,1,0,0,0,0,0,0,0,1,0,,CIDADE,Longo da via,Bom,Não existe,Perfeito estado,Seca,Perfeito estado,Não existe,Outras,30 km/h,,Não existe,,,553,202206578
2022-03-25,00:00:00,COM VÍTIMA,FINALIZADA,SANCHO,AV LIBERDADE,4,1259,AV TEMPO FELIZ,EM FRENTE A OFINA PLANALTO PEÇAS E PROXIMO AO PARQUE DAS FLORES,,,,SANCHO,COLISÃO LATERAL,,1,1,0,0,0,0,0,0,0,1,0,,SUBURBIO,Cruzamento,Bom,Não existe,Ilegível,Seca,Perfeito estado,Faixa de retenção,Não há placas,,Dupla,Não existe,,,554,202206605
2022-03-25,00:00:00,COM VÍTIMA,FINALIZADA,CAMPO GRANDE,RUA ODORICO MENDES,3,123,,PRÓX. AO COLÉGIO JESUS CRUCIFICADO.,,,,CAMPO GRANDE,COLISÃO FRONTAL,,1,1,0,0,0,0,0,0,0,1,0,,SUBURBIO,Longo da via,Bom,Não existe,Perfeito estado,Seca,Perfeito estado,Não existe,Não há placas,,Dupla,Canteiro central,,,555,202206628
2022-03-26,00:00:00,COM VÍTIMA,FINALIZADA,BOA VIAGEM,AV CONSELHEIRO AGUIAR,0,,RUA TOME GIBSON,,,,,BOA VIAGEM,COLISÃO FRONTAL,,2,1,0,0,0,0,0,0,0,1,0,2,SUBURBIO,Cruzamento,Bom,Sem defeito,Perfeito estado,Seca,Perfeito estado,Faixa de retenção,Não há placas,,Única,Faixa seccionada,,,557,202206652
2022-03-26,00:00:00,COM VÍTIMA,FINALIZADA,VARZEA,AV CAXANGA,0,,,EM FRENTE AO GOLF CLUB,,,,VÁRZEA,COLISÃO TRANSVERSAL,,1,1,0,0,0,0,0,0,0,1,0,609,SUBURBIO,Longo da via,Bom,Sem defeito,Perfeito estado,Seca,Perfeito estado,Faixa de pedestre,Não há placas,60 km/h,Única,Faixa contínua,Faixa seccionada,Canteiro central,558,202206653
2022-03-26,00:00:00,COM VÍTIMA,FINALIZADA,BOA VIAGEM,AV BOA VIAGEM,4,6592,RUA PADRE LEANDRO CAMELO,EDIF. PORTO DE ALEXANDRIA,,,,BOA VIAGEM,COLISÃO LATERAL,,1,1,0,0,0,0,0,0,0,1,0,190,CIDADE,Longo da via,Bom,Sem defeito,Perfeito estado,Seca,Perfeito estado,Faixa de retenção,Não há placas,,Única,Faixa contínua,,,560,202206671
2022-03-26,00:00:00,COM VÍTIMA,FINALIZADA,DOIS IRMAOS,RUA MANUEL DE MEDEIROS,3,S/N,,EM FRENTE AO  CEGOE,,,,DOIS IRMÃOS,ATROPELAMENTO DE PESSOA,,0,1,0,0,1,0,0,0,0,2,0,224,CIDADE,Longo da via,Chuvoso,Sem defeito,Incompleta,Molhada,Perfeito estado,Não existe,Outras,40 km/h,Dupla,Faixa seccionada,,,562,202206675
2022-03-26,00:00:00,COM VÍTIMA,FINALIZADA,TORRE,RUA JOSE BONIFACIO,4,1143,RUA MARCOS ANDRE,AO DO CARREFOUR,,,,TORRE,COLISÃO LATERAL,,1,1,0,0,0,0,0,0,0,1,0,487,CIDADE,Cruzamento,Bom,Sem defeito,Perfeito estado,Seca,Perfeito estado,Faixa de pedestre,R-6a,,Única,Faixa seccionada,,,563,202206686
2022-03-26,00:00:00,COM VÍTIMA,FINALIZADA,BOA VIAGEM,AV CONSELHEIRO AGUIAR,4,4599,RUA DOM JOSE LOPES,PROX AO SUPERMERCADO EXTRA,,,,BOA VIAGEM,COLISÃO TRANSVERSAL,,0,1,0,0,0,1,0,0,0,1,0,,CIDADE,Longo da via,Bom,Não existe,Perfeito estado,Seca,Perfeito estado,,Outras,,Única,Faixa seccionada,,,564,202206716
2022-03-27,00:00:00,COM VÍTIMA,FINALIZADA,ESTANCIA,AV ESTANCIA,2,80,RUA MORAIS E SILVA,PRÓX À ESTAÇÃO SANTA LUZIA,,,,ESTÂNCIA,COLISÃO TRANSVERSAL,,1,1,0,0,0,0,0,0,0,1,0,,SUBURBIO,Cruzamento,Bom,Não existe,Perfeito estado,Seca,Perfeito estado,Não existe,Não há placas,,Única,Não existe,,,565,202206750
2022-03-28,00:00:00,COM VÍTIMA,FINALIZADA,DOIS UNIDOS,AV HILDEBRANDO DE VASCONCELOS,4,963A,RUA SIMPLICIO MENDES,PRÓXIMO AO CIPCÃES PM/PE,,,,DOIS UNIDOS,CHOQUE,,1,0,0,0,0,1,0,0,0,1,0,,SUBURBIO,Longo da via,Chuvoso,Não existe,Incompleta,Molhada,Mal conservada,Não existe,Outras,,Dupla,Faixa seccionada,,,566,202206771
2022-03-28,00:00:00,COM VÍTIMA,FINALIZADA,ENCRUZILHADA,RUA AMARO COUTINHO,3,380,RUA PROFESSOR OTAVIO DE FREITAS,RUA DO BAR DO TONHÃO,,,,ENCRUZILHADA,COLISÃO LATERAL,,2,0,0,0,0,0,0,0,0,1,0,,,,,,,,,,,,,,,,569,202206817
2022-03-28,00:00:00,COM VÍTIMA,FINALIZADA,TORROES,AV ENGENHEIRO ABDIAS DE CARVALHO,3,603,,PROX A DLP E/F AO POSTO SHELL  S/T CID,,,,TORRÕES,COLISÃO COM CICLISTA,,1,0,0,1,0,0,0,0,0,1,0,,CIDADE,Longo da via,Bom,Não existe,Perfeito estado,Seca,Perfeito estado,Não existe,Outras,60 km/h,Dupla,Canteiro central,,,570,202206841
2022-03-28,00:00:00,COM VÍTIMA,FINALIZADA,BARRO,RUA AMADOR ARAUJO,3,135,RUA DA ESPERANCA,COM A RUA DA ESPERANÇA,,,,BARRO,COLISÃO TRANSVERSAL,,0,2,0,0,0,0,0,0,0,2,0,,,Cruzamento,Bom,,Perfeito estado,Seca,Perfeito estado,Não existe,Não há placas,,Única,,,,571,202206852
2022-03-29,00:00:00,COM VÍTIMA,FINALIZADA,ARRUDA,AV BEBERIBE,4,1303,,LADO OPOSTO AO ARMAZEM CORAL,,,,ARRUDA,ATROPELAMENTO DE PESSOA,,0,1,0,0,1,0,0,0,0,1,0,,CIDADE,Longo da via,Bom,Não existe,Perfeito estado,Seca,Perfeito estado,Não existe,Não há placas,60 km/h,Dupla,Faixa contínua,,,573,202206896
2022-03-29,00:00:00,COM VÍTIMA,FINALIZADA,IBURA,LAD DA COHAB,2,42,,PROXIMO A POLICLINICA,,,,IBURA,QUEDA,,0,1,0,0,0,0,0,0,0,1,0,,CIDADE,Longo da via,Chuvoso,Não existe,Ilegível,Molhada,Perfeito estado,Não existe,Não há placas,,Dupla,Não existe,,,574,202206903
2022-03-29,00:00:00,COM VÍTIMA,FINALIZADA,SANTO AMARO,RUA COELHO LEITE,3,570,,LATERAL DA ANTIGA CTTU / BATEDOR CARLOS LIMA MOTO 05 NO QTH,,,,SANTO AMARO,CHOQUE,,1,1,0,0,0,0,0,0,0,1,0,,SUBURBIO,Longo da via,Bom,Não existe,Incompleta,Seca,,,,,Dupla,Não existe,,,575,202206913
2022-03-29,00:00:00,COM VÍTIMA,FINALIZADA,IPSEP,AV RECIFE,3,616,RUA GONCALVES DE MAGALHAES,AO LADO DO RESTAURANTE SAL E BRASA,,,,IPSEP,QUEDA,,0,1,0,0,0,0,0,0,0,1,0,393,SUBURBIO,Longo da via,Bom,Sem defeito,Perfeito estado,Seca,Perfeito estado,Não existe,R-4a,,Dupla,Faixa contínua,,,576,202206915
2022-03-29,00:00:00,COM VÍTIMA,FINALIZADA,BOA VIAGEM,AV ENGENHEIRO DOMINGOS FERREIRA,4,1274,,E/F AO CANAL DA CONSTRUÇÃO & CONDOMÍNIOS. PISTA OESTE.,,,,BOA VIAGEM,ATROPELAMENTO DE PESSOA,,1,0,0,0,1,0,0,0,0,1,0,,SUBURBIO,Longo da via,Bom,Não existe,Perfeito estado,Seca,Perfeito estado,Não existe,Não há placas,,Única,Faixa contínua,Faixa seccionada,,577,202206921
2022-03-29,00:00:00,COM VÍTIMA,FINALIZADA,IPSEP,RUA POTENGI,2,87,RUA ARARAQUARA,REF: PRAÇA DA MAURICEIA,,,,IPSEP,COLISÃO COM CICLISTA,,0,1,0,1,0,0,0,0,0,1,0,,SUBURBIO,Cruzamento,Bom,Não existe,Incompleta,Seca,Perfeito estado,Não existe,Não há placas,,Única,Não existe,,,580,202206961
2022-03-30,00:00:00,COM VÍTIMA,FINALIZADA,BOA VIAGEM,AV BOA VIAGEM,4,6732,RUA BRIGADEIRO CYRO,APÓS O CLUB DA AERONÁUTICA,,,,BOA VIAGEM,COLISÃO LATERAL,,1,1,0,0,0,0,0,0,0,1,0,,CIDADE,Longo da via,Bom,Não existe,Perfeito estado,Seca,Perfeito estado,Não existe,Não há placas,60 km/h,Única,Faixa seccionada,,,582,202206984
2022-03-30,00:00:00,COM VÍTIMA,FINALIZADA,SANTO AMARO,AV CRUZ CABUGA,0,,,EM FRENTE AO HOSPITAL NAVAL,,,,SANTO AMARO,ATROPELAMENTO DE PESSOA,,0,1,0,0,1,0,0,0,0,2,0,,SUBURBIO,Longo da via,Bom,Não existe,Perfeito estado,Seca,Perfeito estado,Não existe,Não há placas,60 km/h,Dupla,Faixa contínua,,,583,202206996
2022-03-30,00:00:00,COM VÍTIMA,FINALIZADA,ILHA DO LEITE,RUA ESTADO DE ISRAEL,3,205,RUA JORNALISTA TRAJANO CHACON,PROX A  SOS MAOS  NA CALÇADA DO HAPVIDA,,,,ILHA DO LEITE,COLISÃO TRANSVERSAL,,1,1,0,0,0,0,0,0,0,1,0,,CIDADE,Cruzamento,Bom,Não existe,Perfeito estado,Seca,Perfeito estado,Faixa de pedestre,Outras,,Única,Faixa seccionada,,,585,202207028
2022-03-30,00:00:00,COM VÍTIMA,FINALIZADA,TEJIPIO,AV DR JOSE RUFINO,4,2993,,"E/F AO 4°BPEE E  AO COLEGIO ALBERTO TORRES, SNT JABOATAO",,,,TEJIPIÓ,COLISÃO LATERAL,,2,1,0,0,0,0,0,0,0,1,0,,,Longo da via,Bom,Não existe,Perfeito estado,Seca,Perfeito estado,Não existe,Não há placas,60 km/h,Dupla,Faixa contínua,,,586,202207045
2022-03-30,00:00:00,COM VÍTIMA,FINALIZADA,SANTO ANTONIO,AV MARTINS DE BARROS,0,,,PROX AO ITAU,,,,SANTO ANTÔNIO,COLISÃO COM CICLISTA,,1,0,0,1,0,0,0,0,0,1,0,194,SUBURBIO,Cruzamento,Bom,Sem defeito,Perfeito estado,Seca,Perfeito estado,Faixa de pedestre,Outras,30 km/h,Única,,,,587,202207057
2022-03-31,00:00:00,COM VÍTIMA,FINALIZADA,BOA VIAGEM,AV DOM JOAO VI,0,,,EM FRENTE AO COLEGIO MOTIVO,,,,BOA VIAGEM,CHOQUE,,0,1,0,0,0,0,0,0,0,1,0,,SUBURBIO,Longo da via,Bom,Não existe,Perfeito estado,Seca,Perfeito estado,Não existe,Outras,50 km/h,Única,Faixa seccionada,,,588,202207099
2022-03-31,00:00:00,COM VÍTIMA,FINALIZADA,PINA,RUA MANOEL DE BRITO,3,711,AV CONSUL JOSEPH NOUJAIM,EM FRENTE A FACULDADE IDE,,,,PINA,COLISÃO COM CICLISTA,,0,0,0,1,0,1,0,0,0,1,0,659,SUBURBIO,Cruzamento,Bom,Sem defeito,Perfeito estado,Seca,Perfeito estado,Não existe,R-6a,,Única,Não existe,,,589,202207151
2022-03-31,00:00:00,COM VÍTIMA,FINALIZADA,IMBIRIBEIRA,RUA GENERAL GOES MONTEIRO,0,,RUA CONEGO LIRA,"NO CRUZAMENTO, AO LADO DO NÚMERO 320, RESTAURANTE TRATTORIA PROVENCE.",,,,IMBIRIBEIRA,COLISÃO TRASEIRA,,1,1,0,0,0,0,0,0,0,1,0,,SUBURBIO,Cruzamento,Bom,Não existe,Não existente,Seca,Perfeito estado,Não existe,Não há placas,,Dupla,Não existe,,,592,202207167
2022-04-01,00:00:00,COM VÍTIMA,FINALIZADA,ARRUDA,AV BEBERIBE,0,,RUA MEM DE SA,EM FRENTE A PEDRAGON,,,,ARRUDA,COLISÃO LATERAL,,1,1,0,0,0,0,0,0,0,1,0,63,,Cruzamento,Bom,Sem defeito,Perfeito estado,Seca,Perfeito estado,Faixa de pedestre,Outras,60 km/h,Dupla,Faixa contínua,,,595,202207185
2022-04-01,00:00:00,COM VÍTIMA,FINALIZADA,VARZEA,AV AFONSO OLINDENSE,4,1327,,"CASA / FARMÁCIA PAGUE MENOS, EM FRENTE AO EDF. BRAGANÇA.",,,,VÁRZEA,COLISÃO LATERAL,,1,1,0,0,0,0,0,0,0,1,0,,SUBURBIO,Longo da via,Bom,Não existe,,Seca,Perfeito estado,Não existe,Não há placas,,Dupla,Faixa contínua,,,596,202207196
2022-04-01,00:00:00,COM VÍTIMA,FINALIZADA,IMBIRIBEIRA,RUA DUQUE ESTRADA,3,110,,E/F AO LE PARC E EDF. ARAPUAN,,,,IMBIRIBEIRA,COLISÃO TRANSVERSAL,,1,1,0,0,0,0,0,0,0,1,0,,SUBURBIO,Longo da via,Bom,Não existe,Não existente,Seca,Perfeito estado,Não existe,Não há placas,,Dupla,Não existe,,,597,202207234
2022-04-01,00:00:00,COM VÍTIMA,FINALIZADA,BOA VIAGEM,RUA JOSE MARIA DE MIRANDA,3,300,AVENIDA CELSO FURTADO (VIA MANGUE),BARRACA DO DECA/ SENTIDO PINA. EM FRENTE AO NÚMERO 328,,,,BOA VIAGEM,CHOQUE,,0,1,0,0,0,0,0,0,0,1,0,,CIDADE,Longo da via,Bom,Não existe,Incompleta,Seca,Perfeito estado,Não existe,Não há placas,,Dupla,Não existe,,,598,202207239
2022-04-01,00:00:00,COM VÍTIMA,FINALIZADA,TEJIPIO,AV DR JOSE RUFINO,0,,,EM FRENTE À ESTAÇÃO TEJIPIÓ,,,,TEJIPIÓ,COLISÃO LATERAL,,1,1,0,0,0,0,0,0,0,1,0,,,,,,,,,,,,,,,,599,202207253