data,hora,natureza_acidente,situacao,bairro,endereco,,numero,detalhe_endereco_acidente,complemento,endereco_cruzamento,numero_cruzamento,referencia_cruzamento,bairro_cruzamento,tipo,descricao,auto,moto,ciclom,ciclista,pedestre,onibus,caminhao,viatura,outros,vitimas,vitimasfatais,num_semaforo,sentido_via,acidente_verificado,tempo_clima,situacao_semaforo,sinalizacao,condicao_via,conservacao_via,ponto_controle,situacao_placa,velocidade_max_via,mao_direcao,divisao_via1,divisao_via2,divisao_via3,_id,Protocolo
2022-04-14,00:00:00,COM VÍTIMA,FINALIZADA,SANTO AMARO,AV CRUZ CABUGA,0,,,PRÓX AO HOSPITAL DO CÂNCER DE PERNAMBUCO,,,,SANTO AMARO,COLISÃO LATERAL,,0,1,0,0,0,1,0,0,0,1,0,202,SUBURBIO,Longo da via,Bom,Sem defeito,Perfeito estado,Seca,Perfeito estado,Não existe,Não há placas,,Dupla,Blocos,,,677,202208332
2022-04-14,00:00:00,COM VÍTIMA,FINALIZADA,PRADO,AV ENGENHEIRO ABDIAS DE CARVALHO,3,120,,PRÓX. AO POSTO IMPÉRIO. LADO OPOSTO AO BOSCH SERVICE.,,,,PRADO,COLISÃO LATERAL,,1,1,0,0,0,0,0,0,0,1,0,,SUBURBIO,Longo da via,Bom,Não existe,Perfeito estado,Seca,Perfeito estado,Não existe,R-6a,60 km/h,Dupla,Faixa seccionada,Canteiro central,,678,202208333
2022-04-15,00:00:00,COM VÍTIMA,FINALIZADA,TEJIPIO,AV DR JOSE RUFINO,4,3538,,APÓS O ARMAZEM CORAL - SENTIDO CAVALEIRO,,,,TEJIPIÓ,COLISÃO TRANSVERSAL,,1,1,0,0,0,0,0,0,0,1,0,,CIDADE,Longo da via,Bom,Não existe,Perfeito estado,Seca,Perfeito estado,,Não há placas,40 km/h,Dupla,Faixa contínua,,,681,202208398
2022-04-15,00:00:00,COM VÍTIMA,FINALIZADA,BOA VIAGEM,RUA PROFESSOR MARIO CASTRO,3,389,,PROXIMO AO COLEGIO AMERICANO,,,,BOA VIAGEM,COLISÃO TRANSVERSAL,,2,1,0,0,0,0,0,0,0,1,0,,SUBURBIO,Longo da via,Bom,Não existe,,Seca,Perfeito estado,Não existe,,,Dupla,Não existe,,,682,202208399
2022-04-15,00:00:00,COM VÍTIMA,FINALIZADA,IMBIRIBEIRA,RUA ARQUITETO LUIZ NUNES,3,304,RUA ITALIA,PRÓX AO AÇAI DA IMBIRIBEIRA,,,,IMBIRIBEIRA,COLISÃO LATERAL,,1,1,0,0,0,0,0,0,0,1,0,,SUBURBIO,Longo da via,Bom,Não existe,Ilegível,Seca,Perfeito estado,Não existe,Outras,,Dupla,Faixa contínua,,,683,202208404
2022-04-16,00:00:00,COM VÍTIMA,FINALIZADA,VARZEA,AV CAXANGA,2,46,,SOBRE A PONTE - PROXIMO UPA - SENTIDO SUB/CID. SUPER CENTER CAXANGÁ.,,,,VÁRZEA,COLISÃO TRASEIRA,,0,1,0,0,0,0,1,0,0,1,0,568,CIDADE,Longo da via,Bom,Sem defeito,Perfeito estado,Seca,Perfeito estado,Faixa de retenção,Outras,,Dupla,Faixa contínua,Faixa seccionada,,684,202208414
2022-04-16,00:00:00,COM VÍTIMA,FINALIZADA,BOA VIAGEM,RUA VISCONDE DE JEQUITINHONHA,4,1656,RUA JOSE MOREIRA LEAL,E/F AO EDIFICIO ISLAMORADA,,,,BOA VIAGEM,COLISÃO TRANSVERSAL,,0,1,0,0,0,0,0,0,0,1,0,,SUBURBIO,Longo da via,Bom,Não existe,Perfeito estado,Seca,Perfeito estado,Não existe,"Placas ""Pare""",30 km/h,Única,Canteiro central,,,685,202208418
2022-04-16,00:00:00,COM VÍTIMA,FINALIZADA,BOA VIAGEM,RUA TENENTE JOAO CICERO,3,486,RUA MINISTRO NELSON HUNGRIA,AO LADO DA ACADEMIA CORPO LIVRE,,,,BOA VIAGEM,COLISÃO TRANSVERSAL,,2,0,0,0,0,0,0,0,0,1,0,,CIDADE,Cruzamento,Bom,Não existe,Perfeito estado,Seca,Perfeito estado,Faixa de pedestre,"Placas ""Pare""",,Única,Faixa contínua,,,687,202208433
2022-04-16,00:00:00,COM VÍTIMA,FINALIZADA,PAISSANDU,AV GOVERNADOR AGAMENON MAGALHAES,0,,,E/F AO HOSPITAL PORTUGUES,,,,PAISSANDU,COLISÃO LATERAL,,1,1,0,0,0,0,0,0,0,1,0,,BOA VIAGEM,,,,,,,,,,,,,,689,202208448
2022-04-17,00:00:00,COM VÍTIMA,FINALIZADA,BOA VIAGEM,AV ENGENHEIRO DOMINGOS FERREIRA,3,273,RUA FELIX DE BRITO E MELO,ENFRENTE A A+ MEDICINA E DIAGNOSTICO,,,,BOA VIAGEM,COLISÃO TRANSVERSAL,,1,1,0,0,0,0,0,0,0,1,0,545,CIDADE,Cruzamento,Bom,Sem defeito,Perfeito estado,Molhada,Perfeito estado,Faixa de retenção,Não há placas,60 km/h,Única,Faixa contínua,,,691,202208461
2022-04-17,00:00:00,COM VÍTIMA,FINALIZADA,BOA VIAGEM,RUA ERNESTO DE PAULA SANTOS,2,75,RUA DOS NAVEGANTES,PROX AO HOTEL RECIFE PALACE,,,,BOA VIAGEM,COLISÃO LATERAL,,1,1,0,0,0,0,0,0,0,2,0,,CIDADE,Cruzamento,Bom,Não existe,Perfeito estado,Seca,Perfeito estado,Faixa de retenção,R-4b,,Única,Faixa seccionada,,,692,202208464
2022-04-17,00:00:00,COM VÍTIMA,FINALIZADA,AGUA FRIA,AV BEBERIBE,4,2278,,E/F AO SUPERMERCADO SOBERANO,,,,ÁGUA FRIA,COLISÃO TRASEIRA,,1,1,0,0,0,0,0,0,0,1,0,187,SUBURBIO,Longo da via,Bom,Sem defeito,Perfeito estado,Seca,Perfeito estado,Não existe,R-6a,,Dupla,Faixa contínua,,,693,202208470
2022-04-17,00:00:00,COM VÍTIMA,FINALIZADA,TORREAO,RUA NATIVIDADE SALDANHA,0,,,EM FRENTE AO PORCÃO CHURRASCARIA,,,,TORREÃO,QUEDA,,0,1,0,0,0,0,0,0,0,1,0,,SUBURBIO,Longo da via,Bom,Não existe,Perfeito estado,Seca,Perfeito estado,Não existe,Outras,,Única,,,,694,202208472
2022-04-17,00:00:00,COM VÍTIMA,FINALIZADA,FUNDAO,AV BEBERIBE,4,2642,,PRÓX A ESCOLA PROF PEDRO AUGUSTO. LADO OPOSTO AO NÚMERO INFORMADO.,,,,FUNDÃO,COLISÃO FRONTAL,,1,1,0,0,0,0,0,0,0,1,0,,CIDADE,Longo da via,Bom,Não existe,Perfeito estado,Seca,Perfeito estado,,Não há placas,,Dupla,Faixa,,,695,202208484
2022-04-18,00:00:00,COM VÍTIMA,FINALIZADA,CORDEIRO,AV ENGENHEIRO ABDIAS DE CARVALHO,0,,AV GENERAL SAN MARTIN,EM FRENTE AO COMPAZ ARIANO SUASSUNA,,,,CORDEIRO,COLISÃO TRANSVERSAL,,2,0,0,0,0,0,0,0,0,1,0,58,SUBURBIO,Cruzamento,Bom,Sem defeito,Perfeito estado,Seca,Perfeito estado,Faixa de pedestre,R-4a,,Dupla,Canteiro central,,,696,202208498
2022-04-18,00:00:00,COM VÍTIMA,FINALIZADA,IPUTINGA,AV CAXANGA,0,,AV PROFESSOR MORAES REGO,LADO OPOSTO A LOJA SUPRANOR,,,,IPUTINGA,COLISÃO LATERAL,,1,1,0,0,0,0,0,0,0,1,0,,CIDADE,Longo da via,Bom,Não existe,Perfeito estado,Seca,Perfeito estado,Não existe,Não há placas,60 km/h,Dupla,Canteiro central,,,697,202208505
2022-04-18,00:00:00,COM VÍTIMA,FINALIZADA,IPUTINGA,RUA SAO MATEUS,0,,,NO FINAL DA RUA PROX AO  DETRAN,,,,IPUTINGA,COLISÃO LATERAL,,1,1,0,0,0,0,0,0,0,1,0,,,,,,,,,,,,,,,,701,202208544
2022-04-18,00:00:00,COM VÍTIMA,FINALIZADA,CIDADE UNIVERSITARIA,AV PROFESSOR LUIZ FREIRE,3,500,,PROX AO IFPE E/F   ASSOCIAÇAO DOS SERVIDORES DA IFPE,,,,CIDADE UNIVERSITÁRIA,COLISÃO FRONTAL,,1,1,0,0,0,0,0,0,0,1,0,,CIDADE,,Bom,Não existe,,Seca,Perfeito estado,Não existe,Outras,,Dupla,Não existe,,,702,202208550
2022-04-19,00:00:00,COM VÍTIMA,FINALIZADA,CAMPO GRANDE,AV GOVERNADOR AGAMENON MAGALHAES,0,,,"EM FRENTE O TACARUNA, SENTIDO DERBY APOS O VIADULTO. EM FRENTE À ANTIGA FÁBRICA TACARUNA, POSTE Nº H039147",,,,CAMPO GRANDE,COLISÃO TRASEIRA,,1,1,0,0,0,0,0,0,0,1,0,,CIDADE,Longo da via,Bom,Não existe,Incompleta,Seca,Perfeito estado,,,,Dupla,Canal,,,703,202208584
2022-04-19,00:00:00,COM VÍTIMA,FINALIZADA,BOA VIAGEM,AV ENGENHEIRO DOMINGOS FERREIRA,4,2265,RUA DONA BENVINDA DE FARIAS,FAIXA DA ESQUERDA,,,,BOA VIAGEM,COLISÃO TRASEIRA,,1,1,0,0,0,0,0,0,0,1,0,139,SUBURBIO,Longo da via,Bom,Sem defeito,Perfeito estado,Seca,Perfeito estado,Faixa de pedestre,R-4a,,Dupla,Canteiro central,,,704,202208590
2022-04-19,00:00:00,COM VÍTIMA,FINALIZADA,SAO JOSE,AV SUL,0,,,PRÓXIMO À PRAÇA SÉRGIO LORETO,,,,SÃO JOSÉ,COLISÃO LATERAL,,0,2,0,0,0,0,0,0,0,2,0,311,CIDADE,Longo da via,Bom,Sem defeito,Perfeito estado,Seca,,Não existe,Não há placas,,Única,Não existe,,,706,202208632
2022-04-20,00:00:00,COM VÍTIMA,FINALIZADA,IMBIRIBEIRA,AV ANTONIO TORRES GALVAO,3,615,RUA ALFREDO MARCONDES,MOTOCICLISTA TOMBOU NA VIA.,,,,IMBIRIBEIRA,QUEDA,,0,1,0,0,0,0,0,0,0,1,0,442,CIDADE,Cruzamento,Chuvoso,Sem defeito,Perfeito estado,Molhada,Perfeito estado,Não existe,Não há placas,,Única,Não existe,,,707,202208703
2022-04-20,00:00:00,COM VÍTIMA,FINALIZADA,VARZEA,AV CAXANGA,0,,RUA RIBEIRO PESSOA,PRÓX. À UPA,,,,VÁRZEA,COLISÃO COM CICLISTA,,1,0,0,1,0,0,0,0,0,1,0,281,SUBURBIO,Cruzamento,Chuvoso,Sem defeito,Perfeito estado,Molhada,Perfeito estado,Agente,Não há placas,60 km/h,Dupla,Canteiro central,,,710,202208725
2022-04-20,00:00:00,COM VÍTIMA,FINALIZADA,DERBY,RUA JENER DE SOUZA,3,206,,EM FRENTE A COMVEST / MEMORIAL DE MEDICINA DE PERNAMBUCO,,,,DERBY,COLISÃO LATERAL,,1,1,0,0,0,0,0,0,0,1,0,,CIDADE,Longo da via,Bom,Não existe,Perfeito estado,Seca,Perfeito estado,Não existe,R-6a,,Única,Faixa seccionada,,,713,202208740
2022-04-20,00:00:00,COM VÍTIMA,FINALIZADA,SAN MARTIN,AV GENERAL SAN MARTIN,0,,RUA JOSE VELOSO,PROX A CAVALARIA DA PMPE,,,,SAN MARTIN,COLISÃO LATERAL,,1,1,0,0,0,0,0,0,0,2,0,326,,Cruzamento,Bom,Sem defeito,Perfeito estado,Seca,Perfeito estado,Faixa de pedestre,R-6a,40 km/h,Dupla,Não existe,,,714,202208747
2022-04-21,00:00:00,COM VÍTIMA,FINALIZADA,VARZEA,RUA GASTAO VIDIGAL,3,347,,AO LADO DO HOTEL COSTA AZUL,,,,VÁRZEA,COLISÃO FRONTAL,,1,1,0,0,0,0,0,0,0,1,0,,,Longo da via,Bom,Não existe,Perfeito estado,Seca,Perfeito estado,Não existe,Não há placas,,Dupla,Faixa seccionada,,,715,202208789
2022-04-21,00:00:00,COM VÍTIMA,FINALIZADA,IBURA,AV DOIS RIOS,0,,,"APOS A  SUBIDA DA LADEIRA  AO LADO DA POLICLINICA E MATERNIDADE PROFESSOR ARNALDO MAGALHÃES, PROXIMO AO TREVO.",,,,IBURA,COLISÃO FRONTAL,,2,0,0,0,0,0,0,0,0,1,0,,SUBURBIO,Cruzamento,Bom,Não existe,Ilegível,Seca,Perfeito estado,Não existe,"Placas ""Pare""",,Dupla,Não existe,,,717,202208817
2022-04-22,00:00:00,COM VÍTIMA,FINALIZADA,DERBY,PRC DO DERBY,0,,RUA JENER DE SOUZA,EM FRENTE O QUARTEL,,,,DERBY,COLISÃO COM CICLISTA,,0,0,0,1,0,1,0,0,0,1,0,40,CIDADE,Cruzamento,Bom,Sem defeito,Perfeito estado,Seca,Perfeito estado,Faixa de pedestre,,50 km/h,Dupla,Faixa seccionada,Canteiro central,,719,202208847
2022-04-22,00:00:00,COM VÍTIMA,FINALIZADA,JIQUIA,RUA SAO MIGUEL,4,1452,RUA DRA ITAMAR DE MORAIS E SILVA,EM FRENTE AO POSTO  BANDEIRA BRANCA,,,,JIQUIÁ,COLISÃO TRANSVERSAL,,1,1,0,0,0,0,0,0,0,1,0,,SUBURBIO,Cruzamento,Bom,Não existe,Perfeito estado,Seca,Perfeito estado,Não existe,Não há placas,,Dupla,Faixa contínua,Faixa seccionada,,720,202208859
2022-04-22,00:00:00,COM VÍTIMA,FINALIZADA,SANTO AMARO,AV CRUZ CABUGA,0,,RUA FREI CASSIMIRO,ENTRADA DA CONTAX  NA ESQUINA /  EM FRENTE DA RUA DA ANTIGA CTTU,,,,SANTO AMARO,COLISÃO LATERAL,,0,1,0,0,0,1,0,0,0,1,0,,SUBURBIO,Longo da via,Bom,Não existe,Perfeito estado,Seca,Perfeito estado,Não existe,Não há placas,,Dupla,Faixa seccionada,,,721,202208860
2022-04-22,00:00:00,COM VÍTIMA,FINALIZADA,CASA AMARELA,AV NORTE MIGUEL ARRAES DE ALENCAR,4,5916,AV PEDRO ALLAIN,EM FRENTE AO SUPERMERCADO MAIS VOCE SENT. CIDADE,,,,CASA AMARELA,ATROPELAMENTO DE PESSOA,,1,0,0,0,1,0,0,0,0,1,0,95,CIDADE,Cruzamento,Bom,Sem defeito,Perfeito estado,Seca,Perfeito estado,Faixa de pedestre,Outras,60 km/h,Dupla,,Canteiro central,,722,202208863
2022-04-22,00:00:00,COM VÍTIMA,FINALIZADA,TAMARINEIRA,AV NORTE MIGUEL ARRAES DE ALENCAR,4,3868,,PROX A FERREIRA COSTA,,,,TAMARINEIRA,ATROPELAMENTO DE PESSOA,,0,1,0,0,1,0,0,0,0,1,0,,CIDADE,Longo da via,Bom,Não existe,Perfeito estado,Seca,Perfeito estado,Não existe,R-6a,60 km/h,Dupla,Faixa seccionada,Canteiro central,,723,202208874
2022-04-22,00:00:00,COM VÍTIMA,FINALIZADA,BOA VIAGEM,AV CELSO FURTADO,0,,,PROX AO SUPERMERCADO EXTRA  S/T PINA,,,,BOA VIAGEM,COLISÃO TRASEIRA,,1,1,0,0,0,0,0,0,0,1,0,,CIDADE,Cruzamento,Bom,Não existe,Perfeito estado,Seca,Perfeito estado,Não existe,Outras,60 km/h,Dupla,Canteiro central,,,725,202208903
2022-04-22,00:00:00,VÍTIMA FATAL,FINALIZADA,ILHA JOANA BEZERRA,RUA JARAGUARI,0,,,AO LADO DO TERMINAL DA INTEGRAÇÃO JOANA BEZERRA,,,,JOANA BEZERRA,COLISÃO LATERAL,,0,1,0,0,0,1,0,0,0,0,1,,,Longo da via,Bom,Não existe,Não existente,Seca,Perfeito estado,Não existe,Não há placas,,Única,Não existe,,,726,202208904
2022-04-22,00:00:00,COM VÍTIMA,FINALIZADA,SANTO AMARO,RUA AURORA,0,,RUA JOAO LIRA,NO CRUZAMENTO,,,,SANTO AMARO,COLISÃO TRASEIRA,,1,1,0,0,0,0,0,0,0,1,0,,SUBURBIO,Cruzamento,Bom,Não existe,Não existente,Seca,Perfeito estado,Não existe,Não há placas,60 km/h,,,,,727,202208909
2022-04-22,00:00:00,COM VÍTIMA,FINALIZADA,TEJIPIO,AV DR JOSE RUFINO,4,3131,,E/F AO 4 BCOM,,,,TEJIPIÓ,COLISÃO TRANSVERSAL,,1,2,0,0,0,0,0,0,0,1,0,208,JABOATAO,Longo da via,Bom,Sem defeito,Incompleta,Seca,Mal conservada,Faixa de pedestre,Não há placas,,Dupla,Faixa contínua,,,728,202208916
2022-04-22,00:00:00,COM VÍTIMA,FINALIZADA,CABANGA,AV SUL,0,,RUA CARLOS COELHO LEAL VALENTE,PROX AO QUARTEL,,,,CABANGA,COLISÃO LATERAL,,1,0,0,0,0,1,0,0,0,1,0,260,SUBURBIO,Cruzamento,Chuvoso,Sem defeito,Perfeito estado,Molhada,Perfeito estado,Faixa de retenção,Não há placas,,Dupla,Não existe,,,730,202208923
2022-04-23,00:00:00,COM VÍTIMA,FINALIZADA,BOA VIAGEM,RUA RIBEIRO DE BRITO,3,253,RUA CORONEL ANIZIO RODRIGUES COELHO,PRX AO FAZENDO A FESTA,,,,BOA VIAGEM,COLISÃO TRANSVERSAL,,1,0,1,0,0,0,0,0,0,1,0,697,SUBURBIO,Cruzamento,Chuvoso,Sem defeito,Perfeito estado,Molhada,Perfeito estado,Faixa de retenção,Não há placas,,Única,Faixa contínua,,,732,202208944
2022-04-23,00:00:00,COM VÍTIMA,FINALIZADA,TAMARINEIRA,RUA NETO DE MENDONCA,3,165,RUA CORONEL URIEL SERGIO GARDIM,EM  FRENTE AO RESIDENCIAL,,,,TAMARINEIRA,COLISÃO LATERAL,,1,1,0,0,0,0,0,0,0,1,0,,CIDADE,Esquina,Bom,Não existe,Perfeito estado,Seca,Perfeito estado,Faixa de pedestre,Outras,,Única,Não existe,,,733,202208963
2022-04-23,00:00:00,COM VÍTIMA,FINALIZADA,RECIFE,AV MILITAR,0,,,E/F AO MUSEU DO TRIBUNAL DE JUSTIÇA,,,,BAIRRO DO RECIFE,COLISÃO FRONTAL,,1,1,0,0,0,0,0,0,0,1,0,,SUBURBIO,Longo da via,Bom,Não existe,Ilegível,Seca,Perfeito estado,Não existe,Não há placas,,Única,Faixa seccionada,,,734,202208991
2022-04-23,00:00:00,COM VÍTIMA,FINALIZADA,DERBY,AV GOVERNADOR AGAMENON MAGALHAES,0,,PRC DO DERBY,E/F A PRAÇA DO DERBY  S/T BOA VIAGEM,,,,DERBY,COLISÃO FRONTAL,,2,0,0,0,0,0,0,0,0,1,0,417,SUBURBIO,Longo da via,Chuvoso,Sem defeito,Perfeito estado,Molhada,Perfeito estado,Faixa de pedestre,Outras,,Única,Faixa seccionada,,,735,202208996
2022-04-23,00:00:00,COM VÍTIMA,FINALIZADA,PRADO,RUA GOMES TABORDA,0,,,PROX AO SINDICATO DO COMBUSTIVEL,,,,PRADO,COLISÃO TRANSVERSAL,,1,1,0,0,0,0,0,0,0,1,0,,SUBURBIO,Longo da via,Bom,Não existe,Perfeito estado,Seca,Perfeito estado,Não existe,Outras,,Dupla,Faixa contínua,Faixa seccionada,,737,202209022
2022-04-24,00:00:00,VÍTIMA FATAL,FINALIZADA,DOIS UNIDOS,AV HILDEBRANDO DE VASCONCELOS,3,296,,PROXIMO A CIP CÃES,,,,DOIS UNIDOS,CHOQUE,,0,1,0,0,0,0,0,0,0,1,1,,SUBURBIO,Longo da via,Chuvoso,Não existe,Incompleta,Molhada,Perfeito estado,Não existe,R-6a,,Dupla,Não existe,,,738,202209032
2022-04-24,00:00:00,COM VÍTIMA,FINALIZADA,CABANGA,AV SUL,2,20,,NA ENTRADA DO CABANGA,,,,CABANGA,COLISÃO LATERAL,,0,1,0,0,0,0,0,1,0,1,0,,CIDADE,Longo da via,Bom,Não existe,Perfeito estado,Seca,Perfeito estado,Não existe,Não há placas,40 km/h,Dupla,Faixa seccionada,Canteiro central,,739,202209068
2022-04-24,00:00:00,COM VÍTIMA,FINALIZADA,BOA VIAGEM,RUA DOM JOSE LOPES,3,757,,EDF SALONICA / PRÓX A IGREJA NOVA DE BV E AO ENTRE AMIGOS,,,,BOA VIAGEM,COLISÃO FRONTAL,,0,0,0,0,0,0,0,0,0,1,0,,,,,,,,,,,,,,,,741,202209081
2022-04-24,00:00:00,COM VÍTIMA,FINALIZADA,IMBIRIBEIRA,RUA ITACARE,4,2284,AV MARECHAL MASCARENHAS DE MORAES,SEMAFORO 386,,,,IMBIRIBEIRA,COLISÃO TRANSVERSAL,,1,1,0,0,0,0,0,0,0,2,0,386,SUBURBIO,Cruzamento,Bom,Sem defeito,Perfeito estado,Seca,Perfeito estado,Faixa de pedestre,Não há placas,,Dupla,Faixa seccionada,Canteiro central,,742,202209083
2022-04-25,00:00:00,COM VÍTIMA,FINALIZADA,MADALENA,RUA JOSE OSORIO,0,,AV VISCONDE DE ALBUQUERQUE,EM FRENTE A FARMÁCIA EXTRA FARMA,,,,MADALENA,COLISÃO LATERAL,,1,1,0,0,0,0,0,0,0,1,0,50,CIDADE,Cruzamento,Chuvoso,Sem defeito,Perfeito estado,Molhada,Perfeito estado,Faixa de pedestre,Outras,,Única,Faixa seccionada,,,743,202209101
2022-04-25,00:00:00,COM VÍTIMA,FINALIZADA,IBURA,AV DOIS RIOS,4,1170,RUA ECOPORANGA,RUA RIO CHUI,,,,IBURA,COLISÃO TRANSVERSAL,,1,1,0,0,0,0,0,0,0,1,0,475,,Longo da via,Bom,Sem defeito,Perfeito estado,Seca,Perfeito estado,Faixa de retenção,Não há placas,,Dupla,Faixa contínua,,,744,202209104
2022-04-25,00:00:00,COM VÍTIMA,FINALIZADA,BOA VIAGEM,AV ENGENHEIRO DOMINGOS FERREIRA,4,4659,RUA PROFESSOR ALOISIO PESSOA DE ARAUJO,E/F A DELEGACIA DE BOA VIAGEM,,,,BOA VIAGEM,COLISÃO LATERAL,,1,1,0,0,0,0,0,0,0,1,0,,SUBURBIO,Cruzamento,Bom,Não existe,Perfeito estado,Seca,Perfeito estado,Não existe,"Placas ""Pare""",,Única,Canteiro central,,,746,202209110
2022-04-25,00:00:00,COM VÍTIMA,FINALIZADA,CASA AMARELA,AV NORTE MIGUEL ARRAES DE ALENCAR,0,,,EM FRENTE AO POSTO SÃO SEBASTÃO,,,,CASA AMARELA,COLISÃO TRASEIRA,,0,1,0,0,0,1,0,0,0,1,0,,CIDADE,,,,,,,,,,,,,,749,202209116
2022-04-25,00:00:00,COM VÍTIMA,FINALIZADA,BEBERIBE,AV BEBERIBE,4,2395,,SOBRADO BEBERIBE EMPRESARIAL / PROX AO PAGODE DA PRESSÃO,,,,BEBERIBE,COLISÃO LATERAL,,0,2,0,0,0,0,0,0,0,1,0,153,CIDADE,Longo da via,Chuvoso,Sem defeito,Perfeito estado,Molhada,Perfeito estado,Não existe,Não há placas,,Dupla,Faixa contínua,,,750,202209122
2022-04-25,00:00:00,COM VÍTIMA,FINALIZADA,SAN MARTIN,AV GENERAL SAN MARTIN,0,,AV ENGENHEIRO ABDIAS DE CARVALHO,PRÓX. AO NOVO ATACAREJO,,,,SAN MARTIN,COLISÃO TRANSVERSAL,,1,1,0,0,0,0,0,0,0,1,0,693,SUBURBIO,Cruzamento,Chuvoso,Sem defeito,Perfeito estado,Molhada,Perfeito estado,Faixa de pedestre,Outras,,Dupla,Outros,,,751,202209131
2022-04-25,00:00:00,COM VÍTIMA,FINALIZADA,BOA VIAGEM,RUA ANTONIO FALCAO,0,,RUA MINISTRO NELSON HUNGRIA,E/F A PADARIA PARQUE DO TRIGO,,,,BOA VIAGEM,COLISÃO TRANSVERSAL,,1,1,0,0,0,0,0,0,0,1,0,,SUBURBIO,Cruzamento,Bom,Não existe,Perfeito estado,Seca,Perfeito estado,Não existe,"Placas ""Pare""",,Única,Faixa seccionada,,,753,202209184
2022-04-26,00:00:00,COM VÍTIMA,FINALIZADA,CABANGA,AV SUL,4,1500,,EMPRESA DE MAQUINAS PORTELA,,,,CABANGA,COLISÃO LATERAL,,1,1,0,0,0,0,0,0,0,1,0,260,,Longo da via,Bom,Sem defeito,Perfeito estado,Seca,Perfeito estado,Não existe,Não há placas,,Única,Não existe,,,755,202209217
2022-04-26,00:00:00,COM VÍTIMA,FINALIZADA,BOA VIAGEM,RUA BARAO DE AGUA BRANCA,3,376,,E/F AO LE PARC,,,,BOA VIAGEM,COLISÃO FRONTAL,,2,0,0,0,0,0,0,0,0,1,0,,,,,,,,,,,,,,,,757,202209264
2022-04-26,00:00:00,COM VÍTIMA,FINALIZADA,BOA VIAGEM,AV ENGENHEIRO DOMINGOS FERREIRA,0,,RUA ARTUR MUNIZ,E/F AO SPETTUS,,,,BOA VIAGEM,COLISÃO TRANSVERSAL,,1,1,0,0,0,0,0,0,0,1,0,380,,Cruzamento,Bom,Sem defeito,Perfeito estado,Seca,Perfeito estado,Faixa de pedestre,R-6a,,Única,Não existe,,,759,202209295
2022-04-27,00:00:00,COM VÍTIMA,FINALIZADA,CASA FORTE,AV DEZESSETE DE AGOSTO,0,,EST REAL DO POCO,E/F A PRC DE CASA FORTE,,,,CASA FORTE,COLISÃO TRANSVERSAL,,1,1,0,0,0,0,0,0,0,1,0,,CIDADE,Esquina,Bom,Não existe,Perfeito estado,Seca,Perfeito estado,,Não há placas,40 km/h,Dupla,Faixa contínua,,,760,202209376
2022-04-27,00:00:00,COM VÍTIMA,FINALIZADA,BARRO,AV DR JOSE RUFINO,0,,,APÓS AO COLEGIO ALBERTO TORRES / POR CIMA DA PONTE,,,,BARRO,COLISÃO TRASEIRA,,1,1,0,0,0,0,0,0,0,1,0,,CIDADE,Longo da via,Bom,Não existe,Perfeito estado,Seca,Perfeito estado,Não existe,Não há placas,,Dupla,Faixa contínua,Faixa seccionada,,762,202209378