data,hora,natureza_acidente,situacao,bairro,endereco,,numero,detalhe_endereco_acidente,complemento,endereco_cruzamento,numero_cruzamento,referencia_cruzamento,bairro_cruzamento,tipo,descricao,auto,moto,ciclom,ciclista,pedestre,onibus,caminhao,viatura,outros,vitimas,vitimasfatais,num_semaforo,sentido_via,acidente_verificado,tempo_clima,situacao_semaforo,sinalizacao,condicao_via,conservacao_via,ponto_controle,situacao_placa,velocidade_max_via,mao_direcao,divisao_via1,divisao_via2,divisao_via3,_id,Protocolo
2022-04-28,00:00:00,COM VÍTIMA,FINALIZADA,BOA VIAGEM,RUA PADRE CARAPUCEIRO,4,3575,AV CONSELHEIRO AGUIAR,E/F A EMPRESARIAL RIO AVE,,,,BOA VIAGEM,COLISÃO TRASEIRA,,2,0,0,1,0,0,0,0,0,1,0,115,CIDADE,Cruzamento,Bom,Sem defeito,Perfeito estado,Seca,Perfeito estado,Faixa de pedestre,R-6a,60 km/h,Única,Faixa contínua,,,763,202209391
2022-04-28,00:00:00,COM VÍTIMA,FINALIZADA,ZUMBI,AV CAXANGA,3,426,,EM FRENTE AO COMPAZ,,,,ZUMBI,ATROPELAMENTO DE PESSOA,,0,0,0,0,1,1,0,0,0,1,0,489,CIDADE,Longo da via,Bom,Sem defeito,Perfeito estado,Seca,Perfeito estado,Faixa de pedestre,Não há placas,60 km/h,Dupla,Blocos,,,764,202209396
2022-04-28,00:00:00,COM VÍTIMA,FINALIZADA,BOA VIAGEM,RUA ALMIRANTE TAMANDARE,3,230,RUA PADRE CABRAL,EM FRENTE AO EDF. ANTONIO MESQUITA,,,,BOA VIAGEM,COLISÃO TRANSVERSAL,,1,1,0,0,0,0,0,0,0,2,0,,SUBURBIO,Cruzamento,Bom,Não existe,Incompleta,Seca,Mal conservada,Não existe,Outras,,Única,Não existe,,,765,202209405
2022-04-29,00:00:00,COM VÍTIMA,FINALIZADA,CASA AMARELA,AV NORTE MIGUEL ARRAES DE ALENCAR,4,5121,RUA CABO EPITACIO LUCENA,"DE ESQUINA COM O REI DA PICANHA, SENT. CASA AMARELA",,,,CASA AMARELA,COLISÃO LATERAL,,1,1,0,0,0,0,0,0,0,1,0,677,SUBURBIO,Longo da via,Chuvoso,Sem defeito,Perfeito estado,Molhada,Perfeito estado,Faixa de pedestre,R-6a,60 km/h,Única,Faixa contínua,,,767,202209492
2022-04-29,00:00:00,COM VÍTIMA,FINALIZADA,ESTANCIA,AV RECIFE,0,,,AO LADO DO CERPE/ SENTIDO BR,,,,ESTÂNCIA,COLISÃO TRANSVERSAL,,1,1,0,0,0,0,0,0,0,1,0,259,SUBURBIO,Longo da via,Chuvoso,Sem defeito,Perfeito estado,Molhada,Perfeito estado,Agente,R-5a,60 km/h,Única,Não existe,,,769,202209524
2022-04-29,00:00:00,COM VÍTIMA,FINALIZADA,IBURA,AV DOIS RIOS,0,,,EM FRENTE A POLICLINICA ARNALDO MARQUES,,,,IBURA,COLISÃO FRONTAL,,2,0,0,0,0,0,0,0,0,2,0,,,,,,,,,,,,,,,,771,202209536
2022-04-29,00:00:00,COM VÍTIMA,FINALIZADA,JORDAO,AV MARIA IRENE,4,405B,,POSTO JORDÃO,,,,JORDÃO,COLISÃO LATERAL,,0,2,0,0,0,0,0,0,0,1,0,,CIDADE,Longo da via,Bom,Não existe,Incompleta,Seca,Perfeito estado,Não existe,Não há placas,,Dupla,Não existe,,,772,202209549
2022-04-30,00:00:00,COM VÍTIMA,FINALIZADA,BOA VIAGEM,AV BOA VIAGEM,4,6166,,EM FRENTE AO EDF. VEREDA DO MAR,,,,BOA VIAGEM,COLISÃO LATERAL,,1,1,0,0,0,0,0,0,0,2,0,,CIDADE,Longo da via,Bom,Sem defeito,Perfeito estado,Seca,Perfeito estado,Não existe,R-19,60 km/h,Única,Faixa contínua,,,773,202209601
2022-04-30,00:00:00,COM VÍTIMA,FINALIZADA,SAO JOSE,RUA DO PEIXOTO,3,709,RUA FLORIANO PEIXOTO,PRÓX. AO RESTAURANTE POPULAR JOSUÉ DE CASTRO,,,,SÃO JOSÉ,COLISÃO FRONTAL,,0,1,0,0,0,1,0,0,0,1,0,,,Cruzamento,Bom,Não existe,Perfeito estado,Seca,Perfeito estado,Não existe,Não há placas,40 km/h,Única,Faixa,,,774,202209621
2022-04-30,00:00:00,COM VÍTIMA,FINALIZADA,JAQUEIRA,RUA LEONARDO BEZERRA CAVALCANTE,3,300,,PRÓX. AO EDIFÍCIO ESTAÇÃO JAQUEIRA,,,,JAQUEIRA,COLISÃO COM CICLISTA,,1,0,0,1,0,0,0,0,0,1,0,,SUBURBIO,Esquina,Bom,Não existe,Incompleta,Seca,Perfeito estado,Não existe,,,Única,Faixa contínua,,,775,202209622
2022-04-30,00:00:00,COM VÍTIMA,FINALIZADA,IPUTINGA,AV CAXANGA,0,,RUA DR PAULO CORREIA,PRÓX. AO CAXANGÁ GOLF & COUNTRY CLUB,,,,IPUTINGA,COLISÃO LATERAL,,1,1,0,0,0,0,0,0,0,2,0,,CIDADE,Longo da via,Bom,Não existe,Incompleta,Seca,Perfeito estado,Não existe,Outras,60 km/h,Dupla,Faixa contínua,Faixa seccionada,Canteiro central,777,202209639
2022-04-30,00:00:00,COM VÍTIMA,FINALIZADA,BOA VISTA,AV GOVERNADOR AGAMENON MAGALHAES,0,,PRC PARQUE AMORIM,ENFRENTE AO BOMPREÇO DA AGAMENON,,,,BOA VISTA,COLISÃO TRANSVERSAL,,0,1,0,0,0,1,0,0,0,1,0,,SUBURBIO,Esquina,Bom,Não existe,Perfeito estado,Seca,Perfeito estado,Outros,Não há placas,,Única,Faixa contínua,Faixa seccionada,Canteiro central,778,202209656
2022-05-01,00:00:00,COM VÍTIMA,FINALIZADA,AFOGADOS,RUA MOTOCOLOMBO,3,184,,AO LADO DA IGREJA CATOLICA DE AFOGADOS E IGREJA PRESBITERIANA,,,,AFOGADOS,COLISÃO FRONTAL,,2,0,0,0,0,0,0,0,0,2,0,,SUBURBIO,Longo da via,Bom,Não existe,Perfeito estado,Seca,Perfeito estado,Não existe,R-6a,,Única,Faixa seccionada,,,779,202209696
2022-05-02,00:00:00,COM VÍTIMA,FINALIZADA,CASA AMARELA,AV NORTE MIGUEL ARRAES DE ALENCAR,4,6465,,EM FRENTE A BARROS LIMA SENT. CIDADE,,,,CASA AMARELA,COLISÃO TRASEIRA,,0,1,0,0,0,1,0,0,0,1,0,,CIDADE,Longo da via,Chuvoso,Não existe,Perfeito estado,Molhada,Perfeito estado,Não existe,Não há placas,,Dupla,Canteiro central,,,780,202209735
2022-05-02,00:00:00,COM VÍTIMA,FINALIZADA,BOA VIAGEM,AV CONSELHEIRO AGUIAR,4,1951,,EM FRENTE A PADARIA AUGUSTA,,,,BOA VIAGEM,COLISÃO TRASEIRA,,1,1,0,0,0,0,0,0,0,1,0,,CIDADE,Longo da via,Chuvoso,Não existe,Perfeito estado,Molhada,Perfeito estado,Não existe,Outras,,Única,Faixa seccionada,,,781,202209737
2022-05-02,00:00:00,COM VÍTIMA,FINALIZADA,CAMPO GRANDE,AV GOVERNADOR AGAMENON MAGALHAES,0,,,EM FRENTE A FABRICA TECARUNA / SENT DERBY,,,,CAMPO GRANDE,ATROPELAMENTO DE PESSOA,,0,1,0,0,2,0,0,0,0,2,0,,,Longo da via,Bom,Não existe,Perfeito estado,Seca,Perfeito estado,Não existe,Outras,60 km/h,Dupla,Faixa seccionada,Outros,,782,202209749
2022-05-02,00:00:00,COM VÍTIMA,FINALIZADA,MADALENA,RUA LOPES DE CARVALHO,3,256,RUA HERMOGENES DE MORAIS,RUA DO MARTELINHO DE OURO,,,,MADALENA,COLISÃO TRANSVERSAL,,1,1,0,0,0,0,0,0,0,1,0,,CIDADE,Esquina,Bom,Não existe,Perfeito estado,Seca,Perfeito estado,Não existe,"Placas ""Pare""",,Dupla,Não existe,,,783,202209759
2022-05-02,00:00:00,COM VÍTIMA,FINALIZADA,BOA VIAGEM,AV CONSELHEIRO AGUIAR,3,960,RUA TOME GIBSON,E/F A PADARIA MIRAMAR,,,,BOA VIAGEM,COLISÃO LATERAL,,1,1,0,0,0,0,0,0,0,1,0,2,CIDADE,Cruzamento,Bom,Sem defeito,Perfeito estado,Seca,Perfeito estado,Faixa de pedestre,Outras,60 km/h,Única,Faixa contínua,,,784,202209760
2022-05-02,00:00:00,COM VÍTIMA,FINALIZADA,JAQUEIRA,RUA PADRE ROMA,3,195,RUA DO FUTURO,EM FRENTE  A POLI ALBERT SABIN,,,,JAQUEIRA,COLISÃO TRASEIRA,,0,1,0,0,0,0,0,0,0,1,0,223,,Esquina,Chuvoso,Sem defeito,Perfeito estado,Molhada,Perfeito estado,Faixa de pedestre,Outras,,Dupla,Faixa contínua,Faixa seccionada,Canteiro central,785,202209761
2022-05-02,00:00:00,COM VÍTIMA,FINALIZADA,ESTANCIA,1TR PRINCIPE DA BEIRA,3,168,,1ª TRAVESSA PRINCIPE DA BEIRA/ APÓS O MERCADINHO VITORIA,,,,ESTÂNCIA,COLISÃO TRASEIRA,,1,1,0,0,0,0,0,0,0,2,0,,,,,,,,,,,,,,,,786,202209781
2022-05-02,00:00:00,COM VÍTIMA,FINALIZADA,IPSEP,AV RECIFE,0,,,EM FRENTE À PETRO SERVICE CAR / SENTIDO BOA VIAGEM,,,,IPSEP,COLISÃO TRASEIRA,,0,0,0,0,0,2,0,0,0,7,0,,,,,,,,,,,,,,,,787,202209783
2022-05-02,00:00:00,COM VÍTIMA,FINALIZADA,SANTO AMARO,AV GOVERNADOR AGAMENON MAGALHAES,0,,,PRÓX. AO MINISTÉRIO DO TRABALHO E EMPREGO. / OPOSTO A REITORIA UPE,,,,SANTO AMARO,COLISÃO TRASEIRA,,1,1,0,0,0,0,0,0,0,1,0,,CIDADE,Longo da via,Bom,Não existe,Perfeito estado,Seca,Perfeito estado,Não existe,Não há placas,60 km/h,Única,Faixa seccionada,,,789,202209799
2022-05-02,00:00:00,COM VÍTIMA,FINALIZADA,SAN MARTIN,RUA DELMIRO GOUVEIA,0,,,E/F A CHESF,,,,SAN MARTIN,APOIO EMLURB,,0,2,0,0,0,0,0,0,0,1,0,,,,,,,,,,,,,,,,791,202209821
2022-05-03,00:00:00,COM VÍTIMA,FINALIZADA,BOA VISTA,RUA VISCONDE DE GOIANA,3,234,RUA MARQUES AMORIM,RUA MARQUES  AMORIM,,,,BOA VISTA,COLISÃO TRANSVERSAL,,1,0,0,0,0,1,0,0,0,1,0,,CIDADE,Cruzamento,Chuvoso,Não existe,Perfeito estado,Molhada,Perfeito estado,Faixa de pedestre,"Placas ""Pare""",,Única,Não existe,,,794,202209851
2022-05-03,00:00:00,COM VÍTIMA,FINALIZADA,AREIAS,AV DR JOSE RUFINO,3,955,RUA COSTA HONORATO,E/F A HONDA  VT 28 NO LOCAL,,,,AREIAS,ATROPELAMENTO DE ANIMAL,,0,1,0,0,0,0,0,0,0,1,0,,SUBURBIO,Longo da via,Chuvoso,Não existe,Perfeito estado,Molhada,Perfeito estado,Não existe,R-6c,50 km/h,Dupla,Faixa contínua,Faixa seccionada,,795,202209880
2022-05-03,00:00:00,COM VÍTIMA,FINALIZADA,ENCRUZILHADA,AV NORTE MIGUEL ARRAES DE ALENCAR,0,,RUA ALFREDO DE CASTRO,E/F A RENAULT S/T SUB  NO SEMAFORO 665,,,,ENCRUZILHADA,COLISÃO LATERAL,,1,1,0,0,0,0,0,0,0,1,0,665,SUBURBIO,Cruzamento,Bom,Sem defeito,Perfeito estado,Seca,Perfeito estado,Faixa de pedestre,Outras,,Dupla,Canteiro central,,,796,202209905
2022-05-03,00:00:00,COM VÍTIMA,FINALIZADA,PORTO DA MADEIRA,AV BEBERIBE,4,3916,RUA DONA VIRTUOSA DE LUCENA,PROXIMO AO SEST SENAT,,,,PORTO DA MADEIRA,COLISÃO TRANSVERSAL,,1,0,0,0,0,1,0,0,0,1,0,,SUBURBIO,Longo da via,Bom,Não existe,Incompleta,Seca,Perfeito estado,Não existe,Não há placas,,Dupla,Faixa seccionada,,,797,202209918
2022-05-04,00:00:00,COM VÍTIMA,FINALIZADA,BOA VISTA,RUA AURORA,0,,RUA PRINCESA IZABEL,SEMAFORO 387,,,,BOA VISTA,COLISÃO TRASEIRA,,1,1,0,0,0,0,0,0,0,1,0,,CIDADE,Cruzamento,Bom,Sem defeito,Perfeito estado,Seca,Perfeito estado,Faixa de pedestre,R-6a,,Única,Faixa contínua,,,803,202210010
2022-05-04,00:00:00,COM VÍTIMA,FINALIZADA,ILHA JOANA BEZERRA,PTE JOSE DE BARROS LIMA,0,,,NA DESCIDA DO VIADUTO / E/F AO FORUM / SOB A PASSARELA,,,,ILHA JOANA BEZERRA,ATROPELAMENTO DE PESSOA,,1,0,0,0,1,0,0,0,0,1,0,,,Viaduto,Bom,Não existe,Perfeito estado,Seca,Perfeito estado,,,,,,,,804,202210017
2022-05-04,00:00:00,COM VÍTIMA,FINALIZADA,TORROES,AV ENGENHEIRO ABDIAS DE CARVALHO,3,461,,"E/F A SOS AUTO PEÇAS - LOMBADA ELETRONICA,  SEMAFORO 272. SNT CID",,,,TORRÕES,COLISÃO TRASEIRA,,1,1,0,0,0,0,0,0,0,1,0,272,CIDADE,Longo da via,Bom,Sem defeito,Perfeito estado,Seca,Perfeito estado,Faixa de pedestre,R-6a,60 km/h,Dupla,Faixa contínua,Canteiro central,,805,202210020
2022-05-04,00:00:00,COM VÍTIMA,FINALIZADA,ARRUDA,AV BEBERIBE,0,,RUA DAS MOCAS,EM FRENTE AO ESTÁDIO JOSÉ DO REGO MACIEL,,,,ARRUDA,COLISÃO LATERAL,,1,1,0,0,0,0,0,0,0,2,0,,SUBURBIO,Cruzamento,Bom,Não existe,Perfeito estado,Seca,Perfeito estado,Não existe,Não há placas,,Dupla,Faixa contínua,Faixa seccionada,,806,202210023
2022-05-04,00:00:00,COM VÍTIMA,FINALIZADA,IMBIRIBEIRA,RUA ARQUITETO LUIZ NUNES,0,,,E/F A PRAÇA ARQUITETO LUIZ NUNES,,,,IMBIRIBEIRA,COLISÃO LATERAL,,1,1,0,0,0,0,0,0,0,1,0,,CIDADE,Outros,Bom,Não existe,Perfeito estado,Seca,Perfeito estado,Não existe,Não há placas,,Única,Faixa contínua,,,807,202210029
2022-05-05,00:00:00,COM VÍTIMA,FINALIZADA,PRADO,RUA PADRE TEOFILO TWORZ,0,,RUA CARLOS GOMES,AO LADO DA BIG CAR,,,,PRADO,COLISÃO TRANSVERSAL,,1,1,0,0,0,0,0,0,0,1,0,,CIDADE,Cruzamento,Bom,Não existe,Perfeito estado,Seca,Perfeito estado,Faixa de pedestre,Outras,40 km/h,Única,Não existe,,,809,202210060
2022-05-05,00:00:00,COM VÍTIMA,FINALIZADA,SANTO AMARO,AV GOVERNADOR AGAMENON MAGALHAES,0,,,PRÓXIMO A FABRICA TACARUNA,,,,SANTO AMARO,COLISÃO LATERAL,,0,2,0,0,0,0,0,0,0,2,0,,,,,,,,,,,,,,,,810,202210062
2022-05-05,00:00:00,COM VÍTIMA,FINALIZADA,CASA FORTE,AV DEZESSETE DE AGOSTO,3,892,,EM FRENTE A PIZZARIA HUT,,,,CASA FORTE,COLISÃO LATERAL,,1,1,0,0,0,0,0,0,0,1,0,,SUBURBIO,Longo da via,Bom,Não existe,Perfeito estado,Seca,Perfeito estado,Não existe,R-6a,,Dupla,Faixa contínua,,,811,202210063
2022-05-05,00:00:00,COM VÍTIMA,FINALIZADA,CIDADE UNIVERSITARIA,AV PROFESSOR ARTUR DE SA,4,1118,,AO LADO DO HOSPITAL DAS CLÍNICAS,,,,CIDADE UNIVERSITÁRIA,COLISÃO TRANSVERSAL,,1,1,0,0,0,0,0,0,0,1,0,,SUBURBIO,Longo da via,Bom,Não existe,Perfeito estado,Seca,Perfeito estado,Não existe,Não há placas,,Dupla,Faixa contínua,,,813,202210072
2022-05-05,00:00:00,COM VÍTIMA,FINALIZADA,IMBIRIBEIRA,AV MARECHAL MASCARENHAS DE MORAES,4,3421,,EM FRENTE A CONCESSIONARIA MERCEDES BENZ / SENTIDO CIDADE,,,,IMBIRIBEIRA,COLISÃO LATERAL,,0,2,0,0,0,0,0,0,0,1,0,289,CIDADE,Longo da via,Bom,Sem defeito,Perfeito estado,Seca,Perfeito estado,Faixa de pedestre,Não há placas,60 km/h,Única,Faixa contínua,,,815,202210085
2022-05-05,00:00:00,COM VÍTIMA,FINALIZADA,CAJUEIRO,AV CIDADE DE MONTEIRO,3,380,,EM FRENTE AO ARMAZÉM CORAL.,,,,CAJUEIRO,COLISÃO LATERAL,,1,0,0,0,0,0,1,0,0,2,0,,,Longo da via,Bom,Não existe,Perfeito estado,Seca,Perfeito estado,Faixa de pedestre,Outras,,Dupla,Faixa contínua,,,816,202210094
2022-05-05,00:00:00,COM VÍTIMA,FINALIZADA,BOA VISTA,RUA AURORA,0,,RUA PRINCESA IZABEL,RUA PRINCESA IZABEL,,,,BOA VISTA,COLISÃO LATERAL,,0,2,0,0,0,0,0,0,0,1,0,22,,Cruzamento,Bom,Sem defeito,Perfeito estado,Seca,Perfeito estado,Faixa de pedestre,Outras,,Única,Faixa contínua,,,817,202210100
2022-05-05,00:00:00,COM VÍTIMA,FINALIZADA,BEBERIBE,RUA URIEL DE HOLANDA,0,,RUA MELANIO DE BARROS CORREIA,E/F AO COLEGIO  PEDRO CELSO,,,,BEBERIBE,ATROPELAMENTO DE PESSOA,,0,1,0,0,1,0,0,0,0,1,0,,SUBURBIO,Longo da via,Bom,Não existe,Perfeito estado,Seca,Perfeito estado,Não existe,R-6a,40 km/h,Dupla,Não existe,,,819,202210120
2022-05-05,00:00:00,COM VÍTIMA,FINALIZADA,MADALENA,RUA DEMOCRITO DE SOUZA FILHO,3,477,RUA PROFESSOR JOSE TORRES PIRES,GARDEN BELEZA CAFÉ MODA,,,,MADALENA,COLISÃO TRANSVERSAL,,1,1,0,0,0,0,0,0,0,1,0,,SUBURBIO,Cruzamento,Bom,Não existe,Incompleta,Seca,Perfeito estado,Não existe,Não há placas,,Única,Não existe,,,820,202210121
2022-05-06,00:00:00,COM VÍTIMA,FINALIZADA,IBURA,AV DOIS RIOS,4,550C,,EM FRENTE A IGREJA ELSHADAY,,,,IBURA,COLISÃO TRANSVERSAL,,2,1,0,0,0,0,0,0,0,1,0,,SUBURBIO,Longo da via,Bom,Não existe,Perfeito estado,Seca,Perfeito estado,Não existe,R-6a,,Dupla,Faixa contínua,,,821,202210144
2022-05-06,00:00:00,COM VÍTIMA,FINALIZADA,BOA VISTA,RUA DA SOLEDADE,3,170,RUA DO PROGRESSO,EM FRENTE A FUNDAÇÃO ALTINO VENTURA.,,,,BOA VISTA,COLISÃO TRASEIRA,,1,1,0,0,0,0,0,0,0,1,0,578,AV CDE DA BOA VISTA,Longo da via,Bom,Sem defeito,Perfeito estado,Seca,Perfeito estado,Faixa de pedestre,Outras,30 km/h,Única,Não existe,,,822,202210162
2022-05-06,00:00:00,COM VÍTIMA,FINALIZADA,SANTO AMARO,AV GOVERNADOR AGAMENON MAGALHAES,0,,,EM FRENTE AO SHOPPING TACARUNA SENT. BOA VIAGEM. ANTIGA FÁBRICA TACARUNA.,,,,SANTO AMARO,QUEDA,,0,0,1,0,0,0,0,0,0,1,0,,CIDADE,Longo da via,Bom,Não existe,Perfeito estado,,Mal conservada,Não existe,Não há placas,60 km/h,Dupla,Faixa seccionada,Canteiro central,,823,202210166
2022-05-06,00:00:00,COM VÍTIMA,FINALIZADA,TORROES,AV ENGENHEIRO ABDIAS DE CARVALHO,0,,,PROX AO GIROURO DA CHESF S/T SAN MARTIN NO SEMAFORO 375. LADO OPOSTO AO KIYOI GALETOS.,,,,TORRÕES,ATROPELAMENTO DE PESSOA,,0,1,0,0,1,0,0,0,0,1,0,375,CIDADE,Longo da via,Bom,Sem defeito,Perfeito estado,Seca,Perfeito estado,Faixa de pedestre,Não há placas,60 km/h,Única,Canteiro central,,,824,202210176
2022-05-06,00:00:00,COM VÍTIMA,FINALIZADA,SAO JOSE,C SANTA RITA,0,,,,,,,SÃO JOSÉ,QUEDA,,0,1,0,0,0,0,0,0,0,1,0,,,,,,,,,,,,,,,,825,202210183
2022-05-06,00:00:00,COM VÍTIMA,FINALIZADA,SANTO AMARO,AV GOVERNADOR AGAMENON MAGALHAES,0,,,SOBRE O VIADUTO DA AV JOÃO DE BARROS,,,,SANTO AMARO,ATROPELAMENTO DE PESSOA,,0,1,0,0,1,0,0,0,0,2,0,,OLINDA,Viaduto,Bom,Não existe,Perfeito estado,Seca,Perfeito estado,Não existe,R-32,60 km/h,Dupla,Faixa contínua,Faixa seccionada,Canteiro central,826,202210197
2022-05-06,00:00:00,COM VÍTIMA,FINALIZADA,APIPUCOS,RUA DE APIPUCOS,0,,,EM FRENTE AO ARCADIA RECEPÇÕES.,,,,APIPUCOS,COLISÃO LATERAL,,1,1,0,0,0,0,0,0,0,2,0,,CIDADE,Longo da via,Bom,Não existe,Perfeito estado,Seca,Perfeito estado,Não existe,Não há placas,,Dupla,Faixa contínua,,,827,202210226
2022-05-07,00:00:00,COM VÍTIMA,FINALIZADA,RECIFE,C DO APOLO,0,,AV MILITAR,EM FRENTE AO ESTACIONAMENTO DA PREFEITURA.,,,,BAIRRO DO RECIFE,QUEDA,,0,1,0,0,0,0,0,0,0,1,0,436,CIDADE,Cruzamento,Bom,Sem defeito,Perfeito estado,Seca,Perfeito estado,Faixa de pedestre,Outras,,Única,Faixa contínua,,,828,202210245
2022-05-07,00:00:00,COM VÍTIMA,FINALIZADA,JARDIM SAO PAULO,RUA LEANDRO BARRETO,3,533,,EM FRENTE À PADARIA LA ROQUE,,,,JARDIM SÃO PAULO,QUEDA,,0,1,0,0,0,0,0,0,0,1,0,,SUBURBIO,Longo da via,Chuvoso,Não existe,Ilegível,Molhada,Mal conservada,Não existe,Não há placas,40 km/h,Dupla,Faixa contínua,,,829,202210258
2022-05-07,00:00:00,COM VÍTIMA,FINALIZADA,JAQUEIRA,AV RUI BARBOSA,3,405,RUA DEPUTADO PEDRO PIRES FERREIRA,PARQUE DA JAQUEIRA,,,,JAQUEIRA,COLISÃO LATERAL,,1,1,0,0,0,0,0,0,0,1,0,,,Cruzamento,Bom,Não existe,Perfeito estado,Molhada,Perfeito estado,Faixa de pedestre,R-6a,,Única,Faixa contínua,,,831,202210284
2022-05-07,00:00:00,COM VÍTIMA,FINALIZADA,TAMARINEIRA,AV NORTE MIGUEL ARRAES DE ALENCAR,0,,RUA CONEGO BARATA,PROXIMO A FERREIRA COSTA. ATALANTA COLCHÕES,,,,TAMARINEIRA,COLISÃO TRANSVERSAL,,1,1,0,0,0,0,0,0,0,1,0,62,,Cruzamento,Bom,Sem defeito,Perfeito estado,Seca,Perfeito estado,Faixa de retenção,Outras,60 km/h,Dupla,Blocos,,,832,202210296
2022-05-08,00:00:00,COM VÍTIMA,FINALIZADA,CAXANGA,AV CAXANGA,3,653,,EM FRENTE AO COMPAZ MIGUEL ARRAES.,,,,CAXANGÁ,COLISÃO TRASEIRA,,1,1,0,0,0,0,0,0,0,2,0,489,CIDADE,Longo da via,Bom,Sem defeito,Incompleta,Seca,Perfeito estado,Agente,Não há placas,60 km/h,Única,Não existe,,,833,202210333
2022-05-08,00:00:00,COM VÍTIMA,FINALIZADA,JORDAO,AV DONA CARENTINA,4,1479,RUA ATALAIA,E/F A CAIXA D'ÁGUA. LADO OPOSTO AO Nº 1479.,,,,JORDÃO,COLISÃO LATERAL,,1,1,0,0,0,0,0,0,0,1,0,,SUBURBIO,Longo da via,Bom,Não existe,Incompleta,Seca,Mal conservada,Não existe,R-6a,,Dupla,Não existe,,,834,202210344
2022-05-08,00:00:00,COM VÍTIMA,FINALIZADA,IMBIRIBEIRA,AV MARECHAL MASCARENHAS DE MORAES,4,6133,,EMBAIXO DA ALÇA DE RETORNO / EM FRENTE AO ESTACIONAMENTO RECIFE PARK,,,,IMBIRIBEIRA,CHOQUE,,0,1,0,0,0,0,0,0,0,1,0,,CIDADE,Longo da via,Bom,Não existe,Não existente,Seca,Perfeito estado,Não existe,Não há placas,,Única,Não existe,,,838,202210361
2022-05-08,00:00:00,COM VÍTIMA,FINALIZADA,BOA VIAGEM,RUA SA E SOUZA,3,245,,PRÓX A PADARIA SANTA ROSA. ESCRITÓRIO CARVALHO E ANDRADE.,,,,BOA VIAGEM,COLISÃO LATERAL,,1,1,0,0,0,0,0,0,0,1,0,,CIDADE,Longo da via,Chuvoso,Não existe,Perfeito estado,Molhada,Perfeito estado,Não existe,Não há placas,,Dupla,Faixa seccionada,,,839,202210369
2022-05-09,00:00:00,COM VÍTIMA,FINALIZADA,IPUTINGA,AV CAXANGA,0,,,SOB O VIADUTO,,,,IPUTINGA,CHOQUE,,1,0,0,0,0,0,0,0,0,1,0,,,,,,,,,,,,,,,,840,202210375
2022-05-09,00:00:00,COM VÍTIMA,FINALIZADA,DOIS UNIDOS,AV HILDEBRANDO DE VASCONCELOS,3,121,,PROX. AO CANIL. ACADEMIA OXY,,,,DOIS UNIDOS,COLISÃO COM CICLISTA,,0,0,0,1,0,1,0,0,0,1,0,,CIDADE,Longo da via,Bom,Não existe,Não existente,Seca,Perfeito estado,Não existe,Não há placas,,Dupla,Não existe,,,841,202210389
2022-05-09,00:00:00,COM VÍTIMA,FINALIZADA,IPSEP,AV RECIFE,4,2528,,"SENT. BOA VIAGEM,  EM FRENTE A AVANT MULTIMARCAS",,,,IPSEP,COLISÃO LATERAL,,1,1,0,0,0,0,0,0,0,1,0,,SUBURBIO,Longo da via,Bom,Não existe,Perfeito estado,Seca,Perfeito estado,Não existe,Outras,,Dupla,Faixa seccionada,,,842,202210395
2022-05-09,00:00:00,COM VÍTIMA,FINALIZADA,JARDIM SAO PAULO,AV SAO PAULO,3,655,,E/F A FARMACIA PAGUE MENOS,,,,JARDIM SÃO PAULO,COLISÃO LATERAL,,1,1,0,0,0,0,0,0,0,1,0,,SUBURBIO,Longo da via,Bom,Não existe,Ilegível,Seca,Mal conservada,Não existe,Não há placas,,Dupla,Faixa seccionada,,,843,202210402