data,hora,natureza_acidente,situacao,bairro,endereco,,numero,detalhe_endereco_acidente,complemento,endereco_cruzamento,numero_cruzamento,referencia_cruzamento,bairro_cruzamento,tipo,descricao,auto,moto,ciclom,ciclista,pedestre,onibus,caminhao,viatura,outros,vitimas,vitimasfatais,num_semaforo,sentido_via,acidente_verificado,tempo_clima,situacao_semaforo,sinalizacao,condicao_via,conservacao_via,ponto_controle,situacao_placa,velocidade_max_via,mao_direcao,divisao_via1,divisao_via2,divisao_via3,_id,Protocolo
2022-05-09,00:00:00,COM VÍTIMA,FINALIZADA,RECIFE,AV MILITAR,2,70,,EM FRENTE AO MUSEU MILITAR DO FORTE DO BRUM,,,,BAIRRO DO RECIFE,COLISÃO TRANSVERSAL,,1,1,0,0,0,0,0,0,0,1,0,,SUBURBIO,Longo da via,Bom,Não existe,Perfeito estado,Seca,Perfeito estado,Não existe,Outras,60 km/h,,Faixa seccionada,,,845,202210447
2022-05-10,00:00:00,COM VÍTIMA,FINALIZADA,CORDEIRO,RUA DR JOAO LACERDA,3,588,RUA TEOTONIO FREIRE,PRÓXIMO AO DHPP,,,,CORDEIRO,COLISÃO TRANSVERSAL,,1,1,0,0,0,0,0,0,0,1,0,,SUBURBIO,Cruzamento,Chuvoso,Não existe,Perfeito estado,Molhada,Perfeito estado,Não existe,"Placas ""Pare""",,Dupla,Não existe,,,848,202210509
2022-05-10,00:00:00,COM VÍTIMA,FINALIZADA,PORTO DA MADEIRA,RUA DALVA DE OLIVEIRA,3,257,RUA NOVA ESPERANCA,E/F A IGREJA BATISTA DO VALE,,,,PORTO DA MADEIRA,COLISÃO TRANSVERSAL,,1,1,0,0,0,0,0,0,0,1,0,,CIDADE,Cruzamento,Bom,Não existe,Incompleta,Seca,Perfeito estado,Não existe,Outras,,Dupla,Não existe,,,850,202210569
2022-05-11,00:00:00,COM VÍTIMA,FINALIZADA,BOA VISTA,RUA DA UNIAO,3,410,RUA MAMEDE SIMOES,,,,,BOA VISTA,COLISÃO TRANSVERSAL,,1,1,0,0,0,0,0,0,0,1,0,,CIDADE,Cruzamento,Chuvoso,Não existe,Perfeito estado,Molhada,Perfeito estado,Não existe,"Placas ""Pare""",,Única,Não existe,,,852,202210596
2022-05-11,00:00:00,COM VÍTIMA,FINALIZADA,COELHOS,RUA DOS COELHOS,0,,,DESCIDA DA PONTE DA PONTE JOAQUIM CARDOSO. UNIDADE BÁSICA DA FAMÍLIA 1,,,,COELHOS,QUEDA,,0,1,0,0,1,0,0,0,0,1,0,,CIDADE,Longo da via,Chuvoso,Não existe,Perfeito estado,Molhada,Perfeito estado,Faixa de pedestre,Outras,,Dupla,Canteiro central,,,854,202210600
2022-05-11,00:00:00,COM VÍTIMA,FINALIZADA,CAXANGA,AV CAXANGA,0,,AV PROFESSOR MORAES REGO,EMBAIXO DO VIADUTO. EM FRENTE AO TERMINAL SEVERINO LUIZ NUNES PEREIRA - GRANDE RECIFE.,,,,CAXANGÁ,QUEDA,,0,1,0,0,0,0,0,0,0,1,0,,CIDADE,Longo da via,Bom,Sem defeito,Perfeito estado,Oleosa,Perfeito estado,Não existe,Outras,,Dupla,Faixa seccionada,,,856,202210613
2022-05-11,00:00:00,COM VÍTIMA,FINALIZADA,IMBIRIBEIRA,RUA ARQUITETO LUIZ NUNES,3,673,,EM FRENTE A ESCOLA PINHEIROS / PROX  A LAGOA DO ARAÇA,,,,IMBIRIBEIRA,ATROPELAMENTO DE PESSOA,,1,0,0,0,1,0,0,0,0,1,0,560,CIDADE,Longo da via,Bom,Sem defeito,Perfeito estado,Seca,Perfeito estado,Faixa de pedestre,R-19,30 km/h,Dupla,Faixa contínua,,,858,202210640
2022-05-11,00:00:00,COM VÍTIMA,FINALIZADA,BOA VIAGEM,RUA DOS NAVEGANTES,4,2621,,EM FRENTE AO EDIFICIO PORTAL DOS NAVEGANTES,,,,BOA VIAGEM,COLISÃO TRANSVERSAL,,2,1,0,0,0,0,0,0,0,1,0,,SUBURBIO,Longo da via,Bom,Não existe,Perfeito estado,Seca,Perfeito estado,Não existe,Não há placas,,Única,Não existe,,,859,202210656
2022-05-11,00:00:00,COM VÍTIMA,FINALIZADA,PRADO,RUA RODRIGUES DE MENDONCA,2,31,RUA PANDIA CALOGERAS,ESPAÇO BELEZA NATALIA GALDINO,,,,PRADO,COLISÃO TRANSVERSAL,,0,2,0,0,0,0,0,0,0,1,0,,CIDADE,Cruzamento,Bom,Não existe,Perfeito estado,Seca,Perfeito estado,Não existe,Outras,,Única,Não existe,,,861,202210672
2022-05-11,00:00:00,COM VÍTIMA,FINALIZADA,MONTEIRO,AV DEZESSETE DE AGOSTO,3,261,,PRÓX AO AÇUDE DE APIPUCOS. EDF. ENGENHO APIPUCOS.,,,,MONTEIRO,COLISÃO TRASEIRA,,1,2,0,0,0,0,0,0,0,1,0,,,Longo da via,Bom,Não existe,Perfeito estado,Seca,Perfeito estado,Não existe,Outras,,Dupla,Faixa contínua,,,862,202210697
2022-05-12,00:00:00,COM VÍTIMA,FINALIZADA,PAISSANDU,AV GOVERNADOR AGAMENON MAGALHAES,0,,,APÓS O SEMÁFORO 068 SENTIDO BOA VIAGEM,,,,PAISSANDU,COLISÃO TRASEIRA,,1,1,0,0,0,0,0,0,0,1,0,,BOA VIAGEM,Longo da via,Bom,Sem defeito,Perfeito estado,Seca,Perfeito estado,Agente,Outras,60 km/h,Única,Canteiro central,,,864,202210752
2022-05-12,00:00:00,COM VÍTIMA,FINALIZADA,CAMPO GRANDE,RUA ODORICO MENDES,3,188,RUA VISCONDE DE CAIRU,PRÓX. AO CLUBE DAS PÁS E LOJAS IMPÉRIO,,,,CAMPO GRANDE,COLISÃO TRANSVERSAL,,1,1,0,0,0,0,0,0,0,1,0,,CIDADE,Cruzamento,Bom,Não existe,Perfeito estado,Seca,Perfeito estado,Não existe,Não há placas,,Dupla,Faixa,,,865,202210756
2022-05-12,00:00:00,COM VÍTIMA,FINALIZADA,BOA VIAGEM,AV ENGENHEIRO DOMINGOS FERREIRA,4,3704,,E/F A ESCOLA DE GASTRONOMIA E CONFEITARIA. EM FRENTE A IGA.,,,,BOA VIAGEM,COLISÃO TRASEIRA,,1,1,0,0,0,0,0,0,0,1,0,,SUBURBIO,Longo da via,Bom,Não existe,Perfeito estado,Seca,Perfeito estado,Não existe,Outras,60 km/h,Única,Faixa seccionada,,,866,202210761
2022-05-12,00:00:00,COM VÍTIMA,FINALIZADA,SANTO AMARO,RUA DO HOSPICIO,0,,RUA JOAO LIRA,PROXIMO AO MINISTERIO PUBLICO. PARQUE TREZE DE MAIO.,,,,SANTO AMARO,COLISÃO TRANSVERSAL,,1,1,0,0,0,0,0,0,0,1,0,32,SUBURBIO,Cruzamento,Chuvoso,Sem defeito,Perfeito estado,Molhada,Perfeito estado,Faixa de pedestre,Outras,,Dupla,Faixa seccionada,Blocos,,867,202210764
2022-05-12,00:00:00,COM VÍTIMA,FINALIZADA,ARRUDA,AV BEBERIBE,4,1253,RUA BOLIVAR,E/F AOP ESTADIO DO SANTA CRUZ . LADO OPOSTO À LOJA COBRA CORAL.,,,,ARRUDA,COLISÃO LATERAL,,1,1,0,0,0,0,0,0,0,1,0,,CIDADE,Cruzamento,Bom,Não existe,Perfeito estado,Seca,Perfeito estado,Não existe,R-6a,60 km/h,Dupla,Faixa contínua,Faixa seccionada,,868,202210769
2022-05-12,00:00:00,COM VÍTIMA,FINALIZADA,BOA VISTA,AV GOVERNADOR AGAMENON MAGALHAES,4,1387,,EM FRENTE A FARMACIA DROGASIL/ SENTIDO OLINDA,,,,BOA VISTA,COLISÃO TRASEIRA,,1,1,0,0,0,0,0,0,0,1,0,174,SUBURBIO,Longo da via,Bom,Não existe,Perfeito estado,Molhada,Perfeito estado,Não existe,Não há placas,60 km/h,Única,Faixa seccionada,,,869,202210774
2022-05-12,00:00:00,COM VÍTIMA,FINALIZADA,IPUTINGA,RUA QUIPAPA,3,222,,AO LADO DO MOTEL ÁPICE,,,,IPUTINGA,COLISÃO LATERAL,,0,1,0,0,0,1,0,0,0,1,0,,SUBURBIO,Longo da via,Chuvoso,Não existe,Perfeito estado,Molhada,Perfeito estado,Não existe,Não há placas,,Única,Não existe,,,870,202210785
2022-05-12,00:00:00,COM VÍTIMA,FINALIZADA,BOA VIAGEM,RUA JOAO CARDOSO AIRES,3,600,RUA ALMIRANTE BATISTA LEAO,EM FRENTE AO PARQUE DA PIZZA,,,,BOA VIAGEM,COLISÃO LATERAL,,1,1,0,0,0,0,0,0,0,1,0,,SUBURBIO,Cruzamento,Bom,Não existe,Perfeito estado,Seca,Perfeito estado,Não existe,Outras,,Única,Outros,,,871,202210786
2022-05-13,00:00:00,COM VÍTIMA,FINALIZADA,ESTANCIA,AV RECIFE,4,5388,,VIADUTO ULISSES GUIMARÃES. AO LADO DO HÉLIO SOM,,,,ESTÂNCIA,COLISÃO LATERAL,,2,1,0,0,0,0,0,0,0,2,0,,CIDADE,Longo da via,Chuvoso,Não existe,Perfeito estado,Molhada,Perfeito estado,Não existe,Não há placas,,Única,Faixa seccionada,,,872,202210802
2022-05-13,00:00:00,COM VÍTIMA,FINALIZADA,GRACAS,AV RUI BARBOSA,0,,RUA ALBERTO PAIVA,EM FRENTE AO MUSEU DO ESTADO,,,,GRAÇAS,COLISÃO TRASEIRA,,1,1,0,0,0,0,0,0,0,1,0,305,,,,,,,,,,,,,,,873,202210833
2022-05-13,00:00:00,COM VÍTIMA,FINALIZADA,ENCRUZILHADA,AV BEBERIBE,0,,RUA PEDRO ALVES,ESQUINA DA FARMÁCIA DROGASIL,,,,ENCRUZILHADA,COLISÃO TRANSVERSAL,,1,1,0,0,0,0,0,0,0,1,0,186,SUBURBIO,Cruzamento,Bom,Sem defeito,Perfeito estado,Seca,Perfeito estado,Faixa de pedestre,R-6a,40 km/h,Dupla,Faixa contínua,,,874,202210860
2022-05-13,00:00:00,COM VÍTIMA,FINALIZADA,PINA,AV BOA VIAGEM,3,328,,EM FRENTE AO EDIFICIO ARAUCARIA,,,,PINA,COLISÃO LATERAL,,1,1,0,0,0,0,0,0,0,1,0,119,CIDADE,Longo da via,Bom,Sem defeito,Perfeito estado,Seca,Perfeito estado,Faixa de retenção,Não há placas,60 km/h,Única,Faixa contínua,,,875,202210861
2022-05-13,00:00:00,COM VÍTIMA,FINALIZADA,SAO JOSE,VDO DAS CINCO PONTAS,0,,,,,,,SÃO JOSÉ,QUEDA,,0,0,0,1,0,0,0,0,0,1,0,,,,,,,,,,,,,,,,876,202210868
2022-05-13,00:00:00,COM VÍTIMA,FINALIZADA,AFOGADOS,RUA SAO MIGUEL,4,1331,,EM FRENTE AO BODE DO NÓ,,,,AFOGADOS,COLISÃO LATERAL,,0,0,0,0,0,0,0,0,0,1,0,,,,,,,,,,,,,,,,877,202210871
2022-05-13,00:00:00,COM VÍTIMA,FINALIZADA,MADALENA,AV ENGENHEIRO ABDIAS DE CARVALHO,0,,EST DOS REMEDIOS,E/F AO BOBS  E FARMACIA INDEPENDENTE / SEMÁFORO 052,,,,MADALENA,COLISÃO TRANSVERSAL,,0,1,0,0,0,0,0,0,1,1,0,52,SUBURBIO,Cruzamento,Bom,Sem defeito,Perfeito estado,Seca,Perfeito estado,Faixa de pedestre,Não há placas,,Dupla,Canteiro central,,,878,202210883
2022-05-14,00:00:00,VÍTIMA FATAL,FINALIZADA,CORDEIRO,AV MAURICIO DE NASSAU,0,,,POR TRAS DO PARQUE DE EXPOSIÇÃO DO CORDEIRO,,,,CORDEIRO,CHOQUE,,1,0,0,0,0,0,0,0,0,1,1,,SUBURBIO,Outros,Chuvoso,Não existe,Perfeito estado,Molhada,Perfeito estado,Não existe,Outras,,Dupla,Faixa contínua,,,880,202210893
2022-05-14,00:00:00,COM VÍTIMA,FINALIZADA,AFOGADOS,EST DOS REMEDIOS,3,879,RUA CRISOPOLIS,EM FRENTE O POSTO PETROBAHIA,,,,AFOGADOS,COLISÃO LATERAL,,1,1,0,0,0,0,0,0,0,1,0,,CIDADE,Longo da via,Chuvoso,Não existe,Perfeito estado,Molhada,Perfeito estado,Não existe,R-6a,,Única,Faixa seccionada,,,881,202210905
2022-05-14,00:00:00,COM VÍTIMA,FINALIZADA,BOA VISTA,AV CONDE DA BOA VISTA,0,,RUA DA SAUDADE,BANCO BRADESCO,,,,BOA VISTA,COLISÃO LATERAL,,1,1,0,0,0,0,0,0,0,1,0,,SUBURBIO,Longo da via,Chuvoso,Sem defeito,Perfeito estado,Molhada,Perfeito estado,Não existe,R-6c,40 km/h,Dupla,Faixa seccionada,Canteiro central,,882,202210910
2022-05-14,00:00:00,COM VÍTIMA,FINALIZADA,ROSARINHO,AV NORTE MIGUEL ARRAES DE ALENCAR,0,,,,,,,ROSARINHO,COLISÃO LATERAL,,1,1,0,0,0,0,0,0,0,1,0,,,,,,,,,,,,,,,,883,202210915
2022-05-14,00:00:00,COM VÍTIMA,FINALIZADA,TOTO,RUA PAULINO DE FARIAS,3,591,,LOJA DE ROUPAS MARIA FLOR MODAS,,,,TOTÓ,QUEDA,,0,1,0,0,0,0,0,0,0,2,0,,AV LIBERDADE,Longo da via,Bom,Não existe,Perfeito estado,Seca,Perfeito estado,Não existe,R-6a,,Dupla,Não existe,,,884,202210923
2022-05-14,00:00:00,COM VÍTIMA,FINALIZADA,TEJIPIO,RUA FALCAO DE LACERDA,3,338,,"EM FRENTE AO CARTORIO, PROX. AO CENTER GOSPEL",,,,TEJIPIÓ,COLISÃO LATERAL,,2,1,0,0,0,0,0,0,0,1,0,,SUBURBIO,Longo da via,Bom,Não existe,Perfeito estado,Seca,Mal conservada,Não existe,Não há placas,,Dupla,Faixa contínua,,,885,202210931
2022-05-14,00:00:00,COM VÍTIMA,FINALIZADA,BOA VIAGEM,AV CELSO FURTADO,0,,,NA BIFURGAÇAO. PRÓXIMO AO LÊ PARK,,,,BOA VIAGEM,COLISÃO LATERAL,,1,1,0,0,0,0,0,0,0,2,0,,SUBURBIO,Viaduto,Bom,Não existe,Incompleta,Seca,,Não existe,Não há placas,,Dupla,Faixa seccionada,,,886,202210953
2022-05-14,00:00:00,COM VÍTIMA,FINALIZADA,AFOGADOS,AV SUL,4,2372,,NA SUBIDA DA PONTE. EM FRENTE AO TROCÃO,,,,AFOGADOS,COLISÃO COM CICLISTA,,0,0,0,1,0,1,0,0,0,1,0,39,CIDADE,Longo da via,Chuvoso,Sem defeito,Perfeito estado,Molhada,Perfeito estado,Não existe,Não há placas,,Única,Faixa seccionada,,,888,202210975
2022-05-15,00:00:00,COM VÍTIMA,FINALIZADA,GRACAS,AV GOVERNADOR AGAMENON MAGALHAES,0,,RUA DR BANDEIRA FILHO,MC DONALDS,,,,GRAÇAS,COLISÃO LATERAL,,0,1,0,0,0,0,0,0,1,2,0,173,CIDADE,Cruzamento,Bom,Sem defeito,Perfeito estado,Seca,Perfeito estado,Faixa de pedestre,R-26,60 km/h,Dupla,Canteiro central,,,890,202210982
2022-05-15,00:00:00,COM VÍTIMA,FINALIZADA,IPSEP,AV RECIFE,4,4880,,LADO OPOSTO AO ATACADAO  /  SENT UFPE. EM FRENTE À TAMBAÍ.,,,,IPSEP,COLISÃO TRASEIRA,,1,1,0,0,0,0,0,0,0,1,0,,CIDADE,Longo da via,Chuvoso,Sem defeito,Perfeito estado,Molhada,Perfeito estado,Não existe,Não há placas,60 km/h,Dupla,Canteiro central,,,891,202210995
2022-05-15,00:00:00,COM VÍTIMA,FINALIZADA,BOA VIAGEM,AV CONSELHEIRO AGUIAR,4,1733,RUA SOLIDONIO LEITE,EM FRENTE A CLINICA ORTOPEDICA DE BOA VIAGEM,,,,BOA VIAGEM,COLISÃO TRANSVERSAL,,3,0,0,0,0,0,0,0,0,2,0,,CIDADE,Longo da via,Bom,Não existe,Perfeito estado,Seca,Perfeito estado,Não existe,Não há placas,60 km/h,Única,Faixa seccionada,,,892,202211002
2022-05-15,00:00:00,COM VÍTIMA,FINALIZADA,CORDEIRO,AV GENERAL SAN MARTIN,0,,RUA GOMES TABORDA,EM FRENTE À FARMÁCIA DROGASIL,,,,CORDEIRO,COLISÃO LATERAL,,1,1,0,0,0,0,0,0,0,1,0,67,,Cruzamento,Bom,Sem defeito,Incompleta,Seca,Mal conservada,Faixa de pedestre,R-6a,,Dupla,Faixa seccionada,,,893,202211003
2022-05-15,00:00:00,COM VÍTIMA,FINALIZADA,BOA VIAGEM,RUA SA E SOUZA,3,725,RUA DR LUIZ INACIO PESSOA DE MELO,PROX AO RECIFE FLAT  E/F AO EDF COSTA BLAC. APÓS O EMPRESARIAL SÁ E SOUZA.,,,,BOA VIAGEM,COLISÃO TRANSVERSAL,,1,1,0,0,0,0,0,0,0,2,0,,SUBURBIO,Cruzamento,Bom,Não existe,Perfeito estado,Seca,Perfeito estado,Faixa de retenção,"Placas ""Pare""",,Dupla,Faixa contínua,,,895,202211017
2022-05-16,00:00:00,COM VÍTIMA,FINALIZADA,BONGI,EST DO BONGI,3,761,,EM FRENTE AO BOCA LOKA LANCHES III,,,,BONGI,COLISÃO TRANSVERSAL,,1,1,0,0,0,0,0,0,0,2,0,,SUBURBIO,Longo da via,Bom,Sem defeito,Perfeito estado,Seca,Perfeito estado,Não existe,R-6a,40 km/h,Dupla,Faixa contínua,,,896,202211052
2022-05-16,00:00:00,COM VÍTIMA,FINALIZADA,ROSARINHO,AV SANTOS DUMONT,3,960,RUA AMARO COUTINHO,PRAÇA PHAELANTE DA CÂMARA.,,,,ROSARINHO,COLISÃO LATERAL,,1,1,0,0,0,0,0,0,0,1,0,,SUBURBIO,Cruzamento,Bom,Não existe,Perfeito estado,Seca,Perfeito estado,Não existe,"Placas ""Pare""",40 km/h,Única,Faixa seccionada,,,898,202211101
2022-05-16,00:00:00,COM VÍTIMA,FINALIZADA,CURADO,RUA DR GEORGE WILLIAM BUTLER,9,675 / 51C,,EM FRENTE A ROCA BRASIL (GROUPE),,,,CURADO,COLISÃO FRONTAL,,0,1,0,0,0,1,0,0,0,1,0,,CIDADE,Longo da via,Bom,Não existe,Incompleta,Seca,Perfeito estado,Não existe,Não há placas,,Dupla,Não existe,,,899,202211106
2022-05-16,00:00:00,COM VÍTIMA,FINALIZADA,SANTO AMARO,AV NORTE MIGUEL ARRAES DE ALENCAR,0,,RUA AURORA,EM CIMA DA PONTE,,,,SANTO AMARO,COLISÃO COM CICLISTA,,1,0,0,1,0,0,0,0,0,1,0,243,SUBURBIO,Cruzamento,Bom,Sem defeito,Perfeito estado,Seca,Perfeito estado,Faixa de pedestre,R-6a,,Dupla,Faixa seccionada,Canteiro central,,900,202211114
2022-05-17,00:00:00,COM VÍTIMA,FINALIZADA,CORDEIRO,AV CAXANGA,4,1052,,"EM FRENTE A CAIXA ECONÔMICA, SENTIDO CAMARAGIBE. LADO OPOSTO À LOCALIZA SEMINOVOS.",,,,CORDEIRO,COLISÃO TRASEIRA,,1,0,1,0,0,0,0,0,0,1,0,,SUBURBIO,Longo da via,Bom,Sem defeito,Perfeito estado,Seca,Perfeito estado,Não existe,Outras,,Dupla,Faixa seccionada,,,901,202211133
2022-05-17,00:00:00,COM VÍTIMA,FINALIZADA,CASA AMARELA,AV NORTE MIGUEL ARRAES DE ALENCAR,0,,,"EM FRENTE AO REI DA PINCANHA, SENT. MACAXEIRA",,,,CASA AMARELA,COLISÃO LATERAL,,1,1,0,0,0,0,0,0,0,1,0,677,SUBURBIO,Longo da via,Bom,Sem defeito,Perfeito estado,Seca,Perfeito estado,Faixa de pedestre,R-6a,,Dupla,Blocos,,,902,202211135
2022-05-17,00:00:00,COM VÍTIMA,FINALIZADA,JORDAO,AV MARIA IRENE,2,25,,EM FRENTE A BASE AEREA DO RECIFE,,,,JORDÃO,ATROPELAMENTO DE PESSOA,,0,0,0,0,1,0,0,1,0,1,0,,CIDADE,Longo da via,Bom,Não existe,Perfeito estado,Seca,Perfeito estado,Não existe,Não há placas,,Dupla,Faixa contínua,,,903,202211166
2022-05-17,00:00:00,COM VÍTIMA,FINALIZADA,CORDEIRO,AV CAXANGA,4,1214,RUA GREGORIO JUNIOR,EM FRENTE A CASA FUNERARIA SANTA PAULA,,,,CORDEIRO,COLISÃO COM CICLISTA,,0,1,0,1,0,0,0,0,0,2,0,236,SUBURBIO,Cruzamento,Bom,Sem defeito,Perfeito estado,Seca,Perfeito estado,Faixa de pedestre,Não há placas,60 km/h,Única,Faixa contínua,,,905,202211180
2022-05-17,00:00:00,COM VÍTIMA,FINALIZADA,BOA VISTA,AV GOVERNADOR AGAMENON MAGALHAES,0,,AV RUI BARBOSA,PROX AO TRIBUNAL ELEITORAL,,,,BOA VISTA,COLISÃO LATERAL,,1,1,0,0,0,0,0,0,0,1,0,,BOA VIAGEM,Longo da via,Bom,Sem defeito,Perfeito estado,Seca,Perfeito estado,Faixa de pedestre,R-4b,60 km/h,Única,Faixa contínua,,,906,202211200
2022-05-17,00:00:00,COM VÍTIMA,FINALIZADA,MANGUEIRA,RUA VINTE E UM DE ABRIL,4,1205,RUA NELSON AVILA,PROX A CONTRUAR ( ARMAZEM). EM FRENTE À IGREJA BATISTA NACIONAL EM AFOGADOS.,,,,MANGUEIRA,COLISÃO FRONTAL,,1,1,0,0,0,0,0,0,0,1,0,,CIDADE,Longo da via,Bom,Não existe,Perfeito estado,Seca,Perfeito estado,Não existe,Outras,,Dupla,Faixa seccionada,,,907,202211208
2022-05-17,00:00:00,COM VÍTIMA,FINALIZADA,BOA VIAGEM,RUA VISCONDE DE JEQUITINHONHA,0,,RUA BALTAZAR PASSOS,NO CRUZAMENTO C/A RUA BALTAZAR PASSOS,,,,BOA VIAGEM,ATROPELAMENTO DE PESSOA,,1,0,0,0,1,0,0,0,0,1,0,154,,,,,,,,,,,,,,,908,202211209
2022-05-17,00:00:00,COM VÍTIMA,FINALIZADA,MACAXEIRA,AV JOSE AMERICO DE ALMEIDA,2,79,,PRÓX AO CAMPO DA UNIAO / E/F A PRC ZUMBI DOS PALMARES,,,,MACAXEIRA,COLISÃO LATERAL,,0,1,0,0,0,1,0,0,0,1,0,,CIDADE,Longo da via,Bom,Não existe,Incompleta,Seca,Perfeito estado,Não existe,Não há placas,,Dupla,Não existe,,,909,202211210
2022-05-18,00:00:00,COM VÍTIMA,FINALIZADA,AREIAS,AV CAPITAO GREGORIO DE CALDAS,0,,AV RECIFE,"LADO OPOSTO AO BIG BOMPREÇO, SENTIDO PRAIA",,,,AREIAS,ATROPELAMENTO DE PESSOA,,0,0,0,0,2,1,0,0,0,2,0,494,SUBURBIO,Cruzamento,Bom,Sem defeito,Não existente,Seca,Perfeito estado,Outros,Não há placas,30 km/h,Dupla,Canteiro central,,,910,202211229
2022-05-18,00:00:00,COM VÍTIMA,FINALIZADA,AFOGADOS,AV SUL,3,S/N,,EM FRENTE A POLICLINICA AGAMENON MAGALHAES AO LADO DA ESTAÇÃO DO METRO SENT. CIDADE,,,,AFOGADOS,COLISÃO TRASEIRA,,2,0,0,0,0,0,0,0,0,1,0,,CIDADE,Longo da via,Bom,Não existe,Perfeito estado,Seca,Mal iluminada,Não existe,Não há placas,,Única,Faixa seccionada,,,911,202211233
2022-05-18,00:00:00,COM VÍTIMA,FINALIZADA,AREIAS,AV RECIFE,2,29,,"PROXIMO O ATACADÃO , EM FRENTE O POSTO BR....SENTIDO CAXANGÁ",,,,AREIAS,COLISÃO LATERAL,,2,1,0,0,0,0,0,0,0,1,0,620,BR-101,Longo da via,Bom,Sem defeito,Perfeito estado,Seca,Perfeito estado,Não existe,R-6a,,Dupla,Faixa seccionada,Canteiro central,,912,202211236
2022-05-18,00:00:00,COM VÍTIMA,FINALIZADA,ILHA JOANA BEZERRA,RUA CAPITAO TEMUDO,0,,,NA DESCIDA DO VIADUTO SENT. BOA VIAGEM,,,,JOANA BEZERRA,COLISÃO TRASEIRA,,1,1,0,0,0,0,0,0,0,1,0,,BOA VIAGEM,Viaduto,Bom,Não existe,Perfeito estado,Seca,Perfeito estado,Não existe,Não há placas,60 km/h,Dupla,Canteiro central,,,915,202211259
2022-05-18,00:00:00,COM VÍTIMA,FINALIZADA,PORTO DA MADEIRA,AV BEBERIBE,4,3433,RUA PASCOAL SIVINI,"E/F AO CONJUNTO JOAO PAULO SEGUNDO,  POSTO SIVINI",,,,PORTO DA MADEIRA,COLISÃO TRANSVERSAL,,1,1,0,0,0,0,0,0,0,1,0,,,Longo da via,Bom,Não existe,Perfeito estado,Seca,Perfeito estado,Não existe,R-6a,,Dupla,Faixa contínua,Faixa seccionada,,918,202211297
2022-05-19,00:00:00,COM VÍTIMA,FINALIZADA,NOVA DESCOBERTA,RUA DA PAZ,0,,AV CHAGAS FERREIRA,AO LADO DA UPA,,,,NOVA DESCOBERTA,COLISÃO FRONTAL,,0,1,0,0,0,1,0,0,0,1,0,,SUBURBIO,Ponte,Bom,Não existe,Não existente,Seca,Mal conservada,Não existe,Não há placas,,Dupla,Não existe,,,920,202211339
2022-05-19,00:00:00,COM VÍTIMA,FINALIZADA,BOA VIAGEM,RUA DOS NAVEGANTES,3,785,RUA ERNESTO DE PAULA SANTOS,POR TRAS DO ANTIGO RECIFE PALACE,,,,BOA VIAGEM,COLISÃO TRANSVERSAL,,2,0,0,0,0,0,0,0,0,3,0,,,Cruzamento,Bom,Não existe,Perfeito estado,Seca,Perfeito estado,Faixa de retenção,"Placas ""Pare""",,Única,Faixa seccionada,,,921,202211361
2022-05-19,00:00:00,COM VÍTIMA,FINALIZADA,DERBY,AV GOVERNADOR AGAMENON MAGALHAES,0,,,NO SENTIDO OLINDA,,,,DERBY,COLISÃO TRASEIRA,,0,1,0,0,0,1,0,0,0,1,0,,,Longo da via,Bom,Não existe,Perfeito estado,Seca,Perfeito estado,Agente,Outras,60 km/h,Única,Faixa seccionada,,,922,202211369