data,hora,natureza_acidente,situacao,bairro,endereco,,numero,detalhe_endereco_acidente,complemento,endereco_cruzamento,numero_cruzamento,referencia_cruzamento,bairro_cruzamento,tipo,descricao,auto,moto,ciclom,ciclista,pedestre,onibus,caminhao,viatura,outros,vitimas,vitimasfatais,num_semaforo,sentido_via,acidente_verificado,tempo_clima,situacao_semaforo,sinalizacao,condicao_via,conservacao_via,ponto_controle,situacao_placa,velocidade_max_via,mao_direcao,divisao_via1,divisao_via2,divisao_via3,_id,Protocolo
2022-05-20,00:00:00,COM VÍTIMA,FINALIZADA,IMBIRIBEIRA,RUA ARQUITETO LUIZ NUNES,3,233,AV ENGENHEIRO ALVES DE SOUZA,ESQUINA COM JULIETO CAFE. EM FRENTE AO JULIETTO.,,,,IMBIRIBEIRA,COLISÃO TRANSVERSAL,,1,1,0,0,0,0,0,0,0,1,0,634,CIDADE,Cruzamento,Bom,Sem defeito,Perfeito estado,Seca,Perfeito estado,Faixa de pedestre,Não há placas,40 km/h,Dupla,Faixa contínua,Faixa seccionada,,924,202211425
2022-05-21,00:00:00,COM VÍTIMA,FINALIZADA,ARRUDA,RUA DO MACHADO,2,32,RUA DAS MOCAS,AO LADO CAMPO DO SANTA CRUZ,,,,ARRUDA,COLISÃO FRONTAL,,1,1,0,0,0,0,0,0,0,1,0,,CIDADE,Longo da via,Bom,Não existe,Perfeito estado,Seca,Perfeito estado,Faixa de pedestre,"Placas ""Pare""",30 km/h,Dupla,Não existe,,,926,202211506
2022-05-21,00:00:00,COM VÍTIMA,FINALIZADA,APIPUCOS,RUA DE APIPUCOS,3,685,,"APOS O POSTO BR E/F AO RESIDENCIAL APIPUCOS, LADO OPOSTO À RESERVA DE APIPUCOS.",,,,APIPUCOS,COLISÃO TRASEIRA,,1,1,0,0,0,0,0,0,0,1,0,,SUBURBIO,Longo da via,Bom,Não existe,Perfeito estado,Seca,Perfeito estado,Não existe,R-6a,,Dupla,Faixa contínua,,,927,202211544
2022-05-21,00:00:00,COM VÍTIMA,FINALIZADA,MADALENA,AV JOSE GONCALVES DE MEDEIROS,0,,,EM FRENTE A DPCA E MAXTROC.,,,,MADALENA,COLISÃO LATERAL,,1,1,0,0,0,0,0,0,0,2,0,,CIDADE,Longo da via,Bom,Não existe,Incompleta,Seca,Perfeito estado,Não existe,R-6a,,Única,Não existe,,,929,202211547
2022-05-21,00:00:00,COM VÍTIMA,FINALIZADA,TORRE,RUA PROFESSOR TRAJANO DE MENDONCA,0,,,FARMÁCIA DROGASIL,,,,TORRE,COLISÃO COM CICLISTA,,1,0,0,1,0,0,0,0,0,1,0,,CIDADE,Longo da via,Bom,Não existe,Perfeito estado,Seca,Perfeito estado,Não existe,Não há placas,,Única,Faixa seccionada,,,932,202211575
2022-05-22,00:00:00,COM VÍTIMA,FINALIZADA,MADALENA,EST DOS REMEDIOS,0,,AV JOSE GONCALVES DE MEDEIROS,E/F À POLICLINICA LESSA DE ANDRADE,,,,MADALENA,COLISÃO TRANSVERSAL,,1,1,0,0,0,0,0,0,0,1,0,353,CIDADE,Cruzamento,Bom,Sem defeito,Perfeito estado,Seca,Perfeito estado,Faixa de pedestre,"Placas ""Pare""",,Única,Faixa seccionada,,,933,202211581
2022-05-22,00:00:00,COM VÍTIMA,FINALIZADA,AFOGADOS,RUA SAO MIGUEL,0,,RUA LUIZ PEREIRA DE FARIAS,PARAISO DOS PET'S,,,,AFOGADOS,ATROPELAMENTO DE PESSOA,,0,1,0,0,1,0,0,0,0,2,0,,CIDADE,Cruzamento,Bom,Não existe,Perfeito estado,Seca,Perfeito estado,,,60 km/h,Dupla,Faixa contínua,,,934,202211604
2022-05-22,00:00:00,COM VÍTIMA,FINALIZADA,VARZEA,AV AFONSO OLINDENSE,2,72,AV CAXANGA,ENFRENTE AOS CORREIOS,,,,VÁRZEA,COLISÃO LATERAL,,1,1,0,0,0,0,0,0,0,1,0,568,SUBURBIO,Longo da via,Bom,Sem defeito,Incompleta,Seca,Perfeito estado,Faixa de pedestre,R-6a,30 km/h,Dupla,Faixa contínua,Faixa seccionada,,935,202211608
2022-05-22,00:00:00,COM VÍTIMA,FINALIZADA,MACAXEIRA,RUA MARIA AMALIA,1,7,SUB DA UNIAO,AO LADO DO CAMPO DA UNIÃO.,,,,MACAXEIRA,COLISÃO LATERAL,,1,1,0,0,0,0,0,0,0,1,0,,CIDADE,Longo da via,Chuvoso,Não existe,Não existente,Seca,Mal conservada,Não existe,Não há placas,,Dupla,Não existe,,,936,202211635
2022-05-22,00:00:00,COM VÍTIMA,FINALIZADA,BOA VIAGEM,RUA RIBEIRO DE BRITO,0,,RUA TENENTE DOMINGOS DE BRITO,EM FRENTE A IGREJA MARANATA,,,,BOA VIAGEM,COLISÃO TRANSVERSAL,,1,1,0,0,0,0,0,0,0,2,0,331,,Cruzamento,Chuvoso,Sem defeito,Perfeito estado,Molhada,Perfeito estado,Faixa de pedestre,Não há placas,,Única,Não existe,,,938,202211649
2022-05-22,00:00:00,COM VÍTIMA,FINALIZADA,JAQUEIRA,AV CONS ROSA E SILVA,4,1847,RUA NETO DE MENDONCA,EM FRENTE A SMART FIT,,,,JAQUEIRA,COLISÃO TRANSVERSAL,,0,2,0,0,0,0,0,0,0,1,0,686,SUBURBIO,Longo da via,Bom,Sem defeito,Perfeito estado,Seca,Perfeito estado,Faixa de retenção,Não há placas,60 km/h,Única,Faixa seccionada,,,939,202211650
2022-05-23,00:00:00,COM VÍTIMA,FINALIZADA,CORDEIRO,AV CAXANGA,4,2255,,EM FRENTE AO PARQUE DE EXPOSIÇÕES DE ANIMAIS DO CORDEIRO.,,,,CORDEIRO,ATROPELAMENTO DE PESSOA,,1,0,0,0,1,1,0,0,0,1,0,235,SUBURBIO,Longo da via,Chuvoso,Sem defeito,Perfeito estado,Molhada,Perfeito estado,Não existe,Outras,,Dupla,Faixa seccionada,,,940,202211667
2022-05-23,00:00:00,COM VÍTIMA,FINALIZADA,PARNAMIRIM,RUA DA ESTRELA,3,164,,EM FRENTE AO QUARTEL DO EXERCITO,,,,PARNAMIRIM,COLISÃO LATERAL,,1,1,0,0,0,0,0,0,0,2,0,,SUBURBIO,Longo da via,Chuvoso,Não existe,Perfeito estado,Molhada,Perfeito estado,Não existe,Outras,30 km/h,Dupla,Não existe,,,942,202211671
2022-05-23,00:00:00,COM VÍTIMA,FINALIZADA,TORRE,RUA JOSE BONIFACIO,3,851,,EM FRENTE A HONDA,,,,TORRE,COLISÃO TRASEIRA,,1,1,0,0,0,0,0,0,0,1,0,301,SUBURBIO,Longo da via,Bom,Sem defeito,Perfeito estado,Seca,Perfeito estado,Faixa de pedestre,Não há placas,,Única,Faixa seccionada,,,943,202211683
2022-05-23,00:00:00,COM VÍTIMA,FINALIZADA,BOA VISTA,RUA DOM BOSCO,0,,,EM FRENTE A RADIO PATRULHA,,,,BOA VISTA,COLISÃO TRANSVERSAL,,1,1,0,0,0,0,0,0,0,1,0,,SUBURBIO,Longo da via,Bom,Sem defeito,Perfeito estado,Seca,Perfeito estado,Não existe,Não há placas,40 km/h,Única,Faixa seccionada,,,944,202211684
2022-05-23,00:00:00,COM VÍTIMA,FINALIZADA,PINA,RUA MANOEL DE BRITO,3,243,,LADO OPOSTO AO CORPUS MOTEL.,,,,PINA,COLISÃO COM CICLISTA,,1,0,0,1,0,0,0,0,0,1,0,,CIDADE,Longo da via,Bom,Não existe,Perfeito estado,Seca,Perfeito estado,Outros,Não há placas,,Única,Faixa seccionada,,,945,202211687
2022-05-23,00:00:00,COM VÍTIMA,FINALIZADA,ILHA JOANA BEZERRA,VDO PAPA JOAO PAULO II,0,,,SOBRE O VIADUTO. AO LADO DO TI JOANA BEZERRA.,,,,JOANA BEZERRA,ATROPELAMENTO DE PESSOA,,3,0,0,0,1,0,0,0,0,1,0,,SUBURBIO,Viaduto,Chuvoso,Não existe,Não existente,Molhada,Perfeito estado,Não existe,Não há placas,60 km/h,Única,,,,949,202211746
2022-05-24,00:00:00,COM VÍTIMA,FINALIZADA,TORROES,RUA QUINZE DE MARCO,3,594,RUA VINTE E UM DE ABRIL,"PRÓX. À SANTIAGO PETSHOP,  BAR 21 BEER",,,,TORRÕES,CHOQUE,,1,0,0,0,0,0,0,0,0,1,0,,SUBURBIO,Cruzamento,Chuvoso,Não existe,Perfeito estado,Molhada,Mal conservada,Não existe,Não há placas,60 km/h,Dupla,Faixa seccionada,,,952,202211825
2022-05-24,00:00:00,COM VÍTIMA,FINALIZADA,IMBIRIBEIRA,AV MARECHAL MASCARENHAS DE MORAES,0,,PRC MINISTRO SALGADO FILHO,DENTRO DO AEROPORTO NA AREA DE CARGA E DESCARGA,,,,IMBIRIBEIRA,CAPOTAMENTO,,1,0,0,0,0,0,0,0,0,1,0,,SUBURBIO,Longo da via,Chuvoso,Não existe,Perfeito estado,Molhada,Perfeito estado,Não existe,Outras,,Única,Não existe,,,953,202211826
2022-05-24,00:00:00,COM VÍTIMA,FINALIZADA,ESTANCIA,AV RECIFE,4,5680,RUA LAURA BANDEIRA DE MELO,PRÓXIMO AO ASSAÍ,,,,ESTÂNCIA,COLISÃO LATERAL,,0,1,0,0,0,0,1,0,0,1,0,705,SUBURBIO,Cruzamento,Chuvoso,Sem defeito,Perfeito estado,Molhada,Perfeito estado,Agente,R-19,50 km/h,Dupla,Canteiro central,,,954,202211834
2022-05-24,00:00:00,COM VÍTIMA,FINALIZADA,SAN MARTIN,AV CONSUL VILARES FRAGOSO,3,375,,PRÓX A SECRETARIA DE SAUDE,,,,SAN MARTIN,COLISÃO LATERAL,,1,1,0,0,0,0,0,0,0,1,0,,,,,,,,,,,,,,,,956,202211852
2022-05-24,00:00:00,COM VÍTIMA,FINALIZADA,VARZEA,AV CAXANGA,0,,AV AFONSO OLINDENSE,SEMÁFORO 568,,,,VÁRZEA,COLISÃO COM CICLISTA,,0,0,0,1,0,1,0,0,0,1,0,568,SUBURBIO,Longo da via,Chuvoso,Sem defeito,Perfeito estado,Molhada,Perfeito estado,Faixa de pedestre,Outras,,Dupla,Faixa contínua,,,957,202211854
2022-05-25,00:00:00,COM VÍTIMA,FINALIZADA,CASA AMARELA,RUA DA HARMONIA,3,518,,PRÓX AO PLANETA KIDS E IGREJA DA HARMONIA,,,,CASA AMARELA,COLISÃO FRONTAL,,2,0,0,0,0,0,0,0,0,1,0,,SUBURBIO,Longo da via,Chuvoso,Não existe,Perfeito estado,Seca,Perfeito estado,Faixa de pedestre,Outras,30 km/h,Dupla,Faixa contínua,,,958,202211916
2022-05-26,00:00:00,COM VÍTIMA,FINALIZADA,BARRO,AV DR JOSE RUFINO,4,2221,RUA PALMEIRA,ACIDENTE COM VITIMA,,,,BARRO,COLISÃO FRONTAL,,3,0,0,0,0,0,0,0,0,1,0,539,CIDADE,Cruzamento,Bom,Sem defeito,Incompleta,Seca,Mal conservada,Faixa de pedestre,R-6a,40 km/h,Dupla,Faixa contínua,Faixa seccionada,,961,202211981
2022-05-26,00:00:00,COM VÍTIMA,FINALIZADA,GRACAS,AV GOVERNADOR AGAMENON MAGALHAES,0,,,PRÓX. AO CLUBE PORTUGUÊS,,,,GRAÇAS,COLISÃO LATERAL,,1,2,0,0,0,0,0,0,0,2,0,,CIDADE,Longo da via,Chuvoso,Sem defeito,Perfeito estado,Molhada,Perfeito estado,Faixa de pedestre,Não há placas,,Dupla,Canteiro central,Canal,,963,202211999
2022-05-26,00:00:00,COM VÍTIMA,FINALIZADA,ALTO SANTA TEREZINHA,RUA PROFESSOR JOSE AMARINO DOS REIS,4,2322,,PRÓX A GRAFICA CACTO,,,,ALTO SANTA TERESINHA,COLISÃO FRONTAL,,1,1,0,0,0,0,0,0,0,1,0,,,Longo da via,Chuvoso,Não existe,Perfeito estado,Molhada,Perfeito estado,Não existe,Não há placas,,Dupla,Faixa seccionada,,,964,202212018
2022-05-26,00:00:00,COM VÍTIMA,FINALIZADA,CASA AMARELA,AV DR EURICO CHAVES,3,171,,PRÓX AO BREGOSO BURGUER,,,,CASA AMARELA,COLISÃO FRONTAL,,0,2,0,0,0,0,0,0,0,1,0,,SUBURBIO,Longo da via,Chuvoso,Não existe,Perfeito estado,Molhada,Perfeito estado,Não existe,Não há placas,,Dupla,Faixa seccionada,,,965,202212019
2022-05-27,00:00:00,COM VÍTIMA,FINALIZADA,DERBY,AV GOVERNADOR AGAMENON MAGALHAES,0,,,E/F AO HOSPITAL DA RESTAURAÇÃO,,,,DERBY,COLISÃO TRASEIRA,,1,1,0,0,0,0,0,0,0,1,0,174,SUBURBIO,Longo da via,Chuvoso,Sem defeito,Perfeito estado,Molhada,Perfeito estado,Faixa de pedestre,R-6a,60 km/h,Dupla,Canteiro central,,,966,202212050
2022-05-27,00:00:00,COM VÍTIMA,FINALIZADA,DERBY,PRC DO DERBY,0,,RUA JENER DE SOUZA,EM FRNTE O QUARTEL DO DERBY,,,,DERBY,COLISÃO TRASEIRA,,1,1,0,0,0,0,0,0,0,1,0,40,CIDADE,Cruzamento,Chuvoso,Sem defeito,Perfeito estado,Molhada,Perfeito estado,Faixa de pedestre,Não há placas,,Única,Faixa contínua,Faixa seccionada,,967,202212064
2022-05-27,00:00:00,COM VÍTIMA,FINALIZADA,IMBIRIBEIRA,AV MARECHAL MASCARENHAS DE MORAES,4,3547,,"APÓS  O GERALDÃO, SENTIDO CIDADE",,,,IMBIRIBEIRA,COLISÃO LATERAL,,2,1,0,0,0,0,0,0,0,1,0,289,CIDADE,Longo da via,Chuvoso,Sem defeito,Perfeito estado,Molhada,Perfeito estado,Outros,Outras,,Dupla,Canteiro central,,,968,202212073
2022-05-27,00:00:00,COM VÍTIMA,FINALIZADA,CABANGA,RUA GUTIUBA,3,175,,PROXIMO AO INSTITUTO DAVID NASCIMENTO,,,,CABANGA,COLISÃO FRONTAL,,1,1,0,0,0,0,0,0,0,1,0,,SUBURBIO,Cruzamento,Chuvoso,Não existe,Perfeito estado,Seca,Perfeito estado,Não existe,Não há placas,40 km/h,Dupla,Não existe,,,969,202212074
2022-05-27,00:00:00,COM VÍTIMA,FINALIZADA,BOA VIAGEM,AV ENGENHEIRO DOMINGOS FERREIRA,0,,,EM FRENTE A PRAÇA JORNALISTA ANTONIO TEIXEIRA JUNIOR,,,,BOA VIAGEM,ATROPELAMENTO DE PESSOA,,0,1,0,0,1,0,0,0,0,1,0,,SUBURBIO,Longo da via,Chuvoso,,Perfeito estado,Molhada,Mal conservada,Não existe,Outras,,Única,Faixa contínua,Faixa seccionada,,972,202212084
2022-05-30,00:00:00,COM VÍTIMA,FINALIZADA,PORTO DA MADEIRA,AV BEBERIBE,4,3390,,EM FRENTE AO ARENA SHOW BAR,,,,PORTO DA MADEIRA,COLISÃO TRANSVERSAL,,1,1,0,0,0,0,0,0,0,1,0,388,SUBURBIO,Longo da via,Chuvoso,Sem defeito,Perfeito estado,Molhada,Perfeito estado,Faixa de pedestre,R-6a,,Dupla,Faixa contínua,Faixa seccionada,,973,202212211
2022-05-30,00:00:00,COM VÍTIMA,FINALIZADA,DERBY,AV GOVERNADOR AGAMENON MAGALHAES,2,53,RUA HENRIQUE DIAS,EM FRENTE AO INSTITUTO DIAGNOSTICO JOSE ROCHA DE SA,,,,DERBY,ATROPELAMENTO DE PESSOA,,0,0,0,0,1,1,0,0,0,1,0,68,,Longo da via,Chuvoso,Sem defeito,Perfeito estado,Molhada,Perfeito estado,Agente,,60 km/h,Dupla,Canal,,,974,202212233
2022-05-30,00:00:00,COM VÍTIMA,FINALIZADA,AREIAS,RUA JOSE NATARIO,3,175,,EM FRENTE AO CONSELHO TUTELAR RPA05,,,,AREIAS,COLISÃO LATERAL,,0,1,0,0,0,0,1,0,0,1,0,,,Longo da via,Chuvoso,Não existe,Ilegível,Seca,Perfeito estado,Não existe,R-6a,40 km/h,Dupla,Faixa seccionada,,,975,202212259
2022-05-31,00:00:00,COM VÍTIMA,FINALIZADA,CASA AMARELA,AV NORTE MIGUEL ARRAES DE ALENCAR,4,5786,,PROX. A RETIFICA PADRAO,,,,CASA AMARELA,COLISÃO TRASEIRA,,1,1,0,0,0,0,1,0,0,1,0,,CIDADE,Longo da via,Chuvoso,Sem defeito,Perfeito estado,Molhada,Perfeito estado,Não existe,Não há placas,,Dupla,Faixa seccionada,,,977,202212325
2022-05-31,00:00:00,COM VÍTIMA,FINALIZADA,DOIS IRMAOS,RUA DOIS IRMAOS,0,,AV DA RECUPERACAO,COM A RUA DA RECUPERAÇÃO (SEMAFORO Nº416,,,,DOIS IRMÃOS,CHOQUE,,0,0,0,0,0,1,0,0,0,1,0,416,SUBURBIO,Longo da via,Bom,Sem defeito,Perfeito estado,Molhada,Perfeito estado,Faixa de pedestre,R-6a,,Dupla,Faixa contínua,,,978,202212372
2022-06-01,00:00:00,COM VÍTIMA,FINALIZADA,CASA AMARELA,AV NORTE MIGUEL ARRAES DE ALENCAR,1,0,AV NORTE MIGUEL ARRAES DE ALENCAR,PROXIMO A MATERNIDADE BORROS LIMA,,,,CASA AMARELA,ATROPELAMENTO DE PESSOA,,0,1,0,0,1,0,0,0,0,1,0,,SUBURBIO,Longo da via,Bom,Não existe,Perfeito estado,Seca,Perfeito estado,Não existe,Não há placas,,Dupla,Canteiro central,,,982,202212444
2022-06-01,00:00:00,COM VÍTIMA,FINALIZADA,IMBIRIBEIRA,AV PINHEIROS,0,,,AO LADO DO RESIDENCIAL PINHEIROS,,,,IMBIRIBEIRA,COLISÃO LATERAL,,2,0,0,0,0,0,0,0,0,2,0,,,,,,,,,,,,,,,,983,202212447
2022-06-02,00:00:00,COM VÍTIMA,FINALIZADA,SAO JOSE,AV DANTAS BARRETO,4,1186,RUA SAO JOAO,EM FRENTE AO EDF SAN RAFAEL. AO LADO DA SECRETARIA DA FAZENDA - SEFAZ.,,,,SÃO JOSÉ,COLISÃO TRANSVERSAL,,1,0,0,0,0,1,0,0,0,2,0,54,SUBURBIO,Cruzamento,Chuvoso,Sem defeito,Perfeito estado,Molhada,Perfeito estado,Faixa de pedestre,Não há placas,,Dupla,Faixa contínua,,,985,202212456
2022-06-02,00:00:00,COM VÍTIMA,FINALIZADA,ILHA DO RETIRO,AV ENGENHEIRO ABDIAS DE CARVALHO,0,,AV JOSE GONCALVES DE MEDEIROS,"EM FRENTE AO CLUBE DO SPORT,  MC DONALDS",,,,ILHA DO RETIRO,COLISÃO COM CICLISTA,,0,1,0,1,0,0,0,0,0,2,0,355,SUBURBIO,Cruzamento,Bom,Sem defeito,Perfeito estado,Molhada,Perfeito estado,Faixa de pedestre,Não há placas,60 km/h,Dupla,Canteiro central,,,986,202212461
2022-06-02,00:00:00,COM VÍTIMA,FINALIZADA,ENCRUZILHADA,AV NORTE MIGUEL ARRAES DE ALENCAR,4,2459,,ANTES DA AV. JOÃO DE BARROS. LADO OPOSTO AO POSTO SETTA,,,,ENCRUZILHADA,ATROPELAMENTO DE PESSOA,,0,1,0,0,1,0,0,0,0,2,0,43,CIDADE,Longo da via,Bom,Sem defeito,Perfeito estado,Seca,Perfeito estado,,R-6a,,Dupla,Blocos,,,987,202212472
2022-06-02,00:00:00,COM VÍTIMA,FINALIZADA,PINA,AV ENGENHEIRO DOMINGOS FERREIRA,2,50,AV HERCULANO BANDEIRA,APOS A IGREGINHA,,,,PINA,COLISÃO LATERAL,,3,1,0,0,0,0,0,0,0,1,0,,SUBURBIO,Longo da via,Bom,Não existe,Não existente,Seca,Perfeito estado,Não existe,Não há placas,60 km/h,Única,Não existe,,,988,202212473
2022-06-02,00:00:00,COM VÍTIMA,FINALIZADA,ENCRUZILHADA,EST DE BELEM,3,164,RUA DONA JULIETA,"RUA DONA JULIETA,  PARÓQUIA NS DE BELÉM",,,,ENCRUZILHADA,QUEDA,,0,1,0,0,0,0,0,0,0,2,0,,CIDADE,Longo da via,Bom,Não existe,Perfeito estado,Seca,Perfeito estado,Não existe,R-6a,,Dupla,Faixa contínua,Faixa seccionada,,990,202212495
2022-06-02,00:00:00,COM VÍTIMA,FINALIZADA,AREIAS,AV DR JOSE RUFINO,4,2465,,SENTIDO JABOATÃO,,,,AREIAS,ATROPELAMENTO DE PESSOA,,0,1,0,0,1,0,0,0,0,1,0,,,,,,,,,,,,,,,,991,202212514
2022-06-03,00:00:00,COM VÍTIMA,FINALIZADA,PRADO,AV ENGENHEIRO ABDIAS DE CARVALHO,0,,RUA CARLOS GOMES,CRUZAMENTO DO SEMÁFORO 057,,,,PRADO,COLISÃO TRASEIRA,,1,1,0,0,0,0,0,0,0,1,0,57,SUBURBIO,Cruzamento,Chuvoso,Sem defeito,Perfeito estado,Molhada,Perfeito estado,,,60 km/h,Única,Faixa seccionada,,,993,202212582
2022-06-03,00:00:00,COM VÍTIMA,FINALIZADA,CAMPO GRANDE,AV GOVERNADOR AGAMENON MAGALHAES,0,,RUA ODORICO MENDES,PRÓX À CENTRAL DE FLAGRANTES - CEPLANC,,,,CAMPO GRANDE,COLISÃO TRANSVERSAL,,2,0,0,0,0,0,0,0,0,1,0,49,CIDADE,Cruzamento,Bom,Sem defeito,Perfeito estado,Seca,Perfeito estado,Faixa de pedestre,Não há placas,60 km/h,Dupla,Faixa contínua,,,994,202212594
2022-06-03,00:00:00,COM VÍTIMA,FINALIZADA,CASA FORTE,AV DEZESSETE DE AGOSTO,2,99,,LADO OPOSTO À FARMÁCIA PERMANENTE,,,,CASA FORTE,COLISÃO LATERAL,,1,1,0,0,0,0,0,0,0,1,0,,,Longo da via,Bom,Não existe,Perfeito estado,Seca,Perfeito estado,Outros,Outras,,Dupla,Faixa contínua,,,996,202212622
2022-06-03,00:00:00,COM VÍTIMA,FINALIZADA,TEJIPIO,RUA SARGENTO JUVENCIO,3,130,RUA DO SANCHO,RES. BOSQUE DAS PALMEIRAS / O ACIDENTE OCORREU NA  RUA DO SANCHO,,,,TEJIPIÓ,COLISÃO LATERAL,,1,1,0,0,0,0,0,0,0,1,0,,,,,,,,,,,,,,,,997,202212630
2022-06-03,00:00:00,COM VÍTIMA,FINALIZADA,CAXANGA,AV CAXANGA,0,,,EM FRENTE AO TERMINAL INTEGRADO,,,,CAXANGÁ,ENGAVETAMENTO,,2,0,0,0,0,1,0,0,0,2,0,,SUBURBIO,,,,,,,,,,,,,,998,202212639
2022-06-04,00:00:00,COM VÍTIMA,FINALIZADA,CAMPO GRANDE,RUA JERONIMO VILELA,3,803,AV PROFESSOR JOSE DOS ANJOS,NO CRUZAMENTO PROXIMO AO ESPETINHO,,,,CAMPO GRANDE,COLISÃO LATERAL,,2,0,0,0,0,0,0,0,0,1,0,642,,Cruzamento,Chuvoso,Sem defeito,Perfeito estado,Molhada,Perfeito estado,Faixa de pedestre,,40 km/h,Dupla,Canteiro central,,,1000,202212643
2022-06-04,00:00:00,COM VÍTIMA,FINALIZADA,PINA,AV HERCULANO BANDEIRA,3,627,,PROCURADORIA REGIONAL DA UNIÃO,,,,PINA,COLISÃO TRASEIRA,,1,1,0,0,0,0,0,0,0,1,0,,SUBURBIO,Longo da via,Chuvoso,Não existe,Perfeito estado,Molhada,Mal conservada,Não existe,R-6a,,Única,Faixa contínua,Faixa seccionada,,1002,202212670
2022-06-04,00:00:00,COM VÍTIMA,FINALIZADA,AFOGADOS,RUA SAO MIGUEL,3,685,RUA CARVALHO DE MENDONCA,SOB SEMÁFORO 391,,,,AFOGADOS,COLISÃO LATERAL,,1,1,0,0,0,0,0,0,0,1,0,391,CIDADE,Esquina,Chuvoso,Sem defeito,Perfeito estado,Molhada,Perfeito estado,Faixa de pedestre,Outras,,Dupla,Faixa contínua,,,1003,202212679
2022-06-04,00:00:00,COM VÍTIMA,FINALIZADA,CASA AMARELA,AV NORTE MIGUEL ARRAES DE ALENCAR,0,,COR DO BARTOLOMEU,,,,,CASA AMARELA,COLISÃO TRANSVERSAL,,0,2,0,0,0,0,0,0,0,2,0,79,CIDADE,Longo da via,Chuvoso,Sem defeito,Perfeito estado,Molhada,Perfeito estado,Faixa de pedestre,R-6a,,Dupla,Blocos,,,1005,202212686
2022-06-05,00:00:00,COM VÍTIMA,FINALIZADA,MANGABEIRA,RUA JACOB,3,306,RUA DO CINEMA,RECANTO DA DANDA/SAPA DA DANDA,,,,MANGABEIRA,COLISÃO TRASEIRA,,1,0,0,0,0,0,0,1,0,1,0,,SUBURBIO,Longo da via,Chuvoso,Não existe,Incompleta,Molhada,Perfeito estado,Não existe,Outras,,Dupla,Não existe,,,1006,202212711
2022-06-05,00:00:00,COM VÍTIMA,FINALIZADA,BOA VIAGEM,RUA DEZ DE JULHO,3,115,RUA CAMBOIM,,,,,BOA VIAGEM,COLISÃO TRANSVERSAL,,1,1,0,0,0,0,0,0,0,1,0,,CIDADE,Cruzamento,Bom,Não existe,Perfeito estado,Seca,Perfeito estado,Faixa de pedestre,"Placas ""Pare""",,Única,Faixa seccionada,,,1008,202212739
2022-06-05,00:00:00,COM VÍTIMA,FINALIZADA,ARRUDA,AV BEBERIBE,3,975,,PRÓXIMO AO CAMPO DO SANTA CRUZ / EM FRENTE AO LOJÃO DO PETRÓLEO,,,,ARRUDA,COLISÃO LATERAL,,1,1,0,0,0,0,0,0,0,1,0,,SUBURBIO,Longo da via,Bom,Não existe,Perfeito estado,Seca,Perfeito estado,Não existe,Não há placas,,Dupla,Faixa seccionada,,,1009,202212767
2022-06-06,00:00:00,COM VÍTIMA,FINALIZADA,TEJIPIO,RUA GENERAL MANUEL RABELO,3,498,,EM FRENTE A PRAÇA DO PACHECO,,,,TEJIPIÓ,COLISÃO COM CICLISTA,,1,1,0,1,0,0,0,0,0,3,0,,SUBURBIO,Longo da via,Chuvoso,Não existe,Perfeito estado,Molhada,Perfeito estado,Não existe,Não há placas,,Dupla,Faixa contínua,,,1010,202212790