data,hora,natureza_acidente,situacao,bairro,endereco,,numero,detalhe_endereco_acidente,complemento,endereco_cruzamento,numero_cruzamento,referencia_cruzamento,bairro_cruzamento,tipo,descricao,auto,moto,ciclom,ciclista,pedestre,onibus,caminhao,viatura,outros,vitimas,vitimasfatais,num_semaforo,sentido_via,acidente_verificado,tempo_clima,situacao_semaforo,sinalizacao,condicao_via,conservacao_via,ponto_controle,situacao_placa,velocidade_max_via,mao_direcao,divisao_via1,divisao_via2,divisao_via3,_id,Protocolo
2022-06-06,00:00:00,COM VÍTIMA,FINALIZADA,IPSEP,RUA JEAN EMILE FAVRE,4,1001,,"PROXIMO AO POSTO DE GASOLINA BR,  AGROPECUARIA IPSEP",,,,IPSEP,COLISÃO TRANSVERSAL,,1,1,0,0,0,0,0,0,0,1,0,,CIDADE,Longo da via,Chuvoso,Não existe,,Molhada,Perfeito estado,Não existe,R-6a,,Dupla,Faixa contínua,,,1012,202212876
2022-06-07,00:00:00,COM VÍTIMA,FINALIZADA,CASA AMARELA,AV NORTE MIGUEL ARRAES DE ALENCAR,4,6465,AV NORTE MIGUEL ARRAES DE ALENCAR,EM FRENTE Á POLICLÍNICA BARROS LIMA,,,,CASA AMARELA,COLISÃO TRASEIRA,,1,1,0,0,0,0,0,0,0,1,0,256,SUBURBIO,Esquina,Chuvoso,Sem defeito,Perfeito estado,Molhada,Perfeito estado,Faixa de pedestre,R-6a,60 km/h,Dupla,Faixa contínua,Canteiro central,,1015,202212913
2022-06-07,00:00:00,COM VÍTIMA,FINALIZADA,BOA VISTA,AV GOVERNADOR AGAMENON MAGALHAES,0,,RUA DOM BOSCO,,,,,BOA VISTA,COLISÃO TRANSVERSAL,,1,1,0,0,0,0,0,0,0,1,0,174,SUBURBIO,Cruzamento,Chuvoso,Sem defeito,Incompleta,Molhada,Mal conservada,Agente,,60 km/h,Dupla,Canal,,,1016,202212920
2022-06-07,00:00:00,COM VÍTIMA,FINALIZADA,MADALENA,RUA JANUARIO BARBOSA,0,,AV VISCONDE DE ALBUQUERQUE,PRAÇA DE QUEIROZ,,,,MADALENA,COLISÃO LATERAL,,1,1,0,0,0,0,0,0,0,1,0,,SUBURBIO,Cruzamento,Chuvoso,Não existe,Perfeito estado,Molhada,Perfeito estado,Não existe,R-6a,,Única,Faixa seccionada,,,1017,202212922
2022-06-07,00:00:00,COM VÍTIMA,FINALIZADA,ESTANCIA,AV DR JOSE RUFINO,3,846,,EM  FRENTE JUNIOR CAR,,,,ESTÂNCIA,COLISÃO LATERAL,,1,1,0,0,0,0,0,0,0,1,0,,SUBURBIO,,,,,,,,,,,,,,1019,202212951
2022-06-07,00:00:00,COM VÍTIMA,FINALIZADA,CASA FORTE,AV DEZESSETE DE AGOSTO,2,50,,PROX A PRAÇA 17,,,,CASA FORTE,COLISÃO TRANSVERSAL,,1,1,0,0,0,0,0,0,0,1,0,,CIDADE,Longo da via,Bom,Não existe,Perfeito estado,Seca,Perfeito estado,Outros,Outras,,Dupla,Faixa contínua,,,1020,202212958
2022-06-07,00:00:00,COM VÍTIMA,FINALIZADA,AREIAS,AV RECIFE,4,1040,,PRÓXIMO A CHURRASCARIA PAJUÇARA,,,,AREIAS,COLISÃO LATERAL,,0,1,0,0,0,0,0,1,0,1,0,,,Longo da via,Bom,Não existe,Perfeito estado,Seca,,Não existe,Não há placas,60 km/h,Dupla,Canteiro central,,,1021,202212966
2022-06-07,00:00:00,COM VÍTIMA,FINALIZADA,BOA VISTA,RUA GERVASIO PIRES,3,125,AV MANOEL BORBA,,,,,BOA VISTA,COLISÃO TRASEIRA,,2,0,0,0,0,0,0,0,0,1,0,169,SUBURBIO,Cruzamento,Bom,Com defeito,Perfeito estado,Seca,Perfeito estado,Faixa de pedestre,,,Única,Faixa contínua,,,1023,202213002
2022-06-08,00:00:00,COM VÍTIMA,FINALIZADA,FUNDAO,AV BEBERIBE,4,2960,,PRÓXIMO A PRAÇA DO FUNDÃO,,,,FUNDÃO,COLISÃO FRONTAL,,1,1,0,0,0,0,0,0,0,1,0,,SUBURBIO,Longo da via,Chuvoso,Não existe,Não existente,Molhada,Perfeito estado,Não existe,Não há placas,,Dupla,Canteiro central,,,1024,202213007
2022-06-08,00:00:00,COM VÍTIMA,FINALIZADA,ILHA DO RETIRO,RUA ASTORGA,3,70B,EST DOS REMEDIOS,AO LADO DA LOJA CONSUMA EXCELÊNCIA EM TECNOLOGIA.,,,,ILHA DO RETIRO,COLISÃO LATERAL,,1,1,0,0,0,0,0,0,0,1,0,,CIDADE,Longo da via,Bom,Não existe,Perfeito estado,Seca,Perfeito estado,Não existe,Não há placas,30 km/h,Dupla,Não existe,,,1025,202213030
2022-06-08,00:00:00,COM VÍTIMA,FINALIZADA,ILHA DO RETIRO,RUA SPORT CLUBE DO RECIFE,0,,RUA PAISSANDU,DO LADO DO ESTÁDIO DO SPORT,,,,ILHA DO RETIRO,COLISÃO LATERAL,,0,0,0,0,0,0,0,0,0,1,0,367,CIDADE,,,,,,,,,,,,,,1026,202213034
2022-06-08,00:00:00,COM VÍTIMA,FINALIZADA,IPUTINGA,AV CAXANGA,4,3860,,EM FRENTEAO HOSPITAL BARÃO DE LUSENA,,,,IPUTINGA,ATROPELAMENTO DE PESSOA,,1,1,0,0,1,0,0,0,0,1,0,,SUBURBIO,Longo da via,Bom,Não existe,Perfeito estado,Seca,Perfeito estado,Não existe,Não há placas,60 km/h,Única,Faixa seccionada,,,1031,202213081
2022-06-08,00:00:00,COM VÍTIMA,FINALIZADA,BOA VIAGEM,AV BOA VIAGEM,3,914,,EM FRENTE AO EDIFICIO MANTO SAGRADO. EDF NOSSA SENHORA DE COPACABANA (914),,,,BOA VIAGEM,COLISÃO TRASEIRA,,1,1,0,0,0,0,0,0,0,1,0,,CIDADE,Longo da via,Bom,Sem defeito,Perfeito estado,Seca,Perfeito estado,Faixa de pedestre,Não há placas,60 km/h,Única,,,,1032,202213116
2022-06-08,00:00:00,COM VÍTIMA,FINALIZADA,SAO JOSE,AV DANTAS BARRETO,4,1090,,EM FRENTE AO ANTIGO SANTADER. PRÓXIMO AO CAMELÓDROMO.,,,,SÃO JOSÉ,ATROPELAMENTO DE PESSOA,,0,0,0,0,1,1,0,0,0,1,0,,SUBURBIO,Longo da via,Bom,Não existe,Perfeito estado,Seca,Perfeito estado,Não existe,Outras,,Dupla,Faixa contínua,,,1033,202213119
2022-06-08,00:00:00,COM VÍTIMA,FINALIZADA,GRACAS,RUA ALBERTO PAIVA,0,,AV RUI BARBOSA,MUSEU DO ESTADO DE PERNAMBUCO,,,,GRAÇAS,COLISÃO TRASEIRA,,1,1,0,0,0,0,0,0,0,1,0,,SUBURBIO,Longo da via,Bom,Não existe,Perfeito estado,Seca,Perfeito estado,Não existe,R-6a,,Única,Faixa seccionada,,,1034,202213123
2022-06-09,00:00:00,COM VÍTIMA,FINALIZADA,SITIO DOS PINTOS,EST DOS PINTOS,2,23,,PANIFICADORA NOVA OPÇÃO. EM FRENTE À IGREJA DEUS É AMOR.,,,,SÍTIO DOS PINTOS,COLISÃO FRONTAL,,0,1,0,0,0,1,0,0,0,1,0,,DOIS IRMÃOS,Longo da via,Nublado,Não existe,Incompleta,Seca,Perfeito estado,Não existe,Outras,,Dupla,Não existe,,,1035,202213138
2022-06-09,00:00:00,COM VÍTIMA,FINALIZADA,TEJIPIO,AV DR JOSE RUFINO,0,,,EM FRENTE À ESTAÇÃO DO METRÔ DE TEJIPIÓ,,,,TEJIPIÓ,COLISÃO TRANSVERSAL,,1,1,0,0,0,0,0,0,0,1,0,434,SUBURBIO,Longo da via,Bom,Sem defeito,Incompleta,Seca,Perfeito estado,Faixa de pedestre,,,,Faixa contínua,,,1036,202213139
2022-06-09,00:00:00,COM VÍTIMA,FINALIZADA,CAXANGA,RUA RIBEIRO PESSOA,3,324,,PROX A UPA DA CAXANGA. CONDOMÍNIO FICOS BENJAMIN,,,,CAXANGÁ,COLISÃO TRANSVERSAL,,1,1,0,0,0,0,0,0,0,1,0,,SUBURBIO,Longo da via,Bom,Não existe,Perfeito estado,Seca,Perfeito estado,,,60 km/h,Dupla,Faixa seccionada,,,1039,202213216
2022-06-09,00:00:00,COM VÍTIMA,FINALIZADA,ESTANCIA,AV DR JOSE RUFINO,3,892,,LADO OPOSTO A HONDA SENTIDO JABOATÃO. EREM JOSÉ MARIANO,,,,ESTÂNCIA,ATROPELAMENTO DE PESSOA,,1,0,0,0,1,0,0,0,0,1,0,,SUBURBIO,Longo da via,Bom,Sem defeito,Perfeito estado,Seca,Perfeito estado,Faixa de pedestre,Outras,50 km/h,Dupla,Faixa contínua,,,1040,202213231
2022-06-10,00:00:00,COM VÍTIMA,FINALIZADA,BOA VIAGEM,AV BOA VIAGEM,4,5212,,EM FRENTE AO EDFÍCIO TRANSATLANTICO,,,,BOA VIAGEM,COLISÃO LATERAL,,5,0,0,0,0,0,0,0,0,1,0,,CIDADE,Longo da via,Bom,Não existe,Perfeito estado,Seca,Perfeito estado,Não existe,Não há placas,,Única,Faixa seccionada,,,1041,202213234
2022-06-10,00:00:00,COM VÍTIMA,FINALIZADA,SANTO AMARO,AV GOVERNADOR AGAMENON MAGALHAES,4,118A,,NA DESCIDA DO VIADUTO DA JOAO DE BARROS. EM FRENTE À UPE,,,,SANTO AMARO,COLISÃO LATERAL,,1,1,0,0,0,0,0,0,0,1,0,,SUBURBIO,Viaduto,Bom,Não existe,Não existente,Seca,Perfeito estado,Não existe,Outras,,Dupla,Canteiro central,,,1043,202213262
2022-06-10,00:00:00,COM VÍTIMA,FINALIZADA,CAMPO GRANDE,AV GOVERNADOR AGAMENON MAGALHAES,0,,RUA ODORICO MENDES,,,,,CAMPO GRANDE,COLISÃO TRANSVERSAL,,2,0,0,1,0,0,0,0,0,2,0,49,CIDADE,Cruzamento,Bom,Com defeito,Perfeito estado,Seca,Perfeito estado,Outros,Outras,,Dupla,Faixa contínua,,,1044,202213269
2022-06-10,00:00:00,COM VÍTIMA,FINALIZADA,SANTO AMARO,RUA DOS PALMARES,0,,RUA ARNOBIO MARQUES,AO LADO DO HOSPITAL DO PROCAPE,,,,SANTO AMARO,COLISÃO TRANSVERSAL,,1,1,0,0,0,0,0,0,0,1,0,,SUBURBIO,Cruzamento,Bom,Não existe,Perfeito estado,Seca,Perfeito estado,Não existe,Não há placas,60 km/h,Única,Faixa seccionada,,,1045,202213290
2022-06-10,00:00:00,COM VÍTIMA,FINALIZADA,SANTO AMARO,RUA DA AURORA,3,703,,EM FRENTE COLEGIO GINASIO PERNAMBUCANO,,,,SANTO AMARO,COLISÃO TRASEIRA,,2,0,0,0,0,2,0,0,0,3,0,429,SUBURBIO,Longo da via,Bom,Sem defeito,Perfeito estado,Seca,Perfeito estado,Não existe,R-6a,,Única,Canteiro central,,,1046,202213298
2022-06-10,00:00:00,COM VÍTIMA,FINALIZADA,BOA VIAGEM,RUA DOS NAVEGANTES,4,4558,RUA CORONEL BENEDITO CHAVES,POR TRÁS DO CASTELINHO,,,,BOA VIAGEM,COLISÃO TRANSVERSAL,,1,1,0,0,0,0,0,0,0,2,0,,SUBURBIO,Cruzamento,Bom,Sem defeito,Perfeito estado,Seca,Perfeito estado,,"Placas ""Pare""",,Única,Não existe,,,1047,202213314
2022-06-10,00:00:00,COM VÍTIMA,FINALIZADA,CASA AMARELA,AV NORTE MIGUEL ARRAES DE ALENCAR,0,,,EM FRENTE AO SESC,,,,CASA AMARELA,COLISÃO TRANSVERSAL,,1,1,0,0,0,0,0,0,0,1,0,364,SUBURBIO,Longo da via,Bom,Sem defeito,Perfeito estado,Seca,Perfeito estado,Faixa de pedestre,"Placas ""Pare""",,Dupla,Canteiro central,,,1048,202213316
2022-06-10,00:00:00,COM VÍTIMA,FINALIZADA,JORDAO,AV MARIA IRENE,2,26,RUA ANTONIO ROCHA,EM FRENTE AO MARTELINO DE OURO,,,,JORDÃO,COLISÃO FRONTAL,,1,1,0,0,0,0,0,0,0,1,0,,SUBURBIO,Esquina,Bom,Não existe,Não existente,Molhada,Mal conservada,,Não há placas,30 km/h,Dupla,Faixa contínua,,,1049,202213317
2022-06-11,00:00:00,COM VÍTIMA,FINALIZADA,IMBIRIBEIRA,AV MARECHAL MASCARENHAS DE MORAES,0,,,JUSTIÇA DO TRABALHO. SOB VIADUTO TANCREDO NEVES,,,,IMBIRIBEIRA,ATROPELAMENTO DE PESSOA,,0,0,0,0,1,1,0,0,0,1,0,,CIDADE,Longo da via,Chuvoso,Não existe,,Molhada,,Não existe,Não há placas,,Única,Faixa seccionada,,,1050,202213325
2022-06-11,00:00:00,COM VÍTIMA,FINALIZADA,HIPODROMO,RUA MADRE ROSA GATTORNO,3,110,,PROXIMO Á PRAÇA DO HIPÓDROMO,,,,HIPÓDROMO,COLISÃO LATERAL,,1,1,0,0,0,0,0,0,0,1,0,,,,,,,,,,,,,,,,1052,202213373
2022-06-11,00:00:00,COM VÍTIMA,FINALIZADA,MUSTARDINHA,AV MANOEL GONCALVES DA LUZ,3,272,,PROXIMO AO ARMAZEM POPULAR,,,,MUSTARDINHA,COLISÃO LATERAL,,1,1,0,0,0,0,0,0,0,1,0,,SUBURBIO,Longo da via,Chuvoso,Não existe,Incompleta,Molhada,Mal conservada,Não existe,R-6a,,Dupla,Faixa seccionada,,,1053,202213374
2022-06-11,00:00:00,COM VÍTIMA,FINALIZADA,JAQUEIRA,RUA PADRE ROMA,0,,RUA DO FUTURO,ANTES DO HOSPITAL ALBERT SABIN NO SEMAFORO 223,,,,JAQUEIRA,COLISÃO COM CICLISTA,,0,0,0,1,0,1,0,0,0,1,0,223,SUBURBIO,Longo da via,Chuvoso,Sem defeito,Perfeito estado,Molhada,Perfeito estado,Faixa de retenção,R-4b,,Dupla,Canteiro central,,,1054,202213388
2022-06-11,00:00:00,COM VÍTIMA,FINALIZADA,AFOGADOS,EST DOS REMEDIOS,0,,,EM FRENTE AO RACE RODAS,,,,AFOGADOS,COLISÃO TRASEIRA,,2,0,0,0,0,0,0,0,0,1,0,,,,,,,,,,,,,,,,1055,202213393
2022-06-12,00:00:00,COM VÍTIMA,FINALIZADA,SANTO AMARO,AV DR JAYME DA FONTE,0,,RUA MARIO ALBUQUERQUE CAVALCANTI,RUA DA COMPESA,,,,SANTO AMARO,ATROPELAMENTO DE PESSOA,,1,0,0,0,1,0,0,0,0,1,0,,SUBURBIO,Longo da via,Bom,Não existe,Perfeito estado,Seca,Perfeito estado,Não existe,Não há placas,,Dupla,Faixa seccionada,Canteiro central,,1056,202213404
2022-06-12,00:00:00,COM VÍTIMA,FINALIZADA,PINA,RUA ARTUR MUNIZ,3,602,,EM FRENTE A NAU FRUTOS DO MAR,,,,PINA,CHOQUE,,1,1,0,0,0,0,0,0,0,1,0,,CIDADE,Longo da via,Bom,Não existe,Não existente,Seca,Perfeito estado,Não existe,Não há placas,30 km/h,Dupla,Não existe,,,1057,202213423
2022-06-12,00:00:00,COM VÍTIMA,FINALIZADA,MADALENA,RUA REAL DA TORRE,3,538,RUA DR ARTUR GONCALVES,EM FRENTE AO MERCADO DA MADALENA,,,,MADALENA,COLISÃO TRANSVERSAL,,2,0,0,0,0,0,0,0,0,1,0,,CIDADE,Longo da via,Bom,Não existe,Perfeito estado,Seca,Perfeito estado,Não existe,R-6a,,Única,Faixa seccionada,,,1058,202213424
2022-06-12,00:00:00,COM VÍTIMA,FINALIZADA,IMBIRIBEIRA,AV MARECHAL MASCARENHAS DE MORAES,3,841,,EM FRENTE A D MAGAZINE,,,,IMBIRIBEIRA,COLISÃO LATERAL,,2,0,0,0,0,0,0,0,0,1,0,,CIDADE,Cruzamento,Bom,Sem defeito,Perfeito estado,Seca,Perfeito estado,Faixa de pedestre,Não há placas,,Dupla,Canteiro central,,,1059,202213453
2022-06-12,00:00:00,COM VÍTIMA,FINALIZADA,TOTO,AV LIBERDADE,4,1420,,PRESIDIO ANIBAL BRUNO,,,,TOTÓ,ATROPELAMENTO DE PESSOA,,1,0,0,0,1,0,0,0,0,1,0,,CIDADE,,,,,,,,,,,,,,1060,202213455
2022-06-12,00:00:00,COM VÍTIMA,FINALIZADA,BOMBA DO HEMETERIO,RUA ARLINDO CISNEIRO,2,20,,ACADEMIA CIA DO CORPO,,,,BOMBA DO HEMETÉRIO,ATROPELAMENTO DE PESSOA,,1,0,0,0,2,0,0,0,0,2,0,,SUBURBIO,Rotatória,Bom,Não existe,Incompleta,Seca,Perfeito estado,Não existe,Não há placas,,Dupla,Não existe,,,1061,202213456
2022-06-12,00:00:00,COM VÍTIMA,FINALIZADA,CORDEIRO,EST DO FORTE DO ARRAIAL N. DO B. JESUS,3,750,RUA DR MIGUEL VIEIRA FERREIRA,SEMAFARO 249,,,,CORDEIRO,COLISÃO FRONTAL,,1,1,0,0,0,0,0,0,0,1,0,249,SUBURBIO,Cruzamento,Bom,Sem defeito,Perfeito estado,Seca,Perfeito estado,Faixa de pedestre,Não há placas,30 km/h,Dupla,Faixa contínua,,,1062,202213458
2022-06-13,00:00:00,COM VÍTIMA,FINALIZADA,PINA,AV CELSO FURTADO,0,,,NA PONTE DE ACESSO AO BIGBOMPREÇO. PRÓXIMO AO VIADUTO DOM JOÃO VI.,,,,PINA,COLISÃO TRASEIRA,,0,2,0,0,0,0,0,0,0,2,0,,SUBURBIO,Viaduto,Bom,Não existe,Perfeito estado,Seca,Perfeito estado,Não existe,Não há placas,60 km/h,Única,Faixa seccionada,,,1065,202213473
2022-06-14,00:00:00,COM VÍTIMA,FINALIZADA,BONGI,AV ENGENHEIRO ABDIAS DE CARVALHO,0,,RUA CARLOS GOMES,EM FRENTE À BIG CAR,,,,BONGI,COLISÃO COM CICLISTA,,0,1,0,1,0,0,0,0,0,1,0,57,CIDADE,Cruzamento,Bom,Sem defeito,Perfeito estado,Seca,Perfeito estado,Não existe,Não há placas,30 km/h,Única,Não existe,,,1070,202213556
2022-06-14,00:00:00,COM VÍTIMA,FINALIZADA,IBURA,AV DOIS RIOS,3,673,,EM FRENTE À IGREJA UNIVERSAL,,,,IBURA,COLISÃO LATERAL,,0,1,0,0,0,0,1,0,0,1,0,,SUBURBIO,Longo da via,Bom,Sem defeito,Ilegível,Seca,Mal conservada,,,,Dupla,Não existe,,,1071,202213562
2022-06-14,00:00:00,COM VÍTIMA,FINALIZADA,JARDIM SAO PAULO,AV SAO PAULO,3,625,,EM FRENTE A FARMACIA PAGUE MENOS,,,,JARDIM SÃO PAULO,COLISÃO LATERAL,,1,1,0,0,0,0,0,0,0,1,0,,CIDADE,Longo da via,Bom,Não existe,Incompleta,Seca,Perfeito estado,Não existe,Não há placas,,Dupla,Não existe,,,1072,202213583
2022-06-14,00:00:00,COM VÍTIMA,FINALIZADA,IPUTINGA,AV CAXANGA,0,,EST DO BARBALHO,EM FRENTE AO BIGBOMPREÇO,,,,IPUTINGA,COLISÃO TRANSVERSAL,,0,2,0,0,0,0,0,0,0,3,0,533,SUBURBIO,Cruzamento,Bom,Sem defeito,Perfeito estado,Seca,Perfeito estado,Agente,Não há placas,60 km/h,Única,Canteiro central,,,1073,202213585
2022-06-14,00:00:00,COM VÍTIMA,FINALIZADA,CORDEIRO,AV GENERAL SAN MARTIN,0,,,EM FRENTE AO CENTRO DE DISTRIBUIÇÃO DOS CORREIOS.,,,,CORDEIRO,COLISÃO TRASEIRA,,0,2,0,0,0,0,0,0,0,1,0,,CORDEIRO,Longo da via,Bom,Não existe,Perfeito estado,Seca,Perfeito estado,Não existe,Não há placas,40 km/h,Dupla,Faixa contínua,,,1075,202213592
2022-06-14,00:00:00,COM VÍTIMA,FINALIZADA,CAMPO GRANDE,RUA PROFESSOR FRANCISCO DA TRINDADE,3,290,RUA SAO CAETANO,DUAS RUAS POR TRAS DO CLUBE DAS PAZ,,,,CAMPO GRANDE,COLISÃO TRANSVERSAL,,2,0,0,0,0,0,0,0,0,1,0,,SUBURBIO,Não informado,Bom,Não existe,Não existente,Seca,Perfeito estado,Não existe,Não há placas,,Dupla,Não existe,,,1076,202213594
2022-06-14,00:00:00,COM VÍTIMA,FINALIZADA,CORDEIRO,AV CAXANGA,0,,,CANAL DO CAVOUCO,,,,CORDEIRO,COLISÃO TRASEIRA,,1,1,0,0,0,0,0,0,0,2,0,,SUBURBIO,Longo da via,Bom,Não existe,Perfeito estado,Seca,Perfeito estado,Não existe,Não há placas,,Dupla,Canteiro central,,,1077,202213603
2022-06-14,00:00:00,COM VÍTIMA,FINALIZADA,MANGUEIRA,RUA DR JOAO ELISIO,3,294,RUA HORIZONTINA,EM FRENTE A PADARIA SANTO ANTONIO,,,,MANGUEIRA,COLISÃO TRANSVERSAL,,0,2,0,0,0,0,0,0,0,2,0,,SUBURBIO,Longo da via,Bom,Não existe,Ilegível,Seca,Mal conservada,Não existe,Não há placas,,Dupla,Não existe,,,1078,202213618
2022-06-15,00:00:00,COM VÍTIMA,FINALIZADA,BEBERIBE,AV BEBERIBE,4,4024,,EM FRENTE AO REI DO ARRUMADINHO,,,,BEBERIBE,COLISÃO LATERAL,,0,2,0,0,0,0,0,0,0,3,0,,CIDADE,Longo da via,Bom,Não existe,Perfeito estado,Seca,Perfeito estado,Outros,Não há placas,,Dupla,Faixa contínua,Faixa seccionada,,1079,202213642
2022-06-15,00:00:00,COM VÍTIMA,FINALIZADA,BOA VIAGEM,AV ENGENHEIRO DOMINGOS FERREIRA,0,,RUA CORONEL BENEDITO CHAVES,EM FRENTE AO DRIVE THRU DA MC DONALDS,,,,BOA VIAGEM,COLISÃO TRASEIRA,,1,1,0,0,0,0,0,0,0,1,0,128,SUBURBIO,Cruzamento,Bom,Sem defeito,Perfeito estado,Seca,Perfeito estado,Faixa de pedestre,Outras,60 km/h,Única,Faixa contínua,,,1080,202213652
2022-06-15,00:00:00,COM VÍTIMA,FINALIZADA,MADALENA,AV CAXANGA,0,,RUA JOAO IVO DA SILVA,PROX AO MUSEU DA ABOLIÇÃO. BANCO BRADESCO,,,,MADALENA,COLISÃO TRANSVERSAL,,0,2,0,0,0,0,0,0,0,2,0,257,CIDADE,Cruzamento,Bom,Sem defeito,Perfeito estado,Seca,Perfeito estado,Outros,Não há placas,60 km/h,Única,Faixa contínua,,,1081,202213662
2022-06-15,00:00:00,COM VÍTIMA,FINALIZADA,TORRE,RUA PROFESSOR TRAJANO DE MENDONCA,3,200,,EM FRENTE AO POSTO SHEL DA REAL TORRE,,,,TORRE,COLISÃO LATERAL,,2,1,0,0,0,0,0,0,0,1,0,,CIDADE,Longo da via,Bom,Não existe,Perfeito estado,Seca,Perfeito estado,Não existe,R-6a,,Única,Faixa seccionada,,,1084,202213675
2022-06-15,00:00:00,COM VÍTIMA,FINALIZADA,SANTO AMARO,RUA FRANCISCO JACINTO,3,366,,"AO LADO DA IGREJA BATISTA CENTRAL, PRÓXIMO À DELEGACIA DE POLICIA CIVIL",,,,SANTO AMARO,COLISÃO TRANSVERSAL,,1,1,0,0,0,0,0,0,0,1,0,,CIDADE,Longo da via,Bom,Não existe,Não existente,Seca,Perfeito estado,Não existe,Não há placas,,Dupla,Não existe,,,1085,202213696
2022-06-15,00:00:00,COM VÍTIMA,FINALIZADA,SAN MARTIN,AV GENERAL SAN MARTIN,4,2482,,EM FRENTE A CLINICA AMOR DE BICHO. FERRO VELHO REI DA SUCATA.,,,,SAN MARTIN,COLISÃO COM CICLISTA,,1,0,0,1,0,0,0,0,0,1,0,,SUL,Longo da via,Bom,Não existe,Perfeito estado,Seca,Perfeito estado,Não existe,Não há placas,40 km/h,Dupla,Faixa seccionada,,,1087,202213705
2022-06-15,00:00:00,COM VÍTIMA,FINALIZADA,GRACAS,AV RUI BARBOSA,0,,,AO LADO DO MURO DO  COLEGIO AGNES,,,,GRAÇAS,COLISÃO TRASEIRA,,1,1,0,0,0,0,0,0,0,1,0,,,,,,,,,,,,,,,,1088,202213706
2022-06-15,00:00:00,COM VÍTIMA,FINALIZADA,BOA VIAGEM,RUA RIBEIRO DE BRITO,4,1507,,VIADUTO TANCREDO NEVES,,,,BOA VIAGEM,ATROPELAMENTO DE ANIMAL,,0,1,0,0,0,0,0,0,0,1,0,,SUBURBIO,Longo da via,Bom,Não existe,Perfeito estado,Seca,Perfeito estado,Agente,Não há placas,,Única,Faixa seccionada,,,1089,202213708
2022-06-16,00:00:00,COM VÍTIMA,FINALIZADA,BOA VIAGEM,AV ENGENHEIRO DOMINGOS FERREIRA,3,287,RUA PADRE BERNADINO PESSOA,"PRÓXIMO AO CARREFOUR. EM FRENTE À PAMESA DO BRASIL, Nº 2800",,,,BOA VIAGEM,COLISÃO TRANSVERSAL,,2,0,0,0,0,0,0,0,0,3,0,144,SUBURBIO,Cruzamento,Chuvoso,Sem defeito,Perfeito estado,Molhada,Perfeito estado,Faixa de pedestre,Não há placas,,Única,Canteiro central,,,1092,202213732
2022-06-16,00:00:00,COM VÍTIMA,FINALIZADA,SANTO AMARO,AV NORTE MIGUEL ARRAES DE ALENCAR,4,890A,RUA SAO SEBASTIAO,ANTES DA SUBIDA DO VIADUTO. LADO OPOSTO AO CENTRO DA JUVENTUDE DE SANTO AMARO.,,,,SANTO AMARO,ATROPELAMENTO DE PESSOA,,0,1,0,0,1,0,0,0,0,1,0,397,SUBURBIO,Longo da via,Bom,Sem defeito,Perfeito estado,Seca,Perfeito estado,Faixa de pedestre,Não há placas,60 km/h,Dupla,Canteiro central,,,1093,202213759
2022-06-16,00:00:00,COM VÍTIMA,FINALIZADA,ENCRUZILHADA,AV NORTE MIGUEL ARRAES DE ALENCAR,4,5050,,PROX AO REI DA PICANHA,,,,ENCRUZILHADA,COLISÃO TRASEIRA,,1,1,0,0,0,0,0,0,0,1,0,,,Longo da via,Chuvoso,Não existe,Incompleta,Seca,Perfeito estado,Não existe,Não há placas,,Dupla,Blocos,,,1094,202213774
2022-06-16,00:00:00,COM VÍTIMA,FINALIZADA,DERBY,AV GOVERNADOR CARLOS DE LIMA CAVALCANTI,0,,AV GOVERNADOR AGAMENON MAGALHAES,AO LADO DA MC DONALD,,,,DERBY,ATROPELAMENTO DE PESSOA,,0,0,0,0,1,1,0,0,0,1,0,75,CIDADE,Cruzamento,Bom,Sem defeito,Perfeito estado,Seca,Perfeito estado,Faixa de pedestre,R-25d,,Única,Canteiro central,,,1095,202213821