data,hora,natureza_acidente,situacao,bairro,endereco,,numero,detalhe_endereco_acidente,complemento,endereco_cruzamento,numero_cruzamento,referencia_cruzamento,bairro_cruzamento,tipo,descricao,auto,moto,ciclom,ciclista,pedestre,onibus,caminhao,viatura,outros,vitimas,vitimasfatais,num_semaforo,sentido_via,acidente_verificado,tempo_clima,situacao_semaforo,sinalizacao,condicao_via,conservacao_via,ponto_controle,situacao_placa,velocidade_max_via,mao_direcao,divisao_via1,divisao_via2,divisao_via3,_id,Protocolo
2022-06-17,00:00:00,COM VÍTIMA,FINALIZADA,JARDIM SAO PAULO,RUA LORENA,3,104,,APOS O VIADULTO DA JARDIM SÃO PAULO,,,,JARDIM SÃO PAULO,COLISÃO FRONTAL,,1,1,0,0,0,0,0,0,0,1,0,,,,,,,,,,,,,,,,1096,202213839
2022-06-17,00:00:00,COM VÍTIMA,FINALIZADA,ESTANCIA,AV DR JOSE RUFINO,3,523,RUA BARAO DE BUIQUE,PRÓX. À LANCHONETE LANCHES DA PRAÇA. EM FRENTE A GESSO ART DECORAÇÕES.,,,,ESTÂNCIA,COLISÃO TRANSVERSAL,,1,1,0,0,0,0,0,0,0,1,0,,CIDADE,Cruzamento,Bom,Não existe,Incompleta,Seca,Mal conservada,Não existe,"Placas ""Pare""",60 km/h,Dupla,Faixa seccionada,,,1097,202213840
2022-06-17,00:00:00,COM VÍTIMA,FINALIZADA,BOA VIAGEM,AV MARECHAL JUAREZ TAVORA,0,,RUA BALTAZAR PASSOS,EM FRENTE AO POSTO BR. RUA PROFESSOR AURELIO DE CASTRO CAVALCANTI.,,,,BOA VIAGEM,COLISÃO FRONTAL,,1,1,0,0,0,0,0,0,0,1,0,556,CIDADE,Cruzamento,Bom,Com defeito,Perfeito estado,Seca,Perfeito estado,Faixa de pedestre,R-24a,30 km/h,Única,Faixa contínua,Faixa seccionada,,1098,202213847
2022-06-17,00:00:00,COM VÍTIMA,FINALIZADA,IBURA,AV DOIS RIOS,0,,RUA RIO JURUA,PRÓX. AO POSTO SHELL,,,,IBURA,COLISÃO LATERAL,,0,2,0,0,0,0,0,0,0,1,0,,SUBURBIO,Cruzamento,Bom,Não existe,Perfeito estado,Seca,Perfeito estado,Não existe,Outras,,Dupla,Faixa contínua,,,1099,202213858
2022-06-17,00:00:00,COM VÍTIMA,FINALIZADA,SAO JOSE,C SANTA RITA,0,,,EM FRENTE AO ARMAZÉM 16,,,,SÃO JOSÉ,QUEDA,,1,1,0,0,0,0,0,0,0,1,0,76,CIDADE,Longo da via,Bom,Sem defeito,Perfeito estado,Seca,Perfeito estado,Não existe,Não há placas,60 km/h,Única,Faixa seccionada,,,1100,202213874
2022-06-17,00:00:00,COM VÍTIMA,FINALIZADA,SAO JOSE,AV DANTAS BARRETO,4,1326,RUA DO PEIXOTO,PROX AO TERMINAL DO PROGRESSO. LEOPOLDO BAR.,,,,SÃO JOSÉ,COLISÃO TRANSVERSAL,,0,1,0,0,0,1,0,0,0,1,0,181,CIDADE,Cruzamento,Bom,Sem defeito,Perfeito estado,Seca,Perfeito estado,Faixa de pedestre,Outras,60 km/h,Dupla,Faixa contínua,,,1101,202213884
2022-06-17,00:00:00,COM VÍTIMA,FINALIZADA,AGUA FRIA,RUA LADEIRA DE PEDRA,3,498,,NO TERMINAL DE ONIBUS ALTO DO PASCOAL,,,,ÁGUA FRIA,ATROPELAMENTO DE PESSOA,,0,0,0,0,1,1,0,0,0,1,0,,SUBURBIO,Longo da via,Bom,Não existe,Perfeito estado,Seca,Mal conservada,Não existe,Outras,,Dupla,Faixa seccionada,,,1102,202213905
2022-06-17,00:00:00,COM VÍTIMA,FINALIZADA,ILHA DO LEITE,AV GOVERNADOR AGAMENON MAGALHAES,0,,,PROX AO EMPRESARIAL ISAAC  NILTON,,,,ILHA DO LEITE,QUEDA,,0,1,0,0,0,0,0,0,0,1,0,,SUBURBIO,,,,,,,,,,,,,,1103,202213916
2022-06-17,00:00:00,COM VÍTIMA,FINALIZADA,BOA VISTA,RUA DO PRINCIPE,3,446,RUA GENERAL JOSE SEMEAO,ACIDENTE ENTRE UM AUTO E MOTO,,,,BOA VISTA,COLISÃO LATERAL,,1,1,0,0,0,0,0,0,0,1,0,,CIDADE,Longo da via,Bom,Não existe,Perfeito estado,Seca,Perfeito estado,Não existe,Outras,,Única,Faixa seccionada,,,1104,202213930
2022-06-18,00:00:00,COM VÍTIMA,FINALIZADA,MADALENA,RUA LOPES DE CARVALHO,3,401,AV VISCONDE DE ALBUQUERQUE,EM FRENTE A MADALENA CENTER,,,,MADALENA,COLISÃO TRANSVERSAL,,1,1,0,0,0,0,0,0,0,1,0,,SUBURBIO,Cruzamento,Bom,Não existe,Perfeito estado,Seca,Perfeito estado,Outros,Outras,,Única,Faixa seccionada,,,1105,202213956
2022-06-18,00:00:00,COM VÍTIMA,FINALIZADA,IPUTINGA,RUA BOM PASTOR,3,126,RUA COMENDADOR ALVARES DE CARVALHO,EDIFÍCIO PRAÇA DOS CARVALHOS,,,,IPUTINGA,COLISÃO LATERAL,,1,1,0,0,0,0,0,0,0,1,0,254,CIDADE,Cruzamento,Bom,Sem defeito,Perfeito estado,Seca,Perfeito estado,Faixa de pedestre,R-6a,,Dupla,Faixa contínua,Faixa seccionada,,1109,202214000
2022-06-18,00:00:00,COM VÍTIMA,FINALIZADA,IPUTINGA,AV CAXANGA,0,,RUA MANOEL JOAQUIM DE ALMEIDA,EM FRENTE A IPUTINGA AUTOMOVEIS,,,,IPUTINGA,COLISÃO LATERAL,,1,1,0,0,0,0,0,0,0,1,0,533,CIDADE,Cruzamento,Bom,Sem defeito,Perfeito estado,Seca,Perfeito estado,Não existe,Outras,,Dupla,Canteiro central,,,1111,202214013
2022-06-18,00:00:00,COM VÍTIMA,FINALIZADA,SANTO AMARO,AV NORTE MIGUEL ARRAES DE ALENCAR,0,,,EM FRENTE AO POSTO ALVORADA,,,,SANTO AMARO,COLISÃO TRASEIRA,,1,1,0,0,0,0,0,0,0,2,0,,SUBURBIO,Longo da via,Bom,Não existe,Perfeito estado,Seca,Perfeito estado,Não existe,R-6a,,Dupla,Canteiro central,,,1113,202214031
2022-06-18,00:00:00,COM VÍTIMA,FINALIZADA,AGUA FRIA,AV BEBERIBE,4,2175,RUA DA REGENERACAO,SEMÁFARO 187,,,,ÁGUA FRIA,ATROPELAMENTO DE PESSOA,,0,1,0,0,1,0,0,0,0,1,0,187,SUBURBIO,Cruzamento,Bom,Sem defeito,Perfeito estado,Seca,Perfeito estado,Faixa de pedestre,,,,,,,1114,202214032
2022-06-19,00:00:00,COM VÍTIMA,FINALIZADA,BOA VIAGEM,AV DES JOSE NEVES,0,,AV JOAQUIM RIBEIRO,"PROXIMO A FERREIRA PINTO,  ANTES DO TÚNEL ALGUSTO LUCENA",,,,BOA VIAGEM,COLISÃO TRANSVERSAL,,2,0,0,0,0,0,0,0,0,4,0,567,SUBURBIO,Longo da via,Chuvoso,Sem defeito,Perfeito estado,Molhada,Mal iluminada,Faixa de pedestre,,,Única,Faixa seccionada,,,1115,202214035
2022-06-19,00:00:00,COM VÍTIMA,FINALIZADA,SANTO AMARO,RUA CAPITAO LIMA,0,,RUA DA FUNDICAO,PROX A TV GLOBO,,,,SANTO AMARO,COLISÃO TRANSVERSAL,,1,1,0,0,0,0,0,0,0,1,0,,,Cruzamento,Bom,Não existe,Perfeito estado,Seca,Perfeito estado,Faixa de pedestre,"Placas ""Pare""",,,Faixa contínua,Faixa seccionada,,1116,202214065
2022-06-19,00:00:00,COM VÍTIMA,FINALIZADA,JORDAO,AV MARECHAL MASCARENHAS DE MORAES,4,161B,,"EM FRENTE AO AEROPORTO, PRÓXIMO A ENTRADA PARA O JORDÃO",,,,JORDÃO,COLISÃO LATERAL,,0,2,0,0,0,0,0,0,0,1,0,,SUBURBIO,Longo da via,Bom,Não existe,Incompleta,Seca,Mal iluminada,,Não há placas,60 km/h,Dupla,,,,1117,202214094
2022-06-19,00:00:00,COM VÍTIMA,FINALIZADA,IMBIRIBEIRA,AV MARECHAL MASCARENHAS DE MORAES,4,2160,RUA PAMPULHA,EM FRENTE A RENAULT,,,,IMBIRIBEIRA,COLISÃO TRASEIRA,,1,1,0,0,0,0,0,0,0,1,0,,SUBURBIO,Longo da via,Chuvoso,,,Molhada,,Não existe,,,Dupla,,,,1119,202214099
2022-06-20,00:00:00,COM VÍTIMA,FINALIZADA,CAMPO GRANDE,AV GOVERNADOR AGAMENON MAGALHAES,0,,,LADO OPOSTO AO SHOPPING TACARUNA. FÁBRICA TACARUNA.,,,,CAMPO GRANDE,ATROPELAMENTO DE PESSOA,,0,1,0,0,1,0,0,0,0,1,0,,CIDADE,Longo da via,Bom,Não existe,Perfeito estado,Seca,Perfeito estado,Não existe,R-32,60 km/h,Dupla,Canteiro central,,,1120,202214125
2022-06-20,00:00:00,COM VÍTIMA,FINALIZADA,ESTANCIA,AV RECIFE,4,5520,,PROX. AO ARMAZEM CORAL SENT. BR. EM FRENTE A T e F DESIGN,,,,ESTÂNCIA,COLISÃO LATERAL,,1,1,0,0,0,0,0,0,0,1,0,,SUBURBIO,Longo da via,Bom,Não existe,Perfeito estado,Seca,Perfeito estado,Não existe,Não há placas,,Única,Faixa seccionada,,,1121,202214155
2022-06-20,00:00:00,COM VÍTIMA,FINALIZADA,IPSEP,RUA HELIO BRANDAO,3,500,AV GENERAL BENTO DA GAMA,RUA GAL BENTO DA GAMA,,,,IPSEP,COLISÃO TRANSVERSAL,,2,0,0,0,0,0,0,0,0,1,0,,CIDADE,Cruzamento,Bom,Não existe,Perfeito estado,Seca,Perfeito estado,Faixa de retenção,"Placas ""Pare""",,Dupla,Faixa seccionada,,,1123,202214179
2022-06-21,00:00:00,COM VÍTIMA,FINALIZADA,BOA VIAGEM,RUA JOSE DA SILVA LUCENA,2,20,,EM FRENTE AO COLEGIO GGE - ACIDENTE ENVOLVENDO ORIENTADOR II  DA ARGUS THOMAZ EDSON  - COLABORADOR DA CTTU/RECIFE.,,,,BOA VIAGEM,COLISÃO LATERAL,,1,1,0,0,0,0,0,0,0,1,0,,SUBURBIO,Longo da via,Bom,Não existe,Perfeito estado,Seca,Perfeito estado,Faixa de pedestre,Outras,60 km/h,Dupla,Não existe,,,1125,202214220
2022-06-21,00:00:00,COM VÍTIMA,FINALIZADA,TOTO,AV LIBERDADE,3,612,EST DO CURADO,Depois da Loterica/ Em Frente a Barraca Tenda da Liberdade,,,,TOTÓ,COLISÃO TRANSVERSAL,,1,1,0,0,0,0,0,0,0,2,0,,CIDADE,Longo da via,Bom,Sem defeito,Não existente,Seca,Perfeito estado,Não existe,Não há placas,,Dupla,Não existe,,,1126,202214242
2022-06-21,00:00:00,COM VÍTIMA,FINALIZADA,BEBERIBE,AV BEBERIBE,0,,,ENTRE O CAMPO DO ARRUDA  EO ARMAZEM ACHAQUI,,,,BEBERIBE,ATROPELAMENTO DE PESSOA,,0,0,0,0,1,1,0,0,0,1,0,,,Longo da via,Bom,Não existe,Perfeito estado,Seca,Perfeito estado,Não existe,Não há placas,,Dupla,Faixa contínua,,,1127,202214267
2022-06-21,00:00:00,COM VÍTIMA,FINALIZADA,TEJIPIO,AV DR JOSE RUFINO,4,3385,,EM FRENTE A ESCOLA EDWIGES DE SA PEREIRA E AO LADO DO ARMAZEM CORAL,,,,TEJIPIÓ,ATROPELAMENTO DE PESSOA,,0,0,0,0,1,1,0,0,0,1,0,,SUBURBIO,Longo da via,Bom,Não existe,Perfeito estado,Seca,Perfeito estado,Não existe,Não há placas,60 km/h,Dupla,Faixa contínua,,,1130,202214289
2022-06-21,00:00:00,COM VÍTIMA,FINALIZADA,AGUA FRIA,AV ANIBAL BENEVOLO,0,,,TERMINAL DE ÔNIBUS DO ALTO SANTA TERSINHA,,,,ÁGUA FRIA,COLISÃO TRANSVERSAL,,1,1,0,0,0,0,0,0,0,1,0,,,,,,,,,,,,,,,,1131,202214292
2022-06-21,00:00:00,COM VÍTIMA,FINALIZADA,IBURA,RUA RIO BRIGIDA,0,,,PRÓXIMO  AO SESI,,,,IBURA,COLISÃO FRONTAL,,0,2,0,0,0,0,0,0,0,1,0,,,,,,,,,,,,,,,,1132,202214296
2022-06-22,00:00:00,COM VÍTIMA,FINALIZADA,CIDADE UNIVERSITARIA,AV PROFESSOR LUIZ FREIRE,3,500,,EM FRENTE A ENTRADA PRINCPAL DO ESTACIONAMENTO DA UFPE. INSTITUTO FEDERAL DE PERNAMBUCO.,,,,CIDADE UNIVERSITÁRIA,COLISÃO LATERAL,,1,1,0,0,0,0,0,0,0,1,0,,SUBURBIO,Longo da via,Chuvoso,Não existe,Não existente,Molhada,Perfeito estado,Não existe,Não há placas,40 km/h,Dupla,Faixa seccionada,,,1133,202214305
2022-06-22,00:00:00,COM VÍTIMA,FINALIZADA,SANTANA,RUA SANT'ANNA,3,136,RUA DONA ADA VIEIRA,EM FRENTE AO QUARTEL DA CPOR,,,,SANTANA,COLISÃO TRANSVERSAL,,2,0,0,0,0,0,0,0,0,1,0,,,Não informado,Chuvoso,Não existe,Perfeito estado,Molhada,Perfeito estado,,,,Dupla,,,,1136,202214319
2022-06-22,00:00:00,COM VÍTIMA,FINALIZADA,MADALENA,EST DOS REMEDIOS,3,401,RUA LOPES DE CARVALHO,,,,,MADALENA,COLISÃO TRANSVERSAL,,1,1,0,0,0,0,0,0,0,1,0,,CIDADE,Longo da via,Chuvoso,Não existe,Perfeito estado,Molhada,Perfeito estado,Não existe,Outras,,Única,Faixa seccionada,,,1137,202214322
2022-06-22,00:00:00,COM VÍTIMA,FINALIZADA,BOA VIAGEM,AV DES JOSE NEVES,0,,,"ENTRADA DO TÚNEL, LADO OPOSTO AO ATACADÃO",,,,BOA VIAGEM,COLISÃO TRASEIRA,,2,0,0,0,0,0,0,0,0,1,0,,CIDADE,Longo da via,Chuvoso,Não existe,Incompleta,Molhada,Mal conservada,Não existe,Não há placas,,Única,Faixa contínua,,,1138,202214325
2022-06-22,00:00:00,COM VÍTIMA,FINALIZADA,MADALENA,RUA JOSE OSORIO,3,464,,EM FRENTE A ZEUS MULTIMARCAS,,,,MADALENA,COLISÃO LATERAL,,1,1,0,0,0,0,0,0,0,1,0,,SUBURBIO,Longo da via,Chuvoso,Não existe,Perfeito estado,Molhada,Perfeito estado,Não existe,Não há placas,40 km/h,Dupla,Faixa contínua,,,1139,202214337
2022-06-22,00:00:00,COM VÍTIMA,FINALIZADA,TAMARINEIRA,RUA SEBASTIAO ALVES,2,73,,E/F AO COLEGIO MADRE DE DEUS,,,,TAMARINEIRA,COLISÃO LATERAL,,1,1,0,0,0,0,0,0,0,1,0,,,Longo da via,Chuvoso,Não existe,Perfeito estado,Molhada,Perfeito estado,Faixa de pedestre,R-34,,Única,Outros,,,1141,202214341
2022-06-22,00:00:00,COM VÍTIMA,FINALIZADA,IMBIRIBEIRA,AV PRESIDENTE DUTRA,0,,AV SENADOR ROBERT KENNEDY,PERTO DO SOL E BRASA. LADO OPOSTO À EQUIPADORA CARLOS FILM'S,,,,IMBIRIBEIRA,COLISÃO TRANSVERSAL,,1,1,0,0,0,0,0,0,0,1,0,,SUBURBIO,Cruzamento,Chuvoso,Sem defeito,Perfeito estado,Molhada,Perfeito estado,Faixa de pedestre,R-6a,,,Faixa seccionada,,,1142,202214346
2022-06-22,00:00:00,COM VÍTIMA,FINALIZADA,BOA VIAGEM,AV ENGENHEIRO DOMINGOS FERREIRA,3,107,RUA JOSE TRAJANO,AO LADO LABORATÓRIO EDMAR VICTO. ESCOLA DE GASTRONOMIA E CONFEITARIA.,,,,BOA VIAGEM,ATROPELAMENTO DE PESSOA,,1,0,0,0,1,0,0,0,0,1,0,,SUBURBIO,Longo da via,Chuvoso,Não existe,Perfeito estado,Molhada,Perfeito estado,Não existe,Não há placas,,Única,Faixa seccionada,,,1145,202214385
2022-06-22,00:00:00,COM VÍTIMA,FINALIZADA,GRACAS,PRC DO ENTRONCAMENTO,2,50,,LA LHAMBRA,,,,GRAÇAS,COLISÃO COM CICLISTA,,1,0,0,2,0,0,0,0,0,1,0,,,,,,,,,,,,,,,,1146,202214390
2022-06-23,00:00:00,COM VÍTIMA,FINALIZADA,BOA VIAGEM,AV BOA VIAGEM,4,5450,RUA PROFESSOR MARIO DE CASTRO,APÓS O PARQUE DONA LINDU,,,,BOA VIAGEM,COLISÃO TRASEIRA,,0,1,0,0,0,1,0,0,0,1,0,148,CIDADE,Longo da via,Bom,Sem defeito,Perfeito estado,Seca,Perfeito estado,Faixa de pedestre,Outras,60 km/h,Única,Faixa contínua,,,1147,202214406
2022-06-23,00:00:00,COM VÍTIMA,FINALIZADA,SAO JOSE,TRV DO GASPAR,4,1600,,EM FRENTE A CIP MOTOS ROCAM,,,,SÃO JOSÉ,CHOQUE,,0,1,0,0,0,0,0,0,0,1,0,,,Longo da via,Bom,Não existe,Não existente,Molhada,Mal conservada,Não existe,Não há placas,,Dupla,Não existe,,,1148,202214458
2022-06-23,00:00:00,COM VÍTIMA,FINALIZADA,CAMPO GRANDE,EST DE BELEM,4,1335,RUA MARIO SETE,PROXIMA A IGREJA NOSSA SENHORA DO BOM PARTO,,,,CAMPO GRANDE,COLISÃO LATERAL,,1,1,0,0,0,0,0,0,0,1,0,,CIDADE,Cruzamento,Bom,Não existe,Perfeito estado,Seca,Perfeito estado,Não existe,Outras,,Dupla,Faixa contínua,,,1149,202214461
2022-06-23,00:00:00,COM VÍTIMA,FINALIZADA,AREIAS,RUA JORNALISTA VILMA LESSA,3,875,,Flesh Hamburgueria,,,,AREIAS,COLISÃO TRANSVERSAL,,1,1,0,0,0,0,0,0,0,1,0,,SUBURBIO,Cruzamento,Bom,Não existe,Não existente,Seca,Mal conservada,Não existe,Não há placas,30 km/h,Dupla,Não existe,,,1150,202214462
2022-06-24,00:00:00,COM VÍTIMA,FINALIZADA,RECIFE,PTE GIRATORIA,0,,,,,,,BAIRRO DO RECIFE,QUEDA,,0,1,0,0,0,0,0,0,0,1,0,,SUBURBIO,Ponte,Chuvoso,Não existe,Não existente,Oleosa,Perfeito estado,Não existe,Não há placas,,Dupla,Canteiro central,,,1152,202214472
2022-06-24,00:00:00,COM VÍTIMA,FINALIZADA,CAMPO GRANDE,RUA HERMILIO GOMES,3,225,RUA PROFESSOR FRANCISCO DA TRINDADE,NA RUA DO POSTO DE GASOLINA TOTAL,,,,CAMPO GRANDE,COLISÃO TRANSVERSAL,,1,1,0,0,0,0,0,0,0,1,0,,,Esquina,Chuvoso,Não existe,Não existente,Molhada,Perfeito estado,Não existe,Não há placas,,Dupla,Não existe,,,1153,202214484
2022-06-25,00:00:00,COM VÍTIMA,FINALIZADA,MADALENA,AV VISCONDE DE ALBUQUERQUE,3,401,RUA LOPES DE CARVALHO,EM FRENTE A GALERIA MADALENA CENTER,,,,MADALENA,COLISÃO LATERAL,,1,1,0,0,0,0,0,0,0,2,0,,SUBURBIO,Cruzamento,Bom,Não existe,Perfeito estado,Seca,Perfeito estado,Não existe,"Placas ""Pare""",60 km/h,Única,Faixa contínua,Faixa seccionada,,1155,202214503
2022-06-25,00:00:00,COM VÍTIMA,FINALIZADA,IMBIRIBEIRA,RUA ITACARI,3,299,RUA ITAJAI,LOJA INOVE,,,,IMBIRIBEIRA,COLISÃO TRANSVERSAL,,1,1,0,0,0,0,0,0,0,1,0,,,Cruzamento,Bom,Não existe,Perfeito estado,Seca,Perfeito estado,Faixa de pedestre,,,Única,Faixa seccionada,,,1157,202214515
2022-06-25,00:00:00,COM VÍTIMA,FINALIZADA,DERBY,AV GOVERNADOR AGAMENON MAGALHAES,0,,RUA HENRIQUE DIAS,VT 10 NO LOCAL GM JACKSON NO LOCAL,,,,DERBY,COLISÃO LATERAL,,1,1,0,0,0,0,0,0,0,1,0,68,SUBURBIO,Cruzamento,Bom,Sem defeito,Perfeito estado,Seca,Perfeito estado,Não existe,Outras,60 km/h,Única,Faixa seccionada,,,1158,202214524
2022-06-25,00:00:00,COM VÍTIMA,FINALIZADA,TORRE,RUA JOSE BONIFACIO,0,,RUA MARCOS ANDRE,AO LADO DO CARREFUR,,,,TORRE,ATROPELAMENTO DE PESSOA,,0,1,0,0,1,0,0,0,0,1,0,,CIDADE,Longo da via,Bom,Não existe,Perfeito estado,Seca,Perfeito estado,Não existe,Não há placas,,Dupla,Canteiro central,,,1160,202214538
2022-06-25,00:00:00,COM VÍTIMA,FINALIZADA,AREIAS,AV TENENTE FELIPE BANDEIRA DE MELO,2,97,RUA ANTONIO PINHEIRO,EM FRENTE A ESQUINA DO MALTE,,,,AREIAS,COLISÃO COM CICLISTA,,1,0,0,1,0,0,0,0,0,1,0,,SUBURBIO,Longo da via,Bom,,,Seca,Perfeito estado,,,,Dupla,Não existe,,,1161,202214539
2022-06-26,00:00:00,COM VÍTIMA,FINALIZADA,BOA VISTA,AV JOAO DE BARROS,3,594,RUA DR LEOPOLDO LINS,PROX A FACULDADE DE DIREITO SOPETE,,,,BOA VISTA,COLISÃO LATERAL,,1,1,0,0,0,0,0,0,0,1,0,198,SUBURBIO,Esquina,Bom,Sem defeito,Perfeito estado,Seca,Perfeito estado,Faixa de pedestre,Outras,,Única,Faixa contínua,Faixa seccionada,,1162,202214550
2022-06-26,00:00:00,COM VÍTIMA,FINALIZADA,AREIAS,AV DR JOSE RUFINO,3,955,,EM FRENTE A HONDA,,,,AREIAS,COLISÃO FRONTAL,,1,1,0,0,0,0,0,0,0,1,0,,CIDADE,Longo da via,Bom,Não existe,Perfeito estado,Seca,Perfeito estado,Não existe,Não há placas,50 km/h,Dupla,Faixa contínua,,,1163,202214552
2022-06-26,00:00:00,COM VÍTIMA,FINALIZADA,AFOGADOS,RUA COSME VIANA,3,215,RUA CORONEL ALFREDO DUARTE,DE FRENTE AO BAR LÉO CHOPP,,,,AFOGADOS,COLISÃO TRANSVERSAL,,2,0,0,0,0,0,0,0,0,1,0,430,SUBURBIO,Cruzamento,Bom,Sem defeito,Perfeito estado,Seca,Perfeito estado,Faixa de pedestre,Outras,,Única,Faixa contínua,,,1164,202214574
2022-06-27,00:00:00,COM VÍTIMA,FINALIZADA,SANTO AMARO,AV CRUZ CABUGA,4,1200,,EM FRENTE AO HOSPITAL NAVAL E AO DER,,,,SANTO AMARO,COLISÃO TRASEIRA,,1,1,0,0,0,0,0,0,0,1,0,,,,,,,,,,,,,,,,1165,202214576
2022-06-27,00:00:00,COM VÍTIMA,FINALIZADA,DOIS IRMAOS,RUA DE APIPUCOS,3,223,,LADO OPOSTO A ASSOCIAÇÃO BRASILEIRA DE ODONTOLOGIA,,,,DOIS IRMÃOS,COLISÃO LATERAL,,1,1,0,0,0,0,0,0,0,2,0,,CIDADE,Longo da via,Chuvoso,Não existe,Perfeito estado,Molhada,Perfeito estado,Outros,R-6a,,Dupla,Faixa contínua,Faixa seccionada,,1166,202214579
2022-06-27,00:00:00,COM VÍTIMA,FINALIZADA,CORDEIRO,AV PROFESSOR ESTEVAO FRANCISCO DA COSTA,3,257,RUA ODETE MONTEIRO,EM FRENTE AO POSTO DE GASOLINA PETROCAL,,,,CORDEIRO,COLISÃO FRONTAL,,1,1,0,0,0,0,0,0,0,1,0,589,SUBURBIO,Cruzamento,Chuvoso,Com defeito,Perfeito estado,Molhada,Perfeito estado,Faixa de pedestre,Não há placas,,Dupla,Canteiro central,,,1167,202214586
2022-06-27,00:00:00,COM VÍTIMA,FINALIZADA,AREIAS,AV DR JOSE RUFINO,3,885,,EM FRENTE A HONDA,,,,AREIAS,ATROPELAMENTO DE PESSOA,,0,1,0,0,1,0,0,0,0,1,0,,CIDADE,Longo da via,Bom,Não existe,Perfeito estado,Seca,Perfeito estado,Faixa de pedestre,Não há placas,50 km/h,Dupla,Faixa contínua,,,1168,202214589
2022-06-27,00:00:00,COM VÍTIMA,FINALIZADA,JIQUIA,AV DR JOSE RUFINO,4,2181,,PONTE DO IOLANDA,,,,JIQUIÁ,COLISÃO COM CICLISTA,,1,0,0,1,0,0,0,0,0,1,0,,CIDADE,Ponte,Bom,Não existe,Perfeito estado,Seca,Perfeito estado,Não existe,R-6a,60 km/h,Dupla,Faixa seccionada,,,1169,202214591
2022-06-27,00:00:00,COM VÍTIMA,FINALIZADA,ESTANCIA,AV DR JOSE RUFINO,3,860,,HONDA,,,,ESTÂNCIA,ATROPELAMENTO DE PESSOA,,0,1,0,0,1,0,0,0,0,1,0,,,,,,,,,,,,,,,,1170,202214595
2022-06-27,00:00:00,VÍTIMA FATAL,FINALIZADA,BOA VIAGEM,AV CONSELHEIRO AGUIAR,3,680,RUA VICENCIA,,,,,BOA VIAGEM,ATROPELAMENTO DE PESSOA,,0,0,0,0,1,1,0,0,0,0,1,,CIDADE,Longo da via,Bom,Não existe,Perfeito estado,Seca,Perfeito estado,Não existe,Outras,,Única,Faixa seccionada,,,1171,202214596
2022-06-27,00:00:00,COM VÍTIMA,FINALIZADA,MACAXEIRA,AV NORTE MIGUEL ARRAES DE ALENCAR,4,7819,,PRÓXIMO AO PARQUE DA MACAXEIRA,,,,MACAXEIRA,ATROPELAMENTO DE PESSOA,,0,1,0,0,1,0,0,0,0,3,0,,CIDADE,Longo da via,Bom,Não existe,,Seca,Mal conservada,Outros,Outras,,Dupla,Canteiro central,,,1173,202214615
2022-06-27,00:00:00,COM VÍTIMA,FINALIZADA,FUNDAO,AV BEBERIBE,4,2475,,Em frente a AutoEscola Piloto,,,,FUNDÃO,COLISÃO TRANSVERSAL,,1,1,0,0,0,0,0,0,0,2,0,,CIDADE,Longo da via,Chuvoso,Não existe,Perfeito estado,Molhada,Perfeito estado,Não existe,Não há placas,,Dupla,Faixa contínua,Faixa seccionada,,1175,202214651