data,hora,natureza_acidente,situacao,bairro,endereco,,numero,detalhe_endereco_acidente,complemento,endereco_cruzamento,numero_cruzamento,referencia_cruzamento,bairro_cruzamento,tipo,descricao,auto,moto,ciclom,ciclista,pedestre,onibus,caminhao,viatura,outros,vitimas,vitimasfatais,num_semaforo,sentido_via,acidente_verificado,tempo_clima,situacao_semaforo,sinalizacao,condicao_via,conservacao_via,ponto_controle,situacao_placa,velocidade_max_via,mao_direcao,divisao_via1,divisao_via2,divisao_via3,_id,Protocolo
2022-06-27,00:00:00,COM VÍTIMA,FINALIZADA,DERBY,RUA JENER DE SOUZA,3,372,RUA FELICIANO GOMES,EM FRENTE AO LABORATÓRIO CERPE,,,,DERBY,COLISÃO TRANSVERSAL,,2,0,0,0,0,0,0,0,0,2,0,,SUBURBIO,Longo da via,Chuvoso,,Perfeito estado,Molhada,Perfeito estado,Não existe,,,Dupla,Não existe,,,1176,202214667
2022-06-27,00:00:00,COM VÍTIMA,FINALIZADA,IPUTINGA,AV MAURICIO DE NASSAU,3,433,,PRÓXIMO AO GOE,,,,IPUTINGA,CHOQUE,,1,0,0,0,0,0,0,0,0,2,0,,SUBURBIO,Longo da via,Chuvoso,Não existe,Perfeito estado,Molhada,Perfeito estado,Não existe,Não há placas,60 km/h,Única,Faixa seccionada,,,1177,202214672
2022-06-28,00:00:00,COM VÍTIMA,FINALIZADA,DERBY,PRC DO DERBY,0,,,Na parada do Brt da Praça do Derby,,,,DERBY,ATROPELAMENTO DE PESSOA,,1,0,0,0,1,0,0,0,0,1,0,75,SUBURBIO,Longo da via,Bom,Sem defeito,Perfeito estado,Seca,Perfeito estado,Agente,R-6c,,Única,Faixa seccionada,,,1178,202214724
2022-06-28,00:00:00,COM VÍTIMA,FINALIZADA,APIPUCOS,RUA DOIS IRMAOS,0,,,Em frente ao Decimo Primeiro Batalhão da Policia Militar,,,,APIPUCOS,COLISÃO FRONTAL,,0,2,0,0,0,0,0,0,0,2,0,,,Longo da via,Bom,Não existe,Perfeito estado,Seca,Perfeito estado,Não existe,R-6a,,Dupla,Faixa contínua,,,1180,202214746
2022-06-28,00:00:00,COM VÍTIMA,FINALIZADA,ILHA JOANA BEZERRA,AV DES GUERRA BARRETO,0,,VIADUTO CAPITAO TEMUDO,NA ESQUINA DO FORUM DE JUSTIÇA,,,,ILHA JOANA BEZERRA,COLISÃO LATERAL,,1,1,0,0,0,0,0,0,0,1,0,,CIDADE,Longo da via,Chuvoso,Não existe,Perfeito estado,Molhada,Mal conservada,Não existe,Não há placas,,Única,Não existe,,,1181,202214750
2022-06-28,00:00:00,COM VÍTIMA,FINALIZADA,BOA VIAGEM,AV BOA VIAGEM,4,4632,,PROXIMO AO ANTIGO CASTELINHO,,,,BOA VIAGEM,COLISÃO TRASEIRA,,1,1,0,0,0,0,0,0,0,1,0,,CIDADE,Longo da via,Chuvoso,Não existe,Perfeito estado,Molhada,Perfeito estado,Não existe,Outras,,Única,Faixa seccionada,,,1182,202214764
2022-06-29,00:00:00,COM VÍTIMA,FINALIZADA,BOA VIAGEM,AV CELSO FURTADO,0,,,PROX AS ESCULTURAS DE BRENNAND,,,,BOA VIAGEM,COLISÃO TRASEIRA,,1,1,0,0,0,0,0,0,0,1,0,,SUBURBIO,Longo da via,Bom,Não existe,Perfeito estado,Seca,Perfeito estado,Não existe,Outras,60 km/h,Única,Faixa contínua,,,1183,202214793
2022-06-29,00:00:00,COM VÍTIMA,FINALIZADA,SANTO AMARO,RUA CAPITAO TEMUDO,0,,AV GOVERNADOR AGAMENON MAGALHAES,ESTAÇÃO JOANA BEZERRA,,,,SANTO AMARO,COLISÃO TRASEIRA,,1,1,0,0,0,0,0,0,0,1,0,,,Viaduto,Bom,Não existe,Perfeito estado,Seca,Perfeito estado,Não existe,,,Dupla,Faixa seccionada,Canteiro central,Blocos,1184,202214807
2022-06-29,00:00:00,COM VÍTIMA,FINALIZADA,SANTO AMARO,AV CRUZ CABUGA,0,,,ENFRENTE A SANTA CASA DE MISERICÓRDIA  NA AVENIDA CRUZ CABUGÁ,,,,SANTO AMARO,QUEDA,,0,1,0,0,0,0,0,0,0,1,0,344,CIDADE,Longo da via,Bom,Sem defeito,Perfeito estado,Seca,Perfeito estado,Faixa de pedestre,Não há placas,60 km/h,Dupla,Faixa contínua,,,1185,202214810
2022-06-29,00:00:00,COM VÍTIMA,FINALIZADA,SANTO AMARO,AV CRUZ CABUGA,0,,,EM FRENTE A CORAL,,,,SANTO AMARO,COLISÃO TRASEIRA,,0,1,0,0,0,1,0,0,0,2,0,457,SUBURBIO,Longo da via,Chuvoso,Sem defeito,Perfeito estado,Molhada,Perfeito estado,Faixa de pedestre,Não há placas,,Dupla,Faixa seccionada,Canteiro central,,1186,202214839
2022-06-29,00:00:00,COM VÍTIMA,FINALIZADA,BOA VISTA,RUA PRINCESA IZABEL,0,,RUA DA SAUDADE,PRÓXIMO AO PARQUE 13 DE MAIO,,,,BOA VISTA,ATROPELAMENTO DE PESSOA,,1,0,0,0,1,0,0,0,0,1,0,168,SUBURBIO,Cruzamento,Chuvoso,Sem defeito,Perfeito estado,Molhada,Perfeito estado,Faixa de pedestre,Não há placas,,Única,Faixa contínua,,,1187,202214849
2022-06-29,00:00:00,COM VÍTIMA,FINALIZADA,SAN MARTIN,AV GENERAL SAN MARTIN,0,,,EM FRENTE A IGREJA ADVENTISTA,,,,SAN MARTIN,COLISÃO LATERAL,,1,1,0,0,0,0,0,0,0,1,0,371,CIDADE,Longo da via,Chuvoso,Sem defeito,Perfeito estado,Molhada,Perfeito estado,Não existe,Outras,30 km/h,,Faixa seccionada,,,1188,202214850
2022-06-30,00:00:00,COM VÍTIMA,FINALIZADA,AFOGADOS,EST DOS REMEDIOS,0,,,EM FRENTE AO SUPERMERCADO TODO DIA,,,,AFOGADOS,COLISÃO LATERAL,,1,1,0,0,0,0,0,0,0,1,0,,,,,,,,,,,,,,,,1190,202214911
2022-06-30,00:00:00,COM VÍTIMA,FINALIZADA,DERBY,AV RUI BARBOSA,0,,AV GOVERNADOR AGAMENON MAGALHAES,EM FRENTE AO SEMAFORO 37,,,,DERBY,ATROPELAMENTO DE PESSOA,,0,1,0,0,1,0,0,0,0,1,0,37,SUBURBIO,Cruzamento,Bom,Sem defeito,Perfeito estado,Seca,Perfeito estado,Faixa de pedestre,,60 km/h,Única,Canteiro central,,,1191,202214912
2022-06-30,00:00:00,VÍTIMA FATAL,FINALIZADA,ESPINHEIRO,RUA SANTO ELIAS,0,,RUA DA HORA,E/F ASSISTENCIA TECNICA IPHONE  SERVICE,,,,ESPINHEIRO,CHOQUE,,0,1,0,0,0,0,0,0,0,0,1,,CIDADE,Cruzamento,Bom,Não existe,Perfeito estado,Seca,Perfeito estado,Faixa de pedestre,Outras,40 km/h,Única,Não existe,,,1192,202214918
2022-06-30,00:00:00,COM VÍTIMA,FINALIZADA,SANTO AMARO,AV GOVERNADOR AGAMENON MAGALHAES,0,,,PROX A REITORIA DA UPE,,,,SANTO AMARO,COLISÃO LATERAL,,1,1,0,0,0,0,0,0,0,2,0,465,,Cruzamento,Bom,Com defeito,Perfeito estado,Seca,Perfeito estado,Faixa de pedestre,Outras,60 km/h,Única,Faixa contínua,,,1193,202214920
2022-06-30,00:00:00,COM VÍTIMA,FINALIZADA,SANTO AMARO,VDO INDEPENDENCIA,0,,,SENTIDO OLINDA,,,,SANTO AMARO,QUEDA,,0,1,0,0,0,0,0,0,0,1,0,,SUBURBIO,Viaduto,Bom,Não existe,Perfeito estado,Seca,Perfeito estado,Não existe,Não há placas,60 km/h,Dupla,Canal,,,1194,202214923
2022-06-30,00:00:00,COM VÍTIMA,FINALIZADA,IMBIRIBEIRA,AV GENERAL MAC ARTHUR,4,1623,,EM FRENTE AO RESIDENCIAL LEPARC,,,,IMBIRIBEIRA,COLISÃO TRASEIRA,,1,1,0,0,0,0,0,0,0,1,0,,SUBURBIO,Longo da via,Bom,Não existe,Perfeito estado,Seca,Perfeito estado,,,,,,,,1195,202214925
2022-07-01,00:00:00,COM VÍTIMA,FINALIZADA,BOA VIAGEM,AV BOA VIAGEM,4,6234,,PROXIMO AO PARQUE DONA LINDU,,,,BOA VIAGEM,CHOQUE,,2,0,0,0,0,0,0,0,0,1,0,,CIDADE,Longo da via,Bom,Não existe,Perfeito estado,Seca,Perfeito estado,Não existe,R-6b,60 km/h,Única,Faixa seccionada,,,1196,202214958
2022-07-01,00:00:00,COM VÍTIMA,FINALIZADA,SANTO AMARO,AV CRUZ CABUGA,0,,AV DR JAYME DA FONTE,,,,,SANTO AMARO,COLISÃO LATERAL,,1,1,0,0,0,0,0,0,0,1,0,,,,,,,,,,,,,,,,1198,202214979
2022-07-01,00:00:00,COM VÍTIMA,FINALIZADA,CORDEIRO,AV CAXANGA,4,1319,,EM FRENTE AO BRADESCO,,,,CORDEIRO,COLISÃO COM CICLISTA,,0,0,0,1,0,1,0,0,0,1,0,80,CIDADE,Longo da via,Bom,Sem defeito,Perfeito estado,Seca,Perfeito estado,Não existe,,,Dupla,Faixa contínua,Faixa seccionada,Canteiro central,1199,202215019
2022-07-01,00:00:00,COM VÍTIMA,FINALIZADA,TORRE,RUA JOSE BONIFACIO,3,964,RUA DEMOSTENES DE OLINDA,EM FRENTE AO POSTO IPIRANGA,,,,TORRE,COLISÃO TRANSVERSAL,,1,1,0,0,0,0,0,0,0,1,0,576,SUBURBIO,Cruzamento,Bom,Sem defeito,Perfeito estado,Seca,Perfeito estado,Faixa de pedestre,Não há placas,40 km/h,Única,Faixa seccionada,,,1200,202215027
2022-07-01,00:00:00,COM VÍTIMA,FINALIZADA,ILHA JOANA BEZERRA,AV MARTIN LUTHER KING,0,,,AO LADO DA ACADEMIA DA CIDADE,,,,JOANA BEZERRA,COLISÃO COM CICLISTA,,1,0,0,1,0,0,0,0,0,1,0,,,,,,,,,,,,,,,,1201,202215029
2022-07-01,00:00:00,COM VÍTIMA,FINALIZADA,AFOGADOS,EST DOS REMEDIOS,3,161,RUA DO ACRE,EM FRENTE AO SUPERMERCADO TODO DIA,,,,AFOGADOS,COLISÃO LATERAL,,1,1,0,0,0,0,0,0,0,1,0,,SUBURBIO,Cruzamento,Bom,Não existe,Perfeito estado,Seca,Perfeito estado,Faixa de pedestre,Não há placas,,Dupla,Faixa contínua,,,1202,202215030
2022-07-01,00:00:00,COM VÍTIMA,FINALIZADA,IBURA,AV SANTA FE,3,127,AV GUARAPUAVA,"PROXIMO AO POSTO DE SAÚDE, COLISÃO COM VITIMA, KGG3947 LOGAN/ RVJ3I82 MOTO",,,,IBURA,COLISÃO FRONTAL,,1,1,0,0,0,0,0,0,0,1,0,,SUBURBIO,Cruzamento,Bom,Não existe,Perfeito estado,Seca,Perfeito estado,Não existe,Outras,30 km/h,Dupla,Faixa seccionada,,,1203,202215034
2022-07-01,00:00:00,COM VÍTIMA,FINALIZADA,SAO JOSE,PTE JOAQUIM CARDOSO,0,,RUA FRANCISCO ALVES,PROXIMO AO IMIP,,,,SÃO JOSÉ,COLISÃO LATERAL,,0,1,0,0,0,0,0,1,0,2,0,,SUBURBIO,Longo da via,Bom,Não existe,Perfeito estado,Seca,Perfeito estado,Não existe,Não há placas,,Única,Faixa seccionada,,,1204,202215041
2022-07-01,00:00:00,COM VÍTIMA,FINALIZADA,CASA AMARELA,RUA CONS NABUCO,3,178,RUA EVARISTO DA VEIGA,"EM FRENTE A BROTHER BARBEARIA,  CENTER SALES NEVES",,,,CASA AMARELA,COLISÃO FRONTAL,,1,1,0,0,0,0,0,0,0,1,0,,,Esquina,Bom,Não existe,Incompleta,Seca,Perfeito estado,Não existe,Não há placas,,Dupla,Não existe,,,1205,202215043
2022-07-01,00:00:00,COM VÍTIMA,FINALIZADA,TOTO,AV LIBERDADE,3,37A,,EM FRENTE AO CEMITERIO PARQUE DAS FLORES,,,,TOTÓ,COLISÃO LATERAL,,1,1,0,0,0,0,0,0,0,1,0,,SUBURBIO,Longo da via,Bom,Não existe,Perfeito estado,Seca,Perfeito estado,Não existe,,,Dupla,Faixa contínua,,,1206,202215045
2022-07-01,00:00:00,COM VÍTIMA,FINALIZADA,IPUTINGA,AV CAXANGA,4,3372,,EM FRENTE AO BANCO SANTANDER -  PRÓXIMO AO ELEVADO,,,,IPUTINGA,COLISÃO TRANSVERSAL,,1,1,0,0,0,0,0,0,0,2,0,,SUBURBIO,Longo da via,Bom,Não existe,Perfeito estado,Seca,Perfeito estado,Não existe,Não há placas,,Dupla,Faixa seccionada,Canteiro central,,1207,202215054
2022-07-01,00:00:00,COM VÍTIMA,FINALIZADA,ENCRUZILHADA,RUA DONA ELVIRA,0,,RUA DA CORAGEM,PRÓXIMO A QUITANDARIA NA ESTRADA DE BELÉM,,,,ENCRUZILHADA,COLISÃO TRANSVERSAL,,1,1,0,0,0,0,0,0,0,2,0,,CIDADE,Cruzamento,Bom,Não existe,Perfeito estado,Seca,Perfeito estado,Faixa de retenção,"Placas ""Pare""",,Dupla,Não existe,,,1208,202215055
2022-07-01,00:00:00,COM VÍTIMA,FINALIZADA,IMBIRIBEIRA,AV GENERAL MAC ARTHUR,0,,AV DOM JOAO VI,PRÓXIMO AO LE PARC,,,,IMBIRIBEIRA,COLISÃO COM CICLISTA,,1,0,0,1,0,0,0,0,0,1,0,,SUBURBIO,Esquina,Bom,Não existe,Perfeito estado,Seca,Perfeito estado,Não existe,"Placas ""Pare""",,Única,Faixa seccionada,,,1209,202215056
2022-07-02,00:00:00,COM VÍTIMA,FINALIZADA,ESTANCIA,AV RECIFE,4,5705,RUA LAURA BANDEIRA DE MELO,EM FRENTE À LOJA O BARATÃO DAS EMBALAGENS,,,,ESTÂNCIA,COLISÃO LATERAL,,1,1,0,0,0,0,0,0,0,1,0,705,,,,,,,,,,,,,,,1211,202215092
2022-07-02,00:00:00,COM VÍTIMA,FINALIZADA,VARZEA,AV CAXANGA,0,,,PERTO DA UPA DA CAXANGA,,,,VÁRZEA,COLISÃO TRASEIRA,,2,0,0,0,0,0,0,0,0,1,0,,CIDADE,Ponte,Nublado,Não existe,Perfeito estado,Molhada,Perfeito estado,Não existe,Não há placas,,Dupla,Canteiro central,,,1212,202215122
2022-07-04,00:00:00,COM VÍTIMA,FINALIZADA,BONGI,AV GENERAL SAN MARTIN,4,1083,,PRÓXIMO AOS CORREIOS,,,,BONGI,COLISÃO FRONTAL,,1,0,0,0,0,0,1,0,0,1,0,,SUBURBIO,Longo da via,Chuvoso,Não existe,Perfeito estado,Molhada,Perfeito estado,Não existe,R-6a,,Dupla,Faixa contínua,,,1214,202215209
2022-07-04,00:00:00,COM VÍTIMA,FINALIZADA,BOA VIAGEM,AV BOA VIAGEM,0,,AV ARMINDO MOURA,,,,,BOA VIAGEM,COLISÃO TRASEIRA,,1,1,0,0,0,0,0,0,0,1,0,84,,,,,,,,,,,,,,,1215,202215222
2022-07-04,00:00:00,COM VÍTIMA,FINALIZADA,IPSEP,RUA JEAN EMILE FAVRE,0,,RUA PAMPULHA,PRAÇA DA MAURICEA,,,,IPSEP,COLISÃO TRANSVERSAL,,1,1,0,0,0,0,0,0,0,1,0,564,SUBURBIO,Cruzamento,Chuvoso,Sem defeito,Perfeito estado,Molhada,,Faixa de pedestre,R-4a,40 km/h,Dupla,Faixa contínua,,,1217,202215230
2022-07-04,00:00:00,COM VÍTIMA,FINALIZADA,GUABIRABA,AV VEREADOR OTACILIO AZEVEDO,2,30,,TERMINAL DO ÔNIBUS GLOBO,,,,GUABIRABA,COLISÃO LATERAL,,1,1,0,0,0,0,0,0,0,1,0,,,,,,,,,,,,,,,,1218,202215250
2022-07-05,00:00:00,VÍTIMA FATAL,FINALIZADA,IPUTINGA,AV CAXANGA,0,,,"PROXIMO Estação BRT  BR 101 , ACIDENTE COM VÍTIMA FATAL , CAMINHÃO SE EVADIU.",,,,IPUTINGA,ATROPELAMENTO DE PESSOA,,0,0,0,0,1,0,1,0,0,0,1,269,SUBURBIO,Longo da via,Bom,Sem defeito,Perfeito estado,Seca,Perfeito estado,Faixa de pedestre,Não há placas,60 km/h,Dupla,Canteiro central,Outros,,1221,202215304
2022-07-05,00:00:00,COM VÍTIMA,FINALIZADA,SAN MARTIN,AV GENERAL SAN MARTIN,4,1864,,PRAÇA DE EVENTOS,,,,SAN MARTIN,COLISÃO LATERAL,,1,1,0,0,0,0,0,0,0,1,0,,CIDADE,Longo da via,Bom,Não existe,Perfeito estado,Seca,Perfeito estado,Não existe,Não há placas,40 km/h,Dupla,Faixa contínua,,,1222,202215323
2022-07-05,00:00:00,COM VÍTIMA,FINALIZADA,IMBIRIBEIRA,AV MARECHAL MASCARENHAS DE MORAES,4,4223,,LOGO APÓS O VIADUTO TANCREDO NEVES,,,,IMBIRIBEIRA,COLISÃO TRASEIRA,,1,1,0,0,0,0,0,0,0,1,0,,CIDADE,Longo da via,Bom,Não existe,Perfeito estado,Seca,Perfeito estado,Não existe,Não há placas,,Única,Faixa seccionada,,,1225,202215342
2022-07-05,00:00:00,COM VÍTIMA,FINALIZADA,IMBIRIBEIRA,RUA ITACARI,3,162,RUA ITAJAI,PROXIMO A EMPRESA YNOVE,,,,IMBIRIBEIRA,COLISÃO TRANSVERSAL,,2,1,0,0,0,0,0,0,0,1,0,,SUBURBIO,Cruzamento,Bom,Não existe,Perfeito estado,Seca,Perfeito estado,Faixa de pedestre,"Placas ""Pare""",,Única,Faixa seccionada,,,1226,202215349
2022-07-05,00:00:00,COM VÍTIMA,FINALIZADA,ROSARINHO,AV NORTE MIGUEL ARRAES DE ALENCAR,0,,AV SANTOS DUMONT,ACIDENTE COM VÍTIMA ENVOVENDO MOTO E PEDESTRES ( ATROPELAMENTO )  INFORMAÇÃO COLHIDA A POSTERIOR,,,,ROSARINHO,ATROPELAMENTO DE PESSOA,,0,1,0,0,1,0,0,0,0,2,0,81,CIDADE,Longo da via,Bom,Sem defeito,Perfeito estado,Seca,Perfeito estado,Faixa de pedestre,Outras,,Dupla,Canteiro central,,,1227,202215354
2022-07-05,00:00:00,COM VÍTIMA,FINALIZADA,CORDEIRO,AV GENERAL SAN MARTIN,0,,,AO LADO DA COMPAZ,,,,CORDEIRO,COLISÃO LATERAL,,1,1,0,0,0,0,0,0,0,1,0,,,,,,,,,,,,,,,,1228,202215360
2022-07-05,00:00:00,COM VÍTIMA,FINALIZADA,AFOGADOS,RUA CARLOS PENA FILHO,4,1136,RUA SAO MIGUEL,EM FRENTE CHINE BOX DE AFOGADOS,,,,AFOGADOS,COLISÃO LATERAL,,1,1,0,0,0,0,0,0,0,1,0,,SUBURBIO,Cruzamento,Chuvoso,Não existe,Incompleta,Molhada,Mal conservada,Não existe,Não há placas,60 km/h,Dupla,Não existe,,,1229,202215361
2022-07-05,00:00:00,COM VÍTIMA,FINALIZADA,PARNAMIRIM,AV DEZESSETE DE AGOSTO,3,372,AV FLOR DE SANTANA,BURGER KING,,,,PARNAMIRIM,COLISÃO TRANSVERSAL,,1,1,0,0,0,0,0,0,0,1,0,614,SUBURBIO,Cruzamento,Chuvoso,Sem defeito,Perfeito estado,Molhada,Perfeito estado,Faixa de pedestre,Outras,,Dupla,Faixa contínua,,,1231,202215370
2022-07-05,00:00:00,COM VÍTIMA,FINALIZADA,ARRUDA,AV PROFESSOR JOSE DOS ANJOS,0,,AV BEBERIBE,,,,,ARRUDA,COLISÃO LATERAL,,1,0,0,0,0,0,1,0,0,1,0,131,CIDADE,Cruzamento,Chuvoso,Sem defeito,Perfeito estado,Molhada,Perfeito estado,Faixa de pedestre,Outras,,Dupla,Faixa contínua,,,1232,202215371
2022-07-05,00:00:00,COM VÍTIMA,FINALIZADA,DOIS UNIDOS,AV HILDEBRANDO DE VASCONCELOS,3,781,,PROXIMO A ANTIGA FABRICA MINERVA / ASINHA DO TOINHO,,,,DOIS UNIDOS,COLISÃO LATERAL,,1,1,0,0,0,1,0,0,0,1,0,,CIDADE,Longo da via,Chuvoso,Não existe,Não existente,Molhada,Perfeito estado,Não existe,Não há placas,,Dupla,Não existe,,,1233,202215373
2022-07-06,00:00:00,COM VÍTIMA,FINALIZADA,SANTO AMARO,AV GOVERNADOR AGAMENON MAGALHAES,0,,AV DR JAYME DA FONTE,NO SEMAFORO 049,,,,SANTO AMARO,COLISÃO TRASEIRA,,1,1,0,0,0,0,0,0,0,1,0,49,SUBURBIO,Cruzamento,Bom,Sem defeito,Perfeito estado,Seca,Perfeito estado,Faixa de pedestre,Não há placas,60 km/h,Dupla,Faixa seccionada,,,1234,202215403
2022-07-06,00:00:00,COM VÍTIMA,FINALIZADA,IPUTINGA,AV MAURICIO DE NASSAU,3,268,,EM FRENTE AO ALUGUEL DE REBOQUE,,,,IPUTINGA,COLISÃO TRANSVERSAL,,1,1,0,0,0,0,0,0,0,1,0,,,Cruzamento,Bom,Não existe,Ilegível,Seca,Perfeito estado,Não existe,R-6a,,Dupla,Outros,,,1236,202215438
2022-07-06,00:00:00,COM VÍTIMA,FINALIZADA,DERBY,AV GOVERNADOR AGAMENON MAGALHAES,4,1160,AV RUI BARBOSA,EM FRENTE AO TRE,,,,DERBY,QUEDA,,0,1,0,0,0,0,0,0,0,1,0,37,SUBURBIO,Longo da via,Bom,Sem defeito,Perfeito estado,Seca,Perfeito estado,Faixa de pedestre,Outras,60 km/h,Única,Canteiro central,,,1238,202215447
2022-07-06,00:00:00,COM VÍTIMA,FINALIZADA,BOA VISTA,RUA DA AURORA,4,1301,,EM FRENTE AO BANCO CENTRAL,,,,BOA VISTA,ATROPELAMENTO DE PESSOA,,1,0,0,0,1,0,0,0,0,1,0,,,Longo da via,Bom,Não existe,Perfeito estado,Seca,Perfeito estado,Não existe,Não há placas,,Dupla,Canteiro central,,,1239,202215451
2022-07-07,00:00:00,COM VÍTIMA,FINALIZADA,BOA VIAGEM,RUA VISCONDE DE JEQUITINHONHA,0,,RUA CAPITAO ZUZINHA,SEM. 433 - CRUZAMENTO C/A RUA CAP ZUZINHA,,,,BOA VIAGEM,COLISÃO COM CICLISTA,,0,0,0,1,0,1,0,0,0,1,0,433,,Cruzamento,Bom,Sem defeito,Perfeito estado,Seca,Perfeito estado,,Outras,,,,,,1241,202215475
2022-07-07,00:00:00,COM VÍTIMA,FINALIZADA,SAO JOSE,C SANTA RITA,3,595,,OPOSTO AS TORRES GEMEAS,,,,SÃO JOSÉ,COLISÃO LATERAL,,1,1,0,0,0,0,0,0,0,1,0,,SUBURBIO,Longo da via,Chuvoso,Não existe,Não existente,Molhada,Perfeito estado,Não existe,Não há placas,60 km/h,Única,Faixa seccionada,,,1242,202215483
2022-07-07,00:00:00,COM VÍTIMA,FINALIZADA,CASA AMARELA,AV NORTE MIGUEL ARRAES DE ALENCAR,3,270,,PROX. A FARMACIA DO TRABALHADOR,,,,CASA AMARELA,ATROPELAMENTO DE PESSOA,,0,1,0,0,1,0,0,0,0,2,0,95,CIDADE,Longo da via,Chuvoso,Sem defeito,Perfeito estado,Molhada,Perfeito estado,Faixa de pedestre,R-6a,,Dupla,Faixa seccionada,,,1243,202215485
2022-07-07,00:00:00,COM VÍTIMA,FINALIZADA,BOA VIAGEM,RUA BARAO DE SOUZA LEAO,4,1000,RUA ALMIRANTE TAMANDARE,ESCOLA SANTOS DUMONT,,,,BOA VIAGEM,COLISÃO LATERAL,,1,1,0,0,0,0,0,0,0,1,0,,SUBURBIO,Esquina,Bom,Não existe,Perfeito estado,Seca,Perfeito estado,Não existe,Não há placas,,Única,Faixa seccionada,,,1246,202215553
2022-07-08,00:00:00,COM VÍTIMA,FINALIZADA,MADALENA,RUA DEMOCRITO DE SOUZA FILHO,2,17,RUA BARTOLOMEU DE GUSMAO,BELEZA CAFÉ MODA E BARBEARIA,,,,MADALENA,COLISÃO TRANSVERSAL,,1,1,0,0,0,0,0,0,0,2,0,,CIDADE,Cruzamento,Bom,Não existe,Perfeito estado,Seca,Perfeito estado,Não existe,Não há placas,,Única,Faixa seccionada,,,1250,202215575
2022-07-08,00:00:00,COM VÍTIMA,FINALIZADA,AGUA FRIA,RUA SAO SEBASTIAO,4,1312,RUA JULIO JOSE DE SOUZA,PROX A BRASILGAS,,,,ÁGUA FRIA,CHOQUE,,0,0,0,0,0,0,1,0,0,2,0,,,Longo da via,Chuvoso,Não existe,Não existente,Molhada,Perfeito estado,Não existe,Não há placas,,Dupla,Não existe,,,1251,202215596
2022-07-08,00:00:00,COM VÍTIMA,FINALIZADA,IPUTINGA,EST DO BARBALHO,3,532,,EM FRENTE A CARLOS PEÇAS,,,,IPUTINGA,COLISÃO COM CICLISTA,,0,1,0,1,0,0,0,0,0,1,0,,CIDADE,Longo da via,Bom,Não existe,Incompleta,Seca,Perfeito estado,Não existe,Não há placas,,Única,Não existe,,,1252,202215611
2022-07-08,00:00:00,COM VÍTIMA,FINALIZADA,SAO JOSE,AV SUL,3,585,,ANTES DO POSTO BR / LOJA DOS FREIOS,,,,SÃO JOSÉ,CHOQUE,,0,1,0,0,0,0,0,0,1,2,0,,CIDADE,Longo da via,Bom,Não existe,Perfeito estado,Seca,Perfeito estado,Não existe,Não há placas,,Única,Faixa seccionada,,,1253,202215629
2022-07-08,00:00:00,COM VÍTIMA,FINALIZADA,CAMPO GRANDE,RUA PROFESSOR FRANCISCO DA TRINDADE,3,480,RUA CATULO DA PAIXAO CEARENSE,DEPOIS DO CLUBE DAS PAZ PRIMEIRA DIREITA,,,,CAMPO GRANDE,COLISÃO TRANSVERSAL,,2,0,0,0,0,0,0,0,0,1,0,,SUBURBIO,Cruzamento,Bom,Não existe,Perfeito estado,Seca,Perfeito estado,Faixa de pedestre,,,Dupla,Faixa seccionada,,,1254,202215642
2022-07-08,00:00:00,COM VÍTIMA,FINALIZADA,DOIS IRMAOS,RUA MANUEL DE MEDEIROS,0,,,EM FRENTE  A UFRPE,,,,DOIS IRMÃOS,COLISÃO LATERAL,,1,1,0,0,0,0,0,0,0,2,0,588,,Longo da via,Bom,Sem defeito,Perfeito estado,Seca,Perfeito estado,Não existe,Não há placas,40 km/h,Dupla,Faixa contínua,,,1256,202215650