data,hora,natureza_acidente,situacao,bairro,endereco,,numero,detalhe_endereco_acidente,complemento,endereco_cruzamento,numero_cruzamento,referencia_cruzamento,bairro_cruzamento,tipo,descricao,auto,moto,ciclom,ciclista,pedestre,onibus,caminhao,viatura,outros,vitimas,vitimasfatais,num_semaforo,sentido_via,acidente_verificado,tempo_clima,situacao_semaforo,sinalizacao,condicao_via,conservacao_via,ponto_controle,situacao_placa,velocidade_max_via,mao_direcao,divisao_via1,divisao_via2,divisao_via3,_id,Protocolo
2022-07-08,00:00:00,COM VÍTIMA,FINALIZADA,AFOGADOS,RUA SAO MIGUEL,0,,EST DOS REMEDIOS,LARGO DA PAZ,,,,AFOGADOS,COLISÃO TRANSVERSAL,,0,0,1,0,0,1,0,0,0,2,0,53,SUBURBIO,Cruzamento,Bom,Sem defeito,Perfeito estado,Seca,Perfeito estado,Faixa de pedestre,Outras,,Única,Não existe,,,1257,202215658
2022-07-09,00:00:00,COM VÍTIMA,FINALIZADA,CASA AMARELA,AV NORTE MIGUEL ARRAES DE ALENCAR,0,,,SUPERMERCADO MAIS VOCÊ,,,,CASA AMARELA,COLISÃO TRASEIRA,,2,1,0,0,0,0,0,0,0,4,0,95,SUBURBIO,Longo da via,Bom,Sem defeito,Perfeito estado,Seca,Perfeito estado,Faixa de pedestre,R-6a,,Dupla,Canteiro central,,,1258,202215665
2022-07-09,00:00:00,COM VÍTIMA,FINALIZADA,CASA AMARELA,EST DAS UBAIAS,0,,RUA CONS NABUCO,POSTO BR / SEMÁFORO 655,,,,CASA AMARELA,QUEDA,,1,1,0,0,0,0,0,0,0,1,0,655,,,,,,,,,,,,,,,1259,202215689
2022-07-10,00:00:00,COM VÍTIMA,FINALIZADA,NOVA DESCOBERTA,RUA NOVA DESCOBERTA,0,,,"NA ENTRADA DO CORREGO DA AREIA, PRÓXIMO A FEIRA DE NOVA DESCOBERTA",,,,NOVA DESCOBERTA,COLISÃO LATERAL,,0,1,0,0,0,1,0,0,0,1,0,,,,,,,,,,,,,,,,1260,202215737
2022-07-10,00:00:00,COM VÍTIMA,FINALIZADA,AFOGADOS,RUA COSME VIANA,3,180,RUA DR ADELINO,,,,,AFOGADOS,COLISÃO LATERAL,,0,2,0,0,0,0,0,0,0,1,0,426,SUBURBIO,Cruzamento,Bom,Sem defeito,Perfeito estado,Seca,Perfeito estado,Não existe,Não há placas,,Única,Não existe,,,1261,202215746
2022-07-10,00:00:00,COM VÍTIMA,FINALIZADA,CASA AMARELA,EST DO ARRAIAL,4,3310,RUA BELA VISTA,COM ESTRADA DO ARRAIAL,,,,CASA AMARELA,COLISÃO LATERAL,,0,1,1,0,0,0,0,0,0,1,0,,SUBURBIO,Esquina,Bom,Não existe,Não existente,Seca,Perfeito estado,Não existe,Não há placas,,Única,Faixa seccionada,,,1262,202215786
2022-07-11,00:00:00,COM VÍTIMA,FINALIZADA,IPUTINGA,AV PROFESSOR JOAQUIM CAVALCANTI,0,,,PROXIMO AO VIADUTO DA CAXANGA,,,,IPUTINGA,CHOQUE,,1,0,0,0,0,0,0,0,0,3,0,,SUBURBIO,Outros,Chuvoso,Não existe,Incompleta,Molhada,Perfeito estado,Não existe,Não há placas,,Dupla,Canteiro central,,,1263,202215793
2022-07-11,00:00:00,COM VÍTIMA,FINALIZADA,DERBY,AV GOVERNADOR AGAMENON MAGALHAES,0,,,"EM FRENTE A RESTAURAÇÃO, SENT. BOA VIAGEM",,,,DERBY,COLISÃO TRASEIRA,,0,2,0,0,0,0,0,0,0,2,0,650,,Longo da via,Bom,Sem defeito,,Molhada,Perfeito estado,Outros,Não há placas,60 km/h,Única,Faixa seccionada,,,1264,202215805
2022-07-11,00:00:00,COM VÍTIMA,FINALIZADA,AFOGADOS,EST DOS REMEDIOS,4,1118,,EM FRENTE A CUNHA PNEUS,,,,AFOGADOS,COLISÃO TRASEIRA,,1,1,0,0,0,0,0,0,0,1,0,,CIDADE,Longo da via,Bom,Não existe,Perfeito estado,Seca,Perfeito estado,Não existe,R-6a,,Única,Faixa contínua,Faixa seccionada,,1265,202215820
2022-07-11,00:00:00,COM VÍTIMA,FINALIZADA,PINA,AV ENGENHEIRO DOMINGOS FERREIRA,3,210,,EM FRENTE AO ANTIGO CARTORIO DE REGISTRO,,,,PINA,COLISÃO LATERAL,,1,1,0,0,0,0,0,0,0,1,0,,SUBURBIO,Longo da via,Bom,Não existe,Incompleta,Seca,Mal iluminada,Não existe,Não há placas,,Única,Não existe,,,1266,202215823
2022-07-12,00:00:00,COM VÍTIMA,FINALIZADA,AREIAS,RUA JOSE NATARIO,3,343,,PRÓX. À CBTU,,,,AREIAS,COLISÃO TRASEIRA,,0,2,0,0,0,0,0,0,0,1,0,,SUBURBIO,Longo da via,Bom,Não existe,Não existente,Seca,Perfeito estado,Não existe,Não há placas,,Dupla,Não existe,,,1267,202215894
2022-07-12,00:00:00,COM VÍTIMA,FINALIZADA,IMBIRIBEIRA,AV MARECHAL MASCARENHAS DE MORAES,0,,RUA JALISCO,EM FRENTE O GERALDÃO,,,,IMBIRIBEIRA,COLISÃO TRASEIRA,,1,1,0,0,0,0,0,0,0,1,0,290,CIDADE,Longo da via,Bom,Sem defeito,Perfeito estado,Seca,Perfeito estado,Faixa de retenção,Outras,,Dupla,Canteiro central,,,1268,202215898
2022-07-12,00:00:00,COM VÍTIMA,FINALIZADA,TEJIPIO,AV DR JOSE RUFINO,4,3385,,PROX AO ARMAZEM CORAL,,,,TEJIPIÓ,COLISÃO TRASEIRA,,1,1,0,0,0,0,0,0,0,1,0,,CIDADE,Longo da via,Bom,Não existe,Ilegível,Seca,Perfeito estado,Não existe,Não há placas,,Dupla,Faixa contínua,,,1269,202215906
2022-07-13,00:00:00,COM VÍTIMA,FINALIZADA,DOIS UNIDOS,AV HILDEBRANDO DE VASCONCELOS,0,,RUA URIEL DE HOLANDA,CT DO SANTA CRUZ / ENTRADA DE DOIS UNIDOS,,,,DOIS UNIDOS,COLISÃO FRONTAL,,1,1,0,0,0,0,0,0,0,1,0,,SUBURBIO,Cruzamento,Chuvoso,Não existe,Não existente,Molhada,Perfeito estado,Não existe,Não há placas,,Dupla,Não existe,,,1270,202215934
2022-07-13,00:00:00,COM VÍTIMA,FINALIZADA,PINA,AV HERCULANO BANDEIRA,3,543,,EM FRENTE AO MARTELINHO DE OURO,,,,PINA,COLISÃO TRASEIRA,,1,1,0,0,0,0,0,0,0,1,0,,SUBURBIO,Longo da via,Chuvoso,Não existe,Perfeito estado,Molhada,Perfeito estado,Não existe,R-6a,60 km/h,Única,Faixa seccionada,,,1271,202215939
2022-07-13,00:00:00,COM VÍTIMA,FINALIZADA,BOA VIAGEM,RUA WALDEMAR NERY CARNEIRO MONTEIRO,3,531,RUA SIDERAL,PRÓX. AO ESPAÇO CRIANÇAR E AO CAPS ESPAÇO LIVREMENTE,,,,BOA VIAGEM,COLISÃO LATERAL,,2,1,0,0,0,0,0,0,0,1,0,,SUBURBIO,Cruzamento,Bom,Não existe,Não existente,Seca,Perfeito estado,Não existe,Não há placas,,Dupla,Faixa contínua,,,1272,202215957
2022-07-13,00:00:00,COM VÍTIMA,FINALIZADA,TORRE,AV BEIRA RIO,0,,RUA CONDE DE IRAJA,PRÓX. À OGREJA EXÉRCITO DE SALVAÇÃO,,,,TORRE,COLISÃO TRANSVERSAL,,1,1,0,0,0,0,0,0,0,1,0,630,SUBURBIO,Cruzamento,Bom,Sem defeito,Perfeito estado,Seca,Perfeito estado,Faixa de pedestre,Outras,,Dupla,Faixa contínua,,,1274,202215966
2022-07-13,00:00:00,COM VÍTIMA,FINALIZADA,AGUA FRIA,RUA DA REGENERACAO,4,898A,RUA DEZESSEIS DE JULHO,EM FRENTE AO IRMÃO ANDRADRE BEBIDAS,,,,ÁGUA FRIA,COLISÃO FRONTAL,,1,1,0,0,0,0,0,0,0,1,0,,,Longo da via,Bom,Não existe,Incompleta,Seca,Perfeito estado,Não existe,Não há placas,,Dupla,Não existe,,,1275,202215976
2022-07-13,00:00:00,COM VÍTIMA,FINALIZADA,BOA VIAGEM,AV ENGENHEIRO DOMINGOS FERREIRA,4,1274,,EM FRENTE A CASA PRONTA,,,,BOA VIAGEM,ATROPELAMENTO DE PESSOA,,1,0,0,0,2,0,0,0,0,2,0,,,,,,,,,,,,,,,,1277,202215993
2022-07-13,00:00:00,COM VÍTIMA,FINALIZADA,CASA AMARELA,RUA PADRE LEMOS,0,,RUA DR TOME DIAS,ESQUINA DA IGREJA UNIVERSAL,,,,CASA AMARELA,COLISÃO TRASEIRA,,1,1,0,0,0,0,0,0,0,1,0,,SUBURBIO,Longo da via,Bom,Não existe,Perfeito estado,Seca,Perfeito estado,Não existe,Outras,,Dupla,,,,1278,202216004
2022-07-14,00:00:00,COM VÍTIMA,FINALIZADA,IMBIRIBEIRA,RUA ARQUITETO LUIZ NUNES,3,438,RUA ARQUITETO FERNANDO ALMEIDA,PRÓXIMO A LAGOA DO ARAÇA ONDE TEM A LOMBADA ELET^RNICA,,,,IMBIRIBEIRA,COLISÃO LATERAL,,1,1,0,0,0,0,0,0,0,1,0,,SUBURBIO,Cruzamento,Chuvoso,Não existe,Perfeito estado,Molhada,Perfeito estado,Não existe,Não há placas,,Única,Faixa seccionada,,,1281,202216012
2022-07-14,00:00:00,COM VÍTIMA,FINALIZADA,IPSEP,AV SENADOR ROBERT KENNEDY,3,350,RUA CONDESSA DE BARRAL,EM FRENTE À URB / REGIONAL SUL DA DIRCON,,,,IPSEP,COLISÃO FRONTAL,,1,1,0,0,0,0,0,0,0,1,0,,SUBURBIO,Cruzamento,Bom,Não existe,Não existente,Seca,Perfeito estado,Não existe,Não há placas,,Dupla,Faixa seccionada,,,1282,202216036
2022-07-14,00:00:00,COM VÍTIMA,FINALIZADA,AREIAS,AV SALDANHA MARINHO,3,652,AV RECIFE,EM FRENTE AO POSTO BR,,,,AREIAS,COLISÃO LATERAL,,1,1,0,0,0,0,0,0,0,2,0,,SUBURBIO,,,,,,,,,,,,,,1283,202216049
2022-07-14,00:00:00,COM VÍTIMA,FINALIZADA,ILHA DO LEITE,RUA FRANCISCO ALVES,0,,RUA CAPITAO JOSE DA LUZ,NA FRENTE DO EMPRESARIAL RIO CAPIBARIBE,,,,ILHA DO LEITE,COLISÃO FRONTAL,,1,1,0,0,0,0,0,0,0,1,0,107,,Cruzamento,Bom,Não existe,Perfeito estado,Seca,Perfeito estado,Faixa de retenção,"Placas ""Pare""",,Dupla,Faixa contínua,,,1286,202216073
2022-07-14,00:00:00,COM VÍTIMA,FINALIZADA,VASCO DA GAMA,RUA ALTO DO EUCALIPTO,3,283,,PROX A BARRACA DO SEU ALCIDES,,,,VASCO DA GAMA,COLISÃO LATERAL,,0,2,0,0,0,0,0,0,0,2,0,,,Longo da via,Bom,Não existe,Perfeito estado,Seca,Perfeito estado,Não existe,,30 km/h,Dupla,Não existe,,,1287,202216079
2022-07-15,00:00:00,COM VÍTIMA,FINALIZADA,IPSEP,RUA ITACARI,3,162,RUA ITAJAI,"RUA ITAJAI - PROX ACADEMIA XTR  -  COLISÃO ENTRE DOIS AUTO.  SAMU A CAMINHO DE LOCAL , PFF-1112 HONDA CITY CINZA/ QNG-9998 ONIX PRATA",,,,IPSEP,COLISÃO FRONTAL,,2,0,0,0,0,0,0,0,0,1,0,,,Cruzamento,Bom,Não existe,Perfeito estado,Seca,Perfeito estado,Faixa de pedestre,"Placas ""Pare""",40 km/h,Única,Faixa contínua,,,1288,202216158
2022-07-15,00:00:00,COM VÍTIMA,FINALIZADA,IPUTINGA,AV CAXANGA,4,3275,,PROX AO SUPERMERCADO ARCO-MIX,,,,IPUTINGA,QUEDA,,0,1,0,0,0,0,0,0,0,1,0,,,Longo da via,Bom,Não existe,Perfeito estado,Seca,Perfeito estado,Não existe,Não há placas,,Dupla,Canteiro central,,,1291,202216186
2022-07-15,00:00:00,COM VÍTIMA,FINALIZADA,SAN MARTIN,AV GENERAL SAN MARTIN,4,2489,,PRÓXIMO A RUA TENENTE MINDELO,,,,SAN MARTIN,COLISÃO COM CICLISTA,,1,0,0,1,0,0,0,0,0,1,0,,SUBURBIO,Longo da via,Chuvoso,Não existe,Perfeito estado,Molhada,,,,,Dupla,Não existe,,,1292,202216190
2022-07-16,00:00:00,COM VÍTIMA,FINALIZADA,PINA,AV ANTONIO DE GOES,0,,,DNIT,,,,PINA,COLISÃO TRASEIRA,,1,1,0,0,0,0,0,0,0,1,0,103,CIDADE,Outros,Chuvoso,Sem defeito,Perfeito estado,Molhada,Perfeito estado,Faixa de pedestre,,,Única,Faixa seccionada,,,1293,202216215
2022-07-16,00:00:00,COM VÍTIMA,FINALIZADA,GRACAS,RUA SAO SALVADOR,3,105,,PROX A UNIMED DA AGAMENON MAGALHÕES,,,,GRAÇAS,COLISÃO LATERAL,,1,1,0,0,0,0,0,0,0,1,0,,,Longo da via,Chuvoso,Não existe,,Molhada,Perfeito estado,,,,,,,,1294,202216251
2022-07-16,00:00:00,COM VÍTIMA,FINALIZADA,CAMPO GRANDE,RUA MARQUES DE ABRANTES,3,124,RUA PRUDENTE DE MORAES,PROX AO ULTRA GAS,,,,CAMPO GRANDE,COLISÃO TRANSVERSAL,,1,1,0,0,0,0,0,0,0,1,0,,CIDADE,Cruzamento,Chuvoso,Não existe,Perfeito estado,Molhada,Perfeito estado,Não existe,"Placas ""Pare""",,Dupla,Faixa seccionada,,,1295,202216266
2022-07-17,00:00:00,COM VÍTIMA,FINALIZADA,MADALENA,AV ENGENHEIRO ABDIAS DE CARVALHO,0,,,PROX AO BOBS,,,,MADALENA,COLISÃO TRANSVERSAL,,0,1,0,0,0,0,0,0,0,1,0,,,,,,,,,,,,,,,,1300,202216339
2022-07-18,00:00:00,COM VÍTIMA,FINALIZADA,VARZEA,AV CAXANGA,0,,RUA GASTAO VIDIGAL,EM FRENTE A UPA,,,,VÁRZEA,COLISÃO TRANSVERSAL,,1,1,0,0,0,0,0,0,0,2,0,281,SUBURBIO,Cruzamento,Bom,Sem defeito,Perfeito estado,Seca,Perfeito estado,Faixa de pedestre,,,Dupla,,,,1302,202216341
2022-07-18,00:00:00,COM VÍTIMA,FINALIZADA,BOA VIAGEM,RUA PEDRO PAES MENDONCA,0,,AV FERNANDO SIMOES BARBOSA,BIG BOMPREÇO,,,,BOA VIAGEM,COLISÃO TRASEIRA,,1,1,0,0,0,0,0,0,0,1,0,544,SUBURBIO,Longo da via,Chuvoso,Sem defeito,Perfeito estado,Molhada,,Faixa de pedestre,,60 km/h,Única,,,,1303,202216362
2022-07-18,00:00:00,COM VÍTIMA,FINALIZADA,CORDEIRO,RUA SOUZA BANDEIRA,0,,AV CAXANGA,,,,,CORDEIRO,COLISÃO TRANSVERSAL,,1,1,0,0,0,0,0,0,0,1,0,,SUBURBIO,Cruzamento,Chuvoso,Sem defeito,Perfeito estado,Molhada,Perfeito estado,Faixa de pedestre,Não há placas,60 km/h,Única,Faixa seccionada,,,1304,202216371
2022-07-18,00:00:00,COM VÍTIMA,FINALIZADA,AFOGADOS,EST DOS REMEDIOS,0,,,EM FRENTE AO POSTO PETROBAHIA,,,,AFOGADOS,ATROPELAMENTO DE PESSOA,,0,1,0,0,1,0,0,0,0,2,0,,CIDADE,Longo da via,Bom,Não existe,Perfeito estado,Seca,Perfeito estado,Não existe,Outras,,Única,Faixa contínua,Faixa seccionada,,1308,202216403
2022-07-19,00:00:00,COM VÍTIMA,FINALIZADA,APIPUCOS,RUA DE APIPUCOS,4,1252,RUA CAETES,"EM FRENTE 11° BATALHÃO DA POLICIA MILITAR, PROX. A FUNDAÇÃO JOAQUIM NABUCO",,,,APIPUCOS,COLISÃO TRASEIRA,,1,1,0,0,0,0,0,0,0,1,0,248,CIDADE,Longo da via,Bom,Sem defeito,Perfeito estado,Molhada,Perfeito estado,Não existe,Não há placas,,Dupla,Faixa contínua,,,1309,202216414
2022-07-19,00:00:00,COM VÍTIMA,FINALIZADA,IPSEP,AV RECIFE,4,2528,,EM FRENTE AO ATACAMAX,,,,IPSEP,COLISÃO TRASEIRA,,1,1,0,0,0,0,0,0,0,1,0,,CIDADE,Longo da via,Bom,Não existe,Perfeito estado,Seca,Perfeito estado,Não existe,Não há placas,60 km/h,Dupla,Canteiro central,,,1310,202216421
2022-07-19,00:00:00,COM VÍTIMA,FINALIZADA,BONGI,AV CONSUL VILARES FRAGOSO,2,60,RUA DR JOAO COSTA,EM FRENTE AO DEPOSITO MELHOR GÁS,,,,BONGI,COLISÃO LATERAL,,0,1,0,0,0,1,0,0,0,1,0,,CIDADE,Cruzamento,Bom,Não existe,Incompleta,Seca,Perfeito estado,Não existe,Não há placas,,Dupla,Não existe,,,1312,202216450
2022-07-19,00:00:00,COM VÍTIMA,FINALIZADA,ESPINHEIRO,AV CONS ROSA E SILVA,0,,RUA AMELIA,AO LADO DA EXTRAFARMA,,,,ESPINHEIRO,COLISÃO COM CICLISTA,,0,1,0,1,0,0,0,0,0,1,0,46,SUBURBIO,Cruzamento,Bom,Sem defeito,Perfeito estado,Seca,Perfeito estado,Faixa de pedestre,Outras,,Única,Faixa contínua,,,1313,202216469
2022-07-19,00:00:00,COM VÍTIMA,FINALIZADA,IBURA,AV DOIS RIOS,0,,,PRÓXIMO A POLICLÍNICA,,,,IBURA,COLISÃO FRONTAL,,1,1,0,0,0,0,0,0,0,1,0,,CIDADE,Longo da via,Bom,Não existe,Não existente,Seca,Perfeito estado,Não existe,Não há placas,,Dupla,Não existe,,,1314,202216472
2022-07-20,00:00:00,COM VÍTIMA,FINALIZADA,SANTO ANTONIO,RUA FLORIANO PEIXOTO,0,,PRC JOAQUIM NABUCO,PRÓX. AO BRADESCO,,,,SANTO ANTÔNIO,COLISÃO COM CICLISTA,,1,0,0,1,0,0,0,0,0,1,0,,,Cruzamento,Bom,Não existe,Ilegível,Seca,Mal conservada,Não existe,Não há placas,,Única,Faixa seccionada,,,1315,202216483
2022-07-20,00:00:00,COM VÍTIMA,FINALIZADA,IPSEP,AV RECIFE,4,3460,AV RAIMUNDO DINIZ,SENTIDO AEROPORTO / PRÓX. À CONCESSIONÁRIA JJK AUTOS,,,,IPSEP,ATROPELAMENTO DE PESSOA,,0,1,0,0,1,0,0,0,0,1,0,247,CIDADE,Longo da via,Bom,Sem defeito,Ilegível,Molhada,Perfeito estado,Outros,,60 km/h,Dupla,Canteiro central,,,1317,202216487
2022-07-20,00:00:00,COM VÍTIMA,FINALIZADA,BOA VIAGEM,RUA SA E SOUZA,3,381,RUA CAPITAO ZUZINHA,,,,,BOA VIAGEM,ATROPELAMENTO DE PESSOA,,0,0,0,0,1,1,0,0,0,1,0,420,,Cruzamento,Bom,Sem defeito,Incompleta,Seca,Perfeito estado,Faixa de pedestre,Não há placas,,Única,Não existe,,,1318,202216493
2022-07-20,00:00:00,COM VÍTIMA,FINALIZADA,TORROES,AV ENGENHEIRO ABDIAS DE CARVALHO,3,240,RUA QUINZE DE MARCO,PRÓXIMO À CHESF,,,,TORRÕES,COLISÃO TRASEIRA,,1,2,0,0,0,0,1,0,0,2,0,422,CIDADE,Longo da via,Bom,Sem defeito,Perfeito estado,Seca,Perfeito estado,Agente,R-6a,,Dupla,Canteiro central,,,1319,202216499
2022-07-20,00:00:00,COM VÍTIMA,FINALIZADA,IPSEP,AV RECIFE,0,,AV DOM HELDER CAMARA,E/F AO ARMAZEM CORAL S/T BOA VIAGEM,,,,IPSEP,COLISÃO COM CICLISTA,,1,0,0,1,0,0,0,0,0,1,0,55,,Cruzamento,Bom,Sem defeito,Perfeito estado,Seca,Perfeito estado,Agente,Outras,60 km/h,Dupla,Canteiro central,,,1321,202216516
2022-07-20,00:00:00,COM VÍTIMA,FINALIZADA,APIPUCOS,RUA DOIS IRMAOS,3,147,RUA DE APIPUCOS,PROX A FUNDAÇÃO JOAQUIM NABUCO,,,,APIPUCOS,COLISÃO TRANSVERSAL,,1,2,0,0,0,0,0,0,0,1,0,,SUBURBIO,Longo da via,Chuvoso,Não existe,Perfeito estado,Molhada,Perfeito estado,Não existe,Outras,50 km/h,Dupla,Faixa contínua,,,1322,202216536
2022-07-20,00:00:00,COM VÍTIMA,FINALIZADA,IMBIRIBEIRA,RUA ANTONIO FALCAO,3,475,,APOS O LE PARC,,,,IMBIRIBEIRA,COLISÃO LATERAL,,1,1,0,0,0,0,0,0,0,1,0,402,,Longo da via,Chuvoso,Sem defeito,Perfeito estado,Molhada,Perfeito estado,Faixa de pedestre,Não há placas,,Única,Outros,,,1323,202216537
2022-07-21,00:00:00,VÍTIMA FATAL,FINALIZADA,MADALENA,AV CAXANGA,3,653,RUA JOSE OSORIO,CRUZAMENTO C/A RUA JOSÉ OSÓRIO - SENTIDO SUB/CID,,,,MADALENA,CHOQUE,,1,0,0,0,0,0,0,0,1,0,1,489,CIDADE,Longo da via,Chuvoso,Intermitente,Não existente,Molhada,Perfeito estado,Faixa de pedestre,Não há placas,60 km/h,,Canteiro central,,,1324,202216554
2022-07-21,00:00:00,COM VÍTIMA,FINALIZADA,SANTO AMARO,AV GOVERNADOR AGAMENON MAGALHAES,4,2714,,"DESCIDA DO VIADUTO INDEPENDÊNCIA, FRENTE CONDOMINIO DO EDF MARIA QUITÉRIA SENTIDO OLINDA/RECIFE",,,,SANTO AMARO,QUEDA,,0,1,0,0,0,0,0,0,0,1,0,,CIDADE,Longo da via,Chuvoso,Não existe,Perfeito estado,Molhada,Perfeito estado,Não existe,Não há placas,,Única,Faixa contínua,,,1325,202216582
2022-07-22,00:00:00,COM VÍTIMA,FINALIZADA,BOA VIAGEM,RUA SA E SOUZA,4,1300,RUA BALTAZAR PASSOS,ESCOLA BRITÂNICA CULTURA INGLESA,,,,BOA VIAGEM,COLISÃO LATERAL,,2,0,0,0,0,0,0,0,0,1,0,,,Cruzamento,Chuvoso,Não existe,Ilegível,Molhada,Perfeito estado,Faixa de pedestre,Não há placas,,Dupla,Faixa seccionada,,,1327,202216680
2022-07-22,00:00:00,COM VÍTIMA,FINALIZADA,BOA VIAGEM,AV CELSO FURTADO,0,,RUA PROFESSOR EDUARDO WANDERLEY FILHO,"LADO OPOSTO AO POSTE J013424, SENT SUBURBIO",,,,BOA VIAGEM,QUEDA,,0,1,0,0,0,0,0,0,0,1,0,,SUBURBIO,Longo da via,Chuvoso,Não existe,Perfeito estado,Molhada,Perfeito estado,Não existe,R-6a,60 km/h,Dupla,Canteiro central,,,1328,202216681
2022-07-22,00:00:00,COM VÍTIMA,FINALIZADA,IPSEP,RUA ITANAGE,0,,,DE FRENTE AO MARTELINHO DE OURO,,,,IPSEP,CHOQUE,,0,1,0,0,0,0,0,0,0,2,0,,CIDADE,Longo da via,Chuvoso,Não existe,Não existente,Molhada,Perfeito estado,Não existe,Não há placas,30 km/h,Dupla,Faixa seccionada,,,1329,202216691
2022-07-22,00:00:00,COM VÍTIMA,FINALIZADA,BOA VIAGEM,RUA PROF AURELIO DE CASTRO CAVALCANTI,3,651,AV VINTE DE JANEIRO,PROX. A AQUA SHOP FARM,,,,BOA VIAGEM,COLISÃO LATERAL,,1,1,0,0,0,0,0,0,0,1,0,,,Cruzamento,Bom,Não existe,Não existente,Seca,Perfeito estado,Não existe,Não há placas,,Dupla,Não existe,,,1330,202216703
2022-07-22,00:00:00,COM VÍTIMA,FINALIZADA,ARRUDA,RUA DA REGENERACAO,3,852,,EM FRENTE AO SUSHI DOS AMIGOS,,,,ARRUDA,COLISÃO LATERAL,,1,1,0,0,0,0,0,0,0,1,0,,SUBURBIO,Longo da via,Bom,Não existe,Perfeito estado,Seca,Perfeito estado,Não existe,Não há placas,,Dupla,Não existe,,,1331,202216724
2022-07-23,00:00:00,COM VÍTIMA,FINALIZADA,SANTO AMARO,AV GOVERNADOR AGAMENON MAGALHAES,0,,,EM FRENTE A REITORIA DA UPE SENTIDO OLINDA,,,,SANTO AMARO,COLISÃO COM CICLISTA,,1,0,0,1,0,0,0,0,0,1,0,465,SUBURBIO,Cruzamento,Chuvoso,Intermitente,Perfeito estado,Molhada,Perfeito estado,Faixa de pedestre,Outras,60 km/h,Dupla,Canal,,,1334,202216764
2022-07-23,00:00:00,COM VÍTIMA,FINALIZADA,BOA VISTA,RUA PRINCESA IZABEL,0,,RUA DA AURORA,EM FRENTE A POLICIA CIVIL,,,,BOA VISTA,COLISÃO FRONTAL,,1,1,0,0,0,0,0,0,0,1,0,22,CIDADE,Cruzamento,Bom,Sem defeito,Perfeito estado,Seca,Perfeito estado,Não existe,Não há placas,60 km/h,Única,Faixa seccionada,,,1336,202216772
2022-07-23,00:00:00,COM VÍTIMA,FINALIZADA,SAO JOSE,RUA TOBIAS BARRETO,0,,,VENEZA MUSIC,,,,SÃO JOSÉ,ATROPELAMENTO DE PESSOA,,1,0,0,0,1,0,0,0,0,1,0,,SUBURBIO,Longo da via,Bom,Não existe,Incompleta,Seca,Perfeito estado,Outros,Outras,,Única,Não existe,,,1337,202216800
2022-07-23,00:00:00,COM VÍTIMA,FINALIZADA,TORRE,RUA JOSE BONIFACIO,0,,,NA DECIDA DO VIADUTO SENTIDO SENTIDO PARNAMIRIM,,,,TORRE,ATROPELAMENTO DE PESSOA,,1,0,0,0,1,0,0,0,0,1,0,,SUBURBIO,Ponte,Bom,Não existe,Perfeito estado,Seca,Perfeito estado,,Não há placas,,Dupla,Canteiro central,,,1338,202216815
2022-07-23,00:00:00,COM VÍTIMA,FINALIZADA,IPSEP,RUA JEAN EMILE FAVRE,0,,1 TRV JUSTICA E PAZ,EM FRENTE AO POSTO BR,,,,IPSEP,COLISÃO LATERAL,,1,1,0,0,0,0,0,0,0,1,0,,CIDADE,Longo da via,Bom,Não existe,Perfeito estado,Seca,Perfeito estado,Não existe,R-6a,,Dupla,Faixa contínua,,,1339,202216817