data,hora,natureza_acidente,situacao,bairro,endereco,,numero,detalhe_endereco_acidente,complemento,endereco_cruzamento,numero_cruzamento,referencia_cruzamento,bairro_cruzamento,tipo,descricao,auto,moto,ciclom,ciclista,pedestre,onibus,caminhao,viatura,outros,vitimas,vitimasfatais,num_semaforo,sentido_via,acidente_verificado,tempo_clima,situacao_semaforo,sinalizacao,condicao_via,conservacao_via,ponto_controle,situacao_placa,velocidade_max_via,mao_direcao,divisao_via1,divisao_via2,divisao_via3,_id,Protocolo
2022-08-13,00:00:00,COM VÍTIMA,FINALIZADA,AREIAS,AV DR JOSE RUFINO,3,955,RUA COSTA HONORATO,EM FRENTE A HONDA,,,,AREIAS,COLISÃO TRANSVERSAL,,1,1,0,0,0,0,0,0,0,2,0,,SUBURBIO,Cruzamento,Bom,Não existe,Perfeito estado,Seca,Perfeito estado,Outros,Outras,50 km/h,Dupla,Faixa contínua,,,1507,202218714
2022-08-13,00:00:00,COM VÍTIMA,FINALIZADA,IMBIRIBEIRA,AV GENERAL MAC ARTHUR,0,,,EM FRENTE AO LE PARC,,,,IMBIRIBEIRA,COLISÃO TRANSVERSAL,,1,1,0,0,0,0,0,0,0,1,0,673,SUBURBIO,Longo da via,Bom,Sem defeito,Perfeito estado,Seca,Perfeito estado,Faixa de pedestre,Não há placas,40 km/h,Única,Faixa seccionada,,,1508,202218720
2022-08-13,00:00:00,COM VÍTIMA,FINALIZADA,BOA VIAGEM,RUA DR LUIZ INACIO PESSOA DE MELO,3,342,,E/F AO SUPERMERCADO TREVO,,,,BOA VIAGEM,COLISÃO FRONTAL,,1,1,0,0,0,0,0,0,0,1,0,,CIDADE,Longo da via,Bom,Não existe,Perfeito estado,Seca,Perfeito estado,Não existe,Outras,,Dupla,Faixa seccionada,,,1509,202218722
2022-08-13,00:00:00,COM VÍTIMA,FINALIZADA,BOA VISTA,AV GOVERNADOR AGAMENON MAGALHAES,0,,,EM FRENTE AO COLEGIO AMERICANO BATISTA,,,,BOA VISTA,COLISÃO TRASEIRA,,1,1,0,0,0,0,0,0,0,1,0,37,SUBURBIO,Longo da via,Bom,Sem defeito,Perfeito estado,Seca,Perfeito estado,Faixa de pedestre,R-6a,,Dupla,Canteiro central,,,1510,202218724
2022-08-13,00:00:00,COM VÍTIMA,FINALIZADA,SANTO AMARO,RUA TREZE DE MAIO,4,914A,RUA FREI CASSIMIRO,,,,,SANTO AMARO,COLISÃO LATERAL,,1,1,0,0,0,0,0,0,0,2,0,,SUBURBIO,Cruzamento,Bom,Não existe,Perfeito estado,Seca,Perfeito estado,Faixa de pedestre,Outras,,Dupla,Faixa contínua,,,1511,202218726
2022-08-14,00:00:00,COM VÍTIMA,FINALIZADA,BARRO,AV DR JOSE RUFINO,4,1897,,"EM FRENTE A GALERIA BARRO, PROX. AO POSTO DE GASOLINA IMPERIO",,,,BARRO,CHOQUE,,1,0,0,0,0,0,0,0,0,1,0,,CIDADE,Longo da via,Bom,Não existe,Perfeito estado,Seca,Perfeito estado,Não existe,Não há placas,40 km/h,,Faixa contínua,,,1513,202218751
2022-08-14,00:00:00,COM VÍTIMA,FINALIZADA,CAJUEIRO,AV BEBERIBE,0,,RUA MAJOR DAVINO,NA ESQUINA DA PIZZARIA VICIOS,,,,CAJUEIRO,COLISÃO TRANSVERSAL,,1,1,0,0,0,0,0,0,0,1,0,307,,Cruzamento,Bom,Sem defeito,Perfeito estado,Seca,Perfeito estado,Faixa de pedestre,Não há placas,,Dupla,Faixa contínua,,,1514,202218764
2022-08-14,00:00:00,COM VÍTIMA,FINALIZADA,ALTO SANTA TEREZINHA,AV ANIBAL BENEVOLO,3,636,,EM FRENTE AO CLUBE BELA VISTA,,,,ALTO SANTA TERESINHA,COLISÃO LATERAL,,1,0,1,0,0,0,0,0,0,1,0,,CIDADE,Longo da via,Bom,Não existe,Perfeito estado,Seca,Perfeito estado,Não existe,Outras,30 km/h,Dupla,Não existe,,,1515,202218767
2022-08-14,00:00:00,COM VÍTIMA,FINALIZADA,ESPINHEIRO,RUA DO ESPINHEIRO,0,,RUA SANTO ELIAS,DE FRENTE AO POSTO IPIRANGA,,,,ESPINHEIRO,COLISÃO TRANSVERSAL,,2,0,0,0,0,0,0,0,0,1,0,,CIDADE,Cruzamento,Bom,Não existe,Incompleta,Seca,Perfeito estado,Faixa de pedestre,"Placas ""Pare""",,Única,Faixa seccionada,,,1516,202218771
2022-08-14,00:00:00,COM VÍTIMA,FINALIZADA,AGUA FRIA,AV BEBERIBE,4,2584,,PROX AO PAGODE DA PRESSÃO,,,,ÁGUA FRIA,COLISÃO COM CICLISTA,,0,0,0,1,0,1,0,0,0,1,0,,SUBURBIO,Longo da via,Bom,Não existe,Perfeito estado,Seca,Perfeito estado,Não existe,R-6a,,Dupla,Faixa seccionada,,,1517,202218776
2022-08-15,00:00:00,COM VÍTIMA,FINALIZADA,IMBIRIBEIRA,RUA ITACARI,3,162,RUA ITAJAI,EM FRENTE À YNOVE,,,,IMBIRIBEIRA,COLISÃO LATERAL,,1,1,0,0,0,0,0,0,0,1,0,,,Cruzamento,Bom,Não existe,Perfeito estado,Seca,Perfeito estado,Faixa de pedestre,Outras,,Dupla,Faixa contínua,,,1519,202218821
2022-08-15,00:00:00,COM VÍTIMA,FINALIZADA,MADALENA,RUA REAL DA TORRE,3,332,,EM FRENTE DA MARCOS EQUIPADORA,,,,MADALENA,ATROPELAMENTO DE PESSOA,,0,1,0,0,1,0,0,0,0,1,0,,SUBURBIO,Longo da via,Bom,Não existe,Perfeito estado,Seca,Perfeito estado,Não existe,Outras,50 km/h,,Faixa seccionada,,,1523,202218858
2022-08-15,00:00:00,COM VÍTIMA,FINALIZADA,SANTO AMARO,AV GOVERNADOR AGAMENON MAGALHAES,3,465,,EM FRENTE A UPE/ SENTIDO OLINDA,,,,SANTO AMARO,COLISÃO LATERAL,,1,1,0,0,0,0,0,0,0,1,0,,SUBURBIO,Longo da via,Bom,Sem defeito,Perfeito estado,Seca,Perfeito estado,Faixa de pedestre,Não há placas,,Dupla,Canal,,,1524,202218861
2022-08-15,00:00:00,COM VÍTIMA,FINALIZADA,SANTO AMARO,AV NORTE MIGUEL ARRAES DE ALENCAR,3,637,,APOS O SEMAFORO DA RUA 13 DE MAIO,,,,SANTO AMARO,ATROPELAMENTO DE PESSOA,,0,1,0,0,1,0,0,0,0,1,0,,CIDADE,Longo da via,Bom,Não existe,Perfeito estado,Seca,Perfeito estado,Não existe,Não há placas,60 km/h,Dupla,Canteiro central,,,1525,202218872
2022-08-16,00:00:00,COM VÍTIMA,FINALIZADA,PINA,AV ANTONIO DE GOES,3,742,RUA MANOEL DE BRITO,EM FRENTE AO EMPRESARIAL JOPIN,,,,PINA,ATROPELAMENTO DE ANIMAL,,0,1,0,0,0,0,0,0,1,2,0,103,,Cruzamento,Bom,Sem defeito,Perfeito estado,Seca,Perfeito estado,Faixa de pedestre,R-25b,60 km/h,Única,Canteiro central,,,1526,202218904
2022-08-16,00:00:00,COM VÍTIMA,FINALIZADA,ESPINHEIRO,RUA CONS PORTELA,3,676,AV JOAO DE BARROS,PROXIMO AO ITAU,,,,ESPINHEIRO,ATROPELAMENTO DE PESSOA,,1,0,0,0,1,0,0,0,0,1,0,,,Longo da via,Bom,Não existe,Perfeito estado,Seca,Perfeito estado,Faixa de pedestre,R-6a,,Única,Faixa,,,1528,202218958
2022-08-17,00:00:00,COM VÍTIMA,FINALIZADA,VASCO DA GAMA,RUA CORREGO DO OURO,3,352,,PANIFICADORA VITOR,,,,VASCO DA GAMA,COLISÃO LATERAL,,1,0,0,0,0,0,1,0,0,1,0,,,Longo da via,Bom,Não existe,Não existente,Seca,Perfeito estado,Não existe,Não há placas,,Dupla,Não existe,,,1529,202219004
2022-08-17,00:00:00,COM VÍTIMA,FINALIZADA,DOIS IRMAOS,RUA MANUEL DE MEDEIROS,0,,,EM FRENTE À UFRPE,,,,DOIS IRMÃOS,COLISÃO FRONTAL,,1,1,0,0,0,0,0,0,0,1,0,,,Cruzamento,Chuvoso,Sem defeito,Perfeito estado,Molhada,Perfeito estado,Não existe,Não há placas,,Dupla,Faixa seccionada,,,1530,202219006
2022-08-17,00:00:00,COM VÍTIMA,FINALIZADA,BOA VISTA,RUA DO HOSPICIO,0,,RUA PRINCESA IZABEL,CAMERA DOS VEREADOPRES,,,,BOA VISTA,ATROPELAMENTO DE PESSOA,,1,0,0,0,1,0,0,0,0,1,0,31,,Cruzamento,Bom,Sem defeito,Perfeito estado,Seca,Perfeito estado,Faixa de pedestre,Outras,,Dupla,Faixa contínua,,,1533,202219064
2022-08-17,00:00:00,COM VÍTIMA,FINALIZADA,BOA VISTA,AV CONDE DA BOA VISTA,4,1288,,PRÓXIMO AO BRADESCO,,,,BOA VISTA,COLISÃO TRASEIRA,,1,1,0,0,0,0,0,0,0,1,0,,SUBURBIO,Longo da via,Chuvoso,Sem defeito,Perfeito estado,Molhada,Perfeito estado,Outros,Não há placas,,Dupla,Canteiro central,,,1534,202219085
2022-08-17,00:00:00,COM VÍTIMA,FINALIZADA,DERBY,AV GOVERNADOR AGAMENON MAGALHAES,0,,,PRÓXIMO AO BURGUER KING - SENTIDO BOA VIAGEM,,,,DERBY,COLISÃO LATERAL,,0,1,0,0,0,1,0,0,0,1,0,,,Longo da via,Bom,Sem defeito,Perfeito estado,Seca,Perfeito estado,Faixa de pedestre,Outras,60 km/h,Dupla,Canal,,,1535,202219088
2022-08-18,00:00:00,COM VÍTIMA,FINALIZADA,AFOGADOS,RUA SAO MIGUEL,3,469,,EM FRENTE AO POSTO DE GASOLINA DISLUB,,,,AFOGADOS,COLISÃO FRONTAL,,1,1,0,0,0,0,0,0,0,1,0,,,Longo da via,Bom,Não existe,Perfeito estado,Seca,Perfeito estado,Não existe,Outras,50 km/h,Dupla,Faixa contínua,,,1536,202219108
2022-08-18,00:00:00,COM VÍTIMA,FINALIZADA,IPSEP,AV RECIFE,4,1810,RUA JEAN EMILE FAVRE,,,,,IPSEP,COLISÃO TRASEIRA,,0,1,0,0,0,0,0,0,0,1,0,130,IMBIRIBEIRA,Cruzamento,Bom,Sem defeito,Perfeito estado,,Perfeito estado,Faixa de pedestre,R-5a,,,Faixa contínua,,,1537,202219119
2022-08-18,00:00:00,COM VÍTIMA,FINALIZADA,IMBIRIBEIRA,RUA JACI,3,136,RUA JOAQUIM BANDEIRA,APOS A FERREIRA COSTA,,,,IMBIRIBEIRA,COLISÃO LATERAL,,0,1,0,0,0,1,0,0,0,1,0,534,CIDADE,Cruzamento,Bom,Não existe,Não existente,Molhada,Perfeito estado,Não existe,Não há placas,60 km/h,Única,Não existe,,,1538,202219123
2022-08-18,00:00:00,COM VÍTIMA,FINALIZADA,TEJIPIO,AV LIBERDADE,0,,,EM FENTE AO CEMITÉRIO PARQUE DAS FLORES,,,,TEJIPIÓ,COLISÃO LATERAL,,1,1,0,0,0,0,0,0,0,1,0,,,Longo da via,Bom,Não existe,Não existente,Seca,Perfeito estado,Não existe,,30 km/h,Dupla,Não existe,,,1539,202219135
2022-08-18,00:00:00,COM VÍTIMA,FINALIZADA,SANTO ANTONIO,RUA IMPERADOR PEDRO SEGUNDO,3,447,RUA PRIMEIRO DE MARCO,PROX AO BANCO ITAU,,,,SANTO ANTÔNIO,COLISÃO FRONTAL,,0,2,0,0,0,0,0,0,0,2,0,18,CI,Cruzamento,Bom,Sem defeito,Perfeito estado,Seca,Perfeito estado,Faixa de pedestre,R-6a,,Única,Faixa contínua,Faixa seccionada,,1541,202219165
2022-08-18,00:00:00,COM VÍTIMA,FINALIZADA,PINA,AV HERCULANO BANDEIRA,3,673,,,,,,PINA,COLISÃO TRASEIRA,,1,1,0,0,0,0,0,0,0,2,0,,,Longo da via,Bom,Sem defeito,Perfeito estado,Seca,Perfeito estado,Não existe,R-6a,,Única,Faixa seccionada,,,1542,202219170
2022-08-18,00:00:00,COM VÍTIMA,FINALIZADA,BOA VIAGEM,RUA DOM JOSE LOPES,2,57,,EM FRENTE AO BAR SÃO BUTIQUIM,,,,BOA VIAGEM,COLISÃO FRONTAL,,1,1,0,0,0,0,0,0,0,1,0,,,Cruzamento,Bom,Não existe,Perfeito estado,Seca,Perfeito estado,Faixa de pedestre,"Placas ""Pare""",,Dupla,Não existe,,,1544,202219172
2022-08-18,00:00:00,COM VÍTIMA,FINALIZADA,IPSEP,AV RECIFE,4,2670,,PROXIMO AO SEMAFORO 55,,,,IPSEP,COLISÃO TRASEIRA,,1,1,0,0,0,0,0,0,0,1,0,,,Longo da via,Bom,Sem defeito,Perfeito estado,Seca,Perfeito estado,Agente,R-6a,60 km/h,Única,Faixa seccionada,,,1545,202219175
2022-08-18,00:00:00,COM VÍTIMA,FINALIZADA,IMBIRIBEIRA,AV MARECHAL MASCARENHAS DE MORAES,0,,,"EM FRENTE A LASER ELETRO, SENTIDO AFOGADOS",,,,IMBIRIBEIRA,COLISÃO TRASEIRA,,1,1,0,0,0,0,0,0,0,1,0,,,Longo da via,Bom,Sem defeito,Perfeito estado,Seca,Perfeito estado,Não existe,Outras,,Dupla,Faixa seccionada,Canteiro central,,1546,202219178
2022-08-18,00:00:00,COM VÍTIMA,FINALIZADA,IPSEP,AV RECIFE,0,,,LADO OPOSTO AO RESIDENCIAL IGNEZ ANDREAZZA,,,,IPSEP,COLISÃO TRASEIRA,,1,1,0,0,0,0,0,0,0,1,0,494,CIDADE,Longo da via,Bom,Sem defeito,Perfeito estado,Seca,Perfeito estado,Não existe,Não há placas,60 km/h,Única,Faixa seccionada,,,1547,202219180
2022-08-18,00:00:00,COM VÍTIMA,FINALIZADA,JORDAO,RUA DR ALVARO FERRAZ,2,53,,PROXIMA A PRAÇA DO JORDÃO BAIXO,,,,JORDÃO,COLISÃO LATERAL,,0,2,0,0,0,0,0,0,0,1,0,,,Longo da via,Bom,Não existe,Perfeito estado,Seca,Perfeito estado,Não existe,Outras,,,Não existe,,,1548,202219188
2022-08-18,00:00:00,COM VÍTIMA,FINALIZADA,ESPINHEIRO,RUA SANTO ELIAS,0,,RUA DO ESPINHEIRO,ESQUINA DO POSTO IPIRANGA,,,,ESPINHEIRO,COLISÃO TRANSVERSAL,,0,1,0,0,0,0,0,1,0,1,0,,,Cruzamento,Chuvoso,Não existe,Perfeito estado,Molhada,Perfeito estado,Faixa de pedestre,,,Dupla,,,,1550,202219202
2022-08-19,00:00:00,COM VÍTIMA,FINALIZADA,AREIAS,RUA AURORA CACOTE,3,121,,PROX AO  GALETUS,,,,AREIAS,COLISÃO FRONTAL,,1,1,0,0,0,0,0,0,0,1,0,,,Longo da via,Bom,Não existe,Perfeito estado,Seca,Perfeito estado,Não existe,Não há placas,,Dupla,Não existe,,,1552,202219222
2022-08-19,00:00:00,COM VÍTIMA,FINALIZADA,ROSARINHO,AV NORTE MIGUEL ARRAES DE ALENCAR,0,,,PROX. A PADARIA ROSARINHO,,,,ROSARINHO,COLISÃO TRASEIRA,,1,1,0,0,0,0,0,0,0,1,0,,SUBURBIO,Longo da via,Bom,Sem defeito,Perfeito estado,Seca,Perfeito estado,Outros,R-6a,,Dupla,Blocos,,,1553,202219253
2022-08-19,00:00:00,COM VÍTIMA,FINALIZADA,TORRE,RUA JOSE BONIFACIO,3,894,,EM FRENTE A HONDA,,,,TORRE,COLISÃO TRASEIRA,,2,1,0,0,0,0,0,0,0,1,0,,,Longo da via,Bom,Sem defeito,Perfeito estado,Seca,Perfeito estado,Não existe,R-6a,,Única,Faixa seccionada,,,1554,202219323
2022-08-20,00:00:00,COM VÍTIMA,FINALIZADA,MADALENA,RUA REAL DA TORRE,0,,RUA JOSE OSORIO,PROX. A PRAÇA DA MADALENA,,,,MADALENA,COLISÃO LATERAL,,1,1,0,0,0,0,0,0,0,1,0,179,SUL,Cruzamento,Bom,Sem defeito,Perfeito estado,Seca,Perfeito estado,Faixa de pedestre,Não há placas,50 km/h,Única,Faixa seccionada,,,1556,202219336
2022-08-20,00:00:00,COM VÍTIMA,FINALIZADA,BOA VIAGEM,RUA CAMBOIM,0,,RUA DEZ DE JULHO,PROX. A ESTAÇÃO AEROPORTO,,,,BOA VIAGEM,COLISÃO LATERAL,,1,1,0,0,0,0,0,0,0,1,0,,,Cruzamento,Bom,Não existe,Perfeito estado,Seca,Perfeito estado,Faixa de pedestre,"Placas ""Pare""",30 km/h,Única,Faixa contínua,,,1557,202219343
2022-08-20,00:00:00,COM VÍTIMA,FINALIZADA,AFOGADOS,RUA IMPERIAL,0,,,PROX AO FERRO E AÇO,,,,AFOGADOS,COLISÃO FRONTAL,,1,1,0,0,0,0,0,0,0,1,0,510,,Cruzamento,Bom,Sem defeito,Perfeito estado,Seca,Perfeito estado,Faixa de retenção,R-6a,,Única,Faixa seccionada,,,1558,202219369
2022-08-20,00:00:00,COM VÍTIMA,FINALIZADA,IMBIRIBEIRA,AV GENERAL MAC ARTHUR,3,125,,EM FRENTE A LOJA MUNDO DO CABELEIREIRO,,,,IMBIRIBEIRA,CHOQUE,,1,0,0,0,0,0,0,0,0,5,0,,,Longo da via,Bom,Não existe,Perfeito estado,Seca,Perfeito estado,,"Placas ""Pare""",40 km/h,Única,Faixa seccionada,,,1559,202219371
2022-08-20,00:00:00,COM VÍTIMA,FINALIZADA,SAN MARTIN,RUA QUINZE DE MARCO,0,,RUA DELMIRO GOUVEIA,"CRUZAMENTO COM A RUA DELMIRO GOUVÉIA, EM FRENTE A CHESF",,,,SAN MARTIN,COLISÃO TRASEIRA,,0,2,0,0,0,0,0,0,0,1,0,,SUBURBIO,Cruzamento,Bom,Não existe,Incompleta,Seca,Perfeito estado,Não existe,Não há placas,,Única,Não existe,,,1560,202219385
2022-08-20,00:00:00,COM VÍTIMA,FINALIZADA,AREIAS,AV DR JOSE RUFINO,4,1545,,EM FRENTE AO COLEGIO INCENTIVO,,,,AREIAS,COLISÃO TRASEIRA,,0,1,0,0,0,1,0,0,0,1,0,,,Longo da via,Bom,Não existe,Perfeito estado,Seca,Perfeito estado,Não existe,R-6a,60 km/h,Dupla,Faixa contínua,Faixa seccionada,,1561,202219400
2022-08-20,00:00:00,COM VÍTIMA,FINALIZADA,PINA,AV ENGENHEIRO DOMINGOS FERREIRA,4,1097,,,,,,PINA,COLISÃO COM CICLISTA,,0,1,0,1,0,0,0,0,0,1,0,200,SUBURBIO,Cruzamento,Bom,Sem defeito,Perfeito estado,Seca,Perfeito estado,Não existe,R-6a,60 km/h,Única,Canteiro central,,,1563,202219414
2022-08-21,00:00:00,COM VÍTIMA,FINALIZADA,CAMPO GRANDE,RUA MARECHAL DEODORO,3,603,,EM FRENTE AO EDF. TOPAZIO,,,,CAMPO GRANDE,COLISÃO TRASEIRA,,1,1,0,0,0,0,0,0,0,1,0,,,Longo da via,Chuvoso,Não existe,Não existente,Molhada,Perfeito estado,Não existe,Não há placas,,Dupla,Não existe,,,1565,202219420
2022-08-21,00:00:00,COM VÍTIMA,FINALIZADA,PARNAMIRIM,RUA SEBASTIAO MALTA ARCOVERDE,3,223,AV PARNAMIRIM,EDF. GENIPABU,,,,PARNAMIRIM,COLISÃO TRASEIRA,,5,0,0,0,0,0,0,0,0,1,0,,,Longo da via,Bom,Sem defeito,Perfeito estado,Seca,Perfeito estado,Faixa de retenção,Não há placas,,Única,Faixa contínua,,,1566,202219432
2022-08-21,00:00:00,COM VÍTIMA,FINALIZADA,DERBY,AV GOVERNADOR AGAMENON MAGALHAES,4,4481,,APOS O HOSPITAL PORTUGUES E/F AO BRADESCO S/T OLINDA,,,,DERBY,COLISÃO LATERAL,,1,1,0,0,0,0,0,0,0,1,0,,OLINDA,Longo da via,Bom,Não existe,Perfeito estado,Seca,Perfeito estado,Não existe,Não há placas,60 km/h,Dupla,Canteiro central,,,1567,202219438
2022-08-21,00:00:00,COM VÍTIMA,FINALIZADA,GRACAS,RUA DA AMIZADE,2,67,,EM FRENTE A PADARIA VILA DA AMIZADE,,,,GRAÇAS,COLISÃO COM CICLISTA,,1,0,0,1,0,0,0,0,0,1,0,,,Longo da via,Bom,Não existe,Perfeito estado,Seca,Perfeito estado,Não existe,Não há placas,30 km/h,Única,Não existe,,,1568,202219441
2022-08-21,00:00:00,COM VÍTIMA,FINALIZADA,ILHA DO RETIRO,RUA SPORT CLUBE DO RECIFE,0,,,E/F A FACULDADE UPE  AO LADO DO SPORT,,,,ILHA DO RETIRO,COLISÃO LATERAL,,1,0,0,0,0,0,1,0,0,1,0,,,,,,,,,,,,,,,,1569,202219445
2022-08-21,00:00:00,COM VÍTIMA,FINALIZADA,MADALENA,RUA JOSE OSORIO,0,,,BEIRA DO CANAL,,,,MADALENA,COLISÃO LATERAL,,1,1,0,0,0,0,0,0,0,1,0,,SUBURBIO,,,,,,,,,,,,,,1571,202219465
2022-08-21,00:00:00,COM VÍTIMA,FINALIZADA,BOA VIAGEM,RUA BALTAZAR PASSOS,0,,RUA COSMORAMA,POSTO BR,,,,BOA VIAGEM,COLISÃO COM CICLISTA,,1,0,0,1,0,0,0,0,0,1,0,556,LESTE,Cruzamento,Bom,Sem defeito,Perfeito estado,Seca,Perfeito estado,Faixa de pedestre,Não há placas,,Única,Faixa contínua,,,1573,202219467
2022-08-21,00:00:00,COM VÍTIMA,FINALIZADA,SANTO ANTONIO,RUA PRIMEIRO DE MARCO,0,,RUA IMPERADOR PEDRO SEGUNDO,CRUZAMENTO C/A RUA DO IMPERADOR,,,,SANTO ANTÔNIO,COLISÃO TRASEIRA,,0,0,0,0,0,2,0,0,0,1,0,,,Cruzamento,Bom,Sem defeito,Perfeito estado,Seca,Perfeito estado,Faixa de pedestre,Não há placas,,Única,Não existe,,,1574,202219468
2022-08-22,00:00:00,COM VÍTIMA,FINALIZADA,BOA VIAGEM,RUA ANTONIO DE SA LEITAO,3,229,RUA PROFESSOR JOSE BRANDAO,COLÉGIO BOA VIAGEM,,,,BOA VIAGEM,COLISÃO FRONTAL,,1,1,0,0,0,0,0,0,0,1,0,,,Cruzamento,Chuvoso,Não existe,Ilegível,Molhada,Mal conservada,Não existe,"Placas ""Pare""",,Dupla,Faixa seccionada,,,1576,202219487
2022-08-22,00:00:00,COM VÍTIMA,FINALIZADA,BONGI,TRV ESTRADA DO BONGI,2,99,AV MANOEL GONCALVES DA LUZ,MULTI POSTOS,,,,BONGI,COLISÃO LATERAL,,1,1,0,0,0,0,0,0,0,1,0,,,Cruzamento,Bom,Não existe,Ilegível,Seca,Mal conservada,Não existe,"Placas ""Pare""",30 km/h,Dupla,Faixa contínua,Faixa seccionada,,1578,202219502
2022-08-22,00:00:00,COM VÍTIMA,FINALIZADA,CABANGA,RUA CAPITAO TEMUDO,3,282,,ADVOGADOS ASSOCIADOS MARCO TAFUR,,,,CABANGA,COLISÃO LATERAL,,1,1,0,0,0,0,0,0,0,1,0,,SUBURBIO,Longo da via,Bom,Não existe,Incompleta,Seca,Perfeito estado,Não existe,Outras,,Única,Canteiro central,,,1579,202219509
2022-08-22,00:00:00,COM VÍTIMA,FINALIZADA,ENCRUZILHADA,EST DE BELEM,3,190,RUA DONA JULIETA,E/F A IGREJA MATRIZ DE BELEM,,,,ENCRUZILHADA,COLISÃO LATERAL,,1,1,0,0,0,0,0,0,0,2,0,,CIDADE,Esquina,Bom,Não existe,Perfeito estado,Seca,Perfeito estado,Não existe,R-6a,,Dupla,Faixa contínua,Faixa seccionada,,1580,202219539
2022-08-22,00:00:00,COM VÍTIMA,FINALIZADA,BARRO,AV DR JOSE RUFINO,4,2612,,EM FRENTE A HIPER MOTOS,,,,BARRO,COLISÃO TRASEIRA,,0,2,0,0,0,0,0,0,0,1,0,,CIDADE,Longo da via,Chuvoso,Não existe,Perfeito estado,Molhada,Perfeito estado,Não existe,Não há placas,60 km/h,Dupla,Faixa contínua,,,1581,202219555
2022-08-22,00:00:00,COM VÍTIMA,FINALIZADA,SAO JOSE,AV DANTAS BARRETO,4,1330,RUA DO PEIXOTO,PROX AO TERMINAL DE ONIBUS 1002,,,,SÃO JOSÉ,COLISÃO LATERAL,,0,1,0,0,0,1,0,0,0,1,0,181,CIDADE,Cruzamento,Chuvoso,Sem defeito,Perfeito estado,Molhada,Perfeito estado,Não existe,"Placas ""Pare""",,Única,Não existe,,,1582,202219557
2022-08-22,00:00:00,COM VÍTIMA,FINALIZADA,COHAB,AV CHAPADA DO ARARIPE,2,52,,EM FRENTE A IGREJA ASSEMBLÉIA DE DEUS,,,,COHAB,ATROPELAMENTO DE PESSOA,,0,1,0,0,1,0,0,0,0,1,0,,SUBURBIO,Longo da via,Chuvoso,Não existe,Incompleta,Molhada,Perfeito estado,Faixa de pedestre,Não há placas,,Dupla,Canal,,,1584,202219566
2022-08-23,00:00:00,COM VÍTIMA,FINALIZADA,ENCRUZILHADA,RUA DR JOSE MARIA,2,48,RUA GOMES DE MATOS JUNIOR,POR TRÁS DO HOSPITAL JORGE DE MEDEIROS / CLUBE DE TÊNIS BEAT TÊNIS,,,,ENCRUZILHADA,COLISÃO LATERAL,,1,1,0,0,0,0,0,0,0,1,0,,SUBURBIO,Cruzamento,Chuvoso,Não existe,Perfeito estado,Molhada,Perfeito estado,Faixa de retenção,"Placas ""Pare""",,Dupla,Faixa seccionada,,,1586,202219596
2022-08-20,00:00:00,COM VÍTIMA,FINALIZADA,NOVA DESCOBERTA,AV VEREADOR OTACILIO AZEVEDO,3,730,,PROX UPA DE NOVA DESCOBERTA,,,,NOVA DESCOBERTA,COLISÃO TRANSVERSAL,,0,1,0,0,0,0,0,0,1,2,0,,CIDADE,Longo da via,Bom,Não existe,Perfeito estado,Seca,Perfeito estado,Não existe,Não há placas,60 km/h,,Não existe,,,1591,202219617