data,hora,natureza_acidente,situacao,bairro,endereco,,numero,detalhe_endereco_acidente,complemento,endereco_cruzamento,numero_cruzamento,referencia_cruzamento,bairro_cruzamento,tipo,descricao,auto,moto,ciclom,ciclista,pedestre,onibus,caminhao,viatura,outros,vitimas,vitimasfatais,num_semaforo,sentido_via,acidente_verificado,tempo_clima,situacao_semaforo,sinalizacao,condicao_via,conservacao_via,ponto_controle,situacao_placa,velocidade_max_via,mao_direcao,divisao_via1,divisao_via2,divisao_via3,_id,Protocolo
2022-08-31,00:00:00,COM VÍTIMA,FINALIZADA,BEBERIBE,AV BEBERIBE,0,,,EM FRENTE AO COLEGIO PEDRO AUGUSTO,,,,BEBERIBE,COLISÃO TRASEIRA,,0,1,0,0,0,1,0,0,0,2,0,,CIDADE,Longo da via,Bom,Não existe,Perfeito estado,Seca,Perfeito estado,Não existe,Não há placas,,Dupla,Faixa contínua,Faixa seccionada,,1669,202220406
2022-08-31,00:00:00,COM VÍTIMA,FINALIZADA,JIQUIA,AV DR JOSE RUFINO,0,,RUA VEREADOR FRANCISCO DE PAULA SANTANA CHICO DA MANOLA,EM FRENTE AO RESTAURANTE BODE DO NÔ,,,,JIQUIÁ,COLISÃO LATERAL,,1,1,0,0,0,0,0,0,0,1,0,,CIDADE,Longo da via,Bom,Sem defeito,Perfeito estado,Seca,Perfeito estado,Não existe,Não há placas,,Dupla,Faixa seccionada,,,1671,202220413
2022-08-31,00:00:00,COM VÍTIMA,FINALIZADA,BOA VIAGEM,RUA SA E SOUZA,0,,RUA BALTAZAR PASSOS,EM FRENTE  A CULTURA INGLESA,,,,BOA VIAGEM,COLISÃO LATERAL,,1,1,0,0,0,0,0,0,0,1,0,,SUBURBIO,Cruzamento,Bom,Não existe,Perfeito estado,Seca,Perfeito estado,Não existe,Não há placas,,Dupla,Faixa seccionada,,,1672,202220431
2022-09-01,00:00:00,COM VÍTIMA,FINALIZADA,TAMARINEIRA,RUA SIMAO MENDES,4,1997,,PRÓXIMO A FARMACIA PAGUE MENOS / POSTO SHELL,,,,TAMARINEIRA,CHOQUE,,1,0,0,0,0,0,0,0,0,1,0,,,Longo da via,Chuvoso,Não existe,Perfeito estado,Molhada,Perfeito estado,Faixa de pedestre,Outras,,Única,Não existe,,,1673,202220434
2022-09-01,00:00:00,COM VÍTIMA,FINALIZADA,BOA VIAGEM,RUA DEZ DE JULHO,0,,RUA WALDEMAR NERY CARNEIRO MONTEIRO,PROX. A SOUZA EDIFICAÇÕES,,,,BOA VIAGEM,COLISÃO LATERAL,,2,0,0,0,0,0,0,0,0,1,0,573,,Cruzamento,Chuvoso,Sem defeito,Perfeito estado,Molhada,Perfeito estado,Faixa de pedestre,R-24a,,Única,Faixa contínua,,,1674,202220448
2022-09-01,00:00:00,COM VÍTIMA,FINALIZADA,IMBIRIBEIRA,AV MARECHAL MASCARENHAS DE MORAES,0,,,EM FRENTE A FACULDADE UNIVERSO,,,,IMBIRIBEIRA,COLISÃO COM CICLISTA,,0,1,0,1,0,0,0,0,0,1,0,501,CIDADE,Longo da via,Bom,Sem defeito,Perfeito estado,Seca,Perfeito estado,Faixa de pedestre,Outras,60 km/h,Única,Faixa contínua,,,1675,202220455
2022-09-01,00:00:00,COM VÍTIMA,FINALIZADA,MADALENA,AV VISCONDE DE ALBUQUERQUE,3,401,RUA LOPES DE CARVALHO,"COMITÊ MIGUEL COELHO ,  GALERIA MADALENA CENTER",,,,MADALENA,COLISÃO LATERAL,,3,0,0,0,0,0,0,0,0,2,0,,,Cruzamento,Bom,Não existe,Perfeito estado,Seca,Perfeito estado,Não existe,"Placas ""Pare""",,Única,Faixa seccionada,,,1676,202220458
2022-09-01,00:00:00,COM VÍTIMA,FINALIZADA,AFOGADOS,RUA SAO MIGUEL,4,1165,RUA ARNALDO PIMENTEL,EM FRENTE A POLICLINICA SÃO FRANCISCO,,,,AFOGADOS,COLISÃO FRONTAL,,1,1,0,0,0,0,0,0,0,1,0,,CIDADE,Cruzamento,Bom,Não existe,Perfeito estado,Seca,Perfeito estado,Não existe,Não há placas,50 km/h,Dupla,Faixa contínua,,,1677,202220462
2022-09-01,00:00:00,COM VÍTIMA,FINALIZADA,RECIFE,RUA DA AURORA,0,,,NA FRENTE DO INSTITUTO TAVARES BURIL,,,,BAIRRO DO RECIFE,COLISÃO TRASEIRA,,2,0,0,0,0,0,0,0,0,1,0,,,Longo da via,Bom,Não existe,Perfeito estado,Seca,Perfeito estado,Não existe,Não há placas,,Única,Canteiro central,,,1678,202220521
2022-09-01,00:00:00,COM VÍTIMA,FINALIZADA,IMBIRIBEIRA,AV MARECHAL MASCARENHAS DE MORAES,0,,,EM FRENTE A FLOR E ARTE NO FINAL DA AVENIDA,,,,IMBIRIBEIRA,COLISÃO TRASEIRA,,1,1,0,0,0,0,0,0,0,2,0,,CIDADE,Longo da via,Bom,Sem defeito,Perfeito estado,Seca,Perfeito estado,Faixa de pedestre,,,Única,Faixa contínua,Faixa seccionada,Canteiro central,1680,202220531
2022-09-01,00:00:00,COM VÍTIMA,FINALIZADA,IPSEP,AV RECIFE,0,,,SAL E BRASA,,,,IPSEP,COLISÃO TRASEIRA,,0,1,0,0,0,0,1,0,0,1,0,,SUBURBIO,Longo da via,Bom,Não existe,Perfeito estado,Seca,Perfeito estado,Não existe,Não há placas,,,Faixa seccionada,,,1681,202220532
2022-09-01,00:00:00,COM VÍTIMA,FINALIZADA,PORTO DA MADEIRA,AV BEBERIBE,4,4011,RUA ARAPARI,EM FRENTE AO REI DO ARRUMADINHO,,,,PORTO DA MADEIRA,COLISÃO FRONTAL,,1,1,0,0,0,0,0,0,0,1,0,,SUBURBIO,Esquina,Chuvoso,Não existe,Não existente,Molhada,Perfeito estado,Não existe,Não há placas,,Dupla,Não existe,,,1682,202220536
2022-09-02,00:00:00,COM VÍTIMA,FINALIZADA,CORDEIRO,AV CAXANGA,4,3124,RUA CAPITAO AURELIO DE ARAUJO,EM FENTE À MOVIDA ALUGUEL DE CARROS,,,,CORDEIRO,COLISÃO LATERAL,,1,1,0,0,0,0,0,0,0,1,0,610,SUBURBIO,Longo da via,Chuvoso,Sem defeito,Perfeito estado,Molhada,Perfeito estado,Faixa de pedestre,R-6a,,Dupla,Faixa contínua,Canteiro central,,1683,202220559
2022-09-02,00:00:00,COM VÍTIMA,FINALIZADA,GRACAS,AV GOVERNADOR AGAMENON MAGALHAES,0,,1 TRV JUSTICA E PAZ,EM FRENTE A QUADRA DO CLUBE PORTUGUÊS,,,,GRAÇAS,ATROPELAMENTO DE PESSOA,,0,1,0,0,1,0,0,0,0,1,0,,CIDADE,Longo da via,Bom,Não existe,Perfeito estado,Seca,Perfeito estado,Não existe,Não há placas,,Dupla,Canteiro central,,,1684,202220609
2022-09-03,00:00:00,COM VÍTIMA,FINALIZADA,ILHA DO RETIRO,RUA COMENDADOR BENTO AGUIAR,2,95,AV JOSE GONCALVES DE MEDEIROS,EM FRENTE HJ VEICULOS,,,,ILHA DO RETIRO,COLISÃO TRASEIRA,,0,2,0,0,0,0,0,0,0,1,0,,,Longo da via,Bom,Não existe,Perfeito estado,Seca,Perfeito estado,Não existe,Não há placas,40 km/h,Dupla,Não existe,,,1688,202220661
2022-09-03,00:00:00,COM VÍTIMA,FINALIZADA,ARRUDA,AV BEBERIBE,4,1581,RUA ALEGRE,E/F A CASA DE FESTA BATE PAPO,,,,ARRUDA,COLISÃO LATERAL,,0,1,0,0,0,1,0,0,0,1,0,64,SUBURBIO,Cruzamento,Bom,Sem defeito,Perfeito estado,Seca,Perfeito estado,Faixa de pedestre,Não há placas,,Única,Não existe,,,1690,202220691
2022-09-03,00:00:00,COM VÍTIMA,FINALIZADA,IPSEP,AV RECIFE,0,,,NO SEMAFORO 247  E/F A LOJA  JJK AUTOS   S/T BOA VIAGEM,,,,IPSEP,COLISÃO LATERAL,,3,1,0,0,0,0,0,0,0,1,0,,,,,,,,,,,,,,,,1691,202220695
2022-09-03,00:00:00,COM VÍTIMA,FINALIZADA,AREIAS,AV DR JOSE RUFINO,4,1260,RUA DA VILA,E/F  AO ARCO MIX,,,,AREIAS,COLISÃO LATERAL,,1,1,0,0,0,0,0,0,0,1,0,,CIDADE,Cruzamento,Bom,Não existe,Ilegível,Seca,Mal conservada,Não existe,Não há placas,60 km/h,Dupla,Faixa contínua,,,1692,202220718
2022-09-03,00:00:00,COM VÍTIMA,FINALIZADA,MADALENA,RUA REAL DA TORRE,0,,TUNEL DA ABOLICAO,DENTRO DO TUNEL,,,,MADALENA,QUEDA,,0,1,0,0,0,0,0,0,0,2,0,,CIDADE,Longo da via,Bom,Não existe,Incompleta,Molhada,Mal conservada,Não existe,Outras,,Única,Não existe,,,1693,202220719
2022-09-03,00:00:00,COM VÍTIMA,FINALIZADA,CASA FORTE,AV DEZESSETE DE AGOSTO,4,1869,,E/F AO COLEGIO MOTIVO S/T  SUB,,,,CASA FORTE,COLISÃO TRASEIRA,,1,1,0,0,0,0,0,0,0,1,0,,CIDADE,Longo da via,Bom,Sem defeito,Perfeito estado,Seca,Perfeito estado,Faixa de pedestre,Outras,,Dupla,Faixa contínua,,,1694,202220720
2022-09-03,00:00:00,COM VÍTIMA,FINALIZADA,JIQUIA,AV JOAO CABRAL DE MELO NETO,3,756,AV RECIFE,COLISÃO ENTRE DOIS VEÍCULOS,,,,JIQUIÁ,COLISÃO TRASEIRA,,1,0,0,1,0,0,0,0,0,1,0,,SUBURBIO,Longo da via,Bom,Não existe,Perfeito estado,Seca,Perfeito estado,Não existe,Não há placas,,Dupla,Canteiro central,,,1695,202220721
2022-09-03,00:00:00,COM VÍTIMA,FINALIZADA,CORDEIRO,RUA PROFESSOR JOAQUIM XAVIER DE BRITO,3,315,AV MARIO ALVARES PEREIRA DE LYRA,SOB SEMÁFORO 134  INFORMADO PELO SUPERVISOR GUTENBERG QUE A CELPE ENCONTRA-SE NO LOCAL DANDO PRECEDIMENTO  AO SERVIÇO  INFORMADO ÀS 18:02,,,,CORDEIRO,CHOQUE,,0,1,0,0,0,0,1,0,0,1,0,134,CIDADE,Cruzamento,Bom,Sem defeito,Perfeito estado,Seca,Perfeito estado,Faixa de pedestre,Não há placas,,Dupla,Não existe,,,1696,202220734
2022-09-03,00:00:00,COM VÍTIMA,FINALIZADA,TORRE,RUA JOSE BONIFACIO,4,1315,,COLISAO DENTRO DO CARREFOUR  NO TERREO PROX A OFICINA,,,,TORRE,COLISÃO LATERAL,,1,1,0,0,0,0,0,0,0,1,0,,,,Bom,,,,,,,,,,,,1697,202220737
2022-09-03,00:00:00,COM VÍTIMA,FINALIZADA,MADALENA,AV BEIRA RIO,3,825,RUA DOM JOAO DE SOUZA,E/F A CASA DO GOVERNADOR,,,,MADALENA,ATROPELAMENTO DE PESSOA,,0,1,0,0,1,0,0,0,0,2,0,,,Longo da via,Bom,Sem defeito,Perfeito estado,Seca,Mal iluminada,Faixa de pedestre,Outras,60 km/h,Dupla,Faixa contínua,,,1699,202220742
2022-09-03,00:00:00,COM VÍTIMA,FINALIZADA,CASA AMARELA,AV NORTE MIGUEL ARRAES DE ALENCAR,0,,RUA VASCO DA GAMA,ENTRADA DO VASCO DA GAMA,,,,CASA AMARELA,COLISÃO FRONTAL,,0,1,0,0,0,1,0,0,0,2,0,66,SUBURBIO,Cruzamento,Bom,Sem defeito,Perfeito estado,Seca,Perfeito estado,Faixa de pedestre,Não há placas,60 km/h,Dupla,Canteiro central,,,1700,202220756
2022-09-03,00:00:00,COM VÍTIMA,FINALIZADA,CAXANGA,AV CAXANGA,0,,,PRÓXIMO AO TERMINAL INTEGRADO DA CAXANGÁ ( GETÚLIO VARGAS),,,,CAXANGÁ,ATROPELAMENTO DE PESSOA,,0,1,0,0,1,0,0,0,0,1,0,80,CIDADE,Cruzamento,Bom,Sem defeito,Perfeito estado,Seca,Perfeito estado,Faixa de pedestre,Outras,,Dupla,Canteiro central,,,1701,202220759
2022-09-04,00:00:00,COM VÍTIMA,FINALIZADA,CAXANGA,AV JOAQUIM RIBEIRO,0,,RUA RIBEIRO PESSOA,UPA DA CAXANGA,,,,CAXANGÁ,COLISÃO FRONTAL,,1,1,0,0,0,0,0,0,0,1,0,281,,,,,,,,,,,,,,,1703,202220765
2022-09-04,00:00:00,COM VÍTIMA,FINALIZADA,JARDIM SAO PAULO,AV RECIFE,3,449,,EM FRENTE A PICANHA REAL / HOTEL ESTORIL,,,,JARDIM SÃO PAULO,COLISÃO TRASEIRA,,1,1,0,0,0,0,0,0,0,1,0,704,,Longo da via,Bom,Sem defeito,Perfeito estado,Seca,Perfeito estado,Faixa de pedestre,Não há placas,60 km/h,Dupla,Canteiro central,,,1704,202220769
2022-09-04,00:00:00,COM VÍTIMA,FINALIZADA,MANGUEIRA,RUA DR JOAO ELISIO,3,247,,PRÓX. AO MERCADINHO SANTO ANTÔNIO,,,,MANGUEIRA,COLISÃO LATERAL,,1,1,0,0,0,0,0,0,0,1,0,,CIDADE,Longo da via,Bom,Não existe,Perfeito estado,Seca,Perfeito estado,Não existe,Não há placas,30 km/h,Dupla,Não existe,,,1705,202220787
2022-09-04,00:00:00,COM VÍTIMA,FINALIZADA,MADALENA,AV CAXANGA,0,,RUA JOAO IVO DA SILVA,PROX A CELPE DA CAXANGA,,,,MADALENA,COLISÃO FRONTAL,,1,1,0,0,0,0,0,0,0,1,0,257,CIDADE,Cruzamento,Nublado,Sem defeito,Perfeito estado,Seca,Perfeito estado,Faixa de pedestre,R-26,40 km/h,Dupla,Faixa contínua,,,1707,202220814
2022-09-04,00:00:00,COM VÍTIMA,FINALIZADA,CASA AMARELA,RUA NOVA DESCOBERTA,3,144,RUA BUJARU,PROX AO CENTRO DE SAUDE MARIO MONTEIRO DE MELO,,,,CASA AMARELA,COLISÃO FRONTAL,,1,1,0,0,0,0,0,0,0,1,0,,SUBURBIO,Esquina,Bom,Não existe,Perfeito estado,Seca,Perfeito estado,,Outras,30 km/h,Dupla,,Faixa seccionada,,1708,202220821
2022-09-04,00:00:00,COM VÍTIMA,FINALIZADA,ENCRUZILHADA,AV NORTE MIGUEL ARRAES DE ALENCAR,0,,AV JOAO DE BARROS,CRUZAMENTO COM JOOÃO DE BARROS,,,,ENCRUZILHADA,COLISÃO LATERAL,,1,1,0,0,0,0,0,0,0,2,0,43,SUBURBIO,Cruzamento,Chuvoso,Sem defeito,Perfeito estado,Molhada,Perfeito estado,Faixa de pedestre,R-6a,,Dupla,Canteiro central,,,1709,202220835
2022-09-05,00:00:00,COM VÍTIMA,FINALIZADA,IMBIRIBEIRA,AV MARECHAL MASCARENHAS DE MORAES,4,2662,,"SENT. AEROPORTO, EM FRENTE AO IMBIRIBEIRA DIESEL",,,,IMBIRIBEIRA,COLISÃO TRASEIRA,,1,1,0,0,0,0,0,0,0,1,0,7,SUBURBIO,Longo da via,Chuvoso,Sem defeito,Não existente,Molhada,Perfeito estado,Não existe,Não há placas,60 km/h,Única,Não existe,,,1711,202220849
2022-09-05,00:00:00,COM VÍTIMA,FINALIZADA,MADALENA,RUA JOSE BONIFACIO,3,125,RUA URIEL PAES BARRETO,"EM FRENTE A ANTIGA AMPLA, AGORA ESCOLA CULTURA INGLESA",,,,MADALENA,COLISÃO LATERAL,,2,0,0,0,0,0,0,0,0,1,0,,SUBURBIO,Cruzamento,Chuvoso,Não existe,Perfeito estado,Molhada,Perfeito estado,Não existe,"Placas ""Pare""",,Única,Faixa seccionada,,,1712,202220857
2022-09-05,00:00:00,COM VÍTIMA,FINALIZADA,AREIAS,RUA IPOJUCA,3,274,RUA CARUARU,PRÓX. À ESCOLA MUNICIPAL DE AREIAS,,,,AREIAS,COLISÃO LATERAL,,1,1,0,0,0,0,0,0,0,1,0,,CIDADE,Cruzamento,Chuvoso,Não existe,Perfeito estado,Molhada,Perfeito estado,Não existe,"Placas ""Pare""",30 km/h,Dupla,Não existe,,,1714,202220862
2022-09-05,00:00:00,COM VÍTIMA,FINALIZADA,CABANGA,RUA GENERAL ESTILAC LEAL,3,439,,EM FRENTE AO 7º DEP.  SUP,,,,CABANGA,QUEDA,,0,1,0,0,0,0,0,0,0,2,0,,CIDADE,Longo da via,Bom,Não existe,Não existente,Oleosa,Perfeito estado,Não existe,Não há placas,,Dupla,Não existe,,,1716,202220878
2022-09-05,00:00:00,COM VÍTIMA,FINALIZADA,TAMARINEIRA,AV CONS ROSA E SILVA,3,149,,APÓS O CORREIA PICANÇO,,,,TAMARINEIRA,COLISÃO LATERAL,,2,1,0,0,0,0,0,0,0,1,0,61,SUBURBIO,Longo da via,,Sem defeito,Perfeito estado,,Perfeito estado,Faixa de pedestre,R-6a,,Única,Canteiro central,,,1717,202220879
2022-09-05,00:00:00,COM VÍTIMA,FINALIZADA,JARDIM SAO PAULO,RUA LEANDRO BARRETO,3,685,AV SAO PAULO,,,,,JARDIM SÃO PAULO,COLISÃO TRASEIRA,,1,2,0,0,0,0,0,0,0,1,0,507,SUBURBIO,Longo da via,Chuvoso,Sem defeito,Perfeito estado,Molhada,Perfeito estado,Faixa de pedestre,Não há placas,,Dupla,Não existe,,,1718,202220915
2022-09-05,00:00:00,COM VÍTIMA,FINALIZADA,DERBY,RUA JENER DE SOUZA,0,,RUA AMAURI DE MEDEIROS,PRÓXIMO A ESCOLA MILITAR,,,,DERBY,COLISÃO FRONTAL,,1,1,0,0,0,0,0,0,0,1,0,,,Cruzamento,Chuvoso,Não existe,Perfeito estado,Molhada,Perfeito estado,Faixa de pedestre,"Placas ""Pare""",,Única,Canteiro central,,,1720,202220925
2022-09-06,00:00:00,COM VÍTIMA,FINALIZADA,ENCRUZILHADA,AV JOAO DE BARROS,0,,AV NORTE MIGUEL ARRAES DE ALENCAR,BANCO SANTANDER,,,,ENCRUZILHADA,COLISÃO TRANSVERSAL,,1,1,0,0,0,0,0,0,0,1,0,43,CIDADE,Cruzamento,Bom,Sem defeito,Perfeito estado,Seca,Perfeito estado,Agente,Outras,,Dupla,Canteiro central,,,1722,202220966
2022-09-06,00:00:00,COM VÍTIMA,FINALIZADA,BOA VIAGEM,RUA MANOEL DE BRITO,0,,RUA MANOEL DE BRITO,ENTRADA DO TÚNEL,,,,BOA VIAGEM,COLISÃO LATERAL,,1,1,0,0,0,0,0,0,0,1,0,103,,Cruzamento,Bom,Sem defeito,Perfeito estado,Seca,Perfeito estado,Outros,Não há placas,,Única,Faixa contínua,,,1723,202220976
2022-09-06,00:00:00,COM VÍTIMA,FINALIZADA,IBURA,RUA RIO PAJEU,3,123,,PROX A PADARIA  CRISTO REI,,,,IBURA,COLISÃO TRASEIRA,,2,0,0,0,0,0,0,0,0,1,0,,,Longo da via,Bom,Não existe,Não existente,Seca,Perfeito estado,Não existe,Não há placas,,Única,Não existe,,,1724,202220980
2022-09-06,00:00:00,COM VÍTIMA,FINALIZADA,IBURA,RUA EXP FRANCISCO VITORIANO,3,280,,PROX AO POSTO DE SAUDE  E/ FA PADARIA DOCE MEL,,,,IBURA,COLISÃO LATERAL,,0,2,0,0,0,0,0,0,0,3,0,,,Longo da via,Bom,Não existe,Perfeito estado,Seca,Perfeito estado,Não existe,R-6a,,Dupla,Não existe,,,1725,202220981
2022-09-06,00:00:00,COM VÍTIMA,FINALIZADA,GUABIRABA,AV VEREADOR OTACILIO AZEVEDO,4,2011,,POR TRAS DA EMPRESA DA GLOBO  S/T  BR,,,,GUABIRABA,COLISÃO FRONTAL,,0,1,0,0,0,0,1,0,0,1,0,,,Longo da via,Bom,Não existe,Incompleta,Seca,Perfeito estado,Não existe,"Placas ""Pare""",40 km/h,Dupla,Não existe,,,1726,202220986
2022-09-06,00:00:00,COM VÍTIMA,FINALIZADA,MADALENA,RUA JOSE OSORIO,3,877,,EM FRENTE A MORAES MULTIMARCAS,,,,MADALENA,COLISÃO LATERAL,,1,1,0,0,0,0,0,0,0,1,0,,,Longo da via,Bom,Não existe,Perfeito estado,Seca,Perfeito estado,Não existe,R-6a,,Dupla,Faixa contínua,,,1727,202221000
2022-09-06,00:00:00,COM VÍTIMA,FINALIZADA,AGUA FRIA,EST VELHA DE AGUA FRIA,0,,RUA CABO HONORIO,,,,,ÁGUA FRIA,COLISÃO FRONTAL,,1,1,0,0,0,0,0,0,0,1,0,,,Cruzamento,Bom,Não existe,Perfeito estado,Seca,Perfeito estado,Não existe,Outras,40 km/h,Dupla,Faixa contínua,,,1728,202221001
2022-09-07,00:00:00,COM VÍTIMA,FINALIZADA,MADALENA,RUA JOSE BONIFACIO,3,272,,EM FRENTE À IGREJA METODISTA RECIFE,,,,MADALENA,COLISÃO TRASEIRA,,2,1,0,0,0,0,0,0,0,1,0,,,Longo da via,Bom,Não existe,Perfeito estado,Seca,Perfeito estado,Não existe,Não há placas,60 km/h,Única,Faixa seccionada,,,1730,202221062
2022-09-07,00:00:00,COM VÍTIMA,FINALIZADA,BOA VIAGEM,AV CONSELHEIRO AGUIAR,0,,RUA MARIA CAROLINA,ESQUINA DA FARMACIA PAGUE MENOS,,,,BOA VIAGEM,COLISÃO LATERAL,,1,1,0,0,0,0,0,0,0,1,0,,,Longo da via,Bom,Não existe,Perfeito estado,Seca,Perfeito estado,Não existe,R-6a,,Única,Faixa seccionada,,,1732,202221092
2022-09-08,00:00:00,COM VÍTIMA,FINALIZADA,CASA FORTE,AV DEZESSETE DE AGOSTO,4,1515,,LABORATÓRIO EDMAR VICTOR,,,,CASA FORTE,COLISÃO TRASEIRA,,3,0,0,0,0,0,0,0,0,1,0,,,Longo da via,Bom,Não existe,Perfeito estado,Seca,Perfeito estado,Não existe,Outras,40 km/h,Dupla,Faixa contínua,,,1734,202221132
2022-09-08,00:00:00,COM VÍTIMA,FINALIZADA,BOA VIAGEM,RUA PADRE CARAPUCEIRO,0,,,EM FRENTE À IGREJA UNIVERSAL,,,,BOA VIAGEM,COLISÃO FRONTAL,,1,1,0,0,0,0,0,0,0,1,0,216,CIDADE,Longo da via,Bom,Sem defeito,Perfeito estado,Seca,Perfeito estado,Faixa de pedestre,,60 km/h,Única,,,,1735,202221165
2022-09-08,00:00:00,COM VÍTIMA,FINALIZADA,BOA VISTA,RUA DO PRINCIPE,3,114,RUA DO SOSSEGO,FARMÁCIA CANDEIA,,,,BOA VISTA,COLISÃO TRASEIRA,,1,1,0,0,0,0,0,0,0,1,0,,,,,,,,,,,,,,,,1736,202221166
2022-09-08,00:00:00,COM VÍTIMA,FINALIZADA,TAMARINEIRA,AV NORTE MIGUEL ARRAES DE ALENCAR,0,,RUA CONEGO BARATA,,,,,TAMARINEIRA,COLISÃO TRANSVERSAL,,1,1,0,0,0,0,0,0,0,1,0,62,,Cruzamento,Bom,Sem defeito,Perfeito estado,Seca,Perfeito estado,Faixa de pedestre,R-4a,,Dupla,Canteiro central,,,1737,202221170
2022-09-09,00:00:00,COM VÍTIMA,FINALIZADA,IMBIRIBEIRA,RUA MIS JOEL CARLSON,3,123,RUA ZEFERINO PINHO,RUA EM FRENTE A LASER ELETRO,,,,IMBIRIBEIRA,COLISÃO LATERAL,,1,1,0,0,0,0,0,0,0,1,0,,,Cruzamento,Bom,Não existe,Não existente,Seca,Perfeito estado,Não existe,Não há placas,30 km/h,Dupla,Não existe,,,1738,202221219
2022-09-09,00:00:00,COM VÍTIMA,FINALIZADA,MADALENA,AV ENGENHEIRO ABDIAS DE CARVALHO,4,1079,RUA JOAO IVO DA SILVA,HABIBS,,,,MADALENA,COLISÃO LATERAL,,1,1,0,0,0,0,0,0,0,1,0,132,SUBURBIO,Cruzamento,Bom,Sem defeito,Perfeito estado,Seca,Perfeito estado,Faixa de pedestre,R-6a,60 km/h,Dupla,Faixa seccionada,Canteiro central,,1739,202221222
2022-09-09,00:00:00,COM VÍTIMA,FINALIZADA,ILHA JOANA BEZERRA,RUA CAPITAO TEMUDO,0,,,EM CIMA DO VIADUTO,,,,JOANA BEZERRA,COLISÃO LATERAL,,1,1,0,0,0,0,0,0,0,1,0,,,Viaduto,Bom,Não existe,Incompleta,Seca,Perfeito estado,Não existe,Não há placas,60 km/h,Única,Faixa seccionada,,,1741,202221250
2022-09-09,00:00:00,COM VÍTIMA,FINALIZADA,AREIAS,AV RECIFE,4,3060,,NA FRENTE DO SUPERMERCADO ECONOMICO,,,,AREIAS,COLISÃO LATERAL,,0,2,0,0,0,0,0,0,0,1,0,,SUBURBIO,Longo da via,Bom,Não existe,Perfeito estado,Seca,Perfeito estado,Não existe,R-6a,60 km/h,Única,Faixa seccionada,,,1742,202221285
2022-09-10,00:00:00,COM VÍTIMA,FINALIZADA,BOA VIAGEM,AV CELSO FURTADO,0,,,PRÓXIMO AO ANTIGO LAÇA BURGUER/ SPETTUS,,,,BOA VIAGEM,COLISÃO LATERAL,,1,1,0,0,0,0,0,0,0,1,0,,CIDADE,Longo da via,Bom,Não existe,Perfeito estado,Seca,Perfeito estado,Outros,R-19,60 km/h,Dupla,Canteiro central,,,1745,202221331
2022-09-10,00:00:00,COM VÍTIMA,FINALIZADA,MADALENA,AV JOSE GONCALVES DE MEDEIROS,3,107,,EM FRENTE A MCDONALDS,,,,MADALENA,COLISÃO LATERAL,,1,1,0,0,0,0,0,0,0,1,0,,SUBURBIO,Longo da via,Bom,Sem defeito,Perfeito estado,Seca,Perfeito estado,Não existe,Não há placas,,Dupla,Faixa contínua,,,1746,202221336
2022-09-10,00:00:00,COM VÍTIMA,FINALIZADA,BEBERIBE,AV BEBERIBE,4,1310,RUA DAS MOCAS,EM FRENTE AO CAMPO DO SANTA CRUZ,,,,BEBERIBE,COLISÃO LATERAL,,1,1,0,0,0,0,0,0,0,1,0,,CIDADE,Cruzamento,Bom,Não existe,Perfeito estado,Seca,Perfeito estado,Não existe,Não há placas,,Dupla,Faixa seccionada,,,1747,202221347