data,hora,natureza_acidente,situacao,bairro,endereco,,numero,detalhe_endereco_acidente,complemento,endereco_cruzamento,numero_cruzamento,referencia_cruzamento,bairro_cruzamento,tipo,descricao,auto,moto,ciclom,ciclista,pedestre,onibus,caminhao,viatura,outros,vitimas,vitimasfatais,num_semaforo,sentido_via,acidente_verificado,tempo_clima,situacao_semaforo,sinalizacao,condicao_via,conservacao_via,ponto_controle,situacao_placa,velocidade_max_via,mao_direcao,divisao_via1,divisao_via2,divisao_via3,_id,Protocolo
2022-09-10,00:00:00,COM VÍTIMA,FINALIZADA,CAMPO GRANDE,RUA ODORICO MENDES,3,165,RUA VISCONDE DE CAIRU,APÓS A PEIXARIA TUDO DO MAR,,,,CAMPO GRANDE,COLISÃO LATERAL,,1,1,0,0,0,0,0,0,0,1,0,,,Cruzamento,Bom,Não existe,,Seca,Perfeito estado,Não existe,R-6a,,Dupla,,,,1748,202221351
2022-09-10,00:00:00,COM VÍTIMA,FINALIZADA,TEJIPIO,AV DR JOSE RUFINO,4,2984,,EM FRENTE AO CONDOMINIO CASA SOLAR,,,,TEJIPIÓ,COLISÃO FRONTAL,,1,1,0,0,0,0,0,0,0,1,0,,,Longo da via,Bom,Sem defeito,Perfeito estado,Seca,Perfeito estado,Não existe,Não há placas,,Dupla,Faixa contínua,,,1749,202221358
2022-09-10,00:00:00,COM VÍTIMA,FINALIZADA,IBURA,LAD DA COHAB,0,,AV DOIS RIOS,PRÓXIMO A POLICLINICA DO IBURA,,,,IBURA,COLISÃO FRONTAL,,1,1,0,0,0,0,0,0,0,2,0,,SUBURBIO,Longo da via,Bom,Não existe,Não existente,Molhada,Perfeito estado,Não existe,Não há placas,,Dupla,Não existe,,,1751,202221390
2022-09-11,00:00:00,COM VÍTIMA,FINALIZADA,BOA VIAGEM,RUA SETUBAL,0,,RUA BARAO DE SOUZA LEAO,PROX A IGREJINHA DE BOA VIAGEM  NO SEMAFORO 419,,,,BOA VIAGEM,COLISÃO LATERAL,,1,1,0,0,0,0,0,0,0,1,0,419,SUBURBIO,Cruzamento,Bom,Sem defeito,Perfeito estado,Seca,Perfeito estado,Faixa de pedestre,Não há placas,,Única,Faixa seccionada,,,1753,202221448
2022-09-11,00:00:00,COM VÍTIMA,FINALIZADA,BOA VIAGEM,RUA BARAO DE SOUZA LEAO,0,,AV ENGENHEIRO DOMINGOS FERREIRA,E/F AO BOA VIAGEM MEDICAL CENTER,,,,BOA VIAGEM,COLISÃO COM CICLISTA,,0,0,0,1,0,1,0,0,0,1,0,129,SUBURBIO,Cruzamento,Bom,Sem defeito,Perfeito estado,Seca,Perfeito estado,Faixa de pedestre,Outras,,Única,Faixa seccionada,,,1754,202221449
2022-09-11,00:00:00,COM VÍTIMA,FINALIZADA,ARRUDA,RUA DO TRIUNFO,3,400,RUA DO MACHADO,E/F AO  ESTADIO DO  SANTA  CRUZ,,,,ARRUDA,COLISÃO LATERAL,,0,2,0,0,0,0,0,0,0,2,0,,SUBURBIO,Cruzamento,Bom,Não existe,Perfeito estado,Seca,Perfeito estado,Não existe,"Placas ""Pare""",,Dupla,Não existe,,,1756,202221453
2022-09-11,00:00:00,COM VÍTIMA,FINALIZADA,MACAXEIRA,RUA MARIA CANDIDA,2,73,AV NORTE MIGUEL ARRAES DE ALENCAR,APÓS PARQUE DA MACAXEIRA,,,,MACAXEIRA,COLISÃO FRONTAL,,0,2,0,0,0,0,0,0,0,1,0,296,SUBURBIO,Longo da via,Bom,Sem defeito,Perfeito estado,Seca,Perfeito estado,Não existe,Não há placas,,Dupla,Não existe,,,1757,202221462
2022-09-12,00:00:00,COM VÍTIMA,FINALIZADA,VASCO DA GAMA,RUA ALTO DO EUCALIPTO,0,,AV VEREADOR OTACILIO AZEVEDO,POR TRÁS DO RESIDENCIAL DOM HÉLDER / PRÓX À IGREJA ANGLICANA SÃO PAULO,,,,VASCO DA GAMA,COLISÃO LATERAL,,0,1,0,0,0,1,0,0,0,1,0,,,Longo da via,Bom,Não existe,Não existente,Seca,Perfeito estado,Não existe,Não há placas,30 km/h,Dupla,Não existe,,,1760,202221499
2022-09-12,00:00:00,COM VÍTIMA,FINALIZADA,AFLITOS,RUA CARNEIRO VILELA,3,688,,EM FRENTE A KAPTAVI PILATES E FISIOTERAPIA,,,,AFLITOS,COLISÃO LATERAL,,1,1,0,0,0,0,0,0,0,1,0,,SUBURBIO,Longo da via,Bom,Não existe,Não existente,Seca,Perfeito estado,Não existe,Não há placas,,Única,Não existe,,,1761,202221525
2022-09-12,00:00:00,COM VÍTIMA,FINALIZADA,CAMPO GRANDE,RUA JERONIMO VILELA,0,,RUA DR MACHADO,CRUZAMENTO,,,,CAMPO GRANDE,COLISÃO LATERAL,,1,1,0,0,0,0,0,0,0,1,0,565,SUBURBIO,Cruzamento,Bom,Sem defeito,Perfeito estado,Seca,Perfeito estado,Faixa de pedestre,Outras,30 km/h,Dupla,Faixa seccionada,,,1763,202221559
2022-09-13,00:00:00,COM VÍTIMA,FINALIZADA,SANTO AMARO,AV CRUZ CABUGA,3,449,RUA ARARIPINA,,,,,SANTO AMARO,COLISÃO TRANSVERSAL,,1,1,0,0,0,0,0,0,0,2,0,,SUBURBIO,Longo da via,Bom,Não existe,Perfeito estado,Seca,Perfeito estado,Não existe,Não há placas,,Dupla,Faixa contínua,Faixa seccionada,,1766,202221591
2022-09-13,00:00:00,COM VÍTIMA,FINALIZADA,TEJIPIO,RUA FALCAO DE LACERDA,3,299,,EM FRENTE AO CARTÓRIO CIVIL,,,,TEJIPIÓ,COLISÃO FRONTAL,,0,2,0,0,0,0,0,0,0,2,0,411,CIDADE,Longo da via,Bom,Sem defeito,Perfeito estado,Seca,Perfeito estado,Faixa de pedestre,Não há placas,60 km/h,Dupla,Faixa contínua,,,1767,202221592
2022-09-13,00:00:00,COM VÍTIMA,FINALIZADA,AFOGADOS,RUA VINTE E UM DE ABRIL,4,1254,AV MANOEL GONCALVES DA LUZ,PROX. AO ARMAZEM CONSTRUAÇO,,,,AFOGADOS,COLISÃO COM CICLISTA,,0,1,0,1,0,0,0,0,0,1,0,245,CIDADE,Longo da via,Bom,Sem defeito,Incompleta,Seca,Mal conservada,Faixa de pedestre,Não há placas,40 km/h,Dupla,Faixa seccionada,Faixa contínua,,1768,202221605
2022-09-13,00:00:00,COM VÍTIMA,FINALIZADA,CORDEIRO,AV CAXANGA,4,2319,RUA CLAUDIO BROTHERHOOD,SOB O SEMÁFORO: 235,,,,CORDEIRO,COLISÃO COM CICLISTA,,1,0,0,1,0,0,0,0,0,1,0,235,CIDADE,Outros,Bom,Sem defeito,Ilegível,Seca,Perfeito estado,Outros,Não há placas,60 km/h,Única,Faixa seccionada,,,1769,202221611
2022-09-13,00:00:00,COM VÍTIMA,FINALIZADA,ILHA JOANA BEZERRA,RUA CAPITAO TEMUDO,0,,,SENT. OLINDA NO MEIO DO VIADULTO CAP. TEMUDO,,,,ILHA JOANA BEZERRA,COLISÃO TRASEIRA,,0,1,0,0,0,1,0,0,0,2,0,,SUBURBIO,Longo da via,Bom,Não existe,Perfeito estado,Seca,Perfeito estado,Não existe,Não há placas,,Dupla,Outros,,,1771,202221634
2022-09-13,00:00:00,COM VÍTIMA,FINALIZADA,ESPINHEIRO,RUA QUARENTA E OITO,3,815,,EM FRENTE AO RESTAURANTE SABOR DO RANCHO,,,,ESPINHEIRO,COLISÃO TRASEIRA,,3,0,0,0,0,0,0,0,0,1,0,,,,,,,,,,,,,,,,1772,202221659
2022-09-13,00:00:00,COM VÍTIMA,FINALIZADA,ILHA DO RETIRO,AV ENGENHEIRO ABDIAS DE CARVALHO,0,,,EM FRENTE A ESTAÇÃO DA CELPE,,,,ILHA DO RETIRO,COLISÃO TRASEIRA,,1,1,0,0,0,0,0,0,0,2,0,,CIDADE,Longo da via,Bom,Sem defeito,Perfeito estado,Seca,Perfeito estado,Não existe,Não há placas,,Dupla,Canteiro central,,,1773,202221660
2022-09-13,00:00:00,COM VÍTIMA,FINALIZADA,AFOGADOS,RUA SAO MIGUEL,4,1935,,PROXIMO AO POSTO IPIRANGA,,,,AFOGADOS,COLISÃO LATERAL,,1,1,0,0,0,0,0,0,0,1,0,,CIDADE,Longo da via,Bom,Não existe,Perfeito estado,Seca,Perfeito estado,Não existe,Outras,30 km/h,Dupla,Faixa contínua,,,1774,202221669
2022-09-13,00:00:00,COM VÍTIMA,FINALIZADA,ESPINHEIRO,RUA DO ESPINHEIRO,0,,RUA SANTO ELIAS,POSTO DE GASOLINA,,,,ESPINHEIRO,COLISÃO LATERAL,,1,1,0,0,0,0,0,0,0,1,0,,SUBURBIO,Cruzamento,Bom,Não existe,Perfeito estado,Seca,Perfeito estado,Outros,"Placas ""Pare""",,Dupla,Outros,,,1776,202221687
2022-09-14,00:00:00,COM VÍTIMA,FINALIZADA,BONGI,AV ENGENHEIRO ABDIAS DE CARVALHO,4,1803,,FERNANDES PISO E CONSTRUÇÕES,,,,BONGI,CHOQUE,,0,0,0,0,0,0,0,0,0,1,0,,CIDADE,,,,,,,,,,,,,,1777,202221690
2022-09-14,00:00:00,COM VÍTIMA,FINALIZADA,ENCRUZILHADA,RUA PADRE MIGUELINHO,2,29,RUA AUGUSTO RODRIGUES,PROX. PRAÇA TORREÃO,,,,ENCRUZILHADA,COLISÃO LATERAL,,1,1,0,0,0,0,0,0,0,2,0,,,Cruzamento,Bom,Não existe,Perfeito estado,Seca,Perfeito estado,Não existe,Outras,,Única,Não existe,,,1778,202221706
2022-09-14,00:00:00,COM VÍTIMA,FINALIZADA,CASA AMARELA,AV NORTE MIGUEL ARRAES DE ALENCAR,4,5121,,REI DA PICANHA,,,,CASA AMARELA,COLISÃO TRASEIRA,,1,1,0,0,0,0,0,0,0,1,0,677,CIDADE,Longo da via,Bom,Sem defeito,Perfeito estado,Seca,Perfeito estado,Faixa de pedestre,Outras,50 km/h,Dupla,Canteiro central,,,1779,202221711
2022-09-14,00:00:00,COM VÍTIMA,FINALIZADA,MADALENA,AV JOSE GONCALVES DE MEDEIROS,3,138,RUA COMENDADOR BENTO AGUIAR,PROXIMO A FARMACIA PAGUE MENOS,,,,MADALENA,COLISÃO FRONTAL,,1,1,0,0,0,0,0,0,0,1,0,,CIDADE,Cruzamento,Bom,Não existe,Perfeito estado,Seca,Perfeito estado,Não existe,Não há placas,,Dupla,Não existe,,,1781,202221738
2022-09-14,00:00:00,COM VÍTIMA,FINALIZADA,BOA VIAGEM,RUA VISCONDE DE JEQUITINHONHA,4,1280,RUA ENGENHEIRO ZAEL DIOGENES,DEPOIS DO HOTEL ATLANTE PLAZA,,,,BOA VIAGEM,COLISÃO TRASEIRA,,1,1,0,0,0,0,0,0,0,1,0,,SUBURBIO,Esquina,Bom,Não existe,Perfeito estado,Seca,Perfeito estado,Não existe,,,Única,Canteiro central,,,1784,202221760
2022-09-14,00:00:00,COM VÍTIMA,FINALIZADA,PINA,AV ANTONIO DE GOES,0,,,DEPOIS DA  POLICIA RODOVIARIA FEDERAL DO PINA,,,,PINA,COLISÃO TRASEIRA,,1,1,0,0,0,0,0,0,0,1,0,,CIDADE,Ponte,Bom,Não existe,Perfeito estado,Seca,Perfeito estado,Não existe,Outras,60 km/h,Única,Canteiro central,,,1785,202221765
2022-09-14,00:00:00,COM VÍTIMA,FINALIZADA,SAN MARTIN,AV GENERAL SAN MARTIN,0,,AV CONSUL VILARES FRAGOSO,PROX. DO QUARTEL DA CAVALERIA,,,,SAN MARTIN,COLISÃO FRONTAL,,1,1,0,0,0,0,0,0,0,2,0,326,,Cruzamento,Chuvoso,Sem defeito,Incompleta,Molhada,Perfeito estado,Outros,Não há placas,40 km/h,Única,Não existe,,,1786,202221775
2022-09-14,00:00:00,COM VÍTIMA,FINALIZADA,MADALENA,AV BEIRA RIO,3,591,,EM FRENTE AO EDF. SOBRADO DO CAPIBARIBE,,,,MADALENA,COLISÃO LATERAL,,1,1,0,0,0,0,0,0,0,1,0,,SUBURBIO,Longo da via,Bom,Não existe,Perfeito estado,Seca,Perfeito estado,Não existe,R-6a,,Dupla,Faixa seccionada,,,1787,202221776
2022-09-15,00:00:00,COM VÍTIMA,FINALIZADA,MADALENA,AV PROFESSOR ESTEVAO FRANCISCO DA COSTA,0,,AV CAXANGA,PRÓX. À RINALDO MOTOS,,,,MADALENA,COLISÃO LATERAL,,0,2,0,0,0,0,0,0,0,2,0,,CIDADE,Longo da via,Bom,Sem defeito,Perfeito estado,Seca,Perfeito estado,Não existe,Não há placas,,Única,Não existe,,,1788,202221806
2022-09-15,00:00:00,COM VÍTIMA,FINALIZADA,ILHA JOANA BEZERRA,AV MARTIN LUTHER KING,1,4,,PROXIMO AO CAMPO DO BARRO,,,,JOANA BEZERRA,COLISÃO LATERAL,,0,1,0,0,0,1,0,0,0,1,0,,CIDADE,Cruzamento,Bom,Não existe,Incompleta,Seca,Perfeito estado,Não existe,R-6a,60 km/h,Dupla,Não existe,,,1792,202221862
2022-09-15,00:00:00,COM VÍTIMA,FINALIZADA,BOA VIAGEM,RUA SA E SOUZA,2,45,RUA ANTONIO VICENTE,ESTACIONAMENTO DO COLEGIO MADRE DE DEUS,,,,BOA VIAGEM,COLISÃO LATERAL,,1,1,0,0,0,0,0,0,0,1,0,,SUBURBIO,Cruzamento,Bom,Não existe,Não existente,Seca,Mal conservada,Não existe,Não há placas,30 km/h,Dupla,Não existe,,,1794,202221875
2022-09-15,00:00:00,COM VÍTIMA,FINALIZADA,BOA VIAGEM,AV DOM JOAO VI,0,,,PROX A LOMBADA ELETRONICA (COLÉGIO GGE),,,,BOA VIAGEM,COLISÃO LATERAL,,1,1,0,0,0,0,0,0,0,1,0,,SUBURBIO/ PIEDADE,Longo da via,Bom,Não existe,Perfeito estado,Seca,Perfeito estado,Não existe,Não há placas,50 km/h,Única,Faixa seccionada,,,1795,202221882
2022-09-15,00:00:00,COM VÍTIMA,FINALIZADA,HIPODROMO,EST DE BELEM,3,313,RUA ANTONIO RANGEL,EM FRENTE A QUITANDARIA,,,,HIPÓDROMO,COLISÃO LATERAL,,1,1,0,0,0,0,0,0,0,1,0,201,,Cruzamento,Bom,Sem defeito,Perfeito estado,Seca,Perfeito estado,Faixa de pedestre,R-6a,,Dupla,Não existe,,,1797,202221891
2022-09-16,00:00:00,COM VÍTIMA,FINALIZADA,MADALENA,RUA JOSE OSORIO,3,707,,PERU VEÍCULOS / REALIZE CAR,,,,MADALENA,ATROPELAMENTO DE PESSOA,,0,1,0,0,1,0,0,0,0,2,0,,SUBURBIO,Longo da via,Bom,Não existe,Perfeito estado,Seca,Perfeito estado,Não existe,Outras,40 km/h,Dupla,Faixa contínua,,,1798,202221929
2022-09-16,00:00:00,COM VÍTIMA,FINALIZADA,SANTO AMARO,AV CRUZ CABUGA,0,,,PROXIMO AO SHOPPING TACARUNA. EM FRENTE A PARADA DO BRT,,,,SANTO AMARO,ATROPELAMENTO DE PESSOA,,0,1,0,0,1,0,0,0,0,1,0,468,CIDADE,Longo da via,Bom,Sem defeito,Perfeito estado,Seca,Perfeito estado,Faixa de pedestre,Não há placas,60 km/h,Única,Faixa seccionada,,,1799,202221931
2022-09-16,00:00:00,COM VÍTIMA,FINALIZADA,CAXANGA,AV CAXANGA,0,,,"EM BAIXO DO VIADUTO, EM FRENTE AO TERMINAL CDU",,,,CAXANGÁ,ATROPELAMENTO DE PESSOA,,0,1,0,0,1,0,0,0,0,1,0,,CIDADE,Longo da via,Bom,Não existe,Perfeito estado,Seca,Perfeito estado,Não existe,Não há placas,60 km/h,Dupla,Canteiro central,,,1800,202221932
2022-09-16,00:00:00,COM VÍTIMA,FINALIZADA,CASA AMARELA,AV NORTE MIGUEL ARRAES DE ALENCAR,4,5121,RUA BELA VISTA,"EM FRENTE A BIKE NORTE, SENT. MACAXEIRA",,,,CASA AMARELA,COLISÃO LATERAL,,1,1,0,0,0,0,0,0,0,1,0,677,SUBURBIO,Cruzamento,Bom,Sem defeito,Perfeito estado,Seca,Perfeito estado,Faixa de pedestre,Não há placas,,Única,Canteiro central,,,1801,202221934
2022-09-16,00:00:00,COM VÍTIMA,FINALIZADA,SANTO ANTONIO,PTE DO LIMOEIRO,0,,,EM FRENTE AO ANTIGO DE COVID-19 DO RECIFE,,,,SANTO ANTÔNIO,COLISÃO COM CICLISTA,,0,1,0,1,0,0,0,0,0,2,0,243,CIDADE / PREFEITURA DO RECIFE,Longo da via,Bom,Sem defeito,Perfeito estado,Seca,Perfeito estado,Faixa de pedestre,Não há placas,60 km/h,Dupla,Faixa contínua,,,1804,202222007
2022-09-16,00:00:00,COM VÍTIMA,FINALIZADA,ESPINHEIRO,RUA SANTO ELIAS,3,169,RUA CONS PORTELA,EM FRENTE AO POSTO DE COMBUSTÍVEL,,,,ESPINHEIRO,COLISÃO FRONTAL,,1,1,0,0,0,0,0,0,0,1,0,,CIDADE,Longo da via,Bom,Não existe,Perfeito estado,Seca,Perfeito estado,Não existe,R-6a,30 km/h,Dupla,Não existe,,,1805,202222028
2022-09-16,00:00:00,COM VÍTIMA,FINALIZADA,PARNAMIRIM,RUA JOAO TUDE DE MELO,0,,,SOBRE O VIADUTO DA TORRE,,,,PARNAMIRIM,COLISÃO LATERAL,,1,1,0,0,0,0,0,0,0,1,0,,,,,,,,,,,,,,,,1806,202222029
2022-09-17,00:00:00,COM VÍTIMA,FINALIZADA,AFOGADOS,EST DOS REMEDIOS,4,1052,,CLAYTON ALTO PEÇAS E SERVIÇOS,,,,AFOGADOS,COLISÃO LATERAL,,1,1,0,0,0,0,0,0,0,1,0,,CIDADE,Longo da via,Bom,Sem defeito,Incompleta,Seca,Perfeito estado,Faixa de pedestre,R-6a,60 km/h,Única,Faixa seccionada,,,1807,202222038
2022-09-17,00:00:00,COM VÍTIMA,FINALIZADA,SANTO AMARO,RUA DOS PALMARES,3,140,RUA MAJOR CODECEIRA,EM FRENTE AO PROCAPE,,,,SANTO AMARO,COLISÃO LATERAL,,1,1,0,0,0,0,0,0,0,1,0,,SUBURBIO,Cruzamento,Bom,Não existe,Perfeito estado,Seca,Perfeito estado,Outros,Outras,,Única,Faixa,,,1808,202222068
2022-09-17,00:00:00,COM VÍTIMA,FINALIZADA,ARRUDA,AV BEBERIBE,4,1253,,ESTÁDIO DO SANTA CUZ,,,,ARRUDA,COLISÃO TRASEIRA,,1,1,0,0,0,0,0,0,0,1,0,,,Cruzamento,Bom,Não existe,Incompleta,Seca,Perfeito estado,Outros,Outras,,Dupla,Faixa contínua,,,1809,202222072
2022-09-17,00:00:00,COM VÍTIMA,FINALIZADA,BOMBA DO HEMETERIO,RUA ARLINDO CISNEIRO,3,951,,PROX A PADARIA RECORD,,,,BOMBA DO HEMETÉRIO,COLISÃO LATERAL,,2,1,0,0,0,0,0,0,0,1,0,,SUBURBIO,Longo da via,Bom,Não existe,Não existente,Seca,Perfeito estado,Não existe,Não há placas,40 km/h,Dupla,Não existe,,,1811,202222079
2022-09-17,00:00:00,COM VÍTIMA,FINALIZADA,BOA VIAGEM,RUA BALTAZAR PASSOS,0,,RUA VISCONDE DE JEQUITINHONHA,BEIRA CANAL  NO SEMAFORO 154,,,,BOA VIAGEM,COLISÃO COM CICLISTA,,1,0,0,1,0,0,0,0,0,1,0,154,SUBURBIO,Cruzamento,Bom,Sem defeito,Perfeito estado,Seca,Perfeito estado,Faixa de pedestre,Outras,40 km/h,Única,Faixa contínua,,,1812,202222094
2022-09-18,00:00:00,COM VÍTIMA,FINALIZADA,IBURA,AV JORNALISTA COSTA PORTO,3,200,,EM FRENTE A COMPESA,,,,IBURA,COLISÃO FRONTAL,,0,2,0,0,0,0,0,0,0,2,0,,,Longo da via,Bom,Não existe,,Seca,Perfeito estado,Não existe,,,Dupla,Não existe,,,1815,202222134
2022-09-18,00:00:00,COM VÍTIMA,FINALIZADA,BOA VISTA,RUA DO HOSPICIO,3,815,RUA JOAO LIRA,,,,,BOA VISTA,COLISÃO FRONTAL,,1,1,0,0,0,0,0,0,0,1,0,32,SUBURBIO,Cruzamento,Bom,Sem defeito,Perfeito estado,Seca,Perfeito estado,Faixa de pedestre,Não há placas,60 km/h,Única,Faixa contínua,Faixa seccionada,,1818,202222153
2022-09-18,00:00:00,COM VÍTIMA,FINALIZADA,AFOGADOS,RUA SAO MIGUEL,4,1331,RUA LUIZ PEREIRA DE FARIAS,EM FRENTE PARAISO DOS PETS,,,,AFOGADOS,COLISÃO TRASEIRA,,1,1,0,0,0,0,0,0,0,2,0,,SUBURBIO,Cruzamento,Bom,Não existe,Não existente,Seca,Perfeito estado,Não existe,Não há placas,,Dupla,Faixa seccionada,,,1819,202222155
2022-09-18,00:00:00,COM VÍTIMA,FINALIZADA,IPSEP,AV RECIFE,0,,RUA JEAN EMILE FAVRE,PROXIMO AO SEMÁFORO 130 / SENTIDO BR,,,,IPSEP,COLISÃO TRASEIRA,,1,1,0,0,0,0,0,0,0,1,0,130,CIDADE,Cruzamento,Bom,Sem defeito,Perfeito estado,Seca,Perfeito estado,Faixa de pedestre,Não há placas,60 km/h,Única,Faixa contínua,Faixa seccionada,,1820,202222159
2022-09-18,00:00:00,COM VÍTIMA,FINALIZADA,BOA VIAGEM,RUA FELIX DE BRITO E MELO,4,3278,RUA DOS NAVEGANTES,RUA DOS NAVEGANTES - PROX. A PADARIA DIPLOMATA,,,,BOA VIAGEM,COLISÃO LATERAL,,2,0,0,0,0,0,0,0,0,1,0,,SUBURBIO,Cruzamento,Bom,Não existe,Perfeito estado,Seca,Perfeito estado,Não existe,"Placas ""Pare""",30 km/h,Única,Faixa seccionada,,,1823,202222190
2022-09-19,00:00:00,COM VÍTIMA,FINALIZADA,ARRUDA,AV BEBERIBE,4,1628,RUA SAO BENTO,APÓS O ARMAZÉM CORAL,,,,ARRUDA,COLISÃO FRONTAL,,0,0,0,1,0,1,0,0,0,2,0,64,CIDADE,Esquina,Bom,Sem defeito,Perfeito estado,Seca,Perfeito estado,Faixa de pedestre,R-6a,30 km/h,Dupla,Faixa contínua,Outros,,1825,202222200
2022-09-19,00:00:00,COM VÍTIMA,FINALIZADA,JIQUIA,RUA SAO MIGUEL,4,2015,RUA GUARAMIRIM,PRÓX. AO POSTO PETROISA E AO MOTEL PREMIUM,,,,JIQUIÁ,COLISÃO TRASEIRA,,2,1,0,0,0,0,0,0,0,1,0,,CIDADE,Longo da via,Bom,Não existe,Incompleta,Seca,Perfeito estado,Não existe,R-6c,60 km/h,Dupla,Faixa contínua,Faixa seccionada,,1826,202222215
2022-09-19,00:00:00,COM VÍTIMA,FINALIZADA,SAO JOSE,AV SUL,0,,,AO LADO DO ANTIGO MERCADO DAS FLORES,,,,SÃO JOSÉ,COLISÃO FRONTAL,,1,1,0,0,0,0,0,0,0,1,0,,CIDADE,Longo da via,Bom,Não existe,Perfeito estado,Seca,Perfeito estado,Não existe,Não há placas,,Única,Faixa contínua,,,1828,202222245
2022-09-19,00:00:00,COM VÍTIMA,FINALIZADA,AFOGADOS,RUA COSME VIANA,0,,RUA TRES DE AGOSTO,NO SEMAFORO 525,,,,AFOGADOS,ATROPELAMENTO DE PESSOA,,0,0,0,0,1,1,0,0,0,1,0,,,,,,,,,,,,,,,,1829,202222248
2022-09-19,00:00:00,COM VÍTIMA,FINALIZADA,AFOGADOS,RUA SAO MIGUEL,3,268,,EM FRENTE AO DEPATRI,,,,AFOGADOS,COLISÃO LATERAL,,0,1,0,0,0,0,0,1,0,1,0,,,Longo da via,Bom,Não existe,Ilegível,Seca,Perfeito estado,Não existe,Não há placas,60 km/h,Dupla,Faixa contínua,,,1830,202222254
2022-09-19,00:00:00,COM VÍTIMA,FINALIZADA,SANTO AMARO,RUA TREZE DE MAIO,0,,RUA PEDRO AFONSO,AO LADO DO SESC,,,,SANTO AMARO,COLISÃO LATERAL,,1,1,0,0,0,0,0,0,0,1,0,427,,Cruzamento,Bom,Sem defeito,Perfeito estado,Seca,Perfeito estado,Faixa de pedestre,Não há placas,40 km/h,Dupla,Faixa,,,1831,202222255
2022-09-19,00:00:00,COM VÍTIMA,FINALIZADA,AFOGADOS,RUA SAO MIGUEL,0,,,EM FRENTE AO QUARTEL,,,,AFOGADOS,COLISÃO LATERAL,,1,1,0,0,0,0,0,0,0,1,0,,SUBURBIO,Longo da via,Bom,Sem defeito,Perfeito estado,Seca,Perfeito estado,Faixa de retenção,Não há placas,60 km/h,Dupla,Faixa contínua,,,1832,202222258
2022-09-19,00:00:00,COM VÍTIMA,FINALIZADA,BOA VISTA,RUA BISPO CARDOSO AYRES,0,,RUA DO RIACHUELO,,,,,BOA VISTA,COLISÃO LATERAL,,1,1,0,0,0,0,0,0,0,1,0,,,Cruzamento,Bom,Não existe,Perfeito estado,,Perfeito estado,Faixa de pedestre,R-6a,40 km/h,Única,Não existe,,,1833,202222264
2022-09-20,00:00:00,COM VÍTIMA,FINALIZADA,IMBIRIBEIRA,AV PINHEIROS,0,,RUA ARQUITETO LUIZ NUNES,NO SEMAFORO 537,,,,IMBIRIBEIRA,COLISÃO TRASEIRA,,1,1,0,0,0,0,0,0,0,2,0,,,Longo da via,Bom,Sem defeito,Perfeito estado,Seca,Perfeito estado,Faixa de pedestre,Outras,30 km/h,Dupla,Faixa contínua,,,1834,202222290
2022-09-20,00:00:00,COM VÍTIMA,FINALIZADA,CASA AMARELA,EST DO ARRAIAL,4,4834,,COLÉGIO PROF MILO PEREIRA,,,,CASA AMARELA,COLISÃO LATERAL,,1,1,0,0,0,0,0,0,0,1,0,,,Longo da via,Bom,Não existe,Incompleta,Seca,Perfeito estado,Não existe,Outras,,Única,Não existe,,,1836,202222314