data,hora,natureza_acidente,situacao,bairro,endereco,,numero,detalhe_endereco_acidente,complemento,endereco_cruzamento,numero_cruzamento,referencia_cruzamento,bairro_cruzamento,tipo,descricao,auto,moto,ciclom,ciclista,pedestre,onibus,caminhao,viatura,outros,vitimas,vitimasfatais,num_semaforo,sentido_via,acidente_verificado,tempo_clima,situacao_semaforo,sinalizacao,condicao_via,conservacao_via,ponto_controle,situacao_placa,velocidade_max_via,mao_direcao,divisao_via1,divisao_via2,divisao_via3,_id,Protocolo
2022-09-20,00:00:00,COM VÍTIMA,FINALIZADA,ILHA JOANA BEZERRA,AV DES GUERRA BARRETO,0,,,EM FRENTE AO FORUM JOANA BEZERRA,,,,JOANA BEZERRA,COLISÃO LATERAL,,1,1,0,0,0,0,0,0,0,1,0,38,CIDADE,Longo da via,Bom,Sem defeito,Perfeito estado,Seca,Perfeito estado,Faixa de pedestre,Outras,,Dupla,Faixa contínua,,,1837,202222325
2022-09-20,00:00:00,COM VÍTIMA,FINALIZADA,DERBY,AV GOVERNADOR AGAMENON MAGALHAES,0,,,EM FRENTE A CLINICA JOSE ROCHA DE SÁ,,,,DERBY,COLISÃO LATERAL,,1,1,0,0,0,0,0,0,0,1,0,68,,Longo da via,Bom,Sem defeito,Perfeito estado,Seca,Perfeito estado,Não existe,Outras,60 km/h,Dupla,Canal,,,1838,202222333
2022-09-20,00:00:00,COM VÍTIMA,FINALIZADA,IMBIRIBEIRA,RUA ITACARI,3,301,,POR TRÁS DO BANCO ITAU DA IMBIRIBEIRA,,,,IMBIRIBEIRA,COLISÃO FRONTAL,,1,1,0,0,0,0,0,0,0,1,0,,,Cruzamento,Bom,Não existe,Perfeito estado,Seca,Perfeito estado,Faixa de pedestre,"Placas ""Pare""",40 km/h,,Faixa contínua,,,1840,202222343
2022-09-20,00:00:00,COM VÍTIMA,FINALIZADA,MADALENA,AV BEIRA RIO,3,701,RUA JOSE OSORIO,SEMÁFORO 387,,,,MADALENA,ATROPELAMENTO DE PESSOA,,1,0,0,0,1,0,0,0,0,1,0,,SUBURBIO,Longo da via,Bom,Sem defeito,Perfeito estado,Seca,Perfeito estado,Faixa de pedestre,Outras,40 km/h,Dupla,Faixa contínua,,,1841,202222345
2022-09-21,00:00:00,COM VÍTIMA,FINALIZADA,RECIFE,PTE GIRATORIA,0,,,PRÓX. AO ARMAZÉM 14 / SENTIDO BOA VIAGEM,,,,BAIRRO DO RECIFE,COLISÃO TRASEIRA,,1,1,0,0,0,0,0,0,0,1,0,,,Longo da via,Bom,Não existe,Perfeito estado,Seca,Perfeito estado,Não existe,Não há placas,,Dupla,Canteiro central,,,1845,202222372
2022-09-21,00:00:00,COM VÍTIMA,FINALIZADA,AREIAS,AV DR JOSE RUFINO,3,841,,"VIADULTO DA AV. RECIFE, EM FRENTE AO CENTRO DE TREINAMENTO DA HONDA",,,,AREIAS,COLISÃO LATERAL,,1,1,0,0,0,0,0,0,0,1,0,,,Longo da via,Bom,Não existe,Perfeito estado,Seca,Perfeito estado,Não existe,Não há placas,50 km/h,Dupla,Faixa contínua,,,1846,202222411
2022-09-21,00:00:00,COM VÍTIMA,FINALIZADA,ILHA JOANA BEZERRA,VDO PAPA JOAO PAULO II,0,,,ANTES DO FORUM DE JOANA BEZERRA / NO VIADUTO,,,,JOANA BEZERRA,COLISÃO TRASEIRA,,1,1,0,0,0,0,0,0,0,1,0,,,Longo da via,Bom,Não existe,Perfeito estado,Seca,Perfeito estado,Não existe,Não há placas,60 km/h,Única,,,,1847,202222426
2022-09-21,00:00:00,COM VÍTIMA,FINALIZADA,VARZEA,AV CAXANGA,0,,,EM FRENTE AO GOLF CLUBE,,,,VÁRZEA,COLISÃO TRASEIRA,,1,1,0,0,0,0,0,0,0,1,0,,SUBURBIO,Longo da via,Bom,Sem defeito,Perfeito estado,Seca,Perfeito estado,Não existe,R-19,60 km/h,Dupla,Faixa seccionada,,,1850,202222444
2022-09-21,00:00:00,COM VÍTIMA,FINALIZADA,SAO JOSE,AV MARTINS DE BARROS,0,,,DENTRO DO CAIS DE SANTA RITA,,,,SÃO JOSÉ,ATROPELAMENTO DE PESSOA,,0,0,0,0,1,1,0,0,0,1,0,,,Longo da via,Bom,Não existe,Perfeito estado,Seca,Perfeito estado,Não existe,Não há placas,,Única,Não existe,,,1852,202222457
2022-09-21,00:00:00,COM VÍTIMA,FINALIZADA,IPSEP,AV RECIFE,0,,,EM FRENTE HOSPTIAL PÃO DE AREIAS,,,,IPSEP,COLISÃO LATERAL,,1,1,0,0,0,0,0,0,0,1,0,,SUBURBIO,Longo da via,Bom,Não existe,Perfeito estado,Seca,Perfeito estado,Não existe,Não há placas,60 km/h,Dupla,Canteiro central,,,1853,202222458
2022-09-21,00:00:00,COM VÍTIMA,FINALIZADA,IMBIRIBEIRA,RUA ENGENHEIRO JOSE BRANDAO CAVALCANTE,2,95,,LOJA DE PEÇAS ATOMAX,,,,IMBIRIBEIRA,COLISÃO LATERAL,,1,1,0,0,0,0,0,0,0,1,0,,,,,,,,,,,,,,,,1854,202222459
2022-09-21,00:00:00,COM VÍTIMA,FINALIZADA,TORRE,RUA PADRE LANDIM,3,405,RUA DOM MANOEL DA COSTA,,,,,TORRE,COLISÃO LATERAL,,0,2,0,0,0,0,0,0,0,3,0,,,Cruzamento,Bom,Sem defeito,Perfeito estado,Seca,Perfeito estado,Outros,"Placas ""Pare""",,Única,Outros,,,1855,202222469
2022-09-22,00:00:00,COM VÍTIMA,FINALIZADA,AGUA FRIA,AV BEBERIBE,0,,,EM FRENTE À FEIRA NOVA DE ÁGUA FRIA,,,,ÁGUA FRIA,COLISÃO LATERAL,,1,1,0,0,0,0,0,0,0,1,0,405,SUBURBIO,Cruzamento,Bom,Sem defeito,Perfeito estado,Seca,Perfeito estado,Faixa de retenção,Não há placas,60 km/h,Única,Faixa contínua,,,1857,202222502
2022-09-22,00:00:00,COM VÍTIMA,FINALIZADA,IMBIRIBEIRA,AV PRESIDENTE DUTRA,3,347,,APÓS O RESTAURANTE SAL E BRASA,,,,IMBIRIBEIRA,COLISÃO COM CICLISTA,,0,1,0,1,0,0,0,0,0,1,0,,,Longo da via,Bom,Não existe,Perfeito estado,Seca,Perfeito estado,Não existe,Outras,,Dupla,Canteiro central,,,1858,202222505
2022-09-22,00:00:00,COM VÍTIMA,FINALIZADA,CAXANGA,AV CAXANGA,0,,,PROX AO GOOF CLUBE,,,,CAXANGÁ,COLISÃO LATERAL,,0,2,0,0,0,0,0,0,0,3,0,,CIDADE,Longo da via,Bom,Não existe,Perfeito estado,Molhada,Perfeito estado,Não existe,Não há placas,,Única,Faixa seccionada,,,1860,202222549
2022-09-22,00:00:00,COM VÍTIMA,FINALIZADA,IMBIRIBEIRA,RUA ITACARI,0,,,EM FRENTE A WJ GÁS NATURAL,,,,IMBIRIBEIRA,COLISÃO LATERAL,,2,1,0,0,0,0,0,0,0,1,0,,,Cruzamento,Bom,Não existe,Ilegível,Seca,Mal iluminada,Não existe,"Placas ""Pare""",40 km/h,Única,Faixa seccionada,,,1861,202222574
2022-09-23,00:00:00,COM VÍTIMA,FINALIZADA,TORRE,AV BEIRA RIO,4,1305,,EM FRENTE AO MARTELINHO DE OURO,,,,TORRE,COLISÃO LATERAL,,1,1,0,0,0,0,0,0,0,1,0,,,Longo da via,Bom,Não existe,Perfeito estado,Seca,Perfeito estado,Não existe,Não há placas,40 km/h,Dupla,Faixa contínua,,,1862,202222585
2022-09-23,00:00:00,COM VÍTIMA,FINALIZADA,ILHA JOANA BEZERRA,RUA CAPITAO TEMUDO,0,,,EM CIMA DO VIADUTO / SENTIDO BOA VIAGEM,,,,ILHA JOANA BEZERRA,CHOQUE,,1,0,0,0,0,0,0,0,0,1,0,,,Viaduto,Bom,Não existe,Perfeito estado,Seca,Perfeito estado,Não existe,Não há placas,,Dupla,Outros,,,1863,202222587
2022-09-23,00:00:00,COM VÍTIMA,FINALIZADA,BEBERIBE,AV BEBERIBE,3,581,,BAR BATE PAPO / CANAL DA CONSTRUÇÃO,,,,BEBERIBE,COLISÃO LATERAL,,1,1,0,0,0,0,0,0,0,3,0,,,Cruzamento,Bom,Sem defeito,Perfeito estado,Seca,Mal conservada,Faixa de pedestre,Outras,,Dupla,Não existe,,,1864,202222589
2022-09-23,00:00:00,COM VÍTIMA,FINALIZADA,SAN MARTIN,AV GENERAL SAN MARTIN,4,2347,,EM FRENTE AO RESTAURANTE XODÓ NORDESTINO,,,,SAN MARTIN,COLISÃO TRASEIRA,,1,1,0,0,0,0,0,0,0,1,0,,,Longo da via,Bom,Não existe,Perfeito estado,Seca,Perfeito estado,Não existe,Não há placas,30 km/h,Dupla,Não existe,,,1865,202222610
2022-09-23,00:00:00,COM VÍTIMA,FINALIZADA,BOA VIAGEM,AV ENGENHEIRO DOMINGOS FERREIRA,4,2965,,AO LADO DO BANCO DO NORDESTE,,,,BOA VIAGEM,COLISÃO LATERAL,,1,1,0,0,0,0,0,0,0,1,0,,,Longo da via,Bom,Sem defeito,Perfeito estado,Seca,Perfeito estado,Não existe,Não há placas,,Única,Faixa seccionada,,,1866,202222628
2022-09-23,00:00:00,COM VÍTIMA,FINALIZADA,BOA VIAGEM,AV ENGENHEIRO DOMINGOS FERREIRA,0,,RUA PADRE CARAPUCEIRO,EM FRENTE FRISABOR,,,,BOA VIAGEM,ATROPELAMENTO DE PESSOA,,0,0,0,0,1,1,0,0,0,1,0,,SUBURBIO,Longo da via,Bom,Sem defeito,Perfeito estado,Seca,Perfeito estado,Faixa de pedestre,Não há placas,,Única,Não existe,,,1867,202222639
2022-09-23,00:00:00,COM VÍTIMA,FINALIZADA,JARDIM SAO PAULO,RUA LORENA,2,93,,PROX ACADEMIA WM,,,,JARDIM SÃO PAULO,COLISÃO FRONTAL,,1,1,0,0,0,0,0,0,0,1,0,,,Cruzamento,Bom,Não existe,Incompleta,Seca,Perfeito estado,Não existe,"Placas ""Pare""",,,,Não existe,,1868,202222647
2022-09-23,00:00:00,COM VÍTIMA,FINALIZADA,DERBY,AV GOVERNADOR AGAMENON MAGALHAES,0,,RUA HENRIQUE DIAS,,,,,DERBY,COLISÃO LATERAL,,0,2,0,0,0,0,0,0,0,2,0,68,,Cruzamento,Bom,Sem defeito,Perfeito estado,Seca,Perfeito estado,Faixa de pedestre,Não há placas,60 km/h,Única,Canal,,,1869,202222648
2022-09-24,00:00:00,COM VÍTIMA,FINALIZADA,PORTO DA MADEIRA,AV BEBERIBE,0,,,RESIDENCIAL JOÃO PAULO II,,,,PORTO DA MADEIRA,COLISÃO LATERAL,,0,2,0,0,0,0,0,0,0,2,0,,,Longo da via,Bom,,Perfeito estado,Seca,Perfeito estado,Outros,Outras,,Dupla,Faixa seccionada,,,1872,202222669
2022-09-24,00:00:00,COM VÍTIMA,FINALIZADA,PAISSANDU,AV GOVERNADOR AGAMENON MAGALHAES,0,,,"EM FRENTE AO HOSPITAL PORTUGUES, SENTIDO BOA VIAGEM - DERBY",,,,PAISSANDU,ATROPELAMENTO DE PESSOA,,0,0,0,0,1,0,1,0,0,1,0,,,Longo da via,Bom,Sem defeito,Perfeito estado,Seca,Perfeito estado,Faixa de pedestre,R-6a,,Dupla,Canteiro central,,,1873,202222692
2022-09-24,00:00:00,COM VÍTIMA,FINALIZADA,TORRE,RUA REAL DA TORRE,0,,,EM FRENTE A LOJA DO CONDOMÍNIO,,,,TORRE,COLISÃO LATERAL,,1,1,0,0,0,0,0,0,0,1,0,,,Longo da via,Bom,Não existe,Perfeito estado,Seca,Perfeito estado,Não existe,Outras,,Única,Faixa seccionada,,,1874,202222693
2022-09-24,00:00:00,COM VÍTIMA,FINALIZADA,IPSEP,AV RECIFE,0,,,PROXIMO A DELEGACIA,,,,IPSEP,CHOQUE,,0,0,0,0,0,0,0,0,0,2,0,,,Longo da via,Bom,Não existe,Perfeito estado,Seca,Perfeito estado,Não existe,Não há placas,,Dupla,Faixa contínua,Faixa seccionada,,1878,202222746
2022-09-25,00:00:00,COM VÍTIMA,FINALIZADA,RECIFE,AV ALFREDO LISBOA,0,,,POSTO POLICIAL CIATUR,,,,BAIRRO DO RECIFE,ATROPELAMENTO DE PESSOA,,1,0,0,0,1,0,0,0,0,1,0,,,Longo da via,Bom,Não existe,Perfeito estado,Seca,Perfeito estado,,R-6a,30 km/h,Única,,,,1879,202222754
2022-09-26,00:00:00,COM VÍTIMA,FINALIZADA,MADALENA,AV VISCONDE DE ALBUQUERQUE,3,401,RUA LOPES DE CARVALHO,"APÓS O BOMPREÇO, EM FRENTE AO MADALENA CENTER",,,,MADALENA,COLISÃO LATERAL,,1,1,0,0,0,0,0,0,0,1,0,,CIDADE,Cruzamento,Bom,Não existe,Perfeito estado,Seca,Perfeito estado,Outros,Outras,,Única,Faixa seccionada,,,1880,202222838
2022-09-26,00:00:00,COM VÍTIMA,FINALIZADA,ESTANCIA,RUA JOAO TEIXEIRA,0,,,EM FRENTE AO COLEGIO VISÃO,,,,ESTÂNCIA,COLISÃO LATERAL,,1,0,0,0,0,1,0,0,0,1,0,,,,,,,,,,,,,,,,1881,202222841
2022-09-26,00:00:00,COM VÍTIMA,FINALIZADA,BOA VISTA,RUA DR LEOPOLDO LINS,0,,AV GOVERNADOR AGAMENON MAGALHAES,PRÓX. À CAIXA,,,,BOA VISTA,COLISÃO TRASEIRA,,1,1,0,0,0,0,0,0,0,1,0,78,,Cruzamento,Bom,Sem defeito,Perfeito estado,Seca,Perfeito estado,Faixa de pedestre,Não há placas,60 km/h,Única,Faixa seccionada,,,1882,202222849
2022-09-26,00:00:00,COM VÍTIMA,FINALIZADA,BOA VISTA,RUA DR LEOPOLDO LINS,0,,AV GOVERNADOR AGAMENON MAGALHAES,PRÓX. À CAIXA,,,,BOA VISTA,QUEDA,,0,1,0,0,0,0,0,0,0,1,0,78,,Cruzamento,Bom,Sem defeito,Perfeito estado,Seca,Perfeito estado,Não existe,Não há placas,60 km/h,Única,Faixa seccionada,,,1884,202222853
2022-09-26,00:00:00,COM VÍTIMA,FINALIZADA,BOA VIAGEM,AV ENGENHEIRO DOMINGOS FERREIRA,0,,RUA PADRE CARAPUCEIRO,RUA PADRE CARAPUCEIRO,,,,BOA VIAGEM,COLISÃO LATERAL,,1,1,0,0,0,0,0,0,0,1,0,216,,Cruzamento,Bom,Sem defeito,Perfeito estado,Seca,Perfeito estado,Faixa de pedestre,Outras,,Única,Canteiro central,,,1885,202222870
2022-09-26,00:00:00,COM VÍTIMA,FINALIZADA,SANTO AMARO,AV CRUZ CABUGA,3,405,,APÓS O ARMAZEM CORAL,,,,SANTO AMARO,COLISÃO LATERAL,,1,1,0,0,0,0,0,0,0,1,0,,CIDADE,Longo da via,Bom,Sem defeito,Perfeito estado,Seca,Perfeito estado,Não existe,Não há placas,60 km/h,Dupla,Faixa contínua,,,1886,202222873
2022-09-26,00:00:00,COM VÍTIMA,FINALIZADA,SANTO AMARO,AV CRUZ CABUGA,0,,AV PREFEITO ARTUR LIMA CAVALCANTI,EM FRENTE A APAC,,,,SANTO AMARO,COLISÃO LATERAL,,2,0,0,0,0,0,0,0,0,1,0,343,,Cruzamento,Bom,Sem defeito,Perfeito estado,Seca,Perfeito estado,Faixa de pedestre,R-6a,,Dupla,Faixa contínua,,,1887,202222891
2022-09-26,00:00:00,COM VÍTIMA,FINALIZADA,SANCHO,AV LIBERDADE,4,1427,,EM FRENTE AO PRESIDIO ANIBAL BRUNO E A EMBRANET,,,,SANCHO,COLISÃO FRONTAL,,1,1,0,0,0,0,0,0,0,1,0,,,Longo da via,Bom,Não existe,Ilegível,Seca,Perfeito estado,Não existe,R-6c,,Dupla,Não existe,,,1888,202222905
2022-09-26,00:00:00,COM VÍTIMA,FINALIZADA,DERBY,PRC DO DERBY,0,,,E/F A ESTAÇAO DO BRT  S/T SUB,,,,DERBY,QUEDA,,0,1,0,0,0,0,0,0,0,2,0,,,Longo da via,Bom,Sem defeito,Perfeito estado,Seca,Perfeito estado,Faixa de pedestre,Outras,,Dupla,Canteiro central,,,1889,202222911
2022-09-26,00:00:00,COM VÍTIMA,FINALIZADA,IMBIRIBEIRA,AV MARECHAL MASCARENHAS DE MORAES,0,,,EM FRENTE A UPA DA IMBIRIBEIRA,,,,IMBIRIBEIRA,ATROPELAMENTO DE PESSOA,,0,1,0,0,1,0,0,0,0,1,0,,,Longo da via,Bom,Não existe,Perfeito estado,Seca,Perfeito estado,Não existe,Não há placas,60 km/h,Única,Faixa seccionada,,,1890,202222916
2022-09-27,00:00:00,COM VÍTIMA,FINALIZADA,BOMBA DO HEMETERIO,RUA BOMBA DO HEMETERIO,3,649,,,,,,BOMBA DO HEMETÉRIO,COLISÃO FRONTAL,,1,1,0,0,0,0,0,0,0,2,0,,SUBURBIO,Longo da via,Bom,Não existe,Perfeito estado,Seca,Perfeito estado,Não existe,R-6a,,Dupla,Não existe,,,1894,202222940
2022-09-27,00:00:00,COM VÍTIMA,FINALIZADA,CAXANGA,AV CAXANGA,0,,,EM FRENTE A DISNOVE CONCESSIONÁRIA,,,,CAXANGÁ,COLISÃO TRASEIRA,,1,1,0,0,0,0,0,0,0,1,0,,,Longo da via,Bom,Não existe,Perfeito estado,Seca,Perfeito estado,Não existe,Não há placas,,Dupla,Canteiro central,,,1895,202222950
2022-09-27,00:00:00,COM VÍTIMA,FINALIZADA,CORDEIRO,AV GENERAL SAN MARTIN,3,495,RUA SANTOS MOREIRA,EM FRENTE A MUG SORVETES,,,,CORDEIRO,COLISÃO LATERAL,,1,1,0,0,0,0,0,0,0,1,0,,,Longo da via,Bom,Não existe,Ilegível,Seca,Perfeito estado,Não existe,Não há placas,,Dupla,,,,1896,202222951
2022-09-27,00:00:00,COM VÍTIMA,FINALIZADA,VARZEA,AV PROFESSOR ARTUR DE SA,0,,RUA PROFESSOR ANTONIO COELHO,EM FRENTE AO HOSPITAL DAS CLÍNICAS,,,,VÁRZEA,COLISÃO LATERAL,,1,1,0,0,0,0,0,0,0,1,0,,,Longo da via,Bom,Não existe,Perfeito estado,Seca,Perfeito estado,Outros,R-6a,,Dupla,Faixa contínua,,,1897,202222982
2022-09-27,00:00:00,COM VÍTIMA,FINALIZADA,CAXANGA,AV MAURICIO DE NASSAU,4,2075,,EM FRENTE A FUNDANÇÃO ALTINO VENTURA,,,,CAXANGÁ,COLISÃO TRANSVERSAL,,1,1,0,0,0,0,0,0,0,1,0,,,Longo da via,Bom,Sem defeito,Perfeito estado,Seca,Perfeito estado,Outros,Não há placas,,Dupla,Faixa contínua,,,1898,202222984
2022-09-27,00:00:00,COM VÍTIMA,FINALIZADA,MADALENA,AV VISCONDE DE ALBUQUERQUE,3,862,RUA JANUARIO BARBOSA,EM FRENTE A CLINICA INTERPERIO E PROXIMO A PRAÇA EÇA DE QUEIROZ,,,,MADALENA,COLISÃO FRONTAL,,1,1,0,0,0,0,0,0,0,1,0,,,Cruzamento,Bom,Não existe,Incompleta,Seca,Perfeito estado,Faixa de pedestre,"Placas ""Pare""",60 km/h,Única,Faixa contínua,Faixa seccionada,,1899,202222986
2022-09-27,00:00:00,COM VÍTIMA,FINALIZADA,BEBERIBE,AV ANIBAL BENEVOLO,0,,,TERMINAL DE ÔNIBUS,,,,BEBERIBE,COLISÃO LATERAL,,1,1,0,0,0,0,0,0,0,1,0,,,,,,,,,,,,,,,,1901,202223006
2022-09-28,00:00:00,COM VÍTIMA,FINALIZADA,ESPINHEIRO,RUA CONS PORTELA,3,644,,"EM FRENTE A LIVRARIA AQUARELA, PROX. A AUDISONIC APARELHOS",,,,ESPINHEIRO,COLISÃO LATERAL,,1,1,0,0,0,0,0,0,0,1,0,,,Longo da via,Bom,Não existe,Perfeito estado,Seca,Perfeito estado,Não existe,Outras,30 km/h,Única,Não existe,,,1903,202223018
2022-09-28,00:00:00,COM VÍTIMA,FINALIZADA,IBURA,AV RECIFE,0,,,UPA E DA AV RECIFE,,,,IBURA,ATROPELAMENTO DE PESSOA,,0,1,0,0,1,0,0,0,0,2,0,,,Longo da via,Bom,Sem defeito,Perfeito estado,Seca,Perfeito estado,Faixa de pedestre,Não há placas,,Dupla,Não existe,,,1904,202223020
2022-09-28,00:00:00,COM VÍTIMA,FINALIZADA,IMBIRIBEIRA,AV MARECHAL MASCARENHAS DE MORAES,0,,,EM FRENTE A FPS NO SENTIDO PRAZERES,,,,IMBIRIBEIRA,COLISÃO TRASEIRA,,0,2,0,0,0,0,0,0,0,1,0,,,Longo da via,Bom,Não existe,Perfeito estado,Seca,Perfeito estado,Não existe,R-6a,60 km/h,Dupla,Canteiro central,,,1906,202223087
2022-09-28,00:00:00,COM VÍTIMA,FINALIZADA,GRACAS,RUA DAS PERNAMBUCANAS,0,,RUA MONSENHOR AMBROZINO LEITE,PROXIMO AO HOSPITAL JAIME DA FONTE,,,,GRAÇAS,COLISÃO TRANSVERSAL,,1,1,0,0,0,0,0,0,0,1,0,600,SUBURBIO,Cruzamento,Bom,Intermitente,Perfeito estado,Seca,Perfeito estado,Faixa de pedestre,R-6a,,Dupla,Faixa seccionada,,,1907,202223091
2022-09-29,00:00:00,COM VÍTIMA,FINALIZADA,DERBY,RUA HENRIQUE DIAS,0,,AV GOVERNADOR AGAMENON MAGALHAES,,,,,DERBY,COLISÃO TRASEIRA,,1,1,0,0,0,0,0,0,0,1,0,,,Longo da via,Bom,Sem defeito,Perfeito estado,Seca,Perfeito estado,Outros,Outras,,Dupla,Faixa seccionada,,,1910,202223111
2022-09-29,00:00:00,COM VÍTIMA,FINALIZADA,AFOGADOS,RUA SAO MIGUEL,4,1883,,CENTER QUADROS METÁLICOS,,,,AFOGADOS,COLISÃO LATERAL,,1,2,0,0,0,0,0,0,0,1,0,,,Longo da via,Bom,Não existe,Perfeito estado,Seca,Perfeito estado,Não existe,Não há placas,,Dupla,Faixa contínua,Faixa seccionada,,1911,202223115
2022-09-29,00:00:00,COM VÍTIMA,FINALIZADA,CIDADE UNIVERSITARIA,AV PROFESSOR LUIZ FREIRE,0,,,EM FRENTE AO IFPE,,,,CIDADE UNIVERSITÁRIA,COLISÃO TRASEIRA,,0,2,0,0,0,0,0,0,0,2,0,,,Longo da via,Bom,Não existe,Perfeito estado,Seca,Perfeito estado,Não existe,Não há placas,40 km/h,Dupla,Faixa seccionada,,,1912,202223138
2022-09-29,00:00:00,COM VÍTIMA,FINALIZADA,BARRO,AV DR JOSE RUFINO,0,,,EM FRENTE AO 4º BCOM,,,,BARRO,COLISÃO LATERAL,,1,1,0,0,0,0,0,0,0,1,0,,,,,,,,,,,,,,,,1913,202223141
2022-09-29,00:00:00,COM VÍTIMA,FINALIZADA,DOIS IRMAOS,RUA DOIS IRMAOS,0,,,EM FRENTE A ESCOLA CÃNDIDO DUARTE,,,,DOIS IRMÃOS,QUEDA,,0,1,0,0,0,0,0,0,0,1,0,,,Longo da via,Bom,Sem defeito,Perfeito estado,Seca,Perfeito estado,Não existe,R-6a,,Dupla,Faixa contínua,,,1915,202223162
2022-09-29,00:00:00,COM VÍTIMA,FINALIZADA,BOA VIAGEM,RUA CAMBOIM,0,,RUA JOAO CARDOSO AIRES,,,,,BOA VIAGEM,COLISÃO LATERAL,,1,1,0,0,0,0,0,0,0,1,0,,,Cruzamento,Bom,Não existe,Ilegível,Seca,Perfeito estado,Não existe,"Placas ""Pare""",30 km/h,Dupla,Faixa seccionada,,,1918,202223176
2022-09-30,00:00:00,COM VÍTIMA,FINALIZADA,BOA VIAGEM,AV CONSELHEIRO AGUIAR,4,2707,,EM FRENTE A CLÍNICA ARMINDO MOURA NETO,,,,BOA VIAGEM,ENGAVETAMENTO,,3,0,0,0,0,0,0,0,0,1,0,549,,Longo da via,Bom,Sem defeito,Perfeito estado,Seca,Perfeito estado,Faixa de pedestre,R-6a,,Única,Faixa seccionada,,,1919,202223183
2022-09-30,00:00:00,COM VÍTIMA,FINALIZADA,MANGUEIRA,RUA VINTE E UM DE ABRIL,4,2090,RUA BOM JARDIM,JOEL DAS BEBIDAS / BORRACHARIA DO LUCAS,,,,MANGUEIRA,COLISÃO LATERAL,,1,1,0,0,0,0,0,0,0,1,0,,,Cruzamento,Bom,Não existe,Não existente,Seca,Perfeito estado,Não existe,Não há placas,,Dupla,Não existe,,,1920,202223193
2022-09-30,00:00:00,COM VÍTIMA,FINALIZADA,IMBIRIBEIRA,RUA CONEGO LIRA,3,370,,PROX A DISTRUIDORA PALAÇOS / BATERIA MOURA,,,,IMBIRIBEIRA,COLISÃO LATERAL,,1,1,0,0,0,0,0,0,0,1,0,,,Cruzamento,Bom,Não existe,Não existente,Seca,Perfeito estado,Não existe,Não há placas,,Dupla,Não existe,,,1921,202223231
2022-09-30,00:00:00,COM VÍTIMA,FINALIZADA,BONGI,RUA DELMIRO GOUVEIA,3,333,,EM FRENTE A CHESF,,,,BONGI,COLISÃO LATERAL,,1,1,0,0,0,0,0,0,0,1,0,,CIDADE,Longo da via,Bom,Não existe,Incompleta,Seca,Perfeito estado,Não existe,Não há placas,,Dupla,Não existe,,,1922,202223236
2022-10-01,00:00:00,COM VÍTIMA,FINALIZADA,JARDIM SAO PAULO,AV RECIFE,4,6165,,EM FRENTE AO ASSAI,,,,JARDIM SÃO PAULO,COLISÃO LATERAL,,1,1,0,0,0,0,0,0,0,1,0,,,Longo da via,Bom,Sem defeito,Perfeito estado,Seca,Perfeito estado,Não existe,Não há placas,,Única,Faixa seccionada,,,1926,202223276
2022-10-01,00:00:00,COM VÍTIMA,FINALIZADA,ENCRUZILHADA,AV BEBERIBE,0,,RUA PEDRO ALVES,DROGASIL,,,,ENCRUZILHADA,COLISÃO TRASEIRA,,1,1,0,0,0,0,0,0,0,1,0,186,CIDADE,Cruzamento,Bom,Sem defeito,Perfeito estado,Seca,Perfeito estado,Faixa de pedestre,Outras,,Dupla,Faixa contínua,,,1927,202223345