data,hora,natureza_acidente,situacao,bairro,endereco,,numero,detalhe_endereco_acidente,complemento,endereco_cruzamento,numero_cruzamento,referencia_cruzamento,bairro_cruzamento,tipo,descricao,auto,moto,ciclom,ciclista,pedestre,onibus,caminhao,viatura,outros,vitimas,vitimasfatais,num_semaforo,sentido_via,acidente_verificado,tempo_clima,situacao_semaforo,sinalizacao,condicao_via,conservacao_via,ponto_controle,situacao_placa,velocidade_max_via,mao_direcao,divisao_via1,divisao_via2,divisao_via3,_id,Protocolo
2022-10-01,00:00:00,COM VÍTIMA,FINALIZADA,VASCO DA GAMA,RUA VASCO DA GAMA,3,178,,PRÓXIMO AO SESI DO VASCO,,,,VASCO DA GAMA,COLISÃO LATERAL,,1,1,0,0,0,0,0,0,0,1,0,,,Outros,Bom,Não existe,Incompleta,Seca,Mal conservada,Não existe,R-6a,40 km/h,Dupla,Faixa seccionada,,,1929,202223349
2022-10-02,00:00:00,COM VÍTIMA,FINALIZADA,IMBIRIBEIRA,RUA ARQUITETO LUIZ NUNES,0,,RUA ENGENHEIRO JOSE BRANDAO CAVALCANTE,LAGOA DO ARAÇA,,,,IMBIRIBEIRA,COLISÃO LATERAL,,1,1,0,0,0,0,0,0,0,2,0,,,Cruzamento,Bom,Não existe,Perfeito estado,Seca,Perfeito estado,Não existe,"Placas ""Pare""",,Dupla,Faixa contínua,,,1930,202223352
2022-10-02,00:00:00,COM VÍTIMA,FINALIZADA,CAXANGA,RUA GASTAO VIDIGAL,0,,,EM FRENTE A UPA,,,,CAXANGÁ,COLISÃO LATERAL,,2,0,0,0,0,0,0,0,0,1,0,,SUBURBIO,Cruzamento,Bom,Sem defeito,Perfeito estado,Seca,Perfeito estado,Faixa de pedestre,Não há placas,,Dupla,Não existe,,,1931,202223354
2022-10-02,00:00:00,COM VÍTIMA,FINALIZADA,PORTO DA MADEIRA,RUA DALVA DE OLIVEIRA,0,,,PROXIMO A AMBEV,,,,PORTO DA MADEIRA,COLISÃO LATERAL,,1,1,0,0,0,0,0,0,0,1,0,,,Cruzamento,Bom,Não existe,Perfeito estado,Seca,Perfeito estado,Outros,Não há placas,,Dupla,Não existe,,,1934,202223416
2022-10-03,00:00:00,COM VÍTIMA,FINALIZADA,BOA VIAGEM,AV BOA VIAGEM,4,3356,,PRÉDIO ACAIACA  / EDF. ANTONIO MONTE,,,,BOA VIAGEM,COLISÃO LATERAL,,4,1,0,0,0,0,0,0,0,1,0,,,Longo da via,Bom,Sem defeito,Perfeito estado,Seca,Perfeito estado,Não existe,Não há placas,,Única,Faixa seccionada,,,1938,202223449
2022-10-03,00:00:00,COM VÍTIMA,FINALIZADA,GRACAS,RUA AMELIA,0,,AV RUI BARBOSA,ENTRE O POSTO SHEL  E O POSTO BR,,,,GRAÇAS,COLISÃO FRONTAL,,1,1,0,0,0,0,0,0,0,1,0,,,Cruzamento,Bom,Sem defeito,Perfeito estado,Seca,Perfeito estado,Faixa de pedestre,Não há placas,,Única,Não existe,,,1939,202223454
2022-10-03,00:00:00,COM VÍTIMA,FINALIZADA,AGUA FRIA,RUA DR EUDES COSTA,3,497,,EM FRENTE A IGREJA DEUS É AMOR,,,,ÁGUA FRIA,COLISÃO TRASEIRA,,1,1,0,0,0,0,0,0,0,1,0,,,Longo da via,Bom,Não existe,Perfeito estado,Seca,Perfeito estado,Não existe,Outras,,Dupla,Faixa seccionada,,,1940,202223468
2022-10-03,00:00:00,COM VÍTIMA,FINALIZADA,MADALENA,AV JOSE GONCALVES DE MEDEIROS,3,138,,PROXIMO AO RESTAURANTE OPINENCE,,,,MADALENA,COLISÃO LATERAL,,1,1,0,0,0,0,0,0,0,1,0,,,Esquina,Bom,Não existe,Ilegível,Seca,Perfeito estado,Não existe,Não há placas,,Dupla,Não existe,,,1941,202223473
2022-10-03,00:00:00,COM VÍTIMA,FINALIZADA,SAO JOSE,TRV DO RAPOSO,0,,,NO PONTILÃO,,,,SÃO JOSÉ,COLISÃO COM CICLISTA,,1,0,0,1,0,0,0,0,0,1,0,,,Cruzamento,Bom,Não existe,Não existente,Seca,Mal iluminada,Não existe,Não há placas,,Dupla,Não existe,,,1942,202223479
2022-10-04,00:00:00,COM VÍTIMA,FINALIZADA,SAN MARTIN,AV GENERAL SAN MARTIN,0,,,EM FRENTE AOS CORREIOS,,,,SAN MARTIN,ATROPELAMENTO DE PESSOA,,0,1,0,0,1,0,0,0,0,1,0,,,,,,,,,,,,,,,,1944,202223516
2022-10-04,00:00:00,COM VÍTIMA,FINALIZADA,CAMPO GRANDE,RUA JERONIMO VILELA,3,141,RUA MARQUES DE ABRANTES,APÓS O COLÉGIO JESUS CRUCIFICADO,,,,CAMPO GRANDE,COLISÃO LATERAL,,1,1,0,0,0,0,0,0,0,1,0,,,Cruzamento,Bom,Não existe,Perfeito estado,Seca,Perfeito estado,Não existe,Outras,40 km/h,Dupla,Faixa seccionada,,,1946,202223518
2022-10-04,00:00:00,COM VÍTIMA,FINALIZADA,CURADO,AV PREFEITO ANTONIO PEREIRA,0,,,PROXIMO A ENTRADA DO TIPI NO TEMINAL,,,,CURADO,COLISÃO TRASEIRA,,0,1,0,0,0,1,0,0,0,1,0,,,Longo da via,Bom,Não existe,Perfeito estado,Seca,Perfeito estado,Não existe,Não há placas,,Dupla,Canteiro central,,,1948,202223544
2022-10-04,00:00:00,COM VÍTIMA,FINALIZADA,MADALENA,AV BEIRA RIO,3,650,RUA JANUARIO BARBOSA,PROX A PONTE DE DA CAPUNGA,,,,MADALENA,COLISÃO LATERAL,,1,1,0,0,0,0,0,0,0,1,0,,,Esquina,Bom,Não existe,Perfeito estado,Seca,Perfeito estado,Não existe,Outras,,Dupla,Faixa seccionada,,,1951,202223560
2022-10-04,00:00:00,COM VÍTIMA,FINALIZADA,CASA FORTE,AV DEZESSETE DE AGOSTO,4,1255,RUA JACO VELOSINO,EM FRENTE A FARMACIA DROGASIL,,,,CASA FORTE,COLISÃO LATERAL,,1,1,0,0,0,0,0,0,0,1,0,,,Longo da via,Bom,Não existe,Perfeito estado,Seca,Perfeito estado,Não existe,Não há placas,40 km/h,Dupla,Faixa seccionada,,,1952,202223568
2022-10-04,00:00:00,COM VÍTIMA,FINALIZADA,CAMPO GRANDE,RUA PROFESSOR FRANCISCO DA TRINDADE,0,,RUA SAO CAETANO,PRÓXIMO AO CLUBE DAS PÁS,,,,CAMPO GRANDE,COLISÃO LATERAL,,0,0,0,0,0,0,0,0,0,1,0,,,Cruzamento,Bom,Não existe,Perfeito estado,Seca,Perfeito estado,Faixa de pedestre,Não há placas,30 km/h,Dupla,Faixa contínua,,,1953,202223586
2022-10-04,00:00:00,COM VÍTIMA,FINALIZADA,AFOGADOS,RUA SAO MIGUEL,0,,,EM FRENTE AO DEPATRI,,,,AFOGADOS,COLISÃO TRANSVERSAL,,0,0,0,0,0,0,0,0,0,2,0,,,Cruzamento,Bom,Não existe,Perfeito estado,Seca,Perfeito estado,Não existe,Não há placas,40 km/h,Dupla,Faixa contínua,,,1956,202223590
2022-10-05,00:00:00,COM VÍTIMA,FINALIZADA,BOA VISTA,RUA GERVASIO PIRES,0,,,AO LADO DO SHOPPING BOA VISTA,,,,BOA VISTA,COLISÃO TRASEIRA,,1,1,0,0,0,0,0,0,0,2,0,24,,Longo da via,Bom,Sem defeito,Perfeito estado,Seca,Perfeito estado,Agente,Não há placas,,Única,Faixa seccionada,,,1957,202223594
2022-10-05,00:00:00,COM VÍTIMA,FINALIZADA,BOA VISTA,AV MONTEVIDEU,0,,,PRÓX. AO BRADESCO,,,,BOA VISTA,COLISÃO LATERAL,,0,1,0,0,0,0,0,1,0,1,0,,,,,,,,,,,,,,,,1959,202223618
2022-10-05,00:00:00,COM VÍTIMA,FINALIZADA,DERBY,AV GOVERNADOR AGAMENON MAGALHAES,0,,,,,,,DERBY,COLISÃO LATERAL,,1,1,0,0,0,0,0,0,0,1,0,,,Longo da via,Bom,Sem defeito,Perfeito estado,Seca,Mal iluminada,,Outras,60 km/h,Dupla,Canteiro central,,,1960,202223633
2022-10-05,00:00:00,COM VÍTIMA,FINALIZADA,BARRO,AV DR JOSE RUFINO,4,2642,,EM FRENTE AO HOTEL OLIMPICOS,,,,BARRO,COLISÃO LATERAL,,0,1,0,0,0,1,0,0,0,1,0,,CIDADE,Cruzamento,Bom,Não existe,Incompleta,Seca,Perfeito estado,Não existe,R-6a,,Dupla,Faixa contínua,Faixa seccionada,,1961,202223642
2022-10-05,00:00:00,COM VÍTIMA,FINALIZADA,VASCO DA GAMA,RUA DOURADINHA,0,,,NA LADEIRA  DO ALTO DO EUCALIPTO,,,,VASCO DA GAMA,COLISÃO FRONTAL,,1,1,0,0,0,0,0,0,0,1,0,,,Longo da via,Bom,Não existe,Perfeito estado,Seca,Perfeito estado,Não existe,Não há placas,,Dupla,Não existe,,,1962,202223643
2022-10-05,00:00:00,COM VÍTIMA,FINALIZADA,BOA VIAGEM,RUA DEZ DE JULHO,3,481,,DEPOIS DA ESTAÇÃO DO METRO CASA DE FESTA MESON CRISTAL,,,,BOA VIAGEM,COLISÃO LATERAL,,1,1,0,0,0,0,0,0,0,1,0,,,Cruzamento,Bom,Não existe,Perfeito estado,Seca,Perfeito estado,Não existe,Não há placas,,Dupla,Faixa contínua,,,1963,202223650
2022-10-06,00:00:00,COM VÍTIMA,FINALIZADA,ESPINHEIRO,RUA DO ESPINHEIRO,0,,RUA QUARENTA E OITO,RUA QUARENTA E OITO,,,,ESPINHEIRO,COLISÃO LATERAL,,1,1,0,0,0,0,0,0,0,1,0,,CIDADE,Cruzamento,Chuvoso,Sem defeito,Perfeito estado,Molhada,Perfeito estado,Faixa de pedestre,Não há placas,40 km/h,Única,Faixa seccionada,,,1965,202223682
2022-10-06,00:00:00,COM VÍTIMA,FINALIZADA,TEJIPIO,RUA MAJOR CHAGAS DE OLIVEIRA,2,46,,ROGÉRIO MOTOS / ESCOLA ALBERTO TORRES,,,,TEJIPIÓ,COLISÃO LATERAL,,1,1,0,0,0,0,0,0,0,1,0,,,Cruzamento,Chuvoso,Não existe,Perfeito estado,Molhada,Perfeito estado,Não existe,Não há placas,,Única,Não existe,,,1966,202223692
2022-10-07,00:00:00,COM VÍTIMA,FINALIZADA,IMBIRIBEIRA,AV GENERAL MAC ARTHUR,0,,,RESIDENCIAL LE PARC,,,,IMBIRIBEIRA,COLISÃO TRASEIRA,,1,1,0,0,0,0,0,0,0,1,0,,SUBURBIO,Longo da via,Chuvoso,Não existe,Perfeito estado,Molhada,Perfeito estado,Não existe,Não há placas,40 km/h,Única,Faixa seccionada,,,1968,202223758
2022-10-07,00:00:00,COM VÍTIMA,FINALIZADA,TEJIPIO,RUA FALCAO DE LACERDA,3,515,RUA QUEIRA DEUS,,,,,TEJIPIÓ,CHOQUE,,1,0,0,0,0,0,0,0,0,2,0,,CIDADE,Longo da via,Chuvoso,Sem defeito,Perfeito estado,Molhada,Mal iluminada,Não existe,Não há placas,60 km/h,Dupla,Faixa contínua,,,1969,202223759
2022-10-07,00:00:00,COM VÍTIMA,FINALIZADA,IMBIRIBEIRA,AV MARECHAL MASCARENHAS DE MORAES,0,,,LADO OPOSTO AO SINDICARTO DOS TAXISTAS SENTIDO AFOGADOS,,,,IMBIRIBEIRA,COLISÃO TRANSVERSAL,,1,1,0,0,0,0,0,0,0,1,0,,CIDADE,Longo da via,Bom,Não existe,Perfeito estado,Seca,Perfeito estado,Não existe,Não há placas,60 km/h,Dupla,Canteiro central,,,1970,202223786
2022-10-07,00:00:00,COM VÍTIMA,FINALIZADA,CAMPO GRANDE,RUA ODORICO MENDES,3,188,RUA VISCONDE DE CAIRU,PRÓX. AO CLUBE DAS PÁS,,,,CAMPO GRANDE,COLISÃO LATERAL,,1,1,0,0,0,0,0,0,0,1,0,,,Longo da via,Bom,Sem defeito,Incompleta,Seca,Perfeito estado,Não existe,R-6a,,Dupla,Faixa seccionada,,,1971,202223804
2022-10-07,00:00:00,COM VÍTIMA,FINALIZADA,CAXANGA,AV CAXANGA,0,,RUA RIBEIRO PESSOA,EM RENTE DA UPA DA CAXANGA,,,,CAXANGÁ,COLISÃO LATERAL,,1,1,0,0,0,0,0,0,0,1,0,281,SUBURBIO,Longo da via,Bom,Sem defeito,Perfeito estado,Seca,Perfeito estado,Faixa de pedestre,Não há placas,60 km/h,Dupla,Canteiro central,,,1972,202223818
2022-10-07,00:00:00,COM VÍTIMA,FINALIZADA,ILHA DO RETIRO,RUA DR JOAO MARQUES,3,140,RUA JOAO ELISIO RAMOS,AO LADO DAS PISCINA DO  CLUBE DO SPORT,,,,ILHA DO RETIRO,COLISÃO LATERAL,,1,1,0,0,0,0,0,0,0,1,0,,SUBURBIO,Esquina,Bom,Não existe,Perfeito estado,Seca,Perfeito estado,Não existe,R-6a,,Dupla,Faixa seccionada,,,1974,202223829
2022-10-07,00:00:00,COM VÍTIMA,FINALIZADA,BOA VISTA,RUA DO RIACHUELO,0,,RUA DO HOSPICIO,POR TRAS DA FACULDADE DE DIREITO,,,,BOA VISTA,ATROPELAMENTO DE PESSOA,,1,0,0,0,1,0,0,0,0,1,0,,,Longo da via,Bom,Não existe,Perfeito estado,Seca,Perfeito estado,Não existe,Outras,30 km/h,Dupla,Canteiro central,,,1976,202223844
2022-10-07,00:00:00,COM VÍTIMA,FINALIZADA,IPUTINGA,AV MAURICIO DE NASSAU,0,,RUA N S DA SAUDE,NA ESQUINA DO TERMINAL DA TORRE,,,,IPUTINGA,COLISÃO FRONTAL,,0,2,0,0,0,0,0,0,0,2,0,88,SUBURBIO,Cruzamento,Bom,Sem defeito,Perfeito estado,Seca,Perfeito estado,Faixa de retenção,Não há placas,60 km/h,Dupla,Faixa contínua,,,1977,202223847
2022-10-07,00:00:00,COM VÍTIMA,FINALIZADA,SANTO AMARO,AV CRUZ CABUGA,0,,AV DR JAYME DA FONTE,,,,,SANTO AMARO,COLISÃO FRONTAL,,1,1,0,0,0,0,0,0,0,2,0,343,,Cruzamento,Bom,Sem defeito,Perfeito estado,Seca,Perfeito estado,Faixa de pedestre,Não há placas,,Dupla,Não existe,,,1978,202223855
2022-10-07,00:00:00,COM VÍTIMA,FINALIZADA,PINA,AV HERCULANO BANDEIRA,3,513,,EM FRENTE A GALERIA JOANA DARK,,,,PINA,COLISÃO TRASEIRA,,1,1,0,0,0,0,0,0,0,1,0,,SUBURBIO,Longo da via,Bom,Não existe,Não existente,Seca,Perfeito estado,Não existe,Não há placas,60 km/h,Única,Faixa seccionada,,,1979,202223861
2022-10-08,00:00:00,VÍTIMA FATAL,FINALIZADA,AFOGADOS,RUA MOTOCOLOMBO,0,,,EM FRENTE AO TRT,,,,AFOGADOS,COLISÃO TRASEIRA,,1,1,0,0,0,0,0,0,0,0,1,,SUBURBIO,Longo da via,Bom,Não existe,Perfeito estado,Seca,Perfeito estado,Não existe,Não há placas,60 km/h,,Faixa seccionada,,,1980,202223872
2022-10-08,00:00:00,COM VÍTIMA,FINALIZADA,SANTO AMARO,PTE PRINCESA IZABEL,0,,,TEATRO SANTA IZABEL,,,,SANTO AMARO,COLISÃO COM CICLISTA,,0,0,0,1,0,0,1,0,0,1,0,,CIDADE,Longo da via,Bom,Não existe,Perfeito estado,Seca,Perfeito estado,Não existe,R-6a,,Única,Faixa seccionada,,,1981,202223884
2022-10-08,00:00:00,COM VÍTIMA,FINALIZADA,TORRE,RUA REAL DA TORRE,3,460,,AO LADO DO MERCADO DA MADALENA,,,,TORRE,QUEDA,,0,1,0,0,0,0,0,0,0,1,0,179,CIDADE,Longo da via,Bom,Sem defeito,Perfeito estado,Seca,Perfeito estado,Faixa de pedestre,Outras,,Única,Faixa seccionada,,,1982,202223916
2022-10-08,00:00:00,COM VÍTIMA,FINALIZADA,IBURA,AV DOM HELDER CAMARA,0,,,AO LADO DO NUCLEO DA POLICIA,,,,IBURA,COLISÃO LATERAL,,1,1,0,0,0,0,0,0,0,1,0,315,SUBURBIO,Longo da via,Bom,Sem defeito,Perfeito estado,Seca,Perfeito estado,Faixa de retenção,Outras,,,Faixa contínua,,,1983,202223920
2022-10-08,00:00:00,COM VÍTIMA,FINALIZADA,SAO JOSE,AV SUL,3,981,,SEMÁFORO 509,,,,SÃO JOSÉ,COLISÃO FRONTAL,,0,2,0,0,0,0,0,0,0,1,0,509,SUBURBIO,Cruzamento,Bom,Sem defeito,Perfeito estado,Seca,Perfeito estado,Faixa de pedestre,R-6a,,Única,Não existe,,,1984,202223924
2022-10-08,00:00:00,COM VÍTIMA,FINALIZADA,BARRO,AV DR JOSE RUFINO,0,,RUA PEDRO JOSE VIEIRA,EM FRENTE O POSTO IMPÉRIO,,,,BARRO,COLISÃO LATERAL,,1,1,0,0,0,0,0,0,0,1,0,,SUBURBIO,Cruzamento,Bom,Não existe,Perfeito estado,Seca,Perfeito estado,Não existe,Não há placas,,Dupla,Faixa seccionada,,,1986,202223946
2022-10-09,00:00:00,COM VÍTIMA,FINALIZADA,JORDAO,AV MARIA IRENE,2,33,,PROXIMO AO ARMAZEM GENIPAPO,,,,JORDÃO,COLISÃO FRONTAL,,1,1,0,0,0,0,0,0,0,1,0,,SUBURBIO,Longo da via,Bom,Não existe,Não existente,Seca,Perfeito estado,Não existe,Não há placas,40 km/h,Dupla,Não existe,,,1988,202224006
2022-10-09,00:00:00,COM VÍTIMA,FINALIZADA,PARNAMIRIM,AV PARNAMIRIM,0,,RUA TITO ROSAS,MC DONALD'S,,,,PARNAMIRIM,COLISÃO LATERAL,,1,1,0,0,0,0,0,0,0,1,0,,CIDADE,Longo da via,Bom,Sem defeito,Perfeito estado,Seca,Perfeito estado,Faixa de pedestre,Outras,,Única,Faixa contínua,,,1989,202224017
2022-10-10,00:00:00,COM VÍTIMA,FINALIZADA,AGUA FRIA,AV BEBERIBE,2,26,RUA ZEFERINO AGRA,EM FRENTE A ÓTICA D´LISBOA,,,,ÁGUA FRIA,COLISÃO LATERAL,,1,1,0,0,0,0,0,0,0,1,0,,SUBURBIO,Longo da via,Bom,Não existe,Perfeito estado,Seca,Perfeito estado,Faixa de pedestre,Não há placas,40 km/h,Dupla,Faixa contínua,,,1990,202224031
2022-10-10,00:00:00,COM VÍTIMA,FINALIZADA,COHAB,RUA DR BENIGNO JORDAO DE VASCONCELOS,3,385,RUA JOAO CORDEIRO DE SOUZA,APÓS À UPA / PRÓX. AO DEPÓSITO DO POBREZINHO,,,,COHAB,COLISÃO FRONTAL,,1,1,0,0,0,0,0,0,0,1,0,,CIDADE,Longo da via,Bom,Não existe,Não existente,Seca,Perfeito estado,Não existe,Não há placas,,Dupla,Não existe,,,1991,202224034
2022-10-10,00:00:00,COM VÍTIMA,FINALIZADA,IPSEP,RUA BLUMENAU,3,374,RUA IRAPUA,EM FRENTE A  DEPAULO CAR,,,,IPSEP,COLISÃO FRONTAL,,1,1,0,0,0,0,0,0,0,1,0,,SUBURBIO,Cruzamento,Bom,Não existe,Perfeito estado,Seca,Perfeito estado,Não existe,"Placas ""Pare""",30 km/h,Única,,,,1992,202224038
2022-10-10,00:00:00,COM VÍTIMA,FINALIZADA,IPSEP,RUA JEAN EMILE FAVRE,4,1676,RUA HELIO BRANDAO,EM FRENTE A DELTA AUTOPEÇAS,,,,IPSEP,COLISÃO LATERAL,,1,1,0,0,0,0,0,0,0,1,0,135,,Cruzamento,Bom,Sem defeito,Perfeito estado,Seca,Perfeito estado,Faixa de pedestre,R-6a,,Dupla,Faixa contínua,,,1993,202224039
2022-10-10,00:00:00,COM VÍTIMA,FINALIZADA,PINA,PTE AGAMENON MAGALHAES,0,,,NA PONTE- SAINDO DA AV ANTÕNIO DE GOIS,,,,PINA,COLISÃO LATERAL,,0,2,0,0,0,0,0,0,0,2,0,,CIDADE,Longo da via,Bom,Não existe,Perfeito estado,Seca,Perfeito estado,Não existe,R-19,60 km/h,Única,Faixa contínua,Canteiro central,,1994,202224048
2022-10-10,00:00:00,COM VÍTIMA,FINALIZADA,GRACAS,AV GOVERNADOR AGAMENON MAGALHAES,0,,,COLEGIO GOVERNADOR BARBOSA LIMA,,,,GRAÇAS,COLISÃO TRASEIRA,,1,0,0,0,0,2,0,0,0,1,0,174,,Longo da via,Bom,Sem defeito,Perfeito estado,Seca,Perfeito estado,Faixa de pedestre,Não há placas,60 km/h,Dupla,Canal,,,1995,202224057
2022-10-10,00:00:00,COM VÍTIMA,FINALIZADA,IBURA,AV RIO SAO FRANCISCO,3,318,,PROXIMO A ESCOLA POLIVALENTE,,,,IBURA,COLISÃO TRASEIRA,,1,1,0,0,0,0,0,0,0,1,0,,SUBURBIO,Longo da via,Bom,Não existe,Perfeito estado,Seca,Perfeito estado,Não existe,R-6c,,Dupla,Não existe,,,1996,202224065
2022-10-10,00:00:00,COM VÍTIMA,FINALIZADA,CAXANGA,AV CAXANGA,4,4302,,EM FRENTE ACONCESSIONARIA CAXANGA VEÍCULOS,,,,CAXANGÁ,COLISÃO TRASEIRA,,1,1,0,0,0,0,0,0,0,1,0,,SUBURBIO,Longo da via,Bom,Sem defeito,Perfeito estado,Seca,Perfeito estado,,Outras,40 km/h,Dupla,Canteiro central,,,1997,202224076
2022-10-10,00:00:00,COM VÍTIMA,FINALIZADA,AREIAS,AV RECIFE,4,4316,,EM FRENTE AO BIGBOMPREÇO,,,,AREIAS,COLISÃO LATERAL,,1,1,0,0,0,0,0,0,0,1,0,,SUBURBIO,Longo da via,Bom,Sem defeito,Perfeito estado,Seca,Perfeito estado,,Não há placas,60 km/h,Dupla,Canteiro central,,,1998,202224079
2022-10-10,00:00:00,COM VÍTIMA,FINALIZADA,SANTO AMARO,AV GOVERNADOR AGAMENON MAGALHAES,0,,,EM FRENTE A CAIXA ECONOMICA,,,,SANTO AMARO,COLISÃO TRASEIRA,,1,1,0,0,0,0,0,0,0,1,0,78,SUBURBIO,Longo da via,Bom,Sem defeito,Perfeito estado,Seca,Perfeito estado,Faixa de pedestre,Outras,,Dupla,Faixa contínua,Faixa seccionada,,1999,202224080
2022-10-11,00:00:00,COM VÍTIMA,FINALIZADA,NOVA DESCOBERTA,AV VEREADOR OTACILIO AZEVEDO,3,877,RUA JOSE REBOUCAS,APOS A UPA DE NOVA DESCOBERTA,,,,NOVA DESCOBERTA,COLISÃO TRASEIRA,,1,2,0,0,0,0,0,0,0,1,0,,,Longo da via,Bom,Não existe,Perfeito estado,Seca,Perfeito estado,Não existe,Não há placas,,Dupla,Faixa seccionada,,,2000,202224088
2022-10-11,00:00:00,COM VÍTIMA,FINALIZADA,AFOGADOS,RUA SAO MIGUEL,3,898,,QUARTEL 14 BATALHÃO LOGISTICO,,,,AFOGADOS,COLISÃO LATERAL,,1,1,0,0,0,0,0,0,0,1,0,,CIDADE,Cruzamento,Bom,Sem defeito,Incompleta,Seca,Mal conservada,Não existe,Não há placas,60 km/h,Dupla,Faixa contínua,Faixa seccionada,,2001,202224095
2022-10-11,00:00:00,COM VÍTIMA,FINALIZADA,CURADO,AV PROFESSOR LUIZ FREIRE,3,500,,IFPE,,,,CURADO,COLISÃO LATERAL,,1,1,0,0,0,0,0,0,0,1,0,,SUBURBIO,Longo da via,Bom,Não existe,Ilegível,Seca,Outros,Não existe,Não há placas,30 km/h,Dupla,Faixa contínua,,,2002,202224108
2022-10-11,00:00:00,COM VÍTIMA,FINALIZADA,BOA VISTA,AV LINS PETIT,3,195,,POSTO DE GASOLINA IPIRANGA,,,,BOA VISTA,ATROPELAMENTO DE PESSOA,,0,1,0,0,1,0,0,0,0,1,0,,SUBURBIO,Longo da via,Bom,Sem defeito,Ilegível,Seca,Perfeito estado,Outros,Outras,,Única,Não existe,,,2003,202224114
2022-10-11,00:00:00,COM VÍTIMA,FINALIZADA,MADALENA,RUA REAL DA TORRE,3,907,,WIZARD ESCOLA INGLÊS,,,,MADALENA,COLISÃO COM CICLISTA,,1,0,0,1,0,0,0,0,0,1,0,,,Longo da via,Bom,Não existe,Perfeito estado,Seca,Outros,Não existe,Não há placas,60 km/h,Única,Faixa seccionada,,,2004,202224129
2022-10-11,00:00:00,COM VÍTIMA,FINALIZADA,ALTO DO MANDU,RUA BARAUNA,3,123,,PROXIMO AO AÇUDE DE APIPUCOS,,,,ALTO DO MANDU,COLISÃO LATERAL,,1,1,0,0,0,0,0,0,0,1,0,,SUBURBIO,Esquina,Chuvoso,Não existe,Perfeito estado,Molhada,Perfeito estado,Faixa de pedestre,Outras,20 km/h,Dupla,Faixa seccionada,,,2005,202224157
2022-10-11,00:00:00,COM VÍTIMA,FINALIZADA,MANGABEIRA,AV NORTE MIGUEL ARRAES DE ALENCAR,0,,RUA DA MANGABEIRA,EM FRENTE A RAINHA VESTE PISO E REVESTIMENTO,,,,MANGABEIRA,COLISÃO LATERAL,,1,1,0,0,0,0,0,0,0,2,0,96,SUBURBIO,Cruzamento,Bom,Sem defeito,Perfeito estado,Seca,Perfeito estado,Faixa de pedestre,"Placas ""Pare""",,Dupla,Canteiro central,,,2006,202224162
2022-10-12,00:00:00,COM VÍTIMA,FINALIZADA,SANCHO,RUA APRIGIO GUIMARAES,3,466,,EM FRENTE AO ZEZINHO BOMBONS,,,,SANCHO,COLISÃO LATERAL,,1,1,0,0,0,0,0,0,0,1,0,,SUBURBIO,Longo da via,Bom,Não existe,Perfeito estado,Seca,Perfeito estado,Não existe,"Placas ""Pare""",,Dupla,Não existe,,,2010,202224249
2022-10-12,00:00:00,COM VÍTIMA,FINALIZADA,FUNDAO,RUA CORONEL URBANO RIBEIRO DE SENA,3,466,,DO LADO DA BARRIGUDA,,,,FUNDÃO,COLISÃO LATERAL,,0,2,0,0,0,0,0,0,0,1,0,,,Longo da via,Bom,Não existe,Perfeito estado,Seca,Perfeito estado,,R-6a,30 km/h,Dupla,Não existe,,,2013,202224274