data,hora,natureza_acidente,situacao,bairro,endereco,,numero,detalhe_endereco_acidente,complemento,endereco_cruzamento,numero_cruzamento,referencia_cruzamento,bairro_cruzamento,tipo,descricao,auto,moto,ciclom,ciclista,pedestre,onibus,caminhao,viatura,outros,vitimas,vitimasfatais,num_semaforo,sentido_via,acidente_verificado,tempo_clima,situacao_semaforo,sinalizacao,condicao_via,conservacao_via,ponto_controle,situacao_placa,velocidade_max_via,mao_direcao,divisao_via1,divisao_via2,divisao_via3,_id,Protocolo
2022-10-13,00:00:00,COM VÍTIMA,FINALIZADA,BEBERIBE,AV BEBERIBE,3,247,,EM FRENTE AO COMERCIAL BECHARA,,,,BEBERIBE,COLISÃO LATERAL,,1,1,0,0,0,0,0,0,0,1,0,,CIDADE,Longo da via,Bom,Não existe,Perfeito estado,Seca,Perfeito estado,Não existe,Não há placas,,Única,Faixa contínua,,,2014,202224289
2022-10-13,00:00:00,COM VÍTIMA,FINALIZADA,SAO JOSE,AV DANTAS BARRETO,0,,RUA SAO JOAO,,,,,SÃO JOSÉ,ATROPELAMENTO DE PESSOA,,0,1,0,0,1,0,0,0,0,1,0,,,Cruzamento,Chuvoso,Sem defeito,Perfeito estado,Molhada,Perfeito estado,Faixa de pedestre,Não há placas,,Dupla,Faixa,,,2016,202224333
2022-10-13,00:00:00,COM VÍTIMA,FINALIZADA,BOA VIAGEM,RUA VISCONDE DE JEQUITINHONHA,0,,,OPOSTO A DIPLOMATA,,,,BOA VIAGEM,ATROPELAMENTO DE PESSOA,,1,0,0,0,1,0,0,0,0,1,0,,SUBURBIO,Longo da via,Bom,Com defeito,Perfeito estado,Seca,Perfeito estado,Agente,Não há placas,,Única,Faixa seccionada,,,2019,202224359
2022-10-13,00:00:00,COM VÍTIMA,FINALIZADA,ESPINHEIRO,AV NORTE MIGUEL ARRAES DE ALENCAR,4,2215,RUA ALFREDO DE CASTRO,NO SEMÁFORO 665,,,,ESPINHEIRO,COLISÃO TRASEIRA,,1,1,0,0,0,0,0,0,0,1,0,665,CIDADE,Cruzamento,Bom,Sem defeito,Perfeito estado,Seca,Perfeito estado,Faixa de pedestre,Não há placas,40 km/h,Única,Não existe,,,2020,202224362
2022-10-13,00:00:00,COM VÍTIMA,FINALIZADA,JARDIM SAO PAULO,AV RECIFE,0,,,NA ENTRADA DE JARDIM SÃO PAULO,,,,JARDIM SÃO PAULO,COLISÃO FRONTAL,,1,1,0,0,0,0,0,0,0,2,0,259,,Longo da via,Bom,Sem defeito,Perfeito estado,Seca,Perfeito estado,Não existe,Não há placas,60 km/h,Dupla,Canteiro central,,,2022,202224374
2022-10-14,00:00:00,COM VÍTIMA,FINALIZADA,GRACAS,AV GOVERNADOR AGAMENON MAGALHAES,0,,RUA DR BANDEIRA FILHO,PROX AO CLUBE PORTUGUES,,,,GRAÇAS,ATROPELAMENTO DE PESSOA,,0,1,0,0,1,0,0,0,0,1,0,,SUBURBIO / BOA VIAGEM,Longo da via,Bom,Sem defeito,Perfeito estado,Seca,Perfeito estado,,Não há placas,60 km/h,Dupla,Canal,,,2025,202224436
2022-10-14,00:00:00,COM VÍTIMA,FINALIZADA,BOA VISTA,AV CONDE DA BOA VISTA,0,,RUA DOM BOSCO,PROX AO SEMÁFORO 027,,,,BOA VISTA,COLISÃO COM CICLISTA,,0,0,0,1,0,1,0,0,0,1,0,27,SUBURBIO,Longo da via,Bom,Sem defeito,Perfeito estado,Seca,Perfeito estado,Faixa de pedestre,Não há placas,60 km/h,Dupla,Canteiro central,,,2026,202224451
2022-10-14,00:00:00,COM VÍTIMA,FINALIZADA,AFOGADOS,RUA SAO MIGUEL,4,1516,,LADO OPOSTO AO ARMAZEM CORAL,,,,AFOGADOS,COLISÃO TRANSVERSAL,,0,0,0,0,0,2,0,0,0,1,0,,SUBURBIO,Longo da via,Bom,Não existe,Não existente,Seca,Perfeito estado,,,,Dupla,Faixa contínua,,,2027,202224469
2022-10-14,00:00:00,COM VÍTIMA,FINALIZADA,IPUTINGA,AV CAXANGA,0,,,LADO OPOSTO AO  JBS VEICULOS,,,,IPUTINGA,COLISÃO TRASEIRA,,1,0,0,0,1,0,0,0,0,1,0,,CIDADE,Longo da via,Bom,Não existe,Perfeito estado,Seca,Perfeito estado,Não existe,R-6a,,Dupla,Canteiro central,,,2028,202224470
2022-10-14,00:00:00,COM VÍTIMA,FINALIZADA,BOA VIAGEM,AV CELSO FURTADO,0,,,NA FINAL DA VIA MANGUE SENTIDO BOA VIAGEM,,,,BOA VIAGEM,COLISÃO LATERAL,,1,1,0,0,0,0,0,0,0,1,0,,SUBURBIO,Viaduto,Bom,Não existe,Perfeito estado,Seca,Perfeito estado,Não existe,Não há placas,60 km/h,Única,Faixa contínua,Faixa seccionada,,2029,202224472
2022-10-15,00:00:00,COM VÍTIMA,FINALIZADA,BOA VIAGEM,RUA PEDRO PAES MENDONCA,3,140,,AO LADO DO BIG BOMPREÇO,,,,BOA VIAGEM,COLISÃO LATERAL,,1,1,0,0,0,0,0,0,0,1,0,,,Longo da via,Chuvoso,Não existe,Perfeito estado,Molhada,Perfeito estado,Não existe,R-6a,,Única,Faixa seccionada,,,2031,202224486
2022-10-15,00:00:00,COM VÍTIMA,FINALIZADA,BOA VIAGEM,AV CONSELHEIRO AGUIAR,0,,RUA ARTUR MUNIZ,COLISÃO ENTRE DOIS VEÍCULOS COM UMA VÍTIMA,,,,BOA VIAGEM,COLISÃO TRANSVERSAL,,1,1,0,0,0,0,0,0,0,1,0,,CIDADE,Cruzamento,Bom,Sem defeito,Perfeito estado,Seca,Perfeito estado,Faixa de pedestre,Outras,60 km/h,Única,Faixa seccionada,,,2033,202224539
2022-10-15,00:00:00,COM VÍTIMA,FINALIZADA,RECIFE,AV ALFREDO LISBOA,0,,,LADO OPOST AO ARMAZEM 13,,,,BAIRRO DO RECIFE,COLISÃO FRONTAL,,1,1,0,0,0,0,0,0,0,1,0,,SUBURBIO,Longo da via,Bom,Não existe,Perfeito estado,Seca,Perfeito estado,Outros,Outras,30 km/h,Única,Não existe,,,2034,202224542
2022-10-15,00:00:00,COM VÍTIMA,FINALIZADA,MADALENA,RUA EUCLIDES DA CUNHA,0,,,EM FRENTE AO INTERNACIONAL,,,,MADALENA,COLISÃO FRONTAL,,1,1,0,0,0,0,0,0,0,1,0,,,Cruzamento,Bom,Sem defeito,Perfeito estado,Seca,Mal conservada,,,,Dupla,Canteiro central,,,2035,202224545
2022-10-16,00:00:00,COM VÍTIMA,FINALIZADA,BOA VIAGEM,AV BOA VIAGEM,3,618,RUA VICENCIA,HOTEL ATLANTE PLAZA,,,,BOA VIAGEM,COLISÃO TRASEIRA,,2,0,0,0,0,0,0,0,0,1,0,,,Longo da via,Bom,Não existe,Perfeito estado,Seca,Perfeito estado,Não existe,Não há placas,60 km/h,Única,Faixa seccionada,,,2036,202224560
2022-10-16,00:00:00,COM VÍTIMA,FINALIZADA,PORTO DA MADEIRA,RUA DALVA DE OLIVEIRA,3,269,,EM FRENTE A IGREJA BATISTA DO VALE,,,,PORTO DA MADEIRA,COLISÃO TRASEIRA,,1,1,0,0,0,0,0,0,0,1,0,,,Cruzamento,Bom,Não existe,Não existente,Seca,Perfeito estado,Não existe,Não há placas,60 km/h,Dupla,Não existe,,,2038,202224602
2022-10-17,00:00:00,COM VÍTIMA,FINALIZADA,SANTO AMARO,AV CRUZ CABUGA,0,,AV DR JAYME DA FONTE,SECRETARIA DA FAZENDA,,,,SANTO AMARO,ENGAVETAMENTO,,3,0,0,0,0,0,0,0,0,1,0,343,,Longo da via,Bom,Sem defeito,Perfeito estado,Seca,Perfeito estado,Faixa de pedestre,R-6a,,Dupla,Faixa seccionada,,,2039,202224624
2022-10-17,00:00:00,COM VÍTIMA,FINALIZADA,ILHA DO LEITE,AV FREI MATIAS TEVES,0,,RUA SENADOR JOSE HENRIQUE,ATRÁS DO Albert  Einstein / EMPRESARIAL CHARLES DARWIN,,,,ILHA DO LEITE,COLISÃO TRASEIRA,,1,1,0,0,0,0,0,0,0,1,0,,,Cruzamento,Bom,Não existe,Perfeito estado,Seca,Perfeito estado,,R-6a,,Única,Faixa contínua,Faixa seccionada,,2040,202224626
2022-10-17,00:00:00,COM VÍTIMA,FINALIZADA,BOMBA DO HEMETERIO,RUA CHA DE ALEGRIA,3,115,,COLÉGIO MARDONIO COELHO,,,,BOMBA DO HEMETÉRIO,COLISÃO LATERAL,,1,1,0,0,0,0,0,0,0,1,0,,,Longo da via,Bom,Não existe,Não existente,Seca,Perfeito estado,Não existe,Não há placas,,Dupla,Não existe,,,2041,202224641
2022-10-17,00:00:00,COM VÍTIMA,FINALIZADA,AFOGADOS,AV SUL,0,,,PISTA PRINCIPAL,,,,AFOGADOS,COLISÃO COM CICLISTA,,0,0,0,1,0,1,0,0,0,1,0,205,,Longo da via,Bom,Não existe,Perfeito estado,Seca,Perfeito estado,Não existe,Não há placas,,Dupla,Canteiro central,,,2043,202224649
2022-10-17,00:00:00,COM VÍTIMA,FINALIZADA,ARRUDA,AV BEBERIBE,3,284,,EM FRENTE AO LAR ESPÍRITA LUZ E AMOR E TBM ESQUINA DO BANCO DO BRASIL,,,,ARRUDA,QUEDA,,0,1,0,0,0,0,0,0,0,1,0,,,Longo da via,Bom,Não existe,Perfeito estado,Seca,Perfeito estado,Não existe,R-6a,,Dupla,Faixa seccionada,,,2044,202224662
2022-10-17,00:00:00,COM VÍTIMA,FINALIZADA,SANTO AMARO,AV CRUZ CABUGA,0,,RUA PEDRO AFONSO,PRÓXIMO A CTTU,,,,SANTO AMARO,CHOQUE,,1,0,0,0,0,0,0,0,0,1,0,674,,Cruzamento,Bom,Sem defeito,Perfeito estado,Seca,Perfeito estado,Faixa de pedestre,Não há placas,,Dupla,Faixa contínua,,,2045,202224666
2022-10-18,00:00:00,COM VÍTIMA,FINALIZADA,ILHA JOANA BEZERRA,RUA CAPITAO TEMUDO,0,,,"EM CIMA DO VIADUTO, SENTIDO BOA VIAGEM",,,,JOANA BEZERRA,COLISÃO LATERAL,,1,1,0,0,0,0,0,0,0,1,0,,SUBURBIO,Longo da via,Bom,Sem defeito,Perfeito estado,Seca,Perfeito estado,Não existe,Não há placas,60 km/h,Única,Faixa contínua,,,2047,202224693
2022-10-18,00:00:00,COM VÍTIMA,FINALIZADA,CABANGA,PTE GOVERNADOR PAULO GUERRA,0,,,AO LADO DA COMPESA,,,,CABANGA,COLISÃO LATERAL,,0,1,0,0,0,1,0,0,0,1,0,,,Ponte,Bom,Não existe,Perfeito estado,Seca,Perfeito estado,Não existe,R-6a,60 km/h,Única,Faixa seccionada,,,2048,202224699
2022-10-18,00:00:00,COM VÍTIMA,FINALIZADA,BOA VIAGEM,AV BOA VIAGEM,4,5868,,EM FRENTE AO EDF. MANHATTAN,,,,BOA VIAGEM,COLISÃO FRONTAL,,2,2,0,0,0,0,0,0,0,1,0,,CIDADE,Longo da via,Bom,Não existe,Perfeito estado,Seca,Perfeito estado,Não existe,R-19,60 km/h,Única,Faixa seccionada,,,2049,202224715
2022-10-18,00:00:00,COM VÍTIMA,FINALIZADA,BONGI,AV ENGENHEIRO ABDIAS DE CARVALHO,0,,,EM FRENTE AO COMPAZ/ SENTIDO BR,,,,BONGI,COLISÃO LATERAL,,1,1,0,0,0,0,0,0,0,1,0,688,,Longo da via,Bom,Sem defeito,Incompleta,Seca,Mal conservada,,Não há placas,60 km/h,Única,Não existe,,,2050,202224741
2022-10-18,00:00:00,COM VÍTIMA,FINALIZADA,BOA VIAGEM,AV DOM JOAO VI,0,,,NA ENTRADA DO TUNEL DE BOA VIAGEM,,,,BOA VIAGEM,ATROPELAMENTO DE PESSOA,,1,0,0,0,1,0,0,0,0,1,0,,SUBURBIO,,,,,,,,,,,,,,2051,202224750
2022-10-19,00:00:00,COM VÍTIMA,FINALIZADA,BONGI,RUA COSME VIANA,0,,EST DO BONGI,IMBIRIBEIRA VICULOS,,,,BONGI,COLISÃO TRANSVERSAL,,1,1,0,0,0,0,0,0,0,1,0,100,SUBURBIO,Cruzamento,Bom,Sem defeito,Perfeito estado,Seca,Perfeito estado,Faixa de retenção,Não há placas,60 km/h,Única,Faixa seccionada,,,2052,202224753
2022-10-19,00:00:00,COM VÍTIMA,FINALIZADA,CAXANGA,AV CAXANGA,4,4951,,GOLF MOTOS,,,,CAXANGÁ,COLISÃO COM CICLISTA,,0,1,0,1,0,0,0,0,0,2,0,,,Longo da via,Bom,Não existe,Perfeito estado,Seca,Perfeito estado,,,60 km/h,Dupla,,,,2054,202224770
2022-10-19,00:00:00,COM VÍTIMA,FINALIZADA,SANTO AMARO,RUA AURORA,0,,RUA ARARIPINA,AO LADO DA SEPLAG,,,,SANTO AMARO,,,0,1,0,0,0,0,0,1,0,1,0,,CIDADE,,Bom,Não existe,Perfeito estado,Seca,Perfeito estado,Não existe,Não há placas,,Única,Faixa seccionada,,,2055,202224783
2022-10-19,00:00:00,COM VÍTIMA,FINALIZADA,CAXANGA,AV CAXANGA,4,5013,,EM FRENTE AO GOLF CLUBE,,,,CAXANGÁ,COLISÃO TRASEIRA,,2,1,0,0,0,0,0,0,0,2,0,,SUBURBIO,Longo da via,Bom,Não existe,Perfeito estado,Seca,Perfeito estado,Não existe,Não há placas,60 km/h,Única,Faixa seccionada,,,2056,202224789
2022-10-19,00:00:00,COM VÍTIMA,FINALIZADA,DERBY,RUA FELICIANO GOMES,0,,RUA JENER DE SOUZA,PROX. A PRAÇA DO DERBY,,,,DERBY,COLISÃO FRONTAL,,1,1,0,0,0,0,0,0,0,1,0,,SUBURBIO,Cruzamento,Bom,Não existe,Perfeito estado,Seca,Perfeito estado,,Não há placas,,Dupla,Faixa contínua,Faixa seccionada,,2058,202224798
2022-10-19,00:00:00,COM VÍTIMA,FINALIZADA,BOA VIAGEM,AV ENGENHEIRO DOMINGOS FERREIRA,0,,RUA TOME GIBSON,E/F A ESCOLA MUNICIPAL OSVALDO LIMA FILHO,,,,BOA VIAGEM,COLISÃO LATERAL,,1,1,0,0,0,0,0,0,0,1,0,,,Longo da via,Bom,Com defeito,Perfeito estado,Seca,Perfeito estado,Faixa de retenção,R-6a,,Única,Faixa seccionada,,,2059,202224822
2022-10-20,00:00:00,COM VÍTIMA,FINALIZADA,BOA VIAGEM,RUA COSMORAMA,0,,RUA BALTAZAR PASSOS,"SEMAFORO 556, PROX. AO COLEGIO MADRE DE DEUS",,,,BOA VIAGEM,COLISÃO COM CICLISTA,,0,0,0,1,0,1,0,0,0,1,0,556,CIDADE,Cruzamento,Bom,Sem defeito,Perfeito estado,Seca,Perfeito estado,Faixa de pedestre,Outras,,Única,Não existe,,,2060,202224845
2022-10-20,00:00:00,COM VÍTIMA,FINALIZADA,CAXANGA,RUA EMILIANO BRAGA,3,157,,"ENTRADA DO T.I CDU, EM FRENTE A ESCOLA DESAFIO",,,,CAXANGÁ,COLISÃO FRONTAL,,1,1,0,0,0,0,0,0,0,1,0,,SUBURBIO,Cruzamento,Bom,Não existe,Perfeito estado,Seca,Perfeito estado,Faixa de pedestre,R-6a,,Única,Faixa contínua,,,2061,202224857
2022-10-20,00:00:00,COM VÍTIMA,FINALIZADA,TORRE,RUA PADRE ANCHIETA,3,489,,PROX AO PÃO DE AÇÚCAR,,,,TORRE,ATROPELAMENTO DE PESSOA,,1,0,0,0,1,0,0,0,0,1,0,,,Longo da via,Bom,Não existe,Perfeito estado,Seca,Perfeito estado,Não existe,Não há placas,,Única,Não existe,,,2062,202224862
2022-10-20,00:00:00,COM VÍTIMA,FINALIZADA,MADALENA,RUA JOAO IVO DA SILVA,3,267,RUA NOBRE DE LACERDA,EM FRENTE AO POSTO PETROVIA,,,,MADALENA,COLISÃO FRONTAL,,1,1,0,0,0,0,0,0,0,1,0,,SUBURBIO,Longo da via,Bom,Não existe,Perfeito estado,Seca,Perfeito estado,Não existe,Outras,50 km/h,Única,Canteiro central,,,2063,202224872
2022-10-20,00:00:00,COM VÍTIMA,FINALIZADA,IMBIRIBEIRA,RUA ITACARI,3,162,RUA ITAJAI,POR TRÁS DO BANCO ITAU,,,,IMBIRIBEIRA,COLISÃO LATERAL,,0,1,0,0,0,0,1,0,0,1,0,,SUBURBIO,Cruzamento,Bom,Não existe,Perfeito estado,Seca,Perfeito estado,Faixa de pedestre,Não há placas,40 km/h,Única,,,,2064,202224886
2022-10-20,00:00:00,COM VÍTIMA,FINALIZADA,BOA VISTA,AV GOVERNADOR AGAMENON MAGALHAES,0,,AV RUI BARBOSA,,,,,BOA VISTA,COLISÃO LATERAL,,1,1,0,0,0,0,0,0,0,1,0,37,OLINDA,Longo da via,Bom,Sem defeito,Perfeito estado,Seca,Perfeito estado,Agente,Outras,60 km/h,Dupla,Faixa seccionada,,,2065,202224894
2022-10-21,00:00:00,COM VÍTIMA,FINALIZADA,DERBY,AV GOVERNADOR AGAMENON MAGALHAES,0,,,COM A AV RUI BARBOSA(SEMAFORO Nº037,,,,DERBY,COLISÃO TRANSVERSAL,,0,1,0,0,0,0,0,1,0,1,0,,,Cruzamento,Bom,Sem defeito,Perfeito estado,Seca,Perfeito estado,Faixa de retenção,Não há placas,60 km/h,Única,Faixa seccionada,,,2066,202224918
2022-10-21,00:00:00,COM VÍTIMA,FINALIZADA,SANTO AMARO,AV CRUZ CABUGA,3,269,,EM FRENTE AO GINÁSIO PERNAMBUCANO,,,,SANTO AMARO,COLISÃO TRASEIRA,,1,1,0,0,0,0,0,0,0,1,0,,CIDADE,Longo da via,Bom,Sem defeito,Perfeito estado,Seca,Perfeito estado,Faixa de pedestre,R-6a,,Dupla,Faixa contínua,Faixa seccionada,,2067,202224921
2022-10-21,00:00:00,COM VÍTIMA,FINALIZADA,AFOGADOS,EST DOS REMEDIOS,4,1451,,EM FRENTE A 2B AUTO CENTER,,,,AFOGADOS,ATROPELAMENTO DE PESSOA,,0,1,0,0,1,0,0,0,0,2,0,,CIDADE,Longo da via,Bom,Não existe,Perfeito estado,Seca,Perfeito estado,Não existe,Não há placas,60 km/h,Única,Faixa seccionada,,,2068,202224925
2022-10-21,00:00:00,COM VÍTIMA,FINALIZADA,IMBIRIBEIRA,AV SUL,0,,,TERMINAL INTEGRADO TANCREDO NEVES,,,,IMBIRIBEIRA,ATROPELAMENTO DE PESSOA,,0,0,0,0,1,1,0,0,0,1,0,,SUBURBIO,Outros,Bom,Não existe,Perfeito estado,Seca,Perfeito estado,Não existe,Não há placas,20 km/h,Única,Canteiro central,,,2069,202224958
2022-10-21,00:00:00,COM VÍTIMA,FINALIZADA,JARDIM SAO PAULO,AV RECIFE,0,,,AÇAI ATACADISTA,,,,JARDIM SÃO PAULO,COLISÃO TRASEIRA,,1,2,0,0,0,0,0,0,0,2,0,,,,,,,,,,,,,,,,2070,202224963
2022-10-21,00:00:00,COM VÍTIMA,FINALIZADA,IPSEP,RUA SAO NICOLAU,3,426,RUA ABDIAS CABRAL DE MOURA,EM FRENTE A SPORT CAR,,,,IPSEP,COLISÃO LATERAL,,1,1,0,0,0,0,0,0,0,1,0,,,Cruzamento,Bom,Não existe,Perfeito estado,Seca,Perfeito estado,Não existe,R-4a,,Única,Não existe,,,2073,202224987
2022-10-21,00:00:00,COM VÍTIMA,FINALIZADA,BOA VIAGEM,AV CELSO FURTADO,0,,,POR TRAS DO ANTIGO EXTRA/ SENTIDO PIEDADE,,,,BOA VIAGEM,COLISÃO COM CICLISTA,,0,1,0,1,0,0,0,0,0,2,0,,SUBURBIO,Longo da via,Bom,Não existe,Perfeito estado,Seca,Perfeito estado,Não existe,Outras,60 km/h,Única,Faixa seccionada,,,2074,202224997
2022-10-21,00:00:00,COM VÍTIMA,FINALIZADA,CORDEIRO,RUA GOMES TABORDA,4,1424,,EM FRENTE AO SUPERMERCADO IDEAL,,,,CORDEIRO,COLISÃO FRONTAL,,1,1,0,0,0,0,0,0,0,2,0,,SUBURBIO,Longo da via,Bom,Sem defeito,Incompleta,Seca,Mal conservada,Não existe,R-6a,40 km/h,Dupla,Faixa contínua,Faixa seccionada,,2075,202224998
2022-10-21,00:00:00,COM VÍTIMA,FINALIZADA,AREIAS,AV DR JOSE RUFINO,0,,,EM FRENTE A CONCESSIONÁRIA HONDA,,,,AREIAS,COLISÃO LATERAL,,1,1,0,0,0,0,0,0,0,1,0,,SUBURBIO,Longo da via,Bom,Sem defeito,Incompleta,Seca,Mal iluminada,Não existe,Outras,60 km/h,Dupla,Faixa contínua,,,2076,202225003
2022-10-22,00:00:00,COM VÍTIMA,FINALIZADA,BARRO,AV DR JOSE RUFINO,0,,RUA DOROTHEA VIEIRA,EM FRENTE À IGREJA DO BARRO,,,,BARRO,COLISÃO LATERAL,,1,1,0,0,0,0,0,0,0,1,0,,SUBURBIO,Longo da via,Bom,Sem defeito,Perfeito estado,Seca,Perfeito estado,Faixa de pedestre,,,Dupla,Faixa contínua,,,2078,202225051
2022-10-22,00:00:00,COM VÍTIMA,FINALIZADA,IPSEP,AV RECIFE,3,600,,LADO OPOSTO AO SAL E BRASA E EM FRENTE AO POSTO BR / SENTIDO CAXANGA,,,,IPSEP,COLISÃO LATERAL,,1,2,0,0,0,0,0,0,0,2,0,393,,Longo da via,Bom,Não existe,Perfeito estado,Seca,Perfeito estado,Não existe,Não há placas,,Dupla,Canteiro central,,,2079,202225054
2022-10-22,00:00:00,COM VÍTIMA,FINALIZADA,ALTO SANTA TEREZINHA,RUA SODRELANDIA,4,1187,,PROXIMO A RADIO EVANGELICA,,,,ALTO SANTA TERESINHA,COLISÃO FRONTAL,,0,2,0,0,0,0,0,0,0,1,0,,,Longo da via,Bom,Não existe,Não existente,Seca,Mal conservada,Não existe,Não há placas,,Dupla,Não existe,,,2080,202225055
2022-10-22,00:00:00,COM VÍTIMA,FINALIZADA,SAO JOSE,RUA SAO JOAO,3,211,RUA VIDAL DE NEGREIROS,FORTE DAS CINCO PONTAS,,,,SÃO JOSÉ,COLISÃO LATERAL,,0,1,0,0,0,0,1,0,0,1,0,,,Cruzamento,Bom,Não existe,Perfeito estado,Seca,Perfeito estado,Não existe,R-6a,40 km/h,,Faixa seccionada,,,2081,202225060
2022-10-22,00:00:00,COM VÍTIMA,FINALIZADA,VARZEA,RUA GASTAO VIDIGAL,0,,,PRÓXIMO AO HOTEL TROPICAL,,,,VÁRZEA,COLISÃO LATERAL,,1,1,0,0,0,0,0,0,0,1,0,,,Longo da via,Bom,Não existe,Perfeito estado,Seca,Perfeito estado,Não existe,,30 km/h,Dupla,Não existe,,,2082,202225065
2022-10-22,00:00:00,COM VÍTIMA,FINALIZADA,BOA VIAGEM,AV ENGENHEIRO DOMINGOS FERREIRA,4,4237,,INGA VINHOS FINOS,,,,BOA VIAGEM,ATROPELAMENTO DE PESSOA,,1,0,0,0,1,0,0,0,0,1,0,,SUBURBIO,Longo da via,Bom,Não existe,Perfeito estado,Seca,Perfeito estado,Não existe,R-6a,,Única,Faixa seccionada,,,2083,202225067
2022-10-22,00:00:00,COM VÍTIMA,FINALIZADA,ILHA JOANA BEZERRA,RUA CAPITAO TEMUDO,0,,,NA DESCIDA DO VIADUTO,,,,JOANA BEZERRA,COLISÃO COM CICLISTA,,0,1,0,1,0,0,0,0,0,2,0,,,Longo da via,Bom,Não existe,Perfeito estado,Seca,Perfeito estado,Não existe,Não há placas,60 km/h,Dupla,Canteiro central,,,2085,202225077
2022-10-22,00:00:00,COM VÍTIMA,FINALIZADA,IMBIRIBEIRA,AV SUL,3,268,RUA JOAQUIM BANDEIRA,PROX. A ESTAÇÃO DO METRO,,,,IMBIRIBEIRA,COLISÃO TRANSVERSAL,,1,1,0,0,0,0,0,0,0,1,0,,,Cruzamento,Bom,Sem defeito,Perfeito estado,Seca,Perfeito estado,,,,,,,,2086,202225078
2022-10-23,00:00:00,COM VÍTIMA,FINALIZADA,PINA,AV CELSO FURTADO,0,,,"AO LADO DO POSTE , Nº POSTE J 013350",,,,PINA,CHOQUE,,1,0,0,0,0,0,0,0,0,1,0,,CIDADE,Longo da via,Bom,Não existe,Perfeito estado,Seca,Perfeito estado,Não existe,Outras,,Dupla,Canteiro central,,,2087,202225082
2022-10-23,00:00:00,COM VÍTIMA,FINALIZADA,IMBIRIBEIRA,AV MARECHAL MASCARENHAS DE MORAES,3,945,,EM FRENTE A GRILLO,,,,IMBIRIBEIRA,COLISÃO TRASEIRA,,1,1,0,0,0,0,0,0,0,1,0,396,CIDADE,Longo da via,Bom,Sem defeito,Perfeito estado,Seca,Perfeito estado,Não existe,Não há placas,,Dupla,Canteiro central,,,2088,202225126
2022-10-23,00:00:00,COM VÍTIMA,FINALIZADA,BOA VISTA,RUA DOM BOSCO,0,,RUA HENRIQUE DIAS,ACIDENTE ENVOLVENDO VIATURA DA SERTTEL,,,,BOA VISTA,COLISÃO TRASEIRA,,2,0,0,0,1,0,1,0,0,2,0,,SUBURBIO,Longo da via,Bom,Sem defeito,Perfeito estado,Seca,Perfeito estado,Faixa de pedestre,Não há placas,,Única,Faixa seccionada,,,2089,202225129
2022-10-23,00:00:00,COM VÍTIMA,FINALIZADA,BOA VISTA,RUA DA SOLEDADE,3,257,,EM FRENTE AO INSTITUTO EMBELEZE,,,,BOA VISTA,TOMBAMENTO,,0,0,0,1,0,0,0,0,0,1,0,,,Longo da via,Bom,Sem defeito,Perfeito estado,Seca,Mal conservada,Outros,R-6a,,Única,Faixa seccionada,,,2090,202225135
2022-10-23,00:00:00,COM VÍTIMA,FINALIZADA,CASA FORTE,AV DEZESSETE DE AGOSTO,3,330,,E/F A FARMACIA PAGUE MENOS  GM ALAN DO LOCAL,,,,CASA FORTE,CHOQUE,,1,0,0,0,0,0,0,0,0,1,0,,CIDADE,Longo da via,Bom,Sem defeito,Perfeito estado,Seca,Perfeito estado,Não existe,Não há placas,60 km/h,Dupla,Faixa contínua,,,2092,202225148