data,hora,natureza_acidente,situacao,bairro,endereco,,numero,detalhe_endereco_acidente,complemento,endereco_cruzamento,numero_cruzamento,referencia_cruzamento,bairro_cruzamento,tipo,descricao,auto,moto,ciclom,ciclista,pedestre,onibus,caminhao,viatura,outros,vitimas,vitimasfatais,num_semaforo,sentido_via,acidente_verificado,tempo_clima,situacao_semaforo,sinalizacao,condicao_via,conservacao_via,ponto_controle,situacao_placa,velocidade_max_via,mao_direcao,divisao_via1,divisao_via2,divisao_via3,_id,Protocolo
2022-10-23,00:00:00,COM VÍTIMA,FINALIZADA,CASA AMARELA,EST DO ARRAIAL,0,,RUA PAULA BATISTA,PRÓXIMO AO MERCADO,,,,CASA AMARELA,COLISÃO FRONTAL,,0,2,0,0,0,0,0,0,0,2,0,,,Cruzamento,Bom,Sem defeito,Perfeito estado,Seca,Perfeito estado,Faixa de pedestre,Não há placas,,Única,Não existe,,,2093,202225171
2022-10-23,00:00:00,COM VÍTIMA,FINALIZADA,IPUTINGA,AV MAURICIO DE NASSAU,0,,RUA SAO MATEUS,RESTAURANTE BUTECO,,,,IPUTINGA,COLISÃO FRONTAL,,0,2,0,0,0,0,0,0,0,2,0,239,,Cruzamento,Bom,,,,,Faixa de pedestre,Não há placas,60 km/h,Dupla,Não existe,,,2094,202225172
2022-10-24,00:00:00,COM VÍTIMA,FINALIZADA,BEBERIBE,RUA URIEL DE HOLANDA,3,343,,EM FRENTE A UPINHA,,,,BEBERIBE,COLISÃO FRONTAL,,0,1,0,0,0,1,0,0,0,1,0,,,Outros,Bom,Não existe,Perfeito estado,Seca,Perfeito estado,Não existe,,,Dupla,Não existe,,,2096,202225177
2022-10-24,00:00:00,COM VÍTIMA,FINALIZADA,AFOGADOS,RUA SAO MIGUEL,3,426,,PROXIMO AO BANDO DO BRASIL,,,,AFOGADOS,COLISÃO LATERAL,,1,1,0,0,0,0,0,0,0,2,0,,CIDADE,Longo da via,Bom,Não existe,Perfeito estado,Seca,Perfeito estado,Faixa de pedestre,Não há placas,,Dupla,Faixa contínua,,,2099,202225227
2022-10-24,00:00:00,COM VÍTIMA,FINALIZADA,IBURA,AV RECIFE,5,2147E,,AO LADO DO ARMAZEM CORAL/ SENTIDO AEROPORTO,,,,IBURA,COLISÃO TRASEIRA,,1,1,0,0,0,0,0,0,0,1,0,,CIDADE,Longo da via,Bom,,Perfeito estado,Seca,Perfeito estado,,,60 km/h,Dupla,Canteiro central,,,2102,202225248
2022-10-24,00:00:00,COM VÍTIMA,FINALIZADA,PINA,RUA MANOEL DE BRITO,0,,AV REPUBLICA ARABE UNIDA,NA ENTRADA DO TUNEL JOSUE DE CASTRO,,,,PINA,COLISÃO LATERAL,,1,1,0,0,0,0,0,0,0,1,0,659,CIDADE,Cruzamento,Bom,Sem defeito,Perfeito estado,Seca,Perfeito estado,Não existe,Não há placas,60 km/h,Única,,,,2103,202225249
2022-10-24,00:00:00,COM VÍTIMA,FINALIZADA,MONTEIRO,AV DEZESSETE DE AGOSTO,4,1950,,EM FENTE DO INGLES CNA,,,,MONTEIRO,COLISÃO LATERAL,,1,1,0,0,0,0,0,0,0,1,0,,,Longo da via,Bom,Não existe,Perfeito estado,Seca,Perfeito estado,Não existe,Outras,50 km/h,Dupla,Faixa contínua,,,2105,202225252
2022-10-24,00:00:00,COM VÍTIMA,FINALIZADA,SANTO AMARO,AV VISCONDE DE SUASSUNA,3,331,,EM FRENTE A LINS ADVOGACIA,,,,SANTO AMARO,QUEDA,,0,1,0,0,0,0,0,0,0,1,0,,,Longo da via,Bom,Não existe,Perfeito estado,Seca,Perfeito estado,Não existe,R-19,40 km/h,Única,Não existe,,,2107,202225261
2022-10-25,00:00:00,COM VÍTIMA,FINALIZADA,BOA VISTA,RUA AURORA,3,274,,PROX A MADEIRAIRA IPIRANGA,,,,BOA VISTA,COLISÃO TRASEIRA,,1,1,0,0,0,0,0,0,0,1,0,,CIDADE,Longo da via,Bom,Sem defeito,Perfeito estado,Seca,Perfeito estado,Não existe,Não há placas,,Única,Faixa seccionada,,,2110,202225308
2022-10-25,00:00:00,COM VÍTIMA,FINALIZADA,MADALENA,RUA SOUZA BANDEIRA,0,,AV CAXANGA,PRÓX. À FARMÁCIA DROGASIL,,,,MADALENA,COLISÃO FRONTAL,,1,1,0,0,0,0,0,0,0,1,0,236,SUBURBIO,Cruzamento,Bom,Sem defeito,Perfeito estado,Seca,Perfeito estado,Faixa de pedestre,Não há placas,60 km/h,Única,Faixa seccionada,,,2111,202225311
2022-10-25,00:00:00,COM VÍTIMA,FINALIZADA,ESPINHEIRO,AV GOVERNADOR AGAMENON MAGALHAES,0,,,EM FRENTE AO SUPERBOM PREÇO,,,,ESPINHEIRO,COLISÃO LATERAL,,1,1,0,0,0,0,0,0,0,1,0,173,,Cruzamento,Bom,,Perfeito estado,Seca,Perfeito estado,Outros,,60 km/h,Única,,,,2112,202225313
2022-10-25,00:00:00,COM VÍTIMA,FINALIZADA,IMBIRIBEIRA,AV MARECHAL MASCARENHAS DE MORAES,4,3402,,SAMIS CLUB / SUPERMERCADO DESCONTÃO,,,,IMBIRIBEIRA,COLISÃO COM CICLISTA,,0,0,0,1,0,0,1,0,0,1,0,,SUBURBIO,Longo da via,Bom,Não existe,Não existente,Seca,Perfeito estado,Não existe,Não há placas,60 km/h,Única,Faixa contínua,,,2113,202225330
2022-10-25,00:00:00,COM VÍTIMA,FINALIZADA,PARNAMIRIM,RUA PADRE ROMA,3,259,RUA SEBASTIAO ALVES,RESTAURANTE FACA,,,,PARNAMIRIM,COLISÃO COM CICLISTA,,1,0,0,1,0,0,0,0,0,1,0,,SUBURBIO,Cruzamento,Bom,Não existe,Perfeito estado,Seca,Perfeito estado,Faixa de pedestre,Outras,,Única,Faixa seccionada,Outros,,2114,202225331
2022-10-26,00:00:00,COM VÍTIMA,FINALIZADA,TEJIPIO,RUA APRIGIO GUIMARAES,3,390,,PROX AO HOSPITAL OTAVIO DE FREITAS,,,,TEJIPIÓ,COLISÃO LATERAL,,1,1,0,0,0,0,0,0,0,1,0,,SUBURBIO,Esquina,Bom,Não existe,Perfeito estado,Seca,Perfeito estado,Não existe,Não há placas,,Dupla,Não existe,,,2116,202225352
2022-10-26,00:00:00,COM VÍTIMA,FINALIZADA,PARNAMIRIM,RUA DES GOIS CAVALCANTE,3,200,RUA ALBINO MEIRA,EXTRAFARMA,,,,PARNAMIRIM,COLISÃO LATERAL,,1,1,0,0,0,0,0,0,0,1,0,613,SUBURBIO,Longo da via,Bom,Sem defeito,Perfeito estado,Seca,Perfeito estado,Faixa de pedestre,R-6a,,Única,,,,2117,202225365
2022-10-26,00:00:00,COM VÍTIMA,FINALIZADA,IBURA,AV DOM HELDER CAMARA,3,351,,EM FRENTE AO ARMAZEM FAMA,,,,IBURA,COLISÃO LATERAL,,0,1,0,0,0,0,0,0,1,1,0,,SUBURBIO,Longo da via,Bom,Não existe,Incompleta,Seca,Mal conservada,Não existe,R-6a,,Dupla,Canteiro central,,,2118,202225367
2022-10-26,00:00:00,COM VÍTIMA,FINALIZADA,BOA VIAGEM,RUA DEZ DE JULHO,3,265,RUA WALDEMAR NERY CARNEIRO MONTEIRO,PROXIMO A LAVANDERIA RECIFE CLEAM,,,,BOA VIAGEM,COLISÃO FRONTAL,,2,0,0,0,0,0,0,0,0,2,0,573,,Cruzamento,Bom,Sem defeito,Perfeito estado,Seca,Perfeito estado,Faixa de pedestre,Outras,,Dupla,Não existe,,,2120,202225402
2022-10-26,00:00:00,COM VÍTIMA,FINALIZADA,IMBIRIBEIRA,AV MARECHAL MASCARENHAS DE MORAES,4,2169,,EM FRENTE A UNIVERSO E PROXIMO AO SEMÁFORO 501/ SENTIDO CIDADE,,,,IMBIRIBEIRA,ATROPELAMENTO DE PESSOA,,0,1,0,0,1,0,0,0,0,1,0,501,CIDADE,Longo da via,Bom,Sem defeito,Perfeito estado,Seca,Perfeito estado,Faixa de retenção,Outras,60 km/h,Única,Faixa seccionada,,,2121,202225409
2022-10-26,00:00:00,COM VÍTIMA,FINALIZADA,IBURA,RUA RIO BRIGIDA,3,588,,E/F A FARMACIA DIARIAMENTE,,,,IBURA,COLISÃO COM CICLISTA,,1,0,0,1,0,0,0,0,0,1,0,,SUBURBIO,Longo da via,Bom,Não existe,Perfeito estado,Seca,Perfeito estado,Não existe,Não há placas,30 km/h,Única,Não existe,,,2123,202225424
2022-10-26,00:00:00,COM VÍTIMA,FINALIZADA,SANTO AMARO,AV CRUZ CABUGA,0,,,NA ESTAÇÃO DO BRT TACARUNA,,,,SANTO AMARO,ATROPELAMENTO DE PESSOA,,0,0,0,0,1,1,0,0,0,1,0,470,CIDADE,Longo da via,Bom,Sem defeito,Perfeito estado,Seca,Perfeito estado,Agente,Não há placas,,Dupla,Canteiro central,,,2125,202225444
2022-10-27,00:00:00,COM VÍTIMA,FINALIZADA,BOA VIAGEM,RUA MARQUES DE VALENCA,3,730,,POR TRAS DO COLEGIO SANTOS DUMONT,,,,BOA VIAGEM,COLISÃO LATERAL,,2,0,0,0,0,0,0,0,0,1,0,,SUBURBIO,Longo da via,Bom,Não existe,Perfeito estado,Seca,Perfeito estado,Não existe,Não há placas,,Dupla,Faixa seccionada,,,2126,202225461
2022-10-27,00:00:00,COM VÍTIMA,FINALIZADA,TORREAO,AV GOVERNADOR AGAMENON MAGALHAES,0,,,E/F AO MINISTERIO DO TRABALHO  S/T CID,,,,TORREÃO,COLISÃO FRONTAL,,1,1,0,0,0,0,0,0,0,1,0,,SUBURBIO,Longo da via,Bom,Não existe,Não existente,Seca,Perfeito estado,Não existe,Não há placas,,Dupla,Não existe,,,2127,202225478
2022-10-27,00:00:00,COM VÍTIMA,FINALIZADA,ARRUDA,RUA PETRONILA BOTELHO,0,,AV PROFESSOR JOSE DOS ANJOS,POR TRÁS DO CAMPO DO SANTA CRUZ,,,,ARRUDA,COLISÃO FRONTAL,,2,0,0,0,0,0,0,0,0,1,0,554,,Cruzamento,Bom,Sem defeito,Perfeito estado,Seca,Perfeito estado,Não existe,Não há placas,,Dupla,,,,2129,202225524
2022-10-27,00:00:00,COM VÍTIMA,FINALIZADA,BOA VIAGEM,RUA CAPITAO REBELINHO,3,534,RUA PEREIRA DA COSTA,,,,,BOA VIAGEM,COLISÃO FRONTAL,,1,1,0,0,0,0,0,0,0,1,0,,SUBURBIO,Cruzamento,Bom,Não existe,Perfeito estado,Seca,Perfeito estado,Faixa de pedestre,Não há placas,,Única,Não existe,,,2131,202225549
2022-10-27,00:00:00,COM VÍTIMA,FINALIZADA,DERBY,AV GOVERNADOR AGAMENON MAGALHAES,0,,AV GOVERNADOR CARLOS DE LIMA CAVALCANTI,AO LADO DA MC DONALDS,,,,DERBY,COLISÃO LATERAL,,1,1,0,0,0,0,0,0,0,1,0,75,SUBURBIO,Cruzamento,Bom,Sem defeito,Perfeito estado,Seca,Perfeito estado,Faixa de pedestre,Outras,60 km/h,Dupla,,,,2132,202225553
2022-10-28,00:00:00,COM VÍTIMA,FINALIZADA,AFOGADOS,RUA VINTE E UM DE ABRIL,3,942,,EM FRENTE À ACADEMIA CTI,,,,AFOGADOS,ATROPELAMENTO DE PESSOA,,0,1,0,0,1,0,0,0,0,1,0,,SUBURBIO,Longo da via,Bom,Não existe,,Seca,Perfeito estado,,Não há placas,,Dupla,Não existe,,,2134,202225571
2022-10-28,00:00:00,COM VÍTIMA,FINALIZADA,SANTO AMARO,AV GOVERNADOR AGAMENON MAGALHAES,3,100,,"APÓS O VIADUTO, PROX A LOMBADA ELETRONICA  // SENTIDO PRAÇA DO DERBY",,,,SANTO AMARO,COLISÃO LATERAL,,0,2,0,0,0,0,0,0,0,1,0,,CIDADE,Longo da via,Bom,Não existe,Perfeito estado,Seca,Perfeito estado,Não existe,Não há placas,60 km/h,Única,Faixa seccionada,,,2135,202225579
2022-10-28,00:00:00,COM VÍTIMA,FINALIZADA,CORDEIRO,RUA TEOTONIO FREIRE,3,565,RUA DR JOAO LACERDA,ORTOBOM,,,,CORDEIRO,COLISÃO LATERAL,,1,1,0,0,0,0,0,0,0,1,0,,CIDADE,Cruzamento,Bom,Não existe,Perfeito estado,Seca,Perfeito estado,Não existe,Não há placas,,Dupla,Faixa seccionada,,,2136,202225580
2022-10-28,00:00:00,COM VÍTIMA,FINALIZADA,CAMPO GRANDE,EST DE BELEM,3,743,,POSTO MULTIPOSTO,,,,CAMPO GRANDE,COLISÃO LATERAL,,1,1,0,0,0,0,0,0,0,1,0,,CIDADE,Longo da via,Bom,Não existe,Perfeito estado,Seca,Perfeito estado,Não existe,R-6a,,Dupla,Faixa contínua,,,2137,202225583
2022-10-28,00:00:00,COM VÍTIMA,FINALIZADA,ESTANCIA,AV JOAO CABRAL DE MELO NETO,4,2000,,AO LADO DO LABORATÓRIO CERPE,,,,ESTÂNCIA,COLISÃO COM CICLISTA,,1,0,0,1,0,0,0,0,0,1,0,259,CIDADE,Longo da via,Bom,Sem defeito,Perfeito estado,Seca,Perfeito estado,Agente,Outras,60 km/h,,Canteiro central,,,2139,202225594
2022-10-28,00:00:00,COM VÍTIMA,FINALIZADA,TEJIPIO,AV DR JOSE RUFINO,4,3429,,EM FRENTE AO ARMAZEM CORAL,,,,TEJIPIÓ,COLISÃO LATERAL,,1,1,0,0,0,0,0,0,0,1,0,,SUBURBIO,Longo da via,Bom,Não existe,Incompleta,Seca,Perfeito estado,Não existe,Não há placas,,Dupla,Faixa contínua,,,2140,202225617
2022-10-28,00:00:00,COM VÍTIMA,FINALIZADA,AFOGADOS,RUA SAO MIGUEL,3,898,,E/F AO 14  BATALHAO  LOGÍSTICO,,,,AFOGADOS,COLISÃO LATERAL,,1,1,0,0,0,0,0,0,0,1,0,,SUBURBIO,Longo da via,Bom,Sem defeito,Perfeito estado,Seca,Perfeito estado,Não existe,Não há placas,,Dupla,Faixa contínua,,,2141,202225620
2022-10-28,00:00:00,COM VÍTIMA,FINALIZADA,BOA VISTA,RUA DOM BOSCO,0,,AV CONDE DA BOA VISTA,EM FRENTE AO POSTO BR,,,,BOA VISTA,COLISÃO LATERAL,,1,1,0,0,0,0,0,0,0,1,0,27,SUBURBIO,Cruzamento,Bom,Sem defeito,Perfeito estado,Seca,Perfeito estado,Faixa de pedestre,Não há placas,40 km/h,Única,Faixa contínua,Faixa seccionada,,2142,202225626
2022-10-28,00:00:00,COM VÍTIMA,FINALIZADA,ILHA DO LEITE,RUA FRANCISCO ALVES,0,,,ESQUINA DA PRAÇA  MIGUEL DE CERVANTES PROX AO HOSPITAL ESPERANÇA,,,,ILHA DO LEITE,COLISÃO LATERAL,,2,1,0,0,0,0,0,0,0,1,0,508,SUBURBIO,Cruzamento,Bom,Sem defeito,Perfeito estado,Seca,Perfeito estado,Faixa de pedestre,Outras,60 km/h,Dupla,Faixa contínua,,,2143,202225634
2022-10-28,00:00:00,COM VÍTIMA,FINALIZADA,BOA VISTA,RUA SETE DE SETEMBRO,3,187,AV CONDE DA BOA VISTA,AV CONDE DA BOA VISTA,,,,BOA VISTA,COLISÃO COM CICLISTA,,0,0,0,1,0,1,0,0,0,1,0,486,CIDADE,Longo da via,Bom,Sem defeito,Perfeito estado,Seca,Perfeito estado,Faixa de pedestre,Outras,40 km/h,Dupla,Faixa contínua,Faixa seccionada,Canteiro central,2144,202225636
2022-10-28,00:00:00,COM VÍTIMA,FINALIZADA,CASA AMARELA,AV NORTE MIGUEL ARRAES DE ALENCAR,0,,AV PROFESSOR JOSE DOS ANJOS,EM FRENTE AO SESC,,,,CASA AMARELA,ATROPELAMENTO DE PESSOA,,1,0,0,0,1,0,0,0,0,1,0,364,,Cruzamento,Bom,Sem defeito,Perfeito estado,Seca,Perfeito estado,,,,,,,,2145,202225639
2022-10-28,00:00:00,COM VÍTIMA,FINALIZADA,SAO JOSE,AV SUL,0,,PRC SERGIO LORETO,EM FRENTE AO POSTO BR,,,,SÃO JOSÉ,ATROPELAMENTO DE PESSOA,,0,1,0,0,1,0,0,0,0,1,0,311,CIDADE,Longo da via,Bom,Sem defeito,Perfeito estado,Seca,Perfeito estado,Faixa de pedestre,Não há placas,60 km/h,Única,Canteiro central,,,2146,202225640
2022-10-28,00:00:00,COM VÍTIMA,FINALIZADA,VARZEA,RUA ACADEMICO HELIO RAMOS,3,297,,AO LONGO DA VIA,,,,VÁRZEA,CHOQUE,,1,1,0,0,0,0,0,0,0,1,0,,SUBURBIO,Longo da via,Bom,Não existe,Perfeito estado,Seca,Perfeito estado,Não existe,Não há placas,30 km/h,Dupla,Não existe,,,2147,202225657
2022-10-29,00:00:00,COM VÍTIMA,FINALIZADA,GRACAS,RUA JOAQUIM NABUCO,0,,,PROXIMO A FACULDADE NASSAU,,,,GRAÇAS,COLISÃO LATERAL,,1,1,0,0,0,0,0,0,0,1,0,,SUBURBIO,Longo da via,Bom,Não existe,Perfeito estado,Seca,Perfeito estado,Não existe,Não há placas,,Dupla,Faixa seccionada,,,2148,202225662
2022-10-29,00:00:00,COM VÍTIMA,FINALIZADA,IPUTINGA,AV CAXANGA,4,3860,,PROX AO BARAO DE LUCENA,,,,IPUTINGA,ATROPELAMENTO DE PESSOA,,0,1,0,0,2,0,0,0,0,3,0,533,SUBURBIO,Longo da via,Bom,Sem defeito,Perfeito estado,Seca,Perfeito estado,Não existe,R-6a,,Dupla,Canteiro central,,,2150,202225673
2022-10-29,00:00:00,COM VÍTIMA,FINALIZADA,MADALENA,AV VISCONDE DE ALBUQUERQUE,3,297,RUA LOPES DE CARVALHO,MADALENA CENTER,,,,MADALENA,COLISÃO TRASEIRA,,1,1,0,0,0,0,0,0,0,1,0,,SUBURBIO,Cruzamento,Bom,Não existe,Perfeito estado,Seca,Perfeito estado,Não existe,"Placas ""Pare""",60 km/h,Única,Faixa seccionada,,,2151,202225677
2022-10-29,00:00:00,COM VÍTIMA,FINALIZADA,ESTANCIA,AV RECIFE,4,5453,,"EM FRENTE AO ANTIGO CAFE ROYAL, SENT. BOA VIAGEM",,,,ESTÂNCIA,COLISÃO COM CICLISTA,,1,0,0,1,0,1,0,0,0,1,0,,,Longo da via,Bom,Não existe,Perfeito estado,Seca,Perfeito estado,Não existe,Não há placas,60 km/h,Única,Faixa seccionada,,,2152,202225679
2022-10-29,00:00:00,COM VÍTIMA,FINALIZADA,IMBIRIBEIRA,AV MARECHAL MASCARENHAS DE MORAES,4,4080,RUA CORONEL FABRICIANO,EM FRENTE AO ATACADO DO PRESENTES,,,,IMBIRIBEIRA,COLISÃO LATERAL,,1,1,0,0,0,0,0,0,0,1,0,310,SUBURBIO,Cruzamento,Bom,Sem defeito,Perfeito estado,Seca,Perfeito estado,Não existe,Não há placas,60 km/h,Dupla,Canteiro central,,,2153,202225699
2022-10-29,00:00:00,COM VÍTIMA,FINALIZADA,SANTO AMARO,AV CRUZ CABUGA,4,1111,AV DR JAYME DA FONTE,HOSPITAL  NAVAL,,,,SANTO AMARO,COLISÃO FRONTAL,,2,0,0,0,0,0,0,0,0,1,0,343,,Cruzamento,Bom,Sem defeito,Perfeito estado,Seca,Perfeito estado,Faixa de pedestre,Outras,,Dupla,Faixa seccionada,,,2155,202225710
2022-10-29,00:00:00,COM VÍTIMA,FINALIZADA,SANTO ANTONIO,AV GUARARAPES,0,,RUA DO SOL,EM FRENTE AO CORREIOS,,,,SANTO ANTÔNIO,COLISÃO LATERAL,,1,1,0,0,0,0,0,0,0,1,0,14,,Cruzamento,Bom,Sem defeito,Perfeito estado,Seca,Perfeito estado,Faixa de pedestre,Não há placas,40 km/h,Dupla,Não existe,,,2156,202225719
2022-10-29,00:00:00,COM VÍTIMA,FINALIZADA,SANCHO,AV LIBERDADE,3,874,,EM FRENTE A ANTIGA DELEGACIA DE ROUBOS E FURTOS,,,,SANCHO,COLISÃO FRONTAL,,0,2,0,0,0,0,0,0,0,2,0,,SUBURBIO,Longo da via,Bom,Não existe,Perfeito estado,Seca,Perfeito estado,Não existe,Não há placas,,Dupla,Não existe,,,2157,202225733
2022-10-29,00:00:00,COM VÍTIMA,FINALIZADA,IBURA,AV DOIS RIOS,0,,,SESI,,,,IBURA,COLISÃO LATERAL,,1,1,0,0,0,0,0,0,0,1,0,561,CIDADE,Longo da via,Bom,Sem defeito,Perfeito estado,Seca,Perfeito estado,Faixa de retenção,Não há placas,60 km/h,Dupla,Faixa contínua,,,2158,202225735
2022-10-29,00:00:00,COM VÍTIMA,FINALIZADA,JORDAO,AV MARIA IRENE,4,1592,,PRÓXIMO AO POSTO BR,,,,JORDÃO,COLISÃO FRONTAL,,2,0,0,0,0,0,0,0,0,1,0,,SUBURBIO,Longo da via,Bom,Não existe,Não existente,Seca,Perfeito estado,Não existe,Não há placas,,Dupla,Não existe,,,2159,202225737
2022-10-30,00:00:00,COM VÍTIMA,FINALIZADA,ENCRUZILHADA,EST DE BELEM,3,190,RUA DONA JULIETA,"EM FRENTE AO EDF. JÚLIO II, PROX A IGREJA CATÓLICA DE BELÉM",,,,ENCRUZILHADA,COLISÃO FRONTAL,,1,1,0,0,0,0,0,0,0,1,0,,SUBURBIO,Esquina,Bom,Não existe,Perfeito estado,Seca,Perfeito estado,Não existe,Não há placas,60 km/h,Dupla,Faixa seccionada,,,2160,202225749
2022-10-30,00:00:00,COM VÍTIMA,FINALIZADA,CASA FORTE,RUA JERONIMO DE ALBUQUERQUE,3,205,RUA SILVINO LOPES,EM FRENTE AO EDIFICIO CLAUDIA,,,,CASA FORTE,COLISÃO LATERAL,,1,1,0,0,0,0,0,0,0,1,0,,SUBURBIO,Longo da via,Bom,Não existe,Ilegível,Seca,Perfeito estado,Não existe,R-6a,,Dupla,Não existe,,,2162,202225768
2022-10-30,00:00:00,COM VÍTIMA,FINALIZADA,ILHA JOANA BEZERRA,RUA DES RODOLFO AURELIANO,0,,,PROX A ACADEMIA DA CIDADE,,,,JOANA BEZERRA,COLISÃO COM CICLISTA,,1,0,0,1,0,0,0,0,0,1,0,,,,,,,,,,,,,,,,2163,202225773
2022-10-30,00:00:00,COM VÍTIMA,FINALIZADA,SANCHO,AV LIBERDADE,2,65,,EM FRENTE AO CEMITERIO PARQUE DAS FLORES,,,,SANCHO,COLISÃO LATERAL,,1,1,0,0,0,0,0,0,0,2,0,,,Longo da via,Bom,Não existe,,Seca,,Não existe,Não há placas,60 km/h,Dupla,Não existe,,,2164,202225777
2022-10-30,00:00:00,COM VÍTIMA,FINALIZADA,ARRUDA,RUA DO MACHADO,0,,RUA MANOEL SILVA,CLUBE DOS IRRESPONSAVEIS,,,,ARRUDA,COLISÃO TRANSVERSAL,,1,1,0,0,0,0,0,0,0,1,0,,SUBURBIO,Cruzamento,Bom,Sem defeito,Perfeito estado,Seca,Perfeito estado,Não existe,"Placas ""Pare""",,Dupla,Não existe,,,2165,202225792
2022-10-31,00:00:00,COM VÍTIMA,FINALIZADA,IMBIRIBEIRA,AV MARECHAL MASCARENHAS DE MORAES,4,6217,,DE FRENTE A JUSTIÇA FEDERAL,,,,IMBIRIBEIRA,COLISÃO TRASEIRA,,1,1,0,0,0,0,0,0,0,1,0,,,Longo da via,Bom,Não existe,Perfeito estado,Seca,Perfeito estado,Não existe,R-5a,60 km/h,Única,Faixa contínua,,,2166,202225812
2022-10-31,00:00:00,COM VÍTIMA,FINALIZADA,IMBIRIBEIRA,AV MARECHAL MASCARENHAS DE MORAES,3,570,RUA ARQUITETO FERNANDO ALMEIDA,EM FRENTE AO ARAMZEM CORAL,,,,IMBIRIBEIRA,COLISÃO COM CICLISTA,,0,1,0,1,0,0,0,0,0,1,0,286,SUBURBIO,Longo da via,Chuvoso,Sem defeito,Perfeito estado,Molhada,Perfeito estado,Faixa de retenção,R-6a,,Única,Faixa seccionada,,,2167,202225820
2022-10-31,00:00:00,COM VÍTIMA,FINALIZADA,BOA VIAGEM,AV BOA VIAGEM,0,,,PROX AO PARQUE DONA LINDU,,,,BOA VIAGEM,ATROPELAMENTO DE PESSOA,,1,0,0,0,1,0,0,0,0,1,0,1,,Longo da via,Bom,Sem defeito,Perfeito estado,Seca,Perfeito estado,Faixa de pedestre,R-19,60 km/h,Única,Não existe,,,2168,202225821
2022-10-31,00:00:00,COM VÍTIMA,FINALIZADA,BOA VISTA,RUA MARQUES AMORIM,3,234,RUA VISCONDE DE GOIANA,EM FRENTE A LOJA DONA MENINA,,,,BOA VISTA,COLISÃO LATERAL,,1,1,0,0,0,0,0,0,0,1,0,,CIDADE,Cruzamento,Bom,Não existe,Perfeito estado,Seca,Perfeito estado,Faixa de pedestre,"Placas ""Pare""",,Única,Não existe,,,2169,202225823
2022-10-31,00:00:00,COM VÍTIMA,FINALIZADA,GRACAS,AV RUI BARBOSA,3,550,RUA ESMERALDINO BANDEIRA,SUPERMERCADO RECIBOM,,,,GRAÇAS,COLISÃO LATERAL,,1,1,0,0,0,0,0,0,0,1,0,,,Longo da via,Bom,Sem defeito,Perfeito estado,Seca,Perfeito estado,Agente,Outras,,Única,Faixa,,,2170,202225824
2022-10-31,00:00:00,COM VÍTIMA,FINALIZADA,GRACAS,RUA JOAQUIM NABUCO,3,398,,AO LADO GALERIA DERBY CENTER I,,,,GRAÇAS,COLISÃO TRASEIRA,,0,1,0,0,0,0,0,0,0,1,0,71,SUBURBIO,Longo da via,Bom,Sem defeito,Perfeito estado,Seca,Perfeito estado,Não existe,R-6a,60 km/h,Única,Não existe,,,2171,202225831
2022-10-31,00:00:00,COM VÍTIMA,FINALIZADA,IMBIRIBEIRA,AV MARECHAL MASCARENHAS DE MORAES,4,6211,,E/F A JUSTIÇA FEDERAL S/T JABOATAO,,,,IMBIRIBEIRA,COLISÃO FRONTAL,,1,1,0,0,0,0,0,0,0,1,0,,SUBURBIO,Longo da via,Bom,Não existe,Perfeito estado,Seca,Perfeito estado,Não existe,R-5a,60 km/h,Única,Faixa seccionada,,,2174,202225849