data,hora,natureza_acidente,situacao,bairro,endereco,,numero,detalhe_endereco_acidente,complemento,endereco_cruzamento,numero_cruzamento,referencia_cruzamento,bairro_cruzamento,tipo,descricao,auto,moto,ciclom,ciclista,pedestre,onibus,caminhao,viatura,outros,vitimas,vitimasfatais,num_semaforo,sentido_via,acidente_verificado,tempo_clima,situacao_semaforo,sinalizacao,condicao_via,conservacao_via,ponto_controle,situacao_placa,velocidade_max_via,mao_direcao,divisao_via1,divisao_via2,divisao_via3,_id,Protocolo
2022-10-31,00:00:00,COM VÍTIMA,FINALIZADA,JORDAO,AV MARIA IRENE,3,255,,PROX AO SUPERMERCADO ATACAREJO JORDÃO,,,,JORDÃO,QUEDA,,0,1,0,0,0,0,0,0,0,2,0,,,Longo da via,Bom,Sem defeito,Perfeito estado,Seca,Perfeito estado,Faixa de pedestre,R-6a,,Dupla,Não existe,,,2175,202225871
2022-10-31,00:00:00,COM VÍTIMA,FINALIZADA,BARRO,RUA PERY,4,2533,,,,,,BARRO,COLISÃO LATERAL,,1,1,0,0,0,0,0,0,0,1,0,615,,,,,,,,,,,,,,,2176,202225882
2022-11-01,00:00:00,COM VÍTIMA,FINALIZADA,TORRE,RUA JOSE BONIFACIO,3,359,RUA CLOVIS BEVILAQUA,PROX AO JOÃO DA CARNE DE SOL,,,,TORRE,COLISÃO LATERAL,,1,1,0,0,0,0,0,0,0,1,0,,CIDADE,Longo da via,Bom,Não existe,Perfeito estado,Seca,Perfeito estado,Não existe,Outras,,Única,Faixa seccionada,,,2177,202225911
2022-11-01,00:00:00,COM VÍTIMA,FINALIZADA,BARRO,AV DR JOSE RUFINO,4,2125,,PRÓX. À SORVETERIA DO BARRO / EDIFÍCIO ALAMEDA PARQUE,,,,BARRO,COLISÃO FRONTAL,,1,2,0,0,0,0,0,0,0,2,0,213,SUBURBIO,Longo da via,Bom,Sem defeito,Perfeito estado,Seca,Perfeito estado,Faixa de pedestre,R-6a,30 km/h,Dupla,Faixa contínua,,,2178,202225916
2022-11-01,00:00:00,COM VÍTIMA,FINALIZADA,PINA,AV HERCULANO BANDEIRA,2,65,,EM FRENTE À DIPLOMATA,,,,PINA,COLISÃO LATERAL,,1,1,0,0,0,0,0,0,0,1,0,,SUBURBIO,Longo da via,Bom,Não existe,Perfeito estado,Seca,Perfeito estado,,R-25c,,Única,Não existe,,,2179,202225918
2022-11-01,00:00:00,COM VÍTIMA,FINALIZADA,SANTO AMARO,RUA FREI CASSIMIRO,4,919A,RUA TREZE DE MAIO,AO LADO DA MODESTO BORRACHARIA,,,,SANTO AMARO,COLISÃO TRANSVERSAL,,1,1,0,0,0,0,0,0,0,1,0,,SUBURBIO,Longo da via,Bom,Não existe,Incompleta,Seca,Perfeito estado,Faixa de retenção,Não há placas,,Dupla,Faixa contínua,,,2181,202225938
2022-11-01,00:00:00,COM VÍTIMA,FINALIZADA,PINA,PTE VICE PRESIDENTE JOSE ALENCAR,0,,,SENTIDO BOA VIAGEM,,,,PINA,COLISÃO COM CICLISTA,,1,0,0,1,0,0,0,0,0,1,0,,,Ponte,Bom,Não existe,Perfeito estado,Seca,Perfeito estado,Não existe,Não há placas,60 km/h,Única,Faixa seccionada,,,2183,202225956
2022-11-01,00:00:00,COM VÍTIMA,FINALIZADA,MADALENA,RUA JOSE OSORIO,3,401,,PRÓXIMO AO RM EXPRESS,,,,MADALENA,COLISÃO LATERAL,,0,2,0,0,0,0,0,0,0,1,0,,SUBURBIO,Longo da via,Bom,Não existe,Perfeito estado,Seca,Perfeito estado,Não existe,Outras,,Única,Faixa seccionada,,,2184,202225959
2022-11-01,00:00:00,COM VÍTIMA,FINALIZADA,SANTO AMARO,AV PREFEITO ARTUR LIMA CAVALCANTI,0,,,PROXIMO AO RESIDENCIAL DA MARINHA,,,,SANTO AMARO,ATROPELAMENTO DE PESSOA,,1,0,0,0,1,0,0,0,0,1,0,,SUBURBIO,Longo da via,Bom,Não existe,Perfeito estado,Seca,Mal iluminada,Não existe,Não há placas,40 km/h,Única,Faixa seccionada,,,2185,202225977
2022-11-02,00:00:00,COM VÍTIMA,FINALIZADA,TORROES,AV CAXANGA,3,916,,EM FRENTE A VELANCIA TECIDOS PROFISSIONAIS,,,,TORRÕES,COLISÃO LATERAL,,1,1,0,0,0,0,0,0,0,1,0,,,Longo da via,Bom,Não existe,Perfeito estado,Seca,Perfeito estado,Não existe,Não há placas,60 km/h,Única,Faixa seccionada,,,2187,202226000
2022-11-02,00:00:00,COM VÍTIMA,FINALIZADA,BOA VIAGEM,VDO PRESIDENTE TANCREDO NEVES,3,100,,"DESCIDA DO VIADUTO,  PROX AO ATACADÃO,  HB20 RUK 1H55 // QYW 7G86 CG 160",,,,BOA VIAGEM,COLISÃO LATERAL,,1,1,0,0,0,0,0,0,0,1,0,,CIDADE,Longo da via,Bom,Não existe,Perfeito estado,Seca,Perfeito estado,Não existe,Não há placas,,Única,Faixa seccionada,,,2188,202226018
2022-11-02,00:00:00,COM VÍTIMA,FINALIZADA,SAN MARTIN,AV GENERAL SAN MARTIN,3,801,RUA PEREIRA DE MORAES,E/F AO EDF SANTA BARBARA   PROX ACADEMIA GYM FIT,,,,SAN MARTIN,COLISÃO LATERAL,,2,1,0,0,0,0,0,0,0,1,0,,,Esquina,Bom,Não existe,Não existente,Seca,Mal conservada,Não existe,Não há placas,40 km/h,Dupla,Não existe,,,2190,202226027
2022-11-02,00:00:00,COM VÍTIMA,FINALIZADA,PINA,RUA CARNEIRO PESSOA,2,56,RUA BARREIROS,PROXIMO AO BAIANO ALTO PEÇAS E SERVIÇOS,,,,PINA,COLISÃO FRONTAL,,1,1,0,0,0,0,0,0,0,1,0,,CIDADE,Cruzamento,Bom,Não existe,Não existente,Seca,Perfeito estado,Não existe,Não há placas,30 km/h,Dupla,Não existe,,,2193,202226046
2022-11-02,00:00:00,COM VÍTIMA,FINALIZADA,SANTO AMARO,RUA MAMEDE SIMOES,0,,RUA DA UNIAO,RUA DOS BARES,,,,SANTO AMARO,COLISÃO FRONTAL,,0,2,0,0,0,0,0,0,0,1,0,,SUBURBIO,Cruzamento,Bom,Não existe,Perfeito estado,Seca,Perfeito estado,Não existe,Placas Pare,,Única,Não existe,,,2195,202226056
2022-11-03,00:00:00,COM VÍTIMA,FINALIZADA,TORROES,AV ENGENHEIRO ABDIAS DE CARVALHO,0,,,EM FRENTE A UPA,,,,TORRÕES,QUEDA,,0,1,0,0,0,0,0,0,0,1,0,,CIDADE,,,,,,,,,,,,,,2197,202226083
2022-11-03,00:00:00,COM VÍTIMA,FINALIZADA,AREIAS,AV DR JOSE RUFINO,3,642,,EM FRENTE A IGREJA MATRIZ DE SANTA LUZIA,,,,AREIAS,COLISÃO TRASEIRA,,0,2,0,0,0,0,0,0,0,1,0,491,SUBURBIO,Longo da via,Bom,Sem defeito,Perfeito estado,Seca,Perfeito estado,Faixa de pedestre,Outras,,Dupla,Faixa seccionada,,,2198,202226101
2022-11-03,00:00:00,COM VÍTIMA,FINALIZADA,DOIS IRMAOS,RUA DOIS IRMAOS,3,600,,PROX AO HOTEL SENZALA,,,,DOIS IRMÃOS,COLISÃO LATERAL,,1,1,0,0,0,0,0,0,0,1,0,416,CIDADE,Longo da via,Bom,Sem defeito,Perfeito estado,Seca,Perfeito estado,Faixa de retenção,Placas Pare,60 km/h,Dupla,Faixa contínua,,,2199,202226109
2022-11-03,00:00:00,COM VÍTIMA,FINALIZADA,BOA VISTA,RUA DOM BOSCO,0,,AV CONDE DA BOA VISTA,E/F A EMLURB,,,,BOA VISTA,COLISÃO LATERAL,,1,1,0,0,0,0,0,0,0,2,0,,SUBURBIO,Cruzamento,Bom,Sem defeito,Perfeito estado,Seca,Perfeito estado,Faixa de retenção,Outras,,Dupla,Canteiro central,,,2200,202226121
2022-11-03,00:00:00,COM VÍTIMA,FINALIZADA,BEBERIBE,AV BEBERIBE,4,1469,RUA SETE PECADOS,EM FRENTE AO BARRACÃO,,,,BEBERIBE,COLISÃO TRANSVERSAL,,0,2,0,0,0,0,0,0,0,4,0,,,Cruzamento,Bom,Não existe,,Seca,Perfeito estado,Não existe,Não há placas,,Dupla,Não existe,,,2201,202226133
2022-11-03,00:00:00,COM VÍTIMA,FINALIZADA,BOA VIAGEM,AV CELSO FURTADO,0,,,SENTIDO PINA -  ANTES DA LOMBADA ELETRONICA,,,,BOA VIAGEM,COLISÃO LATERAL,,0,2,0,0,0,0,0,0,0,2,0,,CIDADE,Longo da via,Bom,Não existe,Perfeito estado,Seca,Perfeito estado,Não existe,Não há placas,,Dupla,Blocos,,,2202,202226162
2022-11-03,00:00:00,VÍTIMA FATAL,FINALIZADA,BOA VISTA,RUA DO PRINCIPE,3,736,RUA NUNES MACHADO,PROX. A CATOLICA,,,,BOA VISTA,COLISÃO LATERAL,,0,1,0,0,0,1,0,0,0,0,1,,CIDADE,Longo da via,Bom,Não existe,Perfeito estado,Seca,Perfeito estado,Faixa de pedestre,R-6a,,Única,Faixa seccionada,,,2204,202226164
2022-11-04,00:00:00,COM VÍTIMA,FINALIZADA,IMBIRIBEIRA,RUA ITACARI,3,301,RUA ITAJAI,VERIFICAR ACIDENTE COM VÍTIMIA- SEM MAIS INFORMAÇÕES NO MOMENTO,,,,IMBIRIBEIRA,COLISÃO COM CICLISTA,,1,0,0,1,0,0,0,0,0,1,0,,,Longo da via,Bom,Não existe,Não existente,Seca,Mal conservada,Faixa de pedestre,Placas Pare,40 km/h,Única,Não existe,,,2207,202226186
2022-11-04,00:00:00,COM VÍTIMA,FINALIZADA,BOA VISTA,AV GUARARAPES,3,250,,PRÓX. AOS CORREIOS,,,,BOA VISTA,ATROPELAMENTO DE PESSOA,,0,0,0,0,1,1,0,0,0,1,0,14,,Longo da via,Bom,Sem defeito,Perfeito estado,Seca,Perfeito estado,Faixa de pedestre,Outras,,Dupla,Faixa seccionada,Canteiro central,,2209,202226210
2022-11-04,00:00:00,COM VÍTIMA,FINALIZADA,VARZEA,AV AFONSO OLINDENSE,4,5671,,EM A PADARIA CAXANGÁ,,,,VÁRZEA,COLISÃO FRONTAL,,1,0,1,0,0,0,0,0,0,1,0,638,CIDADE,Longo da via,Bom,Sem defeito,Perfeito estado,Seca,Perfeito estado,Faixa de pedestre,Outras,,Dupla,Faixa contínua,,,2211,202226250
2022-11-05,00:00:00,COM VÍTIMA,FINALIZADA,AFOGADOS,RUA VINTE E UM DE ABRIL,3,794,,EM FRENTE AO CLUBE FERROVIARIO,,,,AFOGADOS,COLISÃO FRONTAL,,1,1,0,0,0,0,1,0,0,1,0,,CIDADE,Esquina,Bom,Não existe,Incompleta,Seca,Perfeito estado,Não existe,Placas Pare,,Dupla,Não existe,,,2212,202226281
2022-11-05,00:00:00,COM VÍTIMA,FINALIZADA,SAO JOSE,AV SUL,2,52,,PROX AO POSTO BR,,,,SÃO JOSÉ,QUEDA,,0,1,0,0,0,0,0,0,0,2,0,,CIDADE,Longo da via,Bom,Não existe,Perfeito estado,Seca,Perfeito estado,Não existe,Outras,50 km/h,Dupla,Não existe,,,2213,202226298
2022-11-05,00:00:00,COM VÍTIMA,FINALIZADA,IBURA,RUA EXP FRANCISCO VITORIANO,3,122,,BORRACHARIA DO PRETO,,,,IBURA,COLISÃO LATERAL,,1,1,0,0,0,0,0,0,0,1,0,,CIDADE,Longo da via,Bom,Não existe,Ilegível,Seca,Perfeito estado,Não existe,Não há placas,,Dupla,Faixa seccionada,,,2214,202226346
2022-11-06,00:00:00,COM VÍTIMA,FINALIZADA,MADALENA,RUA JOSE OSORIO,3,270,EST DOS REMEDIOS,PROX. EXTRAFARMA,,,,MADALENA,COLISÃO TRANSVERSAL,,2,0,0,0,0,0,0,0,0,1,0,50,SUBURBIO,Cruzamento,Bom,Sem defeito,Perfeito estado,Seca,Perfeito estado,Não existe,Não há placas,60 km/h,Única,Faixa seccionada,,,2216,202226349
2022-11-07,00:00:00,COM VÍTIMA,FINALIZADA,TORRE,RUA REAL DA TORRE,3,802,RUA GALVAO RAPOSO,EM FRENTE AO GUIA MATERIAL DE CONSTRUÇÃO,,,,TORRE,COLISÃO LATERAL,,1,1,0,0,0,0,0,0,0,1,0,255,,Cruzamento,Bom,Sem defeito,Perfeito estado,Seca,Perfeito estado,Faixa de pedestre,Outras,,Única,Faixa seccionada,,,2221,202226433
2022-11-07,00:00:00,COM VÍTIMA,FINALIZADA,AFOGADOS,RUA COSME VIANA,3,225,,"LADO OPOSTO AO Nº 225, EM FRENTE À TUPAN",,,,AFOGADOS,COLISÃO LATERAL,,1,1,0,0,0,0,0,0,0,1,0,,SUBURBIO,Longo da via,Bom,Não existe,Perfeito estado,Seca,Perfeito estado,Não existe,Não há placas,,Única,Faixa seccionada,,,2222,202226441
2022-11-07,00:00:00,COM VÍTIMA,FINALIZADA,SANTO AMARO,RUA ODORICO MENDES,0,,AV GOVERNADOR AGAMENON MAGALHAES,ACIDENTE,,,,SANTO AMARO,COLISÃO LATERAL,,0,2,0,0,0,0,0,0,0,2,0,49,CIDADE,Cruzamento,Bom,Sem defeito,Perfeito estado,Seca,Perfeito estado,Agente,Outras,60 km/h,Dupla,Faixa seccionada,Blocos,,2223,202226456
2022-11-07,00:00:00,COM VÍTIMA,FINALIZADA,CASA AMARELA,LGO DOM LUIZ,0,,AV NORTE MIGUEL ARRAES DE ALENCAR,,,,,CASA AMARELA,ATROPELAMENTO DE PESSOA,,0,1,0,0,1,0,0,0,0,1,0,,SUBURBIO,Longo da via,Bom,Sem defeito,Perfeito estado,Seca,Perfeito estado,Faixa de retenção,Outras,60 km/h,Dupla,Canteiro central,,,2224,202226458
2022-11-07,00:00:00,COM VÍTIMA,FINALIZADA,BOA VIAGEM,AV BOA VIAGEM,4,3962,RUA RIBEIRO DE BRITO,EM FRENTE AO EDIFÍCIO QUEEN MARY,,,,BOA VIAGEM,COLISÃO LATERAL,,3,0,0,0,0,0,0,0,0,1,0,,CIDADE,,Bom,Não existe,Perfeito estado,Seca,Perfeito estado,Faixa de pedestre,Não há placas,,Única,Faixa seccionada,,,2225,202226461
2022-11-07,00:00:00,COM VÍTIMA,FINALIZADA,BOA VIAGEM,RUA ERNESTO DE PAULA SANTOS,0,,,RUA VISCONDE DE JEQUITINHONHA,,,,BOA VIAGEM,COLISÃO COM CICLISTA,,0,0,0,1,0,1,0,0,0,1,0,304,CIDADE,Longo da via,Bom,Sem defeito,Perfeito estado,Seca,Perfeito estado,Não existe,Não há placas,30 km/h,Única,Faixa seccionada,,,2227,202226475
2022-11-08,00:00:00,COM VÍTIMA,FINALIZADA,GRACAS,AV DR MALAQUIAS,0,,,,,,,GRAÇAS,COLISÃO LATERAL,,0,0,0,0,0,0,0,0,0,1,0,,,Longo da via,Bom,Não existe,Perfeito estado,Seca,Perfeito estado,Não existe,Não há placas,40 km/h,Única,Não existe,,,2228,202226501
2022-11-08,00:00:00,COM VÍTIMA,FINALIZADA,AREIAS,AV RECIFE,0,,,"ACIDENTE COM VÍTIMA  COLISÃO TRASEIRA,",,,,AREIAS,COLISÃO TRASEIRA,,7,0,0,0,0,0,0,1,0,1,0,,SUBURBIO,Longo da via,Bom,Não existe,Perfeito estado,Seca,Perfeito estado,Não existe,Outras,60 km/h,Única,Faixa seccionada,,,2229,202226514
2022-11-08,00:00:00,COM VÍTIMA,FINALIZADA,IMBIRIBEIRA,RUA ARQUITETO LUIZ NUNES,3,673,,EM FRENTE A ESCOLA PINHEIROS,,,,IMBIRIBEIRA,COLISÃO TRANSVERSAL,,1,1,0,0,0,0,0,0,0,1,0,,,Longo da via,Bom,Não existe,Perfeito estado,Seca,Perfeito estado,Faixa de pedestre,Outras,40 km/h,Dupla,Faixa contínua,,,2230,202226518
2022-11-08,00:00:00,COM VÍTIMA,FINALIZADA,BOA VIAGEM,AV DES JOSE NEVES,3,103,,,,,,BOA VIAGEM,COLISÃO LATERAL,,0,1,0,0,0,0,0,0,0,1,0,,,Longo da via,Bom,Não existe,Perfeito estado,Seca,Perfeito estado,Não existe,Não há placas,,Única,Faixa seccionada,,,2231,202226523
2022-11-09,00:00:00,COM VÍTIMA,FINALIZADA,SANTO AMARO,RUA DOS PALMARES,0,,,COMANDO DA GUARDA MUNICIPAL DO RECIFE,,,,SANTO AMARO,COLISÃO COM CICLISTA,,2,0,0,1,0,0,0,0,0,1,0,,,Longo da via,Bom,Não existe,Perfeito estado,Seca,Perfeito estado,Não existe,Outras,40 km/h,,Faixa seccionada,,,2232,202226597
2022-11-09,00:00:00,COM VÍTIMA,FINALIZADA,NOVA DESCOBERTA,RUA NOVA DESCOBERTA,4,1051,,EM FRENTE A ECOESTAÇÃO,,,,NOVA DESCOBERTA,COLISÃO LATERAL,,1,1,0,0,0,0,0,0,0,2,0,,,Longo da via,Bom,Não existe,Incompleta,Seca,Perfeito estado,Não existe,R-6a,,Dupla,Faixa seccionada,,,2233,202226600
2022-11-09,00:00:00,COM VÍTIMA,FINALIZADA,JORDAO,AV MARIA IRENE,3,500,,PROX A BASE AEREA MILITAR,,,,JORDÃO,COLISÃO LATERAL,,1,1,0,0,0,0,0,0,0,1,0,,,Longo da via,Bom,Não existe,Não existente,Seca,Perfeito estado,Não existe,Não há placas,,Dupla,Não existe,,,2235,202226605
2022-11-09,00:00:00,COM VÍTIMA,FINALIZADA,BOA VISTA,RUA DA AURORA,0,,,CRUZAMENTO COM AV. CONDE DA BOA VISTA,,,,BOA VISTA,COLISÃO LATERAL,,1,1,0,0,0,0,0,0,0,1,0,162,,Cruzamento,Bom,Sem defeito,Perfeito estado,Seca,Perfeito estado,Faixa de pedestre,Outras,,Única,Faixa contínua,Faixa seccionada,,2237,202226638
2022-11-10,00:00:00,COM VÍTIMA,FINALIZADA,MADALENA,RUA BENFICA,3,411,,EM FRENTE AO OFTALMAX,,,,MADALENA,COLISÃO LATERAL,,1,1,0,0,0,0,0,0,0,1,0,590,,Cruzamento,Bom,Sem defeito,Perfeito estado,Seca,Perfeito estado,Faixa de pedestre,R-6c,40 km/h,Dupla,Faixa contínua,Faixa seccionada,Canteiro central,2238,202226650
2022-11-10,00:00:00,COM VÍTIMA,FINALIZADA,PRADO,AV ENGENHEIRO ABDIAS DE CARVALHO,0,,,SOB O SEMÁFORO 327,,,,PRADO,COLISÃO TRANSVERSAL,,0,1,0,0,0,0,1,0,0,2,0,,CIDADE,Longo da via,Bom,Sem defeito,Perfeito estado,Seca,Perfeito estado,Faixa de retenção,R-6a,,Dupla,Canteiro central,,,2239,202226653
2022-11-10,00:00:00,COM VÍTIMA,FINALIZADA,TORROES,AV ENGENHEIRO ABDIAS DE CARVALHO,1,9,,"PROX A UPA,  EM FRENTE A GALERIA ACRIMODAS",,,,TORRÕES,COLISÃO TRASEIRA,,0,1,0,0,0,1,0,0,0,1,0,,,Longo da via,Bom,Sem defeito,Perfeito estado,Seca,Perfeito estado,Outros,R-6a,,Dupla,Canteiro central,,,2240,202226656
2022-11-10,00:00:00,COM VÍTIMA,FINALIZADA,JIQUIA,RUA SAO MIGUEL,4,1676,,QUANDO SE DEPAROU COM UM SINISTRO ENVOLVENDO DOIS VEÍCULOS,,,,JIQUIÁ,COLISÃO TRASEIRA,,1,1,0,0,0,0,0,0,0,1,0,,SUBURBIO,Longo da via,Bom,Não existe,Perfeito estado,Seca,Perfeito estado,Não existe,Não há placas,60 km/h,Dupla,Faixa contínua,,,2242,202226682
2022-11-10,00:00:00,COM VÍTIMA,FINALIZADA,SAO JOSE,AV ENGENHEIRO JOSE ESTELITA,0,,,ACIDENTE COM VÍTIMA ABALROAMENTO LONGITUDINAL,,,,SÃO JOSÉ,,,1,0,0,0,0,0,0,0,0,1,0,,SUBURBIO,Longo da via,Bom,Não existe,Perfeito estado,Seca,Perfeito estado,Não existe,Outras,,Única,Faixa seccionada,,,2244,202226722
2022-11-10,00:00:00,COM VÍTIMA,FINALIZADA,CAMPO GRANDE,RUA VISCONDE DE CAIRU,3,188,RUA ODORICO MENDES,PROXIMO AO COLEGIO JESUS CRUCIFICADO,,,,CAMPO GRANDE,COLISÃO LATERAL,,1,1,0,0,0,0,0,0,0,1,0,,,Longo da via,Bom,Não existe,Perfeito estado,Seca,Perfeito estado,Não existe,Placas Pare,40 km/h,Dupla,Faixa seccionada,,,2245,202226725
2022-11-10,00:00:00,COM VÍTIMA,FINALIZADA,CAXANGA,AV CAXANGA,0,,,EM FRENTE INTEGRAÇÃO DA CAXANGA,,,,CAXANGÁ,ATROPELAMENTO DE PESSOA,,0,1,0,0,1,0,0,0,0,1,0,,,Longo da via,Bom,Sem defeito,Perfeito estado,Seca,Perfeito estado,Faixa de pedestre,Outras,40 km/h,Dupla,Canteiro central,,,2246,202226739
2022-11-10,00:00:00,COM VÍTIMA,FINALIZADA,AREIAS,RUA IPOJUCA,3,124,,PROX AO INSS DE AREIAS,,,,AREIAS,COLISÃO FRONTAL,,1,1,0,0,0,0,0,0,0,1,0,,,,,,,,,,,,,,,,2247,202226744
2022-11-10,00:00:00,COM VÍTIMA,FINALIZADA,BOA VISTA,AV CONDE DA BOA VISTA,0,,RUA DA AURORA,,,,,BOA VISTA,COLISÃO TRANSVERSAL,,1,0,0,0,0,1,0,0,0,1,0,,,Cruzamento,Bom,Sem defeito,Perfeito estado,Seca,Perfeito estado,Faixa de pedestre,Não há placas,,Dupla,Faixa contínua,,,2249,202226756
2022-11-10,00:00:00,COM VÍTIMA,FINALIZADA,COQUEIRAL,RUA PAPA JOAO VINTE E TRES,0,,RUA FALCAO DE LACERDA,"SOB O PONTILHÃO, AO LADO DA ESTAÇÃO",,,,COQUEIRAL,COLISÃO FRONTAL,,0,1,0,0,0,1,0,0,0,1,0,,,Longo da via,Bom,Não existe,Não existente,Seca,,Não existe,,,,,,,2250,202226757
2022-11-11,00:00:00,COM VÍTIMA,FINALIZADA,VARZEA,RUA VALE DO SIRIJI,3,S/N,RUA JOSE ANTONIO DA COSTA FILHO,PROX AO COLEGIO MARIA DA CONCEIÇÃO,,,,VÁRZEA,COLISÃO TRASEIRA,,2,1,0,0,0,0,0,0,0,1,0,,,Longo da via,Chuvoso,Não existe,Perfeito estado,Molhada,Perfeito estado,Não existe,Não há placas,,Dupla,Não existe,,,2252,202226782
2022-11-11,00:00:00,COM VÍTIMA,FINALIZADA,SANTO AMARO,RUA AURORA,4,1035,,REDE GLOBO,,,,SANTO AMARO,COLISÃO LATERAL,,1,1,0,0,0,0,0,0,0,1,0,,,Longo da via,Bom,Não existe,Perfeito estado,Seca,Perfeito estado,Faixa de pedestre,Não há placas,,Dupla,Canteiro central,,,2254,202226811
2022-11-11,00:00:00,COM VÍTIMA,FINALIZADA,ILHA DO LEITE,AV GOVERNADOR AGAMENON MAGALHAES,0,,,EM FRENTE AO HOSPITAL PORTUGUES,,,,ILHA DO LEITE,COLISÃO TRASEIRA,,2,0,0,0,0,0,0,0,0,1,0,,,,,,,,,,,,,,,,2255,202226812
2022-11-11,00:00:00,COM VÍTIMA,FINALIZADA,TORROES,AV ENGENHEIRO ABDIAS DE CARVALHO,4,1325,RUA DELMIRO GOUVEIA,EM FRENTE A VITORIA MARMORE/ SENTIDO CIDADE,,,,TORRÕES,COLISÃO LATERAL,,1,1,0,0,0,0,0,0,0,1,0,375,CIDADE,Cruzamento,Bom,Sem defeito,Perfeito estado,Seca,Perfeito estado,,Outras,,Dupla,Não existe,,,2256,202226827
2022-11-11,00:00:00,COM VÍTIMA,FINALIZADA,DOIS UNIDOS,AV HILDEBRANDO DE VASCONCELOS,4,2692,,PROXIMO A QURADA DE DOIS UNIDOS,,,,DOIS UNIDOS,COLISÃO TRASEIRA,,1,1,0,0,0,0,0,0,0,1,0,,SUBURBIO,Longo da via,Bom,Não existe,Não existente,Seca,Perfeito estado,Não existe,Não há placas,,Dupla,Não existe,,,2257,202226832
2022-11-11,00:00:00,COM VÍTIMA,FINALIZADA,IPUTINGA,RUA EMILIANO BRAGA,3,425,,ENTRADA DA INTEGRAÇÃO CDU,,,,IPUTINGA,COLISÃO LATERAL,,2,0,0,0,0,0,0,0,0,1,0,,,,,,,,,,,,,,,,2258,202226857
2022-11-11,00:00:00,COM VÍTIMA,FINALIZADA,ESPINHEIRO,RUA DA HORA,0,,RUA AMELIA,EM FRENTE AO BANCO DO BRASIL,,,,ESPINHEIRO,COLISÃO COM CICLISTA,,0,1,0,1,0,0,0,0,0,2,0,,,Cruzamento,Bom,Sem defeito,Perfeito estado,Seca,Perfeito estado,Faixa de pedestre,Outras,40 km/h,Única,Faixa contínua,Faixa seccionada,,2259,202226862
2022-11-11,00:00:00,COM VÍTIMA,FINALIZADA,JORDAO,AV MARIA IRENE,4,1038,,NA PARADA DE ONIBUS,,,,JORDÃO,CHOQUE,,1,1,0,0,0,0,0,0,0,2,0,,SUBURBIO,Longo da via,Bom,Não existe,Perfeito estado,Seca,Perfeito estado,Não existe,Não há placas,,Dupla,Faixa contínua,,,2260,202226865
2022-11-12,00:00:00,COM VÍTIMA,FINALIZADA,APIPUCOS,RUA DE APIPUCOS,2,23,,CONDOMINIO HILSON MACEDO,,,,APIPUCOS,COLISÃO TRASEIRA,,1,0,0,0,0,0,1,0,0,1,0,,CIDADE,Longo da via,Chuvoso,Não existe,Perfeito estado,Molhada,Perfeito estado,Não existe,Não há placas,,Dupla,Faixa contínua,,,2261,202226884