data,hora,natureza_acidente,situacao,bairro,endereco,,numero,detalhe_endereco_acidente,complemento,endereco_cruzamento,numero_cruzamento,referencia_cruzamento,bairro_cruzamento,tipo,descricao,auto,moto,ciclom,ciclista,pedestre,onibus,caminhao,viatura,outros,vitimas,vitimasfatais,num_semaforo,sentido_via,acidente_verificado,tempo_clima,situacao_semaforo,sinalizacao,condicao_via,conservacao_via,ponto_controle,situacao_placa,velocidade_max_via,mao_direcao,divisao_via1,divisao_via2,divisao_via3,_id,Protocolo
2022-11-12,00:00:00,COM VÍTIMA,FINALIZADA,VARZEA,AV CAXANGA,4,4617,RUA GENERAL POLIDORO,"EM FRENTE A ITALIANA, SENT. RECIFE",,,,VÁRZEA,COLISÃO LATERAL,,1,1,0,0,0,0,0,0,0,1,0,231,CIDADE,Cruzamento,Bom,Sem defeito,Perfeito estado,Seca,Perfeito estado,Faixa de pedestre,R-32,60 km/h,Dupla,Faixa contínua,Faixa seccionada,,2263,202226900
2022-11-12,00:00:00,COM VÍTIMA,FINALIZADA,IMBIRIBEIRA,AV MARECHAL MASCARENHAS DE MORAES,4,4080,,EM FRENTE AO ATACADO DOS PRESENTES,,,,IMBIRIBEIRA,COLISÃO LATERAL,,1,1,0,0,0,0,0,0,0,2,0,310,SUBURBIO,Longo da via,Bom,Sem defeito,Perfeito estado,Seca,Perfeito estado,,,60 km/h,,Faixa seccionada,Canteiro central,,2264,202226905
2022-11-12,00:00:00,COM VÍTIMA,FINALIZADA,MANGUEIRA,AV DR JOSE RUFINO,0,,,E/F AFOGADOS ALUMINIOS  VT 21 NO LOCAL,,,,MANGUEIRA,COLISÃO FRONTAL,,1,1,0,0,0,0,0,0,0,1,0,,,,,,,,,,,,,,,,2265,202226914
2022-11-12,00:00:00,COM VÍTIMA,FINALIZADA,SAN MARTIN,AV GENERAL SAN MARTIN,4,2195,RUA DR GOMES PORTO,PROXIMO A PRAÇA DE SAN MARTIN,,,,SAN MARTIN,COLISÃO TRANSVERSAL,,1,1,0,0,0,0,0,0,0,1,0,,,Longo da via,Bom,Não existe,Incompleta,Seca,Perfeito estado,Faixa de pedestre,,,Dupla,Não existe,,,2266,202226915
2022-11-12,00:00:00,COM VÍTIMA,FINALIZADA,CAXANGA,AV CAXANGA,0,,,EM FRENTE AO CAXANGÁ GOLF CLUBE,,,,CAXANGÁ,ATROPELAMENTO DE PESSOA,,1,0,0,0,1,0,0,0,0,1,0,,CIDADE,Longo da via,Chuvoso,Não existe,Perfeito estado,Molhada,Perfeito estado,Não existe,Não há placas,60 km/h,Dupla,Faixa contínua,Faixa seccionada,Canteiro central,2268,202226935
2022-11-13,00:00:00,COM VÍTIMA,FINALIZADA,PARNAMIRIM,RUA DR JOAO SANTOS FILHO,0,,,AO LADO DO GUAIAMUM GIGANTE/ PROXIMO AO SHOPPING PLAZA,,,,PARNAMIRIM,COLISÃO COM CICLISTA,,1,0,0,1,0,0,0,0,0,1,0,,,Esquina,Bom,Não existe,Perfeito estado,Seca,Perfeito estado,Não existe,R-6a,,Única,Não existe,,,2270,202226968
2022-11-13,00:00:00,COM VÍTIMA,FINALIZADA,PRADO,RUA ARMANDO SORIANO,3,103,,COM  A RUA GOMES TABORDA,,,,PRADO,COLISÃO COM CICLISTA,,1,0,0,1,0,0,0,0,0,1,0,558,SUBURBIO,Longo da via,Bom,Não existe,Não existente,Seca,Perfeito estado,Não existe,Outras,,Dupla,Não existe,,,2271,202226985
2022-11-13,00:00:00,COM VÍTIMA,FINALIZADA,AFOGADOS,RUA SAO MIGUEL,4,1347,,RESTAURANTE BODE DO NO,,,,AFOGADOS,COLISÃO TRANSVERSAL,,1,1,0,0,0,0,0,0,0,2,0,,SUBURBIO,Longo da via,Bom,Sem defeito,Perfeito estado,Seca,Perfeito estado,Não existe,Não há placas,,Dupla,Faixa contínua,,,2272,202226986
2022-11-14,00:00:00,COM VÍTIMA,FINALIZADA,PINA,AV CELSO FURTADO,3,S/N,,"EM CIMA DA PONTE, PROX AO RIO MAR",,,,PINA,COLISÃO TRASEIRA,,1,1,0,0,0,0,0,0,0,1,0,,CIDADE,Ponte,Chuvoso,Não existe,Perfeito estado,Molhada,Perfeito estado,Não existe,Outras,60 km/h,Única,Faixa contínua,Faixa seccionada,,2273,202226998
2022-11-14,00:00:00,COM VÍTIMA,FINALIZADA,AREIAS,AV RECIFE,4,4316,,VEÍCULO CHOCOU-SE  COM UMA ÁRVORE NA FRENTE DO CONJUNTO RESIDENCIAL IGNÊZ ANDREAZZA. SENT IPSEP / ESTÂNCIA.  NO RECUO DO PONTO DE TÁXI. LADO OPOSTO DO BIG BOMPREÇO.,,,,AREIAS,CHOQUE,,1,0,0,0,0,0,0,0,0,1,0,,,Longo da via,Bom,Sem defeito,Perfeito estado,Seca,Perfeito estado,Não existe,Não há placas,,Dupla,Canteiro central,,,2274,202227009
2022-11-14,00:00:00,COM VÍTIMA,FINALIZADA,JIQUIA,AV RECIFE,4,5680,,EM FRENTE AO ASSAI SENT. BR,,,,JIQUIÁ,TOMBAMENTO,,0,1,0,0,0,0,1,0,0,2,0,705,SUBURBIO,Cruzamento,Bom,Sem defeito,Perfeito estado,Seca,Perfeito estado,Faixa de pedestre,Não há placas,60 km/h,Dupla,Canteiro central,,,2276,202227029
2022-11-14,00:00:00,COM VÍTIMA,FINALIZADA,BOA VISTA,RUA AURORA,3,529,RUA PRINCESA IZABEL,,,,,BOA VISTA,COLISÃO LATERAL,,0,2,0,0,0,0,0,0,0,1,0,,SUBURBIO,Cruzamento,Bom,Sem defeito,Perfeito estado,Seca,Perfeito estado,Não existe,Não há placas,,Única,Faixa seccionada,,,2277,202227039
2022-11-14,00:00:00,COM VÍTIMA,FINALIZADA,ESPINHEIRO,RUA DO ESPINHEIRO,0,,RUA SANTO ELIAS,E/F AO POSTO SHELL,,,,ESPINHEIRO,COLISÃO LATERAL,,0,2,0,0,0,0,0,0,0,1,0,,SUBURBIO,Longo da via,Chuvoso,Não existe,Incompleta,Molhada,Perfeito estado,,,40 km/h,Única,,,,2278,202227044
2022-11-14,00:00:00,COM VÍTIMA,FINALIZADA,AFOGADOS,EST DOS REMEDIOS,3,470,,EM FRENTE AO SUPERMERCADO DO LAR,,,,AFOGADOS,COLISÃO LATERAL,,0,2,0,0,0,0,0,0,0,1,0,,SUBURBIO,Longo da via,Chuvoso,Não existe,Incompleta,Molhada,Mal conservada,Faixa de pedestre,R-6b,40 km/h,Dupla,Faixa contínua,,,2279,202227045
2022-11-14,00:00:00,COM VÍTIMA,FINALIZADA,PARNAMIRIM,EST DO ENCANAMENTO,3,216,RUA PROFESSOR ANDRADE BEZERRA,E/F AO CLUBE ALEMÃO,,,,PARNAMIRIM,COLISÃO LATERAL,,1,1,0,0,0,0,0,0,0,1,0,,CIDADE,Esquina,Bom,Não existe,Perfeito estado,Seca,Perfeito estado,Faixa de pedestre,Outras,60 km/h,Única,Faixa seccionada,,,2280,202227047
2022-11-14,00:00:00,COM VÍTIMA,FINALIZADA,IPSEP,AV RECIFE,0,,,EM FRENTE AO SUPERMERCADO HIPER BOMPREÇO,,,,IPSEP,COLISÃO FRONTAL,,1,1,0,0,0,0,0,0,0,2,0,494,SUBURBIO,Longo da via,Chuvoso,Sem defeito,Perfeito estado,Molhada,Perfeito estado,Faixa de pedestre,Não há placas,,Dupla,Faixa contínua,Canteiro central,,2281,202227051
2022-11-14,00:00:00,COM VÍTIMA,FINALIZADA,AREIAS,AV RECIFE,0,,AV CAPITAO GREGORIO DE CALDAS,EM FRENTE AO SUPERMERCADO BIG BOMPREÇO,,,,AREIAS,COLISÃO TRASEIRA,,1,1,0,0,0,0,0,0,0,2,0,494,SUBURBIO,Longo da via,Bom,Sem defeito,Perfeito estado,Seca,Perfeito estado,,,,Dupla,Canteiro central,,,2282,202227059
2022-11-15,00:00:00,COM VÍTIMA,FINALIZADA,CABANGA,AV ENGENHEIRO JOSE ESTELITA,0,,AV ANTONIO DE GOES,EM FRENTE AO CABANGA IATE CLUBE,,,,CABANGA,CHOQUE,,1,0,0,0,0,0,0,0,0,1,0,,CIDADE,Viaduto,Bom,Não existe,Perfeito estado,Seca,Perfeito estado,Não existe,Não há placas,,Dupla,,,,2284,202227062
2022-11-15,00:00:00,COM VÍTIMA,FINALIZADA,IMBIRIBEIRA,RUA OLIVIA MENELAU,3,119,RUA ZEFERINO PINHO,POSTO BR / BOTECO FIRMA,,,,IMBIRIBEIRA,COLISÃO LATERAL,,1,1,0,0,0,0,0,0,0,1,0,396,CIDADE,Esquina,Bom,Sem defeito,Perfeito estado,Seca,Perfeito estado,Não existe,Não há placas,,Única,Não existe,,,2285,202227101
2022-11-15,00:00:00,COM VÍTIMA,FINALIZADA,VARZEA,RUA PROFESSOR ANTONIO COELHO,3,157,RUA PROFESSOR ANTONIO COELHO,,,,,VÁRZEA,COLISÃO LATERAL,,1,1,0,0,0,0,0,0,0,1,0,,SUBURBIO,Cruzamento,Bom,Não existe,Perfeito estado,Seca,Perfeito estado,Faixa de pedestre,,,Única,Não existe,,,2286,202227124
2022-11-15,00:00:00,COM VÍTIMA,FINALIZADA,TAMARINEIRA,RUA CONEGO BARATA,0,,AV NORTE MIGUEL ARRAES DE ALENCAR,PRÓXIMO A FERREIRA COSTA,,,,TAMARINEIRA,COLISÃO LATERAL,,1,1,0,0,0,0,0,0,0,1,0,62,,Cruzamento,Bom,Sem defeito,Perfeito estado,Seca,Perfeito estado,Faixa de pedestre,R-6a,,Dupla,Faixa seccionada,Blocos,,2287,202227135
2022-11-16,00:00:00,COM VÍTIMA,FINALIZADA,AREIAS,AV RECIFE,0,,,EM FRENTE AO RESTAURANTE  GALLETUS,,,,AREIAS,COLISÃO TRASEIRA,,1,1,0,0,0,0,0,0,0,1,0,617,CIDADE,Longo da via,Bom,Intermitente,Perfeito estado,Seca,Perfeito estado,Faixa de pedestre,R-6a,,Dupla,Canteiro central,,,2288,202227143
2022-11-16,00:00:00,COM VÍTIMA,FINALIZADA,BOA VISTA,RUA DOM BOSCO,4,1002,,EM FRENTE AO QUARTEL DA RP,,,,BOA VISTA,COLISÃO TRASEIRA,,0,2,0,0,0,0,0,0,0,1,0,401,,Longo da via,Bom,Sem defeito,Perfeito estado,Seca,Perfeito estado,Faixa de pedestre,Outras,,Única,Faixa seccionada,,,2289,202227165
2022-11-16,00:00:00,COM VÍTIMA,FINALIZADA,ESPINHEIRO,RUA DO ESPINHEIRO,0,,AV JOAO DE BARROS,EM FRENTE A PAGUE MENOS,,,,ESPINHEIRO,COLISÃO LATERAL,,1,1,0,0,0,0,0,0,0,1,0,89,CIDADE,Cruzamento,Bom,Sem defeito,Perfeito estado,Seca,Perfeito estado,Faixa de pedestre,R-6a,,Única,Faixa seccionada,,,2291,202227186
2022-11-16,00:00:00,COM VÍTIMA,FINALIZADA,CAXANGA,AV CAXANGA,0,,,E/F AO RESIDENCIAL MARCOS FREIRE  S/T SUB,,,,CAXANGÁ,COLISÃO COM CICLISTA,,1,0,0,1,0,0,0,0,0,2,0,,,,,,,,,,,,,,,,2293,202227210
2022-11-16,00:00:00,COM VÍTIMA,FINALIZADA,BOA VIAGEM,RUA DEZ DE JULHO,3,210,,PROXIMO A MAISON CRISTAL,,,,BOA VIAGEM,COLISÃO FRONTAL,,1,1,0,0,0,0,0,0,0,1,0,,,,,,,,,,,,,,,,2294,202227211
2022-11-16,00:00:00,COM VÍTIMA,FINALIZADA,VARZEA,RUA GASTAO VIDIGAL,2,65,,NO TERMINAL DA VARZEA  NA UR 7,,,,VÁRZEA,COLISÃO LATERAL,,0,1,0,0,0,1,0,0,0,2,0,,SUBURBIO,Longo da via,Bom,Não existe,Perfeito estado,Seca,Perfeito estado,Não existe,Outras,,Dupla,Faixa seccionada,,,2295,202227214
2022-11-16,00:00:00,COM VÍTIMA,FINALIZADA,ESTANCIA,AV RECIFE,4,6840,RUA LAURA BANDEIRA DE MELLO,EM FRENTE AO SUPERMERCADO AÇAI,,,,ESTÂNCIA,COLISÃO LATERAL,,1,1,0,0,0,0,0,0,0,1,0,,,Cruzamento,Bom,Sem defeito,Perfeito estado,Seca,Perfeito estado,Faixa de pedestre,R-4a,60 km/h,Dupla,Canteiro central,,,2296,202227216
2022-11-16,00:00:00,COM VÍTIMA,FINALIZADA,BOA VIAGEM,RUA SETUBAL,4,1492,,PROXIMO PARQUE DONA LINDU,,,,BOA VIAGEM,COLISÃO LATERAL,,1,1,0,0,0,0,0,0,0,1,0,,,Longo da via,Bom,Não existe,Perfeito estado,Seca,Perfeito estado,Não existe,Não há placas,,Dupla,Não existe,,,2297,202227232
2022-11-17,00:00:00,COM VÍTIMA,FINALIZADA,SANTO AMARO,AV GOVERNADOR AGAMENON MAGALHAES,0,,AV DR JAYME DA FONTE,,,,,SANTO AMARO,COLISÃO FRONTAL,,2,0,0,0,0,0,0,0,0,2,0,49,SUBURBIO,Cruzamento,Chuvoso,Sem defeito,Perfeito estado,Molhada,Perfeito estado,Faixa de pedestre,Outras,,Dupla,Canal,,,2298,202227240
2022-11-17,00:00:00,COM VÍTIMA,FINALIZADA,ARRUDA,AV PROFESSOR JOSE DOS ANJOS,0,,EST VELHA DE AGUA FRIA,AO LADO DO DNOCS,,,,ARRUDA,COLISÃO TRASEIRA,,1,1,0,0,0,0,0,0,0,1,0,306,SUBURBIO,Cruzamento,Bom,Sem defeito,Perfeito estado,Seca,Perfeito estado,Faixa de retenção,Não há placas,,Única,Faixa contínua,,,2300,202227275
2022-11-17,00:00:00,COM VÍTIMA,FINALIZADA,SANTO AMARO,AV GOVERNADOR AGAMENON MAGALHAES,3,S/N,,"PROX AO POSTO PETROBRÁS, SENTIDO SHOPPING TACARUNA",,,,SANTO AMARO,CHOQUE,,1,0,0,0,0,0,0,0,0,1,0,,SUBURBIO,Longo da via,Bom,Não existe,Perfeito estado,Seca,Perfeito estado,Não existe,Não há placas,60 km/h,Dupla,Faixa contínua,Faixa seccionada,Canal,2301,202227289
2022-11-17,00:00:00,COM VÍTIMA,FINALIZADA,BOA VISTA,RUA AURORA,4,1295,,E/F AO EDF CAIS DA AURORA  PROX AO BANCO CENTRAL  DO BRASIL,,,,BOA VISTA,COLISÃO LATERAL,,1,0,0,0,0,0,1,0,0,1,0,,,Longo da via,Bom,,Não existente,Seca,Perfeito estado,Não existe,Não há placas,,Única,Faixa seccionada,,,2303,202227318
2022-11-17,00:00:00,COM VÍTIMA,FINALIZADA,TEJIPIO,RUA FALCAO DE LACERDA,3,175,,E/F A IGREJA PRESBITERIANA DE TEJIPIO,,,,TEJIPIÓ,COLISÃO LATERAL,,1,2,0,0,0,0,0,0,0,1,0,,,,,,,,,,,,,,,,2304,202227319
2022-11-17,00:00:00,COM VÍTIMA,FINALIZADA,CASA AMARELA,RUA PADRE LEMOS,3,723,,PROX AO POSTO DE GASOLINA BR,,,,CASA AMARELA,COLISÃO LATERAL,,1,1,0,0,0,0,0,0,0,1,0,66,SUBURBIO,Longo da via,Bom,Sem defeito,Incompleta,Seca,Perfeito estado,Não existe,Não há placas,,Dupla,Não existe,,,2305,202227325
2022-11-17,00:00:00,COM VÍTIMA,FINALIZADA,SAO JOSE,PRC DAS CINCO PONTAS,3,104,RUA DO JARDIM,EM FRENTE AO FORTE CINCO PONTAS,,,,SÃO JOSÉ,COLISÃO LATERAL,,0,2,0,0,0,0,0,0,0,1,0,199,SUBURBIO,Longo da via,Bom,Sem defeito,Perfeito estado,Seca,Perfeito estado,Não existe,Não há placas,40 km/h,Única,Não existe,,,2306,202227326
2022-11-17,00:00:00,COM VÍTIMA,FINALIZADA,BOA VISTA,RUA DA AURORA,0,,,EM FRENTE AO CINE SÃO LUIS,,,,BOA VISTA,ATROPELAMENTO DE PESSOA,,1,0,0,0,1,0,0,0,0,1,0,162,CIDADE,Longo da via,Bom,Sem defeito,Perfeito estado,Seca,Perfeito estado,Faixa de pedestre,R-6a,,Única,Faixa contínua,,,2307,202227330
2022-11-18,00:00:00,COM VÍTIMA,FINALIZADA,CORDEIRO,RUA DR JOAO LACERDA,3,S/N,,EM FRENTE AO DHPP,,,,CORDEIRO,COLISÃO TRASEIRA,,1,1,0,0,0,0,0,0,0,1,0,,,Longo da via,Bom,Não existe,Ilegível,Seca,Perfeito estado,Não existe,Não há placas,60 km/h,Dupla,Faixa contínua,,,2308,202227372
2022-11-18,00:00:00,COM VÍTIMA,FINALIZADA,SAO JOSE,AV SUL,4,1374,RUA CARLOS COELHO LEAL VALENTE,EM FRENTE PORTELA INDUSTRIA,,,,SÃO JOSÉ,COLISÃO LATERAL,,1,1,0,0,0,0,0,0,0,1,0,260,CIDADE,Cruzamento,Bom,Sem defeito,,Seca,Perfeito estado,,Não há placas,,Única,,,,2310,202227446
2022-11-18,00:00:00,COM VÍTIMA,FINALIZADA,ESPINHEIRO,RUA CONS PORTELA,0,,RUA LAURO MONTENEGRO,PROX A IGREJA CATOLICA DO ESPINHEIRO  VT 15 NO LOCAL,,,,ESPINHEIRO,COLISÃO LATERAL,,1,1,0,0,0,0,0,0,0,1,0,464,SUBURBIO,Longo da via,Bom,Sem defeito,Perfeito estado,Seca,Perfeito estado,Não existe,R-6a,,Única,Faixa seccionada,,,2311,202227448
2022-11-18,00:00:00,COM VÍTIMA,FINALIZADA,AREIAS,AV RECIFE,4,3585,,APÓS O RESTAURANTE GALETUS,,,,AREIAS,COLISÃO TRANSVERSAL,,1,1,0,0,0,0,1,0,0,1,0,,,Longo da via,Bom,Não existe,Perfeito estado,Seca,Perfeito estado,Não existe,Não há placas,60 km/h,Dupla,Faixa seccionada,Canteiro central,,2313,202227458
2022-11-19,00:00:00,COM VÍTIMA,FINALIZADA,CAMPO GRANDE,RUA CATULO DA PAIXAO CEARENSE,3,263,RUA PROFESSOR FRANCISCO DA TRINDADE,PRÓX. AO BAR E RESTAURANTE CASA DE MÃE,,,,CAMPO GRANDE,COLISÃO LATERAL,,1,1,0,0,0,0,0,0,0,1,0,,,,,,,,,,,,,,,,2315,202227495
2022-11-19,00:00:00,COM VÍTIMA,FINALIZADA,AFOGADOS,RUA SAO MIGUEL,4,1357,,PRÓX. AO BODE DO NÔ E À PANIFICADORA LISBOA,,,,AFOGADOS,COLISÃO LATERAL,,1,1,0,0,0,0,0,0,0,1,0,,,Longo da via,Bom,Não existe,Incompleta,Seca,Perfeito estado,Não existe,Não há placas,,Dupla,Não existe,,,2316,202227496
2022-11-19,00:00:00,COM VÍTIMA,FINALIZADA,ENCRUZILHADA,EST DE BELEM,3,535,RUA LARGA DO FEITOSA,PRÓX. À CASA DE BOLOS E À HI ACADEMIA.,,,,ENCRUZILHADA,COLISÃO LATERAL,,1,1,0,0,0,0,0,0,0,2,0,,CIDADE,Longo da via,Bom,Não existe,Perfeito estado,Seca,Perfeito estado,Não existe,R-6a,,Dupla,Faixa contínua,,,2317,202227503
2022-11-19,00:00:00,COM VÍTIMA,FINALIZADA,CORDEIRO,AV MAURICIO DE NASSAU,2,38,,"EM FRENTE AO PARQUE EXPOSIÇÃO DE ANIMAIS, PROX GOE",,,,CORDEIRO,COLISÃO TRASEIRA,,1,1,0,0,0,0,0,0,0,1,0,,SUBURBIO,Longo da via,Bom,Não existe,Incompleta,Seca,Perfeito estado,Não existe,Outras,,Dupla,Faixa contínua,,,2318,202227505
2022-11-19,00:00:00,COM VÍTIMA,FINALIZADA,AFOGADOS,AV DR JOSE RUFINO,3,685,,ALTO PEÇAS E SERVIÇOS,,,,AFOGADOS,COLISÃO LATERAL,,1,1,0,0,0,0,0,0,0,1,0,391,SUBURBIO,Esquina,Bom,Sem defeito,Não existente,Seca,Perfeito estado,Faixa de pedestre,Não há placas,,Dupla,Faixa contínua,,,2319,202227522
2022-11-19,00:00:00,COM VÍTIMA,FINALIZADA,ESTANCIA,RUA HAVAI,3,119,,RUA RESIDENCIAL,,,,ESTÂNCIA,COLISÃO FRONTAL,,1,1,0,0,0,0,0,0,0,1,0,,SUBURBIO,Longo da via,Bom,Não existe,Não existente,Seca,Perfeito estado,Não existe,Não há placas,,Dupla,Não existe,,,2320,202227524
2022-11-20,00:00:00,COM VÍTIMA,FINALIZADA,BOA VIAGEM,AV BOA VIAGEM,0,,,PRAÇA DE BOA VIAGEM,,,,BOA VIAGEM,ATROPELAMENTO DE PESSOA,,0,1,0,0,1,0,0,0,0,2,0,4,,Longo da via,Bom,Sem defeito,Perfeito estado,Seca,Perfeito estado,Faixa de pedestre,Não há placas,,Única,Faixa seccionada,,,2322,202227631
2022-11-21,00:00:00,COM VÍTIMA,FINALIZADA,ILHA DO LEITE,AV FREI MATIAS TEVES,0,,RUA SENADOR JOSE HENRIQUE,EM FRENTE O HOSPITAL ALBERT SABIN,,,,ILHA DO LEITE,COLISÃO LATERAL,,1,1,0,0,0,0,0,0,0,1,0,,,Cruzamento,Bom,Não existe,Ilegível,Seca,Perfeito estado,Faixa de pedestre,Outras,30 km/h,Única,Faixa seccionada,,,2323,202227650
2022-11-21,00:00:00,COM VÍTIMA,FINALIZADA,IMBIRIBEIRA,RUA CONDE PEREIRA CARNEIRO,3,150,RUA JACY,RUA AO LADO DO SANTANDER,,,,IMBIRIBEIRA,COLISÃO FRONTAL,,1,1,0,0,0,0,0,0,0,2,0,,SUBURBIO,Cruzamento,Bom,Não existe,Perfeito estado,Seca,Perfeito estado,Não existe,R-6a,,Dupla,Não existe,,,2324,202227653
2022-11-21,00:00:00,COM VÍTIMA,FINALIZADA,VARZEA,AV CAXANGA,4,5775,,"EM FRENTE AO POSTO SHELL, PROX AO TERMINAL INTEGRADO DA CAXANGÁ",,,,VÁRZEA,COLISÃO LATERAL,,1,1,0,1,0,1,0,0,0,1,0,,SUBURBIO,Longo da via,Bom,Sem defeito,Incompleta,Seca,Perfeito estado,Não existe,Não há placas,60 km/h,Única,Não existe,,,2325,202227658
2022-11-21,00:00:00,COM VÍTIMA,FINALIZADA,BOA VIAGEM,AV ENGENHEIRO DOMINGOS FERREIRA,0,,RUA DO MUNIZ,"EM FRENTE AO CERPE, E PROX AO SPETTUS",,,,BOA VIAGEM,COLISÃO LATERAL,,2,0,0,0,0,0,0,0,0,1,0,380,SUBURBIO,Cruzamento,Bom,Sem defeito,Perfeito estado,Seca,Perfeito estado,Faixa de pedestre,Outras,60 km/h,Única,Faixa seccionada,,,2326,202227664
2022-11-21,00:00:00,COM VÍTIMA,FINALIZADA,TORROES,EST DO FORTE DO ARRAIAL N. DO B. JESUS,4,1592,,PROX. A CASA MODERNA HOME CENTER,,,,TORRÕES,ATROPELAMENTO DE PESSOA,,1,0,0,0,1,0,0,0,0,1,0,,SUBURBIO,Cruzamento,Bom,Não existe,Perfeito estado,Seca,Perfeito estado,Não existe,Não há placas,60 km/h,Dupla,Faixa contínua,,,2327,202227680
2022-11-21,00:00:00,COM VÍTIMA,FINALIZADA,BOA VIAGEM,AV ENGENHEIRO DOMINGOS FERREIRA,4,1653,,EM FRENTE AO ANTIGO EXTRA,,,,BOA VIAGEM,COLISÃO TRASEIRA,,1,1,0,0,0,0,0,0,0,1,0,380,SUBURBIO,Longo da via,Bom,Sem defeito,Perfeito estado,Seca,Perfeito estado,Não existe,Não há placas,60 km/h,Única,Faixa seccionada,,,2330,202227690
2022-11-21,00:00:00,COM VÍTIMA,FINALIZADA,IPSEP,RUA DR RAPOSO PINTO,2,67,RUA JEAN EMILE FAVRE,E/F A PIZZARIA DOMINO´S,,,,IPSEP,COLISÃO LATERAL,,0,1,0,0,0,1,0,0,0,1,0,,SUBURBIO,Longo da via,Bom,Não existe,Não existente,Seca,Perfeito estado,Não existe,Não há placas,,Dupla,Não existe,,,2331,202227691
2022-11-21,00:00:00,COM VÍTIMA,FINALIZADA,RECIFE,RUA IMPERIAL,0,,,APOS O COLEGIO JOAQUIM NABUCO,,,,BAIRRO DO RECIFE,COLISÃO LATERAL,,0,2,0,0,0,0,0,0,0,3,0,,SUBURBIO,Cruzamento,Bom,Não existe,Perfeito estado,Seca,Perfeito estado,Não existe,Outras,,Única,Faixa seccionada,,,2332,202227696
2022-11-21,00:00:00,COM VÍTIMA,FINALIZADA,BOA VIAGEM,RUA BARAO DE SOUZA LEAO,4,1093,,EM FRENTE AO ARMAZEM REZZOLVE,,,,BOA VIAGEM,COLISÃO LATERAL,,1,1,0,0,0,0,0,0,0,1,0,476,SUBURBIO,Longo da via,Bom,Sem defeito,Perfeito estado,Seca,Perfeito estado,Não existe,R-6a,,Única,Faixa seccionada,,,2333,202227701
2022-11-21,00:00:00,COM VÍTIMA,FINALIZADA,VASCO DA GAMA,RUA VASCO DA GAMA,3,145,,E/F AO SESI DO VASCO,,,,VASCO DA GAMA,COLISÃO LATERAL,,1,1,0,0,0,0,0,0,0,2,0,,SUBURBIO,Cruzamento,Bom,Não existe,Perfeito estado,Seca,Perfeito estado,Faixa de pedestre,Placas Pare,,Dupla,,,,2334,202227711
2022-11-21,00:00:00,COM VÍTIMA,FINALIZADA,ESPINHEIRO,RUA DO ESPINHEIRO,0,,RUA SANTO ELIAS,RUA SANTO ELIAS,,,,ESPINHEIRO,COLISÃO LATERAL,,1,1,0,0,0,0,0,0,0,1,0,,SUBURBIO,Cruzamento,Bom,Não existe,Perfeito estado,Seca,Perfeito estado,Agente,R-6a,40 km/h,Única,Faixa contínua,,,2335,202227713
2022-11-21,00:00:00,COM VÍTIMA,FINALIZADA,CAXANGA,AV CAXANGA,0,,AV INACIO MONTEIRO,EM FRENTE A DROGASIL,,,,CAXANGÁ,COLISÃO TRASEIRA,,2,1,0,0,0,0,0,0,0,1,0,,SUBURBIO,Longo da via,Bom,Sem defeito,Perfeito estado,Seca,Perfeito estado,Faixa de pedestre,,60 km/h,Única,Faixa seccionada,,,2336,202227724
2022-11-21,00:00:00,COM VÍTIMA,FINALIZADA,ARRUDA,AV PROFESSOR JOSE DOS ANJOS,0,,RUA FARIAS NEVES,RUA  DESENHISTA EULINO SANTOS,,,,ARRUDA,CHOQUE,,1,0,0,0,0,0,0,0,0,1,0,,SUBURBIO,Cruzamento,Bom,Não existe,Perfeito estado,Seca,Perfeito estado,Faixa de pedestre,Outras,,Única,Não existe,,,2338,202227727