data,hora,natureza_acidente,situacao,bairro,endereco,,numero,detalhe_endereco_acidente,complemento,endereco_cruzamento,numero_cruzamento,referencia_cruzamento,bairro_cruzamento,tipo,descricao,auto,moto,ciclom,ciclista,pedestre,onibus,caminhao,viatura,outros,vitimas,vitimasfatais,num_semaforo,sentido_via,acidente_verificado,tempo_clima,situacao_semaforo,sinalizacao,condicao_via,conservacao_via,ponto_controle,situacao_placa,velocidade_max_via,mao_direcao,divisao_via1,divisao_via2,divisao_via3,_id,Protocolo
2022-11-22,00:00:00,COM VÍTIMA,FINALIZADA,TAMARINEIRA,RUA CONEGO BARATA,0,,AV CONS ROSA E SILVA,PROX. DA FERREIRA COSTA,,,,TAMARINEIRA,CHOQUE,,1,0,0,0,0,0,0,0,0,2,0,61,SUBURBIO,Cruzamento,Bom,Sem defeito,Perfeito estado,Seca,Perfeito estado,Faixa de pedestre,R-6a,,Dupla,Canteiro central,,,2339,202227733
2022-11-22,00:00:00,COM VÍTIMA,FINALIZADA,BOMBA DO HEMETERIO,RUA BOMBA DO HEMETERIO,3,400,RUA GUANAMBI,EM FRENTE A FUNERARIA CANAÃ,,,,BOMBA DO HEMETÉRIO,COLISÃO FRONTAL,,1,1,0,0,0,0,0,0,0,1,0,,CIDADE,Esquina,Chuvoso,Não existe,Incompleta,Molhada,Perfeito estado,Não existe,Outras,,Dupla,Não existe,,,2340,202227762
2022-11-22,00:00:00,COM VÍTIMA,FINALIZADA,PINA,AV ANTONIO DE GOES,3,500,,EM FRENTE AO DETROIT CAR,,,,PINA,ATROPELAMENTO DE PESSOA,,1,1,0,0,1,0,0,0,0,1,0,,,Longo da via,Chuvoso,Não existe,Perfeito estado,Molhada,Perfeito estado,Não existe,Não há placas,60 km/h,Única,Canteiro central,,,2341,202227766
2022-11-22,00:00:00,COM VÍTIMA,FINALIZADA,IMBIRIBEIRA,AV MARECHAL MASCARENHAS DE MORAES,4,1482,RUA MURICILANDIA,EM FRENTE A GOOD YEAR,,,,IMBIRIBEIRA,QUEDA,,0,1,0,0,0,0,0,0,0,2,0,287,CIDADE,Longo da via,Chuvoso,Sem defeito,Perfeito estado,Molhada,Perfeito estado,Faixa de retenção,Placas Pare,60 km/h,Dupla,Canteiro central,,,2342,202227767
2022-11-22,00:00:00,COM VÍTIMA,FINALIZADA,AFOGADOS,RUA SAO MIGUEL,3,865,,EM FRENTE AO 14º BATALHÃO LOGÍSTICO,,,,AFOGADOS,COLISÃO TRASEIRA,,1,1,0,0,0,0,0,0,0,1,0,423,SUBURBIO,Longo da via,Chuvoso,Sem defeito,Perfeito estado,Molhada,Perfeito estado,Faixa de pedestre,Não há placas,60 km/h,Dupla,Faixa contínua,,,2343,202227773
2022-11-22,00:00:00,COM VÍTIMA,FINALIZADA,SANTO AMARO,AV DR JAYME DA FONTE,2,67,,CAMPO DE FUTEBOL / NA RUA DA COMPESA,,,,SANTO AMARO,COLISÃO COM CICLISTA,,1,0,0,1,0,0,0,0,0,1,0,,CIDADE,Longo da via,Bom,Sem defeito,Perfeito estado,Seca,Perfeito estado,Não existe,Não há placas,,,Não existe,,,2344,202227776
2022-11-22,00:00:00,COM VÍTIMA,FINALIZADA,BOA VIAGEM,AV ENGENHEIRO DOMINGOS FERREIRA,4,3704,RUA JACK AYRES,QUASE EM FRENTE A ESCOLA DE GASTRONOMIA E CONFEITARIA,,,,BOA VIAGEM,COLISÃO TRANSVERSAL,,1,1,0,0,0,0,0,0,0,1,0,,SUBURBIO,Cruzamento,Bom,Não existe,Perfeito estado,Seca,Perfeito estado,Não existe,Outras,60 km/h,Única,Faixa seccionada,,,2345,202227783
2022-11-22,00:00:00,COM VÍTIMA,FINALIZADA,IMBIRIBEIRA,AV MARECHAL MASCARENHAS DE MORAES,4,4240,,VENEZA DIESEL,,,,IMBIRIBEIRA,ATROPELAMENTO DE PESSOA,,1,0,0,0,1,0,0,0,0,1,0,,CIDADE,Longo da via,Chuvoso,Não existe,Perfeito estado,Molhada,Mal iluminada,Não existe,Não há placas,60 km/h,Dupla,,,,2346,202227805
2022-11-22,00:00:00,COM VÍTIMA,FINALIZADA,IMBIRIBEIRA,RUA DEZ DE JULHO,3,211,,INTEGRAÇÃO DO AEROPORTO,,,,IMBIRIBEIRA,ATROPELAMENTO DE PESSOA,,0,0,0,0,1,0,0,0,0,1,0,,SUBURBIO,Não informado,Chuvoso,Não existe,Perfeito estado,Seca,Perfeito estado,Faixa de pedestre,Não há placas,,Única,Não existe,,,2347,202227810
2022-11-22,00:00:00,COM VÍTIMA,FINALIZADA,BOA VISTA,AV CRUZ CABUGA,0,,,FACULDADE DE DIREITO,,,,BOA VISTA,COLISÃO FRONTAL,,1,1,0,0,0,0,0,0,0,1,0,31,,Cruzamento,Chuvoso,Sem defeito,Perfeito estado,Molhada,Perfeito estado,,R-6a,40 km/h,Dupla,Canteiro central,Blocos,,2348,202227812
2022-11-23,00:00:00,COM VÍTIMA,FINALIZADA,IBURA,AV DOIS RIOS,3,250,,SENA SAÚDE CONSULTÓRIOS,,,,IBURA,COLISÃO LATERAL,,1,1,0,0,0,0,0,0,0,1,0,,,,,,,,,,,,,,,,2350,202227867
2022-11-23,00:00:00,COM VÍTIMA,FINALIZADA,IPUTINGA,AV MAURICIO DE NASSAU,3,134,RUA ENGENHEIRO MOACYR PARAHYBA,APOS A CLINICA FUNDAÇAÕ  ALTINO VENTURA S/T BR,,,,IPUTINGA,COLISÃO FRONTAL,,1,1,0,0,0,0,0,0,0,1,0,,SUBURBIO,Cruzamento,Bom,Não existe,Não existente,Seca,Perfeito estado,Não existe,Não há placas,,Dupla,Faixa contínua,,,2352,202227878
2022-11-23,00:00:00,COM VÍTIMA,FINALIZADA,CASA AMARELA,EST DO ENCANAMENTO,4,1284,RUA JADER DE ANDRADE,E/F A CASA DE FESTA ESTRIPULIA,,,,CASA AMARELA,COLISÃO FRONTAL,,1,1,0,0,0,0,0,0,0,2,0,,,Cruzamento,Bom,Não existe,Perfeito estado,Seca,Perfeito estado,Não existe,Placas Pare,,Única,Faixa seccionada,,,2353,202227891
2022-11-23,00:00:00,VÍTIMA FATAL,FINALIZADA,CORDEIRO,AV GENERAL SAN MARTIN,0,,,EM FRENTE AOS CORREIOS,,,,CORDEIRO,QUEDA,,0,0,0,0,1,1,0,0,0,0,1,403,SUBURBIO,Longo da via,Bom,Desligado,Perfeito estado,Seca,Perfeito estado,Faixa de pedestre,R-6a,,Dupla,Faixa contínua,,,2354,202227909
2022-11-24,00:00:00,COM VÍTIMA,FINALIZADA,IPSEP,RUA PINTOR LULA CARDOSO AYRES,3,S/N,,"EM FRENTE A FACTOR COMERCIO, PROX AO SAL E BRASA,",,,,IPSEP,COLISÃO FRONTAL,,3,0,0,0,0,0,0,0,0,1,0,,,,,,,,,,,,,,,,2355,202227922
2022-11-24,00:00:00,COM VÍTIMA,FINALIZADA,HIPODROMO,RUA PRUDENTE DE MORAES,3,124,,ULTRA GÁS,,,,HIPÓDROMO,COLISÃO LATERAL,,1,1,0,0,0,0,0,0,0,1,0,,,Cruzamento,Bom,Não existe,Perfeito estado,Seca,Perfeito estado,Faixa de pedestre,Placas Pare,,Dupla,Faixa seccionada,,,2357,202227926
2022-11-24,00:00:00,COM VÍTIMA,FINALIZADA,IPSEP,RUA PINTOR LULA CARDOSO AYRES,3,595,,"EM FRENTE A FATO COMERCIO, PROX AO SAL E BRASA E AO TENIS CLUBE",,,,IPSEP,COLISÃO FRONTAL,,3,0,0,0,0,0,0,0,0,1,0,,,Longo da via,Bom,Não existe,Não existente,Seca,Perfeito estado,Não existe,Não há placas,30 km/h,Única,Não existe,,,2358,202227941
2022-11-24,00:00:00,COM VÍTIMA,FINALIZADA,GRACAS,RUA SOUZA DE ANDRADE,3,241,RUA ANTONIO NOVAIS,POR TRAS DO COLEGIO SAO LUIZ,,,,GRAÇAS,COLISÃO FRONTAL,,1,1,0,0,0,0,0,0,0,2,0,,,Cruzamento,Bom,Não existe,Perfeito estado,Seca,Perfeito estado,Não existe,Placas Pare,,Dupla,Não existe,,,2359,202227971
2022-11-24,00:00:00,COM VÍTIMA,FINALIZADA,MADALENA,AV CAXANGA,3,521,,EM FRENTE AO COMPAZ MIGUEL ARRAES,,,,MADALENA,ATROPELAMENTO DE PESSOA,,0,1,0,0,1,0,0,0,0,2,0,489,CIDADE,Longo da via,Bom,Sem defeito,Incompleta,Seca,Mal conservada,Faixa de pedestre,R-6a,60 km/h,Dupla,Faixa contínua,Faixa seccionada,Canteiro central,2361,202227980
2022-11-24,00:00:00,COM VÍTIMA,FINALIZADA,CASA FORTE,AV DEZESSETE DE AGOSTO,2,99,,AO LADO DO BRADESCO,,,,CASA FORTE,COLISÃO FRONTAL,,1,1,0,0,0,0,0,0,0,1,0,,CIDADE,Longo da via,Bom,Não existe,Perfeito estado,Seca,Perfeito estado,Não existe,R-6a,60 km/h,Dupla,Faixa seccionada,,,2362,202227984
2022-11-24,00:00:00,COM VÍTIMA,FINALIZADA,BOA VISTA,AV GOVERNADOR AGAMENON MAGALHAES,0,,,APOS O BOMPREÇO DA BENFICA  NO GIRADOURO DO BRADESCO SEGUROS  VT 29 NO LOCAL,,,,BOA VISTA,COLISÃO LATERAL,,1,1,0,0,0,0,0,0,0,1,0,,,Longo da via,Bom,Não existe,Perfeito estado,Seca,Perfeito estado,Não existe,R-6a,60 km/h,Dupla,Canteiro central,,,2363,202227987
2022-11-24,00:00:00,COM VÍTIMA,FINALIZADA,AFOGADOS,RUA SAO MIGUEL,0,,RUA VEREADOR FRANCISCO DE PAULA SANTANA CHICO DA MANOLA,EM FRENTE AO ARMAZEM CORAL,,,,AFOGADOS,COLISÃO LATERAL,,1,1,0,0,0,0,0,0,0,1,0,,CIDADE,Longo da via,Bom,Não existe,Não existente,Seca,Perfeito estado,Não existe,Não há placas,60 km/h,Dupla,Não existe,,,2365,202227992
2022-11-24,00:00:00,COM VÍTIMA,FINALIZADA,IPUTINGA,AV MARIO ALVARES PEREIRA DE LYRA,3,139,,PROX AO SEMÁFORO 134,,,,IPUTINGA,QUEDA,,0,1,0,0,0,0,0,0,0,1,0,,,,,,,,,,,,,,,,2366,202227995
2022-11-24,00:00:00,COM VÍTIMA,FINALIZADA,SAO JOSE,C DO APOLO,3,594,,EM FRENTE AO TRIBUNAL REGIONAL FEDERAL,,,,SÃO JOSÉ,COLISÃO LATERAL,,0,2,0,0,0,0,0,0,0,1,0,,,Longo da via,Bom,Não existe,Perfeito estado,Seca,Perfeito estado,,,,Dupla,Canteiro central,,,2367,202227996
2022-11-24,00:00:00,COM VÍTIMA,FINALIZADA,JORDAO,AV MARIA IRENE,3,875,,POSTO DE GASOLINA TOTAL,,,,JORDÃO,COLISÃO FRONTAL,,0,2,0,0,0,0,0,0,0,3,0,,,Longo da via,Bom,Sem defeito,Perfeito estado,Seca,Perfeito estado,Faixa de pedestre,,,Dupla,Faixa contínua,,,2368,202228008
2022-11-24,00:00:00,COM VÍTIMA,FINALIZADA,CORDEIRO,RUA EDUARDO FONSECA,3,121,,,,,,CORDEIRO,COLISÃO FRONTAL,,1,1,0,0,0,0,0,0,0,1,0,,,Cruzamento,Chuvoso,Não existe,Perfeito estado,Seca,Perfeito estado,Não existe,R-6a,,Única,Faixa seccionada,,,2369,202228009
2022-11-25,00:00:00,COM VÍTIMA,FINALIZADA,BONGI,EST DO BONGI,3,365,,EM FRENTE AO TOYOTA EMPILHADEIRA,,,,BONGI,COLISÃO LATERAL,,1,1,0,0,0,0,0,0,0,1,0,,CIDADE,Longo da via,Bom,Não existe,Incompleta,Seca,Perfeito estado,Não existe,Não há placas,,Dupla,Não existe,,,2371,202228055
2022-11-25,00:00:00,COM VÍTIMA,FINALIZADA,BOA VIAGEM,AV CELSO FURTADO,3,215,,ANTES DO COLEGIO GGE / POR TRÁS DO SUPERMECARDO BIG BOMPREÇO,,,,BOA VIAGEM,COLISÃO TRASEIRA,,2,0,0,0,0,0,0,0,0,2,0,,SUBURBIO / PIEDADE,Ponte,Bom,Não existe,Perfeito estado,Seca,Perfeito estado,Não existe,Outras,50 km/h,Dupla,Canal,,,2372,202228057
2022-11-25,00:00:00,COM VÍTIMA,FINALIZADA,CASA AMARELA,RUA PADRE LEMOS,3,743,,EM FRENTE AO POSTO DE GASOLINA BR,,,,CASA AMARELA,COLISÃO LATERAL,,1,1,0,0,0,0,0,0,0,1,0,,,Longo da via,Bom,Não existe,Não existente,Seca,Perfeito estado,Não existe,Não há placas,,Dupla,Não existe,,,2373,202228069
2022-11-25,00:00:00,COM VÍTIMA,FINALIZADA,SAN MARTIN,AV GENERAL SAN MARTIN,4,2337,,NO GIRADOURO DE SAN MARTIN,,,,SAN MARTIN,ATROPELAMENTO DE PESSOA,,1,0,0,0,1,0,0,0,0,1,0,,SUBURBIO,Rotatória,Bom,Não existe,Perfeito estado,Seca,Perfeito estado,Não existe,Não há placas,,Única,Não existe,,,2374,202228075
2022-11-25,00:00:00,COM VÍTIMA,FINALIZADA,CAXANGA,AV CAXANGA,0,,,E/F AO ESPAÇO CIDADANIA  VT 13 NO LOCAL  S/T CID,,,,CAXANGÁ,COLISÃO TRASEIRA,,1,1,0,0,0,0,0,0,0,1,0,,,Longo da via,Bom,Não existe,Incompleta,Seca,Perfeito estado,Não existe,Não há placas,,Dupla,Canteiro central,,,2375,202228076
2022-11-25,00:00:00,COM VÍTIMA,FINALIZADA,CAMPO GRANDE,RUA ODORICO MENDES,3,882,,AO LADO DO INSTITUTO DE CRIMINASLISTICA IC,,,,CAMPO GRANDE,COLISÃO LATERAL,,0,1,0,0,0,0,0,1,0,1,0,,,Cruzamento,Bom,Sem defeito,Perfeito estado,Seca,Perfeito estado,Não existe,Outras,40 km/h,Dupla,Blocos,,,2376,202228085
2022-11-26,00:00:00,COM VÍTIMA,FINALIZADA,BOA VIAGEM,RUA VISCONDE DE JEQUITINHONHA,0,,RUA PROFESSOR MARIO CASTRO,SEMAFORO 158,,,,BOA VIAGEM,COLISÃO FRONTAL,,1,1,0,0,0,0,0,0,0,1,0,,,Cruzamento,Bom,Sem defeito,Perfeito estado,Seca,Perfeito estado,Faixa de pedestre,Não há placas,,Única,Faixa seccionada,,,2377,202228102
2022-11-26,00:00:00,COM VÍTIMA,FINALIZADA,SANTO AMARO,RUA DOS PALMARES,0,,RUA DO POMBAL,PROX. A CLINICA WALDEMAR DE OLIVEIRA,,,,SANTO AMARO,COLISÃO LATERAL,,1,1,0,0,0,0,0,0,0,1,0,,,Cruzamento,Bom,Não existe,Perfeito estado,Seca,Perfeito estado,,Não há placas,,Dupla,Faixa seccionada,Canteiro central,,2378,202228120
2022-11-26,00:00:00,COM VÍTIMA,FINALIZADA,SAN MARTIN,RUA VINTE E UM DE ABRIL,4,3470,,PROX AO MERCADINHO COMPRE MAIS,,,,SAN MARTIN,ATROPELAMENTO DE PESSOA,,1,0,0,0,1,0,0,0,0,1,0,,SUBURBIO,Longo da via,Bom,Não existe,Não existente,Seca,Perfeito estado,Não existe,Não há placas,40 km/h,Dupla,Faixa seccionada,,,2379,202228130
2022-11-26,00:00:00,COM VÍTIMA,FINALIZADA,BOA VIAGEM,RUA VISCONDE DE JEQUITINHONHA,0,,RUA PROFESSOR MARIO CASTRO,NO SEMAFORO 158,,,,BOA VIAGEM,COLISÃO LATERAL,,1,1,0,0,0,0,0,0,0,1,0,,,,,,,,,,,,,,,,2380,202228135
2022-11-26,00:00:00,COM VÍTIMA,FINALIZADA,SAN MARTIN,AV GENERAL SAN MARTIN,6,1648 B,,PIZZARIA PASSIRA,,,,SAN MARTIN,COLISÃO FRONTAL,,1,1,0,0,0,0,0,0,0,1,0,,,Cruzamento,Bom,Não existe,Perfeito estado,Seca,Perfeito estado,Não existe,Não há placas,,Dupla,Faixa contínua,,,2382,202228164
2022-11-27,00:00:00,COM VÍTIMA,FINALIZADA,BOA VIAGEM,AV BOA VIAGEM,4,2724,,EM FRENTE A PADARIA BOA VIAGEM,,,,BOA VIAGEM,ATROPELAMENTO DE PESSOA,,1,0,0,0,1,0,0,0,0,1,0,,CIDADE,Longo da via,Bom,Não existe,Perfeito estado,Seca,Perfeito estado,Não existe,Não há placas,,Única,Faixa seccionada,,,2383,202228171
2022-11-27,00:00:00,COM VÍTIMA,FINALIZADA,TORRE,RUA CLOVIS BEVILAQUA,2,50,RUA AGUAS BELAS,APOS AO RESTAURANTE IPON,,,,TORRE,QUEDA,,0,1,0,0,0,0,0,0,0,1,0,,,Cruzamento,Bom,Não existe,Perfeito estado,Seca,Perfeito estado,Outros,Outras,,Dupla,Não existe,,,2384,202228190
2022-11-27,00:00:00,COM VÍTIMA,FINALIZADA,SANTO ANTONIO,AV GUARARAPES,0,,AV DANTAS BARRETO,AV DANTAS BARRETO,,,,SANTO ANTÔNIO,COLISÃO LATERAL,,1,0,0,0,0,1,0,0,0,1,0,15,,Cruzamento,Bom,Sem defeito,Perfeito estado,Seca,Perfeito estado,Não existe,Não há placas,,Dupla,,,,2387,202228217
2022-11-27,00:00:00,COM VÍTIMA,FINALIZADA,PARNAMIRIM,RUA VIRGINIA LORETO,3,188,,PROX RESTAURANTE GUAIAMUM GIGANTE,,,,PARNAMIRIM,COLISÃO LATERAL,,1,1,0,0,0,0,0,0,0,1,0,,,Cruzamento,Bom,Não existe,Perfeito estado,Seca,Perfeito estado,Não existe,R-6a,,Única,Faixa seccionada,,,2388,202228237
2022-11-28,00:00:00,COM VÍTIMA,FINALIZADA,CAMPO GRANDE,RUA ODORICO MENDES,3,S/N,RUA VISCONDE DE CAIRU,PROX AO0 COLEGIO JESUS CRUCIFICADO,,,,CAMPO GRANDE,COLISÃO LATERAL,,1,1,0,0,0,0,0,0,0,1,0,,,,,,,,,,,,,,,,2389,202228260
2022-11-28,00:00:00,COM VÍTIMA,FINALIZADA,ENCRUZILHADA,AV BEBERIBE,3,433,,PROXIMO AO BANCO DO BRASIL,,,,ENCRUZILHADA,COLISÃO LATERAL,,1,1,0,0,0,0,0,0,0,1,0,,,Cruzamento,Bom,Não existe,Perfeito estado,Seca,Perfeito estado,Não existe,Não há placas,,Dupla,Faixa contínua,,,2390,202228279
2022-11-28,00:00:00,COM VÍTIMA,FINALIZADA,MADALENA,RUA JOSE OSORIO,3,522,,PROX A VISTORIA DO DETRAN DA MADALENA,,,,MADALENA,COLISÃO FRONTAL,,1,1,0,0,0,0,0,0,0,1,0,,SUBURBIO,Cruzamento,Bom,Não existe,Incompleta,Seca,Mal conservada,Não existe,R-6a,40 km/h,Dupla,Faixa contínua,Faixa seccionada,,2391,202228281
2022-11-28,00:00:00,COM VÍTIMA,FINALIZADA,SAN MARTIN,AV GENERAL SAN MARTIN,0,,,EM FRENTE AO NOVO ATACAREJO,,,,SAN MARTIN,COLISÃO LATERAL,,1,1,0,0,0,0,0,0,0,1,0,,,Outros,Bom,Sem defeito,Perfeito estado,Seca,Perfeito estado,Outros,R-5a,,Dupla,Não existe,,,2392,202228284
2022-11-28,00:00:00,COM VÍTIMA,FINALIZADA,VASCO DA GAMA,RUA VASCO DA GAMA,3,667,,EM FRENTE AO SUPERMERCADO PERNAMBUCANO,,,,VASCO DA GAMA,COLISÃO FRONTAL,,0,2,0,0,0,0,0,0,0,1,0,,SUBURBIO,Longo da via,Bom,Não existe,Perfeito estado,Seca,Perfeito estado,Não existe,R-6a,30 km/h,Dupla,Faixa seccionada,,,2393,202228289
2022-11-28,00:00:00,COM VÍTIMA,FINALIZADA,CASA FORTE,AV DEZESSETE DE AGOSTO,0,,,EM FRENTE A PRAÇA DE CASA FORTE,,,,CASA FORTE,COLISÃO FRONTAL,,2,0,0,0,0,0,0,0,0,2,0,,SUBURBIO,Longo da via,Bom,Não existe,Perfeito estado,Seca,Perfeito estado,Não existe,Não há placas,,Dupla,Faixa contínua,,,2394,202228311
2022-11-28,00:00:00,COM VÍTIMA,FINALIZADA,APIPUCOS,RUA DE APIPUCOS,3,261,,AÇUDE DE APIPUCOS,,,,APIPUCOS,COLISÃO TRASEIRA,,1,1,0,0,0,0,0,0,0,2,0,,,Longo da via,Bom,Não existe,Perfeito estado,Seca,Perfeito estado,Não existe,Não há placas,,Dupla,Faixa contínua,,,2396,202228316
2022-11-29,00:00:00,COM VÍTIMA,FINALIZADA,IPUTINGA,AV CAXANGA,0,,,EM FRENTE AO GOLF CLUB SENT. CIDADE,,,,IPUTINGA,COLISÃO TRASEIRA,,1,1,0,0,0,0,0,0,0,1,0,,,,,,,,,,,,,,,,2397,202228335
2022-11-29,00:00:00,COM VÍTIMA,FINALIZADA,VARZEA,RUA ACADEMICO HELIO RAMOS,3,238,,PROX. AO RESTAURANTE CEU DA BOCA,,,,VÁRZEA,COLISÃO LATERAL,,1,1,0,0,0,0,0,0,0,1,0,,,,,,,,,,,,,,,,2398,202228337
2022-11-29,00:00:00,COM VÍTIMA,FINALIZADA,ESPINHEIRO,RUA CONS PORTELA,4,1716,AV JOAO DE BARROS,POR TRÁS DO BANCO ITAÚ,,,,ESPINHEIRO,COLISÃO TRASEIRA,,1,1,0,0,0,0,0,0,0,1,0,,,,,,,,,,,,,,,,2399,202228343
2022-11-29,00:00:00,COM VÍTIMA,FINALIZADA,ESPINHEIRO,RUA CONS PORTELA,0,,AV JOAO DE BARROS,AV JOÃO DE BARROS,,,,ESPINHEIRO,COLISÃO LATERAL,,1,2,0,0,0,0,0,0,0,2,0,,,,,,,,,,,,,,,,2400,202228351
2022-11-29,00:00:00,COM VÍTIMA,FINALIZADA,SANTO AMARO,RUA DOS PALMARES,0,,,EM FRENTE A POLICLINICA VALDEMAR DE OLIVEIRA,,,,SANTO AMARO,COLISÃO LATERAL,,1,1,0,0,0,0,0,0,0,1,0,,,,,,,,,,,,,,,,2401,202228356
2022-11-29,00:00:00,COM VÍTIMA,FINALIZADA,PINA,AV ANTONIO DE GOES,3,742,,EM FRENTE AO EMPRESARIAL JOPIN,,,,PINA,COLISÃO TRASEIRA,,1,1,0,0,0,0,0,0,0,1,0,,,,,,,,,,,,,,,,2402,202228373
2022-11-29,00:00:00,COM VÍTIMA,FINALIZADA,CORDEIRO,AV CAXANGA,4,1777,,RANCHO ALEGRE PRODUTOS AGROPECUÁRIO,,,,CORDEIRO,ATROPELAMENTO DE PESSOA,,0,1,0,0,1,0,0,0,0,1,0,,,,,,,,,,,,,,,,2403,202228376
2022-11-29,00:00:00,COM VÍTIMA,FINALIZADA,IPUTINGA,EST DO BARBALHO,0,,,E/F  AUTO ESCOLA CEFOC PROX AO DETRAN,,,,IPUTINGA,COLISÃO FRONTAL,,0,0,1,0,0,1,0,0,0,1,0,,,,,,,,,,,,,,,,2404,202228387
2022-11-29,00:00:00,COM VÍTIMA,FINALIZADA,IPSEP,AV RECIFE,0,,,E/F AO SUPERMERCADO ECONOMICO,,,,IPSEP,COLISÃO FRONTAL,,0,2,0,0,0,0,0,0,0,2,0,,CIDADE,,,,,,,,,,,,,,2405,202228390
2022-11-29,00:00:00,COM VÍTIMA,FINALIZADA,SAO JOSE,AV SUL,0,,,PROXIMO A SAIDA DA ROCAN,,,,SÃO JOSÉ,COLISÃO LATERAL,,0,2,0,0,0,0,0,0,0,1,0,,,,,,,,,,,,,,,,2406,202228391
2022-11-29,00:00:00,COM VÍTIMA,FINALIZADA,IPUTINGA,AV MARECHAL CORDEIRO DE FARIAS,0,,,NA RUA DO MUSEU DA MOEDA,,,,IPUTINGA,COLISÃO LATERAL,,1,1,0,0,0,0,0,0,0,1,0,,,,,,,,,,,,,,,,2407,202228406
2022-11-30,00:00:00,COM VÍTIMA,FINALIZADA,SANTO AMARO,AV JOAO DE BARROS,3,860,,PRÓXIMO AO VIADUTO,,,,SANTO AMARO,COLISÃO TRASEIRA,,1,0,0,0,0,1,0,0,0,1,0,,,,,,,,,,,,,,,,2408,202228414
2022-11-30,00:00:00,COM VÍTIMA,FINALIZADA,IMBIRIBEIRA,AV MARECHAL MASCARENHAS DE MORAES,4,4555,,PRÓX. À CONCESSIONÁRIA TOYOLEX,,,,IMBIRIBEIRA,COLISÃO TRASEIRA,,1,1,0,0,0,0,0,0,0,1,0,,,,,,,,,,,,,,,,2410,202228419
2022-11-30,00:00:00,COM VÍTIMA,FINALIZADA,BRASILIA TEIMOSA,RUA ATUM,3,118,,"DESCIDA DO VIADUTO, SENTIDO CIDADE",,,,BRASÍLIA TEIMOSA,QUEDA,,0,1,0,0,0,0,0,0,0,1,0,,,,,,,,,,,,,,,,2413,202228450
2022-11-30,00:00:00,COM VÍTIMA,FINALIZADA,IBURA,AV CHAPADA DO ARARIPE,0,,,ESCOLA MUNICIPAL MONTE VERDE,,,,IBURA,COLISÃO FRONTAL,,0,2,0,0,0,0,0,0,0,1,0,,,,,,,,,,,,,,,,2414,202228475
2022-12-01,00:00:00,COM VÍTIMA,FINALIZADA,AREIAS,AV RECIFE,4,3415,,PRÓXIMO AO SUPERMECADO MAX,,,,AREIAS,COLISÃO LATERAL,,0,1,0,0,0,0,1,0,0,1,0,,,Longo da via,Bom,Não existe,Perfeito estado,Seca,Perfeito estado,Não existe,Não há placas,,Dupla,Não existe,,,2415,202228535
2022-12-01,00:00:00,COM VÍTIMA,FINALIZADA,AFOGADOS,RUA SAO MIGUEL,0,,,EM FRENTE AO BODE DO NO,,,,AFOGADOS,ATROPELAMENTO DE PESSOA,,0,0,0,0,1,1,0,0,0,1,0,392,,Longo da via,Bom,Sem defeito,Incompleta,Seca,Perfeito estado,Não existe,Não há placas,,Dupla,Não existe,,,2416,202228549
2022-12-01,00:00:00,COM VÍTIMA,FINALIZADA,APIPUCOS,RUA DOIS IRMAOS,2,92,,EM FRENTE A FUNDAÇÃO JOAQUM NABUCO,,,,APIPUCOS,COLISÃO LATERAL,,1,1,0,0,0,0,0,0,0,1,0,,SUBURBIO,Longo da via,Bom,Não existe,Perfeito estado,Seca,Perfeito estado,Não existe,Não há placas,,Dupla,Faixa contínua,,,2417,202228572
2022-12-02,00:00:00,COM VÍTIMA,FINALIZADA,BOA VIAGEM,AV ENGENHEIRO DOMINGOS FERREIRA,4,3436,RUA PADRE CARAPUCEIRO,IGREJA UNIVERSAL,,,,BOA VIAGEM,COLISÃO TRANSVERSAL,,1,1,0,0,0,0,0,0,0,2,0,216,SUBURBIO,Cruzamento,Bom,Sem defeito,Perfeito estado,Seca,Perfeito estado,,Outras,40 km/h,Única,Canteiro central,,,2419,202228582