data,hora,natureza_acidente,situacao,bairro,endereco,,numero,detalhe_endereco_acidente,complemento,endereco_cruzamento,numero_cruzamento,referencia_cruzamento,bairro_cruzamento,tipo,descricao,auto,moto,ciclom,ciclista,pedestre,onibus,caminhao,viatura,outros,vitimas,vitimasfatais,num_semaforo,sentido_via,acidente_verificado,tempo_clima,situacao_semaforo,sinalizacao,condicao_via,conservacao_via,ponto_controle,situacao_placa,velocidade_max_via,mao_direcao,divisao_via1,divisao_via2,divisao_via3,_id,Protocolo
2022-12-20,00:00:00,COM VÍTIMA,FINALIZADA,SANCHO,RUA DO SANCHO,3,255,RUA APRIGIO GUIMARAES,AO LADO DA IGREJA SALÃO DO REINO DAS TESTEMUNHA DE JEOVA,,,,SANCHO,COLISÃO TRASEIRA,,2,0,0,0,0,0,0,0,0,1,0,,,Longo da via,Bom,Não existe,Não existente,Seca,Perfeito estado,Não existe,Não há placas,,Dupla,Não existe,,,2584,202230622
2022-12-20,00:00:00,COM VÍTIMA,FINALIZADA,VASCO DA GAMA,RUA VASCO DA GAMA,4,4095,,SUBIDA DO VISGUEIRO,,,,VASCO DA GAMA,ATROPELAMENTO DE PESSOA,,0,0,0,0,1,1,0,0,0,1,0,,,Longo da via,Bom,Não existe,Não existente,Seca,Perfeito estado,Não existe,Não há placas,,Dupla,Não existe,,,2586,202230630
2022-12-21,00:00:00,COM VÍTIMA,FINALIZADA,PRADO,AV ENGENHEIRO ABDIAS DE CARVALHO,4,1079,RUA JOAO IVO DA SILVA,PRÓXIMO AO HABIBBS,,,,PRADO,COLISÃO FRONTAL,,0,1,0,0,0,0,1,0,0,1,0,132,SUBURBIO,Cruzamento,Bom,Sem defeito,Perfeito estado,Seca,Perfeito estado,Faixa de pedestre,Não há placas,,Dupla,Faixa contínua,Canteiro central,,2587,202230637
2022-12-21,00:00:00,COM VÍTIMA,FINALIZADA,CAMPO GRANDE,EST DE BELEM,4,1470,RUA TENENTE FORTUNA,,,,,CAMPO GRANDE,COLISÃO TRANSVERSAL,,1,1,0,0,0,0,0,0,0,1,0,,,,,,,,,,,,,,,,2588,202230660
2022-12-21,00:00:00,COM VÍTIMA,FINALIZADA,IPUTINGA,RUA RIBEIRO PESSOA,0,,AV CAXANGA,AO LADO DA UPA,,,,IPUTINGA,COLISÃO FRONTAL,,2,1,0,0,0,0,0,0,0,1,0,281,CIDADE,Cruzamento,Bom,Sem defeito,Perfeito estado,Seca,Perfeito estado,Agente,Outras,60 km/h,Única,Não existe,,,2589,202230662
2022-12-21,00:00:00,COM VÍTIMA,FINALIZADA,CORDEIRO,RUA SOUZA BANDEIRA,2,54,,PROX A FARMACIA DROGASIL,,,,CORDEIRO,COLISÃO COM CICLISTA,,1,0,0,1,0,0,0,0,0,1,0,,CIDADE,Longo da via,Bom,Não existe,Perfeito estado,Seca,Perfeito estado,Não existe,Outras,,Única,Faixa seccionada,,,2590,202230671
2022-12-21,00:00:00,COM VÍTIMA,FINALIZADA,SAN MARTIN,AV JOAO CABRAL DE MELO NETO,3,416,,NA PONTE APÓS A ROTATORIA SENTIDO AV. RECIFE,,,,SAN MARTIN,ATROPELAMENTO DE PESSOA,,1,0,0,0,1,0,0,0,0,1,0,,CIDADE,Ponte,Bom,Não existe,Não existente,Seca,Perfeito estado,Não existe,Não há placas,,Dupla,Canteiro central,,,2591,202230690
2022-12-21,00:00:00,COM VÍTIMA,FINALIZADA,TORRE,RUA JOSE BONIFACIO,4,1315,,ESTACIONAMENTO DO CARREFOUR,,,,TORRE,COLISÃO FRONTAL,,1,1,0,0,0,0,0,0,0,1,0,,,Outros,Bom,,Perfeito estado,Seca,Perfeito estado,Não existe,Não há placas,,Única,Faixa seccionada,,,2592,202230693
2022-12-21,00:00:00,COM VÍTIMA,FINALIZADA,ESPINHEIRO,RUA MARQUES DO PARANA,0,,RUA ALFREDO DE CARVALHO,PROXIMO A SIMONE BARROS E AO MARTELINHO DE OURO,,,,ESPINHEIRO,COLISÃO LATERAL,,1,1,0,0,0,0,0,0,0,1,0,,CIDADE,Cruzamento,Bom,Não existe,Perfeito estado,Seca,Perfeito estado,Faixa de retenção,"Placas ""Pare""",30 km/h,Única,Não existe,,,2593,202230696
2022-12-21,00:00:00,COM VÍTIMA,FINALIZADA,BARRO,AV DR JOSE RUFINO,4,1640,,EM FRENTE A ENTRADA DE JARDIM UCHOA,,,,BARRO,COLISÃO LATERAL,,1,1,0,0,0,0,0,0,0,2,0,557,CIDADE,Esquina,Bom,Sem defeito,Incompleta,Seca,Mal conservada,Faixa de pedestre,Não há placas,,Dupla,Não existe,,,2594,202230703
2022-12-22,00:00:00,COM VÍTIMA,FINALIZADA,CASA AMARELA,AV NORTE MIGUEL ARRAES DE ALENCAR,4,6607,RUA BONITO DE SANTA FE,"PROX. A MATERNIDADE BARROS LIMA, SENT. CIDADE",,,,CASA AMARELA,COLISÃO COM CICLISTA,,0,0,0,1,0,1,0,0,0,1,0,256,CIDADE,Longo da via,Nublado,Sem defeito,Perfeito estado,Seca,,,Outras,,Única,Canteiro central,,,2595,202230755
2022-12-22,00:00:00,COM VÍTIMA,FINALIZADA,IPSEP,RUA MANOEL BEKMANN,2,88,RUA ALEXANDRE ALMEIDA,PROX. A PRAÇA DO IPSEP,,,,IPSEP,COLISÃO FRONTAL,,1,1,0,0,0,0,0,0,0,1,0,,,Longo da via,Bom,Não existe,Não existente,Seca,,Não existe,Não há placas,,Dupla,Não existe,,,2596,202230761
2022-12-22,00:00:00,COM VÍTIMA,FINALIZADA,ILHA DO LEITE,RUA FRANCISCO ALVES,3,212,,PROX. AO HOSPITAL ESPERANÇA,,,,ILHA DO LEITE,COLISÃO LATERAL,,1,1,0,0,0,0,0,0,0,1,0,,CIDADE,Longo da via,Bom,Não existe,Perfeito estado,Seca,Perfeito estado,Não existe,Não há placas,40 km/h,Dupla,Faixa contínua,,,2597,202230764
2022-12-22,00:00:00,COM VÍTIMA,FINALIZADA,DERBY,PRC DO DERBY,0,,AV GOVERNADOR AGAMENON MAGALHAES,PRÓX. AO BRADESCO,,,,DERBY,COLISÃO LATERAL,,0,1,0,0,0,1,0,0,0,1,0,,,Cruzamento,Bom,Sem defeito,Perfeito estado,Seca,Perfeito estado,Agente,Outras,60 km/h,Única,Faixa seccionada,,,2598,202230767
2022-12-22,00:00:00,COM VÍTIMA,FINALIZADA,RECIFE,RUA DA AURORA,0,,RUA PRINCESA IZABEL,EM FRENTE A DELEGACIA DA POLÍCIA CIVIL.,,,,BAIRRO DO RECIFE,COLISÃO FRONTAL,,1,1,0,0,0,0,0,0,0,1,0,,,Cruzamento,Bom,Sem defeito,Perfeito estado,Seca,Perfeito estado,Faixa de retenção,Não há placas,,Única,Não existe,,,2599,202230774
2022-12-22,00:00:00,COM VÍTIMA,FINALIZADA,CAMPO GRANDE,EST DE BELEM,3,692,,EM FRENTE AO RESTAURANTE PASSIRA,,,,CAMPO GRANDE,COLISÃO FRONTAL,,1,1,0,0,0,0,0,0,0,1,0,504,,Cruzamento,Bom,Sem defeito,Perfeito estado,Seca,Perfeito estado,,R-6a,,Dupla,Faixa contínua,,,2600,202230806
2022-12-22,00:00:00,COM VÍTIMA,FINALIZADA,AREIAS,RUA IPOJUCA,3,273,,AO LADO DA ESCOLA MUNICIPAL DE AREIAS,,,,AREIAS,COLISÃO FRONTAL,,1,1,0,0,0,0,0,0,0,1,0,,,Cruzamento,Bom,Não existe,Incompleta,Seca,Mal conservada,Não existe,"Placas ""Pare""",30 km/h,Dupla,Não existe,,,2601,202230813
2022-12-22,00:00:00,COM VÍTIMA,FINALIZADA,BOA VIAGEM,RUA ANTONIO FALCAO,3,735,,EM FRENTE A PARQUE DO TRIGO DELICATESSEN,,,,BOA VIAGEM,COLISÃO LATERAL,,1,1,0,0,0,0,0,0,0,1,0,,,Cruzamento,Bom,Não existe,Perfeito estado,Seca,Perfeito estado,Não existe,R-6a,,Única,Faixa seccionada,,,2602,202230832
2022-12-22,00:00:00,COM VÍTIMA,FINALIZADA,SANTO AMARO,RUA DO PRINCIPE,3,526,,UNIVERSIDADE CATÓLICA,,,,SANTO AMARO,COLISÃO FRONTAL,,1,1,0,0,0,0,0,0,0,1,0,,,Longo da via,Bom,Não existe,Perfeito estado,Seca,Perfeito estado,Não existe,Não há placas,,Única,Faixa seccionada,,,2603,202230856
2022-12-23,00:00:00,COM VÍTIMA,FINALIZADA,CASA AMARELA,RUA MAJOR NEREU GUERRA,0,,RUA DR CARLOS MAVIGNIER,PROX. AO COLEGIO PADRE MACHADO,,,,CASA AMARELA,COLISÃO FRONTAL,,1,1,0,0,0,0,0,0,0,1,0,,,Cruzamento,Bom,Não existe,Não existente,Seca,Perfeito estado,Não existe,Não há placas,,Dupla,Não existe,,,2604,202230887
2022-12-23,00:00:00,COM VÍTIMA,FINALIZADA,AFOGADOS,RUA COSME VIANA,0,,,POR TRÁS DO NOVO ATACAREJO- SENTIDO IMBIRIBEIRA,,,,AFOGADOS,COLISÃO LATERAL,,1,1,0,0,0,0,0,0,0,1,0,,,Longo da via,Bom,Não existe,Perfeito estado,Seca,Perfeito estado,Não existe,Outras,,Única,Não existe,,,2606,202230925
2022-12-23,00:00:00,COM VÍTIMA,FINALIZADA,IPSEP,AV RECIFE,0,,,NA ENTRADA DO IBURA DE BAIXO,,,,IPSEP,COLISÃO LATERAL,,1,1,0,0,0,0,0,0,0,1,0,,,Cruzamento,Bom,Sem defeito,Perfeito estado,Seca,Perfeito estado,Outros,Não há placas,60 km/h,Dupla,Canteiro central,,,2607,202230926
2022-12-23,00:00:00,COM VÍTIMA,FINALIZADA,BONGI,EST DO BONGI,3,955,,AV. MANOEL GONÇALVES DA LIZ,,,,BONGI,QUEDA,,0,1,0,0,0,0,0,0,0,1,0,,,Esquina,Bom,Não existe,Perfeito estado,Seca,Perfeito estado,Faixa de pedestre,Outras,,Dupla,Faixa contínua,,,2608,202230928
2022-12-23,00:00:00,COM VÍTIMA,FINALIZADA,SAO JOSE,RUA IMPERIAL,0,,RUA BOM SUCESSO,PROXIMO AO COLEGIO JOAQUIM NABUCO,,,,SÃO JOSÉ,COLISÃO TRANSVERSAL,,1,1,0,0,0,0,0,0,0,1,0,,SUBURBIO,Cruzamento,Bom,Não existe,Não existente,Seca,Perfeito estado,Não existe,Não há placas,,Única,Faixa seccionada,,,2609,202230957
2022-12-24,00:00:00,COM VÍTIMA,FINALIZADA,VARZEA,AV AFONSO OLINDENSE,0,,RUA DONA MARIA LACERDA,ESQUINA C/A RUA DONA MARIA LACERDA - ENTRADA PARA O 12º BATALHÃO DA PMPE,,,,VÁRZEA,COLISÃO LATERAL,,1,1,0,0,0,0,0,0,0,1,0,,,Longo da via,Bom,Não existe,Perfeito estado,Seca,Perfeito estado,Não existe,Não há placas,,Dupla,Faixa contínua,,,2610,202230964
2022-12-24,00:00:00,COM VÍTIMA,FINALIZADA,BOA VIAGEM,AV ENGENHEIRO DOMINGOS FERREIRA,0,,,COM A RUA ANTONIO FALCÃO,,,,BOA VIAGEM,COLISÃO LATERAL,,2,0,0,0,0,0,0,0,0,1,0,,,Cruzamento,Bom,Sem defeito,Perfeito estado,Seca,Perfeito estado,Faixa de pedestre,R-6a,,Única,Faixa seccionada,,,2613,202230971
2022-12-24,00:00:00,COM VÍTIMA,FINALIZADA,BEBERIBE,AV BEBERIBE,4,1772,,OFICINA SÃO MARCOS,,,,BEBERIBE,COLISÃO LATERAL,,1,1,0,0,0,0,0,0,0,1,0,,,Esquina,Bom,Não existe,Perfeito estado,Seca,Perfeito estado,Faixa de pedestre,Outras,,Dupla,Faixa contínua,,,2614,202230978
2022-12-24,00:00:00,COM VÍTIMA,FINALIZADA,ILHA JOANA BEZERRA,VDO PAPA JOAO PAULO II,0,,,"NA DESCIDA DO VIADUTO APOS A PASSARELA, SENT. BOA VIAGEM",,,,ILHA JOANA BEZERRA,COLISÃO TRASEIRA,,1,1,0,0,0,0,0,0,0,1,0,,,Longo da via,Bom,Não existe,Ilegível,Seca,Mal conservada,Não existe,Não há placas,60 km/h,Dupla,Faixa contínua,,,2615,202230987
2022-12-24,00:00:00,COM VÍTIMA,FINALIZADA,SANTO AMARO,AV JOAO DE BARROS,0,,,PG ALTO POSTO,,,,SANTO AMARO,COLISÃO LATERAL,,1,1,0,0,0,0,0,0,0,2,0,,,Cruzamento,Nublado,Sem defeito,Perfeito estado,Seca,Perfeito estado,Faixa de pedestre,Outras,,Única,Faixa seccionada,,,2616,202230990
2022-12-24,00:00:00,COM VÍTIMA,FINALIZADA,BOA VIAGEM,RUA RIBEIRO DE BRITO,4,1084,,E/F AO POSTO BR,,,,BOA VIAGEM,COLISÃO FRONTAL,,1,1,0,0,0,0,0,0,0,1,0,,,Cruzamento,Bom,Não existe,Perfeito estado,Seca,Perfeito estado,Faixa de pedestre,"Placas ""Pare""",60 km/h,Dupla,Faixa contínua,,,2617,202230996
2022-12-24,00:00:00,COM VÍTIMA,FINALIZADA,MACAXEIRA,AV NORTE MIGUEL ARRAES DE ALENCAR,0,,,PATIO URBANO DA MACAXEIRA,,,,MACAXEIRA,COLISÃO LATERAL,,0,2,0,0,0,0,0,0,0,2,0,,,Esquina,Bom,Sem defeito,Perfeito estado,Seca,Perfeito estado,Faixa de pedestre,R-6a,60 km/h,Dupla,Faixa seccionada,Canteiro central,,2618,202231000
2022-12-24,00:00:00,COM VÍTIMA,FINALIZADA,BOA VIAGEM,AV CONSELHEIRO AGUIAR,0,,,E/F AO MERCADO DE BOA VIAGEM SUPER BONPREÇO,,,,BOA VIAGEM,QUEDA,,0,1,0,0,0,0,0,0,0,1,0,,,Longo da via,Bom,Não existe,Perfeito estado,Seca,Perfeito estado,Não existe,R-6a,60 km/h,Única,Faixa seccionada,,,2619,202231017
2022-12-25,00:00:00,COM VÍTIMA,FINALIZADA,AREIAS,AV RECIFE,3,618,,EM FRENTE AO BOMPREÇO,,,,AREIAS,COLISÃO TRASEIRA,,1,1,0,0,0,0,0,0,0,1,0,,CAXANGA,Longo da via,Bom,Sem defeito,Perfeito estado,Seca,Perfeito estado,Faixa de pedestre,Não há placas,60 km/h,Dupla,Faixa contínua,,,2621,202231063
2022-12-25,00:00:00,COM VÍTIMA,FINALIZADA,IBURA,RUA VALE DO ITAJAI,0,,,EM FRENTE A PRAÇA DA UR-5,,,,IBURA,COLISÃO TRANSVERSAL,,1,1,0,0,0,0,0,0,0,2,0,,,Longo da via,Bom,Não existe,Incompleta,Seca,Perfeito estado,Não existe,Não há placas,,Inglesa,Não existe,,,2622,202231088
2022-12-26,00:00:00,COM VÍTIMA,FINALIZADA,SAO JOSE,AV SUL,3,S/N,,"PROX A EMPRESA DE ONIBUS MIL E DOIS, AO LADO DA PRAÇA SÉRGIO LORETO",,,,SÃO JOSÉ,COLISÃO LATERAL,,1,1,0,0,0,0,0,0,0,1,0,,,Longo da via,Bom,Sem defeito,Perfeito estado,Seca,Perfeito estado,Outros,Não há placas,,Única,Faixa contínua,Canteiro central,,2625,202231104
2022-12-26,00:00:00,COM VÍTIMA,FINALIZADA,CASA AMARELA,AV NORTE MIGUEL ARRAES DE ALENCAR,4,5121,RUA BELA VISTA,EM FRENTE AO RESTAURANTE O REI DA PICANHA,,,,CASA AMARELA,COLISÃO LATERAL,,1,1,0,0,0,0,0,0,0,1,0,677,CIDADE,Cruzamento,Bom,Sem defeito,Perfeito estado,Seca,Mal conservada,Faixa de pedestre,Outras,,Dupla,Canteiro central,,,2626,202231108
2022-12-26,00:00:00,COM VÍTIMA,FINALIZADA,TAMARINEIRA,AV CONS ROSA E SILVA,0,,RUA CONEGO BARATA,PROX. A CASA JOSE ARAUJO,,,,TAMARINEIRA,COLISÃO TRASEIRA,,1,0,0,0,0,1,0,0,0,2,0,,,Cruzamento,Bom,Sem defeito,Perfeito estado,Seca,Perfeito estado,Outros,R-4a,,Única,Canteiro central,,,2627,202231123
2022-12-26,00:00:00,COM VÍTIMA,FINALIZADA,BEBERIBE,AV BEBERIBE,0,,,EM FRENTE A PIZZARIA DO CHICÃO,,,,BEBERIBE,COLISÃO FRONTAL,,1,1,0,0,0,0,0,0,0,1,0,,SUBURBIO,Longo da via,Bom,Não existe,Perfeito estado,Seca,Perfeito estado,Não existe,Não há placas,60 km/h,Dupla,Faixa contínua,,,2628,202231158
2022-12-26,00:00:00,COM VÍTIMA,FINALIZADA,TOTO,AV LIBERDADE,0,,,EM FRENTE AO PARQUE DAS FLORES,,,,TOTÓ,ATROPELAMENTO DE PESSOA,,0,0,0,0,1,1,0,0,0,1,0,,,Longo da via,Bom,Não existe,Perfeito estado,Seca,Perfeito estado,Não existe,R-6a,,Dupla,Não existe,,,2629,202231159
2022-12-27,00:00:00,COM VÍTIMA,FINALIZADA,MADALENA,AV VISCONDE DE ALBUQUERQUE,0,,RUA LOPES DE CARVALHO,BAR MADALENA,,,,MADALENA,COLISÃO LATERAL,,1,1,0,0,0,0,0,0,0,1,0,,,Cruzamento,Bom,Não existe,Perfeito estado,Seca,Perfeito estado,Não existe,"Placas ""Pare""",,Única,Não existe,,,2633,202231206
2022-12-27,00:00:00,COM VÍTIMA,FINALIZADA,TORRE,RUA JOSE BONIFACIO,2,70,,CARREFOUR,,,,TORRE,COLISÃO LATERAL,,1,0,0,0,0,0,0,1,0,1,0,,,Longo da via,Bom,Sem defeito,Perfeito estado,Seca,Perfeito estado,Faixa de pedestre,Outras,,Única,Canteiro central,,,2634,202231207
2022-12-27,00:00:00,COM VÍTIMA,FINALIZADA,CASA AMARELA,RUA PAULA BATISTA,3,188,,PROX A PRAÇA DO TRABALHO  E AO CENTRO ESPIRITA MOACIR,,,,CASA AMARELA,COLISÃO LATERAL,,2,0,0,0,0,0,0,0,0,1,0,,,Cruzamento,Bom,Não existe,Não existente,Seca,Perfeito estado,Não existe,Não há placas,,Dupla,Não existe,,,2636,202231222
2022-12-27,00:00:00,COM VÍTIMA,FINALIZADA,CASA FORTE,AV FLOR DE SANTANA,3,190,,EM FRENTE AO EDIFICIO MARIO SOPHIA,,,,CASA FORTE,COLISÃO LATERAL,,1,1,0,0,0,0,0,0,0,1,0,,,Longo da via,Bom,Não existe,Incompleta,Seca,Perfeito estado,Não existe,Não há placas,,Dupla,Não existe,,,2638,202231233
2022-12-27,00:00:00,COM VÍTIMA,FINALIZADA,IMBIRIBEIRA,VDO PRESIDENTE TANCREDO NEVES,0,,,DESCIDA DO VIATUTO - SENTIDO RUA ERNESTO DE PAULA SANTOS - PRÓXIMO A ENTRADA DO ATACADÃO,,,,IMBIRIBEIRA,COLISÃO TRASEIRA,,1,1,0,0,0,0,0,0,0,1,0,,,Longo da via,Bom,Não existe,Perfeito estado,Seca,Perfeito estado,Não existe,Não há placas,,Única,Faixa seccionada,Canteiro central,,2641,202231247
2022-12-28,00:00:00,COM VÍTIMA,FINALIZADA,BOMBA DO HEMETERIO,RUA CHA DE ALEGRIA,3,107,,E/F AO ARMAZEM CARVALHO,,,,BOMBA DO HEMETÉRIO,COLISÃO COM CICLISTA,,0,0,0,1,0,1,0,0,0,1,0,,,Esquina,Bom,Não existe,Perfeito estado,Seca,Perfeito estado,Não existe,"Placas ""Pare""",,Dupla,Não existe,,,2643,202231323
2022-12-29,00:00:00,COM VÍTIMA,FINALIZADA,BOA VIAGEM,RUA CORONEL ANIZIO RODRIGUES COELHO,0,,RUA RIBEIRO DE BRITO,PRÓXIMO AO VIADUTO,,,,BOA VIAGEM,COLISÃO FRONTAL,,0,0,0,0,0,0,0,0,0,1,0,,,Cruzamento,Chuvoso,Sem defeito,Perfeito estado,Molhada,Perfeito estado,Faixa de pedestre,,,Única,Faixa seccionada,,,2644,202231336
2022-12-29,00:00:00,COM VÍTIMA,FINALIZADA,ENGENHO DO MEIO,RUA JOSE DOS SANTOS,2,27,,EM FRENTE AO TERMINAL DO ENGENHO DO MEIO,,,,ENGENHO DO MEIO,COLISÃO LATERAL,,2,0,0,0,0,0,0,0,0,1,0,,,,,,,,,,,,,,,,2647,202231376
2022-12-29,00:00:00,COM VÍTIMA,FINALIZADA,SANTO AMARO,RUA DOS PALMARES,0,,,EM FRENTE AO PROCAPE,,,,SANTO AMARO,COLISÃO LATERAL,,1,1,0,0,0,0,0,0,0,2,0,526,,Cruzamento,Bom,Sem defeito,Perfeito estado,Seca,Perfeito estado,Faixa de pedestre,,,Única,Faixa seccionada,,,2648,202231387
2022-12-29,00:00:00,COM VÍTIMA,FINALIZADA,MACAXEIRA,AV NORTE MIGUEL ARRAES DE ALENCAR,0,,,EM FRENTE A FABRICA DA MACAXEIRA,,,,MACAXEIRA,COLISÃO FRONTAL,,1,1,0,0,0,0,0,0,0,1,0,451,,Longo da via,Bom,Sem defeito,Perfeito estado,Seca,Perfeito estado,,,20 km/h,Dupla,Faixa contínua,Canteiro central,,2649,202231391
2022-12-29,00:00:00,COM VÍTIMA,FINALIZADA,VARZEA,AV PROFESSOR ARTUR DE SA,3,240,,PROXIMO AO HOSPITAL DAS CLINICAS,,,,VÁRZEA,COLISÃO LATERAL,,1,1,0,0,0,0,0,0,0,1,0,,,Longo da via,Bom,Não existe,Perfeito estado,Seca,Perfeito estado,Não existe,Não há placas,,Dupla,Faixa contínua,,,2650,202231397
2022-12-29,00:00:00,COM VÍTIMA,FINALIZADA,MADALENA,AV CAXANGA,4,1018,,EM FRENTE À FACULDADE SANTA HELENA,,,,MADALENA,COLISÃO TRASEIRA,,1,1,0,0,0,0,0,0,0,1,0,,SUBURBIO,Longo da via,Bom,Não existe,Perfeito estado,Seca,Perfeito estado,Não existe,Outras,,Dupla,Canteiro central,,,2651,202231400
2022-12-29,00:00:00,COM VÍTIMA,FINALIZADA,CORDEIRO,AV CAXANGA,0,,,EM FRENTE  A EXPOSIÇÃO DE ANIMAIS (LADO OPOSTO),,,,CORDEIRO,COLISÃO TRASEIRA,,1,1,0,0,0,0,0,0,0,1,0,,CIDADE,,,,,,,,,,,,,,2653,202231414
2022-12-30,00:00:00,COM VÍTIMA,FINALIZADA,BEBERIBE,AV BEBERIBE,3,565,RUA DR EDUARDO WANDERLEY,PROX. A CASA DE FESTA ESTRELINHA KIDS,,,,BEBERIBE,COLISÃO LATERAL,,1,1,0,0,0,0,0,0,0,2,0,480,CIDADE,Esquina,Bom,Sem defeito,Perfeito estado,Seca,Perfeito estado,Faixa de pedestre,R-19,60 km/h,Dupla,Faixa contínua,Faixa seccionada,,2655,202231428
2022-12-30,00:00:00,COM VÍTIMA,FINALIZADA,CASA AMARELA,RUA PADRE LEMOS,0,,,EM FRENTE AS CASAS BAHIA,,,,CASA AMARELA,ATROPELAMENTO DE PESSOA,,1,0,0,0,1,0,0,0,0,1,0,,SUBURBIO,Longo da via,Bom,Não existe,Perfeito estado,Seca,Mal conservada,Não existe,Outras,,Dupla,Não existe,,,2658,202231478
2022-12-30,00:00:00,COM VÍTIMA,FINALIZADA,IBURA,AV DOIS RIOS,4,1059,,PROX A FARMACIA PAGUE MENOS,,,,IBURA,COLISÃO LATERAL,,1,1,0,0,0,0,0,0,0,1,0,323,SUBURBIO,Longo da via,Bom,Sem defeito,Ilegível,Seca,Perfeito estado,Faixa de pedestre,Não há placas,40 km/h,Dupla,Faixa contínua,,,2662,202231501
2022-12-31,00:00:00,COM VÍTIMA,FINALIZADA,IMBIRIBEIRA,AV MARECHAL MASCARENHAS DE MORAES,0,,,"EM FRENTE AO AEROPORTO, PARTE DESATIVADA",,,,IMBIRIBEIRA,COLISÃO FRONTAL,,1,1,0,0,0,0,0,0,0,1,0,,SUBURBIO,Longo da via,Bom,Não existe,Perfeito estado,Seca,Perfeito estado,Não existe,,,Única,Faixa seccionada,,,2664,202231512
2022-12-31,00:00:00,COM VÍTIMA,FINALIZADA,DERBY,PRC PROFESSOR AGEU MAGALHAES,0,,,EM FRENTE AO  QUARTEL DO DERBY,,,,DERBY,COLISÃO FRONTAL,,0,1,0,0,0,1,0,0,0,2,0,,,Longo da via,Bom,Sem defeito,Perfeito estado,Seca,Perfeito estado,Faixa de pedestre,Não há placas,,Única,,,,2665,202231513
2022-12-31,00:00:00,COM VÍTIMA,FINALIZADA,CABANGA,AV SATURNINO DE BRITO,3,401,,EM FRENTE A COMPESA/ SENTIDO BOA VIAGEM,,,,CABANGA,COLISÃO LATERAL,,1,1,0,0,0,0,0,0,0,1,0,661,SUBURBIO,Longo da via,Bom,Sem defeito,Perfeito estado,Seca,Perfeito estado,Faixa de pedestre,R-19,60 km/h,Única,Faixa seccionada,,,2667,202231535
2022-12-31,00:00:00,COM VÍTIMA,FINALIZADA,CABANGA,RUA CAPITAO TEMUDO,0,,,PROX AO CABAGA IATE CLUB,,,,CABANGA,COLISÃO TRANSVERSAL,,0,2,0,0,0,0,0,0,0,3,0,,SUBURBIO,Longo da via,Chuvoso,Não existe,Perfeito estado,Molhada,Perfeito estado,Não existe,Não há placas,,Dupla,Faixa seccionada,,,2668,202231553
2023-01-01T00:00:00,03:37:00,COM VÍTIMA,FINALIZADA,MADALENA,AV ENGENHEIRO ABDIAS DE CARVALHO,3,167,,E/F AO POSTO BR - ANTES DA FIR - SENTIDO SUB/CID,,,,MADALENA,ATROPELAMENTO DE PESSOA,,1,0,0,0,1,0,0,0,0,1,0,,CIDADE,,,,,,,,,,,,,,1,202300005
2023-01-01T00:00:00,08:28:00,COM VÍTIMA,FINALIZADA,BONGI,AV ENGENHEIRO ABDIAS DE CARVALHO,3,758,RUA CARLOS GOMES,EM FRENTE AO POSTO DE GASOLINA DISLUB,,,,BONGI,COLISÃO LATERAL,,0,2,0,0,0,0,0,0,0,2,0,,SUBURBIO,,,,,,,,,,,,,,2,202300009