data,hora,natureza_acidente,situacao,bairro,endereco,,numero,detalhe_endereco_acidente,complemento,endereco_cruzamento,numero_cruzamento,referencia_cruzamento,bairro_cruzamento,tipo,descricao,auto,moto,ciclom,ciclista,pedestre,onibus,caminhao,viatura,outros,vitimas,vitimasfatais,num_semaforo,sentido_via,acidente_verificado,tempo_clima,situacao_semaforo,sinalizacao,condicao_via,conservacao_via,ponto_controle,situacao_placa,velocidade_max_via,mao_direcao,divisao_via1,divisao_via2,divisao_via3,_id,Protocolo
2023-01-17T00:00:00,11:32:00,COM VÍTIMA,FINALIZADA,CAXANGA,AV CAXANGA,4,1086,,EM FRENTE A IGREJA UNVERSAL,,,,CAXANGÁ,ATROPELAMENTO DE PESSOA,,1,1,0,0,1,0,0,0,0,2,0,,,,,,,,,,,,,,,,115,202301135
2023-01-17T00:00:00,11:44:00,COM VÍTIMA,FINALIZADA,JARDIM SAO PAULO,AV LIBERDADE,0,,,EM FRENTE À LOTERIA LIBERDADE,,,,JARDIM SÃO PAULO,ATROPELAMENTO DE PESSOA,,1,0,0,0,1,0,0,0,0,1,0,,,,,,,,,,,,,,,,116,202301138
2023-01-17T00:00:00,12:16:00,COM VÍTIMA,FINALIZADA,DERBY,AV GOVERNADOR AGAMENON MAGALHAES,0,,RUA HENRIQUE DIAS,PROX AO RESTAURANTE COCO BAMBU,,,,DERBY,COLISÃO TRANSVERSAL,,1,1,0,0,0,0,0,0,0,2,0,68,,,,,,,,,,,,,,,117,202301140
2023-01-17T00:00:00,02:52:00,COM VÍTIMA,FINALIZADA,SANTO AMARO,RUA DO POMBAL,0,,,EM FRENTE A POLICLINICA WALDEMAR DE OLIVEIRA,,,,SANTO AMARO,COLISÃO LATERAL,,1,1,0,0,0,0,0,0,0,1,0,,,,,,,,,,,,,,,,118,202301150
2023-01-17T00:00:00,05:48:00,COM VÍTIMA,FINALIZADA,TEJIPIO,RUA FALCAO DE LACERDA,3,233,,EM FRENTE AO CONDOMINIO MONTEIRO LOBATO,,,,TEJIPIÓ,CHOQUE,,0,1,0,0,0,0,0,0,0,1,0,,,,,,,,,,,,,,,,119,202301161
2023-01-18T00:00:00,08:53:00,COM VÍTIMA,FINALIZADA,MADALENA,AV CAXANGA,4,1953,,EM FRENTE AO CERPE,,,,MADALENA,COLISÃO TRASEIRA,,1,1,0,0,0,0,1,0,0,1,0,268,CIDADE,,,,,,,,,,,,,,121,202301193
2023-01-18T00:00:00,03:54:00,COM VÍTIMA,FINALIZADA,SANTO AMARO,AV NORTE MIGUEL ARRAES DE ALENCAR,3,654,,LADO OPOSTO AO SENAI/  SENTIDO SUBURBIO,,,,SANTO AMARO,COLISÃO LATERAL,,1,1,0,0,0,0,0,0,0,1,0,,SUBURBIO,,,,,,,,,,,,,,122,202301229
2023-01-19T00:00:00,07:53:00,COM VÍTIMA,FINALIZADA,CAMPO GRANDE,RUA PROFESSOR FRANCISCO DA TRINDADE,3,318,RUA SAO CAETANO,PROX A EMPRESA RPL E AO CLUBE DAS PAZ,,,,CAMPO GRANDE,COLISÃO FRONTAL,,1,1,0,0,0,0,0,0,0,2,0,,SUBURBIO,,,,,,,,,,,,,,125,202301266
2023-01-19T00:00:00,08:50:00,COM VÍTIMA,FINALIZADA,ESTANCIA,AV RECIFE,0,,AV IZABEL DE GOES,PROX. AO ANTIGO MAKRO,,,,ESTÂNCIA,QUEDA,,0,1,0,0,0,0,0,0,0,2,0,,CIDADE,,,,,,,,,,,,,,126,202301274
2023-01-19T00:00:00,09:59:00,VÍTIMA FATAL,FINALIZADA,SAO JOSE,RUA IMPERIAL,4,1222,,,,,,SÃO JOSÉ,COLISÃO FRONTAL,,1,1,0,0,0,0,0,0,0,1,1,,SUBURBIO,,,,,,,,,,,,,,130,202301338
2023-01-19T00:00:00,10:36:00,COM VÍTIMA,FINALIZADA,MADALENA,RUA REAL DA TORRE,0,,RUA JOSE OSORIO,,,,,MADALENA,COLISÃO LATERAL,,0,2,0,0,0,0,0,0,0,2,0,179,SUBURBIO,,,,,,,,,,,,,,131,202301340
2023-01-20T00:00:00,03:31:00,COM VÍTIMA,FINALIZADA,SAO JOSE,C SANTA RITA,0,,,NA SUBIDA DO VIADUTO DAS CINCO PONTAS  PROX AO  BATALHAO  DO 16 DE POLICIA,,,,SÃO JOSÉ,COLISÃO LATERAL,,1,1,0,0,0,0,0,0,0,1,0,,,,,,,,,,,,,,,,134,202301389
2023-01-20T00:00:00,04:17:00,COM VÍTIMA,FINALIZADA,AFOGADOS,RUA SAO MIGUEL,3,132,RUA PEDRO CABRAL DE OLIVEIRA,E/F  AO CARTORIO DE AFOGADOS,,,,AFOGADOS,COLISÃO LATERAL,,1,1,0,0,0,0,0,0,0,1,0,,SUBURBIO,,,,,,,,,,,,,,136,202301393
2023-01-20T00:00:00,06:27:00,COM VÍTIMA,FINALIZADA,ENCRUZILHADA,AV NORTE MIGUEL ARRAES DE ALENCAR,4,2548,,EM FRENTE LOJA DE MOVEIS FRENTE JACAUNA,,,,ENCRUZILHADA,COLISÃO TRASEIRA,,1,1,0,0,0,0,0,0,0,1,0,,SUBURBIO,,,,,,,,,,,,,,137,202301400
2023-01-21T00:00:00,12:53:00,COM VÍTIMA,FINALIZADA,IPSEP,RUA PINTOR ANTONIO ALBUQUERQUE,2,60,,PROX. AO POSTO SHEL,,,,IPSEP,COLISÃO LATERAL,,0,1,0,0,0,1,0,0,0,1,0,,,,,,,,,,,,,,,,138,202301420
2023-01-21T00:00:00,11:17:00,COM VÍTIMA,FINALIZADA,SAO JOSE,VDO DAS CINCO PONTAS,0,,,,,,,SÃO JOSÉ,QUEDA,,0,1,0,0,0,0,0,0,0,1,0,,SUBURBIO,,,,,,,,,,,,,,139,202301451
2023-01-21T00:00:00,06:05:00,COM VÍTIMA,FINALIZADA,COHAB,RUA RIO XINGU,0,,,,,,,COHAB,COLISÃO TRANSVERSAL,,1,1,0,0,0,0,0,0,0,1,0,351,SUBURBIO,,,,,,,,,,,,,,140,202301474
2023-01-21T00:00:00,10:57:00,COM VÍTIMA,FINALIZADA,SANTO AMARO,AV GOVERNADOR AGAMENON MAGALHAES,0,,,UPE,,,,SANTO AMARO,COLISÃO LATERAL,,1,1,0,0,0,0,0,0,0,1,0,465,SUBURBIO,,,,,,,,,,,,,,141,202301480
2023-01-21T00:00:00,11:38:00,COM VÍTIMA,FINALIZADA,MONTEIRO,AV DEZESSETE DE AGOSTO,0,,,EM FRENTE AO POSTO DISLUB / PRÓX. AO CENTRO MÉDICO HERMÍNIO DE MORAIS,,,,MONTEIRO,COLISÃO LATERAL,,1,1,0,0,0,0,0,0,0,1,0,,,,,,,,,,,,,,,,142,202301481
2023-01-22T00:00:00,07:08:00,COM VÍTIMA,FINALIZADA,IBURA,AV RECIFE,4,2586,,"AO LADO DA FARMÁCIA PAGUE MENOS, EM FRENTE AO POSTO SHELL",,,,IBURA,COLISÃO LATERAL,,1,1,0,0,0,0,0,0,0,1,0,16,CIDADE,,,,,,,,,,,,,,143,202301493
2023-01-22T00:00:00,12:32:00,COM VÍTIMA,FINALIZADA,IPUTINGA,AV CAXANGA,0,,,NO SEMÁFORO 609,,,,IPUTINGA,COLISÃO TRASEIRA,,1,0,0,0,0,0,1,0,0,1,0,609,SUBURBIO,,,,,,,,,,,,,,144,202301519
2023-01-22T00:00:00,03:21:00,COM VÍTIMA,FINALIZADA,AREIAS,AV CAPITAO GREGORIO DE CALDAS,3,684,RUA JORNALISTA VILMA LESSA,FRIGORIFICO BOI QUENTE,,,,AREIAS,COLISÃO LATERAL,,1,1,0,0,0,0,0,0,0,2,0,569,SUBURBIO,,,,,,,,,,,,,,145,202301529
2023-01-23T00:00:00,08:03:00,COM VÍTIMA,FINALIZADA,SANTO AMARO,AV CRUZ CABUGA,0,,,PRÓX. AO CEMITÉRIO DOS INGLESES,,,,SANTO AMARO,COLISÃO LATERAL,,0,2,0,0,0,0,0,0,0,1,0,,CIDADE,,,,,,,,,,,,,,147,202301560
2023-01-23T00:00:00,09:32:00,COM VÍTIMA,FINALIZADA,CABANGA,RUA JITO,2,62,RUA DILERMANO REIS,PROX A ESTAÇÃO DE TRATAMENTO DA COMPESA,,,,CABANGA,COLISÃO LATERAL,,1,1,0,0,0,0,0,0,0,1,0,,SUBURBIO,,,,,,,,,,,,,,149,202301567
2023-01-23T00:00:00,11:57:00,COM VÍTIMA,FINALIZADA,MADALENA,AV BEIRA RIO,0,,RUA JANUARIO BARBOSA,PROX AO COLEGIO EQUIPE,,,,MADALENA,COLISÃO LATERAL,,1,1,0,0,0,0,0,0,0,1,0,,,,,,,,,,,,,,,,150,202301585
2023-01-23T00:00:00,02:54:00,COM VÍTIMA,FINALIZADA,IMBIRIBEIRA,AV MARECHAL MASCARENHAS DE MORAES,4,2666,RUA DR TAVARES CORREIA,RUA  JORNALISTA CLEOFHAS DE OLIVEIRA  -  LADO OPOSTO AO GERALDÃO  E EM FRENTE A CENTER AÇO/ SENTIDO AEROPORTO,,,,IMBIRIBEIRA,COLISÃO LATERAL,,1,1,0,0,0,0,0,0,0,1,0,289,SUBURBIO,,,,,,,,,,,,,,152,202301606
2023-01-24T00:00:00,11:37:00,COM VÍTIMA,FINALIZADA,APIPUCOS,RUA DE APIPUCOS,2,60,,,,,,APIPUCOS,COLISÃO FRONTAL,,1,1,0,0,0,0,0,0,0,1,0,,SUBURBIO,,,,,,,,,,,,,,154,202301669
2023-01-24T00:00:00,12:49:00,COM VÍTIMA,FINALIZADA,IBURA,RUA RIO XINGU,4,1238,AV DOIS RIOS,ACADEMIA MOTIVO,,,,IBURA,COLISÃO FRONTAL,,1,1,0,0,0,0,0,0,0,1,0,351,SUBURBIO,,,,,,,,,,,,,,155,202301673
2023-01-24T00:00:00,01:41:00,COM VÍTIMA,FINALIZADA,SAO JOSE,AV SUL,4,1450,1PR DIAS COELHO,FENIX CROMAGEM,,,,SÃO JOSÉ,COLISÃO TRASEIRA,,1,1,0,0,0,0,0,0,0,1,0,260,,,,,,,,,,,,,,,156,202301677
2023-01-24T00:00:00,02:58:00,COM VÍTIMA,FINALIZADA,RECIFE,AV ALFREDO LISBOA,4,1168,,SUPERITENDÊNCIA DO MINISTERIO DA ECONOMIA,,,,BAIRRO DO RECIFE,ATROPELAMENTO DE PESSOA,,0,1,0,0,1,0,0,0,0,3,0,,SUBURBIO,,,,,,,,,,,,,,157,202301679
2023-01-24T00:00:00,05:04:00,COM VÍTIMA,FINALIZADA,VARZEA,AV PROFESSOR ARTUR DE SA,4,1180,,EM FRENTE A GALERIA PRAZERES CENTER,,,,VÁRZEA,COLISÃO LATERAL,,1,1,0,0,0,0,0,0,0,2,0,,CIDADE,,,,,,,,,,,,,,158,202301687
2023-01-24T00:00:00,05:41:00,VÍTIMA FATAL,FINALIZADA,GUABIRABA,EST DOS MACACOS,3,142,,PRÓXIMO AO HOTEL GALANTE E AO CAMPO DO VAL,,,,GUABIRABA,ATROPELAMENTO DE PESSOA,,0,1,0,0,1,0,0,0,0,0,1,,,,,,,,,,,,,,,,159,202301690
2023-01-25T00:00:00,12:53:00,COM VÍTIMA,FINALIZADA,TAMARINEIRA,RUA CONEGO BARATA,0,,,E/F À LOJA FERREIRA COSTA,,,,TAMARINEIRA,COLISÃO TRASEIRA,,1,1,0,0,0,0,0,0,0,1,0,,,,,,,,,,,,,,,,160,202301711
2023-01-25T00:00:00,08:27:00,COM VÍTIMA,FINALIZADA,BOA VISTA,RUA DA AURORA,3,103,,PRÓX. AO TRIBUNAL DE CONTAS,,,,BOA VISTA,COLISÃO LATERAL,,1,1,0,0,0,0,0,0,0,1,0,,SUBURBIO,,,,,,,,,,,,,,161,202301720
2023-01-25T00:00:00,01:08:00,COM VÍTIMA,FINALIZADA,TORRE,RUA MARQUES DE MARICA,2,12,PRC PROFESSOR BARRETO CAMPELLO,AO LADO DA PRAÇA DA TORRE,,,,TORRE,COLISÃO LATERAL,,1,1,0,0,0,0,0,0,0,1,0,,,,,,,,,,,,,,,,164,202301732
2023-01-25T00:00:00,03:17:00,COM VÍTIMA,FINALIZADA,BONGI,RUA JOAO IVO DA SILVA,0,,RUA PADRE TEOFILO TWORZ,AO LADO DA TUPAN,,,,BONGI,COLISÃO LATERAL,,1,1,0,0,0,0,0,0,0,1,0,503,,,,,,,,,,,,,,,166,202301746
2023-01-25T00:00:00,03:48:00,COM VÍTIMA,FINALIZADA,BOA VIAGEM,RUA ANTONIO FALCAO,3,430,RUA FRANCISCO DA CUNHA,NO SEMÁFORO 227,,,,BOA VIAGEM,COLISÃO TRASEIRA,,1,1,0,0,0,0,1,0,0,1,0,227,SUBURBIO,,,,,,,,,,,,,,167,202301750
2023-01-25T00:00:00,03:55:00,COM VÍTIMA,FINALIZADA,IPUTINGA,RUA MAURICIO DE NASSAU,0,,RUA ALVARES PIRES,CRECHE MUNICIPAL ELUTANO CONQUISTA  / POR TRÁS DA EXPOSIÇÃO DE ANIMAIS,,,,IPUTINGA,COLISÃO LATERAL,,1,2,0,0,0,0,0,0,0,1,0,,,,,,,,,,,,,,,,168,202301751
2023-01-25T00:00:00,04:12:00,COM VÍTIMA,FINALIZADA,BOA VIAGEM,RUA PROFESSOR MARIO CASTRO,3,222,RUA PROFESSOR AUGUSTO LINS E SILVA,EM FRENTE AO COLEGIO MADRE DE DEUS,,,,BOA VIAGEM,COLISÃO FRONTAL,,1,1,0,0,0,0,0,0,0,1,0,,,,,,,,,,,,,,,,169,202301752
2023-01-25T00:00:00,05:26:00,COM VÍTIMA,FINALIZADA,CORDEIRO,AV GENERAL SAN MARTIN,0,,RUA NISSIN BENSOUSSAN,E/F AO HOSPITAL GETULIO VARGAS,,,,CORDEIRO,COLISÃO LATERAL,,1,1,0,0,0,0,0,0,0,2,0,,SUBURBIO,,,,,,,,,,,,,,170,202301756
2023-01-25T00:00:00,10:24:00,COM VÍTIMA,FINALIZADA,DOIS IRMAOS,RUA DOIS IRMAOS,0,,AV DA RECUPERACAO,EMBAIXO DO VIADUTO DA BR-101,,,,DOIS IRMÃOS,COLISÃO FRONTAL,,0,2,0,0,0,0,0,0,0,2,0,,,,,,,,,,,,,,,,171,202301765
2023-01-26T00:00:00,04:00:00,COM VÍTIMA,FINALIZADA,CASA AMARELA,AV NORTE MIGUEL ARRAES DE ALENCAR,0,,,SEMÁFORO 596,,,,CASA AMARELA,COLISÃO TRASEIRA,,0,2,0,0,0,0,0,0,0,3,0,,,,,,,,,,,,,,,,172,202301817
2023-01-26T00:00:00,08:22:00,COM VÍTIMA,FINALIZADA,MANGUEIRA,RUA ALEXANDRE RODRIGUES FERREIRA,3,601,,IGREJA EVANGELICA,,,,MANGUEIRA,COLISÃO COM CICLISTA,,1,0,0,1,0,0,0,0,0,1,0,,,,,,,,,,,,,,,,174,202301850
2023-01-27T00:00:00,06:55:00,COM VÍTIMA,FINALIZADA,CAXANGA,AV CAXANGA,4,3283,,EM FRENTE AO ARCOMIX,,,,CAXANGÁ,COLISÃO TRASEIRA,,1,1,0,0,0,0,0,0,0,1,0,,,,,,,,,,,,,,,,175,202301858
2023-01-27T00:00:00,09:09:00,COM VÍTIMA,FINALIZADA,AFOGADOS,RUA SAO MIGUEL,2,10,PRC DA PAZ,EM FRENTE A MUNDO SHOPPING MODA,,,,AFOGADOS,ATROPELAMENTO DE PESSOA,,0,0,0,0,1,1,0,0,0,1,0,53,,,,,,,,,,,,,,,176,202301867
2023-01-27T00:00:00,10:12:00,COM VÍTIMA,FINALIZADA,CORDEIRO,EST DO FORTE DO ARRAIAL N. DO B. JESUS,4,1291,,EM FRENTE AO ESPETINHO DA BENÉ,,,,CORDEIRO,COLISÃO LATERAL,,1,1,0,0,0,0,0,0,0,2,0,,,,,,,,,,,,,,,,177,202301873
2023-01-27T00:00:00,01:41:00,COM VÍTIMA,FINALIZADA,PINA,AV ENGENHEIRO DOMINGOS FERREIRA,2,40,,ARMAZEM BEIRA MAR  / AO LADO DO TEATRO BARRETO JUNIOR / PROXIMO AO JCPM / ANTES DO POSTO PETRONAC,,,,PINA,COLISÃO LATERAL,,1,1,0,0,0,0,0,0,0,1,0,,,,,,,,,,,,,,,,179,202301893
2023-01-27T00:00:00,04:16:00,COM VÍTIMA,FINALIZADA,PINA,AV ENGENHEIRO DOMINGOS FERREIRA,3,604,,EM FRENTE AO EXTRABOM,,,,PINA,COLISÃO TRASEIRA,,3,0,0,0,0,0,0,0,0,1,0,,,,,,,,,,,,,,,,180,202301911
2023-01-27T00:00:00,04:24:00,COM VÍTIMA,FINALIZADA,ESTANCIA,AV RECIFE,0,,,E/F AO POSTO JUSTINO E XAVIER  E A POLICIA CIVIL S/T  BR  VT 17  NO LOPCAL,,,,ESTÂNCIA,COLISÃO TRASEIRA,,1,1,0,0,0,0,0,0,0,1,0,,,,,,,,,,,,,,,,181,202301912
2023-01-27T00:00:00,07:17:00,COM VÍTIMA,FINALIZADA,PRADO,EST DOS REMEDIOS,0,,AV ENGENHEIRO ABDIAS DE CARVALHO,,,,,PRADO,COLISÃO LATERAL,,0,1,0,0,0,0,0,1,0,1,0,52,,,,,,,,,,,,,,,183,202301922
2023-01-27T00:00:00,09:43:00,COM VÍTIMA,FINALIZADA,BOA VIAGEM,AV CONSELHEIRO AGUIAR,0,,RUA ATLANTICO,,,,,BOA VIAGEM,COLISÃO FRONTAL,,1,1,0,0,0,0,0,0,0,1,0,,,,,,,,,,,,,,,,185,202301928
2023-01-28T00:00:00,04:47:00,COM VÍTIMA,FINALIZADA,BOA VIAGEM,RUA VISCONDE DE JEQUITINHONHA,0,,RUA ERNESTO DE PAULA SANTOS,EM FRENTE AO SUPERMERCADO SOBERANO,,,,BOA VIAGEM,COLISÃO LATERAL,,1,1,0,0,0,0,0,0,0,1,0,,,,,,,,,,,,,,,,188,202301933
2023-01-28T00:00:00,10:46:00,COM VÍTIMA,FINALIZADA,BEBERIBE,AV HILDEBRANDO DE VASCONCELOS,0,,RUA MARCIA MENDES,,,,,BEBERIBE,COLISÃO LATERAL,,2,0,0,0,0,0,0,0,0,1,0,,,,,,,,,,,,,,,,189,202301961
2023-01-28T00:00:00,11:17:00,COM VÍTIMA,FINALIZADA,IMBIRIBEIRA,VDO PRESIDENTE TANCREDO NEVES,0,,,DESCIDA DO VIADUTO / SENTIDO BOA VIAGEM / PRÓX. AO ATACADÃO,,,,IMBIRIBEIRA,COLISÃO LATERAL,,1,1,0,0,0,0,0,0,0,1,0,,,,,,,,,,,,,,,,190,202301964
2023-01-28T00:00:00,12:37:00,COM VÍTIMA,FINALIZADA,ROSARINHO,RUA CAIO PEREIRA,0,,RUA REGUEIRA COSTA,PRÓX. AO RESTAURANTE VARANDA DO ROSARINHO,,,,ROSARINHO,COLISÃO FRONTAL,,1,1,0,0,0,0,0,0,0,1,0,,,,,,,,,,,,,,,,192,202301973
2023-01-28T00:00:00,06:30:00,COM VÍTIMA,FINALIZADA,JORDAO,RUA JOSE MARTORANO,3,159,,TERMINAL DO JORDÃO BAIXO,,,,JORDÃO,COLISÃO LATERAL,,1,1,0,0,0,0,0,0,0,1,0,,,,,,,,,,,,,,,,194,202302002
2023-01-28T00:00:00,09:04:00,COM VÍTIMA,FINALIZADA,CASA AMARELA,AV NORTE MIGUEL ARRAES DE ALENCAR,0,,RUA PADRE LEMOS,COMA RUA PADRE LEMOS,,,,CASA AMARELA,ATROPELAMENTO DE PESSOA,,0,0,0,0,1,1,0,0,0,1,0,,,,,,,,,,,,,,,,195,202302009
2023-01-29T00:00:00,05:25:00,VÍTIMA FATAL,FINALIZADA,ESTANCIA,AV JOAO CABRAL DE MELO NETO,0,,,PEÓXIMO A ANTIGA CERPE,,,,ESTÂNCIA,CHOQUE,,0,1,0,0,0,0,0,0,0,1,1,,,,,,,,,,,,,,,,196,202302020
2023-01-29T00:00:00,01:12:00,COM VÍTIMA,FINALIZADA,CABANGA,PTE GOVERNADOR PAULO GUERRA,0,,,SOBRE A PONTE,,,,CABANGA,COLISÃO TRASEIRA,,1,1,0,0,0,0,0,0,0,1,0,,,,,,,,,,,,,,,,197,202302050
2023-01-29T00:00:00,04:08:00,COM VÍTIMA,FINALIZADA,IPSEP,AV RECIFE,4,1600,,E/F A SAO PAULO VEICULOS S/T SUB,,,,IPSEP,COLISÃO TRASEIRA,,1,1,0,0,0,0,0,0,0,1,0,,,,,,,,,,,,,,,,198,202302055
2023-01-29T00:00:00,12:00:00,COM VÍTIMA,FINALIZADA,IBURA,AV DOIS RIOS,0,,RUA RIO XINGU,NO SEMAFORO  351,,,,IBURA,COLISÃO LATERAL,,1,1,0,0,0,0,0,0,0,1,0,,,,,,,,,,,,,,,,199,202302069
2023-01-29T00:00:00,07:25:00,COM VÍTIMA,FINALIZADA,TEJIPIO,RUA FALCAO DE LACERDA,0,,RUA PAPA JOAO VINTE E TRES,EM FRENTE A FÁBRICA DA PADARIA,,,,TEJIPIÓ,COLISÃO FRONTAL,,0,2,0,0,0,0,0,0,0,2,0,285,,,,,,,,,,,,,,,200,202302077
2023-01-29T00:00:00,10:11:00,COM VÍTIMA,FINALIZADA,CASA FORTE,AV DEZESSETE DE AGOSTO,0,,,,,,,CASA FORTE,COLISÃO FRONTAL,,1,1,0,0,0,0,0,0,0,1,0,,,,,,,,,,,,,,,,201,202302082
2023-01-30T00:00:00,08:43:00,COM VÍTIMA,FINALIZADA,ROSARINHO,AV NORTE MIGUEL ARRAES DE ALENCAR,0,,,"EM FRENTE AO POSTO DE GASOLINA IPIRANGA, SENT. MACAXEIRA",,,,ROSARINHO,COLISÃO TRASEIRA,,0,1,0,0,0,1,0,0,0,1,0,81,,,,,,,,,,,,,,,203,202302110
2023-01-30T00:00:00,03:46:00,COM VÍTIMA,FINALIZADA,BOA VIAGEM,AV BOA VIAGEM,4,4298,,EM FRENTE AO HOTEL EURO SUIT,,,,BOA VIAGEM,COLISÃO LATERAL,,1,1,0,0,0,0,0,0,0,1,0,,,,,,,,,,,,,,,,207,202302151
2023-01-30T00:00:00,04:07:00,COM VÍTIMA,FINALIZADA,BOA VIAGEM,AV BOA VIAGEM,0,,,E/F A PADARIA BOA VIAGEM,,,,BOA VIAGEM,ATROPELAMENTO DE PESSOA,,0,1,0,0,1,0,0,0,0,1,0,,,,,,,,,,,,,,,,209,202302154
2023-01-30T00:00:00,04:15:00,COM VÍTIMA,FINALIZADA,BOA VIAGEM,RUA PROFESSOR ARNALDO CARNEIRO LEAO,3,146,RUA ANTONIO FALCAO,PROX AO SHOPPING RECIFE,,,,BOA VIAGEM,COLISÃO LATERAL,,1,1,0,0,0,0,0,0,0,1,0,,,,,,,,,,,,,,,,210,202302155
2023-01-31T00:00:00,02:07:00,COM VÍTIMA,FINALIZADA,AFOGADOS,RUA COSME VIANA,0,,,APÓS A TUPAN,,,,AFOGADOS,COLISÃO LATERAL,,0,2,0,0,0,0,0,0,0,1,0,,,,,,,,,,,,,,,,212,202302174
2023-01-31T00:00:00,06:30:00,COM VÍTIMA,FINALIZADA,TORRE,RUA CONDE DE IRAJA,0,,AV BEIRA RIO,CRUZAMENTO,,,,TORRE,COLISÃO LATERAL,,1,1,0,0,0,0,0,0,0,1,0,,,,,,,,,,,,,,,,213,202302178
2023-01-31T00:00:00,09:52:00,COM VÍTIMA,FINALIZADA,IPUTINGA,RUA MANOEL JOAQUIM DE ALMEIDA,4,3983,,EM FRENTE A IPUTINGA AUTOMÓVEIS,,,,IPUTINGA,COLISÃO LATERAL,,1,1,0,0,0,0,0,0,0,1,0,,,,,,,,,,,,,,,,214,202302196
2023-01-31T00:00:00,11:57:00,COM VÍTIMA,FINALIZADA,IMBIRIBEIRA,AV MARECHAL MASCARENHAS DE MORAES,4,3421,,"PROX. MARDISA AUTOMOVEIS, SENT. AFOGADOS",,,,IMBIRIBEIRA,COLISÃO TRASEIRA,,1,1,0,0,0,0,0,0,0,2,0,,,,,,,,,,,,,,,,215,202302216
2023-01-31T00:00:00,12:42:00,COM VÍTIMA,FINALIZADA,ESPINHEIRO,RUA GUADALUPE,0,,AV NORTE MIGUEL ARRAES DE ALENCAR,LADO OPSTO A PRAÇA CASTRO ALVES,,,,ESPINHEIRO,COLISÃO TRANSVERSAL,,2,0,0,0,0,0,0,0,0,1,0,,,,,,,,,,,,,,,,217,202302222
2023-01-31T00:00:00,01:35:00,COM VÍTIMA,FINALIZADA,BOA VIAGEM,AV CELSO FURTADO,0,,,"VIA MANGUE, PRÓXIMO AO RETORNO",,,,BOA VIAGEM,COLISÃO TRASEIRA,,1,1,0,0,0,0,0,0,0,1,0,,,,,,,,,,,,,,,,218,202302229
2023-01-31T00:00:00,02:45:00,COM VÍTIMA,FINALIZADA,BOA VIAGEM,RUA PROFESSOR AUGUSTO LINS E SILVA,3,668,,EM FRENTE AO EDIFICO COSTA DO SOL,,,,BOA VIAGEM,COLISÃO LATERAL,,1,1,0,0,0,0,0,0,0,1,0,,,,,,,,,,,,,,,,220,202302233
2023-01-31T00:00:00,06:20:00,COM VÍTIMA,FINALIZADA,BEBERIBE,AV BEBERIBE,0,,,LOJÃO DO PETROLEO,,,,BEBERIBE,COLISÃO LATERAL,,1,1,0,0,0,0,0,0,0,1,0,,,,,,,,,,,,,,,,222,202302249
2023-01-31T00:00:00,07:05:00,COM VÍTIMA,FINALIZADA,CASA AMARELA,RUA CONS PERETTI,0,,,PRÓX. AO POLO EAD DA FACULDADE ESTÁCIO,,,,CASA AMARELA,COLISÃO TRANSVERSAL,,0,3,0,0,0,0,0,0,0,2,0,,,,,,,,,,,,,,,,223,202302254
2023-01-31T00:00:00,07:40:00,COM VÍTIMA,FINALIZADA,IMBIRIBEIRA,AV MARECHAL MASCARENHAS DE MORAES,0,,,DEZ METROS ANTES DA PONTE MOTOCOLOMBÓ,,,,IMBIRIBEIRA,ATROPELAMENTO DE PESSOA,,0,0,0,0,2,0,1,0,0,2,0,,,,,,,,,,,,,,,,224,202302255
2023-01-31T00:00:00,07:46:00,COM VÍTIMA,FINALIZADA,CORDEIRO,AV CAXANGA,0,,AV GENERAL SAN MARTIN,,,,,CORDEIRO,COLISÃO COM CICLISTA,,0,1,0,1,0,0,0,0,0,2,0,,,,,,,,,,,,,,,,225,202302256
2023-01-31T00:00:00,09:40:00,COM VÍTIMA,FINALIZADA,SANTO AMARO,AV DR JAYME DA FONTE,0,,,PRÓX A COMPESA,,,,SANTO AMARO,QUEDA,,0,1,0,0,0,0,0,0,0,1,0,,CIDADE,,,,,,,,,,,,,,226,202302261
2023-02-01T00:00:00,06:39:00,COM VÍTIMA,FINALIZADA,CASA AMARELA,RUA DES GOIS CAVALCANTE,3,128,,EM FRENTE A FARMÁCIA INDEPENDENTE E PROX AO HOSPITAL AGAMENON MAGALHÃES,,,,CASA AMARELA,ATROPELAMENTO DE PESSOA,,1,0,0,0,1,0,0,0,0,1,0,,,,,,,,,,,,,,,,228,202302274
2023-02-01T00:00:00,08:03:00,COM VÍTIMA,FINALIZADA,CAMPO GRANDE,EST DE BELEM,4,1782,,EM FRENTE AO POSTO TOTAL/PETRONAC,,,,CAMPO GRANDE,COLISÃO FRONTAL,,1,1,0,0,0,0,0,0,0,1,0,,,,,,,,,,,,,,,,229,202302286
2023-02-01T00:00:00,01:37:00,COM VÍTIMA,FINALIZADA,IPUTINGA,AV MAURICIO DE NASSAU,3,396,,NA FRENTE DA CLINICA FASES,,,,IPUTINGA,COLISÃO TRASEIRA,,3,0,0,0,0,0,0,0,0,1,0,,,,,,,,,,,,,,,,231,202302321
2023-02-01T00:00:00,05:04:00,COM VÍTIMA,FINALIZADA,ENCRUZILHADA,AV NORTE MIGUEL ARRAES DE ALENCAR,4,2970,RUA BELMIRO CORREIA,TERRAÇO ROSARINHO,,,,ENCRUZILHADA,COLISÃO LATERAL,,0,1,0,0,0,1,0,0,0,1,0,,,,,,,,,,,,,,,,233,202302335
2023-02-02T00:00:00,08:06:00,COM VÍTIMA,FINALIZADA,TAMARINEIRA,AV NORTE MIGUEL ARRAES DE ALENCAR,0,,EST VELHA DE AGUA FRIA,,,,,TAMARINEIRA,ATROPELAMENTO DE PESSOA,,0,0,0,0,1,0,0,0,0,1,0,,,,,,,,,,,,,,,,234,202302359
2023-02-02T00:00:00,08:53:00,COM VÍTIMA,FINALIZADA,SANTO AMARO,AV NORTE MIGUEL ARRAES DE ALENCAR,3,801,,EM FRENTE A HELIAR,,,,SANTO AMARO,ATROPELAMENTO DE PESSOA,,0,0,0,0,1,0,0,0,0,1,0,,,,,,,,,,,,,,,,235,202302363
2023-02-02T00:00:00,10:19:00,COM VÍTIMA,FINALIZADA,CAXANGA,AV CAXANGA,3,522,,,,,,CAXANGÁ,COLISÃO TRANSVERSAL,,1,1,0,0,0,0,0,0,0,1,0,,,,,,,,,,,,,,,,236,202302375