data,hora,natureza_acidente,situacao,bairro,endereco,,numero,detalhe_endereco_acidente,complemento,endereco_cruzamento,numero_cruzamento,referencia_cruzamento,bairro_cruzamento,tipo,descricao,auto,moto,ciclom,ciclista,pedestre,onibus,caminhao,viatura,outros,vitimas,vitimasfatais,num_semaforo,sentido_via,acidente_verificado,tempo_clima,situacao_semaforo,sinalizacao,condicao_via,conservacao_via,ponto_controle,situacao_placa,velocidade_max_via,mao_direcao,divisao_via1,divisao_via2,divisao_via3,_id,Protocolo
2023-02-02T00:00:00,10:19:00,COM VÍTIMA,FINALIZADA,MUSTARDINHA,RUA VINTE E UM DE ABRIL,0,,RUA JOSE MIRANDA,,,,,MUSTARDINHA,COLISÃO LATERAL,,1,1,0,0,0,0,0,0,0,1,0,,,,,,,,,,,,,,,,237,202302376
2023-02-02T00:00:00,11:40:00,COM VÍTIMA,FINALIZADA,MADALENA,AV VISCONDE DE ALBUQUERQUE,3,836,,,,,,MADALENA,COLISÃO TRASEIRA,,1,1,0,0,0,0,0,0,0,1,0,,,,,,,,,,,,,,,,238,202302382
2023-02-02T00:00:00,04:42:00,COM VÍTIMA,FINALIZADA,SAO JOSE,RUA IMPERIAL,4,1069,,E/F AO HOTEL CRISTAL   BATEDOR DA MOTO 40 E 30 NO LOCAL,,,,SÃO JOSÉ,COLISÃO LATERAL,,1,1,0,0,0,0,0,0,0,1,0,,,,,,,,,,,,,,,,239,202302408
2023-02-02T00:00:00,07:20:00,COM VÍTIMA,FINALIZADA,IPSEP,RUA JEAN EMILE FAVRE,4,1261,,,,,,IPSEP,COLISÃO LATERAL,,0,0,0,1,0,1,0,0,0,1,0,,,,,,,,,,,,,,,,240,202302416
2023-02-02T00:00:00,07:20:00,COM VÍTIMA,FINALIZADA,IBURA,AV DOIS RIOS,0,,,PRÓX. A POLICLÍNICA DO IBURA,,,,IBURA,COLISÃO LATERAL,,0,2,0,0,0,0,0,0,0,1,0,,,,,,,,,,,,,,,,241,202302417
2023-02-03T00:00:00,12:13:00,COM VÍTIMA,FINALIZADA,CABANGA,PTE AGAMENON MAGALHAES,0,,,"LARGO DO CABANGA, AO LADO DO CABANGA IATE CLUBE",,,,CABANGA,COLISÃO TRASEIRA,,0,0,0,0,0,0,0,0,0,2,0,,,,,,,,,,,,,,,,242,202302425
2023-02-03T00:00:00,07:08:00,COM VÍTIMA,FINALIZADA,IMBIRIBEIRA,RUA JOAQUIM BANDEIRA,3,268,,EM BAIXO DO PONTILHÃO DA ESTAÇÃO DE METRÔ ANTÕNIO FALCÃO / EM FRENTE A MICHELE PEDROSA ADVOGADOS,,,,IMBIRIBEIRA,COLISÃO LATERAL,,1,1,0,0,0,0,0,0,0,1,0,,,,,,,,,,,,,,,,243,202302436
2023-02-03T00:00:00,09:15:00,COM VÍTIMA,FINALIZADA,TORRE,RUA JOSE BONIFACIO,0,,RUA PADRE ANCHIETA,,,,,TORRE,COLISÃO LATERAL,,1,1,0,0,0,0,0,0,0,1,0,193,,,,,,,,,,,,,,,244,202302449
2023-02-03T00:00:00,01:56:00,COM VÍTIMA,FINALIZADA,IMBIRIBEIRA,RUA JOAQUIM BANDEIRA,0,,,EM BAIXO DO PAVILHÃO DO METRÔ DA ANTÔNIO FALCÃO,,,,IMBIRIBEIRA,COLISÃO LATERAL,,1,1,0,0,0,0,0,0,0,1,0,,,,,,,,,,,,,,,,245,202302491
2023-02-03T00:00:00,05:29:00,COM VÍTIMA,FINALIZADA,PINA,AV CELSO FURTADO,0,,,AO LADO DO AEROCLUBE/ SENTIDO BOA VIAGEM,,,,PINA,COLISÃO TRASEIRA,,1,1,0,0,0,0,0,0,0,1,0,,,,,,,,,,,,,,,,247,202302502
2023-02-03T00:00:00,07:52:00,COM VÍTIMA,FINALIZADA,CAMPO GRANDE,RUA MARQUES DE BAIPENDI,3,546,,,,,,CAMPO GRANDE,COLISÃO FRONTAL,,0,1,0,0,0,1,0,0,0,1,0,,,,,,,,,,,,,,,,248,202302522
2023-02-04T00:00:00,10:14:00,COM VÍTIMA,FINALIZADA,IPUTINGA,AV CAXANGA,4,3010,,,,,,IPUTINGA,CHOQUE,,1,0,0,0,0,0,0,0,0,1,0,,,,,,,,,,,,,,,,250,202302571
2023-02-04T00:00:00,12:32:00,COM VÍTIMA,FINALIZADA,TORROES,AV BICENTENARIO DA REVOLUCAO FRANCESA,2,45,,LOGINHA FRANCYS,,,,TORRÕES,COLISÃO LATERAL,,1,1,0,0,0,0,0,0,0,1,0,,,,,,,,,,,,,,,,251,202302593
2023-02-04T00:00:00,03:00:00,COM VÍTIMA,FINALIZADA,PAISSANDU,AV GOVERNADOR AGAMENON MAGALHAES,0,,,REF: LADO OPDSTO AO LABORATÓRIO HUTZ,,,,PAISSANDU,COLISÃO TRANSVERSAL,,0,1,0,0,0,0,0,0,0,2,0,,,,,,,,,,,,,,,,254,202302609
2023-02-04T00:00:00,04:27:00,COM VÍTIMA,FINALIZADA,IMBIRIBEIRA,RUA ITACARI,0,,,PROX AO BANCO ITAU,,,,IMBIRIBEIRA,COLISÃO LATERAL,,0,1,0,0,0,0,1,0,0,1,0,,,,,,,,,,,,,,,,257,202302621
2023-02-05T00:00:00,01:02:00,COM VÍTIMA,FINALIZADA,SANTO AMARO,RUA DOS PALMARES,0,,,AO LADO DO CEMITERIO,,,,SANTO AMARO,COLISÃO LATERAL,,1,1,0,0,0,0,0,0,0,1,0,,,,,,,,,,,,,,,,258,202302686
2023-02-05T00:00:00,02:44:00,COM VÍTIMA,FINALIZADA,BOMBA DO HEMETERIO,RUA BOMBA DO HEMETERIO,0,,,EM FRENTE A FUNERARIA CANAA,,,,BOMBA DO HEMETÉRIO,COLISÃO FRONTAL,,1,1,0,0,0,0,0,0,0,1,0,,,,,,,,,,,,,,,,259,202302701
2023-02-05T00:00:00,07:23:00,COM VÍTIMA,FINALIZADA,SAN MARTIN,RUA VINTE E UM DE ABRIL,0,,,EM FRENTE AO TERMINAL DE ONIBUS DA MANGUEIRA,,,,SAN MARTIN,COLISÃO FRONTAL,,1,1,0,0,0,0,0,0,0,1,0,,,,,,,,,,,,,,,,262,202302737
2023-02-05T00:00:00,08:57:00,COM VÍTIMA,FINALIZADA,SANTO AMARO,RUA DOS PALMARES,0,,RUA TREZE DE MAIO,CRUZAMENTO C/A RUA 13 DE MAIO,,,,SANTO AMARO,COLISÃO TRANSVERSAL,,0,2,0,0,0,0,0,0,0,3,0,30,,,,,,,,,,,,,,,264,202302741
2023-02-06T00:00:00,06:21:00,COM VÍTIMA,FINALIZADA,MADALENA,AV VISCONDE DE ALBUQUERQUE,3,401,,MADALENA CENTER,,,,MADALENA,COLISÃO LATERAL,,1,1,0,0,0,0,0,0,0,1,0,,,,,,,,,,,,,,,,266,202302822
2023-02-06T00:00:00,06:38:00,COM VÍTIMA,FINALIZADA,CORDEIRO,AV INACIO MONTEIRO,3,167,,NA FRENTE DO EMPRESARIAL 167,,,,CORDEIRO,COLISÃO LATERAL,,1,1,0,0,0,0,0,0,0,1,0,,,,,,,,,,,,,,,,267,202302823
2023-02-06T00:00:00,08:03:00,COM VÍTIMA,FINALIZADA,AREIAS,AV DR JOSE RUFINO,3,167,,ANTIGO CARTÓRIO DE AREIAS,,,,AREIAS,COLISÃO FRONTAL,,1,1,0,0,0,0,0,0,0,1,0,,,,,,,,,,,,,,,,268,202302830
2023-02-07T00:00:00,09:26:00,COM VÍTIMA,FINALIZADA,SANTO AMARO,AV GOVERNADOR AGAMENON MAGALHAES,0,,,PROX ANTIGA FABRICA TACARUNA /  AO LADO  DA UPINHA PASSOS BEZERRA,,,,SANTO AMARO,COLISÃO LATERAL,,3,1,0,0,0,0,0,0,0,1,0,,,,,,,,,,,,,,,,269,202302852
2023-02-07T00:00:00,11:44:00,COM VÍTIMA,FINALIZADA,SANTO AMARO,AV RECIFE,4,2739,,EM FRENTE A PIZZARIA ATLANTICO E FARMÁCIAS PAGUE MENOS,,,,SANTO AMARO,COLISÃO TRASEIRA,,1,1,0,0,0,0,0,0,0,1,0,,,,,,,,,,,,,,,,271,202302869
2023-02-07T00:00:00,04:10:00,COM VÍTIMA,FINALIZADA,BOA VIAGEM,RUA CAPITAO ZUZINHA,0,,RUA SA E SOUZA,PROXIMO AO SEMAFORO 420,,,,BOA VIAGEM,ATROPELAMENTO DE PESSOA,,0,0,0,0,1,1,0,0,0,1,0,420,,,,,,,,,,,,,,,272,202302893
2023-02-07T00:00:00,04:37:00,COM VÍTIMA,FINALIZADA,IMBIRIBEIRA,RUA ITAJAI,3,246,RUA ITACARI,PROX A LOCADORA MOVIDA,,,,IMBIRIBEIRA,COLISÃO LATERAL,,1,1,0,0,0,0,0,0,0,1,0,,CIDADE,,,,,,,,,,,,,,274,202302897
2023-02-08T00:00:00,07:50:00,COM VÍTIMA,FINALIZADA,PINA,RUA CAPITAO TEMUDO,0,,,"EM CIMA DO VIADUTO, PROX AO CABANGA",,,,PINA,COLISÃO LATERAL,,1,1,0,0,0,0,0,0,0,1,0,,,,,,,,,,,,,,,,275,202302933
2023-02-08T00:00:00,08:30:00,COM VÍTIMA,FINALIZADA,MADALENA,RUA JOSE OSORIO,3,877,,EM FRENTE A AUTO MORAIS MULTIMARCAS,,,,MADALENA,COLISÃO LATERAL,,1,1,0,0,0,0,0,0,0,1,0,,,,,,,,,,,,,,,,276,202302936
2023-02-08T00:00:00,02:28:00,COM VÍTIMA,FINALIZADA,PRADO,RUA PADRE TEOFILO TWORZ,3,295,RUA SANTA EDWIRGES,E/F  A IGREJA PRESBITERIANA DO PRADO,,,,PRADO,COLISÃO LATERAL,,1,1,0,0,0,0,0,0,0,1,0,,,,,,,,,,,,,,,,278,202302985
2023-02-08T00:00:00,04:55:00,COM VÍTIMA,FINALIZADA,ARRUDA,AV PROFESSOR JOSE DOS ANJOS,3,327,,LADO OPOSTO A VIA SUL/ SENTIDO CAMPO DO ARRUDA,,,,ARRUDA,COLISÃO TRASEIRA,,1,1,0,0,0,0,0,0,0,1,0,,,,,,,,,,,,,,,,280,202302997
2023-02-08T00:00:00,06:09:00,COM VÍTIMA,FINALIZADA,IPUTINGA,AV CAXANGA,0,,,EM FRENTE AO BOM PREÇO DA CAXANGÁ,,,,IPUTINGA,ATROPELAMENTO DE PESSOA,,0,0,0,0,1,1,0,0,0,1,0,,,,,,,,,,,,,,,,281,202302999
2023-02-08T00:00:00,06:20:00,COM VÍTIMA,FINALIZADA,IMBIRIBEIRA,RUA JAMAICA,3,324,,FACULDADE BOA VIAGEM,,,,IMBIRIBEIRA,ATROPELAMENTO DE PESSOA,,1,0,0,0,1,0,0,0,0,1,0,,,,,,,,,,,,,,,,282,202303000
2023-02-08T00:00:00,06:44:00,COM VÍTIMA,FINALIZADA,CORDEIRO,RUA GOMES TABORDA,0,,,JOCKEY CLUB,,,,CORDEIRO,ATROPELAMENTO DE PESSOA,,1,0,0,0,1,0,0,0,0,1,0,,,,,,,,,,,,,,,,283,202303003
2023-02-09T00:00:00,07:05:00,COM VÍTIMA,FINALIZADA,IBURA,AV DOM HELDER CAMARA,3,251,,EM FRENTE AO ARMAZÉM CORAL E AO NÚCLEO DA POLÍCIA MILITAR,,,,IBURA,COLISÃO LATERAL,,1,1,0,0,0,0,0,0,0,1,0,,,,,,,,,,,,,,,,285,202303032
2023-02-09T00:00:00,07:08:00,COM VÍTIMA,FINALIZADA,CAMPO GRANDE,EST DE BELEM,3,282,,EM FRENTE A IGREJA DE BELEM,,,,CAMPO GRANDE,COLISÃO LATERAL,,1,1,0,0,0,0,0,0,0,2,0,,,,,,,,,,,,,,,,286,202303033
2023-02-09T00:00:00,07:29:00,COM VÍTIMA,FINALIZADA,ARRUDA,AV BEBERIBE,4,1217,,EM FRENTE A LOJA COBRA CORAL E AO CERPE,,,,ARRUDA,COLISÃO TRASEIRA,,2,1,0,0,0,0,0,0,0,1,0,,,,,,,,,,,,,,,,287,202303038
2023-02-09T00:00:00,12:11:00,COM VÍTIMA,FINALIZADA,CASA AMARELA,AV NORTE MIGUEL ARRAES DE ALENCAR,4,5010,,EM FRENTE A IGREJA DO AMOR,,,,CASA AMARELA,QUEDA,,0,1,0,0,0,0,0,0,0,1,0,,,,,,,,,,,,,,,,289,202303068
2023-02-10T00:00:00,07:39:00,COM VÍTIMA,FINALIZADA,PINA,AV CELSO FURTADO,0,,,PROX AO DECIMO NONO BATALHÃO DE POLICIA,,,,PINA,COLISÃO TRASEIRA,,1,1,0,0,0,0,0,0,0,1,0,,,,,,,,,,,,,,,,291,202303146
2023-02-10T00:00:00,08:04:00,COM VÍTIMA,FINALIZADA,ENCRUZILHADA,AV BEBERIBE,3,552,,EM FRENTE A ACADEMIA MATH FIT,,,,ENCRUZILHADA,COLISÃO FRONTAL,,1,1,0,0,0,0,0,0,0,1,0,,,,,,,,,,,,,,,,292,202303152
2023-02-10T00:00:00,12:25:00,COM VÍTIMA,FINALIZADA,BOA VIAGEM,RUA PADRE CARAPUCEIRO,3,777,,"ESTACIONAMENTO DO SHOPPING RECIFE SETOR C, RUA C2, PROXIMO A RENNER",,,,BOA VIAGEM,ATROPELAMENTO DE PESSOA,,1,0,0,0,1,0,0,0,0,1,0,,,,,,,,,,,,,,,,293,202303198
2023-02-10T00:00:00,01:56:00,COM VÍTIMA,FINALIZADA,PARNAMIRIM,RUA DES GOIS CAVALCANTE,3,316,,APÓS O PÃO DE AÇUCA,,,,PARNAMIRIM,COLISÃO LATERAL,,2,1,0,0,0,0,0,0,0,1,0,,,,,,,,,,,,,,,,294,202303216
2023-02-10T00:00:00,04:28:00,COM VÍTIMA,FINALIZADA,BOA VIAGEM,RUA VISCONDE DE JEQUITINHONHA,3,518,,EM FRENTE A CONCESSIONARIA LOCALIZA,,,,BOA VIAGEM,COLISÃO LATERAL,,1,1,0,0,0,0,0,0,0,1,0,,,,,,,,,,,,,,,,296,202303232
2023-02-10T00:00:00,10:34:00,COM VÍTIMA,FINALIZADA,IPSEP,AV RECIFE,4,1600,,SPJ SÃO PAULO LOJA DE VEÍCULOS,,,,IPSEP,COLISÃO TRASEIRA,,1,0,0,1,0,0,0,0,0,1,0,212,SUBURBIO,,,,,,,,,,,,,,298,202303257
2023-02-10T00:00:00,10:48:00,COM VÍTIMA,FINALIZADA,BOA VIAGEM,RUA DOS NAVEGANTES,4,2294,,POR TRAS DA GALERIA JOÃO ROMA,,,,BOA VIAGEM,COLISÃO LATERAL,,1,1,0,0,0,0,0,0,0,1,0,,,,,,,,,,,,,,,,299,202303258
2023-02-10T00:00:00,10:54:00,COM VÍTIMA,FINALIZADA,ENCRUZILHADA,RUA DONA JULIETA,0,,EST DE BELEM,EM FRENTE A IGREJA DE BELEM,,,,ENCRUZILHADA,COLISÃO TRANSVERSAL,,1,1,0,0,0,0,0,0,0,2,0,,,,,,,,,,,,,,,,300,202303259
2023-02-11T00:00:00,11:57:00,COM VÍTIMA,FINALIZADA,BOA VISTA,AV VISCONDE DE SUASSUNA,3,775,RUA GOUVEIA DE BARROS,APÓS À ESCOLA TÉCNICA IRMÃ DULCE,,,,BOA VISTA,COLISÃO LATERAL,,1,1,0,0,0,0,0,0,0,1,0,,SUBURBIO,,,,,,,,,,,,,,301,202303292
2023-02-11T00:00:00,12:23:00,COM VÍTIMA,FINALIZADA,TEJIPIO,RUA FALCAO DE LACERDA,3,506,,EM FRENTE A PRAÇA DO PACHECO,,,,TEJIPIÓ,COLISÃO FRONTAL,,0,1,0,0,0,0,1,0,0,1,0,,,,,,,,,,,,,,,,302,202303297
2023-02-11T00:00:00,01:00:00,COM VÍTIMA,FINALIZADA,IPUTINGA,AV MAURICIO DE NASSAU,0,,,AO LADO DO ALTINO VENTURA,,,,IPUTINGA,CHOQUE,,1,1,0,0,0,0,0,0,0,2,0,,,,,,,,,,,,,,,,303,202303302
2023-02-11T00:00:00,03:03:00,COM VÍTIMA,FINALIZADA,ARRUDA,RUA DO MACHADO,3,946,,EM FRENTE A PRAÇA MARIA JOSÉ E PROXIMO A SEDE DO BLOCO OS IRRESPONSAVEIS,,,,ARRUDA,COLISÃO LATERAL,,1,1,0,0,0,0,0,0,0,1,0,,,,,,,,,,,,,,,,304,202303314
2023-02-11T00:00:00,04:20:00,COM VÍTIMA,FINALIZADA,SANTO AMARO,AV CRUZ CABUGA,0,,,NA FRENTE DO CEMITÉRIO DOS INGLESES,,,,SANTO AMARO,ATROPELAMENTO DE PESSOA,,0,0,0,0,1,1,0,0,0,1,0,,,,,,,,,,,,,,,,305,202303318
2023-02-11T00:00:00,07:20:00,COM VÍTIMA,FINALIZADA,BARRO,AV DR JOSE RUFINO,0,,,VIADUTO DA BR 101 (EM CIMA DO VIADUTO),,,,BARRO,COLISÃO TRANSVERSAL,,1,1,0,0,0,0,0,0,0,1,0,,,,,,,,,,,,,,,,306,202303338
2023-02-12T00:00:00,02:47:00,COM VÍTIMA,FINALIZADA,COQUEIRAL,RUA GUANABARA,2,56,,EM FRENTE A ESTACÃO DE METRO DO COQUEIRAL,,,,COQUEIRAL,COLISÃO FRONTAL,,1,1,0,0,0,0,0,0,0,1,0,,,,,,,,,,,,,,,,311,202303402
2023-02-12T00:00:00,10:34:00,COM VÍTIMA,FINALIZADA,AREIAS,AV RECIFE,4,4200,,BIG BOMPREÇO,,,,AREIAS,COLISÃO FRONTAL,,1,1,0,0,0,0,0,0,0,1,0,,,,,,,,,,,,,,,,313,202303431
2023-02-13T00:00:00,08:04:00,COM VÍTIMA,FINALIZADA,ILHA DO LEITE,RUA ESTADO DE ISRAEL,3,262,RUA JORNALISTA TRAJANO CHACON,LADO OPOSTO AO HOSPITAL ILHA DO LEITE,,,,ILHA DO LEITE,COLISÃO LATERAL,,1,1,0,0,0,0,0,0,0,1,0,,SUBURBIO,,,,,,,,,,,,,,316,202303441
2023-02-13T00:00:00,08:10:00,COM VÍTIMA,FINALIZADA,PINA,RUA TOME GIBSON,3,400,AV ENCANTA MOCA,PROX. A CENTRAL DA PICANHA,,,,PINA,COLISÃO LATERAL,,1,1,0,0,0,0,0,0,0,1,0,,SUBURBIO,,,,,,,,,,,,,,317,202303442
2023-02-13T00:00:00,08:32:00,COM VÍTIMA,FINALIZADA,RECIFE,AV ALFREDO LISBOA,4,1168,,PROX. AO MARCO ZERO,,,,BAIRRO DO RECIFE,COLISÃO TRASEIRA,,0,2,0,0,0,0,0,0,0,1,0,,SUBURBIO,,,,,,,,,,,,,,318,202303444
2023-02-13T00:00:00,08:46:00,COM VÍTIMA,FINALIZADA,CORDEIRO,RUA GOMES TABORDA,4,1296,RUA SECUNDINO CARNEIRO,EM FRENTE A GALERIA SEVERINO BARBOSA DE MEDEIROS,,,,CORDEIRO,COLISÃO LATERAL,,0,1,0,0,0,0,0,1,0,1,0,,SUBURBIO,,,,,,,,,,,,,,319,202303446
2023-02-13T00:00:00,12:45:00,COM VÍTIMA,FINALIZADA,ARRUDA,RUA RAUL POMPEIA,3,854,,PROX A IGREJA ASSEMBLEIA DE DEUS,,,,ARRUDA,COLISÃO LATERAL,,1,1,0,0,0,0,0,0,0,1,0,,,,,,,,,,,,,,,,321,202303470
2023-02-13T00:00:00,02:27:00,COM VÍTIMA,FINALIZADA,AFOGADOS,AV SUL,0,,,PROX A POLICLINICA DE AFOGADOS,,,,AFOGADOS,COLISÃO LATERAL,,1,1,0,0,0,0,0,0,0,1,0,,CIDADE,,,,,,,,,,,,,,323,202303479
2023-02-13T00:00:00,04:49:00,COM VÍTIMA,FINALIZADA,IMBIRIBEIRA,AV GENERAL MAC ARTHUR,0,,RUA SARGENTO SILVINO DE MACEDO,RUA SARGENTO SILVINO DE MACEDO,,,,IMBIRIBEIRA,COLISÃO LATERAL,,1,1,0,0,0,0,0,0,0,1,0,442,SUBURBIO,,,,,,,,,,,,,,324,202303484
2023-02-13T00:00:00,05:44:00,COM VÍTIMA,FINALIZADA,BOA VIAGEM,RUA SETUBAL,4,1432,RUA BALTAZAR PASSOS,EM FRENTE AO EDIFICIO COSTA DOS NAVEGANTES,,,,BOA VIAGEM,COLISÃO LATERAL,,1,1,0,0,0,0,0,0,0,1,0,,,,,,,,,,,,,,,,325,202303488
2023-02-13T00:00:00,06:20:00,COM VÍTIMA,FINALIZADA,JORDAO,AV DONA CARENTINA,4,1479,,MERCADINHO POP,,,,JORDÃO,ATROPELAMENTO DE PESSOA,,1,1,0,0,1,0,0,0,0,1,0,,SUBURBIO,,,,,,,,,,,,,,326,202303492
2023-02-13T00:00:00,08:21:00,COM VÍTIMA,FINALIZADA,PINA,AV ENGENHEIRO DOMINGOS FERREIRA,0,,,COM  A RUA PEREIRA DA COSTA,,,,PINA,ATROPELAMENTO DE PESSOA,,0,1,0,0,1,0,0,0,0,2,0,142,SUBURBIO,,,,,,,,,,,,,,327,202303501
2023-02-14T00:00:00,07:45:00,COM VÍTIMA,FINALIZADA,PRADO,RUA GOMES TABORDA,0,,RUA DES ADOLFO CIRIACO,EM FRENTE A SINDI COMBUSTIVEIS,,,,PRADO,COLISÃO LATERAL,,1,1,0,0,0,0,0,0,0,1,0,,,,,,,,,,,,,,,,330,202303528
2023-02-14T00:00:00,07:57:00,COM VÍTIMA,FINALIZADA,DERBY,AV GOVERNADOR AGAMENON MAGALHAES,2,73,,PROX A CLINICA PRONTO PELE / EMERGENCIA DA PELE,,,,DERBY,COLISÃO LATERAL,,1,1,0,0,0,0,0,0,0,1,0,,,,,,,,,,,,,,,,331,202303530
2023-02-14T00:00:00,09:47:00,COM VÍTIMA,FINALIZADA,ALTO DO MANDU,AV NORTE MIGUEL ARRAES DE ALENCAR,4,6888,,EM FRENTE AO BAR NORTE,,,,ALTO DO MANDU,COLISÃO LATERAL,,0,2,0,0,0,0,0,0,0,1,0,65,,,,,,,,,,,,,,,333,202303552
2023-02-14T00:00:00,11:43:00,COM VÍTIMA,FINALIZADA,DERBY,PRC DO DERBY,3,115,,,,,,DERBY,ATROPELAMENTO DE PESSOA,,0,1,0,0,1,0,0,0,0,1,0,,,,,,,,,,,,,,,,335,202303569
2023-02-14T00:00:00,01:57:00,COM VÍTIMA,FINALIZADA,CASA AMARELA,EST DAS UBAIAS,3,105,,BOM DEMAIS SUPERMERCADO,,,,CASA AMARELA,COLISÃO LATERAL,,1,1,0,0,0,0,0,0,0,1,0,,,,,,,,,,,,,,,,336,202303588
2023-02-14T00:00:00,04:14:00,COM VÍTIMA,FINALIZADA,IMBIRIBEIRA,AV MARECHAL MASCARENHAS DE MORAES,0,,,SOBRE O VIADUTO TANCREDO NEVES,,,,IMBIRIBEIRA,COLISÃO FRONTAL,,1,1,0,0,0,0,0,0,0,1,0,,,,,,,,,,,,,,,,337,202303599
2023-02-14T00:00:00,05:37:00,COM VÍTIMA,FINALIZADA,PORTO DA MADEIRA,AV CIDADE DE MONTEIRO,3,505,,EM FRENTE A GALERIA O TERRAÇO,,,,PORTO DA MADEIRA,COLISÃO LATERAL,,2,1,0,0,0,0,0,0,0,2,0,,,,,,,,,,,,,,,,338,202303604
2023-02-14T00:00:00,07:01:00,COM VÍTIMA,FINALIZADA,IBURA,AV DOIS RIOS,4,1258,,EM FRENTE A ACADEMIA MOTIVE,,,,IBURA,COLISÃO TRASEIRA,,1,1,0,0,0,0,0,0,0,1,0,,,,,,,,,,,,,,,,339,202303612
2023-02-15T00:00:00,08:00:00,COM VÍTIMA,FINALIZADA,AGUA FRIA,RUA MANOEL SILVA,0,,,PRÓX. AO ESPETINHO DO BÊU,,,,ÁGUA FRIA,COLISÃO LATERAL,,1,1,0,0,0,0,0,0,0,1,0,285,SUBURBIO,,,,,,,,,,,,,,340,202303652
2023-02-15T00:00:00,08:20:00,COM VÍTIMA,FINALIZADA,ILHA DO LEITE,AV SPORT CLUBE DO RECIFE,3,S/N,TUNEL CHICO SCIENCE,DENTRO DO TÚNEL,,,,ILHA DO LEITE,COLISÃO FRONTAL,,2,0,0,0,0,0,0,0,0,1,0,,,,,,,,,,,,,,,,342,202303657
2023-02-15T00:00:00,12:47:00,COM VÍTIMA,FINALIZADA,VARZEA,RUA MANUEL DE MEDEIROS,3,945,,E/F AO MOTEL PARAISO,,,,VÁRZEA,COLISÃO LATERAL,,1,1,0,0,0,0,0,0,0,1,0,,,,,,,,,,,,,,,,343,202303687
2023-02-15T00:00:00,03:07:00,COM VÍTIMA,FINALIZADA,BEBERIBE,AV HILDEBRANDO DE VASCONCELOS,0,,RUA COMPOSITOR VINICIUS DE MORAIS,RUA COMPOSITOR VINICIUS DE MORAIS,,,,BEBERIBE,COLISÃO LATERAL,,1,1,0,0,0,0,0,0,0,1,0,,,,,,,,,,,,,,,,344,202303700
2023-02-15T00:00:00,09:40:00,COM VÍTIMA,FINALIZADA,CAMPO GRANDE,RUA ODORICO MENDES,0,,,EMFRENTE AO CLUBE DAS PÁS,,,,CAMPO GRANDE,COLISÃO TRASEIRA,,1,1,0,0,0,0,0,0,0,1,0,,,,,,,,,,,,,,,,347,202303745
2023-02-15T00:00:00,10:19:00,COM VÍTIMA,FINALIZADA,IBURA,RUA RIO BRIGIDA,3,350,,EM FRENTE À IGREJA VERBO DA VIDA DO IBURA DE BAIXO,,,,IBURA,COLISÃO TRANSVERSAL,,1,1,0,0,0,0,0,0,0,2,0,,,,,,,,,,,,,,,,348,202303748
2023-02-16T00:00:00,07:27:00,COM VÍTIMA,FINALIZADA,ESPINHEIRO,AV JOAO DE BARROS,0,,,EM FRENTE A EXTRAFARMA,,,,ESPINHEIRO,COLISÃO LATERAL,,1,1,0,0,0,0,0,0,0,1,0,,,,,,,,,,,,,,,,349,202303765
2023-02-16T00:00:00,08:10:00,COM VÍTIMA,FINALIZADA,IMBIRIBEIRA,RUA ITAJAI,0,,RUA ITACARI,PROX. A GOCIL SEGURANÇA,,,,IMBIRIBEIRA,COLISÃO FRONTAL,,1,1,0,0,0,0,0,0,0,1,0,,,,,,,,,,,,,,,,351,202303774
2023-02-16T00:00:00,08:11:00,COM VÍTIMA,FINALIZADA,SAN MARTIN,AV GENERAL SAN MARTIN,0,,,PROX AO COLEGIO ADVENTISTA / E AO SEMÁFORO 371,,,,SAN MARTIN,COLISÃO LATERAL,,1,1,0,0,0,0,0,0,0,2,0,371,,,,,,,,,,,,,,,352,202303775
2023-02-16T00:00:00,10:28:00,COM VÍTIMA,FINALIZADA,AGUA FRIA,RUA DA REGENERACAO,3,210,,PRÓX. À LOJA DE FERRAGENS  JOSÉ LUIZ DA FONSECA,,,,ÁGUA FRIA,COLISÃO LATERAL,,1,1,0,0,0,0,0,0,0,1,0,,,,,,,,,,,,,,,,353,202303807
2023-02-16T00:00:00,10:54:00,COM VÍTIMA,FINALIZADA,BOA VISTA,RUA DA GLORIA,3,211,,PROX. A DELEGACIA DO IDOSO,,,,BOA VISTA,COLISÃO LATERAL,,1,1,0,0,0,0,0,0,0,1,0,,,,,,,,,,,,,,,,354,202303811
2023-02-16T00:00:00,11:32:00,COM VÍTIMA,FINALIZADA,IPSEP,RUA SAO NICOLAU,3,427,RUA ABDIAS CABRAL DE MOURA,PROX. A MICRO EQUIPAMENTOS,,,,IPSEP,COLISÃO LATERAL,,1,1,0,0,0,0,0,0,0,1,0,,SUBURBIO,,,,,,,,,,,,,,355,202303817
2023-02-16T00:00:00,03:07:00,COM VÍTIMA,FINALIZADA,PINA,PTE VICE PRESIDENTE JOSE ALENCAR,0,,,ENTRADA DO RIOMAR,,,,PINA,COLISÃO LATERAL,,1,1,0,0,0,0,0,0,0,1,0,,,,,,,,,,,,,,,,357,202303842
2023-02-16T00:00:00,06:50:00,COM VÍTIMA,FINALIZADA,CABANGA,PTE GOVERNADOR PAULO GUERRA,0,,,SENTIDO CENTRO,,,,CABANGA,COLISÃO FRONTAL,,1,1,0,0,0,0,0,0,0,3,0,,,,,,,,,,,,,,,,358,202303865
2023-02-16T00:00:00,08:16:00,COM VÍTIMA,FINALIZADA,IMBIRIBEIRA,RUA JOAQUIM BANDEIRA,3,268,,EMBAIXO DO PONTILHÃO,,,,IMBIRIBEIRA,COLISÃO TRASEIRA,,2,1,0,0,0,0,0,0,0,2,0,,,,,,,,,,,,,,,,360,202303873
2023-02-16T00:00:00,10:46:00,COM VÍTIMA,FINALIZADA,MACAXEIRA,AV NORTE MIGUEL ARRAES DE ALENCAR,0,,RUA CORONEL JOAO BATISTA DO REGO BARROS,EM FRENTE A PRAÇA DA MACAXEIRA,,,,MACAXEIRA,COLISÃO FRONTAL,,1,1,0,0,0,0,0,0,0,1,0,671,SUBURBIO,,,,,,,,,,,,,,361,202303877
2023-02-17T00:00:00,10:31:00,COM VÍTIMA,FINALIZADA,ENCRUZILHADA,RUA DR JOSE MARIA,2,27,RUA CARLOS BORROMEU,IGREJA UNIVERSAL,,,,ENCRUZILHADA,ATROPELAMENTO DE PESSOA,,1,0,0,0,1,0,0,0,0,1,0,,,,,,,,,,,,,,,,363,202303925