data,hora,natureza_acidente,situacao,bairro,endereco,,numero,detalhe_endereco_acidente,complemento,endereco_cruzamento,numero_cruzamento,referencia_cruzamento,bairro_cruzamento,tipo,descricao,auto,moto,ciclom,ciclista,pedestre,onibus,caminhao,viatura,outros,vitimas,vitimasfatais,num_semaforo,sentido_via,acidente_verificado,tempo_clima,situacao_semaforo,sinalizacao,condicao_via,conservacao_via,ponto_controle,situacao_placa,velocidade_max_via,mao_direcao,divisao_via1,divisao_via2,divisao_via3,_id,Protocolo
2023-03-04T00:00:00,04:04:00,COM VÍTIMA,FINALIZADA,BARRO,AV DR JOSE RUFINO,0,,,EM CIMA DO VIADUTO DO BARRO,,,,BARRO,COLISÃO TRANSVERSAL,,1,1,0,0,0,0,0,0,0,1,0,,,,,,,,,,,,,,,,491,202304985
2023-03-04T00:00:00,09:01:00,COM VÍTIMA,FINALIZADA,PINA,AV REPUBLICA DO LIBANO,0,,,,,,,PINA,COLISÃO TRASEIRA,,3,1,0,0,0,0,0,0,0,1,0,,,,,,,,,,,,,,,,492,202305006
2023-03-04T00:00:00,12:45:00,COM VÍTIMA,FINALIZADA,SANTO AMARO,AV CRUZ CABUGA,3,706,RUA FREI CASSIMIRO,PROX AO PREDIO DA CASA DA INDUSTRIA,,,,SANTO AMARO,COLISÃO TRANSVERSAL,,1,1,0,0,0,0,0,0,0,2,0,,,,,,,,,,,,,,,,493,202305026
2023-03-04T00:00:00,01:21:00,COM VÍTIMA,FINALIZADA,CAMPO GRANDE,EST DE BELEM,3,836,,PROXIMO AO POSTO PETRONAK,,,,CAMPO GRANDE,COLISÃO FRONTAL,,1,1,0,0,0,0,0,0,0,1,0,,,,,,,,,,,,,,,,494,202305030
2023-03-04T00:00:00,08:30:00,COM VÍTIMA,FINALIZADA,ILHA JOANA BEZERRA,AV BEIRA RIO,0,,,EM FRENTE AO CAMPO,,,,JOANA BEZERRA,ATROPELAMENTO DE ANIMAL,,0,0,0,0,0,0,0,0,0,1,0,,,,,,,,,,,,,,,,496,202305050
2023-03-04T00:00:00,10:19:00,COM VÍTIMA,FINALIZADA,BOA VIAGEM,RUA BARAO DE SOUZA LEAO,3,418,,EM FRENTE AO BANCO DO BRASIL,,,,BOA VIAGEM,,,0,1,0,0,1,0,0,0,0,1,0,,,,,,,,,,,,,,,,497,202305054
2023-03-05T00:00:00,04:15:00,COM VÍTIMA,FINALIZADA,PAISSANDU,AV GOVERNADOR AGAMENON MAGALHAES,0,,,EM FRENTE AO HOSPITAL PORTUGUÊS,,,,PAISSANDU,ATROPELAMENTO DE PESSOA,,1,0,0,0,1,0,0,0,0,1,0,,,,,,,,,,,,,,,,499,202305094
2023-03-06T00:00:00,10:06:00,COM VÍTIMA,FINALIZADA,BEBERIBE,AV BEBERIBE,4,4330,,APOS BEBERIBE MOTO PEÇAS,,,,BEBERIBE,COLISÃO LATERAL,,1,1,0,0,0,0,0,0,0,1,0,,,,,,,,,,,,,,,,501,202305118
2023-03-06T00:00:00,04:35:00,COM VÍTIMA,FINALIZADA,SAO JOSE,RUA PRIMEIRO DE MARCO,0,,,NA ENTRADA DA PONTO QUE DÁ ACESSO AO MARCO ZERO,,,,SÃO JOSÉ,COLISÃO TRASEIRA,,1,1,0,0,0,0,0,0,0,1,0,,,,,,,,,,,,,,,,502,202305134
2023-03-06T00:00:00,04:48:00,COM VÍTIMA,FINALIZADA,TAMARINEIRA,RUA CONEGO BARATA,0,,AV NORTE MIGUEL ARRAES DE ALENCAR,AV. NORTE MIGUEL ARRAES DE ALENCAR,,,,TAMARINEIRA,COLISÃO LATERAL,,1,1,0,0,0,0,0,0,0,1,0,62,SUBURBIO,,,,,,,,,,,,,,503,202305135
2023-03-06T00:00:00,07:52:00,COM VÍTIMA,FINALIZADA,CAMPO GRANDE,RUA FRANKLIN TAVORA,0,,,"APÓS A PADARIA SANTO ANTONIO, PRIMEIRO SEMÁFORO A DIREITA",,,,CAMPO GRANDE,COLISÃO TRANSVERSAL,,1,1,0,0,0,0,0,0,0,1,0,,,,,,,,,,,,,,,,504,202305142
2023-03-07T00:00:00,07:09:00,COM VÍTIMA,FINALIZADA,VARZEA,RUA MARECHAL MANOEL LUIS OSORIO,0,,,PRÓX. AO HAPVIDA,,,,VÁRZEA,COLISÃO LATERAL,,1,1,0,0,0,0,0,0,0,1,0,,,,,,,,,,,,,,,,505,202305161
2023-03-07T00:00:00,01:49:00,COM VÍTIMA,FINALIZADA,IPSEP,RUA BLUMENAU,2,82,RUA SAO COSME E DAMIAO,PROX A FARMACIA SANTA LUZIA,,,,IPSEP,COLISÃO LATERAL,,1,1,0,0,0,0,0,0,0,1,0,,,,,,,,,,,,,,,,506,202305196
2023-03-07T00:00:00,03:03:00,COM VÍTIMA,FINALIZADA,IPSEP,RUA JEAN EMILE FAVRE,4,1301,,EM FRENTE AO RESTURANTE KI SABOR,,,,IPSEP,COLISÃO FRONTAL,,1,1,0,0,0,0,0,0,0,2,0,,,,,,,,,,,,,,,,507,202305202
2023-03-07T00:00:00,03:53:00,COM VÍTIMA,FINALIZADA,BOA VISTA,RUA DOM BOSCO,0,,AV GOVERNADOR CARLOS DE LIMA CAVALCANTI,PROX AO SEMÁFORO 027,,,,BOA VISTA,COLISÃO LATERAL,,1,1,0,0,0,0,0,0,0,1,0,,SUBURBIO,,,,,,,,,,,,,,508,202305206
2023-03-07T00:00:00,08:43:00,COM VÍTIMA,FINALIZADA,SAO JOSE,AV DANTAS BARRETO,0,,,COM A RUA SÃO JOÃO,,,,SÃO JOSÉ,COLISÃO LATERAL,,1,1,0,0,0,0,0,0,0,1,0,54,,,,,,,,,,,,,,,509,202305232
2023-03-08T00:00:00,07:12:00,COM VÍTIMA,FINALIZADA,TORRE,RUA REAL DA TORRE,4,1642,RUA VISCONDE DE ITAPARICA,EM FRENTE A ESCOLA DESPERTAR,,,,TORRE,COLISÃO FRONTAL,,1,1,0,0,0,0,0,0,0,1,0,,,,,,,,,,,,,,,,510,202305238
2023-03-08T00:00:00,08:02:00,COM VÍTIMA,FINALIZADA,IBURA,RUA DR OTAVIO DE MORAES VASCONCELOS,2,20,RUA VALE DO ITAJAI,EM FRENTE AO BRASIL GÁS,,,,IBURA,QUEDA,,0,1,0,0,0,0,0,0,0,1,0,,,,,,,,,,,,,,,,511,202305246
2023-03-08T00:00:00,10:13:00,COM VÍTIMA,FINALIZADA,MADALENA,RUA JOSE OSORIO,3,680,,EM FRENTE A LOJA DE CARRO TEXEIRA PRIME,,,,MADALENA,COLISÃO FRONTAL,,1,1,0,0,0,0,0,0,0,1,0,,SUBURBIO,,,,,,,,,,,,,,513,202305263
2023-03-08T00:00:00,11:12:00,COM VÍTIMA,FINALIZADA,MADALENA,AV ENGENHEIRO ABDIAS DE CARVALHO,3,336,RUA SENADOR FABIO DE BARROS,EM FRENTE AO POSTO EXTRA,,,,MADALENA,COLISÃO LATERAL,,1,1,0,0,0,0,0,0,0,1,0,,SUBURBIO,,,,,,,,,,,,,,514,202305280
2023-03-08T00:00:00,11:31:00,COM VÍTIMA,FINALIZADA,BOA VISTA,PRC MACIEL PINHEIRO,3,360,,"PRAÇA MACIEL PINHEIRO, HOTEL AMERICA",,,,BOA VISTA,COLISÃO LATERAL,,1,1,0,0,0,0,0,0,0,1,0,,SUBURBIO,,,,,,,,,,,,,,515,202305283
2023-03-08T00:00:00,11:31:00,COM VÍTIMA,FINALIZADA,SAO JOSE,AV ENGENHEIRO JOSE ESTELITA,0,,,MIRANTE DO CAIS,,,,SÃO JOSÉ,COLISÃO TRASEIRA,,2,0,0,0,0,0,0,1,0,1,0,,CIDADE,,,,,,,,,,,,,,516,202305284
2023-03-08T00:00:00,11:31:00,COM VÍTIMA,FINALIZADA,SAO JOSE,C SANTA RITA,0,,,EM FRENTE AO NOVO HOTEL,,,,SÃO JOSÉ,QUEDA,,0,1,0,0,0,0,0,0,0,1,0,76,CIDADE,,,,,,,,,,,,,,517,202305285
2023-03-08T00:00:00,12:24:00,COM VÍTIMA,FINALIZADA,CAMPO GRANDE,RUA MARQUES DE ABRANTES,3,171,RUA VOLUNTARIOS DA PATRIA,PROX AO RESTAURANTE SKILLUS,,,,CAMPO GRANDE,COLISÃO LATERAL,,1,1,0,0,0,0,0,0,0,1,0,,,,,,,,,,,,,,,,519,202305294
2023-03-08T00:00:00,12:58:00,COM VÍTIMA,FINALIZADA,IMBIRIBEIRA,AV MARECHAL MASCARENHAS DE MORAES,4,2967,,EM FRENTE À FERREIRA COSTA,,,,IMBIRIBEIRA,COLISÃO LATERAL,,2,1,0,0,0,0,0,0,0,1,0,386,SUBURBIO,,,,,,,,,,,,,,520,202305296
2023-03-08T00:00:00,01:02:00,COM VÍTIMA,FINALIZADA,SANTO AMARO,AV GOVERNADOR AGAMENON MAGALHAES,0,,RUA QUARENTA E OITO,EMBAIXO DO VIADUTO  DA JOAO DE BARROS  S/T RECIFE,,,,SANTO AMARO,QUEDA,,0,1,0,0,0,0,0,0,0,1,0,,CIDADE,,,,,,,,,,,,,,521,202305297
2023-03-08T00:00:00,01:23:00,COM VÍTIMA,FINALIZADA,SANTO AMARO,RUA ARNOBIO MARQUES,3,310,,EM FRENTE AO HOSPITAL OSWALDO CRUZ,,,,SANTO AMARO,COLISÃO LATERAL,,1,1,0,0,0,0,0,0,0,1,0,,,,,,,,,,,,,,,,522,202305300
2023-03-08T00:00:00,01:34:00,COM VÍTIMA,FINALIZADA,AFOGADOS,RUA COSME VIANA,0,,RUA TRES DE AGOSTO,NO SEMÁFOR 525,,,,AFOGADOS,ATROPELAMENTO DE PESSOA,,2,0,0,0,1,0,0,0,0,2,0,525,SUBURBIO,,,,,,,,,,,,,,523,202305301
2023-03-08T00:00:00,03:11:00,COM VÍTIMA,FINALIZADA,PARNAMIRIM,RUA PADRE ROMA,3,489,,E/F AO BAR FAACA,,,,PARNAMIRIM,COLISÃO COM CICLISTA,,1,0,0,1,0,0,0,0,0,1,0,,SUBURBIO,,,,,,,,,,,,,,525,202305316
2023-03-08T00:00:00,06:21:00,COM VÍTIMA,FINALIZADA,AFOGADOS,RUA SAO MIGUEL,4,1694,RUA ALEXANDRE RODRIGUES FERREIRA,ENFRENTE A CASA FÚNERARIA SÃO MIGEUL,,,,AFOGADOS,COLISÃO TRASEIRA,,1,1,0,0,0,0,0,0,0,2,0,,SUBURBIO,,,,,,,,,,,,,,526,202305332
2023-03-08T00:00:00,07:40:00,COM VÍTIMA,FINALIZADA,BOA VISTA,AV VISCONDE DE SUASSUNA,3,305,RUA BISPO CARDOSO AYRES,LINS ADVOCACIA,,,,BOA VISTA,ATROPELAMENTO DE PESSOA,,1,0,0,0,1,0,0,0,0,1,0,172,SUBURBIO,,,,,,,,,,,,,,527,202305338
2023-03-09T00:00:00,05:31:00,COM VÍTIMA,FINALIZADA,ARRUDA,RUA DO MACHADO,3,859,,PRÓXIMO AO CLUBE DOS IRRESPONSÁVEIS,,,,ARRUDA,COLISÃO LATERAL,,2,0,0,0,0,0,0,0,0,1,0,,CIDADE,,,,,,,,,,,,,,528,202305348
2023-03-09T00:00:00,06:35:00,COM VÍTIMA,FINALIZADA,IPSEP,AV RECIFE,0,,AV SENADOR ROBERT KENNEDY,"NO SEMAFORO 319,",,,,IPSEP,COLISÃO TRASEIRA,,3,0,0,0,0,0,0,0,0,1,0,319,CIDADE,,,,,,,,,,,,,,529,202305351
2023-03-09T00:00:00,08:15:00,COM VÍTIMA,FINALIZADA,TAMARINEIRA,AV NORTE MIGUEL ARRAES DE ALENCAR,4,4058,,PRÓX. AO NEXOS HOTEL,,,,TAMARINEIRA,ATROPELAMENTO DE PESSOA,,0,1,0,0,1,0,0,0,0,2,0,,,,,,,,,,,,,,,,530,202305366
2023-03-09T00:00:00,09:46:00,COM VÍTIMA,FINALIZADA,IPUTINGA,AV ENGENHEIRO ABDIAS DE CARVALHO,3,819,,EM FRENTE AO NUMERO 807,,,,IPUTINGA,COLISÃO TRASEIRA,,1,1,0,0,0,0,0,0,0,1,0,,,,,,,,,,,,,,,,531,202305375
2023-03-09T00:00:00,10:44:00,COM VÍTIMA,FINALIZADA,CABANGA,RUA BITURI,2,93,RUA BUJARI,PROX. A COMPESA,,,,CABANGA,COLISÃO LATERAL,,0,1,0,0,0,0,1,0,0,1,0,,SUBURBIO,,,,,,,,,,,,,,532,202305381
2023-03-09T00:00:00,03:17:00,COM VÍTIMA,FINALIZADA,CORDEIRO,AV GENERAL SAN MARTIN,4,1208,,COMPAZ ARIANO SUASSUNA,,,,CORDEIRO,COLISÃO LATERAL,,1,1,0,0,0,0,0,0,0,1,0,,,,,,,,,,,,,,,,534,202305398
2023-03-10T00:00:00,09:17:00,COM VÍTIMA,FINALIZADA,SANTO AMARO,AV CRUZ CABUGA,4,1200,RUA LEAO FALCAO,EM FRENTE AO HOSPITAL NAVAL,,,,SANTO AMARO,COLISÃO LATERAL,,1,1,0,0,0,0,0,0,0,2,0,,SUBURBIO,,,,,,,,,,,,,,535,202305460
2023-03-10T00:00:00,10:26:00,COM VÍTIMA,FINALIZADA,AGUA FRIA,AV BEBERIBE,4,1803,RUA ZEFERINO AGRA,PROX. AO MAGAZINE LUIZA,,,,ÁGUA FRIA,COLISÃO LATERAL,,1,1,0,0,0,0,0,0,0,2,0,,CIDADE,,,,,,,,,,,,,,536,202305473
2023-03-10T00:00:00,11:00:00,COM VÍTIMA,FINALIZADA,IBURA,AV DOIS RIOS,3,443,,PRÓX AO SESI,,,,IBURA,COLISÃO FRONTAL,,1,1,0,0,0,0,0,0,0,2,0,,SUBURBIO,,,,,,,,,,,,,,537,202305476
2023-03-10T00:00:00,05:39:00,COM VÍTIMA,FINALIZADA,AFOGADOS,RUA SAO MIGUEL,4,1630,,CHURRASCARIA CHARQUE NA BRASA,,,,AFOGADOS,COLISÃO LATERAL,,0,2,0,0,0,0,0,0,0,1,0,,CIDADE,,,,,,,,,,,,,,538,202305515
2023-03-11T00:00:00,08:46:00,COM VÍTIMA,FINALIZADA,ENCRUZILHADA,AV BEBERIBE,3,487,RUA PROFESSOR JERONIMO GUEIROS,EM FRENTE A COOPERATIVA ALIANÇA,,,,ENCRUZILHADA,COLISÃO FRONTAL,,2,1,0,0,0,0,0,0,0,1,0,,SUBURBIO,,,,,,,,,,,,,,542,202305549
2023-03-11T00:00:00,10:21:00,COM VÍTIMA,FINALIZADA,CASA AMARELA,RUA PADRE LEMOS,3,391,AV PEDRO ALLAIN,EM FRENTE A CASAPIO,,,,CASA AMARELA,COLISÃO LATERAL,,0,1,0,0,0,0,1,0,0,1,0,,,,,,,,,,,,,,,,543,202305561
2023-03-11T00:00:00,08:46:00,COM VÍTIMA,FINALIZADA,IBURA,AV DOIS RIOS,0,,,PROXIMO A POLICLINICA ARNALDO MARQUES,,,,IBURA,COLISÃO FRONTAL,,1,1,0,0,0,0,0,0,0,1,0,707,SUBURBIO,,,,,,,,,,,,,,547,202305619
2023-03-13T00:00:00,11:44:00,COM VÍTIMA,FINALIZADA,ESPINHEIRO,AV NORTE MIGUEL ARRAES DE ALENCAR,2,11,,FREITOS MOTOPEÇAS,,,,ESPINHEIRO,COLISÃO LATERAL,,1,1,0,0,0,0,0,0,0,1,0,,CIDADE,,,,,,,,,,,,,,550,202305717
2023-03-13T00:00:00,12:44:00,COM VÍTIMA,FINALIZADA,BOA VIAGEM,RUA FELIX DE BRITO E MELO,3,728,,APOS O BIG BOMPREÇO,,,,BOA VIAGEM,COLISÃO COM CICLISTA,,1,0,0,1,0,0,0,0,0,1,0,,CIDADE,,,,,,,,,,,,,,551,202305721
2023-03-13T00:00:00,05:31:00,COM VÍTIMA,FINALIZADA,BARRO,AV DR JOSE RUFINO,4,2887,RUA LUIZ SOARES,E/F AO MIRANTE DO RECIFE,,,,BARRO,COLISÃO LATERAL,,1,1,0,0,0,0,0,0,0,2,0,,SUBURBIO,,,,,,,,,,,,,,552,202305735
2023-03-13T00:00:00,06:09:00,COM VÍTIMA,FINALIZADA,SANTO ANTONIO,PRC DA REPUBLICA,0,,,,,,,SANTO ANTÔNIO,COLISÃO LATERAL,,1,1,0,0,0,0,0,0,0,1,0,,,,,,,,,,,,,,,,553,202305738
2023-03-14T00:00:00,07:32:00,COM VÍTIMA,FINALIZADA,BOA VIAGEM,RUA PADRE CABRAL,2,86,RUA JOSE DOMINGUES DA SILVA,AO LADO DO EDIFICIO BARCELONA,,,,BOA VIAGEM,COLISÃO LATERAL,,1,1,0,0,0,0,0,0,0,1,0,,SUBURBIO,,,,,,,,,,,,,,555,202305766
2023-03-14T00:00:00,08:33:00,COM VÍTIMA,FINALIZADA,AFOGADOS,RUA NICOLAU PEREIRA,0,,RUA DA PAZ,PRÓX. À SUCATA DO AZULEJO,,,,AFOGADOS,COLISÃO LATERAL,,1,1,0,0,0,0,0,0,0,1,0,,,,,,,,,,,,,,,,556,202305777
2023-03-14T00:00:00,09:01:00,COM VÍTIMA,FINALIZADA,IMBIRIBEIRA,RUA ARQUITETO LUIZ NUNES,2,99,,NO FINAL DA PONTE GILBERTO FREIRES,,,,IMBIRIBEIRA,QUEDA,,0,0,0,1,0,0,0,0,0,1,0,,CIDADE,,,,,,,,,,,,,,557,202305782
2023-03-14T00:00:00,10:50:00,COM VÍTIMA,FINALIZADA,PINA,AV CONSELHEIRO AGUIAR,3,914,,HOTEL MALIBU,,,,PINA,COLISÃO LATERAL,,1,1,0,0,0,0,0,0,0,1,0,,CIDADE,,,,,,,,,,,,,,558,202305794
2023-03-14T00:00:00,12:49:00,COM VÍTIMA,FINALIZADA,FUNDAO,AV BEBERIBE,4,2406,RUA SAO JOAQUIM DO MONTE,EM FRENTE AO PRESSÃO MIX BAR,,,,FUNDÃO,COLISÃO LATERAL,,1,1,0,0,0,0,0,0,0,1,0,153,SUBURBIO,,,,,,,,,,,,,,559,202305812
2023-03-14T00:00:00,02:28:00,COM VÍTIMA,FINALIZADA,SAO JOSE,RUA SAO JOAO,0,,RUA VIDAL DE NEGREIROS,EM FRENTE A PRAÇA DAS CINCO PONTAS,,,,SÃO JOSÉ,COLISÃO LATERAL,,1,1,0,0,0,0,0,0,0,1,0,,CIDADE,,,,,,,,,,,,,,562,202305823
2023-03-14T00:00:00,05:20:00,COM VÍTIMA,FINALIZADA,SAO JOSE,C SANTA RITA,0,,,SOB O SEMÁFORO 076,,,,SÃO JOSÉ,COLISÃO LATERAL,,1,1,0,0,0,0,0,0,0,1,0,76,,,,,,,,,,,,,,,564,202305838
2023-03-14T00:00:00,07:23:00,COM VÍTIMA,FINALIZADA,ENCRUZILHADA,AV BEBERIBE,3,484,RUA PROFESSOR JERONIMO GUEIROS,EM FRENTE AO BANCO DO BRASIL,,,,ENCRUZILHADA,COLISÃO FRONTAL,,1,1,0,0,0,0,0,0,0,1,0,,SUBURBIO,,,,,,,,,,,,,,565,202305843
2023-03-15T00:00:00,07:59:00,COM VÍTIMA,FINALIZADA,IMBIRIBEIRA,AV MARECHAL MASCARENHAS DE MORAES,4,1801,,EM FRENTE A HONDA,,,,IMBIRIBEIRA,QUEDA,,0,1,0,0,0,0,0,0,0,1,0,,CIDADE,,,,,,,,,,,,,,568,202305863
2023-03-15T00:00:00,10:16:00,COM VÍTIMA,FINALIZADA,CASA AMARELA,AV NORTE MIGUEL ARRAES DE ALENCAR,0,,,AV PROF JOSÉ DOS ANJOS,,,,CASA AMARELA,QUEDA,,0,1,0,0,0,0,0,0,0,1,0,364,,,,,,,,,,,,,,,569,202305880
2023-03-09T00:00:00,09:37:00,COM VÍTIMA,FINALIZADA,IPSEP,RUA SAO NICOLAU,0,,RUA ABDIAS CABRAL DE MOURA,CRUZAMANTO,,,,IPSEP,COLISÃO COM CICLISTA,,1,0,0,1,0,0,0,0,0,1,0,,,,,,,,,,,,,,,,570,202305883
2023-03-15T00:00:00,11:26:00,COM VÍTIMA,FINALIZADA,ENCRUZILHADA,AV BEBERIBE,0,,RUA DA CORAGEM,NO SEMAFORO 186,,,,ENCRUZILHADA,COLISÃO FRONTAL,,1,2,0,0,0,0,0,0,0,1,0,,,,,,,,,,,,,,,,571,202305889
2023-03-15T00:00:00,01:41:00,COM VÍTIMA,FINALIZADA,SAN MARTIN,RUA VINTE E UM DE ABRIL,4,3010,RUA ARSENIO CALACA,PROX AO BPTRAN,,,,SAN MARTIN,COLISÃO TRASEIRA,,1,1,0,0,0,0,0,0,0,1,0,,CIDADE,,,,,,,,,,,,,,572,202305899
2023-03-15T00:00:00,03:10:00,COM VÍTIMA,FINALIZADA,BOMBA DO HEMETERIO,RUA ITABIRA,3,160,,UPA EDUARDO CAMPOS,,,,BOMBA DO HEMETÉRIO,COLISÃO LATERAL,,1,1,0,0,0,0,0,0,0,1,0,,,,,,,,,,,,,,,,573,202305905
2023-03-15T00:00:00,05:10:00,COM VÍTIMA,FINALIZADA,LINHA DO TIRO,RUA URIEL DE HOLANDA,3,938,,PRÓXIMO AO CAMPO DO CAFÉ,,,,LINHA DO TIRO,COLISÃO FRONTAL,,1,1,0,0,0,0,0,1,0,1,0,,CIDADE,,,,,,,,,,,,,,574,202305915
2023-03-16T00:00:00,08:52:00,COM VÍTIMA,FINALIZADA,IPSEP,AV RECIFE,4,3129,,AO LADO DO MURO DO AEROPORTO / PROX AO SEMÁFORO 130,,,,IPSEP,COLISÃO TRASEIRA,,1,1,0,0,0,0,0,0,0,1,0,130,CIDADE,,,,,,,,,,,,,,576,202305955
2023-03-16T00:00:00,10:44:00,COM VÍTIMA,FINALIZADA,SAO JOSE,VDO DAS CINCO PONTAS,0,,,SENT. CIDADE,,,,SÃO JOSÉ,QUEDA,,0,1,0,0,0,0,0,0,0,1,0,,,,,,,,,,,,,,,,578,202305967
2023-03-16T00:00:00,10:45:00,COM VÍTIMA,FINALIZADA,FUNDAO,RUA DO MACHADO,4,987A,,PROX A MARCENARIA PINOS TUDO,,,,FUNDÃO,COLISÃO LATERAL,,1,0,0,0,0,0,0,0,0,1,0,,,,,,,,,,,,,,,,579,202305969
2023-03-16T00:00:00,10:56:00,COM VÍTIMA,FINALIZADA,MACAXEIRA,AV NORTE MIGUEL ARRAES DE ALENCAR,2,33,,"VERIFICADO ÓLEO NA VIA NO SENTIDO CIDADE, CAUSANDO  RISCO DE ACIDENTE NO  LOCAL .  NECESSÁRIO PÓ DE SERRA. NA FRENTE DO PARQUE DA MACAXEIRA.",,,,MACAXEIRA,TOMBAMENTO,,0,1,0,0,0,0,0,0,0,1,0,296,CIDADE,,,,,,,,,,,,,,580,202305972
2023-03-16T00:00:00,10:58:00,COM VÍTIMA,FINALIZADA,ILHA DO LEITE,AV GOVERNADOR AGAMENON MAGALHAES,0,,,EM FRENTE AO HOSPITAL PORTUGUES,,,,ILHA DO LEITE,QUEDA,,0,1,0,0,0,0,0,0,0,1,0,,,,,,,,,,,,,,,,581,202305974
2023-03-16T00:00:00,11:14:00,COM VÍTIMA,FINALIZADA,IPUTINGA,AV MAURICIO DE NASSAU,3,164,,PROX AO VIADUTO DA CAXANGA,,,,IPUTINGA,COLISÃO LATERAL,,1,1,0,0,0,0,0,0,0,1,0,,,,,,,,,,,,,,,,582,202305976
2023-03-16T00:00:00,11:54:00,COM VÍTIMA,FINALIZADA,IMBIRIBEIRA,AV MARECHAL MASCARENHAS DE MORAES,0,,,NO SEMAFORO 396,,,,IMBIRIBEIRA,COLISÃO TRASEIRA,,1,1,0,0,0,0,0,0,0,1,0,396,SUBURBIO,,,,,,,,,,,,,,583,202305987
2023-03-16T00:00:00,01:11:00,COM VÍTIMA,FINALIZADA,VARZEA,AV CAXANGA,4,4973,,,,,,VÁRZEA,QUEDA,,0,1,0,0,0,0,0,0,0,1,0,,,,,,,,,,,,,,,,584,202305993
2023-03-16T00:00:00,01:11:00,COM VÍTIMA,FINALIZADA,VARZEA,AV CAXANGA,4,4973,,,,,,VÁRZEA,QUEDA,,0,1,0,0,0,0,0,0,0,1,0,,,,,,,,,,,,,,,,585,202305994
2023-03-16T00:00:00,01:25:00,COM VÍTIMA,FINALIZADA,ESTANCIA,AV RECIFE,0,,,LADO OPOSTO AO ANTIGO MAKRO/ SENTIDO BR,,,,ESTÂNCIA,COLISÃO TRASEIRA,,2,1,0,0,0,0,0,0,0,1,0,621,,,,,,,,,,,,,,,586,202305997
2023-03-17T00:00:00,08:30:00,COM VÍTIMA,FINALIZADA,CAMPO GRANDE,RUA DJALMA FARIAS,3,170,RUA PADRE MIGUELINHO,PROX. A IGREJA ASSEMBLEIA DE DEUS,,,,CAMPO GRANDE,COLISÃO LATERAL,,1,1,0,0,0,0,0,0,0,1,0,,,,,,,,,,,,,,,,589,202306034
2023-03-17T00:00:00,09:26:00,COM VÍTIMA,FINALIZADA,IMBIRIBEIRA,AV MARECHAL MASCARENHAS DE MORAES,3,570,,EM FRENTE AO ARMAZÉM CORAL,,,,IMBIRIBEIRA,COLISÃO LATERAL,,1,1,0,0,0,0,0,0,0,1,0,286,SUBURBIO,,,,,,,,,,,,,,590,202306041
2023-03-17T00:00:00,02:28:00,COM VÍTIMA,FINALIZADA,AFLITOS,AV CONS ROSA E SILVA,0,,,AO LADO DA HABIB`S,,,,AFLITOS,COLISÃO TRASEIRA,,1,1,0,0,0,0,0,0,0,1,0,,SUBURBIO,,,,,,,,,,,,,,591,202306075
2023-03-18T00:00:00,11:41:00,COM VÍTIMA,FINALIZADA,PINA,RUA VERA CRUZ,1,1,RUA JEMIL ASFORA,EM FRENTE AO MERCADINHO BEIRA RIO,,,,PINA,COLISÃO LATERAL,,0,1,0,0,0,0,1,0,0,1,0,,,,,,,,,,,,,,,,592,202306137
2023-03-18T00:00:00,12:46:00,COM VÍTIMA,FINALIZADA,SAO JOSE,PRC DAS CINCO PONTAS,0,,RUA SAO JOAO,AO LADO DO FORTE DAS CINCO PONTAS S/T  IMPERIAL  NO SEMAFORO 199,,,,SÃO JOSÉ,COLISÃO FRONTAL,,1,1,0,0,0,0,0,0,0,1,0,199,SUBURBIO,,,,,,,,,,,,,,593,202306141
2023-03-18T00:00:00,05:22:00,COM VÍTIMA,FINALIZADA,IPUTINGA,EST DO BARBALHO,4,1069,,AO LADO DO DETRAN,,,,IPUTINGA,COLISÃO TRASEIRA,,1,1,0,0,0,0,0,0,0,1,0,,,,,,,,,,,,,,,,595,202306162
2023-03-18T00:00:00,11:31:00,COM VÍTIMA,FINALIZADA,AREIAS,AV DR JOSE RUFINO,4,1228,,AO LADO DO SENAI,,,,AREIAS,COLISÃO TRASEIRA,,1,1,0,0,0,0,0,0,0,1,0,,CIDADE,,,,,,,,,,,,,,596,202306174
2023-03-19T00:00:00,03:26:00,COM VÍTIMA,FINALIZADA,JIQUIA,RUA SAO MIGUEL,4,2035,,POSTO PETROISA E POSTO IPIRANGA,,,,JIQUIÁ,CHOQUE,,1,0,0,0,0,1,0,0,0,1,0,,,,,,,,,,,,,,,,597,202306178
2023-03-19T00:00:00,07:34:00,COM VÍTIMA,FINALIZADA,PRADO,AV ENGENHEIRO ABDIAS DE CARVALHO,4,1111,RUA SANTA EDWIRGES,EM FRENTE AO ENGEFRIO,,,,PRADO,COLISÃO FRONTAL,,1,1,0,0,0,0,0,0,0,1,0,354,SUBURBIO,,,,,,,,,,,,,,598,202306189
2023-03-19T00:00:00,02:22:00,COM VÍTIMA,FINALIZADA,AREIAS,AV RECIFE,3,924,,EM FRENTE À CHURRASCARIA PAJUÇARA,,,,AREIAS,COLISÃO LATERAL,,1,1,0,0,0,0,0,0,0,1,0,,,,,,,,,,,,,,,,599,202306212
2023-03-20T00:00:00,07:15:00,COM VÍTIMA,FINALIZADA,CAXANGA,AV CAXANGA,3,985,,PROXIMIDADES DA FACULDADE SANTA HELENA,,,,CAXANGÁ,COLISÃO TRASEIRA,,1,1,0,0,0,0,0,0,0,1,0,,CIDADE,,,,,,,,,,,,,,600,202306231
2023-03-20T00:00:00,08:18:00,COM VÍTIMA,FINALIZADA,PRADO,AV ENGENHEIRO ABDIAS DE CARVALHO,0,,,EM FRENTE AO COMPAZ,,,,PRADO,COLISÃO TRASEIRA,,1,1,0,0,0,0,0,0,0,1,0,688,CIDADE,,,,,,,,,,,,,,601,202306241
2023-03-20T00:00:00,05:27:00,COM VÍTIMA,FINALIZADA,CAXANGA,AV CAXANGA,0,,,AO LADO DO CAXANGÁ GOLF CLUB,,,,CAXANGÁ,QUEDA,,0,1,0,0,0,0,0,0,0,1,0,,,,,,,,,,,,,,,,603,202306256
2023-03-20T00:00:00,05:35:00,COM VÍTIMA,FINALIZADA,PINA,RUA MANOEL DE BRITO,2,28,,NA RUA DO HOTEL CORPOS,,,,PINA,COLISÃO LATERAL,,1,1,0,0,0,0,0,0,0,2,0,,,,,,,,,,,,,,,,604,202306257