data,hora,natureza_acidente,situacao,bairro,endereco,,numero,detalhe_endereco_acidente,complemento,endereco_cruzamento,numero_cruzamento,referencia_cruzamento,bairro_cruzamento,tipo,descricao,auto,moto,ciclom,ciclista,pedestre,onibus,caminhao,viatura,outros,vitimas,vitimasfatais,num_semaforo,sentido_via,acidente_verificado,tempo_clima,situacao_semaforo,sinalizacao,condicao_via,conservacao_via,ponto_controle,situacao_placa,velocidade_max_via,mao_direcao,divisao_via1,divisao_via2,divisao_via3,_id,Protocolo
2023-03-20T00:00:00,07:52:00,COM VÍTIMA,FINALIZADA,IBURA,AV DOIS RIOS,3,106,,PRÓXIMO A CLINICA LP SAÚDE,,,,IBURA,COLISÃO LATERAL,,1,1,0,0,0,0,0,0,0,1,0,351,SUBURBIO,,,,,,,,,,,,,,605,202306262
2023-03-20T00:00:00,08:08:00,COM VÍTIMA,FINALIZADA,PINA,AV HERCULANO BANDEIRA,0,,,FINAL DA PONTE E INICIO DA HERCULANO BANDEIRA,,,,PINA,COLISÃO TRASEIRA,,1,1,0,0,0,0,0,0,0,1,0,,SUBURBIO,,,,,,,,,,,,,,606,202306263
2023-03-20T00:00:00,10:51:00,COM VÍTIMA,FINALIZADA,CABANGA,AV ENGENHEIRO JOSE ESTELITA,0,,,PRÓXIMO AOS PREDIOS DA MOURA DOUBEX,,,,CABANGA,CHOQUE,,0,1,0,0,0,0,0,0,0,1,0,,SUBURBIO,,,,,,,,,,,,,,608,202306266
2023-03-21T00:00:00,07:59:00,COM VÍTIMA,FINALIZADA,SANTO AMARO,AV NORTE MIGUEL ARRAES DE ALENCAR,0,,,PONTE DO LIMOEIRO,,,,SANTO AMARO,QUEDA,,0,1,0,0,0,0,0,0,0,1,0,243,,,,,,,,,,,,,,,610,202306282
2023-03-21T00:00:00,08:42:00,COM VÍTIMA,FINALIZADA,IPUTINGA,AV CAXANGA,4,5808,AV AFONSO OLINDENSE,PRÓX A UPA,,,,IPUTINGA,COLISÃO FRONTAL,,0,2,0,0,0,0,0,0,0,1,0,568,,,,,,,,,,,,,,,611,202306284
2023-03-21T00:00:00,01:19:00,COM VÍTIMA,FINALIZADA,IMBIRIBEIRA,PRC MINISTRO SALGADO FILHO,0,,,EM FRENTE A O AEROPORTO,,,,IMBIRIBEIRA,COLISÃO TRASEIRA,,1,1,0,0,0,0,0,0,0,1,0,,SUBURBIO,,,,,,,,,,,,,,613,202306323
2023-03-21T00:00:00,07:36:00,COM VÍTIMA,FINALIZADA,VASCO DA GAMA,AV NORTE MIGUEL ARRAES DE ALENCAR,0,,,EM  FRENTE AO POSTO BR,,,,VASCO DA GAMA,ATROPELAMENTO DE PESSOA,,1,0,0,0,1,0,0,0,0,1,0,66,CIDADE,,,,,,,,,,,,,,614,202306352
2023-03-22T00:00:00,09:43:00,COM VÍTIMA,FINALIZADA,IPSEP,AV RECIFE,4,3460,,PRÓX. À JJK AUTOS,,,,IPSEP,COLISÃO TRASEIRA,,1,1,0,0,0,0,0,0,0,1,0,247,,,,,,,,,,,,,,,616,202306375
2023-03-22T00:00:00,02:59:00,COM VÍTIMA,FINALIZADA,IMBIRIBEIRA,AV MARECHAL MASCARENHAS DE MORAES,0,,RUA OLIVIA MENELAU,LADO OPOSTO À LOJA GRILLO,,,,IMBIRIBEIRA,COLISÃO TRASEIRA,,0,1,0,0,0,0,1,0,0,1,0,396,,,,,,,,,,,,,,,617,202306399
2023-03-22T00:00:00,09:38:00,COM VÍTIMA,FINALIZADA,TORRE,RUA CONDE DE IRAJA,0,,AV BEIRA RIO,SOBRE A PONTE DA TORRE,,,,TORRE,COLISÃO LATERAL,,1,1,0,0,0,0,0,0,0,2,0,630,SUBURBIO,,,,,,,,,,,,,,618,202306413
2023-03-23T00:00:00,10:13:00,COM VÍTIMA,FINALIZADA,IMBIRIBEIRA,AV MARECHAL MASCARENHAS DE MORAES,0,,,EM FRENTE A FIAT ITALIANA,,,,IMBIRIBEIRA,ATROPELAMENTO DE ANIMAL,,0,0,0,0,0,0,0,0,0,1,0,,,,,,,,,,,,,,,,620,202306449
2023-03-23T00:00:00,11:08:00,COM VÍTIMA,FINALIZADA,SAN MARTIN,AV GENERAL SAN MARTIN,3,801,RUA PEREIRA DE MORAES,,,,,SAN MARTIN,COLISÃO TRANSVERSAL,,1,1,0,0,0,0,0,0,0,1,0,,SUBURBIO,,,,,,,,,,,,,,621,202306460
2023-03-23T00:00:00,11:29:00,COM VÍTIMA,FINALIZADA,BOA VIAGEM,RUA RIBEIRO DE BRITO,4,1097,,EM FRENTE AO POSTO BR,,,,BOA VIAGEM,COLISÃO TRASEIRA,,0,1,0,0,0,0,1,0,0,1,0,496,SUBURBIO,,,,,,,,,,,,,,622,202306465
2023-03-23T00:00:00,12:09:00,COM VÍTIMA,FINALIZADA,IPSEP,RUA BLUMENAU,0,,RUA SANTOS COSME E DAMIAO,AO LADO DO ARMAZÉM DO COELHINHO,,,,IPSEP,COLISÃO FRONTAL,,1,1,0,0,0,0,0,0,0,2,0,,,,,,,,,,,,,,,,623,202306472
2023-03-23T00:00:00,12:31:00,COM VÍTIMA,FINALIZADA,MADALENA,AV VISCONDE DE ALBUQUERQUE,3,401,,,,,,MADALENA,COLISÃO LATERAL,,1,1,0,0,0,0,0,0,0,1,0,,,,,,,,,,,,,,,,624,202306476
2023-03-23T00:00:00,04:22:00,COM VÍTIMA,FINALIZADA,CAMPO GRANDE,RUA DR MACHADO,0,,RUA JERONIMO VILELA,DEPOIS DO CLUBE DAS PAS,,,,CAMPO GRANDE,COLISÃO LATERAL,,1,1,0,0,0,0,0,1,0,2,0,,SUBURBIO,,,,,,,,,,,,,,626,202306501
2023-03-23T00:00:00,05:18:00,COM VÍTIMA,FINALIZADA,VARZEA,RUA CAPITAO JOSE NOGUEIRA COSTA,4,1311,,FARMÁCIA PAGUE MENOS,,,,VÁRZEA,COLISÃO LATERAL,,1,1,0,0,0,0,0,0,0,1,0,,SUBURBIO,,,,,,,,,,,,,,627,202306505
2023-03-23T00:00:00,06:00:00,COM VÍTIMA,FINALIZADA,SANTO AMARO,AV GOVERNADOR AGAMENON MAGALHAES,0,,,SOB O VIADUTO DA JOÃO DE BARROS,,,,SANTO AMARO,QUEDA,,0,1,0,0,0,0,0,0,0,1,0,,,,,,,,,,,,,,,,629,202306509
2023-03-24T00:00:00,12:06:00,COM VÍTIMA,FINALIZADA,BOA VIAGEM,AV ENGENHEIRO DOMINGOS FERREIRA,4,1970,,FARMÁCIA PAGUE MENOS,,,,BOA VIAGEM,COLISÃO TRANSVERSAL,,4,0,0,0,0,0,0,0,0,1,0,,,,,,,,,,,,,,,,630,202306534
2023-03-24T00:00:00,08:17:00,COM VÍTIMA,FINALIZADA,BOA VIAGEM,RUA CONEGO ROMEU,0,,RUA SA E SOUZA,PRÓX. AO COLÉGIO AMERICANO,,,,BOA VIAGEM,COLISÃO LATERAL,,1,1,0,0,0,0,0,0,0,1,0,,,,,,,,,,,,,,,,631,202306547
2023-03-24T00:00:00,08:58:00,COM VÍTIMA,FINALIZADA,CAXANGA,AV CAXANGA,4,3424,RUA SAO MATEUS,EQUIPE DA VT-16 RAIMUNDO E JOSÉ CRUZ FORAM AO LOCAL PARA  DAR APOIO AO SINISTRO,,,,CAXANGÁ,COLISÃO TRASEIRA,,1,1,0,0,0,0,0,0,0,1,0,229,SUBURBIO,,,,,,,,,,,,,,632,202306552
2023-03-24T00:00:00,10:43:00,COM VÍTIMA,FINALIZADA,CAXANGA,RUA RIBEIRO PESSOA,0,,RUA GASTAO VIDIGAL,"SINISTRO  COM UMA MOTO , E DERRAMAMENTO DE ÓLEO NA PISTA  EQUIPE  FROTA NO LOCAL NO APOIO COM PÓ DE SERRA",,,,CAXANGÁ,QUEDA,,0,1,0,0,0,0,0,0,0,1,0,,,,,,,,,,,,,,,,633,202306565
2023-03-24T00:00:00,12:08:00,COM VÍTIMA,FINALIZADA,IMBIRIBEIRA,RUA ARQUITETO LUIZ NUNES,0,,AV PINHEIROS,,,,,IMBIRIBEIRA,COLISÃO TRANSVERSAL,,1,1,0,0,0,0,0,0,0,1,0,537,,,,,,,,,,,,,,,634,202306575
2023-03-24T00:00:00,12:35:00,COM VÍTIMA,FINALIZADA,BOA VIAGEM,RUA VISCONDE DE JEQUITINHONHA,0,,,APOS O CANAL DA CONSTRUÇÃO,,,,BOA VIAGEM,FISCALIZAÇÃO,,1,0,0,0,2,0,0,0,0,2,0,,,,,,,,,,,,,,,,635,202306581
2023-03-24T00:00:00,02:17:00,COM VÍTIMA,FINALIZADA,CORDEIRO,RUA PROFESSOR JOAQUIM XAVIER DE BRITO,3,163,,EM FRENTE AO EDIFICIO PAULA E A GERBSON CONSETOR E INSTALAÇÕES,,,,CORDEIRO,COLISÃO FRONTAL,,1,1,0,0,0,0,0,0,0,1,0,,,,,,,,,,,,,,,,636,202306588
2023-03-24T00:00:00,03:23:00,COM VÍTIMA,FINALIZADA,MADALENA,AV VISCONDE DE ALBUQUERQUE,3,460,RUA BARTOLOMEU DE GUSMAO,EM FRENTE A PADARIA REQUINTE MADALENA/ AO LADO PET SHOP 24HRS,,,,MADALENA,ATROPELAMENTO DE PESSOA,,1,0,0,0,1,0,0,0,0,1,0,,SUBURBIO,,,,,,,,,,,,,,637,202306594
2023-03-24T00:00:00,04:42:00,COM VÍTIMA,FINALIZADA,CAXANGA,AV CAXANGA,0,,RUA GREGORIO JUNIOR,E/F A CAIXA ECONOMICA S/T SUB,,,,CAXANGÁ,ATROPELAMENTO DE PESSOA,,0,1,0,0,1,0,0,0,0,1,0,,,,,,,,,,,,,,,,638,202306597
2023-03-25T00:00:00,06:00:00,COM VÍTIMA,FINALIZADA,DOIS IRMAOS,RUA MANUEL DE MEDEIROS,2,SN,,PRÓXIMO A ENTRADA DO SITIO DOS PINTOS,,,,DOIS IRMÃOS,COLISÃO FRONTAL,,1,1,0,0,0,0,0,0,0,1,0,558,,,,,,,,,,,,,,,639,202306635
2023-03-25T00:00:00,10:46:00,COM VÍTIMA,FINALIZADA,BOA VISTA,AV GOVERNADOR AGAMENON MAGALHAES,0,,RUA DOM BOSCO,COLÉGIO AMERICANO BATISTA,,,,BOA VISTA,COLISÃO TRASEIRA,,1,1,0,0,0,0,0,0,0,1,0,,SUBURBIO,,,,,,,,,,,,,,640,202306651
2023-03-25T00:00:00,12:39:00,COM VÍTIMA,FINALIZADA,ILHA DO RETIRO,RUA SPORT CLUBE DO RECIFE,0,,,EM FRENTE AO CLUBE,,,,ILHA DO RETIRO,COLISÃO COM CICLISTA,,0,1,0,1,0,0,0,0,0,1,0,,,,,,,,,,,,,,,,641,202306665
2023-03-25T00:00:00,12:46:00,COM VÍTIMA,FINALIZADA,ESPINHEIRO,AV JOAO DE BARROS,4,1347,,EM FRENTE AO EDIFICIO SANTA CLARA,,,,ESPINHEIRO,COLISÃO TRASEIRA,,1,1,0,0,0,0,0,0,0,1,0,,,,,,,,,,,,,,,,642,202306666
2023-03-25T00:00:00,03:30:00,COM VÍTIMA,FINALIZADA,CASA AMARELA,AV NORTE MIGUEL ARRAES DE ALENCAR,0,,,EM FRENTE A MATERNIDADE BARROS LIMA,,,,CASA AMARELA,COLISÃO TRASEIRA,,1,1,0,0,0,0,0,0,0,1,0,,CIDADE,,,,,,,,,,,,,,644,202306673
2023-03-25T00:00:00,09:19:00,COM VÍTIMA,FINALIZADA,JARDIM SAO PAULO,RUA LORENA,0,,RUA LEANDRO BARRETO,,,,,JARDIM SÃO PAULO,COLISÃO LATERAL,,3,0,0,0,0,0,0,0,0,1,0,,,,,,,,,,,,,,,,646,202306698
2023-03-26T00:00:00,02:15:00,COM VÍTIMA,FINALIZADA,CORDEIRO,RUA HONORIO CORREIA,3,157,,E/F AO SUPERMERCADO LEÃO,,,,CORDEIRO,COLISÃO TRASEIRA,,1,1,0,0,0,0,0,0,0,2,0,,,,,,,,,,,,,,,,647,202306700
2023-03-26T00:00:00,06:36:00,COM VÍTIMA,FINALIZADA,BOA VIAGEM,AV BOA VIAGEM,4,5740,,EM FRENTE AO EDF. MANOEL DE BRITO,,,,BOA VIAGEM,COLISÃO TRASEIRA,,1,1,0,0,0,0,0,0,0,1,0,445,,,,,,,,,,,,,,,648,202306707
2023-03-26T00:00:00,12:28:00,COM VÍTIMA,FINALIZADA,TAMARINEIRA,AV CONS ROSA E SILVA,3,334,,E/F AO HOSPITAL ULISSES PERNAMBUCANO,,,,TAMARINEIRA,COLISÃO TRASEIRA,,1,1,0,0,0,0,0,0,0,1,0,,,,,,,,,,,,,,,,649,202306731
2023-03-26T00:00:00,12:42:00,COM VÍTIMA,FINALIZADA,PINA,AV HERCULANO BANDEIRA,3,637,,E/F PADARIA FRUTA PÃO,,,,PINA,COLISÃO FRONTAL,,1,1,0,0,0,0,0,0,0,2,0,,,,,,,,,,,,,,,,650,202306732
2023-03-27T00:00:00,08:43:00,COM VÍTIMA,FINALIZADA,TORROES,AV BICENTENARIO DA REVOLUCAO FRANCESA,0,,RUA ZUMBI DOS PALMARES,AO LADO DA LOJINHA FRANCYS,,,,TORRÕES,COLISÃO LATERAL,,1,1,0,0,0,0,0,0,0,1,0,,,,,,,,,,,,,,,,654,202306777
2023-03-27T00:00:00,09:07:00,COM VÍTIMA,FINALIZADA,VARZEA,AV JOAQUIM RIBEIRO,0,,,PROX. A UPA,,,,VÁRZEA,QUEDA,,0,1,0,0,0,0,0,0,0,1,0,281,,,,,,,,,,,,,,,655,202306780
2023-03-27T00:00:00,05:53:00,COM VÍTIMA,FINALIZADA,IMBIRIBEIRA,AV RECIFE,4,2965,,PROX MULTE INSPEÇÃO VEICULAR,,,,IMBIRIBEIRA,COLISÃO TRASEIRA,,1,1,0,0,0,0,0,0,0,1,0,,,,,,,,,,,,,,,,657,202306820
2023-03-27T00:00:00,06:02:00,COM VÍTIMA,FINALIZADA,BOA VISTA,AV CONDE DA BOA VISTA,0,,RUA DA AURORA,,,,,BOA VISTA,ATROPELAMENTO DE PESSOA,,0,0,0,0,1,1,0,0,0,1,0,,,,,,,,,,,,,,,,658,202306821
2023-03-27T00:00:00,06:24:00,VÍTIMA FATAL,FINALIZADA,VARZEA,RUA EMILIANO BRAGA,3,510,,COLÉGIO CONHECER,,,,VÁRZEA,ATROPELAMENTO DE PESSOA,,1,0,0,0,1,0,0,0,0,0,1,,,,,,,,,,,,,,,,659,202306822
2023-03-27T00:00:00,07:42:00,COM VÍTIMA,FINALIZADA,IBURA,RUA DR BENIGNO JORDAO DE VASCONCELOS,2,75,,COMPESA,,,,IBURA,COLISÃO FRONTAL,,0,2,0,0,0,0,0,0,0,3,0,,,,,,,,,,,,,,,,660,202306835
2023-03-27T00:00:00,09:09:00,COM VÍTIMA,FINALIZADA,VASCO DA GAMA,RUA VASCO DA GAMA,2,50,,AO LADO DA FARMACIA DA SAUDE,,,,VASCO DA GAMA,COLISÃO LATERAL,,1,1,0,0,0,0,0,0,0,2,0,50,SUBURBIO,,,,,,,,,,,,,,661,202306836
2023-03-28T00:00:00,07:17:00,COM VÍTIMA,FINALIZADA,SAO JOSE,AV SUL,3,514,,IDRAÚ PEÇAS,,,,SÃO JOSÉ,QUEDA,,0,1,0,0,0,0,0,0,0,1,0,,,,,,,,,,,,,,,,662,202306846
2023-03-28T00:00:00,08:05:00,COM VÍTIMA,FINALIZADA,CASA AMARELA,EST DO ARRAIAL,4,3585,,APÓS O SITIO DA TRINDADE - PROX.  AO EMÓRIO AVIAMENTOS,,,,CASA AMARELA,COLISÃO TRASEIRA,,1,0,0,0,0,0,0,0,0,1,0,,,,,,,,,,,,,,,,663,202306850
2023-03-28T00:00:00,08:05:00,COM VÍTIMA,FINALIZADA,CASA AMARELA,EST DO ARRAIAL,0,,,"APÓS A IGREJA DA HARMONIA, PRÓX AO CONJUNTO  ARRAIAL",,,,CASA AMARELA,COLISÃO COM CICLISTA,,1,0,0,1,0,0,0,0,0,1,0,,,,,,,,,,,,,,,,664,202306855
2023-03-28T00:00:00,11:43:00,COM VÍTIMA,FINALIZADA,IPSEP,AV RECIFE,4,2960,,PNEU DRIVE,,,,IPSEP,COLISÃO FRONTAL,,1,1,0,0,0,0,0,0,0,1,0,,,,,,,,,,,,,,,,666,202306871
2023-03-28T00:00:00,12:27:00,COM VÍTIMA,FINALIZADA,AREIAS,RUA DONA ANA AURORA,3,575,,NA LINHA FERREA PROX AO BOI QUEMTE,,,,AREIAS,ATROPELAMENTO DE PESSOA,,0,1,0,0,1,0,0,0,0,1,0,,,,,,,,,,,,,,,,667,202306878
2023-03-28T00:00:00,01:16:00,COM VÍTIMA,FINALIZADA,LINHA DO TIRO,RUA URIEL DE HOLANDA,3,576,,APÓS A UPINHA,,,,LINHA DO TIRO,COLISÃO LATERAL,,1,1,0,0,0,0,0,0,0,1,0,,,,,,,,,,,,,,,,668,202306884
2023-03-28T00:00:00,01:18:00,COM VÍTIMA,FINALIZADA,CASA AMARELA,AV NORTE MIGUEL ARRAES DE ALENCAR,0,,,PRAÇA DO TRABALHO / UPINHA,,,,CASA AMARELA,COLISÃO LATERAL,,0,1,0,0,0,1,0,0,0,1,0,,,,,,,,,,,,,,,,669,202306885
2023-03-28T00:00:00,01:32:00,COM VÍTIMA,FINALIZADA,ROSARINHO,AV NORTE MIGUEL ARRAES DE ALENCAR,0,,RUA DELMIRO GOUVEIA,NA ESQUINA DO POSTO SHELL,,,,ROSARINHO,COLISÃO COM CICLISTA,,0,0,0,1,0,0,1,0,0,1,0,,,,,,,,,,,,,,,,670,202306886
2023-03-28T00:00:00,02:14:00,COM VÍTIMA,FINALIZADA,BOA VIAGEM,RUA JOAO CARDOSO AIRES,0,,RUA COSMORAMA,COLÉGIO MADRE DE DEUS,,,,BOA VIAGEM,COLISÃO LATERAL,,1,1,0,0,0,0,0,0,0,1,0,,,,,,,,,,,,,,,,671,202306887
2023-03-28T00:00:00,02:55:00,COM VÍTIMA,FINALIZADA,CAMPO GRANDE,RUA ODORICO MENDES,3,100,,APOS O CLUBE DAS PÁS,,,,CAMPO GRANDE,COLISÃO LATERAL,,1,1,0,0,0,0,0,0,0,1,0,,,,,,,,,,,,,,,,672,202306894
2023-03-28T00:00:00,04:40:00,COM VÍTIMA,FINALIZADA,VASCO DA GAMA,AV NORTE MIGUEL ARRAES DE ALENCAR,4,6590,,E/F A MATERNIDADE BARROS LIMA,,,,VASCO DA GAMA,COLISÃO TRASEIRA,,1,1,0,0,0,0,0,0,0,1,0,,,,,,,,,,,,,,,,673,202306904
2023-03-28T00:00:00,05:09:00,COM VÍTIMA,FINALIZADA,CASA FORTE,RUA OLIVEIRA GOES,3,123,,EM FRENTE A FORTMED COMERCIAL,,,,CASA FORTE,ATROPELAMENTO DE PESSOA,,1,0,0,0,1,0,0,0,0,1,0,,,,,,,,,,,,,,,,674,202306905
2023-03-28T00:00:00,07:28:00,COM VÍTIMA,FINALIZADA,IMBIRIBEIRA,AV MARECHAL MASCARENHAS DE MORAES,4,4524,,EM FRENTE A DDK PEÇAS (APÓS O VIADUTO TANCREDO NEVES) SENTIDO AEROPORTO.,,,,IMBIRIBEIRA,ATROPELAMENTO DE PESSOA,,1,0,0,0,1,0,0,0,0,1,0,,SUBURBIO,,,,,,,,,,,,,,675,202306910
2023-03-28T00:00:00,07:34:00,COM VÍTIMA,FINALIZADA,BOA VIAGEM,AV ENGENHEIRO DOMINGOS FERREIRA,0,,RUA JOSE MARIA DE MIRANDA,,,,,BOA VIAGEM,COLISÃO LATERAL,,1,2,0,0,0,0,0,0,0,1,0,484,,,,,,,,,,,,,,,676,202306911
2023-03-29T00:00:00,07:23:00,COM VÍTIMA,FINALIZADA,CAMPO GRANDE,EST DE BELEM,4,1303,,EM FRENTE À BEMORAR IMOBILIÁRIA,,,,CAMPO GRANDE,COLISÃO LATERAL,,1,1,0,0,0,0,0,0,0,1,0,,,,,,,,,,,,,,,,677,202306932
2023-03-29T00:00:00,07:57:00,COM VÍTIMA,FINALIZADA,MADALENA,AV ENGENHEIRO ABDIAS DE CARVALHO,0,,,PRÓX. À ESTÁCIO,,,,MADALENA,COLISÃO TRASEIRA,,1,2,0,0,0,0,0,0,0,1,0,,CIDADE,,,,,,,,,,,,,,678,202306942
2023-03-29T00:00:00,08:16:00,COM VÍTIMA,FINALIZADA,PINA,AV REPUBLICA ARABE UNIDA,3,388,,EM FRENTE AO SALÃO DO REINO DAS TESTMUNHAS DE JEOVÁ,,,,PINA,COLISÃO FRONTAL,,0,2,0,0,0,0,0,0,0,1,0,,SUBURBIO,,,,,,,,,,,,,,679,202306945
2023-03-29T00:00:00,09:13:00,COM VÍTIMA,FINALIZADA,ESTANCIA,AV RECIFE,3,272,,"E/F A HÉLIO SOM, E PRÓX  AO ANTIGO CIROL ROIAL",,,,ESTÂNCIA,COLISÃO LATERAL,,1,1,0,0,0,0,0,0,0,1,0,,,,,,,,,,,,,,,,681,202306951
2023-03-29T00:00:00,09:43:00,COM VÍTIMA,FINALIZADA,CAMPO GRANDE,RUA PROFESSOR FRANCISCO DA TRINDADE,3,198,,"EM FRENTE A IGREJA PENTECOSTAL, E PRÓX AO CLUBE DAS PAZ",,,,CAMPO GRANDE,COLISÃO LATERAL,,1,1,0,0,0,0,0,0,0,1,0,,,,,,,,,,,,,,,,682,202306954
2023-03-29T00:00:00,12:09:00,COM VÍTIMA,FINALIZADA,PINA,AV ANTONIO DE GOES,0,,AV CONSELHEIRO AGUIAR,EM FRENTE A LOJA CASA DE BATERIA/ PROX A HONDA,,,,PINA,COLISÃO COM CICLISTA,,0,1,0,1,0,0,0,0,0,1,0,,,,,,,,,,,,,,,,683,202306969
2023-03-29T00:00:00,01:40:00,COM VÍTIMA,FINALIZADA,IMBIRIBEIRA,RUA PINTOR LULA CARDOSO AYRES,4,4755,,PROX. A ENTRADA DE CARGA E DESCARGAS DO AEROPORTO,,,,IMBIRIBEIRA,COLISÃO LATERAL,,1,1,0,0,0,0,0,0,0,1,0,,,,,,,,,,,,,,,,685,202306983
2023-03-29T00:00:00,02:46:00,COM VÍTIMA,FINALIZADA,CORREGO DO JENIPAPO,RUA CORREGO JOSE APRIGIO,3,40B,,NA ENTRADA DO CORREGO DO  JENIPAPO  PROX A BR,,,,CÓRREGO DO JENIPAPO,COLISÃO LATERAL,,1,1,0,0,0,0,0,0,0,1,0,,,,,,,,,,,,,,,,686,202306986
2023-03-29T00:00:00,03:18:00,COM VÍTIMA,FINALIZADA,PINA,AV HERCULANO BANDEIRA,0,,RUA ARQUITETO AUGUSTO REINALDO,AO LADO DO ATACADO DOS PRESENTES,,,,PINA,COLISÃO LATERAL,,2,0,0,0,0,0,0,0,0,1,0,660,,,,,,,,,,,,,,,687,202306990
2023-03-29T00:00:00,06:39:00,COM VÍTIMA,FINALIZADA,BOA VISTA,AV GOVERNADOR AGAMENON MAGALHAES,0,,AV GOVERNADOR CARLOS DE LIMA CAVALCANTI,EM FRENTE AO MEC DONALDS,,,,BOA VISTA,COLISÃO LATERAL,,1,1,0,0,0,0,0,0,0,1,0,75,,,,,,,,,,,,,,,688,202307001
2023-03-29T00:00:00,10:05:00,COM VÍTIMA,FINALIZADA,BOA VIAGEM,AV CELSO FURTADO,0,,,POR TRÁS DO ASSAI ATACADISTA,,,,BOA VIAGEM,COLISÃO TRASEIRA,,1,1,0,0,0,0,0,0,0,1,0,,,,,,,,,,,,,,,,690,202307017
2023-03-30T00:00:00,06:49:00,COM VÍTIMA,FINALIZADA,ENGENHO DO MEIO,RUA DR FLAVIO FERREIRA DA SILVA MAROJO,1,6,,FERRO VELHO IMPÉRIO DO PARACHOQUE,,,,ENGENHO DO MEIO,COLISÃO LATERAL,,0,2,0,0,0,0,0,0,0,1,0,,,,,,,,,,,,,,,,691,202307025
2023-03-30T00:00:00,10:06:00,COM VÍTIMA,FINALIZADA,BOA VISTA,RUA DO HOSPICIO,3,687,,EM FRENTE AO COLEGIO JOAO BARBALHO,,,,BOA VISTA,COLISÃO LATERAL,,0,2,0,0,0,0,0,0,0,1,0,,,,,,,,,,,,,,,,692,202307046
2023-03-30T00:00:00,12:58:00,COM VÍTIMA,FINALIZADA,IMBIRIBEIRA,AV MARECHAL MASCARENHAS DE MORAES,0,,,EM FRENTE A FIAT ITALIANA,,,,IMBIRIBEIRA,COLISÃO COM CICLISTA,,0,0,0,1,0,1,0,0,0,1,0,,,,,,,,,,,,,,,,694,202307062
2023-03-30T00:00:00,04:02:00,COM VÍTIMA,FINALIZADA,BOA VIAGEM,RUA VISCONDE DE JEQUITINHONHA,0,,,DEPOIS DO ESPETINHO DO SEU DANIEL / PROX. AO PARQUE DONA LINDU / PRÉDIO SHALON,,,,BOA VIAGEM,COLISÃO LATERAL,,1,1,0,0,0,0,0,0,0,1,0,,,,,,,,,,,,,,,,695,202307075
2023-03-30T00:00:00,05:20:00,COM VÍTIMA,FINALIZADA,IMBIRIBEIRA,AV RECIFE,0,,,"PROX. AO SAL E E BRASA, SOB",,,,IMBIRIBEIRA,ATROPELAMENTO DE PESSOA,,0,1,0,0,1,0,0,0,0,1,0,393,,,,,,,,,,,,,,,696,202307082
2023-03-30T00:00:00,08:52:00,COM VÍTIMA,FINALIZADA,ENCRUZILHADA,AV BEBERIBE,3,433,,PRÓXIMO AO BANCO DO BRASIL,,,,ENCRUZILHADA,COLISÃO TRANSVERSAL,,1,0,0,0,0,0,1,0,0,1,0,,,,,,,,,,,,,,,,697,202307099
2023-03-31T00:00:00,07:08:00,COM VÍTIMA,FINALIZADA,CAXANGA,AV CAXANGA,4,4210,,EM FRENTE A NISSAN E CAXANGÁ VEÍCULOS,,,,CAXANGÁ,COLISÃO FRONTAL,,1,1,0,0,0,0,0,0,0,1,0,,,,,,,,,,,,,,,,698,202307114
2023-03-31T00:00:00,10:23:00,COM VÍTIMA,FINALIZADA,TEJIPIO,AV DR JOSE RUFINO,0,,,ESCOLA HUMBERTO CASTELO BRANCO,,,,TEJIPIÓ,COLISÃO LATERAL,,1,1,0,0,0,0,0,0,0,3,0,,,,,,,,,,,,,,,,699,202307145
2023-03-31T00:00:00,11:58:00,COM VÍTIMA,FINALIZADA,DERBY,AV GOVERNADOR AGAMENON MAGALHAES,0,,,EM FRENTE A PETZ NO SENTIDO OLINDA,,,,DERBY,COLISÃO TRASEIRA,,1,1,0,0,0,0,0,0,0,1,0,,SUBURBIO,,,,,,,,,,,,,,700,202307162
2023-03-31T00:00:00,01:31:00,COM VÍTIMA,FINALIZADA,AGUA FRIA,AV BEBERIBE,4,2229,,NA FRENTE AZEVEDO PESCADO,,,,ÁGUA FRIA,COLISÃO LATERAL,,1,1,0,0,0,0,0,0,0,2,0,,,,,,,,,,,,,,,,701,202307169
2023-03-31T00:00:00,06:15:00,COM VÍTIMA,FINALIZADA,BOA VIAGEM,RUA MINISTRO NELSON HUNGRIA,3,643,,NO EDIFICIO VALE DO TAKUANE,,,,BOA VIAGEM,CHOQUE,,1,0,0,0,0,0,0,0,1,1,0,,,,,,,,,,,,,,,,703,202307192
2023-04-01T00:00:00,12:09:00,COM VÍTIMA,FINALIZADA,ESPINHEIRO,RUA DA HORA,2,76,,PRÓX. À PIZZARIA PALERMO,,,,ESPINHEIRO,COLISÃO TRASEIRA,,1,1,0,0,0,0,0,0,0,1,0,,,,,,,,,,,,,,,,704,202307212
2023-04-01T00:00:00,02:50:00,COM VÍTIMA,FINALIZADA,ESPINHEIRO,AV JOAO DE BARROS,4,1420,RUA DA HORA,PROX.  AO RESTAURANTE HIPORIO,,,,ESPINHEIRO,COLISÃO TRANSVERSAL,,1,1,0,0,0,0,0,0,0,2,0,,,,,,,,,,,,,,,,705,202307214
2023-04-01T00:00:00,12:06:00,COM VÍTIMA,FINALIZADA,AGUA FRIA,AV BEBERIBE,0,,RUA ZEFERINO AGRA,PROX AO LOJÃO DO PETROLEO,,,,ÁGUA FRIA,COLISÃO LATERAL,,1,1,0,0,0,0,0,0,0,1,0,,,,,,,,,,,,,,,,706,202307263
2023-04-01T00:00:00,12:41:00,COM VÍTIMA,FINALIZADA,JIQUIA,RUA SAO MIGUEL,0,,,E/F AO CONSUTORIO CERPE PROX AO CHARQUE NA BRASA,,,,JIQUIÁ,COLISÃO FRONTAL,,1,1,0,0,0,0,0,0,0,2,0,,,,,,,,,,,,,,,,707,202307265
2023-04-01T00:00:00,01:14:00,COM VÍTIMA,FINALIZADA,NOVA DESCOBERTA,RUA CORREGO DA AREIA,3,253,,E/F A CASAA DAS EMBALAGENS,,,,NOVA DESCOBERTA,COLISÃO FRONTAL,,0,2,0,0,0,0,0,0,0,2,0,,,,,,,,,,,,,,,,708,202307271
2023-04-01T00:00:00,06:43:00,COM VÍTIMA,FINALIZADA,SANTO AMARO,AV CRUZ CABUGA,0,,,EM FRENTE AO HOSPITAL DA MARINHA,,,,SANTO AMARO,COLISÃO TRASEIRA,,2,0,0,0,0,0,0,0,0,1,0,,,,,,,,,,,,,,,,709,202307293