data,hora,natureza_acidente,situacao,bairro,endereco,,numero,detalhe_endereco_acidente,complemento,endereco_cruzamento,numero_cruzamento,referencia_cruzamento,bairro_cruzamento,tipo,descricao,auto,moto,ciclom,ciclista,pedestre,onibus,caminhao,viatura,outros,vitimas,vitimasfatais,num_semaforo,sentido_via,acidente_verificado,tempo_clima,situacao_semaforo,sinalizacao,condicao_via,conservacao_via,ponto_controle,situacao_placa,velocidade_max_via,mao_direcao,divisao_via1,divisao_via2,divisao_via3,_id,Protocolo
2023-04-02T00:00:00,07:13:00,VÍTIMA FATAL,FINALIZADA,PINA,AV CELSO FURTADO,0,,,"SENTIDO BOA VIAGEM, PROX, AO AERO CLUBE",,,,PINA,CHOQUE,,0,1,0,0,0,0,0,0,0,1,1,,,,,,,,,,,,,,,,712,202307322
2023-04-02T00:00:00,07:03:00,COM VÍTIMA,FINALIZADA,JARDIM SAO PAULO,RUA LEANDRO BARRETO,3,231,,ASSEMBLEIA DE DEUS,,,,JARDIM SÃO PAULO,COLISÃO TRANSVERSAL,,1,1,0,0,0,0,0,0,0,1,0,,,,,,,,,,,,,,,,715,202307366
2023-04-03T00:00:00,01:24:00,COM VÍTIMA,FINALIZADA,PORTO DA MADEIRA,AV BEBERIBE,0,,,EM FRENTE  ARENA SHOW BAR,,,,PORTO DA MADEIRA,COLISÃO TRANSVERSAL,,1,1,0,0,0,0,0,0,0,1,0,,,,,,,,,,,,,,,,717,202307375
2023-04-03T00:00:00,03:56:00,COM VÍTIMA,FINALIZADA,TORROES,AV ENGENHEIRO ABDIAS DE CARVALHO,0,,,"EM FRENTE AO COMPAZ "" ARIANO SUASSUNA""",,,,TORRÕES,CHOQUE,,1,0,0,0,0,0,0,0,0,1,0,,,,,,,,,,,,,,,,718,202307377
2023-04-03T00:00:00,08:00:00,COM VÍTIMA,FINALIZADA,RECIFE,RUA AURORA,0,,AV NORTE MIGUEL ARRAES DE ALENCAR,INICIO DA PONTE DO LIMOEIRO,,,,BAIRRO DO RECIFE,COLISÃO TRASEIRA,,1,0,0,1,0,0,0,0,0,1,0,,,,,,,,,,,,,,,,719,202307383
2023-04-03T00:00:00,08:04:00,COM VÍTIMA,FINALIZADA,SAO JOSE,AV DANTAS BARRETO,0,,RUA SAO JOAO,PRÓX. AO TERMINAL DA LINHA 1002 / PRÓX. À CAIXA,,,,SÃO JOSÉ,COLISÃO LATERAL,,0,1,0,0,0,1,0,0,0,2,0,54,,,,,,,,,,,,,,,720,202307384
2023-04-03T00:00:00,09:07:00,COM VÍTIMA,FINALIZADA,IBURA,AV RECIFE,4,3050,,EM FRENTE AO  MAIS VISTORIAS,,,,IBURA,COLISÃO LATERAL,,1,1,0,0,0,0,0,0,0,1,0,,,,,,,,,,,,,,,,722,202307396
2023-04-03T00:00:00,10:08:00,COM VÍTIMA,FINALIZADA,IBURA,AV RECIFE,0,,RUA ROSA MAGALHAES,LADO OPOSTO AO ARMAZÉM CORAL,,,,IBURA,ATROPELAMENTO DE PESSOA,,1,0,0,0,1,0,0,0,0,1,0,,,,,,,,,,,,,,,,723,202307406
2023-04-03T00:00:00,11:02:00,COM VÍTIMA,FINALIZADA,IMBIRIBEIRA,RUA BARAO DE AGUA BRANCA,3,376,,PRÓX. AO COLÉGIO COGNITIVO,,,,IMBIRIBEIRA,COLISÃO FRONTAL,,3,0,0,0,0,0,0,0,0,2,0,,,,,,,,,,,,,,,,724,202307414
2023-03-30T00:00:00,03:10:00,COM VÍTIMA,FINALIZADA,IBURA,RUA EMILIO MONTEIRO FONSECA,0,,RUA VIRGINOPOLIS,,,,,IBURA,COLISÃO TRASEIRA,,1,1,0,0,0,0,0,0,0,1,0,,SUBURBIO,,,,,,,,,,,,,,725,202307424
2023-04-03T00:00:00,04:26:00,COM VÍTIMA,FINALIZADA,BOA VISTA,RUA DOM BOSCO,3,908,RUA HENRIQUE DIAS,EM FRENTE DA CNBB,,,,BOA VISTA,COLISÃO LATERAL,,1,1,0,0,0,0,0,0,0,1,0,294,,,,,,,,,,,,,,,727,202307436
2023-04-03T00:00:00,08:47:00,COM VÍTIMA,FINALIZADA,AREIAS,RUA CAPITAO GREGORIO DE ALBUQUERQUE,3,687,,PRÓXIMO A RUA DO INSPETOR BOSCO,,,,AREIAS,ATROPELAMENTO DE PESSOA,,1,0,0,0,1,0,0,0,0,1,0,,,,,,,,,,,,,,,,729,202307456
2023-04-03T00:00:00,09:02:00,COM VÍTIMA,FINALIZADA,CORDEIRO,AV CAXANGA,4,3347,,PRÓXIMO AO COLEGIO PIO XII,,,,CORDEIRO,COLISÃO TRASEIRA,,1,1,0,0,0,0,0,0,0,1,0,,,,,,,,,,,,,,,,730,202307458
2023-04-04T00:00:00,08:03:00,COM VÍTIMA,FINALIZADA,IMBIRIBEIRA,AV MARECHAL MASCARENHAS DE MORAES,3,701,,Concessionária CAOA Chery,,,,IMBIRIBEIRA,COLISÃO LATERAL,,1,1,0,0,0,0,0,0,0,1,0,,,,,,,,,,,,,,,,733,202307485
2023-04-04T00:00:00,08:29:00,COM VÍTIMA,FINALIZADA,ENCRUZILHADA,AV BEBERIBE,0,,,AUTO ESCOLA BELEM,,,,ENCRUZILHADA,COLISÃO LATERAL,,1,1,0,0,0,0,0,0,0,1,0,,,,,,,,,,,,,,,,734,202307490
2023-04-04T00:00:00,09:01:00,COM VÍTIMA,FINALIZADA,PAISSANDU,AV GOVERNADOR AGAMENON MAGALHAES,0,,,EM FRENTE AO HOSPITAL PORTUGUÊS,,,,PAISSANDU,COLISÃO FRONTAL,,1,1,0,0,0,0,0,0,0,2,0,69,,,,,,,,,,,,,,,735,202307492
2023-04-04T00:00:00,09:23:00,COM VÍTIMA,FINALIZADA,IPUTINGA,AV MAURICIO DE NASSAU,0,,AV CAXANGA,PROXIMO A FUNDAÇÃO ALTINO VENTURA,,,,IPUTINGA,COLISÃO LATERAL,,0,0,0,0,0,0,0,0,0,1,0,,,,,,,,,,,,,,,,736,202307497
2023-04-04T00:00:00,01:02:00,COM VÍTIMA,FINALIZADA,MADALENA,RUA BENFICA,4,1092,,EM FRENTE AO MARTELINHO DE OURO,,,,MADALENA,COLISÃO COM CICLISTA,,0,0,0,1,0,1,0,0,0,1,0,,,,,,,,,,,,,,,,737,202307527
2023-04-04T00:00:00,01:02:00,COM VÍTIMA,FINALIZADA,AGUA FRIA,RUA DR EUDES COSTA,2,21,,E/F AO MERCADINHO MAIS VOCE TEM,,,,ÁGUA FRIA,COLISÃO LATERAL,,1,1,0,0,0,0,0,0,0,1,0,,,,,,,,,,,,,,,,738,202307528
2023-04-04T00:00:00,02:59:00,COM VÍTIMA,FINALIZADA,BOA VIAGEM,RUA SA E SOUZA,3,154,,PROXIMO A PADARIA SANTA ROSA,,,,BOA VIAGEM,COLISÃO LATERAL,,0,1,0,0,0,0,0,0,0,1,0,,,,,,,,,,,,,,,,741,202307536
2023-04-05T00:00:00,01:48:00,COM VÍTIMA,FINALIZADA,BOA VIAGEM,AV BOA VIAGEM,4,4772,,PRÓX. À PRACINHA DE BOA VIAGEM,,,,BOA VIAGEM,COLISÃO TRASEIRA,,1,1,0,0,0,0,0,0,0,1,0,,,,,,,,,,,,,,,,742,202307568
2023-04-05T00:00:00,08:00:00,COM VÍTIMA,FINALIZADA,DERBY,RUA FELICIANO GOMES,3,342,,CERPE,,,,DERBY,COLISÃO FRONTAL,,1,1,0,0,0,0,0,0,0,2,0,,,,,,,,,,,,,,,,743,202307584
2023-04-05T00:00:00,01:47:00,COM VÍTIMA,FINALIZADA,ARRUDA,AV BEBERIBE,0,,,EM FRENTE AO BOMPREÇO DO ARRUDA,,,,ARRUDA,COLISÃO LATERAL,,1,1,0,0,0,0,0,0,0,1,0,,,,,,,,,,,,,,,,744,202307623
2023-04-05T00:00:00,03:00:00,COM VÍTIMA,FINALIZADA,DERBY,AV GOVERNADOR AGAMENON MAGALHAES,0,,,"E/F AO BRADESCO S, /T OLINDA",,,,DERBY,COLISÃO TRASEIRA,,0,2,0,0,0,0,0,0,0,2,0,,,,,,,,,,,,,,,,746,202307628
2023-04-05T00:00:00,03:05:00,COM VÍTIMA,FINALIZADA,ESTANCIA,AV RECIFE,0,,,LADO OPOSTO AO ATACADÃO/ SENTIDO CAXANGA,,,,ESTÂNCIA,COLISÃO LATERAL,,0,2,0,0,0,0,0,0,0,1,0,,,,,,,,,,,,,,,,747,202307631
2023-04-05T00:00:00,05:51:00,COM VÍTIMA,FINALIZADA,AFOGADOS,AV SUL,0,,,POLICLÍNICA AGAMENON MAGALHÃES,,,,AFOGADOS,COLISÃO LATERAL,,0,2,0,0,0,0,0,0,0,2,0,,,,,,,,,,,,,,,,749,202307653
2023-04-05T00:00:00,05:53:00,COM VÍTIMA,FINALIZADA,IMBIRIBEIRA,AV ANTONIO TORRES GALVAO,3,442,RUA ALFREDO MARCONDES,,,,,IMBIRIBEIRA,COLISÃO TRANSVERSAL,,0,1,0,0,0,0,1,0,0,1,0,,,,,,,,,,,,,,,,750,202307654
2023-04-05T00:00:00,07:27:00,COM VÍTIMA,FINALIZADA,BOA VIAGEM,AV CELSO FURTADO,0,,,"ANTES DO HIBER BOMPREÇO, NO VIADUTO",,,,BOA VIAGEM,COLISÃO TRASEIRA,,1,1,0,0,0,0,0,0,0,1,0,,SUBURBIO,,,,,,,,,,,,,,751,202307660
2023-04-06T00:00:00,06:46:00,COM VÍTIMA,FINALIZADA,RECIFE,AV RIO BRANCO,0,,CAIS DO APOLO,AO LADO DO BANCO DO BRASIL - SENT. SUBÚRBIO,,,,BAIRRO DO RECIFE,COLISÃO TRASEIRA,,1,1,0,0,0,0,0,0,0,1,0,19,,,,,,,,,,,,,,,755,202307676
2023-04-06T00:00:00,10:05:00,COM VÍTIMA,FINALIZADA,AREIAS,AV RECIFE,4,5008,,EM FRENTE AO ATACADÃO SENT. BR-101,,,,AREIAS,COLISÃO FRONTAL,,1,1,0,0,0,0,0,0,0,1,0,,,,,,,,,,,,,,,,756,202307693
2023-04-06T00:00:00,10:14:00,COM VÍTIMA,FINALIZADA,BOA VIAGEM,AV CELSO FURTADO,0,,,POR TRÁS DO ANTIGO EXTRA,,,,BOA VIAGEM,COLISÃO LATERAL,,0,0,0,0,0,0,0,0,0,1,0,,CIDADE,,,,,,,,,,,,,,757,202307695
2023-04-06T00:00:00,11:22:00,COM VÍTIMA,FINALIZADA,AFOGADOS,RUA VINTE E UM DE ABRIL,4,2090,,,,,,AFOGADOS,ATROPELAMENTO DE PESSOA,,1,0,0,0,1,0,0,0,0,1,0,,,,,,,,,,,,,,,,759,202307701
2023-04-06T00:00:00,11:48:00,COM VÍTIMA,FINALIZADA,CORDEIRO,RUA DR MIGUEL VIEIRA FERREIRA,3,721,RUA PROFESSOR JOAQUIM XAVIER DE BRITO,,,,,CORDEIRO,COLISÃO COM CICLISTA,,0,1,0,1,0,0,0,0,0,2,0,,,,,,,,,,,,,,,,760,202307702
2023-04-06T00:00:00,01:18:00,COM VÍTIMA,FINALIZADA,LINHA DO TIRO,RUA ALTO DOS COQUEIROS,3,105,,,,,,LINHA DO TIRO,TOMBAMENTO,,1,0,0,0,0,0,1,0,0,1,0,,,,,,,,,,,,,,,,761,202307703
2023-04-08T00:00:00,10:59:00,COM VÍTIMA,FINALIZADA,SANTO ANTONIO,PTE BUARQUE DE MACEDO,0,,AV MARTINS DE BARROS,,,,,SANTO ANTÔNIO,COLISÃO TRASEIRA,,1,1,0,0,0,0,0,0,0,2,0,,,,,,,,,,,,,,,,766,202307759
2023-04-08T00:00:00,12:42:00,COM VÍTIMA,FINALIZADA,BEBERIBE,AV BEBERIBE,4,1923,,,,,,BEBERIBE,COLISÃO LATERAL,,1,1,0,0,0,0,0,0,0,1,0,,,,,,,,,,,,,,,,767,202307761
2023-04-08T00:00:00,09:45:00,COM VÍTIMA,FINALIZADA,AREIAS,AV DR JOSE RUFINO,4,1637,,PRÓXIMO À IGREJA PRESBITERIANA,,,,AREIAS,COLISÃO LATERAL,,1,1,0,0,0,0,0,0,0,1,0,,,,,,,,,,,,,,,,768,202307777
2023-04-09T00:00:00,04:40:00,COM VÍTIMA,FINALIZADA,TAMARINEIRA,RUA SEBASTIAO MALTA ARCOVERDE,2,60,,EM FRENTE AO FAACA BURGUER,,,,TAMARINEIRA,COLISÃO LATERAL,,1,1,0,0,0,0,0,0,0,1,0,,,,,,,,,,,,,,,,770,202307805
2023-04-09T00:00:00,07:30:00,COM VÍTIMA,FINALIZADA,BOA VIAGEM,AV ENGENHEIRO DOMINGOS FERREIRA,0,,,EM FRENTE AO SPETTUS,,,,BOA VIAGEM,COLISÃO LATERAL,,1,1,0,0,0,0,0,0,0,1,0,,,,,,,,,,,,,,,,771,202307810
2023-04-09T00:00:00,09:46:00,COM VÍTIMA,FINALIZADA,IBURA,AV DOIS RIOS,0,,,PRÓXIMO A LADEIRA DA COHAB,,,,IBURA,COLISÃO LATERAL,,1,1,0,0,0,0,0,0,0,2,0,,,,,,,,,,,,,,,,772,202307811
2023-04-10T00:00:00,12:07:00,COM VÍTIMA,FINALIZADA,,AV BEBERIBE,0,,,EM FRENTE AO SEST SENAT,,,,,COLISÃO TRANSVERSAL,,0,0,0,0,0,0,0,0,0,1,0,,,,,,,,,,,,,,,,773,202307812
2023-04-10T00:00:00,04:55:00,VÍTIMA FATAL,FINALIZADA,BOA VIAGEM,AV BOA VIAGEM,4,4558,,EM FRENTE AO EDF. MARIA LEOPOLDINA,,,,BOA VIAGEM,TOMBAMENTO,,1,0,0,0,0,0,0,0,0,1,1,152,,,,,,,,,,,,,,,774,202307813
2023-04-10T00:00:00,10:02:00,COM VÍTIMA,FINALIZADA,PINA,RUA MANOEL DE BRITO,0,,,INÍCIO DO TÚNEL JOSUÉ DE CASTRO,,,,PINA,COLISÃO LATERAL,,3,1,0,0,0,0,0,0,0,1,0,,,,,,,,,,,,,,,,775,202307833
2023-04-10T00:00:00,10:14:00,COM VÍTIMA,FINALIZADA,MADALENA,AV BEIRA RIO,3,825,,EM FRENTE AO EDF. RIVER TOWER RESIDENCE,,,,MADALENA,COLISÃO LATERAL,,1,1,0,0,0,0,0,0,0,1,0,,,,,,,,,,,,,,,,776,202307837
2023-04-10T00:00:00,02:41:00,COM VÍTIMA,FINALIZADA,TORRE,RUA REAL DA TORRE,4,1642,,EM FRENTE A ESCOLA DESPERTAR,,,,TORRE,COLISÃO LATERAL,,1,1,0,0,0,0,0,0,0,2,0,,,,,,,,,,,,,,,,777,202307861
2023-04-10T00:00:00,02:56:00,COM VÍTIMA,FINALIZADA,BOA VISTA,AV MANOEL BORBA,3,251,,EM FRENTE AO VAREJÃO,,,,BOA VISTA,COLISÃO LATERAL,,1,1,0,0,0,0,0,0,0,1,0,,,,,,,,,,,,,,,,778,202307865
2023-04-10T00:00:00,03:47:00,COM VÍTIMA,FINALIZADA,GRACAS,AV RUI BARBOSA,0,,,EM FRENTE AO RESTAURANTE PAPA CAPIM E COLEGIO DAMAS,,,,GRAÇAS,COLISÃO COM CICLISTA,,1,0,0,1,0,0,0,0,0,1,0,,,,,,,,,,,,,,,,779,202307869
2023-04-10T00:00:00,05:50:00,COM VÍTIMA,FINALIZADA,SANTO AMARO,RUA FRANCISCO JACINTO,3,195,,PROX A DELEGACIA DA MULHER,,,,SANTO AMARO,COLISÃO LATERAL,,1,1,0,0,0,0,0,0,0,1,0,,,,,,,,,,,,,,,,780,202307874
2023-04-10T00:00:00,06:36:00,COM VÍTIMA,FINALIZADA,CAXANGA,AV CAXANGA,0,,,EM FRENTE A PRAÇA ESTEVÃO DE SÁ,,,,CAXANGÁ,COLISÃO TRASEIRA,,1,1,0,0,0,0,0,0,0,2,0,,,,,,,,,,,,,,,,782,202307877
2023-04-10T00:00:00,07:22:00,COM VÍTIMA,FINALIZADA,GUABIRABA,AV DA RECUPERACAO,0,,,PROXIMO  UPA DE GUABIRABA,,,,GUABIRABA,COLISÃO FRONTAL,,0,2,0,0,0,0,0,0,0,2,0,,,,,,,,,,,,,,,,783,202307885
2023-04-10T00:00:00,07:31:00,COM VÍTIMA,FINALIZADA,DERBY,AV GOVERNADOR AGAMENON MAGALHAES,0,,,EM FRENTE AO HOSPITAL MEMORIAL SÃO JOSÉ,,,,DERBY,COLISÃO LATERAL,,0,1,0,1,0,0,0,0,0,1,0,,,,,,,,,,,,,,,,784,202307886
2023-04-11T00:00:00,10:25:00,COM VÍTIMA,FINALIZADA,IMBIRIBEIRA,RUA ARQUITETO LUIZ NUNES,4,1373,,PRÓX. AO ATACAREJO NOVO TEMPO,,,,IMBIRIBEIRA,COLISÃO TRASEIRA,,1,1,0,0,0,0,0,0,0,1,0,,,,,,,,,,,,,,,,786,202307919
2023-04-11T00:00:00,02:05:00,COM VÍTIMA,FINALIZADA,APIPUCOS,RUA DE APIPUCOS,3,685,,CONDOMINIO RESERVA DE APIPUCOS,,,,APIPUCOS,COLISÃO FRONTAL,,1,1,0,0,0,0,0,0,0,2,0,,,,,,,,,,,,,,,,788,202307945
2023-04-11T00:00:00,06:06:00,COM VÍTIMA,FINALIZADA,MACAXEIRA,AV NORTE MIGUEL ARRAES DE ALENCAR,3,150,,EM FRENTE AO HOTEL NEXOS,,,,MACAXEIRA,COLISÃO LATERAL,,0,2,0,0,0,0,0,0,0,2,0,,,,,,,,,,,,,,,,790,202307962
2023-04-11T00:00:00,07:19:00,COM VÍTIMA,FINALIZADA,SAO JOSE,RUA DO FORTE,0,,,AO LADO DO FORTE DAS CINCO PONTAS,,,,SÃO JOSÉ,ATROPELAMENTO DE PESSOA,,1,0,0,0,0,0,0,0,0,1,0,,,,,,,,,,,,,,,,791,202307968
2023-04-11T00:00:00,08:18:00,COM VÍTIMA,FINALIZADA,ARRUDA,RUA SETE PECADOS,3,252,,ARMAZEM CORAL,,,,ARRUDA,COLISÃO LATERAL,,1,1,0,0,0,0,0,0,0,1,0,,,,,,,,,,,,,,,,792,202307971
2023-04-11T00:00:00,11:08:00,COM VÍTIMA,FINALIZADA,GRACAS,RUA JOAO RAMOS,0,,,PIZZARIA ATLÂNTICO,,,,GRAÇAS,COLISÃO TRASEIRA,,1,1,0,0,0,0,0,0,0,1,0,,,,,,,,,,,,,,,,793,202307974
2023-04-12T00:00:00,08:31:00,COM VÍTIMA,FINALIZADA,SANTO AMARO,AV GOVERNADOR AGAMENON MAGALHAES,4,1302,,"EM FRENTE AO POSTO BR, SENT. BOA VIAGEM",,,,SANTO AMARO,COLISÃO LATERAL,,1,1,0,0,0,0,0,0,0,1,0,,,,,,,,,,,,,,,,796,202307990
2023-04-12T00:00:00,08:51:00,COM VÍTIMA,FINALIZADA,SAN MARTIN,AV JOAO CABRAL DE MELO NETO,0,,,PRÓX. AO LAVA A JATO DO BRUNO,,,,SAN MARTIN,ATROPELAMENTO DE PESSOA,,0,1,0,0,1,0,0,0,0,1,0,,,,,,,,,,,,,,,,797,202307995
2023-04-11T00:00:00,12:06:00,COM VÍTIMA,FINALIZADA,CASA AMARELA,AV NORTE MIGUEL ARRAES DE ALENCAR,4,6591,,,,,,CASA AMARELA,TOMBAMENTO,,0,1,0,0,0,0,0,0,0,1,0,,CIDADE,,,,,,,,,,,,,,798,202308000
2023-04-12T00:00:00,12:11:00,COM VÍTIMA,FINALIZADA,ESPINHEIRO,AV GOVERNADOR AGAMENON MAGALHAES,0,,,EM FRENTE À MEDICAL,,,,ESPINHEIRO,COLISÃO LATERAL,,1,1,0,0,0,0,0,0,0,1,0,,,,,,,,,,,,,,,,799,202308022
2023-04-12T00:00:00,01:36:00,COM VÍTIMA,FINALIZADA,IMBIRIBEIRA,AV MARECHAL MASCARENHAS DE MORAES,4,2716,,ESQUINA DO GERALDAO S/T AEROPORTO,,,,IMBIRIBEIRA,ENGAVETAMENTO,,3,0,0,0,0,0,0,0,0,1,0,,,,,,,,,,,,,,,,800,202308032
2023-04-12T00:00:00,03:37:00,COM VÍTIMA,FINALIZADA,CAMPINA DO BARRETO,RUA CORONEL URBANO RIBEIRO DE SENA,3,838,,PROX ACADEMIA DA CIDADE,,,,CAMPINA DO BARRETO,COLISÃO COM CICLISTA,,1,0,0,1,0,0,0,0,0,1,0,,,,,,,,,,,,,,,,801,202308042
2023-04-12T00:00:00,05:38:00,COM VÍTIMA,FINALIZADA,SANTO AMARO,AV NORTE MIGUEL ARRAES DE ALENCAR,0,,,PROX AO SENAI,,,,SANTO AMARO,ATROPELAMENTO DE PESSOA,,0,1,0,0,1,0,0,0,0,1,0,,,,,,,,,,,,,,,,802,202308047
2023-04-13T00:00:00,07:53:00,COM VÍTIMA,FINALIZADA,PRADO,AV ENGENHEIRO ABDIAS DE CARVALHO,0,,,,,,,PRADO,COLISÃO TRASEIRA,,1,1,0,0,0,0,0,0,0,1,0,,,,,,,,,,,,,,,,804,202308082
2023-04-13T00:00:00,10:43:00,COM VÍTIMA,FINALIZADA,AFOGADOS,RUA AUGUSTO CALHEIROS,2,18,,EM FRENTE A IMPORT PNEUS,,,,AFOGADOS,COLISÃO LATERAL,,1,1,0,0,0,0,0,0,0,1,0,,,,,,,,,,,,,,,,805,202308095
2023-04-13T00:00:00,11:43:00,COM VÍTIMA,FINALIZADA,PINA,RUA NOGUEIRA DE SOUZA,0,,,PRÓX. AO CALDINHO DO NENÊ E DO SHOPPING RIO MAR,,,,PINA,COLISÃO LATERAL,,1,1,0,0,0,0,0,0,0,1,0,,,,,,,,,,,,,,,,806,202308099
2023-04-13T00:00:00,04:59:00,COM VÍTIMA,FINALIZADA,ILHA JOANA BEZERRA,PTE JOSE DE BARROS LIMA,0,,,SENTIDO DERBY,,,,ILHA JOANA BEZERRA,ATROPELAMENTO DE PESSOA,,0,0,0,0,1,0,0,0,0,1,0,,,,,,,,,,,,,,,,810,202308126
2023-04-13T00:00:00,10:22:00,COM VÍTIMA,FINALIZADA,IMBIRIBEIRA,RUA SARGENTO SILVINO DE MACEDO,0,,RUA JOSE DA SILVA LUCENA,PRÓXIMO AO CAMPO,,,,IMBIRIBEIRA,COLISÃO TRANSVERSAL,,1,1,0,0,0,0,0,0,0,1,0,,,,,,,,,,,,,,,,811,202308143
2023-04-14T00:00:00,11:21:00,COM VÍTIMA,FINALIZADA,BOA VIAGEM,AV CELSO FURTADO,0,,,ACESSO A ANTONIO FALCÃO,,,,BOA VIAGEM,CHOQUE,,1,0,0,0,0,0,0,0,0,1,0,,,,,,,,,,,,,,,,812,202308182
2023-04-14T00:00:00,11:38:00,COM VÍTIMA,FINALIZADA,VARZEA,RUA PROFESSOR ANTONIO COELHO,0,,RUA EMILIANO BRAGA,PRÓX. AO COLÉGIO E CURSO DESAFIO,,,,VÁRZEA,COLISÃO LATERAL,,1,1,0,0,0,0,0,0,0,1,0,,,,,,,,,,,,,,,,813,202308186
2023-04-14T00:00:00,01:19:00,COM VÍTIMA,FINALIZADA,APIPUCOS,RUA DE APIPUCOS,0,,,EM FRENTE AO PARQUE APIPUCOS,,,,APIPUCOS,COLISÃO TRASEIRA,,1,1,0,0,0,0,0,0,0,1,0,,,,,,,,,,,,,,,,816,202308195
2023-04-14T00:00:00,08:23:00,COM VÍTIMA,FINALIZADA,DOIS IRMAOS,RUA MANUEL DE MEDEIROS,0,,,EM FRENTE AO BAR DA CURVA,,,,DOIS IRMÃOS,COLISÃO LATERAL,,0,1,0,0,0,0,1,0,0,1,0,,SUBURBIO,,,,,,,,,,,,,,817,202308248
2023-04-15T00:00:00,11:24:00,COM VÍTIMA,FINALIZADA,ROSARINHO,AV SANTOS DUMONT,0,,RUA CAIO PEREIRA,PROX. AO EDF. ARTEMIS,,,,ROSARINHO,COLISÃO LATERAL,,1,1,0,0,0,0,0,0,0,1,0,,,,,,,,,,,,,,,,818,202308305
2023-04-15T00:00:00,11:46:00,COM VÍTIMA,FINALIZADA,AFOGADOS,RUA SAO MIGUEL,4,1428,,PROX AO POSTO DE GASOLINA JOÃO DIAS,,,,AFOGADOS,COLISÃO LATERAL,,1,1,0,0,0,0,0,0,0,1,0,,,,,,,,,,,,,,,,819,202308307
2023-04-15T00:00:00,01:52:00,COM VÍTIMA,FINALIZADA,ILHA JOANA BEZERRA,AV SUL,0,,,ENFRENTE AO POSTO BR,,,,JOANA BEZERRA,COLISÃO LATERAL,,0,1,0,0,0,1,0,0,0,1,0,,,,,,,,,,,,,,,,820,202308316
2023-04-15T00:00:00,07:51:00,COM VÍTIMA,FINALIZADA,PINA,AV CELSO FURTADO,0,,,POR TRÁS DO AÇAÍ ATACADISTA,,,,PINA,COLISÃO TRASEIRA,,1,1,0,0,0,0,0,0,0,1,0,,,,,,,,,,,,,,,,821,202308340
2023-04-15T00:00:00,10:01:00,COM VÍTIMA,FINALIZADA,BOA VIAGEM,RUA DEZ DE JULHO,3,481,RUA CAMBOIM,PRÓXIMO A ESTAÇÃO DO AEROPORTO,,,,BOA VIAGEM,COLISÃO TRANSVERSAL,,1,1,0,0,0,0,0,0,0,2,0,,,,,,,,,,,,,,,,822,202308345
2023-04-16T00:00:00,08:31:00,COM VÍTIMA,FINALIZADA,IPUTINGA,AV CAXANGA,4,3841,,EM FRENTE A FACULDADE IMACULADA CONCEIÇÃO DO RECIFE,,,,IPUTINGA,COLISÃO TRASEIRA,,1,1,0,0,0,0,0,0,0,2,0,,,,,,,,,,,,,,,,824,202308362
2023-04-16T00:00:00,01:36:00,COM VÍTIMA,FINALIZADA,IMBIRIBEIRA,AV MARECHAL MASCARENHAS DE MORAES,3,440,,FLOR ARTE,,,,IMBIRIBEIRA,COLISÃO TRASEIRA,,1,1,0,0,0,0,0,0,0,1,0,,,,,,,,,,,,,,,,825,202308372
2023-04-16T00:00:00,03:07:00,COM VÍTIMA,FINALIZADA,IBURA,AV JORNALISTA COSTA PORTO,3,969,,EM FRENTE A ASSEMBLEIA DE DEUS CAMPOS JORDÃO,,,,IBURA,COLISÃO FRONTAL,,0,1,0,0,0,1,0,0,0,1,0,,,,,,,,,,,,,,,,826,202308375
2023-04-16T00:00:00,05:56:00,COM VÍTIMA,FINALIZADA,VARZEA,RUA MARIO CAMPELO,3,338,,RUA RESIDENCIAL,,,,VÁRZEA,COLISÃO FRONTAL,,1,1,0,0,0,0,0,0,0,2,0,,,,,,,,,,,,,,,,829,202308388
2023-04-17T00:00:00,06:55:00,COM VÍTIMA,FINALIZADA,IPSEP,RUA JEAN EMILE FAVRE,0,,,EM FRENTE A UNIFBV,,,,IPSEP,COLISÃO LATERAL,,1,1,0,0,0,0,0,0,0,1,0,,,,,,,,,,,,,,,,832,202308413
2023-04-17T00:00:00,07:32:00,COM VÍTIMA,FINALIZADA,IPSEP,AV RECIFE,0,,,"EM CIMA DO VIADUTO, APOS O ARMAZEM CORAL, SENT. AEROPORTO",,,,IPSEP,COLISÃO TRASEIRA,,1,1,0,0,0,0,0,0,0,1,0,,,,,,,,,,,,,,,,833,202308418
2023-04-17T00:00:00,08:02:00,COM VÍTIMA,FINALIZADA,ESTANCIA,AV DR JOSE RUFINO,0,,VIADUTO ULYSSES GUIMARAES,LOCAL DO SINISTRO VIADUTO ULYSSES GUIMARAES - REF. AO LADO DO ARMAZEM CORAL,,,,ESTÂNCIA,COLISÃO TRASEIRA,,1,1,0,0,0,0,0,0,0,1,0,,,,,,,,,,,,,,,,834,202308425
2023-04-17T00:00:00,11:11:00,COM VÍTIMA,FINALIZADA,ENCRUZILHADA,EST DE BELEM,0,,,EM FRENTE À QUITANDARIA,,,,ENCRUZILHADA,COLISÃO LATERAL,,1,1,0,0,0,0,0,0,0,1,0,,,,,,,,,,,,,,,,836,202308451
2023-04-17T00:00:00,12:14:00,COM VÍTIMA,FINALIZADA,SANTO AMARO,AV GOVERNADOR AGAMENON MAGALHAES,0,,VDO INDEPENDENCIA,VIADUTO SOBRE À AV. JOÃO DE BARROS,,,,SANTO AMARO,COLISÃO TRASEIRA,,1,1,0,0,0,0,0,0,0,2,0,,,,,,,,,,,,,,,,837,202308459
2023-04-17T00:00:00,01:18:00,COM VÍTIMA,FINALIZADA,IMBIRIBEIRA,VDO PRESIDENTE TANCREDO NEVES,0,,,SOBRE O VIADUTO: SENTIDO BOA VIAGEM,,,,IMBIRIBEIRA,QUEDA,,1,1,0,0,0,0,0,0,0,1,0,,,,,,,,,,,,,,,,838,202308468
2023-04-17T00:00:00,06:43:00,COM VÍTIMA,FINALIZADA,BOA VISTA,AV MANOEL BORBA,3,410,,POSTO BR MANIA,,,,BOA VISTA,COLISÃO TRASEIRA,,1,1,0,0,0,0,0,0,0,1,0,,,,,,,,,,,,,,,,840,202308496
2023-04-17T00:00:00,07:31:00,COM VÍTIMA,FINALIZADA,IPSEP,RUA HELIO BRANDAO,0,,RUA ARISTIDES LOBO,COLÉGIO JOSÉ VICENTE,,,,IPSEP,COLISÃO LATERAL,,1,1,0,0,0,0,0,0,0,1,0,,,,,,,,,,,,,,,,841,202308500