data,hora,natureza_acidente,situacao,bairro,endereco,,numero,detalhe_endereco_acidente,complemento,endereco_cruzamento,numero_cruzamento,referencia_cruzamento,bairro_cruzamento,tipo,descricao,auto,moto,ciclom,ciclista,pedestre,onibus,caminhao,viatura,outros,vitimas,vitimasfatais,num_semaforo,sentido_via,acidente_verificado,tempo_clima,situacao_semaforo,sinalizacao,condicao_via,conservacao_via,ponto_controle,situacao_placa,velocidade_max_via,mao_direcao,divisao_via1,divisao_via2,divisao_via3,_id,Protocolo
2023-05-01T00:00:00,06:01:00,COM VÍTIMA,FINALIZADA,IPUTINGA,AV MAURICIO DE NASSAU,0,,RUA SAO MATEUS,EM FRENTE COXINHA DO NOBRE,,,,IPUTINGA,COLISÃO LATERAL,,1,1,0,0,0,0,0,0,0,2,0,,,,,,,,,,,,,,,,964,202309535
2023-05-02T00:00:00,08:24:00,COM VÍTIMA,FINALIZADA,IMBIRIBEIRA,AV GENERAL MAC ARTHUR,0,,,EM FRENTE AO LE PARC,,,,IMBIRIBEIRA,QUEDA,,0,1,0,0,0,0,0,0,0,1,0,,,,,,,,,,,,,,,,966,202309565
2023-05-02T00:00:00,08:58:00,COM VÍTIMA,FINALIZADA,DOIS IRMAOS,RUA PROF CLAUDIO SELVA,3,179,,ANTES DO VALE DO AMANHECER EM FRENTE AO N179,,,,DOIS IRMÃOS,COLISÃO LATERAL,,1,1,0,0,0,0,0,0,0,1,0,,,,,,,,,,,,,,,,967,202309568
2023-05-02T00:00:00,10:23:00,COM VÍTIMA,FINALIZADA,GRACAS,RUA ALBERTO PAIVA,0,,,A OCORRÊNCIA FICA NA RUA Senador Alberto Paiva / SEMÁFORO 360,,,,GRAÇAS,COLISÃO TRASEIRA,,1,1,0,0,0,0,0,0,0,1,0,,,,,,,,,,,,,,,,969,202309577
2023-05-02T00:00:00,04:31:00,COM VÍTIMA,FINALIZADA,AFOGADOS,RUA DA PAZ,2,21,,PROX A ESTAÇAO DO LARGO DA PAZ,,,,AFOGADOS,COLISÃO LATERAL,,0,1,0,0,0,0,1,0,0,1,0,,,,,,,,,,,,,,,,970,202309597
2023-05-02T00:00:00,05:01:00,COM VÍTIMA,FINALIZADA,BOA VIAGEM,AV CONSELHEIRO AGUIAR,0,,,E/F AO BANCO SAFRA,,,,BOA VIAGEM,COLISÃO LATERAL,,1,1,0,0,0,0,0,0,0,2,0,,,,,,,,,,,,,,,,971,202309598
2023-05-02T00:00:00,06:18:00,COM VÍTIMA,FINALIZADA,SANTO AMARO,RUA TREZE DE MAIO,0,,,PRÓXIMO À AVENIDA NORTE,,,,SANTO AMARO,COLISÃO LATERAL,,0,0,0,0,0,0,0,0,0,1,0,,,,,,,,,,,,,,,,973,202309603
2023-05-02T00:00:00,06:19:00,COM VÍTIMA,FINALIZADA,IBURA,AV DOIS RIOS,0,,RUA RIO XINGU,,,,,IBURA,ATROPELAMENTO DE PESSOA,,1,0,0,0,1,0,0,0,0,1,0,,,,,,,,,,,,,,,,974,202309604
2023-05-02T00:00:00,07:31:00,COM VÍTIMA,FINALIZADA,CAXANGA,AV CAXANGA,0,,,APÓS O VIADUTO DA CAXANGÁ SENTIDO  CAMARAGIBE,,,,CAXANGÁ,COLISÃO COM CICLISTA,,1,0,0,1,0,0,0,0,0,1,0,,,,,,,,,,,,,,,,975,202309613
2023-05-02T00:00:00,07:47:00,COM VÍTIMA,FINALIZADA,CAMPO GRANDE,EST DE BELEM,4,1177,,PRÓX. À FARMÁCIA DROGASIL,,,,CAMPO GRANDE,COLISÃO TRASEIRA,,0,1,0,0,0,0,0,0,1,1,0,,,,,,,,,,,,,,,,976,202309614
2023-05-03T00:00:00,08:23:00,COM VÍTIMA,FINALIZADA,ENCRUZILHADA,EST DE BELEM,3,516,,EM FRENTE AO EDF. AQUILES E PROX AO SEFAZ,,,,ENCRUZILHADA,COLISÃO TRASEIRA,,1,1,0,0,0,0,0,0,0,1,0,,,,,,,,,,,,,,,,978,202309632
2023-05-03T00:00:00,09:26:00,COM VÍTIMA,FINALIZADA,SANTO AMARO,AV NORTE MIGUEL ARRAES DE ALENCAR,0,,,"APOS A PRAÇA DA PICANHA, EM CIMA DO VIADUTO SENT. CIDADE",,,,SANTO AMARO,COLISÃO FRONTAL,,1,1,0,0,0,0,0,0,0,1,0,,,,,,,,,,,,,,,,979,202309638
2023-05-03T00:00:00,09:29:00,COM VÍTIMA,FINALIZADA,MADALENA,EST DOS REMEDIOS,3,229,AV ENGENHEIRO ABDIAS DE CARVALHO,EM FRENTE A FARMACIA INDEPENDENTE,,,,MADALENA,COLISÃO LATERAL,,0,2,0,0,0,0,0,0,0,2,0,,,,,,,,,,,,,,,,980,202309639
2023-05-03T00:00:00,12:10:00,COM VÍTIMA,FINALIZADA,BONGI,AV ENGENHEIRO ABDIAS DE CARVALHO,4,1835,,CENTRO DE TREINAMENTO DOS CORREIOS,,,,BONGI,COLISÃO TRASEIRA,,1,1,0,0,0,0,0,0,0,1,0,,,,,,,,,,,,,,,,982,202309667
2023-05-03T00:00:00,01:12:00,COM VÍTIMA,FINALIZADA,IPSEP,AV RECIFE,4,2305,,E/F A CHURRASCARIA E PETISCARIA PAJUÇARA  S/T BOA VIAGEM,,,,IPSEP,COLISÃO TRASEIRA,,1,1,0,0,0,0,0,0,0,1,0,,,,,,,,,,,,,,,,983,202309675
2023-05-03T00:00:00,03:03:00,COM VÍTIMA,FINALIZADA,TEJIPIO,AV DR JOSE RUFINO,0,,,EM FRENTE À ESTAÇÃO TEJIPIÓ,,,,TEJIPIÓ,COLISÃO TRASEIRA,,0,0,0,0,0,0,0,0,0,1,0,,SUB0,,,,,,,,,,,,,,984,202309686
2023-05-03T00:00:00,04:16:00,COM VÍTIMA,FINALIZADA,NOVA DESCOBERTA,AV VEREADOR OTACILIO AZEVEDO,4,2730,,,,,,NOVA DESCOBERTA,COLISÃO FRONTAL,,0,0,0,0,0,0,0,0,0,1,0,,,,,,,,,,,,,,,,986,202309695
2023-05-03T00:00:00,10:02:00,COM VÍTIMA,FINALIZADA,AREIAS,AV DR JOSE RUFINO,4,1807,,EM FRENTE AO CONDOMÍNIO MORADA DO BARRO,,,,AREIAS,COLISÃO FRONTAL,,1,1,0,0,0,0,0,0,0,1,0,,,,,,,,,,,,,,,,987,202309722
2023-05-04T00:00:00,07:08:00,COM VÍTIMA,FINALIZADA,SANTO AMARO,AV CRUZ CABUGA,0,,,DE FRENTE AO HOSP. SANTA CASA,,,,SANTO AMARO,COLISÃO LATERAL,,1,1,0,0,0,0,0,0,0,1,0,,,,,,,,,,,,,,,,989,202309736
2023-05-04T00:00:00,08:05:00,COM VÍTIMA,FINALIZADA,CAMPO GRANDE,RUA ESBERARD,0,,RUA ODORICO MENDES,PRÓXIMO A CLUBE DAS PAZ,,,,CAMPO GRANDE,COLISÃO LATERAL,,2,0,0,0,0,0,0,0,0,2,0,,CIDADE,,,,,,,,,,,,,,990,202309743
2023-05-04T00:00:00,08:55:00,COM VÍTIMA,FINALIZADA,MACAXEIRA,AV NORTE MIGUEL ARRAES DE ALENCAR,0,,,PROX AO TERMINAL DA MACAXEIRA,,,,MACAXEIRA,COLISÃO TRASEIRA,,0,1,0,0,0,1,0,0,0,2,0,,,,,,,,,,,,,,,,991,202309747
2023-05-04T00:00:00,10:56:00,COM VÍTIMA,FINALIZADA,CAMPO GRANDE,RUA ODORICO MENDES,0,,,AO LADO CENTRAL DE FLAGRANTES,,,,CAMPO GRANDE,COLISÃO FRONTAL,,1,1,0,0,0,0,0,0,0,1,0,,,,,,,,,,,,,,,,993,202309760
2023-05-04T00:00:00,12:36:00,COM VÍTIMA,FINALIZADA,MADALENA,RUA JOSE OSORIO,0,,,APÓS O MERCADO DA MADALENA,,,,MADALENA,COLISÃO LATERAL,,0,0,0,0,0,0,0,0,0,1,0,,,,,,,,,,,,,,,,994,202309777
2023-05-04T00:00:00,05:11:00,COM VÍTIMA,FINALIZADA,BOA VIAGEM,AV ENGENHEIRO DOMINGOS FERREIRA,4,4395,,PROXIMO AO HOTEL VELA BRANCA,,,,BOA VIAGEM,COLISÃO TRASEIRA,,2,1,0,0,0,0,0,0,0,1,0,,,,,,,,,,,,,,,,997,202309797
2023-05-04T00:00:00,05:16:00,COM VÍTIMA,FINALIZADA,VARZEA,RUA RIBEIRO PESSOA,3,957,,PROXIMO AO CONDOMINIO FICCOS BENJAMIN,,,,VARZEA,COLISÃO FRONTAL,,1,1,0,0,0,0,0,0,0,1,0,,,,,,,,,,,,,,,,998,202309798
2023-05-04T00:00:00,05:46:00,COM VÍTIMA,FINALIZADA,AGUA FRIA,EST VELHA DE AGUA FRIA,4,1807,,E/F  AO MERCADO  DE AGUA FRIA  S/T BOMBA DO HEMETERIO,,,,AGUA FRIA,COLISÃO LATERAL,,0,1,0,0,0,1,0,0,0,1,0,,,,,,,,,,,,,,,,1000,202309801
2023-05-04T00:00:00,06:30:00,COM VÍTIMA,FINALIZADA,PORTO DA MADEIRA,RUA DALVA DE OLIVEIRA,2,99,,RUA AO LADO DA SEST SENAC,,,,PORTO DA MADEIRA,COLISÃO LATERAL,,1,1,0,0,0,0,0,0,0,2,0,,,,,,,,,,,,,,,,1001,202309811
2023-05-05T00:00:00,07:21:00,COM VÍTIMA,FINALIZADA,CAMPO GRANDE,RUA JERONIMO VILELA,0,,AV PROFESSOR JOSE DOS ANJOS,SOB O SEMÁFORO,,,,CAMPO GRANDE,COLISÃO FRONTAL,,0,1,0,0,0,0,1,0,0,1,0,642,,,,,,,,,,,,,,,1002,202309826
2023-05-05T00:00:00,08:21:00,COM VÍTIMA,FINALIZADA,BEBERIBE,AV BEBERIBE,4,4217,,EM FRENTE A BORRACHARIA SÃO LUIZ,,,,BEBERIBE,COLISÃO TRASEIRA,,0,1,0,0,0,1,0,0,0,1,0,,,,,,,,,,,,,,,,1004,202309839
2023-05-05T00:00:00,08:25:00,COM VÍTIMA,FINALIZADA,SANTO AMARO,AV GOVERNADOR AGAMENON MAGALHAES,0,,,SENT. BOA VIAGEM APOS A FABRICA TACARUNA,,,,SANTO AMARO,COLISÃO TRASEIRA,,1,1,0,0,0,0,0,0,0,1,0,,,,,,,,,,,,,,,,1005,202309842
2023-05-05T00:00:00,01:40:00,COM VÍTIMA,FINALIZADA,TAMARINEIRA,AV CONS ROSA E SILVA,0,,AV DR MALAQUIAS,DEPOIS DO SHOPPING ETC,,,,TAMARINEIRA,COLISÃO LATERAL,,1,1,0,0,0,0,0,0,0,1,0,214,,,,,,,,,,,,,,,1007,202309860
2023-05-05T00:00:00,01:33:00,COM VÍTIMA,FINALIZADA,CAXANGA,AV CAXANGA,4,5709,,LADO OPSOTO AO TERMINAL DA CAXANGA,,,,CAXANGA,COLISÃO TRASEIRA,,1,1,0,0,0,0,0,0,0,1,0,,,,,,,,,,,,,,,,1008,202309876
2023-05-05T00:00:00,05:57:00,COM VÍTIMA,FINALIZADA,TORRE,RUA JOAO TUDE DE MELO,0,,,LADO OPOSTO AO GUAIAMUM GIGANTE,,,,TORRE,COLISÃO LATERAL,,1,1,0,0,0,0,0,0,0,1,0,,,,,,,,,,,,,,,,1010,202309892
2023-05-05T00:00:00,06:15:00,COM VÍTIMA,FINALIZADA,SAN MARTIN,RUA DELMIRO GOUVEIA,0,,,PROX A PRAÇA DA CHESF,,,,SAN MARTIN,COLISÃO COM CICLISTA,,1,0,0,1,0,0,0,0,0,1,0,,,,,,,,,,,,,,,,1011,202309894
2023-05-05T00:00:00,06:47:00,COM VÍTIMA,FINALIZADA,BOA VIAGEM,AV ENGENHEIRO DOMINGOS FERREIRA,0,,,CLINICAL CENTER,,,,BOA VIAGEM,COLISÃO LATERAL,,0,0,0,0,0,0,0,2,0,1,0,,,,,,,,,,,,,,,,1012,202309897
2023-05-06T00:00:00,09:26:00,COM VÍTIMA,FINALIZADA,AFOGADOS,EST DOS REMEDIOS,0,,,EM FRENTE AO  TERMINAL DE ONIBUS AFOGADOS,,,,AFOGADOS,COLISÃO COM CICLISTA,,1,0,0,1,0,0,0,0,0,1,0,,,,,,,,,,,,,,,,1013,202309924
2023-05-06T00:00:00,05:24:00,COM VÍTIMA,FINALIZADA,AFOGADOS,RUA SAO MIGUEL,0,,,PROXIMO AO BODE DO NO,,,,AFOGADOS,COLISÃO FRONTAL,,1,1,0,0,0,0,0,0,0,1,0,,,,,,,,,,,,,,,,1014,202309956
2023-05-06T00:00:00,06:37:00,COM VÍTIMA,FINALIZADA,CASA AMARELA,AV NORTE MIGUEL ARRAES DE ALENCAR,4,6717,,POSTO BR / ESPAÇO CAR / MATERNIDADE BARROS LIMA,,,,CASA AMARELA,COLISÃO FRONTAL,,1,1,0,0,0,0,0,0,0,1,0,,,,,,,,,,,,,,,,1015,202309967
2023-05-06T00:00:00,08:51:00,COM VÍTIMA,FINALIZADA,JARDIM SAO PAULO,RUA LEANDRO BARRETO,3,512,,PRÓX. À PADARIA LA ROQUE,,,,JARDIM SAO PAULO,COLISÃO FRONTAL,,0,1,0,0,0,0,0,0,0,1,0,,,,,,,,,,,,,,,,1016,202309971
2023-05-07T00:00:00,06:55:00,VÍTIMA FATAL,FINALIZADA,DERBY,AV GOVERNADOR AGAMENON MAGALHAES,0,,PRC DO DERBY,PISTA LOCAL - SENTIDO BOA VIAGEM - E/F À ESTAÇÃO BRT,,,,DERBY,ATROPELAMENTO DE PESSOA,,1,0,0,0,1,0,0,0,0,0,1,,,,,,,,,,,,,,,,1017,202309989
2023-05-07T00:00:00,07:00:00,COM VÍTIMA,FINALIZADA,BOA VIAGEM,RUA DES JOAO PAES,0,,RUA TENENTE DOMINGOS DE BRITO,PROX. A PADARIA ALEM DO PÃO,,,,BOA VIAGEM,COLISÃO FRONTAL,,1,1,0,0,0,0,0,0,0,1,0,,,,,,,,,,,,,,,,1018,202309991
2023-05-07T00:00:00,10:21:00,COM VÍTIMA,FINALIZADA,VARZEA,RUA TORRES HOMEM,3,625,,AO LADO DO RESIDENCIAL ATELIE LIFE,,,,VARZEA,COLISÃO LATERAL,,1,1,0,0,0,0,0,0,0,1,0,,,,,,,,,,,,,,,,1021,202310019
2023-05-07T00:00:00,12:11:00,COM VÍTIMA,FINALIZADA,IMBIRIBEIRA,AV MARECHAL MASCARENHAS DE MORAES,4,1967,RUA MIS JOEL CARLSON,LOGO APÓS A CAFESÓLIS,,,,IMBIRIBEIRA,TOMBAMENTO,,0,1,0,0,0,0,0,0,0,1,0,287,CIDADE,,,,,,,,,,,,,,1022,202310027
2023-05-07T00:00:00,05:05:00,COM VÍTIMA,FINALIZADA,CASA AMARELA,RUA PADRE LEMOS,3,723,,E/F AO RESIDENCIAL  ROBERTO  ROSA BORGES,,,,CASA AMARELA,COLISÃO LATERAL,,1,1,0,0,0,0,0,0,0,1,0,,,,,,,,,,,,,,,,1023,202310049
2023-05-07T00:00:00,07:36:00,COM VÍTIMA,FINALIZADA,CASA FORTE,AV DEZESSETE DE AGOSTO,4,1893,RUA MARQUES DE TAMANDARE,,,,,CASA FORTE,COLISÃO TRANSVERSAL,,1,1,0,0,0,0,0,0,0,1,0,,,,,,,,,,,,,,,,1025,202310059
2023-05-08T00:00:00,07:53:00,COM VÍTIMA,FINALIZADA,AREIAS,AV RECIFE,0,,,"NA DESCIDA DO VIADUTO, PROX. AO ATACADÃO",,,,AREIAS,COLISÃO TRASEIRA,,1,1,0,0,0,0,0,0,0,2,0,,,,,,,,,,,,,,,,1027,202310078
2023-05-08T00:00:00,09:53:00,COM VÍTIMA,FINALIZADA,CASA AMARELA,RUA JORGE DE ALBUQUERQUE,0,,,PROXIMO CENTRO MEDICO SENADOR ERMILIO DE MORAIS,,,,CASA AMARELA,COLISÃO LATERAL,,1,1,0,0,0,0,0,0,0,1,0,,,,,,,,,,,,,,,,1028,202310089
2023-05-08T00:00:00,11:19:00,COM VÍTIMA,FINALIZADA,JORDAO,AV JULIO CESAR,0,,,PROXIMO TERMINAL DA VAN,,,,JORDAO,COLISÃO FRONTAL,,0,1,0,0,1,0,0,0,0,1,0,,,,,,,,,,,,,,,,1029,202310101
2023-05-08T00:00:00,11:40:00,COM VÍTIMA,FINALIZADA,IPUTINGA,AV MAURICIO DE NASSAU,3,314,,PROXIMO AO CAPELA SANTO ANTONIO,,,,IPUTINGA,COLISÃO FRONTAL,,1,0,0,0,1,0,0,0,0,1,0,,,,,,,,,,,,,,,,1030,202310103
2023-05-08T00:00:00,03:23:00,COM VÍTIMA,FINALIZADA,SANTO AMARO,VDO ENG ROBERTO PEREIRA DE CARVALHO,0,,,AO LADO DO SHOPPING TACARUNA,,,,SANTO AMARO,COLISÃO TRASEIRA,,3,0,0,0,0,1,0,0,0,1,0,,,,,,,,,,,,,,,,1031,202310122
2023-05-09T00:00:00,04:56:00,COM VÍTIMA,FINALIZADA,PRADO,AV ENGENHEIRO ABDIAS DE CARVALHO,0,,,COM A RUA CARLOS GOMES,,,,PRADO,COLISÃO TRANSVERSAL,,3,1,0,0,0,0,0,0,0,1,0,,,,,,,,,,,,,,,,1033,202310150
2023-05-09T00:00:00,08:55:00,COM VÍTIMA,FINALIZADA,DOIS IRMAOS,RUA MANUEL DE MEDEIROS,3,441,,PROX. A UPA,,,,DOIS IRMAOS,COLISÃO TRASEIRA,,1,1,0,0,0,0,0,0,0,1,0,,,,,,,,,,,,,,,,1034,202310184
2023-05-09T00:00:00,04:19:00,COM VÍTIMA,FINALIZADA,DOIS UNIDOS,RUA VILA FLOR,0,,,NO ALTO DO MARACANA NA RUA DA IGREJA ASSEMBLEIA DE DEUS,,,,DOIS UNIDOS,ATROPELAMENTO DE PESSOA,,0,0,0,0,1,0,1,0,0,1,0,,,,,,,,,,,,,,,,1035,202310223
2023-05-09T00:00:00,04:29:00,COM VÍTIMA,FINALIZADA,TAMARINEIRA,RUA VISCONDE DE ABAETE,0,,,PROX GALARIA NORTE CENTER,,,,TAMARINEIRA,COLISÃO LATERAL,,1,1,0,0,0,0,0,0,0,1,0,,,,,,,,,,,,,,,,1036,202310224
2023-05-09T00:00:00,11:08:00,COM VÍTIMA,FINALIZADA,CAXANGA,AV CAXANGA,0,,,EM FRENTE AO TI GETÚLIO VARGAS. SENTIDO SUBURBIO.,,,,CAXANGA,COLISÃO TRASEIRA,,0,1,0,0,0,0,0,0,0,2,0,,SUBURBIO,,,,,,,,,,,,,,1038,202310234
2023-05-10T00:00:00,07:32:00,COM VÍTIMA,FINALIZADA,SANTO AMARO,RUA DOS PALMARES,0,,RUA AFONSO PENA,EM FRENTE AO RM,,,,SANTO AMARO,COLISÃO LATERAL,,1,2,0,0,0,0,0,0,0,2,0,,,,,,,,,,,,,,,,1039,202310249
2023-05-10T00:00:00,07:53:00,COM VÍTIMA,FINALIZADA,DERBY,AV GOVERNADOR AGAMENON MAGALHAES,0,,RUA AMAURI DE MEDEIROS,,,,,DERBY,QUEDA,,0,1,0,0,0,0,0,0,0,1,0,,,,,,,,,,,,,,,,1040,202310251
2023-05-10T00:00:00,07:58:00,COM VÍTIMA,FINALIZADA,IPSEP,RUA DO CANAL,4,1518,,DE ESQUINA COM MERCADINHO CONVENÇÃO,,,,IPSEP,COLISÃO FRONTAL,,2,1,0,0,0,0,0,0,0,1,0,518,,,,,,,,,,,,,,,1041,202310253
2023-05-10T00:00:00,10:23:00,COM VÍTIMA,FINALIZADA,TEJIPIO,AV DR JOSE RUFINO,4,3514,,PROX. AO ARMAZEM CORAL,,,,TEJIPIO,COLISÃO TRANSVERSAL,,0,2,0,0,0,0,0,0,0,1,0,,,,,,,,,,,,,,,,1043,202310270
2023-05-10T00:00:00,10:35:00,COM VÍTIMA,FINALIZADA,SAO JOSE,C SANTA RITA,0,,,ENTRADA DO CAIS DE SANTA RITA,,,,SAO JOSE,QUEDA,,0,1,0,0,0,0,0,0,0,1,0,76,,,,,,,,,,,,,,,1044,202310271
2023-05-10T00:00:00,11:11:00,COM VÍTIMA,FINALIZADA,TAMARINEIRA,AV NORTE MIGUEL ARRAES DE ALENCAR,3,571,EST VELHA DE AGUA FRIA,CRUZAMENTO DAS VIAS,,,,TAMARINEIRA,COLISÃO LATERAL,,0,2,0,0,0,0,0,0,0,1,0,62,TORRE,,,,,,,,,,,,,,1045,202310278
2023-05-10T00:00:00,04:06:00,COM VÍTIMA,FINALIZADA,ARRUDA,AV BEBERIBE,0,,,PROX AO ARMAZEM CANAL DA CONSTRUÇÃO,,,,ARRUDA,COLISÃO LATERAL,,0,1,0,0,0,1,0,0,0,1,0,64,,,,,,,,,,,,,,,1048,202310296
2023-05-10T00:00:00,06:33:00,COM VÍTIMA,FINALIZADA,MADALENA,RUA BENFICA,0,,,AV VISCONDE DE ALBUQUERQUE,,,,MADALENA,COLISÃO LATERAL,,0,2,0,0,0,0,0,0,0,1,0,,,,,,,,,,,,,,,,1050,202310312
2023-05-10T00:00:00,08:20:00,COM VÍTIMA,FINALIZADA,AFOGADOS,RUA SAO MIGUEL,0,,,EM FRENTE AO DEPATRI,,,,AFOGADOS,COLISÃO LATERAL,,1,1,0,0,0,0,0,0,0,1,0,,,,,,,,,,,,,,,,1051,202310324
2023-05-11T00:00:00,07:59:00,COM VÍTIMA,FINALIZADA,MADALENA,AV ENGENHEIRO ABDIAS DE CARVALHO,0,,RUA JOAO IVO DA SILVA,PROXIMO A ANTIGA HABBIS,,,,MADALENA,COLISÃO LATERAL,,1,1,0,0,0,0,0,0,0,1,0,,,,,,,,,,,,,,,,1052,202310344
2023-05-11T00:00:00,08:25:00,COM VÍTIMA,FINALIZADA,SAN MARTIN,AV GENERAL SAN MARTIN,4,1371,,EM FRENTE A CHESF E PROXIMO AO HIPER,,,,SAN MARTIN,COLISÃO FRONTAL,,1,1,0,0,0,0,0,0,0,1,0,,,,,,,,,,,,,,,,1053,202310347
2023-05-11T00:00:00,09:35:00,COM VÍTIMA,FINALIZADA,AFOGADOS,AV SUL GOV. CID SAMPAIO,0,,LARGO DA PAZ,IGREJA LARGO DA PAZ,,,,AFOGADOS,ATROPELAMENTO DE PESSOA,,0,0,0,0,1,1,0,0,0,1,0,,,,,,,,,,,,,,,,1054,202310358
2023-05-11T00:00:00,09:45:00,COM VÍTIMA,FINALIZADA,ILHA DO RETIRO,AV ENGENHEIRO ABDIAS DE CARVALHO,3,333,,,,,,ILHA DO RETIRO,ATROPELAMENTO DE PESSOA,,0,1,0,0,0,0,0,0,0,1,0,,,,,,,,,,,,,,,,1055,202310359
2023-05-11T00:00:00,11:34:00,COM VÍTIMA,FINALIZADA,BARRO,AV DR JOSE RUFINO,0,,,EM FRENTE AO COLEGIO EMACULADA DA CONCEIÇÃO,,,,BARRO,ATROPELAMENTO DE PESSOA,,0,1,0,0,1,0,0,0,0,1,0,,,,,,,,,,,,,,,,1058,202310377
2023-05-11T00:00:00,06:11:00,COM VÍTIMA,FINALIZADA,ESPINHEIRO,RUA DR VICENTE MEIRA,2,82,RUA VIGARIO BARRETO,NA FRENTE DO EDIFICIO FIQUEIRAS,,,,ESPINHEIRO,COLISÃO LATERAL,,1,1,0,0,0,0,0,0,0,1,0,,,,,,,,,,,,,,,,1059,202310418
2023-05-11T00:00:00,06:27:00,COM VÍTIMA,FINALIZADA,CASA FORTE,AV DEZESSETE DE AGOSTO,4,2388,RUA PIAUI,Centro Médico Sen. José Ermírio de Moraes,,,,CASA FORTE,ATROPELAMENTO DE PESSOA,,1,0,0,0,1,0,0,0,0,1,0,,,,,,,,,,,,,,,,1060,202310419
2023-05-11T00:00:00,08:14:00,COM VÍTIMA,FINALIZADA,ESTANCIA,AV RECIFE,0,,,NO VIADUTO PRÓXIMO AO AINTIGO MAKRO,,,,ESTANCIA,COLISÃO FRONTAL,,0,2,0,0,0,0,0,0,0,1,0,,,,,,,,,,,,,,,,1061,202310432
2023-05-11T00:00:00,10:40:00,COM VÍTIMA,FINALIZADA,IPUTINGA,AV MAURICIO DE NASSAU,3,276,,EM FRENTE AO MERCADO RENDE MAIS,,,,IPUTINGA,COLISÃO FRONTAL,,1,1,0,0,0,0,0,0,0,1,0,,,,,,,,,,,,,,,,1063,202310438
2023-05-12T00:00:00,07:23:00,COM VÍTIMA,FINALIZADA,BOA VIAGEM,AV CELSO FURTADO,0,,,PROX ULTIMO FOTOSENSOR DO PINA SENTIDO BOA VIAGEM,,,,BOA VIAGEM,COLISÃO TRASEIRA,,1,1,0,0,0,0,0,0,0,1,0,,,,,,,,,,,,,,,,1064,202310453
2023-05-12T00:00:00,08:17:00,COM VÍTIMA,FINALIZADA,MADALENA,AV ENGENHEIRO ABDIAS DE CARVALHO,3,125,,PROX AO SPORT CLUBE DO RECIFE,,,,MADALENA,COLISÃO TRASEIRA,,2,2,0,0,0,0,0,0,0,3,0,,,,,,,,,,,,,,,,1066,202310458
2023-05-12T00:00:00,08:29:00,COM VÍTIMA,FINALIZADA,CASA FORTE,AV DEZESSETE DE AGOSTO,4,1893,RUA MARQUES DE TAMANDARE,PROXIMO AO BARCHET NUMERO 1893,,,,CASA FORTE,COLISÃO LATERAL,,1,1,0,0,0,0,0,0,0,1,0,,,,,,,,,,,,,,,,1067,202310459
2023-05-12T00:00:00,05:37:00,COM VÍTIMA,FINALIZADA,TORRE,RUA JOSE DE HOLANDA,4,1313,,EM FRENTE AO MAMUTE BEER,,,,TORRE,COLISÃO TRASEIRA,,1,1,0,0,0,0,0,0,0,1,0,,,,,,,,,,,,,,,,1068,202310506
2023-05-12T00:00:00,05:46:00,COM VÍTIMA,FINALIZADA,MADALENA,RUA BARTOLOMEU DE GUSMAO,2,17,,EM FRENTE A BARBEARIA BELEZA CAFÉ E MODA,,,,MADALENA,ATROPELAMENTO DE PESSOA,,1,0,0,0,1,0,0,0,0,1,0,,,,,,,,,,,,,,,,1069,202310507
2023-05-12T00:00:00,06:44:00,COM VÍTIMA,FINALIZADA,DERBY,RUA JENER DE SOUZA,0,,,EM FRENTE AO QUARTEL DO DERBY,,,,DERBY,COLISÃO LATERAL,,1,1,0,0,0,0,0,0,0,1,0,,CIDADE,,,,,,,,,,,,,,1070,202310519
2023-05-12T00:00:00,07:32:00,COM VÍTIMA,FINALIZADA,IPSEP,RUA JEAN EMILE FAVRE,0,,1 TRV DOUTOR SABINO PINHO,PROX. A DELEGACIA,,,,IPSEP,COLISÃO TRANSVERSAL,,1,1,0,0,0,0,0,0,0,1,0,,,,,,,,,,,,,,,,1071,202310528
2023-05-12T00:00:00,08:46:00,COM VÍTIMA,FINALIZADA,IBURA,AV DOIS RIOS,3,430,,EM FRENTE A IGREJA PRESBITERIANA,,,,IBURA,COLISÃO TRANSVERSAL,,0,1,0,0,0,0,0,1,0,1,0,443,,,,,,,,,,,,,,,1072,202310532
2023-05-13T00:00:00,02:31:00,VÍTIMA FATAL,FINALIZADA,SAN MARTIN,AV ENGENHEIRO ABDIAS DE CARVALHO,0,,,PROX. COMPAZ,,,,SAN MARTIN,COLISÃO TRANSVERSAL,,1,1,0,0,0,0,0,0,0,1,1,687,CIDADE,,,,,,,,,,,,,,1073,202310534
2023-05-13T00:00:00,08:45:00,COM VÍTIMA,FINALIZADA,IMBIRIBEIRA,AV MARECHAL MASCARENHAS DE MORAES,4,2028,,"SENT. AEROPORTO, PROX. A ITALIANA",,,,IMBIRIBEIRA,COLISÃO TRASEIRA,,1,1,0,0,0,0,0,0,0,1,0,,,,,,,,,,,,,,,,1074,202310557
2023-05-13T00:00:00,10:07:00,COM VÍTIMA,FINALIZADA,CASA FORTE,AV DEZESSETE DE AGOSTO,0,,,NA FRENTE CLUBE 17,,,,CASA FORTE,COLISÃO FRONTAL,,1,1,0,0,0,0,0,0,0,1,0,,,,,,,,,,,,,,,,1075,202310580
2023-05-13T00:00:00,12:44:00,COM VÍTIMA,FINALIZADA,ARRUDA,AV NORTE MIGUEL ARRAES DE ALENCAR,0,,,SOB O SEMAFORO,,,,ARRUDA,COLISÃO FRONTAL,,0,1,0,0,1,0,0,0,0,2,0,364,,,,,,,,,,,,,,,1076,202310594
2023-05-14T00:00:00,01:51:00,VÍTIMA FATAL,FINALIZADA,IBURA,RUA DO CAMPO,0,,,TERMINAL DE ONIBUS DO UR-02,,,,IBURA,ATROPELAMENTO DE PESSOA,,0,0,0,0,1,0,0,0,0,0,1,,,,,,,,,,,,,,,,1079,202310642
2023-05-14T00:00:00,04:12:00,COM VÍTIMA,FINALIZADA,SANTO AMARO,AV GOVERNADOR AGAMENON MAGALHAES,0,,,EM FRENTE AO MINISTÉRIO DO TRABALHA,,,,SANTO AMARO,CHOQUE,,1,1,0,0,0,0,0,0,0,1,0,,BOA VIAGEM,,,,,,,,,,,,,,1081,202310672