data,hora,natureza_acidente,situacao,bairro,endereco,,numero,detalhe_endereco_acidente,complemento,endereco_cruzamento,numero_cruzamento,referencia_cruzamento,bairro_cruzamento,tipo,descricao,auto,moto,ciclom,ciclista,pedestre,onibus,caminhao,viatura,outros,vitimas,vitimasfatais,num_semaforo,sentido_via,acidente_verificado,tempo_clima,situacao_semaforo,sinalizacao,condicao_via,conservacao_via,ponto_controle,situacao_placa,velocidade_max_via,mao_direcao,divisao_via1,divisao_via2,divisao_via3,_id,Protocolo
2023-06-10T00:00:00,08:07:00,COM VÍTIMA,FINALIZADA,AREIAS,AV DR JOSE RUFINO,4,1050,,EM FRENTE AO HOSPITAL MARIA VITORIA,,,,AREIAS,COLISÃO TRASEIRA,,2,1,0,0,0,0,0,0,0,2,0,,,,,,,,,,,,,,,,1346,202313161
2023-06-10T00:00:00,08:09:00,COM VÍTIMA,FINALIZADA,BEBERIBE,AV BEBERIBE,4,4217,,EM FRENTE A BORRACHARIA SÃO LUIZ,,,,BEBERIBE,COLISÃO LATERAL,,1,1,0,0,0,0,0,0,0,1,0,,,,,,,,,,,,,,,,1347,202313163
2023-06-10T00:00:00,09:21:00,COM VÍTIMA,FINALIZADA,IMBIRIBEIRA,AV MARECHAL MASCARENHAS DE MORAES,0,,,DE ESQUINA COM AFERREIRA COSTA,,,,IMBIRIBEIRA,COLISÃO TRASEIRA,,0,2,0,0,0,0,0,0,0,4,0,,,,,,,,,,,,,,,,1349,202313175
2023-06-10T00:00:00,09:51:00,COM VÍTIMA,FINALIZADA,MADALENA,RUA REAL DA TORRE,0,,TUNEL DA ABOLICAO,DENTRO DO TUNEL,,,,MADALENA,COLISÃO LATERAL,,0,2,0,0,0,0,0,0,0,1,0,,,,,,,,,,,,,,,,1351,202313181
2023-06-10T00:00:00,11:06:00,COM VÍTIMA,FINALIZADA,CASA AMARELA,RUA PAULA BATISTA,3,408,,EM FRENTE A ACADEMIA CONCEPT FIT,,,,CASA AMARELA,COLISÃO LATERAL,,2,1,0,0,0,0,0,0,0,1,0,,,,,,,,,,,,,,,,1352,202313190
2023-06-10T00:00:00,11:37:00,COM VÍTIMA,FINALIZADA,ESPINHEIRO,AV GOVERNADOR AGAMENON MAGALHAES,0,,,EM FRENTE AO CREA PE,,,,ESPINHEIRO,QUEDA,,0,1,0,0,0,0,0,0,0,1,0,,,,,,,,,,,,,,,,1353,202313194
2023-06-10T00:00:00,11:57:00,COM VÍTIMA,FINALIZADA,IMBIRIBEIRA,AV MARECHAL MASCARENHAS DE MORAES,4,2885,,EM FRENTE A MADECENTER,,,,IMBIRIBEIRA,COLISÃO FRONTAL,,1,1,0,0,0,0,0,0,0,2,0,,,,,,,,,,,,,,,,1355,202313197
2023-06-10T00:00:00,12:14:00,COM VÍTIMA,FINALIZADA,ENCRUZILHADA,AV BEBERIBE,0,,,"AO LADO DA PAGUE MENOS, PRAÇA LARGO DA ENCRUZILHADA",,,,ENCRUZILHADA,COLISÃO TRASEIRA,,1,1,0,0,0,0,0,0,0,1,0,,,,,,,,,,,,,,,,1356,202313199
2023-06-10T00:00:00,01:11:00,COM VÍTIMA,FINALIZADA,IMBIRIBEIRA,AV MARECHAL MASCARENHAS DE MORAES,2,26,,AO LADO DO AEROPORTO  EM BAIXO DO VIADUTO,,,,IMBIRIBEIRA,CHOQUE,,0,1,0,0,0,0,0,0,0,1,0,,,,,,,,,,,,,,,,1357,202313206
2023-06-10T00:00:00,01:17:00,COM VÍTIMA,FINALIZADA,CASA FORTE,RUA LEONARDO BEZERRA CAVALCANTE,2,40,,ANTIGO HIPER CASA FORTE,,,,CASA FORTE,COLISÃO LATERAL,,1,1,0,0,0,0,0,0,0,2,0,,,,,,,,,,,,,,,,1358,202313207
2023-06-10T00:00:00,01:48:00,COM VÍTIMA,FINALIZADA,AGUA FRIA,AV BEBERIBE,0,,,E/F AO MAGAZINE LUIZA  AO LADO DO MERCADO DE AGUA FRIA,,,,AGUA FRIA,COLISÃO LATERAL,,1,1,0,0,0,0,0,0,0,1,0,,,,,,,,,,,,,,,,1359,202313208
2023-06-10T00:00:00,01:53:00,COM VÍTIMA,FINALIZADA,IBURA,AV DOIS RIOS,4,1252,,FARMÁCIA PAGUE MENOS  NO SEMAFORO 323,,,,IBURA,COLISÃO LATERAL,,1,1,0,0,0,0,0,0,0,1,0,323,,,,,,,,,,,,,,,1360,202313211
2023-06-10T00:00:00,04:13:00,COM VÍTIMA,FINALIZADA,CAMPO GRANDE,EST DE BELEM,4,1177,,E/F A DROGASIL,,,,CAMPO GRANDE,COLISÃO LATERAL,,1,1,0,0,0,0,0,0,0,1,0,,,,,,,,,,,,,,,,1361,202313220
2023-06-11T00:00:00,12:32:00,COM VÍTIMA,FINALIZADA,BARRO,RUA PADRE DIOGO RODRIGUES,3,394,,ARMAZÉM ESQUINA DA CONSTRUÇÃO,,,,BARRO,COLISÃO TRANSVERSAL,,1,1,0,0,0,0,0,0,0,1,0,,,,,,,,,,,,,,,,1362,202313242
2023-06-11T00:00:00,08:08:00,COM VÍTIMA,FINALIZADA,TEJIPIO,AV PADRE IBIAPINA,3,420,,PROX A IAGREJA DO GALO,,,,TEJIPIO,COLISÃO LATERAL,,1,1,0,0,0,0,0,0,0,1,0,,,,,,,,,,,,,,,,1367,202313312
2023-06-12T00:00:00,09:23:00,COM VÍTIMA,FINALIZADA,SAO JOSE,AV SUL,5,1115B,,,,,,SAO JOSE,COLISÃO TRASEIRA,,0,0,0,0,0,0,0,0,0,1,0,,,,,,,,,,,,,,,,1371,202313349
2023-06-12T00:00:00,01:07:00,COM VÍTIMA,FINALIZADA,BOA VISTA,RUA JOAO FERNANDES VIEIRA,3,118,,,,,,BOA VISTA,COLISÃO FRONTAL,,0,1,0,0,0,0,0,0,0,1,0,,,,,,,,,,,,,,,,1373,202313370
2023-06-12T00:00:00,02:37:00,COM VÍTIMA,FINALIZADA,PINA,AV HERCULANO BANDEIRA,0,,,ATACADÃP DA CONSTRUÇÃO,,,,PINA,COLISÃO LATERAL,,1,1,0,0,0,0,0,0,0,1,0,,,,,,,,,,,,,,,,1374,202313385
2023-06-12T00:00:00,03:05:00,COM VÍTIMA,FINALIZADA,PINA,AV HERCULANO BANDEIRA,0,,,ATACADÃP DA CONSTRUÇÃO,,,,PINA,COLISÃO LATERAL,,1,1,0,0,0,0,0,0,0,1,0,,,,,,,,,,,,,,,,1375,202313386
2023-06-12T00:00:00,03:29:00,COM VÍTIMA,FINALIZADA,MADALENA,AV JOSE GONCALVES DE MEDEIROS,3,107,,EM FRENTE AO ESTACIONAMENTO DO ANTIGO EXTRA E A CARLITOS BURGUER,,,,MADALENA,COLISÃO FRONTAL,,1,1,0,0,0,0,0,0,0,1,0,,,,,,,,,,,,,,,,1376,202313387
2023-06-12T00:00:00,06:36:00,COM VÍTIMA,FINALIZADA,ILHA DO RETIRO,EST DOS REMEDIOS,4,1891,,CEMEVE - CENTRO ESPECIALIZADO EM MEDICINA VETERINARIA,,,,ILHA DO RETIRO,COLISÃO LATERAL,,1,1,0,0,0,0,0,0,0,1,0,,,,,,,,,,,,,,,,1377,202313397
2023-06-12T00:00:00,09:07:00,COM VÍTIMA,FINALIZADA,IPUTINGA,AV CAXANGA,0,,,EM FRENTE A ESCOLA TECNICA ESTADUAL ETE,,,,IPUTINGA,ATROPELAMENTO DE PESSOA,,1,0,0,0,1,0,0,0,0,1,0,,CIDADE,,,,,,,,,,,,,,1378,202313407
2023-06-13T00:00:00,07:22:00,COM VÍTIMA,FINALIZADA,IMBIRIBEIRA,AV MARECHAL MASCARENHAS DE MORAES,0,,,EM FRENTE AO AEROPORTO,,,,IMBIRIBEIRA,COLISÃO TRASEIRA,,0,1,0,0,0,1,0,0,0,1,0,,,,,,,,,,,,,,,,1379,202313425
2023-06-13T00:00:00,08:02:00,COM VÍTIMA,FINALIZADA,JORDAO,RUA NOVA CANAA,4,1818,,PROX AO TERMINAL DE ONIBUS DE JORDÃO BAIXO,,,,JORDAO,ATROPELAMENTO DE PESSOA,,0,1,0,0,2,0,0,0,0,3,0,,,,,,,,,,,,,,,,1380,202313431
2023-06-13T00:00:00,08:21:00,COM VÍTIMA,FINALIZADA,IMBIRIBEIRA,AV MARECHAL MASCARENHAS DE MORAES,0,,,EM FRENTE AO VENEZA CONSTRUÇÃO,,,,IMBIRIBEIRA,COLISÃO TRASEIRA,,1,1,0,0,0,0,0,0,0,1,0,,,,,,,,,,,,,,,,1381,202313433
2023-06-13T00:00:00,09:14:00,COM VÍTIMA,FINALIZADA,PRADO,RUA ALFREDO PEREIRA BORBA,2,28,,,,,,PRADO,COLISÃO FRONTAL,,0,1,0,0,0,0,0,0,0,1,0,,,,,,,,,,,,,,,,1382,202313440
2023-06-13T00:00:00,09:28:00,COM VÍTIMA,FINALIZADA,CASA AMARELA,AV NORTE MIGUEL ARRAES DE ALENCAR,0,,,PRÓXIMO AO SUPERMERCADO DESKONTÃO,,,,CASA AMARELA,ATROPELAMENTO DE PESSOA,,0,1,0,0,1,0,0,0,0,1,0,,,,,,,,,,,,,,,,1383,202313441
2023-06-13T00:00:00,02:01:00,COM VÍTIMA,FINALIZADA,SANTO AMARO,AV CRUZ CABUGA,0,,,EM FRENTE A SANTA CASA,,,,SANTO AMARO,COLISÃO TRASEIRA,,0,1,0,0,0,1,0,0,0,1,0,,RECIFE,,,,,,,,,,,,,,1385,202313457
2023-06-13T00:00:00,07:25:00,COM VÍTIMA,FINALIZADA,IPUTINGA,PRC BOM PASTOR,3,181,,AO LADO DO BOM PASTOR NO CRUZAMENTO,,,,IPUTINGA,COLISÃO COM CICLISTA,,1,0,0,1,0,0,0,0,0,1,0,,,,,,,,,,,,,,,,1387,202313485
2023-06-13T00:00:00,09:43:00,COM VÍTIMA,FINALIZADA,ESTANCIA,AV RECIFE,0,,,LADO OPOSTO AO HOTEL ESTORIL,,,,ESTANCIA,COLISÃO TRASEIRA,,0,2,0,0,0,0,0,0,0,3,0,,,,,,,,,,,,,,,,1388,202313490
2023-06-14T00:00:00,08:37:00,COM VÍTIMA,FINALIZADA,SANTO AMARO,RUA AURORA,0,,,PONTE DO LIMOEIRO,,,,SANTO AMARO,COLISÃO LATERAL,,1,1,0,0,0,0,0,0,0,1,0,243,CIDADE,,,,,,,,,,,,,,1389,202313507
2023-06-14T00:00:00,08:01:00,COM VÍTIMA,FINALIZADA,AFOGADOS,RUA VINTE E UM DE ABRIL,4,1717,,EM FRENTE A LA FAIETE MODAS,,,,AFOGADOS,COLISÃO TRASEIRA,,0,2,0,0,0,0,0,0,0,3,0,,,,,,,,,,,,,,,,1390,202313517
2023-06-14T00:00:00,08:43:00,COM VÍTIMA,FINALIZADA,PRADO,RUA CARLOS GOMES,3,105,,EM FRENTE A CLINICA AME SAUDE,,,,PRADO,COLISÃO TRASEIRA,,1,1,0,0,0,0,0,0,0,1,0,,,,,,,,,,,,,,,,1391,202313522
2023-06-14T00:00:00,09:15:00,COM VÍTIMA,FINALIZADA,MACAXEIRA,AV NORTE MIGUEL ARRAES DE ALENCAR,0,,AV JOSE AMERICO DE ALMEIDA,EM FRENTE AO PARUQE DA MACAXEIRA,,,,MACAXEIRA,COLISÃO LATERAL,,0,1,0,0,0,1,0,0,0,1,0,671,,,,,,,,,,,,,,,1392,202313524
2023-06-14T00:00:00,09:59:00,COM VÍTIMA,FINALIZADA,ESTANCIA,RUA MORAIS E SILVA,0,,,PROX A CRECHE NOSSO SENHOR JESUS DO BONFIM,,,,ESTANCIA,COLISÃO LATERAL,,1,1,0,0,0,0,0,0,0,1,0,,,,,,,,,,,,,,,,1393,202313531
2023-06-14T00:00:00,10:01:00,COM VÍTIMA,FINALIZADA,IPSEP,RUA MACHADO DE ASSIS,0,,,,,,,IPSEP,COLISÃO LATERAL,,0,1,0,0,0,0,0,0,0,5,0,,,,,,,,,,,,,,,,1394,202313532
2023-06-14T00:00:00,10:09:00,COM VÍTIMA,FINALIZADA,VARZEA,AV CAXANGA,0,,,EM FRENTE AO GOLF CLUBE,,,,VARZEA,QUEDA,,0,1,0,0,0,0,0,0,0,1,0,,,,,,,,,,,,,,,,1395,202313535
2023-06-14T00:00:00,10:17:00,COM VÍTIMA,FINALIZADA,CASA AMARELA,AV NORTE MIGUEL ARRAES DE ALENCAR,0,,,,,,,CASA AMARELA,COLISÃO FRONTAL,,0,1,0,0,0,0,0,0,0,1,0,,,,,,,,,,,,,,,,1396,202313536
2023-06-14T00:00:00,11:32:00,COM VÍTIMA,FINALIZADA,BOA VISTA,AV JOAO DE BARROS,0,,RUA MONTE CASTELO,NO SEMAFORO 356,,,,BOA VISTA,COLISÃO LATERAL,,0,2,0,0,0,0,0,0,0,1,0,,,,,,,,,,,,,,,,1399,202313545
2023-06-14T00:00:00,01:22:00,COM VÍTIMA,FINALIZADA,PRADO,AV ENGENHEIRO ABDIAS DE CARVALHO,0,,,EM FRENTE A ENGEFRIO/ SENTIDO BR,,,,PRADO,ATROPELAMENTO DE PESSOA,,1,1,0,0,1,0,0,0,0,1,0,,,,,,,,,,,,,,,,1400,202313560
2023-06-14T00:00:00,02:29:00,COM VÍTIMA,FINALIZADA,CORDEIRO,AV CAXANGA,0,,,PROX AO HOSPITAL DO GETULIO  VARGAS E/F A DROGASIL  S/T SUB,,,,CORDEIRO,COLISÃO COM CICLISTA,,0,0,0,1,0,0,0,0,0,1,0,,,,,,,,,,,,,,,,1401,202313565
2023-06-15T00:00:00,07:24:00,COM VÍTIMA,FINALIZADA,CAMPO GRANDE,RUA MARQUES DE ABRANTES,0,,RUA JERONIMO VILELA,EM FRENTE A CONFEITARIA SABOR DOCE,,,,CAMPO GRANDE,COLISÃO LATERAL,,1,1,0,0,0,0,0,0,0,1,0,,,,,,,,,,,,,,,,1405,202313607
2023-06-15T00:00:00,02:28:00,COM VÍTIMA,FINALIZADA,SANCHO,RUA APRIGIO GUIMARAES,3,291,,PROTOCOLO DO SAMU S1389570,,,,SANCHO,COLISÃO LATERAL,,0,0,0,0,0,0,0,0,0,1,0,,,,,,,,,,,,,,,,1408,202313643
2023-06-15T00:00:00,02:33:00,COM VÍTIMA,FINALIZADA,IPSEP,AV RECIFE,4,1290,,E/F A CARLOS FILMES  E GILVAN DOS PARABRISAS,,,,IPSEP,COLISÃO TRASEIRA,,1,1,0,0,0,0,0,0,0,1,0,,,,,,,,,,,,,,,,1409,202313645
2023-06-15T00:00:00,04:13:00,COM VÍTIMA,FINALIZADA,CAXANGA,AV CAXANGA,0,,,PRÓXIMO AO PARQUE DE EXPOSIÇÕES DE ANIMAIS,,,,CAXANGA,QUEDA,,0,1,0,0,0,0,0,0,0,1,0,,,,,,,,,,,,,,,,1410,202313655
2023-06-15T00:00:00,06:05:00,COM VÍTIMA,FINALIZADA,SAO JOSE,RUA FLORIANO PEIXOTO,4,2429,,ESTAÇÃO DO RECIFE,,,,SAO JOSE,QUEDA,,1,0,0,0,0,1,0,0,0,1,0,,,,,,,,,,,,,,,,1411,202313663
2023-06-15T00:00:00,07:41:00,COM VÍTIMA,FINALIZADA,DERBY,AV GOVERNADOR AGAMENON MAGALHAES,0,,,DE FRENTE AO HOSPITAL MEMORIAL SÃO JOSÉ,,,,DERBY,COLISÃO TRASEIRA,,1,1,0,0,0,0,0,0,0,1,0,,,,,,,,,,,,,,,,1413,202313675
2023-06-16T00:00:00,06:12:00,COM VÍTIMA,FINALIZADA,CASA AMARELA,AV NORTE MIGUEL ARRAES DE ALENCAR,4,4953,,PROXIMO AO POSTO BR - SENTIDO SUB/CID,,,,CASA AMARELA,QUEDA,,0,1,0,0,0,0,0,0,0,1,0,,CIDADE,,,,,,,,,,,,,,1415,202313686
2023-06-16T00:00:00,06:59:00,COM VÍTIMA,FINALIZADA,SAO JOSE,C SANTA RITA,0,,,TERMINAL CAIS SANTA RITA,,,,SAO JOSE,ATROPELAMENTO DE PESSOA,,0,0,0,0,1,1,0,0,0,1,0,,,,,,,,,,,,,,,,1416,202313688
2023-06-16T00:00:00,07:46:00,COM VÍTIMA,FINALIZADA,JARDIM SAO PAULO,RUA LORENA,2,93,,DEPOIS DO VIADUTO DE JARDIM SÃO PAULO,,,,JARDIM SAO PAULO,COLISÃO LATERAL,,1,1,0,0,0,0,0,0,0,1,0,,,,,,,,,,,,,,,,1418,202313701
2023-06-16T00:00:00,09:44:00,COM VÍTIMA,FINALIZADA,TORROES,AV ENGENHEIRO ABDIAS DE CARVALHO,0,,,PRÓXIMO A CHESF,,,,TORROES,COLISÃO COM CICLISTA,,0,1,0,1,0,0,0,0,0,3,0,,CIDADE,,,,,,,,,,,,,,1419,202313713
2023-06-16T00:00:00,11:28:00,COM VÍTIMA,FINALIZADA,SAO JOSE,AV CENTRAL,0,,,INTEGRAÇÃO JOANA BEZERRA,,,,SAO JOSE,COLISÃO COM CICLISTA,,0,0,0,1,0,1,0,0,0,1,0,,,,,,,,,,,,,,,,1420,202313725
2023-06-16T00:00:00,12:07:00,COM VÍTIMA,FINALIZADA,SANTO AMARO,RUA FREI CASSIMIRO,0,,RUA TREZE DE MAIO,PROX A BORRACHARIA MODESTO,,,,SANTO AMARO,COLISÃO FRONTAL,,1,1,0,0,0,0,0,0,0,1,0,,,,,,,,,,,,,,,,1421,202313731
2023-06-16T00:00:00,01:25:00,COM VÍTIMA,FINALIZADA,AFOGADOS,RUA VINTE E UM DE ABRIL,4,3717,,,,,,AFOGADOS,COLISÃO LATERAL,,0,0,0,0,0,0,0,0,0,1,0,,,,,,,,,,,,,,,,1423,202313743
2023-06-16T00:00:00,03:13:00,COM VÍTIMA,FINALIZADA,BOA VISTA,RUA DOS COELHOS,3,361,,EM FRENTE AO IMIP,,,,BOA VISTA,COLISÃO LATERAL,,1,1,0,0,0,0,0,0,0,1,0,,,,,,,,,,,,,,,,1426,202313756
2023-06-16T00:00:00,03:51:00,COM VÍTIMA,FINALIZADA,BOA VIAGEM,RUA FAUSTINO PORTO,3,324,,LADO OPOSTO AO BOMPREÇO BEIRA CANAL,,,,BOA VIAGEM,COLISÃO TRASEIRA,,2,0,0,0,0,0,0,0,0,1,0,,,,,,,,,,,,,,,,1427,202313764
2023-06-16T00:00:00,04:15:00,COM VÍTIMA,FINALIZADA,SANTO AMARO,RUA DO POMBAL,3,296,,E/F AO PORTAO DO CEMITERIO DE SANTO AMARO,,,,SANTO AMARO,COLISÃO LATERAL,,1,1,0,0,0,0,0,0,0,1,0,,,,,,,,,,,,,,,,1429,202313767
2023-06-16T00:00:00,04:24:00,COM VÍTIMA,FINALIZADA,SANTO AMARO,AV CRUZ CABUGA,0,,,E/F AO HOSPITAL GERAL DO RECIFE,,,,SANTO AMARO,COLISÃO TRASEIRA,,1,1,0,0,0,0,0,0,0,1,0,,,,,,,,,,,,,,,,1430,202313769
2023-06-16T00:00:00,04:38:00,COM VÍTIMA,FINALIZADA,FUNDAO,AV BEBERIBE,0,,,,,,,FUNDAO,ATROPELAMENTO DE PESSOA,,1,0,0,0,1,0,0,0,0,1,0,,,,,,,,,,,,,,,,1431,202313771
2023-06-16T00:00:00,05:02:00,COM VÍTIMA,FINALIZADA,VARZEA,AV PROFESSOR LUIZ FREIRE,3,700,,EM FRENTE AO PORTÃO DO ITEP,,,,VARZEA,ATROPELAMENTO DE PESSOA,,1,0,0,0,1,0,0,0,0,1,0,,,,,,,,,,,,,,,,1433,202313775
2023-06-16T00:00:00,05:26:00,COM VÍTIMA,FINALIZADA,TORRE,RUA DOM MANOEL DA COSTA,3,336,,APOS COLEGIO CRISTO REINO,,,,TORRE,CHOQUE,,0,1,0,0,0,0,0,0,0,1,0,,,,,,,,,,,,,,,,1435,202313781
2023-06-16T00:00:00,05:45:00,COM VÍTIMA,FINALIZADA,IMBIRIBEIRA,AV MARECHAL MASCARENHAS DE MORAES,4,7545,,E/F AO GERALDAO S/T AEROPORTO,,,,IMBIRIBEIRA,COLISÃO LATERAL,,1,1,0,0,0,0,0,0,0,1,0,,,,,,,,,,,,,,,,1436,202313783
2023-06-16T00:00:00,07:16:00,COM VÍTIMA,FINALIZADA,AFLITOS,AV CONS ROSA E SILVA,0,,,PROX AO SUPER BOM PREÇO,,,,AFLITOS,COLISÃO LATERAL,,1,1,0,0,0,0,0,0,0,1,0,,,,,,,,,,,,,,,,1437,202313793
2023-06-16T00:00:00,10:17:00,VÍTIMA FATAL,FINALIZADA,GUABIRABA,EST DOS MACACOS,0,,,CRECHE CELESTE VIDAL,,,,GUABIRABA,CHOQUE,,0,1,0,0,0,0,0,0,0,0,1,,,,,,,,,,,,,,,,1438,202313807
2023-06-17T00:00:00,08:18:00,COM VÍTIMA,FINALIZADA,VARZEA,AV CAXANGA,0,,,EM FRENTE A LOHA DE CARRO ITALIANA / PROX A ESTACÃO BRT,,,,VARZEA,COLISÃO LATERAL,,1,1,0,0,0,0,0,0,0,1,0,,CIDADE,,,,,,,,,,,,,,1439,202313832
2023-06-17T00:00:00,03:13:00,COM VÍTIMA,FINALIZADA,ENCRUZILHADA,AV BEBERIBE,0,,,EM FRENTE AO POSTO SHELL,,,,ENCRUZILHADA,COLISÃO TRASEIRA,,1,1,0,0,0,1,0,0,0,1,0,,,,,,,,,,,,,,,,1442,202313873
2023-06-17T00:00:00,03:36:00,COM VÍTIMA,FINALIZADA,BOA VIAGEM,RUA AMARO ALBINO PIMENTEL,0,,,VIA MANGUE PROXIMO AO CAMPO DE FUTEBOL,,,,BOA VIAGEM,COLISÃO LATERAL,,1,1,0,0,0,0,0,0,0,1,0,,,,,,,,,,,,,,,,1443,202313874
2023-06-17T00:00:00,04:35:00,COM VÍTIMA,FINALIZADA,PINA,RUA ABREU ALBANO,2,18,,EM FRENTE A LANCHONETE DONA COXA,,,,PINA,COLISÃO LATERAL,,1,1,0,0,0,0,0,0,0,1,0,,,,,,,,,,,,,,,,1444,202313881
2023-06-17T00:00:00,10:23:00,COM VÍTIMA,FINALIZADA,IPUTINGA,AV MAURICIO DE NASSAU,0,,,EM FRENTE AO PARQUE DO CAIRA,,,,IPUTINGA,COLISÃO FRONTAL,,1,1,0,0,0,0,0,0,0,2,0,,,,,,,,,,,,,,,,1446,202313910
2023-06-18T00:00:00,12:52:00,COM VÍTIMA,FINALIZADA,BOA VISTA,RUA GENERAL JOAQUIM INACIO,0,,,EM FRENTE AO EMPRESARIAL DE PLAZA,,,,BOA VISTA,COLISÃO TRASEIRA,,1,0,0,0,0,0,0,1,0,1,0,,,,,,,,,,,,,,,,1449,202313962
2023-06-18T00:00:00,03:41:00,COM VÍTIMA,FINALIZADA,CORDEIRO,RUA TAMBORIL,3,200,,CENTRO DISTRIBUIÇÃO KIYOI GALETOS,,,,CORDEIRO,COLISÃO TRASEIRA,,1,1,0,0,0,0,0,0,0,1,0,,,,,,,,,,,,,,,,1450,202313971
2023-06-18T00:00:00,03:56:00,COM VÍTIMA,FINALIZADA,BOA VIAGEM,AV BOA VIAGEM,4,2434,,EM FRENTE AO EDF ANDA LUCIA,,,,BOA VIAGEM,COLISÃO TRASEIRA,,1,2,0,0,0,0,0,0,0,1,0,,,,,,,,,,,,,,,,1451,202313975
2023-06-18T00:00:00,07:04:00,COM VÍTIMA,FINALIZADA,DOIS UNIDOS,AV HILDEBRANDO DE VASCONCELOS,0,,,EM FRENTE AO DEPOSITO DA ÁGUA ALDEIA,,,,DOIS UNIDOS,COLISÃO FRONTAL,,1,1,0,0,0,0,0,0,0,1,0,,,,,,,,,,,,,,,,1452,202313991
2023-06-18T00:00:00,08:51:00,COM VÍTIMA,FINALIZADA,DOIS UNIDOS,AV HILDEBRANDO DE VASCONCELOS,0,,RUA COMPOSITOR VINICIUS DE MORAIS,EM FRENTE AO DEPOSITO DA ÁGUA ALDEIA,,,,DOIS UNIDOS,COLISÃO LATERAL,,1,1,0,0,0,0,0,0,0,1,0,,,,,,,,,,,,,,,,1453,202313996
2023-06-18T00:00:00,09:19:00,COM VÍTIMA,FINALIZADA,SANTO AMARO,AV NORTE MIGUEL ARRAES DE ALENCAR,0,,,PARÓQUIA SÃO SEBASTIÃO,,,,SANTO AMARO,COLISÃO LATERAL,,0,1,0,1,0,0,0,0,0,1,0,97,,,,,,,,,,,,,,,1454,202313997
2023-06-18T00:00:00,11:47:00,COM VÍTIMA,FINALIZADA,CORDEIRO,RUA GOMES TABORDA,0,,AV GENERAL SAN MARTIN,PRÓX. A FARMÁCIA DROGASIL,,,,CORDEIRO,COLISÃO TRANSVERSAL,,1,1,0,0,0,0,0,0,0,1,0,,,,,,,,,,,,,,,,1455,202314002
2023-06-19T00:00:00,07:24:00,COM VÍTIMA,FINALIZADA,DOIS IRMAOS,PRQ DE DOIS IRMAOS,0,,,SINAL DA LAFEPE,,,,DOIS IRMAOS,COLISÃO TRASEIRA,,0,1,0,0,0,1,0,0,0,1,0,,,,,,,,,,,,,,,,1457,202314015
2023-06-19T00:00:00,10:44:00,COM VÍTIMA,FINALIZADA,BOA VIAGEM,AV DOM JOAO VI,0,,,SAÍDA DO TUNEL,,,,BOA VIAGEM,COLISÃO LATERAL,,0,2,0,0,0,0,0,0,0,1,0,,,,,,,,,,,,,,,,1458,202314025
2023-06-19T00:00:00,11:38:00,COM VÍTIMA,FINALIZADA,IMBIRIBEIRA,AV MARECHAL MASCARENHAS DE MORAES,4,2314,,EM FRENTE AO CORREIOS,,,,IMBIRIBEIRA,COLISÃO TRASEIRA,,1,1,0,0,0,0,0,0,0,1,0,,,,,,,,,,,,,,,,1459,202314033
2023-06-19T00:00:00,12:25:00,COM VÍTIMA,FINALIZADA,ENCRUZILHADA,AV BEBERIBE,0,,,XX,,,,ENCRUZILHADA,COLISÃO LATERAL,,0,0,0,0,0,0,0,0,0,1,0,,,,,,,,,,,,,,,,1460,202314036
2023-06-19T00:00:00,01:36:00,COM VÍTIMA,FINALIZADA,BOA VIAGEM,RUA BRUNO VELOSO,3,393,,SELFIT ACADEMIAS,,,,BOA VIAGEM,COLISÃO LATERAL,,1,1,0,0,0,0,0,0,0,1,0,,,,,,,,,,,,,,,,1461,202314043
2023-06-19T00:00:00,03:27:00,COM VÍTIMA,FINALIZADA,PINA,AV CELSO FURTADO,0,,,PRÓXIMO AO 19º BATALHÃO DE POLÍCIA,,,,PINA,QUEDA,,0,1,0,0,0,0,0,0,0,1,0,,,,,,,,,,,,,,,,1462,202314052
2023-06-19T00:00:00,05:06:00,COM VÍTIMA,FINALIZADA,COHAB,RUA CAPITAO VICENTE CURADO,3,110,,EM FRENTE ACADEMIA DA CIDADE DA UR-05,,,,COHAB,ATROPELAMENTO DE PESSOA,,2,0,0,0,1,0,0,0,0,1,0,,,,,,,,,,,,,,,,1463,202314060
2023-06-19T00:00:00,05:07:00,COM VÍTIMA,FINALIZADA,PINA,AV ANTONIO DE GOES,3,306,,PROX BOM JESUS BLINDAGEM,,,,PINA,COLISÃO TRASEIRA,,1,1,0,0,0,0,0,0,0,1,0,,,,,,,,,,,,,,,,1464,202314061
2023-06-19T00:00:00,07:05:00,COM VÍTIMA,FINALIZADA,BOA VIAGEM,AV CELSO FURTADO,0,,,DEPOIS DA ULTIMA LOMBADA DA VIA MANGUE SENTIDO  SHOPPING RIOMAR,,,,BOA VIAGEM,COLISÃO TRASEIRA,,1,1,0,0,0,0,0,0,0,1,0,,,,,,,,,,,,,,,,1467,202314073
2023-06-19T00:00:00,08:27:00,COM VÍTIMA,FINALIZADA,BOA VISTA,RUA DA AURORA,0,,,NA PONTE PRINCESA ISABEL,,,,BOA VISTA,COLISÃO COM CICLISTA,,1,0,0,1,0,0,0,0,0,1,0,,,,,,,,,,,,,,,,1469,202314077
2023-06-19T00:00:00,09:25:00,COM VÍTIMA,FINALIZADA,ARRUDA,RUA DESENHISTA EULINO SANTOS,0,,,COM A RUA PROFESSOO JOSÉ DOS ANJOS,,,,ARRUDA,CAPOTAMENTO,,1,1,0,0,0,0,0,0,0,3,0,,,,,,,,,,,,,,,,1471,202314080
2023-06-20T00:00:00,06:28:00,COM VÍTIMA,FINALIZADA,PORTO DA MADEIRA,RUA DALVA DE OLIVEIRA,3,151,,PROX. A M.A CLIMATIZAÇÃO,,,,PORTO DA MADEIRA,COLISÃO LATERAL,,1,1,0,0,0,0,0,0,0,2,0,,,,,,,,,,,,,,,,1473,202314096
2023-06-20T00:00:00,07:26:00,COM VÍTIMA,FINALIZADA,IBURA,RUA RIO XINGU,3,400,,,,,,IBURA,CHOQUE,,0,1,0,0,0,0,0,0,0,1,0,,,,,,,,,,,,,,,,1474,202314107
2023-06-20T00:00:00,08:11:00,COM VÍTIMA,FINALIZADA,PINA,AV CELSO FURTADO,0,,,"SENT. BOA VIAGEM, NA ENTRADA DO COLEGIO CBV",,,,PINA,COLISÃO LATERAL,,1,1,0,0,0,0,0,0,0,1,0,,,,,,,,,,,,,,,,1475,202314115
2023-06-20T00:00:00,09:08:00,COM VÍTIMA,FINALIZADA,APIPUCOS,RUA DE APIPUCOS,3,235,,AO LADO DA RESIDENCIA 235,,,,APIPUCOS,COLISÃO TRASEIRA,,1,1,0,0,0,0,0,0,0,1,0,,CIDADE,,,,,,,,,,,,,,1477,202314124