data,hora,natureza_acidente,situacao,bairro,endereco,,numero,detalhe_endereco_acidente,complemento,endereco_cruzamento,numero_cruzamento,referencia_cruzamento,bairro_cruzamento,tipo,descricao,auto,moto,ciclom,ciclista,pedestre,onibus,caminhao,viatura,outros,vitimas,vitimasfatais,num_semaforo,sentido_via,acidente_verificado,tempo_clima,situacao_semaforo,sinalizacao,condicao_via,conservacao_via,ponto_controle,situacao_placa,velocidade_max_via,mao_direcao,divisao_via1,divisao_via2,divisao_via3,_id,Protocolo
2023-06-20T00:00:00,09:29:00,COM VÍTIMA,FINALIZADA,AREIAS,AV DR JOSE RUFINO,0,,,EM FRENTE AO CONVENTO DO BARRO,,,,AREIAS,COLISÃO LATERAL,,0,1,0,0,0,0,1,0,0,2,0,,,,,,,,,,,,,,,,1478,202314126
2023-06-20T00:00:00,09:41:00,COM VÍTIMA,FINALIZADA,DERBY,PRC DO DERBY,0,,,EM FRENTE AO QUARTEL DO DERBY,,,,DERBY,COLISÃO TRASEIRA,,1,1,0,0,0,0,0,0,0,1,0,,,,,,,,,,,,,,,,1479,202314128
2023-06-20T00:00:00,10:05:00,COM VÍTIMA,FINALIZADA,PRADO,RUA PADRE TEOFILO TWORZ,0,,,PROX A IGREJA PRESBITERIANA DO PRADO,,,,PRADO,COLISÃO LATERAL,,1,1,0,0,0,0,0,0,0,1,0,,,,,,,,,,,,,,,,1481,202314131
2023-06-20T00:00:00,02:06:00,COM VÍTIMA,FINALIZADA,PINA,AV HERCULANO BANDEIRA,3,491,,IGREJA DO PINA,,,,PINA,COLISÃO TRASEIRA,,2,0,0,0,0,0,0,0,0,1,0,,,,,,,,,,,,,,,,1483,202314150
2023-06-20T00:00:00,02:51:00,COM VÍTIMA,FINALIZADA,IMBIRIBEIRA,AV MARECHAL MASCARENHAS DE MORAES,0,,,EM FRENTE A FLOR E ART,,,,IMBIRIBEIRA,ATROPELAMENTO DE PESSOA,,0,0,0,0,1,1,0,0,0,1,0,,CIDADE,,,,,,,,,,,,,,1484,202314156
2023-06-20T00:00:00,03:01:00,COM VÍTIMA,FINALIZADA,IPSEP,RUA BLUMENAU,3,386,,PROX A GUILHERME BIKE,,,,IPSEP,COLISÃO LATERAL,,1,1,0,0,0,0,0,0,0,1,0,,,,,,,,,,,,,,,,1485,202314159
2023-06-20T00:00:00,03:20:00,COM VÍTIMA,FINALIZADA,BOA VISTA,RUA DA AURORA,0,,,PROX AO SEMAFORO,,,,BOA VISTA,COLISÃO COM CICLISTA,,0,1,0,1,0,0,0,0,0,2,0,90,,,,,,,,,,,,,,,1486,202314160
2023-06-20T00:00:00,05:24:00,COM VÍTIMA,FINALIZADA,SANTO ANTONIO,RUA PADRE MUNIZ,0,,,EM FRENTE A IGREJA MATRIZ DE SÃO JOSÉ DO RIBAMAR,,,,SANTO ANTONIO,QUEDA,,0,1,0,0,0,0,0,0,0,1,0,,,,,,,,,,,,,,,,1488,202314179
2023-06-21T00:00:00,06:25:00,COM VÍTIMA,FINALIZADA,IPUTINGA,AV CAXANGA,0,,,"PROX AO ANTIGO HIPER BOM PREÇO, PROX AO SEMAFORO 533",,,,IPUTINGA,COLISÃO LATERAL,,1,0,0,1,0,0,0,0,0,1,0,,,,,,,,,,,,,,,,1491,202314204
2023-06-21T00:00:00,07:37:00,COM VÍTIMA,FINALIZADA,PINA,AV CELSO FURTADO,0,,,UM POUCO ANTES DO PRIMEIRO RETORNO,,,,PINA,COLISÃO TRASEIRA,,1,1,0,0,0,0,0,0,0,1,0,,,,,,,,,,,,,,,,1493,202314216
2023-06-21T00:00:00,07:45:00,COM VÍTIMA,FINALIZADA,CASA FORTE,RUA JORGE GOMES DE SA,3,354,,EM FRENTE AO PARQUE SANTANA,,,,CASA FORTE,QUEDA,,0,0,0,0,0,0,0,0,0,1,0,,,,,,,,,,,,,,,,1495,202314221
2023-06-21T00:00:00,07:59:00,COM VÍTIMA,FINALIZADA,SANTO AMARO,RUA TREZE DE MAIO,3,207,,EM FRENTE A O PREDIO EM CONSTRUÇÃO DO MINISTERIO PUBLICO,,,,SANTO AMARO,COLISÃO FRONTAL,,0,1,0,0,0,0,1,0,0,1,0,,,,,,,,,,,,,,,,1496,202314223
2023-06-21T00:00:00,08:00:00,COM VÍTIMA,FINALIZADA,PINA,AV CELSO FURTADO,0,,,NO INICIO DA VIA MANGUE SENT. RIO MAR,,,,PINA,COLISÃO LATERAL,,1,1,0,0,0,0,0,0,0,1,0,,,,,,,,,,,,,,,,1497,202314224
2023-06-21T00:00:00,08:09:00,COM VÍTIMA,FINALIZADA,DERBY,AV GOVERNADOR AGAMENON MAGALHAES,4,5621,,EM FRENTE AO HR,,,,DERBY,COLISÃO TRASEIRA,,0,2,0,0,0,0,0,0,0,1,0,,BOA VIAGEM,,,,,,,,,,,,,,1498,202314225
2023-06-21T00:00:00,08:47:00,COM VÍTIMA,FINALIZADA,CORDEIRO,RUA MANOEL ESTEVAO DA COSTA,0,,RUA DIANOPOLIS,EM FRENTE AO POSTO DE GASOLINA PETROCAL,,,,CORDEIRO,COLISÃO LATERAL,,1,1,0,0,0,0,0,0,0,1,0,,,,,,,,,,,,,,,,1500,202314230
2023-06-21T00:00:00,02:18:00,COM VÍTIMA,FINALIZADA,BARRO,AV CENTRAL,2,81,,SAIDA DA ESTAÇÃO DO BARRO SENTIDO PRAZERES,,,,BARRO,COLISÃO FRONTAL,,1,1,0,0,0,0,0,0,0,1,0,,,,,,,,,,,,,,,,1501,202314268
2023-06-21T00:00:00,02:44:00,COM VÍTIMA,FINALIZADA,ROSARINHO,AV NORTE MIGUEL ARRAES DE ALENCAR,4,3301,,LOJA DO PADEIRÃO / LIVRARIA MAC,,,,ROSARINHO,COLISÃO LATERAL,,1,1,0,0,0,0,0,0,0,1,0,,,,,,,,,,,,,,,,1502,202314274
2023-06-21T00:00:00,05:02:00,COM VÍTIMA,FINALIZADA,CASA AMARELA,EST DO ARRAIAL,4,3380,,AO LADO DA PAGUE MENOS,,,,CASA AMARELA,ATROPELAMENTO DE PESSOA,,0,1,0,0,1,0,0,0,0,1,0,,,,,,,,,,,,,,,,1504,202314283
2023-06-21T00:00:00,07:43:00,COM VÍTIMA,FINALIZADA,PARNAMIRIM,AV RUI BARBOSA,0,,RUA MUNIZ TAVARES,EM FRENTE AO HOSPITAL MARIA LUCIDA,,,,PARNAMIRIM,COLISÃO FRONTAL,,1,1,0,0,0,0,0,0,0,1,0,,,,,,,,,,,,,,,,1510,202314310
2023-06-22T00:00:00,08:18:00,COM VÍTIMA,FINALIZADA,CORDEIRO,EST DO FORTE DO ARRAIAL N. DO B. JESUS,3,122,,PROXIMO CHARQUR GOUMERT,,,,CORDEIRO,COLISÃO LATERAL,,1,1,0,0,0,0,0,0,0,1,0,,,,,,,,,,,,,,,,1512,202314336
2023-06-22T00:00:00,10:52:00,COM VÍTIMA,FINALIZADA,SAO JOSE,AV SUL,0,,,POR TRAS DO SEFAZ,,,,SAO JOSE,ATROPELAMENTO DE PESSOA,,1,0,0,0,1,0,0,0,0,1,0,,,,,,,,,,,,,,,,1513,202314360
2023-06-22T00:00:00,11:16:00,COM VÍTIMA,FINALIZADA,AREIAS,AV RECIFE,0,,,EM FRENTE SEGURADORA BRINKS,,,,AREIAS,COLISÃO LATERAL,,1,1,0,0,0,0,0,0,0,1,0,,,,,,,,,,,,,,,,1514,202314369
2023-06-22T00:00:00,01:06:00,COM VÍTIMA,FINALIZADA,PARNAMIRIM,RUA FERREIRA LOPES,3,368,,RUA DO CONSOLADO CHINES,,,,PARNAMIRIM,COLISÃO TRASEIRA,,1,1,0,0,0,0,0,0,0,1,0,,,,,,,,,,,,,,,,1517,202314379
2023-06-22T00:00:00,01:21:00,COM VÍTIMA,FINALIZADA,MADALENA,RUA JOSE OSORIO,3,300,,RM SUPERMERCADO,,,,MADALENA,QUEDA,,0,1,0,0,0,0,0,0,0,1,0,,,,,,,,,,,,,,,,1518,202314381
2023-06-22T00:00:00,01:27:00,COM VÍTIMA,FINALIZADA,ILHA JOANA BEZERRA,PTE JOSE DE BARROS LIMA,0,,,SOBRE O VIADUTO SENTIDO CENTRO,,,,JOANA BEZERRA,COLISÃO LATERAL,,1,1,0,0,0,0,0,0,0,1,0,,,,,,,,,,,,,,,,1519,202314382
2023-06-22T00:00:00,04:32:00,COM VÍTIMA,FINALIZADA,AGUA FRIA,RUA CORREGO DO DEODATO,3,154,,APOS O POSTO  TIA REGINA  PROX ASSEMBLEIA DE DEUS,,,,AGUA FRIA,ATROPELAMENTO DE PESSOA,,0,1,0,0,1,0,0,0,0,1,0,,,,,,,,,,,,,,,,1520,202314394
2023-06-22T00:00:00,04:49:00,COM VÍTIMA,FINALIZADA,CASA AMARELA,EST DO ARRAIAL,4,4165,,E/F A FABRICA RECI  POLPA,,,,CASA AMARELA,ATROPELAMENTO DE PESSOA,,0,1,0,0,1,0,0,0,0,1,0,,,,,,,,,,,,,,,,1521,202314396
2023-06-22T00:00:00,04:55:00,COM VÍTIMA,FINALIZADA,PAISSANDU,AV GOVERNADOR AGAMENON MAGALHAES,0,,,EM FRENTE AO HOSPITAL PORTUGUES,,,,PAISSANDU,COLISÃO LATERAL,,1,1,0,0,0,0,0,0,0,2,0,,SUBURBIO,,,,,,,,,,,,,,1522,202314397
2023-06-22T00:00:00,06:16:00,COM VÍTIMA,FINALIZADA,MADALENA,RUA BENFICA,3,780,,PROX A LOJA MICRO OFIQUE / PROX AO ANTIGO EXTRA,,,,MADALENA,COLISÃO LATERAL,,2,1,0,0,0,0,0,0,0,1,0,,CIDADE,,,,,,,,,,,,,,1524,202314410
2023-06-22T00:00:00,07:52:00,COM VÍTIMA,FINALIZADA,CORDEIRO,AV GENERAL SAN MARTIN,4,1208,,"""EM FRENTE AO CORREIOS AO LADO DO COMPAZ""",,,,CORDEIRO,COLISÃO LATERAL,,1,1,0,0,0,0,0,0,0,1,0,,,,,,,,,,,,,,,,1525,202314414
2023-06-22T00:00:00,08:17:00,COM VÍTIMA,FINALIZADA,SANTO AMARO,AV PREFEITO ARTUR LIMA CAVALCANTI,0,,,PROX A PONTE DO LIMOEIRO,,,,SANTO AMARO,COLISÃO TRASEIRA,,1,1,0,0,0,0,0,0,0,2,0,,,,,,,,,,,,,,,,1526,202314416
2023-06-23T00:00:00,11:01:00,COM VÍTIMA,FINALIZADA,CASA AMARELA,AV NORTE MIGUEL ARRAES DE ALENCAR,0,,,EM FRENTE A BARRO LIMA E PROXIMO A GARAGEM DA GLOBO,,,,CASA AMARELA,COLISÃO TRASEIRA,,2,0,0,0,0,0,0,0,0,1,0,,,,,,,,,,,,,,,,1529,202314439
2023-06-23T00:00:00,06:58:00,COM VÍTIMA,FINALIZADA,CASA AMARELA,RUA FERREIRA LOPES,3,419,,PROX AO SITIO DA TRINDADE,,,,CASA AMARELA,ATROPELAMENTO DE PESSOA,,0,1,0,0,1,0,0,0,0,2,0,,,,,,,,,,,,,,,,1530,202314460
2023-06-23T00:00:00,07:29:00,COM VÍTIMA,FINALIZADA,BOA VIAGEM,RUA CAMBOIM,3,488,RUA DEZ DE JULHO,"PROX AO OJA ALUGUE BRASIL, ALUGUE DE CARROS",,,,BOA VIAGEM,COLISÃO LATERAL,,1,1,0,0,0,0,0,0,0,2,0,,,,,,,,,,,,,,,,1531,202314462
2023-06-23T00:00:00,08:39:00,COM VÍTIMA,FINALIZADA,BOA VIAGEM,AV BOA VIAGEM,3,372,,ED. PENISULA IBERICA E QUIOSQUE 26,,,,BOA VIAGEM,COLISÃO LATERAL,,0,2,0,0,0,0,0,0,0,1,0,,,,,,,,,,,,,,,,1532,202314464
2023-06-23T00:00:00,09:22:00,COM VÍTIMA,FINALIZADA,IBURA,AV DOIS RIOS,0,,RUA RIO XINGU,,,,,IBURA,COLISÃO LATERAL,,1,1,0,0,0,0,0,0,0,1,0,351,,,,,,,,,,,,,,,1533,202314465
2023-06-24T00:00:00,01:03:00,COM VÍTIMA,FINALIZADA,TEJIPIO,AV DR JOSE RUFINO,0,,AV LIBERDADE,E/F AO QUARTEL DO EXERCITO 4º BCOM,,,,TEJIPIO,COLISÃO FRONTAL,,1,1,0,0,0,0,0,0,0,1,0,208,,,,,,,,,,,,,,,1534,202314471
2023-06-24T00:00:00,12:47:00,COM VÍTIMA,FINALIZADA,ROSARINHO,AV SANTOS DUMONT,0,,,DE FRENTE AO COLEGIO FAZER CRESCER,,,,ROSARINHO,COLISÃO LATERAL,,1,1,0,0,0,0,0,0,0,1,0,,,,,,,,,,,,,,,,1535,202314497
2023-06-24T00:00:00,02:45:00,COM VÍTIMA,FINALIZADA,CASA AMARELA,RUA BELA VISTA,3,202,,PROX A PIZZARIA CANDELABRO,,,,CASA AMARELA,COLISÃO LATERAL,,1,1,0,0,0,0,0,0,0,1,0,,,,,,,,,,,,,,,,1537,202314509
2023-06-24T00:00:00,03:19:00,COM VÍTIMA,FINALIZADA,BOA VIAGEM,AV BOA VIAGEM,4,3892,,PROX AO HOLIDAY E/F AO QUIOSQUE 29,,,,BOA VIAGEM,COLISÃO LATERAL,,1,1,0,0,0,0,0,0,0,1,0,,,,,,,,,,,,,,,,1538,202314510
2023-06-24T00:00:00,07:15:00,COM VÍTIMA,FINALIZADA,AREIAS,AV DR JOSE RUFINO,4,1495,,PROX A IGREJA PRESBITERIANA,,,,AREIAS,COLISÃO FRONTAL,,1,1,0,0,0,0,0,0,0,1,0,,,,,,,,,,,,,,,,1539,202314524
2023-06-25T00:00:00,12:16:00,COM VÍTIMA,FINALIZADA,BOA VIAGEM,RUA ERNESTO DE PAULA SANTOS,0,,RUA TENENTE DOMINGOS DE BRITO,,,,,BOA VIAGEM,COLISÃO LATERAL,,0,0,0,0,0,0,0,0,0,1,0,330,,,,,,,,,,,,,,,1540,202314534
2023-06-25T00:00:00,09:41:00,COM VÍTIMA,FINALIZADA,MADALENA,RUA BENFICA,0,,,EM FRENTE A OFICINA BOSCH,,,,MADALENA,COLISÃO LATERAL,,1,1,0,0,0,0,0,0,0,1,0,,,,,,,,,,,,,,,,1541,202314542
2023-06-25T00:00:00,10:56:00,COM VÍTIMA,FINALIZADA,IBURA,AV PERNAMBUCO,0,,,PROX AO COMPAZ,,,,IBURA,COLISÃO LATERAL,,1,1,0,0,0,0,0,0,0,2,0,,,,,,,,,,,,,,,,1542,202314545
2023-06-26T00:00:00,08:44:00,COM VÍTIMA,FINALIZADA,ILHA JOANA BEZERRA,VDO PAPA JOAO PAULO II,0,,,SOBRE VIADUTO PAPA JOÃO PAULO SEGUNDO,,,,JOANA BEZERRA,TOMBAMENTO,,0,1,0,0,0,0,0,0,0,1,0,,SUB,,,,,,,,,,,,,,1547,202314597
2023-06-26T00:00:00,09:54:00,COM VÍTIMA,FINALIZADA,IMBIRIBEIRA,AV MARECHAL MASCARENHAS DE MORAES,3,841,,EM FRENTE A D MAGAZINE / PROX A ESTAÇÃO IMBIRIBEIRA SENTIDO AFOGADOS,,,,IMBIRIBEIRA,ATROPELAMENTO DE PESSOA,,0,1,0,0,1,0,0,0,0,1,0,,,,,,,,,,,,,,,,1548,202314600
2023-06-26T00:00:00,12:14:00,COM VÍTIMA,FINALIZADA,ROSARINHO,AV NORTE MIGUEL ARRAES DE ALENCAR,0,,,,,,,ROSARINHO,COLISÃO LATERAL,,0,1,0,0,0,0,0,0,0,1,0,,,,,,,,,,,,,,,,1550,202314616
2023-06-26T00:00:00,01:08:00,COM VÍTIMA,FINALIZADA,TORRE,RUA REAL DA TORRE,2,25,,E/F A DROGASIL,,,,TORRE,COLISÃO FRONTAL,,1,1,0,0,0,0,0,0,0,1,0,,,,,,,,,,,,,,,,1551,202314621
2023-06-27T00:00:00,06:58:00,COM VÍTIMA,FINALIZADA,BONGI,RUA DR JOAO COSTA,0,,,NA ESQUINA DO GALPÃO DO TRE,,,,BONGI,COLISÃO LATERAL,,1,1,0,0,0,0,0,0,0,1,0,,,,,,,,,,,,,,,,1556,202314662
2023-06-27T00:00:00,07:42:00,COM VÍTIMA,FINALIZADA,IPUTINGA,EST DO BARBALHO,0,,AV MAURICIO DE NASSAU,PROX A FUND ALTINO VENTURA,,,,IPUTINGA,ATROPELAMENTO DE PESSOA,,1,0,0,0,1,0,0,0,0,1,0,,,,,,,,,,,,,,,,1557,202314669
2023-06-27T00:00:00,12:12:00,COM VÍTIMA,FINALIZADA,AGUA FRIA,RUA DA REGENERACAO,0,,,XX,,,,AGUA FRIA,QUEDA,,0,1,0,0,0,0,0,0,0,1,0,,,,,,,,,,,,,,,,1558,202314688
2023-06-27T00:00:00,05:24:00,COM VÍTIMA,FINALIZADA,IPSEP,RUA PROFESSOR JOSE VICENTE,0,,RUA ADERBAL DE MELO,PROX A BUDEGA DE MEU LINDO,,,,IPSEP,COLISÃO FRONTAL,,1,0,0,0,0,1,0,0,0,1,0,,,,,,,,,,,,,,,,1560,202314716
2023-06-27T00:00:00,09:28:00,COM VÍTIMA,FINALIZADA,AFOGADOS,RUA SAO MIGUEL,0,,RUA COSME VIANA,AO LADO DEPATRI,,,,AFOGADOS,COLISÃO LATERAL,,0,0,0,0,0,0,0,0,0,1,0,,,,,,,,,,,,,,,,1561,202314731
2023-06-28T00:00:00,07:51:00,COM VÍTIMA,FINALIZADA,AREIAS,RUA IPOJUCA,3,802,,EM FRENTE HOTELZINHO CARINHO DE VÓ,,,,AREIAS,COLISÃO LATERAL,,1,1,0,0,0,0,0,0,0,1,0,,,,,,,,,,,,,,,,1562,202314747
2023-06-28T00:00:00,08:05:00,COM VÍTIMA,FINALIZADA,IMBIRIBEIRA,RUA ARQUITETO LUIZ NUNES,3,216,,EM FRENTE A BARBEARIA ALBERES,,,,IMBIRIBEIRA,COLISÃO LATERAL,,1,1,0,0,0,0,0,0,0,2,0,,,,,,,,,,,,,,,,1563,202314748
2023-06-28T00:00:00,09:45:00,COM VÍTIMA,FINALIZADA,AREIAS,AV TENENTE FELIPE BANDEIRA DE MELO,3,109,AV RECIFE,EM FRENTE AO BAR DA ESQUINA DO MALTE,,,,AREIAS,COLISÃO LATERAL,,1,1,0,0,0,0,0,0,0,1,0,,,,,,,,,,,,,,,,1564,202314755
2023-06-28T00:00:00,11:24:00,COM VÍTIMA,FINALIZADA,BOA VIAGEM,RUA PROFESSOR JOAO MEDEIROS,0,,RUA RIBEIRO DE BRITO,NO SEMAFORO 332,,,,BOA VIAGEM,COLISÃO LATERAL,,1,1,0,0,0,0,0,0,0,1,0,,,,,,,,,,,,,,,,1566,202314767
2023-06-28T00:00:00,05:04:00,COM VÍTIMA,FINALIZADA,SANTO AMARO,AV CRUZ CABUGA,0,,AV NORTE MIGUEL ARRAES DE ALENCAR,,,,,SANTO AMARO,QUEDA,,0,1,0,0,0,0,0,0,0,1,0,,,,,,,,,,,,,,,,1567,202314797
2023-06-28T00:00:00,05:19:00,COM VÍTIMA,FINALIZADA,BOA VIAGEM,AV FERNANDO SIMOES BARBOSA,0,,,APOS A DESCIDA DA VIA MANGUE E/F AO ANTIGO BOMPREÇO,,,,BOA VIAGEM,COLISÃO LATERAL,,1,1,0,0,0,0,0,0,0,1,0,,,,,,,,,,,,,,,,1568,202314801
2023-06-29T00:00:00,07:36:00,COM VÍTIMA,FINALIZADA,MADALENA,AV BEIRA RIO,3,165,RUA PROFESSOR JOSE TORRES PIRES,,,,,MADALENA,COLISÃO LATERAL,,1,1,0,0,0,0,0,0,0,1,0,,,,,,,,,,,,,,,,1569,202314829
2023-06-29T00:00:00,08:22:00,COM VÍTIMA,FINALIZADA,ARRUDA,RUA DO MACHADO,0,,,PROX AO BAR ESQUINA 85,,,,ARRUDA,COLISÃO TRASEIRA,,0,2,0,0,0,0,0,0,0,2,0,,,,,,,,,,,,,,,,1570,202314831
2023-06-29T00:00:00,03:19:00,COM VÍTIMA,FINALIZADA,CASA AMARELA,EST DO ARRAIAL,0,,,IGREJA DA HARMONIA,,,,CASA AMARELA,COLISÃO FRONTAL,,1,0,0,1,0,0,0,0,0,1,0,,,,,,,,,,,,,,,,1572,202314878
2023-06-30T00:00:00,07:01:00,COM VÍTIMA,FINALIZADA,IPUTINGA,AV CAXANGA,4,3841,,"EM FRENTE A FACULDADE CATOLICA IMACULADA CONCEIÇÃO, SENT. CIDADE",,,,IPUTINGA,ATROPELAMENTO DE PESSOA,,0,1,0,0,1,0,0,0,0,1,0,,,,,,,,,,,,,,,,1574,202314932
2023-06-30T00:00:00,08:13:00,COM VÍTIMA,FINALIZADA,ESPINHEIRO,AV CONS ROSA E SILVA,4,1206,,EM FRENTE AO EMPRESARIAL CASA GRANDE,,,,ESPINHEIRO,COLISÃO FRONTAL,,1,0,0,0,0,1,0,0,0,1,0,,,,,,,,,,,,,,,,1575,202314945
2023-06-30T00:00:00,11:31:00,COM VÍTIMA,FINALIZADA,ESTANCIA,AV DR JOSE RUFINO,0,,,PRÓXIMO AO COLÉGIO VISÃO,,,,ESTANCIA,CHOQUE,,0,1,0,0,0,0,0,0,0,1,0,,SUBURBIO,,,,,,,,,,,,,,1578,202315034
2023-07-01T00:00:00,05:56:00,COM VÍTIMA,FINALIZADA,IMBIRIBEIRA,AV MARECHAL MASCARENHAS DE MORAES,0,,,"APÓS O AEROPORTO, NA ENTRADA DO JORDÃO",,,,IMBIRIBEIRA,COLISÃO FRONTAL,,1,0,0,0,0,1,0,0,0,1,0,,SUBURBIO,,,,,,,,,,,,,,1580,202315048
2023-07-02T00:00:00,03:31:00,COM VÍTIMA,FINALIZADA,VARZEA,AV PROFESSOR ARTUR DE SA,3,602,,EDIFICIO LUCILA,,,,VARZEA,COLISÃO TRASEIRA,,1,1,0,0,0,0,0,0,0,1,0,,SUBURBIO,,,,,,,,,,,,,,1582,202315139
2023-07-02T00:00:00,10:39:00,COM VÍTIMA,FINALIZADA,PINA,AV HERCULANO BANDEIRA,4,1001,,NA FRENTE DO ATACADO DA CONSTRUÇÃO,,,,PINA,ATROPELAMENTO DE PESSOA,,1,0,0,0,1,0,0,0,0,1,0,660,,,,,,,,,,,,,,,1583,202315168
2023-07-02T00:00:00,11:04:00,COM VÍTIMA,FINALIZADA,CABANGA,PTE GOVERNADOR PAULO GUERRA,3,S/N,,"NO INÍCIO DA PONTE GOV PAULO GUERRA , NO SENTIDO  CABANGA  / PINA",,,,CABANGA,COLISÃO LATERAL,,0,2,0,0,0,0,0,0,0,1,0,,SUBURBIO,,,,,,,,,,,,,,1584,202315171
2023-07-03T00:00:00,02:15:00,COM VÍTIMA,FINALIZADA,IPUTINGA,AV CAXANGA,0,,RUA RIBEIRO PESSOA,EM FRENTE À UPA DA CAXANGÁ,,,,IPUTINGA,COLISÃO TRANSVERSAL,,1,0,1,0,0,0,0,0,0,1,0,,,,,,,,,,,,,,,,1588,202315208
2023-07-03T00:00:00,06:36:00,COM VÍTIMA,FINALIZADA,IPUTINGA,RUA RODRIGUES FERREIRA,0,,,PROX AO TERMINAL INTEGRADO DA CAXANGÁ,,,,IPUTINGA,COLISÃO TRASEIRA,,1,2,0,0,0,0,0,0,0,2,0,,,,,,,,,,,,,,,,1589,202315221
2023-07-03T00:00:00,08:46:00,COM VÍTIMA,FINALIZADA,RECIFE,AV MILITAR,0,,,APÓS A PONTE LIMOEIRO,,,,BAIRRO DO RECIFE,QUEDA,,0,0,0,0,0,0,0,0,0,1,0,,,,,,,,,,,,,,,,1590,202315231
2023-07-03T00:00:00,09:33:00,COM VÍTIMA,FINALIZADA,MADALENA,RUA CONDE DE IRAJA,0,,AV BEIRA RIO,PROX AO SEMAFORO 630,,,,MADALENA,COLISÃO FRONTAL,,1,1,0,0,0,0,0,0,0,2,0,,,,,,,,,,,,,,,,1592,202315243
2023-07-03T00:00:00,10:27:00,COM VÍTIMA,FINALIZADA,CASA FORTE,AV DEZESSETE DE AGOSTO,3,741,,,,,,CASA FORTE,COLISÃO COM CICLISTA,,1,0,0,1,0,0,0,0,0,1,0,,,,,,,,,,,,,,,,1593,202315246
2023-07-03T00:00:00,10:52:00,COM VÍTIMA,FINALIZADA,VARZEA,RUA GASTAO VIDIGAL,0,,,AO LADO DO HOTEL COSTA AZUL,,,,VARZEA,QUEDA,,0,1,0,0,0,0,0,0,0,1,0,,,,,,,,,,,,,,,,1594,202315248
2023-07-03T00:00:00,01:27:00,COM VÍTIMA,FINALIZADA,TORRE,RUA CONDE DE IRAJA,0,,AV BEIRA RIO,PROX AO EDIFICIO DUAS NAÇÕES,,,,TORRE,COLISÃO COM CICLISTA,,1,0,0,1,0,0,0,0,0,1,0,,,,,,,,,,,,,,,,1596,202315263
2023-07-03T00:00:00,02:17:00,COM VÍTIMA,FINALIZADA,CAMPO GRANDE,RUA ODORICO MENDES,3,165,,IMPERIO FAROIS,,,,CAMPO GRANDE,COLISÃO LATERAL,,1,1,0,0,0,0,0,0,0,1,0,,,,,,,,,,,,,,,,1597,202315267
2023-07-03T00:00:00,03:48:00,COM VÍTIMA,FINALIZADA,BOA VIAGEM,AV BOA VIAGEM,3,507,,EM FRENTE AO EDIFICIO ILHA DE THASSOS,,,,BOA VIAGEM,COLISÃO TRASEIRA,,1,1,0,0,0,0,0,0,0,1,0,,,,,,,,,,,,,,,,1599,202315276
2023-07-03T00:00:00,04:36:00,COM VÍTIMA,FINALIZADA,ARRUDA,EST VELHA DE AGUA FRIA,0,,,APOS O DNOCS PROXIMO AO SEMÁFO 306,,,,ARRUDA,COLISÃO FRONTAL,,1,1,0,0,0,0,0,0,0,1,0,,,,,,,,,,,,,,,,1600,202315280
2023-07-03T00:00:00,05:49:00,COM VÍTIMA,FINALIZADA,ILHA DO RETIRO,AV BEIRA RIO,3,360,,EDF. MARIA TERESA COELHO,,,,ILHA DO RETIRO,COLISÃO LATERAL,,1,1,0,0,0,0,0,0,0,1,0,,,,,,,,,,,,,,,,1601,202315284
2023-07-03T00:00:00,06:25:00,COM VÍTIMA,FINALIZADA,SANTO AMARO,RUA DA AURORA,0,,,EM FRENTE AO INSTITUTO TAVARES BURIL,,,,SANTO AMARO,COLISÃO LATERAL,,1,1,0,0,0,0,0,0,0,1,0,,,,,,,,,,,,,,,,1603,202315291
2023-07-04T00:00:00,06:20:00,COM VÍTIMA,FINALIZADA,MADALENA,RUA JOSE BONIFACIO,0,,RUA PADRE JOSE DE ANCHIETA,EM FRENTE A DROGARIA SÃO PAULO,,,,MADALENA,COLISÃO FRONTAL,,2,0,0,0,0,0,0,0,0,1,0,,,,,,,,,,,,,,,,1605,202315319
2023-07-04T00:00:00,08:00:00,COM VÍTIMA,FINALIZADA,AGUA FRIA,AV BEBERIBE,4,1728,,PROXIMO AO DISBEC DISTRIBUIDORA DE TINTA,,,,AGUA FRIA,COLISÃO LATERAL,,0,2,0,0,0,0,0,0,0,2,0,,,,,,,,,,,,,,,,1607,202315330
2023-07-04T00:00:00,08:31:00,COM VÍTIMA,FINALIZADA,ILHA JOANA BEZERRA,RUA CAPITAO TEMUDO,0,,,PROX  AO FORUM DE JOANA BEZERRA,,,,ILHA JOANA BEZERRA,COLISÃO LATERAL,,0,2,0,0,0,0,0,0,0,1,0,,,,,,,,,,,,,,,,1608,202315341
2023-07-04T00:00:00,09:33:00,COM VÍTIMA,FINALIZADA,SANTO ANTONIO,AV DANTAS BARRETO,0,,RUA SAO JOAO,EM FRENTE AO SEMAFORO 154,,,,SANTO ANTONIO,COLISÃO LATERAL,,0,1,0,0,0,1,0,0,0,1,0,,,,,,,,,,,,,,,,1609,202315347
2023-07-04T00:00:00,12:11:00,COM VÍTIMA,FINALIZADA,ENGENHO DO MEIO,RUA MANOEL ESTEVAO DA COSTA,0,,,PROXIMO DA ACADEMIA ACTOS,,,,ENGENHO DO MEIO,COLISÃO LATERAL,,1,1,0,0,0,0,0,0,0,1,0,,,,,,,,,,,,,,,,1611,202315364
2023-07-04T00:00:00,02:31:00,COM VÍTIMA,FINALIZADA,ESPINHEIRO,RUA CONS PORTELA,3,665,,AGALERIA CONSELHEIRO PORTELA,,,,ESPINHEIRO,COLISÃO LATERAL,,1,0,1,0,0,0,0,0,0,1,0,,,,,,,,,,,,,,,,1613,202315374
2023-07-04T00:00:00,03:20:00,COM VÍTIMA,FINALIZADA,IPSEP,AV RECIFE,0,,,JJK AUTOS,,,,IPSEP,COLISÃO LATERAL,,1,1,0,0,0,0,0,0,0,1,0,,,,,,,,,,,,,,,,1614,202315381
2023-07-04T00:00:00,09:50:00,COM VÍTIMA,FINALIZADA,SAO JOSE,AV SUL,0,,RUA OSCAR MELO,CONTINUAÇÃO DA RUA CABO EUTRÓPIO,,,,SAO JOSE,COLISÃO FRONTAL,,0,2,0,0,0,0,0,0,0,2,0,,,,,,,,,,,,,,,,1615,202315402