data,hora,natureza_acidente,situacao,bairro,endereco,,numero,detalhe_endereco_acidente,complemento,endereco_cruzamento,numero_cruzamento,referencia_cruzamento,bairro_cruzamento,tipo,descricao,auto,moto,ciclom,ciclista,pedestre,onibus,caminhao,viatura,outros,vitimas,vitimasfatais,num_semaforo,sentido_via,acidente_verificado,tempo_clima,situacao_semaforo,sinalizacao,condicao_via,conservacao_via,ponto_controle,situacao_placa,velocidade_max_via,mao_direcao,divisao_via1,divisao_via2,divisao_via3,_id,Protocolo
2023-07-18T00:00:00,01:48:00,COM VÍTIMA,FINALIZADA,AGUA FRIA,AV ANIBAL BENEVOLO,0,,,E/F A ESCOLA ROSA MAGALHAES,,,,AGUA FRIA,COLISÃO LATERAL,,0,0,0,0,0,0,0,0,0,1,0,,,,,,,,,,,,,,,,1740,202316559
2023-07-18T00:00:00,02:18:00,COM VÍTIMA,FINALIZADA,TORRE,RUA JOSE BONIFACIO,0,,,E/F AO CARREFOUR,,,,TORRE,COLISÃO LATERAL,,0,0,0,0,0,0,0,0,0,1,0,,,,,,,,,,,,,,,,1741,202316561
2023-07-18T00:00:00,02:25:00,COM VÍTIMA,FINALIZADA,MADALENA,AV VISCONDE DE ALBUQUERQUE,0,,,PROX A PRAÇA  EÇA DE QUEIROZ  EO HOSPITAL D´AVIL A,,,,MADALENA,COLISÃO LATERAL,,1,1,0,0,0,0,0,0,0,1,0,,,,,,,,,,,,,,,,1742,202316562
2023-07-18T00:00:00,03:44:00,COM VÍTIMA,FINALIZADA,BONGI,AV ENGENHEIRO ABDIAS DE CARVALHO,4,1356,,E/F AO POSTO BR,,,,BONGI,COLISÃO LATERAL,,0,0,0,0,0,0,0,0,0,1,0,,,,,,,,,,,,,,,,1743,202316569
2023-07-18T00:00:00,03:51:00,COM VÍTIMA,FINALIZADA,IMBIRIBEIRA,AV MARECHAL MASCARENHAS DE MORAES,2,27,,PROX AO LOCALIZA E O AEROPORTO,,,,IMBIRIBEIRA,COLISÃO LATERAL,,0,0,0,0,0,0,0,0,0,1,0,,,,,,,,,,,,,,,,1745,202316571
2023-07-18T00:00:00,02:59:00,COM VÍTIMA,FINALIZADA,ESTANCIA,RUA SAO MIGUEL,0,,RUA OLEGARIO MARIANO,,,,,ESTANCIA,COLISÃO LATERAL,,1,2,0,0,0,0,0,0,0,3,0,,,,,,,,,,,,,,,,1747,202316581
2023-07-18T00:00:00,06:12:00,COM VÍTIMA,FINALIZADA,ARRUDA,RUA DAS MOCAS,0,,,AO LADO DO ARMAZEM CORAL,,,,ARRUDA,COLISÃO LATERAL,,1,2,0,0,0,0,0,0,0,1,0,,,,,,,,,,,,,,,,1749,202316586
2023-07-18T00:00:00,08:51:00,COM VÍTIMA,FINALIZADA,DOIS UNIDOS,AV HILDEBRANDO DE VASCONCELOS,0,,,EM FRENTE A CELPE / NA ENTRADA DE DOIS UNIDOS,,,,DOIS UNIDOS,COLISÃO LATERAL,,1,1,0,0,0,0,0,0,0,2,0,,,,,,,,,,,,,,,,1750,202316604
2023-07-18T00:00:00,10:46:00,COM VÍTIMA,FINALIZADA,ESTANCIA,AV DR JOSE RUFINO,3,548,,PRÓXIMO A GALERIA MARGARIDA,,,,ESTANCIA,COLISÃO TRANSVERSAL,,1,1,0,0,0,0,0,0,0,1,0,,,,,,,,,,,,,,,,1751,202316605
2023-07-19T00:00:00,07:00:00,COM VÍTIMA,FINALIZADA,BOA VIAGEM,RUA DEZ DE JULHO,3,210,,MAIZOM CRISTAL,,,,BOA VIAGEM,COLISÃO LATERAL,,2,0,0,0,0,0,0,0,0,1,0,,,,,,,,,,,,,,,,1752,202316621
2023-07-19T00:00:00,07:50:00,COM VÍTIMA,FINALIZADA,GRACAS,AV RUI BARBOSA,0,,,EM FRENTE A CASA DOS FRIOS,,,,GRACAS,COLISÃO FRONTAL,,0,1,0,0,0,0,0,0,0,1,0,,,,,,,,,,,,,,,,1753,202316625
2023-07-19T00:00:00,11:35:00,COM VÍTIMA,FINALIZADA,AFOGADOS,RUA SAO MIGUEL,3,553,,EM FRENTE MANU AUTO ELETRICA / PROX AO DELAGACIA DO DEPRATI,,,,AFOGADOS,COLISÃO LATERAL,,1,1,0,0,0,0,0,0,0,1,0,,,,,,,,,,,,,,,,1756,202316652
2023-07-19T00:00:00,11:56:00,COM VÍTIMA,FINALIZADA,VASCO DA GAMA,RUA ALTO DO EUCALIPTO,0,,,PROX AO SUPERMECADO RENDE MAIS  / NA ENTRADA DA LADEIRA DO ALTO DO EUCALIPTO,,,,VASCO DA GAMA,COLISÃO LATERAL,,0,1,0,0,0,0,0,0,0,1,0,,,,,,,,,,,,,,,,1758,202316657
2023-07-19T00:00:00,04:49:00,COM VÍTIMA,FINALIZADA,VASCO DA GAMA,RUA ALTO TREZE DE MAIO,2,35,,E/F A O MERCADINHO POLINARIO E PROX ASSOCIAÇAO MARCILIO DIAS,,,,VASCO DA GAMA,COLISÃO LATERAL,,0,0,0,0,0,0,0,0,0,1,0,,,,,,,,,,,,,,,,1760,202316676
2023-07-19T00:00:00,06:05:00,COM VÍTIMA,FINALIZADA,SAO JOSE,AV DANTAS BARRETO,0,,,EM FRENTE AO BRADESCO,,,,SAO JOSE,ATROPELAMENTO DE PESSOA,,0,0,0,0,1,1,0,0,0,1,0,,,,,,,,,,,,,,,,1761,202316677
2023-07-19T00:00:00,08:39:00,COM VÍTIMA,FINALIZADA,BOA VIAGEM,AV ENGENHEIRO DOMINGOS FERREIRA,4,2970,,PRÓXIMO AO CARREFOUR,,,,BOA VIAGEM,COLISÃO TRANSVERSAL,,1,1,0,0,0,0,0,0,0,1,0,,,,,,,,,,,,,,,,1762,202316684
2023-07-20T00:00:00,01:15:00,COM VÍTIMA,FINALIZADA,LINHA DO TIRO,RUA SODRELANDIA,3,179,,"NA SUBIDA DO CAMPO DO CAFÉ(DESCIDA DO CO,MPAZ",,,,LINHA DO TIRO,COLISÃO LATERAL,,1,1,0,0,0,0,0,0,0,1,0,,,,,,,,,,,,,,,,1763,202316685
2023-07-20T00:00:00,11:32:00,COM VÍTIMA,FINALIZADA,BOA VIAGEM,RUA DEZ DE JULHO,3,248,,,,,,BOA VIAGEM,CHOQUE,,1,0,0,0,0,0,0,0,0,1,0,,,,,,,,,,,,,,,,1765,202316721
2023-07-20T00:00:00,03:23:00,COM VÍTIMA,FINALIZADA,SANCHO,RUA APRIGIO GUIMARAES,3,347,,APOIS AO COLEGIO ANIBAL FALCAO  PROX A IGREJA TESTEMUNHA DE GEOVÁ,,,,SANCHO,COLISÃO FRONTAL,,1,1,0,0,0,0,0,0,0,1,0,,,,,,,,,,,,,,,,1766,202316729
2023-07-20T00:00:00,06:33:00,COM VÍTIMA,FINALIZADA,IPUTINGA,RUA LEAL DE BARROS,3,232,,EM FRENTE AO COND. BAIRRO DOS ARTISTAS,,,,IPUTINGA,COLISÃO FRONTAL,,0,1,0,0,0,0,0,0,0,1,0,,,,,,,,,,,,,,,,1767,202316731
2023-07-20T00:00:00,07:35:00,COM VÍTIMA,FINALIZADA,IMBIRIBEIRA,AV MARECHAL MASCARENHAS DE MORAES,3,841,,NA ENTRADA DA ILHA DE DEUS,,,,IMBIRIBEIRA,COLISÃO FRONTAL,,2,1,0,0,0,0,0,0,0,1,0,,,,,,,,,,,,,,,,1768,202316737
2023-07-21T00:00:00,07:18:00,COM VÍTIMA,FINALIZADA,IBURA,AV DOIS RIOS,0,,,EM FRENTE A IGREJA DOS MORMONS  / PROX A CLINICA ODONTO MEDICA,,,,IBURA,COLISÃO FRONTAL,,0,1,0,0,0,0,0,0,0,1,0,,,,,,,,,,,,,,,,1770,202316753
2023-07-21T00:00:00,01:47:00,COM VÍTIMA,FINALIZADA,ILHA DO RETIRO,RUA BENFICA,4,9292,,AUTO ESCOLA  DO UNIÃO,,,,ILHA DO RETIRO,COLISÃO TRASEIRA,,1,0,0,0,0,0,1,0,0,1,0,,SUBURBIO,,,,,,,,,,,,,,1771,202316786
2023-07-21T00:00:00,03:36:00,COM VÍTIMA,FINALIZADA,TAMARINEIRA,EST VELHA DE AGUA FRIA,3,655,,APÓS O DENOCS E EM FRENTE A MERCEARIA DEUS É FIEL,,,,TAMARINEIRA,COLISÃO LATERAL,,1,1,0,0,0,0,0,0,0,1,0,,,,,,,,,,,,,,,,1772,202316795
2023-07-21T00:00:00,04:16:00,COM VÍTIMA,FINALIZADA,IPUTINGA,AV MAURICIO DE NASSAU,0,,,ALTINO VENTURA,,,,IPUTINGA,ATROPELAMENTO DE PESSOA,,1,0,0,0,1,0,0,0,0,0,0,,,,,,,,,,,,,,,,1773,202316799
2023-07-21T00:00:00,05:14:00,COM VÍTIMA,FINALIZADA,IMBIRIBEIRA,RUA JOAQUIM BANDEIRA,3,811,,E/F A MITSUBISH  EA TARGENT BLIDAGEM,,,,IMBIRIBEIRA,COLISÃO LATERAL,,0,0,0,0,0,0,0,0,0,1,0,,,,,,,,,,,,,,,,1774,202316803
2023-07-21T00:00:00,07:11:00,COM VÍTIMA,FINALIZADA,PINA,AV ANTONIO DE GOES,0,,,PISTA DA DIREITA - APÓS O TRADE CENTER JCPM,,,,PINA,COLISÃO COM CICLISTA,,1,0,0,1,0,0,0,0,0,1,0,,,,,,,,,,,,,,,,1775,202316814
2023-07-21T00:00:00,07:24:00,COM VÍTIMA,FINALIZADA,VARZEA,RUA DONA INES CORREA DE ARAUJO,3,123,,PRÓXIMO AO EDFº TORRE DO MIRANTE,,,,VARZEA,COLISÃO TRASEIRA,,1,1,0,0,0,0,0,0,0,2,0,,,,,,,,,,,,,,,,1776,202316815
2023-07-21T00:00:00,07:29:00,COM VÍTIMA,FINALIZADA,VARZEA,RUA DEPUTADO JOSE FRANCISCO DE MELO CAVALCANTI,2,70,,NA  PRAÇA DE NOVA  MORADA,,,,VARZEA,COLISÃO FRONTAL,,1,1,0,0,0,0,0,0,0,1,0,,,,,,,,,,,,,,,,1777,202316816
2023-07-22T00:00:00,08:54:00,COM VÍTIMA,FINALIZADA,CORDEIRO,AV INACIO MONTEIRO,4,1000,,O LADO DA LOJA DE CARRO BOXCAR E AO  ASSEMBLEIA DE DEUS,,,,CORDEIRO,COLISÃO LATERAL,,0,1,0,0,0,0,0,0,0,1,0,,,,,,,,,,,,,,,,1781,202316846
2023-07-22T00:00:00,09:00:00,COM VÍTIMA,FINALIZADA,BOA VIAGEM,AV CELSO FURTADO,0,,,FINAL DA VIA MANGUE,,,,BOA VIAGEM,ATROPELAMENTO DE PESSOA,,1,0,0,0,1,0,0,0,0,1,0,,CIDADE,,,,,,,,,,,,,,1782,202316850
2023-07-22T00:00:00,11:51:00,COM VÍTIMA,FINALIZADA,JAQUEIRA,AV RUI BARBOSA,0,,,EM FRENTE AO PARQUE DA JAQUEIRA,,,,JAQUEIRA,COLISÃO LATERAL,,0,2,0,0,0,0,0,0,0,2,0,452,CIDADE,,,,,,,,,,,,,,1784,202316862
2023-07-22T00:00:00,12:12:00,COM VÍTIMA,FINALIZADA,SAO JOSE,C SANTA RITA,4,1113,,NA SUBIDA DA PONTE GIRATORIA SENTIDO MARCO ZERO APOS AS TORRES DAS GEMEAS,,,,SAO JOSE,COLISÃO LATERAL,,0,1,0,0,0,0,0,0,0,1,0,,,,,,,,,,,,,,,,1785,202316863
2023-07-22T00:00:00,12:21:00,COM VÍTIMA,FINALIZADA,VASCO DA GAMA,AV NORTE MIGUEL ARRAES DE ALENCAR,4,5237,,PROX AO BRADESCO  E A FARMACIA PAGUE MENOS  VT 07 JA ESTA NO LOCAL,,,,VASCO DA GAMA,COLISÃO LATERAL,,1,1,0,0,0,0,0,0,0,1,0,,,,,,,,,,,,,,,,1786,202316864
2023-07-22T00:00:00,02:36:00,COM VÍTIMA,FINALIZADA,ROSARINHO,RUA DR JOSE MARIA,4,1057,,E/F AO PORTAL DA PICANHA E A PADARIA E LANCHONETE PAO RECIFE,,,,ROSARINHO,COLISÃO LATERAL,,0,0,0,0,0,0,0,0,0,1,0,,,,,,,,,,,,,,,,1788,202316871
2023-07-22T00:00:00,06:17:00,COM VÍTIMA,FINALIZADA,BOA VISTA,AV GOVERNADOR AGAMENON MAGALHAES,4,8883,,PROX AO BOM PREÇO DO PARQUE AMORIM E AO MC DONALDS  SENTIDO OLINDA,,,,BOA VISTA,COLISÃO LATERAL,,0,1,0,0,0,0,0,0,0,1,0,,SUBURBIO,,,,,,,,,,,,,,1789,202316876
2023-07-22T00:00:00,07:54:00,COM VÍTIMA,FINALIZADA,MUSTARDINHA,RUA JOSE MOREIRA REIS,3,344,,RUA DO SESI DA MUSTARDINHA,,,,MUSTARDINHA,COLISÃO LATERAL,,0,1,0,0,0,0,0,0,0,1,0,,,,,,,,,,,,,,,,1791,202316881
2023-07-22T00:00:00,09:37:00,COM VÍTIMA,FINALIZADA,IMBIRIBEIRA,AV MARECHAL MASCARENHAS DE MORAES,0,,,POSTO IPIRANGA E LOCALIZA,,,,IMBIRIBEIRA,COLISÃO COM CICLISTA,,1,0,0,1,0,0,0,0,0,1,0,,,,,,,,,,,,,,,,1792,202316885
2023-07-22T00:00:00,09:37:00,COM VÍTIMA,FINALIZADA,IMBIRIBEIRA,AV MARECHAL MASCARENHAS DE MORAES,0,,,PRÓXIMO A GRILLO,,,,IMBIRIBEIRA,COLISÃO LATERAL,,2,0,0,0,0,0,0,0,0,1,0,,,,,,,,,,,,,,,,1793,202316886
2023-07-22T00:00:00,10:02:00,COM VÍTIMA,FINALIZADA,AREIAS,AV DR JOSE RUFINO,4,1012,,PRÓXIMO AO SENAI E HONDA DE AREIAS,,,,AREIAS,COLISÃO LATERAL,,0,1,0,0,0,0,0,0,0,1,0,,,,,,,,,,,,,,,,1794,202316887
2023-07-22T00:00:00,10:27:00,COM VÍTIMA,FINALIZADA,DERBY,RUA HENRIQUE DIAS,4,4904,,PRÓXIMO AO CINEMA DA FUNDAJ / COLÉGIO DA POLÍCIA,,,,DERBY,COLISÃO LATERAL,,0,1,0,0,0,0,0,0,0,1,0,,,,,,,,,,,,,,,,1795,202316888
2023-07-23T00:00:00,12:56:00,COM VÍTIMA,FINALIZADA,CORDEIRO,RUA GOMES TABORDA,4,1703,,PRÓXIMO AO VAPOR 82,,,,CORDEIRO,COLISÃO LATERAL,,0,0,0,0,0,0,0,0,0,1,0,,,,,,,,,,,,,,,,1796,202316892
2023-07-23T00:00:00,12:13:00,COM VÍTIMA,FINALIZADA,IBURA,RUA RIO XINGU,3,525,,PROXIMO A OFICINA CENTRAL DE MOTOS E EM FRENTE AO ARMAZEM ANTÃO COMERCIO,,,,IBURA,COLISÃO LATERAL,,0,0,0,0,0,0,0,0,0,1,0,,,,,,,,,,,,,,,,1797,202316916
2023-07-23T00:00:00,03:26:00,COM VÍTIMA,FINALIZADA,IPSEP,RUA BLUMENAU,3,393,,PROXIMO AO BAR DE LUCIANO,,,,IPSEP,COLISÃO LATERAL,,1,1,0,0,0,0,0,0,0,1,0,,,,,,,,,,,,,,,,1798,202316926
2023-07-23T00:00:00,06:43:00,COM VÍTIMA,FINALIZADA,SANTO AMARO,RUA DA AURORA,0,,,COM  A AV MARIO MELO (SEMAFORO Nº 090),,,,SANTO AMARO,TOMBAMENTO,,0,1,0,0,0,0,0,0,0,1,0,,,,,,,,,,,,,,,,1799,202316939
2023-07-23T00:00:00,07:02:00,COM VÍTIMA,FINALIZADA,PAISSANDU,AV GOVERNADOR AGAMENON MAGALHAES,0,,,PONTE JOSE DE BARROS LIMA,,,,PAISSANDU,COLISÃO TRANSVERSAL,,1,1,0,0,0,0,0,0,0,1,0,,,,,,,,,,,,,,,,1800,202316941
2023-07-23T00:00:00,09:45:00,COM VÍTIMA,FINALIZADA,GRACAS,RUA ALBERTO PAIVA,3,259,,PROXIMO A AVENIDA BEIRA RIO E AO MUSEU DO  ESTADO DE PERNAMBUCO,,,,GRACAS,COLISÃO FRONTAL,,1,1,0,0,0,0,0,0,0,1,0,,,,,,,,,,,,,,,,1803,202316948
2023-07-24T00:00:00,05:37:00,COM VÍTIMA,FINALIZADA,TOTO,RUA ONZE DE AGOSTO,0,,,EM FRENTE AO BIDÚ KRAUSE,,,,TOTO,COLISÃO COM CICLISTA,,0,0,0,1,0,1,0,0,0,1,0,,,,,,,,,,,,,,,,1805,202316950
2023-07-24T00:00:00,06:37:00,COM VÍTIMA,FINALIZADA,SAO JOSE,RUA DO FORTE,0,,,PROX AO FORTE DAS CINCO PONTAS,,,,SAO JOSE,CHOQUE,,1,0,0,0,0,0,0,0,0,1,0,,,,,,,,,,,,,,,,1806,202316951
2023-07-24T00:00:00,07:06:00,COM VÍTIMA,FINALIZADA,IMBIRIBEIRA,AV MARECHAL MASCARENHAS DE MORAES,0,,,EM FRENTE A ANAC,,,,IMBIRIBEIRA,COLISÃO TRASEIRA,,0,1,0,0,0,1,0,0,0,1,0,,,,,,,,,,,,,,,,1807,202316953
2023-07-24T00:00:00,07:54:00,COM VÍTIMA,FINALIZADA,ILHA JOANA BEZERRA,AV ADVOGADO JOSE PAULO CAVALCANTI,0,,RUA DES OTILIO NEIVA,PROX AO CENTRO DA ACD / NA RUA DO CANAL,,,,JOANA BEZERRA,COLISÃO LATERAL,,1,1,0,0,0,0,0,0,0,2,0,,,,,,,,,,,,,,,,1808,202316958
2023-07-24T00:00:00,09:04:00,COM VÍTIMA,FINALIZADA,IMBIRIBEIRA,AV MARECHAL MASCARENHAS DE MORAES,4,2871,,EM FRENTE A LOJA MARAVILHA MOTOS,,,,IMBIRIBEIRA,COLISÃO LATERAL,,0,2,0,0,0,0,0,0,0,2,0,,,,,,,,,,,,,,,,1809,202316967
2023-07-24T00:00:00,11:25:00,COM VÍTIMA,FINALIZADA,CASA FORTE,RUA IRMA LUCIA,0,,,REF: EM FRENTE AO  EDIFÍCIO ENGENHO DA PRATA,,,,CASA FORTE,ATROPELAMENTO DE PESSOA,,1,0,0,0,1,0,0,0,0,1,0,,,,,,,,,,,,,,,,1810,202316973
2023-07-24T00:00:00,02:00:00,COM VÍTIMA,FINALIZADA,NOVA DESCOBERTA,AV VEREADOR OTACILIO AZEVEDO,4,2551,,NA ENTRADA DA MUBECA  PROX A CRECHE MARCIA BEZERRA DA COSTA,,,,NOVA DESCOBERTA,COLISÃO LATERAL,,0,0,0,0,0,0,0,0,0,1,0,,,,,,,,,,,,,,,,1811,202316983
2023-07-24T00:00:00,02:07:00,COM VÍTIMA,FINALIZADA,AFOGADOS,RUA SAO MIGUEL,3,553,,PROXIMO A IGREJA DA FÉ DO BRASIL E APOS O SÃO MIGUEL CENTER,,,,AFOGADOS,COLISÃO TRASEIRA,,1,1,0,0,0,0,0,0,0,1,0,,,,,,,,,,,,,,,,1812,202316984
2023-07-24T00:00:00,02:13:00,COM VÍTIMA,FINALIZADA,BOA VIAGEM,RUA GENERAL EDSON AMANCIO RAMALHO,3,236,,PROXIMO A ENTRADA DO SHOPPING RECIFE,,,,BOA VIAGEM,COLISÃO LATERAL,,0,0,0,0,0,0,0,0,0,1,0,,,,,,,,,,,,,,,,1813,202316986
2023-07-24T00:00:00,03:02:00,COM VÍTIMA,FINALIZADA,BREJO DE BEBERIBE,AV VEREADOR OTACILIO AZEVEDO,4,1170,,PRX A UPA DE NOVA DESCOBERTA,,,,BREJO DE BEBERIBE,ATROPELAMENTO DE PESSOA,,0,1,0,0,1,0,0,0,0,1,0,,,,,,,,,,,,,,,,1814,202316990
2023-07-24T00:00:00,03:57:00,COM VÍTIMA,FINALIZADA,RECIFE,C DO APOLO,0,,,EM FRENTE A PREFEITURA DO RECIFE / SENTIDO PORTO DO RECIFE,,,,BAIRRO DO RECIFE,COLISÃO LATERAL,,0,0,0,0,0,0,0,0,0,1,0,,,,,,,,,,,,,,,,1815,202316992
2023-07-24T00:00:00,04:31:00,COM VÍTIMA,FINALIZADA,ESPINHEIRO,AV JOAO DE BARROS,4,3737,,PROXIMO A QUITANDARIA,,,,ESPINHEIRO,COLISÃO LATERAL,,0,0,0,0,0,0,0,0,0,1,0,,,,,,,,,,,,,,,,1816,202316995
2023-07-24T00:00:00,06:55:00,COM VÍTIMA,FINALIZADA,BOA VIAGEM,AV ENGENHEIRO DOMINGOS FERREIRA,4,2238,,LOJA AMARELO MEL,,,,BOA VIAGEM,COLISÃO COM CICLISTA,,1,0,0,1,0,0,0,0,0,1,0,,,,,,,,,,,,,,,,1819,202317003
2023-07-24T00:00:00,07:45:00,COM VÍTIMA,FINALIZADA,AGUA FRIA,RUA DA REGENERACAO,3,989,,PROXIMO A POLICLINICA CAMPINA DO BARRETO,,,,AGUA FRIA,COLISÃO FRONTAL,,0,0,0,0,0,0,0,0,0,1,0,,,,,,,,,,,,,,,,1820,202317007
2023-07-24T00:00:00,10:17:00,COM VÍTIMA,FINALIZADA,IMBIRIBEIRA,RUA JOAQUIM BANDEIRA,3,373,,ABAIXO DO PONTILHÃO DO METRÔ NA ESTAÇÃO ANTÔNIO FALCÃO,,,,IMBIRIBEIRA,COLISÃO FRONTAL,,1,1,0,0,0,0,0,0,0,1,0,,,,,,,,,,,,,,,,1821,202317013
2023-07-24T00:00:00,10:22:00,COM VÍTIMA,FINALIZADA,IBURA,AV DOM HELDER CAMARA,0,,,NA ENTRADA DO IBURA EM FRENTE AO NÚCLEO POLICIAL,,,,IBURA,COLISÃO FRONTAL,,1,1,0,0,0,0,0,0,0,1,0,,,,,,,,,,,,,,,,1822,202317014
2023-07-24T00:00:00,11:19:00,COM VÍTIMA,FINALIZADA,DOIS UNIDOS,RUA EPAMINONDAS MENDONCA,3,233,,PRÓXIMO AO TERMINAL DE DOIS UNIDOS,,,,DOIS UNIDOS,COLISÃO LATERAL,,0,0,0,0,0,1,0,0,0,1,0,,,,,,,,,,,,,,,,1823,202317015
2023-07-25T00:00:00,07:28:00,COM VÍTIMA,FINALIZADA,CIDADE UNIVERSITARIA,AV DOS ECONOMISTAS,3,110,,DENTRO DA UFPE/ PROX A BIBLIOTECA,,,,CIDADE UNIVERSITARIA,COLISÃO FRONTAL,,0,1,0,0,0,0,0,0,0,1,0,,,,,,,,,,,,,,,,1824,202317022
2023-07-25T00:00:00,07:42:00,COM VÍTIMA,FINALIZADA,JARDIM SAO PAULO,RUA LEANDRO BARRETO,1,2,,CRUZAMENTO DA RUA DA CAPELA / PROX A PADARIA LA ROQUE,,,,JARDIM SAO PAULO,COLISÃO FRONTAL,,0,1,0,0,0,0,0,0,0,1,0,,,,,,,,,,,,,,,,1825,202317023
2023-07-25T00:00:00,10:46:00,COM VÍTIMA,FINALIZADA,AREIAS,RUA CAPITAO ESTEVAO FERNANDES,3,261,AV RECIFE,CRUZAMENTO DA AV RECIFE / AO LADO DO LAVA JATO CARRACA JATO,,,,AREIAS,COLISÃO LATERAL,,1,1,0,0,0,0,0,0,0,2,0,,,,,,,,,,,,,,,,1827,202317036
2023-07-25T00:00:00,11:26:00,COM VÍTIMA,FINALIZADA,AFLITOS,AV CONS ROSA E SILVA,4,1312,,EM FRENTE A PADARIA PARLA DELY / AO COUNTRY CLUBE,,,,AFLITOS,COLISÃO LATERAL,,0,1,0,0,0,0,0,0,0,1,0,,,,,,,,,,,,,,,,1828,202317040
2023-07-25T00:00:00,11:37:00,COM VÍTIMA,FINALIZADA,BOA VIAGEM,AV ANTONIO TORRES GALVAO,0,,,PROX AO COLEGIO CODINITIVO / EM FRENTE A AUDI,,,,BOA VIAGEM,COLISÃO TRASEIRA,,2,0,0,0,0,0,0,0,0,1,0,,,,,,,,,,,,,,,,1829,202317041
2023-07-25T00:00:00,12:04:00,COM VÍTIMA,FINALIZADA,CAMPO GRANDE,RUA ODORICO MENDES,0,,,PROX A COHAB / PROX A CENTRAL DE FLAGRANTES,,,,CAMPO GRANDE,COLISÃO LATERAL,,0,1,0,0,0,0,0,0,0,1,0,,,,,,,,,,,,,,,,1830,202317044
2023-07-25T00:00:00,12:14:00,COM VÍTIMA,FINALIZADA,TORRE,RUA CONDE DE IRAJA,3,254,,PROXIMO AO COLEGIO CRIATIVA E AO LADO DA FARMACIA PAGUE MENOS,,,,TORRE,COLISÃO LATERAL,,0,0,0,0,0,0,0,0,0,1,0,,,,,,,,,,,,,,,,1831,202317046
2023-07-25T00:00:00,01:14:00,COM VÍTIMA,FINALIZADA,IBURA,AV RIO SAO FRANCISCO,3,294,,PROXIMO A MERCEARIA DO JUCA E ASSEMBLEIA DE DEUS,,,,IBURA,COLISÃO LATERAL,,0,0,0,0,0,0,0,0,0,1,0,,,,,,,,,,,,,,,,1832,202317052
2023-07-25T00:00:00,01:21:00,COM VÍTIMA,FINALIZADA,MADALENA,RUA JOAO IVO DA SILVA,4,1471,,SAIDA DO TUNEL DA ABOLIÇÃO E PROXIMO AO POSTO PETROVIA,,,,MADALENA,QUEDA,,0,0,0,0,0,0,0,0,0,1,0,,,,,,,,,,,,,,,,1833,202317054
2023-07-25T00:00:00,02:15:00,COM VÍTIMA,FINALIZADA,ARRUDA,AV BEBERIBE,0,,,PROXIMO AO BOMPREÇO,,,,ARRUDA,COLISÃO LATERAL,,0,0,0,0,0,0,0,0,0,1,0,,,,,,,,,,,,,,,,1834,202317057
2023-07-25T00:00:00,03:27:00,COM VÍTIMA,FINALIZADA,ARRUDA,AV BEBERIBE,0,,,EM FRENTE AO ARMAZÉM CORAL,,,,ARRUDA,COLISÃO TRANSVERSAL,,1,1,0,0,0,0,0,0,0,2,0,,,,,,,,,,,,,,,,1835,202317061
2023-07-25T00:00:00,04:22:00,COM VÍTIMA,FINALIZADA,MACAXEIRA,RUA ANITA,3,249,,PROX AO CAMPO DO UNIAO  E O MERCADINHO SAO SEBASTIÃO,,,,MACAXEIRA,ATROPELAMENTO DE PESSOA,,1,0,0,0,1,0,0,0,0,1,0,,,,,,,,,,,,,,,,1836,202317068
2023-07-25T00:00:00,05:56:00,COM VÍTIMA,FINALIZADA,TORRE,RUA MARCOS ANDRE,3,459,,EM FRENTE AO CARREFOUR,,,,TORRE,COLISÃO LATERAL,,0,0,0,0,0,0,0,0,0,1,0,,,,,,,,,,,,,,,,1839,202317075
2023-07-25T00:00:00,07:04:00,COM VÍTIMA,FINALIZADA,SANTO AMARO,AV GOVERNADOR AGAMENON MAGALHAES,0,,AV JOAO DE BARROS,APÓS A CEF AGAMENOM MAGALHÃES - SOBRE O VIADUTO - SENTIDO OLINDA,,,,SANTO AMARO,QUEDA,,0,1,0,0,0,0,0,0,0,1,0,,SUBURBIO,,,,,,,,,,,,,,1841,202317077
2023-07-26T00:00:00,06:15:00,COM VÍTIMA,FINALIZADA,IMBIRIBEIRA,AV PINHEIROS,0,,RUA DAVID KAUFFMAN,PROX A ACADEMIA DE MARQUINHOS,,,,IMBIRIBEIRA,QUEDA,,0,1,0,0,0,0,0,0,0,1,0,,,,,,,,,,,,,,,,1845,202317090
2023-07-26T00:00:00,08:27:00,COM VÍTIMA,FINALIZADA,SANTO AMARO,AV CRUZ CABUGA,0,,AV NORTE MIGUEL ARRAES DE ALENCAR,,,,,SANTO AMARO,COLISÃO FRONTAL,,1,1,0,0,0,0,0,0,0,1,0,,,,,,,,,,,,,,,,1846,202317100
2023-07-26T00:00:00,08:27:00,COM VÍTIMA,FINALIZADA,RECIFE,C SANTA RITA,0,,,AO LADO DO NOVO HOTEL,,,,BAIRRO DO RECIFE,COLISÃO FRONTAL,,2,0,0,0,0,0,0,0,0,1,0,,,,,,,,,,,,,,,,1847,202317101
2023-07-26T00:00:00,09:47:00,COM VÍTIMA,FINALIZADA,AGUA FRIA,AV BEBERIBE,4,1701,RUA ABDON LIMA,EM FRENTE AO MERCADÃO DO  ÓLEO,,,,AGUA FRIA,CHOQUE,,1,0,0,0,0,1,0,0,0,1,0,,,,,,,,,,,,,,,,1848,202317109
2023-07-26T00:00:00,09:58:00,COM VÍTIMA,FINALIZADA,SITIO DOS PINTOS,RUA MANUEL DE MEDEIROS,0,,,PROX A UFRPE,,,,SITIO DOS PINTOS,COLISÃO TRASEIRA,,1,1,0,0,0,0,0,0,0,1,0,,,,,,,,,,,,,,,,1849,202317110
2023-07-26T00:00:00,10:13:00,COM VÍTIMA,FINALIZADA,LINHA DO TIRO,RUA URIEL DE HOLANDA,0,,,PROX AO TERMINAL DE ONIBUS DA LINHA DO TIRO / EM FRENTE A LOJA MAZINHOS MOTOS,,,,LINHA DO TIRO,COLISÃO LATERAL,,0,0,1,0,0,0,0,0,0,1,0,,,,,,,,,,,,,,,,1850,202317112
2023-07-26T00:00:00,10:42:00,COM VÍTIMA,FINALIZADA,SANTO AMARO,AV GOVERNADOR AGAMENON MAGALHAES,0,,,APOS A CHEVROLET / SENTIDO BOA VIAGEM,,,,SANTO AMARO,COLISÃO LATERAL,,0,1,0,0,0,0,0,0,0,1,0,,,,,,,,,,,,,,,,1852,202317117