data,hora,natureza_acidente,situacao,bairro,endereco,,numero,detalhe_endereco_acidente,complemento,endereco_cruzamento,numero_cruzamento,referencia_cruzamento,bairro_cruzamento,tipo,descricao,auto,moto,ciclom,ciclista,pedestre,onibus,caminhao,viatura,outros,vitimas,vitimasfatais,num_semaforo,sentido_via,acidente_verificado,tempo_clima,situacao_semaforo,sinalizacao,condicao_via,conservacao_via,ponto_controle,situacao_placa,velocidade_max_via,mao_direcao,divisao_via1,divisao_via2,divisao_via3,_id,Protocolo
2023-07-26T00:00:00,10:45:00,COM VÍTIMA,FINALIZADA,ENCRUZILHADA,RUA FERNANDO CESAR,0,,,PROX AO MERCADO PUBLICO / AO LADO DA PRAÇA,,,,ENCRUZILHADA,COLISÃO FRONTAL,,0,1,0,0,0,0,0,0,0,1,0,,,,,,,,,,,,,,,,1853,202317118
2023-07-26T00:00:00,11:29:00,COM VÍTIMA,FINALIZADA,AREIAS,AV RECIFE,4,4869,AV CAPITAO GREGORIO DE CALDAS,"PROX AO HM VEÍCULOS / SENTIDO BOA VIAGEM , ANTES DO CARREFOUR / ANTIGO BOMPREÇO",,,,AREIAS,COLISÃO TRANSVERSAL,,0,1,0,0,0,0,0,0,0,1,0,494,,,,,,,,,,,,,,,1854,202317122
2023-07-26T00:00:00,11:34:00,VÍTIMA FATAL,FINALIZADA,SANTO AMARO,RUA DO POMBAL,0,,RUA FREI CASSIMIRO,PROX. A ANTIGA CTTU,,,,SANTO AMARO,COLISÃO FRONTAL,,1,1,0,0,0,0,0,0,0,0,1,,,,,,,,,,,,,,,,1855,202317124
2023-07-26T00:00:00,12:02:00,COM VÍTIMA,FINALIZADA,SANTO AMARO,AV GOVERNADOR AGAMENON MAGALHAES,0,,,DE FRENTE AO TACARUNA,,,,SANTO AMARO,COLISÃO FRONTAL,,1,1,0,0,0,0,0,0,0,1,0,,,,,,,,,,,,,,,,1856,202317128
2023-07-26T00:00:00,03:01:00,COM VÍTIMA,FINALIZADA,SOLEDADE,AV JOAO DE BARROS,3,452,,EM FRNTE AOS BOMBEIROS,,,,SOLEDADE,COLISÃO TRASEIRA,,3,0,0,0,0,0,0,0,0,1,0,,,,,,,,,,,,,,,,1858,202317142
2023-07-26T00:00:00,04:25:00,COM VÍTIMA,FINALIZADA,SANTO ANTONIO,PRC DA REPUBLICA,0,,,TRIBUNAL DA JUSTIÇA DE PE,,,,SANTO ANTONIO,ATROPELAMENTO DE PESSOA,,0,1,0,1,0,0,0,0,0,1,0,,,,,,,,,,,,,,,,1859,202317151
2023-07-26T00:00:00,07:11:00,COM VÍTIMA,FINALIZADA,CORDEIRO,RUA PAES CABRAL,3,314,,PRÓXIMO AO BAR DO VAPOR,,,,CORDEIRO,COLISÃO TRANSVERSAL,,1,1,0,0,0,0,0,0,0,1,0,,,,,,,,,,,,,,,,1860,202317158
2023-07-26T00:00:00,08:31:00,COM VÍTIMA,FINALIZADA,JARDIM SAO PAULO,RUA LEANDRO BARRETO,0,,,EM CIMA DO VIADUTO,,,,JARDIM SAO PAULO,COLISÃO LATERAL,,0,1,0,0,0,0,0,0,0,1,0,,,,,,,,,,,,,,,,1861,202317161
2023-07-26T00:00:00,09:09:00,COM VÍTIMA,FINALIZADA,SAN MARTIN,RUA BONIFACIO DE ANDRADE,3,301,,PRÓXIMO AO POSTO DE SAÚDE,,,,SAN MARTIN,COLISÃO TRANSVERSAL,,0,1,0,0,0,0,0,0,0,1,0,,,,,,,,,,,,,,,,1863,202317163
2023-07-27T00:00:00,03:05:00,COM VÍTIMA,FINALIZADA,IBURA,AV DOIS RIOS,0,,,ENTRADA DO IBURA / SUPERMERCADO MR,,,,IBURA,CAPOTAMENTO,,1,0,0,0,0,0,0,0,0,3,0,,,,,,,,,,,,,,,,1867,202317170
2023-07-27T00:00:00,06:07:00,COM VÍTIMA,FINALIZADA,PINA,PTE VICE PRESIDENTE JOSE ALENCAR,0,,,"PONTE ESTAIADA, ACESSO AO RIO MAR",,,,PINA,,,0,1,0,0,0,0,0,1,0,1,0,,,,,,,,,,,,,,,,1868,202317178
2023-07-27T00:00:00,07:03:00,COM VÍTIMA,FINALIZADA,TAMARINEIRA,EST DO ARRAIAL,0,,,PROX A CASAS JOSE ARAUJO,,,,TAMARINEIRA,COLISÃO LATERAL,,0,2,0,0,0,0,0,0,0,1,0,,,,,,,,,,,,,,,,1869,202317180
2023-07-27T00:00:00,07:04:00,COM VÍTIMA,FINALIZADA,ARRUDA,RUA DAS MOCAS,3,933,,EM FRENTE AO BIBOX / POR TRÁS DO CAMPO DO SANTA CRUZ,,,,ARRUDA,COLISÃO LATERAL,,0,1,0,0,0,0,0,0,0,1,0,,,,,,,,,,,,,,,,1870,202317181
2023-07-27T00:00:00,07:20:00,COM VÍTIMA,FINALIZADA,BOA VIAGEM,AV BOA VIAGEM,0,,,ANTES DO PARQUE DONA LINDU / PROX AO QUIOSQUE BEIRA MAR 51,,,,BOA VIAGEM,COLISÃO FRONTAL,,0,1,0,0,0,0,0,0,0,1,0,,,,,,,,,,,,,,,,1871,202317185
2023-07-27T00:00:00,08:27:00,COM VÍTIMA,FINALIZADA,ESTANCIA,AV DR JOSE RUFINO,0,,RUA BARAO DE BUIQUE,PRÓXIMO AO COLEGIO VISÃO,,,,ESTANCIA,COLISÃO LATERAL,,1,1,0,0,0,0,0,0,0,1,0,,,,,,,,,,,,,,,,1872,202317188
2023-07-27T00:00:00,08:59:00,COM VÍTIMA,FINALIZADA,SANTO AMARO,AV GOVERNADOR AGAMENON MAGALHAES,0,,,EM FRENTE AO ANTIGA FABRICA DO TACARUNA / DEPOIS DA CHEVROLET / SENTIDO BOA VIAGEM,,,,SANTO AMARO,COLISÃO LATERAL,,0,2,0,0,0,0,0,0,0,2,0,,,,,,,,,,,,,,,,1873,202317192
2023-07-27T00:00:00,10:32:00,COM VÍTIMA,FINALIZADA,BOA VIAGEM,AV CELSO FURTADO,4,1773,,PROX AO BIG BOMPREÇO / APOS A DESCIDA DO VIADUTO,,,,BOA VIAGEM,QUEDA,,0,1,0,0,0,0,0,0,0,1,0,,,,,,,,,,,,,,,,1874,202317197
2023-07-27T00:00:00,10:47:00,COM VÍTIMA,FINALIZADA,VARZEA,RUA BRASUELA,1,7,,PROX AO BAR DO CARECA / E AO CANO DA COMPESA,,,,VARZEA,COLISÃO LATERAL,,1,0,0,0,0,0,0,0,0,1,0,,,,,,,,,,,,,,,,1875,202317201
2023-07-27T00:00:00,10:55:00,COM VÍTIMA,FINALIZADA,TORRE,RUA PROFESSOR TRAJANO DE MENDONCA,3,181,,APOS O POSTO DE GASOLINA SHELL / PROX AO ATACADO DOS PRESENTES,,,,TORRE,COLISÃO FRONTAL,,0,1,0,0,0,0,0,0,0,1,0,,,,,,,,,,,,,,,,1876,202317202
2023-07-27T00:00:00,11:12:00,COM VÍTIMA,FINALIZADA,MORRO DA CONCEICAO,COR DO BARTOLOMEU,0,,,PROX A RODINHA  /E PIZZARIA SORVETÃO,,,,MORRO DA CONCEICAO,COLISÃO LATERAL,,0,1,0,0,0,0,0,0,0,1,0,,,,,,,,,,,,,,,,1877,202317203
2023-07-27T00:00:00,11:23:00,COM VÍTIMA,FINALIZADA,AREIAS,AV DR JOSE RUFINO,0,,,APOS A HONDA,,,,AREIAS,ATROPELAMENTO DE PESSOA,,0,1,0,0,1,0,0,0,0,1,0,,,,,,,,,,,,,,,,1878,202317205
2023-07-27T00:00:00,11:23:00,COM VÍTIMA,FINALIZADA,MACAXEIRA,AV NORTE MIGUEL ARRAES DE ALENCAR,0,,,E/F PARQUE DA MACAXEIRA,,,,MACAXEIRA,COLISÃO TRASEIRA,,0,0,0,0,0,1,1,0,0,1,0,,,,,,,,,,,,,,,,1879,202317206
2023-07-27T00:00:00,03:39:00,COM VÍTIMA,FINALIZADA,BONGI,EST DO BONGI,3,322,,EM FRENTE AO MOTEL COSTA AZUL/ E PROXIMO A IGREJA BATISTA,,,,BONGI,COLISÃO LATERAL,,0,0,0,0,0,0,0,0,0,1,0,,,,,,,,,,,,,,,,1880,202317225
2023-07-27T00:00:00,04:23:00,COM VÍTIMA,FINALIZADA,ARRUDA,RUA BOLIVAR,2,81,,PROXIMO AO CAMPO DO SANTA CRUZ E PROXIMO AO ARMAZEM CORAL,,,,ARRUDA,COLISÃO LATERAL,,0,0,0,0,0,0,0,0,0,1,0,,,,,,,,,,,,,,,,1881,202317227
2023-07-27T00:00:00,06:13:00,COM VÍTIMA,FINALIZADA,PINA,AV HERCULANO BANDEIRA,3,383,,IGREJA DO PINA,,,,PINA,COLISÃO TRASEIRA,,1,1,0,0,0,0,0,0,0,1,0,,,,,,,,,,,,,,,,1882,202317228
2023-07-27T00:00:00,06:26:00,COM VÍTIMA,FINALIZADA,IMBIRIBEIRA,AV ENGENHEIRO ALVES DE SOUZA,3,311,,AO LADO DO MERCADINHO QUALIMAX,,,,IMBIRIBEIRA,COLISÃO LATERAL,,1,1,0,0,0,0,0,0,0,1,0,,,,,,,,,,,,,,,,1883,202317231
2023-07-27T00:00:00,08:48:00,COM VÍTIMA,FINALIZADA,IPSEP,AV RECIFE,0,,,AV DOM HELDER CAMARA,,,,IPSEP,COLISÃO LATERAL,,1,1,0,0,0,0,0,0,0,1,0,,,,,,,,,,,,,,,,1885,202317240
2023-07-28T00:00:00,07:48:00,COM VÍTIMA,FINALIZADA,IMBIRIBEIRA,AV MARECHAL MASCARENHAS DE MORAES,0,,,EM FRENTE A JUSTIÇA FEDERAL / PROX AO AEROPORTO,,,,IMBIRIBEIRA,COLISÃO FRONTAL,,0,1,0,0,0,0,0,0,0,1,0,,,,,,,,,,,,,,,,1886,202317247
2023-07-28T00:00:00,02:11:00,COM VÍTIMA,FINALIZADA,BRASILIA TEIMOSA,AV BRASILIA FORMOSA,1,4,,PROX  AO IATE CLUBE   E/F AO QUIOSQUE DO CABO,,,,BRASILIA TEIMOSA,ATROPELAMENTO DE PESSOA,,0,1,0,0,1,0,0,0,0,1,0,,,,,,,,,,,,,,,,1889,202317289
2023-07-28T00:00:00,02:21:00,COM VÍTIMA,FINALIZADA,SAO JOSE,AV DANTAS BARRETO,0,,RUA SAO JOAO,EM FRENTE AO EDIFICIO SAN RAFAEL,,,,SAO JOSE,ATROPELAMENTO DE PESSOA,,1,0,0,0,1,0,0,0,0,1,0,54,,,,,,,,,,,,,,,1890,202317290
2023-07-28T00:00:00,04:07:00,VÍTIMA FATAL,FINALIZADA,CAXANGA,AV CAXANGA,4,2900,,MERCADO EXTRA,,,,CAXANGA,COLISÃO LATERAL,,0,1,0,0,0,1,0,0,0,0,1,,,,,,,,,,,,,,,,1892,202317303
2023-07-28T00:00:00,04:15:00,COM VÍTIMA,FINALIZADA,IBURA,RUA SANTA LEOPOLDINA,3,135,,PROX AO ESCRITORIO BAR DO IBURA DE BAIXO  PROX AV DOIS RIOS,,,,IBURA,COLISÃO LATERAL,,0,1,0,0,0,0,0,0,0,1,0,,,,,,,,,,,,,,,,1893,202317304
2023-07-28T00:00:00,10:19:00,COM VÍTIMA,FINALIZADA,HIPODROMO,RUA MARQUES DE BAIPENDI,4,1115,,PRÓXIMO A PRAÇA MENDES SÁ,,,,HIPODROMO,COLISÃO LATERAL,,0,1,0,0,0,0,0,0,0,1,0,,,,,,,,,,,,,,,,1895,202317323
2023-07-29T00:00:00,10:57:00,COM VÍTIMA,FINALIZADA,SANTO AMARO,AV GOVERNADOR AGAMENON MAGALHAES,0,,,AO LADO SHOPPING TACARUNA / SENTIDO RECIFE,,,,SANTO AMARO,COLISÃO FRONTAL,,0,1,0,0,0,0,0,0,0,1,0,,,,,,,,,,,,,,,,1897,202317355
2023-07-29T00:00:00,02:25:00,COM VÍTIMA,FINALIZADA,BOA VIAGEM,RUA SIDERAL,3,358,,PROXIMO AO RESTAURANTE DONA GULA,,,,BOA VIAGEM,COLISÃO LATERAL,,0,0,0,0,0,0,0,0,0,1,0,,,,,,,,,,,,,,,,1898,202317366
2023-07-29T00:00:00,07:07:00,COM VÍTIMA,FINALIZADA,TAMARINEIRA,RUA CONEGO BARATA,3,718,,PRÓXIMO AO DNOCS,,,,TAMARINEIRA,COLISÃO TRANSVERSAL,,0,2,0,0,0,0,0,0,0,1,0,,,,,,,,,,,,,,,,1899,202317388
2023-07-29T00:00:00,07:16:00,COM VÍTIMA,FINALIZADA,MADALENA,RUA JOAO IVO DA SILVA,4,1528,,"APOS O TUNEL DA ABOLIÇÃO,  PROX AO POSTO DE GASOLINA",,,,MADALENA,COLISÃO TRANSVERSAL,,1,1,0,0,0,0,0,0,0,2,0,,,,,,,,,,,,,,,,1900,202317389
2023-07-29T00:00:00,08:05:00,COM VÍTIMA,FINALIZADA,ARRUDA,RUA DAS MOCAS,3,859,RUA ZEFERINO AGRA,EM FRENTE A COMEDORIA CACULÉ,,,,ARRUDA,COLISÃO LATERAL,,1,1,0,0,0,0,0,0,0,1,0,,,,,,,,,,,,,,,,1901,202317392
2023-07-30T00:00:00,12:16:00,COM VÍTIMA,FINALIZADA,MANGABEIRA,AV NORTE MIGUEL ARRAES DE ALENCAR,4,6067,,RUA TENENTE GONÇALVES E/F AO SESC DA AV NORTE,,,,MANGABEIRA,COLISÃO LATERAL,,0,1,0,0,0,0,0,0,0,1,0,,SUBURBIO,,,,,,,,,,,,,,1903,202317432
2023-07-30T00:00:00,12:18:00,COM VÍTIMA,FINALIZADA,ALTO SANTA TEREZINHA,AV ANIBAL BENEVOLO,3,867,,APOS O COMPAZ DO ALTO SANTA TEREZINHA PROX AO ANTIGO MERDINHIO PASSIRA PROX A RUA DA FEIRA,,,,ALTO SANTA TERESINHA,COLISÃO LATERAL,,0,1,0,0,0,0,0,0,0,1,0,,,,,,,,,,,,,,,,1904,202317433
2023-07-30T00:00:00,12:52:00,COM VÍTIMA,FINALIZADA,JORDAO,RUA NOVA CANAA,2,24,,PX AO TERMINAL DO JORDAO BAIXO E AO SUPEMRERCADO ECONOMICO,,,,JORDAO,COLISÃO FRONTAL,,1,1,0,0,0,0,0,0,0,2,0,,,,,,,,,,,,,,,,1905,202317435
2023-07-30T00:00:00,05:49:00,COM VÍTIMA,FINALIZADA,BOA VIAGEM,RUA CAMBOIM,3,210,RUA DEZ DE JULHO,"EM FRENTE A MEISO CRISTAL ,PROX A ESTAÇÃO DO METRO DO AEROPORTO",,,,BOA VIAGEM,COLISÃO FRONTAL,,1,1,0,0,0,0,0,0,0,1,0,,SUBURBIO,,,,,,,,,,,,,,1906,202317451
2023-07-30T00:00:00,07:33:00,COM VÍTIMA,FINALIZADA,BOA VIAGEM,RUA CAMBOIM,3,639,,PROX. AO RESTAURANTE MANIA CASEIRA,,,,BOA VIAGEM,COLISÃO LATERAL,,0,1,0,0,0,0,0,0,0,1,0,,,,,,,,,,,,,,,,1907,202317454
2023-07-30T00:00:00,08:09:00,COM VÍTIMA,FINALIZADA,VARZEA,AV AFONSO OLINDENSE,0,,,PRÓXIMO A LOMBADA ELETRÔNICA,,,,VARZEA,COLISÃO LATERAL,,1,1,0,0,0,0,0,0,0,1,0,,,,,,,,,,,,,,,,1908,202317455
2023-07-30T00:00:00,08:16:00,COM VÍTIMA,FINALIZADA,VASCO DA GAMA,RUA VASCO DA GAMA,4,1538,,PROXIMO AO SESI DO VASCO,,,,VASCO DA GAMA,COLISÃO LATERAL,,0,1,0,0,0,0,0,0,0,1,0,,,,,,,,,,,,,,,,1909,202317456
2023-07-30T00:00:00,10:24:00,COM VÍTIMA,FINALIZADA,BOA VIAGEM,RUA ATLANTICO,2,69,,CONDOMINIO ESTUDIO EVERESTI,,,,BOA VIAGEM,COLISÃO FRONTAL,,3,0,0,0,0,0,0,0,0,1,0,,,,,,,,,,,,,,,,1910,202317457
2023-07-30T00:00:00,11:32:00,COM VÍTIMA,FINALIZADA,IPUTINGA,1TR SANTA LUCIA,2,73,,PROXIMO AO FITEIRO DO DOUGLAS,,,,IPUTINGA,COLISÃO LATERAL,,0,1,0,0,0,0,0,0,0,1,0,,,,,,,,,,,,,,,,1911,202317458
2023-07-31T00:00:00,08:08:00,COM VÍTIMA,FINALIZADA,SANTO ANTONIO,RUA IMPERADOR PEDRO SEGUNDO,3,167,,EM FRENTE A SECRETÁRIA DA FAZENDA,,,,SANTO ANTONIO,COLISÃO LATERAL,,1,1,0,0,0,0,0,0,0,1,0,,,,,,,,,,,,,,,,1912,202317470
2023-07-31T00:00:00,09:10:00,COM VÍTIMA,FINALIZADA,AREIAS,RUA CARUARU,2,22,,PRAÇA DA LAVADEIRAS,,,,AREIAS,COLISÃO LATERAL,,1,1,0,0,0,0,0,0,0,1,0,,,,,,,,,,,,,,,,1913,202317475
2023-07-31T00:00:00,09:51:00,COM VÍTIMA,FINALIZADA,SANTO AMARO,RUA TREZE DE MAIO,3,975,,PX A BORRACHARIA MODESTO RUA DO SESC SENTIDO AVENIDA NORTE,,,,SANTO AMARO,COLISÃO LATERAL,,1,1,0,0,0,0,0,0,0,1,0,,,,,,,,,,,,,,,,1914,202317477
2023-07-31T00:00:00,10:08:00,COM VÍTIMA,FINALIZADA,ILHA DO LEITE,AV GOVERNADOR AGAMENON MAGALHAES,2,89,,EM FRENTE AO HOSPITAL PORTUGUES,,,,ILHA DO LEITE,COLISÃO LATERAL,,0,1,0,0,0,0,0,0,0,1,0,,,,,,,,,,,,,,,,1915,202317480
2023-07-31T00:00:00,02:48:00,COM VÍTIMA,FINALIZADA,SANTO AMARO,RUA TREZE DE MAIO,4,1981,,BORRACHARIA MODESTO,,,,SANTO AMARO,COLISÃO LATERAL,,0,0,0,0,0,0,0,0,0,1,0,,,,,,,,,,,,,,,,1916,202317504
2023-07-31T00:00:00,03:01:00,COM VÍTIMA,FINALIZADA,SANTO AMARO,AV CRUZ CABUGA,0,,,ASSEMBLEIA DE DEUS/ESTAÇÃO BRT,,,,SANTO AMARO,COLISÃO LATERAL,,0,0,0,0,0,0,0,0,0,1,0,,,,,,,,,,,,,,,,1917,202317505
2023-07-31T00:00:00,05:59:00,COM VÍTIMA,FINALIZADA,IBURA,RUA RIO UNA,3,471,,AUTO ESCOLA ARCO IRIS,,,,IBURA,COLISÃO LATERAL,,0,0,0,0,0,0,0,0,0,1,0,,,,,,,,,,,,,,,,1918,202317515
2023-07-31T00:00:00,06:16:00,COM VÍTIMA,FINALIZADA,IMBIRIBEIRA,AV MARECHAL MASCARENHAS DE MORAES,0,,,EM FRENTE A UNIVERSO / SENTIDO AEROPORTO,,,,IMBIRIBEIRA,ATROPELAMENTO DE PESSOA,,0,1,0,0,1,0,0,0,0,1,0,,,,,,,,,,,,,,,,1919,202317516
2023-07-31T00:00:00,06:23:00,COM VÍTIMA,FINALIZADA,IBURA,AV JORNALISTA COSTA PORTO,3,853,,COMPESA,,,,IBURA,COLISÃO LATERAL,,0,0,0,0,0,0,0,0,0,1,0,,,,,,,,,,,,,,,,1920,202317517
2023-07-31T00:00:00,07:48:00,COM VÍTIMA,FINALIZADA,AREIAS,AV TAPAJOS,3,642,,APOS O MERCADINHO FIGUEROA,,,,AREIAS,COLISÃO LATERAL,,1,1,0,0,0,0,0,0,0,1,0,,,,,,,,,,,,,,,,1922,202317527
2023-07-31T00:00:00,09:22:00,COM VÍTIMA,FINALIZADA,ARRUDA,AV PROFESSOR JOSE DOS ANJOS,4,2168,,PROXIMO AO ANTIGO DNOCS,,,,ARRUDA,COLISÃO TRASEIRA,,0,2,0,0,0,0,0,0,0,1,0,,,,,,,,,,,,,,,,1924,202317530
2023-07-31T00:00:00,10:32:00,COM VÍTIMA,FINALIZADA,SANTO AMARO,AV GOVERNADOR AGAMENON MAGALHAES,0,,,COM   A RUA  ODORICO MENDES,,,,SANTO AMARO,ATROPELAMENTO DE PESSOA,,1,0,0,0,1,0,0,0,0,1,0,,,,,,,,,,,,,,,,1926,202317533
2023-07-31T00:00:00,10:49:00,COM VÍTIMA,FINALIZADA,CASA AMARELA,EST DO ARRAIAL,4,2672,,PRÓXIMO AO SITIO DA TRINDADE,,,,CASA AMARELA,COLISÃO LATERAL,,1,1,0,0,0,0,0,0,0,1,0,,,,,,,,,,,,,,,,1927,202317534
2023-08-01T00:00:00,07:42:00,COM VÍTIMA,FINALIZADA,JARDIM SAO PAULO,AV RECIFE,0,,,POSTO IPIRANGA,,,,JARDIM SAO PAULO,COLISÃO FRONTAL,,0,1,0,0,0,1,0,0,0,1,0,704,BOA VIAGEM,,,,,,,,,,,,,,1929,202317548
2023-08-01T00:00:00,08:44:00,COM VÍTIMA,FINALIZADA,BOA VIAGEM,AV FERNANDO SIMOES BARBOSA,3,196,,PROX AO BAR DO CUSCUZ E PROX EDF SOBRADO IMPERIAL,,,,BOA VIAGEM,QUEDA,,0,1,0,0,0,0,0,0,0,1,0,,,,,,,,,,,,,,,,1930,202317559
2023-08-01T00:00:00,01:18:00,COM VÍTIMA,FINALIZADA,BARRO,AV DR JOSE RUFINO,4,2870,,COLÉGIO CASTELO BRANCO,,,,BARRO,COLISÃO LATERAL,,0,0,0,0,0,0,0,0,0,1,0,,,,,,,,,,,,,,,,1933,202317577
2023-08-01T00:00:00,02:19:00,COM VÍTIMA,FINALIZADA,ILHA DO LEITE,RUA FRANCISCO ALVES,3,364,,ESTAC. SAN PARK,,,,ILHA DO LEITE,COLISÃO LATERAL,,1,1,0,0,0,0,0,0,0,1,0,,,,,,,,,,,,,,,,1934,202317582
2023-08-01T00:00:00,02:19:00,COM VÍTIMA,FINALIZADA,ESPINHEIRO,AV GOVERNADOR AGAMENON MAGALHAES,4,6608,,UPE / MINISTÉRIO DO TRABALHO,,,,ESPINHEIRO,COLISÃO LATERAL,,1,1,0,0,0,0,0,0,0,1,0,,,,,,,,,,,,,,,,1935,202317583
2023-08-01T00:00:00,04:30:00,COM VÍTIMA,FINALIZADA,BOA VISTA,AV JOAO DE BARROS,4,1999,,EM FRENTE A NEO ENERGIA,,,,BOA VISTA,COLISÃO LATERAL,,0,0,0,0,0,0,0,0,0,1,0,,,,,,,,,,,,,,,,1937,202317597
2023-08-01T00:00:00,05:15:00,COM VÍTIMA,FINALIZADA,IBURA,AV RECIFE,3,433,,ARMAZEM CORAL,,,,IBURA,COLISÃO LATERAL,,0,0,0,0,0,0,0,0,0,1,0,,,,,,,,,,,,,,,,1939,202317603
2023-08-01T00:00:00,06:53:00,COM VÍTIMA,FINALIZADA,CAXANGA,AV CAXANGA,4,2296,,UPA CAXANGÁ,,,,CAXANGA,COLISÃO LATERAL,,0,0,0,0,0,0,0,0,0,1,0,,,,,,,,,,,,,,,,1940,202317612
2023-08-01T00:00:00,07:28:00,COM VÍTIMA,FINALIZADA,CAMPO GRANDE,RUA JERONIMO VILELA,3,644,,PRÓXIMO AO MERCADINHO BOM JESUS,,,,CAMPO GRANDE,ATROPELAMENTO DE PESSOA,,0,1,0,0,0,0,0,0,0,1,0,,,,,,,,,,,,,,,,1941,202317615
2023-08-02T00:00:00,07:00:00,COM VÍTIMA,FINALIZADA,TORROES,AV ENGENHEIRO ABDIAS DE CARVALHO,4,5920,,"EM FRENTE A DLT APOS O POSTO DA ABDIAS, E PROX AO POSTO SHELL",,,,TORROES,COLISÃO FRONTAL,,0,1,0,0,0,0,0,0,0,1,0,,,,,,,,,,,,,,,,1942,202317623
2023-08-02T00:00:00,08:43:00,COM VÍTIMA,FINALIZADA,ILHA DO RETIRO,RUA TABAIARES,0,,,ED. RITA DE CASIA,,,,ILHA DO RETIRO,ATROPELAMENTO DE PESSOA,,1,0,0,0,1,0,0,0,0,1,0,,,,,,,,,,,,,,,,1943,202317632
2023-08-02T00:00:00,09:33:00,COM VÍTIMA,FINALIZADA,SOLEDADE,RUA DO PRINCIPE,3,682,,PROX A UNIVERSIDADE A CATOLICA,,,,SOLEDADE,COLISÃO FRONTAL,,0,1,0,0,0,0,0,0,0,1,0,,,,,,,,,,,,,,,,1944,202317638
2023-08-02T00:00:00,10:23:00,COM VÍTIMA,FINALIZADA,IPSEP,AV SALDANHA MARINHO,3,315,,VINDO PELA AV RECIFE  SENTIDO CIDADE UNIVERSITARIA,,,,IPSEP,COLISÃO LATERAL,,1,1,0,0,0,0,0,0,0,1,0,,,,,,,,,,,,,,,,1945,202317645
2023-08-02T00:00:00,12:25:00,COM VÍTIMA,FINALIZADA,NOVA DESCOBERTA,RUA CORREGO DA AREIA,4,1183,,PROXIMO A PADARIA ADRIANA E TERMINAL DO CORREGO DA AREIA,,,,NOVA DESCOBERTA,QUEDA,,0,1,0,0,0,0,0,0,0,1,0,,,,,,,,,,,,,,,,1946,202317655
2023-08-02T00:00:00,03:15:00,COM VÍTIMA,FINALIZADA,SAO JOSE,AV SUL,4,1450,,APOS O PONTILHAO DO METYRO E/F A PORTELA  MATERIAL DE CONSTRUÇOES,,,,SAO JOSE,COLISÃO TRASEIRA,,0,2,0,0,0,0,0,0,0,1,0,,,,,,,,,,,,,,,,1950,202317674
2023-08-02T00:00:00,03:27:00,COM VÍTIMA,FINALIZADA,CASA AMARELA,AV NORTE MIGUEL ARRAES DE ALENCAR,5,11460,,ANTES DA IGREJA DO AMOR,,,,CASA AMARELA,COLISÃO LATERAL,,0,0,0,0,0,0,0,0,0,1,0,,,,,,,,,,,,,,,,1952,202317677
2023-08-02T00:00:00,03:35:00,COM VÍTIMA,FINALIZADA,CASA FORTE,AV DEZESSETE DE AGOSTO,4,1055,,MCDONALDS,,,,CASA FORTE,COLISÃO LATERAL,,0,0,0,0,0,0,0,0,0,1,0,,,,,,,,,,,,,,,,1954,202317680
2023-08-02T00:00:00,04:35:00,COM VÍTIMA,FINALIZADA,DOIS UNIDOS,AV HILDEBRANDO DE VASCONCELOS,4,1000,,COLÉGIO F. PESSOA DE QUEIROZ,,,,DOIS UNIDOS,QUEDA,,0,0,0,0,0,0,0,0,0,1,0,,,,,,,,,,,,,,,,1955,202317687
2023-08-02T00:00:00,07:52:00,COM VÍTIMA,FINALIZADA,CAXANGA,RUA RIBEIRO PESSOA,0,,,A MAIS OU MENOS A 100 METROS DA UPA DA CAXANGA,,,,CAXANGA,COLISÃO FRONTAL,,0,1,0,0,0,1,0,0,0,1,0,,,,,,,,,,,,,,,,1957,202317707
2023-08-02T00:00:00,08:02:00,COM VÍTIMA,FINALIZADA,CORDEIRO,RUA DR JOAO LACERDA,3,257,,PRÓXIMO À DHPP,,,,CORDEIRO,COLISÃO TRANSVERSAL,,0,1,0,0,0,0,0,0,0,1,0,,,,,,,,,,,,,,,,1958,202317708
2023-08-03T00:00:00,01:33:00,COM VÍTIMA,FINALIZADA,PARNAMIRIM,AV PARNAMIRIM,3,255,RUA SAO SEBASTIAO,PROXIMO À PONTE DA TORRE/CARREFOUR,,,,PARNAMIRIM,COLISÃO TRANSVERSAL,,2,0,0,0,0,0,0,0,0,1,0,10,,,,,,,,,,,,,,,1960,202317711
2023-08-03T00:00:00,07:47:00,COM VÍTIMA,FINALIZADA,SAO JOSE,AV SUL,4,1450,,SEMÁFARO 260,,,,SAO JOSE,COLISÃO LATERAL,,1,1,0,0,0,0,0,0,0,1,0,,,,,,,,,,,,,,,,1961,202317724
2023-08-03T00:00:00,07:54:00,COM VÍTIMA,FINALIZADA,ESPINHEIRO,AV GOVERNADOR AGAMENON MAGALHAES,4,2656,,NA DECIDA DO VIATUDO AGAMENON MAGALHAES / PROX AO EMPRESARIAL AGAMENON MAGALHAES E PROX AO SEMAFORO 711,,,,ESPINHEIRO,COLISÃO TRASEIRA,,1,1,0,0,0,0,0,0,0,1,0,,,,,,,,,,,,,,,,1962,202317725
2023-08-03T00:00:00,08:03:00,COM VÍTIMA,FINALIZADA,ENCRUZILHADA,RUA DONA ELVIRA,0,,,PROX A MARTENIDADE CISAM / PROX AO SUPERMERCADO QUINTADARIA,,,,ENCRUZILHADA,COLISÃO FRONTAL,,1,1,0,0,0,0,0,0,0,1,0,,,,,,,,,,,,,,,,1963,202317727
2023-08-03T00:00:00,08:27:00,COM VÍTIMA,FINALIZADA,ILHA JOANA BEZERRA,RUA CAPITAO TEMUDO,0,,,COMEÇO DO VIADUTO SENTIDO BOA VIAGEM / PROX AO FORUM DE JOANA BEZERRA,,,,JOANA BEZERRA,COLISÃO LATERAL,,1,1,0,0,0,0,0,0,0,1,0,,,,,,,,,,,,,,,,1964,202317728
2023-08-03T00:00:00,09:23:00,COM VÍTIMA,FINALIZADA,IMBIRIBEIRA,AV SUL,0,,,ATRÁS DA LOJA CAOA CHERY / PROX A ESTAÇÃO DE METRO DA IMBIRIBEIRA,,,,IMBIRIBEIRA,COLISÃO COM CICLISTA,,1,0,0,1,0,0,0,0,0,1,0,,,,,,,,,,,,,,,,1966,202317738