data,hora,natureza_acidente,situacao,bairro,endereco,,numero,detalhe_endereco_acidente,complemento,endereco_cruzamento,numero_cruzamento,referencia_cruzamento,bairro_cruzamento,tipo,descricao,auto,moto,ciclom,ciclista,pedestre,onibus,caminhao,viatura,outros,vitimas,vitimasfatais,num_semaforo,sentido_via,acidente_verificado,tempo_clima,situacao_semaforo,sinalizacao,condicao_via,conservacao_via,ponto_controle,situacao_placa,velocidade_max_via,mao_direcao,divisao_via1,divisao_via2,divisao_via3,_id,Protocolo
2023-09-12T00:00:00,08:39:00,COM VÍTIMA,FINALIZADA,JAQUEIRA,AV RUI BARBOSA,0,,,EM FRENTE AO  HOPSITAL MARIA LUCIDA / PROX AO AMAIS DIAGNOSTICO,,,,JAQUEIRA,COLISÃO FRONTAL,,1,1,0,0,0,0,0,0,0,1,0,,,,,,,,,,,,,,,,2502,202321145
2023-09-12T00:00:00,10:15:00,COM VÍTIMA,FINALIZADA,SANTO AMARO,AV DR JAYME DA FONTE,3,298,,PROX A COMPESA,,,,SANTO AMARO,COLISÃO COM CICLISTA,,1,0,0,1,0,0,0,0,0,1,0,,SUBURBIO,,,,,,,,,,,,,,2504,202321153
2023-09-12T00:00:00,11:11:00,COM VÍTIMA,FINALIZADA,CABANGA,PTE JOSE DE BARROS LIMA,0,,,PROXIMO AO FORUN DE JOANA BEZERRA,,,,CABANGA,COLISÃO TRASEIRA,,1,0,1,0,0,0,0,0,0,1,0,,,,,,,,,,,,,,,,2505,202321161
2023-09-12T00:00:00,11:26:00,COM VÍTIMA,FINALIZADA,CORDEIRO,AV GENERAL SAN MARTIN,0,,,DE ESQUINA COM O ATACREJO IDEAL,,,,CORDEIRO,COLISÃO LATERAL,,0,1,0,0,0,0,0,0,0,1,0,,,,,,,,,,,,,,,,2506,202321162
2023-09-12T00:00:00,11:54:00,COM VÍTIMA,FINALIZADA,CORDEIRO,AV CAXANGA,0,,RUA ANTERO MOTA,PROX A EXPOSIÇÃO DE ANIMAIS / PROX A PADARIA REPUBLICA DO PÃO - SEMÁFORO 235,,,,CORDEIRO,COLISÃO,,0,1,0,0,0,0,0,0,0,1,0,235,,,,,,,,,,,,,,,2507,202321165
2023-09-12T00:00:00,11:54:00,COM VÍTIMA,FINALIZADA,TAMARINEIRA,AV NORTE MIGUEL ARRAES DE ALENCAR,0,,,PROX A PIZZARIA IMPERIO / E  POSTO DE GASOLINA PETROBRAS,,,,TAMARINEIRA,COLISÃO,,0,1,0,0,0,0,0,0,0,1,0,,,,,,,,,,,,,,,,2508,202321166
2023-09-12T00:00:00,11:54:00,COM VÍTIMA,FINALIZADA,IMBIRIBEIRA,AV MARECHAL MASCARENHAS DE MORAES,0,,,PROX A ESTAÇÃO DE METRO DA IMBIRIBEIRA,,,,IMBIRIBEIRA,COLISÃO TRASEIRA,,1,1,0,0,0,0,0,0,0,1,0,,,,,,,,,,,,,,,,2510,202321168
2023-09-12T00:00:00,12:24:00,COM VÍTIMA,FINALIZADA,SANTO AMARO,RUA MAJOR CODECEIRA,0,,,PROX AO ATELIER ODONTOLIGICO DRA VERONICA QUEIROZ / PROX A CLINICA GRIN SELD,,,,SANTO AMARO,COLISÃO,,0,1,0,0,0,0,0,0,0,1,0,,,,,,,,,,,,,,,,2511,202321172
2023-09-12T00:00:00,01:16:00,COM VÍTIMA,FINALIZADA,BOA VISTA,RUA CLUBE NAUTICO CAPIBARIBE,2,27,,AO LADO DO CINEMA SÃO LUIZ,,,,BOA VISTA,COLISÃO LATERAL,,0,1,0,0,0,0,0,0,0,1,0,,,,,,,,,,,,,,,,2513,202321176
2023-09-12T00:00:00,01:45:00,COM VÍTIMA,FINALIZADA,CAXANGA,AV CAXANGA,0,,,PROX A FIAT ITALIANA E AO GOLF CLUBE,,,,CAXANGA,COLISÃO,,1,1,0,0,0,0,0,0,0,1,0,,,,,,,,,,,,,,,,2514,202321180
2023-09-12T00:00:00,02:47:00,COM VÍTIMA,FINALIZADA,ESPINHEIRO,RUA CONS PORTELA,3,636,,EM FRENTE A PROCURADORIA REGIONAL DO TRABALHO E PROXIMO A FARMACIA PAGUE MENOS,,,,ESPINHEIRO,COLISÃO LATERAL,,0,1,0,0,0,0,0,0,0,1,0,,,,,,,,,,,,,,,,2515,202321188
2023-09-12T00:00:00,03:06:00,COM VÍTIMA,FINALIZADA,BOA VISTA,AV OLIVEIRA LIMA,4,1051,,PROXIMO A URB E A IGREJA NOSSA SENHORA DE FATIMA,,,,BOA VISTA,COLISÃO LATERAL,,0,1,0,0,0,0,0,0,0,1,0,,,,,,,,,,,,,,,,2516,202321190
2023-09-12T00:00:00,11:00:00,COM VÍTIMA,FINALIZADA,ENCRUZILHADA,RUA CARNEIRO VILELA,3,420,,PRÓXIMO A GALERIA CONSELHEIRO PORTELA,,,,ENCRUZILHADA,COLISÃO,,0,1,0,0,0,0,0,0,0,1,0,,,,,,,,,,,,,,,,2517,202321205
2023-09-13T00:00:00,07:13:00,COM VÍTIMA,FINALIZADA,BOA VIAGEM,RUA GENERAL AMERICANO FREIRE,0,,,EM FRENTE A FARMACIA PAGUE MENOS,,,,BOA VIAGEM,COLISÃO TRANSVERSAL,,0,1,0,0,0,0,0,0,0,1,0,,,,,,,,,,,,,,,,2518,202321212
2023-09-13T00:00:00,07:54:00,COM VÍTIMA,FINALIZADA,IBURA,RUA JOAO CORDEIRO DE SOUZA,0,,,EM FRENTE A IGREJA BATISTA MISSIONÁRIA,,,,IBURA,COLISÃO FRONTAL,,1,1,0,0,0,0,0,0,0,1,0,,,,,,,,,,,,,,,,2520,202321215
2023-09-13T00:00:00,08:24:00,COM VÍTIMA,FINALIZADA,IMBIRIBEIRA,AV MARECHAL MASCARENHAS DE MORAES,0,,,PROX AO ARMAZEM CORAL E PROX A PRO ART,,,,IMBIRIBEIRA,COLISÃO,,0,1,0,0,0,0,0,0,0,1,0,286,,,,,,,,,,,,,,,2521,202321218
2023-09-13T00:00:00,09:27:00,COM VÍTIMA,FINALIZADA,CAXANGA,RUA CLAUDIO BROTHERHOOD,0,,,,,,,CAXANGA,COLISÃO LATERAL,,1,1,0,0,0,0,0,0,0,1,0,235,,,,,,,,,,,,,,,2522,202321226
2023-09-13T00:00:00,10:39:00,COM VÍTIMA,FINALIZADA,COELHOS,RUA DOS COELHOS,0,,PTE JOAQUIM CARDOSO,APOS O IMIP / SOBRE O VIADUTO JOAQUIM CARDOSO,,,,COELHOS,COLISÃO TRASEIRA,,0,1,0,0,0,0,0,0,0,1,0,,,,,,,,,,,,,,,,2524,202321236
2023-09-13T00:00:00,10:48:00,COM VÍTIMA,FINALIZADA,PINA,PTE AGAMENON MAGALHAES,0,,,SOBRE A PONTE,,,,PINA,QUEDA,,0,1,0,0,0,0,0,0,0,1,0,,,,,,,,,,,,,,,,2525,202321237
2023-09-13T00:00:00,10:54:00,COM VÍTIMA,FINALIZADA,CASA FORTE,AV DEZESSETE DE AGOSTO,0,,,PRAÇA DE CASA FORTE,,,,CASA FORTE,COLISÃO LATERAL,,0,2,0,0,0,0,0,0,0,1,0,,,,,,,,,,,,,,,,2526,202321238
2023-09-13T00:00:00,11:13:00,COM VÍTIMA,FINALIZADA,ALTO DO MANDU,AV DR EURICO CHAVES,0,,,PROX A FARMACIA MANDACARU,,,,ALTO DO MANDU,COLISÃO,,0,1,0,0,0,0,0,0,0,1,0,,,,,,,,,,,,,,,,2527,202321239
2023-09-13T00:00:00,12:57:00,COM VÍTIMA,FINALIZADA,SANTO AMARO,AV NORTE MIGUEL ARRAES DE ALENCAR,0,,RUA DA AURORA,,,,,SANTO AMARO,COLISÃO TRANSVERSAL,,2,0,0,0,0,0,0,0,0,2,0,,,,,,,,,,,,,,,,2528,202321241
2023-09-13T00:00:00,02:05:00,COM VÍTIMA,FINALIZADA,IPSEP,AV RECIFE,0,,AV DOM HELDER CAMARA,ARMAZÉM CORAL,,,,IPSEP,ATROPELAMENTO DE PESSOA,,0,1,0,0,1,0,0,0,0,1,0,,,,,,,,,,,,,,,,2529,202321245
2023-09-13T00:00:00,05:52:00,COM VÍTIMA,FINALIZADA,SANTO AMARO,AV CRUZ CABUGA,0,,,EM FRENTE AO MERCADO DE SANTO AMARO,,,,SANTO AMARO,CHOQUE,,1,0,0,0,0,0,0,0,0,1,0,455,,,,,,,,,,,,,,,2531,202321257
2023-09-14T00:00:00,06:48:00,COM VÍTIMA,FINALIZADA,PRADO,AV ENGENHEIRO ABDIAS DE CARVALHO,0,,,EM FRENTE AO LABORATORIO CERPE,,,,PRADO,COLISÃO COM CICLISTA,,0,0,0,1,0,0,1,0,0,1,0,,,,,,,,,,,,,,,,2534,202321282
2023-09-14T00:00:00,07:09:00,COM VÍTIMA,FINALIZADA,AGUA FRIA,AV BEBERIBE,0,,,"APOS A LOMBADA ELETRONICA, APOS A PADARIA SUBLIME PAO",,,,AGUA FRIA,COLISÃO LATERAL,,0,1,0,0,0,0,0,0,0,1,0,,,,,,,,,,,,,,,,2535,202321287
2023-09-14T00:00:00,07:13:00,COM VÍTIMA,FINALIZADA,DERBY,RUA HENRIQUE DIAS,0,,,PROX AO RESTAURANTE COCO BAMBU / PROX AO COLEGIO DA PM,,,,DERBY,COLISÃO,,0,1,0,0,0,0,0,0,0,1,0,,,,,,,,,,,,,,,,2536,202321290
2023-09-14T00:00:00,08:03:00,COM VÍTIMA,FINALIZADA,BOMBA DO HEMETERIO,RUA BOMBA DO HEMETERIO,3,233,,PROX AO CLUBE ABANO / E PROX AO CANAL,,,,BOMBA DO HEMETERIO,COLISÃO,,0,1,0,0,0,0,0,0,0,1,0,,,,,,,,,,,,,,,,2537,202321293
2023-09-14T00:00:00,09:25:00,COM VÍTIMA,FINALIZADA,BOA VIAGEM,RUA FELIX DE BRITO E MELO,0,,,PROX. AO BANCO BRADESCO,,,,BOA VIAGEM,COLISÃO LATERAL,,0,1,0,0,0,0,0,0,0,1,0,,,,,,,,,,,,,,,,2538,202321302
2023-09-14T00:00:00,09:33:00,COM VÍTIMA,FINALIZADA,BRASILIA TEIMOSA,AV BRASILIA FORMOSA,0,,RUA PORAQUE,PROX AO BAR DO PÉ DE PORCO DO LULA,,,,BRASILIA TEIMOSA,COLISÃO LATERAL,,1,1,0,0,0,0,0,0,0,1,0,,,,,,,,,,,,,,,,2539,202321303
2023-09-14T00:00:00,11:54:00,COM VÍTIMA,FINALIZADA,IMBIRIBEIRA,AV MARECHAL MASCARENHAS DE MORAES,0,,,"EM FRENTE A FLOR ART, SENT. AEROPORTO",,,,IMBIRIBEIRA,COLISÃO TRASEIRA,,1,1,0,0,0,0,0,0,0,1,0,,,,,,,,,,,,,,,,2540,202321315
2023-09-14T00:00:00,12:30:00,COM VÍTIMA,FINALIZADA,AREIAS,AV DR JOSE RUFINO,0,,,EM FRENTE A LOJAS AMERICANAS,,,,AREIAS,COLISÃO,,0,1,0,0,0,0,0,0,0,1,0,,,,,,,,,,,,,,,,2541,202321316
2023-09-14T00:00:00,04:08:00,COM VÍTIMA,FINALIZADA,TORRE,RUA CONDE DE IRAJA,4,1121,,E/F A PRAÇA CAMPELO BARRETO,,,,TORRE,COLISÃO FRONTAL,,1,1,0,0,0,0,0,0,0,1,0,,,,,,,,,,,,,,,,2543,202321342
2023-09-14T00:00:00,07:15:00,COM VÍTIMA,FINALIZADA,IPSEP,RUA JEAN EMILE FAVRE,4,1011,,EM FRENTE AO SUPERMERCADO IGUAÇU,,,,IPSEP,COLISÃO LATERAL,,1,1,0,0,0,0,0,0,0,2,0,,,,,,,,,,,,,,,,2545,202321352
2023-09-14T00:00:00,09:27:00,COM VÍTIMA,FINALIZADA,CORDEIRO,RUA DR MIGUEL VIEIRA FERREIRA,0,,RUA CLAUDIO BROTHERHOOD,,,,,CORDEIRO,COLISÃO FRONTAL,,1,1,0,0,0,0,0,0,0,1,0,,,,,,,,,,,,,,,,2546,202321356
2023-09-15T00:00:00,07:34:00,COM VÍTIMA,FINALIZADA,SAN MARTIN,AV GENERAL SAN MARTIN,0,,,PROX A ACADEMIA SMART GYNFIT,,,,SAN MARTIN,COLISÃO LATERAL,,1,1,0,0,0,0,0,0,0,1,0,,,,,,,,,,,,,,,,2547,202321371
2023-09-15T00:00:00,10:05:00,COM VÍTIMA,FINALIZADA,ILHA DO LEITE,AV FREI MATIAS TEVES,0,,,EM FRENTE AO EDIFICIO GRAMBEL / LADO CONTRARIO AO HOSPITAL PORTUGUÊS,,,,ILHA DO LEITE,COLISÃO,,0,1,0,0,0,0,0,0,0,1,0,,,,,,,,,,,,,,,,2549,202321385
2023-09-15T00:00:00,02:37:00,COM VÍTIMA,FINALIZADA,AFOGADOS,RUA DA PAZ,0,,PRC DA PAZ,EM FRENTE AO BANCO ITAÚ   E A PLICLINICA DO LARGO DA PAZ E A ESTAÇAO DOP METRO,,,,AFOGADOS,COLISÃO LATERAL,,1,1,0,0,0,0,0,0,0,2,0,,,,,,,,,,,,,,,,2550,202321405
2023-09-15T00:00:00,05:30:00,COM VÍTIMA,FINALIZADA,SAO JOSE,AV SUL,4,4607,,PROX AO QUARTEL DO CABANGA,,,,SAO JOSE,COLISÃO LATERAL,,0,0,0,0,0,0,0,0,0,1,0,,,,,,,,,,,,,,,,2551,202321417
2023-09-15T00:00:00,05:41:00,COM VÍTIMA,FINALIZADA,IBURA,AV DOIS RIOS,4,1028,,IBURA DE BAIXO PROX AOP SESI  E/F AO POSTO SHELL,,,,IBURA,COLISÃO LATERAL,,0,2,0,0,0,0,0,0,0,1,0,,,,,,,,,,,,,,,,2552,202321418
2023-09-15T00:00:00,06:02:00,COM VÍTIMA,FINALIZADA,GRACAS,AV CONS ROSA E SILVA,0,,,EM FRENTE AO  HOSPITAL DO SERVIDOR,,,,GRACAS,COLISÃO COM CICLISTA,,1,0,0,1,0,0,0,0,0,1,0,,,,,,,,,,,,,,,,2553,202321419
2023-09-15T00:00:00,07:38:00,COM VÍTIMA,FINALIZADA,SANTO AMARO,AV DR JAYME DA FONTE,3,542,,EM FRENTE A COMPESA,,,,SANTO AMARO,COLISÃO LATERAL,,0,1,0,0,0,0,0,0,0,1,0,,,,,,,,,,,,,,,,2555,202321429
2023-09-16T00:00:00,07:23:00,COM VÍTIMA,FINALIZADA,PASSARINHO,RUA CORREGO DA BICA,0,,,EM FRENTE AO JACARE BURGUER E PROX. AO TERMINAL DE ONIBUS DE NOVA DESCOBERTA,,,,PASSARINHO,COLISÃO LATERAL,,0,1,0,0,0,0,0,0,0,1,0,,,,,,,,,,,,,,,,2559,202321455
2023-09-16T00:00:00,08:33:00,COM VÍTIMA,FINALIZADA,AFOGADOS,RUA COSME VIANA,0,,EST DOS REMEDIOS,EM FRENTE A TUPAN / E EM FRENTE A PRAÇA AO LADO  DA IGREJA DA NOSSA SENHORA DOS REMEDIOS,,,,AFOGADOS,COLISÃO,,0,1,0,0,0,0,0,0,0,1,0,,,,,,,,,,,,,,,,2560,202321458
2023-09-16T00:00:00,12:25:00,COM VÍTIMA,FINALIZADA,IMBIRIBEIRA,AV MARECHAL MASCARENHAS DE MORAES,0,,,EM FRENTE AO HOTEL AEROPORTO / PROX AO VIADUTO TRANCREDO NEVES,,,,IMBIRIBEIRA,COLISÃO,,0,1,0,0,0,0,0,0,0,1,0,,SUBURBIO,,,,,,,,,,,,,,2561,202321476
2023-09-16T00:00:00,12:28:00,COM VÍTIMA,FINALIZADA,IPSEP,RUA JEAN EMILE FAVRE,0,,,EM FRENTE A DELEGACIA DO IPSEP,,,,IPSEP,COLISÃO FRONTAL,,1,1,0,0,0,0,0,0,0,1,0,,,,,,,,,,,,,,,,2562,202321477
2023-09-16T00:00:00,12:53:00,COM VÍTIMA,FINALIZADA,APIPUCOS,RUA DE APIPUCOS,2,50,RUA DOM MALAN,,,,,APIPUCOS,COLISÃO TRANSVERSAL,,0,0,0,0,0,0,0,0,0,1,0,,,,,,,,,,,,,,,,2563,202321479
2023-09-16T00:00:00,02:38:00,COM VÍTIMA,FINALIZADA,ESPINHEIRO,RUA QUARENTA E OITO,0,,AV GOVERNADOR AGAMENON MAGALHAES,EM BAIXO DO  VIADUTO JOÃO DE BARROS,,,,ESPINHEIRO,COLISÃO TRASEIRA,,1,1,0,0,0,0,0,0,0,1,0,406,,,,,,,,,,,,,,,2564,202321485
2023-09-16T00:00:00,03:03:00,COM VÍTIMA,FINALIZADA,CORDEIRO,AV CAXANGA,0,,,E/F A EXPOSIÇAO DE ANIMAIS  S/T SUB,,,,CORDEIRO,COLISÃO TRASEIRA,,0,2,0,0,0,0,0,0,0,1,0,,,,,,,,,,,,,,,,2565,202321488
2023-09-16T00:00:00,05:30:00,COM VÍTIMA,FINALIZADA,SANCHO,RUA PAULINO DE FARIAS,3,659,,PROX AO HOSPITAL OTAVIO DE FREITAS,,,,SANCHO,COLISÃO LATERAL,,0,0,0,0,0,0,0,0,0,1,0,,,,,,,,,,,,,,,,2566,202321500
2023-09-16T00:00:00,06:21:00,COM VÍTIMA,FINALIZADA,CAXANGA,AV CAXANGA,0,,,EM FRENTE DA ESTAÇÃO DO BRT DEPOIS DA PONTE DA CAXANGÁ,,,,CAXANGA,COLISÃO TRASEIRA,,1,1,0,0,0,0,0,0,0,1,0,,CIDADE,,,,,,,,,,,,,,2567,202321501
2023-09-16T00:00:00,06:58:00,COM VÍTIMA,FINALIZADA,JAQUEIRA,AV SANTOS DUMONT,2,34,,,,,,JAQUEIRA,COLISÃO,,1,1,0,0,0,0,0,0,0,1,0,,,,,,,,,,,,,,,,2568,202321504
2023-09-16T00:00:00,09:03:00,COM VÍTIMA,FINALIZADA,PRADO,RUA GOMES TABORDA,3,442,,EM FRENTE AO BAILE PERFUMADO E MADEIREIRA SÃO JUDAS TADEU,,,,PRADO,QUEDA,,1,1,0,0,0,0,0,0,0,1,0,,,,,,,,,,,,,,,,2569,202321511
2023-09-16T00:00:00,09:52:00,COM VÍTIMA,FINALIZADA,IPSEP,AV RECIFE,4,6729,,"PRÓXIMO AO ARMAZÉM CORAL, SAÍDA DO IBURA",,,,IPSEP,COLISÃO,,0,0,0,0,0,0,0,0,0,1,0,,,,,,,,,,,,,,,,2571,202321514
2023-09-16T00:00:00,11:20:00,COM VÍTIMA,FINALIZADA,BOMBA DO HEMETERIO,COR DO BARTOLOMEU,3,484,,EM FRENTE A SORVETERIA SORVETÃO,,,,BOMBA DO HEMETERIO,COLISÃO LATERAL,,2,1,0,0,0,0,0,0,0,2,0,,,,,,,,,,,,,,,,2572,202321516
2023-09-17T00:00:00,07:16:00,COM VÍTIMA,FINALIZADA,DOIS IRMAOS,RUA MANUEL DE MEDEIROS,0,,,EM FRENTE AO LAFEPE,,,,DOIS IRMAOS,QUEDA,,0,1,0,0,0,0,0,0,0,1,0,,,,,,,,,,,,,,,,2574,202321532
2023-09-17T00:00:00,10:35:00,COM VÍTIMA,FINALIZADA,BOA VISTA,RUA DA SOLEDADE,0,,,RUA POR TRAS DO ALTINO VENTURA,,,,BOA VISTA,COLISÃO LATERAL,,2,0,0,0,0,0,0,0,0,1,0,,,,,,,,,,,,,,,,2575,202321553
2023-09-17T00:00:00,11:32:00,COM VÍTIMA,FINALIZADA,JORDAO,RUA ALBERTO LUNDGREN,0,,,NA SUBIDA DO BALAIO PROX A FEIRA DO TROCA,,,,JORDAO,COLISÃO TRASEIRA,,1,2,0,0,0,0,0,0,0,3,0,,,,,,,,,,,,,,,,2576,202321555
2023-09-17T00:00:00,04:29:00,COM VÍTIMA,FINALIZADA,IPUTINGA,RUA SAO MATEUS,4,1060,,CONDOMINIO JARDIM RENASCENÇA,,,,IPUTINGA,COLISÃO LATERAL,,1,1,0,0,0,0,0,0,0,1,0,,,,,,,,,,,,,,,,2577,202321578
2023-09-17T00:00:00,10:09:00,COM VÍTIMA,FINALIZADA,BOA VIAGEM,AV ENGENHEIRO DOMINGOS FERREIRA,0,,,RUA CEL BENEDITO CHAVES,,,,BOA VIAGEM,COLISÃO LATERAL,,1,1,0,0,0,0,0,0,0,1,0,,,,,,,,,,,,,,,,2579,202321593
2023-09-18T00:00:00,07:16:00,COM VÍTIMA,FINALIZADA,PRADO,RUA SANTA EDWIRGES,0,,AV ENGENHEIRO ABDIAS DE CARVALHO,PROX. A ENGEFRIO,,,,PRADO,QUEDA,,1,1,0,0,0,0,0,0,0,1,0,,,,,,,,,,,,,,,,2581,202321607
2023-09-18T00:00:00,07:25:00,COM VÍTIMA,FINALIZADA,IMBIRIBEIRA,AV MARECHAL MASCARENHAS DE MORAES,0,,RUA MIS JOEL CARLSON,NO SEMAFORO 287,,,,IMBIRIBEIRA,COLISÃO LATERAL,,1,1,0,0,0,0,0,0,0,1,0,,,,,,,,,,,,,,,,2582,202321611
2023-09-18T00:00:00,08:32:00,COM VÍTIMA,FINALIZADA,TEJIPIO,RUA FALCAO DE LACERDA,0,,,EM FRENTE A PRAÇA DE TEJIPIO  / PROX A OFICINA GUILMARA,,,,TEJIPIO,COLISÃO,,0,1,0,0,0,0,0,0,0,1,0,,,,,,,,,,,,,,,,2583,202321618
2023-09-18T00:00:00,08:35:00,COM VÍTIMA,FINALIZADA,CASA AMARELA,AV NORTE MIGUEL ARRAES DE ALENCAR,4,5600,,"EM FRENTE A AGENCIA DE EMPREGOS, SENT. MACAXEIRA",,,,CASA AMARELA,COLISÃO TRASEIRA,,0,1,0,0,0,1,0,0,0,1,0,,,,,,,,,,,,,,,,2584,202321619
2023-09-18T00:00:00,08:38:00,COM VÍTIMA,FINALIZADA,ARRUDA,AV PROFESSOR JOSE DOS ANJOS,0,,,PROX A PONTE E LOJA DEMILLA MODAS,,,,ARRUDA,COLISÃO,,0,1,0,0,0,0,0,0,0,1,0,,,,,,,,,,,,,,,,2585,202321621
2023-09-16T00:00:00,12:00:00,COM VÍTIMA,FINALIZADA,IMBIRIBEIRA,AV MARECHAL MASCARENHAS DE MORAES,4,4704,,"APOS VIADUTO TANCREDO NEVES, SENTIDO AEROPORTO",,,,IMBIRIBEIRA,COLISÃO TRASEIRA,,1,1,0,0,0,0,0,0,0,1,0,116,SUBURBIO,,,,,,,,,,,,,,2586,202321624
2023-09-18T00:00:00,09:38:00,COM VÍTIMA,FINALIZADA,SAN MARTIN,AV GENERAL SAN MARTIN,0,,,PROXIMO  A DROGASIL,,,,SAN MARTIN,COLISÃO TRASEIRA,,1,1,0,0,0,0,0,0,0,1,0,,,,,,,,,,,,,,,,2587,202321625
2023-09-18T00:00:00,09:40:00,COM VÍTIMA,FINALIZADA,CABANGA,AV ENGENHEIRO JOSE ESTELITA,0,,,SOB O VIADUTO DO CAPITÃO TEMUDO,,,,CABANGA,COLISÃO,,1,1,0,0,0,0,0,0,0,1,0,,,,,,,,,,,,,,,,2588,202321626
2023-09-18T00:00:00,09:48:00,COM VÍTIMA,FINALIZADA,SANTO AMARO,AV NORTE MIGUEL ARRAES DE ALENCAR,0,,AV CRUZ CABUGA,,,,,SANTO AMARO,COLISÃO,,1,1,0,0,0,0,0,0,0,1,0,,,,,,,,,,,,,,,,2589,202321627
2023-09-18T00:00:00,10:34:00,COM VÍTIMA,FINALIZADA,MADALENA,AV BEIRA RIO,3,591,,EM FRENTE AO EDF. SOBRADO DO  CAPIBARIBE,,,,MADALENA,COLISÃO TRASEIRA,,1,1,0,0,0,0,0,0,0,1,0,,,,,,,,,,,,,,,,2590,202321631
2023-09-18T00:00:00,10:50:00,COM VÍTIMA,FINALIZADA,IBURA,AV DOIS RIOS,0,,,EM FRENTE A IGREJA DOS MORMONS / PROX A UPINHA,,,,IBURA,COLISÃO,,0,1,0,0,0,0,0,0,0,1,0,,,,,,,,,,,,,,,,2591,202321635
2023-09-18T00:00:00,12:01:00,COM VÍTIMA,FINALIZADA,VARZEA,RUA MARECHAL MANOEL LUIS OSORIO,0,,,PROX AO HAPVIDA,,,,VARZEA,COLISÃO,,0,1,0,0,0,0,0,0,0,1,0,,,,,,,,,,,,,,,,2593,202321643
2023-09-18T00:00:00,12:08:00,COM VÍTIMA,FINALIZADA,MADALENA,AV BEIRA RIO,0,,RUA JOSE OSORIO,PROX A PONTE DE CAPUNGA / PROX A A FACULDADE MAURICIO DE NASSAU,,,,MADALENA,CHOQUE,,1,0,0,0,0,0,0,0,0,1,0,387,,,,,,,,,,,,,,,2594,202321645
2023-09-18T00:00:00,01:05:00,COM VÍTIMA,FINALIZADA,CASA AMARELA,EST DO ARRAIAL,0,,,E/F AO SITIO DA TRINDADE,,,,CASA AMARELA,COLISÃO TRASEIRA,,1,1,0,0,0,0,0,0,0,1,0,,,,,,,,,,,,,,,,2595,202321652
2023-09-18T00:00:00,04:32:00,COM VÍTIMA,FINALIZADA,NOVA DESCOBERTA,AV CHAGAS FERREIRA,0,,,PROX AO CAMPO DO DALICIA  E NA SUB DO ALTO SANTA TEREZA,,,,NOVA DESCOBERTA,COLISÃO FRONTAL,,1,1,0,0,0,1,0,0,0,4,0,,,,,,,,,,,,,,,,2596,202321667
2023-09-18T00:00:00,04:35:00,COM VÍTIMA,FINALIZADA,AFOGADOS,RUA SAO MIGUEL,0,,RUA LUIZ PEREIRA DE FARIAS,REPASSADA PELO COP,,,,AFOGADOS,COLISÃO,,1,0,0,0,0,0,0,0,0,1,0,,,,,,,,,,,,,,,,2597,202321668
2023-09-18T00:00:00,04:52:00,COM VÍTIMA,FINALIZADA,BOA VIAGEM,RUA PROFESSOR SIMOES BARBOSA,3,558,,,,,,BOA VIAGEM,COLISÃO,,0,0,0,0,0,0,0,0,0,1,0,,,,,,,,,,,,,,,,2598,202321671
2023-09-18T00:00:00,05:28:00,COM VÍTIMA,FINALIZADA,CAMPO GRANDE,RUA ODORICO MENDES,3,301,,EM FRENTE AO CLUBE DAS PÁS,,,,CAMPO GRANDE,COLISÃO TRASEIRA,,1,1,0,0,0,0,0,0,0,1,0,,,,,,,,,,,,,,,,2599,202321672
2023-09-18T00:00:00,05:30:00,COM VÍTIMA,FINALIZADA,JIQUIA,RUA SAO MIGUEL,0,,,E/F A DROGARIA BONGI,,,,JIQUIA,COLISÃO LATERAL,,1,1,0,0,0,0,0,0,0,1,0,,,,,,,,,,,,,,,,2600,202321673
2023-09-18T00:00:00,05:52:00,COM VÍTIMA,FINALIZADA,CIDADE UNIVERSITARIA,AV PROFESSOR ARTUR DE SA,4,1185,,EM FRENTE A UFPE E PROXIMO AO POSTO BR,,,,CIDADE UNIVERSITARIA,COLISÃO LATERAL,,0,1,0,0,0,0,0,0,0,1,0,,,,,,,,,,,,,,,,2601,202321674
2023-09-18T00:00:00,05:56:00,COM VÍTIMA,FINALIZADA,CAMPO GRANDE,RUA SAO CAETANO,3,704,,EM FRENTE A PIZZARIA DE SIRLANE,,,,CAMPO GRANDE,COLISÃO LATERAL,,0,1,0,0,0,0,0,0,0,1,0,,,,,,,,,,,,,,,,2602,202321675
2023-09-18T00:00:00,11:19:00,COM VÍTIMA,FINALIZADA,SANTO AMARO,RUA TREZE DE MAIO,0,,RUA FREI CASSIMIRO,EN FRENTE A MODESTO BORRACHARIA,,,,SANTO AMARO,COLISÃO TRANSVERSAL,,1,1,0,0,0,0,0,0,0,1,0,,,,,,,,,,,,,,,,2603,202321683
2023-09-19T00:00:00,07:18:00,COM VÍTIMA,FINALIZADA,TORROES,AV ENGENHEIRO ABDIAS DE CARVALHO,0,,,"PROX. AO POSTO DE GASOLINA BR, AO LADO DO ANTIGO YOKI",,,,TORROES,COLISÃO LATERAL,,0,1,0,0,0,0,0,0,0,1,0,,,,,,,,,,,,,,,,2604,202321700
2023-09-19T00:00:00,07:38:00,COM VÍTIMA,FINALIZADA,TAMARINEIRA,EST VELHA DE AGUA FRIA,0,,,PROX. AO DENOX,,,,TAMARINEIRA,COLISÃO LATERAL,,0,1,0,0,0,0,0,0,0,1,0,,,,,,,,,,,,,,,,2605,202321703
2023-09-19T00:00:00,08:29:00,COM VÍTIMA,FINALIZADA,TORREAO,AV GOVERNADOR AGAMENON MAGALHAES,0,,,PROX. AO HOSPITAL HAP VIDA SENT. BOA VIAGEM,,,,TORREAO,COLISÃO LATERAL,,0,1,0,0,0,0,0,0,0,1,0,,,,,,,,,,,,,,,,2606,202321708
2023-09-19T00:00:00,08:53:00,COM VÍTIMA,FINALIZADA,MADALENA,RUA JOSE OSORIO,3,865,,PROX. A MORAIS MULTIMARCAS VEICULOS,,,,MADALENA,COLISÃO LATERAL,,1,1,0,0,0,0,0,0,0,2,0,,,,,,,,,,,,,,,,2607,202321710
2023-09-19T00:00:00,08:59:00,COM VÍTIMA,FINALIZADA,SAN MARTIN,RUA COMENDADOR FRANCO FERREIRA,0,,,AO LADO DA CAVALARIA E PROX A PRAÇA DE EVENTOS DE SAN MARTINS,,,,SAN MARTIN,COLISÃO,,1,1,0,0,0,0,0,0,0,1,0,,,,,,,,,,,,,,,,2608,202321711