data,hora,natureza_acidente,situacao,bairro,endereco,,numero,detalhe_endereco_acidente,complemento,endereco_cruzamento,numero_cruzamento,referencia_cruzamento,bairro_cruzamento,tipo,descricao,auto,moto,ciclom,ciclista,pedestre,onibus,caminhao,viatura,outros,vitimas,vitimasfatais,num_semaforo,sentido_via,acidente_verificado,tempo_clima,situacao_semaforo,sinalizacao,condicao_via,conservacao_via,ponto_controle,situacao_placa,velocidade_max_via,mao_direcao,divisao_via1,divisao_via2,divisao_via3,_id,Protocolo
2023-09-19T00:00:00,09:05:00,COM VÍTIMA,FINALIZADA,CASA AMARELA,AV DR EURICO CHAVES,0,,,PROX. AO BREGOSO BURGUER E BARBEARIA NAVALHA,,,,CASA AMARELA,COLISÃO LATERAL,,0,1,0,0,0,0,0,0,0,1,0,,,,,,,,,,,,,,,,2609,202321713
2023-09-19T00:00:00,10:11:00,COM VÍTIMA,FINALIZADA,CASA AMARELA,RUA CONS PERETTI,3,106,,PROX A TRATORIA DA DANI / PROX A BARBEARIA LA ROSA /,,,,CASA AMARELA,COLISÃO,,0,1,0,0,0,0,0,0,0,1,0,,,,,,,,,,,,,,,,2610,202321719
2023-09-19T00:00:00,12:40:00,COM VÍTIMA,FINALIZADA,SANTO AMARO,RUA DO HOSPICIO,0,,,EM FRENTE A CÂMARA DE VEREADORES,,,,SANTO AMARO,COLISÃO LATERAL,,1,1,0,0,0,0,0,0,0,1,0,,,,,,,,,,,,,,,,2611,202321738
2023-09-19T00:00:00,01:06:00,COM VÍTIMA,FINALIZADA,ENGENHO DO MEIO,RUA ANTONIO CURADO,3,892,,EM FRENTE AO CLUBE DA SUDENE,,,,ENGENHO DO MEIO,COLISÃO,,0,1,0,0,0,0,0,0,0,1,0,,,,,,,,,,,,,,,,2612,202321741
2023-09-19T00:00:00,01:10:00,COM VÍTIMA,FINALIZADA,ILHA DO LEITE,RUA MARQUES AMORIM,2,30,,EM FRENTE AO EMPRESARIAL ILHA DO LEITE,,,,ILHA DO LEITE,COLISÃO LATERAL,,1,1,0,0,0,0,0,0,0,1,0,,,,,,,,,,,,,,,,2613,202321742
2023-09-19T00:00:00,01:44:00,COM VÍTIMA,FINALIZADA,BOA VIAGEM,AV ENGENHEIRO DOMINGOS FERREIRA,0,,RUA BRUNO VELOSO,REALIZAR VARREDURA,,,,BOA VIAGEM,COLISÃO TRASEIRA,,0,0,0,0,0,0,0,0,0,1,0,,,,,,,,,,,,,,,,2614,202321746
2023-09-19T00:00:00,02:05:00,COM VÍTIMA,FINALIZADA,ENCRUZILHADA,AV BEBERIBE,0,,,EM FRENTE A ESCOLA NUCLEO ATITUDE E A FERREIRA PINTO,,,,ENCRUZILHADA,QUEDA,,0,1,0,0,0,0,0,0,0,1,0,,,,,,,,,,,,,,,,2615,202321747
2023-09-19T00:00:00,03:57:00,COM VÍTIMA,FINALIZADA,BOA VIAGEM,RUA ANTONIO FALCAO,0,,,NO SEMAFORO 006  E/F AO EMPRESARIAL OTAVIANO DIAS,,,,BOA VIAGEM,COLISÃO LATERAL,,1,1,0,0,0,0,0,0,0,1,0,,,,,,,,,,,,,,,,2616,202321756
2023-09-19T00:00:00,08:22:00,COM VÍTIMA,FINALIZADA,CASA FORTE,AV DEZESSETE DE AGOSTO,0,,,EM FRENTE AO POSTO DE SAUDE ERMILIO DE MORAES E AO POSTO DE COMBUSTIVEL AMIGÃO,,,,CASA FORTE,COLISÃO LATERAL,,0,1,0,0,0,0,0,0,0,1,0,,,,,,,,,,,,,,,,2617,202321777
2023-09-19T00:00:00,11:18:00,COM VÍTIMA,FINALIZADA,AREIAS,AV RECIFE,0,,,E/F AO CONDOMINIO INGNEZ ANDREAZA - SENTIDO AEROPORTO,,,,AREIAS,ATROPELAMENTO DE PESSOA,,0,0,0,0,1,0,1,0,0,1,0,,,,,,,,,,,,,,,,2619,202321780
2023-09-20T00:00:00,07:17:00,COM VÍTIMA,FINALIZADA,AREIAS,AV RECIFE,0,,,EM FRENTE AO ATACADÃO / E O ANTIGO MACRO,,,,AREIAS,COLISÃO,,0,1,0,0,0,0,0,0,0,1,0,,,,,,,,,,,,,,,,2621,202321798
2023-09-20T00:00:00,07:17:00,COM VÍTIMA,FINALIZADA,VARZEA,RUA EDUARDO PRADO,2,54,,AO LADO DA INTEGRAÇÃO COSME DAMIÃO / PROX A FARMACIA PRIMAVERA,,,,VARZEA,COLISÃO LATERAL,,2,0,0,0,0,0,0,0,0,1,0,,,,,,,,,,,,,,,,2622,202321799
2023-09-20T00:00:00,07:38:00,COM VÍTIMA,FINALIZADA,IMBIRIBEIRA,AV MARECHAL MASCARENHAS DE MORAES,0,,,EM FRENTE AO AEROPORTO / PROX A LOCADORA DE AUTOMOVEL UNIDAS,,,,IMBIRIBEIRA,COLISÃO,,0,1,0,0,0,0,0,0,0,1,0,,,,,,,,,,,,,,,,2623,202321801
2023-09-20T00:00:00,07:38:00,COM VÍTIMA,FINALIZADA,JAQUEIRA,RUA PADRE ROMA,0,,,PROX. AO BAR DO NENO E CIRURGICA MEDINI,,,,JAQUEIRA,COLISÃO LATERAL,,0,1,0,0,0,0,0,0,0,1,0,,,,,,,,,,,,,,,,2624,202321802
2023-09-20T00:00:00,07:53:00,COM VÍTIMA,FINALIZADA,ESPINHEIRO,VDO INDEPENDENCIA,0,,,NA DESCIDA DO VIADUTO QUE PASSA POR CIMA DA AVENIDA NORTE - SENTIDO BOA VIAGEM,,,,ESPINHEIRO,COLISÃO TRANSVERSAL,,0,1,0,0,0,1,0,0,0,1,0,,,,,,,,,,,,,,,,2625,202321805
2023-09-20T00:00:00,08:31:00,COM VÍTIMA,FINALIZADA,JORDAO,AV MARIA IRENE,0,,,"NA SAIDA DO TUNEL FELIPE CAMARÃO, SENT. JORDAO",,,,JORDAO,COLISÃO COM CICLISTA,,0,1,0,1,0,0,0,0,0,2,0,,,,,,,,,,,,,,,,2627,202321811
2023-09-20T00:00:00,08:34:00,COM VÍTIMA,FINALIZADA,CAXANGA,AV JOAQUIM RIBEIRO,0,,,ENCIMA DA PONTE DA CAXANGA / PROX A UPA,,,,CAXANGA,COLISÃO,,0,1,0,0,0,0,0,0,0,1,0,,,,,,,,,,,,,,,,2628,202321813
2023-09-20T00:00:00,09:58:00,COM VÍTIMA,FINALIZADA,AGUA FRIA,AV BEBERIBE,4,2352,,"EM FRENTE A ACADEMIA  CIA DO CORPO, PROX. AO SUPERMERCADO DOIS IRMÃOS",,,,AGUA FRIA,ATROPELAMENTO DE PESSOA,,0,1,0,0,1,0,0,0,0,1,0,,,,,,,,,,,,,,,,2629,202321828
2023-09-20T00:00:00,01:27:00,COM VÍTIMA,FINALIZADA,PONTO DE PARADA,RUA PORCIUNCULA,2,12,,,,,,PONTO DE PARADA,COLISÃO,,0,0,0,0,0,0,0,0,0,1,0,,,,,,,,,,,,,,,,2631,202321852
2023-09-20T00:00:00,01:52:00,COM VÍTIMA,FINALIZADA,BOA VISTA,RUA JOAQUIM FELIPE,3,104,,,,,,BOA VISTA,COLISÃO,,0,0,0,0,0,0,0,0,0,1,0,,,,,,,,,,,,,,,,2632,202321854
2023-09-20T00:00:00,06:19:00,COM VÍTIMA,FINALIZADA,DERBY,AV GOVERNADOR AGAMENON MAGALHAES,4,1593,,EM FRENTE AO HR,,,,DERBY,COLISÃO,,0,1,0,0,0,0,0,0,0,1,0,,,,,,,,,,,,,,,,2633,202321870
2023-09-20T00:00:00,08:51:00,COM VÍTIMA,FINALIZADA,ARRUDA,AV BEBERIBE,0,,,EM FRENTE AO CAMPO DO SANTA CRUZ,,,,ARRUDA,ATROPELAMENTO DE PESSOA,,0,1,0,0,1,0,0,0,0,1,0,,,,,,,,,,,,,,,,2634,202321877
2023-09-20T00:00:00,07:50:00,COM VÍTIMA,FINALIZADA,BOA VISTA,RUA DO HOSPICIO,3,176,,EM FRENTE A FIGUEIRA CLAÇADOS,,,,BOA VISTA,COLISÃO,,0,0,0,0,0,0,0,0,0,1,0,,,,,,,,,,,,,,,,2635,202321878
2023-09-20T00:00:00,07:50:00,COM VÍTIMA,FINALIZADA,AFOGADOS,EST DOS REMEDIOS,2,10,,PRÓXIMO À FARMACIA DO TRABALHADOR E DA IGREJA CATÓLICA,,,,AFOGADOS,COLISÃO,,0,0,0,0,0,0,0,0,0,1,0,,,,,,,,,,,,,,,,2636,202321879
2023-09-21T00:00:00,07:44:00,COM VÍTIMA,FINALIZADA,DOIS IRMAOS,RUA RIBEIRO PESSOA,3,345,,PROX A UPA DA CAXANGA / EM FRENTE AO PINTO FORMOSO,,,,DOIS IRMAOS,COLISÃO FRONTAL,,1,1,0,0,0,0,0,0,0,1,0,,,,,,,,,,,,,,,,2638,202321894
2023-09-21T00:00:00,08:05:00,COM VÍTIMA,FINALIZADA,SAN MARTIN,AV GENERAL SAN MARTIN,0,,,PROX AO RESTAURANTE CHO DAN NORDESTINO / PROX AO GIRADOURO DE SAN MARTINS SENTIDO AV RECIFE,,,,SAN MARTIN,COLISÃO FRONTAL,,1,1,0,0,0,0,0,0,0,2,0,,,,,,,,,,,,,,,,2639,202321895
2023-09-21T00:00:00,09:00:00,COM VÍTIMA,FINALIZADA,CORDEIRO,AV GENERAL SAN MARTIN,0,,,"CRUZAMENTO COM A GOMES TABORDA, ANTIGA RUA DA LAMA / PROX A FARMACIA PAGUE MENOS / PROX AO SUPERMERCADO IDEAL ATACAREJO",,,,CORDEIRO,COLISÃO,,0,1,0,0,0,0,0,0,0,1,0,,,,,,,,,,,,,,,,2642,202321905
2023-09-21T00:00:00,09:31:00,COM VÍTIMA,FINALIZADA,ARRUDA,AV PROFESSOR JOSE DOS ANJOS,0,,,PROX. AO BOMPREÇO E O CAMPO DO ARRUDA,,,,ARRUDA,COLISÃO LATERAL,,0,1,0,0,0,0,0,0,0,1,0,,,,,,,,,,,,,,,,2643,202321907
2023-09-21T00:00:00,04:16:00,COM VÍTIMA,FINALIZADA,CASA AMARELA,AV NORTE MIGUEL ARRAES DE ALENCAR,0,,,PROX YAMAHA E A MATARNIDADE BARROS LIMA,,,,CASA AMARELA,COLISÃO TRASEIRA,,1,1,0,0,0,0,0,0,0,2,0,,CIDADE,,,,,,,,,,,,,,2646,202321934
2023-09-21T00:00:00,04:47:00,COM VÍTIMA,FINALIZADA,CAMPO GRANDE,RUA ODORICO MENDES,3,681,,EM FRENTE AO CLUBE DAS PÁS,,,,CAMPO GRANDE,COLISÃO LATERAL,,0,1,0,0,0,0,0,0,0,1,0,,,,,,,,,,,,,,,,2648,202321936
2023-09-21T00:00:00,04:57:00,COM VÍTIMA,FINALIZADA,IPSEP,AV RECIFE,4,1386,,EM FRENTE A RECIFE MOTOS E AO LADO DO DEPOSITO RECURSO NATURAL,,,,IPSEP,COLISÃO LATERAL,,0,1,0,0,0,0,0,0,0,1,0,,,,,,,,,,,,,,,,2649,202321938
2023-09-21T00:00:00,05:11:00,COM VÍTIMA,FINALIZADA,IMBIRIBEIRA,AV MARECHAL MASCARENHAS DE MORAES,2,12,,PROXIMO A LASER ELETRO,,,,IMBIRIBEIRA,COLISÃO LATERAL,,0,1,0,0,0,0,0,0,0,1,0,,,,,,,,,,,,,,,,2650,202321940
2023-09-21T00:00:00,05:38:00,COM VÍTIMA,FINALIZADA,LINHA DO TIRO,RUA PROFESSOR JOSE AMARINO DOS REIS,3,314,,APÓS A ASSEMBLEIA DE DEUS,,,,LINHA DO TIRO,COLISÃO LATERAL,,0,1,0,0,0,0,0,0,0,1,0,,,,,,,,,,,,,,,,2651,202321942
2023-09-21T00:00:00,05:47:00,COM VÍTIMA,FINALIZADA,SANTO AMARO,AV NORTE MIGUEL ARRAES DE ALENCAR,3,654,,POUCO ANTES DO SEMAFORO 036,,,,SANTO AMARO,COLISÃO TRASEIRA,,1,1,0,0,0,0,0,0,0,1,0,,SUBURBIO,,,,,,,,,,,,,,2652,202321944
2023-09-21T00:00:00,08:34:00,COM VÍTIMA,FINALIZADA,JARDIM SAO PAULO,RUA LEOBINA PEREIRA,0,,RUA LEANDRO BARRETO,,,,,JARDIM SAO PAULO,COLISÃO,,0,1,0,0,0,0,0,0,0,1,0,,,,,,,,,,,,,,,,2653,202321957
2023-09-21T00:00:00,09:51:00,COM VÍTIMA,FINALIZADA,SANTO AMARO,AV CRUZ CABUGA,0,,,LADO OPOSTO À ACADEMIA HAVANNA - E/ F À ESTAÇÃO BRT - SENTIDO SUBURBIO,,,,SANTO AMARO,COLISÃO COM CICLISTA,,0,1,0,1,0,0,0,0,0,2,0,,,,,,,,,,,,,,,,2654,202321958
2023-09-22T00:00:00,07:31:00,COM VÍTIMA,FINALIZADA,IMBIRIBEIRA,AV MARECHAL MASCARENHAS DE MORAES,0,,,PROX EM FRENTE AO POSTO DE GASOLINA BR /PROX AO GERALDÃO SENTIDO AEROPORTO,,,,IMBIRIBEIRA,COLISÃO TRASEIRA,,0,1,0,0,0,0,0,0,0,1,0,,,,,,,,,,,,,,,,2656,202321973
2023-09-22T00:00:00,07:34:00,COM VÍTIMA,FINALIZADA,AREIAS,AV DR JOSE RUFINO,0,,,APOS O SENAI VINDO DE AFOGADOS RECIFE E VINDO DE JABOATAO APOS LINHA FERREA,,,,AREIAS,COLISÃO LATERAL,,1,1,0,0,0,0,0,0,0,1,0,,,,,,,,,,,,,,,,2657,202321974
2023-09-22T00:00:00,08:53:00,COM VÍTIMA,FINALIZADA,JORDAO,AV MARIA IRENE,0,,,EM FRENTE AO QUARTEL DA AERONAUTICA,,,,JORDAO,COLISÃO LATERAL,,0,1,0,0,0,0,0,0,0,1,0,,,,,,,,,,,,,,,,2658,202321978
2023-09-22T00:00:00,09:14:00,COM VÍTIMA,FINALIZADA,PINA,AV CELSO FURTADO,0,,,SENTIDO BOA VIAGEM NA SUBIDA DO VIADUTO,,,,PINA,COLISÃO,,0,1,0,0,0,0,0,0,0,1,0,,,,,,,,,,,,,,,,2659,202321981
2023-09-22T00:00:00,11:08:00,COM VÍTIMA,FINALIZADA,CAJUEIRO,AV CIDADE DE MONTEIRO,3,375,,PROX AO ARMAZEM CORAL,,,,CAJUEIRO,COLISÃO,,0,1,0,0,0,0,0,0,0,1,0,,,,,,,,,,,,,,,,2661,202321998
2023-09-22T00:00:00,11:32:00,COM VÍTIMA,FINALIZADA,IPUTINGA,AV MAURICIO DE NASSAU,0,,EST DO BARBALHO,PROX A CASA DE PLACAS,,,,IPUTINGA,COLISÃO,,1,1,0,0,0,0,0,0,0,1,0,,,,,,,,,,,,,,,,2662,202322002
2023-09-22T00:00:00,12:43:00,COM VÍTIMA,FINALIZADA,BREJO DA GUABIRABA,COR JOSE IDALINO,0,,,PACTE DENTRO DO CENTRO DE CIDADANIA DO BAIRRO / EM FRENTE AO ARMAZEM BARATAÇO,,,,BREJO DA GUABIRABA,COLISÃO,,0,1,0,0,0,0,0,0,0,1,0,,,,,,,,,,,,,,,,2663,202322010
2023-09-22T00:00:00,01:30:00,COM VÍTIMA,FINALIZADA,CAJUEIRO,AV BEBERIBE,0,,,PROXIMO A PRAÇA DO FUNDÃO E A HORTFRUT NOSSA SENHORA APARECIDA,,,,CAJUEIRO,COLISÃO LATERAL,,0,1,0,0,0,0,0,0,0,1,0,,,,,,,,,,,,,,,,2664,202322013
2023-09-22T00:00:00,02:28:00,COM VÍTIMA,FINALIZADA,PINA,AV DR DIRCEU VELLOSO TOSCANO DE BRITO,3,356,,PROXIMO AO 19º BATALHÃO E AO SHOPPING RIO MAR,,,,PINA,ATROPELAMENTO DE PESSOA,,0,1,0,0,1,0,0,0,0,1,0,,,,,,,,,,,,,,,,2665,202322016
2023-09-22T00:00:00,02:44:00,COM VÍTIMA,FINALIZADA,CAMPO GRANDE,RUA MARIO SETE,3,575,,PROXIMO A IGREJA DO BOM PARTO,,,,CAMPO GRANDE,COLISÃO LATERAL,,2,1,0,0,0,0,0,0,0,1,0,,,,,,,,,,,,,,,,2666,202322020
2023-09-22T00:00:00,03:37:00,COM VÍTIMA,FINALIZADA,CABANGA,AV ENGENHEIRO JOSE ESTELITA,0,,,PROXIMO AO CABANGA IATE CLUBE,,,,CABANGA,COLISÃO LATERAL,,0,1,0,0,0,0,0,0,0,1,0,,,,,,,,,,,,,,,,2667,202322026
2023-09-22T00:00:00,04:32:00,COM VÍTIMA,FINALIZADA,BRASILIA TEIMOSA,RUA FRANCISCO VALPASSOS,2,58,,EM FRENTE A REFIBRA TELECON,,,,BRASILIA TEIMOSA,COLISÃO LATERAL,,0,1,0,0,0,1,0,0,0,1,0,,,,,,,,,,,,,,,,2668,202322030
2023-09-23T00:00:00,02:08:00,COM VÍTIMA,FINALIZADA,BOA VIAGEM,AV ENGENHEIRO DOMINGOS FERREIRA,0,,RUA PROFESSOR JOSE BRANDAO,,,,,BOA VIAGEM,COLISÃO,,2,0,0,0,0,0,0,0,0,2,0,550,,,,,,,,,,,,,,,2669,202322044
2023-09-23T00:00:00,03:30:00,COM VÍTIMA,FINALIZADA,PINA,AV BOA VIAGEM,3,980,,EM FRENTE AS QUADRAS DE TENIS,,,,PINA,CHOQUE,,2,0,0,0,0,0,0,0,0,1,0,,,,,,,,,,,,,,,,2670,202322048
2023-09-23T00:00:00,05:33:00,COM VÍTIMA,FINALIZADA,IPSEP,AV RECIFE,0,,RUA JEAN EMILE FAVRE,,,,,IPSEP,QUEDA,,1,1,0,0,0,0,0,0,0,2,0,,,,,,,,,,,,,,,,2671,202322049
2023-09-23T00:00:00,11:38:00,COM VÍTIMA,FINALIZADA,CASA AMARELA,RUA PADRE LEMOS,0,,,EM FRENTE AO POSTO DE GASOLINA BR / NA ENTRADA DO VASCO DA GAMA,,,,CASA AMARELA,COLISÃO,,1,1,0,0,0,0,0,0,0,1,0,,,,,,,,,,,,,,,,2673,202322092
2023-09-23T00:00:00,12:03:00,COM VÍTIMA,FINALIZADA,MADALENA,EST DOS REMEDIOS,0,,AV ENGENHEIRO ABDIAS DE CARVALHO,PROX A MADALENA,,,,MADALENA,COLISÃO TRASEIRA,,1,1,0,0,0,0,0,0,0,1,0,,,,,,,,,,,,,,,,2674,202322097
2023-09-23T00:00:00,01:38:00,COM VÍTIMA,FINALIZADA,BARRO,RUA BARAO DE LADARIO,3,127,,PROXIMO AO HOTEL OLYMPIKUS,,,,BARRO,COLISÃO,,0,1,0,0,0,0,0,0,0,1,0,,,,,,,,,,,,,,,,2676,202322103
2023-09-23T00:00:00,05:04:00,COM VÍTIMA,FINALIZADA,AREIAS,AV RECIFE,4,4841,,EM FRENTE AO CARREFOUR /SENTIDO CEASA,,,,AREIAS,QUEDA,,0,1,0,0,0,0,0,0,0,1,0,,,,,,,,,,,,,,,,2677,202322111
2023-09-23T00:00:00,05:35:00,COM VÍTIMA,FINALIZADA,ESTANCIA,RUA MORAIS E SILVA,3,548,,EM FRENTE A GALERIA MARGARIDA,,,,ESTANCIA,COLISÃO LATERAL,,1,1,0,0,0,0,0,0,0,2,0,,,,,,,,,,,,,,,,2678,202322116
2023-09-23T00:00:00,06:26:00,COM VÍTIMA,FINALIZADA,ARRUDA,AV BEBERIBE,0,,,ESTADIO CLUBE  DO SANTA CRUZ,,,,ARRUDA,COLISÃO,,0,1,0,0,0,0,0,0,0,1,0,,,,,,,,,,,,,,,,2679,202322119
2023-09-23T00:00:00,07:04:00,COM VÍTIMA,FINALIZADA,MADALENA,RUA REAL DA TORRE,0,,,"APÓS O PONTO DO AÇAI, EM FRENTE AO POSTO DE GASOLINA SETA",,,,MADALENA,COLISÃO,,0,1,0,0,0,0,0,0,0,1,0,,,,,,,,,,,,,,,,2681,202322128
2023-09-23T00:00:00,07:56:00,COM VÍTIMA,FINALIZADA,PORTO DA MADEIRA,AV BEBERIBE,0,,,E/F AO BAR DALVA D'OLIVEIRA,,,,PORTO DA MADEIRA,COLISÃO,,0,1,0,0,0,0,0,0,0,1,0,,,,,,,,,,,,,,,,2683,202322135
2023-09-23T00:00:00,09:39:00,COM VÍTIMA,FINALIZADA,MANGABEIRA,AV NORTE MIGUEL ARRAES DE ALENCAR,4,4607,,PRÓXIMO À ENTRADA DA MANGABEIRA,,,,MANGABEIRA,COLISÃO TRASEIRA,,1,1,0,0,0,0,0,0,0,1,0,,,,,,,,,,,,,,,,2686,202322143
2023-09-23T00:00:00,11:30:00,COM VÍTIMA,FINALIZADA,BOA VIAGEM,RUA JOAO DIAS MARTINS,3,255,,APÓS O MAR HOTEL,,,,BOA VIAGEM,COLISÃO LATERAL,,2,0,0,0,0,0,0,0,0,1,0,,,,,,,,,,,,,,,,2689,202322149
2023-09-24T00:00:00,06:12:00,COM VÍTIMA,FINALIZADA,IBURA,AV PERNAMBUCO,0,,,UR 3 / NA CURVA ANTES DA HAMBURGUERIA TITANIUM / PX AO COLEGIO POLE VALENTE,,,,IBURA,COLISÃO LATERAL,,0,1,0,0,0,0,0,0,0,1,0,,,,,,,,,,,,,,,,2692,202322156
2023-09-24T00:00:00,09:10:00,COM VÍTIMA,FINALIZADA,AREIAS,AV DR JOSE RUFINO,4,1495,,EM  FRENTE A IGREJA PRESBITERIANA,,,,AREIAS,COLISÃO LATERAL,,1,1,0,0,0,0,0,0,0,1,0,,,,,,,,,,,,,,,,2693,202322168
2023-09-24T00:00:00,09:17:00,COM VÍTIMA,FINALIZADA,CABANGA,RUA NOVA DA CABANGA,0,,,PROX AO CAMPO DE FUTEBOL E AO VIADUTO CAPITAO TEMUDO,,,,CABANGA,COLISÃO LATERAL,,0,1,0,0,0,0,0,0,0,1,0,,,,,,,,,,,,,,,,2694,202322169
2023-09-24T00:00:00,01:41:00,COM VÍTIMA,FINALIZADA,FUNDAO,RUA CORONEL URBANO RIBEIRO DE SENA,4,2696,,AO ALDO A PADARIA SUBLIME PÃO,,,,FUNDAO,ATROPELAMENTO DE PESSOA,,0,0,0,0,1,0,1,0,0,1,0,,,,,,,,,,,,,,,,2695,202322187
2023-09-24T00:00:00,04:58:00,COM VÍTIMA,FINALIZADA,BOA VIAGEM,AV ENGENHEIRO DOMINGOS FERREIRA,4,2284,,E/F A FARMACIA PAGUE MENOS,,,,BOA VIAGEM,COLISÃO TRASEIRA,,1,1,0,0,0,0,0,0,0,1,0,,,,,,,,,,,,,,,,2696,202322200
2023-09-24T00:00:00,05:03:00,COM VÍTIMA,FINALIZADA,RECIFE,C DO APOLO,0,,AV MILITAR,PROXIMO A PCR,,,,BAIRRO DO RECIFE,COLISÃO,,1,0,0,0,0,0,0,0,0,1,0,,,,,,,,,,,,,,,,2697,202322202
2023-09-24T00:00:00,08:07:00,COM VÍTIMA,FINALIZADA,CASA AMARELA,RUA PROFESSOR ALVARO LIMA,4,1284,,EST DO ENCANAMENTO,,,,CASA AMARELA,COLISÃO LATERAL,,1,1,0,0,0,0,0,0,0,1,0,,,,,,,,,,,,,,,,2698,202322210
2023-09-25T00:00:00,06:55:00,COM VÍTIMA,FINALIZADA,CAXANGA,AV CAXANGA,4,5034,,PROX. A IGREJA ASSEMBLEIA DE DEUS  NOVAS DE PAZ,,,,CAXANGA,COLISÃO LATERAL,,0,1,0,0,0,0,0,1,0,1,0,,,,,,,,,,,,,,,,2699,202322232
2023-09-25T00:00:00,07:09:00,COM VÍTIMA,FINALIZADA,SANTO AMARO,AV DR JAYME DA FONTE,0,,,AO LADO DA COMPESA,,,,SANTO AMARO,COLISÃO LATERAL,,1,1,0,0,0,0,0,0,0,1,0,,,,,,,,,,,,,,,,2700,202322233
2023-09-25T00:00:00,09:10:00,COM VÍTIMA,FINALIZADA,JAQUEIRA,RUA MUNIZ TAVARES,0,,,PROX. A PRAÇA FLEMING E PET SHOP CÃO Q RI,,,,JAQUEIRA,COLISÃO LATERAL,,0,1,0,0,0,0,0,0,0,1,0,,,,,,,,,,,,,,,,2701,202322241
2023-09-25T00:00:00,10:11:00,COM VÍTIMA,FINALIZADA,SAO JOSE,AV SUL,0,,,PROX AO QUARTEL DA ROCAN,,,,SAO JOSE,COLISÃO TRASEIRA,,0,1,0,0,0,0,0,0,0,1,0,,,,,,,,,,,,,,,,2702,202322250
2023-09-25T00:00:00,12:09:00,COM VÍTIMA,FINALIZADA,IMBIRIBEIRA,RUA ARQUITETO LUIZ NUNES,0,,,AO LADO ESCOLA ANITA GARIBALDA / PROX A LAGOA DO ARAÇA,,,,IMBIRIBEIRA,COLISÃO TRASEIRA,,0,1,0,0,0,0,0,0,0,1,0,632,,,,,,,,,,,,,,,2704,202322263
2023-09-25T00:00:00,12:35:00,COM VÍTIMA,FINALIZADA,BOA VIAGEM,RUA DOS NAVEGANTES,0,,,PROX AO EDIFICIO ANDA LUCIA,,,,BOA VIAGEM,COLISÃO,,0,1,0,0,0,0,0,0,0,1,0,,,,,,,,,,,,,,,,2705,202322267
2023-09-25T00:00:00,12:58:00,COM VÍTIMA,FINALIZADA,BOA VIAGEM,AV CONSELHEIRO AGUIAR,0,,RUA FELIX DE BRITO E MELO,POR TRAS DA PADARIA BOA VIAGEM,,,,BOA VIAGEM,ATROPELAMENTO DE PESSOA,,1,0,0,0,1,0,0,0,0,1,0,,,,,,,,,,,,,,,,2706,202322269
2023-09-25T00:00:00,01:22:00,COM VÍTIMA,FINALIZADA,SAO JOSE,RUA FLORIANO PEIXOTO,4,3128,,AO LADO DA CASA DA CULTURA / PROXIMO A ESTAÇÃO DO METRO DO RECIFE,,,,SAO JOSE,COLISÃO FRONTAL,,1,1,0,0,0,0,0,0,0,1,0,,,,,,,,,,,,,,,,2707,202322272
2023-09-25T00:00:00,01:56:00,COM VÍTIMA,FINALIZADA,BEBERIBE,RUA COMPOSITOR VINICIUS DE MORAIS,3,189,,POR TRAS DO MERCADO DE BEBERIBE NA PISTA NOVA,,,,BEBERIBE,COLISÃO,,0,1,0,0,0,0,0,0,0,1,0,,,,,,,,,,,,,,,,2708,202322274
2023-09-25T00:00:00,02:17:00,COM VÍTIMA,FINALIZADA,CORDEIRO,AV MAURICIO DE NASSAU,3,685,,PROXIMO AO GOE,,,,CORDEIRO,COLISÃO LATERAL,,1,1,0,0,0,0,0,0,0,1,0,,,,,,,,,,,,,,,,2709,202322278
2023-09-25T00:00:00,02:40:00,COM VÍTIMA,FINALIZADA,MADALENA,RUA REAL DA TORRE,3,256,,DEPOIS DO MERCADO DA MADALENA E PROX A MARCOS EQUIPADORA  ANTES DO TUNEL DA ABOLIÇÃO,,,,MADALENA,COLISÃO,,2,0,0,0,0,0,0,0,0,1,0,,,,,,,,,,,,,,,,2710,202322280
2023-09-25T00:00:00,03:54:00,COM VÍTIMA,FINALIZADA,PRADO,RUA RICARDO SALAZAR,3,178,,GIRADOURO PROXIMO AO SALÃO DE BELEZA NETO,,,,PRADO,COLISÃO,,0,1,0,0,0,0,0,0,0,1,0,,,,,,,,,,,,,,,,2711,202322283
2023-09-25T00:00:00,05:07:00,COM VÍTIMA,FINALIZADA,IMBIRIBEIRA,AV MARECHAL MASCARENHAS DE MORAES,4,4561,,AO LADO DA TOYOTA S/T AFOGADOS,,,,IMBIRIBEIRA,COLISÃO LATERAL,,1,1,0,0,0,0,0,0,0,1,0,,,,,,,,,,,,,,,,2712,202322289
2023-09-25T00:00:00,05:47:00,COM VÍTIMA,FINALIZADA,BONGI,AV ENGENHEIRO ABDIAS DE CARVALHO,4,1264,,FACULDADE ESTACIO,,,,BONGI,COLISÃO,,0,1,0,0,0,0,0,0,0,1,0,,,,,,,,,,,,,,,,2713,202322295
2023-09-25T00:00:00,06:11:00,COM VÍTIMA,FINALIZADA,HIPODROMO,RUA MARQUES DE BAIPENDI,3,140,,PROXIMO AO CALDINHO DA ZEZE,,,,HIPODROMO,COLISÃO,,0,1,0,0,0,0,0,0,0,1,0,,,,,,,,,,,,,,,,2714,202322296
2023-09-25T00:00:00,06:22:00,COM VÍTIMA,FINALIZADA,PAISSANDU,AV GOVERNADOR AGAMENON MAGALHAES,4,2209,,MEMORIAL SÃO JOSE,,,,PAISSANDU,COLISÃO,,0,1,0,0,0,0,0,0,0,1,0,,,,,,,,,,,,,,,,2715,202322300
2023-09-26T00:00:00,01:14:00,COM VÍTIMA,FINALIZADA,DERBY,PRC PROFESSOR AGAMENON MAGALHAES,0,,,COM A AV GOV CARLOS DE LIMA  CAVALCANTI,,,,DERBY,COLISÃO TRANSVERSAL,,0,2,0,0,0,0,0,0,0,1,0,,,,,,,,,,,,,,,,2718,202322317
2023-09-26T00:00:00,06:19:00,COM VÍTIMA,FINALIZADA,BOA VIAGEM,AV ENGENHEIRO DOMINGOS FERREIRA,0,,RUA PADRE BERNADINO PESSOA,NO SEMAFORO 144,,,,BOA VIAGEM,COLISÃO COM CICLISTA,,1,0,0,1,0,0,0,0,0,1,0,,,,,,,,,,,,,,,,2719,202322326