data,hora,natureza_acidente,situacao,bairro,endereco,,numero,detalhe_endereco_acidente,complemento,endereco_cruzamento,numero_cruzamento,referencia_cruzamento,bairro_cruzamento,tipo,descricao,auto,moto,ciclom,ciclista,pedestre,onibus,caminhao,viatura,outros,vitimas,vitimasfatais,num_semaforo,sentido_via,acidente_verificado,tempo_clima,situacao_semaforo,sinalizacao,condicao_via,conservacao_via,ponto_controle,situacao_placa,velocidade_max_via,mao_direcao,divisao_via1,divisao_via2,divisao_via3,_id,Protocolo
2023-10-02T00:00:00,08:08:00,COM VÍTIMA,FINALIZADA,VARZEA,AV CAXANGA,4,4894,,EM FRENTE AO GOLF CLUB PXÓXIMO  A PARADA DO BRT,,,,VARZEA,COLISÃO,,0,1,0,0,0,0,0,0,0,1,0,,SUBURBIO,,,,,,,,,,,,,,2815,202323054
2023-10-02T00:00:00,10:24:00,COM VÍTIMA,FINALIZADA,DERBY,AV GOVERNADOR AGAMENON MAGALHAES,0,,PRC DO DERBY,ESTAÇÃO DO BRT,,,,DERBY,QUEDA,,0,1,0,0,0,0,0,0,0,2,0,75,SUBURBIO,,,,,,,,,,,,,,2816,202323061
2023-10-03T00:00:00,08:06:00,COM VÍTIMA,FINALIZADA,ENCRUZILHADA,AV BEBERIBE,3,584,,EM FRENTE A FERREIRA PINTO,,,,ENCRUZILHADA,COLISÃO,,1,1,0,0,0,0,0,0,0,1,0,,,,,,,,,,,,,,,,2817,202323081
2023-10-03T00:00:00,08:41:00,COM VÍTIMA,FINALIZADA,TOTO,AV LIBERDADE,0,,,NA ENTRADA DO CEMITERIO PARQUE DAS FLORES,,,,TOTO,COLISÃO LATERAL,,0,1,0,0,0,0,0,0,0,1,0,,,,,,,,,,,,,,,,2818,202323084
2023-10-03T00:00:00,08:45:00,COM VÍTIMA,FINALIZADA,ENCRUZILHADA,RUA QUARENTA E OITO,0,,,REALIZAR VARREDURA,,,,ENCRUZILHADA,COLISÃO LATERAL,,0,0,0,0,0,0,0,0,0,1,0,,,,,,,,,,,,,,,,2819,202323085
2023-10-03T00:00:00,08:54:00,COM VÍTIMA,FINALIZADA,IMBIRIBEIRA,RUA ARQUITETO LUIZ NUNES,0,,RUA JULIO VERNE,,,,,IMBIRIBEIRA,COLISÃO,,0,1,0,0,0,0,0,0,0,1,0,,,,,,,,,,,,,,,,2820,202323086
2023-10-03T00:00:00,12:19:00,COM VÍTIMA,FINALIZADA,AFOGADOS,RUA SAO MIGUEL,4,1331,,PROX AO BODE DO NO,,,,AFOGADOS,COLISÃO LATERAL,,1,1,0,0,0,0,0,0,0,1,0,,,,,,,,,,,,,,,,2821,202323107
2023-10-03T00:00:00,12:55:00,COM VÍTIMA,FINALIZADA,IBURA,RUA JORNALISTA EDSON REGIS,3,977,,E/F A FABRICA DA FREVO DO IBURA DE BAIXO,,,,IBURA,COLISÃO LATERAL,,0,1,0,0,0,0,0,0,0,1,0,,,,,,,,,,,,,,,,2822,202323109
2023-10-03T00:00:00,01:09:00,COM VÍTIMA,FINALIZADA,CASA AMARELA,AV NORTE MIGUEL ARRAES DE ALENCAR,4,9373,,PROX A UPINHA MOACIR E A PRAÇA DO TRABALHO,,,,CASA AMARELA,COLISÃO,,0,1,0,0,0,0,0,0,0,1,0,,,,,,,,,,,,,,,,2823,202323110
2023-10-03T00:00:00,01:13:00,COM VÍTIMA,FINALIZADA,ARRUDA,RUA DA REGENERACAO,1,7,,PROX A EMPRESA ESCAVE A ANTIGA COCA COLA,,,,ARRUDA,COLISÃO,,0,1,0,0,0,0,0,0,0,1,0,,,,,,,,,,,,,,,,2824,202323111
2023-10-03T00:00:00,01:20:00,COM VÍTIMA,FINALIZADA,BOA VIAGEM,RUA DONA MAGINA PONTUAL,0,,,ESCOLA MUNICIPAL  NOSSA SENHORA DA PENHA,,,,BOA VIAGEM,COLISÃO,,1,1,0,0,0,0,0,0,0,1,0,,,,,,,,,,,,,,,,2825,202323114
2023-10-03T00:00:00,02:32:00,COM VÍTIMA,FINALIZADA,AFOGADOS,RUA SAO MIGUEL,0,,,PROXIMO AO SEMÁFORO 425,,,,AFOGADOS,COLISÃO LATERAL,,1,1,0,0,0,0,0,0,0,1,0,425,,,,,,,,,,,,,,,2826,202323117
2023-10-03T00:00:00,02:56:00,COM VÍTIMA,FINALIZADA,JAQUEIRA,RUA LEONARDO BEZERRA CAVALCANTE,2,59,,E/F AO HOPITAL MARIA LUCINDA,,,,JAQUEIRA,COLISÃO TRASEIRA,,2,1,0,0,0,0,0,0,0,1,0,,,,,,,,,,,,,,,,2827,202323121
2023-10-03T00:00:00,03:06:00,COM VÍTIMA,FINALIZADA,BEBERIBE,AV BEBERIBE,4,4217,,POSTO SHEL // E/F AO SEMAFARO 514,,,,BEBERIBE,COLISÃO FRONTAL,,1,1,0,0,0,0,0,0,0,1,0,,,,,,,,,,,,,,,,2828,202323122
2023-10-03T00:00:00,03:17:00,COM VÍTIMA,FINALIZADA,BOA VIAGEM,AV CELSO FURTADO,0,,,POR TRAS DO SUPERMERCADO ASSAI/ SENTIDO PINA,,,,BOA VIAGEM,COLISÃO LATERAL,,2,1,0,0,0,0,0,0,0,1,0,,,,,,,,,,,,,,,,2829,202323124
2023-10-03T00:00:00,06:45:00,COM VÍTIMA,FINALIZADA,CAXANGA,AV CAXANGA,4,9111,,PROX A IGREJA NOVAS DE PAZ E A ITEGRAÇÃO DA CAXAMGA,,,,CAXANGA,COLISÃO,,0,1,0,0,0,0,0,0,0,1,0,,,,,,,,,,,,,,,,2831,202323147
2023-10-03T00:00:00,07:23:00,COM VÍTIMA,FINALIZADA,AFOGADOS,RUA DA PAZ,0,,,PROXIMO AO BANCO BRADESCO,,,,AFOGADOS,COLISÃO,,1,1,0,0,0,0,0,0,0,1,0,,,,,,,,,,,,,,,,2833,202323149
2023-10-04T00:00:00,06:38:00,COM VÍTIMA,FINALIZADA,SANTO AMARO,PRQ TREZE DE MAIO,0,,,PRÓXIMO AO COLÉGIO BARBALHO,,,,SANTO AMARO,COLISÃO,,0,0,0,0,0,0,0,0,0,1,0,,,,,,,,,,,,,,,,2838,202323158
2023-10-04T00:00:00,07:04:00,COM VÍTIMA,FINALIZADA,CABANGA,PTE GOVERNADOR PAULO GUERRA,0,,,PONTE GOV PAULO GUERRA,,,,CABANGA,COLISÃO,,0,1,0,1,0,0,0,0,0,1,0,,,,,,,,,,,,,,,,2839,202323161
2023-10-04T00:00:00,07:14:00,COM VÍTIMA,FINALIZADA,SANTO AMARO,RUA DO SOSSEGO,0,,,PROX A FACULDADE ESUDA,,,,SANTO AMARO,COLISÃO,,0,1,0,0,0,0,0,0,0,1,0,,,,,,,,,,,,,,,,2840,202323162
2023-10-04T00:00:00,07:15:00,COM VÍTIMA,FINALIZADA,VARZEA,AV AFONSO OLINDENSE,0,,,"AO LADO DA ESCOLA OLINTO VITOR, EM FRENTE A LOJA BIOLOGICOS",,,,VARZEA,COLISÃO LATERAL,,0,1,0,0,0,0,0,0,0,1,0,,,,,,,,,,,,,,,,2841,202323163
2023-10-04T00:00:00,07:52:00,COM VÍTIMA,FINALIZADA,JORDAO,AV MARECHAL MASCARENHAS DE MORAES,0,,,"AO LADO DO MURO DO AEROPORTO, ANTES DA ENTRADA DO JORDAO",,,,JORDAO,COLISÃO LATERAL,,0,1,0,0,0,0,0,0,0,1,0,,,,,,,,,,,,,,,,2842,202323168
2023-10-04T00:00:00,08:21:00,COM VÍTIMA,FINALIZADA,CORDEIRO,AV GENERAL SAN MARTIN,0,,RUA GOMES TABORDA,,,,,CORDEIRO,COLISÃO,,0,0,0,0,0,0,0,0,0,1,0,,,,,,,,,,,,,,,,2843,202323172
2023-10-04T00:00:00,08:37:00,COM VÍTIMA,FINALIZADA,VARZEA,RUA FRANCISCO LACERDA,0,,,POSSÍVEL SINISTRO COM VÍTIMA,,,,VARZEA,COLISÃO,,0,0,0,0,0,0,0,0,0,1,0,,,,,,,,,,,,,,,,2844,202323175
2023-10-04T00:00:00,08:38:00,COM VÍTIMA,FINALIZADA,AFOGADOS,RUA COSME VIANA,0,,,EM FRENTE A TUPAN CONSTRUÇÃO,,,,AFOGADOS,COLISÃO,,0,1,0,0,0,0,0,0,0,1,0,,,,,,,,,,,,,,,,2845,202323177
2023-10-04T00:00:00,09:36:00,COM VÍTIMA,FINALIZADA,AFOGADOS,RUA PADRE TEOFILO TWORZ,0,,RUA COSME VIANA,POSSÍVEL SINISTRO COM VÍTIMA,,,,AFOGADOS,COLISÃO,,0,0,0,0,0,0,0,0,0,1,0,,,,,,,,,,,,,,,,2846,202323183
2023-10-04T00:00:00,11:21:00,COM VÍTIMA,FINALIZADA,PINA,AV ANTONIO DE GOES,0,,,EM FRENTE A PRF / NO POSTO DE GASOLINA BR/ PROX AO DENITE,,,,PINA,COLISÃO,,0,1,0,0,0,0,0,0,0,1,0,,,,,,,,,,,,,,,,2847,202323193
2023-10-04T00:00:00,02:04:00,COM VÍTIMA,FINALIZADA,DERBY,AV GOVERNADOR AGAMENON MAGALHAES,0,,,SOB O SEMÁFORO 174,,,,DERBY,COLISÃO,,0,0,0,0,0,0,0,0,0,1,0,,,,,,,,,,,,,,,,2848,202323202
2023-10-04T00:00:00,03:28:00,COM VÍTIMA,FINALIZADA,SAO JOSE,RUA DR JOSE MARIANO,3,973,,PROX A MADEREIRA IPIRANGA E A EMPRESA COMDICA,,,,SAO JOSE,COLISÃO,,0,1,0,0,0,0,0,0,0,1,0,,,,,,,,,,,,,,,,2849,202323207
2023-10-04T00:00:00,03:46:00,COM VÍTIMA,FINALIZADA,AFOGADOS,AV SUL,0,,,,,,,AFOGADOS,COLISÃO,,1,1,0,0,0,0,0,0,0,1,0,320,,,,,,,,,,,,,,,2850,202323208
2023-10-04T00:00:00,05:31:00,COM VÍTIMA,FINALIZADA,CORDEIRO,RUA TAMBORIL,4,1291,,PROX CAMPO DO QUINZE,,,,CORDEIRO,COLISÃO,,1,1,0,0,0,0,0,0,0,1,0,,,,,,,,,,,,,,,,2851,202323215
2023-10-04T00:00:00,06:37:00,COM VÍTIMA,FINALIZADA,BOA VIAGEM,RUA GENERAL EDSON AMANCIO RAMALHO,0,,,AO LADO  DA IMOBILIARIA JAIRO ROCHA,,,,BOA VIAGEM,COLISÃO,,1,0,0,1,0,0,0,0,0,1,0,,,,,,,,,,,,,,,,2852,202323224
2023-10-04T00:00:00,07:03:00,COM VÍTIMA,FINALIZADA,TEJIPIO,AV DR JOSE RUFINO,4,2984,,PADARIA DOM RUFINO / COLÉGIO ALBERTO TORRES,,,,TEJIPIO,COLISÃO TRANSVERSAL,,1,1,0,0,0,0,0,0,0,1,0,,,,,,,,,,,,,,,,2853,202323226
2023-10-05T00:00:00,09:10:00,COM VÍTIMA,FINALIZADA,BOA VIAGEM,RUA WALDEMAR NERY CARNEIRO MONTEIRO,0,,RUA CRUZEIRO DO FORTE,PROX A PADARIA SETUBAL,,,,BOA VIAGEM,COLISÃO LATERAL,,1,1,0,0,0,0,0,0,0,1,0,,,,,,,,,,,,,,,,2856,202323262
2023-10-05T00:00:00,10:19:00,COM VÍTIMA,FINALIZADA,BOA VIAGEM,AV CONSELHEIRO AGUIAR,4,3384,,EM FRENTE A CAIXA ECONOMICA,,,,BOA VIAGEM,ATROPELAMENTO DE PESSOA,,1,0,0,0,1,0,0,0,0,1,0,,,,,,,,,,,,,,,,2857,202323271
2023-10-05T00:00:00,01:18:00,COM VÍTIMA,FINALIZADA,BOA VIAGEM,AV VINTE DE JANEIRO,3,205,,PROXIMO A ESTAÇÃO AEROPORTO,,,,BOA VIAGEM,COLISÃO LATERAL,,1,1,0,0,0,0,0,0,0,1,0,,,,,,,,,,,,,,,,2858,202323296
2023-10-05T00:00:00,02:12:00,COM VÍTIMA,FINALIZADA,BOA VISTA,AV GOVERNADOR AGAMENON MAGALHAES,4,4765,,APOS P BOMPREÇO E AO POSTO DE GASOLINA BR,,,,BOA VISTA,COLISÃO,,0,1,0,0,0,0,0,0,0,1,0,,,,,,,,,,,,,,,,2859,202323299
2023-10-05T00:00:00,05:05:00,COM VÍTIMA,FINALIZADA,CABANGA,AV SATURNINO DE BRITO,0,,,COMPESA,,,,CABANGA,COLISÃO LATERAL,,3,0,0,0,0,0,0,0,0,1,0,,,,,,,,,,,,,,,,2860,202323313
2023-10-05T00:00:00,06:36:00,COM VÍTIMA,FINALIZADA,SAO JOSE,AV SUL,4,1416,,EMBAIXO DO VIADUTO / PROXIMO AO POSTO BR /,,,,SAO JOSE,COLISÃO,,0,1,0,0,0,0,0,0,0,1,0,,,,,,,,,,,,,,,,2861,202323324
2023-10-06T00:00:00,07:04:00,COM VÍTIMA,FINALIZADA,BOA VIAGEM,AV ENGENHEIRO DOMINGOS FERREIRA,0,,,EM FRENTE AO SUPERMERCADO ASSAÍ,,,,BOA VIAGEM,COLISÃO LATERAL,,1,1,0,0,0,0,0,0,0,2,0,,,,,,,,,,,,,,,,2863,202323339
2023-10-06T00:00:00,07:04:00,COM VÍTIMA,FINALIZADA,BOA VIAGEM,RUA BRUNO VELOSO,3,983,,EM FRENTE AO LAÇA BURGUER E FARMACIA DROGASIL,,,,BOA VIAGEM,COLISÃO,,0,1,0,0,0,0,0,0,0,1,0,,,,,,,,,,,,,,,,2864,202323340
2023-10-06T00:00:00,07:22:00,COM VÍTIMA,FINALIZADA,AGUA FRIA,EST VELHA DE AGUA FRIA,0,,,EM FRENTE A POLICLINICA SALOMAO KELNER APOS O LARGO DE AGUA FRIA,,,,AGUA FRIA,COLISÃO,,0,1,0,0,0,0,0,0,0,1,0,,,,,,,,,,,,,,,,2865,202323344
2023-10-06T00:00:00,07:30:00,COM VÍTIMA,FINALIZADA,LINHA DO TIRO,RUA SODRELANDIA,0,,,"AO LADO DO CAMPO DO CAFE, PROX. AO TERMINAL DE ONIBUS LINHA DO TIRO",,,,LINHA DO TIRO,COLISÃO LATERAL,,0,1,0,0,0,0,0,0,0,1,0,,,,,,,,,,,,,,,,2866,202323348
2023-10-06T00:00:00,08:09:00,COM VÍTIMA,FINALIZADA,CASA AMARELA,RUA CONS PERETTI,0,,,PROX. AO LABORATORIO CERPE E RESTAURANTE DANI,,,,CASA AMARELA,COLISÃO LATERAL,,0,1,0,0,0,1,0,0,0,2,0,,,,,,,,,,,,,,,,2867,202323355
2023-10-06T00:00:00,08:14:00,COM VÍTIMA,FINALIZADA,PINA,AV CELSO FURTADO,0,,,PROX. AO SHOPPING RIO MAR,,,,PINA,ENGAVETAMENTO,,2,0,0,0,0,0,1,0,0,1,0,,,,,,,,,,,,,,,,2868,202323359
2023-10-06T00:00:00,09:03:00,COM VÍTIMA,FINALIZADA,ILHA JOANA BEZERRA,RUA CAPITAO TEMUDO,0,,,ANTES DA DESCIDA DA AV SUL SENTIDO SHOPPING RIO MAR,,,,JOANA BEZERRA,COLISÃO LATERAL,,0,1,0,0,0,0,0,0,0,1,0,,,,,,,,,,,,,,,,2870,202323373
2023-10-06T00:00:00,09:38:00,COM VÍTIMA,FINALIZADA,TAMARINEIRA,RUA CONEGO BARATA,0,,,"EM FRENTE A FERREIRA COSTA, SENT. AGUA FRIA",,,,TAMARINEIRA,COLISÃO LATERAL,,0,1,0,0,0,0,1,0,0,1,0,,,,,,,,,,,,,,,,2871,202323377
2023-10-06T00:00:00,10:55:00,COM VÍTIMA,FINALIZADA,TORRE,RUA CONDE DE IRAJA,3,544,,EDIFICIO LARA,,,,TORRE,ENGAVETAMENTO,,4,0,0,0,0,0,0,0,0,1,0,,,,,,,,,,,,,,,,2872,202323390
2023-10-06T00:00:00,12:07:00,COM VÍTIMA,FINALIZADA,IMBIRIBEIRA,AV MARECHAL MASCARENHAS DE MORAES,4,1482,,EM FRENTE AO SEMAFORO 287 - EM FRENTE A LASER ELETRO,,,,IMBIRIBEIRA,COLISÃO TRASEIRA,,1,1,0,0,0,0,0,0,0,1,0,,,,,,,,,,,,,,,,2874,202323399
2023-10-06T00:00:00,01:04:00,COM VÍTIMA,FINALIZADA,BOA VIAGEM,RUA VISCONDE DE JEQUITINHONHA,3,568,,APÓS O POSTO DE GASOLINA DO CANAL /CRUZANDO A RUA BARÃO DE SOUZA LEÃO,,,,BOA VIAGEM,COLISÃO LATERAL,,0,1,0,0,0,0,0,0,0,1,0,,,,,,,,,,,,,,,,2875,202323410
2023-10-06T00:00:00,01:16:00,COM VÍTIMA,FINALIZADA,CAXANGA,AV CAXANGA,4,2466,,E/F A PARADA DO BRT   E LOJA  MOTOS MEGA MOTOS S/T SUB,,,,CAXANGA,COLISÃO TRASEIRA,,1,1,0,0,0,0,0,0,0,1,0,,,,,,,,,,,,,,,,2876,202323413
2023-10-06T00:00:00,01:20:00,COM VÍTIMA,FINALIZADA,CAMPO GRANDE,RUA JERONIMO VILELA,3,581,,PROXIMO AO LAR DO IDOSO CASA SANTA CLARA,,,,CAMPO GRANDE,COLISÃO LATERAL,,0,1,0,0,0,0,0,0,0,1,0,,,,,,,,,,,,,,,,2877,202323415
2023-10-06T00:00:00,02:18:00,COM VÍTIMA,FINALIZADA,MADALENA,RUA BENFICA,0,,,FRENTE CLUBE INTERNACIONAL/ PRAÇA CLUBE INTERNACIONAL,,,,MADALENA,COLISÃO,,1,1,0,0,0,0,0,0,0,1,0,,,,,,,,,,,,,,,,2879,202323422
2023-10-06T00:00:00,03:05:00,COM VÍTIMA,FINALIZADA,CABANGA,AV SATURNINO DE BRITO,0,,,PROX AO CREFIR ( CONSELHO REGIONAL DOS CORRETORES ) / PROX AO CABANGA IATE CLUBE,,,,CABANGA,COLISÃO,,0,1,0,0,0,0,0,0,0,1,0,,,,,,,,,,,,,,,,2880,202323424
2023-10-06T00:00:00,05:55:00,COM VÍTIMA,FINALIZADA,CAMPO GRANDE,RUA JERONIMO VILELA,3,879,,PROXIMO AO CLUBE DAS PAS,,,,CAMPO GRANDE,COLISÃO,,0,1,0,0,0,0,0,0,0,1,0,,,,,,,,,,,,,,,,2881,202323440
2023-10-06T00:00:00,06:32:00,COM VÍTIMA,FINALIZADA,BREJO DA GUABIRABA,AV VEREADOR OTACILIO AZEVEDO,4,2888,,PROXIMO A LANCHONETE DO RAMOS,,,,BREJO DA GUABIRABA,COLISÃO,,0,1,0,0,0,0,0,0,0,1,0,,,,,,,,,,,,,,,,2882,202323443
2023-10-06T00:00:00,07:18:00,COM VÍTIMA,FINALIZADA,GRACAS,RUA AMARO BEZERRA,0,,,QUATRO CANTOS,,,,GRACAS,COLISÃO,,1,1,0,0,0,0,0,0,0,2,0,,,,,,,,,,,,,,,,2883,202323450
2023-10-07T00:00:00,12:10:00,COM VÍTIMA,FINALIZADA,BOA VIAGEM,RUA BRUNO VELOSO,0,,AV FERNANDO SIMOES BARBOSA,CRUZAMENTO DO SHOPPING RECIFE,,,,BOA VIAGEM,COLISÃO COM CICLISTA,,0,0,0,1,0,0,0,0,0,1,0,,,,,,,,,,,,,,,,2886,202323461
2023-10-07T00:00:00,12:15:00,COM VÍTIMA,FINALIZADA,IBURA,RUA CAMPO VERDE,0,,,TERMINAL DO UR 2,,,,IBURA,COLISÃO FRONTAL,,0,0,0,0,0,0,0,0,0,2,0,,,,,,,,,,,,,,,,2887,202323462
2023-10-07T00:00:00,02:29:00,COM VÍTIMA,FINALIZADA,ARRUDA,AV BEBERIBE,0,,RUA ALEGRE,PROX CANAL DE CONTRUÇÃO,,,,ARRUDA,COLISÃO,,0,0,0,0,0,0,0,0,0,1,0,64,,,,,,,,,,,,,,,2891,202323468
2023-10-07T00:00:00,08:50:00,COM VÍTIMA,FINALIZADA,BOA VIAGEM,RUA BRUNO VELOSO,3,934,,PROX AO SHOPPING RECIFE E ACADEMIA SELFIT,,,,BOA VIAGEM,COLISÃO,,0,1,0,0,0,0,0,0,0,1,0,,,,,,,,,,,,,,,,2892,202323490
2023-10-07T00:00:00,09:25:00,COM VÍTIMA,FINALIZADA,CAMPO GRANDE,AV CORREIA DE BRITO,0,,,PROX AO MERCADO SITIO NOVO,,,,CAMPO GRANDE,COLISÃO,,0,1,0,0,0,0,0,0,0,1,0,,,,,,,,,,,,,,,,2893,202323491
2023-10-07T00:00:00,12:38:00,COM VÍTIMA,FINALIZADA,RECIFE,AV RIO BRANCO,3,107,,EM FRENTE AO BANCO DO BRASIL,,,,BAIRRO DO RECIFE,COLISÃO,,0,1,0,0,0,0,0,0,0,1,0,,,,,,,,,,,,,,,,2894,202323519
2023-10-07T00:00:00,12:55:00,COM VÍTIMA,FINALIZADA,IMBIRIBEIRA,AV MARECHAL MASCARENHAS DE MORAES,0,,,EM FRENTE AO DER CLUBE RODOVIARIO/ SENTIDO JABOATÃO,,,,IMBIRIBEIRA,COLISÃO LATERAL,,0,2,0,0,0,0,0,0,0,2,0,,,,,,,,,,,,,,,,2895,202323520
2023-10-07T00:00:00,08:25:00,COM VÍTIMA,FINALIZADA,MANGABEIRA,AV NORTE MIGUEL ARRAES DE ALENCAR,0,,,PRÓXIMO A ENTRADA DO ALTO JOSÉ DO PINHO,,,,MANGABEIRA,ATROPELAMENTO DE PESSOA,,0,1,0,0,1,0,0,0,0,2,0,,,,,,,,,,,,,,,,2897,202323561
2023-10-08T00:00:00,08:31:00,COM VÍTIMA,FINALIZADA,CASA AMARELA,AV NORTE MIGUEL ARRAES DE ALENCAR,0,,,"PROX. A FARMACIA PAGUE MENOS, AO LADO DO REI DA PICANHA",,,,CASA AMARELA,COLISÃO LATERAL,,0,1,0,0,0,0,0,0,0,1,0,,,,,,,,,,,,,,,,2900,202323591
2023-10-08T00:00:00,09:25:00,COM VÍTIMA,FINALIZADA,IMBIRIBEIRA,AV MARECHAL MASCARENHAS DE MORAES,0,,,EM FRENTE A ENTRADA DO AEROPORTO,,,,IMBIRIBEIRA,COLISÃO LATERAL,,0,1,0,0,0,0,0,0,0,1,0,,,,,,,,,,,,,,,,2901,202323596
2023-10-08T00:00:00,10:53:00,COM VÍTIMA,FINALIZADA,IPSEP,AV RECIFE,0,,,"APOS A CONCESSIONARIA JJK,  PROX. AO SEMAFORO 247",,,,IPSEP,COLISÃO LATERAL,,1,1,0,0,0,0,0,0,0,1,0,,,,,,,,,,,,,,,,2902,202323601
2023-10-08T00:00:00,11:49:00,COM VÍTIMA,FINALIZADA,ESPINHEIRO,RUA AMELIA,0,,,PROX. A GALERIA MODA MANIA E BANCA DE BICHO MONTE CARLOS,,,,ESPINHEIRO,COLISÃO LATERAL,,0,1,0,0,0,0,0,0,0,1,0,,,,,,,,,,,,,,,,2904,202323607
2023-10-08T00:00:00,11:51:00,VÍTIMA FATAL,FINALIZADA,ESTANCIA,AV RECIFE,0,,,APOS SEMAFORO 059/ SENTIDO UFPE,,,,ESTANCIA,COLISÃO,,2,0,0,0,0,0,0,0,0,0,1,59,,,,,,,,,,,,,,,2905,202323608
2023-10-08T00:00:00,03:49:00,COM VÍTIMA,FINALIZADA,TORRE,RUA CONDE DE IRAJA,0,,AV BEIRA RIO,NA DESCIDA PONTE,,,,TORRE,COLISÃO FRONTAL,,2,0,0,0,0,0,0,0,0,1,0,,,,,,,,,,,,,,,,2907,202323627
2023-10-08T00:00:00,10:51:00,COM VÍTIMA,FINALIZADA,BOA VISTA,RUA DA AURORA,0,,AV CONDE DA BOA VISTA,ESQUINA DO CINEMA SÃO LUIS,,,,BOA VISTA,COLISÃO TRANSVERSAL,,2,0,0,0,0,0,0,0,0,1,0,,,,,,,,,,,,,,,,2910,202323653
2023-10-08T00:00:00,11:17:00,COM VÍTIMA,FINALIZADA,ILHA DO LEITE,PTE JOSE DE BARROS LIMA,0,,AV GOVERNADOR AGAMENON MAGALHAES,DESCIDA DO VIADUTO EM FRENTE AO HOPE,,,,ILHA DO LEITE,COLISÃO,,1,1,0,0,0,0,0,0,0,2,0,,,,,,,,,,,,,,,,2911,202323655
2023-10-09T00:00:00,05:40:00,COM VÍTIMA,FINALIZADA,AFOGADOS,RUA MOTOCOLOMBO,0,,RUA PROFESSOR AUGUSTO WANDERLEY FILHO,PONTE MOTOCOLOMBÓ,,,,AFOGADOS,COLISÃO,,0,0,0,0,0,0,0,0,0,1,0,39,,,,,,,,,,,,,,,2912,202323666
2023-10-09T00:00:00,07:05:00,COM VÍTIMA,FINALIZADA,SAO JOSE,RUA IMPERIAL,0,,TRV DO RAPOSO,ESQUINA DO BAR DA BETANIA,,,,SAO JOSE,COLISÃO,,2,0,0,0,0,0,0,0,0,1,0,511,,,,,,,,,,,,,,,2913,202323675
2023-10-09T00:00:00,07:58:00,COM VÍTIMA,FINALIZADA,SANTO AMARO,RUA ANTONIO SIMOES,0,,,"EM FRENTE A FREITA MOTO PEÇAS , PROX. A AGAMENON VEICULOS",,,,SANTO AMARO,COLISÃO LATERAL,,0,1,0,0,0,0,0,0,0,1,0,,,,,,,,,,,,,,,,2914,202323679
2023-10-09T00:00:00,08:33:00,COM VÍTIMA,FINALIZADA,AFOGADOS,AV DR JOSE RUFINO,0,,,"PROX. AO ARMAZEM CORAL, COMERCIAL GUSTAVO E RESTAURANTE BODE DO NO",,,,AFOGADOS,COLISÃO LATERAL,,0,1,0,0,0,0,0,0,0,1,0,,,,,,,,,,,,,,,,2915,202323681
2023-10-09T00:00:00,08:35:00,COM VÍTIMA,FINALIZADA,AFOGADOS,RUA SAO MIGUEL,0,,,PROX. AO ARMAZEM  CORAL  .,,,,AFOGADOS,COLISÃO LATERAL,,1,1,0,0,0,0,0,0,0,1,0,,,,,,,,,,,,,,,,2916,202323682
2023-10-09T00:00:00,08:46:00,COM VÍTIMA,FINALIZADA,AGUA FRIA,AV BEBERIBE,0,,,PROX. AO MADRUGÃO BURGUER,,,,AGUA FRIA,COLISÃO TRASEIRA,,1,1,0,0,0,0,0,0,0,1,0,,,,,,,,,,,,,,,,2917,202323685
2023-10-09T00:00:00,08:47:00,COM VÍTIMA,FINALIZADA,TORRE,RUA MARCOS ANDRE,0,,,EM FRENTE AO CARREFOUR,,,,TORRE,COLISÃO LATERAL,,1,0,0,0,0,0,0,0,0,1,0,,,,,,,,,,,,,,,,2918,202323686
2023-10-09T00:00:00,09:41:00,COM VÍTIMA,FINALIZADA,AFOGADOS,RUA SAO MIGUEL,0,,RUA DO DESPACHO,POSTO DE GASOLONBA DISLUB,,,,AFOGADOS,COLISÃO LATERAL,,1,1,0,0,0,0,0,0,0,1,0,,,,,,,,,,,,,,,,2919,202323690
2023-10-09T00:00:00,12:34:00,COM VÍTIMA,FINALIZADA,ROSARINHO,RUA GERSON DE BARROS PINANGE,2,45,,APOS A PADARIA DO ROSARINHO,,,,ROSARINHO,COLISÃO LATERAL,,1,1,0,0,0,0,0,0,0,1,0,,,,,,,,,,,,,,,,2920,202323710
2023-10-09T00:00:00,03:44:00,COM VÍTIMA,FINALIZADA,CAMPO GRANDE,RUA VISCONDE DE CAIRU,0,,,BODEGA DO PIRATA,,,,CAMPO GRANDE,COLISÃO LATERAL,,0,1,0,0,0,0,0,1,0,1,0,,,,,,,,,,,,,,,,2921,202323723
2023-10-09T00:00:00,03:56:00,COM VÍTIMA,FINALIZADA,CORDEIRO,RUA SANTA LUCIA,4,3422,,AO LADO DO PARQUE DO CAIARA ESQUINA DO ARMAZEM PARALELA DA CONSTRUÇÃO,,,,CORDEIRO,COLISÃO LATERAL,,0,0,0,0,0,0,0,0,0,1,0,,,,,,,,,,,,,,,,2922,202323725
2023-10-09T00:00:00,04:45:00,COM VÍTIMA,FINALIZADA,IMBIRIBEIRA,AV MARECHAL MASCARENHAS DE MORAES,0,,,E/F AO GERALDAO,,,,IMBIRIBEIRA,COLISÃO LATERAL,,0,0,0,0,0,0,0,0,0,1,0,,,,,,,,,,,,,,,,2923,202323730
2023-10-09T00:00:00,05:20:00,COM VÍTIMA,FINALIZADA,MACAXEIRA,RUA ALTO DO PITU,3,199,,PROX AO CAMPO DO UNIAO E A COMPESA,,,,MACAXEIRA,COLISÃO LATERAL,,0,0,0,0,0,1,1,0,0,1,0,,,,,,,,,,,,,,,,2924,202323736
2023-10-09T00:00:00,05:22:00,COM VÍTIMA,FINALIZADA,IMBIRIBEIRA,AV MARECHAL MASCARENHAS DE MORAES,2,35,,E/F A HONDA,,,,IMBIRIBEIRA,COLISÃO LATERAL,,0,1,0,0,0,0,0,0,0,1,0,,,,,,,,,,,,,,,,2925,202323738
2023-10-10T00:00:00,05:38:00,COM VÍTIMA,FINALIZADA,PONTO DE PARADA,AV BEBERIBE,0,,,COM A MEN SÁ,,,,PONTO DE PARADA,COLISÃO LATERAL,,1,1,0,0,0,0,0,0,0,1,0,,,,,,,,,,,,,,,,2929,202323767