data,hora,natureza_acidente,situacao,bairro,endereco,,numero,detalhe_endereco_acidente,complemento,endereco_cruzamento,numero_cruzamento,referencia_cruzamento,bairro_cruzamento,tipo,descricao,auto,moto,ciclom,ciclista,pedestre,onibus,caminhao,viatura,outros,vitimas,vitimasfatais,num_semaforo,sentido_via,acidente_verificado,tempo_clima,situacao_semaforo,sinalizacao,condicao_via,conservacao_via,ponto_controle,situacao_placa,velocidade_max_via,mao_direcao,divisao_via1,divisao_via2,divisao_via3,_id,Protocolo
2023-10-27T00:00:00,07:07:00,COM VÍTIMA,FINALIZADA,PINA,AV ENGENHEIRO DOMINGOS FERREIRA,0,,,"EM FRENTE A ESCOLA MUNICIPAL OSVALDO LIMA FILHO /  EM FRENTE AO ARMAZEM BOA VIAGEM, SENTIDO BOA VIAGEM",,,,PINA,COLISÃO,,0,1,0,0,0,0,0,0,0,1,0,,,,,,,,,,,,,,,,3142,202325279
2023-10-27T00:00:00,07:46:00,COM VÍTIMA,FINALIZADA,BOA VIAGEM,RUA ERNESTO DE PAULA SANTOS,0,,,RUA DA UNINASSAU,,,,BOA VIAGEM,COLISÃO LATERAL,,0,1,0,0,0,0,0,0,0,1,0,,,,,,,,,,,,,,,,3143,202325282
2023-10-27T00:00:00,08:10:00,COM VÍTIMA,FINALIZADA,CAXANGA,AV CAXANGA,0,,,APÓS A GREGORIO JUNIOR,,,,CAXANGA,ATROPELAMENTO DE PESSOA,,0,1,0,0,1,0,0,0,0,3,0,,,,,,,,,,,,,,,,3144,202325287
2023-10-27T00:00:00,08:35:00,COM VÍTIMA,FINALIZADA,IMBIRIBEIRA,AV PRESIDENTE DUTRA,0,,,PRÓXIMO À LOCAVEL E AO SAL E BRASA,,,,IMBIRIBEIRA,COLISÃO LATERAL,,0,0,0,0,0,0,0,0,0,1,0,,,,,,,,,,,,,,,,3145,202325293
2023-10-27T00:00:00,09:30:00,COM VÍTIMA,FINALIZADA,IMBIRIBEIRA,AV RECIFE,0,,,"SUB. DO VIADUTO TANCREDO NEVES, NO FINAL DA AV. RECIFE",,,,IMBIRIBEIRA,COLISÃO LATERAL,,0,1,0,0,0,0,0,0,0,1,0,,,,,,,,,,,,,,,,3146,202325297
2023-10-27T00:00:00,10:42:00,COM VÍTIMA,FINALIZADA,BOA VIAGEM,AV CONSELHEIRO AGUIAR,0,,RUA FELIX DE BRITO E MELO,,,,,BOA VIAGEM,ATROPELAMENTO DE PESSOA,,0,1,0,0,1,0,0,0,0,1,0,,,,,,,,,,,,,,,,3147,202325305
2023-10-27T00:00:00,10:47:00,VÍTIMA FATAL,FINALIZADA,NOVA DESCOBERTA,RUA NOVA DESCOBERTA,4,1068,,EM FRENTE AO BAR DO VVVI E ASSEMBLEIA DE DEUS,,,,NOVA DESCOBERTA,COLISÃO COM CICLISTA,,1,0,0,1,0,0,0,0,0,1,1,,,,,,,,,,,,,,,,3148,202325309
2023-10-27T00:00:00,11:49:00,COM VÍTIMA,FINALIZADA,BOA VISTA,PTE SEIS DE MARCO,0,,,"EM CIMA DA PONTE VELHA, SENT. CASA DA CULTURA",,,,BOA VISTA,COLISÃO LATERAL,,0,1,0,0,0,0,0,0,0,1,0,,,,,,,,,,,,,,,,3149,202325319
2023-10-27T00:00:00,12:12:00,COM VÍTIMA,FINALIZADA,IBURA,AV DOM HELDER CAMARA,0,,,"SENTIDO BR, IBURA DE BAIXO PISTA NOVA PROX AO ARMAZEM CORAL",,,,IBURA,COLISÃO,,0,1,0,0,0,0,0,0,0,1,0,,,,,,,,,,,,,,,,3150,202325320
2023-10-27T00:00:00,03:35:00,COM VÍTIMA,FINALIZADA,IMBIRIBEIRA,RUA OLIVIA MENELAU,3,110,,EM FRENTE AO GRILO,,,,IMBIRIBEIRA,COLISÃO LATERAL,,0,1,0,0,0,0,1,0,0,1,0,,,,,,,,,,,,,,,,3151,202325337
2023-10-27T00:00:00,04:26:00,COM VÍTIMA,FINALIZADA,CORDEIRO,RUA CORONEL FERNANDO FURTADO,3,295,,AO LADO DA EXPOSIÇÃO DE ANIMAIS,,,,CORDEIRO,COLISÃO LATERAL,,0,0,0,0,0,0,0,0,0,1,0,,,,,,,,,,,,,,,,3152,202325341
2023-10-27T00:00:00,05:23:00,COM VÍTIMA,FINALIZADA,RECIFE,C DO APOLO,0,,,ENTRE  O BANCO DO BRASIL E O PORTO DIGITAL,,,,BAIRRO DO RECIFE,COLISÃO LATERAL,,0,1,0,0,0,1,0,0,0,1,0,,,,,,,,,,,,,,,,3153,202325348
2023-10-27T00:00:00,05:23:00,COM VÍTIMA,FINALIZADA,PINA,AV ANTONIO DE GOES,3,565,,CIA DO SORRISO,,,,PINA,ATROPELAMENTO DE PESSOA,,0,1,0,0,1,0,0,0,0,1,0,,,,,,,,,,,,,,,,3155,202325352
2023-10-28T00:00:00,07:36:00,COM VÍTIMA,FINALIZADA,ARRUDA,RUA DAS MOCAS,0,,RUA DA REGENERACAO,PROX AO SEMAFORO 472 / PROX AO MERDINHO MIX,,,,ARRUDA,COLISÃO,,1,1,0,0,0,0,0,0,0,2,0,,,,,,,,,,,,,,,,3156,202325387
2023-10-28T00:00:00,07:52:00,COM VÍTIMA,FINALIZADA,BOA VIAGEM,RUA DES JOAO PAES,0,,,PROX. AO RETAURANTE GUAIAMUM,,,,BOA VIAGEM,COLISÃO LATERAL,,0,1,0,0,0,0,0,0,0,1,0,,,,,,,,,,,,,,,,3157,202325389
2023-10-28T00:00:00,11:04:00,COM VÍTIMA,FINALIZADA,CORDEIRO,AV PROFESSOR ESTEVAO FRANCISCO DA COSTA,3,121,,PROX AO MERCADINHO SANTIAGO / SENTIDO HOSPITAL GETULHO  VARGAS,,,,CORDEIRO,COLISÃO LATERAL,,1,1,0,0,0,0,0,0,0,1,0,,,,,,,,,,,,,,,,3160,202325417
2023-10-28T00:00:00,11:19:00,COM VÍTIMA,FINALIZADA,IBURA,RUA RIO DA PRATA,2,11,,PROX. AO SUPERMERCADO MR E VIDRAÇARIA DOIS RIOS IBURA DE BAIXO,,,,IBURA,COLISÃO LATERAL,,1,1,0,0,0,0,0,0,0,1,0,,,,,,,,,,,,,,,,3161,202325418
2023-10-28T00:00:00,12:13:00,COM VÍTIMA,FINALIZADA,SAO JOSE,RUA VINTE E TRES DE MARCO,0,,,AO LADO DA CASA DA CULTURA / SOBRE PONTE VELHA,,,,SAO JOSE,COLISÃO TRASEIRA,,1,1,0,0,0,0,0,0,0,1,0,,,,,,,,,,,,,,,,3162,202325427
2023-10-28T00:00:00,02:50:00,COM VÍTIMA,FINALIZADA,CAMPO GRANDE,AV PROFESSOR JOSE DOS ANJOS,2,38,,LANCHONETE MATA FOME,,,,CAMPO GRANDE,QUEDA,,0,0,0,0,0,0,0,0,0,1,0,,,,,,,,,,,,,,,,3163,202325438
2023-10-28T00:00:00,03:36:00,COM VÍTIMA,FINALIZADA,CAXANGA,AV CAXANGA,4,9439,,PACIENTE DENTRO DO GOLF COUNTRY CLUB,,,,CAXANGA,COLISÃO LATERAL,,0,0,0,0,0,0,0,0,0,1,0,,,,,,,,,,,,,,,,3164,202325443
2023-10-28T00:00:00,05:44:00,COM VÍTIMA,FINALIZADA,DERBY,AV GOVERNADOR AGAMENON MAGALHAES,0,,,EM FRENTE A MECDONALDS,,,,DERBY,COLISÃO COM CICLISTA,,0,1,0,1,0,0,0,0,0,1,0,75,,,,,,,,,,,,,,,3166,202325453
2023-10-28T00:00:00,05:53:00,COM VÍTIMA,FINALIZADA,SAO JOSE,RUA BOM SUCESSO,0,,,PROX AO VIADUTO CAPITÃO TEMUDO,,,,SAO JOSE,COLISÃO FRONTAL,,2,0,0,0,0,0,0,0,0,2,0,,,,,,,,,,,,,,,,3167,202325454
2023-10-28T00:00:00,11:07:00,COM VÍTIMA,FINALIZADA,SAN MARTIN,AV GENERAL SAN MARTIN,0,,,PRÓXIMO A PRAÇA DA INFANCIA,,,,SAN MARTIN,COLISÃO,,0,0,0,0,0,0,0,0,0,1,0,,,,,,,,,,,,,,,,3168,202325469
2023-10-29T00:00:00,08:07:00,COM VÍTIMA,FINALIZADA,GRACAS,RUA CRUZ DAS GRACAS,3,277,,"PROX A IGREJA DAS GRAÇAS, EM FRENTE AO EDF NOSSA SENHORA DAS GRAÇAS",,,,GRACAS,COLISÃO,,1,1,0,0,0,0,0,0,0,2,0,,,,,,,,,,,,,,,,3169,202325493
2023-10-29T00:00:00,09:26:00,COM VÍTIMA,FINALIZADA,CASA FORTE,AV FLOR DE SANTANA,0,,,PROX AO BURGUER KING / PROX AO LAVA JATO,,,,CASA FORTE,COLISÃO,,0,1,0,0,0,0,0,0,0,1,0,,,,,,,,,,,,,,,,3170,202325499
2023-10-29T00:00:00,12:33:00,COM VÍTIMA,FINALIZADA,PARNAMIRIM,AV PARNAMIRIM,3,417,,GALERIA PARNAMIRIM CENTER,,,,PARNAMIRIM,COLISÃO LATERAL,,1,1,0,0,0,0,0,0,0,1,0,,,,,,,,,,,,,,,,3172,202325510
2023-10-29T00:00:00,01:42:00,COM VÍTIMA,FINALIZADA,MACAXEIRA,RUA ALTO DO PITU,1,8,,SUBIDA DO CAMPO DO UNIÃO/  PROXIMO A BARRACA NATAL,,,,MACAXEIRA,COLISÃO,,0,1,0,0,0,0,0,0,0,1,0,,,,,,,,,,,,,,,,3173,202325514
2023-10-29T00:00:00,05:47:00,COM VÍTIMA,FINALIZADA,MACAXEIRA,RUA MARIA AMALIA,3,142,,PROX AO PARQUE URBANO DA MACAXEIRA,,,,MACAXEIRA,COLISÃO LATERAL,,0,1,0,0,0,0,0,0,0,1,0,,,,,,,,,,,,,,,,3174,202325532
2023-10-29T00:00:00,07:33:00,COM VÍTIMA,FINALIZADA,COHAB,RUA DR BENIGNO JORDAO DE VASCONCELOS,4,1085,,PROXIMO A UPA DA LOGOA ENCANTADA,,,,COHAB,COLISÃO LATERAL,,0,1,0,0,0,0,0,0,0,1,0,,,,,,,,,,,,,,,,3175,202325547
2023-10-29T00:00:00,08:03:00,COM VÍTIMA,FINALIZADA,AFOGADOS,RUA AUGUSTO CALHEIROS,2,25,,EM FRENTE AO GREMURB,,,,AFOGADOS,COLISÃO LATERAL,,0,2,0,0,0,0,0,0,0,1,0,,,,,,,,,,,,,,,,3176,202325548
2023-10-29T00:00:00,09:36:00,COM VÍTIMA,FINALIZADA,SANTO AMARO,AV PREFEITO ARTUR LIMA CAVALCANTI,0,,AV CRUZ CABUGA,PROXIMO  A APAC,,,,SANTO AMARO,COLISÃO TRANSVERSAL,,2,0,0,0,0,0,0,0,0,2,0,,,,,,,,,,,,,,,,3177,202325549
2023-10-29T00:00:00,11:27:00,COM VÍTIMA,FINALIZADA,BOA VIAGEM,AV ENGENHEIRO DOMINGOS FERREIRA,0,,,PROXIMO AO CLINICAL CENTER,,,,BOA VIAGEM,COLISÃO TRASEIRA,,1,1,0,0,0,0,0,0,0,2,0,,,,,,,,,,,,,,,,3178,202325551
2023-10-30T00:00:00,07:07:00,COM VÍTIMA,FINALIZADA,MADALENA,AV VISCONDE DE ALBUQUERQUE,3,862,RUA JANUARIO BARBOSA,EM FRENTE A CLINICA INTERPERIO / PROX A CLINICA TERAUPETICA ENDO,,,,MADALENA,COLISÃO LATERAL,,1,1,0,0,0,0,0,0,0,1,0,,,,,,,,,,,,,,,,3179,202325563
2023-10-30T00:00:00,08:36:00,COM VÍTIMA,FINALIZADA,MADALENA,RUA PESSOA DE MELO,3,227,,AO LADO DO HOSPITAL D´AVILA,,,,MADALENA,COLISÃO FRONTAL,,1,1,0,0,0,0,0,0,0,1,0,,,,,,,,,,,,,,,,3180,202325574
2023-10-30T00:00:00,08:50:00,COM VÍTIMA,FINALIZADA,CAMPO GRANDE,EST DE BELEM,2,65,,EM FRENTE A IGREJA MEMORIAL  DE BELEM,,,,CAMPO GRANDE,COLISÃO,,1,1,0,0,0,0,0,0,0,1,0,,,,,,,,,,,,,,,,3182,202325577
2023-10-30T00:00:00,09:34:00,COM VÍTIMA,FINALIZADA,AFOGADOS,EST DOS REMEDIOS,0,,,EM FRENTE AO SUPERMERCADO NOVO ATACAREJO E VALENCIA QUIMICA,,,,AFOGADOS,COLISÃO,,0,1,0,0,0,0,0,0,0,1,0,,,,,,,,,,,,,,,,3183,202325581
2023-10-30T00:00:00,11:38:00,COM VÍTIMA,FINALIZADA,IMBIRIBEIRA,AV MARECHAL MASCARENHAS DE MORAES,0,,,PROX AO GERALDAO SENTIDO PRAZERES,,,,IMBIRIBEIRA,COLISÃO,,0,1,0,0,0,0,0,0,0,1,0,,,,,,,,,,,,,,,,3184,202325588
2023-10-30T00:00:00,11:51:00,COM VÍTIMA,FINALIZADA,ILHA JOANA BEZERRA,VDO PAPA JOAO PAULO II,0,,,"PRÓXIMO AO FÓRUM E À PASSARELA, SENTIDO BOA VIAGEM",,,,JOANA BEZERRA,COLISÃO,,0,0,0,0,0,0,0,0,0,1,0,,,,,,,,,,,,,,,,3185,202325589
2023-10-30T00:00:00,12:12:00,COM VÍTIMA,FINALIZADA,SANTO AMARO,RUA TREZE DE MAIO,0,,RUA PEDRO AFONSO,PROX AO SESC,,,,SANTO AMARO,COLISÃO LATERAL,,0,1,0,0,0,0,0,0,0,1,0,,,,,,,,,,,,,,,,3186,202325593
2023-10-30T00:00:00,04:39:00,COM VÍTIMA,FINALIZADA,BOA VIAGEM,AV ENGENHEIRO DOMINGOS FERREIRA,4,1967,,E/F A SUDENE  SUPERINTENDÊNCIA DO DESENVOLVIMENTO DO NORDESTE  S/T SUB,,,,BOA VIAGEM,COLISÃO TRASEIRA,,1,1,0,0,0,0,0,0,0,1,0,,,,,,,,,,,,,,,,3187,202325608
2023-10-30T00:00:00,07:50:00,COM VÍTIMA,FINALIZADA,SANTO AMARO,AV CRUZ CABUGA,0,,,EM FRENTE AO HOSPITAL DO CANCER E ENTRADA  DA MARINHA,,,,SANTO AMARO,COLISÃO,,0,1,0,0,0,0,0,0,0,1,0,,,,,,,,,,,,,,,,3188,202325625
2023-10-30T00:00:00,08:31:00,COM VÍTIMA,FINALIZADA,SANTO AMARO,AV CRUZ CABUGA,0,,AV NORTE MIGUEL ARRAES DE ALENCAR,EM FRENTE AO CEMITERIO DOS INGLESES PROX A CASA DA INDUSTRIA E SENAI SANTO AMARO,,,,SANTO AMARO,COLISÃO,,0,1,0,0,0,0,0,0,0,1,0,,,,,,,,,,,,,,,,3189,202325627
2023-10-30T00:00:00,08:31:00,COM VÍTIMA,FINALIZADA,ENCRUZILHADA,AV NORTE MIGUEL ARRAES DE ALENCAR,0,,,PROXIMO AO HOSPITAL JORGE DE MEDEIROS,,,,ENCRUZILHADA,COLISÃO,,0,1,0,0,0,0,0,0,0,1,0,,,,,,,,,,,,,,,,3190,202325628
2023-10-30T00:00:00,09:54:00,COM VÍTIMA,FINALIZADA,IMBIRIBEIRA,AV DES JOSE NEVES,0,,RUA JOAQUIM PINHEIRO,,,,,IMBIRIBEIRA,COLISÃO,,0,2,0,0,0,0,0,0,0,3,0,,,,,,,,,,,,,,,,3191,202325630
2023-10-30T00:00:00,10:29:00,COM VÍTIMA,FINALIZADA,IBURA,AV SANTA FE,0,,,ENTRADA DA UR-2,,,,IBURA,ATROPELAMENTO DE PESSOA,,0,0,0,0,0,0,0,0,0,1,0,,,,,,,,,,,,,,,,3192,202325632
2023-10-31T00:00:00,08:07:00,COM VÍTIMA,FINALIZADA,VARZEA,AV CAXANGA,0,,,APOS A UPA SENTIDO RECIFE / PROX A INTEGRAÇÃO DA CAXANGA,,,,VARZEA,ATROPELAMENTO DE PESSOA,,0,1,0,0,1,0,0,0,0,2,0,,CIDADE,,,,,,,,,,,,,,3193,202325661
2023-10-31T00:00:00,08:28:00,COM VÍTIMA,FINALIZADA,BOA VISTA,RUA BERNARDO GUIMARAES,0,,,EM FRENTE A UNIVERSIDADE CATOLICA,,,,BOA VISTA,COLISÃO,,0,1,0,0,0,0,0,0,0,1,0,,,,,,,,,,,,,,,,3194,202325665
2023-10-31T00:00:00,08:28:00,COM VÍTIMA,FINALIZADA,BOA VIAGEM,RUA DEZ DE JULHO,3,210,,PROX. A CONCESSIONARIA ALUGUE BRASIL E INTEGRAÇÃO DO AEROPORTO,,,,BOA VIAGEM,COLISÃO LATERAL,,0,1,0,0,0,0,0,0,0,1,0,,,,,,,,,,,,,,,,3195,202325666
2023-10-31T00:00:00,11:58:00,COM VÍTIMA,FINALIZADA,ILHA JOANA BEZERRA,AV GOVERNADOR AGAMENON MAGALHAES,0,,,EM FRENTE AO FORUM,,,,JOANA BEZERRA,COLISÃO,,0,1,0,0,0,0,0,0,0,1,0,,,,,,,,,,,,,,,,3198,202325682
2023-10-31T00:00:00,12:44:00,COM VÍTIMA,FINALIZADA,CORDEIRO,AV INACIO MONTEIRO,0,,,EM FRENTE A EXPOSIÇÃO DE ANIMAIS / SENTIDO SUBURBIO,,,,CORDEIRO,COLISÃO,,0,1,0,0,0,0,0,0,0,1,0,,,,,,,,,,,,,,,,3199,202325687
2023-10-31T00:00:00,04:38:00,COM VÍTIMA,FINALIZADA,IPSEP,AV RECIFE,0,,AV DOM HELDER CAMARA,ENTRADA DO IBURA,,,,IPSEP,ATROPELAMENTO DE PESSOA,,1,0,0,0,1,0,0,0,0,1,0,,,,,,,,,,,,,,,,3200,202325713
2023-10-31T00:00:00,04:55:00,COM VÍTIMA,FINALIZADA,DERBY,AV GOVERNADOR CARLOS DE LIMA CAVALCANTI,0,,AV GOVERNADOR AGAMENON MAGALHAES,PROXIMO A MCDONALDS / EM CIMA DA PONTE/ SENTIDO PRAÇA DO DERBY,,,,DERBY,COLISÃO LATERAL,,1,1,0,0,0,0,0,0,0,1,0,75,,,,,,,,,,,,,,,3201,202325715
2023-10-31T00:00:00,05:34:00,COM VÍTIMA,FINALIZADA,PINA,AV ANTONIO DE GOES,4,1372,,EM FRENTE A PRF,,,,PINA,COLISÃO,,0,1,0,0,0,0,0,0,0,1,0,,,,,,,,,,,,,,,,3202,202325717
2023-10-31T00:00:00,05:44:00,COM VÍTIMA,FINALIZADA,IBURA,AV DOIS RIOS,3,614,,PROXIMO A UPAE,,,,IBURA,COLISÃO,,0,0,0,0,0,0,0,0,0,1,0,,,,,,,,,,,,,,,,3203,202325718
2023-11-01T00:00:00,12:22:00,COM VÍTIMA,FINALIZADA,IPSEP,AV RECIFE,0,,,"NA ENTRADA DO IBURA, PROX. A CASA DAS BATERIAS",,,,IPSEP,COLISÃO LATERAL,,1,2,0,0,0,0,0,0,0,2,0,,,,,,,,,,,,,,,,3208,202325743
2023-11-01T00:00:00,09:30:00,COM VÍTIMA,FINALIZADA,TORREAO,AV NORTE MIGUEL ARRAES DE ALENCAR,0,,,EM FRENTE A CONCESSIONARIA PEDRAGON E RESTAURANTE PRAÇA DA PICANHA,,,,TORREAO,COLISÃO LATERAL,,0,1,0,0,0,0,0,0,0,1,0,,,,,,,,,,,,,,,,3209,202325781
2023-11-01T00:00:00,09:39:00,COM VÍTIMA,FINALIZADA,IMBIRIBEIRA,RUA JEAN EMILE FAVRE,0,,,PROX. A FACULDADE BOA VIAGEM E SAIDA DO IPSEP,,,,IMBIRIBEIRA,COLISÃO LATERAL,,0,1,0,0,0,0,0,0,0,1,0,,,,,,,,,,,,,,,,3210,202325782
2023-11-01T00:00:00,11:02:00,COM VÍTIMA,FINALIZADA,ILHA JOANA BEZERRA,TRV DO RAPOSO,0,,,PROX AO FORUM JOANA BEZERRA,,,,JOANA BEZERRA,COLISÃO FRONTAL,,1,1,0,0,0,0,0,0,0,1,0,,,,,,,,,,,,,,,,3211,202325793
2023-11-01T00:00:00,11:51:00,COM VÍTIMA,FINALIZADA,VARZEA,RUA GASTAO VIDIGAL,0,,,APÓS A UPA DA CAXANGA / SENTIDO UR-07 VARZEA,,,,VARZEA,COLISÃO,,0,1,0,0,0,0,0,0,0,1,0,,,,,,,,,,,,,,,,3212,202325799
2023-11-01T00:00:00,11:54:00,COM VÍTIMA,FINALIZADA,DERBY,AV GOVERNADOR AGAMENON MAGALHAES,0,,,"EM FRENTE AO BANCO DO BRASIL, SENTIDO OLINDA / LADO CONTRARIO AO HOSPITAL DA RESTAURAÇÃO",,,,DERBY,COLISÃO,,0,1,0,0,0,0,0,0,0,1,0,,,,,,,,,,,,,,,,3213,202325800
2023-11-01T00:00:00,12:14:00,COM VÍTIMA,FINALIZADA,DERBY,RUA JENER DE SOUZA,0,,,EM FRENTE A ANTIGA FACULDADE DE MEDICINA /  PROX A PRAÇA DO DERBY,,,,DERBY,QUEDA,,0,2,0,0,0,0,0,0,0,1,0,,,,,,,,,,,,,,,,3214,202325802
2023-11-01T00:00:00,12:17:00,COM VÍTIMA,FINALIZADA,VASCO DA GAMA,AV VEREADOR OTACILIO AZEVEDO,4,1117,,EM FRENTE A UPA DA NOVA DESCOBERTA,,,,VASCO DA GAMA,ATROPELAMENTO DE PESSOA,,0,1,0,0,1,0,0,0,0,1,0,,,,,,,,,,,,,,,,3215,202325803
2023-11-01T00:00:00,03:42:00,COM VÍTIMA,FINALIZADA,JARDIM SAO PAULO,AV LIBERDADE,3,732,,AO LADO DA LOTERICA,,,,JARDIM SAO PAULO,COLISÃO LATERAL,,0,0,0,0,0,0,0,0,0,1,0,,,,,,,,,,,,,,,,3217,202325825
2023-11-01T00:00:00,07:30:00,COM VÍTIMA,FINALIZADA,CASA FORTE,RUA JOAO TUDE DE MELO,0,,,POR TRÁS DO SHOPPING PLAZA / EMBAIXO DO VIADUTO,,,,CASA FORTE,COLISÃO,,1,1,0,0,0,0,0,0,0,1,0,,,,,,,,,,,,,,,,3218,202325843
2023-11-01T00:00:00,07:58:00,COM VÍTIMA,FINALIZADA,BOA VIAGEM,VDO PRESIDENTE TANCREDO NEVES,0,,,,,,,BOA VIAGEM,COLISÃO,,0,1,0,1,0,0,0,0,0,2,0,,,,,,,,,,,,,,,,3219,202325844
2023-11-02T00:00:00,06:57:00,COM VÍTIMA,FINALIZADA,ESTANCIA,AV RECIFE,4,2706,,PROX AO ARMAZEM CORAL,,,,ESTANCIA,COLISÃO TRASEIRA,,2,0,0,0,0,0,0,0,0,1,0,,,,,,,,,,,,,,,,3221,202325861
2023-11-02T00:00:00,08:08:00,COM VÍTIMA,FINALIZADA,RECIFE,AV MILITAR,0,,,PROX A PREFEITURA DO RECIFE E AO POSTO DE GASOLINA BR,,,,BAIRRO DO RECIFE,COLISÃO,,0,1,0,0,0,0,0,0,0,1,0,,,,,,,,,,,,,,,,3222,202325867
2023-11-02T00:00:00,11:44:00,COM VÍTIMA,FINALIZADA,BOA VISTA,RUA DO PROGRESSO,3,269,,EM FRENTE AO EMPRESARIAL PROGRESSO E O INST. LUZ,,,,BOA VISTA,COLISÃO,,1,1,0,0,0,0,0,0,0,1,0,,,,,,,,,,,,,,,,3223,202325883
2023-11-02T00:00:00,12:02:00,COM VÍTIMA,FINALIZADA,SAO JOSE,AV SUL,0,,,ANTES DO PONTILHÃO PONTILHÃO,,,,SAO JOSE,COLISÃO,,0,0,0,0,0,0,0,0,0,1,0,,,,,,,,,,,,,,,,3224,202325886
2023-11-02T00:00:00,12:42:00,COM VÍTIMA,FINALIZADA,MADALENA,RUA CARLOS GOMES,0,,RUA RICARDO SALAZAR,PROX A CELPE / ANTIGO BAILE PERFUMADO / E DA IGREJA BATISTA DO RIO,,,,MADALENA,COLISÃO,,1,1,0,0,0,0,0,0,0,1,0,623,,,,,,,,,,,,,,,3225,202325889
2023-11-02T00:00:00,06:27:00,COM VÍTIMA,FINALIZADA,ENCRUZILHADA,AV BEBERIBE,3,487,,CASA DO CONSTRUTOR,,,,ENCRUZILHADA,COLISÃO LATERAL,,1,1,0,0,0,0,0,0,0,1,0,,,,,,,,,,,,,,,,3226,202325906
2023-11-03T00:00:00,06:10:00,COM VÍTIMA,FINALIZADA,PINA,PTE VICE PRESIDENTE JOSE ALENCAR,0,,,ANTES DA VIA MANGUE SENT. RIO MAR,,,,PINA,CAPOTAMENTO,,1,0,0,0,0,0,0,0,0,1,0,,,,,,,,,,,,,,,,3228,202325929
2023-11-03T00:00:00,09:25:00,COM VÍTIMA,FINALIZADA,IBURA,AV DOIS RIOS,0,,,PROX A CESTA BASICA TRÊS IRMÃO /  PROX A DOIS RIOS VEÍCULOS / IBURA DEBAIXO,,,,IBURA,COLISÃO,,0,1,0,0,0,0,0,0,0,1,0,,,,,,,,,,,,,,,,3231,202325947
2023-11-03T00:00:00,11:04:00,COM VÍTIMA,FINALIZADA,GRACAS,AV RUI BARBOSA,0,,,EM FRENTE AO MUSEU DO ESTADO / PROX A PEDRAGON,,,,GRACAS,COLISÃO,,0,2,0,0,0,0,0,0,0,2,0,,,,,,,,,,,,,,,,3232,202325959
2023-11-03T00:00:00,11:16:00,COM VÍTIMA,FINALIZADA,MACAXEIRA,AV NORTE MIGUEL ARRAES DE ALENCAR,0,,,"PROX. AO PARQUE DA MACAXEIRA, NA ENTRADA DO BURITY",,,,MACAXEIRA,COLISÃO LATERAL,,0,1,0,0,0,0,0,0,0,1,0,,,,,,,,,,,,,,,,3233,202325961
2023-11-03T00:00:00,11:49:00,COM VÍTIMA,FINALIZADA,SANTO ANTONIO,RUA DA PALMA,3,510,,EM FRENTE AO REI DOS PARAFUSOS,,,,SANTO ANTONIO,COLISÃO,,0,1,0,0,0,0,0,0,0,1,0,,,,,,,,,,,,,,,,3234,202325968
2023-11-03T00:00:00,01:23:00,COM VÍTIMA,FINALIZADA,ESTANCIA,AV RECIFE,4,3795,,CONJ INES ANDREAZA,,,,ESTANCIA,COLISÃO LATERAL,,1,0,0,0,0,0,0,0,0,1,0,,,,,,,,,,,,,,,,3235,202325982
2023-11-03T00:00:00,01:40:00,COM VÍTIMA,FINALIZADA,CAXANGA,AV CAXANGA,4,9509,,SAL E BRASA,,,,CAXANGA,COLISÃO LATERAL,,0,0,0,0,0,0,0,0,0,1,0,,,,,,,,,,,,,,,,3236,202325983
2023-11-03T00:00:00,04:46:00,COM VÍTIMA,FINALIZADA,IBURA,RUA PORTO MOZ,3,194,,APOS A POLICLINICA D UR1,,,,IBURA,COLISÃO LATERAL,,0,1,0,0,0,0,0,0,0,1,0,,,,,,,,,,,,,,,,3237,202325999
2023-11-03T00:00:00,04:52:00,COM VÍTIMA,FINALIZADA,SAO JOSE,AV SUL,0,,,E/F A DISTRIBUIDORA PORTELA,,,,SAO JOSE,COLISÃO LATERAL,,0,1,0,0,0,0,0,0,0,1,0,,,,,,,,,,,,,,,,3238,202326000
2023-11-03T00:00:00,05:45:00,COM VÍTIMA,FINALIZADA,MADALENA,AV BEIRA RIO,4,4197,,EDF ARLINDO GOLVEIA,,,,MADALENA,COLISÃO LATERAL,,0,0,0,0,0,0,0,0,0,1,0,,,,,,,,,,,,,,,,3239,202326011
2023-11-03T00:00:00,08:22:00,COM VÍTIMA,FINALIZADA,PINA,AV HERCULANO BANDEIRA,0,,,DESCIDA DA PONTE PAULO GUERRA,,,,PINA,COLISÃO,,1,1,0,0,0,0,0,0,0,1,0,,,,,,,,,,,,,,,,3240,202326017
2023-11-04T00:00:00,08:46:00,COM VÍTIMA,FINALIZADA,AREIAS,AV RECIFE,0,,,PROX AO ASSAI ATACADISTA SENTIDO BR-101,,,,AREIAS,COLISÃO,,0,1,0,0,0,0,0,0,0,1,0,,,,,,,,,,,,,,,,3241,202326035
2023-11-04T00:00:00,09:10:00,COM VÍTIMA,FINALIZADA,BOA VIAGEM,RUA PADRE CARAPUCEIRO,0,,AV CONSELHEIRO AGUIAR,EM FRENTE AO VERDE FRUTTI,,,,BOA VIAGEM,COLISÃO,,1,1,0,0,0,0,0,0,0,1,0,,,,,,,,,,,,,,,,3242,202326039
2023-11-04T00:00:00,11:34:00,COM VÍTIMA,FINALIZADA,AREIAS,RUA DR VILAS BOAS,0,,,NA RUA DO MIX MATHEUS,,,,AREIAS,COLISÃO,,0,1,0,0,0,0,0,0,0,1,0,,,,,,,,,,,,,,,,3243,202326048
2023-11-04T00:00:00,01:15:00,COM VÍTIMA,FINALIZADA,VARZEA,AV CAXANGA,4,4038,,INTEGRAÇÃO DA CAXANGÁ,,,,VARZEA,COLISÃO TRASEIRA,,1,1,0,0,0,0,0,0,0,2,0,,,,,,,,,,,,,,,,3244,202326051
2023-11-04T00:00:00,03:46:00,COM VÍTIMA,FINALIZADA,CAXANGA,AV CAXANGA,4,5547,,UPA CAXANGA,,,,CAXANGA,COLISÃO LATERAL,,0,0,0,0,0,0,0,0,0,1,0,,,,,,,,,,,,,,,,3245,202326056
2023-11-04T00:00:00,03:46:00,COM VÍTIMA,FINALIZADA,BOA VIAGEM,AV DES JOSE NEVES,3,167,,FERREIRA PINTO,,,,BOA VIAGEM,COLISÃO LATERAL,,1,1,0,0,0,0,0,0,0,1,0,567,,,,,,,,,,,,,,,3246,202326057