data,hora,natureza_acidente,situacao,bairro,endereco,,numero,detalhe_endereco_acidente,complemento,endereco_cruzamento,numero_cruzamento,referencia_cruzamento,bairro_cruzamento,tipo,descricao,auto,moto,ciclom,ciclista,pedestre,onibus,caminhao,viatura,outros,vitimas,vitimasfatais,num_semaforo,sentido_via,acidente_verificado,tempo_clima,situacao_semaforo,sinalizacao,condicao_via,conservacao_via,ponto_controle,situacao_placa,velocidade_max_via,mao_direcao,divisao_via1,divisao_via2,divisao_via3,_id,Protocolo
2023-11-21T00:00:00,07:10:00,COM VÍTIMA,FINALIZADA,BONGI,AV ENGENHEIRO ABDIAS DE CARVALHO,0,,,EM FRENTE AO COMPAZ E CHESF,,,,BONGI,COLISÃO,,0,1,0,0,0,0,0,0,0,1,0,,,,,,,,,,,,,,,,3467,202327701
2023-11-21T00:00:00,07:24:00,COM VÍTIMA,FINALIZADA,ILHA DO RETIRO,AV ENGENHEIRO ABDIAS DE CARVALHO,3,714,,EM FRENTE AO POSTO SHELL,,,,ILHA DO RETIRO,COLISÃO,,1,1,0,0,0,0,0,0,0,1,0,,,,,,,,,,,,,,,,3468,202327704
2023-11-21T00:00:00,08:43:00,COM VÍTIMA,FINALIZADA,BONGI,AV CONSUL VILARES FRAGOSO,0,,,PROX A CAVALERIA / PROX A SECRETARIA ESTADUAL DE SAUDE,,,,BONGI,COLISÃO,,0,1,0,0,0,0,0,0,0,1,0,,,,,,,,,,,,,,,,3469,202327712
2023-11-21T00:00:00,09:30:00,COM VÍTIMA,FINALIZADA,ESPINHEIRO,RUA CONS PORTELA,3,210,,EM FRENTE AO CREMEPE,,,,ESPINHEIRO,COLISÃO TRASEIRA,,1,1,0,0,0,0,0,0,0,1,0,,,,,,,,,,,,,,,,3470,202327715
2023-11-21T00:00:00,09:47:00,COM VÍTIMA,FINALIZADA,SANTO ANTONIO,RUA FLORIANO PEIXOTO,0,,,PROX A CASA DA CULTURA  E DA HONDA MOTO,,,,SANTO ANTONIO,COLISÃO,,0,1,0,0,0,0,0,0,0,1,0,,,,,,,,,,,,,,,,3471,202327718
2023-11-21T00:00:00,10:24:00,COM VÍTIMA,FINALIZADA,IPUTINGA,RUA MINISTRO JOAO ALBERTO,0,,,AO LADO DO SUPERMERCADO  ATACADÃO,,,,IPUTINGA,COLISÃO,,0,1,0,0,0,0,0,0,0,1,0,,,,,,,,,,,,,,,,3472,202327722
2023-11-21T00:00:00,10:45:00,COM VÍTIMA,FINALIZADA,IMBIRIBEIRA,AV MARECHAL MASCARENHAS DE MORAES,0,,,LADO OPOSTO DA FLPOR E ART / SENTIDO PRAZERES,,,,IMBIRIBEIRA,COLISÃO,,0,1,0,0,0,0,0,0,0,1,0,,,,,,,,,,,,,,,,3473,202327725
2023-11-21T00:00:00,11:25:00,COM VÍTIMA,FINALIZADA,CABANGA,RUA CAPITAO TEMUDO,0,,,SENTIDO PINA / VIADUTO CAPITÃO TEMUDO,,,,CABANGA,COLISÃO,,0,1,0,0,0,0,0,0,0,1,0,,,,,,,,,,,,,,,,3475,202327728
2023-11-21T00:00:00,11:37:00,COM VÍTIMA,FINALIZADA,BOA VIAGEM,AV MARECHAL JUAREZ TAVORA,0,,,EM FRENTE A FERREIRA PINTO NA BEIRA CANAL,,,,BOA VIAGEM,COLISÃO LATERAL,,0,1,0,0,0,0,0,0,0,1,0,,,,,,,,,,,,,,,,3476,202327729
2023-11-21T00:00:00,11:53:00,COM VÍTIMA,FINALIZADA,NOVA DESCOBERTA,RUA CORREGO DO JOAQUIM,0,,,PROX AO TERMINAL DO CORREGO DO JOAQUIM / IGREJA  ASSEMBLEIA DE DEUS,,,,NOVA DESCOBERTA,COLISÃO,,0,1,0,0,0,0,0,0,0,1,0,,,,,,,,,,,,,,,,3477,202327730
2023-11-21T00:00:00,12:06:00,COM VÍTIMA,FINALIZADA,CASA AMARELA,AV NORTE MIGUEL ARRAES DE ALENCAR,0,,,EM FRENTE A IGREJA DO AMOR / PROX A HONDA MOTOS,,,,CASA AMARELA,COLISÃO,,0,1,0,0,0,0,0,0,0,1,0,,,,,,,,,,,,,,,,3478,202327732
2023-11-21T00:00:00,01:15:00,COM VÍTIMA,FINALIZADA,MADALENA,RUA JOSE BONIFACIO,0,,RUA DEMOSTENES DE OLINDA,,,,,MADALENA,COLISÃO,,0,0,0,0,0,0,0,0,0,1,0,,,,,,,,,,,,,,,,3479,202327737
2023-11-21T00:00:00,01:19:00,COM VÍTIMA,FINALIZADA,CAXANGA,AV CAXANGA,4,8880,,PROXIMO A UPA DA CAXANGA,,,,CAXANGA,COLISÃO,,0,1,0,0,0,0,0,0,0,1,0,,,,,,,,,,,,,,,,3480,202327739
2023-11-21T00:00:00,02:36:00,COM VÍTIMA,FINALIZADA,VASCO DA GAMA,AV NORTE MIGUEL ARRAES DE ALENCAR,0,,,E/F AO SESI  S/T SUB,,,,VASCO DA GAMA,COLISÃO LATERAL,,1,1,0,0,0,0,0,0,0,1,0,,,,,,,,,,,,,,,,3481,202327749
2023-11-21T00:00:00,02:47:00,COM VÍTIMA,FINALIZADA,IMBIRIBEIRA,AV MARECHAL MASCARENHAS DE MORAES,4,1967,,E/F  JAC  MOTORS RECIFE S/T A FOGADOS,,,,IMBIRIBEIRA,COLISÃO TRASEIRA,,1,1,0,0,0,0,0,0,0,1,0,,,,,,,,,,,,,,,,3482,202327751
2023-11-21T00:00:00,04:08:00,COM VÍTIMA,FINALIZADA,AGUA FRIA,RUA SAO SEBASTIAO,3,510,,POR TRÁS DA IGREJA UNIVERSAL,,,,AGUA FRIA,COLISÃO LATERAL,,2,1,0,0,0,0,0,0,0,1,0,,,,,,,,,,,,,,,,3483,202327758
2023-11-21T00:00:00,04:55:00,COM VÍTIMA,FINALIZADA,BARRO,RUA AMADOR ARAUJO,3,135,,PROX AO MEGA RAÇOES,,,,BARRO,COLISÃO FRONTAL,,1,1,0,0,0,0,0,0,0,1,0,,,,,,,,,,,,,,,,3484,202327762
2023-11-21T00:00:00,06:08:00,COM VÍTIMA,FINALIZADA,ESTANCIA,AV RECIFE,3,205,,MESTRE DAS BATERIAS,,,,ESTANCIA,COLISÃO LATERAL,,1,1,0,0,0,0,0,0,0,2,0,,,,,,,,,,,,,,,,3485,202327765
2023-11-21T00:00:00,06:10:00,COM VÍTIMA,FINALIZADA,SAO JOSE,AV SUL,3,S/N,,PROXIMO AO HOTEL LUA DE MEL,,,,SAO JOSE,COLISÃO FRONTAL,,0,0,0,1,0,1,0,0,0,1,0,,,,,,,,,,,,,,,,3486,202327766
2023-11-21T00:00:00,07:35:00,COM VÍTIMA,FINALIZADA,ARRUDA,AV BEBERIBE,0,,RUA DO TRIUNFO,PRÓX. O CANAL DA CONTRUÇÃO,,,,ARRUDA,COLISÃO,,1,1,0,0,0,0,0,0,0,1,0,,,,,,,,,,,,,,,,3487,202327771
2023-11-22T00:00:00,07:11:00,COM VÍTIMA,FINALIZADA,BOA VIAGEM,AV CELSO FURTADO,0,,,ACESSO  VIADUTO DOM JOAO VI,,,,BOA VIAGEM,COLISÃO LATERAL,,1,1,0,0,0,0,0,0,0,1,0,,,,,,,,,,,,,,,,3488,202327786
2023-11-22T00:00:00,07:25:00,COM VÍTIMA,FINALIZADA,SANTO AMARO,AV CRUZ CABUGA,0,,,EM FRENTE AO ARMAZEM CORAL / SENTIDO RECIFE,,,,SANTO AMARO,COLISÃO,,0,2,0,0,0,0,0,0,0,1,0,,,,,,,,,,,,,,,,3489,202327790
2023-11-22T00:00:00,08:29:00,COM VÍTIMA,FINALIZADA,VARZEA,AV PROFESSOR ARTUR DE SA,0,,,EM FRENTE DA ENTRADA DA EMERGENCIA DO HOSPITAL DAS CLINICAS,,,,VARZEA,COLISÃO,,1,1,0,0,0,0,0,0,0,1,0,,,,,,,,,,,,,,,,3491,202327796
2023-11-22T00:00:00,08:52:00,COM VÍTIMA,FINALIZADA,MANGABEIRA,AV NORTE MIGUEL ARRAES DE ALENCAR,4,4578,,SEMAFORO 096,,,,MANGABEIRA,COLISÃO LATERAL,,1,1,0,0,0,0,0,0,0,2,0,,,,,,,,,,,,,,,,3492,202327803
2023-11-22T00:00:00,09:00:00,COM VÍTIMA,FINALIZADA,AGUA FRIA,RUA ALEGRE,0,,,PROX AO MERCADO DO OLEO E O PET ALEGRE,,,,AGUA FRIA,COLISÃO,,0,1,0,0,0,0,0,0,0,1,0,,,,,,,,,,,,,,,,3493,202327807
2023-11-22T00:00:00,09:10:00,COM VÍTIMA,FINALIZADA,NOVA DESCOBERTA,RUA NOVA DESCOBERTA,4,123A,,PROX AO ATACAREJO,,,,NOVA DESCOBERTA,COLISÃO LATERAL,,0,2,0,0,0,0,0,0,0,1,0,,,,,,,,,,,,,,,,3494,202327812
2023-11-22T00:00:00,09:34:00,COM VÍTIMA,FINALIZADA,AFOGADOS,RUA SAO MIGUEL,0,,,APOS O BODE DO NO // QUARTEL,,,,AFOGADOS,COLISÃO LATERAL,,0,1,0,0,0,0,0,0,0,1,0,,,,,,,,,,,,,,,,3495,202327815
2023-11-22T00:00:00,10:09:00,COM VÍTIMA,FINALIZADA,BEBERIBE,AV BEBERIBE,0,,,NA PRAÇA DA CONVENÇÃO /  NA ESQUINA DO POSTO DE GASOLINA BR,,,,BEBERIBE,COLISÃO,,0,1,0,0,0,0,0,0,0,1,0,,,,,,,,,,,,,,,,3496,202327821
2023-11-22T00:00:00,10:31:00,COM VÍTIMA,FINALIZADA,JARDIM SAO PAULO,AV RECIFE,4,5705,,,,,,JARDIM SAO PAULO,COLISÃO,,0,0,0,0,0,0,0,0,0,1,0,,,,,,,,,,,,,,,,3497,202327822
2023-11-22T00:00:00,10:44:00,COM VÍTIMA,FINALIZADA,IMBIRIBEIRA,AV MARECHAL MASCARENHAS DE MORAES,4,2384,,"EM FRENTE A MADER CENTER, SENT. AEROPORTO",,,,IMBIRIBEIRA,COLISÃO LATERAL,,1,1,0,0,0,0,0,0,0,2,0,,,,,,,,,,,,,,,,3498,202327825
2023-11-22T00:00:00,04:18:00,COM VÍTIMA,FINALIZADA,IPUTINGA,AV CAXANGA,4,4038,,"EM BAIXO DO VIADUTO, PROX AO POSTO BR",,,,IPUTINGA,COLISÃO TRASEIRA,,0,2,0,0,0,0,0,0,0,1,0,,,,,,,,,,,,,,,,3499,202327859
2023-11-22T00:00:00,04:56:00,COM VÍTIMA,FINALIZADA,CORDEIRO,RUA GOMES TABORDA,4,1452,,EM FRENTE AO SUPERMERCADO IDEAL MIX ATACAREJO,,,,CORDEIRO,COLISÃO TRASEIRA,,0,2,0,0,0,0,0,0,0,2,0,,,,,,,,,,,,,,,,3500,202327861
2023-11-22T00:00:00,08:53:00,COM VÍTIMA,FINALIZADA,CAXANGA,AV CAXANGA,4,9513,,E/F À AUTO ESCOLA PILOTO E SUPERMERCADO EXTRA - SENTIDO CAMARAGIBE,,,,CAXANGA,COLISÃO,,0,1,0,0,0,0,0,0,0,1,0,,,,,,,,,,,,,,,,3503,202327886
2023-11-22T00:00:00,09:23:00,COM VÍTIMA,FINALIZADA,LINHA DO TIRO,RUA MAMEDE COELHO,3,393,,PROX. DA ESCOLA MOSENHOR VIANA,,,,LINHA DO TIRO,COLISÃO FRONTAL,,0,1,0,0,0,0,0,1,0,2,0,,,,,,,,,,,,,,,,3504,202327887
2023-11-22T00:00:00,09:25:00,COM VÍTIMA,FINALIZADA,PINA,AV ANTONIO DE GOES,0,,,E/F AO EMPRESARIAL JCPM - PISTA NORTE,,,,PINA,ATROPELAMENTO DE PESSOA,,1,0,0,0,1,0,0,0,0,1,0,,,,,,,,,,,,,,,,3505,202327888
2023-11-23T00:00:00,06:10:00,COM VÍTIMA,FINALIZADA,CAXANGA,AV CAXANGA,0,,,NO SINAL ANTES DA UPA DA CAXANGA,,,,CAXANGA,COLISÃO,,0,1,0,0,0,0,1,0,0,1,0,232,CIDADE,,,,,,,,,,,,,,3507,202327899
2023-11-23T00:00:00,06:58:00,COM VÍTIMA,FINALIZADA,DOIS IRMAOS,RUA MANUEL DE MEDEIROS,0,,,AO LADO DA UNIVERSIDADE FEDERAL,,,,DOIS IRMAOS,COLISÃO LATERAL,,0,1,0,0,0,0,0,0,0,1,0,,,,,,,,,,,,,,,,3508,202327905
2023-11-23T00:00:00,07:05:00,COM VÍTIMA,FINALIZADA,ALTO JOSE DO PINHO,COR DO BARTOLOMEU,0,,,EM FRENTE A PANIFICADORA SAO BARTOLOMEU,,,,ALTO JOSE DO PINHO,ATROPELAMENTO DE PESSOA,,0,0,0,0,1,0,1,0,0,1,0,,,,,,,,,,,,,,,,3509,202327906
2023-11-23T00:00:00,07:25:00,COM VÍTIMA,FINALIZADA,VARZEA,AV BARAO DE BONITO,3,408,,AO LALDO DO ATACAREJO HIPERBEM,,,,VARZEA,COLISÃO FRONTAL,,2,0,0,0,0,0,0,0,0,1,0,,,,,,,,,,,,,,,,3510,202327911
2023-11-23T00:00:00,08:08:00,COM VÍTIMA,FINALIZADA,TORRE,RUA CONDE DE IRAJA,3,979,,PROX. A IGREJA CATOLICA DA TORRE,,,,TORRE,COLISÃO LATERAL,,1,1,0,0,0,0,0,0,0,1,0,,,,,,,,,,,,,,,,3511,202327917
2023-11-23T00:00:00,09:55:00,COM VÍTIMA,FINALIZADA,SANTO ANTONIO,RUA IMPERADOR PEDRO SEGUNDO,0,,,EM FRENTE AO FORUM / DEPOIS DO CAIS DE SANTA RITA,,,,SANTO ANTONIO,COLISÃO,,0,1,0,0,0,0,0,0,0,1,0,,,,,,,,,,,,,,,,3513,202327932
2023-11-23T00:00:00,12:50:00,COM VÍTIMA,FINALIZADA,AREIAS,AV RECIFE,3,S/N,,,,,,AREIAS,COLISÃO TRASEIRA,,1,1,0,0,0,0,0,0,0,1,0,,,,,,,,,,,,,,,,3514,202327951
2023-11-23T00:00:00,04:05:00,COM VÍTIMA,FINALIZADA,SANTO AMARO,AV CRUZ CABUGA,0,,RUA VINTE E QUATRO DE AGOSTO,SINISTRO,,,,SANTO AMARO,,,1,1,0,0,0,0,0,0,0,1,0,,CIDADE,,,,,,,,,,,,,,3517,202327969
2023-11-23T00:00:00,06:18:00,COM VÍTIMA,FINALIZADA,BOA VISTA,AV VISCONDE DE SUASSUNA,0,,RUA DO HOSPICIO,SINISTRO NO LOCAL,,,,BOA VISTA,COLISÃO TRANSVERSAL,,1,0,0,0,0,0,0,0,0,1,0,,CIDADE,,,,,,,,,,,,,,3518,202327986
2023-11-23T00:00:00,10:15:00,COM VÍTIMA,FINALIZADA,IMBIRIBEIRA,AV MARECHAL MASCARENHAS DE MORAES,0,,,APÓS O GERALDÃO,,,,IMBIRIBEIRA,COLISÃO,,1,1,0,0,0,0,0,0,0,2,0,,CIDADE,,,,,,,,,,,,,,3520,202327998
2023-11-24T00:00:00,06:36:00,COM VÍTIMA,FINALIZADA,SAO JOSE,C SANTA RITA,0,,,EM FRENTE A TORRE GEMEAS,,,,SAO JOSE,COLISÃO,,1,1,0,0,0,0,0,0,0,1,0,,,,,,,,,,,,,,,,3521,202328009
2023-11-24T00:00:00,07:35:00,COM VÍTIMA,FINALIZADA,SAO JOSE,C SANTA RITA,0,,,AO LADO DA INTEGRAÇÃO DO CAIS,,,,SAO JOSE,ATROPELAMENTO DE PESSOA,,0,1,0,0,1,0,0,0,0,1,0,,,,,,,,,,,,,,,,3522,202328015
2023-11-24T00:00:00,07:50:00,COM VÍTIMA,FINALIZADA,CAXANGA,AV CAXANGA,0,,,"PROX. A UPA, SENT. CIDADE EM CIMA DO VIADUTO",,,,CAXANGA,COLISÃO LATERAL,,0,1,0,0,0,0,0,0,0,1,0,,,,,,,,,,,,,,,,3523,202328017
2023-11-24T00:00:00,09:07:00,COM VÍTIMA,FINALIZADA,TAMARINEIRA,AV NORTE MIGUEL ARRAES DE ALENCAR,0,,RUA CONEGO BARATA,CRUZAMENTO COM A CONEGO BARATA,,,,TAMARINEIRA,COLISÃO,,0,1,0,0,0,0,0,0,0,1,0,62,,,,,,,,,,,,,,,3524,202328025
2023-11-24T00:00:00,09:18:00,COM VÍTIMA,FINALIZADA,SANTO ANTONIO,AV DANTAS BARRETO,0,,RUA NOSSA SRA DO CARMO,,,,,SANTO ANTONIO,COLISÃO,,0,0,0,0,0,0,0,0,0,1,0,,,,,,,,,,,,,,,,3525,202328026
2023-11-24T00:00:00,10:58:00,COM VÍTIMA,FINALIZADA,BOA VIAGEM,AV CONSELHEIRO AGUIAR,0,,,PROX AO BANCO SANTANDER E O CAFÉ SÃO BRAZ,,,,BOA VIAGEM,COLISÃO,,2,0,0,0,0,0,0,0,0,1,0,,,,,,,,,,,,,,,,3526,202328047
2023-11-24T00:00:00,11:27:00,COM VÍTIMA,FINALIZADA,AFOGADOS,RUA CORONEL ALFREDO DUARTE,0,,,EM FRENTE A  B1 VIGILANCIA,,,,AFOGADOS,COLISÃO,,1,1,0,0,0,0,0,0,0,1,0,,,,,,,,,,,,,,,,3527,202328048
2023-11-24T00:00:00,11:34:00,COM VÍTIMA,FINALIZADA,IMBIRIBEIRA,AV MARECHAL MASCARENHAS DE MORAES,0,,,EM FRENTE AO SHOPPING DO AUTOMOVEL E PROX A TUPAN / SENTIDO CIDADE,,,,IMBIRIBEIRA,COLISÃO,,0,1,0,0,0,0,0,0,0,1,0,,,,,,,,,,,,,,,,3528,202328050
2023-11-24T00:00:00,04:37:00,COM VÍTIMA,FINALIZADA,ENCRUZILHADA,AV NORTE MIGUEL ARRAES DE ALENCAR,4,1938,,E/F A BOSCH SERVICE  S/T SUB,,,,ENCRUZILHADA,ATROPELAMENTO DE PESSOA,,0,1,0,0,1,0,0,0,0,1,0,,,,,,,,,,,,,,,,3530,202328074
2023-11-24T00:00:00,05:25:00,COM VÍTIMA,FINALIZADA,IPUTINGA,AV MAURICIO DE NASSAU,0,,,ESQUINA DA DROGASIL,,,,IPUTINGA,COLISÃO LATERAL,,1,1,0,0,0,0,0,0,0,1,0,,,,,,,,,,,,,,,,3532,202328084
2023-11-24T00:00:00,06:00:00,COM VÍTIMA,FINALIZADA,AFLITOS,AV CONS ROSA E SILVA,3,756,,PADARIA COM PÃO,,,,AFLITOS,COLISÃO FRONTAL,,1,1,0,0,0,0,0,0,0,1,0,,,,,,,,,,,,,,,,3533,202328086
2023-11-24T00:00:00,06:52:00,COM VÍTIMA,FINALIZADA,CAMPO GRANDE,RUA JERONIMO VILELA,3,100,,DROGASIL,,,,CAMPO GRANDE,COLISÃO FRONTAL,,1,1,0,0,0,0,0,0,0,1,0,,,,,,,,,,,,,,,,3534,202328098
2023-11-24T00:00:00,11:20:00,COM VÍTIMA,FINALIZADA,ROSARINHO,AV NORTE MIGUEL ARRAES DE ALENCAR,0,,,E/F À PADARIA ROSARINHO,,,,ROSARINHO,COLISÃO TRANSVERSAL,,0,2,0,0,0,0,0,0,0,1,0,,SUBURBIO,,,,,,,,,,,,,,3540,202328110
2023-11-25T00:00:00,07:52:00,COM VÍTIMA,FINALIZADA,SANTO AMARO,RUA ALVARES DE AZEVEDO,0,,RUA DOS PALMARES,EM FRENTE AO PROCAPE E LABORATORIO DE SAUDE,,,,SANTO AMARO,COLISÃO COM CICLISTA,,1,0,0,1,0,0,0,0,0,1,0,,,,,,,,,,,,,,,,3541,202328134
2023-11-25T00:00:00,08:14:00,COM VÍTIMA,FINALIZADA,SANTO AMARO,AV GOVERNADOR AGAMENON MAGALHAES,0,,,NA SUBIDA DO VIADUTO DA AV. JOAO DE BARROS SENT. RECIFE PROX. A UPE,,,,SANTO AMARO,COLISÃO TRASEIRA,,1,1,0,0,0,0,0,0,0,1,0,,,,,,,,,,,,,,,,3542,202328139
2023-11-25T00:00:00,09:08:00,COM VÍTIMA,FINALIZADA,IPSEP,AV RECIFE,0,,,EM FRENTE AO CARREFOUR E CONJUNTO IGNEZ ANDREAZZA,,,,IPSEP,COLISÃO LATERAL,,0,1,0,0,0,0,0,0,0,1,0,,,,,,,,,,,,,,,,3543,202328143
2023-11-25T00:00:00,09:35:00,COM VÍTIMA,FINALIZADA,GRACAS,RUA BRUNO MAIA,2,71,RUA DO CUPIM,PROX. AO RESTAURANTE ATLANTICO,,,,GRACAS,COLISÃO FRONTAL,,1,1,0,0,0,0,0,0,0,1,0,,,,,,,,,,,,,,,,3544,202328146
2023-11-25T00:00:00,09:55:00,COM VÍTIMA,FINALIZADA,CAXANGA,RUA RIBEIRO PESSOA,0,,,EM FRENTE A UPA,,,,CAXANGA,COLISÃO LATERAL,,1,1,0,0,0,0,0,0,0,1,0,,,,,,,,,,,,,,,,3545,202328149
2023-11-25T00:00:00,01:07:00,COM VÍTIMA,FINALIZADA,IBURA,RUA RIBEIRAO VERMELHO,2,42,RUA RIBEIRAO DAS NEVES,APOS O TERMINAL DO SESI SEGUNDA RUA A DIREITA,,,,IBURA,COLISÃO LATERAL,,1,1,0,0,0,0,0,0,0,1,0,,,,,,,,,,,,,,,,3547,202328165
2023-11-25T00:00:00,05:34:00,COM VÍTIMA,FINALIZADA,BEBERIBE,EST VELHA DE AGUA FRIA,4,1000,,MARTELINHO DE OURO //// DNOC,,,,BEBERIBE,COLISÃO TRASEIRA,,2,0,0,0,0,0,0,0,0,1,0,,,,,,,,,,,,,,,,3549,202328187
2023-11-25T00:00:00,05:36:00,COM VÍTIMA,FINALIZADA,SAN MARTIN,RUA VINTE E UM DE ABRIL,0,,,ANTES DO GIRADOURO DE SAN MARTIN E/F AO ARMAZEM CASA NOVA,,,,SAN MARTIN,COLISÃO LATERAL,,2,1,0,0,0,0,0,0,0,1,0,,,,,,,,,,,,,,,,3550,202328188
2023-11-25T00:00:00,07:27:00,COM VÍTIMA,FINALIZADA,BOA VIAGEM,RUA JOAO CARDOSO AIRES,0,,RUA CAMBOIM,,,,,BOA VIAGEM,COLISÃO,,1,1,0,0,0,0,0,0,0,1,0,,,,,,,,,,,,,,,,3551,202328194
2023-11-26T00:00:00,05:09:00,COM VÍTIMA,FINALIZADA,SAO JOSE,RUA IMPERIAL,0,,,EM FRENTE A PRODUTOS CIDERÚRGICOS,,,,SAO JOSE,COLISÃO,,0,1,0,0,0,1,0,0,0,1,0,,,,,,,,,,,,,,,,3554,202328214
2023-11-26T00:00:00,06:34:00,COM VÍTIMA,FINALIZADA,IBURA,AV RECIFE,4,2223,,EM FRENTE A HONDA MARAVILHA,,,,IBURA,COLISÃO,,2,0,0,0,0,0,0,0,0,1,0,,,,,,,,,,,,,,,,3555,202328219
2023-11-26T00:00:00,08:30:00,COM VÍTIMA,FINALIZADA,ENGENHO DO MEIO,RUA ANTONIO CURADO,3,307,,PROX AO BAR DO CU,,,,ENGENHO DO MEIO,COLISÃO TRANSVERSAL,,1,1,0,0,0,0,0,0,0,1,0,,,,,,,,,,,,,,,,3556,202328231
2023-11-26T00:00:00,04:37:00,COM VÍTIMA,FINALIZADA,CORDEIRO,RUA DR MIGUEL VIEIRA FERREIRA,3,302,,EDF. OCEANO,,,,CORDEIRO,COLISÃO LATERAL,,1,1,0,0,0,0,0,0,0,1,0,,,,,,,,,,,,,,,,3557,202328266
2023-11-26T00:00:00,07:43:00,COM VÍTIMA,FINALIZADA,ROSARINHO,RUA COUTO MAGALHAES,3,129,,PROX. AO SUPER BOM PREÇO,,,,ROSARINHO,COLISÃO FRONTAL,,1,1,0,0,0,0,0,0,0,1,0,,,,,,,,,,,,,,,,3558,202328290
2023-11-27T00:00:00,05:02:00,COM VÍTIMA,FINALIZADA,BOA VISTA,AV GOVERNADOR AGAMENON MAGALHAES,0,,,PROX. AO BOMPREÇO,,,,BOA VISTA,ATROPELAMENTO DE PESSOA,,0,0,0,0,1,1,0,0,0,1,0,,,,,,,,,,,,,,,,3559,202328294
2023-11-27T00:00:00,06:43:00,COM VÍTIMA,FINALIZADA,ALTO JOSE BONIFACIO,RUA ALTO JOSE BONIFACIO,0,,,"PROX. A QUADRA DO ALTO JOSE BONIFACIO, LADEIRA DO BOI",,,,ALTO JOSE BONIFACIO,COLISÃO LATERAL,,0,1,0,0,0,0,0,0,0,1,0,,,,,,,,,,,,,,,,3561,202328305
2023-11-27T00:00:00,06:57:00,COM VÍTIMA,FINALIZADA,AGUA FRIA,AV BEBERIBE,0,,,PROX. AO CANAL DA CONSTRUÇÃO E CANAL DO ARRUDA,,,,AGUA FRIA,COLISÃO LATERAL,,0,1,0,0,0,0,0,0,0,1,0,,,,,,,,,,,,,,,,3562,202328306
2023-11-27T00:00:00,07:15:00,COM VÍTIMA,FINALIZADA,BOA VIAGEM,RUA WALDEMAR NERY CARNEIRO MONTEIRO,0,,,PROX. AO ESPAÇO DA CRIANÇA,,,,BOA VIAGEM,COLISÃO LATERAL,,0,1,0,0,0,0,0,0,0,1,0,,,,,,,,,,,,,,,,3563,202328311
2023-11-27T00:00:00,07:49:00,COM VÍTIMA,FINALIZADA,BEBERIBE,AV BEBERIBE,0,,,"EM FRENTE AO COLEGIO PEDRO CELSO, PROX. A PRAÇA DE BEBERIBE",,,,BEBERIBE,COLISÃO LATERAL,,0,1,0,0,0,0,0,0,0,1,0,,,,,,,,,,,,,,,,3564,202328317
2023-11-27T00:00:00,08:35:00,COM VÍTIMA,FINALIZADA,CORDEIRO,RUA GOMES TABORDA,4,1198,,DOCERIA CACAU E AVELÃ,,,,CORDEIRO,ATROPELAMENTO DE PESSOA,,0,1,0,0,1,0,0,0,0,1,0,,,,,,,,,,,,,,,,3565,202328322
2023-11-27T00:00:00,09:15:00,COM VÍTIMA,FINALIZADA,BOA VIAGEM,RUA VISCONDE DE JEQUITINHONHA,0,,,PROX AO PARQUE DONA LINDU / SENTIDO PIEDADE,,,,BOA VIAGEM,COLISÃO,,0,1,0,0,0,0,0,0,0,1,0,,,,,,,,,,,,,,,,3566,202328324
2023-11-27T00:00:00,09:38:00,COM VÍTIMA,FINALIZADA,LINHA DO TIRO,RUA URIEL DE HOLANDA,0,,,EM FRENTE AO COLEGIO PEDRO CELSO,,,,LINHA DO TIRO,COLISÃO,,0,1,0,0,0,0,0,0,0,1,0,,,,,,,,,,,,,,,,3567,202328329
2023-11-27T00:00:00,09:44:00,COM VÍTIMA,FINALIZADA,ROSARINHO,AV SANTOS DUMONT,4,1399,RUA ALMIRANTE NORONHA DE CARVALHO,"BEM NO CRUZAMENTO, PROX AO COLEGIO SABER CRESCER",,,,ROSARINHO,COLISÃO,,1,1,0,0,0,0,0,0,0,1,0,,,,,,,,,,,,,,,,3568,202328330
2023-11-27T00:00:00,10:10:00,COM VÍTIMA,FINALIZADA,ESPINHEIRO,AV GOVERNADOR AGAMENON MAGALHAES,0,,,PROX AO VIDUTO DA JOÃO DE BARROS / EM FRENTE A UPE,,,,ESPINHEIRO,COLISÃO LATERAL,,1,2,0,0,0,0,0,0,0,2,0,,,,,,,,,,,,,,,,3569,202328332
2023-11-27T00:00:00,10:30:00,COM VÍTIMA,FINALIZADA,CAXANGA,AV CAXANGA,0,,,PRÓXIMO A UPA DA CAXANGÁ,,,,CAXANGA,,,1,0,0,0,0,0,0,0,0,1,0,,SUBURBIO,,,,,,,,,,,,,,3570,202328337
2023-11-27T00:00:00,12:50:00,COM VÍTIMA,FINALIZADA,AGUA FRIA,RUA BELO JARDIM,0,,,PROX A ZELO MODAS E AO MERCADO DE AGUA FRIA,,,,AGUA FRIA,COLISÃO,,0,1,0,0,0,0,0,0,0,1,0,,,,,,,,,,,,,,,,3571,202328349
2023-11-27T00:00:00,01:58:00,COM VÍTIMA,FINALIZADA,VARZEA,RUA POETA CARLOS DRUMMOND DE ANDRADE,0,,,E/F A SERTEL,,,,VARZEA,COLISÃO LATERAL,,1,1,0,0,0,0,0,0,0,1,0,,,,,,,,,,,,,,,,3572,202328353
2023-11-27T00:00:00,03:48:00,COM VÍTIMA,FINALIZADA,CASA AMARELA,AV NORTE MIGUEL ARRAES DE ALENCAR,4,4707,,E/F AO ARMAZEM CORAL  S/T CID,,,,CASA AMARELA,QUEDA,,0,1,0,0,0,0,0,0,0,1,0,,,,,,,,,,,,,,,,3573,202328363
2023-11-27T00:00:00,04:34:00,COM VÍTIMA,FINALIZADA,SANTO AMARO,AV GOVERNADOR AGAMENON MAGALHAES,0,,,PROX AO SHOPPING TACARUNA,,,,SANTO AMARO,ATROPELAMENTO DE PESSOA,,1,1,0,0,1,0,0,0,0,1,0,,,,,,,,,,,,,,,,3574,202328367
2023-11-27T00:00:00,07:14:00,COM VÍTIMA,FINALIZADA,BOA VIAGEM,RUA DEZ DE JULHO,0,,RUA CAMBOIM,PRÓXIMO A ESTAÇÃO AEROPORTO,,,,BOA VIAGEM,COLISÃO,,1,1,0,0,0,0,0,0,0,1,0,,,,,,,,,,,,,,,,3575,202328376
2023-11-27T00:00:00,09:20:00,COM VÍTIMA,FINALIZADA,AREIAS,AV DR JOSE RUFINO,0,,,EM FRENTE AO BRADESCO,,,,AREIAS,COLISÃO FRONTAL,,0,0,0,0,0,0,0,0,0,1,0,,,,,,,,,,,,,,,,3576,202328381