data,hora,natureza_acidente,situacao,bairro,endereco,,numero,detalhe_endereco_acidente,complemento,endereco_cruzamento,numero_cruzamento,referencia_cruzamento,bairro_cruzamento,tipo,descricao,auto,moto,ciclom,ciclista,pedestre,onibus,caminhao,viatura,outros,vitimas,vitimasfatais,num_semaforo,sentido_via,acidente_verificado,tempo_clima,situacao_semaforo,sinalizacao,condicao_via,conservacao_via,ponto_controle,situacao_placa,velocidade_max_via,mao_direcao,divisao_via1,divisao_via2,divisao_via3,_id,Protocolo
2023-12-12T00:00:00,05:20:00,COM VÍTIMA,FINALIZADA,TORRE,RUA NETO CAMPELO,2,68,,E/F AO EDIFICIO LAURA CAUA // POR TRAZ  DA PADARIA ARMADA,,,,TORRE,COLISÃO,,0,1,0,0,0,0,0,0,0,1,0,,,,,,,,,,,,,,,,3812,202329927
2023-12-12T00:00:00,05:40:00,COM VÍTIMA,FINALIZADA,JIQUIA,AV RECIFE,0,,AV JOAO CABRAL DE MELO NETO,,,,,JIQUIA,COLISÃO TRANSVERSAL,,1,1,0,0,0,0,0,0,0,1,0,,,,,,,,,,,,,,,,3813,202329928
2023-12-12T00:00:00,10:10:00,COM VÍTIMA,FINALIZADA,VARZEA,RUA JOAO CARNEIRO DA CUNHA,2,46,,,,,,VARZEA,COLISÃO FRONTAL,,1,1,0,0,0,0,0,0,0,1,0,,,,,,,,,,,,,,,,3814,202329943
2023-12-13T00:00:00,07:18:00,COM VÍTIMA,FINALIZADA,BOA VIAGEM,RUA SA E SOUZA,0,,RUA GENERAL SALGADO,PROX. A FARMACIA DROGASIL,,,,BOA VIAGEM,COLISÃO LATERAL,,0,1,0,0,0,0,0,0,0,1,0,,,,,,,,,,,,,,,,3815,202329965
2023-12-13T00:00:00,07:24:00,COM VÍTIMA,FINALIZADA,TOTO,RUA ONZE DE AGOSTO,0,,,PROX. AO POSTO DE SAUDE BIDU KRAUSE E COLEGIO MONSENHOR ALVARO NEGROMONTE,,,,TOTO,COLISÃO LATERAL,,0,1,0,0,0,0,0,0,0,1,0,,,,,,,,,,,,,,,,3816,202329967
2023-12-13T00:00:00,07:43:00,COM VÍTIMA,FINALIZADA,IPSEP,AV RECIFE,5,15178,,PROX AO NUCLEO / PROX A CASA DA BATERIA,,,,IPSEP,COLISÃO,,0,1,0,0,0,0,0,0,0,1,0,,,,,,,,,,,,,,,,3817,202329971
2023-12-13T00:00:00,07:58:00,COM VÍTIMA,FINALIZADA,MUSTARDINHA,AV MANOEL GONCALVES DA LUZ,0,,,EM FRENTE A PRAÇA DO ABC,,,,MUSTARDINHA,COLISÃO,,0,1,0,0,0,1,0,0,0,1,0,,,,,,,,,,,,,,,,3818,202329977
2023-12-13T00:00:00,09:11:00,COM VÍTIMA,FINALIZADA,AFOGADOS,RUA SAO MIGUEL,3,110,,EM FRENTE AO CARTORIO,,,,AFOGADOS,COLISÃO LATERAL,,1,0,0,0,0,1,0,0,0,1,0,,,,,,,,,,,,,,,,3819,202329986
2023-12-13T00:00:00,09:13:00,COM VÍTIMA,FINALIZADA,MADALENA,RUA REAL DA TORRE,0,,TUNEL DA ABOLICAO,,,,,MADALENA,COLISÃO,,0,0,0,0,0,0,0,0,0,1,0,,,,,,,,,,,,,,,,3820,202329988
2023-12-13T00:00:00,09:26:00,COM VÍTIMA,FINALIZADA,GUABIRABA,AV DA RECUPERACAO,0,,,TERMINAL DE ONIBUS DO CORRÉGO DO GENIPAPO,,,,GUABIRABA,COLISÃO,,0,0,0,0,0,0,0,0,0,1,0,,,,,,,,,,,,,,,,3821,202329989
2023-12-13T00:00:00,10:08:00,COM VÍTIMA,FINALIZADA,FUNDAO,RUA VALENTINS,0,,,RUA DA CBS AUTO PEÇAS,,,,FUNDAO,ATROPELAMENTO DE PESSOA,,1,0,0,0,1,0,0,0,0,1,0,,,,,,,,,,,,,,,,3822,202329992
2023-12-13T00:00:00,11:22:00,COM VÍTIMA,FINALIZADA,BOA VIAGEM,AV MARECHAL JUAREZ TAVORA,0,,,PROX. A DD DISTRIBUIÇÃO,,,,BOA VIAGEM,COLISÃO LATERAL,,0,1,0,0,0,0,0,0,0,1,0,,,,,,,,,,,,,,,,3824,202330006
2023-12-13T00:00:00,12:01:00,COM VÍTIMA,FINALIZADA,CASA FORTE,RUA EDSON ALVARES,3,218,,PROX AO HOSPITAL HAP VIDA / PROX A PRAÇA DE CASA FORTE,,,,CASA FORTE,COLISÃO,,0,1,0,0,0,0,0,0,0,1,0,,,,,,,,,,,,,,,,3825,202330007
2023-12-13T00:00:00,12:39:00,COM VÍTIMA,FINALIZADA,BOA VIAGEM,RUA RIBEIRO DE BRITO,3,901,RUA DR JOAO GUILHERME DE P SOBRINHO,EM FRENTE AO EMPRESARIAL RIBEIRO DE BRITO,,,,BOA VIAGEM,COLISÃO LATERAL,,1,1,0,0,0,0,0,0,0,1,0,,,,,,,,,,,,,,,,3826,202330009
2023-12-13T00:00:00,12:52:00,COM VÍTIMA,FINALIZADA,TAMARINEIRA,EST DO ARRAIAL,4,2968,,EM FRENTE AO EDIFICIO PARAISO DO ARRAIAL E PROXIMO AO COLEGIO REINO MAGICO,,,,TAMARINEIRA,COLISÃO LATERAL,,1,1,0,0,0,0,0,0,0,1,0,,,,,,,,,,,,,,,,3827,202330012
2023-12-13T00:00:00,01:36:00,COM VÍTIMA,FINALIZADA,RECIFE,C DO APOLO,0,,,TRIBUNAL REGIONAL FEDERAL,,,,BAIRRO DO RECIFE,COLISÃO TRASEIRA,,1,1,0,0,0,0,0,0,0,1,0,,,,,,,,,,,,,,,,3828,202330016
2023-12-13T00:00:00,02:03:00,COM VÍTIMA,FINALIZADA,SAN MARTIN,RUA GOMES TABORDA,0,,,FICA NO CRUZAMENTO DA GENERAL SAN MARTINS / E PROX A FARMACIA PAGUE MENOS,,,,SAN MARTIN,COLISÃO FRONTAL,,1,1,0,0,0,0,0,0,0,1,0,67,,,,,,,,,,,,,,,3829,202330019
2023-12-13T00:00:00,04:44:00,COM VÍTIMA,FINALIZADA,GRACAS,AV DR MALAQUIAS,0,,,EM FRENTE A ASSOCIAÇÃO ATLETICA DO BANCO DO BRASIL,,,,GRACAS,COLISÃO,,0,1,0,0,0,0,0,0,0,1,0,,,,,,,,,,,,,,,,3830,202330037
2023-12-13T00:00:00,05:17:00,COM VÍTIMA,FINALIZADA,CAMPO GRANDE,RUA JERONIMO VILELA,3,575,,PROXIMO SOCIETY DO VITAL,,,,CAMPO GRANDE,COLISÃO LATERAL,,0,2,0,0,0,0,0,0,0,2,0,,,,,,,,,,,,,,,,3831,202330044
2023-12-13T00:00:00,05:28:00,COM VÍTIMA,FINALIZADA,SOLEDADE,RUA DAS NINFAS,0,,,NA RUA DO VEM GRANDE RECIFE,,,,SOLEDADE,COLISÃO,,0,1,0,0,0,0,0,0,0,1,0,,,,,,,,,,,,,,,,3833,202330047
2023-12-13T00:00:00,06:24:00,COM VÍTIMA,FINALIZADA,AFOGADOS,AV SUL,0,,,SOB O SEMÁFORO 320,,,,AFOGADOS,COLISÃO FRONTAL,,0,1,0,1,0,0,0,0,0,1,0,320,,,,,,,,,,,,,,,3834,202330052
2023-12-14T00:00:00,01:28:00,COM VÍTIMA,FINALIZADA,AFOGADOS,EST DOS REMEDIOS,0,,RUA NICOLAU PEREIRA,,,,,AFOGADOS,ATROPELAMENTO DE PESSOA,,1,0,0,0,1,0,0,0,0,1,0,,,,,,,,,,,,,,,,3837,202330064
2023-12-14T00:00:00,06:42:00,COM VÍTIMA,FINALIZADA,BONGI,EST DO BONGI,0,,,"EM FRENTE A NEO ENERGIA DO BONGI, PROX. A IGREJA ASSEMBLEIA DE DEUS",,,,BONGI,COLISÃO LATERAL,,0,1,0,0,0,0,0,0,0,1,0,,,,,,,,,,,,,,,,3838,202330080
2023-12-14T00:00:00,07:00:00,COM VÍTIMA,FINALIZADA,BONGI,RUA ISAAC MARKMAN,0,,,EM FRENTE A NEO ENERGIA,,,,BONGI,COLISÃO LATERAL,,0,1,0,0,0,0,0,0,0,1,0,,,,,,,,,,,,,,,,3840,202330082
2023-12-14T00:00:00,08:09:00,COM VÍTIMA,FINALIZADA,IPUTINGA,AV CAXANGA,4,4567,,LADO OPOSTO AO GOLFE CLUBE,,,,IPUTINGA,COLISÃO,,1,1,0,0,0,0,0,0,0,1,0,,,,,,,,,,,,,,,,3841,202330092
2023-12-14T00:00:00,08:24:00,COM VÍTIMA,FINALIZADA,PINA,RUA FRANCISCO VALPASSOS,0,,,PRAÇA ABELARDO BALTAR,,,,PINA,COLISÃO,,1,1,0,0,0,0,0,0,0,1,0,,,,,,,,,,,,,,,,3842,202330095
2023-12-14T00:00:00,10:19:00,COM VÍTIMA,FINALIZADA,IPUTINGA,EST DO BARBALHO,0,,,PROX. AO MIX MATHEUS E CEFOC,,,,IPUTINGA,COLISÃO LATERAL,,0,1,0,0,0,0,0,0,0,1,0,,,,,,,,,,,,,,,,3844,202330105
2023-12-14T00:00:00,11:29:00,COM VÍTIMA,FINALIZADA,JORDAO,AV CENTENARIO  ALBERTO SANTOS DUMONT,0,,TUNEL FELIPE CAMARAO,TUNEL FELIPE CAMARÃO,,,,JORDAO,COLISÃO,,0,1,0,0,0,0,0,0,0,1,0,,,,,,,,,,,,,,,,3845,202330118
2023-12-14T00:00:00,02:06:00,COM VÍTIMA,FINALIZADA,AFOGADOS,RUA CINCO DE NOVEMBRO,3,107,,POR TRAZ DO COLEGIO AMARY,,,,AFOGADOS,COLISÃO LATERAL,,1,1,0,0,0,0,0,0,0,1,0,,,,,,,,,,,,,,,,3846,202330134
2023-12-14T00:00:00,02:09:00,COM VÍTIMA,FINALIZADA,AFOGADOS,RUA DA PAZ,0,,,PROX A  CAIXA ECONOMICA E/F A ASA,,,,AFOGADOS,COLISÃO LATERAL,,1,1,0,0,0,0,0,0,0,1,0,,,,,,,,,,,,,,,,3847,202330135
2023-12-14T00:00:00,04:17:00,COM VÍTIMA,FINALIZADA,BEBERIBE,AV BEBERIBE,0,,,PROXIMO AO POSTO DE GASOLINA SHELL // E/F BORRACHARIA  SÃO LUIZ,,,,BEBERIBE,COLISÃO,,0,1,0,0,0,0,0,0,0,1,0,,,,,,,,,,,,,,,,3848,202330151
2023-12-14T00:00:00,04:43:00,COM VÍTIMA,FINALIZADA,CORDEIRO,RUA ODETE MONTEIRO,0,,,EM FRENTE AO POSTO PETROCAL,,,,CORDEIRO,COLISÃO LATERAL,,0,2,0,0,0,0,0,0,0,1,0,589,,,,,,,,,,,,,,,3849,202330155
2023-12-14T00:00:00,04:52:00,COM VÍTIMA,FINALIZADA,RECIFE,RUA DO APOLO,0,,,PROXIMO AO TEATRO HERMILO BORBA FILHO,,,,BAIRRO DO RECIFE,COLISÃO LATERAL,,1,1,0,0,0,0,0,0,0,1,0,,SUBURBIO,,,,,,,,,,,,,,3850,202330156
2023-12-14T00:00:00,06:21:00,COM VÍTIMA,FINALIZADA,IMBIRIBEIRA,AV MARECHAL MASCARENHAS DE MORAES,0,,,SOB O SEMÁFORO,,,,IMBIRIBEIRA,COLISÃO LATERAL,,0,1,0,0,0,0,0,0,0,1,0,287,,,,,,,,,,,,,,,3851,202330161
2023-12-15T00:00:00,07:24:00,COM VÍTIMA,FINALIZADA,ARRUDA,RUA DAS MOCAS,0,,,POR TRAS DO CAMPO DO ARRUDA,,,,ARRUDA,COLISÃO LATERAL,,0,1,0,0,0,0,0,0,0,1,0,,,,,,,,,,,,,,,,3853,202330197
2023-12-15T00:00:00,08:03:00,COM VÍTIMA,FINALIZADA,JIQUIA,AV DR JOSE RUFINO,0,,,EM FRENTE AO POSTO IPIRANGA,,,,JIQUIA,COLISÃO LATERAL,,1,1,0,0,0,0,0,0,0,1,0,,,,,,,,,,,,,,,,3855,202330202
2023-12-15T00:00:00,08:08:00,COM VÍTIMA,FINALIZADA,DERBY,AV GOVERNADOR AGAMENON MAGALHAES,0,,,EM FRENTE  A RESTAURAÇÃO PROX A FARMACIA DROGASIL,,,,DERBY,COLISÃO,,0,1,0,0,0,0,0,0,0,1,0,,,,,,,,,,,,,,,,3856,202330204
2023-12-15T00:00:00,10:26:00,COM VÍTIMA,FINALIZADA,MADALENA,RUA JOSE OSORIO,3,401,,AO LADO DO SUPERMERCADO RM EXPRESS,,,,MADALENA,COLISÃO,,0,1,0,0,0,0,0,0,0,1,0,,,,,,,,,,,,,,,,3858,202330220
2023-12-15T00:00:00,10:59:00,COM VÍTIMA,FINALIZADA,ILHA JOANA BEZERRA,RUA CAPITAO TEMUDO,0,,,"EM CIMA DO VIADUTO, SENT. SHOPPING RIO MAR",,,,JOANA BEZERRA,COLISÃO LATERAL,,0,1,0,0,0,0,0,0,0,1,0,,,,,,,,,,,,,,,,3859,202330224
2023-12-15T00:00:00,11:49:00,COM VÍTIMA,FINALIZADA,JARDIM SAO PAULO,RUA LEANDRO BARRETO,0,,,CRUZAMENTO PROXIMO AO NUMERO 1020,,,,JARDIM SAO PAULO,COLISÃO FRONTAL,,1,1,0,0,0,0,0,0,0,1,0,,,,,,,,,,,,,,,,3860,202330228
2023-12-15T00:00:00,12:58:00,COM VÍTIMA,FINALIZADA,BOA VIAGEM,AV CONSELHEIRO AGUIAR,0,,,PROX A CASA DO BOLO /  PROX A CASA LOTERICA TEIMOSINHO,,,,BOA VIAGEM,COLISÃO,,0,1,0,0,0,0,0,0,0,1,0,,,,,,,,,,,,,,,,3861,202330237
2023-12-15T00:00:00,02:26:00,COM VÍTIMA,FINALIZADA,BARRO,RUA AMADOR ARAUJO,3,119,,PROX AO CEMITERIO DO BARRO,,,,BARRO,COLISÃO FRONTAL,,1,1,0,0,0,0,0,0,0,1,0,,,,,,,,,,,,,,,,3862,202330244
2023-12-15T00:00:00,02:41:00,COM VÍTIMA,FINALIZADA,IPSEP,RUA SAO NICOLAU,2,42,,PROXIMO A MARAVILHA MOTOS //  SPORT CAR,,,,IPSEP,COLISÃO,,0,1,0,0,0,0,0,0,0,1,0,,,,,,,,,,,,,,,,3863,202330245
2023-12-15T00:00:00,03:07:00,COM VÍTIMA,FINALIZADA,IMBIRIBEIRA,AV MARECHAL MASCARENHAS DE MORAES,2,38,,PROXIMO A LOCALIZA // E/F AO AEROPORTO,,,,IMBIRIBEIRA,COLISÃO,,0,1,0,0,0,0,0,0,0,1,0,,,,,,,,,,,,,,,,3864,202330248
2023-12-15T00:00:00,04:57:00,COM VÍTIMA,FINALIZADA,JORDAO,AV CENTENARIO  ALBERTO SANTOS DUMONT,0,,TUNEL FELIPE CAMARAO,NO TUNEL FELIPE CAMARÃO,,,,JORDAO,QUEDA,,0,1,0,0,0,0,0,0,0,1,0,,,,,,,,,,,,,,,,3865,202330255
2023-12-16T00:00:00,07:16:00,COM VÍTIMA,FINALIZADA,PINA,AV HERCULANO BANDEIRA,0,,,PROX A IGREJINHA DO PINA,,,,PINA,COLISÃO TRASEIRA,,1,1,0,0,0,0,0,0,0,1,0,,,,,,,,,,,,,,,,3868,202330304
2023-12-16T00:00:00,08:46:00,COM VÍTIMA,FINALIZADA,IMBIRIBEIRA,AV MARECHAL MASCARENHAS DE MORAES,4,7647,,EM FRENTE AO ASSAI SENTIDO AEROPORTO,,,,IMBIRIBEIRA,COLISÃO,,0,1,0,0,0,0,0,0,0,1,0,,,,,,,,,,,,,,,,3869,202330309
2023-12-16T00:00:00,11:01:00,COM VÍTIMA,FINALIZADA,BOA VIAGEM,RUA PADRE CARAPUCEIRO,0,,,NO CRUZAMENTO DO VERDFRUT,,,,BOA VIAGEM,COLISÃO TRASEIRA,,1,1,0,0,0,0,0,0,0,1,0,,,,,,,,,,,,,,,,3870,202330330
2023-12-16T00:00:00,11:01:00,COM VÍTIMA,FINALIZADA,BOMBA DO HEMETERIO,RUA CHA DE ALEGRIA,0,,,NA FRENTE DA ESCOLA MARDONIO  DE ANDRADE LIMA COELHO,,,,BOMBA DO HEMETERIO,COLISÃO,,0,1,0,0,0,0,0,0,0,1,0,,,,,,,,,,,,,,,,3871,202330331
2023-12-16T00:00:00,12:10:00,COM VÍTIMA,FINALIZADA,,AV SUL,3,735,,APÓS O VIADUTO PAPA JOÃOPAULO II,,,,,COLISÃO,,0,1,0,0,0,0,0,0,0,1,0,,,,,,,,,,,,,,,,3873,202330343
2023-12-16T00:00:00,12:19:00,COM VÍTIMA,FINALIZADA,BOA VISTA,PTE PRINCESA IZABEL,0,,,PROX A DELEGACIA,,,,BOA VISTA,COLISÃO,,0,1,0,0,0,0,0,0,0,1,0,,,,,,,,,,,,,,,,3875,202330345
2023-12-16T00:00:00,02:30:00,COM VÍTIMA,FINALIZADA,IMBIRIBEIRA,AV MARECHAL MASCARENHAS DE MORAES,0,,,EM FRENTE AO COMERCIAL ZERO UM E A FERRO MAIS,,,,IMBIRIBEIRA,COLISÃO,,0,1,0,0,0,0,0,0,0,1,0,,,,,,,,,,,,,,,,3876,202330366
2023-12-16T00:00:00,02:57:00,COM VÍTIMA,FINALIZADA,DERBY,AV GOVERNADOR AGAMENON MAGALHAES,0,,,CRUZAMENTO COM A RUA JOAQUIM NABUCO,,,,DERBY,COLISÃO,,1,1,0,0,0,0,0,0,0,1,0,,,,,,,,,,,,,,,,3877,202330367
2023-12-16T00:00:00,05:02:00,COM VÍTIMA,FINALIZADA,IPSEP,AV RECIFE,0,,,EM FRENTE AO SUPERMERCADO ECONOMICO,,,,IPSEP,COLISÃO TRASEIRA,,2,1,0,0,0,0,0,0,0,1,0,,SUBURBIO,,,,,,,,,,,,,,3878,202330374
2023-12-16T00:00:00,06:44:00,COM VÍTIMA,FINALIZADA,CASA AMARELA,AV NORTE MIGUEL ARRAES DE ALENCAR,0,,,EM FRENTE A MATERNIDADE BARROS LIMA,,,,CASA AMARELA,COLISÃO LATERAL,,1,1,0,0,0,0,0,0,0,1,0,,CIDADE,,,,,,,,,,,,,,3879,202330387
2023-12-17T00:00:00,07:54:00,COM VÍTIMA,FINALIZADA,CAMPO GRANDE,EST DE BELEM,0,,RUA PRUDENTE DE MORAES,PROX. A CLINICA CENTRAL E POSTO PETROGAS,,,,CAMPO GRANDE,COLISÃO LATERAL,,1,1,0,0,0,0,0,0,0,2,0,,,,,,,,,,,,,,,,3881,202330416
2023-12-17T00:00:00,05:20:00,COM VÍTIMA,FINALIZADA,IPUTINGA,AV CAXANGA,0,,,E/F AO ANTIGO HIPER BOMPREÇO S/T CID,,,,IPUTINGA,COLISÃO FRONTAL,,1,1,0,0,0,0,0,0,0,1,0,,,,,,,,,,,,,,,,3882,202330448
2023-12-17T00:00:00,06:14:00,COM VÍTIMA,FINALIZADA,IBURA,RUA PAULISTA,3,277,,PROXIMO AO NACIONAL SPORT CLUB // E/F A PRAÇA DO LEITEIRO,,,,IBURA,COLISÃO,,1,1,0,0,0,0,0,0,0,1,0,,,,,,,,,,,,,,,,3883,202330454
2023-12-17T00:00:00,07:22:00,COM VÍTIMA,FINALIZADA,AFOGADOS,AV SUL,0,,,POLICLINICA DE AFOGADOS,,,,AFOGADOS,COLISÃO,,0,1,0,0,0,0,0,0,0,2,0,,,,,,,,,,,,,,,,3884,202330464
2023-12-17T00:00:00,08:12:00,COM VÍTIMA,FINALIZADA,TEJIPIO,RUA FALCAO DE LACERDA,3,484,,PRAÇA DO PACHECO,,,,TEJIPIO,COLISÃO,,1,1,0,0,0,0,0,0,0,1,0,,,,,,,,,,,,,,,,3885,202330467
2023-12-17T00:00:00,08:45:00,COM VÍTIMA,FINALIZADA,JORDAO,RUA DR ALVARO FERRAZ,0,,RUA CANAA,TERMINAL DO JORDAO,,,,JORDAO,COLISÃO,,1,1,0,0,0,0,0,0,0,1,0,,,,,,,,,,,,,,,,3886,202330470
2023-12-18T00:00:00,07:13:00,COM VÍTIMA,FINALIZADA,TORRE,RUA JOSE BONIFACIO,4,1141,,PROX AO SUPERMERCADO CARREFUOR E ATACADOS DOS PRESENTES DA TORRE,,,,TORRE,COLISÃO,,0,1,0,0,0,0,0,0,0,1,0,,,,,,,,,,,,,,,,3889,202330490
2023-12-18T00:00:00,07:34:00,COM VÍTIMA,FINALIZADA,MACAXEIRA,AV NORTE MIGUEL ARRAES DE ALENCAR,0,,,PROX. A INTEGRAÇÃO DA MACAXEIRA,,,,MACAXEIRA,COLISÃO LATERAL,,0,1,0,0,0,0,0,0,0,1,0,,,,,,,,,,,,,,,,3890,202330493
2023-12-18T00:00:00,08:02:00,COM VÍTIMA,FINALIZADA,SANTO AMARO,RUA BARROS BARRETO,4,1063,,EM FRENTE A QUALITY PEÇAS / PROX A IGREJA CATOLICA,,,,SANTO AMARO,COLISÃO LATERAL,,1,1,0,0,0,0,0,0,0,1,0,,,,,,,,,,,,,,,,3891,202330495
2023-12-18T00:00:00,08:13:00,COM VÍTIMA,FINALIZADA,BOA VIAGEM,AV ENGENHEIRO DOMINGOS FERREIRA,0,,,PROX. A ESCOLA MUNICIPAL OSWALDO LIMA FILHO,,,,BOA VIAGEM,COLISÃO LATERAL,,1,1,0,0,0,0,0,0,0,1,0,,,,,,,,,,,,,,,,3892,202330497
2023-12-18T00:00:00,08:13:00,COM VÍTIMA,FINALIZADA,IPUTINGA,AV PROFESSOR JOAQUIM CAVALCANTI,0,,,EM FRENTE A IPUTINGA AUTOMÓVEIS,,,,IPUTINGA,COLISÃO,,0,0,0,0,0,0,0,0,0,1,0,,,,,,,,,,,,,,,,3893,202330498
2023-12-18T00:00:00,09:47:00,COM VÍTIMA,FINALIZADA,MADALENA,AV ENGENHEIRO ABDIAS DE CARVALHO,0,,EST DOS REMEDIOS,PROX A FARMACIA INDEPENDENTE,,,,MADALENA,COLISÃO,,0,1,0,0,0,1,0,0,0,1,0,,,,,,,,,,,,,,,,3894,202330506
2023-12-18T00:00:00,11:10:00,COM VÍTIMA,FINALIZADA,CORDEIRO,RUA PROFESSOR JOAQUIM XAVIER DE BRITO,0,,,EM FRENTE AO ME CELULAR E BARBEARIA INOVE,,,,CORDEIRO,COLISÃO LATERAL,,0,1,0,0,0,0,0,0,0,1,0,,,,,,,,,,,,,,,,3895,202330517
2023-12-18T00:00:00,11:27:00,VÍTIMA FATAL,FINALIZADA,CAXANGA,AV CAXANGA,0,,,PROX A GIL MOTOS / PROX A ESTAÇÃO BRT ZUMBI,,,,CAXANGA,COLISÃO,,0,2,0,0,0,0,0,0,0,1,1,,,,,,,,,,,,,,,,3896,202330525
2023-12-18T00:00:00,11:28:00,COM VÍTIMA,FINALIZADA,TAMARINEIRA,RUA CONEGO BARATA,0,,,EM FRENTE A LOJA FERREIRA COSTA,,,,TAMARINEIRA,COLISÃO,,0,1,0,0,0,0,0,0,0,1,0,,,,,,,,,,,,,,,,3897,202330526
2023-12-18T00:00:00,12:35:00,COM VÍTIMA,FINALIZADA,GRACAS,AV GOVERNADOR AGAMENON MAGALHAES,3,158,AV RUI BARBOSA,SAÍDA DA RUI BARBOSA,,,,GRACAS,,,0,2,0,0,0,0,0,0,0,1,0,,,,,,,,,,,,,,,,3898,202330535
2023-12-18T00:00:00,05:06:00,COM VÍTIMA,FINALIZADA,MADALENA,AV ENGENHEIRO ABDIAS DE CARVALHO,0,,EST DOS REMEDIOS,NO SEMÁFORO 052,,,,MADALENA,COLISÃO LATERAL,,1,1,0,0,0,0,0,0,0,2,0,52,,,,,,,,,,,,,,,3900,202330555
2023-12-18T00:00:00,05:07:00,COM VÍTIMA,FINALIZADA,CAXANGA,RUA FRANCISCO TORRES,0,,,PROXIMO A PRAÇA DE NOVA MORADA,,,,CAXANGA,COLISÃO FRONTAL,,0,2,0,0,0,0,0,0,0,2,0,,,,,,,,,,,,,,,,3901,202330556
2023-12-19T00:00:00,01:55:00,COM VÍTIMA,FINALIZADA,DERBY,AV GOVERNADOR AGAMENON MAGALHAES,0,,RUA HENRIQUE DIAS,E/F AO RESTAURANTE COCO BAMBU,,,,DERBY,COLISÃO LATERAL,,1,1,0,0,0,0,0,0,0,2,0,,,,,,,,,,,,,,,,3903,202330576
2023-12-19T00:00:00,06:39:00,COM VÍTIMA,FINALIZADA,IPSEP,AV RECIFE,0,,,"EM FRENTE A RECIFE MOTOS, SENT. AEROPORTO",,,,IPSEP,ATROPELAMENTO DE PESSOA,,0,1,0,0,1,0,0,0,0,3,0,,,,,,,,,,,,,,,,3905,202330590
2023-12-19T00:00:00,07:28:00,COM VÍTIMA,FINALIZADA,JORDAO,AV MARIA IRENE,4,1670,,PROX AO ATACAREJO,,,,JORDAO,COLISÃO LATERAL,,1,1,0,0,0,0,0,0,0,1,0,,,,,,,,,,,,,,,,3906,202330592
2023-12-19T00:00:00,10:34:00,COM VÍTIMA,FINALIZADA,GRACAS,RUA DA HORA,3,400,,,,,,GRACAS,COLISÃO,,0,0,0,0,0,0,0,0,0,1,0,,,,,,,,,,,,,,,,3907,202330602
2023-12-19T00:00:00,11:14:00,COM VÍTIMA,FINALIZADA,PRADO,AV ENGENHEIRO ABDIAS DE CARVALHO,4,1142,,E/F A ENGEFRIO,,,,PRADO,COLISÃO TRASEIRA,,2,1,0,0,0,0,0,0,0,1,0,,,,,,,,,,,,,,,,3908,202330607
2023-12-19T00:00:00,11:35:00,COM VÍTIMA,FINALIZADA,IPSEP,AV RECIFE,4,1311,,LADO OPOSTO A CR COMERCIAL RECIFE,,,,IPSEP,COLISÃO LATERAL,,1,1,0,0,1,0,0,0,0,1,0,,,,,,,,,,,,,,,,3909,202330609
2023-12-19T00:00:00,01:20:00,COM VÍTIMA,FINALIZADA,CASA FORTE,AV DEZESSETE DE AGOSTO,0,,,EM FRENTE AO HOSPITAL ERMINIO DE MORAES,,,,CASA FORTE,COLISÃO LATERAL,,1,1,0,0,0,0,0,0,0,1,0,,,,,,,,,,,,,,,,3910,202330621
2023-12-19T00:00:00,06:03:00,COM VÍTIMA,FINALIZADA,SAN MARTIN,AV GENERAL SAN MARTIN,0,,,POSTO DE SAÚDE DE SAN MARTIN / CRECHE FUTURO DO AMANHÃ,,,,SAN MARTIN,ATROPELAMENTO DE PESSOA,,1,0,0,0,1,0,0,0,0,1,0,,,,,,,,,,,,,,,,3912,202330640
2023-12-19T00:00:00,07:47:00,COM VÍTIMA,FINALIZADA,SANTO AMARO,AV CRUZ CABUGA,0,,,EM FRENTE A POLÍCIA PENAL,,,,SANTO AMARO,COLISÃO,,1,1,0,0,0,0,0,0,0,1,0,,,,,,,,,,,,,,,,3914,202330648
2023-12-19T00:00:00,07:56:00,COM VÍTIMA,FINALIZADA,IBURA,AV DOIS RIOS,0,,RUA RIO XINGU,ACADEMIA MOTIVO,,,,IBURA,COLISÃO,,1,1,0,0,0,0,0,0,0,1,0,,,,,,,,,,,,,,,,3915,202330650
2023-12-20T00:00:00,06:51:00,COM VÍTIMA,FINALIZADA,AFOGADOS,AV SUL,0,,,EM FRENTE AO HOTEL LUA DE MEL,,,,AFOGADOS,COLISÃO COM CICLISTA,,0,1,0,1,0,0,0,0,0,3,0,,,,,,,,,,,,,,,,3916,202330671
2023-12-20T00:00:00,08:28:00,COM VÍTIMA,FINALIZADA,VASCO DA GAMA,RUA VASCO DA GAMA,4,1430,,PROX. A ESCOLA PEQUEN PRINCIPE,,,,VASCO DA GAMA,COLISÃO FRONTAL,,1,1,0,0,0,0,0,0,0,1,0,,,,,,,,,,,,,,,,3917,202330681
2023-12-20T00:00:00,12:02:00,COM VÍTIMA,FINALIZADA,AFOGADOS,EST DOS REMEDIOS,0,,,PROX AO POSTO DE GASOLINA PETROBAHIA,,,,AFOGADOS,COLISÃO LATERAL,,1,1,0,0,0,0,0,0,0,1,0,,,,,,,,,,,,,,,,3919,202330709
2023-12-20T00:00:00,04:06:00,COM VÍTIMA,FINALIZADA,BOA VIAGEM,AV BOA VIAGEM,0,,,NA ESQUINA DA PRAÇA DE BOA VIAGEM,,,,BOA VIAGEM,COLISÃO TRASEIRA,,1,1,0,0,0,0,0,0,0,1,0,,,,,,,,,,,,,,,,3920,202330729
2023-12-20T00:00:00,04:10:00,COM VÍTIMA,FINALIZADA,ESPINHEIRO,AV CONS ROSA E SILVA,3,469,,HOSPITAL DOS SERVIDORES,,,,ESPINHEIRO,COLISÃO LATERAL,,2,0,0,0,0,0,0,0,0,1,0,,,,,,,,,,,,,,,,3921,202330730
2023-12-20T00:00:00,05:17:00,COM VÍTIMA,FINALIZADA,ESTANCIA,AV RECIFE,3,484,,OFICINA FATOR PREMIUM,,,,ESTANCIA,COLISÃO TRASEIRA,,3,0,0,0,0,0,0,0,0,1,0,,,,,,,,,,,,,,,,3923,202330734
2023-12-20T00:00:00,05:45:00,COM VÍTIMA,FINALIZADA,VARZEA,AV AFONSO OLINDENSE,0,,,EM FRENTE AO NOVO ATACAREJO,,,,VARZEA,COLISÃO LATERAL,,1,1,0,0,0,0,0,0,0,1,0,,,,,,,,,,,,,,,,3924,202330737