data,hora,natureza_acidente,situacao,bairro,endereco,,numero,detalhe_endereco_acidente,complemento,endereco_cruzamento,numero_cruzamento,referencia_cruzamento,bairro_cruzamento,tipo,descricao,auto,moto,ciclom,ciclista,pedestre,onibus,caminhao,viatura,outros,vitimas,vitimasfatais,num_semaforo,sentido_via,acidente_verificado,tempo_clima,situacao_semaforo,sinalizacao,condicao_via,conservacao_via,ponto_controle,situacao_placa,velocidade_max_via,mao_direcao,divisao_via1,divisao_via2,divisao_via3,_id,Protocolo
2023-12-21T00:00:00,07:21:00,COM VÍTIMA,FINALIZADA,AFOGADOS,RUA CINCO DE NOVEMBRO,0,,RUA JACIRA,EM FRENTE AO DEPATRI,,,,AFOGADOS,COLISÃO LATERAL,,1,1,0,0,0,0,0,0,0,1,0,,,,,,,,,,,,,,,,3926,202330776
2023-12-21T00:00:00,08:01:00,COM VÍTIMA,FINALIZADA,MADALENA,AV CAXANGA,0,,,"EM FRENTE A ESTAÇÃO BRT, PROX. A EO ENERGIA E FARMACIA PAGUE MENOS",,,,MADALENA,COLISÃO LATERAL,,0,1,0,0,0,0,0,0,0,1,0,,,,,,,,,,,,,,,,3927,202330779
2023-12-21T00:00:00,09:40:00,COM VÍTIMA,FINALIZADA,ILHA DO RETIRO,AV ENGENHEIRO ABDIAS DE CARVALHO,0,,,EM FRENTE AO SPORT,,,,ILHA DO RETIRO,COLISÃO,,1,1,0,0,0,1,0,0,0,1,0,,,,,,,,,,,,,,,,3929,202330795
2023-12-21T00:00:00,10:47:00,COM VÍTIMA,FINALIZADA,IPSEP,AV RECIFE,0,,,EM FRENTE A RECIFE MOTOS / PROX AO POSTO MANIA /  PROX AO MARTELINHO DE OURO,,,,IPSEP,COLISÃO,,1,1,0,0,0,0,0,0,0,1,0,,,,,,,,,,,,,,,,3930,202330805
2023-12-21T00:00:00,01:26:00,COM VÍTIMA,FINALIZADA,CAMPINA DO BARRETO,RUA DAS MOCAS,4,1307,,BARBEARIA LOPES,,,,CAMPINA DO BARRETO,COLISÃO LATERAL,,1,1,0,0,0,0,0,0,0,2,0,,,,,,,,,,,,,,,,3932,202330818
2023-12-21T00:00:00,02:16:00,COM VÍTIMA,FINALIZADA,IPSEP,RUA DR RAPOSO PINTO,0,,,PROX A ACADEMIA GOLFINHO,,,,IPSEP,COLISÃO FRONTAL,,1,1,0,0,0,0,0,0,0,1,0,,,,,,,,,,,,,,,,3933,202330825
2023-12-21T00:00:00,09:11:00,COM VÍTIMA,FINALIZADA,AFLITOS,RUA DO FUTURO,0,,AV DR MALAQUIAS,EM FRENTE A FARMÁCIA PAGUE MENOS,,,,AFLITOS,COLISÃO COM CICLISTA,,1,0,0,1,0,0,0,0,0,1,0,,,,,,,,,,,,,,,,3934,202330859
2023-12-22T00:00:00,01:45:00,COM VÍTIMA,FINALIZADA,MADALENA,RUA JOSE OSORIO,0,,AV VISCONDE DE ALBUQUERQUE,PAGUE MENOS,,,,MADALENA,COLISÃO TRANSVERSAL,,1,1,0,0,0,0,0,0,0,2,0,,,,,,,,,,,,,,,,3935,202330868
2023-12-22T00:00:00,07:06:00,COM VÍTIMA,FINALIZADA,ESTANCIA,AV RECIFE,0,,,PROX AO PE PISCINA / PROX BOX DA CONSTRUÇÃO,,,,ESTANCIA,COLISÃO,,0,1,0,0,0,0,0,0,0,1,0,,,,,,,,,,,,,,,,3936,202330876
2023-12-22T00:00:00,08:33:00,COM VÍTIMA,FINALIZADA,CASA FORTE,AV DEZESSETE DE AGOSTO,0,,,EM FRENTE A IGREJA BATISTA DE CASA FORTE E SUVINIL,,,,CASA FORTE,COLISÃO LATERAL,,0,1,0,0,0,0,0,0,0,1,0,,,,,,,,,,,,,,,,3937,202330879
2023-12-22T00:00:00,10:08:00,COM VÍTIMA,FINALIZADA,BOA VIAGEM,RUA BRUNO VELOSO,0,,,PROX A ACADEMIA SELFIT E SAIDA DO SHOPPING RECIFE,,,,BOA VIAGEM,COLISÃO,,0,1,0,0,0,0,0,0,0,1,0,,,,,,,,,,,,,,,,3940,202330888
2023-12-22T00:00:00,11:14:00,COM VÍTIMA,FINALIZADA,SANTO AMARO,AV CRUZ CABUGA,0,,,PROX. A COMPESA E HOSPITAL DA MARINHA,,,,SANTO AMARO,COLISÃO LATERAL,,0,1,0,0,0,0,0,0,0,1,0,,,,,,,,,,,,,,,,3941,202330892
2023-12-22T00:00:00,01:14:00,COM VÍTIMA,FINALIZADA,SANTO ANTONIO,AV DANTAS BARRETO,4,2624,,PROX AO BANCO BRADESCO,,,,SANTO ANTONIO,ATROPELAMENTO DE PESSOA,,1,0,0,0,1,0,0,0,0,1,0,,,,,,,,,,,,,,,,3942,202330906
2023-12-22T00:00:00,01:50:00,COM VÍTIMA,FINALIZADA,CASA AMARELA,RUA JOCA LEAL,1,4,,PROX A BIBLIOTECA INDO PARA CASA AMARELA E PROX A TROPICAL E PROX A IGREJA BATISTA,,,,CASA AMARELA,COLISÃO,,0,1,0,0,0,0,0,0,0,1,0,,,,,,,,,,,,,,,,3943,202330908
2023-12-22T00:00:00,02:05:00,COM VÍTIMA,FINALIZADA,SAN MARTIN,RUA VINTE E UM DE ABRIL,4,3513,,PROX A ESCOLA ANTONIO FARIA E PROX AO TERMINAL DE ONIBUS DA MANGUEIRA E AO GIRADOURO SAN MARTIN,,,,SAN MARTIN,COLISÃO,,0,1,0,0,0,0,0,0,0,1,0,,,,,,,,,,,,,,,,3944,202330911
2023-12-22T00:00:00,03:25:00,COM VÍTIMA,FINALIZADA,SANCHO,AV TEMPO FELIZ,3,248,,PROX AO CEMITERIO PARQUE DAS FLORES,,,,SANCHO,COLISÃO,,0,1,0,0,0,0,0,0,0,1,0,,,,,,,,,,,,,,,,3945,202330919
2023-12-22T00:00:00,03:44:00,COM VÍTIMA,FINALIZADA,RECIFE,AV MILITAR,0,,,EM FRENTE A ENTRADA DO FORTE BRUM,,,,BAIRRO DO RECIFE,COLISÃO LATERAL,,1,1,0,0,0,0,0,0,0,1,0,,,,,,,,,,,,,,,,3946,202330921
2023-12-22T00:00:00,05:45:00,COM VÍTIMA,FINALIZADA,IMBIRIBEIRA,AV MARECHAL MASCARENHAS DE MORAES,0,,,FERREIRA COSTA / BANCO DO BRASIL,,,,IMBIRIBEIRA,COLISÃO LATERAL,,1,1,0,0,0,0,0,0,0,1,0,,,,,,,,,,,,,,,,3947,202330928
2023-12-22T00:00:00,06:02:00,COM VÍTIMA,FINALIZADA,DOIS UNIDOS,RUA PEREIRA BARRETO,4,1444,,PROX A PADARIA LIQ LEO E PROX AO CAMPO DO PASSARINHO,,,,DOIS UNIDOS,COLISÃO,,0,1,0,0,0,0,0,0,0,1,0,,,,,,,,,,,,,,,,3948,202330930
2023-12-22T00:00:00,09:39:00,COM VÍTIMA,FINALIZADA,BOA VISTA,AV MANOEL BORBA,4,1129,,EM FRENTE AO POSTO BR E PREMIER SEGUROS,,,,BOA VISTA,COLISÃO,,0,1,0,0,0,0,0,0,0,1,0,,,,,,,,,,,,,,,,3949,202330939
2023-12-22T00:00:00,11:48:00,COM VÍTIMA,FINALIZADA,CAMPO GRANDE,EST DE BELEM,0,,,E/F À CHURRASCARIA O JARDIM - E AO ANTIGO CLUBE DO BANDEPE - SENTIDO SUBURBIO,,,,CAMPO GRANDE,CHOQUE,,0,0,0,0,0,1,0,0,0,4,0,,,,,,,,,,,,,,,,3950,202330943
2023-12-23T00:00:00,08:03:00,COM VÍTIMA,FINALIZADA,AGUA FRIA,AV BEBERIBE,0,,,EM FRENTE AO POSTO DE GASOLINA BR / CLUBE PRESSÃO,,,,AGUA FRIA,COLISÃO FRONTAL,,1,1,0,0,0,0,0,0,0,1,0,,,,,,,,,,,,,,,,3951,202330957
2023-12-23T00:00:00,08:14:00,COM VÍTIMA,FINALIZADA,CORDEIRO,AV CAXANGA,0,,,EM FRENTE A EXPOSIÇÃO DE ANIAMIS,,,,CORDEIRO,COLISÃO,,0,1,0,0,0,0,0,0,0,1,0,,,,,,,,,,,,,,,,3952,202330959
2023-12-23T00:00:00,11:29:00,COM VÍTIMA,FINALIZADA,GRACAS,AV DR JAYME DA FONTE,3,100,,EM FRENTE AO HOSPITAL JAYME DA FONTE,,,,GRACAS,COLISÃO FRONTAL,,3,0,0,0,0,0,0,0,0,1,0,,,,,,,,,,,,,,,,3953,202330965
2023-12-23T00:00:00,12:30:00,COM VÍTIMA,FINALIZADA,ARRUDA,AV PROFESSOR JOSE DOS ANJOS,0,,,EM FRENTE A ECO ESTAÇÃO DO ARRUDA / SENTIDO OLINDA,,,,ARRUDA,COLISÃO COM CICLISTA,,1,0,0,1,0,0,1,0,0,1,0,,,,,,,,,,,,,,,,3954,202330972
2023-12-23T00:00:00,07:05:00,COM VÍTIMA,FINALIZADA,TORRE,RUA DOM MANOEL DA COSTA,3,148,RUA PIO IX,,,,,TORRE,COLISÃO TRANSVERSAL,,0,2,0,0,0,0,0,0,0,2,0,,,,,,,,,,,,,,,,3955,202330992
2023-12-24T00:00:00,09:14:00,COM VÍTIMA,FINALIZADA,SANTO AMARO,PRC GENERAL ABREU E LIMA,0,,,"POR TRAS DO CEMITERIO DOS INGLESES, SENT. OLINDA",,,,SANTO AMARO,COLISÃO LATERAL,,0,1,0,0,0,0,0,0,0,1,0,,,,,,,,,,,,,,,,3957,202331013
2023-12-24T00:00:00,10:03:00,COM VÍTIMA,FINALIZADA,BEBERIBE,RUA COMPOSITOR VINICIUS DE MORAIS,0,,,PRÓXIMO À PONTE DE BEBERIBE,,,,BEBERIBE,CHOQUE,,0,0,0,0,0,0,0,0,0,3,0,,,,,,,,,,,,,,,,3958,202331016
2023-12-24T00:00:00,10:38:00,COM VÍTIMA,FINALIZADA,TORRE,RUA PROFESSOR TRAJANO DE MENDONCA,0,,,AO LADO DO ATACADO DOS PRESENTES,,,,TORRE,COLISÃO LATERAL,,0,1,0,0,0,0,0,0,0,1,0,,,,,,,,,,,,,,,,3959,202331019
2023-12-24T00:00:00,11:29:00,COM VÍTIMA,FINALIZADA,ILHA DO RETIRO,RUA PROFESSOR BENEDITO MONTEIRO,0,,,PROX A SELFIT ( PROX AO CACAU SHOW ),,,,ILHA DO RETIRO,COLISÃO FRONTAL,,1,1,0,0,0,0,0,0,0,1,0,,,,,,,,,,,,,,,,3960,202331024
2023-12-24T00:00:00,12:52:00,COM VÍTIMA,FINALIZADA,SANTO AMARO,AV NORTE MIGUEL ARRAES DE ALENCAR,0,,,ALÇA VIADUTO DA AGAMENON SENTIDO OLINDA,,,,SANTO AMARO,CHOQUE,,0,1,0,0,0,0,0,0,0,1,0,,,,,,,,,,,,,,,,3961,202331029
2023-12-25T00:00:00,02:23:00,COM VÍTIMA,FINALIZADA,AFOGADOS,RUA SAO MIGUEL,4,1357,,PRÓXIMO AO BODÉ DO NÔ,,,,AFOGADOS,COLISÃO LATERAL,,1,1,0,0,0,0,0,0,0,1,0,,,,,,,,,,,,,,,,3964,202331058
2023-12-25T00:00:00,04:51:00,COM VÍTIMA,FINALIZADA,ARRUDA,RUA PETRONILA BOTELHO,0,,,COM A RUA PROFESSOR JOSÉ DOS ANJOS,,,,ARRUDA,COLISÃO LATERAL,,1,1,0,0,0,0,0,0,0,1,0,,,,,,,,,,,,,,,,3966,202331060
2023-12-25T00:00:00,07:41:00,COM VÍTIMA,FINALIZADA,JORDAO,AV DONA CARENTINA,0,,,PROX. A PRAÇA DO JORDAO BAIXO E LOTERICA,,,,JORDAO,COLISÃO LATERAL,,0,1,0,0,0,0,0,0,0,1,0,,,,,,,,,,,,,,,,3968,202331067
2023-12-25T00:00:00,10:07:00,COM VÍTIMA,FINALIZADA,CAXANGA,AV CAXANGA,0,,,"EM FRENTE AO GOLF CLUBE, E NOVA DISTRIBUIDORA SENT. CAMARAGIBE",,,,CAXANGA,COLISÃO LATERAL,,1,0,0,0,0,0,0,0,0,1,0,,,,,,,,,,,,,,,,3970,202331071
2023-12-25T00:00:00,03:20:00,COM VÍTIMA,FINALIZADA,VARZEA,AV PREFEITO ANTONIO PEREIRA,0,,,EM FRENTE AO PARQUE TECNOLOGICO DE ELTRO ELETRONICO,,,,VARZEA,COLISÃO LATERAL,,0,1,0,0,0,1,0,0,0,2,0,,,,,,,,,,,,,,,,3972,202331086
2023-12-25T00:00:00,03:37:00,COM VÍTIMA,FINALIZADA,IMBIRIBEIRA,AV MARECHAL MASCARENHAS DE MORAES,0,,,PROXIMO A TAMBAI VEICULOS,,,,IMBIRIBEIRA,COLISÃO TRASEIRA,,0,2,0,0,0,0,0,0,0,1,0,,,,,,,,,,,,,,,,3973,202331087
2023-12-25T00:00:00,04:57:00,COM VÍTIMA,FINALIZADA,PRADO,AV ENGENHEIRO ABDIAS DE CARVALHO,0,,,FACULDADE ESTACIO,,,,PRADO,ATROPELAMENTO DE ANIMAL,,0,1,0,0,0,0,0,0,0,1,0,,,,,,,,,,,,,,,,3975,202331096
2023-12-25T00:00:00,07:09:00,COM VÍTIMA,FINALIZADA,SANTO AMARO,RUA TREZE DE MAIO,3,967,RUA FREI CASSIMIRO,,,,,SANTO AMARO,CHOQUE,,1,0,0,0,0,0,0,0,0,1,0,,,,,,,,,,,,,,,,3976,202331105
2023-12-25T00:00:00,09:46:00,COM VÍTIMA,FINALIZADA,APIPUCOS,RUA DE APIPUCOS,0,,,EM FRENTE AO PARK DE APIPUCOS,,,,APIPUCOS,ATROPELAMENTO DE PESSOA,,0,0,0,0,1,0,0,0,0,1,0,,,,,,,,,,,,,,,,3977,202331115
2023-12-25T00:00:00,10:33:00,COM VÍTIMA,FINALIZADA,BOA VIAGEM,RUA DEZ DE JULHO,0,,,APÓS A CAIXA ECONÔMICA,,,,BOA VIAGEM,COLISÃO,,1,1,0,0,0,0,0,0,0,1,0,573,,,,,,,,,,,,,,,3978,202331125
2023-12-26T00:00:00,08:23:00,COM VÍTIMA,FINALIZADA,JAQUEIRA,RUA DOMINGOS BASTOS,3,227,,EM FRENTE A PADARIA GLOBO,,,,JAQUEIRA,COLISÃO TRASEIRA,,1,1,0,0,0,0,0,0,0,1,0,,,,,,,,,,,,,,,,3980,202331143
2023-12-26T00:00:00,11:04:00,COM VÍTIMA,FINALIZADA,SITIO DOS PINTOS,AV LUIZ ANTONIO DE ARAUJO,2,92,,BORRACHARIA DO NADO,,,,SITIO DOS PINTOS,COLISÃO,,1,1,0,0,0,0,0,0,0,1,0,,,,,,,,,,,,,,,,3981,202331159
2023-12-26T00:00:00,11:36:00,COM VÍTIMA,FINALIZADA,IMBIRIBEIRA,AV MARECHAL MASCARENHAS DE MORAES,4,1540,,ENTRE A HONDA E O DEPOSITO DA LASER ELETRO,,,,IMBIRIBEIRA,COLISÃO TRASEIRA,,0,1,0,0,0,0,0,1,0,1,0,,,,,,,,,,,,,,,,3982,202331165
2023-12-26T00:00:00,11:51:00,COM VÍTIMA,FINALIZADA,AGUA FRIA,EST VELHA DE AGUA FRIA,0,,,"EM FRENTE A AUTO ESCOLA PILOTO, PROX. AO POSTO BR",,,,AGUA FRIA,COLISÃO LATERAL,,0,1,0,0,0,0,0,0,0,1,0,,,,,,,,,,,,,,,,3983,202331167
2023-12-26T00:00:00,12:56:00,COM VÍTIMA,FINALIZADA,TAMARINEIRA,AV NORTE MIGUEL ARRAES DE ALENCAR,4,4050,,PROXIMO AO HOTEL EROS,,,,TAMARINEIRA,COLISÃO LATERAL,,0,1,0,0,0,0,0,0,0,2,0,,CIDADE,,,,,,,,,,,,,,3984,202331175
2023-12-26T00:00:00,03:00:00,COM VÍTIMA,FINALIZADA,IBURA,RUA VISCONDE DE AZUARA,3,227,,"IBURA DE BAIXO, PROX AO BAR DA SIRLEIDE E A POLICLINICA ARNALDO MARGUES",,,,IBURA,COLISÃO,,0,1,0,0,0,0,0,0,0,1,0,,,,,,,,,,,,,,,,3985,202331183
2023-12-26T00:00:00,04:30:00,COM VÍTIMA,FINALIZADA,BOA VIAGEM,RUA BARAO DE SOUZA LEAO,4,1241,,SUPERMERCADO TREVO,,,,BOA VIAGEM,COLISÃO FRONTAL,,0,2,0,0,0,0,0,0,0,2,0,,,,,,,,,,,,,,,,3987,202331191
2023-12-26T00:00:00,05:29:00,COM VÍTIMA,FINALIZADA,AGUA FRIA,AV HILDEBRANDO DE VASCONCELOS,0,,,TERMINAL DO CORREGO DEODATO,,,,AGUA FRIA,COLISÃO LATERAL,,0,2,0,0,0,0,0,0,0,2,0,,,,,,,,,,,,,,,,3988,202331193
2023-12-26T00:00:00,06:23:00,COM VÍTIMA,FINALIZADA,SANTO AMARO,AV CRUZ CABUGA,0,,1 TRV DOUTOR SABINO PINHO,EM FRENTE AO HOSPITAL NAVAL E O DEPARTAMENTO DE ESTRADAS E RODAGENS,,,,SANTO AMARO,COLISÃO,,0,1,0,0,0,0,0,0,0,1,0,,,,,,,,,,,,,,,,3989,202331196
2023-12-27T00:00:00,08:27:00,COM VÍTIMA,FINALIZADA,TORROES,AV ENGENHEIRO ABDIAS DE CARVALHO,0,,,SENTIDO CENTRO EM FRENTE A MEGA PEDRAS,,,,TORROES,COLISÃO,,0,1,0,0,0,0,0,0,0,1,0,,CIDADE,,,,,,,,,,,,,,3992,202331226
2023-12-27T00:00:00,08:57:00,COM VÍTIMA,FINALIZADA,ILHA JOANA BEZERRA,RUA CAPITAO TEMUDO,0,,,"EM CIMA DO VIADUTO, SENT. BOA VIAGEM",,,,ILHA JOANA BEZERRA,COLISÃO LATERAL,,0,1,0,0,0,0,0,0,0,1,0,,,,,,,,,,,,,,,,3993,202331228
2023-12-27T00:00:00,09:09:00,COM VÍTIMA,FINALIZADA,VARZEA,RUA PROFESSOR ANTONIO COELHO,0,,,PROX AO TERMINAL DE ONIBUS CDU / PROX AO COLEGIO E CURSO DESAFIO,,,,VARZEA,COLISÃO LATERAL,,1,1,0,0,0,0,0,0,0,1,0,,,,,,,,,,,,,,,,3994,202331231
2023-12-27T00:00:00,01:54:00,COM VÍTIMA,FINALIZADA,PORTO DA MADEIRA,RUA ARAO BOTLER,2,53,,ARMAZEM CORAL,,,,PORTO DA MADEIRA,COLISÃO FRONTAL,,0,2,0,0,0,0,0,0,0,1,0,,,,,,,,,,,,,,,,3995,202331252
2023-12-27T00:00:00,04:55:00,COM VÍTIMA,FINALIZADA,IBURA,RUA RIO XINGU,0,,AV DOIS RIOS,EM FRENTE A ACADEMIA ATIVE,,,,IBURA,COLISÃO,,0,0,0,0,0,0,0,0,0,1,0,,,,,,,,,,,,,,,,3997,202331267
2023-12-27T00:00:00,07:24:00,COM VÍTIMA,FINALIZADA,BOA VIAGEM,AV DES JOSE NEVES,0,,,AO LADO DO RESTAURANTE CANGAÇO,,,,BOA VIAGEM,COLISÃO,,1,1,0,0,0,0,0,0,0,1,0,,,,,,,,,,,,,,,,3998,202331279
2023-12-28T00:00:00,07:08:00,COM VÍTIMA,FINALIZADA,FUNDAO,AV BEBERIBE,0,,,PROX. A PRAÇA DO FUNDAO E IGREJA RENASCER,,,,FUNDAO,COLISÃO LATERAL,,0,1,0,0,0,0,0,0,0,1,0,,,,,,,,,,,,,,,,4000,202331302
2023-12-28T00:00:00,07:43:00,COM VÍTIMA,FINALIZADA,AREIAS,AV DR JOSE RUFINO,4,2125,,EM FRENTE AO EDF ALAMEDA PARK,,,,AREIAS,COLISÃO TRASEIRA,,2,1,0,0,0,0,0,0,0,1,0,213,,,,,,,,,,,,,,,4001,202331305
2023-12-28T00:00:00,08:03:00,COM VÍTIMA,FINALIZADA,SAN MARTIN,AV GENERAL SAN MARTIN,0,,,PROX. AO COLEGIO ADVENTISTA E CLINICA VETERINARIA AMOR DE BICHO,,,,SAN MARTIN,COLISÃO LATERAL,,0,1,0,0,0,0,0,0,0,1,0,,,,,,,,,,,,,,,,4002,202331307
2023-12-28T00:00:00,08:43:00,COM VÍTIMA,FINALIZADA,SANTO AMARO,AV CRUZ CABUGA,0,,,AO LADO DA CASA DA INDUSTRIA SENAI,,,,SANTO AMARO,COLISÃO COM CICLISTA,,0,0,0,1,0,1,0,0,0,1,0,,,,,,,,,,,,,,,,4003,202331314
2023-12-28T00:00:00,10:32:00,COM VÍTIMA,FINALIZADA,RECIFE,C DO APOLO,0,,,,,,,BAIRRO DO RECIFE,COLISÃO,,0,0,0,0,0,0,0,0,0,1,0,,,,,,,,,,,,,,,,4004,202331329
2023-12-28T00:00:00,06:07:00,COM VÍTIMA,FINALIZADA,BEBERIBE,RUA DALVA DE OLIVEIRA,0,,,EM FRENTE A AMBEV E PROX AO SESC SENAC,,,,BEBERIBE,COLISÃO LATERAL,,1,1,0,1,0,0,0,0,0,3,0,,,,,,,,,,,,,,,,4007,202331359
2023-12-28T00:00:00,09:10:00,COM VÍTIMA,FINALIZADA,COHAB,AV DOIS RIOS,0,,RUA RIO XINGU,E/F A ACADEMIA MOTIVO,,,,COHAB,COLISÃO FRONTAL,,1,1,0,0,0,0,0,0,0,1,0,,,,,,,,,,,,,,,,4009,202331377
2023-12-29T00:00:00,07:37:00,COM VÍTIMA,FINALIZADA,BOA VISTA,RUA DO HOSPICIO,0,,,APOS O COLEGIO JOAO BARBALHO SENT. CIDADE,,,,BOA VISTA,COLISÃO LATERAL,,1,1,0,0,0,0,0,0,0,2,0,,,,,,,,,,,,,,,,4011,202331402
2023-12-29T00:00:00,09:16:00,COM VÍTIMA,FINALIZADA,AFOGADOS,RUA SAO MIGUEL,0,,,EM FRENTE A LOJA COMERCIAL GUSTAVO E POSTO DE COMBUSTIVEL JOAO DIAS,,,,AFOGADOS,COLISÃO LATERAL,,0,1,0,0,0,0,0,0,0,1,0,,,,,,,,,,,,,,,,4012,202331411
2023-12-29T00:00:00,12:07:00,COM VÍTIMA,FINALIZADA,SANTO AMARO,PTE DO LIMOEIRO,0,,RUA AURORA,,,,,SANTO AMARO,COLISÃO,,1,1,0,0,0,0,0,0,0,1,0,,,,,,,,,,,,,,,,4013,202331430
2023-12-29T00:00:00,12:35:00,COM VÍTIMA,FINALIZADA,IBURA,AV DOIS RIOS,0,,,EM FRENTE AO POSTO DE GASOLINA SHELL / PROX A PET CLEAN CLINICA VETERINARIA  E AO CRAS DE IBURA DE BAIXO,,,,IBURA,COLISÃO,,0,1,0,0,0,0,0,0,0,1,0,,,,,,,,,,,,,,,,4014,202331434
2023-12-29T00:00:00,04:31:00,COM VÍTIMA,FINALIZADA,MANGUEIRA,AV CENTRAL,0,,,PROX AO MERCADINHO ECONOMICO E ESTAÇÃO DE METRO DA MANGUEIRA,,,,MANGUEIRA,COLISÃO,,0,1,0,0,0,0,0,0,0,1,0,,,,,,,,,,,,,,,,4015,202331449
2023-12-29T00:00:00,05:40:00,COM VÍTIMA,FINALIZADA,PAISSANDU,AV GOVERNADOR AGAMENON MAGALHAES,0,,,EM FRENTE AO HOSPITAL PORTUGUES/ SENTIDO BOA VIAGEM,,,,PAISSANDU,COLISÃO LATERAL,,1,1,0,0,0,0,0,0,0,1,0,,,,,,,,,,,,,,,,4016,202331452
2023-12-30T00:00:00,11:26:00,COM VÍTIMA,FINALIZADA,MADALENA,RUA JOSE OSORIO,0,,,EM FRENTE AO SELECTA SUPERMERCADO,,,,MADALENA,COLISÃO,,0,1,0,0,0,0,0,0,0,1,0,,,,,,,,,,,,,,,,4017,202331492
2023-12-30T00:00:00,12:08:00,COM VÍTIMA,FINALIZADA,BOA VIAGEM,AV DES JOSE NEVES,0,,,POR TRÁS DO SHOPPING RECIFE,,,,BOA VIAGEM,COLISÃO,,0,1,0,0,0,0,0,0,0,1,0,,,,,,,,,,,,,,,,4018,202331496
2023-12-30T00:00:00,12:29:00,COM VÍTIMA,FINALIZADA,JARDIM SAO PAULO,AV LIBERDADE,0,,,PROX A PADARIA LA ROQUE E IGREJA ASSEMBLEIA DE DEUS,,,,JARDIM SAO PAULO,COLISÃO,,0,1,0,0,0,0,0,0,0,1,0,,,,,,,,,,,,,,,,4019,202331497
2023-12-30T00:00:00,12:33:00,COM VÍTIMA,FINALIZADA,BOA VIAGEM,AV DOM JOAO VI,0,,RUA SOLDADO SINESIO DE ARAGAO,EM FRENTE AO SHOPPING,,,,BOA VIAGEM,COLISÃO LATERAL,,1,0,0,0,0,0,0,0,0,1,0,,,,,,,,,,,,,,,,4020,202331498
2023-12-30T00:00:00,02:37:00,COM VÍTIMA,FINALIZADA,CASA FORTE,AV DEZESSETE DE AGOSTO,4,1440,,EM FRENTE AO ERMIRIO DE MORAES,,,,CASA FORTE,COLISÃO LATERAL,,1,1,0,0,0,0,0,0,0,2,0,,,,,,,,,,,,,,,,4021,202331504
2023-12-30T00:00:00,03:06:00,COM VÍTIMA,FINALIZADA,FUNDAO,AV BEBERIBE,0,,,PROXIMO A FARMACIA DO TRABALHADOR E PADARIA SUBLIME PÃO,,,,FUNDAO,COLISÃO,,0,1,0,0,0,0,0,0,0,1,0,,,,,,,,,,,,,,,,4022,202331505
2023-12-30T00:00:00,04:51:00,COM VÍTIMA,FINALIZADA,SAO JOSE,PRC DAS CINCO PONTAS,2,96,,EM FRENTE AO TRE E PROXIMO AO FORTE DAS CINCO PONTAS,,,,SAO JOSE,COLISÃO,,0,1,0,0,0,0,0,0,0,1,0,,,,,,,,,,,,,,,,4023,202331509
2023-12-30T00:00:00,05:45:00,COM VÍTIMA,FINALIZADA,JORDAO,AV DONA CARENTINA,3,669,,NA SUBIDA DA LADEIRA DO JORDÃO ALTO E EM FRENTE A IGREJA PAROQUIA CRISTO REDENTOR,,,,JORDAO,COLISÃO,,0,1,0,0,0,0,0,0,0,1,0,,,,,,,,,,,,,,,,4024,202331512
2023-12-30T00:00:00,08:39:00,COM VÍTIMA,FINALIZADA,TORRE,RUA DOM MANOEL DA COSTA,3,321,,EM FRENTE AO COLEGIO CRISTO REI,,,,TORRE,COLISÃO TRANSVERSAL,,1,1,0,0,0,0,0,0,0,1,0,,,,,,,,,,,,,,,,4026,202331522
2023-12-31T00:00:00,09:11:00,COM VÍTIMA,FINALIZADA,SANTO ANTONIO,RUA DA CONCORDIA,0,,,PROX. A VENEZA MUSIC E ELETRONICO PEÇAS,,,,SANTO ANTONIO,COLISÃO LATERAL,,0,1,0,0,0,0,0,0,0,1,0,,,,,,,,,,,,,,,,4030,202331546
2023-12-31T00:00:00,08:26:00,VÍTIMA FATAL,FINALIZADA,ARRUDA,AV BEBERIBE,0,,,EM FRENTE AO POSTO BR,,,,ARRUDA,COLISÃO,,0,0,0,0,0,0,0,0,0,0,1,,,,,,,,,,,,,,,,4032,202331566
2024-01-01,6:05:00,COM VÍTIMA,FINALIZADA,VASCO DA GAMA,AV NORTE MIGUEL ARRAES DE ALENCAR,0,,,E/F A IGREJA QUADRANGULAR SENTIDO MACAXEIRA,,,,VASCO DA GAMA,COLISÃO LATERAL,,1,0,0,0,0,0,0,0,0,1,0,,,,,,,,,,,,,,,,,2929720
2024-01-01,9:14:00,COM VÍTIMA,FINALIZADA,VASCO DA GAMA,RUA VASCO DA GAMA,4,1353,,APOS A DELIGACIA DO VASCO // MERCEARIA DO BIBIO,,,,VASCO DA GAMA,COLISÃO,,0,1,0,0,0,0,0,0,0,1,0,,,,,,,,,,,,,,,,,2929730
2024-01-01,10:31:00,COM VÍTIMA,FINALIZADA,VASCO DA GAMA,RUA ALTO TREZE DE MAIO,3,290,,DEPOIS DA COMPESA,,,,VASCO DA GAMA,COLISÃO,,0,3,0,0,0,0,0,0,0,1,0,,,,,,,,,,,,,,,,,2929740
2024-01-01,4:11:00,COM VÍTIMA,FINALIZADA,ARRUDA,AV PROFESSOR JOSE DOS ANJOS,0,,AV NORTE MIGUEL ARRAES DE ALENCAR,,,,,ARRUDA,COLISÃO,,0,1,0,0,0,0,0,0,0,1,0,,,,,,,,,,,,,,,,,2929800
2024-01-01,6:53:00,COM VÍTIMA,FINALIZADA,BOA VIAGEM,AV CONSELHEIRO AGUIAR,4,1672,RUA PADRE CARAPUCEIRO,EM FRENTE A PURO AÇAI E PROXIMO AO VERDE FRUT,,,,BOA VIAGEM,COLISÃO,,1,1,0,0,0,0,0,0,0,1,0,,,,,,,,,,,,,,,,,2929850
2024-01-02,3:10:00,COM VÍTIMA,FINALIZADA,AFOGADOS,RUA SAO MIGUEL,0,,,BANCO DO BRASIL,,,,AFOGADOS,COLISÃO LATERAL,,1,1,0,0,0,0,0,0,0,1,0,,,,,,,,,,,,,,,,,2930300
2024-01-02,3:43:00,COM VÍTIMA,FINALIZADA,BARRO,AV DR JOSE RUFINO,4,3850,,PROX AO MIX MATHEUS E EM FRENTE A SOCORRO  VENANCIO RECEPÇÕES,,,,BARRO,COLISÃO,,0,1,0,0,0,0,0,0,0,1,0,,,,,,,,,,,,,,,,,2930340