data,hora,natureza_acidente,situacao,bairro,endereco,,numero,detalhe_endereco_acidente,complemento,endereco_cruzamento,numero_cruzamento,referencia_cruzamento,bairro_cruzamento,tipo,descricao,auto,moto,ciclom,ciclista,pedestre,onibus,caminhao,viatura,outros,vitimas,vitimasfatais,num_semaforo,sentido_via,acidente_verificado,tempo_clima,situacao_semaforo,sinalizacao,condicao_via,conservacao_via,ponto_controle,situacao_placa,velocidade_max_via,mao_direcao,divisao_via1,divisao_via2,divisao_via3,_id,Protocolo
2024-01-13,7:20:00,COM VÍTIMA,FINALIZADA,IMBIRIBEIRA,AV MARECHAL MASCARENHAS DE MORAES,2,38,,PACIENTE DENTRO DA LOJA FERREIRA COSTA DA IMBIRIBEIRA,,,,IMBIRIBEIRA,COLISÃO,,0,1,0,0,0,0,0,0,0,1,0,,,,,,,,,,,,,,,,,2938940
2024-01-13,7:45:00,COM VÍTIMA,FINALIZADA,SANTO AMARO,RUA PRINCESA IZABEL,0,,,EM FRENTE A CAMERAS DOS VEREADORES DO RECIFE,,,,SANTO AMARO,COLISÃO LATERAL,,1,1,0,0,0,0,0,0,0,1,0,,,,,,,,,,,,,,,,,2938960
2024-01-13,10:04:00,COM VÍTIMA,FINALIZADA,BOA VIAGEM,AV CONSELHEIRO AGUIAR,0,,,PROX A LOJA MASON / PROX AO POSTO DE GASOLINA BR,,,,BOA VIAGEM,COLISÃO,,0,1,0,0,0,0,0,0,0,1,0,,,,,,,,,,,,,,,,,2939060
2024-01-13,10:41:00,COM VÍTIMA,FINALIZADA,ENCRUZILHADA,RUA ALFREDO DE CASTRO,0,,,AO LADO DA LOCOLIZA,,,,ENCRUZILHADA,QUEDA,,0,1,0,0,0,0,0,0,0,1,0,,,,,,,,,,,,,,,,,2939090
2024-01-13,12:12:00,COM VÍTIMA,FINALIZADA,TEJIPIO,AV DR JOSE RUFINO,0,,,EM FRENTE A IGREJA CATOLICA DE TEJIPIO SENTIDO JABOATÃO NA DIVISA ENTRE RECIFE E JABOATÃO,,,,TEJIPIO,COLISÃO,,0,1,0,0,0,0,0,0,0,1,0,,,,,,,,,,,,,,,,,2939110
2024-01-13,2:53:00,COM VÍTIMA,FINALIZADA,JORDAO,RUA DES EVANDRO NETTO,3,349,,PROXIMO AO TERMINAL DE ÔNIBUS DE JORDÃO BAIXO E COLEGIO JOÃO PAULO,,,,JORDAO,COLISÃO,,0,1,0,0,0,0,0,0,0,1,0,,,,,,,,,,,,,,,,,2939180
2024-01-13,3:16:00,COM VÍTIMA,FINALIZADA,TORREAO,RUA OTHON PARAISO,3,735,,EM FRENTE AO EDIFICIO AURELINO MELO E POR TRAS DO HAPVIDA,,,,TORREAO,COLISÃO,,0,1,0,0,0,0,0,0,0,1,0,,,,,,,,,,,,,,,,,2939200
2024-01-13,4:12:00,COM VÍTIMA,FINALIZADA,IMBIRIBEIRA,AV MARECHAL MASCARENHAS DE MORAES,0,,,FRENTE ATACADO DOS PRESENTES,,,,IMBIRIBEIRA,COLISÃO,,2,0,0,0,0,0,0,0,0,1,0,,,,,,,,,,,,,,,,,2939220
2024-01-13,8:32:00,COM VÍTIMA,FINALIZADA,CAJUEIRO,AV CIDADE DE MONTEIRO,0,,,PROXIMO DA ACADEMIA DA CIDADE,,,,CAJUEIRO,COLISÃO FRONTAL,,1,1,0,0,0,0,0,0,0,1,0,,,,,,,,,,,,,,,,,2939410
2024-01-14,12:41:00,COM VÍTIMA,FINALIZADA,AREIAS,AV DR JOSE RUFINO,0,,,COM A RUA JOSE NATATARIO,,,,AREIAS,COLISÃO FRONTAL,,1,1,0,0,0,0,0,0,0,1,0,,,,,,,,,,,,,,,,,2939480
2024-01-14,12:49:00,COM VÍTIMA,FINALIZADA,VARZEA,RUA GASTAO VIDIGAL,5,315 A,,,,,,VARZEA,COLISÃO FRONTAL,,1,1,0,0,0,0,0,0,0,1,0,,,,,,,,,,,,,,,,,2939490
2024-01-14,7:24:00,COM VÍTIMA,FINALIZADA,ILHA JOANA BEZERRA,RUA CAPITAO TEMUDO,0,,,1° ALÇA VIADUTO CAPITÃO TEMUDO,,,,ILHA JOANA BEZERRA,COLISÃO LATERAL,,0,1,0,0,0,0,0,0,0,1,0,,,,,,,,,,,,,,,,,2939630
2024-01-14,10:29:00,COM VÍTIMA,FINALIZADA,SAO JOSE,RUA FLORIANO PEIXOTO,3,709,RUA DO PEIXOTO,PROX. A LEVI ARTES E RECIFE ACRILICOS,,,,SAO JOSE,COLISÃO FRONTAL,,1,1,0,0,0,0,0,0,0,1,0,,,,,,,,,,,,,,,,,2939750
2024-01-14,11:52:00,COM VÍTIMA,FINALIZADA,CORDEIRO,RUA GOMES TABORDA,0,,,PROX. AO GOLF CLUB,,,,CORDEIRO,COLISÃO LATERAL,,0,1,0,0,0,0,0,0,0,1,0,,,,,,,,,,,,,,,,,2939790
2024-01-15,6:37:00,COM VÍTIMA,FINALIZADA,DERBY,AV GOVERNADOR AGAMENON MAGALHAES,0,,PRC DO DERBY,,,,,DERBY,ATROPELAMENTO DE PESSOA,,0,0,0,0,1,1,0,0,0,1,0,,SUBURBIO,,,,,,,,,,,,,,,2940150
2024-01-15,7:38:00,COM VÍTIMA,FINALIZADA,BOA VIAGEM,RUA BARAO DE SOUZA LEAO,0,,,EM FRENTE A LAVANDERIA NAPOLITANA,,,,BOA VIAGEM,COLISÃO LATERAL,,0,1,0,0,0,0,0,0,0,1,0,,,,,,,,,,,,,,,,,2940250
2024-01-15,8:19:00,COM VÍTIMA,FINALIZADA,BOMBA DO HEMETERIO,RUA MARAIAL,0,,,EM FRENTE A FARMACIA DO TRABALHADOR,,,,BOMBA DO HEMETERIO,COLISÃO LATERAL,,1,1,0,0,0,0,0,0,0,1,0,,,,,,,,,,,,,,,,,2940300
2024-01-15,6:43:00,COM VÍTIMA,FINALIZADA,PRADO,RUA GOMES TABORDA,0,,,MADEREIRA SÃO JUDAS,,,,PRADO,COLISÃO FRONTAL,,1,1,0,0,0,0,0,0,0,1,0,,,,,,,,,,,,,,,,,2940900
2024-01-15,9:29:00,COM VÍTIMA,FINALIZADA,BOA VIAGEM,AV ENGENHEIRO DOMINGOS FERREIRA,0,,RUA ANTONIO FALCAO,ESQUINA COM O CARREFOUR,,,,BOA VIAGEM,COLISÃO LATERAL,,1,1,0,0,0,0,0,0,0,2,0,,,,,,,,,,,,,,,,,2940950
2024-01-16,6:04:00,COM VÍTIMA,FINALIZADA,IPUTINGA,AV CAXANGA,0,,,NO SEMAFORO 533 PROX. A IPUTINGA AUTOMOVEIS,,,,IPUTINGA,COLISÃO LATERAL,,1,1,0,0,0,0,0,0,0,1,0,,,,,,,,,,,,,,,,,2941040
2024-01-16,7:50:00,COM VÍTIMA,FINALIZADA,CASA AMARELA,RUA LUIZ CESARIO DE MELO,0,,,EM FRENTE AO ARMAZEM SV FERRAGENS / EM FRENTE A MARTENIDADE BARROS LIMA,,,,CASA AMARELA,COLISÃO,,0,1,0,0,0,0,0,0,0,1,0,,,,,,,,,,,,,,,,,2941170
2024-01-16,8:40:00,COM VÍTIMA,FINALIZADA,BOA VIAGEM,AV CELSO FURTADO,0,,,SENTIDO BOA VIAGEM APOS O SHOPPING RIO MAR,,,,BOA VIAGEM,COLISÃO,,0,1,0,0,0,0,0,0,0,1,0,,,,,,,,,,,,,,,,,2941210
2024-01-16,8:41:00,COM VÍTIMA,FINALIZADA,BOA VIAGEM,AV DES JOSE NEVES,0,,,PROX. A ENTRADA DO SHOPPING RECIFE,,,,BOA VIAGEM,COLISÃO LATERAL,,0,1,0,0,0,0,0,0,0,1,0,,,,,,,,,,,,,,,,,2941220
2024-01-16,11:00:00,COM VÍTIMA,FINALIZADA,DOIS UNIDOS,AV HILDEBRANDO DE VASCONCELOS,4,2495,,PROX A VIDRAÇARIA SÃO JOSE  E ARMAZEM BERLIM,,,,DOIS UNIDOS,COLISÃO,,0,1,0,0,0,0,0,0,0,1,0,,,,,,,,,,,,,,,,,2941420
2024-01-16,12:36:00,COM VÍTIMA,FINALIZADA,SAN MARTIN,AV ENGENHEIRO ABDIAS DE CARVALHO,3,201,,CHESF / UPA DE TORROES SENTIDO CURADO,,,,SAN MARTIN,COLISÃO LATERAL,,0,1,0,0,0,0,1,0,0,1,0,,,,,,,,,,,,,,,,,2941570
2024-01-16,12:38:00,COM VÍTIMA,FINALIZADA,IMBIRIBEIRA,AV MARECHAL MASCARENHAS DE MORAES,4,6217,,EM FRENTE AO AEROPORTO DO RECIFE,,,,IMBIRIBEIRA,COLISÃO LATERAL,,1,1,0,0,0,0,0,0,0,1,0,,,,,,,,,,,,,,,,,2941580
2024-01-16,2:27:00,COM VÍTIMA,FINALIZADA,IMBIRIBEIRA,RUA JAMAICA,3,188,,EM FRENTE AO CENTER MAIS SAUDE,,,,IMBIRIBEIRA,COLISÃO FRONTAL,,1,1,0,0,0,0,0,0,0,1,0,,,,,,,,,,,,,,,,,2941670
2024-01-16,3:58:00,COM VÍTIMA,FINALIZADA,GRACAS,RUA SENADOR ALBERTO PAIVA,2,98,,POR TRAZ DO COLEGIO SAO  LUIZ,,,,GRACAS,COLISÃO TRASEIRA,,1,1,0,0,0,0,0,0,0,1,0,,,,,,,,,,,,,,,,,2941760
2024-01-16,5:39:00,COM VÍTIMA,FINALIZADA,BOA VIAGEM,AV ENGENHEIRO DOMINGOS FERREIRA,0,,,PROXIMO AO CERPE E SPETTUS,,,,BOA VIAGEM,COLISÃO LATERAL,,1,1,0,0,0,0,0,0,0,2,0,,,,,,,,,,,,,,,,,2941820
2024-01-16,7:27:00,COM VÍTIMA,FINALIZADA,MADALENA,AV VISCONDE DE ALBUQUERQUE,3,401,,EM FRENTE AO MADALENA CENTER,,,,MADALENA,COLISÃO,,1,1,0,0,0,0,0,0,0,1,0,,,,,,,,,,,,,,,,,2941880
2024-01-16,8:03:00,COM VÍTIMA,FINALIZADA,TORRE,RUA LEMOS TORRES,2,49,,EM FRENTE AO SHOPPING PLAZA,,,,TORRE,COLISÃO,,1,1,0,0,0,0,0,0,0,1,0,,,,,,,,,,,,,,,,,2941900
2024-01-16,8:17:00,COM VÍTIMA,FINALIZADA,BEBERIBE,RUA DO TRIUNFO,0,,AV BEBERIBE,DUZENTOS METROS APÓS O CAMPO DO DSANTA CRUZ SENTIDO ÁGUA FRIA,,,,BEBERIBE,COLISÃO,,1,1,0,0,0,0,0,0,0,1,0,,,,,,,,,,,,,,,,,2941910
2024-01-17,5:31:00,COM VÍTIMA,FINALIZADA,BOA VIAGEM,RUA PROFESSOR JOAO MEDEIROS,0,,RUA ERNESTO DE PAULA SANTOS,DROGASIL,,,,BOA VIAGEM,COLISÃO,,2,0,0,0,0,0,0,0,0,2,0,,,,,,,,,,,,,,,,,2942050
2024-01-17,6:25:00,COM VÍTIMA,FINALIZADA,IBURA,LAD DA COHAB,0,,,SUB. DA LADEIRA DA COHAB UR-01,,,,IBURA,COLISÃO LATERAL,,1,1,0,0,0,0,0,0,0,2,0,,,,,,,,,,,,,,,,,2942120
2024-01-17,7:58:00,COM VÍTIMA,FINALIZADA,IBURA,AV DOIS RIOS,0,,,IBURA DE BAIXO EM FRENTE AO MR SUPERMERCADO,,,,IBURA,COLISÃO,,0,1,0,0,0,0,0,0,0,1,0,,,,,,,,,,,,,,,,,2942280
2024-01-17,8:06:00,COM VÍTIMA,FINALIZADA,CASA AMARELA,RUA PAULA BATISTA,3,715,,NA FRENTE DO SUPER BOM PREÇO,,,,CASA AMARELA,COLISÃO,,1,1,0,0,0,0,0,0,0,1,0,,,,,,,,,,,,,,,,,2942320
2024-01-17,8:11:00,COM VÍTIMA,FINALIZADA,IBURA,AV DOIS RIOS,0,,,CTTU- BATEDORES EM ESCOLTA,,,,IBURA,COLISÃO,,1,1,0,0,0,0,0,0,0,1,0,,,,,,,,,,,,,,,,,2942340
2024-01-17,8:26:00,COM VÍTIMA,FINALIZADA,IMBIRIBEIRA,AV MARECHAL MASCARENHAS DE MORAES,0,,,PROX. AO GRAU TECNICO E GRILLO DECOR SENT. AFOGADOS,,,,IMBIRIBEIRA,COLISÃO LATERAL,,0,1,0,0,0,0,0,0,0,1,0,,,,,,,,,,,,,,,,,2942390
2024-01-17,9:08:00,COM VÍTIMA,FINALIZADA,CASA AMARELA,AV NORTE MIGUEL ARRAES DE ALENCAR,0,,,EM FRENTE A IGREJA ADVENTISTA SENT. CIDADE,,,,CASA AMARELA,ATROPELAMENTO DE PESSOA,,1,1,0,0,1,0,0,0,0,2,0,,,,,,,,,,,,,,,,,2942440
2024-01-17,9:46:00,COM VÍTIMA,FINALIZADA,IMBIRIBEIRA,AV MARECHAL MASCARENHAS DE MORAES,0,,AV ENGENHEIRO ALVES DE SOUZA,EM FRENTE A  HONDA  ( PROX AO SEMAFORO 288  ),,,,IMBIRIBEIRA,COLISÃO TRASEIRA,,1,1,0,0,0,0,0,0,0,1,0,,,,,,,,,,,,,,,,,2942530
2024-01-17,10:14:00,COM VÍTIMA,FINALIZADA,BOA VIAGEM,AV BOA VIAGEM,4,2554,,DEPOIS DA PADARIOA BOA VIAGEM//,,,,BOA VIAGEM,COLISÃO,,0,1,0,0,0,0,0,0,0,1,0,,,,,,,,,,,,,,,,,2942580
2024-01-17,10:14:00,COM VÍTIMA,FINALIZADA,JORDAO,AV MARIA IRENE,2,72,,"JORDÃO BAIXO , PROX A ACADEMIA GREEN FIT",,,,JORDAO,COLISÃO,,0,1,0,0,0,0,0,0,0,1,0,,,,,,,,,,,,,,,,,2942590
2024-01-17,10:15:00,COM VÍTIMA,FINALIZADA,AFOGADOS,RUA COSME VIANA,0,,,EM FRENTE A LOJA  TUPAN,,,,AFOGADOS,COLISÃO FRONTAL,,1,1,0,0,0,0,0,0,0,1,0,,,,,,,,,,,,,,,,,2942600
2024-01-17,11:49:00,COM VÍTIMA,FINALIZADA,ILHA DO RETIRO,RUA COSME VIANA,0,,,AO LADO DA TUPAN,,,,ILHA DO RETIRO,COLISÃO LATERAL,,0,1,0,0,0,0,0,0,0,1,0,,,,,,,,,,,,,,,,,2942720
2024-01-17,12:30:00,COM VÍTIMA,FINALIZADA,MORRO DA CONCEICAO,RUA ITACOATIARA,0,,,PROX AO CALDO DE CANA TERENCIO / PROX AO BAR DO TONHO,,,,MORRO DA CONCEICAO,COLISÃO,,0,1,0,0,0,0,0,0,0,1,0,,,,,,,,,,,,,,,,,2942760
2024-01-17,2:06:00,COM VÍTIMA,FINALIZADA,PRADO,RUA GOMES TABORDA,3,869,,PROXIMO A DIR MOTOS E ECOPET,,,,PRADO,COLISÃO,,0,1,0,0,0,0,0,0,0,1,0,,,,,,,,,,,,,,,,,2942840
2024-01-17,7:40:00,COM VÍTIMA,FINALIZADA,CASA AMARELA,RUA PAULA BATISTA,3,270,,E/F AO PREDIO MORADA PAULA BATISTA,,,,CASA AMARELA,COLISÃO LATERAL,,0,1,0,0,0,1,0,0,0,1,0,,,,,,,,,,,,,,,,,2943180
2024-01-18,7:05:00,COM VÍTIMA,FINALIZADA,IMBIRIBEIRA,RUA PARIS,0,,,PROX. A LAGOA DO ARAÇA,,,,IMBIRIBEIRA,COLISÃO LATERAL,,0,1,0,0,0,0,0,0,0,1,0,,,,,,,,,,,,,,,,,2943500
2024-01-18,8:12:00,COM VÍTIMA,FINALIZADA,ENCRUZILHADA,RUA QUARENTA E OITO,3,815,,EM FRENTE A LOJA SONHAR COLCHOES,,,,ENCRUZILHADA,COLISÃO LATERAL,,0,2,0,0,0,0,0,0,0,1,0,,,,,,,,,,,,,,,,,2943600
2024-01-18,8:39:00,COM VÍTIMA,FINALIZADA,CAXANGA,AV CAXANGA,0,,,EM FRENTE AO HOSPITAL SANTA TEREZINHA E PROX AO BOI E BRASA DA CAXANGA,,,,CAXANGA,COLISÃO,,0,1,0,0,0,0,0,0,0,1,0,,,,,,,,,,,,,,,,,2943650
2024-01-18,12:01:00,COM VÍTIMA,FINALIZADA,MADALENA,RUA JANUARIO BARBOSA,3,879,AV BEIRA RIO,EM FRENTE AO EDIFICIO QUATRO ESTAÇÃO,,,,MADALENA,COLISÃO FRONTAL,,1,1,0,0,0,0,0,0,0,1,0,,,,,,,,,,,,,,,,,2943900
2024-01-18,3:43:00,COM VÍTIMA,FINALIZADA,CASA FORTE,AV DEZESSETE DE AGOSTO,4,1461,,PROXIMO AO MUSEU DO HOMEM DO NORDESTE E HOSPITAL ERMIRIO DE MORAES,,,,CASA FORTE,COLISÃO,,0,1,0,0,0,0,0,0,0,1,0,,,,,,,,,,,,,,,,,2944080
2024-01-18,4:48:00,COM VÍTIMA,FINALIZADA,CAMPO GRANDE,EST DE BELEM,4,1198,,EM FRENTE AO SUPERMERCADO ECONOMICO,,,,CAMPO GRANDE,COLISÃO,,0,1,0,0,0,0,0,0,0,1,0,,,,,,,,,,,,,,,,,2944120
2024-01-18,4:55:00,COM VÍTIMA,FINALIZADA,SOLEDADE,RUA JOAO FERNANDES VIEIRA,3,335,,POR TRAS DA CELPE E NA PRAÇA OSWALDO CRUZ,,,,SOLEDADE,COLISÃO,,0,1,0,0,0,0,0,0,0,1,0,,,,,,,,,,,,,,,,,2944130
2024-01-18,6:21:00,COM VÍTIMA,FINALIZADA,CAMPO GRANDE,RUA FRANKLIN TAVORA,3,873,,PROX AO ESTABELECIMENTO NADECON MADEIRA,,,,CAMPO GRANDE,COLISÃO FRONTAL,,0,2,0,0,0,0,0,0,0,1,0,,,,,,,,,,,,,,,,,2944180
2024-01-18,6:29:00,COM VÍTIMA,FINALIZADA,CAMPINA DO BARRETO,RUA CORONEL URBANO RIBEIRO DE SENA,0,,RUA CONSTANCA,ARVORE DA BARRIGUDA,,,,CAMPINA DO BARRETO,ATROPELAMENTO DE PESSOA,,1,0,0,0,1,0,0,0,0,1,0,,,,,,,,,,,,,,,,,2944200
2024-01-18,6:52:00,COM VÍTIMA,FINALIZADA,ENCRUZILHADA,AV NORTE MIGUEL ARRAES DE ALENCAR,3,858,,BANCO SANTANDER,,,,ENCRUZILHADA,COLISÃO LATERAL,,0,2,0,0,0,0,0,0,0,1,0,,,,,,,,,,,,,,,,,2944210
2024-01-18,11:50:00,COM VÍTIMA,FINALIZADA,CAMPO GRANDE,EST DE BELEM,0,,RUA PRUDENTE DE MORAES,POSTO PETRONACA / PIZZARIA PASSIRA,,,,CAMPO GRANDE,COLISÃO,,1,1,0,0,0,0,0,0,0,2,0,,,,,,,,,,,,,,,,,2944360
2024-01-19,5:25:00,COM VÍTIMA,FINALIZADA,BOA VIAGEM,RUA BRUNO VELOSO,0,,,EM FRENTE A ACADEMIA SELFIT,,,,BOA VIAGEM,COLISÃO,,2,0,0,0,0,0,0,0,0,1,0,3350,,,,,,,,,,,,,,,,2944440
2024-01-19,6:58:00,COM VÍTIMA,FINALIZADA,BOA VIAGEM,AV MARECHAL JUAREZ TAVORA,0,,,"PROX. AO SUPERMERCADO RM E CANAL , EM FRENTE AO ARMAZEM ECOSEL",,,,BOA VIAGEM,COLISÃO LATERAL,,0,1,0,0,0,0,0,0,0,1,0,,,,,,,,,,,,,,,,,2944480
2024-01-19,7:34:00,COM VÍTIMA,FINALIZADA,TEJIPIO,AV DR JOSE RUFINO,4,3048,,EM FRENTE AO COLEGIO ALBERTO TORRES,,,,TEJIPIO,,,1,1,0,0,0,0,0,0,0,1,0,,,,,,,,,,,,,,,,,2944630
2024-01-19,7:42:00,COM VÍTIMA,FINALIZADA,ENCRUZILHADA,RUA CONS PORTELA,0,,,PROX AO COLEGIO DOM VITAL / E GALERIA PORTELA,,,,ENCRUZILHADA,COLISÃO LATERAL,,0,2,0,0,0,0,0,0,0,1,0,,,,,,,,,,,,,,,,,2944670
2024-01-19,8:09:00,COM VÍTIMA,FINALIZADA,PINA,AV CELSO FURTADO,0,,,"SENT. CIDADE, PROX. A OBRA. SOLICITANTE NÃO SOUBE PASSAR MAIS INF. PROX A OBRA DO PARQUE EDUARDO CAMPO / NA ENTRADA DO ANTIGO AEROPORTO",,,,PINA,COLISÃO LATERAL,,0,1,0,0,0,0,0,0,0,1,0,,,,,,,,,,,,,,,,,2944710
2024-01-19,8:45:00,COM VÍTIMA,FINALIZADA,PINA,AV ENGENHEIRO DOMINGOS FERREIRA,0,,,PROX A AP BEBIDAS /  PROX AO POSTO DE GASOLINA MULTI POSTO,,,,PINA,COLISÃO,,0,1,0,0,0,0,0,0,0,1,0,,,,,,,,,,,,,,,,,2944730
2024-01-19,8:50:00,COM VÍTIMA,FINALIZADA,SANTO AMARO,AV CRUZ CABUGA,0,,RUA VINTE E QUATRO DE MAIO,CONTAX,,,,SANTO AMARO,COLISÃO COM CICLISTA,,1,0,0,1,0,0,0,0,0,1,0,,,,,,,,,,,,,,,,,2944740
2024-01-19,9:15:00,COM VÍTIMA,FINALIZADA,SAO JOSE,AV ENGENHEIRO JOSE ESTELITA,0,,,PROX. AO VIADUTO DAS CINCO PONTAS SENT. CIDADE,,,,SAO JOSE,COLISÃO TRASEIRA,,1,1,0,0,0,0,0,0,0,2,0,,,,,,,,,,,,,,,,,2944780
2024-01-19,9:45:00,COM VÍTIMA,FINALIZADA,BOA VIAGEM,RUA PADRE CARAPUCEIRO,0,,,PROX AO SHOPPING RECIFE / PROX A OBRA DO SUPERMERCADO MIX MATHEUS O ANTIGO HIPER BOMPREÇO,,,,BOA VIAGEM,COLISÃO,,0,1,0,0,0,0,0,0,0,1,0,,,,,,,,,,,,,,,,,2944820
2024-01-19,11:42:00,COM VÍTIMA,FINALIZADA,CIDADE UNIVERSITARIA,RUA GENERAL POLIDORO,3,982,,EM FRENTE A FARMACIA PAGUE MENOS,,,,CIDADE UNIVERSITARIA,ATROPELAMENTO DE PESSOA,,0,1,0,0,1,0,0,0,0,2,0,,,,,,,,,,,,,,,,,2944980
2024-01-19,1:00:00,COM VÍTIMA,FINALIZADA,MADALENA,RUA REAL DA TORRE,0,,,PROX AO MERCADO PUBLICO DA MADALENA,,,,MADALENA,COLISÃO,,0,1,0,0,0,0,0,0,0,1,0,,,,,,,,,,,,,,,,,2945050
2024-01-19,3:11:00,COM VÍTIMA,FINALIZADA,TORRE,RUA SOUZA BANDEIRA,3,526,,PROXIMO A PADARIA DELICIA DO PÃO E A FARMACIA DO TRABALHADOR,,,,TORRE,COLISÃO,,0,1,0,0,0,0,0,0,0,1,0,,,,,,,,,,,,,,,,,2945160
2024-01-19,3:11:00,COM VÍTIMA,FINALIZADA,SAO JOSE,AV SUL,0,,,EM BAIXO DO PONTILHÃO SENTIDO AS TORES GEMEAS,,,,SAO JOSE,COLISÃO,,1,0,0,0,0,0,0,0,0,1,0,,,,,,,,,,,,,,,,,2945170
2024-01-19,3:15:00,COM VÍTIMA,FINALIZADA,SANTO AMARO,RUA DO POMBAL,3,546,,EM FRENTE AO IML,,,,SANTO AMARO,COLISÃO,,0,1,0,0,0,0,0,0,0,1,0,,,,,,,,,,,,,,,,,2945190
2024-01-19,4:47:00,COM VÍTIMA,FINALIZADA,CAMPO GRANDE,EST DE BELEM,0,,RUA ODORICO MENDES,E/F AO COLEGIO JESUS CRUCIFICADO,,,,CAMPO GRANDE,COLISÃO TRASEIRA,,1,1,0,0,0,0,0,0,0,1,0,,,,,,,,,,,,,,,,,2945240
2024-01-19,6:08:00,COM VÍTIMA,FINALIZADA,SANTO AMARO,AV VISCONDE DE SUASSUNA,3,500,,SENAC,,,,SANTO AMARO,COLISÃO LATERAL,,1,1,0,0,0,0,0,0,0,1,0,,,,,,,,,,,,,,,,,2945320
2024-01-19,11:41:00,COM VÍTIMA,FINALIZADA,CAJUEIRO,AV CIDADE DE MONTEIRO,0,,,ANTIGO AO RESTAURANTE TERRAÇO,,,,CAJUEIRO,COLISÃO FRONTAL,,0,2,0,0,0,0,0,0,0,2,0,,,,,,,,,,,,,,,,,2945550
2024-01-20,1:57:00,COM VÍTIMA,FINALIZADA,IPSEP,RUA HELIO BRANDAO,0,,RUA SAO NICOLAU,,,,,IPSEP,COLISÃO TRASEIRA,,1,1,0,0,0,0,0,0,0,1,0,,,,,,,,,,,,,,,,,2945560
2024-01-20,7:06:00,COM VÍTIMA,FINALIZADA,AFOGADOS,AV DR JOSE RUFINO,3,334,,PROX AO POSTO DE COMBUSTIVEL PBT BANCO DO BRASIL DE AFOGADOS,,,,AFOGADOS,COLISÃO,,0,2,0,0,0,0,0,0,0,1,0,,,,,,,,,,,,,,,,,2945750
2024-01-20,9:24:00,COM VÍTIMA,FINALIZADA,SANTO AMARO,AV CRUZ CABUGA,0,,,PROX AO CEMITÉRIO DO INGLESES / PROX AO MERCADO PUBLICO,,,,SANTO AMARO,COLISÃO,,0,1,0,0,0,0,0,0,0,1,0,,,,,,,,,,,,,,,,,2945840
2024-01-20,11:16:00,COM VÍTIMA,FINALIZADA,IPSEP,RUA JEAN EMILE FAVRE,0,,,"APOS O POSTO BR, SENT. AV. RECIFE PROX. A REFUSO PARAFUSOS",,,,IPSEP,COLISÃO LATERAL,,0,1,0,0,0,0,0,0,0,1,0,,,,,,,,,,,,,,,,,2945920
2024-01-20,12:34:00,COM VÍTIMA,FINALIZADA,IMBIRIBEIRA,RUA ITACARI,0,,,"AO LADO DO BANCO DO ITAÚ NA AV MASCARENGAS DE MORAES, EM FRENTE A BORRACHARIA IRMÃO FRANCISCO",,,,IMBIRIBEIRA,COLISÃO,,0,1,0,0,0,0,0,0,0,1,0,,,,,,,,,,,,,,,,,2945960
2024-01-20,12:42:00,COM VÍTIMA,FINALIZADA,ILHA DO RETIRO,RUA TABAIARES,3,458,,POR TRÁS DO PORTÃO DO ESTÁDIO DA ILHA DO RETIRO,,,,ILHA DO RETIRO,COLISÃO,,0,1,0,0,0,0,0,0,0,1,0,,,,,,,,,,,,,,,,,2945970
2024-01-20,2:16:00,COM VÍTIMA,FINALIZADA,IMBIRIBEIRA,AV MARECHAL MASCARENHAS DE MORAES,0,,,,,,,IMBIRIBEIRA,COLISÃO,,1,1,0,0,0,0,0,0,0,2,0,,,,,,,,,,,,,,,,,2946080
2024-01-20,2:20:00,COM VÍTIMA,FINALIZADA,MACAXEIRA,AV NORTE MIGUEL ARRAES DE ALENCAR,5,10908,,"EM FRENTE A FABRICA CORONEL OTO, E O LADO DO PARQUE DA MACAXEIRA",,,,MACAXEIRA,COLISÃO,,1,0,0,0,0,0,0,0,0,1,0,,CIDADE,,,,,,,,,,,,,,,2946090
2024-01-20,2:47:00,COM VÍTIMA,FINALIZADA,BARRO,RUA MAJOR CHAGAS DE OLIVEIRA,2,60,,PROX OFICINA  TOTA ALTO SERVIÇOS,,,,BARRO,COLISÃO TRASEIRA,,1,1,0,0,0,0,0,0,0,1,0,,,,,,,,,,,,,,,,,2946150
2024-01-20,3:58:00,COM VÍTIMA,FINALIZADA,CASA FORTE,AV DEZESSETE DE AGOSTO,0,,,RESTAURANTE FORNEIRO,,,,CASA FORTE,COLISÃO LATERAL,,1,1,0,0,0,0,0,0,0,1,0,,,,,,,,,,,,,,,,,2946180
2024-01-20,8:15:00,COM VÍTIMA,FINALIZADA,CORDEIRO,RUA DIANOPOLIS,0,,AV PROFESSOR ESTEVAO FRANCISCO DA COSTA,POSTO PETROCAL,,,,CORDEIRO,COLISÃO TRANSVERSAL,,1,1,0,0,0,0,0,0,0,1,0,,,,,,,,,,,,,,,,,2946290
2024-01-21,1:47:00,COM VÍTIMA,FINALIZADA,CAXANGA,AV CAXANGA,0,,AV GENERAL SAN MARTIN,EM FRENTE A FARMACIA DO TROBALHADOR,,,,CAXANGA,COLISÃO,,1,1,0,0,0,0,0,0,0,1,0,,,,,,,,,,,,,,,,,2946370
2024-01-21,10:35:00,COM VÍTIMA,FINALIZADA,CASA FORTE,AV DEZESSETE DE AGOSTO,0,,,PROX AO POSTO DE GASOLINA BR E CENTRO DE LINGUAS  WIZARD,,,,CASA FORTE,COLISÃO,,0,1,0,0,0,0,0,0,0,1,0,,,,,,,,,,,,,,,,,2946630
2024-01-21,11:47:00,COM VÍTIMA,FINALIZADA,COHAB,AV JORNALISTA COSTA PORTO,0,,,PROX A ESCOLA CRISTIANO CORDEIRO,,,,COHAB,COLISÃO,,0,1,0,0,0,0,0,0,0,1,0,,,,,,,,,,,,,,,,,2946740
2024-01-21,12:07:00,COM VÍTIMA,FINALIZADA,BOA VIAGEM,AV BOA VIAGEM,0,,,PROX AO QUIOSQUE 10 SEGUNDO JARDIM,,,,BOA VIAGEM,COLISÃO,,0,1,0,0,0,0,0,0,0,1,0,,,,,,,,,,,,,,,,,2946760
2024-01-21,1:40:00,COM VÍTIMA,FINALIZADA,CAMPO GRANDE,AV PROFESSOR JOSE DOS ANJOS,4,5184,,RESTAURANTE CINE YAKISOBA,,,,CAMPO GRANDE,COLISÃO,,0,1,0,0,0,0,0,0,0,1,0,,,,,,,,,,,,,,,,,2946830
2024-01-21,4:41:00,COM VÍTIMA,FINALIZADA,BOA VIAGEM,RUA COPACABANA,0,,RUA WALDEMAR NERY CARNEIRO MONTEIRO,EM FRENTE A PADARIA SETUBAL,,,,BOA VIAGEM,COLISÃO FRONTAL,,1,1,0,0,0,0,0,0,0,1,0,,,,,,,,,,,,,,,,,2946960
2024-01-21,4:55:00,COM VÍTIMA,FINALIZADA,MADALENA,RUA ARLINDO GOUVEIA,2,39,,EM FRENTE A PRAÇA DO CLUBE INTERNACIONAL E AO LADO DO POSTO DISLUB,,,,MADALENA,COLISÃO LATERAL,,1,1,0,0,0,0,0,0,0,1,0,,,,,,,,,,,,,,,,,2946970