data,hora,natureza_acidente,situacao,bairro,endereco,,numero,detalhe_endereco_acidente,complemento,endereco_cruzamento,numero_cruzamento,referencia_cruzamento,bairro_cruzamento,tipo,descricao,auto,moto,ciclom,ciclista,pedestre,onibus,caminhao,viatura,outros,vitimas,vitimasfatais,num_semaforo,sentido_via,acidente_verificado,tempo_clima,situacao_semaforo,sinalizacao,condicao_via,conservacao_via,ponto_controle,situacao_placa,velocidade_max_via,mao_direcao,divisao_via1,divisao_via2,divisao_via3,_id,Protocolo
2024-01-30,9:07:00,COM VÍTIMA,FINALIZADA,MADALENA,AV VISCONDE DE ALBUQUERQUE,3,236,,EM FRENTE A VIA TRANSITO,,,,MADALENA,COLISÃO LATERAL,,1,0,1,0,0,0,0,0,0,1,0,,SUBURBIO,,,,,,,,,,,,,,,2955660
2024-01-30,9:15:00,COM VÍTIMA,FINALIZADA,CASA AMARELA,RUA BELA VISTA,3,212,,PROX A PADARIA BELA VISTA ( PROX AO SITIO TRINDADE ),,,,CASA AMARELA,COLISÃO LATERAL,,1,1,0,0,0,0,0,0,0,1,0,,,,,,,,,,,,,,,,,2955680
2024-01-30,10:27:00,COM VÍTIMA,FINALIZADA,BOA VIAGEM,AV BOA VIAGEM,4,6246,,ANTES DO PARQUE DONA  LINDU,,,,BOA VIAGEM,COLISÃO TRASEIRA,,1,1,0,0,0,0,0,0,0,1,0,,,,,,,,,,,,,,,,,2955740
2024-01-30,10:43:00,COM VÍTIMA,FINALIZADA,CASA FORTE,AV DEZESSETE DE AGOSTO,4,1758,,PROX. A ENTRADA DO POÇO DA PANELA,,,,CASA FORTE,COLISÃO LATERAL,,0,1,0,0,0,0,1,0,0,2,0,,,,,,,,,,,,,,,,,2955760
2024-01-30,10:59:00,COM VÍTIMA,FINALIZADA,SANTO AMARO,AV DR JAYME DA FONTE,3,112,,PROX A EDUARDO REPARAÇÃO AUTOMOTIVA,,,,SANTO AMARO,COLISÃO FRONTAL,,1,1,0,0,0,0,0,0,0,1,0,,,,,,,,,,,,,,,,,2955790
2024-01-30,11:22:00,COM VÍTIMA,FINALIZADA,ILHA DO RETIRO,RUA SPORT CLUBE DO RECIFE,0,,,EM FRENTE DA CHURRASCARIA BOI E BRASA E ACADEMIA SELFITT,,,,ILHA DO RETIRO,COLISÃO TRASEIRA,,1,1,0,0,0,0,0,0,0,1,0,,,,,,,,,,,,,,,,,2955810
2024-01-30,12:09:00,COM VÍTIMA,FINALIZADA,CASA AMARELA,RUA CONS NABUCO,3,198,,"DEPOIS DO POSTO BR, EM FRENTE AO NUMERO  271",,,,CASA AMARELA,COLISÃO,,0,1,0,0,0,0,0,0,0,1,0,,,,,,,,,,,,,,,,,2955870
2024-01-30,12:43:00,COM VÍTIMA,FINALIZADA,SANTO ANTONIO,AV DANTAS BARRETO,0,,,E/F AO BRT  DOS CORREIOS S/T CID,,,,SANTO ANTONIO,ATROPELAMENTO DE PESSOA,,0,1,0,1,0,0,0,0,0,1,0,,,,,,,,,,,,,,,,,2955940
2024-01-30,1:21:00,COM VÍTIMA,FINALIZADA,ILHA JOANA BEZERRA,RUA CAPITAO TEMUDO,0,,,EM CIMA DO VIADUTO CAPITÃO TEMUDO SENTIDO FORUM DE JOANA BEZERRA,,,,JOANA BEZERRA,COLISÃO TRASEIRA,,1,1,0,0,0,0,0,0,0,2,0,,,,,,,,,,,,,,,,,2956000
2024-01-30,2:10:00,COM VÍTIMA,FINALIZADA,CASA AMARELA,RUA PAULA BATISTA,0,,,EM FRENTE AO BOMPREÇO DE CASA AMARELA,,,,CASA AMARELA,COLISÃO LATERAL,,1,1,0,0,0,1,0,0,0,1,0,,,,,,,,,,,,,,,,,2956070
2024-01-30,2:56:00,COM VÍTIMA,FINALIZADA,ESTANCIA,RUA HAVAI,3,202,,S/T AV RECIFE,,,,ESTANCIA,COLISÃO LATERAL,,0,0,0,0,0,0,0,0,0,1,0,,,,,,,,,,,,,,,,,2956120
2024-01-30,5:26:00,COM VÍTIMA,FINALIZADA,IMBIRIBEIRA,RUA ARQUITETO LUIZ NUNES,3,958,,E/F A EMPRESA GT  AO LADO DO COLEGIO ANITA GARIBALDI,,,,IMBIRIBEIRA,COLISÃO LATERAL,,1,1,0,0,0,0,0,0,0,1,0,,,,,,,,,,,,,,,,,2956270
2024-01-30,7:08:00,COM VÍTIMA,FINALIZADA,CAXANGA,RUA DEPUTADO JOSE FRANCISCO DE MELO CAVALCANTI,0,,RUA TABELIAO JOAO ROMA,PRAÇA DE NOVA MORADA,,,,CAXANGA,COLISÃO,,1,1,0,0,0,0,0,0,0,1,0,,,,,,,,,,,,,,,,,2956340
2024-01-30,9:56:00,COM VÍTIMA,FINALIZADA,BOA VIAGEM,RUA COSMORAMA,0,,RUA BALTAZAR PASSOS,POSTO PETROBRÁS,,,,BOA VIAGEM,COLISÃO,,0,1,0,0,0,1,0,0,0,1,0,,,,,,,,,,,,,,,,,2956400
2024-01-31,7:23:00,COM VÍTIMA,FINALIZADA,SAO JOSE,RUA DO PORAO,3,121,,PROX AO MERCADO PUBLICO DE SAO JOSE,,,,SAO JOSE,COLISÃO,,0,1,0,0,0,0,0,0,0,1,0,,,,,,,,,,,,,,,,,2956650
2024-01-31,7:36:00,COM VÍTIMA,FINALIZADA,CASA AMARELA,RUA PAULA BATISTA,3,408,,"EM FRENTE A ACADEMIA CONECT PEC, PROX AO BANCO BRADESCO",,,,CASA AMARELA,COLISÃO,,0,1,0,0,0,0,0,0,0,1,0,,,,,,,,,,,,,,,,,2956690
2024-01-31,8:22:00,COM VÍTIMA,FINALIZADA,SAN MARTIN,AV ENGENHEIRO ABDIAS DE CARVALHO,4,6173,,"NA DESCIDA DO VIADUTO DO HOSPITAL DA MULHER, PROX A OFICINA DO GILVAN",,,,SAN MARTIN,COLISÃO,,0,1,0,0,0,0,0,0,0,1,0,,,,,,,,,,,,,,,,,2956720
2024-01-31,8:44:00,COM VÍTIMA,FINALIZADA,DERBY,RUA DA BAIXA VERDE,0,,RUA JENER DE SOUZA,,,,,DERBY,COLISÃO LATERAL,,1,1,0,0,0,0,0,0,0,1,0,,,,,,,,,,,,,,,,,2956750
2024-01-31,9:51:00,COM VÍTIMA,FINALIZADA,CORDEIRO,RUA DR JOAO LACERDA,3,191,,PROX AO DHPP SENTIDO AV CAXANGA,,,,CORDEIRO,COLISÃO FRONTAL,,1,1,0,0,0,0,0,0,0,1,0,,,,,,,,,,,,,,,,,2956840
2024-01-31,10:09:00,COM VÍTIMA,FINALIZADA,SANTO AMARO,AV CRUZ CABUGA,0,,AV DR JAYME DA FONTE,PROX. AO HOSPITAL DA MARINHA SENT. OLINDA,,,,SANTO AMARO,COLISÃO LATERAL,,1,1,0,0,0,0,0,0,0,1,0,,,,,,,,,,,,,,,,,2956880
2024-01-31,12:23:00,COM VÍTIMA,FINALIZADA,IMBIRIBEIRA,AV MARECHAL MASCARENHAS DE MORAES,2,55,,"EM FRENTE A ENTRADA DO AEROPORTO, SENTIDO AFOGADOS / PRAZERES",,,,IMBIRIBEIRA,COLISÃO,,0,1,0,0,0,0,0,0,0,1,0,,,,,,,,,,,,,,,,,2956980
2024-01-31,1:04:00,COM VÍTIMA,FINALIZADA,ESPINHEIRO,RUA CONS PORTELA,0,,RUA CARNEIRO VILELA,CRUZAMENTO,,,,ESPINHEIRO,COLISÃO,,0,0,0,0,0,0,0,0,0,1,0,,,,,,,,,,,,,,,,,2957010
2024-01-31,3:19:00,COM VÍTIMA,FINALIZADA,SAO JOSE,C SANTA RITA,0,,,TORRES GEMEAS,,,,SAO JOSE,COLISÃO TRASEIRA,,1,1,0,0,0,0,0,0,0,1,0,,,,,,,,,,,,,,,,,2957090
2024-01-31,3:53:00,COM VÍTIMA,FINALIZADA,BOA VIAGEM,RUA CORONEL ANIZIO RODRIGUES COELHO,3,487,,PROX A PIZZARIA MATUTA  E AO COLEGIO E CURSO VENCER,,,,BOA VIAGEM,COLISÃO LATERAL,,0,1,0,0,0,0,0,0,0,1,0,,,,,,,,,,,,,,,,,2957180
2024-01-31,8:32:00,COM VÍTIMA,FINALIZADA,CAXANGA,AV CAXANGA,3,642,,APOS JOSE OSORIO,,,,CAXANGA,COLISÃO COM CICLISTA,,0,1,0,1,0,0,0,0,0,2,0,,,,,,,,,,,,,,,,,2957470
2024-02-01,6:46:00,COM VÍTIMA,FINALIZADA,SAO JOSE,VDO DAS CINCO PONTAS,0,,,NA DESCIDA DO VIADUTO SENT. CIDADE,,,,SAO JOSE,QUEDA,,0,1,0,0,0,0,0,0,0,1,0,,,,,,,,,,,,,,,,,2957630
2024-02-01,11:28:00,COM VÍTIMA,FINALIZADA,ESTANCIA,AV DR JOSE RUFINO,0,,,"SENT. AREIAS, EM FRENTE AOS CORREIOS POR TRAS DO ARMAZEM CORAL",,,,ESTANCIA,COLISÃO LATERAL,,0,1,0,0,0,0,0,0,0,1,0,,,,,,,,,,,,,,,,,2957940
2024-02-01,2:51:00,COM VÍTIMA,FINALIZADA,VASCO DA GAMA,AV VEREADOR OTACILIO AZEVEDO,4,1446,,PROX A UPA EA ESCOLA ROTARI  ANTES DO TERMINAL,,,,VASCO DA GAMA,COLISÃO LATERAL,,0,1,0,0,0,0,0,0,0,1,0,,,,,,,,,,,,,,,,,2958210
2024-02-01,3:04:00,COM VÍTIMA,FINALIZADA,IBURA,AV DOIS RIOS,4,1238,,NA ESQUINA DA  MOTIVE ACADEMIA,,,,IBURA,COLISÃO FRONTAL,,1,1,0,0,0,0,0,0,0,1,0,,,,,,,,,,,,,,,,,2958250
2024-02-01,3:27:00,COM VÍTIMA,FINALIZADA,BREJO DA GUABIRABA,AV VEREADOR OTACILIO AZEVEDO,3,988,,ESCOLA ROTARI,,,,BREJO DA GUABIRABA,ATROPELAMENTO DE PESSOA,,0,1,0,0,1,0,0,0,0,1,0,,,,,,,,,,,,,,,,,2958280
2024-02-01,6:51:00,COM VÍTIMA,FINALIZADA,IMBIRIBEIRA,AV MARECHAL MASCARENHAS DE MORAES,4,2716,,EM FRENTE AO GERALDÃO,,,,IMBIRIBEIRA,COLISÃO LATERAL,,0,1,0,0,0,1,0,0,0,1,0,,,,,,,,,,,,,,,,,2958400
2024-02-02,9:49:00,COM VÍTIMA,FINALIZADA,IPSEP,AV RECIFE,4,3321,AV RAIMUNDO DINIZ,ENTRE AOS PREDIOS CHICO CITE,,,,IPSEP,COLISÃO FRONTAL,,1,1,0,0,0,0,0,0,0,1,0,,CIDADE,,,,,,,,,,,,,,,2958780
2024-02-02,10:16:00,COM VÍTIMA,FINALIZADA,AREIAS,AV RECIFE,4,4916,,"PROX AO CARREFOUR, EM FRENTE AO CONJ. IGNÊS ANDREZZA",,,,AREIAS,COLISÃO,,0,1,0,0,0,0,0,0,0,1,0,,,,,,,,,,,,,,,,,2958810
2024-02-02,10:52:00,COM VÍTIMA,FINALIZADA,IMBIRIBEIRA,AV MARECHAL MASCARENHAS DE MORAES,2,43,,"EM FRENTE A IMBIRIBEIRA DIESEL, BANCO SANTADER E BANCO ITAÚ, SENTIDO AEROPORTO",,,,IMBIRIBEIRA,COLISÃO,,0,1,0,0,0,0,0,0,0,1,0,,,,,,,,,,,,,,,,,2958890
2024-02-02,11:42:00,COM VÍTIMA,FINALIZADA,AREIAS,RUA AMELIA JESUINA,2,99,,EM FRENTE AO MINI SHOPPINHG DE AREIAS,,,,AREIAS,COLISÃO,,0,1,0,0,0,0,0,0,0,1,0,,,,,,,,,,,,,,,,,2958980
2024-02-02,11:43:00,COM VÍTIMA,FINALIZADA,SAN MARTIN,AV GENERAL SAN MARTIN,0,,,EM FRENTE AO QUARTEL DA CAVALARIA,,,,SAN MARTIN,COLISÃO,,0,1,0,0,0,0,0,0,0,1,0,,,,,,,,,,,,,,,,,2958990
2024-02-02,1:49:00,COM VÍTIMA,FINALIZADA,SAO JOSE,AV DANTAS BARRETO,4,1162,,PROX A ESTAÇAO RECIFE E A CASA D CULTURA,,,,SAO JOSE,COLISÃO LATERAL,,0,1,0,0,0,0,0,0,0,1,0,,,,,,,,,,,,,,,,,2959120
2024-02-02,2:38:00,COM VÍTIMA,FINALIZADA,BOA VIAGEM,AV CELSO FURTADO,0,,,NO INICIO DA VIA MANGUE S/T SHOPPING RIOMAR,,,,BOA VIAGEM,CHOQUE,,0,1,0,0,0,0,0,0,0,1,0,,,,,,,,,,,,,,,,,2959180
2024-02-02,3:32:00,COM VÍTIMA,FINALIZADA,ILHA DO LEITE,AV FREI MATIAS TEVES,0,,RUA SENADOR JOSE HENRIQUE,HOSP. ALBERT SABIN,,,,ILHA DO LEITE,COLISÃO LATERAL,,1,1,0,0,0,0,0,0,0,1,0,,,,,,,,,,,,,,,,,2959250
2024-02-02,5:18:00,COM VÍTIMA,FINALIZADA,SAO JOSE,AV ENGENHEIRO JOSE ESTELITA,3,891,,PROX AO BATALHAO DA POLICIA  E AS TORRES GEMEAS,,,,SAO JOSE,COLISÃO LATERAL,,0,1,0,0,0,0,0,0,0,1,0,,,,,,,,,,,,,,,,,2959430
2024-02-02,5:23:00,COM VÍTIMA,FINALIZADA,GRACAS,RUA DAS GRACAS,3,389,,PROX A DROGASIL EA IGREJA DAS GRAÇAS,,,,GRACAS,COLISÃO LATERAL,,0,1,0,0,0,0,0,0,0,1,0,,,,,,,,,,,,,,,,,2959450
2024-02-02,10:13:00,COM VÍTIMA,FINALIZADA,BARRO,AV DR JOSE RUFINO,0,,,EM CIMA DO VIADUTO DA AV. JOSÉ RUFINO - SENTIDO TEJIPIO,,,,BARRO,COLISÃO LATERAL,,2,0,0,0,0,0,0,0,0,1,0,,,,,,,,,,,,,,,,,2959660
2024-02-03,7:44:00,COM VÍTIMA,FINALIZADA,BOA VIAGEM,AV DES JOSE NEVES,0,,,APOS O TUNEL SENT. SHOPPING RECIFE,,,,BOA VIAGEM,COLISÃO LATERAL,,0,1,0,0,0,0,0,0,0,1,0,,,,,,,,,,,,,,,,,2960020
2024-02-03,8:54:00,COM VÍTIMA,FINALIZADA,ARRUDA,EST VELHA DE AGUA FRIA,0,,,"EM FRENTE AO MARTELINHO DE OURO, APOS O DENOX",,,,ARRUDA,COLISÃO LATERAL,,0,1,0,0,0,0,0,0,0,1,0,,,,,,,,,,,,,,,,,2960110
2024-02-03,10:03:00,COM VÍTIMA,FINALIZADA,MACAXEIRA,AV NORTE MIGUEL ARRAES DE ALENCAR,0,,,EM FRENTE AO PARQUE DA MACAXEIRA E IGREJA,,,,MACAXEIRA,COLISÃO LATERAL,,0,1,0,0,0,0,0,0,0,1,0,,,,,,,,,,,,,,,,,2960260
2024-02-03,10:19:00,COM VÍTIMA,FINALIZADA,DERBY,RUA JENER DE SOUZA,0,,PRC DO DERBY,,,,,DERBY,QUEDA,,0,1,0,0,0,0,0,0,0,1,0,,,,,,,,,,,,,,,,,2960270
2024-02-03,10:20:00,COM VÍTIMA,FINALIZADA,BOA VIAGEM,RUA BALTAZAR PASSOS,0,,RUA JOSE HIPOLITO CARDOSO,NA RUA DO CAFE SÃO BRAZ  DE ESQUINA COM A PADARIA PAN JOVEM,,,,BOA VIAGEM,COLISÃO LATERAL,,1,1,0,0,0,0,0,0,0,1,0,,,,,,,,,,,,,,,,,2960280
2024-02-03,1:08:00,COM VÍTIMA,FINALIZADA,MADALENA,AV BEIRA RIO,0,,,PROX AO EDIFICIO VILA RICA,,,,MADALENA,COLISÃO COM CICLISTA,,0,1,0,1,0,0,0,0,0,1,0,,,,,,,,,,,,,,,,,2960440
2024-02-03,2:05:00,COM VÍTIMA,FINALIZADA,IPSEP,AV RECIFE,4,1314,,E/F  A PIZZARIA ATLANTICO,,,,IPSEP,COLISÃO LATERAL,,1,1,0,0,0,0,0,0,0,1,0,,,,,,,,,,,,,,,,,2960490
2024-02-03,8:33:00,COM VÍTIMA,FINALIZADA,PINA,PTE GOVERNADOR PAULO GUERRA,0,,,VIADUTO SENTIDO PINA,,,,PINA,,,1,1,0,0,0,0,0,0,0,2,0,,,,,,,,,,,,,,,,,2960810
2024-02-04,7:03:00,COM VÍTIMA,FINALIZADA,AFOGADOS,RUA SAO MIGUEL,0,,,DE FRENTE AO QUARTEL/ 14 BATALHAO,,,,AFOGADOS,COLISÃO LATERAL,,1,1,0,0,0,0,0,0,0,1,0,,,,,,,,,,,,,,,,,2961050
2024-02-04,8:57:00,COM VÍTIMA,FINALIZADA,MADALENA,RUA JOAO IVO DA SILVA,3,139,,EM FRENTE AO MUSEU DA ABOLIÇÃO,,,,MADALENA,COLISÃO LATERAL,,0,2,0,0,0,0,0,0,0,3,0,,,,,,,,,,,,,,,,,2961210
2024-02-04,5:52:00,COM VÍTIMA,FINALIZADA,IBURA,AV JORNALISTA COSTA PORTO,4,1010,,MERCADINHO DO FIRMINO / BARBEARIA BARBA NEGRA,,,,IBURA,COLISÃO LATERAL,,1,1,0,0,0,0,0,0,0,1,0,,,,,,,,,,,,,,,,,2961640
2024-02-04,9:10:00,COM VÍTIMA,FINALIZADA,CAXANGA,RUA DEPUTADO JOSE FRANCISCO DE MELO CAVALCANTI,3,444,,EM FRENTE FARMACIA POPULAR,,,,CAXANGA,COLISÃO LATERAL,,1,1,0,0,0,0,0,0,0,1,0,,,,,,,,,,,,,,,,,2961790
2024-02-05,6:27:00,COM VÍTIMA,FINALIZADA,BOA VISTA,AV CONDE DA BOA VISTA,4,1209,,DE FRENTE AO GRAU TECNICO,,,,BOA VISTA,ATROPELAMENTO DE PESSOA,,1,0,0,0,1,0,0,0,0,1,0,,CIDADE,,,,,,,,,,,,,,,2961970
2024-02-05,7:05:00,COM VÍTIMA,FINALIZADA,AFLITOS,AV CONS ROSA E SILVA,4,1053,,"EM FRENTE A DROGASIL , EM FRENTE AO BOMPREÇO",,,,AFLITOS,COLISÃO LATERAL,,1,1,0,0,0,0,0,0,0,1,0,,,,,,,,,,,,,,,,,2962010
2024-02-05,7:44:00,COM VÍTIMA,FINALIZADA,MADALENA,RUA JOSE OSORIO,3,882,,EM FRENTE A LOJA AUTO SUL,,,,MADALENA,COLISÃO,,0,1,0,0,0,0,0,0,0,1,0,,,,,,,,,,,,,,,,,2962080
2024-02-05,9:03:00,COM VÍTIMA,FINALIZADA,SAO JOSE,AV DANTAS BARRETO,0,,,EM FRENTE A MIX DISTRIBUIDORA E CAMELODROMO,,,,SAO JOSE,COLISÃO LATERAL,,0,1,0,0,0,0,0,0,0,1,0,,,,,,,,,,,,,,,,,2962240
2024-02-05,10:06:00,COM VÍTIMA,FINALIZADA,RECIFE,C DO APOLO,0,,,EM FRENTE AO TRIBUNAL REGIONAL FEDERAL / PROX  AO CAIS DO APOLO,,,,BAIRRO DO RECIFE,COLISÃO,,0,1,0,0,0,0,0,0,0,1,0,,,,,,,,,,,,,,,,,2962380
2024-02-05,10:08:00,COM VÍTIMA,FINALIZADA,ILHA DO RETIRO,AV JOSE GONCALVES DE MEDEIROS,0,,,EM FRENTE AO ASSAI ATACADISTA,,,,ILHA DO RETIRO,COLISÃO,,0,0,0,0,0,0,0,0,0,1,0,,,,,,,,,,,,,,,,,2962390
2024-02-05,10:57:00,COM VÍTIMA,FINALIZADA,MADALENA,RUA JOSE OSORIO,0,,,SEU CARRO PE // PRAÇA DA MADALENA,,,,MADALENA,COLISÃO TRASEIRA,,1,1,0,0,0,0,0,0,0,1,0,,,,,,,,,,,,,,,,,2962480
2024-02-05,2:39:00,COM VÍTIMA,FINALIZADA,BOA VIAGEM,RUA JOSE DOMINGUES DA SILVA,3,116,,EM FRENTE AO EDIFICIO VIA SPAZIO E PROXIMO A PAGUE MENOS,,,,BOA VIAGEM,ATROPELAMENTO DE PESSOA,,1,0,0,0,1,0,0,0,0,1,0,,,,,,,,,,,,,,,,,2962600
2024-02-05,4:10:00,COM VÍTIMA,FINALIZADA,ESTANCIA,RUA SAO MIGUEL,4,1523,,,,,,ESTANCIA,COLISÃO,,0,0,0,0,0,0,0,0,0,1,0,,,,,,,,,,,,,,,,,2962680
2024-02-05,6:25:00,COM VÍTIMA,FINALIZADA,ROSARINHO,AV NORTE MIGUEL ARRAES DE ALENCAR,4,3630,,ALARME CENTER,,,,ROSARINHO,ATROPELAMENTO DE PESSOA,,0,1,0,0,1,0,0,0,0,1,0,,,,,,,,,,,,,,,,,2962840
2024-02-05,6:26:00,COM VÍTIMA,FINALIZADA,ARRUDA,RUA SAO BENTO,4,2397,,EM FRENTE AO COLEGIO SÃO FRANCISCO DE ASSIS E PROX A MERCEARIA SÃO BENTO,,,,ARRUDA,COLISÃO,,0,1,0,0,0,0,0,0,0,1,0,,,,,,,,,,,,,,,,,2962850
2024-02-05,6:35:00,COM VÍTIMA,FINALIZADA,IBURA,RUA EXP FRANCISCO VITORIANO,4,1157,,PROX AO ARMAZEM DA CRONSTRUÇÃO REAL,,,,IBURA,COLISÃO,,0,1,0,0,0,0,0,0,0,1,0,,,,,,,,,,,,,,,,,2962860
2024-02-06,8:08:00,COM VÍTIMA,FINALIZADA,SANTO AMARO,RUA ALVARES CABRAL,2,93,RUA DOS PALMARES,,,,,SANTO AMARO,COLISÃO,,0,0,0,0,0,0,0,0,0,1,0,,,,,,,,,,,,,,,,,2963170
2024-02-06,8:59:00,COM VÍTIMA,FINALIZADA,AGUA FRIA,RUA ALEGRE,0,,,PROX. A EMPRESA JOSE LUIZ DA FONSECA E MERCADAO DO OLEO,,,,AGUA FRIA,COLISÃO LATERAL,,0,1,0,0,0,0,0,0,0,1,0,,,,,,,,,,,,,,,,,2963260
2024-02-06,1:19:00,COM VÍTIMA,FINALIZADA,ESTANCIA,AV DR JOSE RUFINO,0,,,,,,,ESTANCIA,COLISÃO,,1,1,0,0,0,0,0,0,0,1,0,,,,,,,,,,,,,,,,,2963650
2024-02-06,2:17:00,COM VÍTIMA,FINALIZADA,IPUTINGA,AV CAXANGA,4,3078,,PROX A ESCOLA PILOTO E PROX A HONDA E AO MERCADO ARCO MIX,,,,IPUTINGA,COLISÃO,,0,1,0,0,0,0,0,0,0,1,0,,,,,,,,,,,,,,,,,2963770
2024-02-06,2:23:00,COM VÍTIMA,FINALIZADA,IMBIRIBEIRA,AV MARECHAL MASCARENHAS DE MORAES,0,,,EM FRENTE A FLORARTE/ SENTIDO CIDADE,,,,IMBIRIBEIRA,COLISÃO LATERAL,,1,1,0,0,0,0,0,0,0,2,0,,,,,,,,,,,,,,,,,2963790
2024-02-06,4:11:00,COM VÍTIMA,FINALIZADA,BEBERIBE,AV BEBERIBE,4,2692,,LOJA GRAVATÁ,,,,BEBERIBE,COLISÃO FRONTAL,,1,1,0,0,0,0,0,0,0,1,0,,,,,,,,,,,,,,,,,2963860
2024-02-06,4:45:00,COM VÍTIMA,FINALIZADA,IBURA,AV DOM HELDER CAMARA,3,351,,CAMPO DO RIO UNA,,,,IBURA,COLISÃO TRASEIRA,,1,0,0,0,0,1,0,0,0,1,0,,,,,,,,,,,,,,,,,2963890
2024-02-06,5:14:00,COM VÍTIMA,FINALIZADA,IBURA,AV PERNAMBUCO,3,793,,PROX ACADEMIA DA CIDADE,,,,IBURA,COLISÃO LATERAL,,1,1,0,0,0,0,0,0,0,1,0,,,,,,,,,,,,,,,,,2963900
2024-02-06,5:07:00,COM VÍTIMA,FINALIZADA,IPUTINGA,RUA MAURICEIA,3,221,,EM FRENTE A ESCOLA SABER,,,,IPUTINGA,ATROPELAMENTO DE PESSOA,,1,0,0,0,1,0,0,0,0,1,0,,,,,,,,,,,,,,,,,2963910
2024-02-06,8:57:00,COM VÍTIMA,FINALIZADA,SAN MARTIN,AV GENERAL SAN MARTIN,0,,,AO LADO DA WAGNER MOTOS,,,,SAN MARTIN,COLISÃO FRONTAL,,1,1,0,0,0,0,0,0,0,1,0,,,,,,,,,,,,,,,,,2964190
2024-02-07,7:13:00,COM VÍTIMA,FINALIZADA,DERBY,RUA BETANIA,0,,,EM FRENTE AO QUARTEL DO DERBY,,,,DERBY,COLISÃO,,0,1,0,0,0,0,0,0,0,1,0,,,,,,,,,,,,,,,,,2964460
2024-02-07,8:15:00,COM VÍTIMA,FINALIZADA,IMBIRIBEIRA,RUA SARGENTO SILVINO DE MACEDO,3,573,,AO LADO DO POSTO DE SAUDE COQUEIRAL,,,,IMBIRIBEIRA,COLISÃO LATERAL,,1,1,0,0,0,0,0,0,0,1,0,,,,,,,,,,,,,,,,,2964560
2024-02-07,8:42:00,COM VÍTIMA,FINALIZADA,IMBIRIBEIRA,AV CELSO FURTADO,4,1318,,"PROX AO VIADUTO, NO FINAL DA VIA MANGUE",,,,IMBIRIBEIRA,COLISÃO,,0,1,0,0,0,0,0,0,0,1,0,,,,,,,,,,,,,,,,,2964590
2024-02-07,9:46:00,COM VÍTIMA,FINALIZADA,DERBY,AV GOVERNADOR AGAMENON MAGALHAES,4,1116,,"PROX A PRAÇA DO DERBY, SENTIDO OLINDA",,,,DERBY,COLISÃO,,0,1,0,0,0,0,0,0,0,1,0,,,,,,,,,,,,,,,,,2964700
2024-02-07,10:45:00,COM VÍTIMA,FINALIZADA,AFOGADOS,RUA QUITERIO INACIO DE MELLO,2,86,,EM FRENTE A CASA DOS FARÓIS,,,,AFOGADOS,COLISÃO TRASEIRA,,1,1,0,0,0,0,0,0,0,1,0,,,,,,,,,,,,,,,,,2964810
2024-02-07,12:00:00,COM VÍTIMA,FINALIZADA,SANTO AMARO,AV GOVERNADOR AGAMENON MAGALHAES,3,383,,"PROX AO TACARUNA, SENTIDO OLINDA / PROX AO POSTO POLICIAL",,,,SANTO AMARO,COLISÃO,,0,1,0,0,0,0,0,0,0,1,0,,,,,,,,,,,,,,,,,2964930
2024-02-07,12:21:00,COM VÍTIMA,FINALIZADA,ILHA JOANA BEZERRA,AV CENTRAL,0,,,EMBAIXO DO VIADUTO,,,,JOANA BEZERRA,COLISÃO,,0,1,0,0,0,0,0,0,0,1,0,,,,,,,,,,,,,,,,,2964940
2024-02-07,12:43:00,COM VÍTIMA,FINALIZADA,PINA,AV CELSO FURTADO,3,457,,PRÓX. AO ASSAÍ ATACADISTA / SENTIDO BOA VIAGEM,,,,PINA,COLISÃO,,0,1,0,0,0,0,0,0,0,1,0,,,,,,,,,,,,,,,,,2964980
2024-02-07,12:44:00,COM VÍTIMA,FINALIZADA,TORRE,RUA DOM MANOEL DA COSTA,3,595,,PROX AO BAR DO AGENOR,,,,TORRE,COLISÃO LATERAL,,1,1,0,0,0,0,0,0,0,1,0,,,,,,,,,,,,,,,,,2964990
2024-02-07,2:31:00,COM VÍTIMA,FINALIZADA,CAMPO GRANDE,RUA JERONIMO VILELA,3,440,,AO LADO DA DROGASIL DE ESTRADA DE BELEM,,,,CAMPO GRANDE,COLISÃO,,0,1,0,0,0,0,0,0,0,1,0,,,,,,,,,,,,,,,,,2965100
2024-02-07,2:45:00,COM VÍTIMA,FINALIZADA,APIPUCOS,RUA DE APIPUCOS,2,50,,ESCOLA SILVA JARDIM,,,,APIPUCOS,COLISÃO LATERAL,,1,1,0,0,0,0,0,0,0,1,0,,,,,,,,,,,,,,,,,2965130
2024-02-07,2:56:00,COM VÍTIMA,FINALIZADA,SANTO AMARO,AV GOVERNADOR AGAMENON MAGALHAES,0,,,EM FRENTE A UPE/ SENTIDO OLINDA,,,,SANTO AMARO,COLISÃO LATERAL,,1,1,0,0,0,0,0,0,0,1,0,,,,,,,,,,,,,,,,,2965150
2024-02-07,7:30:00,COM VÍTIMA,FINALIZADA,BOA VIAGEM,AV CELSO FURTADO,0,,,AO LADO DO RESIDENCIAL ENCANTA MOÇA,,,,BOA VIAGEM,COLISÃO,,1,1,0,0,0,0,0,0,0,1,0,,CIDADE,,,,,,,,,,,,,,,2965450
2024-02-07,9:35:00,COM VÍTIMA,FINALIZADA,CAMPO GRANDE,RUA MARQUES DE ABRANTES,0,,RUA VOLUNTARIOS DA PATRIA,,,,,CAMPO GRANDE,COLISÃO LATERAL,,1,1,0,0,0,0,0,0,0,2,0,,,,,,,,,,,,,,,,,2965490
2024-02-07,8:55:00,COM VÍTIMA,FINALIZADA,IPSEP,AV RECIFE,0,,,NA ENTRADA PARA O IBURA,,,,IPSEP,COLISÃO LATERAL,,0,2,0,0,0,0,1,0,0,2,0,,,,,,,,,,,,,,,,,2965520
2024-02-07,10:26:00,COM VÍTIMA,FINALIZADA,TORRE,RUA REAL DA TORRE,0,,,"LOJA DO CONDOMÍNIO, ANTES DO MERCADO DA MADALENA.",,,,TORRE,COLISÃO TRASEIRA,,0,2,0,0,0,0,0,0,0,1,0,,,,,,,,,,,,,,,,,2965530
2024-02-08,6:34:00,COM VÍTIMA,FINALIZADA,BOA VIAGEM,RUA ERNESTO DE PAULA SANTOS,3,992,,APOS O POSTO DE GASOLINA SETTA / NA FRENTE DA VERDE FRUT DA UNIMED,,,,BOA VIAGEM,COLISÃO LATERAL,,1,1,0,0,0,0,0,0,0,1,0,,,,,,,,,,,,,,,,,2965670
2024-02-08,6:46:00,COM VÍTIMA,FINALIZADA,BONGI,AV ENGENHEIRO ABDIAS DE CARVALHO,4,6043,,EM FRENTE AO CAMARO DO LEO / SENTIDO RECIFE,,,,BONGI,COLISÃO,,0,1,0,0,0,0,0,0,0,1,0,,,,,,,,,,,,,,,,,2965680
2024-02-08,7:33:00,COM VÍTIMA,FINALIZADA,JORDAO,AV MARECHAL JUAREZ TAVORA,3,895,,PROX AO HOTEL FORUM,,,,JORDAO,COLISÃO,,1,0,0,0,0,0,0,0,0,1,0,,,,,,,,,,,,,,,,,2965730