data,hora,natureza_acidente,situacao,bairro,endereco,,numero,detalhe_endereco_acidente,complemento,endereco_cruzamento,numero_cruzamento,referencia_cruzamento,bairro_cruzamento,tipo,descricao,auto,moto,ciclom,ciclista,pedestre,onibus,caminhao,viatura,outros,vitimas,vitimasfatais,num_semaforo,sentido_via,acidente_verificado,tempo_clima,situacao_semaforo,sinalizacao,condicao_via,conservacao_via,ponto_controle,situacao_placa,velocidade_max_via,mao_direcao,divisao_via1,divisao_via2,divisao_via3,_id,Protocolo
2024-04-13,3:03:00,COM VÍTIMA,FINALIZADA,IPUTINGA,RUA GASPAR PEREZ,0,,,RUA DO ANTIGO ESCRITORIO DO BOMPREÇO,,,,IPUTINGA,COLISÃO,,0,0,0,0,1,0,1,0,0,1,0,,,,,,,,,,,,,,,,,2024094020
2024-04-13,6:31:00,COM VÍTIMA,FINALIZADA,TORRE,RUA CONDE DE IRAJA,0,,RUA PIO IX,DE ESQUINA COM APADARIA DO IRAJA,,,,TORRE,COLISÃO FRONTAL,,0,2,0,0,0,0,0,0,0,2,0,,,,,,,,,,,,,,,,,2024094130
2024-04-13,7:52:00,COM VÍTIMA,FINALIZADA,IMBIRIBEIRA,AV MARECHAL MASCARENHAS DE MORAES,0,,,"EM FRENTE A GRILLO , NA ENTRADA DA ESTAÇÃO DA IMBIRIBEIRA",,,,IMBIRIBEIRA,COLISÃO,,0,2,0,0,0,0,0,0,0,2,0,,,,,,,,,,,,,,,,,2024094170
2024-04-14,12:35:00,COM VÍTIMA,FINALIZADA,BOA VIAGEM,RUA VISCONDE DE JEQUITINHONHA,0,,AV ARMINDO MOURA,COMAR,,,,BOA VIAGEM,COLISÃO TRANSVERSAL,,1,1,0,0,0,0,0,0,0,1,0,,,,,,,,,,,,,,,,,2024094230
2024-04-14,7:19:00,COM VÍTIMA,FINALIZADA,IMBIRIBEIRA,AV MARECHAL MASCARENHAS DE MORAES,0,,,EM FRENTE AO GERALDÃO,,,,IMBIRIBEIRA,COLISÃO,,0,1,0,0,0,0,0,0,0,1,0,,,,,,,,,,,,,,,,,2024094340
2024-04-14,7:43:00,COM VÍTIMA,FINALIZADA,PINA,PTE GOVERNADOR PAULO GUERRA,0,,,PONTE ESTAIDA,,,,PINA,COLISÃO,,2,0,0,1,0,0,0,0,0,1,0,,SUBURBIO,,,,,,,,,,,,,,,2024094350
2024-04-14,8:25:00,COM VÍTIMA,FINALIZADA,CASA AMARELA,AV NORTE MIGUEL ARRAES DE ALENCAR,0,,,PROX A LOJA DO AMOR / LOJA AUTO TOTAL / SENTIDO CENTRO,,,,CASA AMARELA,COLISÃO,,0,1,0,0,0,0,0,0,0,1,0,,CIDADE,,,,,,,,,,,,,,,2024094370
2024-04-14,9:05:00,COM VÍTIMA,FINALIZADA,BOA VIAGEM,AV ENGENHEIRO DOMINGOS FERREIRA,0,,,PROX A GALERIA CENTRO SUL,,,,BOA VIAGEM,COLISÃO,,0,1,0,0,0,0,0,0,0,1,0,,,,,,,,,,,,,,,,,2024094380
2024-04-14,11:13:00,COM VÍTIMA,FINALIZADA,AGUA FRIA,EST VELHA DE AGUA FRIA,0,,,EM FRENTE AO MERCADO DE AGUA FRIA E AO UNIVERSO DA BELEZA E COSMETICO,,,,AGUA FRIA,COLISÃO,,0,1,0,0,0,0,0,0,0,1,0,,,,,,,,,,,,,,,,,2024094440
2024-04-14,5:38:00,COM VÍTIMA,FINALIZADA,AFOGADOS,RUA VINTE E UM DE ABRIL,0,,,NO SEMAFORO  334 E/F A PIPOQUEIRA DE AFOGADOS,,,,AFOGADOS,COLISÃO TRASEIRA,,1,1,0,0,0,0,0,0,0,1,0,,,,,,,,,,,,,,,,,2024094630
2024-04-14,10:25:00,COM VÍTIMA,FINALIZADA,VASCO DA GAMA,RUA VASCO DA GAMA,3,353,,EM FRENTE A RESIDENCIAL ADERBAL GALVÃO,,,,VASCO DA GAMA,COLISÃO LATERAL,,2,1,0,0,0,0,0,0,0,1,0,,,,,,,,,,,,,,,,,2024094760
2024-04-15,5:43:00,COM VÍTIMA,FINALIZADA,AREIAS,AV DR JOSE RUFINO,0,,,E/F MIX MATEUS - SENTIDO BARRO,,,,AREIAS,COLISÃO LATERAL,,0,1,0,0,0,1,0,0,0,1,0,,,,,,,,,,,,,,,,,2024094800
2024-04-15,7:07:00,COM VÍTIMA,FINALIZADA,VARZEA,AV AFONSO OLINDENSE,0,,,.EM FRENTE AO NOVO ATACAREJO,,,,VARZEA,COLISÃO TRASEIRA,,1,2,0,0,0,0,0,0,0,4,0,,,,,,,,,,,,,,,,,2024094900
2024-04-15,7:17:00,COM VÍTIMA,FINALIZADA,ROSARINHO,AV NORTE MIGUEL ARRAES DE ALENCAR,0,,,SENTIDO CIDADE APOS O CRUZAMENTO DA FERREIRA COSTA EM FRENTE AO POSTO DO DETRAN,,,,ROSARINHO,COLISÃO,,0,1,0,0,0,0,0,0,0,1,0,,,,,,,,,,,,,,,,,2024094930
2024-04-15,7:18:00,COM VÍTIMA,FINALIZADA,SAN MARTIN,AV GENERAL SAN MARTIN,4,2442,,EM FRENTE A ESCOLA ADVENTISTA,,,,SAN MARTIN,COLISÃO,,1,1,0,0,0,0,0,0,0,1,0,,,,,,,,,,,,,,,,,2024094940
2024-04-15,7:46:00,COM VÍTIMA,FINALIZADA,CAMPO GRANDE,RUA ODORICO MENDES,3,861,,PROX AO CLUBE DAS PAS E AO SUPERMERCADO ESTILO,,,,CAMPO GRANDE,COLISÃO,,0,1,0,0,0,0,0,0,0,1,0,,,,,,,,,,,,,,,,,2024094990
2024-04-15,8:22:00,COM VÍTIMA,FINALIZADA,BOA VIAGEM,RUA DEZ DE JULHO,3,481,,PROX. AO ALUGUE BRASIL,,,,BOA VIAGEM,COLISÃO LATERAL,,2,0,0,0,0,0,0,0,0,1,0,,,,,,,,,,,,,,,,,2024095030
2024-04-15,8:31:00,COM VÍTIMA,FINALIZADA,AREIAS,AV RECIFE,0,,,EM FRENTE A EQUIPADORA RENATO SOM E ATIGA FABRICA DA CIROL ROYAL,,,,AREIAS,COLISÃO LATERAL,,0,1,0,0,0,0,0,0,0,1,0,,,,,,,,,,,,,,,,,2024095050
2024-04-15,8:31:00,COM VÍTIMA,FINALIZADA,AFOGADOS,RUA SAO MIGUEL,0,,,PROX AO QUARTEL DE AFOGADOS,,,,AFOGADOS,,,0,1,0,0,0,0,0,0,0,1,0,,,,,,,,,,,,,,,,,2024095060
2024-04-15,2:17:00,COM VÍTIMA,FINALIZADA,SANTO AMARO,AV CRUZ CABUGA,0,,,PROX AO SUPERMERCADO MIX MATHEUS E AMARZEM CORAL,,,,SANTO AMARO,COLISÃO,,0,1,0,0,0,0,0,0,0,1,0,,,,,,,,,,,,,,,,,2024095470
2024-04-15,3:08:00,COM VÍTIMA,FINALIZADA,SITIO DOS PINTOS,RUA MANUEL DE MEDEIROS,0,,,NA ENTRADA DE SITIO DOS PINTOS NO SEMAFORO  588,,,,SITIO DOS PINTOS,COLISÃO LATERAL,,1,1,0,0,0,0,0,0,0,1,0,,,,,,,,,,,,,,,,,2024095510
2024-04-15,4:18:00,COM VÍTIMA,FINALIZADA,TOTO,AV LIBERDADE,0,,,PROX A NALCA DA GALINHA / LOJA ROSA PINK,,,,TOTO,COLISÃO,,1,0,0,0,0,0,0,0,0,1,0,,,,,,,,,,,,,,,,,2024095630
2024-04-15,4:59:00,COM VÍTIMA,FINALIZADA,MADALENA,RUA BENFICA,0,,,EM FRENTE  A DELEGACIA DA DPCA / PROX AO MARTELINHO DE OURO,,,,MADALENA,COLISÃO LATERAL,,0,1,0,0,0,1,0,0,0,1,0,,CIDADE,,,,,,,,,,,,,,,2024095650
2024-04-15,5:40:00,COM VÍTIMA,FINALIZADA,SAO JOSE,RUA CAPITAO TEMUDO,0,,,PROX DO COMPAZ DO COQUE / ANTES DO CABANGA,,,,SAO JOSE,TOMBAMENTO,,0,1,0,0,0,0,0,0,0,1,0,,,,,,,,,,,,,,,,,2024095690
2024-04-15,6:19:00,COM VÍTIMA,FINALIZADA,CAMPO GRANDE,RUA JERONIMO VILELA,3,127,,EM FRENTE AO MERCADINHO BOM JESUS,,,,CAMPO GRANDE,COLISÃO,,0,1,0,0,0,0,0,0,0,1,0,,,,,,,,,,,,,,,,,2024095710
2024-04-15,6:28:00,COM VÍTIMA,FINALIZADA,CASA AMARELA,AV DR EURICO CHAVES,0,,,EM FRENTE AO AÇOUGUE DO POVO / PROX A FARMACIA DO MANDACARU,,,,CASA AMARELA,COLISÃO,,0,1,0,0,0,0,0,0,0,1,0,,,,,,,,,,,,,,,,,2024095720
2024-04-15,6:43:00,COM VÍTIMA,FINALIZADA,MADALENA,RUA BENFICA,0,,,LOGO APOS O CLUBE INTERNACIONAL,,,,MADALENA,COLISÃO FRONTAL,,1,1,0,0,0,0,0,0,0,1,0,,,,,,,,,,,,,,,,,2024095750
2024-04-15,7:20:00,COM VÍTIMA,FINALIZADA,PINA,PTE GOVERNADOR PAULO GUERRA,0,,,PONTE ESTAIADA / ACESSO À VIA MANGUE,,,,PINA,COLISÃO COM CICLISTA,,1,0,0,1,0,0,0,0,0,1,0,,,,,,,,,,,,,,,,,2024095790
2024-04-15,8:32:00,COM VÍTIMA,FINALIZADA,TORROES,AV BICENTENARIO DA REVOLUCAO FRANCESA,3,185,,PROX A FARMACIA POUPE MAIS,,,,TORROES,COLISÃO,,1,0,0,1,0,0,0,0,0,1,0,,,,,,,,,,,,,,,,,2024095840
2024-04-16,7:34:00,COM VÍTIMA,FINALIZADA,BOA VIAGEM,AV ARMINDO MOURA,0,,,PROX AO BAR DAS MENINAS / PROX AO POSTO  IPIRANGA,,,,BOA VIAGEM,COLISÃO,,1,1,0,0,0,0,0,0,0,1,0,2580,,,,,,,,,,,,,,,,2024096040
2024-04-16,7:53:00,COM VÍTIMA,FINALIZADA,BOA VIAGEM,AV CONSELHEIRO AGUIAR,0,,,EM FRENTE AO VERD FRUTT / PROX AO PURO AÇAI,,,,BOA VIAGEM,COLISÃO,,0,1,0,0,0,0,0,0,0,1,0,,,,,,,,,,,,,,,,,2024096070
2024-04-16,8:11:00,COM VÍTIMA,FINALIZADA,BOA VIAGEM,AV ENGENHEIRO DOMINGOS FERREIRA,0,,,EM FRENTE AO CENTRO EMPRESARIAL DE BOA VIAGEM,,,,BOA VIAGEM,COLISÃO LATERAL,,0,1,0,0,0,0,0,0,0,1,0,,,,,,,,,,,,,,,,,2024096090
2024-04-16,8:34:00,COM VÍTIMA,FINALIZADA,AREIAS,AV RECIFE,5,11065,,EM FRENTE AO ATACADÃO  /  SENTIDO BR  101,,,,AREIAS,COLISÃO,,0,1,0,0,0,0,0,0,0,1,0,,,,,,,,,,,,,,,,,2024096140
2024-04-16,11:55:00,COM VÍTIMA,FINALIZADA,APIPUCOS,RUA DOIS IRMAOS,0,,,PROX A ANTIGA ROSE BELTRÃO ( CASA DE FESTAS),,,,APIPUCOS,COLISÃO LATERAL,,0,1,0,0,0,0,0,0,0,1,0,,,,,,,,,,,,,,,,,2024096320
2024-04-16,1:39:00,COM VÍTIMA,FINALIZADA,AFOGADOS,RUA COSME VIANA,0,,,ESQUINA  DO BAR DAS AMIGAS  ANTIGA ESQUINA DO LEO,,,,AFOGADOS,COLISÃO LATERAL,,1,1,0,0,0,0,0,0,0,1,0,,,,,,,,,,,,,,,,,2024096400
2024-04-16,2:39:00,COM VÍTIMA,FINALIZADA,AFOGADOS,RUA SAO MIGUEL,3,350,,EM FRENTE A AGENCIA DO BANCO DO BRASIL,,,,AFOGADOS,COLISÃO FRONTAL,,1,1,0,0,0,0,0,0,0,1,0,,,,,,,,,,,,,,,,,2024096440
2024-04-16,4:06:00,COM VÍTIMA,FINALIZADA,SAO JOSE,RUA FLORIANO PEIXOTO,0,,,EM FRENTE A CASA DA CULTURA,,,,SAO JOSE,COLISÃO LATERAL,,0,2,0,0,0,0,0,0,0,2,0,,,,,,,,,,,,,,,,,2024096570
2024-04-16,6:12:00,COM VÍTIMA,FINALIZADA,SANTO AMARO,RUA DOS PALMARES,3,427,RUA DO POMBAL,ESQUINA,,,,SANTO AMARO,COLISÃO,,1,1,0,0,0,0,0,0,0,1,0,,,,,,,,,,,,,,,,,2024096670
2024-04-16,9:10:00,COM VÍTIMA,FINALIZADA,ARRUDA,AV BEBERIBE,0,,AV PROFESSOR JOSE DOS ANJOS,IGREJA ASSEMBLEIA DE DEUS,,,,ARRUDA,COLISÃO LATERAL,,2,0,0,0,0,0,0,0,0,1,0,,,,,,,,,,,,,,,,,2024096780
2024-04-17,7:30:00,COM VÍTIMA,FINALIZADA,BOA VIAGEM,AV ENGENHEIRO DOMINGOS FERREIRA,0,,,EM FRENTE A FARMACIA PAGUE MENOS,,,,BOA VIAGEM,COLISÃO TRASEIRA,,2,1,0,0,0,0,0,0,0,1,0,1390,,,,,,,,,,,,,,,,2024096960
2024-04-17,7:33:00,COM VÍTIMA,FINALIZADA,AREIAS,AV DR JOSE RUFINO,0,,,PROX AO COLEGIO VISÃO,,,,AREIAS,COLISÃO TRASEIRA,,1,1,0,0,0,0,0,0,0,1,0,,,,,,,,,,,,,,,,,2024096980
2024-04-17,7:41:00,COM VÍTIMA,FINALIZADA,BOA VISTA,RUA BARAO DE SAO BORJA,0,,,EM FRENTE A ESCOLA PEDRO AUGUSTO,,,,BOA VISTA,COLISÃO LATERAL,,0,1,0,0,0,0,0,0,0,1,0,,,,,,,,,,,,,,,,,2024097000
2024-04-17,8:45:00,COM VÍTIMA,FINALIZADA,BOA VISTA,PTE PRINCESA IZABEL,0,,,"NA CURVA, APOS A PONTE AO LADO DO TEATRO PRINCESA IZABEL",,,,BOA VISTA,QUEDA,,0,1,0,0,0,0,0,0,0,1,0,,,,,,,,,,,,,,,,,2024097100
2024-04-17,8:47:00,COM VÍTIMA,FINALIZADA,SANTO AMARO,RUA PRINCESA IZABEL,4,2028,,AO LADO DA CAMERA DOS VEREADORES DO RECIFE PROX AO PARQUE TREZE DE MAIO,,,,SANTO AMARO,COLISÃO,,0,1,0,0,0,0,0,0,0,1,0,,,,,,,,,,,,,,,,,2024097120
2024-04-17,10:24:00,COM VÍTIMA,FINALIZADA,NOVA DESCOBERTA,RUA NOVA DESCOBERTA,4,2013,,EM FRENTE A VALTER MOVEIS,,,,NOVA DESCOBERTA,COLISÃO LATERAL,,1,1,0,0,0,0,0,0,0,1,0,,,,,,,,,,,,,,,,,2024097190
2024-04-17,11:05:00,COM VÍTIMA,FINALIZADA,ILHA JOANA BEZERRA,AV DES GUERRA BARRETO,0,,,FORUM DE JOANA BEZERRA,,,,JOANA BEZERRA,COLISÃO LATERAL,,0,1,0,0,0,0,0,0,0,1,0,,,,,,,,,,,,,,,,,2024097220
2024-04-17,11:37:00,COM VÍTIMA,FINALIZADA,PINA,AV ENGENHEIRO DOMINGOS FERREIRA,4,1793,,MULT POSTO / AP BEBIDAS,,,,PINA,COLISÃO,,0,1,0,0,0,0,0,0,0,1,0,,,,,,,,,,,,,,,,,2024097250
2024-04-17,11:58:00,COM VÍTIMA,FINALIZADA,BOA VIAGEM,AV ENGENHEIRO DOMINGOS FERREIRA,0,,,EM FRENTE A LOJA CONSTANCE  / AO LADO DO RESTAURANTE DOM FERREIRA,,,,BOA VIAGEM,COLISÃO,,1,0,0,0,0,0,0,0,0,1,0,,,,,,,,,,,,,,,,,2024097270
2024-04-17,1:55:00,COM VÍTIMA,FINALIZADA,IPUTINGA,RUA CAPITAO AURELIO DE ARAUJO,3,184,,PROX AO SUPERMERCADO EXTRA DA CAXANGA PRIMEIRA A DIREITA,,,,IPUTINGA,COLISÃO LATERAL,,1,1,0,0,0,0,0,0,0,1,0,,,,,,,,,,,,,,,,,2024097330
2024-04-17,2:22:00,COM VÍTIMA,FINALIZADA,BOA VIAGEM,AV CONSELHEIRO AGUIAR,4,2775,,EM FRENTE AO RESTAURANTE BAR DO CHEFF,,,,BOA VIAGEM,ATROPELAMENTO DE PESSOA,,1,0,0,0,1,0,0,0,0,1,0,,,,,,,,,,,,,,,,,2024097360
2024-04-17,3:09:00,COM VÍTIMA,FINALIZADA,BARRO,AV DR JOSE RUFINO,4,3756,,PROX A IGREJA CATOLICA DO BARRO,,,,BARRO,COLISÃO,,0,1,0,0,0,0,0,0,0,1,0,,,,,,,,,,,,,,,,,2024097370
2024-04-17,5:30:00,COM VÍTIMA,FINALIZADA,TORROES,RUA DR PEDRO CAMELO,5,36508,,REMOÇÃO PARA O HOSPITAL GETULIO VARGAS,,,,TORROES,COLISÃO,,0,1,0,0,0,0,0,0,0,1,0,,,,,,,,,,,,,,,,,2024097430
2024-04-17,6:34:00,COM VÍTIMA,FINALIZADA,ROSARINHO,AV NORTE MIGUEL ARRAES DE ALENCAR,4,2991,,,,,,ROSARINHO,ATROPELAMENTO DE PESSOA,,0,1,0,0,1,0,0,0,0,1,0,,,,,,,,,,,,,,,,,2024097470
2024-04-17,6:46:00,COM VÍTIMA,FINALIZADA,JIQUIA,RUA PASSO DA SANTA CRUZ,3,274,,"PROX A ANTIGA FABRICA DO IOLANDA, PROX AO COLEGIO VISÃO",,,,JIQUIA,COLISÃO,,0,1,0,0,0,0,0,0,0,1,0,,,,,,,,,,,,,,,,,2024097500
2024-04-18,6:48:00,COM VÍTIMA,FINALIZADA,VARZEA,RUA ACADEMICO HELIO RAMOS,0,,,POR TRAS DO HOSPITAL DAS CLINICAS E UNIVERSIDADE FEDERAL EM FRENTE A GREA METRO NORTE,,,,VARZEA,COLISÃO LATERAL,,2,0,0,0,0,0,0,0,0,1,0,,,,,,,,,,,,,,,,,2024097670
2024-04-18,7:09:00,COM VÍTIMA,FINALIZADA,AGUA FRIA,EST VELHA DE AGUA FRIA,0,,,"EM FRENTE AO POSTO DE GASOLINA TNB, PROX. A JP BIKE",,,,AGUA FRIA,COLISÃO FRONTAL,,1,1,0,0,0,0,0,0,0,1,0,,,,,,,,,,,,,,,,,2024097710
2024-04-18,8:11:00,COM VÍTIMA,FINALIZADA,TAMARINEIRA,EST VELHA DE AGUA FRIA,0,,,PROX. A FERREIRA COSTA E DENOX,,,,TAMARINEIRA,COLISÃO LATERAL,,0,1,0,0,0,0,0,0,0,1,0,,,,,,,,,,,,,,,,,2024097900
2024-04-18,8:15:00,COM VÍTIMA,FINALIZADA,AGUA FRIA,RUA ALEGRE,3,263,,PROX A ETE ESCOLA PROFESSOR ALFREDO FREIRE PROX A DELEGACIA,,,,AGUA FRIA,COLISÃO LATERAL,,0,2,0,0,0,0,0,0,0,1,0,,,,,,,,,,,,,,,,,2024097910
2024-04-18,8:29:00,COM VÍTIMA,FINALIZADA,JAQUEIRA,RUA DEPUTADO PEDRO PIRES FERREIRA,0,,,EM FRENTE A GALERIA JAQUEIRA,,,,JAQUEIRA,COLISÃO LATERAL,,2,0,0,0,0,0,0,0,0,1,0,,,,,,,,,,,,,,,,,2024097920
2024-04-18,8:56:00,COM VÍTIMA,FINALIZADA,PRADO,RUA CARLOS GOMES,3,248,,ANTES DO CAVALO DOURADO,,,,PRADO,COLISÃO LATERAL,,0,1,0,0,0,0,0,0,0,1,0,,,,,,,,,,,,,,,,,2024098030
2024-04-18,9:19:00,COM VÍTIMA,FINALIZADA,PRADO,RUA CARLOS GOMES,0,,,EM FRENTE A ASSOCIAÇÃO DE CABOS E SOLDADOS,,,,PRADO,QUEDA,,0,1,0,0,1,0,0,0,0,1,0,,,,,,,,,,,,,,,,,2024098080
2024-04-18,10:42:00,COM VÍTIMA,FINALIZADA,CORDEIRO,RUA CLAUDIO BROTHERHOOD,0,,RUA GOMES TABORDA,EM FRENTE A BETO BEBIDAS,,,,CORDEIRO,COLISÃO FRONTAL,,0,1,0,0,0,0,0,0,0,2,0,,,,,,,,,,,,,,,,,2024098200
2024-04-18,2:09:00,COM VÍTIMA,FINALIZADA,IPSEP,RUA SAO NICOLAU,0,,,PROX A O ALTOS MULTIMARCAS,,,,IPSEP,COLISÃO LATERAL,,0,1,0,0,0,0,1,0,0,1,0,,,,,,,,,,,,,,,,,2024098460
2024-04-18,2:41:00,COM VÍTIMA,FINALIZADA,BOA VIAGEM,AV ENGENHEIRO DOMINGOS FERREIRA,3,703,,EM FRENTE A MALUS CONSTRUÇÃO E ENCORPORAÇÃO,,,,BOA VIAGEM,COLISÃO,,0,1,0,0,0,0,0,0,0,1,0,,,,,,,,,,,,,,,,,2024098490
2024-04-18,3:06:00,COM VÍTIMA,FINALIZADA,SAO JOSE,RUA DAS CALCADAS,0,,,FRENTE ARMAZEM CORAL,,,,SAO JOSE,COLISÃO,,1,0,0,0,1,0,0,0,0,1,0,,,,,,,,,,,,,,,,,2024098520
2024-04-18,3:46:00,COM VÍTIMA,FINALIZADA,BOA VIAGEM,AV CELSO FURTADO,0,,,"PROX A BIKE HOUSE, PROX AO MIX MATEUS EM CONSTRUÇÃO",,,,BOA VIAGEM,COLISÃO,,0,1,0,0,0,0,0,0,0,1,0,,,,,,,,,,,,,,,,,2024098550
2024-04-18,4:15:00,COM VÍTIMA,FINALIZADA,ENCRUZILHADA,AV NORTE MIGUEL ARRAES DE ALENCAR,0,,,EM FRENTE A RENAULT,,,,ENCRUZILHADA,COLISÃO,,0,0,0,0,0,0,0,0,0,1,0,,1987,,,,,,,,,,,,,,,2024098620
2024-04-18,5:03:00,COM VÍTIMA,FINALIZADA,IBURA,AV DOIS RIOS,3,409,,EM FRENTE A POLICLINICA,,,,IBURA,COLISÃO,,0,1,0,0,0,0,0,0,0,1,0,,,,,,,,,,,,,,,,,2024098660
2024-04-18,7:53:00,COM VÍTIMA,FINALIZADA,SAO JOSE,RUA IMPERIAL,4,1251,,PROXIMO D0 VIADUTO,,,,SAO JOSE,COLISÃO FRONTAL,,1,1,0,0,0,0,0,0,0,1,0,,,,,,,,,,,,,,,,,2024098900
2024-04-19,7:52:00,COM VÍTIMA,FINALIZADA,SAO JOSE,RUA IMPERIAL,4,1222,,PROX AO FEIRÃO DA JOANA BEZERRA,,,,SAO JOSE,COLISÃO,,0,1,0,0,0,0,0,0,0,1,0,,,,,,,,,,,,,,,,,2024099130
2024-04-19,8:49:00,COM VÍTIMA,FINALIZADA,NOVA DESCOBERTA,RUA NOVA DESCOBERTA,3,144,,"PROX. A FARMACIA DO LARGO, LARGO DONA REGINA",,,,NOVA DESCOBERTA,COLISÃO LATERAL,,0,1,0,0,0,0,0,0,0,1,0,,,,,,,,,,,,,,,,,2024099200
2024-04-19,9:24:00,COM VÍTIMA,FINALIZADA,IMBIRIBEIRA,AV MARECHAL MASCARENHAS DE MORAES,0,,,"EM FRENTE AO AEROPORTO, SENT. CIDADE",,,,IMBIRIBEIRA,COLISÃO LATERAL,,1,1,0,0,0,0,0,0,0,2,0,,,,,,,,,,,,,,,,,2024099270
2024-04-19,10:35:00,COM VÍTIMA,FINALIZADA,SANTO AMARO,RUA DR CARLOS CHAGAS,2,52,,EM FRENTE A FARMACIA PAGUE MENOS / PROX A ENTRADA DO HOSPITAL OSWALDO CRUZ,,,,SANTO AMARO,COLISÃO LATERAL,,1,1,0,0,0,0,0,0,0,1,0,,,,,,,,,,,,,,,,,2024099350
2024-04-19,10:38:00,COM VÍTIMA,FINALIZADA,SANTO AMARO,RUA ARARIPINA,3,209,,EM FRENTE AO SINDICATO RODOVIARIO,,,,SANTO AMARO,COLISÃO LATERAL,,1,1,0,0,0,0,0,0,0,2,0,,,,,,,,,,,,,,,,,2024099360
2024-04-19,12:18:00,COM VÍTIMA,FINALIZADA,RECIFE,C DO APOLO,0,,,PROX AO ANTIGO PREDIO DA POLICIA FEDERAL,,,,BAIRRO DO RECIFE,COLISÃO,,0,1,0,0,0,0,0,0,0,1,0,,,,,,,,,,,,,,,,,2024099410
2024-04-19,12:58:00,COM VÍTIMA,FINALIZADA,PARNAMIRIM,RUA ALBINO MEIRA,0,,,PROX AO PÃO DE AÇUCAR / IR PELA PADRE ROMA / PROX A GOL ORDEM,,,,PARNAMIRIM,COLISÃO,,0,1,0,0,0,0,0,0,0,1,0,,,,,,,,,,,,,,,,,2024099470
2024-04-19,1:54:00,COM VÍTIMA,FINALIZADA,ENCRUZILHADA,RUA FERNANDO CESAR,3,376,,EM FRENTE AO BANCO DO BRASIL,,,,ENCRUZILHADA,COLISÃO,,0,1,0,0,0,0,0,0,0,1,0,,,,,,,,,,,,,,,,,2024099530
2024-04-19,4:09:00,COM VÍTIMA,FINALIZADA,PRADO,RUA GOMES TABORDA,3,915,,PROX AO ATACAREJO,,,,PRADO,COLISÃO,,0,1,0,0,0,0,0,0,0,1,0,,,,,,,,,,,,,,,,,2024099670
2024-04-19,5:15:00,COM VÍTIMA,FINALIZADA,TEJIPIO,AV DR JOSE RUFINO,4,4567,,EM FRENTE A ESCOLA MARECHAL RONDOM,,,,TEJIPIO,COLISÃO,,0,1,0,0,0,0,0,0,0,1,0,,,,,,,,,,,,,,,,,2024099710
2024-04-19,5:54:00,COM VÍTIMA,FINALIZADA,RECIFE,C SANTA RITA,0,,,POR TRAS DO NOVO HOTEL,,,,BAIRRO DO RECIFE,COLISÃO,,0,1,0,0,0,0,0,0,0,1,0,,,,,,,,,,,,,,,,,2024099740
2024-04-19,10:35:00,COM VÍTIMA,FINALIZADA,FUNDAO,AV BEBERIBE,0,,,PROX AO PAGODE DA PRESSÃO,,,,FUNDAO,COLISÃO,,1,1,0,0,0,0,0,0,0,1,0,,,,,,,,,,,,,,,,,2024099990
2024-04-20,6:17:00,COM VÍTIMA,FINALIZADA,CURADO,RUA MINISTRO MARIO ANDREAZZA,0,,,ENTRADA DO TERMINAL INTEGRADO DO TIP,,,,CURADO,COLISÃO FRONTAL,,0,1,0,0,0,1,0,0,0,1,0,,,,,,,,,,,,,,,,,2024100140
2024-04-20,8:19:00,COM VÍTIMA,FINALIZADA,ROSARINHO,RUA ENGENHEIRO NESTOR MOREIRA REIS,0,,,PROX AO COLEGIO  FAZER CRESCE  / DEPOIS DA PARAÇA DO ROSARINHO,,,,ROSARINHO,COLISÃO LATERAL,,1,1,0,0,0,0,0,0,0,1,0,,,,,,,,,,,,,,,,,2024100270
2024-04-20,5:35:00,COM VÍTIMA,FINALIZADA,SAN MARTIN,AV GENERAL SAN MARTIN,0,,RUA GOMES TABORDA,SEMÁFORO 067,,,,SAN MARTIN,COLISÃO FRONTAL,,1,1,0,0,0,0,0,0,0,1,0,,,,,,,,,,,,,,,,,2024100870
2024-04-21,8:41:00,COM VÍTIMA,FINALIZADA,IMBIRIBEIRA,RUA JOAQUIM BANDEIRA,5,268 A,,EMBAIXO DO PONTILHAO DO METRO ESTAÇÃO ANTONIO FALCAO,,,,IMBIRIBEIRA,COLISÃO FRONTAL,,1,1,0,0,0,0,0,0,0,2,0,,,,,,,,,,,,,,,,,2024101290
2024-04-21,8:58:00,COM VÍTIMA,FINALIZADA,BOA VISTA,AV GOVERNADOR AGAMENON MAGALHAES,0,,,AO LADO DO BOMPREÇO / SENTIDO OLINDA,,,,BOA VISTA,COLISÃO LATERAL,,1,1,0,0,0,0,0,0,0,1,0,,,,,,,,,,,,,,,,,2024101300
2024-04-21,9:27:00,COM VÍTIMA,FINALIZADA,CORREGO DO JENIPAPO,RUA CORREGO DO FERNANDINHO,2,60,,DEPOIS DA UPINHA DO CÓRREGO DO JENIPAPO (  PRIMEIRA RUA A DIREITA ),,,,CORREGO DO JENIPAPO,COLISÃO LATERAL,,3,1,0,0,0,0,0,0,0,1,0,,,,,,,,,,,,,,,,,2024101340
2024-04-21,11:15:00,COM VÍTIMA,FINALIZADA,ALTO DO MANDU,AV DR EURICO CHAVES,3,449,,PROX. A SORVETERIA EXPLOSÃO DE SABOR,,,,ALTO DO MANDU,COLISÃO LATERAL,,1,1,0,0,0,0,0,0,0,1,0,,,,,,,,,,,,,,,,,2024101450
2024-04-21,12:13:00,COM VÍTIMA,FINALIZADA,CAXANGA,RUA CARATINGA,3,833,,E/F A ESTAÇAO DO ZUMBI,,,,CAXANGA,COLISÃO TRASEIRA,,1,1,0,0,0,0,0,0,0,1,0,,,,,,,,,,,,,,,,,2024101480
2024-04-21,1:34:00,COM VÍTIMA,FINALIZADA,IMBIRIBEIRA,AV MARECHAL MASCARENHAS DE MORAES,0,,,DENTRO AEROPORTO NO ESTACIONAMENTO A5,,,,IMBIRIBEIRA,ATROPELAMENTO DE PESSOA,,4,0,0,0,1,0,0,0,0,1,0,,,,,,,,,,,,,,,,,2024101530
2024-04-21,2:58:00,COM VÍTIMA,FINALIZADA,IMBIRIBEIRA,AV MARECHAL MASCARENHAS DE MORAES,4,1511,,ACIDENTE ENTRE AUTO E MOTOCICLETA,,,,IMBIRIBEIRA,COLISÃO,,1,1,0,0,0,0,0,0,0,1,0,,,,,,,,,,,,,,,,,2024101580
2024-04-21,7:45:00,COM VÍTIMA,FINALIZADA,MADALENA,AV VISCONDE DE ALBUQUERQUE,0,,RUA BENFICA,PROX AO BOMPREÇO,,,,MADALENA,COLISÃO,,0,2,0,0,0,0,0,0,0,1,0,510,,,,,,,,,,,,,,,,2024101750