data,hora,natureza_acidente,situacao,bairro,endereco,,numero,detalhe_endereco_acidente,complemento,endereco_cruzamento,numero_cruzamento,referencia_cruzamento,bairro_cruzamento,tipo,descricao,auto,moto,ciclom,ciclista,pedestre,onibus,caminhao,viatura,outros,vitimas,vitimasfatais,num_semaforo,sentido_via,acidente_verificado,tempo_clima,situacao_semaforo,sinalizacao,condicao_via,conservacao_via,ponto_controle,situacao_placa,velocidade_max_via,mao_direcao,divisao_via1,divisao_via2,divisao_via3,_id,Protocolo
2024-05-23,2:18:00,COM VÍTIMA,FINALIZADA,IPSEP,RUA SAO NICOLAU,0,,,E/F A CONCESSIONARIA MULTIMARCAS,,,,IPSEP,COLISÃO LATERAL,,0,1,0,0,0,0,0,0,0,1,0,,,,,,,,,,,,,,,,,2024135370
2024-05-23,3:10:00,COM VÍTIMA,FINALIZADA,AREIAS,AV DR JOSE RUFINO,4,2382,,E/F A DROGASIL,,,,AREIAS,COLISÃO LATERAL,,0,1,0,0,0,0,0,0,0,1,0,,,,,,,,,,,,,,,,,2024135410
2024-05-23,3:47:00,COM VÍTIMA,FINALIZADA,BOA VISTA,RUA GERVASIO PIRES,4,1136,,POR TRAS DO HOSPITAL DO EXERCITO,,,,BOA VISTA,COLISÃO LATERAL,,1,1,0,0,0,0,0,0,0,1,0,,,,,,,,,,,,,,,,,2024135420
2024-05-23,4:24:00,COM VÍTIMA,FINALIZADA,IBURA,AV DOIS RIOS,0,,,IBURA DE BAIXO PROX AO COLEGIO SAGRADO CORAÇAO,,,,IBURA,COLISÃO LATERAL,,0,0,0,0,0,0,0,0,0,1,0,,,,,,,,,,,,,,,,,2024135480
2024-05-23,5:06:00,COM VÍTIMA,FINALIZADA,ILHA DO RETIRO,AV ENGENHEIRO ABDIAS DE CARVALHO,4,3486,,NA ENTRADA DO TUNEL DO SPORT CLUBE DO RECIFE,,,,ILHA DO RETIRO,COLISÃO LATERAL,,1,1,0,0,0,0,0,0,0,1,0,,,,,,,,,,,,,,,,,2024135510
2024-05-23,5:10:00,COM VÍTIMA,FINALIZADA,CASA FORTE,AV DEZESSETE DE AGOSTO,4,1041,,PROX AO POSTO DISLUB  E O MUSEU DO HOMEM DO NORDESTE,,,,CASA FORTE,COLISÃO LATERAL,,0,0,0,0,0,0,0,0,0,1,0,,,,,,,,,,,,,,,,,2024135520
2024-05-23,5:58:00,COM VÍTIMA,FINALIZADA,IBURA,AV IBURA,0,,,NO RETORNO DO IBURA PROX AO RECIFE TOP DISEL,,,,IBURA,COLISÃO LATERAL,,0,0,0,0,0,0,0,0,0,1,0,,,,,,,,,,,,,,,,,2024135550
2024-05-23,9:33:00,COM VÍTIMA,FINALIZADA,ILHA DO RETIRO,RUA JOSE MUCIO MONTEIRO,0,,,PROX A SELFIT,,,,ILHA DO RETIRO,COLISÃO,,1,1,0,0,0,0,0,0,0,1,0,,,,,,,,,,,,,,,,,2024135700
2024-05-24,6:13:00,COM VÍTIMA,FINALIZADA,IMBIRIBEIRA,AV MARECHAL MASCARENHAS DE MORAES,0,,,"EM FRENTE AO HOTEL AEROPORTO, PROX. AO AEROPORTO",,,,IMBIRIBEIRA,COLISÃO LATERAL,,0,1,0,0,0,0,0,0,0,1,0,,,,,,,,,,,,,,,,,2024135810
2024-05-24,6:49:00,COM VÍTIMA,FINALIZADA,SANTO AMARO,AV GOVERNADOR AGAMENON MAGALHAES,0,,,PROX. AO SHOPPING TACARUNA SENT. CIDADE,,,,SANTO AMARO,COLISÃO LATERAL,,0,1,0,0,0,0,0,0,0,1,0,,,,,,,,,,,,,,,,,2024135880
2024-05-24,7:02:00,COM VÍTIMA,FINALIZADA,ESTANCIA,AV DR JOSE RUFINO,3,535,,PROX. A GALERIA MARGARIDA,,,,ESTANCIA,COLISÃO LATERAL,,1,1,0,0,0,0,0,0,0,1,0,,,,,,,,,,,,,,,,,2024135900
2024-05-24,7:32:00,COM VÍTIMA,FINALIZADA,CASA AMARELA,AV NORTE MIGUEL ARRAES DE ALENCAR,0,,,PROX. A LOJA DA YAMAHA E BACIA DO VASCO /  CRUZANDO COM VASCO DA GAMA,,,,CASA AMARELA,COLISÃO LATERAL,,0,1,0,0,0,0,0,0,0,1,0,660,,,,,,,,,,,,,,,,2024136040
2024-05-24,7:25:00,COM VÍTIMA,FINALIZADA,BOA VIAGEM,RUA ERNESTO DE PAULA SANTOS,0,,,PROX. AO POSTO DE GASOLINA BR E UNINASSAU,,,,BOA VIAGEM,COLISÃO LATERAL,,0,1,0,0,0,0,0,0,0,1,0,,,,,,,,,,,,,,,,,2024136050
2024-05-24,7:29:00,COM VÍTIMA,FINALIZADA,PINA,AV CELSO FURTADO,0,,,APOS A ENTRADA DO SHOPPING RIO MAR / E PROX AO SUPERMACRDO AÇAI,,,,PINA,CHOQUE,,0,0,0,0,0,0,0,0,0,1,0,,,,,,,,,,,,,,,,,2024136090
2024-05-24,8:11:00,COM VÍTIMA,FINALIZADA,BOA VISTA,RUA JOAO FERNANDES VIEIRA,3,405,,PROX AO DPCA  //  EM FRENTE AO POSTO DE GASOLINA SHELL,,,,BOA VISTA,COLISÃO,,0,1,0,0,0,0,0,0,0,1,0,,,,,,,,,,,,,,,,,2024136130
2024-05-24,8:14:00,COM VÍTIMA,FINALIZADA,MADALENA,RUA REAL DA TORRE,0,,TUNEL DA ABOLICAO,NA SUB. DO TUNEL SENT. AFOGADOS,,,,MADALENA,COLISÃO TRASEIRA,,3,2,0,0,0,0,0,0,0,2,0,,,,,,,,,,,,,,,,,2024136140
2024-05-24,9:02:00,COM VÍTIMA,FINALIZADA,BOA VIAGEM,RUA BARAO DE SOUZA LEAO,0,,,EM FRENTE AO RECIBOM SUPERMERCADO,,,,BOA VIAGEM,COLISÃO,,0,1,0,0,0,0,0,0,0,1,0,,,,,,,,,,,,,,,,,2024136170
2024-05-24,9:05:00,COM VÍTIMA,FINALIZADA,ILHA JOANA BEZERRA,VDO PAPA JOAO PAULO II,0,,,SOBRE O VIADUTO ENTRE O CABANGA PROX A ACD  SENTIDO OLINDA,,,,JOANA BEZERRA,COLISÃO TRASEIRA,,1,1,0,0,0,0,0,0,0,1,0,,,,,,,,,,,,,,,,,2024136180
2024-05-24,10:24:00,COM VÍTIMA,FINALIZADA,SAN MARTIN,AV CONSUL VILARES FRAGOSO,3,486,,EDFICIO YSABEL,,,,SAN MARTIN,ATROPELAMENTO DE PESSOA,,0,1,0,0,1,0,0,0,0,1,0,,,,,,,,,,,,,,,,,2024136270
2024-05-24,10:29:00,COM VÍTIMA,FINALIZADA,AFOGADOS,RUA SAO MIGUEL,4,1845,,APÓS A ARENA SÃO MIGUEL,,,,AFOGADOS,QUEDA,,0,1,0,0,0,0,0,0,0,1,0,,,,,,,,,,,,,,,,,2024136280
2024-05-24,10:32:00,COM VÍTIMA,FINALIZADA,SAO JOSE,RUA DAS CALCADAS,0,,,EM FRENTE AO ATACADO DOS PRESENTES,,,,SAO JOSE,COLISÃO LATERAL,,0,1,0,0,0,0,0,0,0,1,0,,,,,,,,,,,,,,,,,2024136290
2024-05-24,10:54:00,COM VÍTIMA,FINALIZADA,MADALENA,AV VISCONDE DE ALBUQUERQUE,3,457,,PROX A LOJA VETERINARIA QUERO COLO,,,,MADALENA,COLISÃO FRONTAL,,2,0,0,0,0,0,0,0,0,1,0,,,,,,,,,,,,,,,,,2024136330
2024-05-24,11:15:00,COM VÍTIMA,FINALIZADA,ESTANCIA,AV RECIFE,0,,,PROX. AO ARMAZEM CORAL E RECIFE AR,,,,ESTANCIA,COLISÃO LATERAL,,1,1,0,0,0,0,0,0,0,1,0,,,,,,,,,,,,,,,,,2024136380
2024-05-24,11:32:00,COM VÍTIMA,FINALIZADA,BOA VISTA,RUA PRINCESA IZABEL,0,,,EM FRENTE A CAMARA DE VEREADORES E FACULDADE DE DIREITO,,,,BOA VISTA,COLISÃO LATERAL,,0,1,0,0,0,0,0,0,0,1,0,,,,,,,,,,,,,,,,,2024136400
2024-05-24,11:56:00,COM VÍTIMA,FINALIZADA,GRACAS,RUA ADALBERTO CAMARGO,0,,,PROX. AO OH PET VETERINARIO E PIZZARIA,,,,GRACAS,COLISÃO LATERAL,,0,1,0,0,0,0,0,0,0,1,0,,,,,,,,,,,,,,,,,2024136440
2024-05-24,12:22:00,COM VÍTIMA,FINALIZADA,SANTO AMARO,AV PREFEITO ARTUR LIMA CAVALCANTI,3,802,,VIA MANGUE  // POR TRÁS DO CEMITÉRIO DOS INGLESES,,,,SANTO AMARO,COLISÃO,,0,1,0,0,0,0,0,0,0,1,0,,,,,,,,,,,,,,,,,2024136470
2024-05-24,1:56:00,COM VÍTIMA,FINALIZADA,AGUA FRIA,AV ANIBAL BENEVOLO,3,773,,PROX A UPINHA DO ALTO DO PASCOAL  E PROX AO COMPAZ,,,,AGUA FRIA,COLISÃO LATERAL,,0,0,0,0,0,0,0,0,0,1,0,,,,,,,,,,,,,,,,,2024136590
2024-05-24,2:22:00,COM VÍTIMA,FINALIZADA,CASA AMARELA,EST DO ARRAIAL,4,4290,,QUASE EM FRENTE A ESCOLA GERAÇÃO ATUAL,,,,CASA AMARELA,COLISÃO TRASEIRA,,1,2,0,0,0,0,0,0,0,1,0,,,,,,,,,,,,,,,,,2024136620
2024-05-24,3:25:00,COM VÍTIMA,FINALIZADA,ESTANCIA,AV RECIFE,0,,AV JOAO CABRAL DE MELO NETO,NA ENTRA  DE SAN MARTIN NO SEMAFORO 259,,,,ESTANCIA,COLISÃO LATERAL,,0,2,0,0,0,0,0,0,0,1,0,,,,,,,,,,,,,,,,,2024136680
2024-05-24,4:14:00,COM VÍTIMA,FINALIZADA,RECIFE,AV MILITAR,3,365,,E/F AO MEMORIAL DO ESTADO DE PERNAMBUCO PROX AO PORTO DO RECIFE,,,,BAIRRO DO RECIFE,COLISÃO LATERAL,,0,0,0,0,0,0,0,0,0,1,0,,,,,,,,,,,,,,,,,2024136710
2024-05-24,6:01:00,COM VÍTIMA,FINALIZADA,AFLITOS,AV CONS ROSA E SILVA,3,975,,EM FRENTE A AGENCIA DE REFERENCIA DE PERNAMBUCO,,,,AFLITOS,COLISÃO LATERAL,,1,1,0,0,0,1,0,0,0,1,0,,,,,,,,,,,,,,,,,2024136850
2024-05-25,7:53:00,COM VÍTIMA,FINALIZADA,GRACAS,AV RUI BARBOSA,2,15,,AO LADO DO TRIBUNAL REGIONAL ELEITORAL // APOS O COLEGIO VERA CRUZ,,,,GRACAS,COLISÃO LATERAL,,0,2,0,0,0,0,0,0,0,3,0,,,,,,,,,,,,,,,,,2024137310
2024-05-25,9:37:00,COM VÍTIMA,FINALIZADA,BOMBA DO HEMETERIO,RUA BOMBA DO HEMETERIO,0,,,PROX. AO CLUBE ABANADORES DO ARRUDA,,,,BOMBA DO HEMETERIO,COLISÃO LATERAL,,0,1,0,0,0,0,0,0,0,1,0,,,,,,,,,,,,,,,,,2024137450
2024-05-25,10:41:00,COM VÍTIMA,FINALIZADA,BOA VIAGEM,AV BOA VIAGEM,0,,,"QUIOSQUE 01, EM FRENTE AO CASSINO AMERICANO E AO RESTAURANTE TATU BOLA BAR",,,,BOA VIAGEM,COLISÃO LATERAL,,0,2,0,0,0,0,0,0,0,2,0,,,,,,,,,,,,,,,,,2024137490
2024-05-25,11:31:00,COM VÍTIMA,FINALIZADA,BOA VIAGEM,AV ENGENHEIRO DOMINGOS FERREIRA,4,2589,,EM FRENTE AO EMPRESARIAL ALEXANDRE  DE CASTRO E SILVA,,,,BOA VIAGEM,COLISÃO,,0,0,0,0,0,1,0,0,0,1,0,,,,,,,,,,,,,,,,,2024137510
2024-05-25,1:02:00,COM VÍTIMA,FINALIZADA,TOTO,RUA PEDRO TEIXEIRA,0,,,E/F A  ESTAÇAO DE COQUEIRAL  E PROX A IGREJA DA FAMILIA,,,,TOTO,COLISÃO LATERAL,,0,0,0,0,0,0,0,0,0,1,0,,,,,,,,,,,,,,,,,2024137550
2024-05-25,3:26:00,COM VÍTIMA,FINALIZADA,IPUTINGA,AV MAURICIO DE NASSAU,0,,,PROX AO POSTO SKYLAB,,,,IPUTINGA,COLISÃO LATERAL,,0,0,0,0,0,0,0,0,0,1,0,,,,,,,,,,,,,,,,,2024137590
2024-05-25,4:59:00,COM VÍTIMA,FINALIZADA,JORDAO,AV DONA CARENTINA,0,,,PROX AO TERMINAL DO JORDÃO  E A PADARIA,,,,JORDAO,COLISÃO LATERAL,,0,1,0,0,0,0,0,0,0,1,0,,,,,,,,,,,,,,,,,2024137630
2024-05-25,5:02:00,COM VÍTIMA,FINALIZADA,CAJUEIRO,RUA DR ALBERTO WANDERLEY,3,435,,PROX AO BAR DA FAVA,,,,CAJUEIRO,COLISÃO LATERAL,,0,1,0,0,0,0,0,0,0,1,0,,,,,,,,,,,,,,,,,2024137640
2024-05-25,6:36:00,COM VÍTIMA,FINALIZADA,BOMBA DO HEMETERIO,RUA ALTO JOSE BONIFACIO,0,,RUA SAO DOMINGOS SAVIO,FEIRA DA RODINHA,,,,BOMBA DO HEMETERIO,COLISÃO COM CICLISTA,,0,1,0,1,0,0,0,0,0,1,0,,,,,,,,,,,,,,,,,2024137740
2024-05-25,8:21:00,COM VÍTIMA,FINALIZADA,SAO JOSE,RUA VIDAL DE NEGREIROS,0,,,PRÓXIMO AO TRE,,,,SAO JOSE,COLISÃO COM CICLISTA,,0,1,0,1,0,0,0,0,0,1,0,2070,,,,,,,,,,,,,,,,2024137790
2024-05-25,9:32:00,COM VÍTIMA,FINALIZADA,CASA AMARELA,AV DR EURICO CHAVES,3,932,,PROX A FARMACIA MANDACARU,,,,CASA AMARELA,COLISÃO,,0,2,0,0,0,0,0,0,0,3,0,,,,,,,,,,,,,,,,,2024137820
2024-05-25,11:51:00,COM VÍTIMA,FINALIZADA,SAN MARTIN,RUA DELMIRO GOUVEIA,0,,,EM FRENTE A CHESF,,,,SAN MARTIN,COLISÃO COM CICLISTA,,1,0,0,1,0,0,0,0,0,1,0,,,,,,,,,,,,,,,,,2024137850
2024-05-26,1:04:00,COM VÍTIMA,FINALIZADA,CAMPO GRANDE,EST DE BELEM,0,,RUA ODORICO MENDES,COLÉGIO JESUS CRUCIFICADO E FARMÁCIA PAGUE MENOS,,,,CAMPO GRANDE,COLISÃO TRANSVERSAL,,2,0,0,0,0,0,0,0,0,1,0,260,,,,,,,,,,,,,,,,2024137880
2024-05-26,6:41:00,COM VÍTIMA,FINALIZADA,CAMPO GRANDE,EST DE BELEM,4,1651,,"PRAÇA DE CAMPO GRANDE, AO LADO DA ACADEMIA",,,,CAMPO GRANDE,COLISÃO TRASEIRA,,0,1,0,0,0,1,0,0,0,1,0,,,,,,,,,,,,,,,,,2024138060
2024-05-26,7:25:00,COM VÍTIMA,FINALIZADA,AFOGADOS,RUA SAO MIGUEL,3,110,,EM FRENTE A POLICLINICA,,,,AFOGADOS,COLISÃO LATERAL,,1,1,0,0,0,0,0,0,0,1,0,,,,,,,,,,,,,,,,,2024138080
2024-05-26,7:34:00,COM VÍTIMA,FINALIZADA,ENCRUZILHADA,AV NORTE MIGUEL ARRAES DE ALENCAR,0,,,PROX AO EXTRABOM / PROX A ENCRUZILHADA,,,,ENCRUZILHADA,COLISÃO LATERAL,,0,1,0,0,0,0,0,0,0,1,0,,,,,,,,,,,,,,,,,2024138090
2024-05-26,12:11:00,COM VÍTIMA,FINALIZADA,IPUTINGA,RUA DES OSCAR COUTINHO,3,291,,PROX A PONTE SALVAÇAO,,,,IPUTINGA,COLISÃO LATERAL,,1,1,0,0,0,0,0,0,0,1,0,,,,,,,,,,,,,,,,,2024138320
2024-05-26,1:18:00,COM VÍTIMA,FINALIZADA,IPSEP,RUA POTENGY,2,58,,PROXIMO A PRAÇA JARDIM AMERICA,,,,IPSEP,COLISÃO,,0,1,0,0,0,0,0,0,0,1,0,,,,,,,,,,,,,,,,,2024138370
2024-05-26,1:26:00,COM VÍTIMA,FINALIZADA,CASA AMARELA,RUA CONS PERETTI,2,98,RUA OSCAR DE BARROS,PROXIMO A CAIXA ECONOMICA,,,,CASA AMARELA,COLISÃO,,0,1,0,0,0,0,0,0,0,1,0,,,,,,,,,,,,,,,,,2024138380
2024-05-26,4:32:00,COM VÍTIMA,FINALIZADA,BARRO,RUA DOM ANTONIO VICOSO,3,200,,RUA EM FRENTE AO COLEGIO IMACULADA CONCEIÇÃO // RUA EM FRENTE AO SOCIETY DO BARRO  E O POSTO DE GASOLINA AO LADO // PROXIMO A IGREJA DO BARRO,,,,BARRO,COLISÃO,,0,1,0,0,0,0,0,0,0,1,0,,,,,,,,,,,,,,,,,2024138540
2024-05-26,6:24:00,COM VÍTIMA,FINALIZADA,IBURA,AV DOIS RIOS,3,612,,EM FRENTE AO SESI / IBURA DE BAIXO,,,,IBURA,COLISÃO,,1,1,0,0,0,0,0,0,0,1,0,,,,,,,,,,,,,,,,,2024138600
2024-05-26,8:34:00,COM VÍTIMA,FINALIZADA,BOA VISTA,RUA VISCONDE DE GOIANA,3,241,,COM O CRUZAMENTO A RUA MARQUÊS DE AMORIM,,,,BOA VISTA,COLISÃO TRANSVERSAL,,0,2,0,0,0,0,0,0,0,1,0,,,,,,,,,,,,,,,,,2024138690
2024-05-26,10:54:00,COM VÍTIMA,FINALIZADA,BOMBA DO HEMETERIO,RUA BOMBA DO HEMETERIO,3,403,,EM FRENTE A FUNERARIA CANAÃ,,,,BOMBA DO HEMETERIO,COLISÃO FRONTAL,,1,2,0,0,0,0,0,0,0,1,0,,,,,,,,,,,,,,,,,2024138720
2024-05-27,4:37:00,COM VÍTIMA,FINALIZADA,CASA AMARELA,RUA BELA VISTA,0,,,PROXIMO AO REI DA PICANHA E A PADARIA BELA VISTA,,,,CASA AMARELA,CHOQUE,,1,0,0,0,0,0,0,0,0,1,0,,,,,,,,,,,,,,,,,2024138730
2024-05-27,7:49:00,COM VÍTIMA,FINALIZADA,PAISSANDU,AV ENGENHEIRO ABDIAS DE CARVALHO,0,,,EM FRENTE AO SPORT CLUB  / SENTIDO AGAMENON,,,,PAISSANDU,COLISÃO LATERAL,,1,0,0,1,0,0,0,0,0,1,0,,,,,,,,,,,,,,,,,2024138940
2024-05-27,7:56:00,COM VÍTIMA,FINALIZADA,NOVA DESCOBERTA,AV VEREADOR OTACILIO AZEVEDO,0,,,NO COMECO DA LADEIRA DO ALTO DO EUCALIPTO DESCENDO SENTIDO UPA NOVA DESCOBERTA,,,,NOVA DESCOBERTA,COLISÃO,,0,1,0,0,0,0,0,0,0,1,0,,,,,,,,,,,,,,,,,2024138950
2024-05-27,11:07:00,COM VÍTIMA,FINALIZADA,TORRE,RUA JOSE DE HOLANDA,0,,,EM FRENTE A PRAÇA DA TORRE,,,,TORRE,COLISÃO LATERAL,,0,1,0,0,0,0,0,0,0,1,0,,,,,,,,,,,,,,,,,2024139140
2024-05-27,11:27:00,COM VÍTIMA,FINALIZADA,IMBIRIBEIRA,AV MARECHAL MASCARENHAS DE MORAES,0,,,"PROX. A CONTINENTAL E AEROPORTO SENT. RECIFE, GP PNEUS",,,,IMBIRIBEIRA,COLISÃO LATERAL,,1,1,0,0,0,0,0,0,0,1,0,,,,,,,,,,,,,,,,,2024139170
2024-05-27,11:48:00,COM VÍTIMA,FINALIZADA,SAN MARTIN,RUA ITAPEMIRIM,3,289,AV CONSUL VILARES FRAGOSO,AO LADO DA CAVALARIA,,,,SAN MARTIN,COLISÃO LATERAL,,2,0,0,0,0,0,0,0,0,1,0,,,,,,,,,,,,,,,,,2024139200
2024-05-27,12:06:00,COM VÍTIMA,FINALIZADA,MADALENA,AV VISCONDE DE ALBUQUERQUE,0,,AV JOSE GONCALVES DE MEDEIROS,EM FRENTE A POLICLINICA LESSA DE ANDRADE,,,,MADALENA,COLISÃO,,0,2,0,0,0,0,0,0,0,1,0,,,,,,,,,,,,,,,,,2024139220
2024-05-27,1:09:00,COM VÍTIMA,FINALIZADA,SANTO AMARO,AV DR JAYME DA FONTE,3,203,,PROXIMO A COMPESA E A DAVITA,,,,SANTO AMARO,COLISÃO COM CICLISTA,,1,0,0,1,0,0,0,0,0,1,0,,,,,,,,,,,,,,,,,2024139280
2024-05-27,3:48:00,COM VÍTIMA,FINALIZADA,BEBERIBE,AV BEBERIBE,0,,,PROX AO RESTAURANTE REI DO ARRUMADINHO E AO ARMAZÉM DUNGA,,,,BEBERIBE,COLISÃO,,0,1,0,0,0,0,0,0,0,1,0,,,,,,,,,,,,,,,,,2024139360
2024-05-27,4:04:00,COM VÍTIMA,FINALIZADA,BONGI,EST DO BONGI,4,1230,,APOS A PADARIA SANTA JOANA,,,,BONGI,COLISÃO,,1,1,0,0,0,0,0,0,0,1,0,,,,,,,,,,,,,,,,,2024139380
2024-05-27,7:37:00,COM VÍTIMA,FINALIZADA,BOA VIAGEM,RUA JOAO CARDOSO AIRES,0,,RUA WALDEMAR NERY CARNEIRO MONTEIRO,PROX VETERINARIA VETCENTER,,,,BOA VIAGEM,COLISÃO,,1,1,0,0,0,0,0,0,0,2,0,,,,,,,,,,,,,,,,,2024139500
2024-05-27,9:03:00,COM VÍTIMA,FINALIZADA,IPUTINGA,RUA LEAL DE BARROS,0,,,PROX COLEGIO EXPOENTE,,,,IPUTINGA,COLISÃO,,1,1,0,0,0,0,0,0,0,1,0,,,,,,,,,,,,,,,,,2024139520
2024-05-27,9:49:00,COM VÍTIMA,FINALIZADA,AGUA FRIA,AV BEBERIBE,0,,,"EM FRENTE INSANOS HAMBUGUERIA,  PROX AO PAGODE DA PRESSAO",,,,AGUA FRIA,QUEDA,,0,3,0,0,0,0,0,0,0,3,0,,,,,,,,,,,,,,,,,2024139540
2024-05-28,7:29:00,COM VÍTIMA,FINALIZADA,TORRE,RUA REAL DA TORRE,0,,,PROX AO TÚNEL DA ABOLIÇÃO,,,,TORRE,COLISÃO,,0,1,0,0,0,0,0,0,0,1,0,,,,,,,,,,,,,,,,,2024139820
2024-05-28,7:50:00,COM VÍTIMA,FINALIZADA,BOA VISTA,RUA MARQUES AMORIM,0,,,PROX. A SORVETERIA FREE SABOR,,,,BOA VISTA,COLISÃO,,0,1,0,0,0,0,0,0,0,1,0,,,,,,,,,,,,,,,,,2024139890
2024-05-28,8:12:00,COM VÍTIMA,FINALIZADA,NOVA DESCOBERTA,AV VEREADOR OTACILIO AZEVEDO,0,,,"EM FRENTE A CHACARA NORTE, APOS A ESCOLA ROTARY",,,,NOVA DESCOBERTA,COLISÃO LATERAL,,0,1,0,0,0,0,0,0,0,1,0,,,,,,,,,,,,,,,,,2024139960
2024-05-28,9:30:00,COM VÍTIMA,FINALIZADA,IMBIRIBEIRA,RUA ANTONIO FALCAO,0,,,EM FRENTE AO MUNDO CABELEREIRO,,,,IMBIRIBEIRA,COLISÃO LATERAL,,0,1,0,0,0,0,1,0,0,1,0,,,,,,,,,,,,,,,,,2024140070
2024-05-28,10:19:00,COM VÍTIMA,FINALIZADA,IMBIRIBEIRA,AV MARECHAL MASCARENHAS DE MORAES,4,6211,,EM FRENTE JUSTIÇA FEDERAL / PROX A INFRA AERO,,,,IMBIRIBEIRA,COLISÃO TRASEIRA,,1,1,0,0,0,0,0,0,0,1,0,,,,,,,,,,,,,,,,,2024140140
2024-05-28,10:54:00,COM VÍTIMA,FINALIZADA,IMBIRIBEIRA,AV MARECHAL MASCARENHAS DE MORAES,0,,,EM FRENTE A GRILO // EM FRENTE AO POSTO DE GASOLINA YPIRANGA,,,,IMBIRIBEIRA,COLISÃO LATERAL,,0,1,0,0,0,0,1,0,0,2,0,,,,,,,,,,,,,,,,,2024140210
2024-05-28,12:19:00,COM VÍTIMA,FINALIZADA,AFOGADOS,RUA SAO MIGUEL,0,,RUA SANTOS ARAUJO,EM FRENTE AO DEPATRI,,,,AFOGADOS,COLISÃO LATERAL,,0,1,0,0,0,1,0,0,0,1,0,3330,,,,,,,,,,,,,,,,2024140330
2024-05-28,12:39:00,COM VÍTIMA,FINALIZADA,BOA VIAGEM,RUA BARAO DE SOUZA LEAO,4,1000,RUA ALMIRANTE TAMANDARE,PROXIMO A ESCOLA SANTOS DUMONT,,,,BOA VIAGEM,ATROPELAMENTO DE PESSOA,,0,0,0,0,1,0,0,0,0,1,0,,,,,,,,,,,,,,,,,2024140340
2024-05-28,2:53:00,COM VÍTIMA,FINALIZADA,IMBIRIBEIRA,AV MARECHAL MASCARENHAS DE MORAES,4,2975,,EM FRENTE A HONDA E A FACULDADE UNIVERSO E PROX A ITALIANA  SENTIDO RECIFE,,,,IMBIRIBEIRA,COLISÃO,,0,1,0,0,0,0,0,0,0,1,0,,,,,,,,,,,,,,,,,2024140440
2024-05-28,2:56:00,COM VÍTIMA,FINALIZADA,CAMPO GRANDE,EST DE BELEM,4,1501,,PROX A AUTO ESCOLA ESTRADA DE BELEM // PROX AO OASIS TINTA,,,,CAMPO GRANDE,COLISÃO LATERAL,,1,1,0,0,0,0,0,0,0,1,0,,,,,,,,,,,,,,,,,2024140450
2024-05-28,3:01:00,COM VÍTIMA,FINALIZADA,SANTO ANTONIO,RUA SIQUEIRA CAMPOS,0,,,POR TRAS DOS CORREIOS E EM FRENTE AO EDIFICIO BRASILIA,,,,SANTO ANTONIO,COLISÃO,,0,1,0,0,0,0,0,0,0,1,0,,,,,,,,,,,,,,,,,2024140470
2024-05-28,5:58:00,COM VÍTIMA,FINALIZADA,ESTANCIA,AV RECIFE,3,S/N,,NA SUBIDA DO VIADUTO SENTIDO CEASA,,,,ESTANCIA,COLISÃO,,0,1,0,0,0,0,0,0,0,1,0,,,,,,,,,,,,,,,,,2024140650
2024-05-28,10:58:00,COM VÍTIMA,FINALIZADA,BOA VIAGEM,RUA CAPITAO ZUZINHA,3,270,RUA DONA UZINHA NUNES,E/F AO HOTEL VITORIA,,,,BOA VIAGEM,COLISÃO TRASEIRA,,0,2,0,0,0,0,0,0,0,2,0,,PRAIA,,,,,,,,,,,,,,,2024140820
2024-05-29,5:59:00,COM VÍTIMA,FINALIZADA,AGUA FRIA,RUA SAO BENTO,0,,,PROX. AO POSTO DA BOMBA DO HEMETERIO E IGREJA PENTECOSTAL,,,,AGUA FRIA,COLISÃO LATERAL,,0,1,0,0,0,0,0,0,0,1,0,,,,,,,,,,,,,,,,,2024140890
2024-05-29,7:14:00,COM VÍTIMA,FINALIZADA,ILHA DO RETIRO,RUA SPORT CLUBE DO RECIFE,0,,,"EM FRENTE AO POSTO DE GASOLINA EXTRA, MC´DONALD E CAMPO DO SPORT",,,,ILHA DO RETIRO,COLISÃO LATERAL,,0,1,0,0,0,0,0,0,0,1,0,,,,,,,,,,,,,,,,,2024141050
2024-05-29,8:10:00,COM VÍTIMA,FINALIZADA,IMBIRIBEIRA,AV MARECHAL MASCARENHAS DE MORAES,4,2820,,EM FRENTE A FACULDADE UNIP,,,,IMBIRIBEIRA,QUEDA,,0,1,0,0,0,0,0,0,0,1,0,,,,,,,,,,,,,,,,,2024141200
2024-05-29,8:12:00,COM VÍTIMA,FINALIZADA,CASA AMARELA,EST DO ENCANAMENTO,0,,,EM FRENTE AO HOSPITAL SANTA LUIZA,,,,CASA AMARELA,COLISÃO,,0,1,0,0,0,0,0,0,0,1,0,,,,,,,,,,,,,,,,,2024141290
2024-05-29,8:45:00,COM VÍTIMA,FINALIZADA,MADALENA,RUA JOSE OSORIO,0,,,EM FRENTE A ALIANÇA AUTOMOVEIS,,,,MADALENA,COLISÃO LATERAL,,0,1,0,0,0,0,0,0,0,1,0,,,,,,,,,,,,,,,,,2024141330
2024-05-29,11:10:00,COM VÍTIMA,FINALIZADA,IMBIRIBEIRA,AV MARECHAL MASCARENHAS DE MORAES,0,,,EM FRENTE AO BANCO BRADESCO,,,,IMBIRIBEIRA,COLISÃO,,0,1,0,0,0,0,0,0,0,1,0,,,,,,,,,,,,,,,,,2024141550
2024-05-29,11:53:00,COM VÍTIMA,FINALIZADA,IPUTINGA,AV CAXANGA,4,4588,,EM FRENTE AO BARÃO DE LUCENA  //  SENTIDO CAMARAGIBE,,,,IPUTINGA,COLISÃO,,0,1,0,0,0,0,0,0,0,1,0,,,,,,,,,,,,,,,,,2024141610
2024-05-29,1:24:00,COM VÍTIMA,FINALIZADA,CORDEIRO,RUA GOMES TABORDA,0,,,PROX AO PARAIBANO E PROX A IGREJA UNIVERSAL,,,,CORDEIRO,COLISÃO,,0,1,0,0,0,0,0,0,0,1,0,,,,,,,,,,,,,,,,,2024141720
2024-05-29,2:43:00,COM VÍTIMA,FINALIZADA,CASA AMARELA,EST DO ARRAIAL,4,4165,,PROXIMO A RAQUEL CORTES E MECHAS,,,,CASA AMARELA,COLISÃO LATERAL,,1,1,0,0,0,0,0,0,0,1,0,,,,,,,,,,,,,,,,,2024141780
2024-05-29,2:52:00,COM VÍTIMA,FINALIZADA,PRADO,AV ENGENHEIRO ABDIAS DE CARVALHO,0,,RUA HERCULES FLORENCE,QUASE EM FRENTE A FACULDADE ESTÁCIO AO LADO DO BIG CAR E EM FRENTE AO CERPE DA ABDIAS,,,,PRADO,COLISÃO,,0,1,0,0,0,0,0,0,0,1,0,,,,,,,,,,,,,,,,,2024141810