data,hora,natureza_acidente,situacao,bairro,endereco,,numero,detalhe_endereco_acidente,complemento,endereco_cruzamento,numero_cruzamento,referencia_cruzamento,bairro_cruzamento,tipo,descricao,auto,moto,ciclom,ciclista,pedestre,onibus,caminhao,viatura,outros,vitimas,vitimasfatais,num_semaforo,sentido_via,acidente_verificado,tempo_clima,situacao_semaforo,sinalizacao,condicao_via,conservacao_via,ponto_controle,situacao_placa,velocidade_max_via,mao_direcao,divisao_via1,divisao_via2,divisao_via3,_id,Protocolo
2024-05-29,4:39:00,COM VÍTIMA,FINALIZADA,SAO JOSE,RUA IPUA,2,65,,PROX AO PREDIO NOVOS NA TRAVESSA DO RAPOSO NA ENTRADA DO IMIP,,,,SAO JOSE,COLISÃO,,0,1,0,0,0,0,0,0,0,1,0,,,,,,,,,,,,,,,,,2024141920
2024-05-29,5:59:00,COM VÍTIMA,FINALIZADA,ESPINHEIRO,RUA DO ESPINHEIRO,0,,RUA QUARENTA E OITO,ESQUINA DA PADARIA  DO ESPINHEIRO,,,,ESPINHEIRO,COLISÃO LATERAL,,1,1,0,0,0,0,0,0,0,1,0,,,,,,,,,,,,,,,,,2024141940
2024-05-30,8:11:00,COM VÍTIMA,FINALIZADA,SAO JOSE,PRC DAS CINCO PONTAS,0,,,"AO LADO DO SISTEMA DO GRANDE RECIFE, PROX. A MARINHA E TORRE GEMEAS",,,,SAO JOSE,COLISÃO LATERAL,,0,1,0,0,0,0,0,0,0,1,0,,,,,,,,,,,,,,,,,2024142360
2024-05-30,8:36:00,COM VÍTIMA,FINALIZADA,IPUTINGA,AV CAXANGA,0,,,"EMBAIXO DO VIADUTO DA BR-101, PROX. AO MIX MATEUS",,,,IPUTINGA,COLISÃO LATERAL,,0,1,0,0,0,0,0,0,0,1,0,,,,,,,,,,,,,,,,,2024142390
2024-05-30,9:44:00,COM VÍTIMA,FINALIZADA,ILHA DO LEITE,RUA FRANCISCO ALVES,4,2464,,EM FRENTE A EMERGÊNCIA DO HOSPITAL ESPERANÇA,,,,ILHA DO LEITE,COLISÃO LATERAL,,1,1,0,0,0,0,0,0,0,1,0,,,,,,,,,,,,,,,,,2024142480
2024-05-30,10:11:00,COM VÍTIMA,FINALIZADA,IPUTINGA,AV CAXANGA,4,4035,,EM FRENTE AO POSTO BR / EMBAIXO DO VIADUTODA CAXANGA,,,,IPUTINGA,COLISÃO,,0,2,0,0,0,0,0,0,0,1,0,,,,,,,,,,,,,,,,,2024142530
2024-05-30,10:12:00,COM VÍTIMA,FINALIZADA,SAO JOSE,RUA DAS CALCADAS,3,226,,PROX AO ATACADO DOS PRESENTES,,,,SAO JOSE,COLISÃO,,0,1,0,0,0,0,0,0,0,1,0,,,,,,,,,,,,,,,,,2024142540
2024-05-30,11:12:00,COM VÍTIMA,FINALIZADA,CORDEIRO,AV CAXANGA,0,,,PROX A PARADA DO BRT  FORTE DO ARRAIAL / PROX AO PARQUE DA EXPOSIÇÃO,,,,CORDEIRO,COLISÃO,,0,1,0,0,0,0,0,0,0,1,0,,,,,,,,,,,,,,,,,2024142580
2024-05-30,11:56:00,COM VÍTIMA,FINALIZADA,PARNAMIRIM,RUA LEONARDO BEZERRA CAVALCANTE,0,,,EM FRENTE AO HOSPITAL MARIA LUCINDA,,,,PARNAMIRIM,COLISÃO LATERAL,,1,1,0,0,0,0,0,0,0,1,0,,,,,,,,,,,,,,,,,2024142640
2024-05-30,1:22:00,COM VÍTIMA,FINALIZADA,IMBIRIBEIRA,AV MARECHAL MASCARENHAS DE MORAES,0,,,APÓS O VIADUTO TANCREDO NEVES,,,,IMBIRIBEIRA,CAPOTAMENTO,,1,0,0,0,0,0,0,0,0,1,0,,,,,,,,,,,,,,,,,2024142680
2024-05-30,5:43:00,COM VÍTIMA,FINALIZADA,BOA VIAGEM,RUA VISCONDE DE JEQUITINHONHA,3,695,,PROX AO POSTO SHELL E PROX AO CANAL,,,,BOA VIAGEM,COLISÃO,,0,1,0,0,0,0,0,0,0,1,0,,,,,,,,,,,,,,,,,2024142930
2024-05-30,10:58:00,COM VÍTIMA,FINALIZADA,TOTO,RUA ONZE DE AGOSTO,4,1562,,PROXIMO AO BIDU KRAUSE,,,,TOTO,COLISÃO FRONTAL,,1,1,0,0,0,0,0,0,0,1,0,,,,,,,,,,,,,,,,,2024143140
2024-05-31,7:14:00,COM VÍTIMA,FINALIZADA,TEJIPIO,AV DR JOSE RUFINO,0,,,"APOS O METRO DE TEJIPO, SENT. JABOATÃO NA ENTRADA DO CARTORIO",,,,TEJIPIO,COLISÃO LATERAL,,0,1,0,0,0,0,0,0,0,1,0,,,,,,,,,,,,,,,,,2024143360
2024-05-31,7:24:00,COM VÍTIMA,FINALIZADA,AGUA FRIA,EST VELHA DE AGUA FRIA,0,,,"ANTES DA POLICLINICA SALOMÃO, EM FRENTE A BALAS ROSAS",,,,AGUA FRIA,COLISÃO LATERAL,,0,1,0,0,0,0,0,0,0,1,0,,,,,,,,,,,,,,,,,2024143370
2024-05-31,8:14:00,COM VÍTIMA,FINALIZADA,IMBIRIBEIRA,AV ENGENHEIRO ALVES DE SOUZA,0,,,PROX. AO CENTRO DE DISTRIBUIÇÃO DO BOTICARIO E LAGOA DO ARAÇA,,,,IMBIRIBEIRA,COLISÃO LATERAL,,0,1,0,0,0,0,0,0,0,1,0,,,,,,,,,,,,,,,,,2024143420
2024-05-31,8:43:00,COM VÍTIMA,FINALIZADA,IPSEP,AV RECIFE,0,,,EM FRENTE AO POSTO FEDERAL,,,,IPSEP,COLISÃO TRANSVERSAL,,1,1,0,0,0,0,0,0,0,1,0,,,,,,,,,,,,,,,,,2024143440
2024-05-31,10:41:00,COM VÍTIMA,FINALIZADA,IMBIRIBEIRA,AV CONSELHEIRO AGUIAR,0,,,EM FRENTE A PAGUE MENOS,,,,IMBIRIBEIRA,COLISÃO,,0,1,0,0,0,0,0,0,0,1,0,,,,,,,,,,,,,,,,,2024143550
2024-05-31,1:17:00,COM VÍTIMA,FINALIZADA,SANTO AMARO,RUA TAMOIOS,3,146,,ANA PATRICIA SOBRANCELHAS,,,,SANTO AMARO,COLISÃO,,0,1,0,0,0,0,0,0,0,1,0,,,,,,,,,,,,,,,,,2024143650
2024-05-31,2:40:00,COM VÍTIMA,FINALIZADA,BOA VIAGEM,AV ENGENHEIRO DOMINGOS FERREIRA,4,2331,,PROX A IMOBILIARIA PAULO MIRANDA,,,,BOA VIAGEM,COLISÃO TRASEIRA,,1,1,0,0,0,0,0,0,0,1,0,,,,,,,,,,,,,,,,,2024143710
2024-05-31,3:19:00,COM VÍTIMA,FINALIZADA,MADALENA,RUA BENFICA,3,109,,AO LADO DO BOMPREÇO,,,,MADALENA,COLISÃO LATERAL,,0,0,0,0,0,0,0,0,0,1,0,,,,,,,,,,,,,,,,,2024143750
2024-05-31,5:06:00,COM VÍTIMA,FINALIZADA,AFOGADOS,RUA SARGENTO WOLFF,3,108,,PROXIMO A FABRICA ULTRA CLIN // PROXIMO AO POSTO SETTA APOS  A TUPAN,,,,AFOGADOS,COLISÃO,,0,1,0,0,0,0,0,0,0,1,0,,,,,,,,,,,,,,,,,2024143840
2024-05-31,9:07:00,COM VÍTIMA,FINALIZADA,CAMPO GRANDE,AV GOVERNADOR AGAMENON MAGALHAES,0,,,PRÓXIMO A UPINHA DA AGAMENON,,,,CAMPO GRANDE,COLISÃO FRONTAL,,0,0,0,0,0,0,0,0,0,2,0,,,,,,,,,,,,,,,,,2024144020
2024-06-01,5:22:00,COM VÍTIMA,FINALIZADA,TEJIPIO,AV DR JOSE RUFINO,0,,,PRÓXIMO AO QUARTEL 4 ° BECOM,,,,TEJIPIO,CHOQUE,,1,0,0,0,0,0,0,0,0,2,0,,,,,,,,,,,,,,,,,2024144170
2024-06-01,7:03:00,COM VÍTIMA,FINALIZADA,ARRUDA,AV BEBERIBE,0,,,PX A PETROBRAS / PX AO BOM PREÇO / SENTIDO ENCRUZILHADA,,,,ARRUDA,COLISÃO FRONTAL,,1,0,0,0,0,1,0,0,0,1,0,,,,,,,,,,,,,,,,,2024144270
2024-06-01,8:08:00,COM VÍTIMA,FINALIZADA,SANTO AMARO,AV GOVERNADOR AGAMENON MAGALHAES,0,,,SENTIDO OLINDA / APOS VIADUTO JOÃO BARROS EM FRENTE A PRACINHA,,,,SANTO AMARO,COLISÃO,,0,1,0,0,0,0,0,0,0,1,0,,,,,,,,,,,,,,,,,2024144360
2024-06-01,9:44:00,COM VÍTIMA,FINALIZADA,TORROES,RUA DO FORTE,0,,,PROX A ABDIAS DE CARVALHO  / PROX AO RESTUARANTE YOK  E PROX AO POSTO IPIRANGA,,,,TORROES,COLISÃO LATERAL,,1,1,0,0,0,0,0,0,0,2,0,,,,,,,,,,,,,,,,,2024144450
2024-06-01,9:50:00,COM VÍTIMA,FINALIZADA,BOA VIAGEM,AV BOA VIAGEM,0,,,EM FRENTE AO COND TRANS ATLANTICO,,,,BOA VIAGEM,COLISÃO,,0,1,0,0,0,0,0,0,0,1,0,,,,,,,,,,,,,,,,,2024144460
2024-06-01,11:16:00,COM VÍTIMA,FINALIZADA,IMBIRIBEIRA,AV MARECHAL MASCARENHAS DE MORAES,0,,,PROX AO POSTO DE GASOLINA IPIRANGA / PROX A LOJA DA HONDA E SKY FIT ACADEMIA,,,,IMBIRIBEIRA,COLISÃO,,0,1,0,0,0,0,0,0,0,1,0,,,,,,,,,,,,,,,,,2024144620
2024-06-01,11:55:00,COM VÍTIMA,FINALIZADA,CORDEIRO,AV CAXANGA,0,,,EM FRENTE AO HOSPITAL VETERINARIO DO RECIFE /  EM FRENTE A ESCOLA MUNICIPAL TRAJANO CHACON / PROX AO PARQUE DE EXPOSIÇÕES DE ANIMAIS,,,,CORDEIRO,COLISÃO,,0,0,0,0,0,0,1,0,0,1,0,,,,,,,,,,,,,,,,,2024144670
2024-06-01,12:23:00,COM VÍTIMA,FINALIZADA,JARDIM SAO PAULO,AV RECIFE,4,5388,,EM FRENTE A ANTIGA FABRICA DA CIROL ROYAL /SENTIDO BR,,,,JARDIM SAO PAULO,COLISÃO LATERAL,,0,1,0,0,0,1,0,0,0,2,0,,,,,,,,,,,,,,,,,2024144730
2024-06-01,1:23:00,COM VÍTIMA,FINALIZADA,AFOGADOS,RUA VINTE E UM DE ABRIL,4,1126,,EM FRENTE DA CAFÉ PETINHO,,,,AFOGADOS,COLISÃO,,1,1,0,0,0,0,0,0,0,1,0,,,,,,,,,,,,,,,,,2024144760
2024-06-01,4:00:00,COM VÍTIMA,FINALIZADA,VARZEA,AV AFONSO OLINDENSE,3,692,,PRÓXIMO AO NOVO ATACAREJO,,,,VARZEA,COLISÃO COM CICLISTA,,1,0,0,1,1,0,0,0,0,1,0,,,,,,,,,,,,,,,,,2024144900
2024-06-01,7:26:00,COM VÍTIMA,FINALIZADA,SANTO AMARO,AV CRUZ CABUGA,0,,RUA DOIS DE JULHO,E/F MIX MATHEUS,,,,SANTO AMARO,COLISÃO LATERAL,,1,0,0,0,0,1,0,0,0,1,0,,SUBURBIO,,,,,,,,,,,,,,,2024145110
2024-06-01,7:58:00,COM VÍTIMA,FINALIZADA,AFOGADOS,AV DR JOSE RUFINO,3,945,,PRÓXIMO AO 14º BLOG (QUARTEL DO EXERCITO),,,,AFOGADOS,COLISÃO FRONTAL,,1,1,0,0,0,0,0,0,0,3,0,,,,,,,,,,,,,,,,,2024145160
2024-06-01,9:28:00,COM VÍTIMA,FINALIZADA,SAN MARTIN,AV RECIFE,0,,,COM A RUA JOÃO CABRAL DE MELO NETO,,,,SAN MARTIN,COLISÃO LATERAL,,1,1,0,0,0,0,0,0,0,1,0,,,,,,,,,,,,,,,,,2024145230
2024-06-02,11:18:00,COM VÍTIMA,FINALIZADA,BOA VIAGEM,AV CONSELHEIRO AGUIAR,0,,,PROX. AO POSTO DE GASOLINA PETROCAL E LOJA MAISON,,,,BOA VIAGEM,COLISÃO LATERAL,,0,1,0,0,0,0,0,0,0,1,0,,,,,,,,,,,,,,,,,2024145620
2024-06-02,1:38:00,COM VÍTIMA,FINALIZADA,VASCO DA GAMA,RUA VASCO DA GAMA,4,1270,,APOS O COLEGIO ADERBAL,,,,VASCO DA GAMA,COLISÃO LATERAL,,0,0,0,0,0,0,0,0,0,1,0,,,,,,,,,,,,,,,,,2024145690
2024-06-02,3:01:00,COM VÍTIMA,FINALIZADA,GUABIRABA,EST DA MUMBECA,3,S/N,,E/F AO SINDPREV,,,,GUABIRABA,COLISÃO LATERAL,,0,0,0,0,0,0,0,0,0,1,0,,,,,,,,,,,,,,,,,2024145710
2024-06-02,6:29:00,COM VÍTIMA,FINALIZADA,IMBIRIBEIRA,AV MARECHAL MASCARENHAS DE MORAES,2,32,,E/F AO GERALDÃO,,,,IMBIRIBEIRA,COLISÃO LATERAL,,0,0,0,0,0,0,0,0,0,1,0,,,,,,,,,,,,,,,,,2024145850
2024-06-02,9:18:00,COM VÍTIMA,FINALIZADA,IPSEP,RUA IRAPUA,0,,RUA FRANCISCO BARRETO,PROX AO ANTIGO 19 BATALHÃO,,,,IPSEP,COLISÃO,,1,1,0,0,0,0,0,0,0,1,0,,,,,,,,,,,,,,,,,2024145900
2024-06-03,6:44:00,COM VÍTIMA,FINALIZADA,JORDAO,AV MARIA IRENE,0,,,"EM FRENTE AO SERMOTEC, APOS A BASE AEREA",,,,JORDAO,COLISÃO LATERAL,,0,1,0,0,0,0,0,0,0,1,0,,,,,,,,,,,,,,,,,2024146010
2024-06-03,7:25:00,COM VÍTIMA,FINALIZADA,AFOGADOS,RUA PADRE TEOFILO TWORZ,0,,,"EM FRENTE A TUPAN, PROX. A IGREJA N° SENHORA DOS REMEDIOS",,,,AFOGADOS,COLISÃO LATERAL,,0,1,0,0,0,0,0,0,0,1,0,,,,,,,,,,,,,,,,,2024146060
2024-06-03,7:40:00,COM VÍTIMA,FINALIZADA,SANTO AMARO,AV GOVERNADOR AGAMENON MAGALHAES,0,,,"POR TRAS DO SHOPPING TACARUNA, SENT. BOA VIAGEM",,,,SANTO AMARO,COLISÃO LATERAL,,0,1,0,0,0,0,0,0,0,1,0,,,,,,,,,,,,,,,,,2024146110
2024-06-03,8:24:00,COM VÍTIMA,FINALIZADA,BOA VIAGEM,RUA ERNESTO DE PAULA SANTOS,0,,,PROX AO RESTAURANTE CONE MOVEL TEMAKERIA E AO POSTO DE COMBUSTIVEL SETTA,,,,BOA VIAGEM,COLISÃO,,0,1,0,0,0,0,0,0,0,1,0,,,,,,,,,,,,,,,,,2024146200
2024-06-03,9:13:00,COM VÍTIMA,FINALIZADA,IMBIRIBEIRA,AV MARECHAL MASCARENHAS DE MORAES,0,,RUA ITACARE,,,,,IMBIRIBEIRA,COLISÃO,,1,1,0,0,0,0,0,0,0,1,0,,,,,,,,,,,,,,,,,2024146230
2024-06-03,10:01:00,COM VÍTIMA,FINALIZADA,BOA VIAGEM,RUA DOS NAVEGANTES,4,1617,,ATRAS DO ADIFICIO ACAIACA,,,,BOA VIAGEM,COLISÃO,,1,1,0,0,0,0,0,0,0,1,0,,,,,,,,,,,,,,,,,2024146260
2024-06-03,1:45:00,COM VÍTIMA,FINALIZADA,IPSEP,RUA RIO AMAZONAS,3,417,,PROX AO CHICO CITY,,,,IPSEP,COLISÃO TRASEIRA,,1,1,0,0,0,0,0,0,0,1,0,,,,,,,,,,,,,,,,,2024146410
2024-06-03,4:18:00,COM VÍTIMA,FINALIZADA,CORDEIRO,RUA DEZESSEIS DE OUTUBRO,0,,,NA PRAÇA DO QUINZE,,,,CORDEIRO,COLISÃO LATERAL,,0,0,0,0,0,0,0,0,0,1,0,,,,,,,,,,,,,,,,,2024146530
2024-06-03,6:14:00,COM VÍTIMA,FINALIZADA,AREIAS,AV RECIFE,5,11177,,EM FRENTE AO ATACADÃO,,,,AREIAS,CHOQUE,,1,0,0,0,0,0,0,0,0,1,0,,,,,,,,,,,,,,,,,2024146640
2024-06-03,6:51:00,COM VÍTIMA,FINALIZADA,ENGENHO DO MEIO,RUA MANOEL ESTEVAO DA COSTA,3,254,,"NA ENTRADA DE ENGENHO DO MEIO, DEPOIS DA ACADEMIA ACTOS",,,,ENGENHO DO MEIO,COLISÃO COM CICLISTA,,1,0,0,2,0,0,0,0,0,1,0,,,,,,,,,,,,,,,,,2024146750
2024-06-03,6:52:00,COM VÍTIMA,FINALIZADA,MANGABEIRA,AV NORTE MIGUEL ARRAES DE ALENCAR,0,,RUA DA MANGABEIRA,SEMAFORO Nº096,,,,MANGABEIRA,COLISÃO TRASEIRA,,1,1,0,0,0,0,0,0,0,1,0,,SUBURBIO,,,,,,,,,,,,,,,2024146760
2024-06-03,6:56:00,COM VÍTIMA,FINALIZADA,IPUTINGA,AV MAURICIO DE NASSAU,3,713,,EM FRENTE AO FITEIRO DO DOUGLAS,,,,IPUTINGA,COLISÃO,,1,0,0,0,0,0,0,0,0,1,0,,,,,,,,,,,,,,,,,2024146770
2024-06-03,7:46:00,COM VÍTIMA,FINALIZADA,SAN MARTIN,AV ENGENHEIRO ABDIAS DE CARVALHO,3,373,,E/F A ENEAS MOVEIS,,,,SAN MARTIN,ATROPELAMENTO DE PESSOA,,1,0,0,0,1,0,0,0,0,1,0,,CIDADE,,,,,,,,,,,,,,,2024146810
2024-06-03,8:24:00,COM VÍTIMA,FINALIZADA,SAN MARTIN,RUA GOMES TABORDA,0,,,COM A AV GAL SAN MARTIM,,,,SAN MARTIN,COLISÃO FRONTAL,,1,1,0,0,0,0,0,0,0,2,0,,,,,,,,,,,,,,,,,2024146820
2024-06-03,9:39:00,COM VÍTIMA,FINALIZADA,AREIAS,AV RECIFE,0,,,E/F ATACADÃO,,,,AREIAS,CHOQUE,,0,1,0,0,0,0,0,0,0,2,0,,SUBURBIO,,,,,,,,,,,,,,,2024146860
2024-06-04,7:01:00,COM VÍTIMA,FINALIZADA,CAXANGA,AV CAXANGA,0,,,PROX. A UPA DA CAXANGA E ESTAÇÃO BRT,,,,CAXANGA,COLISÃO LATERAL,,0,1,0,0,0,0,0,0,0,1,0,,,,,,,,,,,,,,,,,2024147090
2024-06-04,7:44:00,COM VÍTIMA,FINALIZADA,PINA,AV HERCULANO BANDEIRA,3,543,,"PROX A IGREJINHA, NA FRENTE DO MARTELINHO DE OURO",,,,PINA,COLISÃO TRASEIRA,,1,2,0,0,0,0,0,0,0,1,0,,,,,,,,,,,,,,,,,2024147200
2024-06-04,8:07:00,COM VÍTIMA,FINALIZADA,SAO JOSE,C SANTA RITA,0,,,EM FRENTE AO NOVO HOTEL,,,,SAO JOSE,COLISÃO,,0,1,0,0,0,0,0,0,0,1,0,,,,,,,,,,,,,,,,,2024147230
2024-06-04,9:25:00,COM VÍTIMA,FINALIZADA,SANTO AMARO,AV DR JAYME DA FONTE,3,208,,EM FRENTE A COMPESA / E CLINICA DA VITA,,,,SANTO AMARO,COLISÃO TRASEIRA,,1,1,0,0,0,0,0,0,0,1,0,,,,,,,,,,,,,,,,,2024147310
2024-06-04,10:58:00,COM VÍTIMA,FINALIZADA,CASA AMARELA,RUA OSCAR DE BARROS,3,263,,PROX AO LABORATORIO CERPE / NA RUA DE TRAS DA TROPICAL,,,,CASA AMARELA,COLISÃO,,0,1,0,0,0,1,0,0,0,1,0,,,,,,,,,,,,,,,,,2024147420
2024-06-04,11:53:00,COM VÍTIMA,FINALIZADA,SAO JOSE,C SANTA RITA,0,,,EM FRENTE AO NOVO HOTEL,,,,SAO JOSE,COLISÃO,,3,0,0,0,0,0,0,0,0,1,0,,,,,,,,,,,,,,,,,2024147440
2024-06-04,12:38:00,COM VÍTIMA,FINALIZADA,MUSTARDINHA,RUA ADOLFO BEZERRA,3,340,,POR TRAS DA PADARIA MUSTADELI,,,,MUSTARDINHA,ATROPELAMENTO DE PESSOA,,1,0,0,0,1,0,0,0,0,1,0,,,,,,,,,,,,,,,,,2024147480
2024-06-04,1:32:00,COM VÍTIMA,FINALIZADA,MADALENA,RUA JOSE OSORIO,3,754,,PROXIMO AO MERCADO DA MADALENA,,,,MADALENA,COLISÃO,,0,1,0,0,0,0,0,0,0,1,0,,,,,,,,,,,,,,,,,2024147530
2024-06-04,1:35:00,COM VÍTIMA,FINALIZADA,BOA VISTA,AV CONDE DA BOA VISTA,0,,RUA DOM BOSCO,SEMÁFORO 027,,,,BOA VISTA,COLISÃO LATERAL,,1,1,0,0,0,0,0,0,0,1,0,270,,,,,,,,,,,,,,,,2024147540
2024-06-04,2:48:00,COM VÍTIMA,FINALIZADA,BONGI,RUA ISAAC MARKMAN,3,510,,EM FRENTE A SECRETARIA DE SAUDE DO ESTADO,,,,BONGI,COLISÃO,,0,1,0,0,0,0,0,0,0,1,0,,,,,,,,,,,,,,,,,2024147590
2024-06-04,5:48:00,COM VÍTIMA,FINALIZADA,BOA VISTA,RUA DR BANDEIRA FILHO,0,,AV GOVERNADOR AGAMENON MAGALHAES,EM CIMA DA PONTE,,,,BOA VISTA,COLISÃO LATERAL,,2,0,0,0,0,0,0,0,0,1,0,,,,,,,,,,,,,,,,,2024147720
2024-06-04,6:56:00,COM VÍTIMA,FINALIZADA,IBURA,AV DOIS RIOS,2,52,,"IBURA DE BAIXO, PROXIMO A POLICLINICA ARNALDO  MARQUES E EM FRENTE AO HOTEL GIRADOURO",,,,IBURA,COLISÃO,,0,1,0,0,0,0,0,0,0,1,0,,,,,,,,,,,,,,,,,2024147750
2024-06-05,6:50:00,COM VÍTIMA,FINALIZADA,IBURA,AV RIO LARGO,0,,,IBURA UR-02 AO LADO DO MERCADINHO PR,,,,IBURA,COLISÃO LATERAL,,0,1,0,0,0,0,0,0,0,1,0,,,,,,,,,,,,,,,,,2024148000
2024-06-05,6:55:00,COM VÍTIMA,FINALIZADA,IMBIRIBEIRA,AV MARECHAL MASCARENHAS DE MORAES,0,,,EM FRNTE A CONCESSIONARIA MEIRA LINS,,,,IMBIRIBEIRA,COLISÃO LATERAL,,0,1,0,0,0,0,0,0,0,1,0,,,,,,,,,,,,,,,,,2024148010
2024-06-05,7:11:00,COM VÍTIMA,FINALIZADA,BOA VISTA,AV MANOEL BORBA,0,,,"EM FRENTE AO HOTEL CENTRAL, CRUZAMENTO",,,,BOA VISTA,COLISÃO LATERAL,,1,1,0,0,0,0,0,0,0,1,0,,,,,,,,,,,,,,,,,2024148030
2024-06-05,8:16:00,COM VÍTIMA,FINALIZADA,ENCRUZILHADA,RUA AMARO COUTINHO,3,447,,PROX AO BAR DO TONHÃO  // PROX AO BOB'S BAR,,,,ENCRUZILHADA,COLISÃO,,0,1,0,0,0,0,0,0,0,1,0,,,,,,,,,,,,,,,,,2024148090
2024-06-05,8:20:00,COM VÍTIMA,FINALIZADA,IPUTINGA,RUA PADRE ANTONIO LA GRECA,6,159 R3,,POR TRÁS DA SEDE DO PERNAMBUCO DA SORTE  // PRÓX AO MERCADINHO ASRCO MIX // RUA SEM SAÍDA,,,,IPUTINGA,COLISÃO,,0,1,0,0,0,0,0,0,0,1,0,,,,,,,,,,,,,,,,,2024148110
2024-06-05,8:46:00,COM VÍTIMA,FINALIZADA,AREIAS,AV DR JOSE RUFINO,0,,,PROX AO POSTO SHELL / PROX A IGREJA PRESBITERIANA E CRUZAMENTO COM  JOSE NATARIO,,,,AREIAS,COLISÃO FRONTAL,,1,1,0,0,0,0,0,0,0,2,0,,,,,,,,,,,,,,,,,2024148140
2024-06-05,11:29:00,COM VÍTIMA,FINALIZADA,BOA VIAGEM,AV BOA VIAGEM,4,4700,,EM FRENTE AO QUIOQUE 35 E EDIFICIO TEGO VIA,,,,BOA VIAGEM,COLISÃO TRASEIRA,,0,1,0,0,0,0,0,0,1,1,0,,,,,,,,,,,,,,,,,2024148390
2024-06-05,12:56:00,COM VÍTIMA,FINALIZADA,BOA VISTA,PTE PRINCESA IZABEL,3,S/N,,NA DESCIDA DA PONTE DO PALÁCIO DAS PRINCESAS,,,,BOA VISTA,COLISÃO,,0,1,0,0,0,0,0,0,0,1,0,,,,,,,,,,,,,,,,,2024148480
2024-06-05,2:39:00,COM VÍTIMA,FINALIZADA,IMBIRIBEIRA,RUA CACHOEIRA,3,281,,PROXIMO A ETIQUETAS GUARARAPES,,,,IMBIRIBEIRA,COLISÃO,,0,1,0,0,0,0,0,0,0,1,0,,,,,,,,,,,,,,,,,2024148590
2024-06-05,2:44:00,COM VÍTIMA,FINALIZADA,IMBIRIBEIRA,RUA JEAN EMILE FAVRE,4,2712,,NA ENTRADA DO IPSEP /RUA EM FRENTE A CHEVROLET,,,,IMBIRIBEIRA,COLISÃO TRASEIRA,,1,1,0,0,0,0,0,0,0,1,0,,,,,,,,,,,,,,,,,2024148600
2024-06-05,3:20:00,COM VÍTIMA,FINALIZADA,SANTO AMARO,AV CRUZ CABUGA,0,,,EM FRENTE AO SHOPPING TACARUNA,,,,SANTO AMARO,COLISÃO,,0,1,0,0,0,0,0,0,0,1,0,,,,,,,,,,,,,,,,,2024148630
2024-06-05,4:02:00,COM VÍTIMA,FINALIZADA,MADALENA,RUA CLOVIS BEVILAQUA,2,50,,,,,,MADALENA,COLISÃO,,2,1,0,0,0,0,0,0,0,1,0,,,,,,,,,,,,,,,,,2024148680
2024-06-05,5:22:00,COM VÍTIMA,FINALIZADA,SAO JOSE,TRV DO ARSENAL DE GUERRA,2,89,,EM FRENTE ALOJA NARCISO,,,,SAO JOSE,COLISÃO,,0,1,0,0,0,0,0,0,0,1,0,,,,,,,,,,,,,,,,,2024148780
2024-06-05,6:11:00,COM VÍTIMA,FINALIZADA,CORDEIRO,RUA DR MIGUEL VIEIRA FERREIRA,3,659,RUA DR MIGUEL VIEIRA FERREIRA,PROXIMO A CAMPEL GRAFICA,,,,CORDEIRO,COLISÃO TRASEIRA,,1,1,0,0,0,0,0,0,0,1,0,,,,,,,,,,,,,,,,,2024148830
2024-06-05,7:25:00,COM VÍTIMA,FINALIZADA,ROSARINHO,AV NORTE MIGUEL ARRAES DE ALENCAR,4,2881,,E/F HOSPITAL JORGE MEDEIROS,,,,ROSARINHO,COLISÃO TRASEIRA,,1,1,0,0,0,0,0,0,0,1,0,,CIDADE,,,,,,,,,,,,,,,2024148920
2024-06-05,9:03:00,COM VÍTIMA,FINALIZADA,BOA VIAGEM,AV BOA VIAGEM,3,114,,LADO OPOSTO QUIOSQUE 59,,,,BOA VIAGEM,CHOQUE,,1,1,0,0,0,0,0,0,0,2,0,,,,,,,,,,,,,,,,,2024148970
2024-06-06,4:58:00,COM VÍTIMA,FINALIZADA,MADALENA,RUA REAL DA TORRE,4,1069,RUA PADRE ANCHIETA,,,,,MADALENA,COLISÃO FRONTAL,,2,0,0,0,0,0,0,0,0,1,0,,,,,,,,,,,,,,,,,2024149120
2024-06-06,8:11:00,COM VÍTIMA,FINALIZADA,BARRO,AV DR JOSE RUFINO,4,1897,RUA PEDRO JOSE VIEIRA,DE FRENTE AO PONTO IMPERIO,,,,BARRO,COLISÃO TRASEIRA,,1,1,0,0,0,0,0,0,0,1,0,,,,,,,,,,,,,,,,,2024149350
2024-06-06,8:41:00,COM VÍTIMA,FINALIZADA,PRADO,AV ENGENHEIRO ABDIAS DE CARVALHO,4,6914,,"EM FRENTE A FUNASE, APÓS O NOVO ATACAREJO, SENTIDO CIDADE",,,,PRADO,COLISÃO,,0,1,0,0,0,0,0,0,0,1,0,,,,,,,,,,,,,,,,,2024149380
2024-06-06,10:05:00,COM VÍTIMA,FINALIZADA,CASA AMARELA,AV NORTE MIGUEL ARRAES DE ALENCAR,0,,,PROX A MOTO SHOPPING AV NORTE / PROX A IHGREJA DO AMOR,,,,CASA AMARELA,COLISÃO,,0,1,0,0,0,0,0,0,0,1,0,,,,,,,,,,,,,,,,,2024149470
2024-06-06,10:05:00,COM VÍTIMA,FINALIZADA,ILHA DO RETIRO,RUA JOSE MUCIO MONTEIRO,0,,,"PROX. A ESCOLA POLITECNICA, LE BISCUIT E CECAPE",,,,ILHA DO RETIRO,COLISÃO LATERAL,,0,1,0,0,0,0,0,0,0,1,0,,,,,,,,,,,,,,,,,2024149480
2024-06-06,10:32:00,COM VÍTIMA,FINALIZADA,ILHA JOANA BEZERRA,AV ADVOGADO JOSE PAULO CAVALCANTI,0,,,EM FRENTE AO FORUM DE JOANA BEZERRA,,,,ILHA JOANA BEZERRA,COLISÃO LATERAL,,1,1,0,0,0,0,0,0,0,1,0,,,,,,,,,,,,,,,,,2024149550
2024-06-06,1:24:00,COM VÍTIMA,FINALIZADA,IMBIRIBEIRA,RUA VALE DO ITAJAI,0,,,PROXIMO A IGREJA PRESBITERIANA,,,,IMBIRIBEIRA,COLISÃO,,0,0,0,0,0,0,0,0,0,1,0,,,,,,,,,,,,,,,,,2024149750
2024-06-06,2:15:00,COM VÍTIMA,FINALIZADA,CASA AMARELA,EST DO ARRAIAL,4,1720,,PROXIMO A COMPESA E APÓS O COLEGIO NILO PEREIRA,,,,CASA AMARELA,COLISÃO,,0,1,0,0,0,0,0,0,0,1,0,,,,,,,,,,,,,,,,,2024149810
2024-06-06,3:13:00,COM VÍTIMA,FINALIZADA,COHAB,AV RIO LARGO,2,15,,ARMAZEM ESQUINA DA CONSTRUÇÃO,,,,COHAB,COLISÃO,,0,1,0,0,0,0,0,0,0,1,0,,,,,,,,,,,,,,,,,2024149890