data,hora,natureza_acidente,situacao,bairro,endereco,,numero,detalhe_endereco_acidente,complemento,endereco_cruzamento,numero_cruzamento,referencia_cruzamento,bairro_cruzamento,tipo,descricao,auto,moto,ciclom,ciclista,pedestre,onibus,caminhao,viatura,outros,vitimas,vitimasfatais,num_semaforo,sentido_via,acidente_verificado,tempo_clima,situacao_semaforo,sinalizacao,condicao_via,conservacao_via,ponto_controle,situacao_placa,velocidade_max_via,mao_direcao,divisao_via1,divisao_via2,divisao_via3,_id,Protocolo
2024-06-20,1:43:00,COM VÍTIMA,FINALIZADA,SAO JOSE,RUA DAS CALCADAS,3,107,,E/F AO ATACADO DOS PRESENTES,,,,SAO JOSE,COLISÃO,,0,0,0,0,0,0,0,0,0,1,0,,,,,,,,,,,,,,,,,2024165370
2024-06-20,1:47:00,COM VÍTIMA,FINALIZADA,CASA FORTE,RUA DEZENOVE DE AGOSTO,4,1338,,E/F AO BANCO DO BRASIL,,,,CASA FORTE,COLISÃO,,0,0,0,0,0,0,0,0,0,1,0,,,,,,,,,,,,,,,,,2024165380
2024-06-20,2:22:00,COM VÍTIMA,FINALIZADA,AFOGADOS,RUA SAO MIGUEL,0,,,EM FRENTE AO RESTAURANTE BODE DO NÓ,,,,AFOGADOS,COLISÃO LATERAL,,1,1,0,0,0,0,0,0,0,1,0,,,,,,,,,,,,,,,,,2024165420
2024-06-20,2:58:00,COM VÍTIMA,FINALIZADA,TOTO,RUA ONZE DE AGOSTO,3,689,,E/F AO ARMAZEM BR COSNTRUÇOES,,,,TOTO,COLISÃO,,0,0,0,0,0,0,0,0,0,1,0,,,,,,,,,,,,,,,,,2024165450
2024-06-20,3:04:00,VÍTIMA FATAL,FINALIZADA,IPUTINGA,RUA OSVALDO GUIMARAES,3,258,,"PROX A GALERIA ,MARCELA",,,,IPUTINGA,COLISÃO,,0,0,0,0,0,0,0,0,0,0,1,,,,,,,,,,,,,,,,,2024165470
2024-06-20,4:05:00,COM VÍTIMA,FINALIZADA,SAN MARTIN,AV GENERAL SAN MARTIN,4,910A,,PROX AO CORREIOS,,,,SAN MARTIN,COLISÃO COM CICLISTA,,1,0,0,1,0,0,0,0,0,1,0,,,,,,,,,,,,,,,,,2024165510
2024-06-20,5:17:00,COM VÍTIMA,FINALIZADA,TEJIPIO,AV CENTRAL,0,,,SAIDA DA BR  PROX A ESTAÇAO DO BARRO,,,,TEJIPIO,COLISÃO,,0,0,0,0,0,0,0,0,0,1,0,,,,,,,,,,,,,,,,,2024165550
2024-06-20,5:49:00,COM VÍTIMA,FINALIZADA,SAO JOSE,RUA IMPERIAL,4,2630,,PROX A CONCORDIAÇOS,,,,SAO JOSE,COLISÃO,,0,0,0,0,0,0,0,0,0,1,0,,,,,,,,,,,,,,,,,2024165580
2024-06-20,6:57:00,COM VÍTIMA,FINALIZADA,AREIAS,RUA GENERAL FRANCISCO FIGUEIROA,3,152,,NA RUA DA SAIDA DO CARREFOUR DE AREIAS,,,,AREIAS,COLISÃO,,0,1,0,0,0,0,0,0,0,1,0,,,,,,,,,,,,,,,,,2024165610
2024-06-20,7:38:00,COM VÍTIMA,FINALIZADA,JARDIM SAO PAULO,RUA LEANDRO BARRETO,0,,,INICIO DO VIADUTO,,,,JARDIM SAO PAULO,COLISÃO,,0,1,1,0,0,0,0,0,0,1,0,,,,,,,,,,,,,,,,,2024165630
2024-06-20,8:05:00,COM VÍTIMA,FINALIZADA,ILHA JOANA BEZERRA,RUA CAPITAO TEMUDO,0,,,SOBRE O VIADUTO,,,,JOANA BEZERRA,COLISÃO,,0,1,0,0,0,0,0,0,0,1,0,,,,,,,,,,,,,,,,,2024165640
2024-06-20,10:56:00,COM VÍTIMA,FINALIZADA,TORRE,AV CAXANGA,0,,RUA SOUZA BANDEIRA,,,,,TORRE,COLISÃO TRANSVERSAL,,1,1,0,0,0,0,0,0,0,1,0,,,,,,,,,,,,,,,,,2024165690
2024-06-21,6:45:00,COM VÍTIMA,FINALIZADA,IMBIRIBEIRA,AV MARECHAL MASCARENHAS DE MORAES,0,,,"AO LADO DA INFRAERO, APOS O VIADUTO DO JORDAO",,,,IMBIRIBEIRA,COLISÃO LATERAL,,1,0,0,0,0,0,0,0,0,1,0,,,,,,,,,,,,,,,,,2024165810
2024-06-21,8:33:00,COM VÍTIMA,FINALIZADA,BONGI,AV GENERAL SAN MARTIN,0,,,EM FRENTE A CENTRAL DOS CORREIOS,,,,BONGI,COLISÃO,,0,1,0,0,0,0,0,0,0,1,0,,,,,,,,,,,,,,,,,2024166050
2024-06-21,10:18:00,COM VÍTIMA,FINALIZADA,COHAB,AV SERRA DA MANTIQUEIRA,0,,,"AO LADO DO SOCITY PERNA DE PAU, NA DESCIDA DA LADEIRA MONTEVERDE",,,,COHAB,COLISÃO,,0,1,0,0,0,0,0,0,0,1,0,,,,,,,,,,,,,,,,,2024166110
2024-06-21,10:48:00,COM VÍTIMA,FINALIZADA,COELHOS,PTE JOAQUIM CARDOSO,0,,,EMBAIXO DO VIADUTO DO METRO ANTES DE SUBIR A PONTE QUE DA ACESSO AO HOSPITAL IMIP,,,,COELHOS,COLISÃO,,1,1,0,0,0,0,0,0,0,1,0,,,,,,,,,,,,,,,,,2024166190
2024-06-21,2:06:00,COM VÍTIMA,FINALIZADA,SANTO AMARO,AV CRUZ CABUGA,0,,,AO LADO DO  CEMITERIO DOS INGLESES,,,,SANTO AMARO,COLISÃO,,0,0,0,0,0,0,0,0,0,1,0,,,,,,,,,,,,,,,,,2024166350
2024-06-21,3:04:00,COM VÍTIMA,FINALIZADA,DOIS IRMAOS,RUA MANUEL DE MEDEIROS,0,,,E/F  A UFRPE  E A BIBLIOTEA CENTRAL,,,,DOIS IRMAOS,COLISÃO,,1,1,0,0,0,0,0,0,0,1,0,,,,,,,,,,,,,,,,,2024166430
2024-06-21,4:45:00,COM VÍTIMA,FINALIZADA,ALTO JOSE DO PINHO,COR DO BARTOLOMEU,3,346,,PROX A PADARIA ANDREA,,,,ALTO JOSE DO PINHO,COLISÃO,,0,0,0,0,0,0,0,0,0,1,0,,,,,,,,,,,,,,,,,2024166510
2024-06-21,6:57:00,COM VÍTIMA,FINALIZADA,JARDIM SAO PAULO,RUA LEANDRO BARRETO,3,275,,PROXIMO A IGREJA ASSEMBLEIA DE DEUS // PROX A GALERIA VERDE,,,,JARDIM SAO PAULO,COLISÃO,,0,1,0,0,0,0,0,0,0,1,0,,,,,,,,,,,,,,,,,2024166640
2024-06-21,7:47:00,COM VÍTIMA,FINALIZADA,BOA VIAGEM,AV ENGENHEIRO DOMINGOS FERREIRA,0,,RUA ERNESTO DE PAULA SANTOS,E/F DOM FERREIRO FORNERIA,,,,BOA VIAGEM,COLISÃO LATERAL,,1,1,0,0,0,0,0,0,0,1,0,,,,,,,,,,,,,,,,,2024166650
2024-06-21,10:42:00,COM VÍTIMA,FINALIZADA,JIQUIA,RUA SAO MIGUEL,0,,,EM FRENTE AO BODE DO NÔ,,,,JIQUIA,COLISÃO FRONTAL,,1,1,0,0,0,0,0,0,0,1,0,,,,,,,,,,,,,,,,,2024166750
2024-06-22,12:06:00,COM VÍTIMA,FINALIZADA,BOA VIAGEM,AV FERNANDO SIMOES BARBOSA,3,380,,SENTIDO PIEDADE - E/F FRENTE AO GRUPO SEGUE E POSTO SHELL,,,,BOA VIAGEM,COLISÃO TRASEIRA,,0,2,0,0,0,0,0,0,0,2,0,,,,,,,,,,,,,,,,,2024166780
2024-06-22,9:41:00,COM VÍTIMA,FINALIZADA,IPUTINGA,AV PROFESSOR MORAES REGO,0,,,AO LADO HOTEL EROS,,,,IPUTINGA,COLISÃO LATERAL,,0,1,0,0,0,0,0,0,0,1,0,,,,,,,,,,,,,,,,,2024166980
2024-06-22,11:29:00,COM VÍTIMA,FINALIZADA,IMBIRIBEIRA,AV MARECHAL MASCARENHAS DE MORAES,0,,,"EM FRENTE AO ARMAZEM WL, PROX. A LOJA DE PISCINAS SPLASH",,,,IMBIRIBEIRA,COLISÃO,,0,1,0,0,0,0,0,0,0,1,0,,,,,,,,,,,,,,,,,2024167070
2024-06-22,1:42:00,COM VÍTIMA,FINALIZADA,IBURA,AV DOIS RIOS,3,315,,E/F ACADEMIA MOTIVE,,,,IBURA,COLISÃO,,0,0,0,0,0,0,0,0,0,1,0,,,,,,,,,,,,,,,,,2024167150
2024-06-22,3:50:00,COM VÍTIMA,FINALIZADA,TAMARINEIRA,RUA CONEGO BARATA,0,,,E/F AO DNOCS  S/T SUB,,,,TAMARINEIRA,COLISÃO TRASEIRA,,1,1,0,0,0,0,0,0,0,1,0,,,,,,,,,,,,,,,,,2024167260
2024-06-22,3:51:00,COM VÍTIMA,FINALIZADA,IMBIRIBEIRA,RUA ARQUITETO LUIZ NUNES,0,,,NA FRENTE DA IGREJA DOS MORMOS,,,,IMBIRIBEIRA,COLISÃO FRONTAL,,2,0,0,0,0,0,0,0,0,1,0,,,,,,,,,,,,,,,,,2024167270
2024-06-22,7:08:00,COM VÍTIMA,FINALIZADA,VASCO DA GAMA,RUA PLANALTO,0,,,SUBIDA ALTO NOSSA SENHORA DE FÁTIMA,,,,VASCO DA GAMA,COLISÃO,,1,1,0,0,0,0,0,0,0,1,0,,,,,,,,,,,,,,,,,2024167380
2024-06-23,2:41:00,COM VÍTIMA,FINALIZADA,CAMPO GRANDE,RUA PROFESSOR FRANCISCO DA TRINDADE,0,,RUA CATULO DA PAIXAO CEARENSE,,,,,CAMPO GRANDE,COLISÃO LATERAL,,0,2,0,0,0,0,0,0,0,2,0,,,,,,,,,,,,,,,,,2024167720
2024-06-23,3:18:00,COM VÍTIMA,FINALIZADA,AFOGADOS,RUA SAO MIGUEL,0,,,EM FRENTE A CLEITON AUTO PEÇAS E SERVIÇOS,,,,AFOGADOS,COLISÃO TRASEIRA,,1,1,0,0,0,0,0,0,0,1,0,,,,,,,,,,,,,,,,,2024167730
2024-06-24,1:14:00,COM VÍTIMA,FINALIZADA,CAMPO GRANDE,AV PROFESSOR JOSE DOS ANJOS,3,150,,BAR DO ZÉ,,,,CAMPO GRANDE,ATROPELAMENTO DE PESSOA,,0,1,0,0,1,0,0,0,0,1,0,,,,,,,,,,,,,,,,,2024167830
2024-06-24,3:44:00,COM VÍTIMA,FINALIZADA,TAMARINEIRA,EST DO ARRAIAL,0,,RUA PADRE ROMA,CASAS JOSE ARAUJO,,,,TAMARINEIRA,COLISÃO TRANSVERSAL,,1,1,0,0,0,0,0,0,0,1,0,610,,,,,,,,,,,,,,,,2024167840
2024-06-24,5:09:00,COM VÍTIMA,FINALIZADA,BOA VIAGEM,RUA ERNESTO DE PAULA SANTOS,0,,RUA VISCONDE DE JEQUITINHONHA,,,,,BOA VIAGEM,COLISÃO LATERAL,,0,1,0,0,0,1,0,0,0,2,0,,,,,,,,,,,,,,,,,2024167870
2024-06-24,5:39:00,COM VÍTIMA,FINALIZADA,IPSEP,AV RECIFE,0,,RUA JEAN EMILE FAVRE,PROXIMO PADARIA VILA DO PÃO,,,,IPSEP,COLISÃO COM CICLISTA,,0,0,0,1,0,1,0,0,0,1,0,,,,,,,,,,,,,,,,,2024168090
2024-06-25,3:43:00,COM VÍTIMA,FINALIZADA,BARRO,AV DR JOSE RUFINO,0,,,"SENTIDO TEJIPIO, EM CIMA DO VIADUTO",,,,BARRO,COLISÃO,,0,2,0,0,0,0,0,0,0,3,0,,SUBURBIO,,,,,,,,,,,,,,,2024168230
2024-06-25,7:11:00,COM VÍTIMA,FINALIZADA,CAXANGA,AV CAXANGA,0,,,EM FRENTE AO POSTO IPIRANGA SENTIDO CENTRO,,,,CAXANGA,COLISÃO LATERAL,,1,1,0,0,0,0,0,0,0,1,0,,,,,,,,,,,,,,,,,2024168330
2024-06-25,7:31:00,COM VÍTIMA,FINALIZADA,CAMPO GRANDE,RUA FARIAS NEVES,3,627,,POR TRÁS DO CAMPO DO ELITE,,,,CAMPO GRANDE,COLISÃO LATERAL,,1,1,0,0,0,0,0,0,0,1,0,,,,,,,,,,,,,,,,,2024168340
2024-06-25,7:37:00,COM VÍTIMA,FINALIZADA,CAMPO GRANDE,RUA MARIO SETE,3,557,RUA MARQUES DE ABRANTES,PROX. AO RESTAURANTE  ESPAÇO TO EM CASA,,,,CAMPO GRANDE,COLISÃO LATERAL,,2,0,0,0,0,0,0,0,0,1,0,,,,,,,,,,,,,,,,,2024168350
2024-06-25,9:15:00,COM VÍTIMA,FINALIZADA,AFOGADOS,RUA SAO MIGUEL,0,,,PRÓXIMO AO QUARTEL,,,,AFOGADOS,COLISÃO,,0,0,0,0,0,0,0,0,0,1,0,,,,,,,,,,,,,,,,,2024168460
2024-06-25,11:45:00,VÍTIMA FATAL,FINALIZADA,ARRUDA,AV PROFESSOR JOSE DOS ANJOS,0,,,EM FRENTE A UPA,,,,ARRUDA,COLISÃO LATERAL,,0,1,0,0,0,0,0,0,0,1,1,,,,,,,,,,,,,,,,,2024168680
2024-06-25,11:58:00,COM VÍTIMA,FINALIZADA,SANTO AMARO,RUA DR CARLOS CHAGAS,0,,AV JOAO DE BARROS,,,,,SANTO AMARO,COLISÃO LATERAL,,0,1,0,0,0,0,0,0,1,1,0,,,,,,,,,,,,,,,,,2024168700
2024-06-25,1:05:00,COM VÍTIMA,FINALIZADA,IMBIRIBEIRA,RUA PINTOR LULA CARDOSO AYRES,0,,,EM FRENTE A DISTRIBUIDORA ITAGUARI,,,,IMBIRIBEIRA,COLISÃO FRONTAL,,1,1,0,0,0,0,0,0,0,1,0,,,,,,,,,,,,,,,,,2024168820
2024-06-25,2:32:00,COM VÍTIMA,FINALIZADA,ILHA DO RETIRO,AV ENGENHEIRO ABDIAS DE CARVALHO,0,,,,,,,ILHA DO RETIRO,COLISÃO LATERAL,,1,1,0,0,0,0,0,0,0,1,0,3550,,,,,,,,,,,,,,,,2024168860
2024-06-25,5:48:00,COM VÍTIMA,FINALIZADA,CORDEIRO,AV PROFESSOR JOAQUIM CAVALCANTI,0,,,PROX AO HOTEL APICE,,,,CORDEIRO,COLISÃO,,0,1,0,0,0,0,0,0,0,1,0,,,,,,,,,,,,,,,,,2024169090
2024-06-25,6:59:00,COM VÍTIMA,FINALIZADA,MADALENA,RUA BENFICA,3,404,PRC DO INTERNACIONAL,,,,,MADALENA,COLISÃO,,0,1,0,0,0,0,0,0,0,1,0,,,,,,,,,,,,,,,,,2024169180
2024-06-26,6:58:00,COM VÍTIMA,FINALIZADA,BOA VIAGEM,RUA TENENTE JOAO CICERO,0,,,RUA DO COLEGIO SANTA MARIA,,,,BOA VIAGEM,COLISÃO,,1,1,0,0,0,0,0,0,0,1,0,,,,,,,,,,,,,,,,,2024169410
2024-06-26,7:18:00,COM VÍTIMA,FINALIZADA,BOA VISTA,RUA GERVASIO PIRES,3,499,,PRÓXIMO AO HGR,,,,BOA VISTA,COLISÃO LATERAL,,2,0,0,0,0,0,0,0,0,1,0,,,,,,,,,,,,,,,,,2024169440
2024-06-26,8:23:00,COM VÍTIMA,FINALIZADA,MADALENA,RUA BENFICA,0,,AV VISCONDE DE ALBUQUERQUE,EM FRENTE  AO BOMPREÇO COM AV VISCONDE DE ABULQUERQUE,,,,MADALENA,COLISÃO,,0,1,0,0,0,0,0,0,0,1,0,,,,,,,,,,,,,,,,,2024169660
2024-06-26,8:28:00,COM VÍTIMA,FINALIZADA,IPSEP,AV RECIFE,4,2826,,EM FRENTE A ARAUTO BIU / SENTIDO AERPORTO,,,,IPSEP,COLISÃO,,2,2,0,0,0,0,0,0,0,1,0,,,,,,,,,,,,,,,,,2024169680
2024-06-26,12:27:00,COM VÍTIMA,FINALIZADA,IBURA,AV PERNAMBUCO,0,,,UR-01 IBURA EM FRENTE AO CLUBE NACIONAL,,,,IBURA,COLISÃO,,0,1,0,0,0,0,0,0,0,1,0,,,,,,,,,,,,,,,,,2024169940
2024-06-26,2:32:00,COM VÍTIMA,FINALIZADA,CAJUEIRO,AV CIDADE DE MONTEIRO,3,380,,E/F AO ARMAZEM CORAL ACHAQUI,,,,CAJUEIRO,COLISÃO LATERAL,,1,1,0,0,0,0,0,0,0,1,0,,,,,,,,,,,,,,,,,2024170040
2024-06-26,12:00:00,COM VÍTIMA,FINALIZADA,BRASILIA TEIMOSA,RUA FRANCISCO VALPASSOS,3,216,,EM FRENTE A ESCOLA CHEATEAUBRIAND,,,,BRASILIA TEIMOSA,COLISÃO,,0,0,0,1,0,0,0,0,0,1,0,,,,,,,,,,,,,,,,,2024170060
2024-06-26,3:31:00,COM VÍTIMA,FINALIZADA,ESTANCIA,AV RECIFE,0,,,NA DESCIDA DO VIADUTO DO MAKRO  NO PONTILHAO DO METRO  DA ESTAÇAO SANTA LUZIA S/T CEASA,,,,ESTANCIA,COLISÃO TRASEIRA,,1,1,0,0,0,0,0,0,0,1,0,,,,,,,,,,,,,,,,,2024170070
2024-06-26,6:25:00,COM VÍTIMA,FINALIZADA,BOA VIAGEM,AV CELSO FURTADO,0,,,EM FRENTE AO NOVO PARQUE,,,,BOA VIAGEM,COLISÃO TRASEIRA,,1,2,0,0,0,0,0,0,0,1,0,,,,,,,,,,,,,,,,,2024170190
2024-06-26,6:32:00,COM VÍTIMA,FINALIZADA,CAMPO GRANDE,EST DE BELEM,4,1669,,PROX A ESCOLA MENINO JESUS E AO CRUZMANTO DA RUA MARIO SETE,,,,CAMPO GRANDE,COLISÃO,,0,1,0,0,0,0,0,0,0,1,0,,,,,,,,,,,,,,,,,2024170200
2024-06-26,10:15:00,COM VÍTIMA,FINALIZADA,ROSARINHO,RUA CAPITAO SAMPAIO XAVIER,3,392,,ARMAZEM QUATRO CANTOS,,,,ROSARINHO,COLISÃO,,1,1,0,0,0,0,0,0,0,1,0,,,,,,,,,,,,,,,,,2024170270
2024-06-27,7:02:00,COM VÍTIMA,FINALIZADA,IBURA,AV RIO LARGO,0,,,EM FRENTE AO MERCADINHO PROABI,,,,IBURA,COLISÃO LATERAL,,0,0,0,1,0,1,0,0,0,1,0,,,,,,,,,,,,,,,,,2024170360
2024-06-27,7:45:00,COM VÍTIMA,FINALIZADA,IPUTINGA,AV HISTORIAD JORDAO EMERENCIANO,3,249,,POR TRÁS DO DETRAN / POR TRÁS DO ATACADÃO BR,,,,IPUTINGA,COLISÃO LATERAL,,1,1,0,0,0,0,0,0,0,1,0,,,,,,,,,,,,,,,,,2024170540
2024-06-27,7:51:00,COM VÍTIMA,FINALIZADA,CAMPO GRANDE,RUA MARQUES DE BAIPENDI,0,,,AO LADO DA FABRICA DA COCA COLA,,,,CAMPO GRANDE,COLISÃO,,0,1,0,0,0,0,0,0,0,1,0,,,,,,,,,,,,,,,,,2024170550
2024-06-27,8:07:00,COM VÍTIMA,FINALIZADA,CASA AMARELA,AV NORTE MIGUEL ARRAES DE ALENCAR,0,,,PROX. AO DESKONTAO,,,,CASA AMARELA,COLISÃO,,0,1,0,0,0,0,0,0,0,1,0,,,,,,,,,,,,,,,,,2024170570
2024-06-27,9:00:00,COM VÍTIMA,FINALIZADA,TORROES,AV ENGENHEIRO ABDIAS DE CARVALHO,0,,,APOS O VIADUTO NA LATERAL DO HOSPITAL DA MULHER SENT. ABDIAS,,,,TORROES,COLISÃO,,0,1,0,0,0,0,0,0,0,1,0,,,,,,,,,,,,,,,,,2024170600
2024-06-27,10:42:00,COM VÍTIMA,FINALIZADA,CAMPO GRANDE,AV PROFESSOR JOSE DOS ANJOS,0,,,"PROX. A IGREJA ADVENTISTA DO SETIMO DIA, SENT. PEIXINHOS",,,,CAMPO GRANDE,COLISÃO,,0,1,0,0,0,0,0,0,0,1,0,,,,,,,,,,,,,,,,,2024170720
2024-06-27,1:00:00,COM VÍTIMA,FINALIZADA,BOA VIAGEM,AV CONSELHEIRO AGUIAR,0,,RUA CORONEL BENEDITO CHAVES,,,,,BOA VIAGEM,ATROPELAMENTO DE PESSOA,,1,0,0,0,1,0,0,0,0,1,0,,,,,,,,,,,,,,,,,2024170840
2024-06-27,3:49:00,COM VÍTIMA,FINALIZADA,ESTANCIA,AV RECIFE,5,12225,,EM FRENTE AO ROYAL DEPOIS DO SUPERMERCADO ATACADÃO SENTIDO CAXANGA,,,,ESTANCIA,COLISÃO,,0,1,0,0,0,0,0,0,0,1,0,,,,,,,,,,,,,,,,,2024170950
2024-06-27,4:51:00,COM VÍTIMA,FINALIZADA,VARZEA,AV CAXANGA,0,,,EM FRENTE A UPA DA CXANGA NO CRUZAMENTO,,,,VARZEA,COLISÃO,,0,1,0,0,0,0,0,0,0,1,0,,,,,,,,,,,,,,,,,2024170990
2024-06-27,5:05:00,COM VÍTIMA,FINALIZADA,AREIAS,AV DR JOSE RUFINO,4,2368,,EM FRENTE A IGREJA SANTA LUZIA E EMBAIXO DO VIADUTO DA AV RECIFE,,,,AREIAS,COLISÃO,,0,1,0,0,0,0,0,0,0,1,0,,,,,,,,,,,,,,,,,2024171060
2024-06-27,9:28:00,COM VÍTIMA,FINALIZADA,VARZEA,RUA GENERAL POLIDORO,0,,AV PROFESSOR ARTUR DE SA,,,,,VARZEA,COLISÃO LATERAL,,0,1,0,0,0,1,0,0,0,1,0,,,,,,,,,,,,,,,,,2024171190
2024-06-28,6:08:00,COM VÍTIMA,FINALIZADA,DOIS IRMAOS,RUA DOIS IRMAOS,4,1117,,EM FRENTE AO LAFEPE,,,,DOIS IRMAOS,COLISÃO,,0,1,0,0,0,0,0,0,0,1,0,,,,,,,,,,,,,,,,,2024171270
2024-06-28,7:07:00,COM VÍTIMA,FINALIZADA,ARRUDA,RUA PETRONILA BOTELHO,0,,AV PROFESSOR JOSE DOS ANJOS,,,,,ARRUDA,COLISÃO,,1,1,0,0,0,0,0,0,0,1,0,,,,,,,,,,,,,,,,,2024171360
2024-06-28,7:29:00,COM VÍTIMA,FINALIZADA,BOA VIAGEM,AV ARMINDO MOURA,3,581,,EM FRENTE AO QUARTEL DA AERONAUTICA  E PADARIA DANIELE,,,,BOA VIAGEM,COLISÃO FRONTAL,,1,1,0,0,0,0,0,0,0,1,0,,,,,,,,,,,,,,,,,2024171370
2024-06-28,8:24:00,COM VÍTIMA,FINALIZADA,CAXANGA,AV CAXANGA,0,,,PROX. A INTEGRAÇÃ E POSTO DE GASOLINA SHELL,,,,CAXANGA,COLISÃO,,0,1,0,0,0,0,0,0,0,1,0,,,,,,,,,,,,,,,,,2024171470
2024-06-28,10:37:00,COM VÍTIMA,FINALIZADA,BOA VIAGEM,AV DOM JOAO VI,4,1003,,EM FRENTE AO NUMERO 1003 PROX AO SHOPPING RECIFE,,,,BOA VIAGEM,COLISÃO,,0,1,0,0,0,0,0,0,0,1,0,,,,,,,,,,,,,,,,,2024171590
2024-06-28,11:37:00,COM VÍTIMA,FINALIZADA,BOA VIAGEM,RUA VISCONDE DE JEQUITINHONHA,4,1400,,AO LADO DO RECIFE FLAT VIA LOCAL,,,,BOA VIAGEM,COLISÃO,,0,1,0,0,0,0,0,0,0,1,0,,,,,,,,,,,,,,,,,2024171700
2024-06-28,12:45:00,COM VÍTIMA,FINALIZADA,ILHA DO RETIRO,AV ENGENHEIRO ABDIAS DE CARVALHO,0,,,EM FRENTE A MC DONALDS SENTIDO RECIFE,,,,ILHA DO RETIRO,COLISÃO,,0,1,0,0,0,0,0,0,0,1,0,,,,,,,,,,,,,,,,,2024171740
2024-06-28,3:37:00,COM VÍTIMA,FINALIZADA,COELHOS,PTE JOAQUIM CARDOSO,0,,,PRÓXIMO À AACD,,,,COELHOS,COLISÃO,,1,1,0,0,0,0,0,0,0,1,0,,,,,,,,,,,,,,,,,2024171900
2024-06-28,4:12:00,COM VÍTIMA,FINALIZADA,MADALENA,RUA ANTONIO VIEIRA,3,320,,PROX A ACADEMIA SEL FITY E APOS O BAR DO AGENORTERCEIRA  DIREITA,,,,MADALENA,COLISÃO,,0,1,0,0,0,0,0,0,0,1,0,,,,,,,,,,,,,,,,,2024171920
2024-06-28,4:36:00,COM VÍTIMA,FINALIZADA,ILHA DO RETIRO,RUA SPORT CLUBE DO RECIFE,0,,,E/F AO CLUBE DO SPORT S/T DERBY,,,,ILHA DO RETIRO,COLISÃO TRASEIRA,,0,2,0,0,0,0,0,0,0,1,0,,,,,,,,,,,,,,,,,2024171960
2024-06-28,5:51:00,COM VÍTIMA,FINALIZADA,TAMARINEIRA,AV NORTE MIGUEL ARRAES DE ALENCAR,3,S/N,,PROX AO ALARME CENTER E DE ESQUINA COM CONEGO BARATA,,,,TAMARINEIRA,COLISÃO LATERAL,,1,1,0,0,0,0,0,0,0,1,0,,,,,,,,,,,,,,,,,2024171990
2024-06-28,6:25:00,COM VÍTIMA,FINALIZADA,MACAXEIRA,AV NORTE MIGUEL ARRAES DE ALENCAR,5,14854,,EM FRENTE AO CALDINHO DO ROBSON,,,,MACAXEIRA,COLISÃO,,0,1,0,0,0,0,0,0,0,1,0,,,,,,,,,,,,,,,,,2024172020
2024-06-28,6:54:00,COM VÍTIMA,FINALIZADA,ALTO JOSE BONIFACIO,RUA VISCONDE DE SA BANDEIRA,3,245,,PROX A CRECHE CRIANÇA FELIZ,,,,ALTO JOSE BONIFACIO,COLISÃO,,0,1,0,0,0,0,0,0,0,1,0,,,,,,,,,,,,,,,,,2024172050
2024-06-28,7:47:00,COM VÍTIMA,FINALIZADA,BOA VIAGEM,AV CELSO FURTADO,0,,,POR TRÁS DO COMPAZ,,,,BOA VIAGEM,COLISÃO TRANSVERSAL,,0,0,0,0,0,0,0,0,0,1,0,,,,,,,,,,,,,,,,,2024172090
2024-06-29,4:26:00,COM VÍTIMA,FINALIZADA,TEJIPIO,AV PADRE IBIAPINA,0,,,PRÓXIMO AESCOLA ANÍBAL FALCÃO,,,,TEJIPIO,COLISÃO,,0,2,0,0,2,0,0,0,0,1,0,,,,,,,,,,,,,,,,,2024172250
2024-06-29,7:22:00,COM VÍTIMA,FINALIZADA,PINA,RUA CAPITAO REBELINHO,0,,,POR TRÁS DO HOTEL TRANSAMERICA,,,,PINA,COLISÃO,,0,1,0,0,0,0,0,0,0,1,0,,,,,,,,,,,,,,,,,2024172340
2024-06-29,9:58:00,VÍTIMA FATAL,FINALIZADA,AFOGADOS,RUA IMPERIAL,0,,,PROX A FRABICA ASA ENCIMA DA PONTE,,,,AFOGADOS,COLISÃO,,0,1,0,0,0,0,0,0,0,1,1,,,,,,,,,,,,,,,,,2024172550
2024-06-29,10:10:00,COM VÍTIMA,FINALIZADA,IPSEP,AV PRESIDENTE DUTRA,0,,,EM FRENTE AO RESTAURANTE SAL E BRASA,,,,IPSEP,COLISÃO,,1,1,0,0,0,0,0,0,0,1,0,,,,,,,,,,,,,,,,,2024172570
2024-06-29,1:28:00,COM VÍTIMA,FINALIZADA,SAN MARTIN,RUA APULCRO DE ASSUNCAO,0,,RUA JOSE VELOSO,PROXIMO A CAVALARIA // PADARIA BOM E SABOR,,,,SAN MARTIN,COLISÃO LATERAL,,2,0,0,0,0,0,0,0,0,1,0,,,,,,,,,,,,,,,,,2024172700
2024-06-29,2:33:00,COM VÍTIMA,FINALIZADA,ALTO JOSE DO PINHO,COR DO BARTOLOMEU,3,331,,PROXIMO A DROGARIA RECIFE // PCT DA RODINHA,,,,ALTO JOSE DO PINHO,COLISÃO,,0,0,0,0,0,1,1,0,0,1,0,,,,,,,,,,,,,,,,,2024172780
2024-06-29,3:20:00,COM VÍTIMA,FINALIZADA,BOA VIAGEM,AV CONSELHEIRO AGUIAR,3,335,,PROX AO IMPORIO HD,,,,BOA VIAGEM,COLISÃO,,0,1,0,0,0,0,0,0,0,1,0,,,,,,,,,,,,,,,,,2024172840
2024-06-29,5:00:00,COM VÍTIMA,FINALIZADA,SANTO AMARO,AV GOVERNADOR AGAMENON MAGALHAES,0,,,EM FRENTE AO EMPRESARIAL BURLE MARX / ANTES DA SUBIDA DO VIADUTO /SENTIDO OLINDA,,,,SANTO AMARO,COLISÃO,,0,1,0,0,0,0,0,0,0,1,0,,,,,,,,,,,,,,,,,2024172900
2024-06-29,5:33:00,COM VÍTIMA,FINALIZADA,IMBIRIBEIRA,AV MARECHAL MASCARENHAS DE MORAES,4,5400,,EM FRENTE AO AEROPORTO E PROXIMO A FOCO ALUGUEL DE CARROS,,,,IMBIRIBEIRA,COLISÃO LATERAL,,1,1,0,0,0,1,0,0,0,1,0,,,,,,,,,,,,,,,,,2024172980
2024-06-29,6:13:00,COM VÍTIMA,FINALIZADA,MADALENA,AV VISCONDE DE ALBUQUERQUE,0,,,EM FRENTE AO BOMPREÇO,,,,MADALENA,COLISÃO LATERAL,,1,1,0,0,0,0,0,0,0,1,0,,,,,,,,,,,,,,,,,2024173020
2024-06-29,9:46:00,COM VÍTIMA,FINALIZADA,BOA VIAGEM,AV ENGENHEIRO DOMINGOS FERREIRA,4,2600,RUA PROFESSOR JOSE BRANDAO,FARMÁCIA INDEPENDENTE,,,,BOA VIAGEM,COLISÃO TRANSVERSAL,,2,0,0,0,0,0,0,0,0,1,0,,,,,,,,,,,,,,,,,2024173070
2024-06-30,6:11:00,COM VÍTIMA,FINALIZADA,MUSTARDINHA,RUA NETO CAMPELO JUNIOR,0,,,PROX. A PRAÇA DO ABC E FABRICA DE BOLA,,,,MUSTARDINHA,COLISÃO LATERAL,,0,1,0,0,0,0,0,0,0,1,0,,,,,,,,,,,,,,,,,2024173230
2024-06-30,6:30:00,COM VÍTIMA,FINALIZADA,IBURA,RUA INALDO BARTOLOMEU DE CARVALHO,0,,,PROX. AO MERCADINHO CRISTAL NO FINAL DA LADEIRA UR-07,,,,IBURA,COLISÃO,,0,1,0,0,0,0,0,0,0,1,0,,,,,,,,,,,,,,,,,2024173280