data,hora,natureza_acidente,situacao,bairro,endereco,,numero,detalhe_endereco_acidente,complemento,endereco_cruzamento,numero_cruzamento,referencia_cruzamento,bairro_cruzamento,tipo,descricao,auto,moto,ciclom,ciclista,pedestre,onibus,caminhao,viatura,outros,vitimas,vitimasfatais,num_semaforo,sentido_via,acidente_verificado,tempo_clima,situacao_semaforo,sinalizacao,condicao_via,conservacao_via,ponto_controle,situacao_placa,velocidade_max_via,mao_direcao,divisao_via1,divisao_via2,divisao_via3,_id,Protocolo
2024-07-22,4:06:00,COM VÍTIMA,FINALIZADA,CAXANGA,AV CAXANGA,0,,,EM FRENTE A IGREJA SÃO SEBASTIÃO,,,,CAXANGA,COLISÃO TRASEIRA,,1,1,0,0,0,0,0,0,0,1,0,,,,,,,,,,,,,,,,,2024195920
2024-07-22,4:34:00,COM VÍTIMA,FINALIZADA,MADALENA,RUA BENFICA,4,1116,,AO  LADO DO BRADESCO PROX AO TUNEL DA ABOLIÇAO,,,,MADALENA,COLISÃO COM CICLISTA,,0,0,0,1,0,1,0,0,0,1,0,,,,,,,,,,,,,,,,,2024195950
2024-07-22,6:02:00,COM VÍTIMA,FINALIZADA,MANGUEIRA,AV CENTRAL,0,,,PROX A ESTAÇAO MANGUEIRA/ PROX A PRAÇA DA MANGUEIRA,,,,MANGUEIRA,COLISÃO,,0,1,0,0,0,0,0,0,0,1,0,,,,,,,,,,,,,,,,,2024196140
2024-07-22,6:05:00,COM VÍTIMA,FINALIZADA,CASA AMARELA,AV NORTE MIGUEL ARRAES DE ALENCAR,5,12334,,EM FRNTE A AESCOLA MUNICIPAL MACEDO LIMA,,,,CASA AMARELA,COLISÃO,,0,1,0,0,0,0,0,0,0,1,0,,,,,,,,,,,,,,,,,2024196150
2024-07-22,6:25:00,COM VÍTIMA,FINALIZADA,IPSEP,AV RECIFE,0,,RUA JEAN EMILE FAVRE,AO LADO DO MURO DO AEROPORTO E A PADARIA VILA DO PAO,,,,IPSEP,COLISÃO,,0,1,0,0,0,0,0,0,0,1,0,,,,,,,,,,,,,,,,,2024196190
2024-07-23,6:30:00,COM VÍTIMA,FINALIZADA,ILHA DO LEITE,AV BEIRA RIO,0,,,EM BAIXO DO VIADUTO DO REAL PORTUGUES / NO RETORNO - COMO FOSSE SUBIR PARA BOA VIAGEM,,,,ILHA DO LEITE,COLISÃO,,0,1,0,0,0,0,0,0,0,1,0,,,,,,,,,,,,,,,,,2024196330
2024-07-23,6:39:00,COM VÍTIMA,FINALIZADA,APIPUCOS,RUA DE APIPUCOS,0,,,PROX. AO AÇUDE APIPUCOS,,,,APIPUCOS,COLISÃO,,0,1,0,0,0,0,0,0,0,1,0,,,,,,,,,,,,,,,,,2024196370
2024-07-23,7:43:00,COM VÍTIMA,FINALIZADA,IBURA,RUA EXP FRANCISCO VITORIANO,4,1088,,"PRÓX. AO SUPERMERCADO TREVO,  PRÓX. A NORDESTE GRANITO  ( UR-05 IBURA )",,,,IBURA,COLISÃO,,0,1,0,0,0,0,0,0,0,1,0,,,,,,,,,,,,,,,,,2024196440
2024-07-23,7:48:00,COM VÍTIMA,FINALIZADA,TORROES,AV ENGENHEIRO ABDIAS DE CARVALHO,0,,,EM FRENTE A CHESF SENTIDO ILHA DO RETIRO,,,,TORROES,COLISÃO,,0,1,0,0,0,0,0,0,0,1,0,,,,,,,,,,,,,,,,,2024196460
2024-07-23,8:05:00,COM VÍTIMA,FINALIZADA,ILHA DO LEITE,RUA FRANCISCO ALVES,0,,,PROX AO CEOPE,,,,ILHA DO LEITE,COLISÃO,,0,1,0,0,0,0,0,0,0,1,0,,,,,,,,,,,,,,,,,2024196480
2024-07-23,8:42:00,COM VÍTIMA,FINALIZADA,DERBY,AV GOVERNADOR AGAMENON MAGALHAES,0,,,EM FRENTE A PRAÇA DO DERBY SENT. BOA VIAGEM,,,,DERBY,COLISÃO,,0,1,0,0,0,0,0,0,0,1,0,,,,,,,,,,,,,,,,,2024196510
2024-07-23,10:08:00,COM VÍTIMA,FINALIZADA,CAMPO GRANDE,RUA PRUDENTE DE MORAES,3,158,,EM FRENTE A ULTRAGÁS,,,,CAMPO GRANDE,COLISÃO FRONTAL,,1,1,0,0,0,0,0,0,0,1,0,,,,,,,,,,,,,,,,,2024196600
2024-07-23,12:06:00,COM VÍTIMA,FINALIZADA,BOA VIAGEM,PRC DA BOA VIAGEM,0,,,EM FRENTE AO QUIOSQUE 22 NA BEIRA MAR,,,,BOA VIAGEM,COLISÃO,,0,1,0,0,0,0,0,0,0,1,0,,,,,,,,,,,,,,,,,2024196650
2024-07-23,12:54:00,COM VÍTIMA,FINALIZADA,BOA VISTA,AV GOVERNADOR AGAMENON MAGALHAES,0,,,EM FRENTE AO COLEGIO AMERICANO BATISTA,,,,BOA VISTA,COLISÃO,,0,1,0,0,0,0,0,0,0,1,0,,,,,,,,,,,,,,,,,2024196720
2024-07-23,1:05:00,COM VÍTIMA,FINALIZADA,GUABIRABA,EST DA MUMBECA,4,1590,,ESTRADA DA MUMBECA N 1590EM FRENTE A ESCOLA NOSSA SENHORA DE FATIMA,,,,GUABIRABA,COLISÃO,,0,1,0,0,0,0,0,0,0,1,0,,,,,,,,,,,,,,,,,2024196740
2024-07-23,3:07:00,COM VÍTIMA,FINALIZADA,TORROES,EST DO FORTE DO ARRAIAL N. DO B. JESUS,3,346,,PROX PRAÇA DA AV DO FORTE,,,,TORROES,COLISÃO,,0,1,0,0,0,0,0,0,0,1,0,,,,,,,,,,,,,,,,,2024196800
2024-07-23,4:27:00,COM VÍTIMA,FINALIZADA,BOA VIAGEM,AV BOA VIAGEM,4,4364,,E/F AO EDF ESPANHA,,,,BOA VIAGEM,COLISÃO,,1,1,0,0,0,0,0,0,0,1,0,,,,,,,,,,,,,,,,,2024196870
2024-07-23,5:00:00,COM VÍTIMA,FINALIZADA,DOIS IRMAOS,RUA MANUEL DE MEDEIROS,0,,,ESCOLA HELIO DE PARNAMIRIN,,,,DOIS IRMAOS,COLISÃO LATERAL,,1,1,0,0,0,0,0,0,0,1,0,,,,,,,,,,,,,,,,,2024196900
2024-07-23,8:59:00,COM VÍTIMA,FINALIZADA,CORDEIRO,AV INACIO MONTEIRO,3,280,,EM FRENTE AO EDFº ELDOURADO,,,,CORDEIRO,COLISÃO LATERAL,,1,1,0,0,0,0,0,0,0,1,0,,,,,,,,,,,,,,,,,2024196990
2024-07-24,3:37:00,COM VÍTIMA,FINALIZADA,AFOGADOS,RUA QUITERIO INACIO DE MELLO,0,,RUA SAO MIGUEL,PROXIMO AO BANCO DO BRASIL,,,,AFOGADOS,COLISÃO TRANSVERSAL,,1,1,0,0,0,0,0,0,0,1,0,,,,,,,,,,,,,,,,,2024197010
2024-07-24,6:18:00,COM VÍTIMA,FINALIZADA,JIQUIA,VDO ULYSSES GUIMARAES,0,,AV RECIFE,"ANTES DO VIADUT DO JIQUIA, SENT. BOA VIAGEM PROX. AO ARMAZEM CORAL",,,,JIQUIA,QUEDA,,0,1,0,0,0,0,0,0,0,1,0,,,,,,,,,,,,,,,,,2024197120
2024-07-24,7:22:00,COM VÍTIMA,FINALIZADA,CASA AMARELA,AV NORTE MIGUEL ARRAES DE ALENCAR,5,12333,,"PRÓX AO SESC DE CASA AMARELA  // EM FRENTE AO ARMAZÉM, CORAL",,,,CASA AMARELA,COLISÃO,,0,1,0,0,0,0,0,0,0,1,0,,,,,,,,,,,,,,,,,2024197280
2024-07-24,7:29:00,COM VÍTIMA,FINALIZADA,SANTO AMARO,AV CRUZ CABUGA,0,,,AO LADO DO SHOPPING TACARUNA,,,,SANTO AMARO,COLISÃO,,0,1,0,0,0,0,0,0,0,1,0,,,,,,,,,,,,,,,,,2024197300
2024-07-24,8:02:00,COM VÍTIMA,FINALIZADA,BOA VIAGEM,RUA ERNESTO DE PAULA SANTOS,4,1214,,PROX A CONE MOVEL TEMAKERIA,,,,BOA VIAGEM,COLISÃO FRONTAL,,1,1,0,0,0,0,0,0,0,1,0,,,,,,,,,,,,,,,,,2024197350
2024-07-24,8:05:00,COM VÍTIMA,FINALIZADA,BEBERIBE,AV BEBERIBE,0,,,PROX. A ACADEMIA GREEN,,,,BEBERIBE,COLISÃO,,0,1,0,0,0,0,0,0,0,1,0,,,,,,,,,,,,,,,,,2024197360
2024-07-24,8:14:00,COM VÍTIMA,FINALIZADA,PRADO,AV ENGENHEIRO ABDIAS DE CARVALHO,0,,,EM FRENTE A CONCESSIONARIA VIA 1 SEMINOVOS SENTIDO BR 232 / PROX AO POSTO DE COMBUSTIVEL BR,,,,PRADO,COLISÃO LATERAL,,0,1,0,0,0,0,0,0,0,1,0,,,,,,,,,,,,,,,,,2024197370
2024-07-24,8:50:00,COM VÍTIMA,FINALIZADA,PINA,AV CELSO FURTADO,0,,,"PROX. AO HOTEL CORPOS, OFICINA TRES IRMÃOS, NA DESCIDA DA VIA MANGUE SENT. RECIFE",,,,PINA,COLISÃO,,0,1,0,0,0,0,0,0,0,1,0,,,,,,,,,,,,,,,,,2024197420
2024-07-24,9:46:00,COM VÍTIMA,FINALIZADA,ILHA DO RETIRO,RUA SPORT CLUBE DO RECIFE,2,86,,"EM FRENTE A ILHA DO RETIRO , SENTIDO CIDADE",,,,ILHA DO RETIRO,COLISÃO LATERAL,,1,1,0,0,0,0,0,0,0,1,0,,,,,,,,,,,,,,,,,2024197520
2024-07-24,9:56:00,COM VÍTIMA,FINALIZADA,SANTO AMARO,AV GOVERNADOR AGAMENON MAGALHAES,0,,,EM FRENTE A UPE SENTIDO OLINDA,,,,SANTO AMARO,COLISÃO,,0,1,0,0,0,0,0,0,0,1,0,,,,,,,,,,,,,,,,,2024197530
2024-07-24,11:47:00,COM VÍTIMA,FINALIZADA,SAN MARTIN,AV CONSUL VILARES FRAGOSO,0,,,"PROX QUARTEL DA CAVALARIA, PRAÇA DE EVENTOS / SENTIDO CELPE",,,,SAN MARTIN,COLISÃO,,1,1,0,0,0,0,0,0,0,1,0,,,,,,,,,,,,,,,,,2024197630
2024-07-24,12:27:00,COM VÍTIMA,FINALIZADA,BOA VIAGEM,RUA VISCONDE DE JEQUITINHONHA,4,1828,,PROX A ESCOLA E CURSO BRITANIC / ANTES DO HOTEL BEACH CLASS,,,,BOA VIAGEM,COLISÃO LATERAL,,0,1,0,0,0,0,1,0,0,1,0,,,,,,,,,,,,,,,,,2024197680
2024-07-24,2:16:00,COM VÍTIMA,FINALIZADA,SAO JOSE,AV SUL,4,1290,,AO LADO DA GERALDO ARAUJO,,,,SAO JOSE,COLISÃO LATERAL,,0,1,0,0,0,0,0,0,0,1,0,,CIDADE,,,,,,,,,,,,,,,2024197770
2024-07-24,4:02:00,COM VÍTIMA,FINALIZADA,BOMBA DO HEMETERIO,RUA BOMBA DO HEMETERIO,3,448,,"EM FRENTE ABANADORES DO ARRUDA, PX AO EDVALDO BEBIDAS",,,,BOMBA DO HEMETERIO,COLISÃO,,0,1,0,0,0,0,0,0,0,1,0,,,,,,,,,,,,,,,,,2024197910
2024-07-24,5:48:00,COM VÍTIMA,FINALIZADA,CASA FORTE,AV DEZESSETE DE AGOSTO,4,1412,,PROX AO MUSEU DO HOMEM DO NORDESTE,,,,CASA FORTE,COLISÃO,,0,1,0,0,0,0,0,0,0,1,0,,,,,,,,,,,,,,,,,2024197980
2024-07-24,7:55:00,COM VÍTIMA,FINALIZADA,JORDAO,AV MARIA IRENE,0,,,EM FRENTE AO POSTO DE GASOLINA JORDÃO,,,,JORDAO,COLISÃO,,1,1,0,0,0,0,0,0,0,1,0,,,,,,,,,,,,,,,,,2024198030
2024-07-25,6:14:00,COM VÍTIMA,FINALIZADA,AREIAS,AV RECIFE,0,,,"AO LADO DA FARMACIA PAGUE MENOS, SENT. BOA VIAGEM",,,,AREIAS,COLISÃO,,0,1,0,0,0,0,0,0,0,1,0,,,,,,,,,,,,,,,,,2024198380
2024-07-25,6:47:00,COM VÍTIMA,FINALIZADA,AREIAS,AV RECIFE,0,,,"RUA CAP. JACINTO DA CRUZ, EM FRENTE A PAGUE MENOS",,,,AREIAS,COLISÃO LATERAL,,0,2,0,0,0,0,0,0,0,1,0,,,,,,,,,,,,,,,,,2024198400
2024-07-25,7:39:00,COM VÍTIMA,FINALIZADA,ENCRUZILHADA,AV NORTE MIGUEL ARRAES DE ALENCAR,0,,,"EM FRENTE AO ANTIGO INSS, PROX. A NISSAN APOS O VIADUTO",,,,ENCRUZILHADA,COLISÃO,,0,1,0,0,0,0,0,0,0,1,0,,,,,,,,,,,,,,,,,2024198510
2024-07-25,8:13:00,COM VÍTIMA,FINALIZADA,CASA FORTE,AV DEZESSETE DE AGOSTO,4,1750,,EM FRENTE AO LABORATÓRIO MARCELO MAGALHÃES,,,,CASA FORTE,COLISÃO,,0,1,0,0,0,0,0,0,0,1,0,,,,,,,,,,,,,,,,,2024198570
2024-07-25,8:18:00,COM VÍTIMA,FINALIZADA,BOA VIAGEM,AV MARECHAL JUAREZ TAVORA,4,2160,,PRÓX. AO ARMAZÉM DE CONSTRUÇÃO CORSEL,,,,BOA VIAGEM,COLISÃO,,0,1,0,0,0,0,0,0,0,1,0,,,,,,,,,,,,,,,,,2024198580
2024-07-25,8:53:00,COM VÍTIMA,FINALIZADA,BOA VIAGEM,RUA CORONEL ANIZIO RODRIGUES COELHO,0,,,AO LADO DO SHOPPING RECIFE  / PROX AO LOJA MASTER CELULAR,,,,BOA VIAGEM,COLISÃO,,0,1,0,0,0,0,0,0,0,1,0,,,,,,,,,,,,,,,,,2024198630
2024-07-25,9:49:00,COM VÍTIMA,FINALIZADA,NOVA DESCOBERTA,RUA DANTAS,5,52 R2,,APÓS AO LAR DE DONA REGINA  // AO LADO DO MERCADINHO ESPERANÇA,,,,NOVA DESCOBERTA,COLISÃO,,0,1,0,0,0,0,0,0,0,1,0,,,,,,,,,,,,,,,,,2024198730
2024-07-25,10:16:00,COM VÍTIMA,FINALIZADA,VARZEA,RUA TENENTE RISTIMISTER,0,,,PROX AO CAMPO DA GRANJA DA UR-07 PROX AO TERMINAL DA ROSA SELVAGEM,,,,VARZEA,COLISÃO,,0,1,0,0,0,0,0,0,0,1,0,,,,,,,,,,,,,,,,,2024198800
2024-07-25,11:09:00,COM VÍTIMA,FINALIZADA,CORDEIRO,AV MAURICIO DE NASSAU,0,,,EM FRENTE A DELEGACIA DO GOE,,,,CORDEIRO,COLISÃO,,2,0,0,0,0,0,0,0,0,1,0,,,,,,,,,,,,,,,,,2024198870
2024-07-25,2:12:00,COM VÍTIMA,FINALIZADA,SANTO AMARO,AV GOVERNADOR AGAMENON MAGALHAES,0,,,SENTIDO BOA VIAGEM PROX AO POSTO DE GASOLINA BR E ANTES DO VIADUTO DAS AVENIDA NORTE,,,,SANTO AMARO,COLISÃO,,0,1,0,0,0,0,0,0,0,1,0,,,,,,,,,,,,,,,,,2024199040
2024-07-25,2:33:00,COM VÍTIMA,FINALIZADA,PAISSANDU,AV GOVERNADOR AGAMENON MAGALHAES,0,,RUA PAISSANDU,,,,,PAISSANDU,COLISÃO,,1,1,0,0,0,0,1,0,0,1,0,690,,,,,,,,,,,,,,,,2024199050
2024-07-25,3:23:00,COM VÍTIMA,FINALIZADA,PINA,AV ENGENHEIRO DOMINGOS FERREIRA,0,,,EM FRENTE AO CLINICAL CENTER N 636,,,,PINA,COLISÃO,,0,1,0,0,0,0,0,0,0,1,0,,,,,,,,,,,,,,,,,2024199110
2024-07-25,4:14:00,COM VÍTIMA,FINALIZADA,TAMARINEIRA,RUA SEBASTIAO ALVES,3,574,,PROX A GALERIA CASA GRANDE NM:45,,,,TAMARINEIRA,COLISÃO,,1,1,0,0,0,0,0,0,0,1,0,,,,,,,,,,,,,,,,,2024199140
2024-07-25,4:17:00,COM VÍTIMA,FINALIZADA,SAO JOSE,C SANTA RITA,0,,,EM FRENTE AO ATACADAO AURORA / PROXIMO AO MERCADO,,,,SAO JOSE,ATROPELAMENTO DE PESSOA,,0,1,0,0,1,0,0,0,0,1,0,,,,,,,,,,,,,,,,,2024199150
2024-07-25,6:17:00,COM VÍTIMA,FINALIZADA,SANTO AMARO,AV GOVERNADOR AGAMENON MAGALHAES,3,S/N,,EM FRENTE A REITORIA DA UPE,,,,SANTO AMARO,COLISÃO,,0,1,0,0,0,0,0,0,0,1,0,,SUBURBIO,,,,,,,,,,,,,,,2024199220
2024-07-26,6:35:00,COM VÍTIMA,FINALIZADA,CAXANGA,AV CAXANGA,4,1319,,"EM FRENTE A AUTO PARVI, PROX. A CASA DO CONSTRUTOR",,,,CAXANGA,COLISÃO,,1,1,0,0,0,0,0,0,0,1,0,,,,,,,,,,,,,,,,,2024199810
2024-07-26,7:10:00,COM VÍTIMA,FINALIZADA,CORDEIRO,AV CAXANGA,0,,,SENTIDO CIDADE / PROX EXPOSIÇÃO DE ANIMAIS / PROX A AUTOSPORT,,,,CORDEIRO,COLISÃO,,0,1,0,0,0,0,0,0,0,1,0,,,,,,,,,,,,,,,,,2024199850
2024-07-26,8:51:00,COM VÍTIMA,FINALIZADA,SANTO AMARO,AV JOAO DE BARROS,0,,,EM FRENTE AO PARQUE HOTEL RECIFE / PROX AO VIADUTO DA JOAO DE BARROS,,,,SANTO AMARO,COLISÃO,,0,1,0,0,0,0,0,0,0,1,0,,,,,,,,,,,,,,,,,2024199880
2024-07-26,11:51:00,COM VÍTIMA,FINALIZADA,BOA VIAGEM,AV DOM JOAO VI,3,840,,COMEÇO DA VIA MANGUE // PRÓX. AO BOMPREÇO,,,,BOA VIAGEM,COLISÃO,,0,1,0,0,0,0,0,0,0,1,0,,,,,,,,,,,,,,,,,2024199990
2024-07-26,11:58:00,COM VÍTIMA,FINALIZADA,AFOGADOS,RUA COSME VIANA,2,12,,EM FRENTE A TUPAN,,,,AFOGADOS,COLISÃO,,0,1,0,0,0,0,0,0,0,1,0,,,,,,,,,,,,,,,,,2024200000
2024-07-26,3:53:00,COM VÍTIMA,FINALIZADA,CAMPO GRANDE,RUA MARTINS RIBEIRO,3,224,,REF: PRÓXIMO A PRAÇA DO HIPÓDROMO,,,,CAMPO GRANDE,ATROPELAMENTO DE PESSOA,,1,0,0,0,1,0,0,0,0,1,0,,,,,,,,,,,,,,,,,2024200190
2024-07-26,5:55:00,COM VÍTIMA,FINALIZADA,GRACAS,RUA DR BANDEIRA FILHO,2,49,,EM FRENTE AO BANCO SANTANDER.,,,,GRACAS,COLISÃO,,0,1,0,0,0,0,0,0,0,1,0,,,,,,,,,,,,,,,,,2024200420
2024-07-26,5:56:00,COM VÍTIMA,FINALIZADA,ENCRUZILHADA,RUA CASTRO ALVES,3,254,,PROXIMO A ASSEMBLEIA DE DEUS,,,,ENCRUZILHADA,COLISÃO LATERAL,,1,1,0,0,0,0,0,0,0,1,0,,,,,,,,,,,,,,,,,2024200430
2024-07-26,6:53:00,COM VÍTIMA,FINALIZADA,TAMARINEIRA,RUA CONEGO BARATA,3,328,,EM FRENTE A TAMARINEIRA / EM FRENTE A CASA JOSE ARAUJO,,,,TAMARINEIRA,COLISÃO,,0,1,0,0,0,0,0,0,0,1,0,,,,,,,,,,,,,,,,,2024200440
2024-07-26,8:49:00,COM VÍTIMA,FINALIZADA,SANTO AMARO,AV CRUZ CABUGA,0,,,PRÓXIMO DA IGREJA UNIVERSAL,,,,SANTO AMARO,,,0,1,0,0,0,0,0,0,0,1,0,,CIDADE,,,,,,,,,,,,,,,2024200460
2024-07-26,9:48:00,COM VÍTIMA,FINALIZADA,BEBERIBE,RUA COMPOSITOR VINICIUS DE MORAIS,2,22,,PRÓXIMO DA PONTE DA DIVISA DE RECIFE / OLINDA,,,,BEBERIBE,COLISÃO FRONTAL,,1,1,0,0,0,0,0,0,0,1,0,,,,,,,,,,,,,,,,,2024200510
2024-07-26,11:52:00,COM VÍTIMA,FINALIZADA,AFOGADOS,RUA PADRE TEOFILO TWORZ,0,,RUA SANTA EDWIRGES,PRÓXIMO AO MIX MATEUS,,,,AFOGADOS,COLISÃO,,1,1,0,0,2,0,0,0,0,1,0,,,,,,,,,,,,,,,,,2024200590
2024-07-27,6:26:00,COM VÍTIMA,FINALIZADA,MACAXEIRA,AV NORTE MIGUEL ARRAES DE ALENCAR,0,,,SENTIDO INTEGRAÇÃO / EM FRENTE AO ETE MIGUEL BATISTA,,,,MACAXEIRA,COLISÃO,,0,1,0,0,0,0,0,0,0,1,0,,,,,,,,,,,,,,,,,2024200710
2024-07-27,8:05:00,COM VÍTIMA,FINALIZADA,IBURA,AV DOIS RIOS,0,,,SENTIDO IBURA DE BAIXO NA ENTRADA DO IBURA / PROX AO NUCLEO POLICIAL DO IBURA / AO LADO DO ARMAZEM CORAL,,,,IBURA,COLISÃO,,1,1,0,0,0,0,0,0,0,1,0,,,,,,,,,,,,,,,,,2024200950
2024-07-27,9:06:00,COM VÍTIMA,FINALIZADA,BONGI,AV ENGENHEIRO ABDIAS DE CARVALHO,0,,,AO LADO DO SUPERMERCADO NOVO ATACAREJO,,,,BONGI,COLISÃO,,0,1,0,0,0,0,0,0,0,1,0,,,,,,,,,,,,,,,,,2024200970
2024-07-27,9:15:00,COM VÍTIMA,FINALIZADA,BOA VIAGEM,PRC DA BOA VIAGEM,0,,,EM FRENTE AO EDIFICIO RAUL FREIRE DE SOUZA,,,,BOA VIAGEM,COLISÃO,,0,1,0,0,0,0,0,0,0,1,0,,,,,,,,,,,,,,,,,2024200990
2024-07-27,9:21:00,COM VÍTIMA,FINALIZADA,ESPINHEIRO,AV JOAO DE BARROS,3,111,,EM FRENTE A CELPE APOS O CORPO DE BOMBEIROS,,,,ESPINHEIRO,COLISÃO,,0,1,0,0,0,0,0,0,0,1,0,,,,,,,,,,,,,,,,,2024201000
2024-07-27,11:32:00,COM VÍTIMA,FINALIZADA,BOA VIAGEM,RUA RIBEIRO DE BRITO,0,,,EM FRENTE A FACULDADE UNINASSAU E O POSTO DE COMBUSTIVEL PETROBRAS / NA DESCIDA DO VIADUTO,,,,BOA VIAGEM,COLISÃO,,0,1,0,0,0,0,0,0,0,1,0,,,,,,,,,,,,,,,,,2024201090
2024-07-27,12:00:00,COM VÍTIMA,FINALIZADA,AGUA FRIA,EST VELHA DE AGUA FRIA,0,,,PROX A IGREJA ICPI / PROX AO POSTO DE GASOLINA BR,,,,AGUA FRIA,COLISÃO,,0,1,0,0,0,0,0,0,0,1,0,,,,,,,,,,,,,,,,,2024201110
2024-07-27,12:05:00,COM VÍTIMA,FINALIZADA,SANTO AMARO,AV GOVERNADOR AGAMENON MAGALHAES,0,,,VIA PUBLICA AO LADO SHOPPING TACARUNA / SENTIDO DERBY / AO LADO DA FABRICA TACARUNA,,,,SANTO AMARO,COLISÃO,,0,1,0,0,0,0,0,0,0,1,0,,,,,,,,,,,,,,,,,2024201130
2024-07-27,12:06:00,COM VÍTIMA,FINALIZADA,AFOGADOS,RUA COSME VIANA,0,,,"SENTIDO IMBIRIBEIRA, APOS O HOTEL EROS / PASSA O SINAL TEM A PLACA DO LEMOS HOTEL",,,,AFOGADOS,COLISÃO,,0,1,0,0,0,0,0,0,0,1,0,,,,,,,,,,,,,,,,,2024201140
2024-07-27,1:19:00,COM VÍTIMA,FINALIZADA,DERBY,AV GOVERNADOR AGAMENON MAGALHAES,4,4459,,EM FRENTE AO BOM PREÇO,,,,DERBY,COLISÃO TRASEIRA,,1,1,0,0,0,0,0,0,0,1,0,,,,,,,,,,,,,,,,,2024201170
2024-07-27,3:25:00,COM VÍTIMA,FINALIZADA,TOTO,RUA PAULINO DE FARIAS,3,502,,EM FRENTE AO COLEGIO MORAGUINHO E A BARBEARIA DO DEDE,,,,TOTO,COLISÃO FRONTAL,,1,1,0,0,0,0,0,0,0,1,0,,,,,,,,,,,,,,,,,2024201290
2024-07-27,3:35:00,COM VÍTIMA,FINALIZADA,SANTO AMARO,RUA TUPINAMBAS,3,696,,EM BAIXO DO VIADUTO DA JOÃO DE BARROS,,,,SANTO AMARO,COLISÃO,,0,1,0,0,0,0,0,0,0,1,0,,,,,,,,,,,,,,,,,2024201300
2024-07-27,3:55:00,COM VÍTIMA,FINALIZADA,BOMBA DO HEMETERIO,RUA ARLINDO CISNEIRO,3,872,,EM FRENTE A IGREJA PENTECOSTAL / PROX A GALERIA,,,,BOMBA DO HEMETERIO,COLISÃO,,0,1,0,0,0,0,0,0,0,1,0,,,,,,,,,,,,,,,,,2024201320
2024-07-27,9:19:00,COM VÍTIMA,FINALIZADA,BOA VIAGEM,RUA ANTONIO FALCAO,3,384,,PROX AO CARREFOUR,,,,BOA VIAGEM,COLISÃO,,1,1,0,0,0,0,0,0,0,1,0,,,,,,,,,,,,,,,,,2024201410
2024-07-28,7:18:00,COM VÍTIMA,FINALIZADA,TORRE,RUA JOSE BONIFACIO,0,,,PACIENTE EM CIMA DO VIADUTO,,,,TORRE,COLISÃO,,0,1,0,0,0,0,0,0,0,1,0,,,,,,,,,,,,,,,,,2024201740
2024-07-28,8:15:00,COM VÍTIMA,FINALIZADA,IPUTINGA,AV MAURICIO DE NASSAU,3,276,,EM FRENTE AO FITEIRO DO DOUGLAS  //  PRÓX. AO REDE MAIS,,,,IPUTINGA,QUEDA,,0,1,0,0,0,0,0,0,0,1,0,,,,,,,,,,,,,,,,,2024201750
2024-07-28,8:21:00,COM VÍTIMA,FINALIZADA,DERBY,RUA HENRIQUE DIAS,0,,,PROX. AO COLEGIO DA POLICIA,,,,DERBY,COLISÃO,,0,1,0,0,0,0,0,0,0,1,0,,,,,,,,,,,,,,,,,2024201760
2024-07-28,8:38:00,COM VÍTIMA,FINALIZADA,BOA VIAGEM,AV MARECHAL JUAREZ TAVORA,0,,,POR TRAS DO COLEGIO AMERICANO,,,,BOA VIAGEM,COLISÃO LATERAL,,0,1,0,0,0,0,0,0,0,1,0,,,,,,,,,,,,,,,,,2024201780
2024-07-28,1:08:00,COM VÍTIMA,FINALIZADA,BOA VISTA,AV GOVERNADOR AGAMENON MAGALHAES,0,,,AO LADO DO BOMPREÇO /PROX A O COLEGIO AMERICANO BATISTA,,,,BOA VISTA,COLISÃO,,0,1,0,0,0,0,0,0,0,1,0,,,,,,,,,,,,,,,,,2024201870
2024-07-28,1:33:00,COM VÍTIMA,FINALIZADA,BEBERIBE,RUA URIEL DE HOLANDA,0,,,NA FRENTE DA IGREJA BRASIL PARA CRISTO // NA FRENTE DO COLEGIO ESTADUAL DE BEBERIBE,,,,BEBERIBE,COLISÃO,,0,1,0,0,0,0,0,0,0,1,0,,,,,,,,,,,,,,,,,2024201890
2024-07-28,2:20:00,COM VÍTIMA,FINALIZADA,BOA VIAGEM,AV ENGENHEIRO DOMINGOS FERREIRA,0,,,,,,,BOA VIAGEM,COLISÃO,,0,1,0,0,0,0,0,0,0,1,0,,,,,,,,,,,,,,,,,2024201920
2024-07-28,2:55:00,COM VÍTIMA,FINALIZADA,BOA VIAGEM,RUA ERNESTO DE PAULA SANTOS,4,1147,,EM FRENTE A FACULDADE NASSAU,,,,BOA VIAGEM,COLISÃO,,0,1,0,0,0,0,0,0,0,1,0,,,,,,,,,,,,,,,,,2024201940
2024-07-28,6:39:00,COM VÍTIMA,FINALIZADA,ALTO JOSE DO PINHO,RUA MONTE HEREBE,3,168,,NA SUBIDA DO ALTO JOSÉ DO PINHO. PRÓX AO SESC CASA AMARELA.,,,,ALTO JOSE DO PINHO,COLISÃO,,0,1,0,0,0,0,0,0,0,1,0,,,,,,,,,,,,,,,,,2024202110
2024-07-28,8:21:00,COM VÍTIMA,FINALIZADA,IMBIRIBEIRA,AV MARECHAL MASCARENHAS DE MORAES,0,,AV PRESIDENTE DUTRA,"SOB O VIADUTO PRES. TANCREDO NEVES, LADO OPOSTO À TOYOLEX",,,,IMBIRIBEIRA,COLISÃO,,1,1,0,0,0,0,0,0,0,1,0,,SUBURBIO,,,,,,,,,,,,,,,2024202170
2024-07-28,10:00:00,COM VÍTIMA,FINALIZADA,IMBIRIBEIRA,AV MARECHAL MASCARENHAS DE MORAES,3,945,,"EM FRENTE A MONOBLOCO PREMIUM, LOGO APÓS A GRILO",,,,IMBIRIBEIRA,COLISÃO TRASEIRA,,1,1,0,0,0,0,0,0,0,1,0,,CIDADE,,,,,,,,,,,,,,,2024202180
2024-07-29,7:22:00,COM VÍTIMA,FINALIZADA,ILHA DO LEITE,AV GOVERNADOR AGAMENON MAGALHAES,0,,,"VIA LOCAL SENT. OLINDA, EM FRENTE AO BANCO SAFRA",,,,ILHA DO LEITE,COLISÃO,,0,1,0,0,0,0,0,0,0,1,0,,,,,,,,,,,,,,,,,2024202500
2024-07-29,7:34:00,COM VÍTIMA,FINALIZADA,AFOGADOS,RUA JOAO IVO DA SILVA,0,,,PROX. A TUPAN,,,,AFOGADOS,COLISÃO,,0,1,0,0,0,0,0,0,0,1,0,,,,,,,,,,,,,,,,,2024202530
2024-07-29,7:51:00,COM VÍTIMA,FINALIZADA,SAO JOSE,AV SUL,0,,,"PRÓX. AO CAIS DE SANTA RITA // PRÓX. AO NOVOTEL, SENTIDO  MARCO ZERO",,,,SAO JOSE,COLISÃO,,0,1,0,0,0,0,0,0,0,1,0,,,,,,,,,,,,,,,,,2024202540