data,hora,natureza_acidente,situacao,bairro,endereco,,numero,detalhe_endereco_acidente,complemento,endereco_cruzamento,numero_cruzamento,referencia_cruzamento,bairro_cruzamento,tipo,descricao,auto,moto,ciclom,ciclista,pedestre,onibus,caminhao,viatura,outros,vitimas,vitimasfatais,num_semaforo,sentido_via,acidente_verificado,tempo_clima,situacao_semaforo,sinalizacao,condicao_via,conservacao_via,ponto_controle,situacao_placa,velocidade_max_via,mao_direcao,divisao_via1,divisao_via2,divisao_via3,_id,Protocolo
2024-07-29,7:51:00,COM VÍTIMA,FINALIZADA,BOA VIAGEM,AV CONSELHEIRO AGUIAR,0,,,EM FRENTE A PADARIA AUGUSTA / PROX AO EDF TOMAS NUNES,,,,BOA VIAGEM,COLISÃO,,0,1,0,0,0,0,0,0,0,1,0,,,,,,,,,,,,,,,,,2024202550
2024-07-29,7:57:00,COM VÍTIMA,FINALIZADA,BOA VIAGEM,AV CONSELHEIRO AGUIAR,0,,RUA FELIX DE BRITO E MELO,,,,,BOA VIAGEM,COLISÃO COM CICLISTA,,1,0,0,1,0,0,0,0,0,1,0,,,,,,,,,,,,,,,,,2024202560
2024-07-29,8:14:00,COM VÍTIMA,FINALIZADA,CASA AMARELA,AV NORTE MIGUEL ARRAES DE ALENCAR,0,,,PRÓXIMO A ESCOLA MUNICIPAL ROZEMAR DE MACEDO  LIMA,,,,CASA AMARELA,COLISÃO,,0,0,0,0,0,0,0,0,0,1,0,,,,,,,,,,,,,,,,,2024202590
2024-07-29,8:42:00,COM VÍTIMA,FINALIZADA,MANGUEIRA,RUA VINTE E UM DE ABRIL,4,1429,RUA IRMA ANA BRIGIDA,,,,,MANGUEIRA,COLISÃO LATERAL,,1,1,0,0,0,0,0,0,0,1,0,,,,,,,,,,,,,,,,,2024202630
2024-07-29,10:01:00,COM VÍTIMA,FINALIZADA,DOIS IRMAOS,RUA MANUEL DE MEDEIROS,3,235,,PRÓX. A RURAL //  PRÓX. AO HOSPITAL VETERINÁRIO,,,,DOIS IRMAOS,COLISÃO,,0,1,0,0,0,0,0,0,0,1,0,,,,,,,,,,,,,,,,,2024202740
2024-07-29,10:03:00,COM VÍTIMA,FINALIZADA,ESPINHEIRO,RUA CONS PORTELA,0,,,PROX AO BANCO ITAU / PROX A ENCRUZILHADA,,,,ESPINHEIRO,COLISÃO,,0,1,0,0,0,0,0,0,0,1,0,,,,,,,,,,,,,,,,,2024202750
2024-07-29,11:14:00,COM VÍTIMA,FINALIZADA,SAN MARTIN,RUA TENENTE MINDELO,0,,,PROX. A ENTRADA DA PORTELINHA E BARBEARIA DE MAURO,,,,SAN MARTIN,COLISÃO,,1,0,0,0,0,0,0,0,0,1,0,,,,,,,,,,,,,,,,,2024202830
2024-07-29,12:18:00,COM VÍTIMA,FINALIZADA,ENCRUZILHADA,RUA GRACILIANO RAMOS,3,100,,CASA 203 /// ENTRADA POR TRÁS DO BANCO DO BRASIL  DA AV. BEBERIBE  //  PRÓX. AO RESTAURANTE CENTRAL DA PICANHA,,,,ENCRUZILHADA,COLISÃO,,0,1,0,0,0,0,0,0,0,1,0,,,,,,,,,,,,,,,,,2024202840
2024-07-29,1:10:00,COM VÍTIMA,FINALIZADA,ESPINHEIRO,RUA DO ESPINHEIRO,3,280,,APÓS O HAPVIDA,,,,ESPINHEIRO,COLISÃO,,0,1,0,0,0,0,0,0,0,1,0,,,,,,,,,,,,,,,,,2024202860
2024-07-29,1:13:00,COM VÍTIMA,FINALIZADA,AGUA FRIA,RUA ZEFERINO AGRA,3,718,,PROXIMO A PRIMEIRA IGREJA BASTISTA DE AGUA FRIA,,,,AGUA FRIA,COLISÃO,,0,1,0,0,0,0,0,0,0,1,0,,,,,,,,,,,,,,,,,2024202870
2024-07-29,2:42:00,COM VÍTIMA,FINALIZADA,AGUA FRIA,AV BEBERIBE,0,,,PROXIMO AO MERCADO DO OLEO,,,,AGUA FRIA,COLISÃO,,0,1,0,0,0,0,0,0,0,1,0,,,,,,,,,,,,,,,,,2024202950
2024-07-29,5:10:00,COM VÍTIMA,FINALIZADA,VARZEA,RUA GASTAO VIDIGAL,3,133,,PROXIMA A GRANJA GEMA REAL,,,,VARZEA,COLISÃO,,0,1,0,0,0,0,0,0,0,1,0,,,,,,,,,,,,,,,,,2024202970
2024-07-29,5:57:00,COM VÍTIMA,FINALIZADA,IMBIRIBEIRA,RUA RIBEIRO DE BRITO,3,621,,PROXIMO AO POSTO BR  E PROXIMO A IGREJA RECONTER,,,,IMBIRIBEIRA,COLISÃO,,0,1,0,0,0,0,0,0,0,1,0,,,,,,,,,,,,,,,,,2024202990
2024-07-29,7:06:00,COM VÍTIMA,FINALIZADA,BEBERIBE,AV BEBERIBE,0,,RUA BOLIVAR,PROX CAMPO DO SANTA CRUZ,,,,BEBERIBE,COLISÃO,,1,1,0,0,0,0,0,0,0,1,0,,,,,,,,,,,,,,,,,2024203040
2024-07-30,6:59:00,COM VÍTIMA,FINALIZADA,ESPINHEIRO,RUA CONS PORTELA,0,,,PROX. GALERIA ESPINHEIRO NO CRUZAMENTO,,,,ESPINHEIRO,COLISÃO,,0,1,0,0,0,0,0,0,0,1,0,,,,,,,,,,,,,,,,,2024203550
2024-07-30,6:52:00,COM VÍTIMA,FINALIZADA,AGUA FRIA,RUA MAJOR DAVINO,0,,,PROX. AO TERMINAL DE AGUA FRIA E BARRACA DE GERALDO,,,,AGUA FRIA,COLISÃO,,0,1,0,0,0,0,0,0,0,1,0,,,,,,,,,,,,,,,,,2024203560
2024-07-30,9:09:00,COM VÍTIMA,FINALIZADA,ROSARINHO,AV SANTOS DUMONT,0,,,EM FRENTE A FARMACIA PAGUE MENOS E ENGAR DISTRIBUIDORA DE VINHO,,,,ROSARINHO,COLISÃO,,1,1,0,0,0,0,0,0,0,1,0,,,,,,,,,,,,,,,,,2024203700
2024-07-30,9:25:00,COM VÍTIMA,FINALIZADA,CAXANGA,AV CAXANGA,0,,,PROX A LOJA FM PRIME / PROX A ESTAÇÃO BRT PARQUE DO CORDEIRO,,,,CAXANGA,COLISÃO LATERAL,,1,1,0,0,0,0,0,0,0,1,0,,,,,,,,,,,,,,,,,2024203720
2024-07-30,11:25:00,COM VÍTIMA,FINALIZADA,GRACAS,RUA DO FUTURO,3,213,,EM FRENTE AO EDF. DUAS MARIAS E LOJA DE ROUPAS FIRULINHA,,,,GRACAS,COLISÃO,,1,1,0,0,0,0,0,0,0,1,0,,,,,,,,,,,,,,,,,2024203870
2024-07-30,11:43:00,COM VÍTIMA,FINALIZADA,BOA VIAGEM,AV ENGENHEIRO DOMINGOS FERREIRA,4,2245,,PROX AO NUMERO 2245  E FARMACIA PAGUE MENOS,,,,BOA VIAGEM,COLISÃO,,1,1,0,0,0,0,0,0,0,1,0,,,,,,,,,,,,,,,,,2024203880
2024-07-30,12:17:00,COM VÍTIMA,FINALIZADA,AGUA FRIA,AV BEBERIBE,0,,,EM FRENTE A FARMACIA DROGASIL / AO LADO DA MC,,,,AGUA FRIA,COLISÃO,,0,1,0,0,0,0,0,0,0,1,0,,,,,,,,,,,,,,,,,2024203900
2024-07-30,12:57:00,COM VÍTIMA,FINALIZADA,IMBIRIBEIRA,AV MARECHAL MASCARENHAS DE MORAES,0,,,EM FRENTE A LOJA FERREIRA COSTA,,,,IMBIRIBEIRA,COLISÃO,,0,1,0,0,0,0,0,0,0,1,0,,,,,,,,,,,,,,,,,2024203920
2024-07-30,12:00:00,COM VÍTIMA,FINALIZADA,TORROES,AV ENGENHEIRO ABDIAS DE CARVALHO,0,,,E/F AO CAMARÃO  DO LÉO  S/T CID,,,,TORROES,ENGAVETAMENTO,,3,0,0,0,0,0,0,0,0,1,0,,,,,,,,,,,,,,,,,2024203930
2024-07-30,1:46:00,COM VÍTIMA,FINALIZADA,CAMPO GRANDE,RUA ODORICO MENDES,3,660,,EM FRENTE AO CLUBE DAS PAS,,,,CAMPO GRANDE,COLISÃO,,1,1,0,0,0,0,0,0,0,1,0,,,,,,,,,,,,,,,,,2024203960
2024-07-30,1:58:00,COM VÍTIMA,FINALIZADA,CAXANGA,AV CAXANGA,4,2799,,EM FRENTE AO TUNEL DA ABOLIÇÃO E PROXIMO A CELPE,,,,CAXANGA,COLISÃO,,0,1,0,0,0,0,0,0,0,1,0,,,,,,,,,,,,,,,,,2024203980
2024-07-30,5:20:00,COM VÍTIMA,FINALIZADA,SANTO ANTONIO,AV GUARARAPES,0,,,EM FRENTE A FARMACIA DIARIAMENTE,,,,SANTO ANTONIO,ATROPELAMENTO DE PESSOA,,0,1,0,0,1,0,0,0,0,1,0,,,,,,,,,,,,,,,,,2024204100
2024-07-30,6:21:00,COM VÍTIMA,FINALIZADA,VARZEA,RUA GASTAO VIDIGAL,3,709,,PROX AO HOTEL COSTA AZUL,,,,VARZEA,COLISÃO,,0,1,0,0,0,0,0,0,0,1,0,,,,,,,,,,,,,,,,,2024204160
2024-07-30,10:15:00,COM VÍTIMA,FINALIZADA,IPUTINGA,AV CAXANGA,0,,,PROXIMO AO HOSPITAL BARÃO DE LUCENA,,,,IPUTINGA,COLISÃO,,0,1,0,0,0,0,0,0,0,1,0,,,,,,,,,,,,,,,,,2024204450
2024-07-31,7:52:00,COM VÍTIMA,FINALIZADA,SANTO AMARO,AV DR JAYME DA FONTE,0,,,"EM FRENTE AO CAMPO DO 11, SENT. RECIFE ANTIGO",,,,SANTO AMARO,COLISÃO,,1,3,0,0,0,0,0,0,0,2,0,,,,,,,,,,,,,,,,,2024204760
2024-07-31,9:22:00,COM VÍTIMA,FINALIZADA,ENGENHO DO MEIO,RUA POCAO,0,,,PROX AO FERRO VELHO / PROX A BR 101,,,,ENGENHO DO MEIO,COLISÃO,,0,1,0,0,0,0,0,0,0,1,0,,,,,,,,,,,,,,,,,2024204860
2024-07-31,9:23:00,COM VÍTIMA,FINALIZADA,TORROES,AV ENGENHEIRO ABDIAS DE CARVALHO,0,,,"NO FINAL DO FERRO VELHO, APOS O MOTEL LOVE SKY E UPA DE TORROES, SENT. BR 101",,,,TORROES,COLISÃO,,0,1,0,0,0,0,0,0,0,1,0,,,,,,,,,,,,,,,,,2024204870
2024-07-31,12:02:00,COM VÍTIMA,FINALIZADA,BOA VIAGEM,AV ENGENHEIRO DOMINGOS FERREIRA,0,,,PROX A FARMACIA PAGUE MENOS E FARMACIA INDEPENDENTE,,,,BOA VIAGEM,COLISÃO,,0,1,0,0,0,0,0,0,0,1,0,,,,,,,,,,,,,,,,,2024205030
2024-07-31,12:38:00,COM VÍTIMA,FINALIZADA,SANTO AMARO,AV CRUZ CABUGA,0,,,AO LADO DO CEMITERIO DOS INGLESES / EM FRENTE AO COLEGIO ALMIRANTE DUTRA,,,,SANTO AMARO,COLISÃO FRONTAL,,1,1,0,0,0,0,0,0,0,1,0,,,,,,,,,,,,,,,,,2024205090
2024-07-31,2:17:00,COM VÍTIMA,FINALIZADA,ILHA DO RETIRO,RUA TABAIARES,3,360,,E/F AO SEBRAE,,,,ILHA DO RETIRO,ATROPELAMENTO DE PESSOA,,1,0,0,0,1,0,0,0,0,1,0,,,,,,,,,,,,,,,,,2024205180
2024-08-01,8:02:00,COM VÍTIMA,FINALIZADA,AFOGADOS,RUA AUGUSTO CALHEIROS,0,,,"PROX. A SPARTTA CURSOS, ANTES DA PONTE MOTOCOLOMBO",,,,AFOGADOS,COLISÃO,,0,1,0,0,0,0,0,0,0,1,0,,,,,,,,,,,,,,,,,2024205920
2024-08-01,8:31:00,COM VÍTIMA,FINALIZADA,BOA VIAGEM,AV ENGENHEIRO DOMINGOS FERREIRA,0,,RUA ANTONIO FALCAO,EM FRENTE AO REI DO GALETOS,,,,BOA VIAGEM,COLISÃO LATERAL,,1,1,0,0,0,0,0,0,0,1,0,,,,,,,,,,,,,,,,,2024205950
2024-08-01,11:55:00,COM VÍTIMA,FINALIZADA,CASA AMARELA,AV NORTE MIGUEL ARRAES DE ALENCAR,0,,,EM FRENTE A IGREJA DO AMOR,,,,CASA AMARELA,ATROPELAMENTO DE PESSOA,,0,1,0,0,1,0,0,0,0,1,0,,,,,,,,,,,,,,,,,2024206130
2024-08-01,12:28:00,COM VÍTIMA,FINALIZADA,BOA VIAGEM,RUA CAMBOIM,3,416,RUA COPACABANA,PADARIA SETUBAL,,,,BOA VIAGEM,COLISÃO LATERAL,,1,1,0,0,0,0,0,0,0,1,0,,,,,,,,,,,,,,,,,2024206150
2024-08-01,2:32:00,COM VÍTIMA,FINALIZADA,CAMPO GRANDE,RUA ODORICO MENDES,0,,AV GOVERNADOR AGAMENON MAGALHAES,EM FRENTE A SECRETARIA SOCIAL DE PERNAMBUCO E AO LADO DA CENTRAL DE PLANTÕES,,,,CAMPO GRANDE,COLISÃO,,0,1,0,0,0,0,0,0,0,1,0,,,,,,,,,,,,,,,,,2024206240
2024-08-01,4:53:00,COM VÍTIMA,FINALIZADA,DOIS IRMAOS,RUA MANUEL DE MEDEIROS,3,273,,EM FRENTE A REITORIA DA RURAL,,,,DOIS IRMAOS,COLISÃO,,0,1,0,0,0,0,0,0,0,1,0,,,,,,,,,,,,,,,,,2024206320
2024-08-01,5:54:00,COM VÍTIMA,FINALIZADA,SANTO AMARO,RUA TREZE DE MAIO,4,1981,,APÓS O SESC E PROXIMO A EMPRESA HIDROELETRICA,,,,SANTO AMARO,COLISÃO,,0,1,0,0,0,0,0,0,0,1,0,,,,,,,,,,,,,,,,,2024206380
2024-08-02,7:33:00,COM VÍTIMA,FINALIZADA,CAMPO GRANDE,AV PROFESSOR JOSE DOS ANJOS,0,,,PRX AO BAR DO ZE / SENTIDO PEIXINHOS,,,,CAMPO GRANDE,COLISÃO,,1,0,0,0,0,0,0,0,0,1,0,,,,,,,,,,,,,,,,,2024206770
2024-08-02,8:32:00,COM VÍTIMA,FINALIZADA,SANTO AMARO,AV GOVERNADOR AGAMENON MAGALHAES,0,,,EM FRENTE AO POSTO DISLURB / PROX AO IC,,,,SANTO AMARO,COLISÃO TRASEIRA,,1,1,0,0,0,0,0,0,0,1,0,,,,,,,,,,,,,,,,,2024206830
2024-08-02,10:15:00,COM VÍTIMA,FINALIZADA,PINA,PTE GOVERNADOR PAULO GUERRA,0,,,SENTIDO BOA VIAGEM / PROX AO SHOPPING RIOMAR,,,,PINA,COLISÃO,,0,1,0,0,0,0,0,0,0,1,0,,,,,,,,,,,,,,,,,2024206950
2024-08-02,10:43:00,COM VÍTIMA,FINALIZADA,MADALENA,AV VISCONDE DE ALBUQUERQUE,0,,,"AO LADO DO BOMPREÇO, PROX. A BATERIA MOURA",,,,MADALENA,COLISÃO,,0,1,0,0,0,0,0,0,0,1,0,,,,,,,,,,,,,,,,,2024207040
2024-08-02,11:28:00,COM VÍTIMA,FINALIZADA,TORROES,RUA DR FLAVIO FERREIRA DA SILVA MAROJO,0,,,VIA PUBLICA PROX AO NUMERO 23A PROX A MERCEARIA VIANA,,,,TORROES,COLISÃO,,0,1,0,0,0,0,0,0,0,1,0,,,,,,,,,,,,,,,,,2024207110
2024-08-02,11:40:00,COM VÍTIMA,FINALIZADA,ILHA DO LEITE,AV BEIRA RIO,0,,,PROX A ILHA DO RETIRO / AO LADO DO CLUBE DE REMO,,,,ILHA DO LEITE,COLISÃO,,0,1,0,0,0,0,0,0,0,1,0,,,,,,,,,,,,,,,,,2024207130
2024-08-02,12:10:00,COM VÍTIMA,FINALIZADA,BONGI,AV ENGENHEIRO ABDIAS DE CARVALHO,3,795,,PROX AO CAPOTARIA BONGI / PROX A ADESIO MULTI  MARCAS SENTIDO CURADO,,,,BONGI,COLISÃO TRASEIRA,,1,1,0,0,0,0,0,0,0,1,0,,,,,,,,,,,,,,,,,2024207150
2024-08-02,1:07:00,COM VÍTIMA,FINALIZADA,ILHA JOANA BEZERRA,AV DES GUERRA BARRETO,0,,,E/F AO FORUM RODOLFO AURELIANO  S/T DERBY,,,,JOANA BEZERRA,COLISÃO COM CICLISTA,,1,0,0,1,0,0,0,0,0,1,0,,,,,,,,,,,,,,,,,2024207200
2024-08-02,3:31:00,COM VÍTIMA,FINALIZADA,BOA VIAGEM,RUA FRANCISCO DA CUNHA,3,729,,EM FRENTE AO RESTAURANTE AMADEU,,,,BOA VIAGEM,COLISÃO,,1,1,0,0,0,0,0,0,0,1,0,,,,,,,,,,,,,,,,,2024207280
2024-08-02,3:37:00,COM VÍTIMA,FINALIZADA,IMBIRIBEIRA,RUA GUARABIRA,2,86,,PROXIMO A CATEDRAL DA RECONCILIAÇÃO,,,,IMBIRIBEIRA,COLISÃO,,0,1,0,0,0,0,0,0,0,1,0,,,,,,,,,,,,,,,,,2024207290
2024-08-02,3:43:00,COM VÍTIMA,FINALIZADA,TEJIPIO,AV DR JOSE RUFINO,4,4554,,PROXIMO A ESTAÇÃO TEJIPIO,,,,TEJIPIO,COLISÃO,,1,1,0,0,0,0,0,0,0,1,0,,,,,,,,,,,,,,,,,2024207310
2024-08-02,4:04:00,COM VÍTIMA,FINALIZADA,SANTO AMARO,AV CRUZ CABUGA,0,,RUA VINTE E QUATRO DE AGOSTO,,,,,SANTO AMARO,COLISÃO LATERAL,,0,0,0,0,0,0,0,0,0,1,0,,,,,,,,,,,,,,,,,2024207330
2024-08-02,5:47:00,COM VÍTIMA,FINALIZADA,SAN MARTIN,AV ENGENHEIRO ABDIAS DE CARVALHO,4,5554,,EM FRENTE A FUNASE E AO LADO DO ATACAREJO,,,,SAN MARTIN,COLISÃO,,0,1,0,0,0,0,0,0,0,1,0,,,,,,,,,,,,,,,,,2024207410
2024-08-02,6:56:00,COM VÍTIMA,FINALIZADA,SAO JOSE,RUA IMPERIAL,3,457,,PRÓX AO POSTO DE GASOLINA SÃO JOSÉ E PRÓX À PRAÇA SERGIO LORETTO.,,,,SAO JOSE,COLISÃO,,0,1,0,0,0,0,0,0,0,1,0,,,,,,,,,,,,,,,,,2024207440
2024-08-02,7:28:00,COM VÍTIMA,FINALIZADA,IMBIRIBEIRA,AV MARECHAL MASCARENHAS DE MORAES,0,,,UNIVERSO,,,,IMBIRIBEIRA,ATROPELAMENTO DE PESSOA,,1,0,0,0,1,0,0,0,0,1,0,,CIDADE,,,,,,,,,,,,,,,2024207480
2024-08-03,6:31:00,COM VÍTIMA,FINALIZADA,SAO JOSE,AV SUL,3,130,,APÓS O ANTIGO MERCADO DAS FLORES // PROX AO VIADUTO DAS CINCO PONTOS,,,,SAO JOSE,COLISÃO,,0,1,0,0,0,0,0,0,0,1,0,,,,,,,,,,,,,,,,,2024208010
2024-08-03,8:10:00,COM VÍTIMA,FINALIZADA,TAMARINEIRA,RUA PADRE ROMA,0,,,PROX. A POLICLINICA ALBERT SABIN E FERREIRA COSTA,,,,TAMARINEIRA,COLISÃO,,0,1,0,0,0,0,0,0,0,1,0,,,,,,,,,,,,,,,,,2024208110
2024-08-03,9:13:00,COM VÍTIMA,FINALIZADA,ENCRUZILHADA,AV NORTE MIGUEL ARRAES DE ALENCAR,5,14173,,AO LADO DO MERCADO EXTRA  BOM,,,,ENCRUZILHADA,COLISÃO,,0,1,0,0,0,0,0,0,0,1,0,,,,,,,,,,,,,,,,,2024208170
2024-08-03,9:48:00,COM VÍTIMA,FINALIZADA,IBURA,RUA JORNALISTA EDSON REGIS,0,,,EM FRENTE AO NUCLEO DA POLICIA NA SAIDA DO IBURA,,,,IBURA,COLISÃO,,0,1,0,0,0,0,0,0,0,1,0,,,,,,,,,,,,,,,,,2024208180
2024-08-03,10:26:00,COM VÍTIMA,FINALIZADA,CASA AMARELA,AV NORTE MIGUEL ARRAES DE ALENCAR,4,3904,,PRÓX. AO ARMAZÉM CORAL ACHAQUI,,,,CASA AMARELA,COLISÃO,,0,1,0,0,0,0,0,0,0,1,0,,,,,,,,,,,,,,,,,2024208230
2024-08-03,11:15:00,COM VÍTIMA,FINALIZADA,BEBERIBE,AV BEBERIBE,4,1752,,"PROX. AO RESTAURANTE JAPONES, PROX. AO TROCAO",,,,BEBERIBE,ATROPELAMENTO DE PESSOA,,0,2,0,0,1,0,0,0,0,2,0,,,,,,,,,,,,,,,,,2024208300
2024-08-03,11:48:00,COM VÍTIMA,FINALIZADA,TEJIPIO,RUA PIRAMBOIA,3,170,,RUA EM FRENTE AO HOSPITAL OTÁVIO DE FREITAS,,,,TEJIPIO,COLISÃO,,0,1,0,0,0,0,0,0,0,1,0,,,,,,,,,,,,,,,,,2024208350
2024-08-03,12:50:00,COM VÍTIMA,FINALIZADA,MACAXEIRA,AV NORTE MIGUEL ARRAES DE ALENCAR,0,,,PACIENTE NA ENTRADA NA INTEGRAÇÃO DA MACAXEIRA,,,,MACAXEIRA,COLISÃO,,0,1,0,0,0,0,0,0,0,1,0,,,,,,,,,,,,,,,,,2024208390
2024-08-03,1:49:00,COM VÍTIMA,FINALIZADA,AREIAS,AV RECIFE,4,4533,,POR TRAS DO COLEGIO INDEPEDENTE/,,,,AREIAS,COLISÃO,,0,1,0,0,0,0,0,0,0,1,0,,,,,,,,,,,,,,,,,2024208430
2024-08-03,2:40:00,COM VÍTIMA,FINALIZADA,AREIAS,RUA CAMBUCA,2,68,,EM FRENTE A GRANJA MACISA,,,,AREIAS,COLISÃO FRONTAL,,1,1,0,0,0,0,0,0,0,1,0,,,,,,,,,,,,,,,,,2024208450
2024-08-03,4:25:00,COM VÍTIMA,FINALIZADA,HIPODROMO,RUA FRANCISCO BERENGUER,3,177,,PROX AO BAR DO CARANGUEJO,,,,HIPODROMO,COLISÃO,,0,1,0,0,0,0,0,0,0,1,0,,,,,,,,,,,,,,,,,2024208510
2024-08-03,6:05:00,COM VÍTIMA,FINALIZADA,ILHA DO LEITE,RUA MARQUES AMORIM,3,435,,PROX AO IMIP,,,,ILHA DO LEITE,COLISÃO,,0,1,0,0,0,0,0,0,0,1,0,,,,,,,,,,,,,,,,,2024208530
2024-08-03,7:32:00,COM VÍTIMA,FINALIZADA,VASCO DA GAMA,RUA CORREGO DO EUCLIDES,0,,,PROXIMO A USINA DE GRALDO / PROXIMO AO BAR DA MAGA,,,,VASCO DA GAMA,COLISÃO,,0,1,0,0,0,0,0,0,0,1,0,,,,,,,,,,,,,,,,,2024208570
2024-08-03,9:16:00,COM VÍTIMA,FINALIZADA,CAMPO GRANDE,EST DE BELEM,3,353,,EM FRENTE A LOJO DE ROUPA ARMAZEM DE ESTAMPA,,,,CAMPO GRANDE,COLISÃO,,1,1,0,0,0,0,0,0,0,1,0,,,,,,,,,,,,,,,,,2024208790
2024-08-03,9:17:00,COM VÍTIMA,FINALIZADA,JORDAO,RUA DR ALVARO FERRAZ,2,15,RUA LIMA CAMPOS,PROXIMO AO TERMINAL DO JORDAO,,,,JORDAO,COLISÃO,,1,1,0,0,0,0,0,0,0,1,0,,,,,,,,,,,,,,,,,2024208800
2024-08-03,9:57:00,COM VÍTIMA,FINALIZADA,CASA AMARELA,LGO DOM LUIZ,3,101,,SUBIDA DO MORRO DA CONCEIÇÃO,,,,CASA AMARELA,COLISÃO,,1,1,0,0,0,0,0,0,0,1,0,,SUBURBIO,,,,,,,,,,,,,,,2024208810
2024-08-03,10:22:00,COM VÍTIMA,FINALIZADA,ARRUDA,AV PROFESSOR JOSE DOS ANJOS,0,,AV BEBERIBE,PRÓXIMO   DO BOMPREÇO,,,,ARRUDA,COLISÃO,,2,0,0,0,0,0,0,1,0,3,0,,,,,,,,,,,,,,,,,2024208820
2024-08-03,10:52:00,COM VÍTIMA,FINALIZADA,ENGENHO DO MEIO,RUA ANTONIO CURADO,3,147,,PRÓXIMO AO BUTECO QUAL É A BOA / PRÓXIMO A PRAÇA DE ENG. DO MEIO,,,,ENGENHO DO MEIO,COLISÃO,,1,1,0,0,0,0,0,0,24,1,0,,,,,,,,,,,,,,,,,2024208890
2024-08-03,11:30:00,COM VÍTIMA,FINALIZADA,MACAXEIRA,AV NORTE MIGUEL ARRAES DE ALENCAR,0,,,REF: EM FRENTE AO PARQUE DA MACAXEIRA NO SENTIDO SUBÚRBIO/ CIDADE,,,,MACAXEIRA,TOMBAMENTO,,1,0,0,0,0,0,0,0,0,1,0,,,,,,,,,,,,,,,,,2024208910
2024-08-04,7:37:00,COM VÍTIMA,FINALIZADA,SANTO AMARO,RUA MARIO ALBUQUERQUE CAVALCANTI,0,,,PROX AO POSTO BR DA AV AGAMENON MAGALHÃES,,,,SANTO AMARO,COLISÃO,,0,1,0,0,0,0,0,0,0,1,0,,,,,,,,,,,,,,,,,2024209040
2024-08-04,10:52:00,COM VÍTIMA,FINALIZADA,CORDEIRO,RUA GOMES TABORDA,0,,,PROX AO NOVO ATACAREJO,,,,CORDEIRO,COLISÃO,,1,1,0,0,0,0,0,0,0,1,0,,,,,,,,,,,,,,,,,2024209240
2024-08-04,11:10:00,COM VÍTIMA,FINALIZADA,CASA AMARELA,RUA PADRE LEMOS,0,,,PROX AO CEMITERIO DE CASA AMARELA E PROX A FARMACIA PAGUE MENOS,,,,CASA AMARELA,COLISÃO,,1,0,0,0,0,0,0,0,0,1,0,,,,,,,,,,,,,,,,,2024209270
2024-08-04,11:37:00,COM VÍTIMA,FINALIZADA,IBURA,RUA RIO BRIGIDA,0,,,AO LADO DA IGREJA VERBO E VIDA  SENTIDO VILA DO SESI,,,,IBURA,COLISÃO,,0,1,0,0,0,0,0,0,0,1,0,,,,,,,,,,,,,,,,,2024209290
2024-08-04,11:51:00,COM VÍTIMA,FINALIZADA,PORTO DA MADEIRA,RUA DALVA DE OLIVEIRA,0,,,PROX A AMBEV / PROX A IGREJA DO VALE,,,,PORTO DA MADEIRA,COLISÃO,,0,1,0,0,0,0,0,0,0,1,0,,,,,,,,,,,,,,,,,2024209300
2024-08-04,12:23:00,COM VÍTIMA,FINALIZADA,IPSEP,AV RECIFE,0,,RUA SAO NICOLAU,NO SEMÁFORO 016,,,,IPSEP,COLISÃO LATERAL,,1,1,0,0,0,0,0,0,0,2,0,,,,,,,,,,,,,,,,,2024209400
2024-08-04,12:41:00,COM VÍTIMA,FINALIZADA,NOVA DESCOBERTA,AV NORTE MIGUEL ARRAES DE ALENCAR,0,,,POSTO BR E NA ENTRADA DO VASCO,,,,NOVA DESCOBERTA,COLISÃO TRASEIRA,,0,1,0,0,0,1,0,0,0,1,0,,CIDADE,,,,,,,,,,,,,,,2024209410
2024-08-04,2:48:00,COM VÍTIMA,FINALIZADA,MACAXEIRA,AV NORTE MIGUEL ARRAES DE ALENCAR,0,,,EM FRENTE AO TERMINAL DA MACAXEIRA,,,,MACAXEIRA,COLISÃO FRONTAL,,1,1,0,0,0,0,0,0,0,1,0,,,,,,,,,,,,,,,,,2024209460
2024-08-04,3:30:00,COM VÍTIMA,FINALIZADA,TOTO,RUA ONZE DE AGOSTO,3,634,,EM FRENTE AO BIDU KRAUSE,,,,TOTO,COLISÃO,,0,1,0,0,0,0,0,0,0,1,0,,,,,,,,,,,,,,,,,2024209490
2024-08-04,4:08:00,COM VÍTIMA,FINALIZADA,MADALENA,RUA JOSE BONIFACIO,3,205,,E/F A GALERIA EXECUTIVE CENTER E A LOJA MEU IPHONE   PROX AO POSTO IPIRANGA,,,,MADALENA,COLISÃO COM CICLISTA,,1,0,0,1,0,0,0,0,0,1,0,,,,,,,,,,,,,,,,,2024209510
2024-08-04,4:16:00,COM VÍTIMA,FINALIZADA,AGUA FRIA,RUA SAO SEBASTIAO,4,5324,,EM FRENTE A IGREJA AGUA DA VIDA,,,,AGUA FRIA,COLISÃO,,0,0,0,0,0,0,0,0,0,1,0,,,,,,,,,,,,,,,,,2024209520
2024-08-04,5:03:00,COM VÍTIMA,FINALIZADA,DERBY,AV GOVERNADOR AGAMENON MAGALHAES,0,,,LADO OPOSTO A RESTAURAÇÃO/ NA SUBIDA DO VIADUTO /SENTIDO OLINDA,,,,DERBY,COLISÃO,,0,1,0,0,0,0,0,0,0,1,0,,,,,,,,,,,,,,,,,2024209530
2024-08-04,5:03:00,COM VÍTIMA,FINALIZADA,AFOGADOS,EST DOS REMEDIOS,4,1815,,PROX AO HYUNDAI,,,,AFOGADOS,COLISÃO LATERAL,,0,1,1,0,0,0,0,0,0,1,0,,,,,,,,,,,,,,,,,2024209550
2024-08-05,8:20:00,COM VÍTIMA,FINALIZADA,CAMPO GRANDE,EST DE BELEM,0,,,EM FRENTE AO POSTO DE GASOLINA PETRONAC / PROX AO GIRADOURO,,,,CAMPO GRANDE,COLISÃO,,0,1,0,0,0,0,0,0,0,1,0,,,,,,,,,,,,,,,,,2024210140
2024-08-05,9:15:00,COM VÍTIMA,FINALIZADA,IBURA,AV RECIFE,4,7571,,EM FRENTE A AG PNEUS,,,,IBURA,COLISÃO,,1,1,0,0,0,0,0,0,0,1,0,,,,,,,,,,,,,,,,,2024210170
2024-08-05,9:28:00,COM VÍTIMA,FINALIZADA,BOA VIAGEM,RUA CAPITAO ZUZINHA,3,286,,PRÓX A GALERIA JARDIM EUROPA,,,,BOA VIAGEM,COLISÃO,,1,0,0,0,0,0,0,0,0,1,0,,,,,,,,,,,,,,,,,2024210190
2024-08-05,9:47:00,COM VÍTIMA,FINALIZADA,PRADO,RUA CARLOS GOMES,0,,,PROX AO AO JOQUEI CLUBE,,,,PRADO,COLISÃO,,0,1,0,0,0,0,0,0,0,1,0,,,,,,,,,,,,,,,,,2024210200