data,hora,natureza_acidente,situacao,bairro,endereco,,numero,detalhe_endereco_acidente,complemento,endereco_cruzamento,numero_cruzamento,referencia_cruzamento,bairro_cruzamento,tipo,descricao,auto,moto,ciclom,ciclista,pedestre,onibus,caminhao,viatura,outros,vitimas,vitimasfatais,num_semaforo,sentido_via,acidente_verificado,tempo_clima,situacao_semaforo,sinalizacao,condicao_via,conservacao_via,ponto_controle,situacao_placa,velocidade_max_via,mao_direcao,divisao_via1,divisao_via2,divisao_via3,_id,Protocolo
2024-08-05,10:44:00,COM VÍTIMA,FINALIZADA,VASCO DA GAMA,RUA VASCO DA GAMA,3,575,,,,,,VASCO DA GAMA,ATROPELAMENTO DE PESSOA,,0,0,0,0,0,0,0,0,0,1,0,,,,,,,,,,,,,,,,,2024210290
2024-08-05,12:48:00,COM VÍTIMA,FINALIZADA,JORDAO,AV MARIA IRENE,2,84,,"NA ENTRADA DO TUNEL FELIPE CAMARÃO , SENTIDO JORDÃO/AEROPORTO",,,,JORDAO,COLISÃO,,0,1,0,0,0,0,0,0,0,1,0,,,,,,,,,,,,,,,,,2024210360
2024-08-05,12:51:00,COM VÍTIMA,FINALIZADA,PAISSANDU,AV GOVERNADOR AGAMENON MAGALHAES,4,6771,,"APÓS O HOSPITAL PORTUGUÊS ( NA CURVA  ANTES DE SUBIR O VIADUT0 )  , SENTIDO BOA VIAGEM",,,,PAISSANDU,COLISÃO,,0,1,0,0,0,0,0,0,0,1,0,,,,,,,,,,,,,,,,,2024210370
2024-08-05,1:18:00,COM VÍTIMA,FINALIZADA,SAO JOSE,RUA DAS CALCADAS,2,85,,EM FRENTE AO ARMAZEN CORAL,,,,SAO JOSE,COLISÃO,,0,1,0,0,0,0,0,0,0,1,0,,,,,,,,,,,,,,,,,2024210380
2024-08-05,1:31:00,COM VÍTIMA,FINALIZADA,LINHA DO TIRO,RUA URIEL DE HOLANDA,4,1346,,PROX AO AO CALDINHO DO AMBROSIO,,,,LINHA DO TIRO,COLISÃO,,0,1,0,0,0,0,0,0,0,1,0,,,,,,,,,,,,,,,,,2024210390
2024-08-05,6:24:00,COM VÍTIMA,FINALIZADA,MADALENA,AV VISCONDE DE ALBUQUERQUE,0,,RUA JOSE BONIFACIO,PRÓX À IGREJA METODISTA E PRÓX SO POSTO DE GASOLINA IPIRANGA,,,,MADALENA,COLISÃO,,1,1,0,0,0,0,0,0,0,1,0,,,,,,,,,,,,,,,,,2024210510
2024-08-05,8:35:00,COM VÍTIMA,FINALIZADA,CORDEIRO,RUA ODETE MONTEIRO,3,450,,EM FRENTE AO GOE,,,,CORDEIRO,COLISÃO,,1,1,0,0,0,0,0,0,0,1,0,,,,,,,,,,,,,,,,,2024210560
2024-08-05,10:41:00,COM VÍTIMA,FINALIZADA,BOA VIAGEM,RUA CAPITAO ZUZINHA,0,,RUA VISCONDE DE JEQUITINHONHA,,,,,BOA VIAGEM,COLISÃO TRANSVERSAL,,1,1,0,0,0,0,0,0,0,1,0,4330,,,,,,,,,,,,,,,,2024210590
2024-08-06,7:31:00,COM VÍTIMA,FINALIZADA,APIPUCOS,RUA DE APIPUCOS,4,1049,,EM FRENTE A RESERVA APIPUCOS,,,,APIPUCOS,COLISÃO,,0,1,0,0,0,0,0,0,0,1,0,,,,,,,,,,,,,,,,,2024211050
2024-08-06,8:13:00,COM VÍTIMA,FINALIZADA,SAO JOSE,AV SUL,0,,,PRAÇA SERGIO LORETO /  ANTIGO MERCADO DAS FLORES,,,,SAO JOSE,COLISÃO TRASEIRA,,0,2,0,0,0,0,0,0,0,1,0,,,,,,,,,,,,,,,,,2024211100
2024-08-06,8:29:00,COM VÍTIMA,FINALIZADA,BOA VIAGEM,AV DES JOSE NEVES,0,,,"APOS O POSTO DE GASOLINA SHELL, EM FRENTE A OFICINA FERNANDO DAS BATERIAS",,,,BOA VIAGEM,COLISÃO,,0,1,0,0,0,0,0,0,0,1,0,,,,,,,,,,,,,,,,,2024211110
2024-08-06,8:47:00,COM VÍTIMA,FINALIZADA,BOA VIAGEM,RUA RIO AZUL,0,,,EM FRENTE AO SUPERMERCADO TREVO,,,,BOA VIAGEM,COLISÃO,,0,1,0,0,0,0,0,0,0,1,0,,,,,,,,,,,,,,,,,2024211140
2024-08-06,9:40:00,COM VÍTIMA,FINALIZADA,DOIS UNIDOS,RUA TUPIRACABA,3,217,,AO LADO DO TERMINAL DOS ÔNIBUS  DO ALTO DO CAPITÃO,,,,DOIS UNIDOS,COLISÃO,,0,1,0,0,0,0,0,0,0,1,0,,,,,,,,,,,,,,,,,2024211260
2024-08-06,11:39:00,COM VÍTIMA,FINALIZADA,IMBIRIBEIRA,AV MARECHAL MASCARENHAS DE MORAES,0,,,ENFRENTE A ANAC // AEROPORTO,,,,IMBIRIBEIRA,COLISÃO,,0,1,0,0,0,0,0,0,0,1,0,,,,,,,,,,,,,,,,,2024211500
2024-08-06,11:39:00,COM VÍTIMA,FINALIZADA,IBURA,AV JORNALISTA COSTA PORTO,3,584,,"NA DESCIDA DA LADEIRA DE  JARDIM MONTE VERDE  , EM FRENTE AO VAREJÃO DAS RAÇÕES",,,,IBURA,COLISÃO,,0,1,0,0,0,1,0,0,0,2,0,,,,,,,,,,,,,,,,,2024211510
2024-08-06,12:41:00,COM VÍTIMA,FINALIZADA,SANTO AMARO,AV NORTE MIGUEL ARRAES DE ALENCAR,2,36,RUA TREZE DE MAIO,,,,,SANTO AMARO,COLISÃO,,1,1,0,0,0,0,0,0,0,1,0,,,,,,,,,,,,,,,,,2024211620
2024-08-06,12:43:00,COM VÍTIMA,FINALIZADA,BOA VIAGEM,AV CONSELHEIRO AGUIAR,4,4074,RUA RIBEIRO DE BRITO,EM FRENTE A FARMACIA PAGUE MENOS  // PRÓX. AO HOLIDAY,,,,BOA VIAGEM,COLISÃO,,1,1,0,0,0,0,0,0,0,1,0,,,,,,,,,,,,,,,,,2024211630
2024-08-06,12:54:00,COM VÍTIMA,FINALIZADA,IBURA,AV DOIS RIOS,3,350,,AO LADO DO CRÁS ( IBURA DE BAIXO ),,,,IBURA,COLISÃO,,0,1,0,0,0,0,0,0,0,1,0,,,,,,,,,,,,,,,,,2024211650
2024-08-06,1:33:00,COM VÍTIMA,FINALIZADA,CAMPO GRANDE,RUA DONA ELVIRA,0,,,PRÓXIMA A QUITANDARIA,,,,CAMPO GRANDE,COLISÃO COM CICLISTA,,0,1,0,1,0,0,0,0,0,1,0,,,,,,,,,,,,,,,,,2024211660
2024-08-06,1:42:00,COM VÍTIMA,FINALIZADA,SANTANA,RUA SANTANA,0,,RUA JORGE GOMES DE SA,PROXIMO AO PARQUE SANTANA / PROX A ESCOLA NOSSA SENHORA DAS GRAÇAS,,,,SANTANA,COLISÃO COM CICLISTA,,1,0,0,1,0,0,0,0,0,1,0,,,,,,,,,,,,,,,,,2024211720
2024-08-06,2:16:00,COM VÍTIMA,FINALIZADA,IMBIRIBEIRA,AV MARECHAL MASCARENHAS DE MORAES,0,,,PROX A FACULDADE UNIVERSO/ EM FRENTE A MARAVILHA MOTOS/ SENTIDO AEROPORTO,,,,IMBIRIBEIRA,COLISÃO LATERAL,,0,1,0,0,0,0,1,0,0,1,0,,,,,,,,,,,,,,,,,2024211740
2024-08-06,3:45:00,COM VÍTIMA,FINALIZADA,ILHA JOANA BEZERRA,VDO PAPA JOAO PAULO II,0,,,,,,,JOANA BEZERRA,QUEDA,,0,1,0,0,0,0,0,0,0,1,0,,,,,,,,,,,,,,,,,2024211810
2024-08-06,4:22:00,COM VÍTIMA,FINALIZADA,SAO JOSE,RUA DAS CALCADAS,0,,,EM FRENTE AO ATACADO DOS PRESENTES,,,,SAO JOSE,COLISÃO,,0,1,0,0,0,0,0,0,0,1,0,,,,,,,,,,,,,,,,,2024211830
2024-08-06,4:51:00,COM VÍTIMA,FINALIZADA,IMBIRIBEIRA,AV MARECHAL MASCARENHAS DE MORAES,4,4229,,UPA DA IMBIRIBEIRA,,,,IMBIRIBEIRA,CHOQUE,,0,0,0,0,0,0,0,0,0,1,0,,,,,,,,,,,,,,,,,2024211890
2024-08-06,5:16:00,COM VÍTIMA,FINALIZADA,TEJIPIO,RUA FALCAO DE LACERDA,3,532,,APOS A ESTACAO DE METRO DE TEJIPIO E PROX A PADARIA DA FABRICA,,,,TEJIPIO,COLISÃO,,0,1,0,0,0,0,0,0,0,1,0,,,,,,,,,,,,,,,,,2024211910
2024-08-06,5:42:00,COM VÍTIMA,FINALIZADA,BOA VIAGEM,AV ENGENHEIRO DOMINGOS FERREIRA,4,2512,,"PROX AO SOS MAOS E ORTOPEDIA, PROX A ELETROMEC, EM FRENTE A FARMACIA PAGUE MENOS",,,,BOA VIAGEM,COLISÃO,,0,1,0,0,0,0,0,0,0,1,0,,,,,,,,,,,,,,,,,2024211940
2024-08-06,6:00:00,COM VÍTIMA,FINALIZADA,CASA AMARELA,RUA ABEL DE SA BEZERRA CAVALCANTI,3,101,,EM FRENTE AO EDIFICIO DULCE RODRIGUES,,,,CASA AMARELA,COLISÃO LATERAL,,2,0,0,0,0,0,0,0,0,1,0,,,,,,,,,,,,,,,,,2024211950
2024-08-06,6:58:00,COM VÍTIMA,FINALIZADA,MADALENA,RUA BENFICA,0,,,EM FRENTE A ESCOLA GGE,,,,MADALENA,COLISÃO,,1,0,0,0,0,0,0,0,0,1,0,,,,,,,,,,,,,,,,,2024211970
2024-08-06,9:57:00,COM VÍTIMA,FINALIZADA,AFLITOS,RUA QUARENTA E OITO,0,,RUA CARNEIRO VILELA,SABOR DO RANCHO,,,,AFLITOS,COLISÃO,,1,1,0,0,0,0,0,0,0,1,0,,,,,,,,,,,,,,,,,2024212060
2024-08-06,10:32:00,COM VÍTIMA,FINALIZADA,CORDEIRO,AV MAURICIO DE NASSAU,0,,RUA N S DA SAUDE,,,,,CORDEIRO,COLISÃO,,1,1,0,0,0,0,0,0,0,2,0,,,,,,,,,,,,,,,,,2024212070
2024-08-07,7:04:00,COM VÍTIMA,FINALIZADA,CASA AMARELA,AV NORTE MIGUEL ARRAES DE ALENCAR,0,,,PRÓX. AO SESC //  SENTIDO CIDADE,,,,CASA AMARELA,COLISÃO,,0,1,0,0,0,0,0,0,0,1,0,,,,,,,,,,,,,,,,,2024212330
2024-08-07,7:41:00,COM VÍTIMA,FINALIZADA,CAXANGA,AV CAXANGA,0,,,PROXIMO A UPA A DA CAXANGA // NO COMEÇO DA PONTE // NA ENTRADA DO UR 7,,,,CAXANGA,COLISÃO,,0,1,0,0,0,0,0,0,0,1,0,,,,,,,,,,,,,,,,,2024212340
2024-08-07,7:47:00,COM VÍTIMA,FINALIZADA,TOTO,RUA JUVENCIO MARQUES DA CUNHA,2,93,,EM FRENTE A IGREJA CATOLICA DO TOTÓ //  PRÓX. A FARMÁCIA DO TRABALHADOR,,,,TOTO,COLISÃO,,0,1,0,0,0,0,0,0,0,1,0,,,,,,,,,,,,,,,,,2024212360
2024-08-07,7:57:00,COM VÍTIMA,FINALIZADA,COELHOS,LGO DOS COELHOS,0,,,NA LATERAL DO IMIP,,,,COELHOS,COLISÃO,,0,1,0,0,0,0,0,0,0,1,0,,,,,,,,,,,,,,,,,2024212370
2024-08-07,9:42:00,COM VÍTIMA,FINALIZADA,BOA VIAGEM,AV ENGENHEIRO DOMINGOS FERREIRA,4,3333,,EM FRENTE A GALERIA MARCO ZERO,,,,BOA VIAGEM,COLISÃO,,0,1,0,0,0,0,0,0,0,1,0,,,,,,,,,,,,,,,,,2024212540
2024-08-07,10:49:00,COM VÍTIMA,FINALIZADA,CAXANGA,RUA BENFICA,7,1059 R3,,EM FRENTE A DPCA // PRÓX. AO MARTELINHO DE OURO .,,,,CAXANGA,COLISÃO,,1,0,0,0,0,0,0,0,0,1,0,,,,,,,,,,,,,,,,,2024212630
2024-08-07,11:30:00,COM VÍTIMA,FINALIZADA,PINA,AV CONSELHEIRO AGUIAR,3,476,,EM FRENTE AO VERD FRUTT // PRÓX. A YAMAHA //,,,,PINA,COLISÃO,,0,1,0,0,0,0,0,0,0,1,0,,,,,,,,,,,,,,,,,2024212720
2024-08-07,12:03:00,COM VÍTIMA,FINALIZADA,DERBY,AV GOVERNADOR AGAMENON MAGALHAES,0,,,SENTIDO OLINDA / PROX A BANCO ITAU,,,,DERBY,COLISÃO,,0,1,0,0,0,0,0,0,0,1,0,,,,,,,,,,,,,,,,,2024212770
2024-08-07,3:15:00,COM VÍTIMA,FINALIZADA,IPSEP,RUA DR RAPOSO PINTO,3,113,,EM FRENTE AO DEPAULO CAR,,,,IPSEP,COLISÃO,,0,1,0,0,0,0,0,0,0,1,0,,,,,,,,,,,,,,,,,2024212930
2024-08-07,3:43:00,COM VÍTIMA,FINALIZADA,AREIAS,AV DR JOSE RUFINO,4,2826,,EM FRENTE À DROGASIL E PRÓX À IGREJA PRESBISTERIANA. NA ENTRADA DE JARDIM SÃO PAULO,,,,AREIAS,COLISÃO,,0,1,0,0,0,0,0,0,0,1,0,,,,,,,,,,,,,,,,,2024212960
2024-08-07,6:02:00,COM VÍTIMA,FINALIZADA,BOA VIAGEM,AV CONSELHEIRO AGUIAR,0,,,PROX A LOJA BIA GUIRÃO,,,,BOA VIAGEM,COLISÃO LATERAL,,1,1,0,0,0,0,0,0,0,1,0,,,,,,,,,,,,,,,,,2024213100
2024-08-07,6:05:00,COM VÍTIMA,FINALIZADA,PINA,AV ANTONIO DE GOES,0,,,NA SAIDA DO TUNEO DO SHOPPING RIO MAR / PROX A PRF,,,,PINA,COLISÃO,,0,1,0,0,0,0,0,0,0,1,0,,,,,,,,,,,,,,,,,2024213110
2024-08-07,6:45:00,COM VÍTIMA,FINALIZADA,VARZEA,RUA GASTAO VIDIGAL,3,679,,REPOUSO DAS 22 ÀS 02H,,,,VARZEA,COLISÃO,,0,1,0,0,0,0,0,0,0,1,0,,,,,,,,,,,,,,,,,2024213300
2024-08-07,8:03:00,COM VÍTIMA,FINALIZADA,BREJO DA GUABIRABA,AV DA RECUPERACAO,0,,,ENFRENTE A COREMAL,,,,BREJO DA GUABIRABA,ATROPELAMENTO DE PESSOA,,0,0,0,0,1,1,0,0,0,1,0,,SUBURBIO,,,,,,,,,,,,,,,2024213370
2024-08-07,8:20:00,COM VÍTIMA,FINALIZADA,CAXANGA,AV CAXANGA,4,2811,,"PRÓXIMO  A MASSARELA, SENTIDO  CIDADE",,,,CAXANGA,COLISÃO LATERAL,,1,1,0,0,0,0,0,0,0,1,0,,SUBURBIO,,,,,,,,,,,,,,,2024213380
2024-08-07,11:03:00,COM VÍTIMA,FINALIZADA,IPUTINGA,RUA SAO MATEUS,0,,AV MAURICIO DE NASSAU,REF: SOB O SEMÁFORO,,,,IPUTINGA,COLISÃO LATERAL,,0,2,0,0,0,0,0,0,0,1,0,2390,,,,,,,,,,,,,,,,2024213480
2024-08-08,7:01:00,COM VÍTIMA,FINALIZADA,BOA VIAGEM,RUA ERNESTO DE PAULA SANTOS,3,315,AV ENGENHEIRO DOMINGOS FERREIRA,EM FRENTE A CONSTACE / PROX AO NUMERO 315 / ESQUINA COM A DOMINGOS FERREIRA,,,,BOA VIAGEM,COLISÃO,,0,1,0,0,0,0,0,0,0,1,0,,,,,,,,,,,,,,,,,2024213650
2024-08-08,7:54:00,COM VÍTIMA,FINALIZADA,CORREGO DO JENIPAPO,AV NORTE MIGUEL ARRAES DE ALENCAR,4,9361,,NO RETORNO DA INTEGRAÇÃO DA MACAXEIRA  //  NA ENTRADA DO CÓRREGO DO JENIPAPO,,,,CORREGO DO JENIPAPO,COLISÃO,,1,1,0,0,0,0,0,0,0,1,0,,,,,,,,,,,,,,,,,2024213680
2024-08-08,8:13:00,COM VÍTIMA,FINALIZADA,SANTO AMARO,RUA COELHO LEITE,3,630,,PRÓX. A EMPRESA CEP  E AO SESC DE SANTO AMARO,,,,SANTO AMARO,COLISÃO LATERAL,,1,1,0,0,0,0,0,0,0,1,0,,,,,,,,,,,,,,,,,2024213720
2024-08-08,9:07:00,COM VÍTIMA,FINALIZADA,DOIS IRMAOS,RUA MANUEL DE MEDEIROS,0,,,EM FRENTE A UNIVERSIDADE RURAL,,,,DOIS IRMAOS,COLISÃO,,0,1,0,0,0,0,0,0,0,1,0,,,,,,,,,,,,,,,,,2024213820
2024-08-08,1:34:00,COM VÍTIMA,FINALIZADA,CASA AMARELA,RUA PADRE LEMOS,3,518,,PRÓXIMO AO MERCADO DE CASA AMARELA,,,,CASA AMARELA,COLISÃO COM CICLISTA,,0,0,0,1,0,0,0,0,0,1,0,,,,,,,,,,,,,,,,,2024214240
2024-08-08,1:52:00,COM VÍTIMA,FINALIZADA,SANTO AMARO,AV CRUZ CABUGA,0,,,E/F CTTU,,,,SANTO AMARO,COLISÃO,,0,2,0,0,0,0,0,0,0,1,0,,,,,,,,,,,,,,,,,2024214270
2024-08-08,3:07:00,COM VÍTIMA,FINALIZADA,ILHA JOANA BEZERRA,RUA CAPITAO TEMUDO,3,114,,ENCIMA DO VIADUTO,,,,JOANA BEZERRA,COLISÃO,,0,1,0,0,0,0,0,0,0,1,0,,,,,,,,,,,,,,,,,2024214310
2024-08-08,3:20:00,COM VÍTIMA,FINALIZADA,CAXANGA,AV CAXANGA,4,8171,,PROX AO BANCO SANTANDER,,,,CAXANGA,COLISÃO,,0,1,0,0,0,0,0,0,0,1,0,,,,,,,,,,,,,,,,,2024214320
2024-08-08,4:25:00,COM VÍTIMA,FINALIZADA,BOA VIAGEM,RUA BARAO DE SOUZA LEAO,3,779,,AO LADO DO MAR HOTEL,,,,BOA VIAGEM,COLISÃO,,0,1,0,0,0,0,0,0,0,1,0,,,,,,,,,,,,,,,,,2024214470
2024-08-08,5:35:00,COM VÍTIMA,FINALIZADA,BOA VIAGEM,AV ARMINDO MOURA,4,7074,RUA DR ULYSSES LINS DE ALBUQUERQUE,PROX AO COMAR,,,,BOA VIAGEM,COLISÃO FRONTAL,,1,1,0,0,0,0,0,0,0,1,0,,,,,,,,,,,,,,,,,2024214520
2024-08-08,5:56:00,COM VÍTIMA,FINALIZADA,BOA VISTA,AV CONDE DA BOA VISTA,0,,RUA DO HOSPICIO,,,,,BOA VISTA,ATROPELAMENTO DE PESSOA,,0,0,0,0,1,1,0,0,0,1,0,,,,,,,,,,,,,,,,,2024214560
2024-08-08,8:23:00,COM VÍTIMA,FINALIZADA,IMBIRIBEIRA,RUA JOAQUIM BANDEIRA,0,,AV SUL,SOB PONTILHÃO DA ESTAÇÃO DE METRO ANTONIO FALCAO,,,,IMBIRIBEIRA,COLISÃO TRANSVERSAL,,2,0,0,0,0,0,0,0,0,1,0,,,,,,,,,,,,,,,,,2024214670
2024-08-08,11:42:00,COM VÍTIMA,FINALIZADA,CASA AMARELA,RUA CONS PERETTI,3,115,RUA OSCAR DE BARROS,,,,,CASA AMARELA,COLISÃO,,0,1,0,0,0,1,0,0,0,1,0,,,,,,,,,,,,,,,,,2024214730
2024-08-09,6:30:00,COM VÍTIMA,FINALIZADA,CAXANGA,AV CAXANGA,0,,,AO LADO DA UPA DA CAXANGÁ,,,,CAXANGA,ATROPELAMENTO DE PESSOA,,0,1,0,0,1,0,0,0,0,1,0,,,,,,,,,,,,,,,,,2024214890
2024-08-09,7:07:00,COM VÍTIMA,FINALIZADA,BOA VIAGEM,RUA BALTAZAR PASSOS,3,677,,PRÓX. A CAFETERIA SÃO BRAZ,,,,BOA VIAGEM,COLISÃO FRONTAL,,1,1,0,0,0,0,0,0,0,1,0,,,,,,,,,,,,,,,,,2024214950
2024-08-09,7:39:00,COM VÍTIMA,FINALIZADA,CAMPO GRANDE,AV PROFESSOR JOSE DOS ANJOS,0,,,"AO LADO DA ECO ESTAÇÃO, NO INCIO DO CANAL DO ARRUDA",,,,CAMPO GRANDE,COLISÃO,,1,1,0,0,0,0,0,0,0,2,0,,,,,,,,,,,,,,,,,2024215000
2024-08-09,9:44:00,COM VÍTIMA,FINALIZADA,CAMPO GRANDE,RUA ODORICO MENDES,3,662,,PRÓX. AO CLUBE DAS ASPÁS,,,,CAMPO GRANDE,COLISÃO LATERAL,,1,1,0,0,0,0,0,0,0,1,0,,,,,,,,,,,,,,,,,2024215140
2024-08-09,10:52:00,COM VÍTIMA,FINALIZADA,BOA VIAGEM,AV CONSELHEIRO AGUIAR,4,1839,,CRUZAMENTO COM A RUA ANTÔNIO FALCÃO // EM FRENTE AO EMPRESARIAL OTAVIANO DIAS  E DO SEMÁFORO  006,,,,BOA VIAGEM,COLISÃO,,1,1,0,0,0,0,0,0,0,1,0,,,,,,,,,,,,,,,,,2024215310
2024-08-09,11:24:00,COM VÍTIMA,FINALIZADA,BOMBA DO HEMETERIO,RUA BOMBA DO HEMETERIO,3,435,,EM FRENTE A FUNERÁRIA CANAÃ,,,,BOMBA DO HEMETERIO,COLISÃO,,0,1,0,0,0,0,0,0,0,1,0,,,,,,,,,,,,,,,,,2024215360
2024-08-09,11:39:00,COM VÍTIMA,FINALIZADA,PARNAMIRIM,AV FLOR DE SANTANA,0,,,AO LADO DA BURGUER KING,,,,PARNAMIRIM,COLISÃO FRONTAL,,1,1,0,0,0,0,0,0,0,1,0,,,,,,,,,,,,,,,,,2024215380
2024-08-09,12:41:00,COM VÍTIMA,FINALIZADA,ESPINHEIRO,RUA DA HORA,3,366,,PRÓX A CAIXA ECONÔMICA  //  PRÓX. A HAP  VIDA,,,,ESPINHEIRO,COLISÃO,,0,1,0,0,0,0,0,0,0,1,0,,,,,,,,,,,,,,,,,2024215510
2024-08-09,2:38:00,COM VÍTIMA,FINALIZADA,NOVA DESCOBERTA,AV VEREADOR OTACILIO AZEVEDO,0,,,PROX A UPA NOVA DESCOBERTA,,,,NOVA DESCOBERTA,COLISÃO,,0,1,0,0,0,0,0,0,0,1,0,,,,,,,,,,,,,,,,,2024215640
2024-08-09,3:33:00,COM VÍTIMA,FINALIZADA,ESTANCIA,AV RECIFE,0,,,EM FRENTE AO ATACADAO,,,,ESTANCIA,COLISÃO,,0,1,0,0,0,0,0,0,0,1,0,,,,,,,,,,,,,,,,,2024215710
2024-08-09,4:42:00,COM VÍTIMA,FINALIZADA,TAMARINEIRA,EST DO ARRAIAL,4,2342,,E/F AO POSTO IPIRANJA    E O EDF JOIA,,,,TAMARINEIRA,COLISÃO TRASEIRA,,1,1,1,0,0,0,0,0,0,1,0,,,,,,,,,,,,,,,,,2024215730
2024-08-09,6:29:00,COM VÍTIMA,FINALIZADA,PARNAMIRIM,EST DO ENCANAMENTO,3,261,,EM FRENTE A ESCOLA ESTADUAL JOSE VILELA E PROX AO CLUBE ALEMAO,,,,PARNAMIRIM,COLISÃO,,0,1,0,0,0,0,0,0,0,1,0,,,,,,,,,,,,,,,,,2024215830
2024-08-10,5:17:00,COM VÍTIMA,FINALIZADA,BOA VIAGEM,AV ENGENHEIRO DOMINGOS FERREIRA,0,,RUA ANTONIO FALCAO,PROX AO SANTANDER E CARREFOUR,,,,BOA VIAGEM,COLISÃO,,1,1,0,0,0,0,0,0,0,2,0,,,,,,,,,,,,,,,,,2024216150
2024-08-10,7:07:00,COM VÍTIMA,FINALIZADA,MADALENA,RUA JOSE OSORIO,0,,,ASSIM QUE DESCE A PONTE DA CAPUNGA / PROX A LOJA PNEUS / SENTIDO CAXANGA,,,,MADALENA,COLISÃO,,0,1,0,0,0,0,0,0,0,1,0,,,,,,,,,,,,,,,,,2024216230
2024-08-10,8:38:00,COM VÍTIMA,FINALIZADA,DERBY,AV GOVERNADOR AGAMENON MAGALHAES,0,,,PROX AO HOSPITAL DA RESTAURAÇÃO,,,,DERBY,COLISÃO,,0,1,0,0,0,0,0,0,0,1,0,,,,,,,,,,,,,,,,,2024216310
2024-08-10,8:58:00,COM VÍTIMA,FINALIZADA,CAMPO GRANDE,RUA ODORICO MENDES,0,,AV GOVERNADOR AGAMENON MAGALHAES,EM FRENTE A VP AUTO PEÇAS / EM FRENTE SECRETARIA DE DEFESA SOCIAL,,,,CAMPO GRANDE,COLISÃO FRONTAL,,1,1,0,0,0,0,0,0,0,1,0,,,,,,,,,,,,,,,,,2024216320
2024-08-10,1:03:00,COM VÍTIMA,FINALIZADA,SANTO AMARO,RUA MONTE CASTELO,4,1896,,"PROX AO POSTO DE GASOLINA PG, CRUZAMENTO COM A AVENIDA JOAO DE BARROS",,,,SANTO AMARO,COLISÃO,,0,1,0,0,0,0,0,0,0,1,0,,,,,,,,,,,,,,,,,2024216500
2024-08-10,2:25:00,COM VÍTIMA,FINALIZADA,CAXANGA,AV CAXANGA,0,,,PROXIMO A INTEGRAÇÃO DA CAXANGA E BANCO ITAU/ SENTIDO CAMARAGIBE,,,,CAXANGA,ATROPELAMENTO DE PESSOA,,0,1,0,0,1,0,0,0,0,3,0,,,,,,,,,,,,,,,,,2024216530
2024-08-10,3:43:00,COM VÍTIMA,FINALIZADA,ILHA JOANA BEZERRA,RUA BAHIA FORMOSA,3,121,,PRX A ACADEMIA DA CIDADE,,,,JOANA BEZERRA,COLISÃO,,0,1,0,0,0,0,0,0,0,1,0,,,,,,,,,,,,,,,,,2024216590
2024-08-10,4:02:00,COM VÍTIMA,FINALIZADA,ILHA JOANA BEZERRA,VDO PAPA JOAO PAULO II,0,,,,,,,JOANA BEZERRA,QUEDA,,0,0,0,1,0,0,0,0,0,1,0,,,,,,,,,,,,,,,,,2024216600
2024-08-10,5:06:00,COM VÍTIMA,FINALIZADA,MADALENA,AV ENGENHEIRO ABDIAS DE CARVALHO,4,1055,,PROX AO POSTO BR/ SENTIDO RECIFE,,,,MADALENA,COLISÃO,,0,1,0,0,0,0,0,0,0,1,0,,,,,,,,,,,,,,,,,2024216660
2024-08-11,6:14:00,COM VÍTIMA,FINALIZADA,NOVA DESCOBERTA,RUA NOVA DESCOBERTA,0,,,NA DESCIDA DO OLHO D´AGUA,,,,NOVA DESCOBERTA,ATROPELAMENTO DE PESSOA,,0,1,0,0,1,0,0,0,0,1,0,,,,,,,,,,,,,,,,,2024217180
2024-08-11,7:45:00,COM VÍTIMA,FINALIZADA,AGUA FRIA,AV BEBERIBE,4,2490,,"EM FRENTE AO POSTO DE GASOLINA BR, PROX. A AUTO ESCOLA PILOTO",,,,AGUA FRIA,COLISÃO,,0,1,0,0,0,0,0,0,0,1,0,,,,,,,,,,,,,,,,,2024217210
2024-08-11,9:59:00,COM VÍTIMA,FINALIZADA,APIPUCOS,RUA DOIS IRMAOS,3,667,,PRÓX A CADA DE FESTA ROSE BELTRÃO,,,,APIPUCOS,COLISÃO,,0,1,0,0,0,0,0,0,0,1,0,,,,,,,,,,,,,,,,,2024217270
2024-08-11,11:50:00,COM VÍTIMA,FINALIZADA,IBURA,AV DOIS RIOS,0,,,"SENT. AV. RECIFE, PROX. A LINHA DO TREM E ARMAZEM  FAMA",,,,IBURA,COLISÃO,,0,1,0,0,0,0,0,0,0,1,0,,,,,,,,,,,,,,,,,2024217290
2024-08-11,11:54:00,COM VÍTIMA,FINALIZADA,IMBIRIBEIRA,AV ENGENHEIRO ALVES DE SOUZA,3,685,,EM FRENTE A LAGOA DO ARAÇÁ,,,,IMBIRIBEIRA,COLISÃO,,1,1,0,0,0,0,0,0,0,1,0,,,,,,,,,,,,,,,,,2024217300
2024-08-11,11:54:00,COM VÍTIMA,FINALIZADA,BREJO DA GUABIRABA,AV VEREADOR OTACILIO AZEVEDO,0,,,PROX. A DELEGACIA DA MACAXEIRA,,,,BREJO DA GUABIRABA,COLISÃO,,0,1,0,0,0,0,0,0,0,1,0,,,,,,,,,,,,,,,,,2024217310
2024-08-11,12:55:00,COM VÍTIMA,FINALIZADA,AREIAS,AV DR JOSE RUFINO,0,,,EM FRENTE AO MIX MATHEUS,,,,AREIAS,COLISÃO LATERAL,,1,1,0,0,0,0,0,0,0,1,0,,,,,,,,,,,,,,,,,2024217370
2024-08-11,1:15:00,COM VÍTIMA,FINALIZADA,BOA VIAGEM,RUA BALTAZAR PASSOS,0,,,PROX AO  COLEGIO MADRE DE DEUS,,,,BOA VIAGEM,COLISÃO LATERAL,,2,0,0,0,0,0,0,0,0,2,0,,,,,,,,,,,,,,,,,2024217390
2024-08-11,1:59:00,COM VÍTIMA,FINALIZADA,IMBIRIBEIRA,AV MARECHAL MASCARENHAS DE MORAES,3,779,,APOS  GRILO FLORES PROX A ESTAÇAO,,,,IMBIRIBEIRA,COLISÃO,,0,0,0,0,0,0,0,0,0,1,0,,,,,,,,,,,,,,,,,2024217420
2024-08-11,3:03:00,COM VÍTIMA,FINALIZADA,SAN MARTIN,RUA VINTE E UM DE ABRIL,0,,RUA OTAVIANO DE ALMEIDA ROSA,PROX AO TERMINAL DE ÔNIBUS DA MANGUEIRA,,,,SAN MARTIN,COLISÃO LATERAL,,1,1,0,0,0,0,0,0,0,1,0,,,,,,,,,,,,,,,,,2024217500
2024-08-11,3:04:00,COM VÍTIMA,FINALIZADA,IMBIRIBEIRA,AV MARECHAL MASCARENHAS DE MORAES,0,,,PROX A AUTO NUNES E A FACULDADE UNINASSAU,,,,IMBIRIBEIRA,COLISÃO,,0,0,0,0,0,0,0,0,0,1,0,,,,,,,,,,,,,,,,,2024217510
2024-08-11,4:06:00,COM VÍTIMA,FINALIZADA,IBURA,RUA VISCONDE DE AZUARA,3,436,,E/F A POLICLINICA ARNALDO MARQUES,,,,IBURA,COLISÃO,,0,0,0,0,0,0,0,0,0,1,0,,,,,,,,,,,,,,,,,2024217550