data,hora,natureza_acidente,situacao,bairro,endereco,,numero,detalhe_endereco_acidente,complemento,endereco_cruzamento,numero_cruzamento,referencia_cruzamento,bairro_cruzamento,tipo,descricao,auto,moto,ciclom,ciclista,pedestre,onibus,caminhao,viatura,outros,vitimas,vitimasfatais,num_semaforo,sentido_via,acidente_verificado,tempo_clima,situacao_semaforo,sinalizacao,condicao_via,conservacao_via,ponto_controle,situacao_placa,velocidade_max_via,mao_direcao,divisao_via1,divisao_via2,divisao_via3,_id,Protocolo
2024-08-26,4:15:00,COM VÍTIMA,FINALIZADA,CAMPO GRANDE,EST DE BELEM,4,1303,,PROX A IMOBILIARIA REI MAX,,,,CAMPO GRANDE,COLISÃO LATERAL,,1,1,0,0,0,0,0,0,0,1,0,,,,,,,,,,,,,,,,,2024232400
2024-08-26,4:31:00,COM VÍTIMA,FINALIZADA,JIQUIA,RUA ANTONIO CARNEIRO,3,838,,PROXIMO A GARAGEM DA ASTROTUR TURISMO,,,,JIQUIA,COLISÃO,,0,1,0,0,0,0,0,0,0,1,0,,,,,,,,,,,,,,,,,2024232420
2024-08-26,4:50:00,COM VÍTIMA,FINALIZADA,SANTO ANTONIO,RUA MARIZ E BARROS,3,168,,PROXIMO AO FORUM,,,,SANTO ANTONIO,COLISÃO,,0,1,0,0,0,0,0,0,0,1,0,,,,,,,,,,,,,,,,,2024232450
2024-08-26,5:29:00,COM VÍTIMA,FINALIZADA,TORROES,AV ENGENHEIRO ABDIAS DE CARVALHO,4,6926,,PROXIMO A FERRARI PEÇAS E ACESSORIOS,,,,TORROES,COLISÃO,,0,1,0,0,0,0,0,0,0,1,0,,,,,,,,,,,,,,,,,2024232460
2024-08-26,6:17:00,COM VÍTIMA,FINALIZADA,LINHA DO TIRO,RUA URIEL DE HOLANDA,4,1307,,PROX A IGREJA BATISTA - PROX A LOJA MACHADOS MOTOS,,,,LINHA DO TIRO,COLISÃO,,0,1,0,0,0,0,0,0,0,1,0,,,,,,,,,,,,,,,,,2024232560
2024-08-26,6:57:00,COM VÍTIMA,FINALIZADA,IBURA,RUA MONTES DAS TABOCAS,2,59,,ANTES DO TERMINAL DE ONIBUS DE MONTE VERDE - ANTES DA LADEIRA DO ZUMBI DO PACHECO,,,,IBURA,COLISÃO,,0,1,0,0,0,0,0,0,0,1,0,,,,,,,,,,,,,,,,,2024232600
2024-08-26,6:43:00,COM VÍTIMA,FINALIZADA,AFOGADOS,AV SUL,0,,,EM FRENTE À ESTAÇÃO LARGO DA PAZ E POLICLINICA DE AFOGADOS,,,,AFOGADOS,COLISÃO,,0,3,0,0,0,0,0,0,0,1,0,,,,,,,,,,,,,,,,,2024232610
2024-08-26,7:30:00,VÍTIMA FATAL,FINALIZADA,IMBIRIBEIRA,AV GENERAL MAC ARTHUR,0,,,AO LADO DA ESTAÇÃO  ANTONIO FALCÃO,,,,IMBIRIBEIRA,COLISÃO LATERAL,,1,1,0,0,0,0,0,0,0,2,1,,,,,,,,,,,,,,,,,2024232650
2024-08-26,7:53:00,COM VÍTIMA,FINALIZADA,ESTANCIA,AV DR JOSE RUFINO,3,535,,CENTRO COMERCIAL GALERIA MARGARIDA,,,,ESTANCIA,COLISÃO,,1,1,0,0,0,0,0,0,0,2,0,,,,,,,,,,,,,,,,,2024232690
2024-08-26,11:38:00,COM VÍTIMA,FINALIZADA,AFOGADOS,RUA SAO MIGUEL,0,,,EM FRENTE AO DEPATRI,,,,AFOGADOS,COLISÃO COM CICLISTA,,1,0,0,1,0,0,0,0,0,1,0,,,,,,,,,,,,,,,,,2024232950
2024-08-27,12:05:00,COM VÍTIMA,FINALIZADA,BOA VIAGEM,AV FERNANDO SIMOES BARBOSA,0,,,CAPITÃO GANCHO PIZZARIA,,,,BOA VIAGEM,COLISÃO TRASEIRA,,1,1,0,0,0,0,0,0,0,1,0,7130,,,,,,,,,,,,,,,,2024232960
2024-08-27,6:03:00,COM VÍTIMA,FINALIZADA,BOA VIAGEM,RUA DONA BENVINDA DE FARIAS,3,129,RUA FRANCISCO DA CUNHA,EM FRENTE AO EF. BELO JARDIM E CENTRO DE FISIOTERAPIA SOLAR,,,,BOA VIAGEM,COLISÃO LATERAL,,1,1,0,0,0,0,0,0,0,1,0,,,,,,,,,,,,,,,,,2024233160
2024-08-27,7:43:00,COM VÍTIMA,FINALIZADA,CASA FORTE,AV DEZESSETE DE AGOSTO,4,1464,,EM FRENTE A RUA ESTRADA DO ARRAIAL  DO POÇO //  PRÓX. AO PET VILLA,,,,CASA FORTE,COLISÃO,,0,1,0,0,0,0,0,0,0,1,0,,,,,,,,,,,,,,,,,2024233310
2024-08-27,7:46:00,COM VÍTIMA,FINALIZADA,BOA VISTA,AV CONDE DA BOA VISTA,0,,,EM FRENTE A FACULDADE FAFIRE SENTIDO CIDADE ANTES DO SHOPPING BOA VISTA,,,,BOA VISTA,COLISÃO,,0,1,0,0,0,0,0,0,0,1,0,,,,,,,,,,,,,,,,,2024233320
2024-08-27,8:30:00,COM VÍTIMA,FINALIZADA,PORTO DA MADEIRA,AV BEBERIBE,0,,,EM FRENTE AO REI DO ARRUMADINHO,,,,PORTO DA MADEIRA,COLISÃO TRASEIRA,,1,1,0,0,0,0,0,0,0,1,0,,,,,,,,,,,,,,,,,2024233430
2024-08-27,8:31:00,COM VÍTIMA,FINALIZADA,PINA,AV DR DIRCEU VELLOSO TOSCANO DE BRITO,0,,,EM FRENTE AO BAR DA FAFA PROX AO SHOPPING RIO MAR,,,,PINA,COLISÃO,,0,1,0,0,0,0,0,0,0,1,0,,,,,,,,,,,,,,,,,2024233440
2024-08-27,9:03:00,COM VÍTIMA,FINALIZADA,BOA VIAGEM,AV DES JOSE NEVES,0,,,PROX. AO CANAL E POSTO DE GASOLINA BR,,,,BOA VIAGEM,COLISÃO,,0,1,0,0,0,0,0,0,0,1,0,,,,,,,,,,,,,,,,,2024233530
2024-08-27,9:32:00,COM VÍTIMA,FINALIZADA,CASA AMARELA,AV NORTE MIGUEL ARRAES DE ALENCAR,4,3891,,EM FRENTE AO SESC DE CASA AMARELA,,,,CASA AMARELA,COLISÃO,,0,1,0,0,0,0,0,0,0,1,0,,,,,,,,,,,,,,,,,2024233590
2024-08-27,9:35:00,COM VÍTIMA,FINALIZADA,PINA,PTE GOVERNADOR PAULO GUERRA,0,,,PROX AO RIO MAR // SENTIDO DERBY,,,,PINA,COLISÃO TRASEIRA,,1,1,0,0,0,0,0,0,0,1,0,,,,,,,,,,,,,,,,,2024233600
2024-08-27,9:36:00,COM VÍTIMA,FINALIZADA,AFOGADOS,EST DOS REMEDIOS,6,957 R3,,EM FRENTE A OFICINA OVERLAND,,,,AFOGADOS,COLISÃO,,0,1,0,0,0,0,0,0,0,1,0,,,,,,,,,,,,,,,,,2024233620
2024-08-27,9:54:00,COM VÍTIMA,FINALIZADA,DERBY,AV GOVERNADOR AGAMENON MAGALHAES,0,,,ESQUINA DO HOSPITAL DA RESTAURACAO SENTIDO BOA VIAGEM,,,,DERBY,COLISÃO,,0,1,0,0,0,0,0,0,0,1,0,,,,,,,,,,,,,,,,,2024233640
2024-08-27,10:39:00,COM VÍTIMA,FINALIZADA,BOA VIAGEM,AV BOA VIAGEM,2,58,,NO SEMAFORO 084 EM FRENTE AO EDF. RIO BEIRA MAR,,,,BOA VIAGEM,COLISÃO TRASEIRA,,1,1,0,0,0,0,0,0,0,1,0,,,,,,,,,,,,,,,,,2024233720
2024-08-27,12:15:00,COM VÍTIMA,FINALIZADA,AGUA FRIA,AV BEBERIBE,4,1828,,EM FRENTE A CLÍNICA CENTRAL,,,,AGUA FRIA,COLISÃO,,0,1,0,0,0,0,0,0,0,1,0,,,,,,,,,,,,,,,,,2024233790
2024-08-27,12:30:00,COM VÍTIMA,FINALIZADA,RECIFE,C DO APOLO,3,760,,PRÓX. AO TRIBUNAL REGIONAL FEDERAL,,,,BAIRRO DO RECIFE,COLISÃO,,0,1,0,0,0,0,0,0,0,1,0,,,,,,,,,,,,,,,,,2024233800
2024-08-27,1:56:00,COM VÍTIMA,FINALIZADA,ARRUDA,RUA ZEFERINO AGRA,0,,RUA DAS MOCAS,,,,,ARRUDA,COLISÃO TRANSVERSAL,,1,1,0,0,0,0,0,0,0,1,0,,,,,,,,,,,,,,,,,2024233840
2024-08-27,3:04:00,COM VÍTIMA,FINALIZADA,VASCO DA GAMA,AV NORTE MIGUEL ARRAES DE ALENCAR,4,4303,,EM FRENTE AO DESKONTÃO,,,,VASCO DA GAMA,COLISÃO,,0,1,0,0,0,0,0,0,0,1,0,,,,,,,,,,,,,,,,,2024233900
2024-08-27,4:07:00,COM VÍTIMA,FINALIZADA,AFOGADOS,RUA CAPITAO TEMUDO,0,,,NA ALÇA DA DESCIDA PARA RUA IMPERIAL,,,,AFOGADOS,COLISÃO,,1,1,0,0,0,0,0,0,0,1,0,,,,,,,,,,,,,,,,,2024233950
2024-08-27,5:18:00,COM VÍTIMA,FINALIZADA,ENCRUZILHADA,AV NORTE MIGUEL ARRAES DE ALENCAR,0,,,PROXIMO A CONCESSIONARIA PEDRAGON/ SENTIDO ENCRUZILHADA,,,,ENCRUZILHADA,COLISÃO,,0,1,0,0,0,0,0,0,0,1,0,,,,,,,,,,,,,,,,,2024234010
2024-08-27,5:35:00,COM VÍTIMA,FINALIZADA,SANTO AMARO,RUA GENERAL JOSE SEMEAO,0,,,LOGO APOS A FACULDADE CATOLICA,,,,SANTO AMARO,COLISÃO COM CICLISTA,,1,0,0,1,0,0,0,0,0,1,0,,,,,,,,,,,,,,,,,2024234030
2024-08-27,5:49:00,COM VÍTIMA,FINALIZADA,MADALENA,RUA JOSE OSORIO,3,661,,EM FRENTE A TEIXEIRA VEÍCULOS,,,,MADALENA,COLISÃO LATERAL,,0,2,0,0,0,0,0,0,0,1,0,,,,,,,,,,,,,,,,,2024234040
2024-08-27,6:25:00,COM VÍTIMA,FINALIZADA,DOIS IRMAOS,RUA MANUEL DE MEDEIROS,3,338,,EM FRENTE A FACULDADE RURAL,,,,DOIS IRMAOS,COLISÃO,,0,1,0,0,0,0,0,0,0,1,0,,,,,,,,,,,,,,,,,2024234230
2024-08-27,6:45:00,COM VÍTIMA,FINALIZADA,ILHA JOANA BEZERRA,RUA CAPITAO TEMUDO,0,,,SENTIDO BOA VIAGEM,,,,JOANA BEZERRA,COLISÃO,,0,1,0,0,0,0,0,0,0,1,0,,,,,,,,,,,,,,,,,2024234250
2024-08-27,6:59:00,COM VÍTIMA,FINALIZADA,IMBIRIBEIRA,RUA CACHOEIRA,3,271,,EM FRENTE A FACULDADE UNIFBV - PROX A X1 MULTIMARCAS,,,,IMBIRIBEIRA,COLISÃO,,1,0,0,0,0,0,0,0,0,1,0,,,,,,,,,,,,,,,,,2024234260
2024-08-28,7:33:00,COM VÍTIMA,FINALIZADA,BOA VIAGEM,AV CELSO FURTADO,0,,,NA DESCIDA DA VIA MANGUE / EM FRENTE AO COLEGIO GGE,,,,BOA VIAGEM,COLISÃO,,1,1,0,0,0,0,0,0,0,1,0,,,,,,,,,,,,,,,,,2024234540
2024-08-28,7:55:00,COM VÍTIMA,FINALIZADA,MADALENA,RUA BENFICA,4,1121,,"NA FRENTE DO BANCO BRADESCO, PROX. AO TUNEL DA ABOLIÇÃO",,,,MADALENA,COLISÃO LATERAL,,0,1,0,0,0,1,0,0,0,1,0,,SUB,,,,,,,,,,,,,,,2024234580
2024-08-28,7:59:00,COM VÍTIMA,FINALIZADA,BOA VIAGEM,AV BOA VIAGEM,4,2724,,EDF. VICENTE DE LACERDA DE MENEZES,,,,BOA VIAGEM,COLISÃO TRASEIRA,,0,2,0,0,0,0,0,0,0,1,0,,,,,,,,,,,,,,,,,2024234590
2024-08-28,8:07:00,COM VÍTIMA,FINALIZADA,VARZEA,AV AFONSO OLINDENSE,3,130,,EM FRENTE A ESCOLA OLIMPO VITOR,,,,VARZEA,COLISÃO LATERAL,,1,1,0,0,0,0,0,0,0,1,0,,,,,,,,,,,,,,,,,2024234600
2024-08-28,8:09:00,COM VÍTIMA,FINALIZADA,AFOGADOS,RUA COSME VIANA,0,,RUA PADRE TEOFILO TWORZ,EM FRENTE A TUPAN,,,,AFOGADOS,COLISÃO,,1,1,0,0,0,0,0,0,0,1,0,,,,,,,,,,,,,,,,,2024234610
2024-08-28,8:31:00,COM VÍTIMA,FINALIZADA,TORROES,AV ENGENHEIRO ABDIAS DE CARVALHO,0,,,PROX. A FARMACIA BONGI E PRAÇA DA CHESF,,,,TORROES,COLISÃO LATERAL,,1,1,0,0,0,0,0,0,0,1,0,,,,,,,,,,,,,,,,,2024234650
2024-08-28,4:01:00,COM VÍTIMA,FINALIZADA,GUABIRABA,EST DOS MACACOS,0,,,PROXIMO AO BAR DA MAURICEIA,,,,GUABIRABA,COLISÃO,,0,1,0,0,0,0,0,0,0,1,0,,,,,,,,,,,,,,,,,2024235320
2024-08-28,4:03:00,COM VÍTIMA,FINALIZADA,CASA FORTE,AV DEZESSETE DE AGOSTO,3,226,,EM FRENTE A CULTURA INGLESA,,,,CASA FORTE,COLISÃO TRASEIRA,,0,1,0,0,0,0,0,0,0,1,0,,,,,,,,,,,,,,,,,2024235330
2024-08-28,4:36:00,COM VÍTIMA,FINALIZADA,DERBY,RUA DA BAIXA VERDE,0,,,EM FRENTE AO HAPVIDA,,,,DERBY,QUEDA,,1,1,0,0,0,0,0,0,0,1,0,,,,,,,,,,,,,,,,,2024235370
2024-08-28,4:43:00,COM VÍTIMA,FINALIZADA,JORDAO,AV DONA CARENTINA,3,712,,PROXIMO A PAROQUIA CRISTO REDENTOR E NINA MOTOS,,,,JORDAO,COLISÃO,,0,1,0,0,0,0,0,0,0,1,0,,,,,,,,,,,,,,,,,2024235380
2024-08-28,5:13:00,COM VÍTIMA,FINALIZADA,VASCO DA GAMA,RUA ALTO TREZE DE MAIO,3,493,,PROXIMO A COMPESA,,,,VASCO DA GAMA,COLISÃO,,0,1,0,0,0,0,0,0,0,1,0,,,,,,,,,,,,,,,,,2024235420
2024-08-28,5:42:00,COM VÍTIMA,FINALIZADA,BOA VIAGEM,RUA CARLOS PEREIRA FALCAO,3,231,,EM FRENTE A UNIDADE DE CARDIOLOGIA UTI,,,,BOA VIAGEM,COLISÃO LATERAL,,0,2,0,0,0,0,0,0,0,1,0,,,,,,,,,,,,,,,,,2024235470
2024-08-28,5:44:00,COM VÍTIMA,FINALIZADA,SANTO AMARO,RUA TUPINAMBAS,3,294,,EM FRENTE A LOJA DE ROUPA LEILIS,,,,SANTO AMARO,ATROPELAMENTO DE PESSOA,,1,0,0,0,1,0,0,0,0,1,0,,,,,,,,,,,,,,,,,2024235490
2024-08-28,5:51:00,COM VÍTIMA,FINALIZADA,IMBIRIBEIRA,RUA ARQUITETO FERNANDO ALMEIDA,3,580,,NA RUA DO ARMAZEM CORAL,,,,IMBIRIBEIRA,COLISÃO TRASEIRA,,1,1,0,0,0,0,0,0,0,1,0,,,,,,,,,,,,,,,,,2024235500
2024-08-29,6:35:00,COM VÍTIMA,FINALIZADA,BOA VISTA,TRV DO RAPOSO,0,,,NA DESCIDA DA PONTE JOAQUIM CARDOSO SENT. RUA IMPERIAL,,,,BOA VISTA,COLISÃO,,0,1,0,0,0,0,0,0,0,1,0,,,,,,,,,,,,,,,,,2024235800
2024-08-29,7:26:00,COM VÍTIMA,FINALIZADA,ENCRUZILHADA,AV BEBERIBE,0,,,EM FRENTE AO CERPE DIAGUINÓSTICO  //  PRÓX. AO ARMAZÉM CORAL,,,,ENCRUZILHADA,COLISÃO,,1,1,0,0,0,0,0,0,0,1,0,,,,,,,,,,,,,,,,,2024235910
2024-08-29,7:51:00,COM VÍTIMA,FINALIZADA,IMBIRIBEIRA,AV MARECHAL MASCARENHAS DE MORAES,4,2349,,AO LADO NA FACULDADE UNIVERSO,,,,IMBIRIBEIRA,COLISÃO,,0,1,0,0,0,0,0,0,0,1,0,,,,,,,,,,,,,,,,,2024235950
2024-08-29,7:59:00,COM VÍTIMA,FINALIZADA,BOA VIAGEM,AV CELSO FURTADO,0,,,SENT. ANTONIO FALCAO,,,,BOA VIAGEM,COLISÃO,,1,2,0,0,0,0,0,0,0,2,0,,,,,,,,,,,,,,,,,2024235960
2024-08-29,8:38:00,COM VÍTIMA,FINALIZADA,SAO JOSE,AV SUL,3,514,,PROX. A SEDE DO GALO ( REGISTRO DO SAMU AS 08:41  HRS ),,,,SAO JOSE,COLISÃO LATERAL,,1,1,0,0,0,0,0,0,0,1,0,,,,,,,,,,,,,,,,,2024236040
2024-08-29,8:56:00,COM VÍTIMA,FINALIZADA,GUABIRABA,EST DA MUMBECA,4,5528,,PRÓX. AO CONDOMÍNIO FLOR DO ARAÇÁ,,,,GUABIRABA,COLISÃO,,0,1,0,0,0,0,0,0,0,1,0,,,,,,,,,,,,,,,,,2024236110
2024-08-29,9:20:00,COM VÍTIMA,FINALIZADA,PONTO DE PARADA,RUA PROFESSOR JERONIMO GUEIROS,3,101,RUA DONA ELVIRA,PRÓX. AO NÚMERO 211 //  PRÓX. A SEMENTEIRA DO ANDRÉ,,,,PONTO DE PARADA,COLISÃO,,0,1,0,0,0,0,0,0,0,1,0,,,,,,,,,,,,,,,,,2024236160
2024-08-29,9:39:00,COM VÍTIMA,FINALIZADA,BARRO,AV DR JOSE RUFINO,0,,RUA MAJOR CHAGAS DE OLIVEIRA,PROX AO COND MIRANTE DO RECIFE,,,,BARRO,COLISÃO FRONTAL,,0,1,0,0,0,0,0,0,0,1,0,,,,,,,,,,,,,,,,,2024236170
2024-08-29,11:18:00,COM VÍTIMA,FINALIZADA,AFOGADOS,RUA SAO MIGUEL,0,,,EM FRENTE AO QUARTEL,,,,AFOGADOS,COLISÃO,,0,1,0,0,0,0,0,0,0,1,0,,,,,,,,,,,,,,,,,2024236350
2024-08-29,5:52:00,COM VÍTIMA,FINALIZADA,BOA VIAGEM,AV ARMINDO MOURA,0,,,EM FRENTE AO 2º COMAR,,,,BOA VIAGEM,COLISÃO,,0,1,0,0,0,0,0,0,0,1,0,,,,,,,,,,,,,,,,,2024236730
2024-08-30,12:53:00,COM VÍTIMA,FINALIZADA,CORDEIRO,AV CAXANGA,0,,,PROX AO PARQUE DE EXPOSIÇÃO. E/ F AO AUTO SPORT.. SEMAFORO 235,,,,CORDEIRO,COLISÃO,,0,0,0,0,0,0,0,0,0,1,0,,,,,,,,,,,,,,,,,2024236930
2024-08-30,9:09:00,COM VÍTIMA,FINALIZADA,ILHA JOANA BEZERRA,RUA DES RODOLFO AURELIANO,0,,,EM FRENTE AO FORUM JOANA BEZERRA / EM FRENTE A AREA DE CUSTODIA,,,,ILHA JOANA BEZERRA,ATROPELAMENTO DE PESSOA,,0,0,0,0,1,1,0,0,0,1,0,,,,,,,,,,,,,,,,,2024237360
2024-08-30,9:42:00,COM VÍTIMA,FINALIZADA,DERBY,AV GOVERNADOR AGAMENON MAGALHAES,3,219,,"EM FRENTE AO MEMORIAL SAO JOSE, SENTIDO OLINDA",,,,DERBY,COLISÃO LATERAL,,1,1,0,0,0,0,0,0,0,1,0,,,,,,,,,,,,,,,,,2024237470
2024-08-30,10:08:00,COM VÍTIMA,FINALIZADA,CAMPO GRANDE,EST DE BELEM,4,1440,,PROX A OFICINA MOTO.COM,,,,CAMPO GRANDE,COLISÃO LATERAL,,1,1,0,0,0,0,0,0,0,1,0,,,,,,,,,,,,,,,,,2024237490
2024-08-30,10:58:00,COM VÍTIMA,FINALIZADA,NOVA DESCOBERTA,AV VEREADOR OTACILIO AZEVEDO,0,,,EM FRENTE AO POSTO DE SAUDE VILA BOA VISTA,,,,NOVA DESCOBERTA,QUEDA,,0,1,0,0,0,0,0,0,0,1,0,,,,,,,,,,,,,,,,,2024237550
2024-08-30,12:07:00,COM VÍTIMA,FINALIZADA,CAXANGA,AV CAXANGA,4,1117,,PRÓX. AO PARQUE DE EXPOSIÇOES,,,,CAXANGA,COLISÃO,,0,1,0,0,0,0,0,0,0,1,0,,,,,,,,,,,,,,,,,2024237630
2024-08-30,12:28:00,COM VÍTIMA,FINALIZADA,CAXANGA,AV CAXANGA,4,4491,,EM FRENTE A LOJA TOP CAR  //  PROX A LOJA SM PRIME,,,,CAXANGA,COLISÃO,,0,1,0,0,0,0,0,0,0,1,0,,,,,,,,,,,,,,,,,2024237640
2024-08-30,1:21:00,COM VÍTIMA,FINALIZADA,CASA AMARELA,AV NORTE MIGUEL ARRAES DE ALENCAR,0,,,PROXIMO A PRAÇA DO TRABALHO E ANTES DA MATERNIDADE BARROS LIMA,,,,CASA AMARELA,COLISÃO,,0,1,0,0,0,0,0,0,0,1,0,,,,,,,,,,,,,,,,,2024237700
2024-08-30,3:12:00,COM VÍTIMA,FINALIZADA,SAN MARTIN,AV ENGENHEIRO ABDIAS DE CARVALHO,0,,AV GENERAL SAN MARTIN,E/F AO NOVO ATACAREJO,,,,SAN MARTIN,COLISÃO COM CICLISTA,,0,1,0,1,0,0,0,0,0,1,0,,,,,,,,,,,,,,,,,2024237870
2024-08-30,4:45:00,COM VÍTIMA,FINALIZADA,SANCHO,RUA APRIGIO GUIMARAES,0,,,EM FRENTE AO HOSPITAL OTAVIO DE FREITAS,,,,SANCHO,COLISÃO TRASEIRA,,1,1,0,0,0,0,0,0,0,1,0,,,,,,,,,,,,,,,,,2024237990
2024-08-30,4:48:00,COM VÍTIMA,FINALIZADA,ILHA DO RETIRO,RUA COMENDADOR BENTO AGUIAR,2,63,,PROXIMO AO SUPERMERCADO ASSAI,,,,ILHA DO RETIRO,COLISÃO,,0,1,0,0,0,0,0,0,0,1,0,,,,,,,,,,,,,,,,,2024238000
2024-08-30,6:50:00,COM VÍTIMA,FINALIZADA,CAXANGA,AV CAXANGA,0,,,EM FRENTE A EXPOSIÇAO DE ANIMAIS,,,,CAXANGA,COLISÃO,,0,1,0,0,0,0,0,0,0,1,0,,CIDADE,,,,,,,,,,,,,,,2024238170
2024-08-30,7:10:00,COM VÍTIMA,FINALIZADA,AREIAS,AV RECIFE,4,2201,,"SENTIDO BOA VIAGEM, ANTES DA ENTRADA DO IPSEP, PROXIMO AO ANTIGO BOMPREÇO",,,,AREIAS,ATROPELAMENTO DE PESSOA,,1,0,0,0,1,0,0,0,0,1,0,,,,,,,,,,,,,,,,,2024238190
2024-08-31,6:11:00,COM VÍTIMA,FINALIZADA,BOA VIAGEM,AV ENGENHEIRO DOMINGOS FERREIRA,0,,,"PROX. A FARMACIA SAO PAULO, 100 METROS APOS O CARREFOUR",,,,BOA VIAGEM,COLISÃO,,0,1,0,0,0,0,0,0,0,1,0,,,,,,,,,,,,,,,,,2024238830
2024-08-31,8:51:00,COM VÍTIMA,FINALIZADA,CORDEIRO,RUA N S DA SAUDE,0,,,PROX. AO TERMINAL DA TORRE //  AO  LADO DO COLEGIO  MUNICIPAL DA IPUTINGA,,,,CORDEIRO,COLISÃO,,0,1,0,0,0,0,0,0,0,1,0,,,,,,,,,,,,,,,,,2024238980
2024-08-31,11:47:00,COM VÍTIMA,FINALIZADA,CAMPO GRANDE,RUA PRUDENTE DE MORAES,2,45,,NA ESQUINA NO DEPÓSITO DE GÁS // PRÓX AO CALDINHO DA ZEZÉ // PRÓX AO POSTO DE GASOLINA,,,,CAMPO GRANDE,COLISÃO TRASEIRA,,3,0,0,0,0,0,0,0,0,1,0,,,,,,,,,,,,,,,,,2024239100
2024-08-31,12:48:00,COM VÍTIMA,FINALIZADA,BOA VIAGEM,AV ENGENHEIRO DOMINGOS FERREIRA,0,,RUA JOSE TRAJANO,PROX  AO LAÇA BURGUER,,,,BOA VIAGEM,COLISÃO LATERAL,,1,1,0,0,0,0,0,0,0,2,0,,,,,,,,,,,,,,,,,2024239180
2024-08-31,1:32:00,COM VÍTIMA,FINALIZADA,JARDIM SAO PAULO,AV RECIFE,0,,,E/F AO SUPERMERCADO ASSAI  S/T  BOA VIAGEM,,,,JARDIM SAO PAULO,COLISÃO LATERAL,,1,1,0,0,0,0,0,0,0,1,0,,,,,,,,,,,,,,,,,2024239230
2024-08-31,2:08:00,COM VÍTIMA,FINALIZADA,AGUA FRIA,EST VELHA DE AGUA FRIA,0,,,APOS APOLICLINICA SALOMÃO  KELNER,,,,AGUA FRIA,COLISÃO TRASEIRA,,1,1,0,0,0,0,0,0,0,1,0,,,,,,,,,,,,,,,,,2024239250
2024-08-31,5:02:00,COM VÍTIMA,FINALIZADA,BOA VIAGEM,AV ENGENHEIRO DOMINGOS FERREIRA,0,,,EM FRENTE AO HOTEL VELA BRANCA,,,,BOA VIAGEM,ATROPELAMENTO DE PESSOA,,0,1,0,0,1,0,0,0,0,1,0,,,,,,,,,,,,,,,,,2024239370
2024-09-01,1:52:00,COM VÍTIMA,FINALIZADA,APIPUCOS,AV DEZESSETE DE AGOSTO,3,235,,EDF. LILIAN SARDENHA APÓS A ESCOLA SILVA JARDIM,,,,APIPUCOS,COLISÃO,,1,1,0,0,0,0,0,0,0,1,0,,SUBURBIO,,,,,,,,,,,,,,,2024239910
2024-09-01,6:36:00,COM VÍTIMA,FINALIZADA,MACAXEIRA,AV NORTE MIGUEL ARRAES DE ALENCAR,4,1019,,"APOS O PARQUE DA MACAXEIRA, NO RETORNO DA PRAÇA SITIO GRANDE, NA ENTRADA  DE NOVA DESCOBERTA",,,,MACAXEIRA,COLISÃO,,0,1,0,0,0,0,0,0,0,1,0,,,,,,,,,,,,,,,,,2024240010
2024-09-01,8:21:00,COM VÍTIMA,FINALIZADA,ESPINHEIRO,RUA QUARENTA E OITO,3,815,RUA CARNEIRO VILELA,EM FRENTE A ELY SALÃO /// PRX A LOJA SEU JOAO,,,,ESPINHEIRO,COLISÃO,,1,1,0,0,0,0,0,0,0,1,0,,,,,,,,,,,,,,,,,2024240080
2024-09-01,9:19:00,VÍTIMA FATAL,FINALIZADA,BOA VIAGEM,AV ENGENHEIRO DOMINGOS FERREIRA,0,,RUA ENGENHEIRO JOSE BRANDAO CAVALCANTE,EM FRENTE A  FARMACIA INDEPENDENTE  / PROX AO POSTO DE COMBUSTIVEL PETROBRAS,,,,BOA VIAGEM,COLISÃO,,1,1,0,0,0,0,0,0,0,1,1,,,,,,,,,,,,,,,,,2024240090
2024-09-01,11:07:00,COM VÍTIMA,FINALIZADA,IMBIRIBEIRA,AV MARECHAL MASCARENHAS DE MORAES,3,298,,"PONTE MOTOCOLOMBO SENTIDO AEROPORTO,  EM FRENTE A POSITIVO SEGUE",,,,IMBIRIBEIRA,COLISÃO COM CICLISTA,,1,0,0,1,0,0,0,0,0,1,0,,,,,,,,,,,,,,,,,2024240170
2024-09-01,1:23:00,COM VÍTIMA,FINALIZADA,DOIS UNIDOS,AV BEIRA RIO,0,,,PROXIMO AO NOVO ATACAREJO E POR TRAS DO CANIL,,,,DOIS UNIDOS,COLISÃO,,0,1,0,0,0,0,0,0,0,1,0,,,,,,,,,,,,,,,,,2024240300
2024-09-01,2:48:00,COM VÍTIMA,FINALIZADA,GRACAS,AV RUI BARBOSA,4,3012,,PROXIMO AO POSTO SHELL E AO MUSEU DO ESTADO,,,,GRACAS,,,0,1,0,0,0,0,0,0,0,1,0,,,,,,,,,,,,,,,,,2024240330
2024-09-01,3:41:00,COM VÍTIMA,FINALIZADA,CAMPO GRANDE,RUA ODORICO MENDES,3,700,,EM FRENTE A ANTIGA CEHAB,,,,CAMPO GRANDE,COLISÃO,,0,1,0,0,0,0,0,0,0,1,0,,,,,,,,,,,,,,,,,2024240360
2024-09-01,5:08:00,COM VÍTIMA,FINALIZADA,CASA AMARELA,RUA PADRE LEMOS,3,454,,PROXIMO AO POSTO BR E A ENTRADA DO VASCO,,,,CASA AMARELA,COLISÃO,,0,1,0,0,0,0,0,0,0,1,0,,,,,,,,,,,,,,,,,2024240430
2024-09-01,6:15:00,COM VÍTIMA,FINALIZADA,ILHA JOANA BEZERRA,RUA CAPITAO TEMUDO,0,,,ENCIMA DO VIADULTO DE JOANA BEZERRA,,,,JOANA BEZERRA,COLISÃO,,0,1,0,0,0,0,0,0,0,1,0,,,,,,,,,,,,,,,,,2024240500
2024-09-01,7:02:00,COM VÍTIMA,FINALIZADA,PINA,AV ANTONIO DE GOES,0,,,E/F AO JCPM,,,,PINA,QUEDA,,0,1,0,0,0,0,0,0,0,1,0,,,,,,,,,,,,,,,,,2024240530
2024-09-01,10:39:00,COM VÍTIMA,FINALIZADA,IPUTINGA,AV MAURICIO DE NASSAU,3,500,,E/F  CORES PARA TODOS (ARMAZEM),,,,IPUTINGA,COLISÃO LATERAL,,1,1,0,0,0,0,0,0,0,2,0,,,,,,,,,,,,,,,,,2024240580
2024-09-02,6:50:00,COM VÍTIMA,FINALIZADA,PRADO,RUA GOMES TABORDA,2,31,RUA FELIX CAVALCANTE ALBUQUERQUE,"NA ENTRADA DO BONGI,  AO LADO DO MURO DO JOCKEY",,,,PRADO,COLISÃO,,0,1,0,0,0,0,0,0,0,1,0,,,,,,,,,,,,,,,,,2024240730
2024-09-02,7:53:00,COM VÍTIMA,FINALIZADA,ENCRUZILHADA,AV BEBERIBE,3,335,,EM FRENTE AO BANCO DO BRASIL,,,,ENCRUZILHADA,COLISÃO LATERAL,,1,1,0,0,0,0,0,0,0,1,0,,,,,,,,,,,,,,,,,2024240870