data,hora,natureza_acidente,situacao,bairro,endereco,,numero,detalhe_endereco_acidente,complemento,endereco_cruzamento,numero_cruzamento,referencia_cruzamento,bairro_cruzamento,tipo,descricao,auto,moto,ciclom,ciclista,pedestre,onibus,caminhao,viatura,outros,vitimas,vitimasfatais,num_semaforo,sentido_via,acidente_verificado,tempo_clima,situacao_semaforo,sinalizacao,condicao_via,conservacao_via,ponto_controle,situacao_placa,velocidade_max_via,mao_direcao,divisao_via1,divisao_via2,divisao_via3,_id,Protocolo
2024-09-09,10:42:00,COM VÍTIMA,FINALIZADA,AFOGADOS,RUA SAO MIGUEL,0,,,EM FRENTE AO DEPATRI,,,,AFOGADOS,COLISÃO,,0,1,0,0,0,0,0,0,0,1,0,,,,,,,,,,,,,,,,,2024249030
2024-09-09,11:45:00,COM VÍTIMA,FINALIZADA,ENCRUZILHADA,RUA CARNEIRO VILELA,0,,,PROX. AO RESTAURANTE SABOR DO RANCHO,,,,ENCRUZILHADA,COLISÃO,,0,1,0,0,0,0,0,0,0,1,0,,,,,,,,,,,,,,,,,2024249110
2024-09-09,1:01:00,COM VÍTIMA,FINALIZADA,IMBIRIBEIRA,RUA JEAN EMILE FAVRE,3,110,RUA ITAJAI,EM FRENTE A LIGPEÇA ATACADO,,,,IMBIRIBEIRA,COLISÃO LATERAL,,0,1,0,0,0,0,1,0,0,2,0,,,,,,,,,,,,,,,,,2024249220
2024-09-09,2:51:00,COM VÍTIMA,FINALIZADA,IBURA,RUA BOM NOME,0,,,IBURA DE BAIXO  E/F A AUTO ESCOLA PILOTO,,,,IBURA,COLISÃO,,0,0,0,0,0,0,0,0,0,1,0,,,,,,,,,,,,,,,,,2024249260
2024-09-09,3:24:00,COM VÍTIMA,FINALIZADA,TAMARINEIRA,AV CONS ROSA E SILVA,4,1930,,E/F A PADARIA JAQUEIRA,,,,TAMARINEIRA,CHOQUE,,1,1,0,0,0,0,0,0,0,1,0,,,,,,,,,,,,,,,,,2024249300
2024-09-09,5:12:00,COM VÍTIMA,FINALIZADA,PINA,AV ANTONIO DE GOES,4,1735,,E/F AO POSTO DE GASOLINA BR  E E/F AO DNIT,,,,PINA,COLISÃO,,0,0,0,0,0,0,0,0,0,1,0,,,,,,,,,,,,,,,,,2024249390
2024-09-09,6:13:00,COM VÍTIMA,FINALIZADA,BRASILIA TEIMOSA,AV BRASILIA FORMOSA,2,18,,NA ORLAR DE BRASILIA TEIMOSA  E EM FRENTE AO QUIOSQUE 06,,,,BRASILIA TEIMOSA,ATROPELAMENTO DE PESSOA,,1,0,0,0,1,0,0,0,0,1,0,,,,,,,,,,,,,,,,,2024249420
2024-09-09,8:19:00,COM VÍTIMA,FINALIZADA,MADALENA,RUA BENFICA,0,,EST DOS REMEDIOS,,,,,MADALENA,QUEDA,,0,0,1,0,0,0,0,0,0,1,0,,,,,,,,,,,,,,,,,2024249480
2024-09-10,6:56:00,COM VÍTIMA,FINALIZADA,BOA VISTA,RUA DO HOSPICIO,0,,,PROX. AO HMAR,,,,BOA VISTA,COLISÃO,,1,1,0,0,0,0,0,0,0,1,0,,,,,,,,,,,,,,,,,2024249740
2024-09-10,7:07:00,COM VÍTIMA,FINALIZADA,AREIAS,AV RECIFE,2,SN,,EM FRENTE AO CARREFOUR,,,,AREIAS,COLISÃO,,0,1,0,0,0,0,0,0,0,1,0,,,,,,,,,,,,,,,,,2024249800
2024-09-10,9:18:00,COM VÍTIMA,FINALIZADA,JARDIM SAO PAULO,AV SAO PAULO,3,868,RUA ANIBAL PORTELA,DEPOIS DO CAMPO EL SALVADOR ESQUINA COM ANIBAL PORTELA,,,,JARDIM SAO PAULO,COLISÃO,,0,1,0,0,0,0,0,0,0,1,0,,,,,,,,,,,,,,,,,2024249950
2024-09-10,9:32:00,COM VÍTIMA,FINALIZADA,PINA,AV ANTONIO DE GOES,3,306,,DEPOIS DO JCPM,,,,PINA,COLISÃO,,1,1,0,0,0,0,0,0,0,1,0,,,,,,,,,,,,,,,,,2024249990
2024-09-10,9:56:00,COM VÍTIMA,FINALIZADA,ENCRUZILHADA,AV NORTE MIGUEL ARRAES DE ALENCAR,0,,,JACAÚNA,,,,ENCRUZILHADA,ATROPELAMENTO DE PESSOA,,0,1,0,0,0,0,0,0,0,1,0,,CIDADE,,,,,,,,,,,,,,,2024250000
2024-09-10,10:19:00,COM VÍTIMA,FINALIZADA,BOA VIAGEM,AV CONSELHEIRO AGUIAR,3,146,RUA TOME GIBSON,PROX. AO HOTEL UZIMAR  / EM FRENTE AO GALETO DO PEQUIM,,,,BOA VIAGEM,COLISÃO,,0,1,0,0,0,0,0,0,0,1,0,,,,,,,,,,,,,,,,,2024250090
2024-09-10,12:05:00,COM VÍTIMA,FINALIZADA,IBURA,AV DOIS RIOS,2,84,,EM FRENTE AO AUTO ESCOLA TRANSITO SEGURO / AUTO ESCOLA ARCO IRIS,,,,IBURA,COLISÃO LATERAL,,0,1,0,0,0,0,0,0,0,1,0,,,,,,,,,,,,,,,,,2024250240
2024-09-10,12:18:00,COM VÍTIMA,FINALIZADA,BOA VIAGEM,AV ENGENHEIRO DOMINGOS FERREIRA,4,2332,,EM FRENTE A LOJA FEUMAR,,,,BOA VIAGEM,COLISÃO,,0,0,0,0,0,1,0,0,0,1,0,,,,,,,,,,,,,,,,,2024250250
2024-09-10,2:24:00,COM VÍTIMA,FINALIZADA,ESPINHEIRO,RUA DR FERNANDO ALLAIN,0,,,E/F A DOCERIA SIMONE BARROS,,,,ESPINHEIRO,COLISÃO FRONTAL,,0,1,0,0,0,1,0,0,0,1,0,,,,,,,,,,,,,,,,,2024250350
2024-09-10,3:04:00,COM VÍTIMA,FINALIZADA,ILHA JOANA BEZERRA,RUA CAPITAO TEMUDO,0,,,BEM EM CIMA DO VIADUTO CAPITÃO TEMUDO,,,,JOANA BEZERRA,QUEDA,,0,1,0,0,0,0,0,0,0,2,0,,,,,,,,,,,,,,,,,2024250380
2024-09-10,5:35:00,COM VÍTIMA,FINALIZADA,LINHA DO TIRO,RUA URIEL DE HOLANDA,4,1026,,E/F AO CALDINHO DO AMBROSIO,,,,LINHA DO TIRO,COLISÃO,,0,0,0,0,0,0,0,0,0,1,0,,,,,,,,,,,,,,,,,2024250630
2024-09-10,6:45:00,COM VÍTIMA,FINALIZADA,AGUA FRIA,RUA JOAO UZEDA LUNA,0,,,"PX A GRANJA DO NEGO, PX A PADARIA SABOR DO BOLO",,,,AGUA FRIA,COLISÃO,,0,1,0,0,0,0,0,0,0,1,0,,,,,,,,,,,,,,,,,2024250710
2024-09-10,7:19:00,COM VÍTIMA,FINALIZADA,MADALENA,RUA BENFICA,0,,,EM FRENTE AO INTERNACIONAL,,,,MADALENA,COLISÃO,,1,1,0,0,0,0,0,0,0,1,0,,,,,,,,,,,,,,,,,2024250720
2024-09-10,8:21:00,COM VÍTIMA,FINALIZADA,BOA VIAGEM,RUA MAJOR ARMANDO DE SOUZA MELLO,0,,,EM FRENTE AO RECIBOM,,,,BOA VIAGEM,COLISÃO,,1,1,0,0,0,0,0,0,0,1,0,,,,,,,,,,,,,,,,,2024250760
2024-09-10,10:16:00,COM VÍTIMA,FINALIZADA,BRASILIA TEIMOSA,RUA COMENDADOR MORAES,0,,,PROX AO BAR DO CABO,,,,BRASILIA TEIMOSA,COLISÃO,,0,1,0,0,0,1,0,0,0,1,0,,,,,,,,,,,,,,,,,2024250820
2024-09-11,7:19:00,COM VÍTIMA,FINALIZADA,AREIAS,AV RECIFE,5,11043,,EM FRENTE AO AMRAZÉM CORAL  ACHAQUI // NA SUBIDA  DO VIADUTA,,,,AREIAS,COLISÃO,,0,1,0,0,0,0,0,0,0,1,0,,,,,,,,,,,,,,,,,2024251080
2024-09-11,8:40:00,COM VÍTIMA,FINALIZADA,MADALENA,EST DOS REMEDIOS,4,2416,AV JOSE GONCALVES DE MEDEIROS,EM FRENTE A POLICLINICA LESSA DE ANDRADE,,,,MADALENA,COLISÃO,,0,1,0,0,0,0,0,0,0,1,0,,,,,,,,,,,,,,,,,2024251170
2024-09-11,11:43:00,COM VÍTIMA,FINALIZADA,DOIS UNIDOS,AV HILDEBRANDO DE VASCONCELOS,4,2067,,NO ANTIGO CENTRO DE TREINAMENTO DO SANTA CRUZ  //  PRÓX. A IGREJA ASSEMBLÉIA DE DEUS,,,,DOIS UNIDOS,COLISÃO,,0,2,0,0,0,0,0,0,0,1,0,,,,,,,,,,,,,,,,,2024251340
2024-09-11,11:47:00,COM VÍTIMA,FINALIZADA,APIPUCOS,RUA CORONEL JOAO BATISTA DO REGO BARROS,0,,,EM FRENTE A UNIDADE DE SAUDE APIPUCOS SAO JOAO,,,,APIPUCOS,COLISÃO LATERAL,,1,1,0,0,0,0,0,0,0,1,0,,,,,,,,,,,,,,,,,2024251350
2024-09-11,12:03:00,COM VÍTIMA,FINALIZADA,SANTO AMARO,AV GOVERNADOR AGAMENON MAGALHAES,4,6492,,PRÓX. AO SHOPPING TACARUNA // EM FRENTE A ESTAÇÃO  DE COLETA DE LIXO DA AGAMENON,,,,SANTO AMARO,COLISÃO TRASEIRA,,3,0,0,0,0,0,0,0,0,1,0,,,,,,,,,,,,,,,,,2024251360
2024-09-11,1:06:00,COM VÍTIMA,FINALIZADA,IPUTINGA,RUA DEPUTADO CARLOS CARIBE,0,,,PROX AO SUPERMERCADO ECONOMICO E PROX AO TAMARINDUS,,,,IPUTINGA,COLISÃO,,0,0,0,0,0,0,0,0,0,1,0,,,,,,,,,,,,,,,,,2024251440
2024-09-11,1:34:00,COM VÍTIMA,FINALIZADA,IMBIRIBEIRA,AV MARECHAL MASCARENHAS DE MORAES,0,,,E/F AO AEROPORTO EM BAIXO DO VIADUTO,,,,IMBIRIBEIRA,COLISÃO,,0,0,0,0,0,0,0,0,0,1,0,,,,,,,,,,,,,,,,,2024251470
2024-09-11,2:02:00,COM VÍTIMA,FINALIZADA,PARNAMIRIM,RUA SEBASTIAO MALTA ARCOVERDE,0,,,PROXIMO AO SERPRO,,,,PARNAMIRIM,QUEDA,,0,1,0,0,0,0,0,0,0,1,0,,,,,,,,,,,,,,,,,2024251500
2024-09-11,4:03:00,COM VÍTIMA,FINALIZADA,CASA AMARELA,COR DO BARTOLOMEU,0,,,PROX  PADARIA ANDREA,,,,CASA AMARELA,COLISÃO,,0,0,0,0,0,0,0,0,0,1,0,,,,,,,,,,,,,,,,,2024251680
2024-09-11,4:12:00,COM VÍTIMA,FINALIZADA,IPSEP,AV RECIFE,0,,,E/F AO HOSPITAL DO IDOSO AO LADO DO RESTAURANTE GALETOS,,,,IPSEP,COLISÃO,,0,1,0,0,0,0,0,0,0,2,0,,,,,,,,,,,,,,,,,2024251700
2024-09-11,4:32:00,COM VÍTIMA,FINALIZADA,IMBIRIBEIRA,AV CELSO FURTADO,0,,,PROX AO COLEGIO GGE,,,,IMBIRIBEIRA,COLISÃO,,0,0,0,0,0,0,0,0,0,1,0,,,,,,,,,,,,,,,,,2024251720
2024-09-11,5:51:00,COM VÍTIMA,FINALIZADA,IMBIRIBEIRA,AV MARECHAL MASCARENHAS DE MORAES,0,,,E/F A UPA S/T  SEST SENAT,,,,IMBIRIBEIRA,COLISÃO,,0,0,0,0,0,0,0,0,0,1,0,,,,,,,,,,,,,,,,,2024251790
2024-09-11,6:36:00,COM VÍTIMA,FINALIZADA,AFOGADOS,RUA JOAO IVO DA SILVA,3,178,,EM FRENTE A FIORI DE AFOGADOS,,,,AFOGADOS,COLISÃO,,0,1,0,0,0,0,0,0,0,1,0,,,,,,,,,,,,,,,,,2024251810
2024-09-11,7:19:00,COM VÍTIMA,FINALIZADA,PARNAMIRIM,RUA VIRGINIA LORETO,0,,,PROXIMO AO GUAIAMUM GIGANTE,,,,PARNAMIRIM,COLISÃO FRONTAL,,1,1,0,0,0,0,0,0,0,1,0,,,,,,,,,,,,,,,,,2024251830
2024-09-11,9:57:00,COM VÍTIMA,FINALIZADA,CABANGA,PTE GOVERNADOR PAULO GUERRA,0,,,,,,,CABANGA,COLISÃO LATERAL,,1,1,0,0,0,0,0,0,0,2,0,,,,,,,,,,,,,,,,,2024251890
2024-09-12,6:27:00,COM VÍTIMA,FINALIZADA,SAN MARTIN,AV ENGENHEIRO ABDIAS DE CARVALHO,0,,,PROX. A CHESF E HOSPITAL VETERINARIO,,,,SAN MARTIN,COLISÃO,,0,1,0,0,0,0,0,0,0,1,0,,,,,,,,,,,,,,,,,2024252100
2024-09-12,6:52:00,COM VÍTIMA,FINALIZADA,BOA VIAGEM,AV CONSELHEIRO AGUIAR,3,680,RUA VICENCIA,POR TRAS DO HOTEL IBIS,,,,BOA VIAGEM,COLISÃO LATERAL,,2,0,0,0,0,0,0,0,0,1,0,,,,,,,,,,,,,,,,,2024252130
2024-09-12,6:52:00,COM VÍTIMA,FINALIZADA,ARRUDA,AV BEBERIBE,3,848,,EM FRENTE AO LOJAO DO PETROLEO / PROX A BATERIA MOURA,,,,ARRUDA,COLISÃO,,1,1,0,0,0,0,0,0,0,1,0,,,,,,,,,,,,,,,,,2024252140
2024-09-12,7:43:00,COM VÍTIMA,FINALIZADA,ESTANCIA,AV DR JOSE RUFINO,4,1147,,PROX. A IGREJA DE SANTA LUZIA // PROX AO VIADUTO,,,,ESTANCIA,COLISÃO LATERAL,,1,1,0,0,0,0,0,0,0,1,0,,,,,,,,,,,,,,,,,2024252180
2024-09-12,8:33:00,COM VÍTIMA,FINALIZADA,SANTO AMARO,RUA DO SOSSEGO,3,480,,PRÓX. AO SENAI DA AV. NORTE,,,,SANTO AMARO,COLISÃO,,0,1,0,0,0,0,0,0,0,1,0,,,,,,,,,,,,,,,,,2024252230
2024-09-12,8:53:00,COM VÍTIMA,FINALIZADA,ROSARINHO,RUA TELES JUNIOR,3,378,,PRÓX. A FARMÁCIA PAGUE MENOS,,,,ROSARINHO,COLISÃO,,0,1,0,0,0,0,0,0,0,1,0,,,,,,,,,,,,,,,,,2024252260
2024-09-12,11:12:00,COM VÍTIMA,FINALIZADA,ENCRUZILHADA,AV NORTE MIGUEL ARRAES DE ALENCAR,0,,,EM FRENTE AO CENTER OLEO,,,,ENCRUZILHADA,COLISÃO,,0,1,0,0,0,0,0,0,0,1,0,,,,,,,,,,,,,,,,,2024252420
2024-09-12,11:48:00,COM VÍTIMA,FINALIZADA,SANTO AMARO,AV NORTE MIGUEL ARRAES DE ALENCAR,0,,,EM FRENTE A IGREJA,,,,SANTO AMARO,COLISÃO,,0,1,0,0,0,0,0,0,0,1,0,,,,,,,,,,,,,,,,,2024252440
2024-09-12,11:55:00,COM VÍTIMA,FINALIZADA,ILHA DO RETIRO,RUA SPORT CLUBE DO RECIFE,0,,,PROXIMO AO TUNEL CHICO SCHI,,,,ILHA DO RETIRO,COLISÃO,,1,1,0,0,0,0,0,0,0,1,0,,,,,,,,,,,,,,,,,2024252450
2024-09-12,12:09:00,COM VÍTIMA,FINALIZADA,IBURA,RUA DR BENIGNO JORDAO DE VASCONCELOS,0,,,EM FRENTE A LOJA MR MODA PRAIA / LADO OPOSTO DA PISTA LESTE NA LAGOA ENCANTADA,,,,IBURA,COLISÃO,,0,1,0,0,0,0,0,0,0,1,0,,,,,,,,,,,,,,,,,2024252460
2024-09-12,12:50:00,COM VÍTIMA,FINALIZADA,CAXANGA,AV CAXANGA,0,,,PROX AO SUPERMERCADO EXTRA DA CAXANGA SENTIDO CAMARAGIBE,,,,CAXANGA,COLISÃO,,0,1,0,0,0,0,0,0,0,1,0,,,,,,,,,,,,,,,,,2024252490
2024-09-12,2:40:00,COM VÍTIMA,FINALIZADA,DERBY,AV GOVERNADOR AGAMENON MAGALHAES,0,,,PROXIMO AO HOSPITAL MANDACARU,,,,DERBY,COLISÃO,,0,1,0,0,0,0,0,0,0,1,0,,SUBURBIO,,,,,,,,,,,,,,,2024252550
2024-09-12,2:41:00,COM VÍTIMA,FINALIZADA,SAN MARTIN,AV ENGENHEIRO ABDIAS DE CARVALHO,0,,,E/F A CLINICA VETERIANRIA ALFA / PROX A ESCOLA GERAÇAO PLANETA,,,,SAN MARTIN,COLISÃO,,0,0,0,0,0,0,0,0,0,1,0,,,,,,,,,,,,,,,,,2024252560
2024-09-12,2:44:00,COM VÍTIMA,FINALIZADA,SAO JOSE,AV SUL,0,,,PROX AO ANTIGO MERCADO DAS FLORES  E A CASA DAS PLACAS,,,,SAO JOSE,COLISÃO,,0,0,0,0,0,0,0,0,0,1,0,,,,,,,,,,,,,,,,,2024252570
2024-09-12,3:18:00,COM VÍTIMA,FINALIZADA,MACAXEIRA,AV NORTE MIGUEL ARRAES DE ALENCAR,0,,,ANTES DO BAR SABERE E PROX AO PARQUE DA MACAXEIRA,,,,MACAXEIRA,COLISÃO,,0,0,0,0,0,0,0,0,0,1,0,,,,,,,,,,,,,,,,,2024252610
2024-09-12,5:59:00,COM VÍTIMA,FINALIZADA,MADALENA,RUA JOSE OSORIO,3,603,,EM FRENTE A ALIANÇA AUTOMOVEIS,,,,MADALENA,COLISÃO LATERAL,,1,1,0,0,0,0,0,0,0,1,0,,,,,,,,,,,,,,,,,2024252790
2024-09-12,10:34:00,VÍTIMA FATAL,FINALIZADA,NOVA DESCOBERTA,AV VEREADOR OTACILIO AZEVEDO,0,,RUA NOVA DESCOBERTA,PROXIMO AO POSTO DE SAÚDE,,,,NOVA DESCOBERTA,COLISÃO,,0,1,0,0,0,1,0,0,0,1,1,,,,,,,,,,,,,,,,,2024253130
2024-09-12,10:50:00,COM VÍTIMA,FINALIZADA,JORDAO,AV MARIA IRENE,2,36,,APOS A BASE AREA,,,,JORDAO,COLISÃO,,1,1,0,0,0,0,0,0,0,1,0,,,,,,,,,,,,,,,,,2024253140
2024-09-12,11:52:00,VÍTIMA FATAL,FINALIZADA,DOIS IRMAOS,RUA PROFESSOR JOAO MEDEIROS,0,,,EM FRENTE A URFPE,,,,DOIS IRMAOS,COLISÃO,,0,1,0,0,0,0,0,0,0,1,1,,,,,,,,,,,,,,,,,2024253170
2024-09-12,11:59:00,VÍTIMA FATAL,FINALIZADA,ILHA JOANA BEZERRA,VDO PAPA JOAO PAULO II,0,,,LADO OPOSTO AO FORUM SENTIDO BOA VIAGEM,,,,JOANA BEZERRA,ATROPELAMENTO DE PESSOA,,0,0,0,0,1,0,0,0,0,0,1,,SUBURBIO,,,,,,,,,,,,,,,2024253180
2024-09-13,5:17:00,COM VÍTIMA,FINALIZADA,GUABIRABA,EST DA LADEIRA DO SERENO,0,,,PROX A EMPRESA AGUA MINERAL SANTA JOANA,,,,GUABIRABA,COLISÃO,,0,1,0,0,0,0,0,0,0,1,0,,,,,,,,,,,,,,,,,2024253240
2024-09-13,5:46:00,COM VÍTIMA,FINALIZADA,MADALENA,AV VISCONDE DE ALBUQUERQUE,0,,RUA JOSE OSORIO,,,,,MADALENA,COLISÃO,,1,1,0,0,0,0,0,0,0,2,0,,,,,,,,,,,,,,,,,2024253250
2024-09-13,7:15:00,COM VÍTIMA,FINALIZADA,SAO JOSE,RUA DO PEIXOTO,0,,,PROX. A ANTIGA FEIRA DO TROCA (  AV. DANTAS BARRETO ),,,,SAO JOSE,COLISÃO LATERAL,,0,0,0,1,0,1,0,0,0,1,0,1810,,,,,,,,,,,,,,,,2024253350
2024-09-13,7:30:00,COM VÍTIMA,FINALIZADA,CASA AMARELA,AV NORTE MIGUEL ARRAES DE ALENCAR,4,4978,,PROXIMO AO REI DA PICANHA,,,,CASA AMARELA,COLISÃO,,1,0,0,0,0,0,0,0,0,1,0,,,,,,,,,,,,,,,,,2024253400
2024-09-13,7:44:00,COM VÍTIMA,FINALIZADA,BEBERIBE,RUA URIEL DE HOLANDA,0,,,EM FRENTE A IGREJA BATISTA  NACIONAL DE LINHA DO TIRO,,,,BEBERIBE,COLISÃO,,0,1,0,0,0,0,0,0,0,1,0,,,,,,,,,,,,,,,,,2024253430
2024-09-13,7:44:00,COM VÍTIMA,FINALIZADA,VARZEA,AV PROFESSOR ARTUR DE SA,3,809,,EM FRENTE AO CEMITÉRIO DA VÁRZEA,,,,VARZEA,COLISÃO,,0,1,0,0,0,0,0,0,0,1,0,,,,,,,,,,,,,,,,,2024253440
2024-09-13,8:02:00,COM VÍTIMA,FINALIZADA,MADALENA,RUA BENFICA,3,286,,"EM FRENTE AO COLEGIO GGE,  PROX. AO BATALHAO DE CHOQUE",,,,MADALENA,COLISÃO,,0,1,0,0,0,0,0,0,0,1,0,,,,,,,,,,,,,,,,,2024253460
2024-09-13,8:35:00,COM VÍTIMA,FINALIZADA,JORDAO,AV MARIA IRENE,2,74,,PRÓX. A BASE AÉREA DO JORDÃO  //  OFICINA AUTO SERT  JORDÃO BAIXO,,,,JORDAO,COLISÃO,,0,1,0,0,0,0,0,0,0,1,0,,,,,,,,,,,,,,,,,2024253490
2024-09-13,8:56:00,COM VÍTIMA,FINALIZADA,IPSEP,AV RECIFE,0,,,EM FRENTE A BRINQUELANDIA,,,,IPSEP,COLISÃO,,0,1,0,0,0,0,0,0,0,1,0,,,,,,,,,,,,,,,,,2024253500
2024-09-13,10:29:00,COM VÍTIMA,FINALIZADA,BOA VIAGEM,RUA JOAQUIM PINHEIRO,8,121  R 4,,PRÓX. A BARRACA DA AMIZADE E PRÓX. A BARRACA DE MESSIAS,,,,BOA VIAGEM,COLISÃO,,0,1,0,0,0,0,0,0,0,1,0,,,,,,,,,,,,,,,,,2024253660
2024-09-13,11:05:00,COM VÍTIMA,FINALIZADA,VARZEA,RUA CAXANGA AGAPE,0,,,EM FRENTE A ITALIANA  NA RUA DA ACADEMIA DA TOP FIT,,,,VARZEA,COLISÃO,,0,1,0,0,0,0,0,0,0,1,0,,,,,,,,,,,,,,,,,2024253720
2024-09-13,11:16:00,COM VÍTIMA,FINALIZADA,CASA AMARELA,AV NORTE MIGUEL ARRAES DE ALENCAR,0,,,"EM FRENTE A MADEIRA POLIDA, NA ENTRADA DO MORRO DA CONCEIÇÃO, PROX A ACEDEMIA DA CIDADE",,,,CASA AMARELA,COLISÃO,,0,1,0,0,0,0,0,0,0,1,0,,,,,,,,,,,,,,,,,2024253740
2024-09-13,11:27:00,COM VÍTIMA,FINALIZADA,CIDADE UNIVERSITARIA,RUA PROFESSOR ANTONIO COELHO,3,190,RUA MARECHAL MANOEL LUIS OSORIO,DE FRENTE AO COLEGIO PONTUAL,,,,CIDADE UNIVERSITARIA,COLISÃO LATERAL,,1,1,0,0,0,0,0,0,0,1,0,,,,,,,,,,,,,,,,,2024253770
2024-09-13,12:24:00,COM VÍTIMA,FINALIZADA,TORRE,RUA JOSE BONIFACIO,0,,,EM FRENTEA HONDA / PROX AO MERCADO DA TORRE / EM FRENTE A VETERINARIA A+,,,,TORRE,COLISÃO,,0,1,0,0,0,0,0,0,0,1,0,,,,,,,,,,,,,,,,,2024253870
2024-09-13,4:00:00,COM VÍTIMA,FINALIZADA,PINA,AV ENGENHEIRO DOMINGOS FERREIRA,0,,,E/F AO ATACADO DA CONSTRUÇAÕ,,,,PINA,COLISÃO,,0,0,0,0,0,0,0,0,0,1,0,,,,,,,,,,,,,,,,,2024254100
2024-09-13,5:27:00,COM VÍTIMA,FINALIZADA,GRACAS,RUA DR BANDEIRA FILHO,0,,,AO LADO DO CLUBE PORTUGUES,,,,GRACAS,COLISÃO LATERAL,,1,1,0,0,0,0,0,0,0,2,0,,,,,,,,,,,,,,,,,2024254150
2024-09-13,6:36:00,COM VÍTIMA,FINALIZADA,BOA VIAGEM,RUA AGENOR LOPES,3,156,,NA SAÍDA DO SHOPPING RECIFE EM FRENTE AO EMPRESARIAL N63,,,,BOA VIAGEM,COLISÃO,,1,0,0,0,0,0,0,0,0,1,0,,,,,,,,,,,,,,,,,2024254190
2024-09-13,6:58:00,COM VÍTIMA,FINALIZADA,BOA VIAGEM,AV ENGENHEIRO DOMINGOS FERREIRA,4,4811,,PRÓX AO ARMAZÉM CORAL E PRÓX AO MERCADO PÚBLICO DE BOA VIAGEM.,,,,BOA VIAGEM,COLISÃO,,0,1,0,0,0,0,0,0,0,1,0,,,,,,,,,,,,,,,,,2024254210
2024-09-14,5:04:00,COM VÍTIMA,FINALIZADA,BOA VIAGEM,RUA RIBEIRO DE BRITO,0,,AV FERNANDO SIMOES BARBOSA,,,,,BOA VIAGEM,COLISÃO,,2,0,0,0,0,0,0,0,0,1,0,,,,,,,,,,,,,,,,,2024254420
2024-09-14,7:02:00,COM VÍTIMA,FINALIZADA,BONGI,AV ENGENHEIRO ABDIAS DE CARVALHO,4,1762,AV GENERAL SAN MARTIN,PROX. AO COMPAZ E NOVO ATACAREJO,,,,BONGI,ATROPELAMENTO DE PESSOA,,0,1,0,0,1,0,0,0,0,2,0,,,,,,,,,,,,,,,,,2024254520
2024-09-14,7:12:00,COM VÍTIMA,FINALIZADA,LINHA DO TIRO,RUA GUARAJA,0,,,PROX. AO CALDINHO DO AMBROSIO,,,,LINHA DO TIRO,COLISÃO,,1,1,0,0,0,0,0,0,0,1,0,,,,,,,,,,,,,,,,,2024254540
2024-09-14,7:13:00,COM VÍTIMA,FINALIZADA,ENCRUZILHADA,RUA DR JOSE MARIA,0,,,EM FRENTE AO MERCADO DA ENCRUZILHADA,,,,ENCRUZILHADA,COLISÃO,,0,1,0,0,0,0,0,0,0,1,0,,,,,,,,,,,,,,,,,2024254550
2024-09-14,7:49:00,COM VÍTIMA,FINALIZADA,ENCRUZILHADA,AV BEBERIBE,0,,,EM FRENTE AO BANCO DO BRASIL,,,,ENCRUZILHADA,COLISÃO,,0,1,0,0,0,0,0,0,0,1,0,,,,,,,,,,,,,,,,,2024254590
2024-09-14,8:04:00,COM VÍTIMA,FINALIZADA,BOA VIAGEM,AV BOA VIAGEM,0,,,PROX A IGREJA DA FAMILIA 61 / QUIOSQUE 59 SENTIDO CANDEIAS,,,,BOA VIAGEM,COLISÃO,,1,1,0,0,0,0,0,0,0,2,0,,,,,,,,,,,,,,,,,2024254610
2024-09-14,8:06:00,COM VÍTIMA,FINALIZADA,SANTO ANTONIO,RUA DA CONCORDIA,0,,RUA TOBIAS BARRETO,EM FRENTE A VENEZA MUSIC,,,,SANTO ANTONIO,COLISÃO LATERAL,,1,1,0,0,0,0,0,0,0,1,0,,,,,,,,,,,,,,,,,2024254630
2024-09-14,9:49:00,COM VÍTIMA,FINALIZADA,AREIAS,AV DR JOSE RUFINO,0,,,SENTIDO JABOATÃO AO LADO DO MIX MATHEUS,,,,AREIAS,COLISÃO,,0,1,0,0,0,0,0,0,0,1,0,,,,,,,,,,,,,,,,,2024254740
2024-09-14,10:00:00,COM VÍTIMA,FINALIZADA,IBURA,AV SANTOS,0,,,AO LADO DA COMPESA UR-02,,,,IBURA,COLISÃO,,0,1,0,0,0,0,0,0,0,1,0,,,,,,,,,,,,,,,,,2024254760
2024-09-14,10:01:00,COM VÍTIMA,FINALIZADA,SAO JOSE,C SANTA RITA,0,,,PROX AO SESC,,,,SAO JOSE,ATROPELAMENTO DE PESSOA,,1,0,0,0,1,0,0,0,0,1,0,,,,,,,,,,,,,,,,,2024254770
2024-09-14,10:10:00,COM VÍTIMA,FINALIZADA,MADALENA,RUA JOSE OSORIO,3,580,,EM FRENTE A RECIFE MULTIMARCAS,,,,MADALENA,COLISÃO TRASEIRA,,1,1,0,0,0,0,0,0,0,1,0,,,,,,,,,,,,,,,,,2024254810
2024-09-14,10:33:00,COM VÍTIMA,FINALIZADA,MACAXEIRA,AV NORTE MIGUEL ARRAES DE ALENCAR,0,,,PROX AO PARQUE DA MACAXEIRA / EM FRENTE AO ETE,,,,MACAXEIRA,COLISÃO,,0,1,0,0,0,0,0,0,0,1,0,,,,,,,,,,,,,,,,,2024254870
2024-09-14,10:47:00,COM VÍTIMA,FINALIZADA,CAJUEIRO,RUA RAUL CESARIO DE MELO,0,,,"EM FRENTE A FABRICA DE VELAS SANTA TEREZINHA, PRIMEIRA SUBIDA APOS A IGREJA ASSEMBLEIA DE DEUS",,,,CAJUEIRO,COLISÃO,,0,1,0,0,0,0,0,0,0,1,0,,,,,,,,,,,,,,,,,2024254890
2024-09-14,11:00:00,COM VÍTIMA,FINALIZADA,PARNAMIRIM,RUA JOAO TUDE DE MELO,0,,,"EM FRENTE AO GUAIAMUM GIGANTE, NA DESCIDA DA PONTE",,,,PARNAMIRIM,COLISÃO LATERAL,,1,1,0,0,0,0,0,0,0,1,0,,,,,,,,,,,,,,,,,2024254940
2024-09-14,12:09:00,COM VÍTIMA,FINALIZADA,IBURA,AV DOIS RIOS,0,,,IBURA DE BAIXO / PROX AO NUCLEO DA POLICIA,,,,IBURA,COLISÃO,,0,1,0,0,0,0,0,0,0,1,0,,,,,,,,,,,,,,,,,2024255050
2024-09-14,12:10:00,COM VÍTIMA,FINALIZADA,SAN MARTIN,AV ENGENHEIRO ABDIAS DE CARVALHO,0,,,EM FRENTE AO COMPAZ DA ABDIAS,,,,SAN MARTIN,QUEDA,,0,1,0,0,0,0,0,0,0,1,0,,,,,,,,,,,,,,,,,2024255060
2024-09-14,1:24:00,COM VÍTIMA,FINALIZADA,NOVA DESCOBERTA,AV CHAGAS FERREIRA,4,2383,,NA SUBIDA DO ALTO SANTA TEREZA POR TRAS DA UPA DE NOVA DESCOBERTA,,,,NOVA DESCOBERTA,COLISÃO,,0,0,0,0,0,0,0,0,0,1,0,,,,,,,,,,,,,,,,,2024255160