data,hora,natureza_acidente,situacao,bairro,endereco,,numero,detalhe_endereco_acidente,complemento,endereco_cruzamento,numero_cruzamento,referencia_cruzamento,bairro_cruzamento,tipo,descricao,auto,moto,ciclom,ciclista,pedestre,onibus,caminhao,viatura,outros,vitimas,vitimasfatais,num_semaforo,sentido_via,acidente_verificado,tempo_clima,situacao_semaforo,sinalizacao,condicao_via,conservacao_via,ponto_controle,situacao_placa,velocidade_max_via,mao_direcao,divisao_via1,divisao_via2,divisao_via3,_id,Protocolo
2024-10-28,1:35:00,COM VÍTIMA,FINALIZADA,CAXANGA,AV CAXANGA,0,,,E/F GOLF CLUBE,,,,CAXANGA,CHOQUE,,1,0,0,0,0,0,0,0,0,1,0,,,,,,,,,,,,,,,,,2024298700
2024-10-28,10:01:00,COM VÍTIMA,FINALIZADA,BOA VIAGEM,RUA BRUNO VELOSO,4,1148,,NA RUA DO SHOPPING RECIFE,,,,BOA VIAGEM,COLISÃO LATERAL,,1,1,0,0,0,0,0,0,0,1,0,,,,,,,,,,,,,,,,,2024298940
2024-10-28,10:23:00,COM VÍTIMA,FINALIZADA,MADALENA,RUA PROFESSOR JOSE TORRES PIRES,2,26,,NA ESQUINA DA AV. BEIRA RIO,,,,MADALENA,COLISÃO,,0,1,0,0,0,0,0,0,0,1,0,,,,,,,,,,,,,,,,,2024298960
2024-10-28,10:46:00,COM VÍTIMA,FINALIZADA,BOA VIAGEM,RUA FRANCISCO DA CUNHA,4,1406,,PRÓX. AO CARREFOUR,,,,BOA VIAGEM,COLISÃO,,0,1,0,0,0,0,0,0,0,1,0,,,,,,,,,,,,,,,,,2024298980
2024-10-28,11:23:00,COM VÍTIMA,FINALIZADA,NOVA DESCOBERTA,AV VEREADOR OTACILIO AZEVEDO,4,1915,,PRÓX. A FÁBRICA DA KINITOS,,,,NOVA DESCOBERTA,COLISÃO,,0,1,0,0,0,0,0,0,0,1,0,,,,,,,,,,,,,,,,,2024299010
2024-10-28,11:31:00,COM VÍTIMA,FINALIZADA,SANTO AMARO,AV CRUZ CABUGA,0,,,"AO LADO DO SHOPPING TACARUNA, SENTIDO DERBY",,,,SANTO AMARO,COLISÃO,,0,1,0,0,0,0,0,0,0,1,0,,,,,,,,,,,,,,,,,2024299020
2024-10-28,1:57:00,COM VÍTIMA,FINALIZADA,BOA VISTA,RUA VELHA,3,253,,VINDO DA CASA DA CULTURA  NO INICIO DA PONTE  QUE DA ACESSO DA RUA VELHA,,,,BOA VISTA,COLISÃO,,0,0,0,0,0,0,0,0,0,1,0,,,,,,,,,,,,,,,,,2024299090
2024-10-28,8:05:00,COM VÍTIMA,FINALIZADA,CAMPO GRANDE,EST DE BELEM,0,,RUA ODORICO MENDES,APÓS O CRUZAMENTO,,,,CAMPO GRANDE,COLISÃO,,1,1,0,0,0,0,0,0,0,1,0,,SUBURBIO,,,,,,,,,,,,,,,2024299280
2024-10-28,8:37:00,COM VÍTIMA,FINALIZADA,BOA VISTA,RUA DOM BOSCO,3,632,,EDFICIO RITA DE CÁSSIA / AO LADO DA BASE DO SAMU,,,,BOA VISTA,COLISÃO,,1,1,0,0,0,0,0,0,0,1,0,,,,,,,,,,,,,,,,,2024299300
2024-10-29,12:01:00,COM VÍTIMA,FINALIZADA,BOA VIAGEM,AV ANTONIO DE GOES,0,,,,,,,BOA VIAGEM,COLISÃO,,0,0,0,0,0,0,0,0,0,1,0,,,,,,,,,,,,,,,,,2024299370
2024-10-29,6:30:00,COM VÍTIMA,FINALIZADA,IPSEP,RUA PINTOR ANTONIO ALBUQUERQUE,0,,,EM FRENTE AO SINDICATO DOS MOTORISTAS,,,,IPSEP,COLISÃO,,0,1,0,0,0,0,0,0,0,1,0,,,,,,,,,,,,,,,,,2024299520
2024-10-29,8:04:00,COM VÍTIMA,FINALIZADA,AGUA FRIA,RUA LADEIRA DE PEDRA,3,S/N,,PROX. A ESCOLA GABRIELA MAISTRAL,,,,AGUA FRIA,COLISÃO,,0,1,0,0,0,0,0,0,0,1,0,,,,,,,,,,,,,,,,,2024299600
2024-10-29,9:01:00,COM VÍTIMA,FINALIZADA,DOIS IRMAOS,RUA MANUEL DE MEDEIROS,0,,,EM FRENTE AO BAR DA CURVA,,,,DOIS IRMAOS,COLISÃO COM CICLISTA,,0,0,0,1,0,1,0,0,0,1,0,,,,,,,,,,,,,,,,,2024299650
2024-10-29,1:14:00,COM VÍTIMA,FINALIZADA,SAO JOSE,RUA DA PRAIA,0,,TRV DO ARSENAL DE GUERRA,,,,,SAO JOSE,COLISÃO,,0,0,0,0,0,0,0,0,0,1,0,,,,,,,,,,,,,,,,,2024299990
2024-10-29,1:15:00,COM VÍTIMA,FINALIZADA,JORDAO,AV CENTENARIO ALBERTO SANTOS DUMONT,0,,,PCT NO TUNEL DO JORDÃO // PROXIMOA PEC POSOS,,,,JORDAO,COLISÃO,,0,1,0,0,0,0,0,0,0,1,0,,,,,,,,,,,,,,,,,2024300000
2024-10-29,2:31:00,COM VÍTIMA,FINALIZADA,BOA VIAGEM,RUA BRUNO VELOSO,0,,,NA SAIDA DO SHOPPING RECIFE  E/F ACADEMIA  SELFIT,,,,BOA VIAGEM,COLISÃO LATERAL,,1,1,0,0,0,0,0,0,0,1,0,,,,,,,,,,,,,,,,,2024300060
2024-10-29,2:39:00,COM VÍTIMA,FINALIZADA,CAXANGA,AV CAXANGA,4,8433,,EMBAIXO DO VIADUTO,,,,CAXANGA,COLISÃO,,0,1,0,0,0,0,0,0,0,1,0,,,,,,,,,,,,,,,,,2024300070
2024-10-29,2:57:00,COM VÍTIMA,FINALIZADA,SANTO ANTONIO,PRC DA REPUBLICA,0,,RUA DO SOL,ATRAS DO TEATRO PRINCESA ISABEL,,,,SANTO ANTONIO,COLISÃO COM CICLISTA,,1,0,0,1,0,0,0,0,0,1,0,,,,,,,,,,,,,,,,,2024300110
2024-10-29,3:00:00,COM VÍTIMA,FINALIZADA,TAMARINEIRA,RUA GOMES COUTINHO,3,415,,PROX A CAPELA SAGRADA FACE,,,,TAMARINEIRA,COLISÃO,,0,1,0,0,0,0,0,0,0,1,0,,,,,,,,,,,,,,,,,2024300120
2024-10-29,3:47:00,COM VÍTIMA,FINALIZADA,ILHA DO RETIRO,AV ENGENHEIRO ABDIAS DE CARVALHO,4,4013,,EM FRENTE AO ESTADIO DO SPORT,,,,ILHA DO RETIRO,COLISÃO,,0,1,0,0,0,0,0,0,0,1,0,,,,,,,,,,,,,,,,,2024300200
2024-10-29,4:39:00,COM VÍTIMA,FINALIZADA,COQUEIRAL,RUA QUINZE DE NOVEMBRO,3,548,,PROXIMO A ESTAÇÃO DE COQUEIRAL,,,,COQUEIRAL,COLISÃO LATERAL,,1,1,0,0,0,0,0,0,0,2,0,,,,,,,,,,,,,,,,,2024300230
2024-10-29,5:03:00,COM VÍTIMA,FINALIZADA,MANGABEIRA,RUA DES HERACLITO CAVALCANTI,2,87,,PROX A ESCOLA MUNICIPAL DA MANGABEIRA,,,,MANGABEIRA,COLISÃO,,0,1,0,0,0,0,0,0,0,1,0,,,,,,,,,,,,,,,,,2024300270
2024-10-30,12:02:00,COM VÍTIMA,FINALIZADA,AFLITOS,AV CONS ROSA E SILVA,0,,,EM FRENTE AO CLUBE NÁUTICO CAPIBARIBE,,,,AFLITOS,COLISÃO,,1,1,0,0,0,0,0,0,0,2,0,,,,,,,,,,,,,,,,,2024300460
2024-10-30,4:36:00,COM VÍTIMA,FINALIZADA,CASA FORTE,AV DEZESSETE DE AGOSTO,3,357,AV FLOR DE SANTANA,EM FRENTE AO BURGUER KING,,,,CASA FORTE,COLISÃO LATERAL,,1,1,0,0,0,0,0,0,0,1,0,6140,,,,,,,,,,,,,,,,2024300480
2024-10-30,7:59:00,COM VÍTIMA,FINALIZADA,IMBIRIBEIRA,AV MARECHAL MASCARENHAS DE MORAES,2,32,,EM FRENTE AO PREDIO DA JUSTIÇA FEDERAL ( SENTIDO AEROPORTO )  //  PRÓX AO SUPERMERCADO ASSAÍ,,,,IMBIRIBEIRA,COLISÃO,,1,1,0,0,0,0,0,0,0,1,0,,,,,,,,,,,,,,,,,2024300730
2024-10-30,9:36:00,COM VÍTIMA,FINALIZADA,MADALENA,AV BEIRA RIO,4,4173,,APÓS O INTERNACIANAL ( SENTIDO PONTE DA CAPUNGA )  //  EDF. TOLIZE,,,,MADALENA,COLISÃO LATERAL,,1,1,0,0,0,0,0,0,0,1,0,,,,,,,,,,,,,,,,,2024300860
2024-10-30,11:29:00,COM VÍTIMA,FINALIZADA,MACAXEIRA,AV NORTE MIGUEL ARRAES DE ALENCAR,4,2971,,PROX. A ACADEMIA DA CIDADE  //  PROX AO ETE,,,,MACAXEIRA,COLISÃO,,0,1,0,0,0,0,0,0,0,1,0,,,,,,,,,,,,,,,,,2024300980
2024-10-30,1:22:00,COM VÍTIMA,FINALIZADA,SAO JOSE,PTE JOAQUIM CARDOSO,2,24,,SENTIDO IMIP. NA SUBIDA DO VIADUTO,,,,SAO JOSE,COLISÃO,,0,1,0,0,0,0,0,0,0,1,0,,,,,,,,,,,,,,,,,2024301050
2024-10-30,3:31:00,COM VÍTIMA,FINALIZADA,ENGENHO DO MEIO,RUA GENERAL VARGAS,0,,,POR TRAS DO ANTIGO PREDIO DA SUDENE PROX AO BANCO SANTANDER,,,,ENGENHO DO MEIO,COLISÃO,,1,0,0,0,0,0,0,0,0,1,0,,,,,,,,,,,,,,,,,2024301190
2024-10-30,4:31:00,COM VÍTIMA,FINALIZADA,SANTO AMARO,AV CRUZ CABUGA,0,,,ANTIGA FABRICA TACARUNA // POR TRAS DO SHOPPING TACARUNA,,,,SANTO AMARO,COLISÃO,,0,1,0,0,0,0,0,0,0,1,0,,,,,,,,,,,,,,,,,2024301240
2024-10-30,5:30:00,COM VÍTIMA,FINALIZADA,SANTO AMARO,AV GOVERNADOR AGAMENON MAGALHAES,0,,,EM FRENTE AO POSTO DISLUB/ SENTIDO OLINDA,,,,SANTO AMARO,COLISÃO LATERAL,,1,1,0,0,0,0,0,0,0,1,0,,,,,,,,,,,,,,,,,2024301270
2024-10-30,6:03:00,COM VÍTIMA,FINALIZADA,PARNAMIRIM,AV DEZESSETE DE AGOSTO,4,2333,,EM FRENTE À MC DONALD'S DE CASA FORTE E PRÓX AO PLAZA SHOPPING CASA FORTE,,,,PARNAMIRIM,COLISÃO,,0,1,0,0,0,0,0,0,0,1,0,,,,,,,,,,,,,,,,,2024301280
2024-10-30,6:20:00,COM VÍTIMA,FINALIZADA,IPUTINGA,AV PROFESSOR JOAQUIM CAVALCANTI,4,2508,,PRX A OFICINA FATOR PREMIUM,,,,IPUTINGA,COLISÃO,,0,1,0,0,0,0,0,0,0,1,0,,,,,,,,,,,,,,,,,2024301330
2024-10-31,6:38:00,COM VÍTIMA,FINALIZADA,CASA AMARELA,RUA PAULA BATISTA,0,,,EM FRENTE AO NOVO ATACADAO E DELEGACIA DE CASA AMARELA,,,,CASA AMARELA,COLISÃO,,0,1,0,0,0,0,0,0,0,1,0,,,,,,,,,,,,,,,,,2024301580
2024-10-31,10:26:00,COM VÍTIMA,FINALIZADA,GUABIRABA,AV EMBAIXADOR ASSIS CHATEAUBRIAND,0,,,PROX AO PONTILHÃO ( EMBAIXO ),,,,GUABIRABA,COLISÃO LATERAL,,1,1,0,0,0,0,0,0,0,1,0,,,,,,,,,,,,,,,,,2024301840
2024-10-31,1:33:00,COM VÍTIMA,FINALIZADA,SAO JOSE,AV DANTAS BARRETO,4,2513,,PROX A PRAÇA SERGIO LORETO,,,,SAO JOSE,COLISÃO,,0,1,0,0,0,0,0,0,0,1,0,,,,,,,,,,,,,,,,,2024302060
2024-10-31,1:59:00,COM VÍTIMA,FINALIZADA,BEBERIBE,RUA DALVA DE OLIVEIRA,3,229,,"PX A AMBEV, PX PADARIA PAN RAINHA",,,,BEBERIBE,COLISÃO,,0,1,0,0,0,0,0,0,0,1,0,,,,,,,,,,,,,,,,,2024302080
2024-10-31,2:42:00,COM VÍTIMA,FINALIZADA,AREIAS,RUA DONA ANA AURORA,3,820,,EM FRENTE AO BOI QUENTE,,,,AREIAS,COLISÃO,,0,1,0,0,0,0,0,0,0,1,0,,,,,,,,,,,,,,,,,2024302110
2024-10-31,4:29:00,COM VÍTIMA,FINALIZADA,VARZEA,RUA JOSE ANTONIO DA COSTA FILHO,3,564,,PROX A ONG / NA RUA DO BAR DE BIRA,,,,VARZEA,QUEDA,,0,1,0,0,0,0,0,0,0,1,0,,,,,,,,,,,,,,,,,2024302240
2024-10-31,5:46:00,COM VÍTIMA,FINALIZADA,BOA VIAGEM,RUA DES JOAO PAES,3,815,,E/F A FARMACIA DROGASIL,,,,BOA VIAGEM,COLISÃO FRONTAL,,1,1,0,0,0,0,0,0,0,1,0,,,,,,,,,,,,,,,,,2024302320
2024-10-31,6:28:00,COM VÍTIMA,FINALIZADA,DERBY,AV GOVERNADOR AGAMENON MAGALHAES,4,1959,,"PX A ESTAÇAO DE BR, PX A PRAÇA DO DERBY",,,,DERBY,COLISÃO FRONTAL,,0,1,0,0,0,1,0,0,0,1,0,,,,,,,,,,,,,,,,,2024302340
2024-10-31,9:11:00,COM VÍTIMA,FINALIZADA,ILHA DO LEITE,AV FREI MATIAS TEVES,0,,,COM  A RUA SENADOR JOSE HENRIQUE,,,,ILHA DO LEITE,COLISÃO LATERAL,,1,1,0,0,0,0,0,0,0,1,0,,,,,,,,,,,,,,,,,2024302410
2024-11-01,6:03:00,COM VÍTIMA,FINALIZADA,AREIAS,AV DR JOSE RUFINO,0,,,PROX AO VIADUTO DE AREAS // EM FRENTE A RR SERVICE,,,,AREIAS,COLISÃO,,0,1,0,0,0,0,0,0,0,1,0,,,,,,,,,,,,,,,,,2024302480
2024-11-01,10:14:00,COM VÍTIMA,FINALIZADA,IPSEP,AV RECIFE,4,1620,,SUPERMERCADO ECONOMICO,,,,IPSEP,COLISÃO TRASEIRA,,1,1,0,0,0,0,0,0,0,1,0,,,,,,,,,,,,,,,,,2024302780
2024-11-01,1:12:00,COM VÍTIMA,FINALIZADA,JORDAO,AV MARIA IRENE,0,,,PROX AO POSTO JORDAO,,,,JORDAO,COLISÃO TRASEIRA,,0,1,0,0,0,1,0,0,0,1,0,,,,,,,,,,,,,,,,,2024302930
2024-11-01,1:25:00,COM VÍTIMA,FINALIZADA,CASA AMARELA,RUA DA HARMONIA,3,765,,PROX AO PLANETA AR,,,,CASA AMARELA,COLISÃO TRASEIRA,,1,1,0,0,0,0,0,0,0,1,0,,,,,,,,,,,,,,,,,2024302950
2024-11-01,3:05:00,COM VÍTIMA,FINALIZADA,CORDEIRO,AV CAXANGA,4,1414,,EM FRENTE AO MUSEU DOS AZULEJOS,,,,CORDEIRO,COLISÃO LATERAL,,1,1,0,0,0,0,0,0,0,1,0,,SUBURBIO,,,,,,,,,,,,,,,2024303050
2024-11-01,3:50:00,COM VÍTIMA,FINALIZADA,MADALENA,AV BEIRA RIO,0,,,EM FRENTE AO EDIFICIO EQUIPAGEM 51,,,,MADALENA,QUEDA,,0,1,0,0,0,0,0,0,0,1,0,,,,,,,,,,,,,,,,,2024303080
2024-11-01,5:33:00,COM VÍTIMA,FINALIZADA,IPSEP,AV PRESIDENTE DUTRA,5,15173,,PRÓXIMO AO SAL E BRASA / SENTIDO BOA VIAGEM,,,,IPSEP,COLISÃO TRASEIRA,,0,2,0,0,0,0,0,0,0,1,0,,,,,,,,,,,,,,,,,2024303240
2024-11-02,2:24:00,COM VÍTIMA,FINALIZADA,ILHA DO LEITE,AV FREI MATIAS TEVES,0,,RUA DR JOAO ASFORA,,,,,ILHA DO LEITE,COLISÃO TRASEIRA,,0,0,0,0,0,0,0,0,0,1,0,,,,,,,,,,,,,,,,,2024303430
2024-11-02,6:44:00,COM VÍTIMA,FINALIZADA,ARRUDA,AV BEBERIBE,0,,,AO LADO DO CAMPO DO ARRUDA //,,,,ARRUDA,COLISÃO,,0,1,0,0,0,0,0,0,0,1,0,,,,,,,,,,,,,,,,,2024303540
2024-11-02,7:13:00,COM VÍTIMA,FINALIZADA,RECIFE,C DO APOLO,0,,,EM FRENTE A PREFEITURA DO RECIFE,,,,BAIRRO DO RECIFE,COLISÃO,,0,1,0,0,0,0,0,0,0,1,0,,,,,,,,,,,,,,,,,2024303550
2024-11-02,9:20:00,COM VÍTIMA,FINALIZADA,IBURA,AV RIO SAO FRANCISCO,3,447,,PROX A ACADEMIA SUPERAÇÃO,,,,IBURA,COLISÃO LATERAL,,1,0,0,0,0,0,1,0,0,1,0,,,,,,,,,,,,,,,,,2024303680
2024-11-02,10:17:00,COM VÍTIMA,FINALIZADA,BOA VIAGEM,AV BOA VIAGEM,4,5354,,AO LADO DO HOTEL ATLANTE PLAZA / PRX AO BRENNAND PLAZA /// PRX AO HOTEL ATLANTICO,,,,BOA VIAGEM,COLISÃO LATERAL,,1,1,0,0,0,0,0,0,0,1,0,,,,,,,,,,,,,,,,,2024303740
2024-11-02,11:06:00,COM VÍTIMA,FINALIZADA,JORDAO,AV CENTENARIO  ALBERTO SANTOS DUMONT,0,,TUNEL FELIPE CAMARAO,DENTRO DO TUNEL FELIPE CAMARÃO,,,,JORDAO,COLISÃO TRASEIRA,,1,1,0,0,0,0,0,0,0,1,0,,,,,,,,,,,,,,,,,2024303800
2024-11-02,11:40:00,COM VÍTIMA,FINALIZADA,PINA,RUA SAO LUIZ,0,,,PROXIMO AO SUPERMECADO M GRAÇAS //,,,,PINA,COLISÃO,,0,1,0,0,0,0,0,0,0,1,0,,,,,,,,,,,,,,,,,2024303840
2024-11-02,1:43:00,COM VÍTIMA,FINALIZADA,CORDEIRO,RUA AMALIA,3,420,,EM FRENTE A VENDA DE SEU BIU,,,,CORDEIRO,COLISÃO FRONTAL,,1,1,0,0,0,0,0,0,0,1,0,,,,,,,,,,,,,,,,,2024303950
2024-11-02,4:27:00,COM VÍTIMA,FINALIZADA,IMBIRIBEIRA,AV MARECHAL MASCARENHAS DE MORAES,2,14,,NO FINAL DO MURO DO AEROPORTO SENTIDO CIDADE,,,,IMBIRIBEIRA,COLISÃO,,0,1,0,0,0,0,0,0,0,1,0,,,,,,,,,,,,,,,,,2024304100
2024-11-02,5:35:00,COM VÍTIMA,FINALIZADA,CAXANGA,AV CAXANGA,4,3040,,EM FRENTE AO TERMINAL INTEGRADO CDU// DO LADO DA CHEVROLET,,,,CAXANGA,COLISÃO,,0,1,0,0,0,0,0,0,0,1,0,,,,,,,,,,,,,,,,,2024304160
2024-11-02,5:57:00,COM VÍTIMA,FINALIZADA,TORROES,AV ENGENHEIRO ABDIAS DE CARVALHO,4,6804,,SENTIDO CURADO / NO VIADULTO / APOS O POSTO SHELL,,,,TORROES,COLISÃO,,0,1,0,0,0,0,0,0,0,1,0,,,,,,,,,,,,,,,,,2024304170
2024-11-02,10:26:00,COM VÍTIMA,FINALIZADA,CASA FORTE,AV DEZESSETE DE AGOSTO,0,,,EM FRENTE AAO HOSPITAL SENADOR JOSÉ HERMINIO DE MORAES,,,,CASA FORTE,COLISÃO FRONTAL,,1,1,0,0,0,0,0,0,0,2,0,,,,,,,,,,,,,,,,,2024304290
2024-11-03,12:58:00,COM VÍTIMA,FINALIZADA,TORRE,RUA MARCOS ANDRE,0,,RUA JOSE BONIFACIO,EM FRENTE AO CARREFOUR DA TORRE,,,,TORRE,COLISÃO LATERAL,,1,1,0,0,0,0,0,0,0,1,0,,,,,,,,,,,,,,,,,2024304330
2024-11-03,1:42:00,COM VÍTIMA,FINALIZADA,BOA VIAGEM,RUA ANTONIO FALCAO,3,775,,EM FRENTE AO HOTEL BEACHCLASS,,,,BOA VIAGEM,COLISÃO LATERAL,,1,1,0,0,0,0,0,0,0,1,0,,,,,,,,,,,,,,,,,2024304340
2024-11-03,2:40:00,COM VÍTIMA,FINALIZADA,SAN MARTIN,AV ENGENHEIRO ABDIAS DE CARVALHO,0,,EST DO FORTE DO ARRAIAL N. DO B. JESUS,,,,,SAN MARTIN,COLISÃO LATERAL,,1,1,0,0,0,0,0,0,0,2,0,,,,,,,,,,,,,,,,,2024304350
2024-11-03,9:38:00,COM VÍTIMA,FINALIZADA,SAO JOSE,RUA IMPERIAL,0,,,"EM FRENTE AO HOTEL LUA DE MEL, SENT. IMBIRIBEIRA",,,,SAO JOSE,COLISÃO,,0,1,0,0,0,0,0,0,0,1,0,,,,,,,,,,,,,,,,,2024304550
2024-11-03,10:44:00,COM VÍTIMA,FINALIZADA,IBURA,RUA ENGENHO ESPELHO,0,,,"UR-03, PROX. AO COLEGIO MARCOS FREIRE E ASSOCIAÇÃO DA U-03",,,,IBURA,COLISÃO,,0,1,0,0,0,0,0,0,0,1,0,,,,,,,,,,,,,,,,,2024304630
2024-11-03,10:48:00,COM VÍTIMA,FINALIZADA,IMBIRIBEIRA,AV MARECHAL MASCARENHAS DE MORAES,0,,RUA ITACARE,EM FRENTE A FERREIRA COSTA NO SEMAFORO 386,,,,IMBIRIBEIRA,COLISÃO LATERAL,,1,1,0,0,0,0,0,0,0,1,0,,,,,,,,,,,,,,,,,2024304640
2024-11-03,12:09:00,COM VÍTIMA,FINALIZADA,AGUA FRIA,AV BEBERIBE,4,1633,,E/F  A IGREJA ASSEMBLEIA DE DEUS  S/T CID,,,,AGUA FRIA,COLISÃO LATERAL,,1,1,0,0,0,0,0,0,0,1,0,,,,,,,,,,,,,,,,,2024304750
2024-11-03,6:00:00,COM VÍTIMA,FINALIZADA,SANTO AMARO,RUA CAPITAO LIMA,0,,,E/F AIGREJA INTERNACIONAL DA GRAÇA DE  DEUS,,,,SANTO AMARO,COLISÃO COM CICLISTA,,1,0,0,1,0,0,0,0,0,1,0,,,,,,,,,,,,,,,,,2024305010
2024-11-03,6:05:00,COM VÍTIMA,FINALIZADA,GUABIRABA,AV VEREADOR OTACILIO AZEVEDO,0,,,EM FRENTE AO COLEGIO SÃO CRISTOVÃO,,,,GUABIRABA,COLISÃO FRONTAL,,0,1,0,0,0,1,0,0,0,1,0,,,,,,,,,,,,,,,,,2024305020
2024-11-03,7:09:00,COM VÍTIMA,FINALIZADA,CASA AMARELA,RUA CONS NABUCO,3,571,,EM FRENTE AO N 571,,,,CASA AMARELA,COLISÃO,,1,1,0,0,0,0,0,0,0,1,0,,,,,,,,,,,,,,,,,2024305050
2024-11-04,4:38:00,COM VÍTIMA,FINALIZADA,CAXANGA,AV CAXANGA,0,,,SOB O VIADULTO,,,,CAXANGA,CHOQUE,,1,0,0,0,0,0,0,0,0,1,0,,,,,,,,,,,,,,,,,2024305120
2024-11-04,6:03:00,COM VÍTIMA,FINALIZADA,SANTO AMARO,AV GOVERNADOR AGAMENON MAGALHAES,0,,RUA ODORICO MENDES,NO SEMAFORO 049,,,,SANTO AMARO,COLISÃO,,0,1,0,0,0,0,0,0,0,1,0,,,,,,,,,,,,,,,,,2024305140
2024-11-04,7:48:00,COM VÍTIMA,FINALIZADA,IMBIRIBEIRA,AV RECIFE,0,,,"SENT. BOA VIAGEM, PROX. A SUDENE EM FRENTE AO MV EMPRESARIAL, ANTES DO VIADUTO",,,,IMBIRIBEIRA,COLISÃO,,0,1,0,0,0,0,0,0,0,1,0,,,,,,,,,,,,,,,,,2024305270
2024-11-04,10:49:00,COM VÍTIMA,FINALIZADA,IBURA,RUA EXP FRANCISCO VITORIANO,4,1123,,PROX A CRECHE MUNICIPAL . NA SUBIDA DO ONIBUS ( UR-10 ),,,,IBURA,COLISÃO,,0,1,0,0,0,0,0,0,0,1,0,,,,,,,,,,,,,,,,,2024305500
2024-11-04,12:13:00,COM VÍTIMA,FINALIZADA,BOA VISTA,RUA DO HOSPICIO,3,692,,EM FRENTE AO POSTO DE ATENDIMENTO DOS VETERANOS,,,,BOA VISTA,COLISÃO,,0,1,0,0,0,0,0,0,0,1,0,,,,,,,,,,,,,,,,,2024305620
2024-11-04,2:40:00,COM VÍTIMA,FINALIZADA,PARNAMIRIM,RUA DO MARQUES,2,89,,PROX AO CLUBE ALEMÃO EO COLEGIO JOSE VILELA,,,,PARNAMIRIM,COLISÃO FRONTAL,,2,1,0,0,0,0,0,0,0,1,0,,,,,,,,,,,,,,,,,2024305790
2024-11-04,3:11:00,COM VÍTIMA,FINALIZADA,BOA VIAGEM,AV BOA VIAGEM,0,,,E/F AO QUIOSQUE 41,,,,BOA VIAGEM,COLISÃO,,0,0,0,0,0,0,0,0,0,1,0,,,,,,,,,,,,,,,,,2024305810
2024-11-04,3:34:00,COM VÍTIMA,FINALIZADA,MADALENA,RUA BARTOLOMEU DE GUSMAO,0,,,PROX A BELEZA CAFÉ E A  MODA BARBEARIA,,,,MADALENA,COLISÃO,,0,0,0,0,0,0,0,0,0,1,0,,,,,,,,,,,,,,,,,2024305840
2024-11-04,5:34:00,COM VÍTIMA,FINALIZADA,CAMPO GRANDE,AV GOVERNADOR AGAMENON MAGALHAES,0,,,NO CRUZAMENTO DO CAMPO DO 11  PROX AO IC INSTITUTO DE CRIMINALÍSTICA  PE,,,,CAMPO GRANDE,COLISÃO,,0,0,0,0,0,0,0,0,0,1,0,,,,,,,,,,,,,,,,,2024305920
2024-11-04,8:10:00,COM VÍTIMA,FINALIZADA,CORDEIRO,RUA CLAUDIO BROTHERHOOD,0,,,COM A RUA DRº MIGUEL VIEIRA FERREIRA,,,,CORDEIRO,COLISÃO LATERAL,,1,1,0,0,0,0,0,0,0,1,0,,,,,,,,,,,,,,,,,2024305980
2024-11-04,8:57:00,COM VÍTIMA,FINALIZADA,JORDAO,AV DONA CARENTINA,5,457 B,,,,,,JORDAO,COLISÃO LATERAL,,1,1,0,0,0,0,0,0,0,1,0,,,,,,,,,,,,,,,,,2024305990
2024-11-04,9:12:00,COM VÍTIMA,FINALIZADA,PINA,RUA BARAO DE SANTO ANGELO,2,55,,,,,,PINA,COLISÃO COM CICLISTA,,1,0,0,1,0,0,0,0,0,1,0,,,,,,,,,,,,,,,,,2024306000
2024-11-05,12:13:00,COM VÍTIMA,FINALIZADA,ILHA JOANA BEZERRA,RUA IMPERIAL,0,,RUA CABO EUTROPIO,,,,,JOANA BEZERRA,COLISÃO TRANSVERSAL,,1,1,0,0,0,0,0,0,0,1,0,,,,,,,,,,,,,,,,,2024306060
2024-11-05,6:32:00,COM VÍTIMA,FINALIZADA,CORDEIRO,RUA PROFESSOR JOAQUIM XAVIER DE BRITO,0,,RUA DR MIGUEL VIEIRA FERREIRA,,,,,CORDEIRO,COLISÃO,,0,0,0,0,0,0,0,0,0,1,0,,,,,,,,,,,,,,,,,2024306160
2024-11-05,7:35:00,COM VÍTIMA,FINALIZADA,FUNDAO,RUA CORONEL URBANO RIBEIRO DE SENA,0,,,PROX. A PIZZARIA VICIO E A ARVORE DA BARRIGUDA,,,,FUNDAO,COLISÃO,,0,1,0,0,0,0,0,0,0,1,0,,,,,,,,,,,,,,,,,2024306190
2024-11-05,10:15:00,COM VÍTIMA,FINALIZADA,IMBIRIBEIRA,AV MARECHAL MASCARENHAS DE MORAES,4,2309,,EM FRENTE A FERREIRA COSTA,,,,IMBIRIBEIRA,COLISÃO,,0,1,0,0,0,0,0,0,0,1,0,,,,,,,,,,,,,,,,,2024306440
2024-11-05,12:46:00,COM VÍTIMA,FINALIZADA,LINHA DO TIRO,RUA PROFESSOR JOSE AMARINO DOS REIS,4,2324,,PROX A IGREJA ASSEMBLEIA DE DEUS,,,,LINHA DO TIRO,COLISÃO FRONTAL,,1,1,0,0,0,0,0,0,0,1,0,,,,,,,,,,,,,,,,,2024306550
2024-11-05,1:46:00,COM VÍTIMA,FINALIZADA,CABANGA,RUA CAPITAO TEMUDO,3,680,,S/T PINA DA ALÇA QUE DA  ACESSO A RUA IMPERIAL  APOS O COMPLEXO JOANA BEZERRA,,,,CABANGA,COLISÃO,,0,0,0,0,0,0,0,0,0,1,0,,,,,,,,,,,,,,,,,2024306570
2024-11-05,2:40:00,COM VÍTIMA,FINALIZADA,AFOGADOS,RUA SAO MIGUEL,0,,,EM FRENTE AO 14º BATALHÃO DO EXERCITO,,,,AFOGADOS,COLISÃO LATERAL,,0,1,0,0,0,0,1,0,0,2,0,,,,,,,,,,,,,,,,,2024306630
2024-11-05,3:27:00,COM VÍTIMA,FINALIZADA,NOVA DESCOBERTA,AV VEREADOR OTACILIO AZEVEDO,0,,,PROX A ESCOLA  IRMÃ MAGNA  DEPOSI DO MARRETÃO,,,,NOVA DESCOBERTA,COLISÃO,,0,0,0,0,0,0,0,0,0,1,0,,,,,,,,,,,,,,,,,2024306670
2024-11-05,4:09:00,COM VÍTIMA,FINALIZADA,BOA VIAGEM,RUA CORONEL BENEDITO CHAVES,2,52,,PROX A ORLA DE BOA VIAGEM  E/F AO EDF SCALA,,,,BOA VIAGEM,COLISÃO,,0,0,0,0,0,0,0,0,0,1,0,,,,,,,,,,,,,,,,,2024306770
2024-11-05,4:12:00,COM VÍTIMA,FINALIZADA,SANTO AMARO,AV CRUZ CABUGA,0,,,PROX AO CEMITERIO DOS INGLESES,,,,SANTO AMARO,COLISÃO,,0,0,0,0,0,0,0,0,0,1,0,,,,,,,,,,,,,,,,,2024306790
2024-11-05,4:16:00,COM VÍTIMA,FINALIZADA,BOA VIAGEM,RUA WALDEMAR NERY CARNEIRO MONTEIRO,3,455,,PROX AO TERMINAL DE ONIBUS DE SETUBAL,,,,BOA VIAGEM,COLISÃO,,0,0,0,0,0,0,0,0,0,1,0,,,,,,,,,,,,,,,,,2024306800