data,hora,natureza_acidente,situacao,bairro,endereco,,numero,detalhe_endereco_acidente,complemento,endereco_cruzamento,numero_cruzamento,referencia_cruzamento,bairro_cruzamento,tipo,descricao,auto,moto,ciclom,ciclista,pedestre,onibus,caminhao,viatura,outros,vitimas,vitimasfatais,num_semaforo,sentido_via,acidente_verificado,tempo_clima,situacao_semaforo,sinalizacao,condicao_via,conservacao_via,ponto_controle,situacao_placa,velocidade_max_via,mao_direcao,divisao_via1,divisao_via2,divisao_via3,_id,Protocolo
2024-11-19,11:04:00,COM VÍTIMA,FINALIZADA,PONTO DE PARADA,AV BEBERIBE,0,,,EM FRENTE AO LOJAO DO PETROLEO,,,,PONTO DE PARADA,COLISÃO,,1,1,0,0,0,0,0,0,0,1,0,,,,,,,,,,,,,,,,,2024318100
2024-11-19,11:18:00,COM VÍTIMA,FINALIZADA,DOIS UNIDOS,RUA PROFESSOR LOBO DE MIRANDA,0,,,"PROX. AO PSF DE DOIS UNIDOS, SUBINDO A LADEIRA",,,,DOIS UNIDOS,COLISÃO,,0,1,0,0,0,0,0,0,0,1,0,,,,,,,,,,,,,,,,,2024318130
2024-11-19,11:35:00,COM VÍTIMA,FINALIZADA,GRACAS,RUA JOAQUIM NABUCO,3,280,,PRÓX. AO HOSPITAL SANTA  JOANA // EM FRENTE A FARMÁCIA SANTA MARIA,,,,GRACAS,COLISÃO,,0,1,0,0,0,0,0,0,0,1,0,,,,,,,,,,,,,,,,,2024318150
2024-11-19,12:44:00,COM VÍTIMA,FINALIZADA,SANTO AMARO,AV CRUZ CABUGA,0,,,AO LADO DA ESCOLA LUIZ DELGADO,,,,SANTO AMARO,COLISÃO LATERAL,,1,1,0,0,0,0,0,0,0,1,0,,,,,,,,,,,,,,,,,2024318200
2024-11-19,12:47:00,COM VÍTIMA,FINALIZADA,CORDEIRO,AV CAXANGA,0,,,EM FRENTE A EXPOSIÇÃO DE ANIMAIS,,,,CORDEIRO,COLISÃO,,0,1,0,0,0,0,0,0,0,1,0,,,,,,,,,,,,,,,,,2024318220
2024-11-19,1:09:00,COM VÍTIMA,FINALIZADA,ILHA JOANA BEZERRA,RUA CAPITAO TEMUDO,0,,,PROXIMO AO FORUM,,,,JOANA BEZERRA,COLISÃO,,0,1,0,0,0,0,0,0,0,1,0,,,,,,,,,,,,,,,,,2024318270
2024-11-19,1:11:00,COM VÍTIMA,FINALIZADA,ILHA DO LEITE,AV GOVERNADOR AGAMENON MAGALHAES,4,4515,,LADO OPOSTO AO HOSPITAL PORTUGUES,,,,ILHA DO LEITE,COLISÃO,,0,1,0,0,0,0,0,0,0,1,0,,,,,,,,,,,,,,,,,2024318280
2024-11-19,2:13:00,COM VÍTIMA,FINALIZADA,SANTO ANTONIO,PRC DA REPUBLICA,0,,1 TRV DOUTOR SABINO PINHO,EM FRENTE AO PALACIO DA JUSTIÇA,,,,SANTO ANTONIO,COLISÃO,,1,1,0,0,0,0,0,0,0,1,0,,,,,,,,,,,,,,,,,2024318290
2024-11-19,2:58:00,COM VÍTIMA,FINALIZADA,TORRE,RUA REAL DA TORRE,0,,,APOS O ATACADO DOS PRESENTES,,,,TORRE,ATROPELAMENTO DE PESSOA,,1,0,0,0,1,0,0,0,0,1,0,,,,,,,,,,,,,,,,,2024318350
2024-11-19,2:57:00,COM VÍTIMA,FINALIZADA,ROSARINHO,RUA DR JOSE MARIA,3,981,,PROXIMOA DROGASIL,,,,ROSARINHO,COLISÃO,,0,1,0,0,0,0,0,0,0,1,0,,,,,,,,,,,,,,,,,2024318360
2024-11-19,3:02:00,COM VÍTIMA,FINALIZADA,CASA AMARELA,AV NORTE MIGUEL ARRAES DE ALENCAR,0,,,EM FRENTE A UPA DA PRAÇA DO TRABALHO,,,,CASA AMARELA,COLISÃO,,0,1,0,0,0,0,0,0,0,1,0,,,,,,,,,,,,,,,,,2024318370
2024-11-19,4:04:00,COM VÍTIMA,FINALIZADA,SAO JOSE,AV SUL,0,,,PROXIMO AO CATAMARA E CAPITANIA DOS PORTES,,,,SAO JOSE,COLISÃO,,0,1,0,0,0,0,0,0,0,1,0,,,,,,,,,,,,,,,,,2024318400
2024-11-19,4:31:00,COM VÍTIMA,FINALIZADA,DERBY,AV GOVERNADOR AGAMENON MAGALHAES,0,,,,,,,DERBY,COLISÃO,,0,1,0,0,0,0,1,0,0,1,0,,,,,,,,,,,,,,,,,2024318410
2024-11-19,5:03:00,COM VÍTIMA,FINALIZADA,IPSEP,RUA JEAN EMILE FAVRE,0,,RUA BLUMENAU,,,,,IPSEP,COLISÃO,,0,0,0,0,0,0,0,0,0,1,0,,,,,,,,,,,,,,,,,2024318420
2024-11-19,6:24:00,COM VÍTIMA,FINALIZADA,BOA VIAGEM,RUA DES JOAO PAES,3,665,,,,,,BOA VIAGEM,COLISÃO TRANSVERSAL,,1,1,0,0,0,0,0,0,0,1,0,,,,,,,,,,,,,,,,,2024318430
2024-11-20,8:20:00,COM VÍTIMA,FINALIZADA,JIQUIA,RUA SAO MIGUEL,2,SN,,PRÓX. AO BODE DO NÔ // PRÓX. A CORAL,,,,JIQUIA,COLISÃO LATERAL,,0,2,0,0,0,0,0,0,0,2,0,,,,,,,,,,,,,,,,,2024318530
2024-11-20,10:59:00,COM VÍTIMA,FINALIZADA,AGUA FRIA,RUA ALEGRE,3,463,,EM FRENTE AO COLÉGIO ALFREDO,,,,AGUA FRIA,COLISÃO,,0,1,0,0,0,0,0,0,0,1,0,,,,,,,,,,,,,,,,,2024318730
2024-11-20,11:11:00,COM VÍTIMA,FINALIZADA,MORRO DA CONCEICAO,COR DO BARTOLOMEU,3,147,,EM FRENTE A LOJA CASA MODAS // PROX A LOJA ALEX CAR ( EM FRENTE  AO NUMERO 257  ),,,,MORRO DA CONCEICAO,COLISÃO,,0,1,0,0,0,0,0,0,0,1,0,,,,,,,,,,,,,,,,,2024318740
2024-11-20,12:39:00,COM VÍTIMA,FINALIZADA,CAMPO GRANDE,EST DE BELEM,0,,,PROX. AO ARMAZÉM GIVA FERRAGENS  //  NA ENTRADA DO GIRADOURO DE CAMPO GRANDE,,,,CAMPO GRANDE,COLISÃO,,0,1,0,0,0,0,0,0,0,1,0,,,,,,,,,,,,,,,,,2024318790
2024-11-21,4:39:00,COM VÍTIMA,FINALIZADA,ROSARINHO,AV NORTE MIGUEL ARRAES DE ALENCAR,0,,AV SANTOS DUMONT,PANIFICADORA ROSARINHO,,,,ROSARINHO,COLISÃO TRANSVERSAL,,1,1,0,0,1,0,0,0,0,1,0,810,CIDADE,,,,,,,,,,,,,,,2024319090
2024-11-21,6:09:00,COM VÍTIMA,FINALIZADA,ROSARINHO,AV SANTOS DUMONT,0,,RUA DR JOSE MARIA,EM FRENTE A CASA ROSADA,,,,ROSARINHO,COLISÃO LATERAL,,2,0,0,0,0,0,0,0,0,1,0,,,,,,,,,,,,,,,,,2024319110
2024-11-21,6:26:00,COM VÍTIMA,FINALIZADA,CASA FORTE,AV DEZESSETE DE AGOSTO,0,,,POR TRAS DO MARIA LUCINDA - DE FRENTRE AO MUSEU MURILO LA CRECA -,,,,CASA FORTE,COLISÃO,,0,1,0,0,0,0,0,0,0,1,0,,,,,,,,,,,,,,,,,2024319200
2024-11-21,6:26:00,COM VÍTIMA,FINALIZADA,IMBIRIBEIRA,AV MARECHAL MASCARENHAS DE MORAES,0,,,EM FRENTE A LAZER ELETRO,,,,IMBIRIBEIRA,COLISÃO,,0,1,0,0,0,0,0,0,0,1,0,,,,,,,,,,,,,,,,,2024319220
2024-11-21,6:27:00,COM VÍTIMA,FINALIZADA,IMBIRIBEIRA,AV MARECHAL MASCARENHAS DE MORAES,0,,,EM FRENTE AO GERALDAO,,,,IMBIRIBEIRA,COLISÃO,,0,1,0,0,0,0,0,0,0,1,0,,,,,,,,,,,,,,,,,2024319230
2024-11-21,6:28:00,COM VÍTIMA,FINALIZADA,IBURA,AV SANTA FE,0,,,"UR-02, NO TREVO PROX. A ESCOLA CRISTIANE CORDEIRO",,,,IBURA,COLISÃO,,0,1,0,0,0,0,0,0,0,1,0,,,,,,,,,,,,,,,,,2024319240
2024-11-21,6:46:00,COM VÍTIMA,FINALIZADA,IPSEP,AV RECIFE,2,SN,,"NO CRUZAMENTO  DA SAÍDA DO IPSEP, INDO PRO IBURA",,,,IPSEP,COLISÃO,,0,1,0,0,0,0,0,0,0,1,0,,,,,,,,,,,,,,,,,2024319280
2024-11-21,7:19:00,COM VÍTIMA,FINALIZADA,AFOGADOS,RUA NICOLAU PEREIRA,3,186,,PRÓX. A DISTRIBUIDORA ASA  // PROX. A CAIXA ECONOMICA,,,,AFOGADOS,COLISÃO,,0,1,0,0,0,0,0,0,0,1,0,,,,,,,,,,,,,,,,,2024319300
2024-11-21,7:36:00,COM VÍTIMA,FINALIZADA,IBURA,LAD DA COHAB,0,,,NA SUBIDA DA LADEIRA,,,,IBURA,COLISÃO,,0,1,0,0,0,1,0,0,0,1,0,,,,,,,,,,,,,,,,,2024319310
2024-11-21,7:55:00,COM VÍTIMA,FINALIZADA,CASA AMARELA,RUA DA MANGABEIRA,0,,,NA SUBIDA DO LATO JOSE DO PINHA EM FRENTE A LOJA POLPA NORTE,,,,CASA AMARELA,COLISÃO,,0,1,0,0,0,0,0,0,0,1,0,,,,,,,,,,,,,,,,,2024319340
2024-11-21,8:07:00,COM VÍTIMA,FINALIZADA,GRACAS,AV GOVERNADOR AGAMENON MAGALHAES,0,,,EM FRENTE AO COLEGIO AMERICANO BATISTA //  SENTIDO OLINDA,,,,GRACAS,COLISÃO,,1,1,0,0,0,0,0,0,0,1,0,,,,,,,,,,,,,,,,,2024319350
2024-11-21,8:44:00,COM VÍTIMA,FINALIZADA,BOA VIAGEM,AV BOA VIAGEM,0,,,APOS O HOSPITAL DA AERONAUTICA,,,,BOA VIAGEM,COLISÃO,,0,1,0,0,0,0,0,0,0,1,0,,,,,,,,,,,,,,,,,2024319410
2024-11-21,8:50:00,COM VÍTIMA,FINALIZADA,CAMPO GRANDE,AV PROFESSOR JOSE DOS ANJOS,3,110,,PRÓX. AO RESTAURANTE DO CHINA ( ANTIGA RECICLAGEM ),,,,CAMPO GRANDE,COLISÃO,,0,1,0,0,0,0,0,0,0,1,0,,,,,,,,,,,,,,,,,2024319420
2024-11-21,9:06:00,COM VÍTIMA,FINALIZADA,ESPINHEIRO,AV GOVERNADOR AGAMENON MAGALHAES,0,,,"NA DESCIDA DO VIADUTO JOAO DE BARROS, PROX. AO CREA SENT. JOANA BEZERRA",,,,ESPINHEIRO,COLISÃO,,0,1,0,0,0,0,0,0,0,1,0,,,,,,,,,,,,,,,,,2024319460
2024-11-21,9:33:00,COM VÍTIMA,FINALIZADA,TORRE,AV BEIRA RIO,0,,,NA ESQUINA DO CONDOMINIO SANT PAUDO,,,,TORRE,COLISÃO,,0,1,0,0,0,0,0,0,0,1,0,,,,,,,,,,,,,,,,,2024319480
2024-11-21,9:33:00,COM VÍTIMA,FINALIZADA,GUABIRABA,EST DA MUMBECA,0,,,EM FRENTE A ÁGFUA MINERAL VANESSA  // APÓS A COMUNIDADE BOLA NA REDE,,,,GUABIRABA,COLISÃO,,0,1,0,0,0,0,0,0,0,1,0,,,,,,,,,,,,,,,,,2024319490
2024-11-21,9:39:00,COM VÍTIMA,FINALIZADA,IMBIRIBEIRA,RUA PAMPULHA,9,249 // R4,,PRÓX. A IGREJA BATISTA // PRÓX. A PADARIA DELICATESSEN,,,,IMBIRIBEIRA,COLISÃO,,0,1,0,0,0,0,0,0,0,1,0,,,,,,,,,,,,,,,,,2024319520
2024-11-21,9:42:00,COM VÍTIMA,FINALIZADA,IMBIRIBEIRA,AV MARECHAL MASCARENHAS DE MORAES,0,,,PROX AO HOTEL AEROPORTO PROX A UPA DA IMBIRIBEIRA,,,,IMBIRIBEIRA,COLISÃO,,0,1,0,0,0,0,0,0,0,1,0,,,,,,,,,,,,,,,,,2024319540
2024-11-21,11:51:00,COM VÍTIMA,FINALIZADA,BOMBA DO HEMETERIO,RUA BOMBA DO HEMETERIO,2,54,,PRÓX. AO AMARELINHO JATO // PRÓX. AO PORTO NORTE BRAZ,,,,BOMBA DO HEMETERIO,COLISÃO,,0,1,0,0,0,0,0,0,0,1,0,,,,,,,,,,,,,,,,,2024319670
2024-11-21,1:15:00,VÍTIMA FATAL,FINALIZADA,DERBY,RUA HENRIQUE DIAS,0,,AV GOVERNADOR AGAMENON MAGALHAES,,,,,DERBY,ATROPELAMENTO DE PESSOA,,0,0,0,0,1,0,0,0,0,0,1,,,,,,,,,,,,,,,,,2024319800
2024-11-21,2:10:00,COM VÍTIMA,FINALIZADA,PARNAMIRIM,RUA PADRE ROMA,4,1674,RUA SEBASTIAO MALTA ARCOVERDE,RESTAURANTE FAACA,,,,PARNAMIRIM,COLISÃO,,0,1,0,0,0,0,0,0,0,1,0,,,,,,,,,,,,,,,,,2024319830
2024-11-21,2:57:00,COM VÍTIMA,FINALIZADA,BARRO,AV DR JOSE RUFINO,4,1142,,PROXIMO AO HOTEL OLIMPIKUS,,,,BARRO,COLISÃO,,0,1,0,0,0,0,0,0,0,1,0,,,,,,,,,,,,,,,,,2024319870
2024-11-21,4:13:00,COM VÍTIMA,FINALIZADA,CASA AMARELA,EST DO ENCANAMENTO,4,1294,,CASA DE FESTA ESTRIPULIA,,,,CASA AMARELA,COLISÃO,,0,1,0,0,0,0,0,0,0,1,0,,,,,,,,,,,,,,,,,2024319990
2024-11-21,6:13:00,COM VÍTIMA,FINALIZADA,IPUTINGA,RUA BOM PASTOR,3,430,,EM FRENTE À GALERIA MARCELA CENTER.,,,,IPUTINGA,COLISÃO,,0,1,0,0,0,0,0,0,0,1,0,,,,,,,,,,,,,,,,,2024320050
2024-11-21,6:14:00,COM VÍTIMA,FINALIZADA,CAXANGA,AV CAXANGA,0,,,,,,,CAXANGA,COLISÃO,,2,0,0,0,0,0,0,0,0,1,0,,,,,,,,,,,,,,,,,2024320060
2024-11-21,6:26:00,COM VÍTIMA,FINALIZADA,AFOGADOS,EST DOS REMEDIOS,4,2451,,"EM FRENTE A IGREJA DOS REMEDIO, PX A HYUNDAI",,,,AFOGADOS,COLISÃO,,0,1,0,0,0,0,0,0,0,1,0,,,,,,,,,,,,,,,,,2024320080
2024-11-21,6:57:00,COM VÍTIMA,FINALIZADA,JARDIM SAO PAULO,RUA MADRE ROSA,3,181,,EM FRENTE AO BOTECO BEER,,,,JARDIM SAO PAULO,COLISÃO,,0,1,0,0,0,0,0,0,0,1,0,,,,,,,,,,,,,,,,,2024320120
2024-11-22,7:03:00,COM VÍTIMA,FINALIZADA,CORDEIRO,AV GENERAL SAN MARTIN,0,,,"EM FRENTE A ACADEMIA GI FIT, PROX. AO POSTO DE GASOLINA TOTAL E CORREIOS",,,,CORDEIRO,COLISÃO,,0,1,0,0,0,0,0,0,0,1,0,,,,,,,,,,,,,,,,,2024320480
2024-11-22,7:10:00,COM VÍTIMA,FINALIZADA,SANTO ANTONIO,AV GUARARAPES,0,,,LADO OPOSTO AOS CORREIOS,,,,SANTO ANTONIO,COLISÃO,,0,1,0,0,0,0,0,0,0,1,0,,,,,,,,,,,,,,,,,2024320500
2024-11-22,7:31:00,COM VÍTIMA,FINALIZADA,IPUTINGA,RUA QUIPAPA,0,,,"PROX. A TRAMO ENGENHARIA, SENT. CAXANGA PROX. A BR",,,,IPUTINGA,COLISÃO,,0,1,0,0,0,0,0,0,0,1,0,,,,,,,,,,,,,,,,,2024320510
2024-11-22,8:15:00,COM VÍTIMA,FINALIZADA,BOA VISTA,AV JOAO DE BARROS,2,SN,,EM FRENTE AO ESTACIONAMENTO DO CURSO NUCE  // PROX A NEOENERGIA,,,,BOA VISTA,COLISÃO,,1,1,0,0,0,0,0,0,0,1,0,,,,,,,,,,,,,,,,,2024320550
2024-11-22,8:19:00,COM VÍTIMA,FINALIZADA,SAO JOSE,AV DANTAS BARRETO,4,1644,,INICIO DA DANTAS BARRETO //  PROX A PRAÇA SERGIO LORETO,,,,SAO JOSE,COLISÃO,,0,1,0,0,0,0,0,0,0,1,0,,,,,,,,,,,,,,,,,2024320560
2024-11-22,8:35:00,COM VÍTIMA,FINALIZADA,IMBIRIBEIRA,PTE DO MOTOCOLOMBO,0,,,NA PONTE,,,,IMBIRIBEIRA,COLISÃO,,0,1,0,0,0,0,0,0,0,1,0,,,,,,,,,,,,,,,,,2024320580
2024-11-22,11:15:00,COM VÍTIMA,FINALIZADA,CAMPO GRANDE,RUA ODORICO MENDES,3,761,,PRÓX. AO ANTIGO SUPERMERCADO STYLUUS  //  PRÓX. AO CLUBE DA PÁS,,,,CAMPO GRANDE,COLISÃO,,0,1,0,0,0,0,0,0,0,1,0,,,,,,,,,,,,,,,,,2024320810
2024-11-22,12:09:00,COM VÍTIMA,FINALIZADA,BOA VISTA,RUA DO HOSPICIO,3,384,,PROX. A FACULDADE DE DIREITO // PROX AO QUARTEL DO EXERCITO,,,,BOA VISTA,COLISÃO COM CICLISTA,,1,0,0,1,0,0,0,0,0,1,0,,,,,,,,,,,,,,,,,2024320880
2024-11-22,12:16:00,COM VÍTIMA,FINALIZADA,PRADO,RUA MANICORE,3,318,,PROX. AO JOCKEY CLUB //  PROX A IGREJA DEUS É AMOR,,,,PRADO,COLISÃO,,0,1,0,0,0,0,0,0,0,1,0,,,,,,,,,,,,,,,,,2024320890
2024-11-22,2:31:00,COM VÍTIMA,FINALIZADA,TORROES,AV ENGENHEIRO ABDIAS DE CARVALHO,4,7329,,PROXIMO A UPA DOS TORROES,,,,TORROES,COLISÃO,,0,1,0,0,0,0,0,0,0,1,0,,CIDADE,,,,,,,,,,,,,,,2024321010
2024-11-22,4:15:00,COM VÍTIMA,FINALIZADA,CIDADE UNIVERSITARIA,RUA EMILIANO BRAGA,3,150,,AO LADO DO VIADUTO DA CAXANGA,,,,CIDADE UNIVERSITARIA,COLISÃO LATERAL,,1,1,0,0,0,0,0,0,0,1,0,,,,,,,,,,,,,,,,,2024321120
2024-11-22,4:22:00,COM VÍTIMA,FINALIZADA,IMBIRIBEIRA,AV MARECHAL MASCARENHAS DE MORAES,0,,,EM FRENTE AO BANCO ITAU E A MOVIDA SEMINOVOS,,,,IMBIRIBEIRA,COLISÃO,,0,1,0,0,0,0,0,0,0,1,0,2250,,,,,,,,,,,,,,,,2024321140
2024-11-22,5:24:00,COM VÍTIMA,FINALIZADA,IPSEP,AV RECIFE,4,3452,,EM FRENTE AO POSTO BR,,,,IPSEP,COLISÃO,,0,1,0,0,0,0,0,0,0,1,0,,,,,,,,,,,,,,,,,2024321200
2024-11-22,5:47:00,COM VÍTIMA,FINALIZADA,ILHA DO RETIRO,EST DOS REMEDIOS,4,2116,,EM FRENTE A FARMACIA DROGASIL,,,,ILHA DO RETIRO,COLISÃO,,0,1,0,0,0,0,0,0,0,1,0,,,,,,,,,,,,,,,,,2024321220
2024-11-22,6:24:00,COM VÍTIMA,FINALIZADA,JORDAO,AV DONA CARENTINA,4,1074,,PROX AO TERMINAL DE JORDÃO ALTO,,,,JORDAO,COLISÃO FRONTAL,,0,2,0,0,0,0,0,0,0,2,0,,,,,,,,,,,,,,,,,2024321300
2024-11-22,9:46:00,COM VÍTIMA,FINALIZADA,AGUA FRIA,EST VELHA DE AGUA FRIA,0,,AV PROFESSOR JOSE DOS ANJOS,PRÓXIMO À ACADEMIA SELFIT,,,,AGUA FRIA,COLISÃO,,0,2,0,0,0,0,0,0,0,1,0,3060,,,,,,,,,,,,,,,,2024321360
2024-11-22,10:12:00,COM VÍTIMA,FINALIZADA,BOA VIAGEM,RUA DEZ DE JULHO,0,,,APÓS A ESTAÇÃO DO METRÔ - E/F À LOCADORA ALUGUEL BRASIL,,,,BOA VIAGEM,COLISÃO,,1,1,0,0,0,0,0,0,0,1,0,,,,,,,,,,,,,,,,,2024321380
2024-11-22,10:38:00,COM VÍTIMA,FINALIZADA,LINHA DO TIRO,RUA URIEL DE HOLANDA,0,,,"EM FRENTE À UPINHA, NA ENTRADA DE DOIS UNIDOS",,,,LINHA DO TIRO,COLISÃO,,1,1,0,0,0,0,0,0,0,1,0,,,,,,,,,,,,,,,,,2024321390
2024-11-23,5:56:00,COM VÍTIMA,FINALIZADA,ARRUDA,EST VELHA DE AGUA FRIA,0,,AV PROFESSOR JOSE DOS ANJOS,DNOCS,,,,ARRUDA,COLISÃO LATERAL,,1,1,0,0,0,0,0,0,0,1,0,,,,,,,,,,,,,,,,,2024321670
2024-11-23,6:03:00,COM VÍTIMA,FINALIZADA,LINHA DO TIRO,RUA ARY PETER,0,,,"EM FRENTE AO TERMINAL DO BREJO, PROX. A UPA E NET GAS",,,,LINHA DO TIRO,COLISÃO,,0,1,0,0,0,0,0,0,0,1,0,,,,,,,,,,,,,,,,,2024321680
2024-11-23,9:52:00,COM VÍTIMA,FINALIZADA,AFOGADOS,RUA COSME VIANA,4,1332,,EM FRENTE A TUPAN DE AFOGADO,,,,AFOGADOS,COLISÃO,,0,1,0,0,0,0,0,0,0,1,0,,,,,,,,,,,,,,,,,2024321850
2024-11-23,3:42:00,COM VÍTIMA,FINALIZADA,GUABIRABA,RUA DAS FLORES,0,,,PROX AO TERMINAL DE ONIBUS DA GUABIRABA E EMBAIXO DO PONTILHAO,,,,GUABIRABA,COLISÃO TRASEIRA,,0,2,0,0,0,0,0,0,0,1,0,,,,,,,,,,,,,,,,,2024322130
2024-11-23,4:13:00,COM VÍTIMA,FINALIZADA,BOA VIAGEM,RUA BARAO DE SOUZA LEAO,4,1170,,PROX AO SUPERMERCADO TREVO,,,,BOA VIAGEM,COLISÃO FRONTAL,,2,1,0,0,0,0,0,0,0,2,0,,,,,,,,,,,,,,,,,2024322140
2024-11-23,5:04:00,COM VÍTIMA,FINALIZADA,IMBIRIBEIRA,AV MARECHAL MASCARENHAS DE MORAES,2,34,,"EM FRENTE A IMBIRIBEIRA DIESEL, PROX AO ATACADAO DOS PNEUS E RODAS",,,,IMBIRIBEIRA,COLISÃO,,0,1,0,0,0,0,0,0,0,1,0,,,,,,,,,,,,,,,,,2024322180
2024-11-23,11:48:00,COM VÍTIMA,FINALIZADA,CAMPO GRANDE,RUA PRUDENTE DE MORAES,0,,RUA MARQUES DE ABRANTES,PROXIMO A CLINICA CENTRAL DE CAMPO GRANDE,,,,CAMPO GRANDE,COLISÃO,,1,1,0,0,0,0,0,0,0,1,0,,,,,,,,,,,,,,,,,2024322290
2024-11-24,2:58:00,COM VÍTIMA,FINALIZADA,CAMPO GRANDE,RUA ODORICO MENDES,0,,RUA VISCONDE DE CAIRU,,,,,CAMPO GRANDE,COLISÃO,,1,1,0,0,0,0,0,0,0,1,0,,,,,,,,,,,,,,,,,2024322310
2024-11-24,6:59:00,COM VÍTIMA,FINALIZADA,TAMARINEIRA,RUA RICARDO HARDMAN,0,,AV CONS ROSA E SILVA,PONTO DO AÇAI E COLEGIO LURDINAS,,,,TAMARINEIRA,COLISÃO,,1,1,0,0,0,0,0,0,0,1,0,5220,,,,,,,,,,,,,,,,2024322450
2024-11-24,12:02:00,COM VÍTIMA,FINALIZADA,BOA VIAGEM,AV HERCULANO BANDEIRA,0,,,EM FRENTE AO ATACADÃO,,,,BOA VIAGEM,COLISÃO,,1,1,0,0,0,0,0,0,0,1,0,,,,,,,,,,,,,,,,,2024322690
2024-11-24,12:15:00,COM VÍTIMA,FINALIZADA,BOA VISTA,RUA GERVASIO PIRES,4,1528,,PROXIMO AO HOTEL CENTRAL,,,,BOA VISTA,COLISÃO,,0,1,0,0,0,0,0,0,0,1,0,,,,,,,,,,,,,,,,,2024322700
2024-11-24,12:39:00,COM VÍTIMA,FINALIZADA,TEJIPIO,AV DR JOSE RUFINO,4,4907,,EM FRENTE AO ESPAÇO DAS DIVAS E PROXIMO A ESTAÇÃO TEJIPIO,,,,TEJIPIO,COLISÃO,,0,1,0,0,0,0,0,0,0,1,0,,,,,,,,,,,,,,,,,2024322760
2024-11-24,3:20:00,COM VÍTIMA,FINALIZADA,ARRUDA,RUA ALEGRE,3,181,,PROXIMO A DELEGACIA DE AGUA FRIA E AO COLEGIO ALFREDO FREIRE,,,,ARRUDA,COLISÃO,,0,1,0,0,0,0,0,0,0,1,0,,,,,,,,,,,,,,,,,2024322910
2024-11-24,3:44:00,COM VÍTIMA,FINALIZADA,BOA VIAGEM,RUA RIBEIRO DE BRITO,3,714,,EM FRENTE AO LABORATORIO BORIS BERENSTEIN,,,,BOA VIAGEM,COLISÃO,,0,1,0,0,0,0,0,0,0,1,0,,,,,,,,,,,,,,,,,2024322920
2024-11-25,6:05:00,COM VÍTIMA,FINALIZADA,IPSEP,RUA PINTOR ANTONIO ALBUQUERQUE,0,,,EM FRENTE A ASSOCIAÇÃO DOS MOTORISTA // PROX A BEFIQUE MULT MARCAS,,,,IPSEP,COLISÃO,,0,1,0,0,0,0,0,0,0,1,0,,,,,,,,,,,,,,,,,2024323150
2024-11-25,6:35:00,COM VÍTIMA,FINALIZADA,IBURA,AV PRESIDENTE DUTRA,0,,,EM FRENTE AO SAL E BRASA,,,,IBURA,COLISÃO,,0,1,0,0,0,0,0,0,0,1,0,,,,,,,,,,,,,,,,,2024323250
2024-11-25,9:25:00,COM VÍTIMA,FINALIZADA,SANCHO,RUA MARIA DE LOURDES DA SILVA,3,112,,PRÓX. A BARRACA DE ANTÔNIO DO LEITE  //  PRÓX. AO STÚDIO TATTOO,,,,SANCHO,COLISÃO,,0,1,0,0,0,0,0,0,0,1,0,,,,,,,,,,,,,,,,,2024323470
2024-11-25,11:53:00,COM VÍTIMA,FINALIZADA,CASA AMARELA,AV NORTE MIGUEL ARRAES DE ALENCAR,0,,,ESCOLA MUNICIPAL ROZEMAR DE MACEDO LIMA,,,,CASA AMARELA,COLISÃO,,1,1,0,0,0,0,0,0,0,1,0,,,,,,,,,,,,,,,,,2024323590
2024-11-25,12:10:00,COM VÍTIMA,FINALIZADA,IPUTINGA,RUA SAO PEDRO,3,125,,PRÓX. A BOMBONIERE RODRIGUES  // PRÓX. AO MERCADINHO DO MARQUINHO  SUPER MIX  //  PROX.  A IGREJA BATISTA,,,,IPUTINGA,COLISÃO,,0,1,0,0,0,0,0,0,0,1,0,,,,,,,,,,,,,,,,,2024323600
2024-11-25,12:47:00,COM VÍTIMA,FINALIZADA,BONGI,EST DO BONGI,8,2270 R 3,,EM FRENTE A IGREJA BATISTA // PROX A DELEGACIA,,,,BONGI,COLISÃO,,0,1,0,0,0,0,0,0,0,1,0,,,,,,,,,,,,,,,,,2024323670
2024-11-25,12:47:00,COM VÍTIMA,FINALIZADA,SANTO AMARO,AV VISCONDE DE SUASSUNA,3,607,,E/F A SILVESTRE SOLUÇOES,,,,SANTO AMARO,CAPOTAMENTO,,2,0,0,0,0,0,0,0,0,1,0,,,,,,,,,,,,,,,,,2024323680
2024-11-25,1:14:00,COM VÍTIMA,FINALIZADA,IPUTINGA,AV MAURICIO DE NASSAU,2,86,,EM FRENTE AO ARMAZEM  COMERCIAL PARALELA,,,,IPUTINGA,CHOQUE,,1,0,0,0,0,0,0,0,0,1,0,1090,,,,,,,,,,,,,,,,2024323720
2024-11-25,3:35:00,COM VÍTIMA,FINALIZADA,IPSEP,AV RECIFE,0,,RUA SAO NICOLAU,DEPOIS DA PIZZARIA ATLANTICO NA ENTRADA DO IBURA,,,,IPSEP,COLISÃO TRANSVERSAL,,1,1,0,0,0,0,0,0,0,1,0,,SUBURBIO,,,,,,,,,,,,,,,2024323850
2024-11-25,4:38:00,VÍTIMA FATAL,FINALIZADA,NOVA DESCOBERTA,RUA ALTO JARDIM PROGRESSO,0,,,,,,,NOVA DESCOBERTA,COLISÃO FRONTAL,,0,0,0,0,0,0,0,0,0,1,1,,,,,,,,,,,,,,,,,2024323940
2024-11-25,5:37:00,COM VÍTIMA,FINALIZADA,DERBY,AV GOVERNADOR AGAMENON MAGALHAES,0,,,EM FRENTE AO HR,,,,DERBY,COLISÃO,,1,0,0,0,0,0,0,0,0,1,0,,,,,,,,,,,,,,,,,2024323960
2024-11-25,5:38:00,COM VÍTIMA,FINALIZADA,IMBIRIBEIRA,AV MARECHAL MASCARENHAS DE MORAES,0,,,"EM FRENTE A FACULDADE DE DIREITO, PX AO MARTELINHO DE OURO",,,,IMBIRIBEIRA,COLISÃO,,0,1,0,0,0,0,0,0,0,1,0,,,,,,,,,,,,,,,,,2024323990
2024-11-25,6:05:00,COM VÍTIMA,FINALIZADA,CASA AMARELA,AV NORTE MIGUEL ARRAES DE ALENCAR,4,9742,,PROX A MADEIRA POLIDA / ANTES DA PRAÇA DO TRABALHO,,,,CASA AMARELA,COLISÃO,,0,1,0,0,0,0,0,0,0,1,0,,,,,,,,,,,,,,,,,2024324020
2024-11-26,6:06:00,COM VÍTIMA,FINALIZADA,DERBY,AV GOVERNADOR AGAMENON MAGALHAES,0,,,ESQUINA COM O HOSPITAL DA RESTAURAÇÃO,,,,DERBY,COLISÃO,,0,2,0,0,0,0,0,0,0,1,0,,,,,,,,,,,,,,,,,2024324180
2024-11-26,7:28:00,COM VÍTIMA,FINALIZADA,CAMPO GRANDE,RUA FRANKLIN TAVORA,3,800,,PROX. AO COLEGIO MARIO MELO,,,,CAMPO GRANDE,COLISÃO COM CICLISTA,,0,1,0,1,0,0,0,0,0,2,0,,,,,,,,,,,,,,,,,2024324270