data,hora,natureza_acidente,situacao,bairro,endereco,,numero,detalhe_endereco_acidente,complemento,endereco_cruzamento,numero_cruzamento,referencia_cruzamento,bairro_cruzamento,tipo,descricao,auto,moto,ciclom,ciclista,pedestre,onibus,caminhao,viatura,outros,vitimas,vitimasfatais,num_semaforo,sentido_via,acidente_verificado,tempo_clima,situacao_semaforo,sinalizacao,condicao_via,conservacao_via,ponto_controle,situacao_placa,velocidade_max_via,mao_direcao,divisao_via1,divisao_via2,divisao_via3,_id,Protocolo
2024-11-26,7:37:00,COM VÍTIMA,FINALIZADA,CABANGA,RUA CAPITAO TEMUDO,2,76,,DESCIDA DO VIADUTO DA JOANA BEZERRA  ( SENTIDO BOA VIAGEM ),,,,CABANGA,COLISÃO,,0,1,0,0,0,0,0,0,0,1,0,,,,,,,,,,,,,,,,,2024324290
2024-11-26,7:40:00,COM VÍTIMA,FINALIZADA,ROSARINHO,RUA DR JOSE MARIA,3,485,,POR TRAS DO HOSPITAL JORGE MEDEIROS,,,,ROSARINHO,COLISÃO,,1,1,0,0,0,0,0,0,0,2,0,,,,,,,,,,,,,,,,,2024324300
2024-11-26,7:41:00,COM VÍTIMA,FINALIZADA,IMBIRIBEIRA,AV MARECHAL MASCARENHAS DE MORAES,0,,,EM FRENTE A LOCALIZA SEMINOVOS,,,,IMBIRIBEIRA,COLISÃO,,0,1,0,0,0,0,0,0,0,1,0,,,,,,,,,,,,,,,,,2024324310
2024-11-26,7:43:00,COM VÍTIMA,FINALIZADA,BOA VIAGEM,RUA CONEGO ROMEU,3,668,,PROX. AO VERDE FRUT,,,,BOA VIAGEM,COLISÃO,,1,1,0,0,0,0,0,0,0,1,0,,,,,,,,,,,,,,,,,2024324320
2024-11-26,9:40:00,COM VÍTIMA,FINALIZADA,DOIS UNIDOS,RUA PADRE CICERO,2,27,,EM FRENTE AO SALAO BARBIE FENIX,,,,DOIS UNIDOS,COLISÃO,,1,1,0,0,0,0,1,0,0,2,0,,,,,,,,,,,,,,,,,2024324460
2024-11-26,10:11:00,COM VÍTIMA,FINALIZADA,DOIS UNIDOS,SUB DA MEDALHA MILAGROSA,2,84,,EM FRENTE AO Nº 084,,,,DOIS UNIDOS,CHOQUE,,0,0,0,0,0,0,1,0,0,1,0,,SUBURBIO,,,,,,,,,,,,,,,2024324520
2024-11-26,1:35:00,COM VÍTIMA,FINALIZADA,CIDADE UNIVERSITARIA,RUA GENERAL POLIDORO,3,351,,ARMAZEM COPACABANA,,,,CIDADE UNIVERSITARIA,COLISÃO LATERAL,,1,1,0,0,0,0,0,0,0,1,0,,,,,,,,,,,,,,,,,2024324720
2024-11-26,2:49:00,COM VÍTIMA,FINALIZADA,ILHA JOANA BEZERRA,AV GOVERNADOR AGAMENON MAGALHAES,0,,,AO LADO DO  FORUM DE JOANA BEZERRA,,,,JOANA BEZERRA,COLISÃO TRASEIRA,,2,0,0,0,0,0,0,0,0,1,0,,SUBURBIO,,,,,,,,,,,,,,,2024324840
2024-11-26,4:31:00,COM VÍTIMA,FINALIZADA,MACAXEIRA,RUA ALTO FORMOSO,2,40,,APÓS O CAMPO DO UNIÃO,,,,MACAXEIRA,COLISÃO,,0,1,0,0,0,0,0,0,0,1,0,,,,,,,,,,,,,,,,,2024324920
2024-11-26,4:54:00,COM VÍTIMA,FINALIZADA,MADALENA,RUA JOSE OSORIO,0,,AV BEIRA RIO,DEPOIS DA PONTE,,,,MADALENA,COLISÃO TRASEIRA,,0,1,0,0,0,0,0,0,0,1,0,,,,,,,,,,,,,,,,,2024324940
2024-11-26,5:13:00,COM VÍTIMA,FINALIZADA,BOA VIAGEM,AV BOA VIAGEM,0,,,PROXIMO AO RESTAURANTE SEU TITO,,,,BOA VIAGEM,COLISÃO,,0,1,0,0,0,0,0,0,0,1,0,,,,,,,,,,,,,,,,,2024324980
2024-11-26,5:51:00,COM VÍTIMA,FINALIZADA,CORDEIRO,AV MAURICIO DE NASSAU,4,1289,,EM FRENTE A DELEGACIA DO GOE E PROXIMO AO DHPP,,,,CORDEIRO,COLISÃO COM CICLISTA,,0,1,0,1,0,0,0,0,0,1,0,,,,,,,,,,,,,,,,,2024325010
2024-11-26,5:52:00,COM VÍTIMA,FINALIZADA,PAISSANDU,AV GOVERNADOR AGAMENON MAGALHAES,0,,,EM FRENTE AO HOSPITAL PORTUGUES,,,,PAISSANDU,COLISÃO,,0,1,0,0,0,0,0,0,0,1,0,,,,,,,,,,,,,,,,,2024325020
2024-11-26,9:01:00,COM VÍTIMA,FINALIZADA,APIPUCOS,RUA DE APIPUCOS,4,2720,,SUBIDA DA PONTE JAIME GUSMAO,,,,APIPUCOS,QUEDA,,0,2,0,0,0,0,0,0,0,1,0,,,,,,,,,,,,,,,,,2024325150
2024-11-26,11:41:00,COM VÍTIMA,FINALIZADA,CASA AMARELA,RUA CONS PERETTI,0,,RUA OSCAR DE BARROS,POR TRÁS DA LOJA TROPICAL,,,,CASA AMARELA,COLISÃO,,1,1,0,0,0,0,0,0,0,1,0,,,,,,,,,,,,,,,,,2024325280
2024-11-27,2:49:00,COM VÍTIMA,FINALIZADA,IBURA,AV DOIS RIOS,0,,RUA RIO XINGU,PROX AUTO ESCOLA PILOTO,,,,IBURA,,,1,1,0,0,0,0,0,0,0,2,0,,,,,,,,,,,,,,,,,2024325300
2024-11-27,6:17:00,COM VÍTIMA,FINALIZADA,DOIS UNIDOS,AV HILDEBRANDO DE VASCONCELOS,0,,,PROX. AO FORRO DO ARLINDO,,,,DOIS UNIDOS,COLISÃO,,0,1,0,0,0,0,0,0,0,1,0,,,,,,,,,,,,,,,,,2024325400
2024-11-27,7:44:00,COM VÍTIMA,FINALIZADA,IMBIRIBEIRA,AV MARECHAL MASCARENHAS DE MORAES,4,4651,,EM FRENTE AO  INSTITUTO IPOG (  EMBAIXO DE SEMAFORO  471 ),,,,IMBIRIBEIRA,COLISÃO,,1,1,0,0,0,0,0,0,0,1,0,,,,,,,,,,,,,,,,,2024325520
2024-11-27,7:45:00,COM VÍTIMA,FINALIZADA,IMBIRIBEIRA,RUA GENERAL GOES MONTEIRO,0,,,PROX. A CLINICA MEDIEX // PROX A VISTORIA TERCEIRA VISÃO,,,,IMBIRIBEIRA,COLISÃO,,0,1,0,0,0,0,0,0,0,1,0,,,,,,,,,,,,,,,,,2024325530
2024-11-27,7:42:00,COM VÍTIMA,FINALIZADA,PINA,RUA BARAO DE SANTO ANGELO,0,,,"TRAVESSA DO NORMANDO 32 COMUNIDADE DO BODE, PROX A SALVAÇÃO DAS PANELAS, CLUBE BANHISTA DO PINA",,,,PINA,COLISÃO,,0,1,0,0,0,0,0,0,0,1,0,,,,,,,,,,,,,,,,,2024325540
2024-11-27,9:10:00,COM VÍTIMA,FINALIZADA,VARZEA,AV PROFESSOR MORAES REGO,3,152,,PROX. AO HOSPITAL DAS CLÍNICAS  //  PRÓX. AO HAP VIDA DA CAXANGÁ,,,,VARZEA,COLISÃO,,0,1,0,0,0,0,0,0,0,1,0,,,,,,,,,,,,,,,,,2024325610
2024-11-27,10:15:00,COM VÍTIMA,FINALIZADA,AFOGADOS,RUA AUGUSTO CALHEIROS,0,,,"EM FRENTE A FLAVIO MOTOS, NA SUBIDA DA PONTE NOVA",,,,AFOGADOS,COLISÃO,,0,1,0,0,0,0,0,0,0,1,0,,,,,,,,,,,,,,,,,2024325660
2024-11-27,1:53:00,COM VÍTIMA,FINALIZADA,ESTANCIA,AV DR JOSE RUFINO,4,1132,,PROX AO COLEGIO VISÃO,,,,ESTANCIA,COLISÃO,,0,1,0,0,0,0,0,0,0,1,0,,,,,,,,,,,,,,,,,2024325830
2024-11-27,1:59:00,COM VÍTIMA,FINALIZADA,ENCRUZILHADA,AV BEBERIBE,3,562,,PROX A FERREIRA PINTO E JUSTINO PARABRISA,,,,ENCRUZILHADA,COLISÃO,,0,1,0,0,0,0,0,0,0,1,0,,,,,,,,,,,,,,,,,2024325850
2024-11-27,3:10:00,COM VÍTIMA,FINALIZADA,TORRE,RUA DOM MANOEL DA COSTA,3,405,,POR TRÁS DA IGREJA DA TORRE PX AO COLÉGIO CRISTO REI,,,,TORRE,COLISÃO,,0,1,0,0,0,0,0,0,0,1,0,,,,,,,,,,,,,,,,,2024325900
2024-11-27,3:17:00,COM VÍTIMA,FINALIZADA,IMBIRIBEIRA,RUA PARIS,3,304,,LOJA DE CELULAR BH CELL,,,,IMBIRIBEIRA,COLISÃO LATERAL,,1,1,0,0,0,0,0,0,0,1,0,,,,,,,,,,,,,,,,,2024325920
2024-11-27,4:30:00,COM VÍTIMA,FINALIZADA,CASA FORTE,AV DEZESSETE DE AGOSTO,4,1613,,PROX A PIZZA HUT / PROX AO EDF CASA GRANDE SANTANA,,,,CASA FORTE,COLISÃO,,0,1,0,0,0,0,0,0,0,1,0,,,,,,,,,,,,,,,,,2024325970
2024-11-27,5:10:00,COM VÍTIMA,FINALIZADA,TAMARINEIRA,AV NORTE MIGUEL ARRAES DE ALENCAR,4,9366,,CRUZAMENTO COM A AV CONEGO BARATA ///PROX A FERREIRA COSTA SENTIDO CASA AMARELA,,,,TAMARINEIRA,COLISÃO,,0,1,0,0,0,0,0,0,0,1,0,,,,,,,,,,,,,,,,,2024325980
2024-11-27,9:41:00,COM VÍTIMA,FINALIZADA,BOA VISTA,RUA AURORA,0,,AV CONDE DA BOA VISTA,CINEMA SÃO LUIZ,,,,BOA VISTA,ATROPELAMENTO DE PESSOA,,0,1,0,0,1,0,0,0,0,2,0,,,,,,,,,,,,,,,,,2024326150
2024-11-28,7:19:00,COM VÍTIMA,FINALIZADA,IMBIRIBEIRA,AV MARECHAL MASCARENHAS DE MORAES,0,,,EM FRENTE A OFICINA IMPACTO,,,,IMBIRIBEIRA,COLISÃO,,0,1,0,0,0,0,0,0,0,1,0,,,,,,,,,,,,,,,,,2024326320
2024-11-28,8:08:00,COM VÍTIMA,FINALIZADA,CORDEIRO,AV INACIO MONTEIRO,3,535,,EM FRENTE A AUTO MECANICA NORTE SUL,,,,CORDEIRO,COLISÃO LATERAL,,1,1,0,0,0,0,0,0,0,2,0,,,,,,,,,,,,,,,,,2024326430
2024-11-28,8:37:00,COM VÍTIMA,FINALIZADA,AFOGADOS,EST DOS REMEDIOS,0,,,PROX. AO MARCDO PUBLICO E A ASA,,,,AFOGADOS,COLISÃO,,0,1,0,0,0,0,0,0,0,1,0,,,,,,,,,,,,,,,,,2024326520
2024-11-28,8:48:00,COM VÍTIMA,FINALIZADA,CASA AMARELA,AV NORTE MIGUEL ARRAES DE ALENCAR,5,12318,,EM FRENTE AO FEI DA PICANHA,,,,CASA AMARELA,COLISÃO,,0,1,0,0,0,0,0,0,0,1,0,,,,,,,,,,,,,,,,,2024326540
2024-11-28,10:30:00,COM VÍTIMA,FINALIZADA,DOIS UNIDOS,AV HILDEBRANDO DE VASCONCELOS,0,,,PX AO ATACAREJO E ANTINGA FABRICA DA MINERVA,,,,DOIS UNIDOS,COLISÃO,,0,1,0,0,0,0,0,0,0,1,0,,,,,,,,,,,,,,,,,2024326700
2024-11-28,10:38:00,COM VÍTIMA,FINALIZADA,CORDEIRO,RUA GOMES TABORDA,4,1247,,PROX. A GALERIA DOS FRIOS E  LOJA PIRULITO FESTAS,,,,CORDEIRO,COLISÃO,,0,1,0,0,0,0,0,0,0,1,0,,,,,,,,,,,,,,,,,2024326710
2024-11-28,10:51:00,COM VÍTIMA,FINALIZADA,ILHA JOANA BEZERRA,AV DES GUERRA BARRETO,0,,,EM FRENTE AO FORUM JOANA BEZERRA,,,,JOANA BEZERRA,COLISÃO LATERAL,,1,1,0,0,0,0,0,0,0,1,0,,,,,,,,,,,,,,,,,2024326730
2024-11-28,11:02:00,COM VÍTIMA,FINALIZADA,IBURA,AV DOM HELDER CAMARA,3,S/N,,APOS O NUCLEO DE SEGURANÇA  //  PROX A IGRERJA CATOLICA,,,,IBURA,COLISÃO TRASEIRA,,0,2,0,0,0,0,0,0,0,1,0,,,,,,,,,,,,,,,,,2024326740
2024-11-28,11:35:00,COM VÍTIMA,FINALIZADA,IMBIRIBEIRA,AV MARECHAL MASCARENHAS DE MORAES,5,12689,,EM FRENTE AO ASSAÍ ATACADISTA  SENT. AEROPORTO,,,,IMBIRIBEIRA,COLISÃO,,1,1,0,0,0,0,0,0,0,1,0,,,,,,,,,,,,,,,,,2024326790
2024-11-28,12:27:00,COM VÍTIMA,FINALIZADA,IMBIRIBEIRA,AV MARECHAL MASCARENHAS DE MORAES,0,,,EM FRENTE A TUPAN E UNIVERSIDADE UNIP  E/F A FACULDADE TIRADENTES  S/T AFOGADOS,,,,IMBIRIBEIRA,COLISÃO,,1,1,0,0,0,0,0,0,0,1,0,,,,,,,,,,,,,,,,,2024326850
2024-11-28,2:08:00,COM VÍTIMA,FINALIZADA,BOA VISTA,AV GUARARAPES,0,,RUA DO SOL,PROX AO CORREIO,,,,BOA VISTA,COLISÃO LATERAL,,1,1,0,0,0,0,0,0,0,1,0,140,,,,,,,,,,,,,,,,2024327010
2024-11-28,3:42:00,COM VÍTIMA,FINALIZADA,MONTEIRO,AV DEZESSETE DE AGOSTO,3,123,,"EM FRENTE AO CONDOMÍNIO WILSON MACEDO, EM FRENTE AO EDIFÍCIO PORTA D'ÁGUA, PRÓX À ESCOLA SILVA JARDIM E PRÓX AO NOVO VIADUTO MONTEIRO-IPUTINGA.",,,,MONTEIRO,COLISÃO,,0,1,0,0,0,0,0,0,0,1,0,,,,,,,,,,,,,,,,,2024327130
2024-11-28,3:48:00,COM VÍTIMA,FINALIZADA,DOIS UNIDOS,SUB DA MEDALHA MILAGROSA,2,98,,IR POR PELA AV HIDELBRANDO DE VASCONCELOS //APOS O POSTO DE SAUDE DO ALTO DO MARACANA,,,,DOIS UNIDOS,COLISÃO,,0,1,0,0,0,0,0,0,0,1,0,,,,,,,,,,,,,,,,,2024327150
2024-11-28,4:03:00,COM VÍTIMA,FINALIZADA,CASA AMARELA,EST DO ARRAIAL,0,,,EM FRENTE AO INSS,,,,CASA AMARELA,COLISÃO FRONTAL,,1,1,0,0,0,0,0,0,0,1,0,,,,,,,,,,,,,,,,,2024327160
2024-11-28,4:06:00,COM VÍTIMA,FINALIZADA,TORRE,RUA REAL DA TORRE,0,,,EM FRENTE AO CARREFOUR,,,,TORRE,COLISÃO,,0,1,0,0,0,0,0,0,0,1,0,,,,,,,,,,,,,,,,,2024327170
2024-11-28,4:45:00,COM VÍTIMA,FINALIZADA,AFLITOS,RUA CARNEIRO VILELA,3,349,,PX A RAPPI TURBO / PX A PADARIA EMPÓRIO VIVOS,,,,AFLITOS,COLISÃO,,0,1,0,0,0,0,0,0,0,1,0,,,,,,,,,,,,,,,,,2024327220
2024-11-28,6:00:00,COM VÍTIMA,FINALIZADA,SAO JOSE,RUA FLORIANO PEIXOTO,4,3063,,EM FRENTE À ESTAÇÃO DO METRÔ DO RECIFE,,,,SAO JOSE,COLISÃO,,0,1,0,0,0,0,0,0,0,1,0,,,,,,,,,,,,,,,,,2024327290
2024-11-28,8:33:00,COM VÍTIMA,FINALIZADA,VARZEA,RUA AGRICOLANDIA,0,,RUA PROFESSOR ANTONIO COELHO,E/F À ESQUINA DA CARNE,,,,VARZEA,COLISÃO LATERAL,,1,1,0,0,0,0,0,0,0,1,0,,,,,,,,,,,,,,,,,2024327430
2024-11-28,11:13:00,COM VÍTIMA,FINALIZADA,AREIAS,AV TAPAJOS,2,89,,NA ENTRADA DO POSTO BR,,,,AREIAS,COLISÃO,,1,1,0,0,1,0,0,0,0,1,0,,,,,,,,,,,,,,,,,2024327480
2024-11-29,7:39:00,COM VÍTIMA,FINALIZADA,TORRE,RUA JORNALISTA LUIZ TEIXEIRA,0,,,PROXIMO AO MERDCADINHO SOUZA // PROXIMO AO GUARANA DO IRMÃO,,,,TORRE,COLISÃO LATERAL,,1,1,0,0,0,0,0,0,0,1,0,,,,,,,,,,,,,,,,,2024327670
2024-11-29,7:56:00,VÍTIMA FATAL,FINALIZADA,ARRUDA,RUA PETRONILA BOTELHO,0,,AV PROFESSOR JOSE DOS ANJOS,POR TRAS DO ESTADIO DO ARRUDA,,,,ARRUDA,COLISÃO COM CICLISTA,,0,0,0,1,0,0,1,0,0,0,1,,,,,,,,,,,,,,,,,2024327700
2024-11-29,8:40:00,COM VÍTIMA,FINALIZADA,SAN MARTIN,RUA JOSE VELOSO,3,225,,PRÓX. A CAVALARIA DE SAN MARTIN,,,,SAN MARTIN,COLISÃO,,0,1,0,0,0,0,0,0,0,1,0,,,,,,,,,,,,,,,,,2024327790
2024-11-29,8:51:00,COM VÍTIMA,FINALIZADA,IMBIRIBEIRA,AV MARECHAL MASCARENHAS DE MORAES,0,,,EM FRENTE A MASCARENHAS PNEUS  //  PROX. AO ARMAZEM  CORAL ACHAQUI,,,,IMBIRIBEIRA,COLISÃO,,0,1,0,0,0,0,0,0,0,1,0,,,,,,,,,,,,,,,,,2024327810
2024-11-29,9:23:00,COM VÍTIMA,FINALIZADA,SANTO AMARO,RUA TREZE DE MAIO,2,R1,,EM FRENTE AO CEMITERIO DE SANTO AMARO,,,,SANTO AMARO,COLISÃO,,0,1,0,0,0,0,0,0,0,1,0,,,,,,,,,,,,,,,,,2024327850
2024-11-29,9:47:00,COM VÍTIMA,FINALIZADA,CORDEIRO,AV CAXANGA,4,9623,,EM FRENTE A OFICINA RENAULT REVENGE // PROX AO PARQUE DE EXPOSIÇÃO (  SENTIDO CIDADE ),,,,CORDEIRO,COLISÃO,,0,1,0,0,0,0,0,0,0,1,0,,,,,,,,,,,,,,,,,2024327910
2024-11-29,11:30:00,COM VÍTIMA,FINALIZADA,CORDEIRO,AV GENERAL SAN MARTIN,3,422,,APÓS O HOSPITAL GETULIO VARGAS  ( SENTIDO RUA DA LAMA ),,,,CORDEIRO,COLISÃO TRANSVERSAL,,0,2,0,0,0,0,0,0,0,2,0,,,,,,,,,,,,,,,,,2024328040
2024-11-29,12:13:00,COM VÍTIMA,FINALIZADA,SANTO AMARO,RUA ARARIPINA,3,605,,AO LADO  DO SUPERMERCADO MIX MATHEUS,,,,SANTO AMARO,COLISÃO,,0,1,0,0,0,0,0,0,0,1,0,,,,,,,,,,,,,,,,,2024328130
2024-11-30,7:39:00,COM VÍTIMA,FINALIZADA,IMBIRIBEIRA,AV GENERAL MAC ARTHUR,0,,,AO LADO DA ESTAÇÃO ANTONIO FALCAO,,,,IMBIRIBEIRA,COLISÃO LATERAL,,1,1,0,0,0,0,0,0,0,1,0,,,,,,,,,,,,,,,,,2024328850
2024-11-30,11:48:00,COM VÍTIMA,FINALIZADA,TEJIPIO,RUA QUINZE DE NOVEMBRO,3,544,,PROX. A ESTAÇÃO COQUEIRAL,,,,TEJIPIO,COLISÃO FRONTAL,,1,1,0,0,0,0,0,0,0,1,0,,,,,,,,,,,,,,,,,2024329080
2024-11-30,12:16:00,COM VÍTIMA,FINALIZADA,CASA AMARELA,AV NORTE MIGUEL ARRAES DE ALENCAR,0,,,EM FRENTE A FARMACIA PAGUE MENOS,,,,CASA AMARELA,COLISÃO LATERAL,,1,1,0,0,0,0,0,0,0,1,0,790,CIDADE,,,,,,,,,,,,,,,2024329120
2024-11-30,12:45:00,COM VÍTIMA,FINALIZADA,IMBIRIBEIRA,AV MARECHAL MASCARENHAS DE MORAES,0,,,EM FRENTE A FERREIRA COSTA,,,,IMBIRIBEIRA,COLISÃO TRASEIRA,,1,1,0,0,0,0,0,0,0,1,0,,,,,,,,,,,,,,,,,2024329150
2024-11-30,1:42:00,COM VÍTIMA,FINALIZADA,ILHA DO RETIRO,AV ENGENHEIRO ABDIAS DE CARVALHO,0,,,EM FRENTE AO SPORT,,,,ILHA DO RETIRO,COLISÃO LATERAL,,1,1,0,0,0,0,0,0,0,2,0,,SUBURBIO,,,,,,,,,,,,,,,2024329200
2024-11-30,3:38:00,COM VÍTIMA,FINALIZADA,AFOGADOS,TRV DA AV SUL,0,,,"EM FRENTE GRANDE ORIENTE PE, SENTIDO RECIFE - PX A ESTAÇAO LARGO DA PAZ",,,,AFOGADOS,COLISÃO,,0,1,0,0,0,0,0,0,0,1,0,,,,,,,,,,,,,,,,,2024329280
2024-11-30,6:35:00,COM VÍTIMA,FINALIZADA,BOMBA DO HEMETERIO,RUA BOMBA DO HEMETERIO,0,,,ESQUINA DA FARMACIA DO TRABALHADOR,,,,BOMBA DO HEMETERIO,COLISÃO FRONTAL,,1,1,0,0,0,0,0,0,0,1,0,,,,,,,,,,,,,,,,,2024329330
2024-12-01,12:46:00,COM VÍTIMA,FINALIZADA,PARNAMIRIM,RUA TITO ROSAS,0,,,"EM FRENTE AO MAC DONALDS, APÓS O PLAZA SHOPPING",,,,PARNAMIRIM,COLISÃO,,1,0,0,1,0,0,0,0,0,1,0,,,,,,,,,,,,,,,,,2024329430
2024-12-01,7:48:00,COM VÍTIMA,FINALIZADA,MADALENA,RUA JOSE OSORIO,3,552,AV VISCONDE DE ALBUQUERQUE,PROX AO SEMÁFORO  050 E FARMACIA PAGUE MENOS,,,,MADALENA,COLISÃO,,0,1,0,0,0,0,0,0,0,1,0,,,,,,,,,,,,,,,,,2024329640
2024-12-01,11:00:00,COM VÍTIMA,FINALIZADA,CASA AMARELA,COR DO BARTOLOMEU,3,560,,PROX. A FEIRA DA RODINHA,,,,CASA AMARELA,COLISÃO,,0,1,0,0,0,0,0,0,0,1,0,,,,,,,,,,,,,,,,,2024329710
2024-12-01,11:46:00,COM VÍTIMA,FINALIZADA,JARDIM SAO PAULO,RUA MARIA DO CARMO CATUNDA,2,71,,PROX. AO SUPERMERCADO ASSAÍ // PROX.  AO BAR DA NICE,,,,JARDIM SAO PAULO,COLISÃO,,0,1,0,0,0,0,0,0,0,1,0,,,,,,,,,,,,,,,,,2024329750
2024-12-01,12:07:00,COM VÍTIMA,FINALIZADA,IBURA,AV SANTO ANTONIO,0,,,APÓS O PAGODE DO CHATOR ( IBURA DE CIMA // VILA DOS MILAGRES ),,,,IBURA,COLISÃO,,0,1,0,0,0,0,0,0,0,1,0,,,,,,,,,,,,,,,,,2024329760
2024-12-01,4:47:00,COM VÍTIMA,FINALIZADA,IMBIRIBEIRA,AV MARECHAL MASCARENHAS DE MORAES,0,,,ENTRE A TOYOTA  E A  AUTO NUNES  S/T  SUB,,,,IMBIRIBEIRA,COLISÃO COM CICLISTA,,1,0,0,1,0,0,0,0,0,1,0,,,,,,,,,,,,,,,,,2024329910
2024-12-01,9:44:00,COM VÍTIMA,FINALIZADA,ARRUDA,RUA ZEFERINO AGRA,3,363,RUA BOM CONSELHO,PROXIMO A NOVA ESPERANÇA DELICATENSSE,,,,ARRUDA,COLISÃO,,1,1,0,0,0,0,0,0,0,1,0,,,,,,,,,,,,,,,,,2024330020
2024-12-02,5:58:00,COM VÍTIMA,FINALIZADA,MACAXEIRA,RUA CARMEM,0,,,PROX. AO CAMPO DO GOGO E JB MERCEARIA,,,,MACAXEIRA,COLISÃO,,0,1,0,0,0,0,0,0,0,1,0,,,,,,,,,,,,,,,,,2024330100
2024-12-02,6:44:00,COM VÍTIMA,FINALIZADA,IPUTINGA,RUA N S DA SAUDE,0,,,PROX. AO PARQUE DE EXPOSIÇÃO E AVAC ENGENHARIA,,,,IPUTINGA,COLISÃO,,0,1,0,0,0,0,0,0,0,1,0,,,,,,,,,,,,,,,,,2024330180
2024-12-02,6:47:00,COM VÍTIMA,FINALIZADA,JIQUIA,RUA SAO MIGUEL,4,1895,,EM FRENTE A DEDEDAS BATERIAS,,,,JIQUIA,COLISÃO,,0,1,0,0,0,0,0,0,0,1,0,,,,,,,,,,,,,,,,,2024330190
2024-12-02,7:29:00,COM VÍTIMA,FINALIZADA,PINA,AV ENGENHEIRO DOMINGOS FERREIRA,3,487,,EM FRENTE AO EDF. MOURA DOUBEX //  PROX AO RECIBOM,,,,PINA,COLISÃO,,0,1,0,0,0,0,0,0,0,1,0,,,,,,,,,,,,,,,,,2024330300
2024-12-02,8:06:00,COM VÍTIMA,FINALIZADA,IBURA,AV DOIS RIOS,4,1353,,PROX AO MERCADO MR  ( IBURA DE BAIXO),,,,IBURA,COLISÃO,,0,1,0,0,0,0,0,0,0,1,0,,,,,,,,,,,,,,,,,2024330350
2024-12-02,9:07:00,COM VÍTIMA,FINALIZADA,SANTO AMARO,PTE DO LIMOEIRO,0,,,COM A RUA DA AURORA,,,,SANTO AMARO,QUEDA,,0,1,0,0,0,0,0,0,0,1,0,,CIDADE,,,,,,,,,,,,,,,2024330440
2024-12-02,11:07:00,COM VÍTIMA,FINALIZADA,BOA VISTA,AV JOAO DE BARROS,0,,,EM FRENTE AO NUCE  // PROX AO CLUBE DOS OFICIAIS,,,,BOA VISTA,COLISÃO,,0,1,0,0,0,0,0,0,0,1,0,,,,,,,,,,,,,,,,,2024330590
2024-12-02,12:13:00,COM VÍTIMA,FINALIZADA,CORDEIRO,RUA DR MIGUEL VIEIRA FERREIRA,4,1838,,SÍTIO DAS PALMEIRAS  //  EM FRENTE A PAULO FRALDAS,,,,CORDEIRO,COLISÃO,,0,1,0,0,0,0,0,0,0,1,0,,,,,,,,,,,,,,,,,2024330670
2024-12-02,12:26:00,COM VÍTIMA,FINALIZADA,ILHA JOANA BEZERRA,RUA CAPITAO TEMUDO,0,,,EM CIMA DO VIADUTO/ SENTIDO BOA VIAGEM,,,,JOANA BEZERRA,COLISÃO TRASEIRA,,1,1,0,0,0,0,0,0,0,1,0,,,,,,,,,,,,,,,,,2024330690
2024-12-02,12:43:00,COM VÍTIMA,FINALIZADA,BONGI,RUA SANTA EDWIRGES,3,255,,PRÓX. AO MIX MATHEUS,,,,BONGI,COLISÃO,,0,1,0,0,0,0,0,0,0,1,0,,,,,,,,,,,,,,,,,2024330700
2024-12-02,1:46:00,COM VÍTIMA,FINALIZADA,SAN MARTIN,RUA COMENDADOR QUEIROZ DE OLIVEIRA,0,,,NA RUA DO MOTEL FADA PROX AO CAMPO DOS CADUCOS,,,,SAN MARTIN,COLISÃO,,0,1,0,0,0,0,0,0,0,1,0,,,,,,,,,,,,,,,,,2024330800
2024-12-02,3:48:00,COM VÍTIMA,FINALIZADA,IPUTINGA,RUA LEAL DE BARROS,3,595,,PROX AO COLEGIO EXPOR A MENTE   E A CAPOTARIA NILO,,,,IPUTINGA,COLISÃO,,0,0,0,0,0,0,0,0,0,1,0,,,,,,,,,,,,,,,,,2024330940
2024-12-02,4:03:00,COM VÍTIMA,FINALIZADA,SAN MARTIN,RUA MOSSORO,2,51,,EM FRENTE AO BAR SAN BOTEQUIM,,,,SAN MARTIN,COLISÃO LATERAL,,1,1,0,0,0,0,0,0,0,1,0,,,,,,,,,,,,,,,,,2024330970
2024-12-02,4:12:00,COM VÍTIMA,FINALIZADA,MADALENA,RUA REAL DA TORRE,0,,,ANTES DO  TUNEL DA ABOLIÇAO E/F AO  COLEGIO JOAQUIM TÁVORA,,,,MADALENA,COLISÃO,,0,1,0,0,0,0,0,0,0,1,0,,,,,,,,,,,,,,,,,2024331060
2024-12-02,5:05:00,COM VÍTIMA,FINALIZADA,BOA VISTA,RUA DO HOSPICIO,3,890,,PROX AO HOSPITAL DO EXERCITO,,,,BOA VISTA,COLISÃO,,0,1,0,0,0,0,0,0,0,1,0,,,,,,,,,,,,,,,,,2024331120
2024-12-02,5:09:00,COM VÍTIMA,FINALIZADA,SANTO AMARO,AV NORTE MIGUEL ARRAES DE ALENCAR,0,,,PROX A PONTE DO LIMOEIRO  E AO INSTITUTO TAVARES BURIL,,,,SANTO AMARO,COLISÃO,,0,1,0,0,0,0,0,0,0,1,0,,,,,,,,,,,,,,,,,2024331130
2024-12-02,7:21:00,COM VÍTIMA,FINALIZADA,MADALENA,RUA BENFICA,3,650,,,,,,MADALENA,COLISÃO,,0,1,0,1,0,0,0,0,0,1,0,,,,,,,,,,,,,,,,,2024331220
2024-12-02,7:43:00,COM VÍTIMA,FINALIZADA,SAO JOSE,AV SUL,0,,RUA PADRE JOSE DE SA LEITAO,,,,,SAO JOSE,COLISÃO,,1,1,0,0,0,0,0,0,0,1,0,,,,,,,,,,,,,,,,,2024331230
2024-12-02,8:19:00,COM VÍTIMA,FINALIZADA,ILHA JOANA BEZERRA,RUA DOM PAULO II,0,,,,,,,JOANA BEZERRA,QUEDA,,0,1,0,0,0,0,0,0,0,1,0,,,,,,,,,,,,,,,,,2024331260
2024-12-03,6:25:00,COM VÍTIMA,FINALIZADA,VARZEA,RUA VALE DO SIRIJI,0,,,LADEIRA DA UR-07 VARZEA,,,,VARZEA,COLISÃO,,0,1,0,0,0,0,0,0,0,1,0,,,,,,,,,,,,,,,,,2024331470
2024-12-03,6:26:00,COM VÍTIMA,FINALIZADA,IPUTINGA,RUA REZENDE,0,,RUA MIGUEL LEAO,"EM FRENTE AO ARMAZEM  ESQUINA DA CONSTRUÇÃO, NA AV NOVA QUE DA ACESSO AO CORDEIRO",,,,IPUTINGA,COLISÃO COM CICLISTA,,2,0,0,1,0,0,0,0,0,1,0,,,,,,,,,,,,,,,,,2024331480
2024-12-03,6:51:00,COM VÍTIMA,FINALIZADA,AFOGADOS,RUA PADRE TEOFILO TWORZ,0,,,EM FRENTE A LOJA TUPAN,,,,AFOGADOS,COLISÃO,,0,1,0,0,0,0,0,0,0,1,0,,,,,,,,,,,,,,,,,2024331510