data,hora,natureza_acidente,situacao,bairro,endereco,,numero,detalhe_endereco_acidente,complemento,endereco_cruzamento,numero_cruzamento,referencia_cruzamento,bairro_cruzamento,tipo,descricao,auto,moto,ciclom,ciclista,pedestre,onibus,caminhao,viatura,outros,vitimas,vitimasfatais,num_semaforo,sentido_via,acidente_verificado,tempo_clima,situacao_semaforo,sinalizacao,condicao_via,conservacao_via,ponto_controle,situacao_placa,velocidade_max_via,mao_direcao,divisao_via1,divisao_via2,divisao_via3,_id,Protocolo
2024-12-24,6:59:00,COM VÍTIMA,FINALIZADA,NOVA DESCOBERTA,RUA DOIS DE FEVEREIRO,3,431,,EM FRENTE A LUCAS ADESIVOS,,,,NOVA DESCOBERTA,COLISÃO,,1,1,0,0,0,0,0,0,0,1,0,,,,,,,,,,,,,,,,,2024354380
2024-12-24,8:54:00,COM VÍTIMA,FINALIZADA,TOTO,AV LIBERDADE,4,1293,,"PROX ANTIGA DELEGACIA, ENTRADA DO PLANETA DOS MACACOS",,,,TOTO,COLISÃO,,0,1,0,0,0,0,0,0,0,1,0,,,,,,,,,,,,,,,,,2024354490
2024-12-24,10:00:00,COM VÍTIMA,FINALIZADA,IMBIRIBEIRA,VDO PRESIDENTE TANCREDO NEVES,0,,,POSTO PETROBRAS,,,,IMBIRIBEIRA,COLISÃO LATERAL,,0,2,0,0,0,0,0,0,0,2,0,,BOA VIAGEM,,,,,,,,,,,,,,,2024354540
2024-12-24,12:49:00,COM VÍTIMA,FINALIZADA,DOIS UNIDOS,AV HILDEBRANDO DE VASCONCELOS,4,1504,,EM FRENTE AO NOVO ATACAREJO,,,,DOIS UNIDOS,COLISÃO,,0,1,0,0,0,0,0,0,0,1,0,,,,,,,,,,,,,,,,,2024354630
2024-12-24,12:58:00,COM VÍTIMA,FINALIZADA,AREIAS,AV DR JOSE RUFINO,4,2595,RUA IPOJUCA,EM FRENTE A IGREJA PRESBITERIANA,,,,AREIAS,COLISÃO FRONTAL,,1,1,0,0,0,0,0,0,0,1,0,,,,,,,,,,,,,,,,,2024354640
2024-12-24,1:01:00,COM VÍTIMA,FINALIZADA,IMBIRIBEIRA,AV MARECHAL MASCARENHAS DE MORAES,0,,,APÓS O SAM´S CLUBE/ SENTIDO AEROPORTO,,,,IMBIRIBEIRA,COLISÃO,,0,1,0,0,0,0,0,0,0,1,0,,,,,,,,,,,,,,,,,2024354650
2024-12-24,1:08:00,COM VÍTIMA,FINALIZADA,SANTO AMARO,RUA JOAO LIRA,0,,,ESCOLA SIZENANDO SILVEIRA E O IEP,,,,SANTO AMARO,COLISÃO LATERAL,,1,1,0,0,0,0,0,0,0,1,0,,,,,,,,,,,,,,,,,2024354660
2024-12-24,2:19:00,COM VÍTIMA,FINALIZADA,BOA VIAGEM,RUA PROFESSOR AUGUSTO LINS E SILVA,3,364,,PROX AO PARQUE DONA LINDU,,,,BOA VIAGEM,COLISÃO,,0,1,0,0,0,0,0,0,0,1,0,,,,,,,,,,,,,,,,,2024354690
2024-12-24,2:20:00,COM VÍTIMA,FINALIZADA,IPUTINGA,RUA JOSE TRIGUEIRO,3,157,,PROX A RECIFERRO // OFICIINA UNIAO,,,,IPUTINGA,COLISÃO,,0,1,0,0,0,0,0,0,0,1,0,,,,,,,,,,,,,,,,,2024354700
2024-12-24,3:57:00,COM VÍTIMA,FINALIZADA,MADALENA,EST DOS REMEDIOS,0,,AV JOSE GONCALVES DE MEDEIROS,SEMÁFORO 353,,,,MADALENA,COLISÃO LATERAL,,1,1,0,0,0,0,0,0,0,1,0,,,,,,,,,,,,,,,,,2024354740
2024-12-24,5:09:00,COM VÍTIMA,FINALIZADA,CASA AMARELA,RUA CONS PERETTI,3,270,,PROXIMO AO EDIFICIO MORADA PAULA BATISTA,,,,CASA AMARELA,COLISÃO LATERAL,,0,1,0,0,0,1,0,0,0,1,0,,,,,,,,,,,,,,,,,2024354780
2024-12-24,6:05:00,COM VÍTIMA,FINALIZADA,CORDEIRO,RUA HONORIO CORREIA,3,146,,EM FRENTE AO SUPERMERCADO LEÃO,,,,CORDEIRO,COLISÃO,,0,1,0,0,0,0,0,0,0,1,0,,,,,,,,,,,,,,,,,2024354810
2024-12-24,7:36:00,COM VÍTIMA,FINALIZADA,AFOGADOS,RUA QUITERIO INACIO DE MELLO,3,260,,ANTES DA PONTE MOTOCOLOMBÓ,,,,AFOGADOS,COLISÃO,,1,1,0,0,0,0,0,0,0,1,0,,,,,,,,,,,,,,,,,2024354830
2024-12-24,8:56:00,COM VÍTIMA,FINALIZADA,VASCO DA GAMA,RUA VASCO DA GAMA,0,,,PRÓXIMO A PADARIA RAINHA DO VASCO,,,,VASCO DA GAMA,COLISÃO FRONTAL,,1,1,0,0,0,0,0,0,0,2,0,,,,,,,,,,,,,,,,,2024354910
2024-12-24,9:56:00,COM VÍTIMA,FINALIZADA,IMBIRIBEIRA,AV MARECHAL MASCARENHAS DE MORAES,0,,,EM FRENTE AO IBIS HOTEL,,,,IMBIRIBEIRA,QUEDA,,0,1,0,0,0,0,0,0,0,1,0,,,,,,,,,,,,,,,,,2024355010
2024-12-25,1:28:00,COM VÍTIMA,FINALIZADA,BOA VIAGEM,RUA DEZ DE JULHO,0,,RUA WALDEMAR NERY CARNEIRO MONTEIRO,PERTO DO NÚMERO 265,,,,BOA VIAGEM,COLISÃO LATERAL,,1,1,0,0,0,0,0,0,0,1,0,5730,,,,,,,,,,,,,,,,2024355180
2024-12-25,6:23:00,COM VÍTIMA,FINALIZADA,PASSARINHO,AV NORTE MIGUEL ARRAES DE ALENCAR,0,,,EM FRENTE AO POSTO OPERA ENEGY,,,,PASSARINHO,COLISÃO,,0,1,0,0,0,0,0,0,0,1,0,,,,,,,,,,,,,,,,,2024355330
2024-12-25,6:24:00,COM VÍTIMA,FINALIZADA,IBURA,AV SANTA FE,0,,,UR2 PROX AO TERMINAL /,,,,IBURA,COLISÃO,,0,1,0,0,0,0,0,0,0,1,0,,,,,,,,,,,,,,,,,2024355340
2024-12-25,8:16:00,COM VÍTIMA,FINALIZADA,IBURA,RUA SANTA LEOPOLDINA,0,,,"IBURA DE BAIXO - PROX A PADARIA CRISTI REI , NA MESMA RUA DO POSTO SHELL SUBINDO",,,,IBURA,COLISÃO,,0,1,0,0,0,0,0,0,0,1,0,,,,,,,,,,,,,,,,,2024355350
2024-12-25,8:19:00,COM VÍTIMA,FINALIZADA,ILHA DO LEITE,AV GOVERNADOR AGAMENON MAGALHAES,0,,,EM FRENTE A CAIXA ECONOMICA SENTIDO OLINDA PROX AO HOSPITAL PORTUGUES,,,,ILHA DO LEITE,COLISÃO,,1,1,0,0,0,0,0,0,0,1,0,,,,,,,,,,,,,,,,,2024355360
2024-12-25,9:19:00,COM VÍTIMA,FINALIZADA,IMBIRIBEIRA,RUA GONCALVES DE MAGALHAES,0,,,PROX AO NUMERO 24 // APOS A AERONAUTICA,,,,IMBIRIBEIRA,COLISÃO,,0,1,0,0,0,0,0,0,0,1,0,,,,,,,,,,,,,,,,,2024355380
2024-12-25,10:03:00,COM VÍTIMA,FINALIZADA,JORDAO,AV MARIA IRENE,0,,,PROX AO POSTO DE COMBUSTIVEL TJ JORDAO,,,,JORDAO,COLISÃO,,1,1,0,0,0,0,0,0,0,1,0,,,,,,,,,,,,,,,,,2024355390
2024-12-25,1:29:00,COM VÍTIMA,FINALIZADA,AGUA FRIA,AV BEBERIBE,0,,,EM FRENTE A FEIRA NOVA DE ÁGUA FRIA,,,,AGUA FRIA,COLISÃO,,0,1,0,0,0,0,0,0,0,1,0,,,,,,,,,,,,,,,,,2024355430
2024-12-25,5:01:00,COM VÍTIMA,FINALIZADA,SANTO AMARO,AV GOVERNADOR AGAMENON MAGALHAES,0,,,SENTIDO OLINDA / APOS O VIADUTO DA AV NORTE,,,,SANTO AMARO,COLISÃO TRASEIRA,,1,1,0,0,0,0,0,0,0,1,0,3780,,,,,,,,,,,,,,,,2024355520
2024-12-25,6:02:00,COM VÍTIMA,FINALIZADA,MADALENA,RUA BENFICA,0,,,PROX AO CLUBE INTERNACIONAL,,,,MADALENA,COLISÃO LATERAL,,1,1,0,0,0,0,0,0,0,1,0,,,,,,,,,,,,,,,,,2024355550
2024-12-25,6:29:00,COM VÍTIMA,FINALIZADA,CAMPO GRANDE,RUA JERONIMO VILELA,3,335,,PX CLUBE DAS PAZ,,,,CAMPO GRANDE,COLISÃO,,0,1,0,0,0,0,0,0,0,1,0,,,,,,,,,,,,,,,,,2024355560
2024-12-25,8:04:00,COM VÍTIMA,FINALIZADA,BOA VIAGEM,AV ENGENHEIRO DOMINGOS FERREIRA,0,,,EM FRENTE AO CLINICAL CENTER,,,,BOA VIAGEM,COLISÃO,,1,0,0,1,0,0,0,0,0,1,0,,,,,,,,,,,,,,,,,2024355580
2024-12-26,12:48:00,COM VÍTIMA,FINALIZADA,IPSEP,AV RECIFE,0,,,ENTRADA DO IBURA NA FRENTE DA LOJA DA HONDA,,,,IPSEP,COLISÃO,,1,1,0,0,0,0,0,0,0,1,0,,,,,,,,,,,,,,,,,2024355640
2024-12-26,8:27:00,COM VÍTIMA,FINALIZADA,JORDAO,AV MARIA IRENE,4,1896,,"( JORDÃO BAIXO ), EM FRENTE A PIZZARIA 145, PRÓX. A ACADEMIA  SELFIT",,,,JORDAO,COLISÃO,,0,1,0,0,0,0,0,0,0,1,0,,,,,,,,,,,,,,,,,2024355840
2024-12-26,8:40:00,COM VÍTIMA,FINALIZADA,PINA,AV ANTONIO DE GOES,4,1314,,"PRÓX. AO BLINDADO BOM JESUS ( BLINDAGEM DE CARROS ) ,PRÓX. A LOJA DA SAMSUNG",,,,PINA,COLISÃO,,0,1,0,0,0,0,0,0,0,1,0,,,,,,,,,,,,,,,,,2024355890
2024-12-26,9:09:00,COM VÍTIMA,FINALIZADA,SAO JOSE,AV MARTINS DE BARROS,0,,,"PROX. A PRAÇA SERGIO LORETO, EM FRENTE A J.A FRIO REFRIGERAÇÃO",,,,SAO JOSE,COLISÃO,,0,1,0,0,0,0,0,0,0,1,0,,,,,,,,,,,,,,,,,2024355910
2024-12-26,9:39:00,COM VÍTIMA,FINALIZADA,JORDAO,AV CENTENARIO ALBERTO SANTOS DUMONT,0,,,"EM FRENTE A BASE AEREA , AO LADO DO TUNEL FELIPE CAMARAO",,,,JORDAO,COLISÃO,,0,1,0,0,0,0,0,0,0,1,0,,,,,,,,,,,,,,,,,2024355980
2024-12-26,9:39:00,COM VÍTIMA,FINALIZADA,ESPINHEIRO,RUA DO ESPINHEIRO,3,230,,EM FRENTE A GALERIA ESPINHEIRO,,,,ESPINHEIRO,COLISÃO,,0,1,0,0,0,0,0,0,0,1,0,,,,,,,,,,,,,,,,,2024355990
2024-12-26,1:31:00,COM VÍTIMA,FINALIZADA,ILHA JOANA BEZERRA,PTE JOSE DE BARROS LIMA,0,,,COLISAO SOBRE O VIADUTO AO LADO DO FORUM,,,,JOANA BEZERRA,COLISÃO TRASEIRA,,1,0,0,0,0,0,0,0,0,1,0,,,,,,,,,,,,,,,,,2024356170
2024-12-26,1:47:00,COM VÍTIMA,FINALIZADA,AREIAS,RUA IPOJUCA,4,1020,,EM FRENTE AO MERCADINHO POPULAR,,,,AREIAS,COLISÃO,,0,1,0,0,0,0,0,0,0,1,0,,,,,,,,,,,,,,,,,2024356180
2024-12-26,1:53:00,COM VÍTIMA,FINALIZADA,NOVA DESCOBERTA,AV VEREADOR OTACILIO AZEVEDO,0,,,EM FRENTE AO ATACAREJO BELO DIA,,,,NOVA DESCOBERTA,COLISÃO,,0,1,0,0,0,0,0,0,0,1,0,,,,,,,,,,,,,,,,,2024356200
2024-12-27,8:43:00,COM VÍTIMA,FINALIZADA,CASA FORTE,RUA NESTOR SILVA,0,,RUA AFONSO DE ALBUQUERQUE MELO,POR TRAS DA RUA DO MIX MATHEUS,,,,CASA FORTE,CAPOTAMENTO,,1,0,0,0,0,0,0,0,0,1,0,,,,,,,,,,,,,,,,,2024356730
2024-12-27,9:39:00,COM VÍTIMA,FINALIZADA,SAO JOSE,AV MARTINS DE BARROS,0,,,FÓRUM THOMAZ DE AQUINO,,,,SAO JOSE,COLISÃO,,1,1,0,0,0,0,0,0,0,1,0,,,,,,,,,,,,,,,,,2024356780
2024-12-27,11:17:00,COM VÍTIMA,FINALIZADA,BOA VIAGEM,AV CONSELHEIRO AGUIAR,0,,,"EM FRENTE AO EMPORIO DA LUZ, BOUTIQUE DA CARNE",,,,BOA VIAGEM,COLISÃO,,0,1,0,0,0,0,0,0,0,1,0,,,,,,,,,,,,,,,,,2024356880
2024-12-27,12:30:00,COM VÍTIMA,FINALIZADA,IMBIRIBEIRA,AV MARECHAL MASCARENHAS DE MORAES,2,50,,"PROX. AO VIADUTO TANCREDO NEVES,  EM FRENTE A EMPRESA GDTU",,,,IMBIRIBEIRA,COLISÃO,,0,1,0,0,0,0,0,0,0,1,0,,,,,,,,,,,,,,,,,2024356950
2024-12-27,12:33:00,COM VÍTIMA,FINALIZADA,IMBIRIBEIRA,AV GENERAL MAC ARTHUR,3,376,,PROX A ESTAÇÃO DE METRO ANTONIO FALCÃO,,,,IMBIRIBEIRA,COLISÃO,,0,1,0,0,0,0,0,0,0,1,0,,,,,,,,,,,,,,,,,2024356960
2024-12-27,12:48:00,COM VÍTIMA,FINALIZADA,SANTO AMARO,AV GOVERNADOR AGAMENON MAGALHAES,0,,,EM FRENTE AO MINISTERIO PUBLICO FEDERAL / SENTIDO DERBY,,,,SANTO AMARO,COLISÃO LATERAL,,1,1,0,0,0,0,0,0,0,1,0,,,,,,,,,,,,,,,,,2024356980
2024-12-27,12:56:00,COM VÍTIMA,FINALIZADA,BOA VIAGEM,RUA DES JOAO PAES,0,,,NA ESQUINA DA FARMACIA DROGASIL,,,,BOA VIAGEM,COLISÃO,,2,0,0,0,0,0,0,0,0,1,0,,,,,,,,,,,,,,,,,2024357010
2024-12-27,1:01:00,COM VÍTIMA,FINALIZADA,SAN MARTIN,AV GENERAL SAN MARTIN,3,910,,E/F AOS CORREIOS,,,,SAN MARTIN,COLISÃO LATERAL,,1,1,0,0,0,0,0,0,0,1,0,,,,,,,,,,,,,,,,,2024357020
2024-12-27,1:08:00,COM VÍTIMA,FINALIZADA,TEJIPIO,RUA APRIGIO GUIMARAES,3,489,,EM FRENTE A FABRICA PADARIA,,,,TEJIPIO,COLISÃO LATERAL,,1,1,0,0,0,0,0,0,0,1,0,,,,,,,,,,,,,,,,,2024357030
2024-12-27,1:56:00,COM VÍTIMA,FINALIZADA,ILHA JOANA BEZERRA,RUA CAPITAO TEMUDO,0,,,SENTIDO OLINDA PROX AO CABANGA,,,,JOANA BEZERRA,COLISÃO,,0,1,0,0,0,0,0,0,0,1,0,,,,,,,,,,,,,,,,,2024357060
2024-12-27,2:35:00,COM VÍTIMA,FINALIZADA,SAO JOSE,C SANTA RITA,0,,,POSTO IPIRANGA,,,,SAO JOSE,COLISÃO,,1,1,0,0,0,0,0,0,0,1,0,,,,,,,,,,,,,,,,,2024357080
2024-12-27,3:29:00,COM VÍTIMA,FINALIZADA,CORDEIRO,AV INACIO MONTEIRO,0,,,PX AO INTERIOR RESTAURANTE BAR,,,,CORDEIRO,COLISÃO,,0,1,0,0,0,0,0,0,0,1,0,,,,,,,,,,,,,,,,,2024357100
2024-12-27,3:30:00,COM VÍTIMA,FINALIZADA,BARRO,AV DR JOSE RUFINO,4,3486,,EM CIMA DO VIADUTO // PROX AO LAVA JATO TREVO,,,,BARRO,COLISÃO FRONTAL,,1,1,0,0,0,0,0,0,0,1,0,,,,,,,,,,,,,,,,,2024357110
2024-12-27,4:01:00,COM VÍTIMA,FINALIZADA,CASA AMARELA,RUA OSCAR DE BARROS,3,263,RUA CONS PERETTI,PROX AO SERPE,,,,CASA AMARELA,COLISÃO LATERAL,,1,1,0,0,0,0,0,0,0,1,0,,,,,,,,,,,,,,,,,2024357130
2024-12-27,4:32:00,COM VÍTIMA,FINALIZADA,SANTO AMARO,AV CRUZ CABUGA,0,,,PROX AO SHOPPING TACARUNA SENTIDO OLINDA,,,,SANTO AMARO,COLISÃO,,0,1,0,0,0,0,0,0,0,1,0,,,,,,,,,,,,,,,,,2024357160
2024-12-27,5:21:00,COM VÍTIMA,FINALIZADA,TORROES,AV ENGENHEIRO ABDIAS DE CARVALHO,0,,,DLP / POSTO DE GASOLINA PETROBRAS / APOS A UPA,,,,TORROES,COLISÃO,,0,1,0,0,0,0,0,0,0,1,0,,,,,,,,,,,,,,,,,2024357220
2024-12-27,7:59:00,COM VÍTIMA,FINALIZADA,PAISSANDU,AV GOVERNADOR AGAMENON MAGALHAES,0,,,E/F AO HOSPITAL PORTUGUES,,,,PAISSANDU,COLISÃO LATERAL,,1,1,0,0,0,0,0,0,0,1,0,,,,,,,,,,,,,,,,,2024357280
2024-12-27,10:42:00,COM VÍTIMA,FINALIZADA,BONGI,EST DO BONGI,3,336,,EM FRENTE TB FORTE TRANSPORTE DE VALORES,,,,BONGI,COLISÃO,,1,1,0,0,0,0,0,0,0,1,0,,,,,,,,,,,,,,,,,2024357380
2024-12-27,11:49:00,COM VÍTIMA,FINALIZADA,BOA VIAGEM,RUA VISCONDE DE JEQUITINHONHA,0,,,EM FRENTE AO RESTAURANTE PONTEIO,,,,BOA VIAGEM,ATROPELAMENTO DE PESSOA,,1,0,0,0,1,0,0,0,0,1,0,,,,,,,,,,,,,,,,,2024357400
2024-12-28,7:14:00,COM VÍTIMA,FINALIZADA,GUABIRABA,EST DA MUMBECA,0,,,PX. A ENTRADA DE BOLA NA REDE E PRÓX A DISTRUBUIDORA DE ÁGUA MINERAL,,,,GUABIRABA,COLISÃO,,0,0,0,0,0,1,1,0,0,1,0,,,,,,,,,,,,,,,,,2024357580
2024-12-28,10:46:00,COM VÍTIMA,FINALIZADA,ESPINHEIRO,RUA QUARENTA E OITO,0,,RUA CARNEIRO VILELA,,,,,ESPINHEIRO,COLISÃO LATERAL,,0,0,0,0,0,0,0,0,0,1,0,,,,,,,,,,,,,,,,,2024357710
2024-12-28,1:48:00,COM VÍTIMA,FINALIZADA,VARZEA,AV BARAO DE BONITO,0,,,PROX A TRAMONTINA,,,,VARZEA,COLISÃO LATERAL,,2,0,0,0,0,0,0,0,0,1,0,,,,,,,,,,,,,,,,,2024357830
2024-12-28,1:50:00,COM VÍTIMA,FINALIZADA,NOVA DESCOBERTA,COR DO ARCANJO,3,152,,PROX A ESCOLA MUNICIPAL PEDRINHO,,,,NOVA DESCOBERTA,COLISÃO,,0,1,0,0,0,0,0,0,0,1,0,,,,,,,,,,,,,,,,,2024357840
2024-12-28,2:57:00,COM VÍTIMA,FINALIZADA,RECIFE,RUA SIQUEIRA CAMPOS,0,,AV MARTINS DE BARROS,PRÓX AO SANTANDER,,,,BAIRRO DO RECIFE,COLISÃO,,0,1,0,0,0,0,0,0,0,2,0,,,,,,,,,,,,,,,,,2024357970
2024-12-28,3:50:00,COM VÍTIMA,FINALIZADA,CASA FORTE,AV DEZESSETE DE AGOSTO,4,1390,,PROX AO BAR REAL - PROX AO VERDEFRUT,,,,CASA FORTE,COLISÃO FRONTAL,,1,1,0,0,0,0,0,0,0,1,0,,,,,,,,,,,,,,,,,2024358020
2024-12-28,7:27:00,COM VÍTIMA,FINALIZADA,BOA VIAGEM,AV CONSELHEIRO AGUIAR,0,,RUA ANTONIO FALCAO,,,,,BOA VIAGEM,COLISÃO,,0,2,0,0,0,0,0,0,0,1,0,,,,,,,,,,,,,,,,,2024358100
2024-12-28,11:39:00,COM VÍTIMA,FINALIZADA,IBURA,AV RECIFE,0,,AV DOM HELDER CAMARA,ENTRADA DO IBURA,,,,IBURA,COLISÃO LATERAL,,1,2,0,0,0,0,0,0,0,2,0,,,,,,,,,,,,,,,,,2024358280
2024-12-28,11:57:00,COM VÍTIMA,FINALIZADA,GRACAS,RUA CARDEAL ARCOVERDE,0,,RUA GERVASIO FIORAVANTE,,,,,GRACAS,COLISÃO FRONTAL,,2,0,0,0,0,0,0,0,0,1,0,,,,,,,,,,,,,,,,,2024358320
2024-12-29,7:09:00,COM VÍTIMA,FINALIZADA,CASA FORTE,EST DO ENCANAMENTO,0,,,"EM FRENTE AO COLEGIO JOSE VILELA,  PROX. AO SITIO DA TRINDADE",,,,CASA FORTE,COLISÃO,,0,1,0,0,0,1,0,0,0,2,0,,,,,,,,,,,,,,,,,2024358510
2024-12-29,7:42:00,VÍTIMA FATAL,FINALIZADA,BOA VIAGEM,AV ENGENHEIRO DOMINGOS FERREIRA,0,,,"PROX. AO CLINICAL CENTER,  EM FRENTE AO EMPRESARIAL DOMINGOS FERREIRA",,,,BOA VIAGEM,COLISÃO,,0,1,0,0,0,0,0,0,0,1,2,,,,,,,,,,,,,,,,,2024358520
2024-12-29,9:29:00,COM VÍTIMA,FINALIZADA,IMBIRIBEIRA,AV MARECHAL MASCARENHAS DE MORAES,0,,,"EM FRENTE A FERREIRA COSTA , SENTIDO CIDADE",,,,IMBIRIBEIRA,COLISÃO LATERAL,,1,0,0,1,0,0,0,0,0,1,0,,,,,,,,,,,,,,,,,2024358550
2024-12-29,10:58:00,COM VÍTIMA,FINALIZADA,DERBY,AV GOVERNADOR AGAMENON MAGALHAES,0,,,PROX. AO COLEGIO AMERICANO BATISTA,,,,DERBY,COLISÃO,,0,1,0,0,0,0,0,0,0,1,0,,,,,,,,,,,,,,,,,2024358560
2024-12-29,11:28:00,COM VÍTIMA,FINALIZADA,SANTO AMARO,AV GOVERNADOR AGAMENON MAGALHAES,2,SN,,"PROX A IGREJA  DO SÉTIMO DIA , PROX AO HOSPITAL INFANTIL HAP VIDA MANDACARU",,,,SANTO AMARO,COLISÃO,,0,1,0,0,0,0,0,0,0,1,0,,,,,,,,,,,,,,,,,2024358570
2024-12-29,2:12:00,COM VÍTIMA,FINALIZADA,ESTANCIA,AV RECIFE,0,,,E/F AO POSTO SHEL  S/T BR,,,,ESTANCIA,COLISÃO FRONTAL,,1,1,0,0,0,0,0,0,0,1,0,,,,,,,,,,,,,,,,,2024358660
2024-12-29,2:46:00,COM VÍTIMA,FINALIZADA,BOA VIAGEM,AV ENGENHEIRO DOMINGOS FERREIRA,4,2600,,EM FRENTE A FARMACIA INDEPENDENTE,,,,BOA VIAGEM,COLISÃO LATERAL,,1,1,0,0,0,0,0,0,0,1,0,,,,,,,,,,,,,,,,,2024358670
2024-12-29,8:34:00,COM VÍTIMA,FINALIZADA,MANGUEIRA,RUA DR JOAO ELISIO,0,,,LANCHONETE MEGA LANCHE,,,,MANGUEIRA,QUEDA,,0,1,0,0,0,0,0,0,0,1,0,,SUBURBIO,,,,,,,,,,,,,,,2024358930
2024-12-29,9:47:00,COM VÍTIMA,FINALIZADA,BOA VIAGEM,AV BOA VIAGEM,4,5212,,ED. TRANSATLANTICO,,,,BOA VIAGEM,COLISÃO,,1,1,0,0,0,0,0,0,0,1,0,,,,,,,,,,,,,,,,,2024359000
2024-12-30,8:32:00,COM VÍTIMA,FINALIZADA,JORDAO,AV MARIA IRENE,0,,,PROX. A PRAÇA DO JORDAO BAIXO E POSTO DE GASOLINA,,,,JORDAO,COLISÃO,,0,1,0,0,0,0,0,0,0,1,0,,,,,,,,,,,,,,,,,2024359270
2024-12-30,8:41:00,COM VÍTIMA,FINALIZADA,PINA,AV ANTONIO DE GOES,3,158,,"NA PONTE DO PINA ( SENTIDO OLINDA ) , PRÓX. AO RADAR  ( ANTES DO CABANGA IATE CLUB )",,,,PINA,COLISÃO,,0,1,0,0,0,0,0,0,0,1,0,,,,,,,,,,,,,,,,,2024359280
2024-12-30,9:34:00,COM VÍTIMA,FINALIZADA,AFOGADOS,AV DR JOSE RUFINO,3,472,,PROX AO MOTEL PREMIO / ANTES DO COLEGIO VIASÃO,,,,AFOGADOS,COLISÃO,,1,1,0,0,0,0,0,0,0,1,0,,,,,,,,,,,,,,,,,2024359340
2024-12-30,12:57:00,COM VÍTIMA,FINALIZADA,GRACAS,RUA CONFEDERACAO DO EQUADOR,3,208,,EM FRENTE A CASA DOS FRIOS,,,,GRACAS,COLISÃO,,0,1,0,0,0,0,0,0,0,1,0,,,,,,,,,,,,,,,,,2024359460
2024-12-30,1:12:00,COM VÍTIMA,FINALIZADA,CASA FORTE,RUA LEONARDO BEZERRA CAVALCANTE,3,766,,EM RENTE AO SALAO DE BELEZA BELAS ARTES,,,,CASA FORTE,COLISÃO LATERAL,,1,1,0,0,0,0,0,0,0,1,0,,,,,,,,,,,,,,,,,2024359500
2024-12-30,2:49:00,COM VÍTIMA,FINALIZADA,AGUA FRIA,RUA SAO BENTO,4,2446,,E/F A FARMACIA DROGASIL,,,,AGUA FRIA,COLISÃO LATERAL,,1,1,0,0,0,0,0,0,0,1,0,,,,,,,,,,,,,,,,,2024359570
2024-12-30,3:11:00,COM VÍTIMA,FINALIZADA,AFLITOS,RUA DES MARTINS PEREIRA,3,267,,PROX AO SEGUNDO BOMPREÇO DA ROSA E SILVA,,,,AFLITOS,COLISÃO,,0,0,0,0,0,0,0,0,0,1,0,,,,,,,,,,,,,,,,,2024359610
2024-12-30,3:49:00,COM VÍTIMA,FINALIZADA,FUNDAO,AV BEBERIBE,4,2680,,EM FRENTE NÓS EQUIPADORA,,,,FUNDAO,COLISÃO LATERAL,,1,1,0,0,0,0,0,0,0,2,0,,,,,,,,,,,,,,,,,2024359640
2024-12-30,11:42:00,COM VÍTIMA,FINALIZADA,IMBIRIBEIRA,RUA JAMAICA,3,130,,PROXIMO A ALARM CERTER,,,,IMBIRIBEIRA,COLISÃO TRANSVERSAL,,0,1,0,0,0,1,0,0,0,2,0,,,,,,,,,,,,,,,,,2024359860
2024-12-31,11:39:00,COM VÍTIMA,FINALIZADA,RECIFE,C DO APOLO,0,,,"RECIFE ANTIGO, EM FRENTE AO TRIBUNAL REGIONAL, E POLICIA FEDERAL",,,,BAIRRO DO RECIFE,COLISÃO,,0,2,0,0,0,0,0,0,0,1,0,,,,,,,,,,,,,,,,,2024360110
2024-12-31,1:15:00,COM VÍTIMA,FINALIZADA,PINA,AV CELSO FURTADO,0,,,PROX AS TRES TORRES DA QUEIROZ GALVÃO,,,,PINA,COLISÃO TRASEIRA,,2,1,0,0,0,0,0,0,0,1,0,,,,,,,,,,,,,,,,,2024360210
2024-12-31,1:34:00,COM VÍTIMA,FINALIZADA,ILHA DO LEITE,RUA FRANCISCO ALVES,3,552,,AO LADO DO HOSPITAL ESPERANÇA,,,,ILHA DO LEITE,COLISÃO,,0,1,0,0,0,0,0,0,0,1,0,,,,,,,,,,,,,,,,,2024360220
2024-12-31,2:33:00,COM VÍTIMA,FINALIZADA,SANTO AMARO,AV GOVERNADOR AGAMENON MAGALHAES,0,,,E/F A UPE APOS O VIADUTO DA JOAO DE BARROS,,,,SANTO AMARO,COLISÃO,,0,1,0,0,0,0,0,0,0,1,0,,,,,,,,,,,,,,,,,2024360260
2024-12-31,3:18:00,COM VÍTIMA,FINALIZADA,DERBY,RUA HENRIQUE DIAS,4,4868,,E/F AO COLEGIO MILITAR  AO LADO  DA FUNDAÇAO JOAQUIM NABUCO,,,,DERBY,COLISÃO,,0,1,0,0,0,0,0,0,0,1,0,,,,,,,,,,,,,,,,,2024360310
2024-12-31,3:18:00,COM VÍTIMA,FINALIZADA,ENCRUZILHADA,EST DE BELEM,3,119,,PROX A  QUITANDARIA,,,,ENCRUZILHADA,COLISÃO,,0,1,0,0,0,0,0,0,0,1,0,,,,,,,,,,,,,,,,,2024360320
2024-12-31,3:18:00,COM VÍTIMA,FINALIZADA,PINA,AV ANTONIO DE GOES,3,740,,ANTES DO CABANGA IATE CLUBE,,,,PINA,COLISÃO,,0,1,0,0,0,0,0,0,0,1,0,,,,,,,,,,,,,,,,,2024360330
2024-12-31,3:34:00,COM VÍTIMA,FINALIZADA,DOIS IRMAOS,RUA MANUEL DE MEDEIROS,0,,,PROX AO LAFEPE EO  ZOOLOGICO DE DOIS IRMÃOS,,,,DOIS IRMAOS,COLISÃO,,0,0,0,0,0,0,0,0,0,1,0,,,,,,,,,,,,,,,,,2024360340
2024-12-31,3:40:00,COM VÍTIMA,FINALIZADA,ILHA DO RETIRO,RUA SPORT CLUBE DO RECIFE,3,141,,E/F AO CLUBE DO SPORT,,,,ILHA DO RETIRO,COLISÃO,,0,1,0,0,0,0,0,0,0,1,0,,,,,,,,,,,,,,,,,2024360360
2024-12-31,3:47:00,COM VÍTIMA,FINALIZADA,APIPUCOS,RUA DE APIPUCOS,3,998,,E/F AO  EDF ILHA SARDENHA  EO COLEGIO SILVA JARDINS,,,,APIPUCOS,COLISÃO,,1,0,0,0,0,0,0,0,0,1,0,,,,,,,,,,,,,,,,,2024360380
2024-12-31,7:37:00,COM VÍTIMA,FINALIZADA,SANTO AMARO,AV CRUZ CABUGA,0,,,AO LADO DO HOSPITAL DO CÂNCER,,,,SANTO AMARO,COLISÃO,,1,1,0,0,0,0,0,0,0,1,0,,CIDADE,,,,,,,,,,,,,,,2024360510
2024-12-31,10:39:00,COM VÍTIMA,FINALIZADA,BOA VIAGEM,AV SATURNINO DE BRITO,0,,,,,,,BOA VIAGEM,COLISÃO,,0,0,0,0,0,0,0,0,0,1,0,,,,,,,,,,,,,,,,,2024360700